Num_Acc,an,mois,jour,hrmn,lum,agg,int,atm,col,com,gps,lat,long,dep
201400000670,14,1,10,1100,1,1,1,1.0,1,76664,M,4978970.0,65053.0,76
201400000671,14,3,8,1515,1,2,1,1.0,3,76176,M,4978573.0,63097.0,76
201400000672,14,3,20,1830,1,2,1,1.0,3,76015,M,4982911.0,79005.0,76
201400000673,14,5,5,1730,1,1,2,1.0,3,76151,M,4983193.0,73640.0,76
201400000674,14,5,17,900,1,1,9,1.0,7,76375,M,4984694.0,67693.0,76
201400000675,14,5,22,1045,1,1,2,1.0,3,76159,M,4977067.0,60810.0,76
201400000676,14,6,29,1700,1,1,2,1.0,6,76480,M,4979152.0,68207.0,76
201400000677,14,8,30,900,1,1,2,8.0,3,76159,M,4977068.0,60809.0,76
201400000678,14,9,12,745,1,1,1,5.0,7,76655,M,4985219.0,72763.0,76
201400000679,14,11,28,1815,5,2,4,1.0,3,76735,M,4986856.0,79869.0,76
201400000680,14,5,28,1000,1,1,1,1.0,7,76183,M,4974463.0,47248.0,76
201400000681,14,8,24,1700,1,1,1,1.0,3,76587,M,4977556.0,45843.0,76
201400000682,14,2,11,1715,1,1,1,2.0,1,76253,M,4967929.0,79888.0,76
201400000683,14,2,15,1100,1,2,1,1.0,3,76219,M,4972380.0,78828.0,76
201400000684,14,6,11,1530,1,1,1,1.0,7,27390,M,4850400.0,110500.0,27
201400000685,14,11,30,630,3,1,1,5.0,4,27439,M,4903400.0,110300.0,27
201400000686,14,4,12,515,3,2,1,1.0,6,27287,M,4900100.0,59400.0,27
201400000687,14,4,23,2215,4,1,6,1.0,6,27641,M,4904200.0,55100.0,27
201400000688,14,6,28,1115,1,1,6,1.0,6,27229,M,4902100.0,105100.0,27
201400000689,14,6,30,1445,1,1,1,1.0,3,27650,M,4904500.0,59300.0,27
201400000690,14,7,13,215,3,1,1,1.0,1,27268,M,4856300.0,58100.0,27
201400000691,14,10,2,700,2,1,1,1.0,7,27306,M,4857200.0,108500.0,27
201400000692,14,10,21,715,2,1,1,1.0,7,27082,M,4859000.0,101400.0,27
201400000693,14,10,23,745,2,1,1,1.0,1,27161,M,4902300.0,100499.0,27
201400000694,14,10,30,915,3,1,1,1.0,3,27298,M,4905300.0,57500.0,27
201400000695,14,11,10,1730,2,1,2,1.0,3,27165,M,4857400.0,57300.0,27
201400000696,14,12,11,1730,3,1,1,3.0,1,27374,M,0.0,0.0,27
201400000697,14,12,20,1800,3,1,1,8.0,7,27489,M,0.0,0.0,27
201400000698,14,5,4,1930,1,2,1,1.0,1,27165,M,4858100.0,56100.0,27
201400000699,14,9,30,830,2,1,6,5.0,1,27193,M,4850000.0,121000.0,27
201400000700,14,11,21,2115,5,2,2,1.0,3,27230,M,4908500.0,132000.0,27
201400000701,14,11,23,930,1,1,1,1.0,1,27144,M,4851300.0,118400.0,27
201400000702,14,11,29,1615,1,2,1,1.0,7,27230,M,4851400.0,124100.0,27
201400000703,14,2,8,1945,3,1,6,1.0,3,27378,M,4846500.0,111300.0,27
201400000704,14,4,30,1915,1,1,1,1.0,6,27387,M,4855200.0,102099.0,27
201400000705,14,5,28,2045,2,1,1,2.0,7,27198,M,4852200.0,105000.0,27
201400000706,14,2,2,2200,3,1,1,1.0,5,27081,M,4900400.0,117200.0,27
201400000707,14,3,24,2115,3,1,1,1.0,6,27123,M,4900400.0,119500.0,27
201400000708,14,4,27,1645,1,1,1,8.0,1,27136,M,4900400.0,126300.0,27
201400000709,14,5,5,1600,1,2,1,1.0,7,27119,M,4855500.0,126200.0,27
201400000710,14,8,29,1215,1,1,9,1.0,3,27400,M,4856500.0,124300.0,27
201400000711,14,10,7,800,1,1,1,1.0,4,27004,M,4900400.0,125400.0,27
201400000712,14,10,16,200,3,1,1,1.0,7,27510,M,4918500.0,38200.0,27
201400000713,14,11,3,1730,3,2,3,3.0,3,27448,M,4900500.0,123000.0,27
201400000714,14,11,15,1945,3,1,1,1.0,6,27136,M,4900500.0,126500.0,27
201400000715,14,11,28,400,3,1,6,1.0,7,27410,M,4900400.0,114100.0,27
201400000716,14,1,24,1530,1,1,1,2.0,6,27643,M,4845000.0,101299.0,27
201400000717,14,2,17,1530,1,1,2,1.0,3,27383,M,4844300.0,50300.0,27
201400000718,14,3,26,1500,1,1,1,2.0,1,27679,M,4844200.0,56400.0,27
201400000719,14,8,15,1745,1,1,2,1.0,3,27679,M,4843100.0,56300.0,27
201400000720,14,1,13,815,1,2,1,1.0,6,27329,M,4911300.0,127500.0,27
201400000721,14,1,14,1445,1,2,1,7.0,6,27016,M,4914500.0,124400.0,27
201400000722,14,2,6,1930,3,1,1,1.0,1,27625,M,4916300.0,131000.0,27
201400000723,14,3,9,1530,1,1,1,1.0,3,27270,M,4916000.0,124500.0,27
201400000724,14,6,3,2245,5,1,1,2.0,6,27175,M,4917200.0,128500.0,27
201400000725,14,9,5,1345,1,2,3,1.0,3,27016,M,4905400.0,125100.0,27
201400000726,14,9,16,1530,1,1,1,1.0,5,27016,M,4917000.0,127560.0,27
201400000727,14,10,26,1530,1,2,3,1.0,5,27016,M,4914400.0,124500.0,27
201400000728,14,10,30,2045,3,1,1,1.0,7,27473,M,4909300.0,125100.0,27
201400000729,14,11,6,645,3,1,1,5.0,6,27473,M,4909000.0,125200.0,27
201400000730,14,1,29,1845,3,1,1,2.0,1,27331,M,4907200.0,133000.0,27
201400000731,14,4,4,1645,1,1,2,1.0,3,27331,M,4907400.0,133000.0,27
201400000732,14,5,7,1915,1,2,9,1.0,1,27128,M,4905000.0,135000.0,27
201400000733,14,6,25,1900,1,1,3,7.0,1,27644,M,4909400.0,133000.0,27
201400000734,14,9,4,1530,1,1,1,9.0,6,27644,M,4907200.0,130000.0,27
201400000735,14,10,10,2350,3,1,1,1.0,7,27072,M,4906100.0,133400.0,27
201400000736,14,11,22,900,1,1,2,1.0,3,27644,M,4909000.0,132000.0,27
201400000737,14,12,25,1245,1,1,2,1.0,3,27449,M,4909300.0,131400.0,27
201400000738,14,3,21,1600,5,2,2,1.0,1,27104,M,4923100.0,117500.0,27
201400000739,14,6,14,1130,1,1,1,1.0,6,27151,M,4918300.0,123400.0,27
201400000740,14,6,25,1745,1,2,1,1.0,3,27214,M,4918400.0,125300.0,27
201400000741,14,7,6,2100,2,1,1,2.0,6,27214,M,4918200.0,124100.0,27
201400000742,14,9,26,1500,1,1,1,1.0,6,27373,M,4925000.0,130330.0,27
201400000743,14,10,10,715,2,2,1,1.0,1,27470,M,4920000.0,117300.0,27
201400000744,14,12,30,1300,1,1,1,1.0,7,27377,M,4923000.0,130100.0,27
201400000745,14,1,5,1815,5,2,1,1.0,6,27284,M,4916400.0,146200.0,27
201400000746,14,5,9,730,1,2,2,2.0,3,27430,M,4921300.0,133100.0,27
201400000747,14,7,8,1900,3,1,1,8.0,7,27372,M,4921400.0,137400.0,27
201400000748,14,7,27,1100,1,1,1,1.0,1,27682,M,4914100.0,137300.0,27
201400000749,14,11,3,2115,3,1,1,3.0,6,27010,M,0.0,0.0,27
201400000750,14,2,6,1645,1,1,1,1.0,1,27608,M,4903300.0,29200.0,27
201400000751,14,3,2,1400,1,2,1,1.0,6,27056,M,4906000.0,35500.0,27
201400000752,14,3,9,1215,1,1,1,1.0,1,27414,M,4856300.0,28300.0,27
201400000753,14,8,13,1645,1,1,2,1.0,3,27600,M,4903100.0,34000.0,27
201400000754,14,9,4,1030,1,1,2,1.0,7,27056,M,4905400.0,34200.0,27
201400000755,14,9,20,600,3,1,1,1.0,6,27442,M,4854160.0,31250.0,27
201400000756,14,10,2,100,3,1,1,2.0,6,27629,M,4907300.0,26500.0,27
201400000757,14,4,11,1845,1,1,3,7.0,1,27050,M,4905100.0,47300.0,27
201400000758,14,5,21,1700,1,1,1,3.0,1,27364,M,4906200.0,44000.0,27
201400000759,14,7,29,1700,1,1,1,8.0,3,27109,M,4905300.0,48100.0,27
201400000760,14,8,7,1645,1,1,1,1.0,1,27630,M,4907500.0,48000.0,27
201400000761,14,9,19,830,1,2,1,7.0,6,27164,M,4905360.0,53360.0,27
201400000762,14,10,2,1900,1,1,1,1.0,6,27283,M,4857200.0,38100.0,27
201400000763,14,12,25,1400,1,2,1,1.0,6,27116,M,4911500.0,42400.0,27
201400000764,14,1,16,945,1,2,1,2.0,5,27332,M,4911400.0,114100.0,27
201400000765,14,2,8,1900,2,2,2,1.0,6,27623,M,4912200.0,102499.0,27
201400000766,14,6,11,1300,1,1,4,1.0,6,27677,M,4910100.0,104299.0,27
201400000767,14,10,3,2345,3,1,1,1.0,6,27624,M,4912300.0,106500.0,27
201400000768,14,10,4,1815,1,1,1,2.0,6,27003,M,4909500.0,109100.0,27
201400000769,14,12,11,800,2,2,1,2.0,6,27332,M,4911400.0,114100.0,27
201400000770,14,1,22,815,2,1,1,2.0,6,27275,M,4908500.0,118000.0,27
201400000771,14,2,1,1545,1,2,2,1.0,3,27191,M,4906200.0,114300.0,27
201400000772,14,2,5,1945,5,2,3,1.0,3,27275,M,4909400.0,119200.0,27
201400000773,14,2,7,1900,2,1,1,1.0,6,27025,M,4905400.0,116400.0,27
201400000774,14,4,5,1200,1,1,1,1.0,1,27343,M,4903000.0,122300.0,27
201400000775,14,5,3,1130,1,1,1,1.0,1,27343,M,4903000.0,122300.0,27
201400000776,14,6,6,1900,1,1,1,1.0,7,27343,M,4903500.0,123000.0,27
201400000777,14,10,9,1445,1,1,1,1.0,6,27275,M,4909400.0,121100.0,27
201400000778,14,2,1,1510,1,2,1,1.0,3,27348,M,4922200.0,119500.0,27
201400000779,14,3,28,1330,1,1,1,1.0,5,27458,M,4920300.0,111000.0,27
201400000780,14,4,6,1600,1,1,4,2.0,1,27394,M,4917200.0,103200.0,27
201400000781,14,4,20,900,1,2,1,1.0,7,27322,M,4913400.0,104299.0,27
201400000782,14,4,28,915,1,2,6,2.0,3,27469,M,4918100.0,107500.0,27
201400000783,14,8,15,2015,1,1,2,1.0,2,27394,M,4917300.0,103200.0,27
201400000784,14,9,11,2300,5,2,1,1.0,6,27412,M,4914500.0,104499.0,27
201400000785,14,1,19,1745,2,1,1,1.0,6,27534,M,4914400.0,102099.0,27
201400000786,14,4,4,1445,1,2,1,1.0,1,27658,M,4906500.0,54400.0,27
201400000787,14,5,28,1045,1,1,2,2.0,3,27382,M,4912400.0,110500.0,27
201400000788,14,8,31,2130,3,1,9,1.0,6,27302,M,4913400.0,50500.0,27
201400000789,14,10,3,830,1,1,1,5.0,3,27506,M,4913400.0,54500.0,27
201400000790,14,12,24,1815,3,1,1,2.0,1,27344,M,4914500.0,49200.0,27
201400000791,14,1,6,245,3,1,1,2.0,6,27260,M,4923500.0,25200.0,27
201400000792,14,1,11,1115,1,2,1,8.0,6,27606,M,4918300.0,27500.0,27
201400000793,14,1,23,1215,1,2,1,2.0,6,27101,M,4923000.0,28200.0,27
201400000794,14,2,14,1500,1,1,1,1.0,1,27174,M,4920500.0,35400.0,27
201400000795,14,3,17,1215,1,1,2,1.0,3,27065,M,4920500.0,21400.0,27
201400000796,14,4,9,100,3,1,1,1.0,6,27656,M,4921400.0,26200.0,27
201400000797,14,5,30,1445,1,1,1,1.0,3,27597,M,4923000.0,21200.0,27
201400000798,14,6,25,1915,1,2,1,1.0,1,27656,M,4921100.0,28000.0,27
201400000799,14,8,29,1545,1,2,3,1.0,3,27065,M,4914300.0,58400.0,27
201400000800,14,8,31,1530,1,1,1,1.0,7,27665,M,4925500.0,34000.0,27
201400000801,14,9,14,1200,1,1,2,1.0,3,27597,M,4922200.0,22140.0,27
201400000802,14,9,14,1445,1,1,2,1.0,7,27126,M,4918530.0,32270.0,27
201400000803,14,10,19,1715,1,2,2,1.0,3,27258,M,4918500.0,23100.0,27
201400000804,14,11,19,1715,2,2,1,1.0,3,27467,M,4921300.0,31000.0,27
201400000805,14,11,25,1415,1,2,1,8.0,6,27260,M,4923400.0,23300.0,27
201400000806,14,12,1,1800,5,2,2,2.0,3,27467,M,0.0,0.0,27
201400000807,14,12,3,745,2,2,1,1.0,7,27467,M,4921200.0,31100.0,27
201400000808,14,1,9,715,3,1,1,8.0,3,27134,M,4921200.0,28500.0,27
201400000809,14,1,19,1700,2,2,1,1.0,6,27580,M,4921300.0,53100.0,27
201400000810,14,1,16,700,5,2,1,2.0,1,27363,M,4924100.0,47500.0,27
201400000811,14,2,5,1700,1,2,9,3.0,1,27103,M,4921100.0,49000.0,27
201400000812,14,2,16,1500,1,1,1,1.0,3,27363,M,4924000.0,47500.0,27
201400000813,14,5,22,1900,1,1,1,1.0,2,27090,M,4917400.0,56100.0,27
201400000814,14,6,5,1845,1,1,2,1.0,1,27084,M,4918300.0,51000.0,27
201400000815,14,6,15,245,3,1,1,1.0,7,27316,M,4923000.0,45100.0,27
201400000816,14,8,13,1145,1,2,1,1.0,1,27090,M,4918000.0,56200.0,27
201400000817,14,8,20,1745,1,1,1,1.0,6,27090,M,4917400.0,55400.0,27
201400000818,14,9,1,815,2,1,2,5.0,3,27340,M,4923180.0,47540.0,27
201400000819,14,4,18,1745,1,1,2,1.0,3,27288,M,4916000.0,41100.0,27
201400000820,14,5,17,100,3,1,1,1.0,6,27587,M,4917200.0,37400.0,27
201400000821,14,6,12,2245,2,1,1,1.0,7,27367,M,4913300.0,31000.0,27
201400000822,14,6,25,1030,1,1,2,1.0,3,27288,M,4916000.0,41100.0,27
201400000823,14,10,5,1200,1,1,1,1.0,1,27288,M,4916200.0,39400.0,27
201400000824,14,10,10,100,3,2,3,1.0,6,27146,M,4916200.0,24000.0,27
201400000825,14,10,11,1530,1,1,1,1.0,3,27018,M,4918500.0,38200.0,27
201400000826,14,3,10,800,1,2,1,1.0,3,35047,M,4804430.0,-174738.0,35
201400000827,14,4,21,1845,1,2,1,1.0,3,35047,M,4802323.0,-173844.0,35
201400000828,14,5,14,1345,1,1,1,1.0,1,35066,M,4805377.0,-172813.0,35
201400000829,14,8,2,800,1,1,1,2.0,3,35047,M,4805335.0,-172580.0,35
201400000830,14,9,10,1200,1,1,1,1.0,5,35047,M,4799911.0,-174013.0,35
201400000831,14,10,30,1330,1,1,2,1.0,1,35047,M,4800489.0,-174176.0,35
201400000832,14,11,2,1915,3,1,1,8.0,1,35066,M,4804029.0,-168651.0,35
201400000833,14,3,9,1645,1,1,2,1.0,3,35094,M,4835119.0,-177949.0,35
201400000834,14,11,13,1830,3,1,1,1.0,5,35003,M,4828982.0,-157922.0,35
201400000835,14,1,18,1800,5,2,6,2.0,6,35152,M,4821043.0,-150904.0,35
201400000836,14,3,24,1215,1,2,1,1.0,2,35152,M,4820815.0,-151811.0,35
201400000837,14,4,10,1630,1,2,1,1.0,6,35152,M,4821214.0,-150685.0,35
201400000838,14,4,12,1600,1,1,1,1.0,3,35101,M,4819710.0,-139688.0,35
201400000839,14,7,10,1845,1,1,1,1.0,1,35152,M,4822706.0,-148196.0,35
201400000840,14,9,10,1915,1,1,2,7.0,3,35001,M,4813860.0,-151618.0,35
201400000841,14,10,31,1700,2,2,1,2.0,7,35031,M,4819203.0,-146247.0,35
201400000842,14,11,27,1745,3,1,1,1.0,3,35031,M,4819836.0,-144222.0,35
201400000843,14,3,26,1115,1,2,1,1.0,6,35297,M,4818674.0,-220185.0,35
201400000844,14,5,27,2000,1,2,3,1.0,3,35245,M,4821949.0,-189364.0,35
201400000845,14,6,13,830,1,1,1,7.0,6,35184,M,4818897.0,-203483.0,35
201400000846,14,6,28,1830,1,1,1,8.0,6,35184,M,4819494.0,-206386.0,35
201400000847,14,7,27,130,3,1,1,1.0,6,35201,M,4812838.0,-218056.0,35
201400000848,14,9,11,1945,2,1,1,1.0,6,35258,M,4831349.0,-184042.0,35
201400000849,14,9,28,815,1,2,1,1.0,6,35022,M,4829344.0,-194764.0,35
201400000850,14,3,28,1445,1,1,1,1.0,6,35340,M,4803060.0,-200400.0,35
201400000851,14,4,15,1515,1,1,1,1.0,6,35187,M,4805291.0,-198715.0,35
201400000852,14,6,16,1745,1,1,1,1.0,1,35188,M,4813957.0,-193717.0,35
201400000853,14,7,4,1745,1,1,1,1.0,1,35133,M,4806452.0,-203063.0,35
201400000854,14,8,20,1745,1,2,1,1.0,7,35188,M,4813933.0,-194859.0,35
201400000855,14,10,15,1715,1,1,2,2.0,3,35187,M,4806868.0,-198204.0,35
201400000856,14,12,27,1830,3,1,9,3.0,5,35081,M,4818269.0,-185330.0,35
201400000857,14,1,13,830,1,1,1,1.0,3,35240,M,4809955.0,-178558.0,35
201400000858,14,3,16,1015,1,1,1,1.0,4,35240,M,4808098.0,-175667.0,35
201400000859,14,3,18,1030,1,1,1,1.0,2,35240,M,4809870.0,-175837.0,35
201400000860,14,5,8,1145,1,1,1,1.0,2,35080,M,0.0,0.0,35
201400000861,14,8,26,845,1,1,1,7.0,3,35196,M,4810148.0,-184512.0,35
201400000862,14,9,13,1500,1,1,2,1.0,3,35240,M,4810248.0,-183165.0,35
201400000863,14,10,13,1830,1,1,9,1.0,1,35240,M,4810183.0,-175365.0,35
201400000864,14,11,4,1815,2,2,1,8.0,6,35196,M,4807186.0,-185012.0,35
201400000865,14,12,6,1630,2,2,1,7.0,6,35196,M,4807496.0,-184396.0,35
201400000866,14,12,19,1930,3,1,1,8.0,3,35196,M,4810140.0,-184785.0,35
201400000867,14,8,1,1915,1,1,1,1.0,1,35018,M,4844400.0,-109900.0,35
201400000868,14,12,6,1200,1,1,6,1.0,7,35324,M,4833668.0,-117795.0,35
201400000869,14,12,25,545,3,1,1,1.0,6,35138,M,4837860.0,-117899.0,35
201400000870,14,1,17,1130,1,2,1,3.0,3,35178,M,4828708.0,-143862.0,35
201400000871,14,1,24,1215,1,1,2,2.0,3,35191,M,0.0,0.0,35
201400000872,14,1,24,1945,1,2,1,1.0,1,35011,M,4835862.0,-138135.0,35
201400000873,14,4,13,1015,1,1,3,1.0,5,35178,M,4830500.0,-143100.0,35
201400000874,14,4,20,845,1,1,1,2.0,2,35282,M,4827976.0,-137338.0,35
201400000875,14,5,2,1715,1,2,3,1.0,3,35253,M,4825892.0,-140976.0,35
201400000876,14,5,3,500,3,1,1,1.0,6,35341,M,0.0,0.0,35
201400000877,14,5,6,800,1,1,2,1.0,5,35253,M,4824370.0,-139883.0,35
201400000878,14,5,13,730,1,1,1,1.0,1,35257,M,4840255.0,-137785.0,35
201400000879,14,5,13,1445,1,1,1,1.0,1,35257,M,4840209.0,-137759.0,35
201400000880,14,6,12,1845,1,2,1,7.0,3,35304,M,4833089.0,-142679.0,35
201400000881,14,6,16,615,2,1,1,1.0,1,35121,M,4823786.0,-146399.0,35
201400000882,14,6,29,1445,1,1,1,1.0,2,35341,M,4842717.0,-147305.0,35
201400000883,14,6,29,1730,1,1,1,1.0,6,35113,M,4846856.0,-151646.0,35
201400000884,14,7,18,1315,1,1,1,1.0,7,35205,M,4842014.0,-162659.0,35
201400000885,14,7,24,1645,1,1,1,1.0,1,35282,M,0.0,0.0,35
201400000886,14,8,30,1200,1,1,1,1.0,6,35257,M,0.0,0.0,35
201400000887,14,9,1,1500,1,1,1,1.0,3,35019,M,4848813.0,-156886.0,35
201400000888,14,9,5,2045,2,1,3,1.0,3,35273,M,4839039.0,-127191.0,35
201400000889,14,9,9,1830,1,1,1,1.0,7,35004,M,4846400.0,-148100.0,35
201400000890,14,10,24,1945,3,1,1,1.0,2,35282,M,4827965.0,-137385.0,35
201400000891,14,11,12,1000,3,1,1,2.0,6,35303,M,4847645.0,-146164.0,35
201400000892,14,12,9,1530,1,2,1,8.0,1,35253,M,4825445.0,-141121.0,35
201400000893,14,12,15,1600,1,1,1,1.0,7,35273,M,4842645.0,-127304.0,35
201400000894,14,1,4,700,3,1,1,3.0,6,35237,M,4773547.0,-196198.0,35
201400000895,14,1,13,845,3,1,1,3.0,1,35236,M,4766877.0,-208889.0,35
201400000896,14,5,3,1030,1,1,1,1.0,3,35064,M,4769887.0,-192722.0,35
201400000897,14,6,10,1900,1,2,1,1.0,7,35236,M,4766584.0,-207883.0,35
201400000898,14,6,17,1715,1,2,6,1.0,6,35236,M,0.0,0.0,35
201400000899,14,8,25,1900,1,2,1,3.0,6,35236,M,0.0,0.0,35
201400000900,14,9,30,1545,1,2,3,1.0,3,35236,M,4767021.0,-206681.0,35
201400000901,14,10,9,1700,1,1,1,1.0,1,35237,M,4773932.0,-196979.0,35
201400000902,14,10,10,2215,3,1,1,1.0,6,35013,M,4770678.0,-206476.0,35
201400000903,14,11,20,830,1,1,1,1.0,5,35013,M,4773533.0,-210674.0,35
201400000904,14,12,4,730,3,1,2,1.0,3,35237,M,4771870.0,-197316.0,35
201400000905,14,1,25,2045,3,1,1,1.0,2,35012,M,4782873.0,-162946.0,35
201400000906,14,3,23,1115,1,2,1,1.0,1,35176,M,4782630.0,-180988.0,35
201400000907,14,5,4,1215,1,2,1,1.0,6,35249,M,0.0,0.0,35
201400000908,14,5,7,1815,1,2,3,1.0,1,35012,M,0.0,0.0,35
201400000909,14,8,24,1915,1,1,1,1.0,1,35249,M,4772613.0,-181839.0,35
201400000910,14,8,27,1430,1,1,1,2.0,6,35176,M,4782445.0,-178214.0,35
201400000911,14,8,30,1515,1,1,1,1.0,3,35322,M,0.0,0.0,35
201400000912,14,9,7,445,5,2,1,1.0,7,35321,M,4791459.0,-158870.0,35
201400000913,14,9,12,1045,1,1,1,1.0,1,35316,M,4778785.0,-162872.0,35
201400000914,14,9,25,2115,5,2,1,1.0,3,35012,M,4784448.0,-168468.0,35
201400000915,14,11,7,715,1,1,1,2.0,3,35030,M,0.0,0.0,35
201400000916,14,11,15,2200,3,1,1,1.0,6,35089,M,4788434.0,-150397.0,35
201400000917,14,12,3,1545,1,1,1,1.0,6,35012,M,0.0,0.0,35
201400000918,14,12,6,415,3,1,2,1.0,2,35089,M,4789321.0,-150322.0,35
201400000919,14,12,12,830,2,2,1,2.0,6,35012,M,4784546.0,-168749.0,35
201400000920,14,1,31,1840,5,2,1,3.0,6,35127,M,4792028.0,-186063.0,35
201400000921,14,4,24,1745,1,2,6,9.0,7,35139,M,4798223.0,-171911.0,35
201400000922,14,7,8,900,1,1,1,1.0,1,35126,M,4799423.0,-180006.0,35
201400000923,14,7,29,1345,1,1,1,1.0,1,35126,M,4798824.0,-178143.0,35
201400000924,14,9,2,1945,1,1,1,1.0,7,35139,M,4798183.0,-171544.0,35
201400000925,14,9,18,300,3,1,1,1.0,6,35123,M,4799265.0,-188869.0,35
201400000926,14,10,7,1230,1,1,1,2.0,1,35139,M,4798939.0,-171906.0,35
201400000927,14,10,11,445,3,1,1,5.0,6,35016,M,4798470.0,-189756.0,35
201400000928,14,10,28,1430,1,1,1,1.0,1,35139,M,4799937.0,-172436.0,35
201400000929,14,11,18,1015,1,1,1,1.0,6,35127,M,4792055.0,-185424.0,35
201400000930,14,12,3,1500,1,2,1,1.0,6,35123,M,4800652.0,-184590.0,35
201400000931,14,12,19,2130,3,1,1,1.0,1,35312,M,4792628.0,-177965.0,35
201400000932,14,12,28,1615,1,1,1,7.0,3,35123,M,4801217.0,-183714.0,35
201400000933,14,2,9,1045,1,1,1,1.0,2,35168,M,4792352.0,-195733.0,35
201400000934,14,4,16,1300,1,1,5,1.0,3,35299,M,4862653.0,-192174.0,35
201400000935,14,5,9,215,3,2,1,1.0,6,35263,M,4867481.0,-190450.0,35
201400000936,14,5,19,2215,3,1,1,1.0,6,35179,M,4854403.0,-186673.0,35
201400000937,14,6,19,1715,1,1,1,1.0,4,35284,M,4860740.0,-197770.0,35
201400000938,14,6,22,1100,1,1,1,1.0,3,35179,M,0.0,0.0,35
201400000939,14,8,14,215,5,1,1,1.0,6,35070,M,4856330.0,-192543.0,35
201400000940,14,1,10,715,2,1,1,5.0,1,35226,M,4840217.0,-187886.0,35
201400000941,14,1,4,1430,1,1,1,3.0,1,35247,M,4859289.0,-161089.0,35
201400000942,14,4,13,545,3,2,1,1.0,6,35095,M,0.0,0.0,35
201400000943,14,6,1,1115,1,2,1,1.0,6,35095,M,4854543.0,-175972.0,35
201400000944,14,6,20,2300,3,1,1,1.0,1,35247,M,4859526.0,-160196.0,35
201400000945,14,6,21,900,1,2,7,1.0,6,35095,M,4854932.0,-175292.0,35
201400000946,14,8,5,1630,1,1,2,1.0,3,35078,M,4858026.0,-171134.0,35
201400000947,14,8,24,545,1,2,1,1.0,6,35248,M,4855226.0,-158433.0,35
201400000948,14,1,20,800,1,2,6,1.0,6,35228,M,4857952.0,-205878.0,35
201400000949,14,2,14,1800,2,1,1,2.0,7,35228,M,4862163.0,-209762.0,35
201400000950,14,10,11,815,3,1,1,1.0,6,35287,M,4862992.0,-209304.0,35
201400000951,14,10,17,1430,1,1,3,1.0,3,35228,M,4858157.0,-204874.0,35
201400000952,14,11,6,1145,1,2,1,1.0,6,35228,M,4858161.0,-205855.0,35
201400000953,14,12,29,1700,2,2,1,1.0,6,35360,M,4811400.0,-120893.0,35
201400000954,14,5,3,1445,1,1,2,1.0,3,35119,M,4802301.0,-113774.0,35
201400000955,14,5,3,1900,1,1,2,1.0,3,35119,M,4802293.0,-113770.0,35
201400000956,14,6,2,230,3,1,1,1.0,7,35015,M,0.0,0.0,35
201400000957,14,6,25,1330,1,1,1,8.0,6,35109,M,4807002.0,-118287.0,35
201400000958,14,6,29,630,2,1,1,1.0,6,35252,M,4810759.0,-131330.0,35
201400000959,14,8,18,1745,1,2,6,1.0,3,35360,M,0.0,0.0,35
201400000960,14,8,23,300,3,1,1,1.0,7,35109,M,4807648.0,-116122.0,35
201400000961,14,9,1,1545,1,1,2,1.0,3,35105,M,4809140.0,-110216.0,35
201400000962,14,9,13,230,3,1,1,1.0,6,35109,M,4807176.0,-119933.0,35
201400000963,14,9,29,1430,1,1,1,1.0,7,35360,M,4813568.0,-121745.0,35
201400000964,14,10,4,945,1,2,1,2.0,6,35006,M,4805684.0,-115347.0,35
201400000965,14,10,1,930,1,2,1,1.0,6,35360,M,4812062.0,-120817.0,35
201400000966,14,10,12,1630,1,1,1,3.0,7,35097,M,0.0,0.0,35
201400000967,14,11,10,1645,1,2,3,1.0,1,35360,M,4811960.0,-120303.0,35
201400000968,14,12,10,1845,3,1,2,2.0,1,35338,M,4806203.0,-127626.0,35
201400000969,14,1,16,1215,1,1,1,1.0,1,35327,M,4811266.0,-143301.0,35
201400000970,14,2,1,230,3,1,1,5.0,5,35039,M,4810408.0,-149691.0,35
201400000971,14,4,19,1615,1,1,1,1.0,3,35204,M,4802897.0,-153335.0,35
201400000972,14,4,25,1000,1,1,1,1.0,1,35207,M,0.0,0.0,35
201400000973,14,6,26,1445,1,1,1,1.0,1,35068,M,4815242.0,-140817.0,35
201400000974,14,9,2,945,1,1,1,1.0,1,35207,M,0.0,0.0,35
201400000975,14,9,28,1645,1,1,1,1.0,6,35207,M,4809611.0,-153157.0,35
201400000976,14,11,11,1430,1,1,1,2.0,6,35207,M,4811124.0,-153603.0,35
201400000977,14,1,25,100,3,1,1,2.0,7,35167,M,4784388.0,-130614.0,35