Num_Acc,an,mois,jour,hrmn,lum,agg,int,atm,col,com,gps,lat,long,dep
201400000978,14,5,8,1145,1,2,1,1.0,7,35014,M,4800576.0,-128900.0,35
201400000979,14,6,26,1345,1,1,1,1.0,1,35125,M,4794452.0,-126163.0,35
201400000980,14,7,25,1645,1,1,1,1.0,1,35008,M,4795416.0,-121738.0,35
201400000981,14,10,5,1745,1,1,1,1.0,6,35200,M,4796423.0,-120283.0,35
201400000982,14,10,26,1845,3,1,2,1.0,3,35167,M,4783980.0,-140283.0,35
201400000983,14,1,12,745,3,1,1,1.0,5,35108,M,4795100.0,-147000.0,35
201400000984,14,1,18,115,3,1,1,1.0,7,35028,M,4800000.0,-138200.0,35
201400000985,14,3,8,1500,1,2,1,7.0,2,35136,M,4795389.0,-150494.0,35
201400000986,14,3,8,1700,1,1,4,7.0,1,35335,M,4783657.0,-148995.0,35
201400000987,14,4,25,2145,3,1,1,1.0,2,35220,M,4801760.0,-141081.0,35
201400000988,14,5,14,1130,1,1,1,1.0,1,35028,M,4797350.0,-140143.0,35
201400000989,14,7,19,1615,1,1,4,1.0,3,35041,M,4793794.0,-153405.0,35
201400000990,14,7,26,1,3,1,1,1.0,3,35136,M,4797256.0,-148344.0,35
201400000991,14,9,25,815,1,2,1,1.0,6,35136,M,4796055.0,-149698.0,35
201400000992,14,10,30,1230,1,1,1,1.0,7,35220,M,4799371.0,-142050.0,35
201400000993,14,12,22,1200,1,1,1,1.0,7,35108,M,4796533.0,-142764.0,35
201400000994,14,12,20,1400,1,1,2,1.0,3,22236,M,4865064.0,-296255.0,22
201400000995,14,12,25,1900,4,1,2,8.0,3,22367,M,4855188.0,-285677.0,22
201400000996,14,2,4,1530,1,1,1,8.0,7,22246,M,4845960.0,-263461.0,22
201400000997,14,4,15,1545,1,1,2,1.0,3,22142,M,4843534.0,-252888.0,22
201400000998,14,4,30,1345,1,1,1,1.0,5,22093,M,4845542.0,-251369.0,22
201400000999,14,5,29,1445,1,1,2,1.0,3,22142,M,4844583.0,-255063.0,22
201400001000,14,5,29,230,3,2,1,1.0,6,22160,M,4844779.0,-248484.0,22
201400001001,14,10,6,1230,1,2,6,3.0,3,22093,M,4846134.0,-250315.0,22
201400001002,14,10,12,1145,1,1,1,3.0,1,22142,M,4842564.0,-250688.0,22
201400001003,14,10,14,1615,1,2,1,7.0,6,22093,M,4847154.0,-251557.0,22
201400001004,14,11,18,1800,3,1,1,2.0,6,22044,M,4848340.0,-257653.0,22
201400001005,14,11,18,830,1,2,3,2.0,3,22160,M,4844783.0,-248472.0,22
201400001006,14,12,12,1900,5,2,1,2.0,6,22093,M,4846744.0,-251421.0,22
201400001007,14,1,10,1330,1,1,2,1.0,5,22258,M,4842171.0,-262729.0,22
201400001008,14,2,5,1845,3,1,1,3.0,7,22079,M,4837723.0,-275267.0,22
201400001009,14,8,6,800,1,1,1,2.0,1,22258,M,4841839.0,-262574.0,22
201400001010,14,8,29,2330,3,1,1,1.0,1,22281,M,4840247.0,-277326.0,22
201400001011,14,2,17,900,1,1,1,1.0,3,22390,M,4871803.0,-302372.0,22
201400001012,14,6,5,2330,5,2,1,1.0,1,22162,M,4877781.0,-304403.0,22
201400001013,14,7,12,1400,1,1,1,1.0,1,22162,M,4876703.0,-305742.0,22
201400001014,14,11,7,800,2,1,1,2.0,1,22162,M,4875811.0,-299599.0,22
201400001015,14,2,15,1600,1,2,9,1.0,6,22054,M,4862248.0,-243859.0,22
201400001016,14,3,23,100,3,1,1,2.0,7,22242,M,4862903.0,-242123.0,22
201400001017,14,5,27,845,1,2,2,1.0,6,22242,M,4864006.0,-239961.0,22
201400001018,14,8,1,1800,1,1,6,1.0,2,22389,M,4848044.0,-264607.0,22
201400001019,14,8,6,15,3,2,1,3.0,3,22186,M,4857699.0,-253365.0,22
201400001020,14,8,10,1430,1,1,1,1.0,1,22186,M,4856439.0,-254518.0,22
201400001021,14,9,7,445,3,2,1,1.0,6,22389,M,4848414.0,-265841.0,22
201400001022,14,11,1,1900,5,2,1,1.0,6,22054,M,4863037.0,-246332.0,22
201400001023,14,1,7,1430,1,2,1,1.0,1,22171,M,4840891.0,-281826.0,22
201400001024,14,4,12,2315,3,1,1,1.0,6,22307,M,4843852.0,-282070.0,22
201400001025,14,4,16,1645,1,1,1,1.0,5,22277,M,4841358.0,-284979.0,22
201400001026,14,6,1,1015,1,1,1,1.0,3,22045,M,4843715.0,-293897.0,22
201400001027,14,6,21,715,1,1,1,1.0,7,22176,M,4846209.0,-275573.0,22
201400001028,14,7,1,1845,1,2,3,1.0,6,22171,M,4840790.0,-281732.0,22
201400001029,14,7,16,1830,1,2,1,1.0,6,22059,M,4839086.0,-286813.0,22
201400001030,14,1,19,1645,1,1,2,7.0,1,22077,M,4852834.0,-242249.0,22
201400001031,14,5,9,145,3,2,1,1.0,1,22179,M,4864048.0,-239414.0,22
201400001032,14,7,3,1530,1,2,1,1.0,3,22179,M,4862800.0,-236946.0,22
201400001033,14,7,30,1645,1,1,1,1.0,2,22323,M,4852836.0,-232543.0,22
201400001034,14,8,27,1745,1,1,1,1.0,7,22143,M,4860607.0,-228005.0,22
201400001035,14,9,7,1700,1,1,1,1.0,5,22179,M,4861960.0,-234744.0,22
201400001036,14,9,26,1315,1,2,1,1.0,6,22179,M,4862860.0,-236703.0,22
201400001037,14,10,5,1145,1,2,1,1.0,3,22282,M,4862812.0,-225686.0,22
201400001038,14,2,14,1600,1,2,1,2.0,7,22190,M,4853300.0,-205724.0,22
201400001039,14,2,22,100,3,1,1,2.0,6,22237,M,4855091.0,-225530.0,22
201400001040,14,1,5,1700,1,1,1,8.0,4,22225,M,4853494.0,-316147.0,22
201400001041,14,2,4,1130,1,2,1,7.0,6,22070,M,4855365.0,-314963.0,22
201400001042,14,4,21,1945,3,1,1,1.0,3,22272,M,4856775.0,-310167.0,22
201400001043,14,8,5,1615,1,2,1,1.0,6,22070,M,4856097.0,-315801.0,22
201400001044,14,10,17,745,2,1,1,2.0,7,22272,M,4856970.0,-309287.0,22
201400001045,14,10,14,745,2,2,2,9.0,3,22070,M,4856317.0,-314991.0,22
201400001046,14,10,17,1030,1,2,1,2.0,6,22070,M,4856326.0,-315570.0,22
201400001047,14,11,4,1745,3,2,3,8.0,3,22223,M,4857189.0,-316233.0,22
201400001048,14,1,2,1830,3,2,1,1.0,7,22248,M,4862100.0,-308926.0,22
201400001049,14,1,18,1530,1,2,3,8.0,3,22194,M,4865708.0,-362612.0,22
201400001050,14,2,5,1145,1,2,1,2.0,3,22211,M,4871659.0,-345479.0,22
201400001051,14,2,2,1545,1,2,1,1.0,2,22353,M,4882171.0,-351801.0,22
201400001052,14,2,7,1300,1,1,6,1.0,3,22198,M,4878627.0,-349227.0,22
201400001053,14,3,9,2245,5,2,1,1.0,3,22168,M,4881590.0,-345833.0,22
201400001054,14,4,18,2030,1,1,1,1.0,6,22198,M,4875327.0,-351582.0,22
201400001055,14,5,7,2315,4,2,1,1.0,7,22353,M,4882479.0,-350711.0,22
201400001056,14,7,11,2245,2,2,1,1.0,6,22379,M,4881996.0,-335351.0,22
201400001057,14,8,11,2345,5,2,1,1.0,6,22168,M,4880597.0,-343748.0,22
201400001058,14,8,13,430,5,2,1,1.0,6,22168,M,4882397.0,-348582.0,22
201400001059,14,1,8,2000,5,2,1,2.0,6,29003,M,4802344.0,-453869.0,29
201400001060,14,1,29,1845,3,2,1,3.0,6,29197,M,4802160.0,-453189.0,29
201400001061,14,2,12,1530,1,1,1,1.0,6,29003,M,4802194.0,-453854.0,29
201400001062,14,6,21,1030,1,1,1,1.0,4,29173,M,4800787.0,-419574.0,29
201400001063,14,7,13,715,2,2,1,5.0,6,29215,M,4798700.0,-442395.0,29
201400001064,14,10,9,1900,2,1,1,2.0,2,29225,M,4796600.0,-433100.0,29
201400001065,14,11,10,430,3,1,1,8.0,6,29218,M,4804800.0,-446700.0,29
201400001066,14,12,6,630,3,1,6,1.0,6,29173,M,4800700.0,-419200.0,29
201400001067,14,12,11,1845,3,1,1,1.0,1,29225,M,4801568.0,-436159.0,29
201400001068,14,12,23,1845,3,1,1,8.0,1,29216,M,4798099.0,-417921.0,29
201400001069,14,2,26,1745,1,1,1,1.0,3,29224,M,4804307.0,-432725.0,29
201400001070,14,4,11,900,1,1,1,1.0,1,29046,M,4809322.0,-432861.0,29
201400001071,14,4,20,800,1,1,1,1.0,6,29226,M,4808027.0,-441415.0,29
201400001072,14,7,18,1700,1,2,1,1.0,2,29046,M,4808860.0,-434028.0,29
201400001073,14,11,6,845,1,1,1,1.0,5,29169,M,4807814.0,-419158.0,29
201400001074,14,11,6,1645,1,2,1,2.0,1,29046,M,4808648.0,-433897.0,29
201400001075,14,11,17,800,2,2,9,8.0,6,29046,M,4808604.0,-432163.0,29
201400001076,14,1,1,645,3,1,1,3.0,1,29057,M,4792510.0,-397435.0,29
201400001077,14,1,17,1900,5,2,1,8.0,6,29058,M,4793363.0,-402123.0,29
201400001078,14,4,17,1445,1,1,2,1.0,3,29247,M,4793688.0,-402147.0,29
201400001079,14,5,25,430,3,1,1,1.0,7,29247,M,4793688.0,-402147.0,29
201400001080,14,8,17,1545,1,2,1,1.0,1,29058,M,4789374.0,-401152.0,29
201400001081,14,8,22,600,5,2,1,1.0,3,29058,M,4789374.0,-401152.0,29
201400001082,14,8,22,1130,1,2,9,1.0,6,29006,M,4786641.0,-409047.0,29
201400001083,14,10,17,1015,1,1,1,8.0,1,29057,M,4790788.0,-397956.0,29
201400001084,14,12,9,1000,1,1,1,1.0,6,29060,M,4790788.0,-404324.0,29
201400001085,14,1,11,1630,1,2,2,1.0,3,29220,M,4786510.0,-421678.0,29
201400001086,14,12,13,1000,1,1,1,1.0,3,29158,M,4779729.0,-435814.0,29
201400001087,14,2,19,1545,1,2,1,2.0,7,29235,M,4839524.0,-441231.0,29
201400001088,14,3,8,1800,1,2,1,7.0,6,29075,M,4841068.0,-446046.0,29
201400001089,14,4,30,1815,1,2,6,3.0,6,29075,M,4843545.0,-439989.0,29
201400001090,14,5,14,500,3,2,1,1.0,7,29075,M,4843313.0,-441481.0,29
201400001091,14,5,19,1230,1,2,1,1.0,1,29268,M,4847204.0,-433727.0,29
201400001092,14,7,4,1800,1,1,1,2.0,3,29075,M,4845244.0,-437704.0,29
201400001093,14,1,11,1300,1,2,1,7.0,1,29103,M,4844354.0,-426396.0,29
201400001094,14,6,24,1145,1,1,3,1.0,3,29128,M,4849254.0,-407733.0,29
201400001095,14,9,3,1815,1,2,1,1.0,1,29103,M,4787192.0,-391776.0,29
201400001096,14,9,13,800,1,1,1,1.0,1,29180,M,4845323.0,-414314.0,29
201400001097,14,12,27,1645,2,2,1,3.0,6,29103,M,4844928.0,-424645.0,29
201400001098,14,3,5,1800,1,1,1,1.0,6,29055,M,4855065.0,-434804.0,29
201400001099,14,3,19,1230,1,1,1,1.0,1,29179,M,4852800.0,-430800.0,29
201400001100,14,4,27,1830,1,1,1,1.0,6,29124,M,4850110.0,-429610.0,29
201400001101,14,9,9,900,1,1,1,1.0,1,29064,M,0.0,0.0,29
201400001102,14,12,12,845,2,2,1,2.0,6,29055,M,4856067.0,-434159.0,29
201400001103,14,6,15,30,3,2,1,1.0,6,29035,M,4849717.0,-450878.0,29
201400001104,14,6,23,1015,1,1,1,1.0,1,29117,M,4856937.0,-452151.0,29
201400001105,14,8,28,1115,1,1,1,2.0,6,29015,M,4849950.0,-450657.0,29
201400001106,14,8,29,1700,1,2,1,1.0,6,29195,M,4860790.0,-450557.0,29
201400001107,14,9,17,2145,3,2,1,1.0,6,29160,M,4849064.0,-443475.0,29
201400001108,14,9,19,2245,5,2,1,1.0,6,29117,M,4856937.0,-452151.0,29
201400001109,14,11,25,1130,1,1,1,1.0,1,29077,M,4863402.0,-440954.0,29
201400001110,14,10,2,2015,5,2,1,1.0,1,29098,M,4844724.0,-477134.0,29
201400001111,14,3,21,930,1,1,1,1.0,6,29149,M,4847284.0,-452508.0,29
201400001112,14,4,17,1500,1,1,1,1.0,1,29257,M,4856346.0,-459718.0,29
201400001113,14,6,13,2345,4,2,1,1.0,3,29178,M,4854070.0,-465586.0,29
201400001114,14,7,2,1800,1,1,1,1.0,5,29119,M,4847384.0,-463899.0,29
201400001115,14,7,26,1000,1,2,1,1.0,1,29221,M,4848776.0,-477037.0,29
201400001116,14,7,27,1400,1,2,1,1.0,2,29177,M,4842501.0,-477871.0,29
201400001117,14,8,13,800,1,2,1,1.0,6,29260,M,4843234.0,-462873.0,29
201400001118,14,9,1,2245,3,2,1,1.0,6,29196,M,4852497.0,-459866.0,29
201400001119,14,10,11,2100,3,1,2,1.0,3,29208,M,4850909.0,-468598.0,29
201400001120,14,11,9,1530,1,2,1,1.0,1,29178,M,4856662.0,-468428.0,29
201400001121,14,12,4,1400,1,1,1,2.0,7,29196,M,4853800.0,-459700.0,29
201400001122,14,12,24,130,3,1,1,2.0,6,29196,M,4852497.0,-459866.0,29
201400001123,14,5,17,645,2,1,1,1.0,6,29302,M,4827696.0,-410257.0,29
201400001124,14,6,13,1700,1,2,1,7.0,1,29026,M,4819536.0,-409750.0,29
201400001125,14,8,22,1500,1,1,1,1.0,1,29240,M,4826353.0,-419451.0,29
201400001126,14,1,16,1115,1,2,1,2.0,7,29081,M,4837092.0,-374736.0,29
201400001127,14,2,5,1900,3,2,1,2.0,6,29024,M,4827558.0,-357418.0,29
201400001128,14,2,10,715,3,1,1,2.0,6,29227,M,4834012.0,-364282.0,29
201400001129,14,4,19,1700,1,1,2,1.0,3,29211,M,4831552.0,-373744.0,29
201400001130,14,5,4,1300,1,1,1,1.0,3,29152,M,4820169.0,-355540.0,29
201400001131,14,6,3,1530,1,1,2,8.0,3,29227,M,4834012.0,-364282.0,29
201400001132,14,6,7,1445,1,1,1,1.0,7,29250,M,4821814.0,-363458.0,29
201400001133,14,6,15,730,1,1,1,1.0,7,29024,M,4823913.0,-359864.0,29
201400001134,14,6,17,1730,1,1,1,1.0,1,29081,M,4836009.0,-379789.0,29
201400001135,14,7,4,1800,1,2,1,2.0,1,29024,M,4828106.0,-357423.0,29
201400001136,14,7,16,1630,1,2,1,7.0,5,29024,M,4827241.0,-356852.0,29
201400001137,14,2,21,1545,1,1,1,8.0,2,29107,M,4806303.0,-397809.0,29
201400001138,14,5,29,1700,3,1,1,1.0,6,29125,M,4809956.0,-378567.0,29
201400001139,14,7,13,100,3,1,1,2.0,6,29048,M,4811906.0,-388301.0,29
201400001140,14,9,9,1530,1,1,1,1.0,6,29041,M,4805100.0,-390300.0,29
201400001141,14,10,6,1145,1,1,1,1.0,1,29041,M,4805900.0,-382600.0,29
201400001142,14,10,14,1700,1,2,1,1.0,1,29020,M,4809711.0,-399740.0,29
201400001143,14,10,24,1815,1,1,1,8.0,6,29016,M,4832700.0,-396000.0,29
201400001144,14,11,1,1815,3,1,1,1.0,6,29041,M,4809284.0,-385286.0,29
201400001145,14,12,13,1030,1,1,1,1.0,3,29175,M,4835347.0,-385055.0,29
201400001146,14,2,19,1045,1,2,1,2.0,6,29022,M,4827562.0,-460483.0,29
201400001147,14,9,16,930,1,2,1,9.0,6,29280,M,4823174.0,-436985.0,29
201400001148,14,10,3,1630,1,2,1,1.0,3,29042,M,4824908.0,-441812.0,29
201400001149,14,12,4,745,4,2,1,1.0,3,29120,M,4828471.0,-445582.0,29
201400001150,14,12,20,1730,2,1,2,1.0,3,29238,M,4831535.0,-454802.0,29
201400001151,14,3,5,1745,1,1,1,1.0,2,29207,M,4856444.0,-384267.0,29
201400001152,14,5,2,2115,1,2,1,1.0,6,29113,M,4864700.0,-371540.0,29
201400001153,14,7,1,1245,1,1,1,1.0,1,29207,M,4853481.0,-379048.0,29
201400001154,14,8,9,1715,1,2,1,1.0,6,29191,M,4851861.0,-371009.0,29
201400001155,14,8,29,2000,1,1,1,1.0,1,29067,M,4851726.0,-358881.0,29
201400001156,14,10,20,2300,3,1,1,1.0,6,29191,M,4852067.0,-371301.0,29
201400001157,14,11,1,1615,1,1,1,7.0,2,29191,M,4851709.0,-370926.0,29
201400001158,14,11,16,2000,3,1,1,5.0,1,29191,M,4852067.0,-371301.0,29
201400001159,14,12,20,1500,1,1,1,1.0,3,29207,M,4853174.0,-383080.0,29
201400001160,14,12,26,1930,3,1,1,2.0,1,29059,M,4860127.0,-375734.0,29
201400001161,14,3,14,2030,5,2,1,1.0,6,29105,M,4851013.0,-407326.0,29
201400001162,14,3,20,1030,1,1,1,1.0,1,29204,M,4854000.0,-421500.0,29
201400001163,14,5,23,1200,1,1,1,2.0,6,29105,M,4851013.0,-407326.0,29
201400001164,14,7,5,730,2,1,1,2.0,7,29010,M,4849200.0,-413699.0,29
201400001165,14,8,24,1745,1,1,1,8.0,7,29262,M,4589407.0,-415793.0,29
201400001166,14,8,24,1400,1,1,1,1.0,7,29193,M,4855406.0,-408399.0,29
201400001167,14,9,21,1700,1,2,1,1.0,6,29038,M,4841201.0,-396918.0,29
201400001168,14,10,7,800,2,2,1,2.0,6,29105,M,4851700.0,-406900.0,29
201400001169,14,11,15,1915,3,1,1,1.0,3,29202,M,4847000.0,-387500.0,29
201400001170,14,1,5,2245,3,1,1,6.0,6,29279,M,4858167.0,-390153.0,29
201400001171,14,1,8,1845,5,2,1,2.0,6,29259,M,4868127.0,-398737.0,29
201400001172,14,1,17,2100,3,1,1,8.0,6,29023,M,4864881.0,-392304.0,29
201400001173,14,1,24,1215,1,2,1,2.0,6,29030,M,4866268.0,-411066.0,29
201400001174,14,2,22,1630,1,2,1,1.0,3,29259,M,4867987.0,-399852.0,29
201400001175,14,3,5,1715,1,1,2,7.0,1,29068,M,4853774.0,-396788.0,29
201400001176,14,3,10,1030,1,1,1,1.0,3,29259,M,4866126.0,-402249.0,29
201400001177,14,5,31,1830,1,1,1,1.0,1,29030,M,4866265.0,-410303.0,29
201400001178,14,6,17,1700,1,2,1,1.0,3,29184,M,4862711.0,-396124.0,29
201400001179,14,8,25,1000,1,1,1,3.0,6,29184,M,4862842.0,-399242.0,29
201400001180,14,9,12,1330,1,1,1,1.0,1,29239,M,4872620.0,-398532.0,29
201400001181,14,9,16,2015,1,1,2,1.0,3,29030,M,4866265.0,-410303.0,29
201400001182,14,9,23,1645,1,1,1,1.0,3,29192,M,0.0,0.0,29
201400001183,14,9,27,2030,3,1,1,1.0,6,29111,M,4857974.0,-421114.0,29
201400001184,14,11,25,1345,1,1,1,1.0,7,29213,M,4859620.0,-411367.0,29
201400001185,14,7,8,1015,1,1,1,1.0,4,56094,M,0.0,0.0,56
201400001186,14,1,24,300,3,1,1,2.0,6,56022,M,0.0,0.0,56
201400001187,14,1,27,2045,3,1,1,1.0,7,56120,M,0.0,0.0,56
201400001188,14,1,30,615,3,1,1,2.0,1,56158,M,0.0,0.0,56
201400001189,14,2,1,1730,1,1,1,1.0,7,56164,M,0.0,0.0,56
201400001190,14,3,4,930,1,1,1,1.0,1,56067,M,0.0,0.0,56
201400001191,14,5,15,2030,1,1,1,1.0,1,56067,M,0.0,0.0,56
201400001192,14,5,28,1315,1,2,1,1.0,6,56008,M,4761961.0,-292204.0,56
201400001193,14,7,1,730,1,1,1,8.0,3,56157,M,0.0,0.0,56
201400001194,14,7,2,1430,1,2,1,1.0,3,56008,M,4762081.0,-291450.0,56
201400001195,14,7,6,2045,1,1,1,1.0,1,56106,M,0.0,0.0,56
201400001196,14,10,17,700,3,1,1,8.0,1,56022,M,0.0,0.0,56
201400001197,14,11,20,945,1,1,1,1.0,3,56260,M,0.0,0.0,56
201400001198,14,12,27,630,3,1,6,1.0,6,56115,M,0.0,0.0,56
201400001199,14,1,23,1715,1,2,1,8.0,6,56061,M,0.0,0.0,56
201400001200,14,1,25,1600,1,1,6,7.0,6,56194,M,0.0,0.0,56
201400001201,14,3,6,45,3,1,1,1.0,6,56223,M,4764236.0,-209745.0,56
201400001202,14,4,10,1800,1,1,1,1.0,2,56154,M,0.0,0.0,56
201400001203,14,4,19,1615,1,2,1,1.0,6,56033,M,0.0,0.0,56
201400001204,14,5,23,1230,1,1,2,1.0,6,56194,M,4761111.0,-211271.0,56
201400001205,14,6,1,130,3,1,1,1.0,6,56060,M,0.0,0.0,56
201400001206,14,6,21,515,2,1,1,1.0,6,56154,M,0.0,0.0,56
201400001207,14,7,4,1445,1,1,6,6.0,3,56194,M,0.0,0.0,56
201400001208,14,12,29,1630,1,1,1,1.0,7,56033,M,0.0,0.0,56
201400001209,14,1,9,1015,1,1,1,1.0,1,56077,M,0.0,0.0,56
201400001210,14,1,14,530,3,1,1,1.0,7,56143,M,0.0,0.0,56
201400001211,14,2,24,1245,1,1,2,1.0,3,56149,M,4756706.0,-243073.0,56
201400001212,14,2,28,1145,1,1,1,1.0,1,56002,M,0.0,0.0,56
201400001213,14,7,27,1630,1,2,1,1.0,6,56195,M,4752173.0,-230409.0,56
201400001214,14,1,1,1230,1,1,1,6.0,6,56184,M,0.0,0.0,56
201400001215,14,1,6,1600,1,1,1,8.0,5,56184,M,0.0,0.0,56
201400001216,14,2,18,1030,1,1,1,1.0,3,56261,M,4769702.0,-251621.0,56
201400001217,14,4,25,800,1,1,3,1.0,1,56184,M,0.0,0.0,56
201400001218,14,6,27,1945,1,1,1,1.0,4,56109,M,0.0,0.0,56
201400001219,14,6,28,200,3,1,1,1.0,7,56231,M,0.0,0.0,56
201400001220,14,7,17,2030,1,2,1,8.0,7,56123,M,0.0,0.0,56
201400001221,14,9,22,1645,1,1,1,1.0,1,56224,M,0.0,0.0,56
201400001222,14,10,11,915,1,1,1,1.0,3,56231,M,0.0,0.0,56
201400001223,14,11,21,800,2,2,9,5.0,3,56184,M,4766149.0,-245625.0,56
201400001224,14,1,20,745,5,2,1,1.0,1,56023,M,0.0,0.0,56
201400001225,14,1,25,1045,1,2,1,1.0,6,56007,M,4766747.0,-298531.0,56
201400001226,14,2,23,2000,1,2,1,1.0,7,56023,M,4768240.0,-302202.0,56
201400001227,14,3,21,1945,5,2,1,1.0,6,56007,M,4767271.0,-299325.0,56
201400001228,14,3,28,1600,1,2,1,1.0,3,56007,M,4767255.0,-299231.0,56
201400001229,14,7,9,1830,1,1,1,1.0,4,56046,M,4765450.0,-298263.0,56
201400001230,14,8,31,445,3,1,1,1.0,7,56167,M,0.0,0.0,56
201400001231,14,9,19,715,1,2,1,1.0,3,56176,M,4766916.0,-296065.0,56
201400001232,14,10,20,100,3,1,9,1.0,7,56176,M,0.0,0.0,56
201400001233,14,11,8,2115,5,2,1,1.0,6,56007,M,4767941.0,-300576.0,56
201400001234,14,11,13,2000,3,1,1,8.0,1,56046,M,0.0,0.0,56
201400001235,14,11,22,1630,1,1,3,1.0,5,56263,M,0.0,0.0,56
201400001236,14,1,9,1545,2,1,1,8.0,1,56152,M,4733411.0,-315963.0,56
201400001237,14,3,6,1700,5,2,1,1.0,3,56168,M,4759723.0,-311235.0,56
201400001238,14,7,26,1100,1,2,1,1.0,3,56186,M,4748272.0,-311072.0,56
201400001239,14,8,16,1115,1,2,1,1.0,6,56034,M,4758353.0,-307834.0,56
201400001240,14,1,10,1945,4,2,1,3.0,6,56069,M,4763993.0,-344996.0,56
201400001241,14,8,14,1145,1,1,6,1.0,3,56130,M,0.0,0.0,56
201400001242,14,9,9,2300,5,2,1,1.0,7,56193,M,4771518.0,-333323.0,56
201400001243,14,11,12,1500,1,1,1,3.0,1,56169,M,4769337.0,-320123.0,56
201400001244,14,11,17,945,1,2,1,1.0,3,56161,M,0.0,0.0,56
201400001245,14,1,20,815,2,2,1,5.0,6,56165,M,4792861.0,-239284.0,56
201400001246,14,2,11,2000,3,1,1,8.0,1,56134,M,0.0,0.0,56
201400001247,14,3,4,845,2,1,1,7.0,7,56043,M,0.0,0.0,56
201400001248,14,3,2,1215,1,2,6,2.0,2,56165,M,4793909.0,-240368.0,56
201400001249,14,8,17,1900,1,1,1,1.0,1,56165,M,0.0,0.0,56
201400001250,14,9,3,1715,1,1,1,1.0,2,56165,M,0.0,0.0,56
201400001251,14,9,26,2030,4,2,1,1.0,7,56127,M,0.0,0.0,56
201400001252,14,10,13,1800,1,1,6,1.0,3,56122,M,4797591.0,-237934.0,56
201400001253,14,10,9,1300,1,1,1,1.0,7,56197,M,0.0,0.0,56
201400001254,14,10,19,1815,1,1,1,1.0,1,56138,M,4789183.0,-236360.0,56
201400001255,14,12,31,1845,3,1,1,1.0,6,56006,M,0.0,0.0,56
201400001256,14,2,9,2120,3,1,1,2.0,7,56230,M,0.0,0.0,56
201400001257,14,2,14,1,3,1,1,2.0,6,56219,M,4779577.0,-250631.0,56
201400001258,14,5,14,1845,1,2,3,1.0,3,56124,M,0.0,0.0,56
201400001259,14,8,1,1730,1,1,3,1.0,3,56020,M,0.0,0.0,56
201400001260,14,9,12,1645,1,2,1,1.0,6,56244,M,4782371.0,-251253.0,56
201400001261,14,10,4,1715,1,1,2,8.0,3,56075,M,0.0,0.0,56
201400001262,14,10,16,845,1,1,1,8.0,1,56200,M,0.0,0.0,56
201400001263,14,1,10,1315,1,1,1,1.0,6,56172,M,0.0,0.0,56
201400001264,14,1,12,1130,1,1,1,1.0,6,56222,M,4786610.0,-274267.0,56
201400001265,14,3,16,1830,1,1,1,1.0,1,56160,M,4798495.0,-268607.0,56
201400001266,14,3,16,1845,1,1,1,7.0,2,56140,M,0.0,0.0,56
201400001267,14,4,7,645,2,1,1,2.0,6,56172,M,0.0,0.0,56
201400001268,14,5,9,1900,1,1,1,1.0,6,56079,M,0.0,0.0,56
201400001269,14,5,20,1515,2,1,1,1.0,1,56017,M,0.0,0.0,56
201400001270,14,6,9,200,3,1,1,1.0,6,56024,M,0.0,0.0,56
201400001271,14,6,16,1130,1,1,1,7.0,6,56070,M,0.0,0.0,56
201400001272,14,7,6,1600,1,1,1,2.0,1,56017,M,4786817.0,-274360.0,56
201400001273,14,7,6,2130,1,2,1,1.0,6,56189,M,4796036.0,-271289.0,56
201400001274,14,7,24,1400,1,1,1,1.0,1,56059,M,0.0,0.0,56
201400001275,14,9,5,1745,1,1,1,1.0,7,56017,M,0.0,0.0,56
201400001276,14,2,26,1615,1,1,1,1.0,5,56041,M,0.0,0.0,56
201400001277,14,8,6,1600,1,1,1,1.0,1,56213,M,0.0,0.0,56
201400001278,14,10,5,1000,1,1,1,1.0,6,56215,M,0.0,0.0,56
201400001279,14,11,3,1700,2,1,1,2.0,2,56151,M,0.0,0.0,56
201400001280,14,11,28,945,1,1,1,1.0,1,56178,M,0.0,0.0,56
201400001281,14,1,16,745,3,1,1,8.0,1,56141,M,0.0,0.0,56
201400001282,14,2,4,1430,1,2,1,1.0,6,56128,M,0.0,0.0,56
201400001283,14,3,14,100,3,1,6,1.0,6,56140,M,0.0,0.0,56
201400001284,14,3,15,1830,1,2,1,1.0,6,56010,M,4787640.0,-301938.0,56
201400001285,14,3,16,1415,1,2,1,1.0,1,56117,M,0.0,0.0,56
201400001286,14,4,24,930,1,1,1,1.0,7,56141,M,0.0,0.0,56
201400001287,14,5,26,900,1,1,1,1.0,7,56010,M,0.0,0.0,56
201400001288,14,5,31,1815,1,1,1,1.0,3,56140,M,0.0,0.0,56
201400001289,14,6,18,745,1,1,1,1.0,1,56192,M,0.0,0.0,56
201400001290,14,7,2,2145,1,1,1,1.0,1,56207,M,0.0,0.0,56
201400001291,14,7,25,2000,2,2,1,7.0,1,56140,M,0.0,0.0,56