Num_Acc,an,mois,jour,hrmn,lum,agg,int,atm,col,com,gps,lat,long,dep
201400001292,14,9,2,1615,1,2,1,7.0,6,56117,M,0.0,0.0,56
201400001293,14,12,19,845,2,1,1,2.0,1,56173,M,4795892.0,-302363.0,56
201400001294,14,3,12,1415,1,1,1,1.0,2,56057,M,4802578.0,-350156.0,56
201400001295,14,4,26,1245,1,1,5,8.0,1,56066,M,0.0,0.0,56
201400001296,14,5,1,1400,1,1,1,8.0,1,56081,M,0.0,0.0,56
201400001297,14,7,21,715,1,1,1,1.0,3,56014,M,0.0,0.0,56
201400001298,14,10,28,1630,1,1,1,1.0,6,56066,M,0.0,0.0,56
201400001299,14,11,18,1800,3,1,1,1.0,5,56057,M,0.0,0.0,56
201400001300,14,10,24,1245,1,1,6,1.0,3,14488,M,4926460.0,-26206.0,14
201400001301,14,12,31,700,3,1,1,8.0,1,14076,M,0.0,0.0,14
201400001302,14,1,10,2230,3,1,1,1.0,6,14014,M,4926010.0,-40722.0,14
201400001303,14,4,24,735,1,1,2,1.0,3,14044,M,4926830.0,-43688.0,14
201400001304,14,8,14,1545,1,2,2,8.0,3,14044,M,,,14
201400001305,14,11,29,1220,1,1,1,1.0,7,14044,M,4929080.0,-41212.0,14
201400001306,14,12,28,230,3,1,1,6.0,6,14044,M,4928000.0,-42800.0,14
201400001307,14,1,9,800,2,1,1,8.0,6,14747,M,4912320.0,-44691.0,14
201400001308,14,1,16,1845,3,1,1,1.0,1,14747,M,4911190.0,-45254.0,14
201400001309,14,2,27,1915,5,1,1,2.0,3,14257,M,,,14
201400001310,14,3,4,745,2,1,2,1.0,3,14042,M,4912440.0,-49126.0,14
201400001311,14,3,18,815,1,1,6,1.0,3,14396,M,4913440.0,-41291.0,14
201400001312,14,5,11,45,4,2,1,1.0,6,14006,M,4908470.0,-43295.0,14
201400001313,14,5,25,1730,1,1,3,3.0,3,14738,M,4915940.0,-46919.0,14
201400001314,14,5,28,1800,1,1,1,8.0,1,14042,M,4912170.0,-46587.0,14
201400001315,14,11,10,530,3,1,2,1.0,3,14311,M,4914400.0,-54986.0,14
201400001316,14,1,1,1800,5,2,3,3.0,6,14675,M,4913780.0,-29721.0,14
201400001317,14,1,13,1630,1,2,1,1.0,3,14057,M,4912470.0,-20698.0,14
201400001318,14,2,12,715,2,1,1,8.0,1,14145,M,4904020.0,-28137.0,14
201400001319,14,3,13,530,3,1,1,5.0,6,14020,M,4912480.0,-18385.0,14
201400001320,14,4,1,1800,1,1,1,1.0,1,14057,M,4911910.0,-22681.0,14
201400001321,14,4,24,830,1,1,1,1.0,1,14092,M,4911970.0,-28763.0,14
201400001322,14,5,8,445,3,1,1,1.0,6,14074,M,4907890.0,-18126.0,14
201400001323,14,5,14,1645,1,1,1,1.0,2,14020,M,4912490.0,-18320.0,14
201400001324,14,6,13,1415,1,2,1,1.0,1,14057,M,4912660.0,-21123.0,14
201400001325,14,6,15,1800,1,1,1,1.0,3,14020,M,4911940.0,-18262.0,14
201400001326,14,6,25,2100,1,1,1,1.0,1,14005,M,4908650.0,-15366.0,14
201400001327,14,7,1,2000,1,2,1,1.0,6,14119,M,,,14
201400001328,14,9,14,915,1,1,1,1.0,3,14271,M,4913170.0,-37778.0,14
201400001329,14,9,17,1945,1,2,1,1.0,1,14020,M,4912390.0,-17212.0,14
201400001330,14,11,3,750,1,1,1,2.0,3,14456,M,4912000.0,-18579.0,14
201400001331,14,12,1,745,5,2,1,1.0,1,14623,M,0.0,0.0,14
201400001332,14,12,7,15,1,1,1,1.0,6,14252,M,4900700.0,-27600.0,14
201400001333,14,12,25,900,4,2,1,1.0,6,14057,M,4913000.0,-20800.0,14
201400001334,14,1,7,1830,5,2,2,1.0,3,14488,M,4927720.0,-26161.0,14
201400001335,14,3,10,1800,1,2,2,1.0,3,14325,M,4929900.0,-30688.0,14
201400001336,14,3,11,2100,5,2,2,1.0,6,14365,M,4930320.0,-32016.0,14
201400001337,14,6,12,1205,1,1,3,1.0,3,14076,M,4923830.0,-31563.0,14
201400001338,14,8,17,2055,2,2,3,2.0,6,14060,M,4924820.0,-27312.0,14
201400001339,14,10,8,1345,1,2,1,1.0,1,14488,M,,,14
201400001340,14,10,12,1200,1,2,2,2.0,3,14166,M,,,14
201400001341,14,11,22,1545,1,2,2,1.0,3,14488,M,4928680.0,-26046.0,14
201400001342,14,11,28,1830,5,2,1,1.0,1,14488,M,4928200.0,-26549.0,14
201400001343,14,12,1,1130,1,1,1,8.0,1,14325,M,0.0,0.0,14
201400001344,14,1,11,1145,1,2,1,1.0,6,14246,M,4921250.0,-23710.0,14
201400001345,14,4,5,1525,1,1,1,1.0,7,14344,M,4915530.0,-16591.0,14
201400001346,14,4,9,755,1,1,3,5.0,3,14046,M,4924230.0,-18578.0,14
201400001347,14,5,2,2230,3,1,2,1.0,1,14530,M,4923620.0,-23810.0,14
201400001348,14,8,23,2330,3,2,1,1.0,6,14530,M,4922090.0,-27375.0,14
201400001349,14,9,4,1230,1,2,1,1.0,7,14724,M,4928440.0,-15196.0,14
201400001350,14,10,14,2245,3,1,1,1.0,6,14328,M,4920830.0,-27901.0,14
201400001351,14,4,18,1445,1,2,1,1.0,6,14047,M,4927890.0,-70538.0,14
201400001352,14,6,10,2200,5,1,1,1.0,3,14047,M,,,14
201400001353,14,7,6,115,3,2,1,2.0,3,14436,M,,,14
201400001354,14,9,29,800,2,1,1,2.0,6,14732,M,,,14
201400001355,14,10,10,1845,1,1,1,1.0,1,14184,M,,,14
201400001356,14,12,2,1830,3,1,6,3.0,1,14630,M,0.0,0.0,14
201400001357,14,6,17,1055,1,1,1,1.0,7,14468,M,4922090.0,-76744.0,14
201400001358,14,11,20,1000,1,1,1,1.0,1,14727,M,,,14
201400001359,14,3,15,150,3,1,6,1.0,6,14258,M,4888150.0,-19239.0,14
201400001360,14,4,25,1400,1,1,1,1.0,6,14206,M,4887590.0,-8102.0,14
201400001361,14,6,27,915,1,2,2,1.0,3,14244,M,4890780.0,-15806.0,14
201400001362,14,7,26,1945,1,1,1,1.0,7,14332,M,4886100.0,-17374.0,14
201400001363,14,8,21,1300,1,1,1,1.0,4,14180,M,4886300.0,-22421.0,14
201400001364,14,9,5,1830,1,1,2,1.0,5,14467,M,4888640.0,-23654.0,14
201400001365,14,3,28,2100,3,1,1,8.0,6,14207,M,4900460.0,-43651.0,14
201400001366,14,6,20,845,2,2,1,1.0,6,14251,M,4897940.0,-47030.0,14
201400001367,14,7,3,330,3,1,1,1.0,6,14162,M,4888070.0,-45200.0,14
201400001368,14,7,26,1830,1,1,1,1.0,7,14207,M,,,14
201400001369,14,11,5,1545,1,1,1,1.0,1,14656,M,4895310.0,-49355.0,14
201400001370,14,11,6,900,1,1,2,1.0,6,14603,M,4904590.0,-41003.0,14
201400001371,14,11,22,1455,1,1,2,1.0,3,14223,M,4887900.0,-34877.0,14
201400001372,14,1,17,1630,1,1,1,2.0,3,14749,M,4904990.0,-11363.0,14
201400001373,14,1,19,1100,1,1,1,1.0,1,14141,M,4904250.0,9723.0,14
201400001374,14,3,9,2000,3,1,1,1.0,1,14386,M,,,14
201400001375,14,9,25,1215,1,2,2,1.0,3,14431,M,,,14
201400001376,14,11,17,838,2,2,1,2.0,3,14201,M,4911830.0,1671.0,14
201400001377,14,12,1,900,1,1,7,1.0,7,14082,M,0.0,0.0,14
201400001378,14,12,25,1345,1,1,1,1.0,3,14520,M,0.0,0.0,14
201400001379,14,1,25,1900,3,1,1,1.0,3,14259,M,4897720.0,38244.0,14
201400001380,14,2,7,830,1,1,1,6.0,3,14403,M,4914380.0,34073.0,14
201400001381,14,10,22,1500,1,1,1,1.0,1,14528,M,4932610.0,29241.0,14
201400001382,14,11,29,2000,3,2,1,1.0,6,14514,M,4929100.0,19037.0,14
201400001383,14,1,31,1900,3,1,1,3.0,1,14660,M,4928730.0,821.0,14
201400001384,14,2,28,1900,3,1,1,3.0,6,14012,M,4924260.0,-1565.0,14
201400001385,14,3,1,1145,1,1,1,1.0,6,14474,M,4913580.0,-445.0,14
201400001386,14,3,10,1845,2,2,2,1.0,3,14754,M,4932070.0,-480.0,14
201400001387,14,3,16,1315,1,1,1,1.0,3,14494,M,4925410.0,-7265.0,14
201400001388,14,6,9,1415,1,1,1,1.0,6,14126,M,4914060.0,5708.0,14
201400001389,14,7,29,900,1,1,1,2.0,7,14316,M,4927220.0,-4865.0,14
201400001390,14,8,27,1830,1,1,1,1.0,1,14083,M,4920270.0,8546.0,14
201400001391,14,8,30,1630,1,1,3,8.0,3,14754,M,4930010.0,2533.0,14
201400001392,14,9,28,1015,1,1,1,1.0,3,14335,M,4917430.0,-6497.0,14
201400001393,14,9,28,1635,1,1,1,1.0,3,14598,M,4921590.0,-2781.0,14
201400001394,14,10,16,2245,3,1,1,3.0,1,14012,M,4923970.0,-4306.0,14
201400001395,14,11,15,1645,1,1,1,1.0,6,14083,M,,,14
201400001396,14,11,22,1605,2,1,1,1.0,1,14300,M,4919800.0,1.0,14
201400001397,14,12,25,1300,1,1,1,8.0,6,14126,M,4914400.0,5300.0,14
201400001398,14,1,13,815,2,1,1,1.0,6,14762,M,4884390.0,-92086.0,14
201400001399,14,1,17,745,5,2,1,2.0,6,14762,M,4884680.0,-88825.0,14
201400001400,14,4,11,1130,1,2,1,1.0,6,14762,M,4883850.0,-88950.0,14
201400001401,14,5,3,1915,1,2,1,1.0,6,14658,M,4884250.0,-105105.0,14
201400001402,14,8,28,2115,3,1,1,3.0,7,14717,M,4879580.0,-79963.0,14
201400001403,14,10,13,1615,1,2,1,1.0,6,14762,M,4884020.0,-89474.0,14
201400001404,14,11,5,850,2,1,3,7.0,3,14545,M,4883250.0,-86574.0,14
201400001405,14,1,15,1615,1,1,1,8.0,6,14084,M,4900190.0,-60829.0,14
201400001406,14,3,19,1615,1,1,2,1.0,3,14061,M,4892130.0,-85491.0,14
201400001407,14,4,5,1225,1,1,1,1.0,1,14704,M,4898650.0,-84007.0,14
201400001408,14,7,23,1600,1,1,1,1.0,3,14508,M,4894700.0,-61379.0,14
201400001409,14,7,26,1200,1,1,1,1.0,1,14443,M,4893800.0,-70234.0,14
201400001410,14,10,1,2315,3,1,1,2.0,6,14139,M,4891710.0,-86391.0,14
201400001411,14,2,5,1330,1,2,1,2.0,6,14726,M,4885270.0,-67179.0,14
201400001412,14,3,1,1900,2,1,1,1.0,3,14545,M,4884050.0,-81828.0,14
201400001413,14,4,11,1615,1,1,1,1.0,3,14585,M,4884730.0,-61282.0,14
201400001414,14,5,25,1100,1,1,2,1.0,1,14564,M,4892850.0,-80134.0,14
201400001415,14,6,24,1830,1,2,1,1.0,3,14174,M,4885520.0,-54233.0,14
201400001416,14,10,13,830,2,1,1,2.0,7,14653,M,,,14
201400001417,14,11,7,2030,3,1,1,1.0,6,14174,M,,,14
201400001418,14,3,9,1545,1,1,9,1.0,2,50458,M,4932270.0,-126635.0,50
201400001419,14,5,16,2200,2,1,1,1.0,6,50298,M,4930420.0,-128854.0,50
201400001420,14,5,19,2000,1,2,2,1.0,3,50099,M,4930310.0,-124317.0,50
201400001421,14,9,10,945,1,1,1,1.0,6,50099,M,4926910.0,-127545.0,50
201400001422,14,9,17,1200,1,1,2,1.0,1,50099,M,4931040.0,-126232.0,50
201400001423,14,2,22,2030,3,1,1,1.0,1,50283,M,4915250.0,-104613.0,50
201400001424,14,4,6,500,3,1,1,1.0,6,50348,M,4925460.0,-114169.0,50
201400001425,14,10,6,1600,1,1,1,2.0,1,50431,M,4916970.0,-125516.0,50
201400001426,14,5,23,630,2,1,1,1.0,1,50048,M,4886880.0,-120107.0,50
201400001427,14,9,6,1230,1,1,1,1.0,1,50213,M,4908080.0,-109201.0,50
201400001428,14,1,20,1032,1,1,1,1.0,1,94054,M,4873020.0,236800.0,94
201400001429,14,3,5,900,1,1,1,1.0,4,94054,M,4873460.0,236610.0,94
201400001430,14,1,12,1215,1,1,2,1.0,3,50224,M,4898890.0,-91581.0,50
201400001431,14,4,17,815,2,1,8,7.0,3,94054,M,4873990.0,236054.0,94
201400001432,14,4,9,1835,1,1,6,1.0,4,94054,M,4873050.0,236264.0,94
201400001433,14,5,6,2040,2,1,1,2.0,7,94054,M,4873790.0,236486.0,94
201400001434,14,7,10,2015,2,1,1,2.0,7,94054,M,4872870.0,236270.0,94
201400001435,14,8,11,125,5,1,1,8.0,5,94054,M,4874214.0,236236.0,94
201400001436,14,9,18,2130,5,1,1,1.0,2,94054,M,4873520.0,236528.0,94
201400001437,14,10,8,1415,1,1,1,1.0,6,94054,M,4873000.0,236980.0,94
201400001438,14,10,11,2255,5,1,1,1.0,4,94054,M,4872910.0,236790.0,94
201400001439,14,10,14,1215,1,1,1,1.0,2,94054,M,4873230.0,236605.0,94
201400001440,14,10,23,2205,5,1,1,1.0,6,94054,M,4873870.0,236394.0,94
201400001441,14,11,8,545,5,2,8,1.0,3,94054,M,4874090.0,236495.0,94
201400001442,14,4,29,1630,1,1,2,1.0,5,50224,M,4899020.0,-95619.0,50
201400001443,14,7,26,1545,1,2,3,1.0,1,50601,M,4903930.0,-97548.0,50
201400001444,14,9,14,700,2,2,1,1.0,6,50601,M,4903040.0,-97720.0,50
201400001445,14,9,22,2200,3,1,1,1.0,6,50224,M,4897790.0,-97213.0,50
201400001446,14,11,14,915,1,2,2,8.0,6,50601,M,4903500.0,-97895.0,50
201400001447,14,3,6,1530,1,1,3,1.0,3,50489,M,4870940.0,-135739.0,50
201400001448,14,3,29,1415,1,1,3,1.0,3,50505,M,4865870.0,-133778.0,50
201400001449,14,7,20,1300,1,1,1,1.0,1,50406,M,4873620.0,-134687.0,50
201400001450,14,8,14,1800,1,2,1,1.0,6,50025,M,4868390.0,-135532.0,50
201400001451,14,9,24,1945,1,2,3,1.0,1,50025,M,4868440.0,-136365.0,50
201400001452,14,10,25,1145,1,2,1,1.0,6,50025,M,4868610.0,-135989.0,50
201400001453,14,12,23,2245,5,2,1,1.0,6,50025,M,4868820.0,-135926.0,50
201400001454,14,1,13,1430,1,1,1,8.0,1,50188,M,4881270.0,-142713.0,50
201400001455,14,4,25,1245,1,1,1,1.0,6,50027,M,4868530.0,-142802.0,50
201400001456,14,5,30,1700,1,1,1,1.0,2,50276,M,4872000.0,-141079.0,50
201400001457,14,6,6,1630,1,1,3,1.0,2,50247,M,4880820.0,-139234.0,50
201400001458,14,6,25,1100,1,2,4,1.0,3,50237,M,4879360.0,-139612.0,50
201400001459,14,7,12,2330,3,1,1,1.0,1,50102,M,4874780.0,-154181.0,50
201400001460,14,7,28,215,3,1,2,1.0,3,50117,M,4874980.0,-152896.0,50
201400001461,14,8,18,1815,1,1,1,1.0,6,50282,M,4876570.0,-133838.0,50
201400001462,14,8,28,1500,1,1,1,2.0,1,50114,M,4877870.0,-137012.0,50
201400001463,14,9,1,1815,1,1,1,1.0,1,50493,M,4885070.0,-147078.0,50
201400001464,14,9,20,1015,2,2,1,1.0,6,50565,M,4875420.0,-145903.0,50
201400001465,14,10,13,1345,1,1,1,8.0,3,50038,M,4883640.0,-135417.0,50
201400001466,14,11,8,1045,1,1,1,1.0,1,50038,M,4883700.0,-137981.0,50
201400001467,14,12,5,130,3,1,1,8.0,6,50276,M,4874060.0,-143730.0,50
201400001468,14,12,14,1800,3,1,2,1.0,3,50038,M,4883300.0,-137211.0,50
201400001469,14,6,18,1415,1,1,2,1.0,3,50443,M,4851060.0,-147762.0,50
201400001470,14,7,14,1715,1,1,2,1.0,1,50410,M,4856380.0,-151090.0,50
201400001471,14,8,10,1615,1,1,1,1.0,3,50108,M,4862370.0,-137163.0,50
201400001472,14,12,6,730,3,1,1,1.0,6,50487,M,4853720.0,-133344.0,50
201400001473,14,12,7,730,5,2,5,2.0,3,50410,M,4854670.0,-150206.0,50
201400001474,14,5,2,1545,1,1,1,1.0,1,50275,M,4876060.0,-116407.0,50
201400001475,14,5,20,1230,1,2,3,8.0,1,50112,M,4876590.0,-123701.0,50
201400001476,14,10,17,1300,1,1,1,1.0,6,50499,M,4875020.0,-112976.0,50
201400001477,14,11,6,1030,1,1,4,1.0,3,50453,M,4884540.0,-120116.0,50
201400001478,14,12,19,2045,3,1,2,2.0,3,50499,M,4874060.0,-111552.0,50
201400001479,14,2,20,545,3,1,2,2.0,1,50594,M,4958620.0,-172222.0,50
201400001480,14,2,18,1930,3,1,3,1.0,3,50294,M,4960050.0,-166759.0,50
201400001481,14,3,22,1800,1,1,1,1.0,6,50057,M,4961350.0,-178839.0,50
201400001482,14,6,19,1400,1,1,1,1.0,3,50220,M,4966000.0,-182226.0,50
201400001483,14,7,7,815,1,1,6,7.0,3,50294,M,4960420.0,-166376.0,50
201400001484,14,10,27,1345,1,1,1,1.0,6,50187,M,4962040.0,-172752.0,50
201400001485,14,1,11,1130,1,1,3,8.0,3,50031,M,4938820.0,-175450.0,50
201400001486,14,2,9,1145,1,1,1,8.0,1,50082,M,4947750.0,-165858.0,50
201400001487,14,4,25,1730,1,2,1,1.0,6,50184,M,4954140.0,-186657.0,50
201400001488,14,5,31,1100,1,1,3,1.0,2,50435,M,4949320.0,-161030.0,50
201400001489,14,6,8,1800,1,1,1,1.0,1,50082,M,4946170.0,-162809.0,50
201400001490,14,6,9,1600,1,1,3,1.0,1,50471,M,4936660.0,-171823.0,50
201400001491,14,7,31,1230,1,1,1,1.0,1,50490,M,4937450.0,-173349.0,50
201400001492,14,11,1,1515,1,2,3,1.0,3,50402,M,4951530.0,-180472.0,50
201400001493,14,11,22,2000,5,2,1,2.0,6,50031,M,4937680.0,-178739.0,50
201400001494,14,12,17,2300,3,1,1,5.0,6,50401,M,4948800.0,-179653.0,50
201400001495,14,2,6,1300,1,2,1,2.0,7,50268,M,4953240.0,-132199.0,50
201400001496,14,4,28,1130,1,1,1,8.0,6,50103,M,4938070.0,-130023.0,50
201400001497,14,7,4,700,1,1,1,1.0,6,50191,M,4946220.0,-123047.0,50
201400001498,14,7,20,1300,1,2,1,1.0,7,50333,M,4937990.0,-143071.0,50
201400001499,14,10,23,1130,1,1,1,1.0,5,50055,M,4942790.0,-149386.0,50
201400001500,14,4,13,1145,1,1,1,1.0,7,50087,M,4956370.0,-157142.0,50
201400001501,14,6,15,1915,1,1,1,1.0,3,50087,M,4956360.0,-158830.0,50
201400001502,14,6,22,500,2,1,1,1.0,6,50087,M,4953730.0,-156176.0,50
201400001503,14,8,14,900,1,1,3,1.0,3,50615,M,4950250.0,-148763.0,50
201400001504,14,9,21,1530,1,2,3,1.0,5,50562,M,4959180.0,-126675.0,50
201400001505,14,11,1,1830,2,1,3,8.0,3,50096,M,4964720.0,-138180.0,50
201400001506,14,12,29,1645,2,2,1,1.0,6,50022,M,4954160.0,-132147.0,50
201400001507,14,3,31,1615,1,1,1,7.0,3,50003,M,4904170.0,-156574.0,50
201400001508,14,5,14,1645,1,1,1,1.0,1,50111,M,4903760.0,-130347.0,50
201400001509,14,5,28,1845,1,1,6,1.0,2,50603,M,4905540.0,-148409.0,50
201400001510,14,6,26,845,1,1,2,1.0,3,50354,M,4911450.0,-151874.0,50
201400001511,14,7,10,830,1,1,6,1.0,3,50603,M,4905540.0,-148409.0,50
201400001512,14,8,3,1845,1,1,1,1.0,6,50092,M,4906140.0,-140828.0,50
201400001513,14,10,7,1600,1,1,1,3.0,7,50092,M,4910440.0,-139427.0,50
201400001514,14,11,18,530,3,1,6,5.0,7,50354,M,4912290.0,-150399.0,50
201400001515,14,1,20,1830,3,1,3,1.0,2,50365,M,4893880.0,-148823.0,50
201400001516,14,1,24,845,2,1,2,2.0,1,50140,M,4899380.0,-141876.0,50
201400001517,14,2,15,1,3,1,1,8.0,6,50228,M,4894020.0,-123865.0,50
201400001518,14,3,2,645,3,1,1,1.0,6,50015,M,4895510.0,-154914.0,50
201400001519,14,4,9,1715,1,1,3,1.0,2,50085,M,4892230.0,-149876.0,50
201400001520,14,6,7,1745,1,2,6,1.0,3,50081,M,4886590.0,-154093.0,50
201400001521,14,6,22,1930,1,1,2,1.0,3,50081,M,4885860.0,-155517.0,50
201400001522,14,7,12,330,3,1,1,1.0,6,50228,M,4896780.0,-126004.0,50
201400001523,14,11,8,1600,1,1,3,8.0,3,50140,M,4898700.0,-144404.0,50
201400001524,14,11,11,1315,1,1,1,1.0,6,50463,M,4891780.0,-133736.0,50
201400001525,14,11,14,1215,1,1,1,1.0,7,50349,M,4901580.0,-150888.0,50
201400001526,14,12,2,1245,1,1,3,2.0,2,50626,M,4889530.0,-138222.0,50
201400001527,14,1,7,1845,3,2,1,3.0,6,50558,M,4929310.0,-155299.0,50
201400001528,14,1,18,430,4,2,3,1.0,6,50236,M,4928370.0,-154169.0,50
201400001529,14,1,31,1745,3,1,2,3.0,3,50136,M,4932620.0,-138938.0,50
201400001530,14,2,4,1345,1,1,2,1.0,1,50510,M,4917450.0,-135107.0,50
201400001531,14,2,6,745,2,1,2,3.0,2,50481,M,4923310.0,-157366.0,50
201400001532,14,4,28,1130,1,2,1,2.0,2,50236,M,4929390.0,-155482.0,50
201400001533,14,4,27,1815,1,2,1,3.0,1,50481,M,0.0,0.0,50
201400001534,14,6,13,2330,3,1,1,1.0,3,50403,M,0.0,0.0,50
201400001535,14,6,16,1715,1,2,2,1.0,6,50394,M,4918630.0,-140801.0,50
201400001536,14,9,20,2045,2,2,2,1.0,3,50394,M,4918600.0,-140679.0,50
201400001537,14,9,12,1800,1,2,1,1.0,6,50394,M,4918800.0,-141648.0,50
201400001538,14,10,4,2015,5,2,1,1.0,6,50151,M,4919760.0,-156818.0,50
201400001539,14,10,5,1430,1,1,1,1.0,6,50394,M,4921940.0,-139123.0,50
201400001540,14,10,11,1430,1,1,2,1.0,2,50151,M,4918420.0,-158312.0,50
201400001541,14,10,18,1515,1,1,1,1.0,7,50481,M,4923910.0,-161983.0,50
201400001542,14,12,11,1745,5,2,1,2.0,6,50622,M,4918590.0,-140638.0,50
201400001543,14,12,16,1400,1,2,1,1.0,3,50372,M,4928990.0,-154547.0,50
201400001544,14,1,25,1815,3,1,1,8.0,7,50263,M,4860160.0,-99196.0,50
201400001545,14,4,26,1545,1,1,1,1.0,1,50474,M,4862770.0,-78809.0,50
201400001546,14,5,15,1215,1,1,1,1.0,1,50582,M,4870100.0,-92870.0,50
201400001547,14,5,16,1745,1,2,3,1.0,3,50200,M,4868040.0,-79161.0,50
201400001548,14,5,15,1830,1,1,1,1.0,1,50515,M,4854550.0,-118785.0,50
201400001549,14,5,17,1415,1,1,2,1.0,3,50293,M,4860890.0,-110811.0,50
201400001550,14,10,15,945,1,2,1,1.0,6,50484,M,4857730.0,-109016.0,50
201400001551,14,1,6,2105,3,1,2,8.0,3,01451,M,4623580.0,518320.0,01
201400001552,14,1,6,1955,3,2,2,1.0,3,01053,M,,,01
201400001553,14,1,8,1745,3,1,1,1.0,2,01344,M,4619820.0,517445.0,01
201400001554,14,1,26,1325,1,2,2,1.0,3,01053,M,4620350.0,524284.0,01
201400001555,14,1,27,1615,1,2,2,1.0,3,01053,M,,,01
201400001556,14,2,5,1345,1,2,1,2.0,1,01053,M,,,01
201400001557,14,2,15,1755,1,1,3,3.0,2,01053,M,,,01
201400001558,14,2,22,1450,1,2,2,1.0,3,01344,M,4621020.0,520410.0,01
201400001559,14,2,26,945,1,2,1,2.0,3,01053,M,,,01
201400001560,14,3,1,2145,5,2,2,1.0,3,01053,M,4620670.0,524069.0,01
201400001561,14,3,15,1930,5,2,2,1.0,1,01053,M,4620350.0,524284.0,01
201400001562,14,3,18,2220,3,2,1,1.0,6,01053,M,,,01
201400001563,14,3,21,1135,1,2,1,1.0,4,01053,M,4621320.0,524167.0,01
201400001564,14,4,12,2335,3,1,1,1.0,6,01451,M,4627880.0,522960.0,01
201400001565,14,4,22,1630,1,1,2,1.0,3,01289,M,4616490.0,522083.0,01
201400001566,14,5,2,1110,1,2,3,2.0,6,01053,M,4620990.0,522536.0,01
201400001567,14,5,2,905,1,2,6,2.0,6,01451,M,4621330.0,520387.0,01
201400001568,14,5,9,1720,1,2,1,1.0,7,01053,M,,,01
201400001569,14,5,19,735,1,1,3,1.0,5,01451,M,4623580.0,518320.0,01
201400001570,14,5,24,2025,1,2,2,1.0,4,01053,M,4619780.0,523943.0,01
201400001571,14,5,28,945,1,2,2,1.0,3,01053,M,4620670.0,524069.0,01
201400001572,14,6,2,1109,1,2,1,1.0,3,01053,M,4619350.0,521366.0,01
201400001573,14,6,5,1235,1,2,1,1.0,2,01053,M,,,01
201400001574,14,6,12,1510,1,2,6,7.0,3,01053,M,4620280.0,524522.0,01
201400001575,14,6,16,1635,1,2,1,1.0,6,01053,M,,,01
201400001576,14,6,18,1520,1,1,1,1.0,6,01289,M,4617390.0,519867.0,01
201400001577,14,6,23,1750,1,2,6,1.0,2,01451,M,4621500.0,521488.0,01
201400001578,14,6,24,1710,1,2,3,1.0,3,01053,M,,,01
201400001579,14,6,25,2020,1,1,1,1.0,1,01289,M,4617720.0,519419.0,01
201400001580,14,6,26,930,1,1,2,1.0,3,01451,M,4622230.0,520887.0,01
201400001581,14,6,28,1825,1,2,1,8.0,6,01053,M,4619570.0,521591.0,01
201400001582,14,7,1,800,1,2,2,1.0,6,01053,M,4619180.0,521241.0,01
201400001583,14,7,1,1000,1,1,1,1.0,4,01344,M,4621170.0,520385.0,01
201400001584,14,7,3,830,1,2,1,6.0,2,01451,M,,,01
201400001585,14,7,5,50,5,2,6,2.0,6,01053,M,4620280.0,524533.0,01
201400001586,14,7,6,340,5,2,2,1.0,3,01053,M,4619580.0,523724.0,01
201400001587,14,7,6,355,5,2,1,1.0,6,01053,M,,,01
201400001588,14,7,11,845,1,2,2,2.0,6,01053,M,4620930.0,523401.0,01
201400001589,14,7,17,25,5,2,2,1.0,3,01053,M,,,01
201400001590,14,7,24,1555,1,2,3,1.0,4,01053,M,,,01
201400001591,14,8,1,1400,1,2,1,1.0,1,01053,M,4621140.0,524937.0,01
201400001592,14,8,15,1425,1,2,1,1.0,3,01053,M,4619770.0,523936.0,01
201400001593,14,8,28,1625,1,1,1,1.0,1,01451,M,,,01
201400001594,14,9,10,1825,1,2,1,1.0,6,01053,M,,,01
201400001595,14,9,14,1720,1,2,1,1.0,6,01053,M,,,01
201400001596,14,9,30,1630,1,2,2,1.0,3,01053,M,,,01
201400001597,14,9,30,2030,3,2,2,1.0,6,01053,M,,,01
201400001598,14,10,3,1730,1,2,1,7.0,6,01451,M,4625200.0,521775.0,01
201400001599,14,10,10,1920,5,2,1,2.0,5,01053,M,,,01
201400001600,14,10,14,1330,1,2,2,1.0,3,01053,M,,,01
201400001601,14,10,24,1915,3,1,1,1.0,4,01451,M,4624570.0,518871.0,01
201400001602,14,11,3,1745,5,2,1,3.0,6,01344,M,,,01
201400001603,14,11,10,1305,1,1,2,8.0,3,01053,M,,,01
201400001604,14,11,10,1435,1,2,1,1.0,4,01053,M,,,01
201400001605,14,11,16,1920,5,2,1,2.0,5,01344,M,4620050.0,519566.0,01
201400001606,14,11,22,1655,1,2,2,1.0,2,01053,M,4620670.0,524069.0,01