Num_Acc,an,mois,jour,hrmn,lum,agg,int,atm,col,com,gps,lat,long,dep
201400001607,14,11,26,635,5,2,2,2.0,3,01344,M,4621020.0,520410.0,01
201400001608,14,11,26,1725,5,1,1,2.0,3,01053,M,4622130.0,524814.0,01
201400001609,14,11,26,2010,3,1,1,5.0,3,01451,M,4627260.0,523186.0,01
201400001610,14,12,2,1720,5,2,2,2.0,2,01053,M,4622100.0,522826.0,01
201400001611,14,12,10,1315,1,2,3,2.0,3,01053,M,,,01
201400001612,14,12,16,1400,1,2,9,2.0,6,01053,M,,,01
201400001613,14,12,18,820,1,1,1,3.0,4,01451,M,,,01
201400001614,14,12,19,810,1,2,0,5.0,6,01053,M,4621140.0,524389.0,01
201400001615,14,12,20,1815,5,2,1,2.0,6,01053,M,,,01
201400001616,14,2,5,1700,1,1,1,2.0,6,61213,M,4847349.0,-12248.0,61
201400001617,14,1,15,815,2,2,3,2.0,2,61464,M,4859608.0,16774.0,61
201400001618,14,2,13,1415,1,1,1,2.0,7,61133,M,4860827.0,34407.0,61
201400001619,14,4,21,600,3,1,1,1.0,6,61249,M,4865759.0,3012.0,61
201400001620,14,6,7,2100,1,1,1,1.0,7,61166,M,4864699.0,34892.0,61
201400001621,14,6,16,2015,3,1,1,1.0,6,61192,M,4867320.0,23548.0,61
201400001622,14,7,11,1730,1,1,2,1.0,3,61464,M,4861230.0,16572.0,61
201400001623,14,11,6,1745,3,2,3,1.0,3,61464,M,4862659.0,13106.0,61
201400001624,14,11,7,1830,3,1,2,1.0,1,61464,M,4861232.0,16579.0,61
201400001625,14,12,9,1745,3,1,2,1.0,3,61064,M,4865402.0,31572.0,61
201400001626,14,1,16,1015,1,1,2,8.0,3,61170,M,4869513.0,-4352.0,61
201400001627,14,1,19,300,3,1,1,8.0,6,61496,M,4874898.0,279.0,61
201400001628,14,2,7,545,3,1,1,6.0,6,61083,M,4880222.0,12425.0,61
201400001629,14,2,12,1815,3,1,1,3.0,3,61023,M,4880501.0,-1137.0,61
201400001630,14,3,16,1700,1,1,3,1.0,6,61472,M,4877584.0,127.0,61
201400001631,14,6,7,1945,1,1,4,7.0,3,61028,M,4880894.0,-26547.0,61
201400001632,14,6,10,1900,1,2,2,1.0,3,61494,M,4884097.0,3203.0,61
201400001633,14,6,15,1615,1,2,3,1.0,3,61344,M,4864431.0,-20820.0,61
201400001634,14,6,22,1915,1,1,1,1.0,6,61179,M,4872334.0,-26326.0,61
201400001635,14,7,14,1130,1,2,1,1.0,6,61494,M,4884377.0,3187.0,61
201400001636,14,9,27,1830,1,2,5,1.0,3,61153,M,4871432.0,-12398.0,61
201400001637,14,10,10,1200,1,1,1,1.0,1,61265,M,4876580.0,-31894.0,61
201400001638,14,10,18,1015,1,1,1,1.0,6,61152,M,4887456.0,7136.0,61
201400001639,14,2,27,1200,1,1,1,6.0,6,61253,M,4867247.0,20380.0,61
201400001640,14,5,1,1500,1,2,2,2.0,3,61508,M,4893644.0,19873.0,61
201400001641,14,8,31,700,2,1,1,1.0,6,61310,M,4870321.0,24322.0,61
201400001642,14,9,10,1505,1,1,1,1.0,3,61460,M,4889886.0,37443.0,61
201400001643,14,9,15,1800,1,1,1,1.0,6,61150,M,4872863.0,40768.0,61
201400001644,14,10,6,1630,1,1,1,2.0,1,61139,M,4893506.0,14513.0,61
201400001645,14,11,22,1800,3,1,1,2.0,6,61150,M,4872825.0,40775.0,61
201400001646,14,12,24,2000,3,1,1,1.0,1,61017,M,4869856.0,31771.0,61
201400001647,14,1,25,1745,2,1,1,1.0,7,61355,M,4859866.0,-74381.0,61
201400001648,14,7,24,1200,1,2,1,1.0,6,61075,M,4849149.0,-62463.0,61
201400001649,14,10,25,1130,1,1,3,1.0,5,61387,M,4850522.0,-73925.0,61
201400001650,14,11,8,1815,5,2,3,2.0,6,61075,M,4849509.0,-62305.0,61
201400001651,14,11,11,1745,5,2,4,2.0,6,61145,M,4859143.0,-64292.0,61
201400001652,14,5,18,1645,1,2,1,1.0,6,61483,M,4855517.0,-41841.0,61
201400001653,14,6,8,330,4,2,2,1.0,3,61168,M,4859270.0,-36643.0,61
201400001654,14,6,13,730,1,2,3,7.0,6,61168,M,4858938.0,-35518.0,61
201400001655,14,6,14,2000,1,1,2,1.0,3,61025,M,4856571.0,-56629.0,61
201400001656,14,7,10,1345,1,1,4,1.0,1,61483,M,4855904.0,-39823.0,61
201400001657,14,9,27,1115,1,1,1,1.0,7,61390,M,4862664.0,-26596.0,61
201400001658,14,3,13,1520,1,2,3,1.0,3,61007,M,4881185.0,-50094.0,61
201400001659,14,3,16,2030,3,1,1,1.0,7,61443,M,4872784.0,-62590.0,61
201400001660,14,5,15,830,1,2,3,1.0,3,61093,M,4871128.0,-70738.0,61
201400001661,14,7,12,1130,1,1,1,2.0,7,61486,M,4875292.0,-71295.0,61
201400001662,14,7,13,1130,1,2,4,1.0,6,61486,M,4876474.0,-73143.0,61
201400001663,14,8,27,1545,1,2,2,1.0,3,61486,M,4876272.0,-73572.0,61
201400001664,14,10,9,1645,1,2,6,1.0,3,61007,M,4880892.0,-50044.0,61
201400001665,14,10,26,1730,1,1,1,1.0,6,61073,M,4875882.0,-42895.0,61
201400001666,14,10,31,1200,1,2,6,1.0,6,61007,M,4881253.0,-49580.0,61
201400001667,14,11,12,1645,1,1,1,1.0,1,61478,M,4880202.0,-41708.0,61
201400001668,14,9,8,745,1,1,1,1.0,3,61130,M,4851903.0,48770.0,61
201400001669,14,7,19,1745,1,1,2,1.0,1,61426,M,4838434.0,54836.0,61
201400001670,14,10,26,1615,1,1,1,1.0,1,61426,M,4834781.0,51808.0,61
201400001671,14,1,13,1230,1,1,1,1.0,1,61432,M,4875971.0,67027.0,61
201400001672,14,1,17,1830,5,2,1,2.0,6,61214,M,4876489.0,61360.0,61
201400001673,14,1,14,1715,2,1,1,7.0,6,61456,M,4878476.0,64486.0,61
201400001674,14,3,25,1830,1,1,1,1.0,1,61008,M,4873045.0,55776.0,61
201400001675,14,5,10,2250,3,1,1,1.0,7,61159,M,4863857.0,41495.0,61
201400001676,14,6,19,1700,1,1,3,1.0,3,61456,M,4877534.0,64493.0,61
201400001677,14,9,23,1700,1,1,3,1.0,5,61456,M,4876001.0,66961.0,61
201400001678,14,11,6,2330,4,1,1,3.0,6,61386,M,4876353.0,44763.0,61
201400001679,14,12,28,145,3,1,1,4.0,6,61456,M,4875947.0,67339.0,61
201400001680,14,3,31,1515,1,1,1,1.0,1,61335,M,4861583.0,71605.0,61
201400001681,14,6,8,800,1,1,1,2.0,7,61125,M,4837778.0,89094.0,61
201400001682,14,8,8,1830,1,2,1,2.0,1,61061,M,4843475.0,88171.0,61
201400001683,14,11,5,2000,3,1,1,1.0,3,61125,M,4838272.0,89543.0,61
201400001684,14,12,27,1315,1,1,4,1.0,1,61125,M,4837727.0,88941.0,61
201400001685,14,3,26,1530,1,2,1,1.0,6,44172,M,0.0,0.0,44
201400001686,14,3,14,1700,1,1,1,1.0,1,44102,M,0.0,0.0,44
201400001687,14,3,24,1330,1,1,1,1.0,7,44094,M,4731600.0,-140900.0,44
201400001688,14,5,14,800,1,2,1,1.0,2,44094,M,0.0,0.0,44
201400001689,14,7,18,1230,1,2,1,1.0,6,44026,M,4730100.0,-149100.0,44
201400001690,14,10,19,1115,1,1,1,1.0,1,44094,M,0.0,0.0,44
201400001691,14,3,25,1845,1,1,1,1.0,3,44216,M,4695800.0,-143400.0,44
201400001692,14,4,26,15,3,1,1,2.0,1,44064,M,0.0,0.0,44
201400001693,14,5,23,1500,1,1,1,2.0,6,44100,M,4712200.0,-134800.0,44
201400001694,14,6,19,1030,1,2,1,1.0,1,44216,M,0.0,0.0,44
201400001695,14,7,3,1330,1,1,1,1.0,1,44223,M,0.0,0.0,44
201400001696,14,7,5,1145,1,1,1,1.0,1,44014,M,4713700.0,-150400.0,44
201400001697,14,8,10,2330,3,2,1,1.0,1,44216,M,4697600.0,-141500.0,44
201400001698,14,9,6,2030,2,2,1,1.0,1,44064,M,0.0,0.0,44
201400001699,14,10,20,730,2,1,1,1.0,4,44002,M,0.0,0.0,44
201400001700,14,10,30,1245,1,1,1,1.0,6,44165,M,4704200.0,-132300.0,44
201400001701,14,11,9,930,2,1,1,1.0,6,44100,M,0.0,0.0,44
201400001702,14,3,19,1445,1,1,1,1.0,1,44081,M,4690500.0,-156400.0,44
201400001703,14,4,2,1500,1,1,2,1.0,3,44083,M,0.0,0.0,44
201400001704,14,7,10,2200,3,1,1,1.0,6,44188,M,0.0,0.0,44
201400001705,14,7,14,100,3,1,1,1.0,6,44155,M,0.0,0.0,44
201400001706,14,8,7,1530,1,1,1,1.0,6,44081,M,4688700.0,-162300.0,44
201400001707,14,2,12,2145,3,1,1,2.0,7,44140,M,0.0,0.0,44
201400001708,14,5,9,1430,1,1,1,1.0,3,44084,M,0.0,0.0,44
201400001709,14,6,14,845,1,1,1,1.0,3,44169,M,0.0,0.0,44
201400001710,14,7,8,715,1,1,1,1.0,2,44169,M,0.0,0.0,44
201400001711,14,3,31,1115,1,2,6,1.0,3,44215,M,0.0,0.0,44
201400001712,14,5,15,115,3,1,1,1.0,1,44215,M,0.0,0.0,44
201400001713,14,5,25,1730,1,2,1,1.0,2,44215,M,0.0,0.0,44
201400001714,14,7,18,2100,1,2,1,1.0,6,44198,M,0.0,0.0,44
201400001715,14,8,19,1945,1,1,1,1.0,6,44198,M,0.0,0.0,44
201400001716,14,9,12,1630,1,1,2,1.0,3,44215,M,0.0,0.0,44
201400001717,14,11,6,745,1,2,1,1.0,6,44215,M,0.0,0.0,44
201400001718,14,12,18,1830,5,2,1,8.0,6,44215,M,0.0,0.0,44
201400001719,14,1,18,615,3,1,1,1.0,7,44134,M,4747400.0,-115600.0,44
201400001720,14,4,13,1715,1,1,1,1.0,7,44213,M,4744000.0,-189900.0,44
201400001721,14,8,24,715,1,1,1,1.0,1,44213,M,0.0,0.0,44
201400001722,14,9,4,445,3,1,2,1.0,3,44163,M,4740200.0,-107600.0,44
201400001723,14,10,4,1230,1,2,6,1.0,3,44180,M,0.0,0.0,44
201400001724,14,10,23,1415,1,1,1,1.0,1,44219,M,4756200.0,-104600.0,44
201400001725,14,12,14,915,1,1,1,5.0,6,44219,M,0.0,0.0,44
201400001726,14,3,14,1845,1,1,1,1.0,3,44169,M,0.0,0.0,44
201400001727,14,9,25,1900,1,1,1,7.0,6,44084,M,0.0,0.0,44
201400001728,14,1,18,2345,3,1,1,1.0,6,44115,M,0.0,0.0,44
201400001729,14,2,2,900,1,1,1,7.0,2,44118,M,0.0,0.0,44
201400001730,14,4,4,1930,1,1,1,1.0,6,44028,M,0.0,0.0,44
201400001731,14,5,19,1815,1,1,1,1.0,3,44077,M,0.0,0.0,44
201400001732,14,7,4,1445,1,1,9,1.0,3,44115,M,0.0,0.0,44
201400001733,14,1,14,900,1,2,1,1.0,6,44036,M,0.0,0.0,44
201400001734,14,1,20,1645,1,1,1,7.0,6,44099,M,4762900.0,-136300.0,44
201400001735,14,2,27,1615,1,2,1,1.0,6,44036,M,0.0,0.0,44
201400001736,14,5,4,100,3,1,1,1.0,6,44054,M,0.0,0.0,44
201400001737,14,7,24,2345,3,1,1,1.0,7,44146,M,0.0,0.0,44
201400001738,14,9,13,1045,1,1,1,7.0,6,44036,M,0.0,0.0,44
201400001739,14,1,8,1900,3,1,2,2.0,3,44023,M,4742300.0,-189500.0,44
201400001740,14,1,11,930,1,1,1,1.0,1,44015,M,4749200.0,-174200.0,44
201400001741,14,1,13,1445,1,1,2,2.0,3,44128,M,4752100.0,-188700.0,44
201400001742,14,2,10,730,3,1,1,2.0,3,44067,M,4763200.0,-184400.0,44
201400001743,14,3,28,1315,1,2,1,2.0,6,44091,M,4759700.0,-168300.0,44
201400001744,14,4,25,1500,1,1,1,1.0,6,44023,M,4741700.0,-191400.0,44
201400001745,14,4,27,200,3,1,1,2.0,6,44056,M,4741300.0,-174600.0,44
201400001746,14,6,26,1745,1,1,1,1.0,6,44062,M,0.0,0.0,44
201400001747,14,7,29,1330,1,1,1,1.0,7,44111,M,0.0,0.0,44
201400001748,14,10,7,1930,5,1,1,1.0,2,44128,M,0.0,0.0,44
201400001749,14,11,16,15,3,1,1,2.0,1,44185,M,0.0,0.0,44
201400001750,14,11,16,930,3,1,1,1.0,6,44067,M,0.0,0.0,44
201400001751,14,11,26,1745,2,1,1,1.0,6,44067,M,0.0,0.0,44
201400001752,14,12,13,1815,3,2,1,8.0,6,44067,M,0.0,0.0,44
201400001753,14,12,23,745,3,1,2,1.0,4,44128,M,0.0,0.0,44
201400001754,14,4,7,30,3,1,1,1.0,6,44110,M,0.0,0.0,44
201400001755,14,4,22,730,1,2,1,1.0,3,44027,M,0.0,0.0,44
201400001756,14,5,7,1730,1,2,1,1.0,3,44110,M,0.0,0.0,44
201400001757,14,5,31,2000,2,1,2,1.0,3,44073,M,0.0,0.0,44
201400001758,14,6,3,2030,2,1,1,1.0,6,44122,M,0.0,0.0,44
201400001759,14,6,4,1730,1,2,1,1.0,6,44110,M,0.0,0.0,44
201400001760,14,6,22,2015,1,1,1,1.0,3,44110,M,0.0,0.0,44
201400001761,14,7,4,115,3,2,1,1.0,6,44179,M,0.0,0.0,44
201400001762,14,8,22,1545,1,1,1,1.0,3,44110,M,0.0,0.0,44
201400001763,14,9,14,1,3,1,1,1.0,1,44179,M,0.0,0.0,44
201400001764,14,10,8,1615,1,2,6,3.0,6,44110,M,0.0,0.0,44
201400001765,14,12,12,1745,5,2,1,2.0,6,44110,M,0.0,0.0,44
201400001766,14,12,23,1800,3,1,2,2.0,6,44073,M,0.0,0.0,44
201400001767,14,12,24,2030,3,1,1,2.0,1,44179,M,0.0,0.0,44
201400001768,14,4,3,730,2,1,1,2.0,5,44086,M,0.0,0.0,44
201400001769,14,4,19,1815,1,2,1,1.0,6,44113,M,0.0,0.0,44
201400001770,14,6,21,1730,1,2,3,1.0,1,44051,M,0.0,0.0,44
201400001771,14,7,2,1645,1,1,1,1.0,6,44076,M,0.0,0.0,44
201400001772,14,7,8,1530,1,1,1,1.0,1,44193,M,0.0,0.0,44
201400001773,14,7,12,1630,1,1,1,1.0,1,44149,M,0.0,0.0,44
201400001774,14,7,28,945,1,1,1,1.0,1,44149,M,0.0,0.0,44
201400001775,14,10,22,815,1,1,2,1.0,3,44149,M,0.0,0.0,44
201400001776,14,9,13,345,3,1,1,1.0,6,44067,M,0.0,0.0,44
201400001777,14,1,25,900,1,1,1,2.0,6,44130,M,0.0,0.0,44
201400001778,14,5,15,1700,1,1,1,1.0,1,44018,M,0.0,0.0,44
201400001779,14,7,29,815,1,1,1,1.0,2,44171,M,0.0,0.0,44
201400001780,14,8,2,2315,3,1,1,1.0,6,44024,M,0.0,0.0,44
201400001781,14,8,14,1630,1,2,1,1.0,3,44150,M,0.0,0.0,44
201400001782,14,8,23,430,3,1,1,1.0,5,44039,M,0.0,0.0,44
201400001783,14,9,6,430,3,1,1,1.0,2,44024,M,0.0,0.0,44
201400001784,14,10,18,1530,2,1,1,1.0,6,44150,M,0.0,0.0,44
201400001785,14,11,18,1645,1,1,1,1.0,1,44018,M,0.0,0.0,44
201400001786,14,11,28,1830,5,2,1,1.0,3,44130,M,0.0,0.0,44
201400001787,14,11,29,1700,1,2,1,1.0,3,44018,M,0.0,0.0,44
201400001788,14,12,4,800,3,1,6,1.0,3,44130,M,0.0,0.0,44
201400001789,14,1,9,1345,1,1,4,1.0,5,44131,M,0.0,0.0,44
201400001790,14,1,14,1215,1,1,1,1.0,2,44131,M,0.0,0.0,44
201400001791,14,2,24,1700,1,1,1,1.0,2,44131,M,0.0,0.0,44
201400001792,14,3,29,945,1,1,1,1.0,6,44040,M,0.0,0.0,44
201400001793,14,5,5,900,1,1,1,1.0,3,44131,M,0.0,0.0,44
201400001794,14,5,4,1115,1,2,1,1.0,3,44131,M,0.0,0.0,44
201400001795,14,5,16,1645,1,2,6,1.0,3,44126,M,0.0,0.0,44
201400001796,14,6,9,1830,1,1,1,1.0,1,44131,M,0.0,0.0,44
201400001797,14,6,26,1800,1,1,1,1.0,3,44136,M,0.0,0.0,44
201400001798,14,7,15,45,5,2,1,1.0,6,44126,M,0.0,0.0,44
201400001799,14,8,6,245,3,1,1,1.0,6,44106,M,0.0,0.0,44
201400001800,14,1,26,1530,1,2,2,2.0,3,44005,M,0.0,0.0,44
201400001801,14,2,20,400,3,1,1,1.0,6,44046,M,0.0,0.0,44
201400001802,14,2,23,1500,1,2,1,1.0,3,44154,M,0.0,0.0,44
201400001803,14,2,24,2300,3,1,1,1.0,6,44154,M,0.0,0.0,44
201400001804,14,3,30,1245,1,1,3,1.0,4,44187,M,0.0,0.0,44
201400001805,14,6,3,1530,1,2,1,2.0,6,44154,M,0.0,0.0,44
201400001806,14,6,8,1915,1,1,2,1.0,3,44061,M,0.0,0.0,44
201400001807,14,7,28,1400,1,1,1,8.0,1,44187,M,0.0,0.0,44
201400001808,14,8,19,1030,1,1,2,1.0,3,44046,M,0.0,0.0,44
201400001809,14,8,31,1000,1,1,1,1.0,6,44061,M,0.0,0.0,44
201400001810,14,9,20,600,3,1,1,1.0,7,44046,M,0.0,0.0,44
201400001811,14,9,28,100,4,2,1,1.0,2,44187,M,0.0,0.0,44
201400001812,14,10,8,1800,1,2,1,2.0,6,44187,M,0.0,0.0,44
201400001813,14,10,22,1245,1,1,1,1.0,3,44038,M,0.0,0.0,44
201400001814,14,10,26,1730,1,1,1,1.0,3,44046,M,0.0,0.0,44
201400001815,14,12,23,1730,3,1,2,1.0,3,44154,M,0.0,0.0,44
201400001816,14,3,2,1745,2,1,1,3.0,1,44087,M,0.0,0.0,44
201400001817,14,3,25,1730,1,1,1,3.0,5,44133,M,4713600.0,-180600.0,44
201400001818,14,4,25,1845,1,1,1,1.0,3,44087,M,0.0,0.0,44
201400001819,14,5,3,2345,3,1,1,1.0,7,44181,M,0.0,0.0,44
201400001820,14,5,4,1745,1,1,1,1.0,1,44220,M,4718200.0,-192800.0,44
201400001821,14,6,17,230,3,1,1,1.0,7,44119,M,0.0,0.0,44
201400001822,14,7,12,1645,1,1,1,1.0,5,44133,M,0.0,0.0,44
201400001823,14,7,28,1530,1,1,1,3.0,5,44133,M,4713400.0,-174500.0,44
201400001824,14,8,21,830,1,1,1,1.0,5,44090,M,0.0,0.0,44
201400001825,14,8,22,1745,1,2,9,1.0,3,44157,M,0.0,0.0,44
201400001826,14,8,30,1345,1,1,1,1.0,6,44119,M,0.0,0.0,44
201400001827,14,10,24,1045,1,2,1,1.0,2,44087,M,0.0,0.0,44
201400001828,14,11,23,1145,1,1,1,2.0,6,44145,M,4717900.0,-181300.0,44
201400001829,14,1,3,815,2,2,1,2.0,6,44047,M,0.0,0.0,44
201400001830,14,1,30,1100,1,2,9,2.0,1,44047,M,0.0,0.0,44
201400001831,14,2,19,2030,3,1,9,2.0,1,44047,M,0.0,0.0,44
201400001832,14,5,29,1415,1,1,1,1.0,5,44047,M,0.0,0.0,44
201400001833,14,1,19,630,3,1,1,8.0,1,44069,M,0.0,0.0,44
201400001834,14,1,21,1515,1,1,1,2.0,6,44069,M,0.0,0.0,44
201400001835,14,1,23,730,5,1,1,1.0,3,44151,M,0.0,0.0,44
201400001836,14,5,7,1900,1,1,2,1.0,2,44175,M,0.0,0.0,44
201400001837,14,6,17,2000,1,1,1,1.0,1,44069,M,0.0,0.0,44
201400001838,14,7,4,2030,1,1,1,1.0,6,44072,M,4748600.0,-230100.0,44
201400001839,14,7,13,45,3,1,1,1.0,1,44069,M,4728900.0,-243500.0,44
201400001840,14,7,25,745,1,1,1,1.0,3,44175,M,4739100.0,-232300.0,44
201400001841,14,8,17,1045,1,1,1,1.0,3,44097,M,0.0,0.0,44
201400001842,14,10,3,945,1,1,1,1.0,5,44175,M,0.0,0.0,44
201400001843,14,10,23,1830,2,2,1,1.0,6,44006,M,0.0,0.0,44
201400001844,14,11,20,715,5,2,2,1.0,3,44069,M,0.0,0.0,44
201400001845,14,12,7,1400,1,1,1,8.0,6,44175,M,0.0,0.0,44
201400001846,14,12,28,1630,1,1,2,1.0,3,44183,M,0.0,0.0,44
201400001847,14,1,29,1215,1,2,6,1.0,6,44052,M,4732100.0,-207200.0,44
201400001848,14,6,18,200,4,1,6,1.0,7,44210,M,4730900.0,-220500.0,44
201400001849,14,9,24,2300,3,1,2,1.0,3,44052,M,4738400.0,-209399.0,44
201400001850,14,10,23,1930,3,1,6,1.0,6,44103,M,0.0,0.0,44
201400001851,14,10,27,1015,1,2,1,1.0,6,44052,M,0.0,0.0,44
201400001852,14,11,28,1930,5,1,6,1.0,6,44210,M,0.0,0.0,44
201400001853,14,12,27,1530,3,1,6,1.0,6,44210,M,0.0,0.0,44
201400001854,14,3,15,1630,1,1,1,1.0,6,44152,M,0.0,0.0,44
201400001855,14,3,18,1830,1,1,1,1.0,2,44098,M,4750500.0,-213200.0,44
201400001856,14,3,22,800,1,1,1,1.0,6,44068,M,0.0,0.0,44
201400001857,14,5,8,1000,1,1,1,1.0,5,44161,M,4751000.0,-204199.0,44
201400001858,14,9,28,1200,1,1,1,1.0,6,44068,M,4754000.0,-199800.0,44
201400001859,14,10,26,1345,1,1,1,1.0,7,44196,M,0.0,0.0,44
201400001860,14,11,14,1730,5,1,1,8.0,6,44098,M,0.0,0.0,44
201400001861,14,12,2,1145,1,2,1,1.0,1,44129,M,4744000.0,-208700.0,44
201400001862,14,12,13,545,3,1,1,3.0,6,44050,M,0.0,0.0,44
201400001863,14,1,25,1345,1,1,1,1.0,6,44194,M,0.0,0.0,44
201400001864,14,3,16,1030,1,2,6,1.0,6,44194,M,0.0,0.0,44
201400001865,14,6,28,945,1,1,1,2.0,4,44158,M,0.0,0.0,44
201400001866,14,10,7,900,1,1,1,1.0,2,44217,M,0.0,0.0,44
201400001867,14,11,15,1545,1,2,1,1.0,6,44194,M,0.0,0.0,44
201400001868,14,10,13,930,1,2,1,7.0,6,44195,M,0.0,0.0,44
201400001869,14,11,25,2015,3,1,1,2.0,1,44195,M,4734500.0,-195700.0,44
201400001870,14,12,19,1915,3,2,6,3.0,6,49020,M,4746798.0,-62059.0,49
201400001871,14,1,16,2230,3,1,1,2.0,6,49106,M,4747213.0,-36656.0,49
201400001872,14,4,28,1200,1,1,1,8.0,6,49280,M,4750635.0,-21862.0,49
201400001873,14,5,28,2030,1,2,1,1.0,3,49194,M,4745571.0,-26651.0,49
201400001874,14,6,9,1915,1,1,3,1.0,3,49194,M,4746076.0,-28592.0,49
201400001875,14,6,29,1200,1,1,6,1.0,2,49106,M,4747469.0,-34036.0,49
201400001876,14,8,1,1145,1,1,2,1.0,3,49194,M,4747230.0,-30243.0,49
201400001877,14,9,11,1715,1,1,2,1.0,3,49049,M,4745100.0,-16144.0,49
201400001878,14,10,24,715,2,1,3,8.0,3,49194,M,4745138.0,-26329.0,49
201400001879,14,11,28,1600,1,1,2,1.0,3,49194,M,4747264.0,-28246.0,49
201400001880,14,12,14,1200,1,1,2,1.0,3,49194,M,4747270.0,-28237.0,49
201400001881,14,3,27,1730,1,1,1,1.0,5,49222,M,4737082.0,-55876.0,49
201400001882,14,5,18,815,1,1,1,1.0,6,49086,M,4728247.0,-45287.0,49
201400001883,14,6,7,1030,1,2,1,1.0,1,49290,M,4739887.0,-45102.0,49
201400001884,14,6,13,1500,1,1,1,1.0,1,49318,M,4736995.0,-42709.0,49
201400001885,14,8,5,745,1,1,1,1.0,1,49022,M,4732072.0,-59954.0,49
201400001886,14,8,28,1930,1,1,1,1.0,3,49363,M,4735050.0,-45866.0,49
201400001887,14,9,29,715,3,1,1,1.0,1,49338,M,4734339.0,-51736.0,49
201400001888,14,10,6,300,3,1,1,1.0,7,49317,M,4739686.0,-33206.0,49
201400001889,14,10,6,1745,1,2,2,2.0,3,49345,M,4726716.0,-49908.0,49
201400001890,14,11,8,745,2,1,1,1.0,6,49308,M,4739801.0,-50899.0,49
201400001891,14,11,23,45,3,1,1,1.0,1,49308,M,4739967.0,-51538.0,49
201400001892,14,12,10,45,3,1,1,1.0,7,49338,M,4738038.0,-52454.0,49
201400001893,14,12,8,1845,5,2,9,1.0,6,49022,M,4731288.0,-59572.0,49
201400001894,14,10,6,1715,1,2,1,8.0,2,49238,M,4752914.0,-43375.0,49
201400001895,14,10,14,1830,1,2,1,1.0,7,49377,M,4755085.0,-43033.0,49
201400001896,14,6,1,130,5,2,1,1.0,6,49283,M,4740874.0,-76070.0,49
201400001897,14,6,4,815,1,1,2,2.0,3,49068,M,4741235.0,-85483.0,49
201400001898,14,9,5,1800,1,1,1,1.0,3,49283,M,4733746.0,-75099.0,49
201400001899,14,10,27,1815,5,1,1,1.0,3,49082,M,4733994.0,-71053.0,49
201400001900,14,11,9,1045,1,1,1,1.0,1,49259,M,4734015.0,-64602.0,49
201400001901,14,11,10,15,3,2,1,1.0,6,49063,M,4734847.0,-74709.0,49
201400001902,14,7,17,1700,1,1,1,1.0,1,49333,M,4756877.0,-33278.0,49
201400001903,14,10,19,1800,1,1,9,1.0,3,49220,M,4774931.0,-41064.0,49
201400001904,14,11,23,1900,3,1,1,8.0,7,49257,M,4765614.0,-22129.0,49
201400001905,14,1,25,500,5,2,1,2.0,6,49023,M,4720172.0,-97814.0,49
201400001906,14,2,2,1515,1,1,2,1.0,1,49243,M,4723369.0,-93436.0,49
201400001907,14,4,28,1,3,1,1,1.0,7,49006,M,4717839.0,-96216.0,49
201400001908,14,6,23,1115,1,1,1,1.0,1,49023,M,4722068.0,-100154.0,49
201400001909,14,7,26,1100,1,2,1,1.0,3,49151,M,4718187.0,-111383.0,49
201400001910,14,8,1,2020,1,2,1,1.0,3,49023,M,4720149.0,-99640.0,49
201400001911,14,10,29,1500,2,1,1,1.0,1,49006,M,4717796.0,-96163.0,49
201400001912,14,11,22,1500,1,2,1,1.0,3,49023,M,4720153.0,-99389.0,49
201400001913,14,4,3,2045,3,1,1,3.0,6,49192,M,4701535.0,-74471.0,49
201400001914,14,4,22,2200,5,2,1,1.0,6,49092,M,4721488.0,-71131.0,49
201400001915,14,5,12,1515,1,1,1,1.0,1,49355,M,4710014.0,-81636.0,49
201400001916,14,5,17,445,3,1,1,1.0,6,49092,M,4721282.0,-77772.0,49
201400001917,14,8,26,730,1,1,1,1.0,3,49281,M,4718220.0,-74613.0,49
201400001918,14,9,30,2330,3,1,6,1.0,6,49343,M,4698969.0,-84286.0,49
201400001919,14,10,30,315,3,1,1,1.0,6,49281,M,4716284.0,-73873.0,49
201400001920,14,11,11,15,3,1,1,1.0,1,49381,M,4701310.0,-71465.0,49
201400001921,14,11,16,2200,3,1,1,2.0,6,49268,M,4729223.0,-84965.0,49
201400001922,14,11,23,15,3,1,1,1.0,6,49192,M,4703534.0,-80415.0,49
201400001923,14,12,8,1730,2,2,1,1.0,3,49092,M,4720517.0,-72822.0,49
201400001924,14,2,2,45,3,1,1,2.0,7,49273,M,4710240.0,-122281.0,49
201400001925,14,3,31,1100,1,2,1,1.0,6,49332,M,4706504.0,-93671.0,49
201400001926,14,5,28,2300,3,1,1,1.0,6,49301,M,4713325.0,-99092.0,49
201400001927,14,6,2,1815,1,1,9,1.0,6,49264,M,4709636.0,-100468.0,49
201400001928,14,6,18,1730,1,2,1,7.0,3,49332,M,4705979.0,-94042.0,49
201400001929,14,7,29,1430,1,2,2,1.0,3,49349,M,4714461.0,-116423.0,49
201400001930,14,9,8,1030,1,1,1,1.0,1,49264,M,4709953.0,-100541.0,49
201400001931,14,9,8,1530,1,1,1,1.0,2,49332,M,4708733.0,-98098.0,49
201400001932,14,9,25,1930,2,1,1,7.0,6,49027,M,4713851.0,-91843.0,49
201400001933,14,12,10,815,2,2,1,2.0,6,49301,M,4712062.0,-98982.0,49
201400001934,14,2,15,845,1,1,1,8.0,7,49296,M,4730086.0,-116523.0,49
201400001935,14,2,19,915,1,1,1,1.0,7,49252,M,4722101.0,-116790.0,49
201400001936,14,3,3,1245,1,1,1,4.0,1,49313,M,4728368.0,-102527.0,49