Num_Acc,an,mois,jour,hrmn,lum,agg,int,atm,col,com,gps,lat,long,dep
201400001937,14,3,21,2145,3,1,1,1.0,7,49324,M,4724322.0,-99444.0,49
201400001938,14,4,25,1915,1,1,1,1.0,2,49177,M,4734456.0,-116100.0,49
201400001939,14,5,18,1945,1,1,1,1.0,6,49316,M,4727719.0,-110106.0,49
201400001940,14,5,21,1345,1,1,1,3.0,6,49040,M,4734144.0,-111785.0,49
201400001941,14,5,25,1230,1,1,1,1.0,6,49069,M,4734490.0,-123288.0,49
201400001942,14,7,16,1845,1,1,1,1.0,1,49360,M,4731194.0,-130886.0,49
201400001943,14,7,18,1800,1,2,6,1.0,1,49069,M,4733433.0,-126383.0,49
201400001944,14,7,24,1,3,1,1,1.0,7,49320,M,4729211.0,-124804.0,49
201400001945,14,8,5,2015,1,1,1,1.0,6,49034,M,4732042.0,-101175.0,49
201400001946,14,8,10,15,3,2,1,2.0,6,49316,M,4727389.0,-107583.0,49
201400001947,14,9,6,1530,1,1,1,1.0,3,49276,M,4736136.0,-99248.0,49
201400001948,14,9,20,930,1,1,1,1.0,3,49126,M,4733318.0,-120573.0,49
201400001949,14,9,26,2015,3,1,1,1.0,6,49034,M,4732032.0,-101184.0,49
201400001950,14,9,26,1730,1,1,1,1.0,1,49075,M,4733894.0,-106945.0,49
201400001951,14,11,9,1630,1,1,1,7.0,3,49360,M,4731589.0,-129415.0,49
201400001952,14,11,9,2145,3,1,1,1.0,1,49069,M,4732955.0,-125611.0,49
201400001953,14,11,21,2130,3,1,1,1.0,6,49296,M,4728541.0,-121942.0,49
201400001954,14,11,24,1155,1,1,1,1.0,7,49276,M,4735681.0,-100598.0,49
201400001955,14,11,26,15,3,1,1,1.0,7,49083,M,4728968.0,-99013.0,49
201400001956,14,12,9,945,1,2,1,1.0,3,49313,M,4726161.0,-103561.0,49
201400001957,14,12,16,1745,3,2,1,1.0,6,49296,M,4728645.0,-119086.0,49
201400001958,14,12,23,1945,3,2,1,1.0,6,49177,M,4734616.0,-116280.0,49
201400001959,14,1,17,1245,1,1,1,1.0,2,49234,M,4742424.0,16658.0,49
201400001960,14,1,21,1715,1,2,1,1.0,5,49018,M,4753727.0,-9828.0,49
201400001961,14,6,6,1900,1,1,1,1.0,1,49372,M,4752029.0,-11855.0,49
201400001962,14,6,17,1730,1,1,1,1.0,1,49116,M,4746943.0,-10208.0,49
201400001963,14,10,4,230,3,2,1,1.0,6,49013,M,4751783.0,5464.0,49
201400001964,14,10,23,1430,1,2,1,1.0,3,49018,M,4754001.0,-10259.0,49
201400001965,14,11,15,1215,1,2,1,1.0,2,49018,M,4754284.0,-11073.0,49
201400001966,14,12,4,845,1,1,1,1.0,1,49031,M,4750578.0,-10131.0,49
201400001967,14,5,5,1115,1,1,1,1.0,1,49373,M,4713757.0,-57601.0,49
201400001968,14,8,30,1830,1,2,1,1.0,6,49125,M,4719580.0,-27580.0,49
201400001969,14,11,12,2015,3,1,1,1.0,1,49125,M,4717709.0,-26318.0,49
201400001970,14,12,22,2300,3,1,1,1.0,7,49359,M,4721353.0,-17980.0,49
201400001971,14,1,2,1215,1,1,1,1.0,3,49361,M,4723920.0,1611.0,49
201400001972,14,4,1,545,3,1,6,1.0,6,49002,M,4729072.0,3583.0,49
201400001973,14,4,2,1215,1,1,1,1.0,1,49311,M,4739371.0,-4027.0,49
201400001974,14,4,20,1900,1,1,1,1.0,7,49030,M,4736550.0,-5242.0,49
201400001975,14,6,20,1300,1,1,1,7.0,6,49180,M,4737744.0,-12544.0,49
201400001976,14,6,22,1745,1,1,1,1.0,6,49361,M,4726329.0,5448.0,49
201400001977,14,7,28,1000,1,2,7,7.0,6,49180,M,4737128.0,-9858.0,49
201400001978,14,8,16,415,3,2,1,1.0,6,49002,M,4733399.0,2759.0,49
201400001979,14,9,13,830,2,1,1,1.0,6,49045,M,4734545.0,11015.0,49
201400001980,14,11,4,1815,3,1,1,1.0,6,49374,M,4728184.0,-2656.0,49
201400001981,14,12,8,1815,2,1,1,1.0,7,49304,M,4730926.0,-13853.0,49
201400001982,14,3,22,1500,1,1,3,1.0,3,49215,M,4714757.0,-17148.0,49
201400001983,14,8,28,1430,1,1,1,1.0,7,49364,M,4713975.0,-22580.0,49
201400001984,14,2,2,530,3,2,1,2.0,6,49103,M,4771491.0,-100912.0,49
201400001985,14,5,17,2315,3,1,1,1.0,7,49229,M,4770886.0,-97158.0,49
201400001986,14,11,18,1830,3,1,1,1.0,4,49331,M,4768972.0,-86162.0,49
201400001987,14,2,16,115,3,1,1,1.0,6,49367,M,4759153.0,-83023.0,49
201400001988,14,3,7,545,3,1,3,1.0,3,49026,M,4749644.0,-77428.0,49
201400001989,14,3,9,1345,1,1,1,1.0,6,49155,M,4759934.0,-72665.0,49
201400001990,14,3,16,1345,1,2,1,1.0,7,49155,M,4760144.0,-68778.0,49
201400001991,14,6,13,1700,1,1,1,1.0,2,49251,M,4757354.0,-68273.0,49
201400001992,14,6,22,1430,1,2,1,1.0,6,49266,M,4745992.0,-79477.0,49
201400001993,14,1,16,745,4,1,2,8.0,3,49347,M,4762632.0,-45101.0,49
201400001994,14,3,14,1730,1,2,2,1.0,3,49080,M,4768219.0,-49169.0,49
201400001995,14,4,4,900,1,1,1,1.0,6,49096,M,4771416.0,-57129.0,49
201400001996,14,5,7,545,2,1,1,1.0,6,49337,M,4759691.0,-41971.0,49
201400001997,14,7,2,1745,1,1,1,1.0,7,49090,M,4760601.0,-52041.0,49
201400001998,14,9,3,1530,1,1,1,1.0,1,49189,M,4772885.0,-60008.0,49
201400001999,14,9,21,2045,3,1,1,1.0,6,49347,M,4761760.0,-43417.0,49
201400002000,14,9,25,1345,1,1,1,1.0,3,49347,M,4762636.0,-45098.0,49
201400002001,14,9,30,1745,1,1,1,7.0,1,49339,M,4757526.0,-53302.0,49
201400002002,14,11,6,1800,5,2,1,1.0,3,49347,M,4761458.0,-46550.0,49
201400002003,14,11,18,1700,1,1,1,1.0,3,49347,M,4762636.0,-45100.0,49
201400002004,14,4,26,1445,1,1,2,1.0,3,53001,M,4803596.0,-89757.0,53
201400002005,14,5,3,1315,1,1,1,1.0,6,53001,M,4802698.0,-85593.0,53
201400002006,14,7,13,600,2,1,1,1.0,6,53158,M,4798864.0,-95292.0,53
201400002007,14,10,30,1015,1,1,1,1.0,1,53094,M,0.0,0.0,53
201400002008,14,11,19,1215,1,2,1,1.0,3,53168,M,4798691.0,-78044.0,53
201400002009,14,5,17,1945,1,2,1,1.0,7,53140,M,4810740.0,-70278.0,53
201400002010,14,5,18,1730,1,2,1,1.0,6,53267,M,4803570.0,-47106.0,53
201400002011,14,9,22,1615,1,2,6,1.0,2,53140,M,4811978.0,-72311.0,53
201400002012,14,10,15,1515,1,1,1,1.0,7,53067,M,4796632.0,-43221.0,53
201400002013,14,12,13,915,3,1,1,3.0,5,53262,M,4806151.0,-58848.0,53
201400002014,14,12,26,1800,3,1,1,3.0,6,53140,M,4815025.0,-69631.0,53
201400002015,14,4,5,630,5,2,8,1.0,7,53097,M,4815758.0,-47654.0,53
201400002016,14,4,26,1745,1,2,2,1.0,3,53218,M,4819732.0,-37396.0,53
201400002017,14,5,15,2015,1,1,1,7.0,7,53265,M,4809303.0,-23648.0,53
201400002018,14,9,1,730,1,2,6,1.0,3,53097,M,4815631.0,-39638.0,53
201400002019,14,9,24,1845,1,1,2,1.0,3,53050,M,4808202.0,-34945.0,53
201400002020,14,10,9,1945,3,1,1,1.0,6,53205,M,4813696.0,-57885.0,53
201400002021,14,10,23,1915,2,2,1,1.0,1,53050,M,4807827.0,-37541.0,53
201400002022,14,10,26,100,3,1,1,1.0,1,53163,M,4815706.0,-46478.0,53
201400002023,14,11,2,1515,1,2,2,1.0,3,53097,M,4814710.0,-40062.0,53
201400002024,14,12,4,945,1,2,1,1.0,3,53097,M,4815684.0,-39310.0,53
201400002025,14,12,13,945,1,1,1,3.0,3,53265,M,4811298.0,-25468.0,53
201400002026,14,12,18,1100,1,1,2,1.0,1,53134,M,4812121.0,-46171.0,53
201400002027,14,1,4,615,3,1,1,2.0,7,53027,M,4790681.0,-45061.0,53
201400002028,14,1,24,1900,3,1,1,3.0,5,53210,M,4779981.0,-43159.0,53
201400002029,14,3,22,45,3,1,1,1.0,1,53210,M,4780144.0,-44393.0,53
201400002030,14,6,19,1545,1,2,9,1.0,2,53017,M,4792677.0,-41464.0,53
201400002031,14,7,25,1730,1,2,1,1.0,1,53233,M,4789105.0,-41976.0,53
201400002032,14,8,23,1000,1,2,1,1.0,6,53062,M,4783517.0,-71869.0,53
201400002033,14,9,5,1730,1,1,1,1.0,7,53029,M,4780516.0,-51437.0,53
201400002034,14,9,18,1215,1,2,2,1.0,3,53062,M,4783011.0,-69389.0,53
201400002035,14,9,20,115,5,2,1,1.0,6,53062,M,4782993.0,-69450.0,53
201400002036,14,10,10,730,2,2,1,1.0,3,53062,M,4783487.0,-69783.0,53
201400002037,14,10,13,1615,1,1,1,1.0,5,53215,M,4778937.0,-70847.0,53
201400002038,14,11,24,1245,1,1,1,8.0,1,53184,M,4793413.0,-44622.0,53
201400002039,14,12,5,1845,5,2,6,1.0,3,53062,M,4782323.0,-69774.0,53
201400002040,14,1,2,1800,3,1,1,8.0,1,53075,M,4792289.0,-87836.0,53
201400002041,14,6,29,1800,1,1,1,1.0,5,53180,M,4781790.0,-87004.0,53
201400002042,14,8,31,1430,1,1,1,1.0,7,53128,M,4794162.0,-107045.0,53
201400002043,14,9,5,715,1,2,1,1.0,3,53188,M,4779721.0,-105575.0,53
201400002044,14,9,12,1115,1,1,1,1.0,3,53197,M,4786226.0,-113221.0,53
201400002045,14,9,19,800,2,1,2,3.0,1,53035,M,4783029.0,-99226.0,53
201400002046,14,10,3,1715,1,2,1,1.0,7,53084,M,4786454.0,-91831.0,53
201400002047,14,11,23,1345,1,1,1,1.0,1,53077,M,4796203.0,-90851.0,53
201400002048,14,12,14,1630,1,1,1,5.0,5,53077,M,4795433.0,-93560.0,53
201400002049,14,3,30,445,3,1,1,1.0,7,53122,M,4826291.0,-50520.0,53
201400002050,14,4,22,2330,5,2,1,1.0,7,53147,M,4829888.0,-61755.0,53
201400002051,14,5,9,1815,1,2,1,1.0,6,53147,M,4830985.0,-62299.0,53
201400002052,14,6,25,1300,1,2,6,1.0,1,53147,M,4830784.0,-63284.0,53
201400002053,14,7,13,1800,1,1,1,1.0,1,53122,M,4826405.0,-48121.0,53
201400002054,14,7,16,1830,1,1,1,1.0,3,53053,M,4830134.0,-34559.0,53
201400002055,14,8,2,1715,1,1,1,1.0,5,53146,M,4818324.0,-67508.0,53
201400002056,14,9,22,1800,1,1,1,1.0,2,53053,M,4827257.0,-39526.0,53
201400002057,14,10,28,1830,5,2,1,1.0,6,53147,M,4830645.0,-61871.0,53
201400002058,14,11,13,1815,3,1,1,8.0,2,53023,M,4817148.0,-58113.0,53
201400002059,14,3,7,1945,3,1,1,1.0,6,53115,M,4843139.0,-85072.0,53
201400002060,14,4,20,1530,1,1,1,1.0,3,53155,M,4829952.0,-88795.0,53
201400002061,14,7,25,1215,1,1,2,7.0,1,53211,M,4836722.0,-85044.0,53
201400002062,14,10,19,215,4,2,6,1.0,6,53107,M,4841099.0,-80582.0,53
201400002063,14,10,30,1915,3,1,1,1.0,6,53042,M,4838558.0,-78798.0,53
201400002064,14,11,6,1415,1,1,2,1.0,3,53269,M,4830481.0,-83177.0,53
201400002065,14,2,25,1915,3,1,1,1.0,7,53127,M,4842190.0,-52936.0,53
201400002066,14,4,23,1900,1,1,1,2.0,7,53051,M,4835327.0,-49362.0,53
201400002067,14,8,30,1615,1,1,1,1.0,6,53216,M,4832134.0,-56834.0,53
201400002068,14,9,11,1445,1,1,1,1.0,3,53127,M,4847867.0,-43635.0,53
201400002069,14,11,27,1415,1,1,2,1.0,3,53116,M,4840305.0,-46059.0,53
201400002070,14,12,11,1615,1,2,1,1.0,6,53127,M,4843804.0,-49702.0,53
201400002071,14,12,14,830,1,2,1,9.0,6,53116,M,4839753.0,-46124.0,53
201400002072,14,3,23,1345,1,1,1,4.0,1,53185,M,4847590.0,-16059.0,53
201400002073,14,9,24,1145,1,1,1,1.0,6,53121,M,4841050.0,-33037.0,53
201400002074,14,9,26,2200,3,1,1,1.0,1,53246,M,4840977.0,-6181.0,53
201400002075,14,10,16,945,1,1,1,1.0,1,53164,M,4849127.0,-31089.0,53
201400002076,14,12,3,1800,3,1,1,1.0,7,53013,M,4832465.0,-20896.0,53
201400002077,14,12,9,2015,3,1,1,1.0,6,53246,M,4838893.0,-13094.0,53
201400002078,14,12,12,2300,3,1,1,3.0,2,53223,M,4826373.0,-17243.0,53
201400002079,14,9,6,20,5,2,1,1.0,3,01283,M,,,01
201400002080,14,2,25,1140,1,2,2,1.0,1,01031,M,,,01
201400002081,14,3,27,330,3,1,1,1.0,7,01283,M,4625270.0,568984.0,01
201400002082,14,4,27,1740,1,2,1,1.0,6,01031,M,,,01
201400002083,14,5,11,1745,1,2,3,1.0,3,01283,M,4626040.0,563649.0,01
201400002084,14,6,9,1,5,2,2,1.0,3,01283,M,,,01
201400002085,14,6,22,1425,1,2,3,1.0,3,01283,M,,,01
201400002086,14,6,7,1950,4,2,1,1.0,6,01283,M,,,01
201400002087,14,7,16,2205,2,2,1,1.0,7,01014,M,4627340.0,567447.0,01
201400002088,14,9,21,1425,1,2,3,1.0,3,01283,M,,,01
201400002089,14,11,1,405,5,2,3,9.0,3,01283,M,,,01
201400002090,14,7,16,2000,1,1,2,1.0,3,72204,M,4793900.0,69900.0,72
201400002091,14,7,27,1445,1,1,1,1.0,3,72373,M,4804500.0,77800.0,72
201400002092,14,7,30,1915,1,1,2,1.0,1,72158,M,4804100.0,68400.0,72
201400002093,14,11,5,900,1,2,1,7.0,1,72042,M,0.0,0.0,72
201400002094,14,1,4,1700,2,1,6,8.0,7,72386,M,0.0,0.0,72
201400002095,14,1,22,1545,1,2,1,2.0,6,72090,M,0.0,0.0,72
201400002096,14,3,15,1645,1,1,1,1.0,2,72090,M,0.0,0.0,72
201400002097,14,4,18,1630,1,1,1,1.0,3,72300,M,0.0,0.0,72
201400002098,14,5,3,2030,1,1,1,1.0,6,72386,M,0.0,0.0,72
201400002099,14,6,19,730,1,2,1,1.0,6,72090,M,0.0,0.0,72
201400002100,14,6,16,2115,2,1,1,1.0,6,72358,M,4805000.0,52600.0,72
201400002101,14,7,27,2245,3,2,1,2.0,2,72054,M,4803900.0,34300.0,72
201400002102,14,8,8,1230,1,1,1,2.0,3,72300,M,4803900.0,40700.0,72
201400002103,14,8,10,2245,3,1,1,1.0,5,72007,M,0.0,0.0,72
201400002104,14,9,8,1200,1,1,1,1.0,7,72358,M,4803400.0,50000.0,72
201400002105,14,12,17,930,1,1,1,8.0,5,72386,M,4800700.0,25300.0,72
201400002106,14,12,24,2115,3,1,6,1.0,3,72090,M,0.0,0.0,72
201400002107,14,4,14,715,1,1,2,1.0,3,72301,M,0.0,0.0,72
201400002108,14,6,10,1400,1,1,1,1.0,5,72329,M,0.0,0.0,72
201400002109,14,6,27,530,2,1,1,1.0,1,72329,M,0.0,0.0,72
201400002110,14,7,9,1700,1,2,1,1.0,7,72359,M,0.0,0.0,72
201400002111,14,7,10,1400,1,1,1,1.0,1,72310,M,0.0,0.0,72
201400002112,14,7,20,1130,1,2,1,1.0,6,72147,M,0.0,0.0,72
201400002113,14,1,9,1915,5,1,1,1.0,3,72253,M,4790400.0,5700.0,72
201400002114,14,1,22,1145,1,1,1,1.0,1,72381,M,0.0,0.0,72
201400002115,14,5,12,1715,1,1,1,1.0,2,72253,M,4792400.0,8300.0,72
201400002116,14,5,14,1230,1,1,1,1.0,1,72381,M,4792400.0,8300.0,72
201400002117,14,5,22,1045,1,1,1,1.0,3,72230,M,0.0,0.0,72
201400002118,14,6,11,1200,1,1,1,1.0,1,72381,M,4793700.0,9000.0,72
201400002119,14,6,21,1200,1,2,1,1.0,7,72344,M,4791578.0,15679.0,72
201400002120,14,8,1,1230,1,1,2,1.0,5,72344,M,0.0,0.0,72
201400002121,14,8,22,1045,1,1,1,1.0,1,72113,M,0.0,0.0,72
201400002122,14,10,15,2300,3,1,1,1.0,7,72075,M,4792600.0,-4400.0,72
201400002123,14,10,21,1415,1,1,1,1.0,3,72096,M,4802600.0,3600.0,72
201400002124,14,10,24,2145,3,1,1,1.0,6,72278,M,0.0,0.0,72
201400002125,14,10,25,1930,3,1,1,5.0,5,72146,M,4787000.0,11500.0,72
201400002126,14,10,30,1145,1,1,1,1.0,3,72168,M,0.0,0.0,72
201400002127,14,11,5,1630,1,1,1,1.0,6,72344,M,4794500.0,17600.0,72
201400002128,14,11,14,1930,3,1,1,1.0,6,72381,M,4793300.0,6700.0,72
201400002129,14,12,21,1030,1,1,1,1.0,6,72344,M,0.0,0.0,72
201400002130,14,1,20,715,2,1,1,5.0,5,72110,M,4775300.0,-15300.0,72
201400002131,14,1,21,1530,1,1,1,1.0,1,72110,M,4774900.0,-14500.0,72
201400002132,14,1,29,1915,3,1,1,1.0,3,72154,M,4770900.0,-4900.0,72
201400002133,14,5,12,700,2,1,1,1.0,3,72154,M,4771200.0,-4400.0,72
201400002134,14,5,20,400,2,1,1,1.0,6,72154,M,0.0,0.0,72
201400002135,14,6,28,445,3,1,1,1.0,6,72154,M,0.0,0.0,72
201400002136,14,7,24,1830,1,1,1,1.0,5,72154,M,4770100.0,-6500.0,72
201400002137,14,7,30,1030,1,2,6,1.0,2,72154,M,0.0,0.0,72
201400002138,14,9,13,1445,1,2,1,1.0,7,72154,M,0.0,0.0,72
201400002139,14,9,30,1000,1,1,1,5.0,1,72154,M,4771300.0,-4100.0,72
201400002140,14,10,25,1230,1,1,1,1.0,1,72110,M,0.0,0.0,72
201400002141,14,11,19,1745,2,1,9,1.0,3,72084,M,4771700.0,-2900.0,72
201400002142,14,8,25,30,3,1,9,1.0,6,72210,M,0.0,0.0,72
201400002143,14,5,9,2215,3,1,1,1.0,7,72068,M,4773900.0,55500.0,72
201400002144,14,6,16,1715,1,1,1,1.0,1,72248,M,4785600.0,45900.0,72
201400002145,14,7,11,1200,1,1,1,1.0,3,72183,M,0.0,0.0,72
201400002146,14,8,21,1230,1,2,1,1.0,6,72143,M,4786800.0,47100.0,72
201400002147,14,10,2,1545,1,1,2,1.0,3,72063,M,4782300.0,67900.0,72
201400002148,14,12,14,1100,1,2,7,1.0,6,72071,M,4769900.0,41900.0,72
201400002149,14,3,8,800,1,1,1,1.0,6,72228,M,4785700.0,-20000.0,72
201400002150,14,4,4,230,3,2,1,1.0,6,72050,M,4796800.0,-23200.0,72
201400002151,14,5,10,545,2,1,1,8.0,7,72044,M,0.0,0.0,72
201400002152,14,5,9,1530,1,1,1,1.0,3,72059,M,4793100.0,-19100.0,72
201400002153,14,5,9,1230,1,1,1,1.0,7,72044,M,4778000.0,-4900.0,72
201400002154,14,5,7,1445,1,1,1,1.0,3,72239,M,0.0,0.0,72
201400002155,14,5,27,1000,1,1,1,1.0,6,72228,M,4783200.0,-15800.0,72
201400002156,14,5,28,1030,1,1,6,1.0,7,72022,M,4778000.0,-21400.0,72
201400002157,14,7,1,1600,1,1,1,1.0,1,72177,M,4795100.0,-3900.0,72
201400002158,14,7,3,1915,1,1,1,1.0,1,72044,M,0.0,0.0,72
201400002159,14,7,9,2130,1,1,1,1.0,6,72223,M,0.0,0.0,72
201400002160,14,10,10,1930,3,1,1,2.0,7,72239,M,4792300.0,-28900.0,72
201400002161,14,10,23,1530,1,1,1,1.0,7,72163,M,0.0,0.0,72
201400002162,14,1,17,1900,3,1,1,1.0,2,72051,M,4781800.0,6300.0,72
201400002163,14,5,8,2030,2,1,1,1.0,6,72226,M,4780000.0,11300.0,72
201400002164,14,6,13,715,2,1,1,7.0,3,72385,M,4784900.0,18600.0,72
201400002165,14,7,26,1000,1,1,1,1.0,1,72051,M,4782400.0,8700.0,72
201400002166,14,7,30,915,1,2,2,1.0,3,72182,M,4775100.0,13700.0,72
201400002167,14,8,1,1700,1,1,1,1.0,6,72243,M,4778700.0,23200.0,72
201400002168,14,9,2,1200,1,1,1,1.0,6,72176,M,4765035.0,13549.0,72
201400002169,14,9,20,100,3,1,9,8.0,6,72243,M,0.0,0.0,72
201400002170,14,9,12,1915,1,1,1,1.0,3,72135,M,4777800.0,9200.0,72
201400002171,14,9,24,1215,1,2,6,1.0,1,72191,M,0.0,0.0,72
201400002172,14,9,26,645,5,2,1,5.0,6,72191,M,4776600.0,27700.0,72
201400002173,14,10,18,1900,2,1,1,1.0,6,72252,M,4778500.0,16000.0,72
201400002174,14,10,17,1730,1,1,1,1.0,6,72176,M,4763300.0,12400.0,72
201400002175,14,10,31,2030,5,2,1,1.0,6,72243,M,4775700.0,19100.0,72
201400002176,14,11,11,1500,1,1,1,2.0,6,72385,M,4782000.0,13200.0,72
201400002177,14,12,8,1030,1,1,1,4.0,1,72357,M,0.0,0.0,72
201400002178,14,12,19,1745,5,1,1,2.0,3,72176,M,4765400.0,16500.0,72
201400002179,14,12,19,2000,3,1,1,2.0,3,72182,M,4775500.0,13800.0,72
201400002180,14,1,8,1715,1,2,9,1.0,2,72264,M,0.0,0.0,72
201400002181,14,1,17,2000,5,2,1,1.0,6,72264,M,4783972.0,-32002.0,72
201400002182,14,2,18,1900,5,2,1,8.0,6,72264,M,4783902.0,-32742.0,72
201400002183,14,3,24,2100,5,2,1,2.0,2,72264,M,0.0,0.0,72
201400002184,14,4,16,1800,1,2,1,1.0,5,72264,M,0.0,0.0,72
201400002185,14,6,12,1800,1,1,1,1.0,1,72264,M,0.0,0.0,72
201400002186,14,7,1,1415,1,2,1,1.0,2,72264,M,0.0,0.0,72
201400002187,14,7,25,1415,1,2,9,1.0,6,72264,M,4783960.0,-32566.0,72
201400002188,14,10,15,1500,1,2,9,1.0,6,72264,M,0.0,0.0,72
201400002189,14,11,18,1800,3,1,1,8.0,5,72264,M,0.0,0.0,72
201400002190,14,11,23,1815,3,1,1,1.0,7,72244,M,0.0,0.0,72
201400002191,14,12,28,215,5,2,1,1.0,6,72264,M,0.0,0.0,72
201400002192,14,1,2,1700,1,1,1,1.0,6,72316,M,0.0,0.0,72
201400002193,14,1,21,700,5,2,1,1.0,6,72039,M,0.0,0.0,72
201400002194,14,3,20,1800,1,2,1,1.0,3,72189,M,0.0,0.0,72
201400002195,14,3,28,1800,1,2,1,1.0,3,72048,M,0.0,0.0,72
201400002196,14,4,10,1900,1,2,1,1.0,6,72180,M,0.0,0.0,72
201400002197,14,5,2,1045,1,2,1,1.0,6,72180,M,0.0,0.0,72
201400002198,14,5,24,1430,1,1,1,1.0,2,72189,M,0.0,0.0,72
201400002199,14,5,24,1545,1,2,1,1.0,6,72039,M,0.0,0.0,72
201400002200,14,5,31,1545,1,1,1,1.0,6,72196,M,0.0,0.0,72
201400002201,14,7,7,1215,1,1,2,1.0,3,72276,M,0.0,0.0,72
201400002202,14,8,18,1315,1,1,1,1.0,1,72102,M,0.0,0.0,72
201400002203,14,9,12,1445,1,1,1,1.0,1,72180,M,0.0,0.0,72
201400002204,14,9,15,1745,1,1,1,1.0,6,72196,M,0.0,0.0,72
201400002205,14,10,1,1900,1,1,1,7.0,2,72180,M,0.0,0.0,72
201400002206,14,11,20,1300,1,2,1,1.0,3,72180,M,0.0,0.0,72
201400002207,14,12,30,1500,1,2,1,1.0,3,72276,M,0.0,0.0,72
201400002208,14,5,15,1230,1,2,1,1.0,1,72039,M,0.0,0.0,72
201400002209,14,5,19,1715,1,2,1,1.0,6,72132,M,0.0,0.0,72
201400002210,14,7,6,230,3,1,1,1.0,7,72122,M,0.0,0.0,72
201400002211,14,8,8,2030,1,1,1,2.0,6,72067,M,0.0,0.0,72
201400002212,14,9,30,1515,1,1,4,1.0,1,72208,M,0.0,0.0,72
201400002213,14,4,18,2045,2,2,1,1.0,1,72337,M,0.0,0.0,72
201400002214,14,5,14,1630,1,2,1,1.0,3,72029,M,0.0,0.0,72
201400002215,14,5,15,1345,1,1,1,1.0,5,72036,M,0.0,0.0,72
201400002216,14,5,19,1745,1,1,1,1.0,1,72141,M,0.0,0.0,72
201400002217,14,9,23,1445,1,1,1,1.0,1,72273,M,0.0,0.0,72
201400002218,14,11,6,1730,5,2,6,8.0,7,72006,M,0.0,0.0,72
201400002219,14,3,27,1645,1,1,2,8.0,3,85131,M,4648832.0,-120438.0,85
201400002220,14,5,25,1600,1,1,1,1.0,1,85008,M,4660849.0,-144540.0,85
201400002221,14,6,26,1045,1,1,2,1.0,3,85093,M,4664707.0,-123061.0,85
201400002222,14,6,27,1800,1,1,2,1.0,3,85073,M,4651473.0,-115987.0,85
201400002223,14,7,28,40,3,1,2,2.0,3,85135,M,4650780.0,-120015.0,85
201400002224,14,9,20,1900,1,2,1,1.0,6,85008,M,4659594.0,-145276.0,85
201400002225,14,9,25,1745,1,1,1,1.0,2,85135,M,4654529.0,-124402.0,85
201400002226,14,2,5,1845,5,2,1,2.0,6,85084,M,4676075.0,-123526.0,85
201400002227,14,2,4,1130,1,1,1,3.0,1,85084,M,4676059.0,-122293.0,85
201400002228,14,2,16,815,1,1,1,5.0,1,85165,M,4680815.0,-113729.0,85
201400002229,14,5,9,2315,5,1,1,1.0,1,85081,M,4674653.0,-138545.0,85
201400002230,14,6,11,1245,1,2,3,1.0,3,85084,M,4677532.0,-123301.0,85
201400002231,14,6,11,715,2,1,1,1.0,3,85266,M,4675807.0,-98614.0,85
201400002232,14,7,5,230,3,1,1,2.0,6,85165,M,4679346.0,-112576.0,85
201400002233,14,8,2,15,3,1,1,1.0,6,85051,M,4670941.0,-102997.0,85
201400002234,14,9,1,830,1,2,1,1.0,3,85081,M,4673662.0,-138519.0,85
201400002235,14,9,19,2300,3,1,1,1.0,6,85232,M,4671222.0,-116331.0,85
201400002236,14,9,28,1615,1,2,1,1.0,1,85051,M,4668607.0,-106799.0,85
201400002237,14,10,27,800,1,2,1,1.0,2,85089,M,4671463.0,-131781.0,85
201400002238,14,12,5,1400,1,1,2,1.0,3,85232,M,4668912.0,-118322.0,85
201400002239,14,1,21,700,3,1,1,5.0,3,85082,M,4689951.0,-93511.0,85
201400002240,14,4,26,1445,1,1,1,1.0,1,85109,M,4682807.0,-100217.0,85
201400002241,14,5,16,1515,1,1,1,1.0,6,85038,M,4688341.0,-133196.0,85
201400002242,14,5,15,1915,1,2,1,1.0,1,85082,M,4687910.0,-90032.0,85
201400002243,14,5,24,1845,1,2,1,1.0,2,85301,M,4682462.0,-112085.0,85
201400002244,14,5,25,1230,1,2,1,1.0,6,85065,M,4689304.0,-125084.0,85
201400002245,14,7,19,2245,4,1,1,1.0,6,85186,M,4686343.0,-126241.0,85
201400002246,14,8,14,1130,1,1,1,1.0,1,85038,M,4692060.0,-132134.0,85
201400002247,14,8,22,930,1,1,1,7.0,1,85082,M,4687591.0,-92957.0,85
201400002248,14,11,22,930,1,1,1,1.0,6,85109,M,4686050.0,-100372.0,85
201400002249,14,11,30,2300,3,1,1,2.0,1,85301,M,4683851.0,-108959.0,85
201400002250,14,12,6,1625,1,1,1,1.0,1,85109,M,4682884.0,-100313.0,85
201400002251,14,12,10,905,1,1,1,1.0,1,85109,M,4682888.0,-100316.0,85
201400002252,14,1,24,740,5,2,1,2.0,6,85146,M,4696977.0,-130618.0,85
201400002253,14,3,13,1500,1,2,1,1.0,3,85025,M,4694984.0,-119278.0,85
201400002254,14,4,2,1530,1,2,1,1.0,1,85146,M,4698226.0,-132232.0,85
201400002255,14,4,15,1845,1,1,2,1.0,3,85025,M,4695848.0,-119289.0,85