Num_Acc,an,mois,jour,hrmn,lum,agg,int,atm,col,com,gps,lat,long,dep
201400002256,14,6,16,1900,1,1,1,1.0,7,85039,M,4702521.0,-120369.0,85
201400002257,14,8,24,1800,1,1,1,1.0,1,85224,M,4702946.0,-135162.0,85
201400002258,14,11,7,1645,2,1,1,1.0,6,85197,M,4692705.0,-139523.0,85
201400002259,14,3,17,1800,1,1,1,1.0,1,85151,M,4701069.0,-98255.0,85
201400002260,14,6,13,2030,1,1,1,1.0,1,85048,M,4692548.0,-99086.0,85
201400002261,14,10,4,1900,1,1,1,3.0,5,85302,M,4695866.0,-97617.0,85
201400002262,14,10,6,1730,1,1,9,8.0,5,85151,M,4698833.0,-93827.0,85
201400002263,14,12,31,1500,1,1,1,1.0,2,85155,M,4670662.0,-144639.0,85
201400002264,14,1,6,1915,3,1,2,8.0,3,85129,M,4685693.0,-149693.0,85
201400002265,14,2,2,1215,1,2,9,1.0,6,85178,M,4676658.0,-149550.0,85
201400002266,14,4,6,1615,1,1,1,1.0,3,85178,M,4678343.0,-153839.0,85
201400002267,14,4,21,2000,1,1,1,7.0,1,85178,M,4675210.0,-146627.0,85
201400002268,14,5,14,1615,1,1,1,1.0,3,85015,M,4681326.0,-146244.0,85
201400002269,14,6,26,1745,1,1,1,1.0,6,85003,M,4675079.0,-165381.0,85
201400002270,14,6,29,2245,5,2,1,1.0,6,85155,M,4672431.0,-146555.0,85
201400002271,14,6,30,2000,1,2,1,1.0,3,85003,M,4674232.0,-161297.0,85
201400002272,14,7,4,2200,3,1,1,2.0,6,85155,M,4669975.0,-149303.0,85
201400002273,14,7,15,1945,1,1,1,1.0,6,85003,M,4670337.0,-166024.0,85
201400002274,14,8,8,1245,1,1,1,2.0,1,85279,M,4678176.0,-142016.0,85
201400002275,14,8,15,545,3,1,1,1.0,6,85129,M,4684116.0,-147178.0,85
201400002276,14,8,21,1545,1,1,1,1.0,1,85300,M,4669712.0,-150003.0,85
201400002277,14,10,17,15,3,1,1,8.0,6,85155,M,4669931.0,-149185.0,85
201400002278,14,10,25,545,3,2,1,1.0,6,85003,M,4673611.0,-162403.0,85
201400002279,14,10,31,1715,1,1,1,1.0,3,85279,M,4681215.0,-143308.0,85
201400002280,14,11,5,1115,1,2,1,1.0,6,85019,M,4678223.0,-143069.0,85
201400002281,14,1,16,1730,2,1,2,2.0,3,85177,M,4643549.0,-92268.0,85
201400002282,14,2,17,1515,1,2,1,1.0,3,85092,M,4646920.0,-77824.0,85
201400002283,14,4,28,1700,1,1,1,1.0,1,85126,M,4646793.0,-84830.0,85
201400002284,14,9,10,1000,1,2,6,1.0,2,85092,M,4646485.0,-82378.0,85
201400002285,14,10,27,1500,1,2,1,1.0,6,85092,M,4646786.0,-80962.0,85
201400002286,14,11,9,1800,5,2,1,1.0,6,85092,M,4646800.0,-82058.0,85
201400002287,14,12,27,1800,2,2,1,1.0,6,85092,M,4646429.0,-81691.0,85
201400002288,14,1,18,145,3,1,1,8.0,1,85128,M,4648079.0,-118291.0,85
201400002289,14,3,16,1200,1,2,1,1.0,7,85255,M,4636130.0,-124922.0,85
201400002290,14,4,23,1445,1,1,1,2.0,5,85267,M,4634050.0,-108300.0,85
201400002291,14,5,2,400,3,1,1,1.0,6,85128,M,4647111.0,-116690.0,85
201400002292,14,5,4,1845,1,2,6,1.0,1,85128,M,4646400.0,-117186.0,85
201400002293,14,5,25,1015,1,1,1,1.0,1,85297,M,4640160.0,-118604.0,85
201400002294,14,6,11,1130,1,2,1,1.0,1,85042,M,4638177.0,-102262.0,85
201400002295,14,6,16,1730,1,1,1,1.0,1,85216,M,4644397.0,-110175.0,85
201400002296,14,8,25,1515,1,2,1,1.0,3,85128,M,4645634.0,-117651.0,85
201400002297,14,9,13,1600,1,2,1,1.0,3,85128,M,4645532.0,-116199.0,85
201400002298,14,12,15,1700,1,2,1,2.0,1,85128,M,4645773.0,-116499.0,85
201400002299,14,4,9,1845,1,1,1,1.0,3,85078,M,4632103.0,-73918.0,85
201400002300,14,4,15,1530,1,1,2,1.0,3,85168,M,4640625.0,-67852.0,85
201400002301,14,9,30,1500,1,1,4,1.0,1,85020,M,4634646.0,-63904.0,85
201400002302,14,10,16,1645,1,1,1,2.0,3,85162,M,4641547.0,-69758.0,85
201400002303,14,10,29,1000,1,1,2,1.0,3,85244,M,4642718.0,-77041.0,85
201400002304,14,1,29,1845,3,1,1,1.0,3,85154,M,4664261.0,-83206.0,85
201400002305,14,2,21,1600,1,1,1,1.0,1,85305,M,4657019.0,-79599.0,85
201400002306,14,3,22,900,1,1,1,8.0,6,85145,M,4675143.0,-91555.0,85
201400002307,14,4,18,1800,1,1,9,1.0,2,85182,M,4676883.0,-82775.0,85
201400002308,14,4,25,2245,3,2,1,1.0,1,85059,M,4664501.0,-73379.0,85
201400002309,14,5,15,2230,3,1,1,1.0,1,85145,M,4673032.0,-93520.0,85
201400002310,14,7,6,2145,2,1,1,1.0,5,85287,M,4668927.0,-91790.0,85
201400002311,14,7,21,600,2,1,1,1.0,7,85254,M,4678976.0,-76425.0,85
201400002312,14,10,8,1000,1,1,1,8.0,6,85031,M,4677721.0,-94648.0,85
201400002313,14,11,25,1800,3,1,1,5.0,1,85182,M,4679932.0,-85434.0,85
201400002314,14,1,10,1330,1,1,1,1.0,7,85040,M,4663467.0,-93191.0,85
201400002315,14,2,23,1130,1,1,1,1.0,7,85235,M,4658228.0,-99482.0,85
201400002316,14,5,8,2000,1,1,1,1.0,1,85205,M,4655129.0,-86825.0,85
201400002317,14,10,11,945,1,1,1,5.0,1,85056,M,4656093.0,-96121.0,85
201400002318,14,1,7,1630,1,1,1,1.0,2,85047,M,4683485.0,-183143.0,85
201400002319,14,1,14,1845,5,2,1,1.0,6,85047,M,4684367.0,-187238.0,85
201400002320,14,1,25,1900,3,1,1,1.0,3,85280,M,4686032.0,-190968.0,85
201400002321,14,3,11,1005,1,2,1,1.0,6,85047,M,4685135.0,-188749.0,85
201400002322,14,5,19,1230,1,2,3,1.0,3,85047,M,4684944.0,-187733.0,85
201400002323,14,5,27,330,3,2,1,1.0,6,85006,M,4674732.0,-174176.0,85
201400002324,14,8,17,930,1,1,1,1.0,1,85006,M,4673901.0,-178269.0,85
201400002325,14,8,18,1645,1,1,1,1.0,6,85047,M,4682580.0,-189662.0,85
201400002326,14,9,7,1100,1,2,1,1.0,6,85169,M,4680444.0,-162138.0,85
201400002327,14,9,27,845,1,1,1,1.0,1,85047,M,4685199.0,-180115.0,85
201400002328,14,7,15,1730,1,1,1,1.0,3,85113,M,4671363.0,-235458.0,85
201400002329,14,8,17,1930,1,1,1,1.0,1,85113,M,4670416.0,-234219.0,85
201400002330,14,3,14,1630,1,1,1,1.0,2,85118,M,4664080.0,-155236.0,85
201400002331,14,4,22,1400,1,1,1,1.0,7,85118,M,4664032.0,-155623.0,85
201400002332,14,5,10,745,1,1,1,2.0,6,85161,M,4656090.0,-151441.0,85
201400002333,14,5,16,2045,1,1,1,1.0,1,85152,M,4662089.0,-166391.0,85
201400002334,14,5,12,1530,1,2,1,1.0,6,85211,M,4660837.0,-158058.0,85
201400002335,14,5,24,2245,5,2,1,1.0,6,85016,M,4667540.0,-161239.0,85
201400002336,14,7,8,1700,1,1,1,1.0,3,85236,M,4663570.0,-170264.0,85
201400002337,14,7,25,1230,1,1,1,1.0,2,85236,M,4662953.0,-169024.0,85
201400002338,14,8,11,1500,1,1,1,1.0,6,85218,M,4662611.0,-165598.0,85
201400002339,14,9,19,1745,1,1,1,1.0,2,85112,M,4658106.0,-179293.0,85
201400002340,14,9,23,2030,1,1,1,1.0,3,85099,M,4655558.0,-156515.0,85
201400002341,14,10,13,1915,2,2,1,1.0,3,85052,M,4659009.0,-164787.0,85
201400002342,14,1,4,330,5,2,1,1.0,7,85163,M,4700369.0,-224380.0,85
201400002343,14,4,26,1630,1,1,1,1.0,6,85011,M,4691660.0,-215712.0,85
201400002344,14,5,3,2215,5,1,1,1.0,1,85163,M,4700050.0,-224759.0,85
201400002345,14,1,14,1000,1,1,1,1.0,3,85268,M,4669434.0,-185223.0,85
201400002346,14,1,25,1730,1,2,6,1.0,3,85226,M,4670165.0,-195642.0,85
201400002347,14,2,18,730,2,2,1,1.0,1,85035,M,4663258.0,-185513.0,85
201400002348,14,3,15,500,5,2,1,1.0,6,85071,M,4676666.0,-184113.0,85
201400002349,14,3,26,1215,1,2,6,1.0,3,85035,M,4661909.0,-187150.0,85
201400002350,14,3,30,600,5,2,1,1.0,6,85088,M,4672352.0,-189687.0,85
201400002351,14,4,5,545,3,1,1,1.0,6,85226,M,4675550.0,-194386.0,85
201400002352,14,4,26,415,3,1,1,2.0,6,85035,M,4663431.0,-183576.0,85
201400002353,14,4,25,830,1,2,6,1.0,3,85222,M,4670154.0,-195052.0,85
201400002354,14,5,14,1415,1,2,8,1.0,3,85222,M,4669817.0,-194737.0,85
201400002355,14,5,7,2015,2,2,1,1.0,3,85226,M,4672059.0,-194882.0,85
201400002356,14,5,22,1630,1,2,7,1.0,1,85071,M,4676185.0,-183725.0,85
201400002357,14,5,28,1615,1,2,1,1.0,1,85100,M,4667056.0,-190454.0,85
201400002358,14,5,30,1700,1,2,6,1.0,3,85243,M,4659863.0,-183117.0,85
201400002359,14,7,25,1230,1,2,1,1.0,1,85222,M,4669404.0,-190652.0,85
201400002360,14,8,3,645,2,1,6,1.0,7,85035,M,4663774.0,-182110.0,85
201400002361,14,8,5,1500,1,2,6,1.0,3,85088,M,4671539.0,-190705.0,85
201400002362,14,9,26,1715,1,2,1,1.0,6,85222,M,4669775.0,-194838.0,85
201400002363,14,10,14,750,2,1,1,1.0,6,85088,M,4670159.0,-189552.0,85
201400002364,14,10,20,1615,1,1,1,1.0,2,85226,M,4673596.0,-194850.0,85
201400002365,14,10,24,1615,1,1,1,1.0,6,85070,M,4669669.0,-172453.0,85
201400002366,14,12,29,2115,5,2,1,4.0,1,85070,M,4669699.0,-175836.0,85
201400002367,14,6,22,1745,1,1,1,1.0,5,85172,M,4681405.0,-196857.0,85
201400002368,14,7,5,1030,1,2,6,2.0,6,85221,M,4690244.0,-200074.0,85
201400002369,14,6,26,45,4,2,1,1.0,6,85234,M,4677682.0,-205230.0,85
201400002370,14,7,10,1830,1,1,1,1.0,1,85234,M,4676388.0,-203135.0,85
201400002371,14,7,29,1800,1,2,1,1.0,1,85164,M,4683961.0,-212522.0,85
201400002372,14,8,2,1000,1,1,1,2.0,1,85029,M,4699342.0,-196903.0,85
201400002373,14,8,2,1420,1,1,1,1.0,1,85172,M,4682371.0,-192768.0,85
201400002374,14,8,7,1215,1,1,1,1.0,1,85018,M,4693440.0,-203510.0,85
201400002375,14,8,8,1400,1,1,1,3.0,7,85029,M,4695685.0,-201484.0,85
201400002376,14,8,18,1415,1,2,1,1.0,1,85234,M,4678999.0,-203748.0,85
201400002377,14,8,22,1745,1,2,1,1.0,1,85234,M,4679381.0,-207863.0,85
201400002378,14,8,27,1900,1,2,7,8.0,6,85234,M,4679307.0,-206170.0,85
201400002379,14,9,14,30,3,1,1,1.0,3,85284,M,4680168.0,-188107.0,85
201400002380,14,9,27,1015,1,1,1,1.0,3,85234,M,4682901.0,-206138.0,85
201400002381,14,10,24,1045,1,2,1,1.0,1,85284,M,4680102.0,-189354.0,85
201400002382,14,12,1,510,3,1,1,1.0,7,85018,M,4689196.0,-203633.0,85
201400002383,14,12,15,1320,1,1,1,1.0,3,85018,M,4688767.0,-207493.0,85
201400002384,14,12,15,1500,1,1,1,1.0,3,85234,M,4680958.0,-205049.0,85
201400002385,14,12,17,2345,3,1,1,8.0,7,85172,M,4679718.0,-199319.0,85
201400002386,14,12,21,1100,1,2,1,1.0,6,85018,M,4691577.0,-204410.0,85
201400002387,14,1,26,530,4,2,1,1.0,6,85288,M,4644825.0,-162503.0,85
201400002388,14,2,1,1915,5,2,1,1.0,1,85004,M,4641004.0,-139799.0,85
201400002389,14,2,13,1500,1,2,1,2.0,1,85288,M,4646399.0,-161434.0,85
201400002390,14,2,25,1000,1,1,1,1.0,6,85050,M,4649598.0,-131759.0,85
201400002391,14,3,7,2030,3,1,1,1.0,3,85026,M,4656747.0,-147895.0,85
201400002392,14,4,22,2230,3,1,1,1.0,2,85294,M,4635909.0,-142203.0,85
201400002393,14,4,22,930,1,2,1,1.0,3,85288,M,4646464.0,-162260.0,85
201400002394,14,5,15,1645,1,1,1,1.0,1,85288,M,4647562.0,-165404.0,85
201400002395,14,6,14,830,1,1,1,1.0,6,85077,M,4645388.0,-130791.0,85
201400002396,14,6,26,1930,1,1,1,1.0,1,85114,M,4643380.0,-157805.0,85
201400002397,14,7,29,100,4,2,1,1.0,7,85127,M,4638712.0,-146287.0,85
201400002398,14,10,14,1915,2,1,1,1.0,5,85026,M,4655324.0,-142918.0,85
201400002399,14,10,19,930,1,2,1,7.0,6,85288,M,4646535.0,-162799.0,85
201400002400,14,11,21,625,3,1,1,1.0,6,85116,M,4642899.0,-138434.0,85
201400002401,14,12,5,1415,1,1,1,8.0,6,85179,M,4653339.0,-151732.0,85
201400002402,14,12,29,1445,1,1,1,1.0,3,85114,M,4644419.0,-157948.0,85
201400002403,14,10,9,630,3,1,1,3.0,1,33519,M,0.0,0.0,33
201400002404,14,3,3,1715,1,1,1,4.0,6,33042,M,0.0,0.0,33
201400002405,14,9,27,915,1,2,1,7.0,5,33498,M,0.0,0.0,33
201400002406,14,12,24,2015,3,1,1,1.0,5,33498,M,4457900.0,-88200.0,33
201400002407,14,2,7,1215,1,2,1,1.0,1,33555,M,0.0,0.0,33
201400002408,14,3,17,1100,1,2,1,1.0,6,33019,M,0.0,0.0,33
201400002409,14,6,17,1445,1,1,1,1.0,1,33284,M,0.0,0.0,33
201400002410,14,8,17,2315,3,1,1,1.0,6,33051,M,0.0,0.0,33
201400002411,14,8,22,2015,1,2,1,1.0,6,33555,M,0.0,0.0,33
201400002412,14,10,29,1915,2,1,1,8.0,2,33284,M,0.0,0.0,33
201400002413,14,11,21,1115,5,1,1,1.0,1,33284,M,0.0,0.0,33
201400002414,14,2,27,1215,1,2,1,8.0,1,33056,M,4491400.0,-62200.0,33
201400002415,14,3,1,1545,1,2,1,1.0,3,33312,M,0.0,0.0,33
201400002416,14,6,1,200,5,2,1,1.0,7,33056,M,0.0,0.0,33
201400002417,14,6,20,900,1,1,1,1.0,3,33056,M,0.0,0.0,33
201400002418,14,8,25,1000,2,2,9,1.0,3,33056,M,0.0,0.0,33
201400002419,14,11,17,1845,5,2,1,3.0,3,33056,M,0.0,0.0,33
201400002420,14,4,4,1515,1,2,1,1.0,3,33011,M,4477800.0,-113600.0,33
201400002421,14,4,27,500,5,2,1,1.0,6,33236,M,0.0,0.0,33
201400002422,14,7,26,1145,1,2,1,1.0,6,33236,M,0.0,0.0,33
201400002423,14,10,14,945,1,2,1,1.0,3,33236,M,0.0,0.0,33
201400002424,14,10,31,1545,1,1,1,1.0,2,33236,M,0.0,0.0,33
201400002425,14,4,18,1800,1,2,1,1.0,5,33422,M,0.0,0.0,33
201400002426,14,6,6,1800,1,1,1,1.0,6,33273,M,0.0,0.0,33
201400002427,14,7,2,1745,1,1,1,1.0,5,33422,M,0.0,0.0,33
201400002428,14,3,3,1515,1,1,2,3.0,3,33449,M,0.0,0.0,33
201400002429,14,3,7,1115,1,2,1,1.0,5,33449,M,0.0,0.0,33
201400002430,14,4,11,1045,1,1,1,1.0,3,33449,M,0.0,0.0,33
201400002431,14,5,14,1900,1,2,1,1.0,3,33449,M,0.0,0.0,33
201400002432,14,6,1,1845,1,2,1,1.0,6,33449,M,0.0,0.0,33
201400002433,14,6,16,715,1,2,1,1.0,6,33449,M,0.0,0.0,33
201400002434,14,7,10,1915,1,1,1,1.0,3,33449,M,0.0,0.0,33
201400002435,14,7,24,730,1,2,1,1.0,3,33449,M,0.0,0.0,33
201400002436,14,8,25,1730,1,2,3,1.0,3,33449,M,0.0,0.0,33
201400002437,14,9,13,400,5,2,6,1.0,6,33449,M,0.0,0.0,33
201400002438,14,10,20,1745,1,1,1,1.0,1,33449,M,0.0,0.0,33
201400002439,14,11,12,915,1,2,1,2.0,2,33449,M,0.0,0.0,33
201400002440,14,11,12,730,1,2,6,2.0,3,33449,M,0.0,0.0,33
201400002441,14,11,20,2145,3,1,1,1.0,6,33449,M,0.0,0.0,33
201400002442,14,11,27,2330,5,2,1,1.0,6,33449,M,0.0,0.0,33
201400002443,14,12,9,1745,2,2,1,1.0,3,33449,M,0.0,0.0,33
201400002444,14,3,6,2045,3,1,1,1.0,6,33101,M,0.0,0.0,33
201400002445,14,3,14,1830,1,1,1,1.0,1,33101,M,0.0,0.0,33
201400002446,14,9,5,745,1,1,2,1.0,3,33100,M,0.0,0.0,33
201400002447,14,11,1,615,3,1,1,1.0,5,33047,M,0.0,0.0,33
201400002448,14,11,8,1700,1,1,2,1.0,3,33280,M,0.0,0.0,33
201400002449,14,2,15,1115,1,2,1,2.0,6,33341,M,4508700.0,-47900.0,33
201400002450,14,5,13,715,2,2,1,2.0,6,33132,M,0.0,0.0,33
201400002451,14,6,14,2345,5,2,2,1.0,3,33341,M,0.0,0.0,33
201400002452,14,7,27,1,3,2,1,1.0,6,33182,M,0.0,0.0,33
201400002453,14,7,29,1830,1,1,1,1.0,1,33500,M,0.0,0.0,33
201400002454,14,9,4,1830,1,2,1,1.0,3,33067,M,0.0,0.0,33
201400002455,14,10,9,1015,1,1,1,2.0,1,33067,M,0.0,0.0,33
201400002456,14,3,8,1645,1,1,1,1.0,7,33351,M,0.0,0.0,33
201400002457,14,5,3,930,1,1,1,1.0,3,33159,M,0.0,0.0,33
201400002458,14,8,5,1645,1,1,3,1.0,3,33006,M,0.0,0.0,33
201400002459,14,9,8,845,1,2,1,3.0,3,33374,M,0.0,0.0,33
201400002460,14,1,15,630,5,2,1,2.0,6,33492,M,0.0,0.0,33
201400002461,14,4,30,545,2,1,1,5.0,6,33184,M,0.0,0.0,33
201400002462,14,6,8,1800,1,2,2,1.0,3,33123,M,0.0,0.0,33
201400002463,14,7,4,2045,1,1,1,1.0,3,33266,M,0.0,0.0,33
201400002464,14,9,13,1915,1,2,1,1.0,3,33266,M,0.0,0.0,33
201400002465,14,11,9,1945,5,2,1,1.0,1,33492,M,0.0,0.0,33
201400002466,14,12,14,330,5,2,1,1.0,7,33433,M,0.0,0.0,33
201400002467,14,1,24,1915,3,1,1,2.0,1,33483,M,0.0,0.0,33
201400002468,14,7,16,45,5,2,1,1.0,7,33397,M,0.0,0.0,33
201400002469,14,1,8,630,3,1,1,1.0,3,33023,M,4469900.0,-49700.0,33
201400002470,14,1,11,1545,1,2,2,1.0,3,33454,M,0.0,0.0,33
201400002471,14,3,2,2100,3,2,1,2.0,6,33213,M,0.0,0.0,33
201400002472,14,4,8,1445,1,2,1,1.0,3,33213,M,0.0,0.0,33
201400002473,14,4,25,2245,5,2,1,1.0,1,33213,M,0.0,0.0,33
201400002474,14,7,25,1500,1,1,1,1.0,6,33037,M,0.0,0.0,33
201400002475,14,12,22,45,5,2,1,1.0,2,33037,M,0.0,0.0,33
201400002476,14,1,24,1130,1,1,1,2.0,7,33140,M,0.0,0.0,33
201400002477,14,3,15,1530,1,1,1,1.0,2,33505,M,0.0,0.0,33
201400002478,14,4,30,1530,1,1,1,1.0,7,33201,M,0.0,0.0,33
201400002479,14,8,9,1700,1,2,1,1.0,6,33311,M,0.0,0.0,33
201400002480,14,8,17,700,2,2,1,1.0,6,33140,M,0.0,0.0,33
201400002481,14,8,30,1615,1,2,1,1.0,6,33363,M,0.0,0.0,33
201400002482,14,1,28,1745,2,1,1,2.0,1,33496,M,0.0,0.0,33
201400002483,14,8,29,2130,5,2,1,1.0,3,33165,M,0.0,0.0,33
201400002484,14,10,18,1545,1,2,1,1.0,7,33496,M,0.0,0.0,33
201400002485,14,6,22,630,2,1,1,1.0,6,33274,M,0.0,0.0,33
201400002486,14,7,12,1645,1,2,3,1.0,3,33238,M,0.0,0.0,33
201400002487,14,8,9,1745,1,1,1,8.0,1,33080,M,0.0,0.0,33
201400002488,14,8,30,1715,1,2,2,1.0,1,33274,M,0.0,0.0,33
201400002489,14,9,4,2300,5,2,1,1.0,1,33238,M,0.0,0.0,33
201400002490,14,11,20,1745,2,2,1,1.0,6,33238,M,0.0,0.0,33
201400002491,14,2,9,1715,5,1,6,2.0,3,33337,M,4455900.0,-32600.0,33
201400002492,14,3,5,1215,1,1,1,1.0,5,33030,M,4462700.0,-32800.0,33
201400002493,14,6,2,1630,1,1,1,1.0,1,33205,M,0.0,0.0,33
201400002494,14,8,14,1145,1,1,1,1.0,3,33552,M,0.0,0.0,33
201400002495,14,9,1,1530,1,1,1,1.0,3,33030,M,0.0,0.0,33
201400002496,14,11,26,1700,3,1,1,3.0,1,33253,M,0.0,0.0,33
201400002497,14,7,30,2115,2,1,8,7.0,1,33183,M,0.0,0.0,33
201400002498,14,11,13,2315,3,1,1,1.0,3,33415,M,0.0,0.0,33
201400002499,14,11,19,815,1,1,1,1.0,1,33366,M,0.0,0.0,33
201400002500,14,11,21,1845,3,2,3,1.0,3,33366,M,0.0,0.0,33
201400002501,14,12,18,800,3,1,1,2.0,1,33366,M,0.0,0.0,33
201400002502,14,3,17,2130,3,1,1,1.0,6,33357,M,0.0,0.0,33
201400002503,14,8,12,1300,1,1,6,1.0,1,33435,M,0.0,0.0,33
201400002504,14,12,20,1645,1,2,1,1.0,1,33237,M,4450700.0,-34900.0,33
201400002505,14,12,29,1830,3,1,6,8.0,3,33435,M,0.0,0.0,33
201400002506,14,3,19,2330,1,2,1,1.0,6,33036,M,4441500.0,-11200.0,33
201400002507,14,7,25,1600,1,2,1,3.0,1,33036,M,0.0,0.0,33
201400002508,14,8,1,1015,1,2,2,8.0,6,33144,M,0.0,0.0,33
201400002509,14,10,26,2015,3,1,2,1.0,3,33036,M,0.0,0.0,33
201400002510,14,4,9,830,1,1,1,1.0,3,33136,M,0.0,0.0,33
201400002511,14,10,2,1845,1,1,1,1.0,7,33316,M,0.0,0.0,33
201400002512,14,1,18,1115,1,1,2,1.0,3,33254,M,0.0,0.0,33
201400002513,14,5,18,2245,5,2,1,1.0,6,04094,M,4375460.0,588182.0,04
201400002514,14,4,30,1800,1,2,1,1.0,6,33352,M,0.0,0.0,33
201400002515,14,5,2,1800,1,2,1,1.0,6,33352,M,0.0,0.0,33
201400002516,14,6,26,700,1,2,9,1.0,3,33352,M,0.0,0.0,33
201400002517,14,6,29,1700,1,1,1,1.0,6,33050,M,0.0,0.0,33
201400002518,14,10,20,715,3,1,1,5.0,3,33169,M,0.0,0.0,33
201400002519,14,11,23,1145,1,1,2,1.0,3,33072,M,0.0,0.0,33
201400002520,14,12,9,1615,1,1,2,1.0,3,33352,M,0.0,0.0,33
201400002521,14,4,9,945,1,1,1,1.0,1,33536,M,0.0,0.0,33
201400002522,14,9,21,700,2,1,1,1.0,1,33429,M,0.0,0.0,33
201400002523,14,12,22,1515,1,1,1,1.0,6,33310,M,0.0,0.0,33
201400002524,14,3,29,1615,1,1,1,1.0,7,33175,M,0.0,0.0,33
201400002525,14,5,11,1600,1,1,1,1.0,3,33129,M,0.0,0.0,33
201400002526,14,4,30,815,1,1,1,2.0,3,33482,M,0.0,0.0,33
201400002527,14,6,30,2315,3,2,1,1.0,6,33299,M,0.0,0.0,33
201400002528,14,8,10,1645,1,2,1,1.0,1,33358,M,0.0,0.0,33
201400002529,14,8,29,1645,1,1,1,1.0,6,33131,M,0.0,0.0,33
201400002530,14,9,1,1500,1,2,1,1.0,6,33506,M,0.0,0.0,33
201400002531,14,11,22,915,1,1,1,7.0,1,33523,M,0.0,0.0,33
201400002532,14,2,21,1400,1,1,1,7.0,1,33177,M,0.0,0.0,33
201400002533,14,6,12,1930,1,2,1,1.0,6,33240,M,0.0,0.0,33
201400002534,14,6,26,1330,1,1,1,1.0,3,33412,M,0.0,0.0,33
201400002535,14,7,2,1930,1,1,1,1.0,3,33300,M,0.0,0.0,33
201400002536,14,7,15,1415,1,2,1,1.0,6,33493,M,0.0,0.0,33
201400002537,14,8,21,815,1,1,2,1.0,3,33134,M,0.0,0.0,33
201400002538,14,8,29,2100,2,2,1,1.0,6,33493,M,0.0,0.0,33
201400002539,14,8,2,1930,1,2,1,1.0,5,33300,M,0.0,0.0,33
201400002540,14,9,20,1745,1,1,1,1.0,2,33128,M,0.0,0.0,33
201400002541,14,9,21,1215,1,1,1,1.0,2,33240,M,0.0,0.0,33
201400002542,14,10,1,845,1,2,1,5.0,3,33128,M,0.0,0.0,33
201400002543,14,10,5,145,3,2,1,2.0,6,33240,M,0.0,0.0,33
201400002544,14,11,26,1315,1,1,1,1.0,7,33476,M,0.0,0.0,33
201400002545,14,12,20,1000,1,1,1,8.0,3,33177,M,0.0,0.0,33
201400002546,14,1,3,1430,1,1,1,1.0,5,33146,M,0.0,0.0,33
201400002547,14,5,17,1615,2,1,1,1.0,6,33104,M,0.0,0.0,33
201400002548,14,5,29,1115,1,2,1,1.0,1,33220,M,0.0,0.0,33
201400002549,14,9,18,430,3,1,1,8.0,1,33417,M,0.0,0.0,33
201400002550,14,10,19,1915,1,1,1,1.0,5,33417,M,0.0,0.0,33
201400002551,14,11,15,1130,1,2,1,8.0,7,33297,M,0.0,0.0,33
201400002552,14,12,10,200,3,1,1,1.0,6,33022,M,0.0,0.0,33
201400002553,14,12,30,1030,1,1,1,1.0,1,33248,M,0.0,0.0,33
201400002554,14,2,14,1945,1,1,1,2.0,3,33322,M,0.0,0.0,33
201400002555,14,5,2,1700,1,1,1,1.0,3,33091,M,0.0,0.0,33
201400002556,14,10,14,1730,1,2,1,1.0,1,33517,M,0.0,0.0,33
201400002557,14,11,1,1945,3,1,1,1.0,7,33322,M,0.0,0.0,33
201400002558,14,2,6,1215,1,1,8,1.0,1,33314,M,0.0,0.0,33
201400002559,14,3,22,1030,1,1,9,2.0,3,33314,M,0.0,0.0,33
201400002560,14,8,31,1945,1,1,2,1.0,3,33424,M,0.0,0.0,33
201400002561,14,9,13,1900,1,1,2,1.0,3,33125,M,0.0,0.0,33
201400002562,14,10,17,1545,1,1,2,1.0,3,33395,M,0.0,0.0,33
201400002563,14,10,31,200,3,1,1,1.0,6,33125,M,0.0,0.0,33
201400002564,14,12,8,730,2,1,1,8.0,1,33545,M,0.0,0.0,33
201400002565,14,2,22,1100,1,2,1,1.0,3,33514,M,0.0,0.0,33
201400002566,14,6,28,1830,1,1,1,1.0,1,33193,M,0.0,0.0,33
201400002567,14,9,17,1330,1,2,1,1.0,3,33514,M,0.0,0.0,33
201400002568,14,10,5,900,1,1,1,1.0,7,33540,M,0.0,0.0,33
201400002569,14,1,17,1730,1,1,2,1.0,3,33328,M,0.0,0.0,33
201400002570,14,2,17,1845,2,2,1,1.0,1,33243,M,0.0,0.0,33
201400002571,14,4,10,1445,1,2,1,1.0,6,33243,M,0.0,0.0,33
201400002572,14,9,10,2315,4,2,1,1.0,1,33243,M,0.0,0.0,33
201400002573,14,9,12,1745,1,2,1,1.0,6,33243,M,0.0,0.0,33
201400002574,14,9,26,30,3,1,1,1.0,2,33222,M,0.0,0.0,33
201400002575,14,10,17,1115,1,1,3,1.0,3,33015,M,0.0,0.0,33
201400002576,14,5,24,430,5,1,1,1.0,6,33460,M,0.0,0.0,33
201400002577,14,7,15,830,1,1,1,1.0,2,33460,M,0.0,0.0,33
201400002578,14,10,15,730,2,1,1,2.0,6,33350,M,0.0,0.0,33
201400002579,14,12,13,745,2,1,1,1.0,6,33194,M,0.0,0.0,33
201400002580,14,12,22,2245,3,1,1,5.0,6,33296,M,0.0,0.0,33
201400002581,14,1,7,730,5,2,1,2.0,6,33108,M,0.0,0.0,33
201400002582,14,1,28,1845,5,2,1,3.0,2,33437,M,0.0,0.0,33
201400002583,14,5,30,1430,1,1,1,1.0,1,33546,M,0.0,0.0,33
201400002584,14,6,10,1730,1,1,1,1.0,1,33014,M,0.0,0.0,33
201400002585,14,6,27,1415,1,1,1,1.0,1,33394,M,0.0,0.0,33
201400002586,14,2,8,1845,5,2,1,3.0,6,33478,M,0.0,0.0,33