Num_Acc,an,mois,jour,hrmn,lum,agg,int,atm,col,com,gps,lat,long,dep
201400002587,14,2,24,1700,1,1,1,1.0,1,33385,M,0.0,0.0,33
201400002588,14,10,22,2115,5,1,1,1.0,1,33191,M,0.0,0.0,33
201400002589,14,11,23,1900,5,1,1,1.0,3,33154,M,0.0,0.0,33
201400002590,14,11,30,1630,1,1,1,1.0,6,33385,M,0.0,0.0,33
201400002591,14,1,24,2145,5,1,2,2.0,3,33393,M,0.0,0.0,33
201400002592,14,2,3,1445,1,1,1,8.0,1,33387,M,0.0,0.0,33
201400002593,14,6,28,1630,1,1,1,2.0,3,33218,M,4507700.0,-15200.0,33
201400002594,14,11,21,1915,5,2,6,1.0,6,33393,M,0.0,0.0,33
201400002595,14,1,18,2330,3,1,1,1.0,6,33378,M,0.0,0.0,33
201400002596,14,3,1,200,3,2,1,8.0,7,33324,M,0.0,0.0,33
201400002597,14,10,28,1215,1,2,1,1.0,1,33324,M,0.0,0.0,33
201400002598,14,12,27,1115,1,1,1,1.0,6,33462,M,0.0,0.0,33
201400002599,14,2,12,1045,1,1,1,1.0,3,33179,M,0.0,0.0,33
201400002600,14,4,17,745,1,1,1,1.0,2,33414,M,0.0,0.0,33
201400002601,14,5,23,1015,1,1,1,1.0,7,33317,M,0.0,0.0,33
201400002602,14,6,20,1400,1,1,1,1.0,1,33179,M,0.0,0.0,33
201400002603,14,7,2,1715,1,1,1,1.0,3,33219,M,0.0,0.0,33
201400002604,14,8,25,1030,1,1,1,1.0,7,33548,M,0.0,0.0,33
201400002605,14,10,18,1745,1,1,1,1.0,1,33317,M,0.0,0.0,33
201400002606,14,1,20,1100,1,2,9,1.0,6,24571,M,0.0,0.0,24
201400002607,14,3,13,715,3,1,1,1.0,6,24026,M,4518350.0,86564.0,24
201400002608,14,5,13,1530,1,1,2,1.0,3,24092,M,4498940.0,81501.0,24
201400002609,14,6,8,700,1,1,1,1.0,7,24156,M,4508200.0,86235.0,24
201400002610,14,6,24,1400,1,2,2,1.0,3,24026,M,4519520.0,80867.0,24
201400002611,14,6,24,1830,1,1,2,1.0,3,24092,M,4498940.0,81501.0,24
201400002612,14,8,22,900,1,1,1,1.0,6,24160,M,4508200.0,73326.0,24
201400002613,14,5,27,1700,1,1,2,8.0,3,24064,M,4536920.0,63866.0,24
201400002614,14,6,6,1800,1,1,1,1.0,1,24111,M,4543860.0,66060.0,24
201400002615,14,7,31,1145,1,1,3,1.0,5,24042,M,4530440.0,66330.0,24
201400002616,14,9,24,1145,1,1,1,1.0,6,24579,M,4543268.0,48679.0,24
201400002617,14,10,19,2200,3,1,1,1.0,6,24111,M,4543860.0,66060.0,24
201400002618,14,12,3,1430,1,1,1,1.0,7,24474,M,4540290.0,65659.0,24
201400002619,14,1,4,2300,3,1,1,1.0,7,24108,M,4520770.0,60730.0,24
201400002620,14,2,23,1745,1,1,1,1.0,6,24350,M,4517080.0,60706.0,24
201400002621,14,3,20,1645,1,2,1,1.0,3,24372,M,4514810.0,53464.0,24
201400002622,14,6,4,830,1,1,1,3.0,6,24266,M,4523630.0,53803.0,24
201400002623,14,7,10,1645,1,1,1,1.0,1,24372,M,4513600.0,48803.0,24
201400002624,14,7,19,1330,1,2,1,1.0,1,24236,M,4517270.0,59239.0,24
201400002625,14,7,31,1530,1,1,3,1.0,1,24108,M,4523190.0,65475.0,24
201400002626,14,10,25,1715,1,1,1,1.0,1,24442,M,4510700.0,50181.0,24
201400002627,14,11,14,1145,1,1,1,3.0,1,24266,M,4523450.0,54001.0,24
201400002628,14,12,17,1730,2,1,2,3.0,5,24372,M,4514320.0,55744.0,24
201400002629,14,1,24,915,1,1,1,2.0,3,24137,M,4530150.0,95713.0,24
201400002630,14,3,1,645,2,1,3,1.0,3,24210,M,4523730.0,112632.0,24
201400002631,14,3,9,1945,3,1,3,1.0,3,24135,M,4523540.0,78514.0,24
201400002632,14,7,18,1030,1,1,3,1.0,1,24011,M,4522370.0,86243.0,24
201400002633,14,8,10,930,1,1,1,1.0,7,24270,M,4512250.0,94849.0,24
201400002634,14,10,17,2145,3,1,1,1.0,6,24011,M,4524540.0,82221.0,24
201400002635,14,11,14,2045,3,1,1,3.0,7,24401,M,4523780.0,101217.0,24
201400002636,14,11,20,1730,2,2,1,1.0,6,24448,M,4532600.0,103241.0,24
201400002637,14,12,12,1630,1,1,1,1.0,1,24019,M,4517170.0,107312.0,24
201400002638,14,1,16,615,3,1,1,8.0,3,44041,M,4708300.0,-157200.0,44
201400002639,14,1,9,845,1,1,3,1.0,3,24340,M,4485580.0,47803.0,24
201400002640,14,1,15,730,3,1,2,8.0,3,24234,M,4496010.0,40947.0,24
201400002641,14,1,17,1445,1,1,1,1.0,6,24194,M,4483780.0,31603.0,24
201400002642,14,3,10,915,1,1,2,1.0,6,24233,M,4492900.0,43222.0,24
201400002643,14,4,8,1700,1,1,1,1.0,6,24211,M,4503460.0,45908.0,24
201400002644,14,5,16,1100,1,1,1,1.0,3,24077,M,4494380.0,57002.0,24
201400002645,14,7,16,1645,1,1,3,1.0,3,24222,M,4485470.0,37062.0,24
201400002646,14,8,9,800,1,1,1,1.0,3,24340,M,4486780.0,40151.0,24
201400002647,14,2,8,1945,3,1,1,2.0,1,24028,M,4475040.0,77495.0,24
201400002648,14,6,7,1145,1,1,1,1.0,7,24560,M,4479880.0,94689.0,24
201400002649,14,3,6,500,5,1,1,1.0,6,24382,M,4484440.0,64379.0,24
201400002650,14,10,26,1215,1,2,1,1.0,6,24167,M,4466730.0,39888.0,24
201400002651,14,1,10,600,3,1,1,5.0,7,24494,M,4495600.0,14229.0,24
201400002652,14,4,2,330,3,1,1,1.0,7,24264,M,4498760.0,8566.0,24
201400002653,14,4,28,1330,1,2,9,1.0,3,24370,M,4484430.0,16204.0,24
201400002654,14,8,9,1515,1,1,1,3.0,3,24292,M,4488880.0,8082.0,24
201400002655,14,10,17,1245,1,1,1,1.0,1,24461,M,4493660.0,18253.0,24
201400002656,14,10,18,1615,1,1,9,1.0,2,24297,M,4501130.0,6537.0,24
201400002657,14,11,14,1515,1,1,1,2.0,3,24189,M,4486980.0,18571.0,24
201400002658,14,2,12,715,2,1,1,9.0,1,24071,M,4563090.0,60571.0,24
201400002659,14,2,26,730,1,1,1,1.0,1,24451,M,4550920.0,65291.0,24
201400002660,14,8,5,1430,1,1,1,1.0,7,24056,M,4556130.0,64358.0,24
201400002661,14,9,17,1800,1,1,1,1.0,1,24498,M,4555180.0,87518.0,24
201400002662,14,12,23,1400,1,2,1,1.0,6,24311,M,4552900.0,66221.0,24
201400002663,14,1,25,900,1,1,1,2.0,6,24452,M,4535880.0,34923.0,24
201400002664,14,2,2,830,1,1,1,9.0,3,24038,M,4529670.0,35743.0,24
201400002665,14,2,27,1545,1,1,1,1.0,6,24460,M,4524790.0,41234.0,24
201400002666,14,3,19,1630,1,1,2,1.0,3,24564,M,4522390.0,28982.0,24
201400002667,14,3,29,1430,1,2,4,1.0,1,24371,M,4518590.0,49523.0,24
201400002668,14,6,11,730,1,1,4,1.0,3,24154,M,4524720.0,45945.0,24
201400002669,14,6,21,900,1,2,1,1.0,1,24154,M,4524930.0,42855.0,24
201400002670,14,7,12,2300,3,1,2,1.0,3,24114,M,4523150.0,26324.0,24
201400002671,14,8,24,1315,1,1,1,1.0,1,24553,M,4526760.0,51903.0,24
201400002672,14,10,1,1215,1,1,9,1.0,1,24482,M,4531220.0,27286.0,24
201400002673,14,11,10,1330,1,1,1,1.0,1,24508,M,4526130.0,43662.0,24
201400002674,14,12,12,100,3,1,1,1.0,6,24119,M,4537170.0,37649.0,24
201400002675,14,2,18,815,1,1,1,1.0,6,24309,M,4508900.0,48388.0,24
201400002676,14,2,20,1715,1,1,1,1.0,6,24294,M,4499030.0,16085.0,24
201400002677,14,4,26,1600,1,1,3,3.0,3,24299,M,4503830.0,36957.0,24
201400002678,14,8,16,945,1,1,4,1.0,3,24444,M,4505880.0,38114.0,24
201400002679,14,8,22,700,2,1,1,1.0,6,24264,M,4501280.0,8347.0,24
201400002680,14,9,10,1930,1,1,1,7.0,7,24294,M,4503700.0,20363.0,24
201400002681,14,11,23,1200,1,2,1,1.0,7,24329,M,4501380.0,7704.0,24
201400002682,14,1,17,1945,3,2,1,1.0,6,24376,M,4520470.0,14022.0,24
201400002683,14,7,2,1915,1,1,1,1.0,7,24376,M,4517640.0,11366.0,24
201400002684,14,7,31,1530,1,1,3,1.0,2,24354,M,4513900.0,-270.0,24
201400002685,14,8,13,1415,1,1,1,1.0,3,24354,M,4515780.0,309.0,24
201400002686,14,1,8,1530,1,2,1,1.0,6,24341,M,4489420.0,123337.0,24
201400002687,14,5,8,1715,1,2,4,1.0,3,24366,M,4489540.0,118452.0,24
201400002688,14,5,31,1130,1,2,1,1.0,7,24516,M,4497280.0,132153.0,24
201400002689,14,7,20,1745,1,1,1,2.0,1,24082,M,4484080.0,127521.0,24
201400002690,14,9,5,1715,1,1,1,1.0,7,24074,M,4484440.0,133504.0,24
201400002691,14,9,11,1800,1,1,1,1.0,6,24520,M,4487650.0,121335.0,24
201400002692,14,10,27,1545,1,1,2,7.0,1,24471,M,4490760.0,126347.0,24
201400002693,14,11,17,1615,2,1,1,2.0,6,24366,M,4491240.0,114887.0,24
201400002694,14,5,19,1115,1,2,1,1.0,3,24547,M,4513020.0,129645.0,24
201400002695,14,3,6,1230,1,2,1,1.0,6,24360,M,4478940.0,101155.0,24
201400002696,14,4,11,1645,1,1,2,1.0,3,24091,M,4478460.0,120597.0,24
201400002697,14,4,14,1215,1,1,1,1.0,7,24232,M,4462100.0,104499.0,24
201400002698,14,5,8,1715,1,1,1,1.0,5,24386,M,4463860.0,105913.0,24
201400002699,14,5,15,1845,1,2,1,1.0,6,24091,M,4481200.0,130000.0,24
201400002700,14,6,8,1030,1,1,1,1.0,1,24091,M,4479760.0,119163.0,24
201400002701,14,6,22,1030,1,1,1,1.0,6,24207,M,4479940.0,130227.0,24
201400002702,14,2,6,1645,1,1,1,8.0,1,24067,M,4492600.0,92955.0,24
201400002703,14,5,9,1730,1,1,3,1.0,4,24172,M,4492630.0,108072.0,24
201400002704,14,5,31,1700,1,1,1,1.0,1,24559,M,4496020.0,104360.0,24
201400002705,14,7,1,1550,1,1,1,1.0,3,24067,M,4490520.0,95090.0,24
201400002706,14,9,14,800,1,1,1,1.0,6,24067,M,4492950.0,92330.0,24
201400002707,14,9,16,1000,1,1,1,1.0,7,24067,M,4491242.0,93583.0,24
201400002708,14,6,20,1930,1,2,1,1.0,3,24547,M,4513120.0,129624.0,24
201400002709,14,6,25,1500,1,1,1,1.0,6,24130,M,4512000.0,122807.0,24
201400002710,14,10,11,1915,2,1,3,1.0,3,24291,M,4508090.0,116053.0,24
201400002711,14,2,16,2115,3,1,1,1.0,6,40250,M,4392447.0,-43940.0,40
201400002712,14,4,3,800,2,1,1,3.0,3,40320,M,4391470.0,-53612.0,40
201400002713,14,4,13,2000,1,1,1,1.0,1,40250,M,4391925.0,-44965.0,40
201400002714,14,5,7,715,1,1,1,1.0,5,40250,M,4392736.0,-43447.0,40
201400002715,14,7,22,30,3,1,1,1.0,6,40164,M,4414241.0,-28849.0,40
201400002716,14,8,15,900,1,1,2,1.0,3,40137,M,4396559.0,-31499.0,40
201400002717,14,8,31,630,3,1,1,1.0,6,40234,M,4399937.0,-36424.0,40
201400002718,14,9,5,630,3,1,1,5.0,1,40250,M,4392664.0,-43527.0,40
201400002719,14,10,9,2300,3,1,1,3.0,7,40062,M,4391585.0,-58042.0,40
201400002720,14,11,8,915,1,2,6,1.0,6,40245,M,4403415.0,-32169.0,40
201400002721,14,3,7,1215,1,1,1,1.0,6,40180,M,4385935.0,-71807.0,40
201400002722,14,9,24,1530,1,1,1,1.0,3,40309,M,4377635.0,-74149.0,40
201400002723,14,10,4,2000,5,2,1,1.0,6,40313,M,4383206.0,-80694.0,40
201400002724,14,11,1,1115,1,1,1,1.0,1,40313,M,4382804.0,-83067.0,40
201400002725,14,11,12,300,4,1,6,1.0,6,40243,M,4390562.0,-90444.0,40
201400002726,14,12,9,900,1,1,8,7.0,1,40230,M,4382336.0,-96816.0,40
201400002727,14,1,19,2200,5,2,1,2.0,6,40283,M,4375219.0,-100788.0,40
201400002728,14,3,16,245,3,2,1,1.0,6,40202,M,4368564.0,-101923.0,40
201400002729,14,5,17,1915,1,2,1,1.0,2,40202,M,4369369.0,-101197.0,40
201400002730,14,5,17,1830,1,1,1,1.0,1,40277,M,4367346.0,-103531.0,40
201400002731,14,6,15,1245,1,1,1,1.0,6,40088,M,4378326.0,-111163.0,40
201400002732,14,6,26,545,2,1,1,1.0,5,40123,M,4383351.0,-110246.0,40
201400002733,14,7,14,1100,1,2,1,1.0,3,40294,M,4367349.0,-99114.0,40
201400002734,14,12,2,1100,1,2,1,1.0,1,40314,M,4367414.0,-111393.0,40
201400002735,14,1,1,420,3,1,1,5.0,6,40036,M,4362138.0,-138565.0,40
201400002736,14,3,20,1700,1,2,1,1.0,6,40304,M,4366986.0,-139218.0,40
201400002737,14,4,5,500,5,2,1,1.0,6,40065,M,4365149.0,-143082.0,40
201400002738,14,5,7,1430,1,1,1,1.0,7,40004,M,4365785.0,-135569.0,40
201400002739,14,8,21,1215,1,1,1,1.0,3,40133,M,4359571.0,-142438.0,40
201400002740,14,10,18,1800,1,2,3,1.0,3,40065,M,4364919.0,-144318.0,40
201400002741,14,6,17,1100,1,2,1,1.0,2,40075,M,4386976.0,-113304.0,40
201400002742,14,8,7,1045,1,2,2,1.0,3,40150,M,4387800.0,-130859.0,40
201400002743,14,8,13,1345,1,1,1,1.0,3,40157,M,4399257.0,-127305.0,40
201400002744,14,8,14,1145,1,1,1,1.0,6,40075,M,4384026.0,-110792.0,40
201400002745,14,1,29,2015,3,1,1,3.0,5,40249,M,4371973.0,-70088.0,40
201400002746,14,2,7,1000,1,1,2,1.0,3,40089,M,4368395.0,-66170.0,40
201400002747,14,5,9,1515,1,1,1,1.0,3,40126,M,4370537.0,-94849.0,40
201400002748,14,7,6,1815,1,1,1,8.0,1,40236,M,4370347.0,-87952.0,40
201400002749,14,7,25,1230,1,1,1,1.0,2,40069,M,4359778.0,-64466.0,40
201400002750,14,9,27,1700,1,1,2,1.0,3,40126,M,4370526.0,-94094.0,40
201400002751,14,11,12,1500,1,2,1,1.0,1,40228,M,4361725.0,-81304.0,40
201400002752,14,3,9,1515,1,1,1,1.0,2,40231,M,4356087.0,-119486.0,40
201400002753,14,4,2,845,1,2,1,1.0,6,40199,M,4358830.0,-87814.0,40
201400002754,14,4,9,2130,3,1,1,1.0,6,40233,M,4361754.0,-99226.0,40
201400002755,14,4,16,2245,3,1,1,1.0,6,40306,M,4353622.0,-107402.0,40
201400002756,14,4,25,415,3,1,1,3.0,6,40206,M,4353095.0,-110905.0,40
201400002757,14,5,21,1800,1,2,1,1.0,6,40306,M,4353022.0,-105481.0,40
201400002758,14,5,28,1515,1,1,1,2.0,1,40269,M,4362687.0,-111212.0,40
201400002759,14,5,28,1645,1,1,1,2.0,1,40269,M,4363649.0,-110466.0,40
201400002760,14,5,29,515,3,1,1,1.0,6,40183,M,4366816.0,-96701.0,40
201400002761,14,6,1,2330,3,1,1,1.0,3,40183,M,4363498.0,-93540.0,40
201400002762,14,6,10,1745,1,2,1,1.0,3,40233,M,4360045.0,-98967.0,40
201400002763,14,6,15,1330,1,1,1,1.0,1,40306,M,4353695.0,-107580.0,40
201400002764,14,6,20,900,1,2,1,7.0,3,40212,M,4355747.0,-114598.0,40
201400002765,14,12,18,800,2,1,1,2.0,7,40186,M,4358124.0,-96469.0,40
201400002766,14,2,22,430,3,1,1,1.0,6,40261,M,4368219.0,-124426.0,40
201400002767,14,8,16,1100,1,2,1,1.0,6,40261,M,4368802.0,-122652.0,40
201400002768,14,9,19,200,3,1,9,1.0,6,40310,M,4371787.0,-134634.0,40
201400002769,14,10,21,1945,3,1,1,1.0,3,40284,M,4365359.0,-131050.0,40
201400002770,14,10,27,1230,1,2,1,1.0,3,40284,M,4365655.0,-131368.0,40
201400002771,14,10,31,1830,3,1,1,1.0,6,40310,M,4376953.0,-139212.0,40
201400002772,14,2,16,500,3,2,1,1.0,6,40312,M,4354789.0,-146094.0,40
201400002773,14,2,23,1100,1,1,1,1.0,3,40271,M,4357128.0,-120941.0,40
201400002774,14,3,10,800,1,2,1,7.0,6,40312,M,4355299.0,-145799.0,40
201400002775,14,8,7,715,1,2,1,1.0,7,40312,M,4353446.0,-149471.0,40
201400002776,14,8,22,715,2,2,1,1.0,6,40209,M,4355493.0,-143516.0,40
201400002777,14,9,3,1800,1,2,1,1.0,1,40312,M,4354946.0,-148803.0,40
201400002778,14,10,1,730,2,2,1,1.0,3,40312,M,4351755.0,-142743.0,40
201400002779,14,10,7,1845,1,2,1,1.0,3,40312,M,4352990.0,-146222.0,40
201400002780,14,10,31,1530,1,2,1,1.0,5,40209,M,4356484.0,-146581.0,40
201400002781,14,1,15,1900,5,2,1,1.0,3,40332,M,4432804.0,-95517.0,40
201400002782,14,3,17,1430,1,2,9,1.0,3,40217,M,4434588.0,-107076.0,40
201400002783,14,3,27,830,1,1,1,8.0,5,40046,M,4419936.0,-120160.0,40
201400002784,14,4,18,1745,1,1,3,1.0,3,40046,M,4442522.0,-116250.0,40
201400002785,14,4,30,2045,1,1,1,1.0,1,40046,M,4442191.0,-120649.0,40
201400002786,14,5,26,1440,1,1,1,1.0,1,40046,M,4443353.0,-113118.0,40
201400002787,14,10,22,2030,3,1,1,1.0,1,40046,M,4442169.0,-120519.0,40
201400002788,14,7,20,400,3,2,1,8.0,6,40094,M,4417443.0,-104120.0,40
201400002789,14,9,4,645,2,1,1,5.0,1,40163,M,4426247.0,-99227.0,40
201400002790,14,6,17,2015,1,1,1,1.0,6,40307,M,4432523.0,-60501.0,40
201400002791,14,8,8,1815,1,1,1,8.0,6,40227,M,4427736.0,-76517.0,40
201400002792,14,8,1,1930,1,1,1,1.0,2,40295,M,4438670.0,91093.0,40
201400002793,14,9,19,1345,1,1,1,1.0,6,40227,M,4426456.0,-81202.0,40
201400002794,14,10,16,1745,1,1,3,1.0,3,40307,M,4430740.0,-58969.0,40
201400002795,14,12,15,1815,3,1,1,1.0,3,40319,M,4426270.0,-76260.0,40
201400002796,14,12,19,2100,3,1,2,2.0,3,40227,M,4429467.0,-78827.0,40
201400002797,14,6,12,815,1,1,2,1.0,3,40184,M,4418070.0,-117237.0,40
201400002798,14,8,9,1100,1,1,1,2.0,1,40229,M,4423739.0,-109005.0,40
201400002799,14,8,18,1415,1,1,2,1.0,3,40182,M,4408796.0,-115425.0,40
201400002800,14,12,25,615,5,2,1,1.0,2,40184,M,4421095.0,-125837.0,40
201400002801,14,6,27,2330,3,1,1,1.0,6,40282,M,4374224.0,-55952.0,40
201400002802,14,10,4,1715,1,2,1,1.0,3,40188,M,4361997.0,-63126.0,40
201400002803,14,3,22,1140,1,2,1,1.0,6,40001,M,4370086.0,-26413.0,40
201400002804,14,6,14,530,2,1,1,1.0,1,40080,M,4375026.0,-31606.0,40
201400002805,14,6,21,730,1,1,1,1.0,6,40275,M,4380758.0,-45410.0,40
201400002806,14,6,24,1630,1,2,7,1.0,1,40025,M,4382195.0,-41998.0,40
201400002807,14,10,9,1945,3,2,7,2.0,6,40110,M,4364026.0,-37839.0,40
201400002808,14,10,20,645,3,1,1,1.0,3,40286,M,4361843.0,-45803.0,40
201400002809,14,10,26,1900,3,1,1,1.0,6,40117,M,4377220.0,-42340.0,40
201400002810,14,11,30,630,3,1,1,1.0,3,40055,M,4384949.0,-47822.0,40
201400002811,14,9,25,1230,1,1,1,1.0,1,40172,M,4358654.0,-53574.0,40
201400002812,14,3,24,1615,1,1,1,2.0,6,40161,M,4409318.0,-2007.0,40
201400002813,14,5,6,1215,1,1,1,1.0,7,40131,M,4394839.0,-15209.0,40
201400002814,14,7,17,2100,1,1,1,1.0,6,40096,M,4402617.0,-13520.0,40
201400002815,14,8,28,1345,1,1,1,1.0,6,40267,M,4401409.0,-26646.0,40
201400002816,14,10,2,1300,1,1,3,1.0,3,40137,M,4396556.0,-31494.0,40
201400002817,14,10,24,1500,1,2,1,7.0,1,40331,M,4388184.0,-31418.0,40
201400002818,14,1,8,815,1,2,3,1.0,1,47091,M,4416870.0,57709.0,47
201400002819,14,1,11,1830,4,2,1,1.0,1,47225,M,0.0,0.0,47
201400002820,14,1,22,800,1,2,3,2.0,3,47040,M,0.0,0.0,47
201400002821,14,2,21,2015,3,1,1,2.0,1,47145,M,0.0,0.0,47
201400002822,14,3,2,1430,1,1,1,1.0,4,47069,M,4422000.0,60100.0,47
201400002823,14,4,13,1645,1,1,1,1.0,1,47145,M,4412790.0,65955.0,47
201400002824,14,4,14,1415,1,1,3,1.0,3,47019,M,4423900.0,70028.0,47
201400002825,14,5,7,1445,1,2,1,1.0,3,47069,M,4423460.0,54786.0,47
201400002826,14,5,10,1200,1,2,1,1.0,1,47225,M,0.0,0.0,47
201400002827,14,5,12,1615,1,1,3,1.0,3,47091,M,4418230.0,57291.0,47
201400002828,14,5,23,1600,1,1,1,1.0,1,47100,M,4423880.0,63896.0,47
201400002829,14,5,26,1345,1,1,1,1.0,1,47209,M,4421750.0,65709.0,47
201400002830,14,7,5,930,1,1,1,1.0,3,47091,M,4416320.0,57898.0,47
201400002831,14,10,25,30,3,1,1,1.0,7,47137,M,4415010.0,52215.0,47
201400002832,14,10,28,1845,3,1,3,1.0,1,47145,M,0.0,0.0,47
201400002833,14,3,20,715,2,1,3,1.0,1,47276,M,0.0,0.0,47
201400002834,14,8,7,1000,1,1,1,8.0,3,47154,M,4425490.0,54788.0,47
201400002835,14,10,2,1445,1,1,1,1.0,1,47004,M,4429880.0,34266.0,47
201400002836,14,11,5,1800,5,1,9,1.0,1,47210,M,0.0,0.0,47
201400002837,14,11,22,1745,1,1,1,1.0,6,47004,M,4430700.0,34209.0,47
201400002838,14,8,22,1545,1,1,1,1.0,7,47217,M,4418900.0,79346.0,47
201400002839,14,8,22,1800,1,1,1,1.0,7,47087,M,4425730.0,92278.0,47
201400002840,14,9,5,1515,1,2,6,1.0,2,47051,M,4418400.0,67600.0,47
201400002841,14,9,14,1330,1,1,1,1.0,6,47273,M,0.0,0.0,47
201400002842,14,10,27,1800,2,1,4,1.0,3,47274,M,4416150.0,78214.0,47
201400002843,14,11,8,1730,2,1,1,1.0,3,47248,M,4415770.0,72671.0,47
201400002844,14,1,4,1700,2,1,2,8.0,3,47157,M,4451120.0,20039.0,47
201400002845,14,1,24,1030,1,1,1,3.0,1,47157,M,0.0,0.0,47
201400002846,14,3,6,1715,1,2,1,1.0,3,47157,M,0.0,0.0,47
201400002847,14,3,16,2030,3,1,3,1.0,7,47028,M,0.0,0.0,47
201400002848,14,3,28,1700,1,1,1,1.0,3,47157,M,0.0,0.0,47
201400002849,14,4,5,1130,1,1,2,1.0,3,47157,M,4450410.0,15228.0,47
201400002850,14,4,18,1200,1,2,1,1.0,6,47157,M,4450210.0,15662.0,47
201400002851,14,5,8,1030,1,1,1,1.0,2,47028,M,0.0,0.0,47
201400002852,14,6,4,1400,1,1,1,1.0,3,47024,M,4452810.0,14704.0,47
201400002853,14,6,6,1530,1,2,1,1.0,6,47157,M,4449630.0,17337.0,47
201400002854,14,7,6,1115,1,1,1,1.0,3,47157,M,4451670.0,18214.0,47
201400002855,14,12,10,800,2,2,9,1.0,3,47157,M,4452810.0,15753.0,47
201400002856,14,12,13,1845,3,1,2,2.0,3,47157,M,0.0,0.0,47
201400002857,14,4,7,1800,1,1,1,1.0,1,47226,M,0.0,0.0,47
201400002858,14,4,18,1030,1,1,2,1.0,3,47168,M,4460500.0,34657.0,47
201400002859,14,1,9,1345,1,1,2,1.0,3,47165,M,0.0,0.0,47
201400002860,14,9,7,900,1,1,1,1.0,7,47068,M,0.0,0.0,47
201400002861,14,10,8,1945,3,1,1,1.0,2,47121,M,4435000.0,10731.0,47
201400002862,14,12,10,1845,3,1,1,2.0,3,47034,M,4441100.0,12600.0,47
201400002863,14,12,12,1915,3,1,1,1.0,7,47156,M,4449910.0,8621.0,47
201400002864,14,1,5,130,3,1,1,2.0,6,47095,M,0.0,0.0,47
201400002865,14,5,8,1100,1,1,1,1.0,7,47112,M,4441300.0,38781.0,47
201400002866,14,5,25,1100,1,1,1,1.0,6,47310,M,4437350.0,31874.0,47
201400002867,14,5,28,1915,1,1,1,1.0,6,47310,M,4434720.0,31973.0,47
201400002868,14,6,9,1130,1,1,3,1.0,3,47316,M,4442430.0,34652.0,47
201400002869,14,6,30,245,3,2,1,1.0,6,47325,M,4436220.0,27185.0,47
201400002870,14,7,22,745,1,1,1,1.0,6,47042,M,4443870.0,48304.0,47
201400002871,14,8,15,1545,1,1,1,1.0,6,47065,M,4438900.0,30700.0,47
201400002872,14,10,19,900,1,1,1,1.0,6,47101,M,4445500.0,14981.0,47
201400002873,14,11,3,1745,2,1,1,2.0,7,47298,M,4441800.0,22916.0,47
201400002874,14,11,4,1000,2,2,3,2.0,1,47310,M,4440600.0,32508.0,47
201400002875,14,11,25,1015,1,1,1,2.0,7,47004,M,4432130.0,35155.0,47
201400002876,14,4,16,1130,1,2,2,1.0,3,47052,M,4430750.0,9423.0,47
201400002877,14,5,10,1130,1,1,1,1.0,2,47205,M,0.0,0.0,47
201400002878,14,5,13,1630,1,2,1,8.0,3,47085,M,4416520.0,15625.0,47
201400002879,14,11,20,1345,1,1,3,1.0,3,47078,M,4429030.0,28486.0,47
201400002880,14,6,6,1430,1,1,6,1.0,7,47228,M,4433370.0,71630.0,47
201400002881,14,6,9,1515,1,1,1,1.0,5,47280,M,4441500.0,83423.0,47
201400002882,14,6,29,700,1,1,1,1.0,6,47280,M,4442160.0,83195.0,47
201400002883,14,2,10,900,1,1,1,8.0,7,47299,M,0.0,0.0,47
201400002884,14,3,30,1500,1,1,1,8.0,7,47193,M,0.0,0.0,47
201400002885,14,6,10,1415,1,2,1,1.0,3,47055,M,4449660.0,66823.0,47
201400002886,14,12,15,1545,1,2,1,1.0,3,47057,M,4465190.0,59057.0,47
201400002887,14,1,31,1730,1,1,2,8.0,3,47077,M,4454170.0,91934.0,47
201400002888,14,3,6,1700,1,1,2,1.0,3,47106,M,0.0,0.0,47
201400002889,14,5,11,1830,1,1,1,1.0,6,47077,M,4453030.0,92976.0,47
201400002890,14,7,11,1430,1,1,1,2.0,1,47185,M,4446360.0,95365.0,47
201400002891,14,5,10,1015,1,1,1,1.0,7,47252,M,4443120.0,62252.0,47
201400002892,14,5,10,1345,1,1,1,1.0,1,47081,M,4436040.0,59206.0,47
201400002893,14,6,26,1530,1,1,1,1.0,1,47081,M,4435700.0,59800.0,47
201400002894,14,7,22,2145,3,1,1,1.0,1,47306,M,0.0,0.0,47
201400002895,14,8,16,630,2,1,1,1.0,6,47306,M,4439000.0,54700.0,47
201400002896,14,3,1,1215,1,1,6,8.0,3,64315,M,4330100.0,-41800.0,64
201400002897,14,3,11,1830,1,1,1,1.0,7,64072,M,4326400.0,-47600.0,64
201400002898,14,5,10,1600,1,1,1,1.0,7,64230,M,4323200.0,-38100.0,64
201400002899,14,5,24,1845,1,1,1,1.0,3,64230,M,0.0,0.0,64