Num_Acc,an,mois,jour,hrmn,lum,agg,int,atm,col,com,gps,lat,long,dep
201400002900,14,6,18,1915,1,1,1,1.0,7,64324,M,4322500.0,-51200.0,64
201400002901,14,2,5,2030,4,2,1,1.0,2,64329,M,0.0,0.0,64
201400002902,14,5,8,2315,3,2,1,1.0,6,64152,M,0.0,0.0,64
201400002903,14,5,16,1645,1,1,1,1.0,6,64405,M,0.0,0.0,64
201400002904,14,6,13,830,1,1,8,1.0,6,64526,M,4327000.0,-18900.0,64
201400002905,14,7,17,1830,1,1,2,7.0,3,64372,M,0.0,0.0,64
201400002906,14,9,1,1645,1,1,1,7.0,6,64405,M,0.0,0.0,64
201400002907,14,12,19,300,3,1,6,2.0,6,64060,M,0.0,0.0,64
201400002908,14,1,9,845,1,1,1,1.0,6,64054,M,0.0,0.0,64
201400002909,14,2,4,730,2,1,1,9.0,3,64191,M,0.0,0.0,64
201400002910,14,4,11,1630,1,2,1,1.0,6,64339,M,4312800.0,-20600.0,64
201400002911,14,5,11,1830,1,1,1,1.0,3,64023,M,0.0,0.0,64
201400002912,14,5,26,1645,1,1,1,1.0,6,64444,M,0.0,0.0,64
201400002913,14,6,6,1500,1,2,1,1.0,6,64101,M,0.0,0.0,64
201400002914,14,6,12,800,1,1,1,1.0,6,64138,M,4325100.0,-25400.0,64
201400002915,14,6,14,800,1,1,1,1.0,1,64068,M,4312300.0,-25500.0,64
201400002916,14,7,11,1615,1,1,1,1.0,6,64453,M,4322400.0,-10300.0,64
201400002917,14,8,5,1615,1,1,2,1.0,1,64023,M,4323300.0,-23700.0,64
201400002918,14,10,29,1130,1,2,1,1.0,6,64138,M,0.0,0.0,64
201400002919,14,12,5,1745,2,2,1,2.0,1,64191,M,4317390.0,-22983.0,64
201400002920,14,9,5,1445,1,2,1,1.0,3,64417,M,4318400.0,-26400.0,64
201400002921,14,11,6,930,1,1,1,1.0,1,64389,M,4341600.0,-20100.0,64
201400002922,14,3,1,2000,3,1,1,1.0,6,64455,M,0.0,0.0,64
201400002923,14,5,22,1245,1,1,1,1.0,1,64234,M,0.0,0.0,64
201400002924,14,6,2,1700,1,1,1,1.0,3,64074,M,4357519.0,-13943.0,64
201400002925,14,8,4,1000,1,1,6,2.0,1,64233,M,4358200.0,-27800.0,64
201400002926,14,9,21,130,3,1,6,1.0,6,64233,M,0.0,0.0,64
201400002927,14,11,3,830,2,2,1,7.0,6,64063,M,4353900.0,-41100.0,64
201400002928,14,1,28,1345,1,1,1,1.0,1,64304,M,4349500.0,-142200.0,64
201400002929,14,2,11,845,1,2,1,1.0,1,64496,M,0.0,0.0,64
201400002930,14,4,7,1530,1,1,1,1.0,7,64540,M,0.0,0.0,64
201400002931,14,8,25,1945,1,2,1,1.0,2,64102,M,0.0,0.0,64
201400002932,14,10,20,2100,5,2,1,1.0,3,64496,M,4346800.0,-144300.0,64
201400002933,14,11,18,845,1,2,1,1.0,3,64304,M,0.0,0.0,64
201400002934,14,11,19,745,3,1,3,1.0,1,64496,M,4346389.0,-142211.0,64
201400002935,14,2,28,930,1,1,1,3.0,6,64094,M,0.0,0.0,64
201400002936,14,3,3,2215,3,1,1,3.0,6,64256,M,0.0,0.0,64
201400002937,14,4,6,1515,1,1,1,1.0,3,64086,M,0.0,0.0,64
201400002938,14,4,20,1230,1,1,1,8.0,3,64256,M,0.0,0.0,64
201400002939,14,4,24,1115,1,1,1,8.0,7,64256,M,0.0,0.0,64
201400002940,14,4,24,1515,1,1,1,1.0,6,64250,M,0.0,0.0,64
201400002941,14,5,11,600,2,2,1,2.0,6,64289,M,0.0,0.0,64
201400002942,14,5,11,1430,1,1,1,1.0,3,64147,M,4345500.0,-133500.0,64
201400002943,14,5,27,1830,1,1,1,1.0,1,64134,M,0.0,0.0,64
201400002944,14,6,12,800,1,2,1,1.0,6,64147,M,4346300.0,-133600.0,64
201400002945,14,6,14,930,1,2,1,1.0,6,64256,M,4338800.0,-131000.0,64
201400002946,14,7,19,600,2,1,1,1.0,6,64377,M,0.0,0.0,64
201400002947,14,9,13,1730,1,2,1,1.0,7,64256,M,0.0,0.0,64
201400002948,14,9,13,1030,1,2,1,7.0,7,64086,M,0.0,0.0,64
201400002949,14,9,28,2130,4,2,1,1.0,7,64161,M,0.0,0.0,64
201400002950,14,10,9,830,1,1,1,2.0,1,64147,M,0.0,0.0,64
201400002951,14,10,9,2140,4,1,5,3.0,3,64161,M,0.0,0.0,64
201400002952,14,11,12,1615,1,1,1,1.0,1,64123,M,0.0,0.0,64
201400002953,14,12,14,800,2,1,1,8.0,1,64256,M,0.0,0.0,64
201400002954,14,4,2,1015,1,1,1,1.0,3,64065,M,4336600.0,-163600.0,64
201400002955,14,6,5,1500,1,1,1,1.0,6,64495,M,4336900.0,-159900.0,64
201400002956,14,7,21,1045,1,1,1,8.0,1,64495,M,4338100.0,-159500.0,64
201400002957,14,8,2,1315,1,1,1,1.0,6,64504,M,4331500.0,-154900.0,64
201400002958,14,9,22,2200,5,1,6,1.0,3,64495,M,4334800.0,-152700.0,64
201400002959,14,9,23,1430,1,1,1,1.0,1,64483,M,4340600.0,-159700.0,64
201400002960,14,10,25,2300,3,1,1,1.0,7,64065,M,0.0,0.0,64
201400002961,14,12,1,1745,5,2,1,3.0,6,64495,M,0.0,0.0,64
201400002962,14,12,9,1000,1,1,1,9.0,1,64495,M,4340000.0,-153000.0,64
201400002963,14,2,16,1130,1,2,9,1.0,6,64160,M,0.0,0.0,64
201400002964,14,2,23,630,2,1,1,1.0,1,64350,M,0.0,0.0,64
201400002965,14,4,17,1845,1,1,1,1.0,3,64213,M,0.0,0.0,64
201400002966,14,7,20,230,3,2,1,1.0,6,64547,M,0.0,0.0,64
201400002967,14,8,28,1745,1,1,1,1.0,4,64014,M,4330200.0,-150700.0,64
201400002968,14,9,9,830,1,2,1,1.0,2,64547,M,4339700.0,-145500.0,64
201400002969,14,9,14,1215,1,1,1,2.0,1,64213,M,0.0,0.0,64
201400002970,14,9,16,2300,3,1,1,2.0,1,64160,M,0.0,0.0,64
201400002971,14,10,14,1815,1,2,1,1.0,1,64547,M,4339400.0,-145300.0,64
201400002972,14,10,25,1600,1,1,1,1.0,3,64350,M,4331700.0,-135000.0,64
201400002973,14,11,30,1530,1,1,1,2.0,5,64014,M,0.0,0.0,64
201400002974,14,12,3,1815,5,1,1,8.0,6,64160,M,4336400.0,-139900.0,64
201400002975,14,12,5,1630,1,1,1,2.0,6,64213,M,4333700.0,-146200.0,64
201400002976,14,12,6,1300,1,1,1,1.0,1,64527,M,4332700.0,-148000.0,64
201400002977,14,1,8,1800,5,2,1,1.0,6,64371,M,0.0,0.0,64
201400002978,14,5,15,900,1,1,1,7.0,1,64424,M,4318000.0,-95600.0,64
201400002979,14,6,30,800,1,1,1,1.0,1,64371,M,0.0,0.0,64
201400002980,14,7,29,1045,1,2,1,1.0,7,64214,M,4326900.0,-87900.0,64
201400002981,14,4,5,1415,1,1,1,1.0,6,64485,M,0.0,0.0,64
201400002982,14,7,7,830,1,1,9,8.0,1,64477,M,0.0,0.0,64
201400002983,14,7,12,1245,1,1,1,2.0,1,64297,M,4318700.0,-117200.0,64
201400002984,14,9,21,1815,1,1,9,1.0,3,64124,M,4327600.0,-134600.0,64
201400002985,14,10,17,230,3,1,1,1.0,6,64124,M,4329000.0,-135000.0,64
201400002986,14,12,23,930,1,2,1,7.0,6,64485,M,4316800.0,-123700.0,64
201400002987,14,12,26,1615,1,1,1,2.0,6,64026,M,4312850.0,-129682.0,64
201400002988,14,3,10,1830,1,1,1,1.0,6,64436,M,0.0,0.0,64
201400002989,14,3,21,1645,1,2,1,1.0,3,64010,M,0.0,0.0,64
201400002990,14,5,26,1715,1,1,1,8.0,1,64368,M,0.0,0.0,64
201400002991,14,6,8,815,1,1,1,1.0,2,64106,M,4331700.0,-101000.0,64
201400002992,14,6,11,1530,1,1,1,1.0,1,64051,M,4339600.0,-109800.0,64
201400002993,14,7,13,530,3,1,1,1.0,7,64362,M,0.0,0.0,64
201400002994,14,9,12,1600,1,1,1,1.0,7,64487,M,0.0,0.0,64
201400002995,14,9,13,900,1,2,1,1.0,7,64010,M,0.0,0.0,64
201400002996,14,9,19,930,1,2,1,1.0,7,64493,M,4332300.0,-102600.0,64
201400002997,14,10,22,1600,1,1,1,1.0,6,64319,M,0.0,0.0,64
201400002998,14,10,24,1215,1,1,1,1.0,3,64437,M,0.0,0.0,64
201400002999,14,12,9,1645,2,1,1,1.0,3,64437,M,0.0,0.0,64
201400003000,14,3,4,1730,1,2,1,3.0,3,64422,M,0.0,0.0,64
201400003001,14,4,13,1745,1,1,1,1.0,6,64421,M,0.0,0.0,64
201400003002,14,6,19,2245,3,1,1,1.0,6,64224,M,0.0,0.0,64
201400003003,14,6,27,1730,1,2,1,1.0,3,64007,M,4316300.0,-61700.0,64
201400003004,14,7,15,1445,1,2,1,1.0,3,64422,M,0.0,0.0,64
201400003005,14,9,6,2230,5,2,1,1.0,7,64245,M,4320600.0,-59700.0,64
201400003006,14,9,12,1015,1,2,1,7.0,6,64422,M,0.0,0.0,64
201400003007,14,9,27,1600,1,2,1,1.0,2,64422,M,0.0,0.0,64
201400003008,14,10,13,945,1,1,1,1.0,6,64421,M,0.0,0.0,64
201400003009,14,10,25,1500,1,2,1,1.0,6,64422,M,0.0,0.0,64
201400003010,14,11,8,945,1,2,6,1.0,3,64422,M,4319200.0,-61100.0,64
201400003011,14,6,12,830,1,1,1,1.0,7,64310,M,0.0,0.0,64
201400003012,14,10,3,1,3,1,1,1.0,7,64040,M,4308700.0,-72400.0,64
201400003013,14,10,11,1930,5,2,1,1.0,6,64310,M,4311700.0,-76600.0,64
201400003014,14,10,20,915,1,1,1,1.0,7,64506,M,0.0,0.0,64
201400003015,14,1,3,1030,1,1,1,2.0,6,64320,M,0.0,0.0,64
201400003016,14,7,18,1530,1,1,1,1.0,1,64204,M,4296700.0,-34700.0,64
201400003017,14,9,9,1700,1,1,1,1.0,1,64522,M,4316200.0,-40200.0,64
201400003018,14,4,29,1345,1,1,9,1.0,1,64443,M,0.0,0.0,64
201400003019,14,5,24,1245,1,1,1,1.0,1,64359,M,0.0,0.0,64
201400003020,14,5,24,615,2,1,1,1.0,6,64443,M,0.0,0.0,64
201400003021,14,7,22,1000,1,1,1,1.0,7,64149,M,4338900.0,-73700.0,64
201400003022,14,10,29,1745,2,2,1,1.0,2,64530,M,0.0,0.0,64
201400003023,14,1,16,1800,2,1,1,1.0,6,64430,M,4345600.0,-79300.0,64
201400003024,14,5,28,1915,1,2,2,1.0,3,64430,M,0.0,0.0,64
201400003025,14,9,7,1815,1,2,3,1.0,1,64430,M,0.0,0.0,64
201400003026,14,9,12,815,2,1,1,5.0,2,64430,M,4381600.0,-36100.0,64
201400003027,14,12,4,915,1,2,1,5.0,1,64430,M,0.0,0.0,64
201400003028,14,1,8,1415,1,1,1,1.0,3,64082,M,4346300.0,-101400.0,64
201400003029,14,5,31,1530,1,1,1,1.0,1,64499,M,0.0,0.0,64
201400003030,14,8,26,1415,1,2,1,1.0,7,64461,M,0.0,0.0,64
201400003031,14,12,26,830,1,1,1,1.0,3,64499,M,0.0,0.0,64
201400003032,14,1,30,645,3,1,1,1.0,6,86163,M,0.0,0.0,86
201400003033,14,5,11,830,1,1,1,1.0,7,86163,M,0.0,0.0,86
201400003034,14,7,17,945,1,2,1,1.0,2,86115,M,0.0,0.0,86
201400003035,14,7,15,130,3,2,1,1.0,6,86095,M,0.0,0.0,86
201400003036,14,9,10,1145,1,1,2,1.0,3,86222,M,4665515.0,41691.0,86
201400003037,14,10,16,1715,1,1,1,2.0,5,86163,M,0.0,0.0,86
201400003038,14,2,16,1700,1,1,1,1.0,7,86293,M,0.0,0.0,86
201400003039,14,5,9,1715,1,2,1,1.0,3,86293,M,0.0,0.0,86
201400003040,14,8,15,2330,3,1,1,8.0,2,86139,M,0.0,0.0,86
201400003041,14,10,14,1745,1,1,1,1.0,1,86293,M,0.0,0.0,86
201400003042,14,9,13,1315,1,1,1,1.0,7,86060,M,0.0,0.0,86
201400003043,14,10,3,1000,1,1,1,1.0,3,86292,M,4667600.0,716900.0,86
201400003044,14,2,12,2215,3,1,1,8.0,7,86284,M,0.0,0.0,86
201400003045,14,3,22,1800,1,1,1,8.0,6,86141,M,0.0,0.0,86
201400003046,14,5,12,1145,1,2,1,1.0,6,86263,M,0.0,0.0,86
201400003047,14,6,8,1645,1,1,1,1.0,7,86180,M,0.0,0.0,86
201400003048,14,8,11,130,3,1,1,1.0,6,86178,M,0.0,0.0,86
201400003049,14,9,26,1430,1,1,1,1.0,6,86052,M,0.0,0.0,86
201400003050,14,4,2,1030,1,1,1,1.0,3,86294,M,4662200.0,15900.0,86
201400003051,14,4,11,1700,1,1,1,1.0,7,86056,M,4654900.0,11800.0,86
201400003052,14,5,25,1130,1,1,1,1.0,6,86100,M,4654100.0,28300.0,86
201400003053,14,6,20,715,1,2,1,1.0,1,86074,M,0.0,0.0,86
201400003054,14,7,12,1,3,1,1,1.0,6,86100,M,4654900.0,25700.0,86
201400003055,14,8,17,1300,1,1,2,1.0,3,86294,M,4658512.0,11045.0,86
201400003056,14,10,17,730,3,1,1,8.0,1,86076,M,4663900.0,22800.0,86
201400003057,14,6,8,1800,1,2,1,1.0,6,86019,M,0.0,0.0,86
201400003058,14,11,1,2045,3,2,1,1.0,1,86019,M,4673207.0,44185.0,86
201400003059,14,2,8,2030,3,1,1,3.0,6,86224,M,0.0,0.0,86
201400003060,14,5,1,1215,1,1,1,9.0,1,86280,M,4695100.0,53500.0,86
201400003061,14,5,28,2245,3,1,1,1.0,2,86221,M,4681900.0,37800.0,86
201400003062,14,6,5,1745,1,1,1,1.0,1,86221,M,4686600.0,35900.0,86
201400003063,14,8,13,1745,1,1,3,1.0,1,86128,M,4688200.0,50500.0,86
201400003064,14,5,22,2045,1,2,1,1.0,6,86137,M,4700903.0,8388.0,86
201400003065,14,12,16,1815,3,1,1,1.0,1,86252,M,4702286.0,14300.0,86
201400003066,14,1,10,2115,3,1,1,1.0,6,86298,M,0.0,0.0,86
201400003067,14,3,18,1215,1,1,1,1.0,2,86014,M,4677700.0,55000.0,86
201400003068,14,9,20,1945,2,1,1,3.0,1,86014,M,4675000.0,55400.0,86
201400003069,14,4,21,1500,1,1,1,1.0,7,86093,M,4695300.0,22800.0,86
201400003070,14,6,4,900,1,1,1,2.0,1,86225,M,0.0,0.0,86
201400003071,14,6,5,1115,1,1,2,1.0,3,86161,M,0.0,0.0,86
201400003072,14,6,28,1115,1,1,2,8.0,3,86154,M,0.0,0.0,86
201400003073,14,7,28,1945,1,1,1,1.0,7,86225,M,4683300.0,4800.0,86
201400003074,14,8,2,1015,1,1,1,1.0,1,86075,M,0.0,0.0,86
201400003075,14,9,4,930,1,1,1,1.0,7,86085,M,4684000.0,20000.0,86
201400003076,14,9,6,1830,1,2,2,1.0,1,86085,M,0.0,0.0,86
201400003077,14,9,15,1130,1,1,1,1.0,2,86075,M,4682200.0,17100.0,86
201400003078,14,10,10,1300,1,2,2,1.0,3,86005,M,4693400.0,10100.0,86
201400003079,14,7,26,1145,1,1,1,1.0,6,86140,M,0.0,0.0,86
201400003080,14,9,22,800,1,2,1,1.0,6,86165,M,0.0,0.0,86
201400003081,14,12,8,730,2,1,1,5.0,2,86120,M,0.0,0.0,86
201400003082,14,2,21,1515,1,1,1,9.0,1,86126,M,4649400.0,78600.0,86
201400003083,14,4,4,2230,3,1,2,1.0,3,86261,M,4656400.0,46300.0,86
201400003084,14,4,29,1445,1,1,1,3.0,3,86135,M,0.0,0.0,86
201400003085,14,5,16,1745,1,2,1,1.0,3,86226,M,4656200.0,51000.0,86
201400003086,14,6,9,2030,1,1,1,8.0,7,86198,M,4656400.0,61700.0,86
201400003087,14,6,15,900,1,2,1,1.0,6,86226,M,0.0,0.0,86
201400003088,14,11,23,1600,1,1,1,1.0,7,86098,M,4658100.0,74300.0,86
201400003089,14,11,23,1630,1,2,1,1.0,1,86233,M,0.0,0.0,86
201400003090,14,11,29,1515,1,1,1,1.0,6,86028,M,4660700.0,46700.0,86
201400003091,14,1,2,2100,3,1,1,1.0,7,86054,M,0.0,0.0,86
201400003092,14,2,22,1830,3,1,1,2.0,6,86295,M,0.0,0.0,86
201400003093,14,6,15,745,1,2,1,1.0,6,86231,M,0.0,0.0,86
201400003094,14,6,19,130,5,1,1,1.0,2,86237,M,0.0,0.0,86
201400003095,14,1,25,2200,3,1,1,2.0,6,86203,M,0.0,0.0,86
201400003096,14,8,24,1600,1,1,1,1.0,7,86289,M,4619600.0,60700.0,86
201400003097,14,12,23,1500,1,2,9,7.0,3,86112,M,0.0,0.0,86
201400003098,14,5,12,1045,1,1,1,1.0,7,86006,M,0.0,0.0,86
201400003099,14,7,20,1330,1,2,1,1.0,7,86006,M,4654100.0,85200.0,86
201400003100,14,9,11,1745,2,2,1,1.0,7,86004,M,0.0,0.0,86
201400003101,14,10,15,745,1,1,1,1.0,3,86175,M,4660300.0,87300.0,86
201400003102,14,3,20,715,3,1,1,1.0,6,16078,M,4570763.0,17534.0,16
201400003103,14,4,14,1400,1,1,3,1.0,3,16026,M,4571701.0,14530.0,16
201400003104,14,6,11,1800,1,1,2,1.0,3,16232,M,4569242.0,30276.0,16
201400003105,14,7,5,1900,1,1,1,1.0,6,16146,M,4563167.0,25196.0,16
201400003106,14,8,12,715,1,1,1,1.0,7,16078,M,4572659.0,18698.0,16
201400003107,14,9,26,815,1,1,3,7.0,3,16146,M,4561209.0,26335.0,16
201400003108,14,10,24,1700,1,1,3,1.0,1,16146,M,4560210.0,29762.0,16
201400003109,14,11,17,1040,1,2,1,1.0,6,16078,M,4569322.0,18989.0,16
201400003110,14,11,19,1630,1,1,1,1.0,6,16078,M,4569042.0,19122.0,16
201400003111,14,11,20,1950,3,1,1,1.0,3,16078,M,4569229.0,17973.0,16
201400003112,14,5,6,730,1,1,1,1.0,1,16119,M,4553480.0,27601.0,16
201400003113,14,7,24,1700,1,1,2,1.0,3,16143,M,4550230.0,19931.0,16
201400003114,14,10,7,145,3,1,1,3.0,5,16175,M,4554505.0,-3612.0,16
201400003115,14,12,3,1600,1,1,1,1.0,6,16120,M,4560004.0,26621.0,16
201400003116,14,1,16,1245,1,1,1,1.0,6,16063,M,4533012.0,2487.0,16
201400003117,14,2,11,730,2,1,1,2.0,3,16004,M,4543460.0,14146.0,16
201400003118,14,5,26,1135,1,2,1,3.0,1,16347,M,4527924.0,11551.0,16
201400003119,14,8,15,1630,1,2,1,1.0,6,16020,M,4526825.0,17110.0,16
201400003120,14,8,17,1110,1,2,3,1.0,3,16049,M,4525129.0,15027.0,16
201400003121,14,10,13,745,2,1,1,1.0,1,16112,M,4531168.0,8909.0,16
201400003122,14,4,5,1230,1,1,2,1.0,3,16217,M,4565700.0,-21683.0,16
201400003123,14,4,11,1630,1,2,1,1.0,1,16151,M,4562768.0,-31350.0,16
201400003124,14,8,8,215,5,1,2,1.0,6,16097,M,4574895.0,-30259.0,16
201400003125,14,10,4,1715,1,1,1,8.0,1,16025,M,4539158.0,-27699.0,16
201400003126,14,3,6,1445,1,2,1,1.0,3,16153,M,4567751.0,-17499.0,16
201400003127,14,4,2,2145,3,1,1,1.0,6,16312,M,4580222.0,-3022.0,16
201400003128,14,4,18,1430,1,1,3,1.0,3,16286,M,4579117.0,-9862.0,16
201400003129,14,8,1,1815,1,1,1,1.0,6,16090,M,4559812.0,-1267.0,16
201400003130,14,8,21,1100,1,1,1,1.0,6,16351,M,4564205.0,-3024.0,16
201400003131,14,10,2,1745,1,1,2,1.0,3,16343,M,4561996.0,-16159.0,16
201400003132,14,11,1,2015,3,1,1,1.0,6,16204,M,4556757.0,-9526.0,16
201400003133,14,2,6,345,3,1,2,2.0,3,16134,M,4587189.0,65475.0,16
201400003134,14,3,2,1030,1,1,1,1.0,7,16100,M,4594074.0,64426.0,16
201400003135,14,3,3,1745,2,1,1,4.0,7,16001,M,4607004.0,69563.0,16
201400003136,14,6,15,1715,1,1,1,1.0,6,16001,M,4610708.0,71282.0,16
201400003137,14,9,25,1430,1,1,2,1.0,3,16100,M,4594075.0,64485.0,16
201400003138,14,10,14,1645,1,1,1,1.0,1,16071,M,4591685.0,7406.0,16
201400003139,14,10,29,1300,1,1,1,1.0,1,16100,M,4587975.0,71347.0,16
201400003140,14,12,16,730,2,1,1,2.0,6,16064,M,4592675.0,88743.0,16
201400003141,14,12,26,1745,2,1,1,1.0,1,16009,M,4597803.0,55656.0,16
201400003142,14,12,30,2215,3,1,1,1.0,7,16131,M,4601089.0,-14606.0,16
201400003143,14,2,3,1715,1,2,1,2.0,6,16085,M,4581715.0,45185.0,16
201400003144,14,2,23,2000,5,2,1,1.0,6,16245,M,4587861.0,49984.0,16
201400003145,14,3,7,1500,1,2,3,7.0,6,16085,M,4582493.0,45081.0,16
201400003146,14,4,16,2330,3,1,1,1.0,6,16068,M,4586464.0,42212.0,16
201400003147,14,7,7,1930,1,1,1,1.0,6,16192,M,4591955.0,55368.0,16
201400003148,14,8,3,830,1,1,1,1.0,6,16416,M,4580129.0,46887.0,16
201400003149,14,8,16,315,3,1,1,1.0,1,16085,M,4583543.0,47671.0,16
201400003150,14,8,24,745,1,1,1,1.0,6,16398,M,4578379.0,70267.0,16
201400003151,14,8,27,645,1,2,1,1.0,6,16416,M,4579782.0,50288.0,16
201400003152,14,9,10,1745,1,1,3,1.0,3,16308,M,4591077.0,45332.0,16
201400003153,14,10,18,1445,1,1,1,1.0,1,16225,M,4575161.0,55177.0,16
201400003154,14,12,14,1100,1,1,2,1.0,3,16085,M,4579840.0,41511.0,16
201400003155,14,4,27,1745,1,1,1,1.0,1,16400,M,4599435.0,21683.0,16
201400003156,14,5,27,2000,1,1,1,1.0,6,16087,M,4595482.0,36371.0,16
201400003157,14,8,5,430,5,2,2,1.0,3,16292,M,4602104.0,18882.0,16
201400003158,14,9,30,1630,1,1,2,1.0,3,16044,M,4601890.0,27337.0,16
201400003159,14,3,3,1045,1,1,1,3.0,6,16390,M,4592130.0,5484.0,16
201400003160,14,3,29,1115,1,1,2,1.0,3,16390,M,4594933.0,6239.0,16
201400003161,14,5,31,1715,1,1,3,1.0,5,16388,M,4563238.0,4025.0,16
201400003162,14,8,14,1315,1,1,1,2.0,5,16069,M,4586870.0,15359.0,16
201400003163,14,8,30,1000,1,1,3,1.0,2,16033,M,4592630.0,22492.0,16
201400003164,14,6,6,1715,1,2,1,1.0,3,16281,M,4574408.0,39003.0,16
201400003165,14,6,9,200,4,1,1,8.0,6,16211,M,4561697.0,44149.0,16
201400003166,14,6,12,1615,1,2,2,1.0,3,16223,M,4566657.0,49946.0,16
201400003167,14,7,6,300,3,1,1,2.0,7,16425,M,4575070.0,43440.0,16
201400003168,14,1,10,1830,3,1,1,1.0,3,17109,M,4614725.0,-104774.0,17
201400003169,14,2,6,745,2,1,1,2.0,1,17315,M,4613549.0,-95961.0,17
201400003170,14,6,28,1715,1,1,1,3.0,1,17010,M,4610448.0,-108894.0,17
201400003171,14,5,8,45,3,1,1,1.0,1,17466,M,4621224.0,-99619.0,17
201400003172,14,6,30,1400,1,2,6,1.0,3,17466,M,4619326.0,-96715.0,17
201400003173,14,7,26,2100,2,2,1,1.0,6,17218,M,4631487.0,-98287.0,17
201400003174,14,9,23,2100,3,1,1,1.0,2,17218,M,4628575.0,-99345.0,17
201400003175,14,10,9,1115,1,1,1,2.0,6,17322,M,4626434.0,-85400.0,17
201400003176,14,12,10,745,3,1,1,2.0,5,17218,M,4632351.0,-99372.0,17
201400003177,14,12,24,230,3,1,1,5.0,7,17091,M,4630234.0,-113194.0,17
201400003178,14,1,3,1900,3,1,1,1.0,6,17360,M,4616220.0,-134714.0,17
201400003179,14,1,22,1845,3,1,1,2.0,6,17121,M,4619959.0,-144015.0,17
201400003180,14,1,31,730,2,1,1,2.0,7,17121,M,4620828.0,-145984.0,17
201400003181,14,2,12,1645,1,2,2,1.0,1,17360,M,4615200.0,-131400.0,17
201400003182,14,2,20,2345,3,1,1,2.0,1,17360,M,4615397.0,-129294.0,17
201400003183,14,3,9,1630,1,1,1,1.0,1,17161,M,4618247.0,-131455.0,17
201400003184,14,4,2,1700,1,1,2,1.0,3,17297,M,4615276.0,-128252.0,17
201400003185,14,4,20,415,3,1,1,1.0,6,17369,M,4619272.0,-137496.0,17
201400003186,14,5,16,1130,1,1,2,1.0,3,17051,M,4618606.0,-137131.0,17
201400003187,14,6,16,2000,1,1,6,1.0,1,17161,M,4618493.0,-130864.0,17
201400003188,14,6,19,1315,1,2,7,1.0,6,17161,M,4618822.0,-132604.0,17
201400003189,14,6,24,245,5,2,1,1.0,6,17286,M,4623856.0,-148469.0,17
201400003190,14,7,23,1730,1,1,1,1.0,3,17019,M,4622268.0,-153282.0,17
201400003191,14,8,19,1245,1,2,1,1.0,1,17297,M,4615452.0,-127051.0,17
201400003192,14,9,11,1130,1,1,3,1.0,7,17051,M,4618610.0,-137134.0,17
201400003193,14,9,14,1015,1,1,1,1.0,6,17121,M,4620210.0,-145037.0,17
201400003194,14,9,20,1515,1,1,3,1.0,3,17369,M,4620040.0,-139365.0,17
201400003195,14,10,28,1045,1,2,6,1.0,1,17369,M,4619393.0,-134696.0,17
201400003196,14,12,13,1400,1,2,2,9.0,1,17051,M,4619012.0,-138875.0,17
201400003197,14,2,4,1715,1,2,1,1.0,3,17197,M,4544567.0,-43919.0,17
201400003198,14,2,14,1545,1,1,1,1.0,6,17108,M,4549724.0,-45046.0,17
201400003199,14,5,23,1245,1,1,2,3.0,3,17192,M,4556608.0,-39741.0,17
201400003200,14,6,15,945,1,1,1,1.0,5,17197,M,4544490.0,-39218.0,17
201400003201,14,6,21,1845,1,2,1,1.0,6,17197,M,4543260.0,-43223.0,17
201400003202,14,6,24,2145,1,1,1,1.0,7,17341,M,0.0,0.0,17
201400003203,14,8,16,630,1,1,1,1.0,3,17108,M,4548607.0,-44555.0,17
201400003204,14,9,21,1030,1,1,6,1.0,3,17197,M,4543786.0,-45102.0,17
201400003205,14,10,11,1715,1,1,1,8.0,6,17020,M,4550242.0,-33495.0,17
201400003206,14,11,7,800,1,1,1,2.0,1,17020,M,4550944.0,-32849.0,17
201400003207,14,11,17,1030,2,1,1,1.0,5,17326,M,4551637.0,-28212.0,17
201400003208,14,11,24,1000,2,2,1,1.0,1,17364,M,4558158.0,-36302.0,17
201400003209,14,11,30,1700,2,1,1,1.0,1,17248,M,4551373.0,-74263.0,17
201400003210,14,12,26,2230,3,1,1,1.0,6,17050,M,4549902.0,-62441.0,17
201400003211,14,1,13,745,2,2,1,2.0,3,17240,M,4528389.0,-40351.0,17
201400003212,14,1,29,1500,1,1,1,1.0,6,17199,M,4526972.0,-35225.0,17
201400003213,14,4,16,1515,1,1,2,7.0,3,17118,M,4524498.0,-40660.0,17
201400003214,14,5,18,430,3,1,1,8.0,3,17243,M,4523596.0,-25996.0,17
201400003215,14,6,21,2230,3,1,1,1.0,6,17282,M,4532456.0,-36012.0,17
201400003216,14,6,26,2200,3,1,1,1.0,7,17038,M,4518380.0,-31639.0,17
201400003217,14,8,2,1815,1,1,1,1.0,1,17231,M,4536048.0,-32582.0,17
201400003218,14,8,15,1000,1,1,1,1.0,3,17081,M,4531867.0,-47405.0,17
201400003219,14,1,26,1930,3,1,1,3.0,6,17055,M,4520800.0,-7300.0,17
201400003220,14,2,9,1145,1,1,1,2.0,2,17365,M,4523094.0,-22157.0,17
201400003221,14,5,30,1015,1,1,1,1.0,7,17260,M,4524916.0,-20371.0,17
201400003222,14,9,13,2115,3,1,1,1.0,3,17110,M,4519554.0,-21774.0,17
201400003223,14,4,8,730,2,1,1,1.0,1,17189,M,4582420.0,-104880.0,17
201400003224,14,4,30,1530,1,1,1,1.0,1,17185,M,4571620.0,-93261.0,17