Num_Acc,an,mois,jour,hrmn,lum,agg,int,atm,col,com,gps,lat,long,dep
201400003225,14,8,18,2130,2,1,1,1.0,3,17058,M,4584587.0,-116274.0,17
201400003226,14,8,23,200,5,1,1,1.0,6,17219,M,4579966.0,-113764.0,17
201400003227,14,9,12,1745,1,2,3,1.0,6,17219,M,4582365.0,-111786.0,17
201400003228,14,10,7,1100,1,1,3,1.0,3,17351,M,4582173.0,-108499.0,17
201400003229,14,10,31,1830,3,1,1,1.0,2,17219,M,4582426.0,-105028.0,17
201400003230,14,2,2,1900,1,1,1,1.0,6,17323,M,4604368.0,-139698.0,17
201400003231,14,5,4,1700,1,1,1,1.0,7,17083,M,4580856.0,-90469.0,17
201400003232,14,5,14,300,3,1,1,1.0,6,17348,M,4581875.0,-96080.0,17
201400003233,14,6,27,1100,1,1,2,1.0,3,17429,M,4591211.0,-98405.0,17
201400003234,14,9,14,715,1,1,1,1.0,6,17184,M,4578400.0,-93600.0,17
201400003235,14,1,15,2000,5,2,1,2.0,3,17093,M,4589125.0,-122217.0,17
201400003236,14,2,22,1730,1,2,1,1.0,7,17385,M,4595041.0,-132942.0,17
201400003237,14,4,13,230,3,1,1,1.0,7,17140,M,4590155.0,-124663.0,17
201400003238,14,6,2,745,2,2,1,1.0,2,17140,M,4591084.0,-126542.0,17
201400003239,14,6,3,1130,1,2,6,1.0,3,17140,M,4591058.0,-126424.0,17
201400003240,14,6,13,900,1,2,2,1.0,3,17385,M,4592286.0,-132599.0,17
201400003241,14,7,22,1845,1,2,2,1.0,3,17486,M,4601329.0,-134500.0,17
201400003242,14,7,25,815,1,1,1,1.0,1,17385,M,4591815.0,-131410.0,17
201400003243,14,8,7,2345,3,2,1,1.0,1,17385,M,4594666.0,-132388.0,17
201400003244,14,8,17,2345,5,2,1,1.0,1,17093,M,4589163.0,-122333.0,17
201400003245,14,8,22,1715,1,2,9,1.0,1,17385,M,4593932.0,-131182.0,17
201400003246,14,12,1,1245,1,2,2,1.0,3,17411,M,4582330.0,-121855.0,17
201400003247,14,1,13,1700,2,2,1,2.0,6,17452,M,4577751.0,-114606.0,17
201400003248,14,1,27,930,1,2,1,1.0,6,17452,M,4577418.0,-114612.0,17
201400003249,14,4,7,1845,1,2,1,1.0,7,17155,M,4572049.0,-110878.0,17
201400003250,14,4,17,2330,3,1,1,1.0,7,17064,M,4571200.0,-106200.0,17
201400003251,14,5,4,1330,1,1,1,1.0,6,17021,M,4574493.0,-116320.0,17
201400003252,14,5,17,2000,1,1,3,1.0,3,17409,M,4566972.0,-102964.0,17
201400003253,14,5,31,1900,1,1,1,1.0,1,17064,M,4566764.0,-105505.0,17
201400003254,14,6,3,1545,1,1,6,1.0,6,17021,M,4575730.0,-113967.0,17
201400003255,14,7,29,300,5,2,1,1.0,6,17064,M,4569092.0,-105478.0,17
201400003256,14,8,28,145,3,1,9,1.0,7,17064,M,4568633.0,-107508.0,17
201400003257,14,9,3,1030,1,2,1,1.0,7,17225,M,4573913.0,-117042.0,17
201400003258,14,10,19,1600,1,1,1,1.0,1,17247,M,4569004.0,-102321.0,17
201400003259,14,10,16,1430,1,1,6,2.0,6,17452,M,4578578.0,-115726.0,17
201400003260,14,11,9,815,2,1,1,1.0,2,17409,M,4567176.0,-100076.0,17
201400003261,14,11,14,1415,1,1,1,1.0,1,17064,M,4569891.0,-105333.0,17
201400003262,14,12,30,1030,1,2,9,1.0,6,17452,M,4576400.0,-114212.0,17
201400003263,14,1,16,1015,1,2,1,2.0,7,17168,M,4599300.0,-109200.0,17
201400003264,14,2,3,845,1,1,5,1.0,3,17075,M,4593496.0,-86561.0,17
201400003265,14,3,12,845,1,1,1,1.0,4,17483,M,4602400.0,-105200.0,17
201400003266,14,3,16,1400,1,1,1,1.0,1,17253,M,4598784.0,-90393.0,17
201400003267,14,8,10,2345,3,1,1,1.0,7,17174,M,4602782.0,-75758.0,17
201400003268,14,3,16,1700,1,1,1,1.0,7,17434,M,4612273.0,-73709.0,17
201400003269,14,4,13,1800,1,1,2,1.0,1,17482,M,4615006.0,-80961.0,17
201400003270,14,4,19,1600,1,2,1,1.0,6,17018,M,4606725.0,-88059.0,17
201400003271,14,6,8,1930,1,1,1,1.0,5,17382,M,4616332.0,-70246.0,17
201400003272,14,6,30,1715,1,1,1,1.0,3,17359,M,4609481.0,-72121.0,17
201400003273,14,7,26,2000,1,1,2,1.0,3,17221,M,4612687.0,-58323.0,17
201400003274,14,7,28,1530,1,1,2,1.0,1,17434,M,4610700.0,-76800.0,17
201400003275,14,7,29,2215,3,1,6,1.0,3,17080,M,4610363.0,-83836.0,17
201400003276,14,9,12,1915,1,1,1,1.0,1,17482,M,4615295.0,-77428.0,17
201400003277,14,9,28,600,3,1,1,1.0,6,17359,M,4610153.0,-68195.0,17
201400003278,14,11,14,645,2,1,1,2.0,7,17057,M,4617228.0,-84088.0,17
201400003279,14,11,22,145,3,1,1,1.0,7,17018,M,4605568.0,-90133.0,17
201400003280,14,12,14,600,3,1,1,1.0,6,17359,M,4610164.0,-66564.0,17
201400003281,14,12,24,2000,3,1,1,2.0,1,17382,M,4616852.0,-71507.0,17
201400003282,14,1,30,500,4,1,1,2.0,1,17045,M,4587865.0,-85462.0,17
201400003283,14,3,6,1200,1,2,1,1.0,1,17164,M,4576468.0,-61831.0,17
201400003284,14,3,7,845,1,1,1,1.0,6,17086,M,4575808.0,-55869.0,17
201400003285,14,3,8,1415,1,1,1,1.0,3,17143,M,4578225.0,-57074.0,17
201400003286,14,4,4,2045,2,1,2,1.0,3,17330,M,4576600.0,-87900.0,17
201400003287,14,4,18,1815,1,1,1,1.0,1,17387,M,4580503.0,-75307.0,17
201400003288,14,4,20,1100,1,2,1,1.0,6,17086,M,4571636.0,-55362.0,17
201400003289,14,4,29,1545,1,1,1,8.0,5,17086,M,4574540.0,-58103.0,17
201400003290,14,5,3,2215,3,1,1,1.0,6,17262,M,4574662.0,-70572.0,17
201400003291,14,6,23,1400,1,1,1,1.0,1,17336,M,4577468.0,-67280.0,17
201400003292,14,6,25,700,1,1,2,1.0,3,17336,M,4579178.0,-72763.0,17
201400003293,14,7,16,2330,3,1,1,1.0,5,17387,M,4582080.0,-79228.0,17
201400003294,14,8,19,1530,1,1,2,1.0,5,17191,M,4565860.0,-59139.0,17
201400003295,14,9,6,1645,1,1,1,1.0,3,17336,M,4578500.0,-70700.0,17
201400003296,14,9,10,1745,1,2,2,1.0,1,17030,M,4574217.0,-83801.0,17
201400003297,14,9,15,1730,1,1,2,1.0,3,17330,M,4575081.0,-91368.0,17
201400003298,14,10,5,1945,2,1,2,1.0,3,17262,M,4574597.0,-71046.0,17
201400003299,14,10,9,1745,1,2,1,1.0,6,17284,M,4582738.0,-88515.0,17
201400003300,14,10,11,215,3,1,1,5.0,6,17086,M,4572739.0,-58304.0,17
201400003301,14,10,21,1100,1,1,1,1.0,7,17086,M,4572740.0,-58252.0,17
201400003302,14,10,31,745,1,1,1,1.0,2,17284,M,4583085.0,-90285.0,17
201400003303,14,11,1,45,4,2,1,1.0,6,17030,M,4574143.0,-83455.0,17
201400003304,14,11,22,1745,5,2,1,1.0,6,17389,M,4583181.0,-87823.0,17
201400003305,14,12,12,2145,3,1,4,1.0,1,17030,M,4574309.0,-86118.0,17
201400003306,14,12,22,2300,3,1,4,1.0,3,17164,M,4577007.0,-57911.0,17
201400003307,14,4,3,730,2,1,1,2.0,6,17296,M,4566341.0,-75276.0,17
201400003308,14,6,12,1430,1,1,1,1.0,6,17172,M,4558288.0,-67497.0,17
201400003309,14,6,19,1645,1,1,1,1.0,3,17131,M,4557863.0,-81196.0,17
201400003310,14,7,30,1230,1,1,1,1.0,1,17172,M,4554895.0,-69622.0,17
201400003311,14,9,6,1800,1,1,1,1.0,6,17441,M,4562062.0,-65786.0,17
201400003312,14,11,12,1000,1,1,2,1.0,3,17425,M,4559490.0,-88325.0,17
201400003313,14,11,26,1500,1,1,2,7.0,3,17131,M,4557921.0,-79346.0,17
201400003314,14,2,2,1930,3,1,1,2.0,7,17400,M,4570066.0,-52813.0,17
201400003315,14,4,24,1945,1,1,1,1.0,7,17039,M,4552716.0,-55042.0,17
201400003316,14,8,24,530,3,1,2,1.0,1,17039,M,4552433.0,-56205.0,17
201400003317,14,10,1,1245,1,1,1,1.0,1,17283,M,4555219.0,-55632.0,17
201400003318,14,10,12,1045,1,1,1,1.0,1,17220,M,4553389.0,-46159.0,17
201400003319,14,3,25,645,2,1,1,2.0,1,17307,M,4568217.0,-90747.0,17
201400003320,14,4,16,1545,1,1,1,1.0,1,17228,M,4563600.0,-97400.0,17
201400003321,14,5,25,830,1,1,1,1.0,5,17228,M,4565910.0,-94848.0,17
201400003322,14,6,6,1915,1,2,1,1.0,5,17307,M,4569145.0,-84812.0,17
201400003323,14,8,9,1600,1,1,2,1.0,3,17307,M,4570332.0,-89053.0,17
201400003324,14,8,16,1845,1,1,1,7.0,3,17228,M,4563544.0,-97521.0,17
201400003325,14,8,31,1045,1,1,2,1.0,5,17307,M,4569192.0,-90119.0,17
201400003326,14,9,3,1215,1,1,1,1.0,1,17232,M,4564800.0,-77100.0,17
201400003327,14,11,23,945,1,1,1,1.0,7,17119,M,4563644.0,-86390.0,17
201400003328,14,12,26,2130,3,1,1,1.0,6,17421,M,4566068.0,-91217.0,17
201400003329,14,1,2,1030,1,1,2,1.0,3,17459,M,4590878.0,-42472.0,17
201400003330,14,1,21,2245,5,2,1,1.0,6,17347,M,4594024.0,-51271.0,17
201400003331,14,3,23,1345,1,1,2,2.0,3,17356,M,4600250.0,-62981.0,17
201400003332,14,4,18,1715,1,1,5,1.0,3,17440,M,4593825.0,-54540.0,17
201400003333,14,5,7,1715,1,1,1,1.0,5,17288,M,4594457.0,-46902.0,17
201400003334,14,5,19,730,1,1,1,1.0,7,17022,M,4588952.0,-48857.0,17
201400003335,14,5,19,2045,1,2,3,2.0,3,17347,M,4593591.0,-52741.0,17
201400003336,14,6,3,2345,3,1,1,3.0,2,17292,M,4596187.0,-76735.0,17
201400003337,14,6,17,2015,1,2,1,1.0,7,17347,M,4594515.0,-53557.0,17
201400003338,14,8,8,2145,5,1,1,2.0,3,17277,M,4598213.0,-52086.0,17
201400003339,14,8,22,1045,1,1,1,1.0,6,17397,M,4589166.0,-68997.0,17
201400003340,14,8,26,1330,1,1,1,1.0,1,17465,M,4596297.0,-56693.0,17
201400003341,14,9,22,1215,1,1,1,1.0,2,17294,M,4603658.0,-62629.0,17
201400003342,14,10,7,1115,1,1,1,1.0,6,17202,M,4599603.0,-59744.0,17
201400003343,14,10,19,900,1,2,1,7.0,6,17397,M,4587673.0,-67892.0,17
201400003344,14,11,23,1815,3,1,1,1.0,1,17450,M,0.0,0.0,17
201400003345,14,12,5,2330,3,1,1,1.0,6,17459,M,4592268.0,-45507.0,17
201400003346,14,2,7,2300,3,1,1,1.0,6,17383,M,4595362.0,-41197.0,17
201400003347,14,3,16,1115,1,1,2,1.0,3,17162,M,4596115.0,-19011.0,17
201400003348,14,10,26,1715,1,1,1,7.0,2,17358,M,4602959.0,-26400.0,17
201400003349,14,1,11,1330,1,2,1,1.0,3,17428,M,4583794.0,-27198.0,17
201400003350,14,2,12,1000,1,2,3,1.0,3,17446,M,4583765.0,-31120.0,17
201400003351,14,3,23,1815,1,2,1,8.0,1,17180,M,4589190.0,-22092.0,17
201400003352,14,5,8,1045,1,1,3,1.0,3,17313,M,4576505.0,-48302.0,17
201400003353,14,7,15,1400,1,1,1,7.0,6,17071,M,4589504.0,-37895.0,17
201400003354,14,7,27,115,3,1,1,1.0,6,17313,M,4577600.0,-49700.0,17
201400003355,14,10,11,1700,1,1,1,1.0,7,17224,M,4584770.0,-31056.0,17
201400003356,14,10,16,1830,1,1,2,8.0,3,17023,M,4585169.0,-41679.0,17
201400003357,14,11,5,1830,1,1,1,1.0,1,17314,M,4575184.0,-51165.0,17
201400003358,14,1,18,545,3,1,1,1.0,3,79219,M,0.0,0.0,79
201400003359,14,4,12,2315,3,1,1,1.0,6,79356,M,0.0,0.0,79
201400003360,14,2,23,515,3,1,1,1.0,6,79049,M,0.0,0.0,79
201400003361,14,4,28,745,1,1,1,8.0,1,79049,M,0.0,0.0,79
201400003362,14,5,9,1715,1,1,1,1.0,5,79049,M,0.0,0.0,79
201400003363,14,7,11,2130,2,2,1,8.0,6,79049,M,0.0,0.0,79
201400003364,14,8,15,2030,1,1,1,2.0,1,79049,M,0.0,0.0,79
201400003365,14,9,4,1745,1,2,3,1.0,3,79049,M,0.0,0.0,79
201400003366,14,11,6,1530,1,2,1,8.0,1,79049,M,0.0,0.0,79
201400003367,14,12,22,1230,1,2,1,1.0,6,79049,M,0.0,0.0,79
201400003368,14,3,23,1845,2,2,1,8.0,6,79043,M,0.0,0.0,79
201400003369,14,6,9,1245,1,1,2,1.0,3,79013,M,0.0,0.0,79
201400003370,14,1,30,800,2,1,1,2.0,5,79061,M,0.0,0.0,79
201400003371,14,6,25,1530,1,1,1,7.0,7,79004,M,0.0,0.0,79
201400003372,14,2,17,1530,1,1,3,1.0,3,79230,M,0.0,0.0,79
201400003373,14,7,19,2105,1,2,1,1.0,1,79083,M,0.0,0.0,79
201400003374,14,8,5,1800,1,1,1,1.0,7,79006,M,0.0,0.0,79
201400003375,14,7,5,2115,1,1,2,1.0,1,79019,M,0.0,0.0,79
201400003376,14,1,22,1700,1,1,1,8.0,1,79147,M,0.0,0.0,79
201400003377,14,1,23,1415,2,1,1,2.0,5,87107,M,0.0,0.0,87
201400003378,14,3,31,2130,5,2,1,1.0,6,87152,M,0.0,0.0,87
201400003379,14,5,14,745,1,1,1,8.0,6,87201,M,0.0,0.0,87
201400003380,14,9,4,515,3,1,1,1.0,6,87202,M,0.0,0.0,87
201400003381,14,9,23,1045,1,2,1,1.0,6,87118,M,0.0,0.0,87
201400003382,14,11,5,1145,1,1,1,1.0,3,87001,M,0.0,0.0,87
201400003383,14,11,5,1015,1,2,1,1.0,3,87201,M,0.0,0.0,87
201400003384,14,11,12,600,5,1,1,1.0,1,87107,M,0.0,0.0,87
201400003385,14,12,12,1600,1,1,2,1.0,3,87201,M,0.0,0.0,87
201400003386,14,3,17,15,5,1,1,1.0,6,87002,M,0.0,0.0,87
201400003387,14,4,19,1815,1,1,1,1.0,1,87178,M,0.0,0.0,87
201400003388,14,6,20,600,1,1,1,1.0,6,87178,M,0.0,0.0,87
201400003389,14,9,5,2045,2,2,2,1.0,1,87178,M,0.0,0.0,87
201400003390,14,4,4,145,3,1,1,1.0,6,87093,M,0.0,0.0,87
201400003391,14,6,20,1830,1,1,1,1.0,1,87105,M,0.0,0.0,87
201400003392,14,7,19,1500,1,1,1,1.0,6,87040,M,0.0,0.0,87
201400003393,14,11,9,1530,1,2,1,8.0,6,87064,M,0.0,0.0,87
201400003394,14,6,18,1200,1,1,1,1.0,1,87161,M,0.0,0.0,87
201400003395,14,10,3,845,1,2,1,1.0,1,87062,M,0.0,0.0,87
201400003396,14,10,24,2100,3,1,1,1.0,2,87070,M,0.0,0.0,87
201400003397,14,3,26,1700,1,1,1,1.0,1,87187,M,0.0,0.0,87
201400003398,14,4,7,1015,1,1,1,1.0,1,87187,M,0.0,0.0,87
201400003399,14,5,15,1115,1,1,1,1.0,7,87077,M,0.0,0.0,87
201400003400,14,7,13,745,2,1,1,8.0,6,87049,M,0.0,0.0,87
201400003401,14,11,1,1615,1,1,1,1.0,7,87096,M,0.0,0.0,87
201400003402,14,2,2,230,3,1,1,1.0,6,87195,M,0.0,0.0,87
201400003403,14,2,24,1445,1,1,1,1.0,1,87028,M,0.0,0.0,87
201400003404,14,4,27,15,3,1,1,1.0,1,87116,M,0.0,0.0,87
201400003405,14,5,30,30,3,1,1,1.0,1,87116,M,0.0,0.0,87
201400003406,14,6,20,1800,1,1,1,1.0,3,87017,M,0.0,0.0,87
201400003407,14,10,8,1200,1,1,1,1.0,3,87012,M,0.0,0.0,87
201400003408,14,6,12,1700,1,1,1,1.0,1,87014,M,0.0,0.0,87
201400003409,14,8,7,1030,1,1,1,3.0,3,87047,M,0.0,0.0,87
201400003410,14,1,17,900,1,1,1,7.0,7,87160,M,0.0,0.0,87
201400003411,14,5,24,630,2,1,1,1.0,6,87160,M,0.0,0.0,87
201400003412,14,6,20,830,1,1,1,1.0,1,87089,M,0.0,0.0,87
201400003413,14,9,18,1045,1,1,1,2.0,6,87089,M,0.0,0.0,87
201400003414,14,10,25,2000,3,1,1,1.0,6,87160,M,0.0,0.0,87
201400003415,14,11,8,1015,1,1,1,1.0,1,87087,M,0.0,0.0,87
201400003416,14,11,21,515,3,1,2,1.0,3,87041,M,0.0,0.0,87
201400003417,14,1,27,1100,2,1,1,1.0,1,87185,M,0.0,0.0,87
201400003418,14,4,18,1530,1,1,1,1.0,6,87110,M,0.0,0.0,87
201400003419,14,5,20,1230,1,2,1,3.0,5,87126,M,0.0,0.0,87
201400003420,14,6,13,1845,1,1,1,1.0,6,87131,M,0.0,0.0,87
201400003421,14,10,6,900,1,1,1,1.0,1,87126,M,0.0,0.0,87
201400003422,14,10,14,915,1,2,1,1.0,1,87154,M,0.0,0.0,87
201400003423,14,11,7,1630,1,2,1,7.0,6,87154,M,0.0,0.0,87
201400003424,14,8,13,130,3,1,1,1.0,6,87191,M,0.0,0.0,87
201400003425,14,10,28,845,1,1,1,7.0,1,87162,M,0.0,0.0,87
201400003426,14,3,2,1130,1,1,1,1.0,1,19227,M,4527310.0,166561.0,19
201400003427,14,5,3,1130,1,1,1,1.0,6,19038,M,4525100.0,170200.0,19
201400003428,14,6,6,1900,1,2,1,1.0,1,19146,M,4531210.0,177113.0,19
201400003429,14,8,25,945,1,1,2,1.0,3,19207,M,4526860.0,164108.0,19
201400003430,14,10,14,1630,1,1,3,1.0,2,19146,M,4533410.0,175694.0,19
201400003431,14,11,6,2015,3,1,1,1.0,4,19038,M,4523300.0,172225.0,19
201400003432,14,11,9,1730,2,1,1,2.0,2,19041,M,4527920.0,183714.0,19
201400003433,14,2,23,1845,2,1,3,1.0,1,19215,M,4500450.0,204908.0,19
201400003434,14,2,15,2145,5,2,1,1.0,7,19073,M,4539940.0,204922.0,19
201400003435,14,8,4,915,1,1,1,1.0,7,19251,M,4540620.0,193484.0,19
201400003436,14,8,29,745,2,1,1,2.0,7,19110,M,4528940.0,222282.0,19
201400003437,14,9,17,1500,1,1,1,1.0,7,19125,M,4528110.0,204733.0,19
201400003438,14,5,10,1745,1,1,1,2.0,7,19112,M,4552600.0,188800.0,19
201400003439,14,11,3,1730,1,2,1,1.0,1,19036,M,4558260.0,172146.0,19
201400003440,14,1,21,830,1,1,1,5.0,1,19060,M,4548321.0,163620.0,19
201400003441,14,2,10,1645,1,1,1,3.0,6,19037,M,4540180.0,172037.0,19
201400003442,14,5,2,1815,1,2,3,8.0,3,19131,M,4556160.0,165091.0,19
201400003443,14,6,13,2315,3,1,1,1.0,3,19118,M,4546700.0,174317.0,19
201400003444,14,6,25,1545,1,1,1,1.0,1,19269,M,4552320.0,178598.0,19
201400003445,14,7,5,2315,3,1,2,1.0,3,19255,M,4537040.0,172571.0,19
201400003446,14,7,25,1345,1,1,1,1.0,7,19079,M,4550140.0,166720.0,19
201400003447,14,7,26,645,1,1,1,1.0,6,19248,M,4546110.0,150874.0,19
201400003448,14,7,26,1545,1,2,1,1.0,6,19276,M,4542250.0,156326.0,19
201400003449,14,8,30,915,1,1,1,1.0,1,19100,M,4532860.0,160314.0,19
201400003450,14,8,29,1645,1,1,1,1.0,1,19255,M,4537340.0,169517.0,19
201400003451,14,8,30,1215,1,1,1,1.0,3,19248,M,4546390.0,148922.0,19
201400003452,14,11,26,1215,1,1,1,1.0,3,19194,M,4534870.0,169818.0,19
201400003453,14,12,18,1130,1,1,2,2.0,3,19276,M,4551550.0,155820.0,19
201400003454,14,2,19,1545,1,2,1,1.0,3,19229,M,4514727.0,146393.0,19
201400003455,14,2,20,1715,1,1,1,1.0,3,19229,M,4515160.0,145164.0,19
201400003456,14,2,21,1145,1,2,1,1.0,6,19107,M,4512250.0,141490.0,19
201400003457,14,3,25,745,1,1,1,1.0,1,19066,M,4516365.0,130324.0,19
201400003458,14,3,23,445,3,1,1,8.0,6,19123,M,4516000.0,159628.0,19
201400003459,14,5,4,2030,2,1,2,1.0,3,19063,M,4510010.0,158465.0,19
201400003460,14,6,17,1945,1,2,1,1.0,3,19123,M,0.0,0.0,19
201400003461,14,7,11,1330,1,2,1,1.0,5,19229,M,0.0,0.0,19
201400003462,14,7,17,1045,1,1,1,1.0,6,19151,M,4510500.0,150300.0,19
201400003463,14,8,5,1430,1,2,1,1.0,6,19123,M,4516760.0,156083.0,19
201400003464,14,9,9,1100,1,1,1,9.0,5,19043,M,4515150.0,163545.0,19
201400003465,14,9,25,1400,1,2,1,1.0,1,19123,M,0.0,0.0,19
201400003466,14,3,10,1015,1,1,1,1.0,1,19019,M,4498650.0,182400.0,19
201400003467,14,7,12,1915,1,2,1,1.0,6,19057,M,4506100.0,165454.0,19
201400003468,14,10,18,1030,1,2,1,1.0,6,19163,M,4506320.0,173783.0,19
201400003469,14,1,24,945,1,2,1,2.0,2,19278,M,4519610.0,144635.0,19
201400003470,14,3,5,1545,1,1,1,1.0,2,19005,M,4524080.0,146367.0,19
201400003471,14,3,16,1445,1,1,2,1.0,6,19246,M,4522400.0,145093.0,19
201400003472,14,6,21,15,3,1,2,1.0,3,19234,M,4531940.0,157699.0,19
201400003473,14,7,11,1945,1,1,2,1.0,1,19202,M,4520340.0,160001.0,19
201400003474,14,10,18,1545,1,1,3,1.0,3,19274,M,4519780.0,150458.0,19
201400003475,14,11,1,1215,1,1,1,1.0,1,19178,M,4526300.0,154500.0,19
201400003476,14,12,28,900,1,1,1,1.0,6,19246,M,4520440.0,146285.0,19
201400003477,14,3,19,1930,5,2,1,1.0,3,19153,M,4525982.0,140656.0,19
201400003478,14,4,20,730,2,1,1,1.0,7,19288,M,4527700.0,143600.0,19
201400003479,14,4,28,1430,1,2,1,1.0,1,19277,M,4547660.0,229153.0,19
201400003480,14,7,6,2145,3,1,1,5.0,7,19064,M,4568000.0,234348.0,19
201400003481,14,3,9,1445,1,2,1,1.0,6,19028,M,4539410.0,249209.0,19
201400003482,14,3,17,1745,1,1,1,1.0,1,19128,M,4545830.0,240170.0,19
201400003483,14,12,13,545,3,1,1,1.0,6,19247,M,4547090.0,235954.0,19
201400003484,14,4,5,1500,1,1,1,1.0,6,19160,M,4559190.0,195715.0,19
201400003485,14,6,22,1445,1,1,1,1.0,6,19139,M,4564060.0,207279.0,19
201400003486,14,7,18,1815,1,1,2,7.0,3,19160,M,4556880.0,203817.0,19
201400003487,14,11,2,1145,1,1,3,1.0,3,19238,M,4565920.0,226533.0,19
201400003488,14,8,14,1630,1,1,1,1.0,3,23025,M,4634400.0,191200.0,23
201400003489,14,11,1,1545,1,1,1,7.0,6,23112,M,4640100.0,182000.0,23
201400003490,14,1,31,2100,3,1,1,1.0,3,23259,M,4627500.0,235200.0,23
201400003491,14,1,3,100,3,1,1,2.0,6,23143,M,4622300.0,160900.0,23
201400003492,14,5,22,1330,1,1,1,1.0,1,23176,M,4622777.0,150439.0,23
201400003493,14,8,7,1830,1,1,1,1.0,1,23070,M,0.0,0.0,23
201400003494,14,9,1,1745,1,1,1,1.0,2,23192,M,4620700.0,195300.0,23
201400003495,14,9,8,1345,1,1,1,1.0,7,23263,M,4633900.0,169900.0,23
201400003496,14,9,30,900,1,2,9,1.0,1,23176,M,4624900.0,149300.0,23
201400003497,14,12,30,1700,2,1,1,8.0,2,23176,M,4625400.0,148900.0,23
201400003498,14,8,23,2345,3,1,1,1.0,1,23185,M,4612300.0,218200.0,23
201400003499,14,5,21,1845,1,1,1,6.0,7,23073,M,4600000.0,254200.0,23
201400003500,14,5,24,1000,1,1,1,1.0,1,23078,M,4594500.0,179400.0,23
201400003501,14,2,9,1515,1,2,6,1.0,6,31044,M,4359295.0,150552.0,31
201400003502,14,4,17,1300,1,2,1,7.0,1,31184,M,4359238.0,157543.0,31
201400003503,14,4,21,900,1,1,1,1.0,1,31567,M,0.0,0.0,31
201400003504,14,4,28,1630,1,2,1,2.0,1,31501,M,4366356.0,160698.0,31
201400003505,14,6,18,945,1,2,1,1.0,6,31044,M,4360873.0,148891.0,31
201400003506,14,7,13,900,1,2,1,1.0,1,31044,M,4359457.0,149793.0,31
201400003507,14,7,18,1500,1,1,1,7.0,6,31573,M,0.0,0.0,31
201400003508,14,9,23,2100,1,1,1,1.0,1,31163,M,0.0,0.0,31
201400003509,14,10,26,300,3,1,1,1.0,6,31285,M,0.0,0.0,31
201400003510,14,11,7,1200,1,1,1,2.0,1,31271,M,4357459.0,166264.0,31
201400003511,14,12,12,700,3,1,6,5.0,6,31573,M,0.0,0.0,31
201400003512,14,5,14,1045,1,1,1,8.0,2,31048,M,0.0,0.0,31
201400003513,14,6,3,2345,5,2,1,1.0,6,31057,M,4351092.0,156666.0,31
201400003514,14,8,8,1515,1,1,1,1.0,3,31057,M,0.0,0.0,31
201400003515,14,11,6,130,3,1,1,2.0,7,31249,M,0.0,0.0,31
201400003516,14,12,23,2215,5,2,1,1.0,1,31113,M,4351172.0,150709.0,31
201400003517,14,1,1,1430,1,1,1,1.0,1,31584,M,4387050.0,146607.0,31
201400003518,14,1,7,715,2,1,1,1.0,6,31211,M,0.0,0.0,31
201400003519,14,3,21,1900,2,1,1,1.0,5,31584,M,0.0,0.0,31
201400003520,14,4,6,1100,1,1,1,1.0,5,31202,M,0.0,0.0,31
201400003521,14,9,23,2115,3,1,1,1.0,5,31211,M,4375387.0,145214.0,31
201400003522,14,12,14,2200,3,1,1,1.0,5,31587,M,4379499.0,145227.0,31
201400003523,14,12,23,730,3,1,1,5.0,6,31118,M,0.0,0.0,31
201400003524,14,1,11,1,3,1,1,1.0,6,31160,M,0.0,0.0,31
201400003525,14,3,11,1615,1,1,1,1.0,1,31232,M,4376464.0,128949.0,31
201400003526,14,4,8,715,1,1,1,1.0,4,31232,M,0.0,0.0,31
201400003527,14,4,24,1400,1,2,1,1.0,6,31356,M,4369162.0,123113.0,31
201400003528,14,5,9,1630,1,2,1,1.0,3,31232,M,4376095.0,130001.0,31
201400003529,14,6,10,945,1,1,1,1.0,1,31232,M,0.0,0.0,31
201400003530,14,6,18,1945,1,2,1,7.0,1,31553,M,0.0,0.0,31
201400003531,14,12,11,1730,3,1,1,2.0,3,31356,M,4368614.0,124501.0,31
201400003532,14,1,17,1615,1,2,1,1.0,3,31291,M,4360030.0,123719.0,31
201400003533,14,4,11,1600,1,1,3,1.0,3,31438,M,4363814.0,115371.0,31
201400003534,14,5,22,1730,1,2,6,1.0,3,31297,M,4366883.0,119021.0,31
201400003535,14,5,24,1145,1,1,1,1.0,1,31291,M,0.0,0.0,31
201400003536,14,6,12,830,1,1,1,1.0,7,31417,M,4362845.0,124553.0,31
201400003537,14,9,18,1615,1,1,1,1.0,2,31417,M,4363340.0,123392.0,31
201400003538,14,12,8,815,2,2,1,2.0,6,31291,M,4359955.0,123514.0,31
201400003539,14,12,20,1330,1,2,1,1.0,3,31433,M,0.0,0.0,31
201400003540,14,1,17,1915,5,2,6,1.0,3,31458,M,4351438.0,137432.0,31
201400003541,14,2,1,1930,5,2,1,3.0,6,31433,M,4354400.0,140200.0,31
201400003542,14,3,12,2130,3,1,1,1.0,7,31420,M,4351300.0,138400.0,31
201400003543,14,6,14,1945,1,2,6,1.0,3,31433,M,4353313.0,139839.0,31