Num_Acc,an,mois,jour,hrmn,lum,agg,int,atm,col,com,gps,lat,long,dep
201400003544,14,6,16,1545,1,2,1,1.0,6,31433,M,0.0,0.0,31
201400003545,14,7,22,1145,1,1,3,7.0,3,31433,M,0.0,0.0,31
201400003546,14,5,27,945,1,2,1,1.0,1,31446,M,4353444.0,147410.0,31
201400003547,14,9,19,1715,1,2,3,1.0,3,31446,M,4354219.0,147805.0,31
201400003548,14,10,16,1515,1,2,1,1.0,6,31446,M,0.0,0.0,31
201400003549,14,1,9,1830,5,1,1,1.0,6,31490,M,4374655.0,136748.0,31
201400003550,14,2,19,1230,1,2,2,1.0,3,31205,M,4369805.0,137370.0,31
201400003551,14,4,15,1545,1,1,1,1.0,3,31490,M,4375334.0,136395.0,31
201400003552,14,4,15,1645,1,2,1,1.0,1,31490,M,4375431.0,136637.0,31
201400003553,14,6,10,2215,5,2,1,1.0,6,31091,M,4372851.0,142224.0,31
201400003554,14,9,21,815,1,2,1,1.0,7,31091,M,4372939.0,140219.0,31
201400003555,14,9,27,945,1,2,1,1.0,6,31490,M,4374297.0,135304.0,31
201400003556,14,10,26,1945,5,2,1,1.0,5,31182,M,0.0,0.0,31
201400003557,14,1,31,745,1,2,1,1.0,3,31561,M,4365719.0,148017.0,31
201400003558,14,3,17,1215,1,2,1,1.0,3,31488,M,4366655.0,150747.0,31
201400003559,14,3,31,1845,1,2,1,1.0,6,31488,M,4366637.0,150717.0,31
201400003560,14,4,15,845,1,2,6,1.0,7,31561,M,4366271.0,147957.0,31
201400003561,14,5,16,2300,3,1,1,1.0,6,31094,M,0.0,0.0,31
201400003562,14,6,27,1100,1,2,9,1.0,6,31488,M,4366115.0,151305.0,31
201400003563,14,7,15,1500,1,1,1,1.0,1,31117,M,4370790.0,153094.0,31
201400003564,14,10,30,2130,3,1,1,1.0,1,31094,M,0.0,0.0,31
201400003565,14,12,17,1715,2,2,1,2.0,6,31117,M,4367691.0,153183.0,31
201400003566,14,1,3,1800,5,2,1,2.0,6,31395,M,0.0,0.0,31
201400003567,14,1,31,1430,1,2,1,1.0,6,31395,M,4346600.0,132600.0,31
201400003568,14,2,9,800,1,1,1,1.0,1,31395,M,0.0,0.0,31
201400003569,14,2,6,1715,1,2,1,7.0,6,31248,M,4345153.0,140805.0,31
201400003570,14,4,17,1845,1,1,1,1.0,3,31395,M,0.0,0.0,31
201400003571,14,5,5,1845,1,1,1,1.0,1,31395,M,0.0,0.0,31
201400003572,14,7,26,1130,1,1,1,1.0,1,31165,M,0.0,0.0,31
201400003573,14,8,28,545,5,1,1,1.0,1,31395,M,4348200.0,131900.0,31
201400003574,14,10,4,1615,1,1,1,1.0,6,31165,M,4344800.0,137500.0,31
201400003575,14,10,23,1045,1,2,1,7.0,6,31421,M,4347934.0,139884.0,31
201400003576,14,10,26,1800,2,2,1,1.0,1,31395,M,4346259.0,131507.0,31
201400003577,14,11,12,1815,2,2,1,1.0,6,31395,M,4346200.0,133400.0,31
201400003578,14,11,19,1630,1,1,1,7.0,6,31395,M,4341190.0,133450.0,31
201400003579,14,11,26,1130,1,2,1,1.0,1,31395,M,4346000.0,132400.0,31
201400003580,14,1,15,1030,1,1,1,1.0,6,31145,M,4333095.0,148892.0,31
201400003581,14,1,29,1015,1,2,1,1.0,6,31033,M,4335431.0,147040.0,31
201400003582,14,2,2,2300,5,2,1,9.0,6,31572,M,4342198.0,144092.0,31
201400003583,14,2,17,1900,5,1,1,1.0,6,31033,M,4335600.0,146180.0,31
201400003584,14,2,23,600,2,1,1,1.0,6,31145,M,0.0,0.0,31
201400003585,14,3,4,1700,1,2,2,3.0,1,31033,M,0.0,0.0,31
201400003586,14,3,13,1645,1,1,1,1.0,1,31345,M,0.0,0.0,31
201400003587,14,3,18,630,2,1,3,1.0,1,31345,M,4336496.0,142054.0,31
201400003588,14,4,14,630,2,1,1,1.0,3,31345,M,0.0,0.0,31
201400003589,14,5,9,1700,1,2,4,1.0,3,31033,M,4335067.0,147854.0,31
201400003590,14,5,12,1030,1,1,1,1.0,7,31354,M,0.0,0.0,31
201400003591,14,5,24,2000,1,2,1,1.0,2,31574,M,4343738.0,141533.0,31
201400003592,14,6,14,230,5,2,1,2.0,7,31574,M,4343125.0,142279.0,31
201400003593,14,6,15,1615,1,1,1,1.0,6,31574,M,4342779.0,141912.0,31
201400003594,14,6,29,2015,1,2,1,1.0,6,31345,M,0.0,0.0,31
201400003595,14,7,8,1630,1,1,3,1.0,3,31345,M,4338445.0,143894.0,31
201400003596,14,7,23,1300,1,1,1,1.0,7,31033,M,0.0,0.0,31
201400003597,14,8,25,1115,1,1,3,7.0,3,31345,M,0.0,0.0,31
201400003598,14,8,31,145,5,2,1,1.0,2,31572,M,4343251.0,144041.0,31
201400003599,14,9,21,515,5,2,1,1.0,6,31033,M,4337154.0,151473.0,31
201400003600,14,9,26,1730,1,1,1,1.0,1,31345,M,4337990.0,141641.0,31
201400003601,14,10,3,1315,1,1,1,1.0,1,31145,M,0.0,0.0,31
201400003602,14,11,7,2030,3,1,1,8.0,3,31145,M,0.0,0.0,31
201400003603,14,11,25,700,2,1,9,1.0,1,31495,M,0.0,0.0,31
201400003604,14,12,23,1515,1,1,6,1.0,2,31396,M,0.0,0.0,31
201400003605,14,12,25,945,1,1,1,1.0,6,31345,M,4336469.0,141033.0,31
201400003606,14,2,27,1545,1,1,1,1.0,5,31361,M,0.0,0.0,31
201400003607,14,3,11,1000,1,1,1,1.0,6,31399,M,0.0,0.0,31
201400003608,14,3,17,830,1,1,1,1.0,7,31365,M,0.0,0.0,31
201400003609,14,3,28,1230,1,1,1,1.0,6,31455,M,4327175.0,119922.0,31
201400003610,14,5,18,2030,1,2,1,1.0,7,31107,M,4330500.0,121600.0,31
201400003611,14,6,15,1830,1,1,1,1.0,7,31365,M,4313500.0,127600.0,31
201400003612,14,6,27,1300,1,1,1,1.0,1,31361,M,4334564.0,132378.0,31
201400003613,14,7,9,900,1,2,7,2.0,6,31375,M,4320900.0,122800.0,31
201400003614,14,7,31,2245,5,1,1,1.0,2,31303,M,4336950.0,123963.0,31
201400003615,14,8,16,245,3,1,1,1.0,7,31375,M,0.0,0.0,31
201400003616,14,9,20,915,1,1,1,1.0,3,31361,M,0.0,0.0,31
201400003617,14,10,3,730,1,1,2,1.0,1,31052,M,0.0,0.0,31
201400003618,14,10,10,1400,1,1,1,8.0,1,31334,M,4337600.0,130200.0,31
201400003619,14,10,26,1030,1,1,1,1.0,6,31361,M,4333557.0,129476.0,31
201400003620,14,10,31,2115,3,1,1,1.0,2,31107,M,0.0,0.0,31
201400003621,14,12,1,1715,2,2,1,2.0,3,31107,M,4330116.0,122481.0,31
201400003622,14,10,24,1015,1,1,1,1.0,6,31193,M,0.0,0.0,31
201400003623,14,1,14,2015,5,2,1,3.0,3,31499,M,4351217.0,118545.0,31
201400003624,14,1,18,1530,3,1,1,1.0,6,31187,M,0.0,0.0,31
201400003625,14,2,4,1545,1,1,1,1.0,1,31424,M,0.0,0.0,31
201400003626,14,2,18,730,1,1,1,1.0,3,31424,M,0.0,0.0,31
201400003627,14,2,27,1645,1,2,1,1.0,6,31499,M,4351300.0,118240.0,31
201400003628,14,3,11,1800,1,2,1,1.0,4,31424,M,0.0,0.0,31
201400003629,14,4,14,1515,1,2,6,1.0,6,31424,M,4358427.0,128903.0,31
201400003630,14,4,15,1715,1,1,2,7.0,3,31188,M,4356923.0,123322.0,31
201400003631,14,4,28,1745,1,2,1,7.0,1,31499,M,4350464.0,119577.0,31
201400003632,14,5,5,1930,1,2,6,1.0,7,31526,M,4357469.0,124440.0,31
201400003633,14,6,6,1700,1,2,1,1.0,2,31424,M,4357000.0,128709.0,31
201400003634,14,7,11,2015,1,2,3,1.0,3,31424,M,4356443.0,131836.0,31
201400003635,14,7,3,830,1,2,9,1.0,7,31424,M,4357177.0,131235.0,31
201400003636,14,8,28,630,2,2,1,1.0,1,31424,M,0.0,0.0,31
201400003637,14,10,1,715,2,1,1,1.0,7,31188,M,0.0,0.0,31
201400003638,14,10,5,1330,1,1,1,1.0,1,31187,M,0.0,0.0,31
201400003639,14,11,18,1800,5,2,1,9.0,7,31424,M,0.0,0.0,31
201400003640,14,12,1,800,2,1,1,1.0,1,31187,M,0.0,0.0,31
201400003641,14,1,25,2230,5,2,1,1.0,6,31535,M,4303388.0,66697.0,31
201400003642,14,2,6,2000,3,1,1,8.0,6,31302,M,4317286.0,65105.0,31
201400003643,14,2,26,1845,2,1,2,1.0,3,31076,M,0.0,0.0,31
201400003644,14,3,24,1430,1,1,1,1.0,3,31405,M,4296730.0,64706.0,31
201400003645,14,4,6,245,3,1,1,1.0,6,31542,M,4305684.0,59135.0,31
201400003646,14,5,10,1415,1,1,1,7.0,6,31344,M,0.0,0.0,31
201400003647,14,6,20,1930,1,1,1,1.0,3,31430,M,0.0,0.0,31
201400003648,14,8,14,200,5,2,1,1.0,6,31390,M,4308499.0,56799.0,31
201400003649,14,10,16,2015,5,1,1,1.0,3,31537,M,0.0,0.0,31
201400003650,14,11,10,1615,1,1,6,7.0,3,31246,M,0.0,0.0,31
201400003651,14,12,7,2315,3,1,1,1.0,6,31247,M,0.0,0.0,31
201400003652,14,12,13,1715,1,1,1,8.0,1,31585,M,0.0,0.0,31
201400003653,14,3,6,1015,1,1,1,1.0,6,31235,M,0.0,0.0,31
201400003654,14,4,25,1930,2,2,1,1.0,6,31042,M,4280051.0,59637.0,31
201400003655,14,6,16,1330,1,1,1,1.0,6,31500,M,4276959.0,60801.0,31
201400003656,14,7,14,430,3,1,1,2.0,6,31559,M,0.0,0.0,31
201400003657,14,7,13,1545,1,1,1,1.0,3,31042,M,0.0,0.0,31
201400003658,14,8,15,945,1,1,1,1.0,2,31176,M,4294290.0,64425.0,31
201400003659,14,10,15,1400,1,1,1,1.0,1,31470,M,0.0,0.0,31
201400003660,14,11,10,1045,1,1,1,1.0,6,31500,M,0.0,0.0,31
201400003661,14,12,9,145,5,1,1,4.0,6,31470,M,0.0,0.0,31
201400003662,14,1,24,1815,3,2,1,3.0,6,31023,M,0.0,0.0,31
201400003663,14,1,30,930,1,1,2,8.0,3,31468,M,0.0,0.0,31
201400003664,14,2,14,915,1,1,1,1.0,1,31080,M,0.0,0.0,31
201400003665,14,5,18,1700,1,2,1,1.0,6,31239,M,0.0,0.0,31
201400003666,14,7,18,1415,1,1,1,1.0,6,31482,M,0.0,0.0,31
201400003667,14,10,2,1730,1,1,1,1.0,7,31028,M,4322423.0,86191.0,31
201400003668,14,10,5,545,3,1,1,1.0,6,31152,M,0.0,0.0,31
201400003669,14,10,10,1745,1,1,1,8.0,6,31347,M,0.0,0.0,31
201400003670,14,10,28,1700,1,2,1,1.0,6,31278,M,0.0,0.0,31
201400003671,14,11,18,1745,2,1,1,1.0,6,31008,M,4335605.0,81421.0,31
201400003672,14,12,24,930,1,1,1,1.0,3,31028,M,0.0,0.0,31
201400003673,14,7,4,1730,1,2,1,1.0,1,31042,M,4279235.0,59172.0,31
201400003674,14,4,9,1300,1,1,1,1.0,7,31523,M,4309100.0,96900.0,31
201400003675,14,8,3,945,1,2,3,1.0,5,31315,M,4307937.0,95496.0,31
201400003676,14,9,21,615,3,1,1,1.0,6,31348,M,0.0,0.0,31
201400003677,14,11,23,45,3,1,1,1.0,6,31544,M,0.0,0.0,31
201400003678,14,5,30,1045,1,2,1,1.0,6,31582,M,4339837.0,171743.0,31
201400003679,14,5,31,745,1,2,1,2.0,1,31137,M,0.0,0.0,31
201400003680,14,6,19,915,1,1,1,1.0,6,31210,M,4338370.0,170364.0,31
201400003681,14,6,20,1515,1,1,1,1.0,6,31534,M,4359237.0,171471.0,31
201400003682,14,7,16,2000,1,2,3,7.0,1,31037,M,4336792.0,177944.0,31
201400003683,14,7,19,815,1,1,1,1.0,6,31331,M,4352385.0,168648.0,31
201400003684,14,11,10,1730,1,2,1,1.0,3,31582,M,4339941.0,171754.0,31
201400003685,14,11,13,1500,1,1,1,1.0,3,31571,M,0.0,0.0,31
201400003686,14,12,6,1800,3,1,1,3.0,6,31368,M,0.0,0.0,31
201400003687,14,12,8,1015,1,1,3,1.0,3,31026,M,4352259.0,181648.0,31
201400003688,14,4,10,1430,1,1,1,1.0,3,31048,M,4344734.0,163536.0,31
201400003689,14,6,1,630,2,2,1,1.0,6,31227,M,0.0,0.0,31
201400003690,14,7,6,2215,3,1,6,1.0,6,31381,M,0.0,0.0,31
201400003691,14,9,13,1700,1,1,1,1.0,7,31192,M,4351041.0,161890.0,31
201400003692,14,9,30,2115,3,1,1,1.0,6,31384,M,4349600.0,156500.0,31
201400003693,14,1,25,1915,5,2,1,2.0,3,31451,M,4345934.0,200562.0,31
201400003694,14,2,28,1115,1,1,1,1.0,1,31451,M,0.0,0.0,31
201400003695,14,3,23,1800,1,1,1,7.0,1,31329,M,0.0,0.0,31
201400003696,14,6,3,1730,1,1,1,1.0,2,31451,M,4348495.0,202796.0,31
201400003697,14,7,3,1945,1,1,1,1.0,6,31478,M,0.0,0.0,31
201400003698,14,12,14,2315,3,1,1,1.0,1,31478,M,0.0,0.0,31
201400003699,14,9,7,645,2,1,1,1.0,6,09071,M,4300850.0,149947.0,09
201400003700,14,6,15,915,1,1,1,1.0,1,09203,M,4300713.0,146756.0,09
201400003701,14,1,18,845,3,1,1,1.0,7,09142,M,4295012.0,178486.0,09
201400003702,14,3,8,1800,1,1,1,1.0,6,09206,M,4288145.0,180152.0,09
201400003703,14,5,20,1815,5,2,1,1.0,6,09160,M,4293016.0,184466.0,09
201400003704,14,7,24,1645,1,2,1,1.0,3,09160,M,4292964.0,184394.0,09
201400003705,14,8,20,1200,1,2,1,1.0,6,09160,M,4293967.0,185399.0,09
201400003706,14,9,2,745,1,2,6,1.0,3,09160,M,4293274.0,184870.0,09
201400003707,14,9,1,1630,1,1,3,1.0,3,09166,M,4293273.0,172468.0,09
201400003708,14,11,16,1600,1,1,1,1.0,6,09047,M,4291071.0,194664.0,09
201400003709,14,12,5,1500,1,1,1,1.0,6,09047,M,4291074.0,194735.0,09
201400003710,14,12,10,1415,1,2,1,1.0,6,09160,M,4292679.0,184330.0,09
201400003711,14,12,26,2245,3,1,1,1.0,6,09249,M,4291867.0,178729.0,09
201400003712,14,4,24,1730,1,1,1,1.0,6,09188,M,4288416.0,162134.0,09
201400003713,14,5,10,1400,1,2,1,1.0,6,09221,M,4282654.0,161669.0,09
201400003714,14,5,14,1615,1,1,1,1.0,6,09077,M,4280298.0,158968.0,09
201400003715,14,8,9,630,2,1,1,1.0,1,09221,M,4281848.0,162350.0,09
201400003716,14,8,20,1815,1,1,1,1.0,1,09306,M,4282991.0,161149.0,09
201400003717,14,8,24,2300,5,2,1,1.0,1,09334,M,4276991.0,149007.0,09
201400003718,14,11,8,845,1,2,1,1.0,6,09015,M,4287079.0,159995.0,09
201400003719,14,11,15,1600,1,1,1,1.0,3,09058,M,4286402.0,160725.0,09
201400003720,14,5,10,1100,1,2,1,1.0,3,09104,M,4303771.0,163689.0,09
201400003721,14,5,15,1715,1,1,1,1.0,3,09060,M,4317317.0,160460.0,09
201400003722,14,6,28,1600,1,1,1,1.0,1,09312,M,4309249.0,168155.0,09
201400003723,14,9,5,1545,1,2,1,1.0,4,09312,M,4310218.0,163923.0,09
201400003724,14,9,7,1315,1,1,1,1.0,1,09276,M,4309865.0,155464.0,09
201400003725,14,10,30,1545,1,1,1,1.0,7,09245,M,4305450.0,158571.0,09
201400003726,14,12,30,1215,1,1,1,1.0,3,09312,M,4309765.0,165403.0,09
201400003727,14,8,30,1700,1,1,1,1.0,2,09277,M,4325961.0,135750.0,09
201400003728,14,8,31,2000,3,1,1,1.0,7,09167,M,4327272.0,130491.0,09
201400003729,14,5,27,1945,1,1,1,1.0,1,09161,M,4298873.0,190062.0,09
201400003730,14,9,4,815,1,2,1,1.0,3,09314,M,4306220.0,180457.0,09
201400003731,14,10,12,430,3,1,1,1.0,7,09194,M,4309829.0,189956.0,09
201400003732,14,1,12,1215,1,2,1,1.0,6,09282,M,4324000.0,156978.0,09
201400003733,14,1,12,2100,1,1,1,1.0,6,09282,M,4322169.0,170751.0,09
201400003734,14,2,2,2030,5,1,9,1.0,6,09076,M,4325600.0,153959.0,09
201400003735,14,5,1,1530,1,2,8,1.0,3,09282,M,4323882.0,157308.0,09
201400003736,14,5,14,1145,1,1,1,1.0,3,09331,M,4317933.0,160752.0,09
201400003737,14,9,30,630,3,1,1,1.0,1,09076,M,4327191.0,155047.0,09
201400003738,14,1,1,1645,1,1,1,1.0,7,09209,M,4299568.0,115601.0,09
201400003739,14,8,11,1445,1,2,1,8.0,7,09164,M,4300042.0,123414.0,09
201400003740,14,9,11,800,1,2,1,1.0,6,09261,M,4299453.0,113664.0,09
201400003741,14,2,9,2000,5,1,1,1.0,1,09214,M,4295675.0,108430.0,09
201400003742,14,9,29,1800,1,1,1,2.0,6,09261,M,4298003.0,114720.0,09
201400003743,14,10,10,1200,1,1,1,8.0,1,09261,M,4299020.0,115281.0,09
201400003744,14,10,29,1415,1,2,1,7.0,3,09289,M,4300677.0,112392.0,09
201400003745,14,12,16,1815,5,2,1,3.0,6,09261,M,4298235.0,114344.0,09
201400003746,14,12,29,1530,1,1,1,1.0,7,09164,M,4299360.0,121412.0,09
201400003747,14,6,20,1215,1,1,1,1.0,6,09005,M,4291137.0,125326.0,09
201400003748,14,8,9,1500,1,1,1,1.0,6,09322,M,4280663.0,126233.0,09
201400003749,14,8,17,315,1,2,1,1.0,6,09029,M,4279091.0,133741.0,09
201400003750,14,11,22,1330,1,1,1,1.0,6,09057,M,4289092.0,131252.0,09
201400003751,14,3,6,830,2,2,1,7.0,6,09235,M,4303146.0,102212.0,09
201400003752,14,6,3,2145,3,1,1,1.0,1,09235,M,4303325.0,103677.0,09
201400003753,14,11,21,1445,1,2,7,1.0,6,09235,M,4303140.0,102102.0,09
201400003754,14,10,25,1456,1,1,1,2.0,1,02168,M,,,02
201400003755,14,1,23,755,5,2,1,5.0,6,02168,M,4905615.0,339502.0,02
201400003756,14,4,12,1815,1,2,1,1.0,6,02168,M,4905028.0,338917.0,02
201400003757,14,7,10,940,1,2,1,2.0,7,02168,M,4904289.0,339294.0,02
201400003758,14,7,25,1730,1,2,9,1.0,6,02168,M,4904337.0,339646.0,02
201400003759,14,8,16,1350,1,2,2,1.0,2,02168,M,,,02
201400003760,14,6,30,1430,1,1,1,1.0,2,12185,M,4427710.0,272363.0,12
201400003761,14,11,17,745,1,1,1,2.0,3,12096,M,0.0,0.0,12
201400003762,14,1,20,745,2,2,1,2.0,6,12056,M,4428510.0,248008.0,12
201400003763,14,1,29,810,2,1,1,4.0,5,12133,M,4429380.0,252012.0,12
201400003764,14,2,23,1320,1,2,1,1.0,3,12133,M,4429800.0,255747.0,12
201400003765,14,3,6,1715,1,1,1,1.0,4,12133,M,4430330.0,255695.0,12
201400003766,14,6,22,920,1,1,1,1.0,3,12056,M,4428530.0,248128.0,12
201400003767,14,7,12,2030,1,1,1,1.0,6,12162,M,4431100.0,244300.0,12
201400003768,14,8,23,1400,3,1,1,1.0,6,12113,M,4427000.0,238500.0,12
201400003769,14,2,2,1650,1,1,1,1.0,6,12046,M,4420050.0,240281.0,12
201400003770,14,2,4,6,3,1,1,2.0,1,12194,M,4424860.0,240972.0,12
201400003771,14,4,4,1115,1,1,1,2.0,7,12057,M,0.0,0.0,12
201400003772,14,4,8,1115,1,1,1,2.0,7,12234,M,4421860.0,254423.0,12
201400003773,14,6,21,600,2,1,1,1.0,7,12194,M,4421800.0,240840.0,12
201400003774,14,7,11,1515,1,1,1,1.0,1,12073,M,0.0,0.0,12
201400003775,14,9,13,2030,2,1,1,1.0,7,12234,M,0.0,0.0,12
201400003776,14,11,21,1000,1,2,1,1.0,6,12057,M,0.0,0.0,12
201400003777,14,1,7,1345,1,1,1,1.0,6,12171,M,4452680.0,241258.0,12
201400003778,14,1,18,1440,1,1,1,1.0,3,12138,M,4448060.0,245116.0,12
201400003779,14,4,6,310,3,1,1,1.0,7,12254,M,4444390.0,257994.0,12
201400003780,14,8,1,1245,1,1,1,1.0,3,12142,M,4440400.0,236500.0,12
201400003781,14,10,16,730,3,1,1,2.0,7,12016,M,0.0,0.0,12
201400003782,14,9,24,715,5,2,1,8.0,6,12215,M,4447400.0,241200.0,12
201400003783,14,2,21,1519,1,1,1,2.0,7,12101,M,4460540.0,224251.0,12
201400003784,14,8,30,1700,1,2,1,1.0,7,12121,M,0.0,0.0,12
201400003785,14,5,9,1450,1,1,1,1.0,2,12131,M,4438970.0,267483.0,12
201400003786,14,5,21,1450,1,2,1,6.0,7,12033,M,4447230.0,273007.0,12
201400003787,14,6,15,1145,1,1,1,1.0,5,12131,M,4438030.0,265487.0,12
201400003788,14,6,20,1845,1,1,1,1.0,1,12172,M,4458300.0,263367.0,12
201400003789,14,10,23,1600,1,1,1,1.0,5,12049,M,0.0,0.0,12
201400003790,14,12,31,1130,1,2,1,1.0,6,12096,M,4452000.0,275800.0,12
201400003791,14,5,29,1720,1,1,1,1.0,6,12005,M,4476160.0,284193.0,12
201400003792,14,8,13,1445,1,1,1,1.0,6,12088,M,0.0,0.0,12
201400003793,14,5,10,645,2,1,1,1.0,6,12116,M,4471300.0,274000.0,12
201400003794,14,9,14,1615,1,1,1,1.0,6,12036,M,4486600.0,271600.0,12
201400003795,14,6,5,855,1,1,9,1.0,1,12219,M,4447880.0,292260.0,12
201400003796,14,7,16,1400,2,1,1,1.0,6,12219,M,0.0,0.0,12
201400003797,14,8,13,1900,1,1,1,1.0,6,12061,M,0.0,0.0,12
201400003798,14,10,24,1530,1,1,1,1.0,6,12182,M,0.0,0.0,12
201400003799,14,1,22,1004,1,1,2,1.0,3,12002,M,4416430.0,308589.0,12
201400003800,14,6,10,1300,1,1,1,1.0,6,12178,M,4414190.0,310781.0,12
201400003801,14,6,14,1435,1,1,1,1.0,2,12200,M,4418970.0,315293.0,12
201400003802,14,7,26,930,1,1,1,1.0,7,12082,M,4395200.0,327500.0,12
201400003803,14,7,29,1615,1,1,1,1.0,1,12063,M,0.0,0.0,12
201400003804,14,8,3,1630,1,1,1,1.0,6,12002,M,4414000.0,310000.0,12
201400003805,14,8,21,1730,1,2,8,1.0,5,12002,M,4415700.0,309900.0,12
201400003806,14,9,16,1530,1,2,1,1.0,4,12204,M,0.0,0.0,12
201400003807,14,10,19,1115,1,1,1,1.0,7,12002,M,0.0,0.0,12
201400003808,14,3,23,2035,5,2,1,4.0,6,12299,M,4408830.0,270516.0,12
201400003809,14,5,14,930,1,1,1,1.0,6,12213,M,4416040.0,300571.0,12
201400003810,14,5,23,745,1,1,1,1.0,1,12238,M,4423980.0,296549.0,12
201400003811,14,8,28,1300,1,1,2,1.0,3,12291,M,0.0,0.0,12
201400003812,14,8,30,1045,1,1,1,1.0,7,12062,M,0.0,0.0,12
201400003813,14,11,22,1515,1,1,1,5.0,6,12153,M,0.0,0.0,12
201400003814,14,11,28,1730,3,2,1,3.0,6,12307,M,0.0,0.0,12
201400003815,14,6,7,1210,1,1,1,1.0,6,12270,M,4433720.0,306623.0,12
201400003816,14,3,20,1344,1,1,1,1.0,6,12243,M,4401270.0,293545.0,12
201400003817,14,6,7,945,1,1,3,1.0,1,12037,M,4405630.0,270335.0,12
201400003818,14,7,7,15,3,1,1,2.0,3,12286,M,4393700.0,283000.0,12
201400003819,14,8,13,1015,1,2,1,1.0,6,12208,M,4396200.0,288000.0,12
201400003820,14,9,14,530,4,2,1,1.0,6,12208,M,4395600.0,289600.0,12
201400003821,14,11,2,430,3,1,1,5.0,6,12203,M,4396200.0,295900.0,12
201400003822,14,11,30,445,3,1,1,8.0,7,12037,M,4401200.0,270100.0,12
201400003823,14,1,14,745,2,2,1,2.0,6,12300,M,4435150.0,203453.0,12
201400003824,14,3,27,1315,1,1,1,1.0,7,12136,M,4437660.0,211383.0,12
201400003825,14,4,15,1445,1,1,1,1.0,2,12263,M,4434650.0,195900.0,12
201400003826,14,5,9,1720,1,2,9,1.0,6,12300,M,4436050.0,199663.0,12
201400003827,14,6,14,1045,1,1,1,1.0,1,12300,M,4432060.0,202779.0,12
201400003828,14,6,20,1600,1,1,1,1.0,6,12287,M,4432490.0,190391.0,12
201400003829,14,7,2,1415,1,2,1,1.0,4,12300,M,0.0,0.0,12
201400003830,14,7,27,1145,1,1,1,1.0,1,12136,M,0.0,0.0,12
201400003831,14,8,26,1200,1,1,1,2.0,6,12300,M,0.0,0.0,12
201400003832,14,9,11,1715,1,1,2,1.0,3,12136,M,0.0,0.0,12
201400003833,14,9,26,1715,1,1,1,1.0,7,12300,M,0.0,0.0,12
201400003834,14,10,20,1430,1,1,1,1.0,1,12140,M,0.0,0.0,12
201400003835,14,11,22,1230,1,2,1,1.0,1,12300,M,0.0,0.0,12
201400003836,14,4,13,1700,1,1,2,1.0,3,12104,M,4451340.0,202874.0,12
201400003837,14,7,4,900,1,2,1,2.0,2,12301,M,0.0,0.0,12
201400003838,14,7,6,1700,1,1,2,8.0,3,12257,M,4453000.0,205600.0,12
201400003839,14,9,8,1730,1,2,1,2.0,1,12257,M,4454400.0,202800.0,12
201400003840,14,10,18,1600,1,2,2,1.0,3,12052,M,0.0,0.0,12
201400003841,14,10,30,1500,1,2,1,1.0,1,12257,M,4454400.0,202800.0,12
201400003842,14,10,30,1945,3,1,1,1.0,3,12105,M,4423600.0,201900.0,12
201400003843,14,11,21,2000,3,1,1,1.0,1,12198,M,4432900.0,220600.0,12
201400003844,14,4,7,1815,1,1,1,1.0,6,32279,M,4369960.0,65894.0,32
201400003845,14,6,15,2000,1,1,1,1.0,1,32200,M,4358360.0,54141.0,32
201400003846,14,7,31,1600,1,1,1,1.0,2,32060,M,4356590.0,61094.0,32
201400003847,14,10,5,445,3,1,1,1.0,6,32307,M,4359920.0,61476.0,32
201400003848,14,1,7,1915,3,1,1,1.0,1,32249,M,4370620.0,85183.0,32
201400003849,14,3,21,830,1,2,1,1.0,5,32249,M,4372970.0,87934.0,32
201400003850,14,4,15,2130,3,1,3,1.0,3,32436,M,4378030.0,88824.0,32
201400003851,14,4,18,1600,1,1,1,1.0,6,32376,M,4376130.0,77976.0,32
201400003852,14,5,4,1315,1,1,6,1.0,6,32012,M,4363770.0,82190.0,32
201400003853,14,5,28,1730,1,1,8,2.0,6,32012,M,0.0,0.0,32
201400003854,14,7,6,2130,2,1,1,1.0,6,32123,M,4362530.0,92506.0,32
201400003855,14,8,6,1745,1,2,1,1.0,1,32436,M,4381100.0,90199.0,32
201400003856,14,8,28,1045,1,2,2,1.0,3,32147,M,4362620.0,87480.0,32
201400003857,14,9,10,645,2,1,1,1.0,6,32147,M,0.0,0.0,32
201400003858,14,9,6,2245,5,2,1,1.0,6,32147,M,4362960.0,87003.0,32
201400003859,14,9,30,1045,1,2,1,8.0,6,32147,M,4362800.0,87627.0,32
201400003860,14,1,28,800,1,1,2,1.0,3,32268,M,4360710.0,98567.0,32
201400003861,14,1,31,1800,5,2,4,1.0,1,32425,M,4363040.0,113101.0,32
201400003862,14,3,2,745,1,1,1,1.0,5,32016,M,4358270.0,104658.0,32
201400003863,14,5,13,745,1,1,1,1.0,6,32016,M,4354080.0,109674.0,32
201400003864,14,9,10,1845,1,1,1,1.0,6,32160,M,4362310.0,110976.0,32
201400003865,14,10,19,1600,2,1,1,1.0,7,32160,M,0.0,0.0,32