Num_Acc,an,mois,jour,hrmn,lum,agg,int,atm,col,com,gps,lat,long,dep
201400003866,14,2,12,1200,1,1,3,1.0,3,32410,M,4349060.0,94260.0,32
201400003867,14,5,14,1800,1,1,3,1.0,2,32322,M,4353250.0,99193.0,32
201400003868,14,10,12,1830,1,1,1,1.0,6,32433,M,0.0,0.0,32
201400003869,14,10,18,1230,1,1,1,1.0,6,32374,M,4348940.0,75247.0,32
201400003870,14,1,14,1830,5,2,1,2.0,6,32462,M,4375560.0,30238.0,32
201400003871,14,1,26,1630,1,2,1,2.0,1,32462,M,4375280.0,31279.0,32
201400003872,14,7,25,1730,1,1,1,8.0,5,32301,M,4371330.0,43435.0,32
201400003873,14,7,27,145,3,1,1,1.0,7,32301,M,4369540.0,45289.0,32
201400003874,14,8,23,1530,1,1,1,1.0,7,32054,M,4372370.0,38523.0,32
201400003875,14,9,18,115,5,2,1,1.0,6,32462,M,4376130.0,30946.0,32
201400003876,14,9,18,1530,1,1,1,1.0,6,32204,M,4375850.0,50549.0,32
201400003877,14,9,29,2015,3,1,1,1.0,6,32301,M,0.0,0.0,32
201400003878,14,10,9,1730,1,1,1,3.0,6,32462,M,4377520.0,30209.0,32
201400003879,14,10,10,1845,2,1,1,2.0,1,32462,M,4374670.0,34202.0,32
201400003880,14,11,12,2200,3,1,1,1.0,1,32043,M,4369390.0,24354.0,32
201400003881,14,12,24,1415,5,2,1,5.0,7,32462,M,0.0,0.0,32
201400003882,14,1,22,1500,1,2,2,2.0,3,32107,M,4395710.0,37638.0,32
201400003883,14,1,30,815,1,1,1,1.0,6,32292,M,4389630.0,29538.0,32
201400003884,14,2,21,1915,3,1,1,1.0,6,32079,M,4395810.0,8927.0,32
201400003885,14,4,22,630,2,2,1,2.0,6,32107,M,0.0,0.0,32
201400003886,14,4,26,415,3,1,1,8.0,6,32203,M,4393420.0,24313.0,32
201400003887,14,6,20,800,1,2,1,7.0,6,32107,M,4395420.0,37095.0,32
201400003888,14,6,21,2200,3,1,1,1.0,6,32197,M,0.0,0.0,32
201400003889,14,7,21,2245,3,1,1,1.0,6,32107,M,0.0,0.0,32
201400003890,14,10,10,1100,1,1,1,2.0,6,32079,M,4391870.0,9222.0,32
201400003891,14,10,15,1230,1,1,1,1.0,6,32404,M,4385450.0,44976.0,32
201400003892,14,11,8,1700,1,2,1,7.0,6,32194,M,4394420.0,31042.0,32
201400003893,14,12,11,1915,3,1,1,2.0,6,32052,M,0.0,0.0,32
201400003894,14,1,6,1415,1,1,1,1.0,7,32119,M,0.0,0.0,32
201400003895,14,1,22,1500,1,1,3,3.0,3,32155,M,4378040.0,-19814.0,32
201400003896,14,1,31,1800,1,2,1,1.0,6,32296,M,4375800.0,-3171.0,32
201400003897,14,2,4,820,1,2,3,1.0,1,32296,M,4375270.0,-2968.0,32
201400003898,14,3,9,945,1,2,4,1.0,6,32296,M,4375900.0,-3304.0,32
201400003899,14,5,24,1445,1,1,1,1.0,6,32119,M,4384900.0,12970.0,32
201400003900,14,6,8,630,1,1,1,1.0,6,32025,M,4386660.0,-4970.0,32
201400003901,14,6,13,1215,1,1,1,1.0,6,32005,M,4375450.0,-9596.0,32
201400003902,14,6,15,1955,1,2,2,1.0,3,32119,M,4385440.0,8919.0,32
201400003903,14,7,16,1600,1,1,1,1.0,1,32087,M,4386050.0,-16804.0,32
201400003904,14,7,27,1730,1,1,1,1.0,1,32191,M,4374710.0,-11333.0,32
201400003905,14,7,26,815,2,1,1,5.0,1,32096,M,4393850.0,-7216.0,32
201400003906,14,8,17,1815,1,1,1,1.0,2,32096,M,4392870.0,-7482.0,32
201400003907,14,8,22,945,1,2,1,1.0,3,32227,M,4380040.0,4416.0,32
201400003908,14,9,6,1600,1,1,1,1.0,6,32264,M,4393340.0,-11811.0,32
201400003909,14,12,15,1800,3,1,1,2.0,6,32338,M,0.0,0.0,32
201400003910,14,12,18,1530,1,1,1,2.0,6,32115,M,4376830.0,15072.0,32
201400003911,14,2,12,1430,1,1,1,1.0,6,32239,M,4393730.0,51942.0,32
201400003912,14,3,9,815,1,2,1,1.0,6,32132,M,0.0,0.0,32
201400003913,14,4,5,1900,1,1,2,7.0,1,32452,M,4386690.0,85298.0,32
201400003914,14,5,4,2030,1,1,1,1.0,6,32442,M,4391220.0,54786.0,32
201400003915,14,10,3,1445,1,1,1,1.0,2,32395,M,4399570.0,67254.0,32
201400003916,14,11,2,1230,1,1,3,1.0,1,32132,M,4385480.0,67766.0,32
201400003917,14,11,1,1545,1,1,2,7.0,3,32391,M,4399960.0,57553.0,32
201400003918,14,12,31,1345,1,2,6,7.0,3,32208,M,0.0,0.0,32
201400003919,14,1,31,1830,2,2,1,8.0,6,32365,M,4334420.0,64849.0,32
201400003920,14,2,10,1730,2,1,3,3.0,5,32302,M,4351980.0,60479.0,32
201400003921,14,4,27,715,1,1,1,2.0,6,32304,M,4339160.0,56720.0,32
201400003922,14,6,30,1000,1,1,1,1.0,7,32361,M,4345320.0,51866.0,32
201400003923,14,9,28,345,3,1,1,1.0,6,32186,M,4349130.0,66253.0,32
201400003924,14,10,10,1615,1,1,1,1.0,5,32256,M,4353370.0,43011.0,32
201400003925,14,11,1,1715,1,2,1,1.0,1,32397,M,0.0,0.0,32
201400003926,14,11,20,1600,1,1,1,1.0,6,32041,M,4342160.0,64107.0,32
201400003927,14,2,25,1800,1,1,1,8.0,6,32152,M,4341720.0,16449.0,32
201400003928,14,8,13,1230,1,1,1,1.0,1,32252,M,4342390.0,29588.0,32
201400003929,14,8,16,1530,1,1,1,1.0,6,32167,M,0.0,0.0,32
201400003930,14,10,9,1015,1,1,3,8.0,6,32167,M,4347010.0,32802.0,32
201400003931,14,11,26,2030,3,1,1,2.0,7,65375,M,0.0,0.0,65
201400003932,14,5,5,345,3,1,1,1.0,7,46323,M,4458959.0,151475.0,46
201400003933,14,7,14,1500,1,1,1,1.0,7,46109,M,4431645.0,151087.0,46
201400003934,14,12,9,1445,1,1,1,1.0,2,46323,M,4458622.0,151567.0,46
201400003935,14,12,22,1645,1,1,1,1.0,7,46323,M,4458088.0,151490.0,46
201400003936,14,4,4,2115,3,1,1,1.0,2,46197,M,0.0,0.0,46
201400003937,14,5,11,330,3,1,1,3.0,7,46091,M,4437003.0,162120.0,46
201400003938,14,5,30,545,2,1,1,1.0,6,46070,M,4438466.0,151342.0,46
201400003939,14,7,23,930,1,1,1,1.0,1,46197,M,0.0,0.0,46
201400003940,14,8,29,845,1,1,1,1.0,1,46137,M,0.0,0.0,46
201400003941,14,9,16,830,1,1,1,1.0,3,46183,M,4428494.0,147350.0,46
201400003942,14,11,18,700,2,1,1,2.0,6,46197,M,4440113.0,144984.0,46
201400003943,14,2,27,2100,3,2,1,1.0,6,46107,M,4444429.0,112116.0,46
201400003944,14,3,12,1645,1,1,1,1.0,6,46301,M,4443486.0,125942.0,46
201400003945,14,5,22,930,1,1,1,1.0,1,46114,M,4458046.0,117382.0,46
201400003946,14,5,23,1200,1,2,1,2.0,1,46225,M,4450396.0,118616.0,46
201400003947,14,7,13,1545,1,2,1,2.0,6,46225,M,4450371.0,118858.0,46
201400003948,14,7,20,1745,1,1,1,2.0,1,46033,M,4439928.0,116851.0,46
201400003949,14,8,2,1800,1,1,1,1.0,1,46032,M,4455140.0,140027.0,46
201400003950,14,8,3,1845,1,1,1,1.0,6,46112,M,4456288.0,147235.0,46
201400003951,14,8,5,1030,1,1,1,1.0,6,46134,M,4455031.0,123700.0,46
201400003952,14,9,5,1900,1,1,1,1.0,1,46305,M,0.0,0.0,46
201400003953,14,9,21,1830,1,1,1,1.0,6,46001,M,4449067.0,122376.0,46
201400003954,14,10,16,645,3,1,1,2.0,5,46088,M,4447582.0,133125.0,46
201400003955,14,10,18,1030,1,1,1,1.0,1,46066,M,4465616.0,122710.0,46
201400003956,14,11,2,1630,1,1,1,1.0,1,46335,M,4440258.0,128536.0,46
201400003957,14,11,20,1015,1,1,1,1.0,3,46107,M,4445301.0,111470.0,46
201400003958,14,12,14,100,5,2,1,1.0,6,46321,M,4449915.0,105885.0,46
201400003959,14,1,17,945,1,2,1,1.0,6,46102,M,4460394.0,203706.0,46
201400003960,14,4,25,1600,1,1,1,2.0,6,46102,M,0.0,0.0,46
201400003961,14,5,19,1230,1,1,1,1.0,6,46055,M,4458012.0,206703.0,46
201400003962,14,7,29,2245,3,1,1,1.0,1,46055,M,4458645.0,208761.0,46
201400003963,14,8,23,1130,1,1,1,8.0,3,46102,M,4459717.0,201076.0,46
201400003964,14,9,17,830,1,1,1,1.0,3,46015,M,4464783.0,214081.0,46
201400003965,14,11,7,1630,1,1,1,1.0,3,46055,M,0.0,0.0,46
201400003966,14,11,14,1900,5,2,1,3.0,6,46102,M,4460545.0,202068.0,46
201400003967,14,11,21,1900,2,1,1,2.0,1,46102,M,4457527.0,213262.0,46
201400003968,14,4,17,1330,1,1,1,1.0,2,46143,M,4473203.0,192491.0,46
201400003969,14,5,17,1230,1,1,1,1.0,5,46132,M,4476109.0,176496.0,46
201400003970,14,6,22,1400,1,1,1,1.0,1,46306,M,4469187.0,184534.0,46
201400003971,14,7,12,1530,1,1,1,1.0,7,46051,M,4462291.0,190712.0,46
201400003972,14,9,21,1100,2,2,1,1.0,6,46045,M,4446827.0,182891.0,46
201400003973,14,10,11,1330,1,2,1,1.0,6,46012,M,0.0,0.0,46
201400003974,14,2,16,1715,2,1,1,2.0,1,46177,M,0.0,0.0,46
201400003975,14,2,22,1900,1,1,1,1.0,6,46177,M,4488286.0,181591.0,46
201400003976,14,2,28,1400,1,1,1,3.0,3,46271,M,4486672.0,185844.0,46
201400003977,14,5,19,1445,1,1,1,1.0,1,46284,M,4489737.0,185859.0,46
201400003978,14,6,1,1815,1,1,1,1.0,1,46281,M,4486031.0,184747.0,46
201400003979,14,7,3,945,1,2,1,1.0,1,46311,M,4487339.0,203663.0,46
201400003980,14,7,16,1630,1,2,1,1.0,6,46011,M,4485357.0,182062.0,46
201400003981,14,7,30,1945,1,2,1,1.0,7,46038,M,4491911.0,184682.0,46
201400003982,14,8,16,930,1,1,1,5.0,1,46311,M,4484843.0,206512.0,46
201400003983,14,9,13,1845,1,1,1,7.0,3,46228,M,4490481.0,185063.0,46
201400003984,14,9,19,2230,3,1,1,1.0,6,46251,M,0.0,0.0,46
201400003985,14,10,29,1330,1,1,1,1.0,6,46311,M,4488331.0,207716.0,46
201400003986,14,11,9,1930,3,1,3,2.0,1,46228,M,4490920.0,182312.0,46
201400003987,14,12,5,1430,1,1,1,1.0,3,46123,M,0.0,0.0,46
201400003988,14,12,9,1600,1,1,2,1.0,3,46311,M,4487639.0,203909.0,46
201400003989,14,1,6,945,1,2,1,1.0,5,46127,M,4473803.0,138709.0,46
201400003990,14,1,22,2030,3,1,1,4.0,6,46047,M,,,46
201400003991,14,1,28,1815,3,1,1,3.0,6,46127,M,4471462.0,132438.0,46
201400003992,14,3,14,1145,1,1,9,1.0,6,46239,M,4487481.0,144413.0,46
201400003993,14,9,7,1345,1,2,6,1.0,3,46127,M,4473579.0,138067.0,46
201400003994,14,9,11,1645,1,2,1,7.0,6,46127,M,4473472.0,137804.0,46
201400003995,14,11,18,945,1,1,1,2.0,6,46178,M,0.0,0.0,46
201400003996,14,7,23,1615,1,1,1,1.0,6,46030,M,0.0,0.0,46
201400003997,14,8,21,945,1,1,1,1.0,1,46240,M,4480440.0,163344.0,46
201400003998,14,10,4,1030,1,2,1,1.0,6,46138,M,0.0,0.0,46
201400003999,14,10,30,1445,1,2,3,1.0,3,46128,M,4478448.0,171953.0,46
201400004000,14,12,17,1845,3,1,1,2.0,1,46138,M,4459636.0,155457.0,46
201400004001,14,1,24,1400,1,1,1,2.0,6,46185,M,4494323.0,159679.0,46
201400004002,14,1,28,1100,1,2,1,2.0,6,46309,M,4494323.0,159679.0,46
201400004003,14,2,5,1130,1,1,1,8.0,1,46309,M,4491038.0,152127.0,46
201400004004,14,3,17,1915,1,2,1,1.0,1,46309,M,4489274.0,147518.0,46
201400004005,14,5,30,1330,1,1,1,1.0,7,46265,M,0.0,0.0,46
201400004006,14,6,1,1645,1,1,1,1.0,7,46185,M,4492550.0,162592.0,46
201400004007,14,6,4,1830,1,1,1,8.0,1,46232,M,0.0,0.0,46
201400004008,14,6,1,1115,1,1,1,1.0,5,46058,M,4492062.0,174391.0,46
201400004009,14,8,30,1545,1,2,1,1.0,6,46153,M,0.0,0.0,46
201400004010,14,8,19,1930,1,2,1,1.0,3,46208,M,4486556.0,162120.0,46
201400004011,14,9,13,1115,1,1,1,1.0,7,46118,M,4498657.0,146898.0,46
201400004012,14,11,14,15,3,1,1,2.0,6,46330,M,4494121.0,170175.0,46
201400004013,14,12,5,1845,3,1,1,8.0,1,46220,M,4486585.0,149857.0,46
201400004014,14,7,15,1830,1,1,1,1.0,1,65017,M,4278651.0,21279.0,65
201400004015,14,2,18,1715,1,2,1,1.0,3,65235,M,4319775.0,3148.0,65
201400004016,14,5,1,2215,5,2,1,2.0,6,65083,M,4317700.0,10100.0,65
201400004017,14,5,23,1800,1,1,1,1.0,1,65340,M,4327018.0,10574.0,65
201400004018,14,5,28,1130,1,1,1,2.0,1,65235,M,4320141.0,3932.0,65
201400004019,14,7,11,215,5,2,1,1.0,6,65313,M,4317436.0,8945.0,65
201400004020,14,7,19,1530,1,1,1,1.0,5,65252,M,4316663.0,-11055.0,65
201400004021,14,10,9,1215,1,1,2,8.0,5,65010,M,4319706.0,15652.0,65
201400004022,14,11,25,1345,1,1,6,1.0,6,65284,M,4318377.0,1156.0,65
201400004023,14,4,8,1615,1,1,1,1.0,6,65148,M,4326201.0,50437.0,65
201400004024,14,10,27,1130,1,1,1,1.0,6,65183,M,4321497.0,40422.0,65
201400004025,14,3,24,1915,1,1,1,2.0,6,65304,M,4347745.0,4229.0,65
201400004026,14,2,14,1830,2,1,2,1.0,6,65375,M,4338524.0,15171.0,65
201400004027,14,11,12,1645,1,2,1,1.0,6,65304,M,4346977.0,2821.0,65
201400004028,14,2,11,800,2,1,1,2.0,6,65020,M,4310018.0,2638.0,65
201400004029,14,4,4,1945,1,2,1,1.0,7,65473,M,4295727.0,-6440.0,65
201400004030,14,12,29,1700,1,1,1,8.0,6,65021,M,4298489.0,-11644.0,65
201400004031,14,5,22,1315,1,1,1,1.0,6,65032,M,0.0,0.0,65
201400004032,14,6,14,1130,1,1,1,1.0,1,65267,M,4299035.0,-9703.0,65
201400004033,14,8,27,1915,1,1,1,1.0,7,65032,M,4296293.0,-23539.0,65
201400004034,14,11,30,1145,1,1,1,1.0,7,65428,M,4297320.0,-15268.0,65
201400004035,14,1,21,1100,1,1,1,1.0,6,65210,M,4289000.0,-5920.0,65
201400004036,14,2,8,1800,5,2,1,3.0,6,65295,M,4286796.0,-993.0,65
201400004037,14,8,27,1430,1,1,1,1.0,1,65463,M,4287849.0,2184.0,65
201400004038,14,1,16,1,5,2,1,1.0,6,65059,M,4306350.0,15285.0,65
201400004039,14,1,29,1415,1,1,1,1.0,3,65320,M,4312619.0,11639.0,65
201400004040,14,8,16,1030,1,2,9,1.0,6,65059,M,4306281.0,15010.0,65
201400004041,14,9,17,1200,1,1,1,1.0,1,65338,M,0.0,0.0,65
201400004042,14,2,7,1345,1,2,1,1.0,3,65258,M,4311533.0,39312.0,65
201400004043,14,3,6,1830,2,2,1,1.0,4,65258,M,4312161.0,38537.0,65
201400004044,14,5,3,400,5,2,1,2.0,6,65363,M,0.0,0.0,65
201400004045,14,6,29,430,3,2,1,8.0,6,65127,M,4311720.0,31520.0,65
201400004046,14,10,7,1800,1,2,3,1.0,2,65287,M,4301882.0,61117.0,65
201400004047,14,10,31,2230,1,1,1,1.0,6,65394,M,0.0,0.0,65
201400004048,14,12,8,1830,3,1,1,3.0,1,65394,M,0.0,0.0,65
201400004049,14,10,30,1700,1,2,8,1.0,3,65482,M,4309949.0,44012.0,65
201400004050,14,1,16,1030,1,2,1,2.0,1,65050,M,4284583.0,40969.0,65
201400004051,14,5,20,615,2,1,1,2.0,6,65099,M,0.0,0.0,65
201400004052,14,5,23,1800,1,1,1,1.0,1,65408,M,4298260.0,37536.0,65
201400004053,14,6,27,1736,1,1,1,1.0,4,81218,M,4388130.0,217134.0,81
201400004054,14,4,19,1830,1,2,1,1.0,5,81048,M,4397720.0,215385.0,81
201400004055,14,8,16,330,3,1,1,1.0,7,81114,M,4403700.0,209300.0,81
201400004056,14,11,1,1650,1,1,1,7.0,6,81319,M,4401060.0,205528.0,81
201400004057,14,11,8,1530,1,1,2,1.0,3,81319,M,4400330.0,203897.0,81
201400004058,14,11,15,1715,2,1,1,8.0,3,81319,M,4399720.0,201441.0,81
201400004059,14,2,25,900,1,2,1,1.0,6,81222,M,4377540.0,218771.0,81
201400004060,14,6,17,1430,1,1,1,1.0,3,81260,M,4377840.0,223256.0,81
201400004061,14,11,12,730,2,2,6,1.0,7,81222,M,4377090.0,218124.0,81
201400004062,14,2,17,1130,1,1,4,1.0,1,81186,M,4407960.0,229339.0,81
201400004063,14,5,21,1000,1,1,1,6.0,1,81013,M,4401030.0,230100.0,81
201400004064,14,2,13,515,3,1,1,1.0,6,81074,M,4391660.0,223898.0,81
201400004065,14,4,19,2015,3,1,1,1.0,6,81203,M,4385930.0,241718.0,81
201400004066,14,7,11,1600,1,1,1,8.0,6,81317,M,4388840.0,233453.0,81
201400004067,14,7,12,2145,2,1,1,2.0,1,81295,M,4384450.0,231440.0,81
201400004068,14,12,19,15,3,1,1,5.0,6,81097,M,4386100.0,223500.0,81
201400004069,14,1,28,800,2,2,1,2.0,6,81238,M,4347770.0,248991.0,81
201400004070,14,2,6,1445,1,2,1,1.0,4,81105,M,4375600.0,199100.0,81
201400004071,14,6,9,2045,1,2,1,1.0,7,81105,M,4376070.0,198861.0,81
201400004072,14,10,28,1000,1,2,1,7.0,3,81105,M,4376900.0,200100.0,81
201400004073,14,12,19,1130,1,1,1,8.0,2,81105,M,4376800.0,204199.0,81
201400004074,14,12,29,815,1,2,1,1.0,6,81105,M,0.0,0.0,81
201400004075,14,7,31,1230,1,1,9,1.0,3,81031,M,0.0,0.0,81
201400004076,14,7,31,1430,1,1,1,1.0,6,81124,M,4371590.0,264996.0,81
201400004077,14,1,19,1430,1,1,6,1.0,6,81140,M,4369190.0,180060.0,81
201400004078,14,3,27,1500,1,1,1,1.0,2,81104,M,4377210.0,176958.0,81
201400004079,14,4,4,1515,1,1,1,2.0,1,81271,M,4377760.0,166819.0,81
201400004080,14,6,23,645,1,1,1,2.0,3,81104,M,4375090.0,179866.0,81
201400004081,14,7,27,1745,1,2,6,1.0,3,81140,M,4371229.0,182140.0,81
201400004082,14,8,16,330,5,2,6,1.0,6,81140,M,4371230.0,182146.0,81
201400004083,14,9,9,1020,1,1,6,1.0,2,81104,M,4374900.0,181851.0,81
201400004084,14,9,22,1700,1,1,1,1.0,3,81104,M,4376850.0,177289.0,81
201400004085,14,9,27,1245,1,2,6,1.0,3,81140,M,4370167.0,182059.0,81
201400004086,14,11,7,345,3,1,1,1.0,6,81271,M,4375470.0,166244.0,81
201400004087,14,11,7,1115,1,1,2,2.0,3,81104,M,4376750.0,177988.0,81
201400004088,14,11,12,1715,1,1,1,1.0,5,81104,M,4374880.0,181379.0,81
201400004089,14,11,17,1645,1,1,1,1.0,1,81140,M,4370820.0,178344.0,81
201400004090,14,11,19,1515,1,1,1,1.0,1,81140,M,4369210.0,181748.0,81
201400004091,14,12,18,1800,5,2,1,2.0,6,81140,M,4370500.0,180400.0,81
201400004092,14,9,27,1430,1,1,1,1.0,6,81221,M,0.0,0.0,81
201400004093,14,10,5,1715,1,1,1,1.0,6,81182,M,4372240.0,239272.0,81
201400004094,14,11,10,1600,1,1,1,7.0,6,81182,M,4374860.0,240078.0,81
201400004095,14,1,23,845,1,1,2,2.0,3,81092,M,4372280.0,192724.0,81
201400004096,14,3,22,1645,1,1,1,2.0,2,81109,M,4364810.0,213500.0,81
201400004097,14,5,23,1245,1,1,1,1.0,7,81040,M,4371700.0,208260.0,81
201400004098,14,6,14,1015,1,1,1,1.0,4,81273,M,4357870.0,214738.0,81
201400004099,14,6,14,1915,1,1,1,1.0,6,81139,M,4372190.0,214347.0,81
201400004100,14,9,27,1645,1,1,1,1.0,6,81250,M,4376100.0,216564.0,81
201400004101,14,12,14,530,3,1,1,1.0,6,81315,M,4362610.0,211566.0,81
201400004102,14,12,18,900,1,1,1,1.0,1,81092,M,0.0,0.0,81
201400004103,14,12,23,2200,5,1,6,5.0,6,81315,M,0.0,0.0,81
201400004104,14,1,9,1515,1,1,2,1.0,1,81093,M,4387960.0,202091.0,81
201400004105,14,2,4,755,2,2,1,1.0,3,81294,M,4386490.0,192220.0,81
201400004106,14,2,16,545,3,1,1,2.0,6,81099,M,4390440.0,186510.0,81
201400004107,14,2,18,1745,1,2,1,1.0,6,81099,M,4389657.0,189867.0,81
201400004108,14,3,25,715,2,1,1,8.0,6,81225,M,4391920.0,196452.0,81
201400004109,14,4,6,315,5,2,6,1.0,7,81099,M,,,81
201400004110,14,4,27,1345,1,1,1,2.0,5,81099,M,4391220.0,183562.0,81
201400004111,14,4,27,2045,3,1,1,1.0,6,81131,M,4390400.0,195874.0,81
201400004112,14,5,19,815,1,2,1,1.0,6,81099,M,4390000.0,189972.0,81
201400004113,14,6,16,2015,1,2,9,1.0,2,81099,M,4390160.0,188983.0,81
201400004114,14,6,18,1645,1,1,1,1.0,5,81117,M,4379240.0,197927.0,81
201400004115,14,7,27,1930,1,2,1,1.0,6,81099,M,4390800.0,190700.0,81
201400004116,14,8,23,1100,1,2,1,1.0,3,81099,M,4390300.0,188700.0,81
201400004117,14,9,27,300,3,1,1,1.0,6,81038,M,4388360.0,192050.0,81
201400004118,14,10,1,1745,1,1,2,1.0,3,81099,M,4393200.0,191300.0,81
201400004119,14,10,23,1015,1,2,6,1.0,3,81099,M,4390200.0,190200.0,81
201400004120,14,10,25,745,2,1,1,1.0,6,81099,M,4389200.0,187200.0,81
201400004121,14,10,30,1920,3,1,2,1.0,3,81225,M,4391980.0,198516.0,81
201400004122,14,11,17,1900,3,1,1,2.0,6,81131,M,4388860.0,197349.0,81
201400004123,14,12,11,2300,3,1,1,5.0,6,81099,M,4388840.0,187317.0,81
201400004124,14,3,1,1845,1,2,1,1.0,1,69089,M,4574000.0,475800.0,69
201400004125,14,2,28,1015,1,2,1,1.0,6,69089,M,0.0,0.0,69
201400004126,14,4,11,2230,5,1,1,1.0,1,69089,M,4575400.0,476000.0,69
201400004127,14,5,20,1430,1,2,1,1.0,6,69069,M,0.0,0.0,69
201400004128,14,7,21,1715,1,2,1,9.0,6,69089,M,4575900.0,477200.0,69
201400004129,14,9,8,730,1,2,1,1.0,6,69069,M,0.0,0.0,69
201400004130,14,10,31,2045,5,2,1,1.0,1,69069,M,0.0,0.0,69
201400004131,14,9,27,1430,1,1,1,1.0,2,02157,M,4935536.0,339386.0,02
201400004132,14,10,11,645,5,2,1,1.0,1,02408,M,4957049.0,360587.0,02
201400004133,14,11,1,1000,1,2,6,1.0,2,02408,M,4957119.0,365505.0,02
201400004134,14,11,20,1900,5,2,3,1.0,6,02157,M,4958859.0,364879.0,02
201400004135,14,12,8,1350,1,2,2,2.0,3,02408,M,4956766.0,359869.0,02
201400004136,14,12,19,815,2,1,3,8.0,3,02408,M,4932410.0,335020.0,02
201400004137,14,1,15,2030,5,2,4,2.0,6,02408,M,4955743.0,362818.0,02
201400004138,14,4,9,16,5,2,1,1.0,6,02408,M,4956182.0,363293.0,02
201400004139,14,1,29,1010,1,2,1,2.0,6,02408,M,4955299.0,360695.0,02
201400004140,14,1,30,1135,1,2,2,1.0,3,02408,M,4956317.0,364061.0,02
201400004141,14,2,8,1,5,2,2,8.0,3,02408,M,4957527.0,363393.0,02
201400004142,14,1,28,2030,3,2,2,8.0,3,02408,M,4957062.0,359531.0,02
201400004143,14,3,24,830,1,2,1,1.0,6,02408,M,4957062.0,359641.0,02
201400004144,14,4,4,1350,1,2,3,1.0,3,02408,M,4957643.0,363255.0,02
201400004145,14,4,9,1415,1,1,1,1.0,2,02408,M,,,02
201400004146,14,5,16,1400,1,1,1,1.0,5,02028,M,,,02
201400004147,14,7,24,1720,1,2,1,3.0,6,02408,M,4955176.0,362003.0,02
201400004148,14,8,29,1225,1,1,1,1.0,1,02408,M,,,02
201400004149,14,9,4,1722,1,2,1,1.0,1,02408,M,4955506.0,360554.0,02
201400004150,14,1,12,1345,1,1,1,1.0,3,81064,M,4396820.0,181376.0,81
201400004151,14,4,23,1515,1,1,2,1.0,3,81080,M,4402269.0,194020.0,81
201400004152,14,7,25,1500,1,1,1,3.0,1,81051,M,4396150.0,190535.0,81
201400004153,14,7,26,1830,1,1,2,1.0,3,81108,M,4404900.0,188400.0,81
201400004154,14,8,9,2315,5,1,1,1.0,6,81051,M,4401700.0,191600.0,81
201400004155,14,9,15,1100,1,1,1,1.0,6,81262,M,4407880.0,201886.0,81
201400004156,14,2,12,1645,1,2,2,1.0,3,81145,M,4385340.0,180450.0,81
201400004157,14,3,25,500,3,1,3,1.0,6,81178,M,4391860.0,159620.0,81
201400004158,14,4,19,1200,1,1,1,1.0,7,81220,M,4384150.0,176239.0,81
201400004159,14,5,25,2130,3,1,1,3.0,6,81070,M,4381870.0,174284.0,81
201400004160,14,7,20,405,3,1,1,2.0,6,81220,M,4383840.0,175623.0,81
201400004161,14,7,31,1715,1,1,1,1.0,3,81220,M,4380930.0,170699.0,81
201400004162,14,11,5,1430,1,2,1,7.0,6,81220,M,4382600.0,172400.0,81
201400004163,14,11,10,1445,1,2,1,1.0,3,81220,M,4383200.0,173400.0,81
201400004164,14,12,19,2030,3,1,1,2.0,3,81145,M,4391300.0,182000.0,81
201400004165,14,1,14,645,2,1,1,2.0,6,81066,M,4351970.0,231054.0,81
201400004166,14,1,25,1130,1,1,1,2.0,7,81055,M,4344000.0,204800.0,81
201400004167,14,4,11,1330,1,1,1,1.0,3,81065,M,4358640.0,227203.0,81
201400004168,14,8,9,1130,1,2,1,1.0,1,81002,M,4349390.0,231774.0,81
201400004169,14,1,20,1200,1,1,1,2.0,6,81050,M,4359260.0,186278.0,81
201400004170,14,2,8,1245,1,1,4,7.0,1,81032,M,4353970.0,201072.0,81
201400004171,14,3,19,1315,1,1,1,1.0,6,81050,M,4358200.0,183108.0,81
201400004172,14,4,5,1745,1,1,1,7.0,3,81032,M,4353600.0,201009.0,81
201400004173,14,8,22,152,5,1,1,1.0,1,81054,M,4357490.0,214150.0,81
201400004174,14,9,21,2100,4,1,1,1.0,7,81219,M,4359800.0,200100.0,81
201400004175,14,12,27,2015,3,1,2,3.0,5,81200,M,4349000.0,201399.0,81
201400004176,14,1,7,1115,1,1,1,1.0,2,82110,M,0.0,0.0,82
201400004177,14,2,14,1430,1,2,1,1.0,5,82179,M,0.0,0.0,82
201400004178,14,2,23,1800,2,1,1,7.0,7,82110,M,0.0,0.0,82
201400004179,14,3,6,1300,1,1,1,1.0,6,82113,M,0.0,0.0,82
201400004180,14,3,2,1430,1,1,1,1.0,7,82149,M,0.0,0.0,82