Num_Acc,an,mois,jour,hrmn,lum,agg,int,atm,col,com,gps,lat,long,dep
201400004181,14,3,17,1130,1,1,4,1.0,1,82037,M,0.0,0.0,82
201400004182,14,4,6,2200,3,1,1,1.0,6,82126,M,0.0,0.0,82
201400004183,14,4,6,915,1,2,1,1.0,6,82037,M,4416170.0,154128.0,82
201400004184,14,4,20,1615,1,1,1,2.0,7,82140,M,4410100.0,131930.0,82
201400004185,14,5,9,1845,1,1,1,1.0,7,82113,M,0.0,0.0,82
201400004186,14,5,20,1700,1,1,1,1.0,2,82037,M,0.0,0.0,82
201400004187,14,6,6,1030,1,1,1,1.0,6,82076,M,0.0,0.0,82
201400004188,14,6,7,1930,1,1,1,1.0,6,82195,M,0.0,0.0,82
201400004189,14,7,11,1500,1,2,1,1.0,6,82037,M,0.0,0.0,82
201400004190,14,7,29,1630,1,2,1,1.0,1,82090,M,0.0,0.0,82
201400004191,14,8,7,1800,1,2,1,1.0,6,82149,M,0.0,0.0,82
201400004192,14,8,15,1545,1,1,1,1.0,1,82037,M,0.0,0.0,82
201400004193,14,9,19,1930,2,1,1,1.0,1,82113,M,0.0,0.0,82
201400004194,14,9,21,1645,1,1,1,1.0,3,82077,M,0.0,0.0,82
201400004195,14,9,29,645,2,1,1,9.0,1,82037,M,0.0,0.0,82
201400004196,14,10,10,1330,1,1,1,1.0,6,82087,M,0.0,0.0,82
201400004197,14,10,16,745,1,1,1,1.0,6,82037,M,0.0,0.0,82
201400004198,14,11,2,1500,1,1,1,1.0,7,82149,M,0.0,0.0,82
201400004199,14,12,19,945,1,1,1,1.0,1,82076,M,0.0,0.0,82
201400004200,14,12,9,945,1,1,1,1.0,6,82126,M,0.0,0.0,82
201400004201,14,12,29,615,3,1,1,1.0,6,82179,M,0.0,0.0,82
201400004202,14,9,6,1315,1,1,1,1.0,1,82187,M,0.0,0.0,82
201400004203,14,2,20,1530,1,1,1,1.0,6,82134,M,0.0,0.0,82
201400004204,14,3,3,1830,3,1,1,4.0,6,82161,M,4404800.0,144200.0,82
201400004205,14,3,11,1930,2,2,1,1.0,6,82002,M,4409400.0,145300.0,82
201400004206,14,4,2,1845,1,1,1,1.0,6,82134,M,0.0,0.0,82
201400004207,14,5,3,1745,1,1,1,1.0,1,82098,M,4401310.0,143885.0,82
201400004208,14,5,22,715,1,1,1,1.0,2,82134,M,0.0,0.0,82
201400004209,14,7,8,2200,5,2,1,1.0,6,82002,M,0.0,0.0,82
201400004210,14,8,8,1815,1,1,1,1.0,3,82161,M,0.0,0.0,82
201400004211,14,8,26,1430,1,1,1,1.0,1,82161,M,0.0,0.0,82
201400004212,14,9,24,845,1,1,1,1.0,6,82026,M,0.0,0.0,82
201400004213,14,10,5,1045,1,2,1,1.0,1,82134,M,0.0,0.0,82
201400004214,14,10,24,1800,1,1,1,1.0,7,82161,M,0.0,0.0,82
201400004215,14,12,24,330,3,1,1,5.0,6,82066,M,0.0,0.0,82
201400004216,14,1,16,915,1,1,1,1.0,6,82155,M,0.0,0.0,82
201400004217,14,2,10,1415,1,1,1,2.0,7,82038,M,0.0,0.0,82
201400004218,14,3,25,1030,1,1,1,2.0,6,82038,M,0.0,0.0,82
201400004219,14,4,21,1530,1,1,1,7.0,7,82155,M,4415100.0,173950.0,82
201400004220,14,5,9,1745,1,1,1,8.0,7,82187,M,0.0,0.0,82
201400004221,14,9,29,930,1,1,1,1.0,6,82038,M,0.0,0.0,82
201400004222,14,1,2,1600,1,2,1,1.0,6,82013,M,4386100.0,94600.0,82
201400004223,14,1,20,900,1,1,1,2.0,3,82093,M,0.0,0.0,82
201400004224,14,1,21,930,1,2,1,1.0,7,82013,M,0.0,0.0,82
201400004225,14,5,18,1745,1,1,1,1.0,6,82067,M,0.0,0.0,82
201400004226,14,6,29,1115,1,1,1,1.0,7,82055,M,0.0,0.0,82
201400004227,14,6,30,1500,1,1,1,1.0,6,82034,M,0.0,0.0,82
201400004228,14,8,25,1500,1,1,1,1.0,3,82097,M,0.0,0.0,82
201400004229,14,1,31,745,5,1,1,1.0,6,82048,M,4387400.0,128000.0,82
201400004230,14,2,20,1930,3,1,1,1.0,1,82075,M,4384400.0,130000.0,82
201400004231,14,3,9,600,3,1,1,1.0,6,82044,M,0.0,0.0,82
201400004232,14,3,11,1330,1,1,1,1.0,7,82075,M,4383900.0,129700.0,82
201400004233,14,8,4,945,1,1,1,3.0,6,82048,M,0.0,0.0,82
201400004234,14,8,13,1430,1,1,1,1.0,7,82167,M,0.0,0.0,82
201400004235,14,8,21,1830,1,1,1,1.0,3,82194,M,0.0,0.0,82
201400004236,14,9,27,145,5,2,6,1.0,7,82017,M,0.0,0.0,82
201400004237,14,11,1,545,2,1,1,5.0,7,82028,M,0.0,0.0,82
201400004238,14,12,20,2330,3,1,1,1.0,6,82075,M,0.0,0.0,82
201400004239,14,1,30,1000,1,1,2,1.0,1,82024,M,4424800.0,97500.0,82
201400004240,14,3,29,1415,1,1,1,1.0,6,82117,M,4433800.0,100699.0,82
201400004241,14,6,6,1545,1,1,1,1.0,7,82151,M,0.0,0.0,82
201400004242,14,6,14,815,1,1,2,1.0,3,82042,M,4419400.0,122200.0,82
201400004243,14,6,28,1900,1,1,1,2.0,6,82094,M,0.0,0.0,82
201400004244,14,7,13,1500,1,1,1,2.0,6,82060,M,0.0,0.0,82
201400004245,14,7,20,745,1,1,1,1.0,7,82094,M,0.0,0.0,82
201400004246,14,8,12,1900,1,1,9,1.0,6,82094,M,0.0,0.0,82
201400004247,14,9,7,1400,1,1,1,1.0,6,82185,M,0.0,0.0,82
201400004248,14,4,19,1115,1,2,1,1.0,3,82112,M,4410340.0,108126.0,82
201400004249,14,5,26,1130,1,2,3,2.0,3,82112,M,0.0,0.0,82
201400004250,14,6,15,1830,1,1,1,1.0,7,82080,M,0.0,0.0,82
201400004251,14,6,21,130,3,2,1,1.0,6,82169,M,0.0,0.0,82
201400004252,14,9,13,615,3,1,1,1.0,6,82101,M,0.0,0.0,82
201400004253,14,9,28,1730,1,1,1,8.0,7,82169,M,0.0,0.0,82
201400004254,14,10,11,1745,1,2,1,1.0,3,82101,M,0.0,0.0,82
201400004255,14,11,1,1830,3,1,1,1.0,5,82019,M,0.0,0.0,82
201400004256,14,11,2,1030,1,1,6,1.0,3,82112,M,0.0,0.0,82
201400004257,14,10,8,1830,2,2,1,1.0,7,82108,M,0.0,0.0,82
201400004258,14,11,27,1830,3,1,3,1.0,3,82112,M,0.0,0.0,82
201400004259,14,11,29,100,3,1,1,1.0,6,82101,M,0.0,0.0,82
201400004260,14,11,29,1730,2,1,1,3.0,1,82170,M,0.0,0.0,82
201400004261,14,1,17,1630,1,1,1,1.0,3,82190,M,0.0,0.0,82
201400004262,14,2,26,1245,1,1,1,1.0,6,82125,M,0.0,0.0,82
201400004263,14,5,5,1300,1,1,1,1.0,1,82025,M,4394670.0,129689.0,82
201400004264,14,6,6,2030,1,2,1,1.0,3,82190,M,0.0,0.0,82
201400004265,14,6,10,1645,1,1,1,1.0,1,82005,M,0.0,0.0,82
201400004266,14,7,12,1615,1,2,1,1.0,3,82171,M,0.0,0.0,82
201400004267,14,9,3,2315,3,1,1,1.0,6,82023,M,0.0,0.0,82
201400004268,14,10,17,1400,1,2,2,1.0,3,82062,M,0.0,0.0,82
201400004269,14,10,28,1900,2,2,1,1.0,6,82190,M,0.0,0.0,82
201400004270,14,11,6,1745,1,1,1,1.0,6,82125,M,0.0,0.0,82
201400004271,14,11,14,1900,3,1,1,3.0,6,82105,M,4389400.0,110100.0,82
201400004272,14,11,20,800,1,2,1,1.0,1,82190,M,0.0,0.0,82
201400004273,14,12,7,2100,3,1,1,1.0,6,82005,M,0.0,0.0,82
201400004274,14,12,13,1315,1,1,1,1.0,6,82178,M,0.0,0.0,82
201400004275,14,7,25,1045,1,1,2,3.0,3,82186,M,0.0,0.0,82
201400004276,14,2,3,815,1,2,1,1.0,6,69072,M,4580300.0,474700.0,69
201400004277,14,3,31,830,1,2,1,1.0,7,69127,M,0.0,0.0,69
201400004278,14,4,26,200,5,2,1,1.0,3,69127,M,0.0,0.0,69
201400004279,14,5,16,300,3,2,1,1.0,6,69072,M,0.0,0.0,69
201400004280,14,5,24,1600,1,1,1,1.0,6,69076,M,0.0,0.0,69
201400004281,14,5,31,1545,1,1,1,1.0,1,69055,M,4589200.0,480100.0,69
201400004282,14,7,18,1845,1,2,6,1.0,1,69072,M,4582700.0,475800.0,69
201400004283,14,9,12,1415,1,1,1,1.0,3,69072,M,4582800.0,473500.0,69
201400004284,14,11,13,800,1,2,1,1.0,6,69072,M,0.0,0.0,69
201400004285,14,11,16,500,5,1,1,8.0,6,69072,M,0.0,0.0,69
201400004286,14,12,20,845,1,1,1,2.0,6,69076,M,0.0,0.0,69
201400004287,14,1,13,1645,2,1,6,2.0,7,69055,M,0.0,0.0,69
201400004288,14,3,9,2030,3,1,1,1.0,1,69125,M,4587500.0,473700.0,69
201400004289,14,3,14,2045,5,1,1,1.0,3,69116,M,0.0,0.0,69
201400004290,14,5,19,645,2,2,6,1.0,3,69194,M,0.0,0.0,69
201400004291,14,5,9,1700,1,2,1,1.0,2,69117,M,0.0,0.0,69
201400004292,14,5,31,2000,1,2,1,1.0,3,69116,M,0.0,0.0,69
201400004293,14,6,24,1845,1,2,1,1.0,5,69040,M,0.0,0.0,69
201400004294,14,7,10,1015,1,2,1,2.0,5,69116,M,0.0,0.0,69
201400004295,14,7,24,815,1,2,1,1.0,1,69116,M,0.0,0.0,69
201400004296,14,8,20,1845,1,1,3,1.0,5,69055,M,0.0,0.0,69
201400004297,14,9,6,1100,1,1,1,1.0,2,69116,M,0.0,0.0,69
201400004298,14,9,13,1145,1,1,1,1.0,1,69059,M,0.0,0.0,69
201400004299,14,10,8,745,1,2,1,1.0,3,69116,M,4584200.0,477200.0,69
201400004300,14,10,29,1530,1,2,9,1.0,1,69116,M,0.0,0.0,69
201400004301,14,10,30,2045,3,1,1,1.0,7,69194,M,0.0,0.0,69
201400004302,14,12,14,1715,5,2,1,1.0,1,69116,M,0.0,0.0,69
201400004303,14,12,20,1145,1,1,1,2.0,1,69116,M,0.0,0.0,69
201400004304,14,1,10,815,1,2,1,1.0,3,69163,M,0.0,0.0,69
201400004305,14,1,27,1215,1,2,1,1.0,6,69143,M,0.0,0.0,69
201400004306,14,3,8,1400,1,2,1,1.0,1,69068,M,0.0,0.0,69
201400004307,14,4,28,1745,1,1,1,1.0,3,69163,M,0.0,0.0,69
201400004308,14,5,3,1830,1,2,6,1.0,3,69143,M,0.0,0.0,69
201400004309,14,6,8,1730,1,1,1,1.0,1,69003,M,4587400.0,483500.0,69
201400004310,14,7,4,2100,1,1,6,1.0,3,69143,M,0.0,0.0,69
201400004311,14,8,10,430,5,2,1,1.0,2,69143,M,0.0,0.0,69
201400004312,14,8,23,1715,1,2,1,1.0,1,69003,M,0.0,0.0,69
201400004313,14,9,2,1315,1,2,1,1.0,6,69068,M,0.0,0.0,69
201400004314,14,9,2,1745,1,2,1,1.0,2,69153,M,0.0,0.0,69
201400004315,14,5,30,1805,1,2,9,1.0,6,69384,M,4577892.0,482052.0,69
201400004316,14,9,22,1815,1,1,1,1.0,3,69163,M,0.0,0.0,69
201400004317,14,10,12,1745,1,1,1,3.0,1,69143,M,4589500.0,486000.0,69
201400004318,14,11,28,945,1,1,1,1.0,6,69143,M,0.0,0.0,69
201400004319,14,11,28,1215,1,2,1,1.0,6,69143,M,0.0,0.0,69
201400004320,14,4,24,1625,1,2,0,,3,69901,M,,,69
201400004321,14,2,24,1315,1,1,1,1.0,2,69204,M,4569500.0,476700.0,69
201400004322,14,5,16,1730,1,2,1,1.0,3,69204,M,0.0,0.0,69
201400004323,14,9,1,1345,1,2,1,1.0,3,69204,M,4570300.0,479600.0,69
201400004324,14,9,12,2215,5,2,1,1.0,7,69204,M,0.0,0.0,69
201400004325,14,10,17,2030,5,2,1,1.0,3,69204,M,4571300.0,479900.0,69
201400004326,14,10,20,1700,1,2,6,1.0,1,69204,M,0.0,0.0,69
201400004327,14,1,9,1400,1,1,1,1.0,7,69288,M,0.0,0.0,69
201400004328,14,2,17,1115,1,2,1,2.0,3,69298,M,4565400.0,498600.0,69
201400004329,14,2,20,2000,3,1,6,1.0,1,69288,M,0.0,0.0,69
201400004330,14,2,25,900,3,1,1,1.0,4,69289,M,0.0,0.0,69
201400004331,14,3,9,1700,1,1,9,1.0,1,69288,M,0.0,0.0,69
201400004332,14,3,14,815,1,2,1,1.0,3,69288,M,0.0,0.0,69
201400004333,14,3,14,1145,1,2,1,1.0,3,69289,M,0.0,0.0,69
201400004334,14,4,3,830,1,1,1,1.0,3,69298,M,0.0,0.0,69
201400004335,14,5,10,1430,1,2,6,1.0,6,69289,M,0.0,0.0,69
201400004336,14,5,13,800,1,1,1,2.0,3,69289,M,4565600.0,501800.0,69
201400004337,14,5,28,1700,1,2,1,1.0,1,69298,M,0.0,0.0,69
201400004338,14,7,19,1845,1,1,1,1.0,1,69288,M,0.0,0.0,69
201400004339,14,8,6,1100,1,1,1,1.0,7,69288,M,0.0,0.0,69
201400004340,14,9,29,1615,1,1,1,1.0,1,69289,M,4565900.0,501300.0,69
201400004341,14,11,1,1400,1,2,1,1.0,3,69287,M,0.0,0.0,69
201400004342,14,11,7,2200,3,2,6,1.0,6,69298,M,0.0,0.0,69
201400004343,14,11,14,2200,3,2,1,3.0,3,69298,M,0.0,0.0,69
201400004344,14,12,18,1415,1,1,1,1.0,1,69287,M,4568200.0,500700.0,69
201400004345,14,1,24,700,5,2,1,3.0,6,69273,M,0.0,0.0,69
201400004346,14,3,6,1945,5,1,1,1.0,1,69273,M,4569300.0,491600.0,69
201400004347,14,3,17,1715,1,2,1,7.0,3,69270,M,0.0,0.0,69
201400004348,14,6,23,1900,1,2,1,1.0,7,69273,M,0.0,0.0,69
201400004349,14,6,30,1100,1,2,7,1.0,6,69270,M,4563200.0,493600.0,69
201400004350,14,6,30,1800,1,2,1,1.0,1,69270,M,0.0,0.0,69
201400004351,14,7,12,1215,1,1,1,8.0,6,69270,M,4562600.0,498200.0,69
201400004352,14,11,10,1530,1,1,1,1.0,3,69281,M,0.0,0.0,69
201400004353,14,11,14,645,2,2,9,1.0,6,69273,M,0.0,0.0,69
201400004354,14,11,28,730,1,1,1,1.0,5,69281,M,0.0,0.0,69
201400004355,14,1,7,430,3,1,1,1.0,1,69208,M,0.0,0.0,69
201400004356,14,1,14,845,1,1,1,2.0,5,69112,M,0.0,0.0,69
201400004357,14,2,4,2215,3,1,1,6.0,6,69057,M,0.0,0.0,69
201400004358,14,3,1,1045,1,2,1,1.0,1,69171,M,0.0,0.0,69
201400004359,14,3,10,1600,1,2,9,1.0,3,69177,M,0.0,0.0,69
201400004360,14,4,14,1530,1,2,1,1.0,1,69175,M,0.0,0.0,69
201400004361,14,4,22,815,1,2,1,1.0,1,69175,M,,,69
201400004362,14,6,16,1100,1,2,1,1.0,6,69010,M,0.0,0.0,69
201400004363,14,6,28,1530,1,1,1,1.0,1,69171,M,0.0,0.0,69
201400004364,14,6,28,1800,1,1,1,2.0,7,69083,M,0.0,0.0,69
201400004365,14,7,7,845,1,2,1,8.0,3,69021,M,,,69
201400004366,14,7,10,2015,1,1,1,1.0,1,69021,M,0.0,0.0,69
201400004367,14,9,6,1130,1,2,1,1.0,1,69010,M,0.0,0.0,69
201400004368,14,9,19,1915,1,1,1,8.0,5,69021,M,0.0,0.0,69
201400004369,14,9,23,1600,1,2,1,1.0,6,69010,M,4583700.0,460100.0,69
201400004370,14,9,26,115,5,2,1,1.0,6,69171,M,0.0,0.0,69
201400004371,14,11,19,730,2,1,6,5.0,6,69086,M,0.0,0.0,69
201400004372,14,11,27,2015,3,1,1,1.0,7,69112,M,0.0,0.0,69
201400004373,14,11,28,1745,5,1,1,1.0,5,69010,M,0.0,0.0,69
201400004374,14,12,4,1445,1,2,1,1.0,1,69010,M,0.0,0.0,69
201400004375,14,12,28,2130,3,2,1,2.0,1,69032,M,,,69
201400004376,14,5,11,430,3,1,1,1.0,6,69099,M,4570700.0,438600.0,69
201400004377,14,5,16,1330,1,1,1,1.0,2,69178,M,4570000.0,445200.0,69
201400004378,14,7,2,1700,1,1,1,1.0,2,69098,M,0.0,0.0,69
201400004379,14,10,5,1300,1,1,1,2.0,7,69099,M,0.0,0.0,69
201400004380,14,1,14,1330,1,2,1,1.0,6,69238,M,0.0,0.0,69
201400004381,14,1,31,1700,1,1,1,8.0,1,69227,M,0.0,0.0,69
201400004382,14,4,13,1900,1,1,3,1.0,3,69155,M,0.0,0.0,69
201400004383,14,6,22,1930,1,2,2,1.0,2,69238,M,0.0,0.0,69
201400004384,14,9,4,1915,1,1,1,1.0,1,69110,M,0.0,0.0,69
201400004385,14,11,24,1400,1,1,1,1.0,7,69227,M,0.0,0.0,69
201400004386,14,3,8,430,3,1,1,1.0,6,69249,M,4567200.0,464600.0,69
201400004387,14,4,24,1700,1,1,1,1.0,1,69269,M,0.0,0.0,69
201400004388,14,4,27,1700,1,1,1,2.0,7,69221,M,4572100.0,464500.0,69
201400004389,14,5,6,1445,1,1,1,1.0,6,69131,M,0.0,0.0,69
201400004390,14,5,20,2100,5,2,1,1.0,6,69255,M,0.0,0.0,69
201400004391,14,6,5,730,1,1,1,1.0,1,69028,M,0.0,0.0,69
201400004392,14,7,14,1915,1,1,1,7.0,3,69094,M,0.0,0.0,69
201400004393,14,8,20,815,1,1,1,1.0,7,69190,M,0.0,0.0,69
201400004394,14,9,5,1815,1,1,1,1.0,1,69249,M,4567400.0,459400.0,69
201400004395,14,9,18,1800,1,1,1,1.0,6,69255,M,0.0,0.0,69
201400004396,14,11,22,2045,3,2,1,1.0,6,69190,M,0.0,0.0,69
201400004397,14,12,22,1815,3,2,1,1.0,6,69094,M,0.0,0.0,69
201400004398,14,12,23,630,2,2,1,1.0,6,69255,M,0.0,0.0,69
201400004399,14,3,28,1730,1,2,1,1.0,3,69272,M,0.0,0.0,69
201400004400,14,4,24,730,2,2,1,1.0,6,69272,M,0.0,0.0,69
201400004401,14,6,13,1700,1,1,1,1.0,1,69291,M,4564600.0,485700.0,69
201400004402,14,6,16,1800,1,1,1,1.0,3,69296,M,0.0,0.0,69
201400004403,14,7,18,1700,1,1,1,1.0,3,69296,M,0.0,0.0,69
201400004404,14,9,3,1315,1,2,1,1.0,1,69291,M,4564000.0,487100.0,69
201400004405,14,10,3,815,1,1,1,1.0,3,69291,M,4560600.0,485400.0,69
201400004406,14,11,16,845,3,1,1,2.0,1,69296,M,0.0,0.0,69
201400004407,14,3,16,1430,1,1,1,1.0,7,69148,M,0.0,0.0,69
201400004408,14,3,28,1045,1,1,1,1.0,1,69236,M,0.0,0.0,69
201400004409,14,4,28,1930,1,2,1,1.0,3,69195,M,0.0,0.0,69
201400004410,14,5,15,1315,1,2,1,7.0,7,69176,M,0.0,0.0,69
201400004411,14,6,22,1445,1,2,1,1.0,6,69228,M,4556100.0,464100.0,69
201400004412,14,6,22,1145,1,1,1,1.0,1,69148,M,0.0,0.0,69
201400004413,14,8,19,1615,1,2,1,1.0,6,69141,M,0.0,0.0,69
201400004414,14,10,7,730,2,2,1,1.0,6,69219,M,0.0,0.0,69
201400004415,14,10,7,1530,1,1,1,2.0,1,69136,M,4565300.0,474700.0,69
201400004416,14,10,18,1715,1,2,1,1.0,6,69048,M,0.0,0.0,69
201400004417,14,11,13,1715,2,1,3,1.0,3,69141,M,0.0,0.0,69
201400004418,14,12,5,2100,5,2,1,1.0,2,69228,M,0.0,0.0,69
201400004419,14,12,18,1245,1,1,1,8.0,6,69148,M,0.0,0.0,69
201400004420,14,12,31,1630,1,2,7,1.0,6,69141,M,0.0,0.0,69
201400004421,14,1,19,2230,3,1,1,2.0,3,69151,M,0.0,0.0,69
201400004422,14,7,25,1815,1,1,1,1.0,3,69074,M,0.0,0.0,69
201400004423,14,9,1,1815,1,1,1,1.0,1,69215,M,0.0,0.0,69
201400004424,14,9,14,1245,1,1,3,1.0,3,69192,M,0.0,0.0,69
201400004425,14,1,25,2100,3,1,1,1.0,3,69156,M,0.0,0.0,69
201400004426,14,2,15,1900,5,2,1,2.0,3,69009,M,0.0,0.0,69
201400004427,14,3,17,1745,1,1,6,1.0,4,69121,M,4586300.0,467300.0,69
201400004428,14,3,22,2115,5,1,1,1.0,1,69009,M,0.0,0.0,69
201400004429,14,4,1,1730,1,1,1,1.0,6,69009,M,4592900.0,470900.0,69
201400004430,14,4,3,915,1,1,1,1.0,3,69114,M,0.0,0.0,69
201400004431,14,4,17,1115,1,1,6,1.0,1,69121,M,0.0,0.0,69
201400004432,14,5,13,1130,1,1,2,1.0,3,69004,M,0.0,0.0,69
201400004433,14,7,20,1945,1,1,1,8.0,5,69020,M,4586200.0,467000.0,69
201400004434,14,8,8,900,1,1,1,1.0,1,69047,M,0.0,0.0,69
201400004435,14,9,12,2230,5,1,1,1.0,6,69009,M,0.0,0.0,69
201400004436,14,10,28,2000,3,1,1,1.0,6,69009,M,0.0,0.0,69
201400004437,14,2,8,1815,2,1,4,8.0,1,69165,M,4615000.0,465400.0,69
201400004438,14,4,17,1145,1,1,3,1.0,3,69165,M,0.0,0.0,69
201400004439,14,6,20,1830,1,1,3,1.0,3,69162,M,0.0,0.0,69
201400004440,14,7,5,1715,1,2,1,1.0,1,69135,M,0.0,0.0,69
201400004441,14,8,15,1230,1,1,1,2.0,7,69209,M,0.0,0.0,69
201400004442,14,8,17,1630,1,1,1,1.0,7,69012,M,0.0,0.0,69
201400004443,14,11,10,1645,2,1,1,7.0,3,69209,M,0.0,0.0,69
201400004444,14,1,2,1800,3,1,1,1.0,1,69045,M,0.0,0.0,69
201400004445,14,8,10,230,3,1,1,1.0,7,69019,M,4617500.0,474700.0,69
201400004446,14,9,27,1500,1,1,1,1.0,3,69197,M,0.0,0.0,69
201400004447,14,11,8,700,1,1,1,5.0,1,69019,M,4610100.0,473100.0,69
201400004448,14,12,19,715,2,1,1,5.0,6,69206,M,4604200.0,468000.0,69
201400004449,14,1,9,1615,1,1,1,1.0,1,69090,M,0.0,0.0,69
201400004450,14,2,20,1700,1,1,1,1.0,1,69039,M,0.0,0.0,69
201400004451,14,3,2,1415,1,1,1,1.0,1,69245,M,0.0,0.0,69
201400004452,14,3,29,915,1,1,1,1.0,6,69026,M,0.0,0.0,69
201400004453,14,4,6,1545,1,1,1,1.0,2,69111,M,0.0,0.0,69
201400004454,14,4,16,1745,1,2,1,1.0,6,69056,M,0.0,0.0,69
201400004455,14,5,11,1230,1,1,1,1.0,6,69245,M,0.0,0.0,69
201400004456,14,5,26,615,2,1,1,2.0,5,69050,M,0.0,0.0,69
201400004457,14,6,4,1315,1,1,1,8.0,1,69056,M,4590000.0,462300.0,69
201400004458,14,6,10,715,1,1,1,1.0,1,69039,M,0.0,0.0,69
201400004459,14,6,26,1800,1,1,1,1.0,1,69111,M,4591500.0,459500.0,69
201400004460,14,9,21,1000,1,1,1,1.0,3,69239,M,4591300.0,451000.0,69
201400004461,14,11,1,800,1,1,1,5.0,6,69056,M,0.0,0.0,69
201400004462,14,1,26,800,2,1,1,8.0,6,69147,M,0.0,0.0,69
201400004463,14,3,23,2000,5,2,1,2.0,7,69243,M,4589600.0,443000.0,69
201400004464,14,4,13,930,1,2,1,7.0,6,69243,M,0.0,0.0,69
201400004465,14,6,2,1530,1,1,1,1.0,2,69225,M,4588600.0,442900.0,69
201400004466,14,6,10,1045,1,1,1,7.0,7,69169,M,0.0,0.0,69
201400004467,14,7,11,1645,1,1,2,8.0,3,69234,M,0.0,0.0,69
201400004468,14,11,24,1730,5,2,1,1.0,6,69200,M,0.0,0.0,69
201400004469,14,12,4,1630,2,1,1,8.0,1,69200,M,0.0,0.0,69
201400004470,14,12,24,300,3,1,1,9.0,6,69188,M,0.0,0.0,69
201400004471,14,2,28,1245,1,2,8,2.0,6,69037,M,4602400.0,449700.0,69
201400004472,14,3,9,1530,1,1,3,7.0,3,69160,M,4616500.0,445800.0,69
201400004473,14,7,26,800,1,1,9,9.0,3,69054,M,4615900.0,449100.0,69
201400004474,14,11,19,1815,5,1,1,2.0,1,69107,M,4604000.0,449500.0,69
201400004475,14,12,20,1745,2,1,1,2.0,1,69060,M,0.0,0.0,69
201400004476,14,1,11,1100,1,2,1,1.0,3,69025,M,0.0,0.0,69
201400004477,14,1,19,500,3,1,1,3.0,1,69214,M,0.0,0.0,69
201400004478,14,1,22,1015,1,2,1,1.0,6,69248,M,0.0,0.0,69
201400004479,14,3,1,1315,1,1,1,8.0,1,69214,M,4598800.0,430500.0,69
201400004480,14,4,12,1145,1,1,1,1.0,1,69169,M,0.0,0.0,69
201400004481,14,6,27,1200,1,1,1,1.0,3,69070,M,0.0,0.0,69
201400004482,14,7,28,1600,1,2,1,1.0,3,69025,M,0.0,0.0,69
201400004483,14,8,29,1130,1,2,1,1.0,3,69006,M,0.0,0.0,69
201400004484,14,9,8,1530,1,1,1,1.0,1,69214,M,0.0,0.0,69
201400004485,14,9,8,815,1,2,1,3.0,6,69248,M,4603900.0,430300.0,69
201400004486,14,12,13,1400,1,1,1,2.0,1,69006,M,0.0,0.0,69
201400004487,14,6,3,1620,1,1,4,1.0,3,01336,M,4614630.0,513799.0,01
201400004488,14,6,16,2115,2,1,1,1.0,3,01065,M,4619670.0,516019.0,01
201400004489,14,9,21,1230,1,1,1,1.0,6,01405,M,4615860.0,518530.0,01
201400004490,14,9,21,1345,1,1,1,1.0,7,01264,M,4619000.0,512866.0,01
201400004491,14,11,10,1215,1,1,1,1.0,7,01301,M,4623740.0,517249.0,01
201400004492,14,1,19,2045,3,1,1,3.0,1,01254,M,4616380.0,526793.0,01
201400004493,14,1,25,1830,5,1,2,2.0,3,01072,M,4619180.0,532123.0,01
201400004494,14,2,10,715,2,2,2,3.0,3,01350,M,4628730.0,529778.0,01
201400004495,14,8,26,1345,1,1,1,1.0,1,01350,M,4623920.0,529291.0,01
201400004496,14,9,30,1730,1,1,1,1.0,6,01350,M,4629990.0,530977.0,01
201400004497,14,12,21,1130,1,1,1,1.0,1,01125,M,,,01
201400004498,14,1,22,1200,1,1,1,1.0,6,01094,M,4644720.0,500867.0,01
201400004499,14,2,18,815,1,1,1,1.0,6,01266,M,4633160.0,510169.0,01
201400004500,14,4,5,2000,2,2,1,7.0,6,01115,M,4625640.0,505269.0,01
201400004501,14,5,3,1745,1,2,1,1.0,6,01367,M,4640060.0,511323.0,01
201400004502,14,5,4,1445,1,1,2,1.0,3,01029,M,4640510.0,526892.0,01
201400004503,14,5,10,1430,1,1,1,1.0,7,01232,M,4631000.0,523701.0,01
201400004504,14,5,18,1900,1,1,3,1.0,1,01229,M,4633750.0,513642.0,01
201400004505,14,6,7,1015,1,1,3,1.0,3,01236,M,4632920.0,506653.0,01
201400004506,14,6,13,1215,1,1,1,1.0,1,01364,M,,,01
201400004507,14,6,15,1,3,1,1,1.0,1,01115,M,4625690.0,504880.0,01
201400004508,14,6,26,1445,1,1,1,1.0,2,01115,M,4625520.0,506647.0,01
201400004509,14,7,4,945,1,1,1,1.0,3,01445,M,4632460.0,530827.0,01
201400004510,14,7,5,1330,1,1,1,1.0,6,01232,M,4636790.0,525581.0,01
201400004511,14,7,31,1400,1,1,1,1.0,6,01266,M,4633380.0,511798.0,01
201400004512,14,8,21,1515,1,1,1,1.0,3,01024,M,4626960.0,517049.0,01
201400004513,14,9,5,1700,1,1,1,1.0,2,01057,M,,,01
201400004514,14,9,13,845,5,2,1,1.0,6,01402,M,,,01
201400004515,14,9,24,600,3,1,1,1.0,7,01232,M,4632860.0,525017.0,01
201400004516,14,10,1,1100,1,1,1,1.0,1,01337,M,,,01
201400004517,14,10,4,115,5,1,1,5.0,6,01040,M,4636710.0,506079.0,01
201400004518,14,10,9,1615,1,1,1,2.0,7,01266,M,,,01
201400004519,14,10,10,1600,1,1,1,3.0,5,01040,M,4637300.0,502886.0,01
201400004520,14,10,19,1430,1,1,1,1.0,7,01094,M,,,01
201400004521,14,11,30,900,1,1,1,5.0,3,01196,M,,,01
201400004522,14,12,26,1000,1,1,1,1.0,3,01346,M,4629090.0,504670.0,01
201400004523,14,3,19,700,1,1,1,1.0,2,01273,M,,,01
201400004524,14,4,17,1645,1,1,1,1.0,1,01363,M,4604450.0,537230.0,01
201400004525,14,4,19,1015,1,1,1,1.0,6,01200,M,4608850.0,547812.0,01
201400004526,14,8,12,1600,1,2,2,1.0,3,01304,M,4604990.0,532880.0,01
201400004527,14,8,23,1015,1,1,1,1.0,3,01374,M,4595950.0,503943.0,01