Num_Acc,an,mois,jour,hrmn,lum,agg,int,atm,col,com,gps,lat,long,dep
201400004528,14,11,1,715,2,1,1,5.0,6,01303,M,,,01
201400004529,14,12,17,1930,3,1,1,3.0,1,01200,M,,,01
201400004530,14,3,7,345,5,2,2,1.0,3,01320,M,4630200.0,487012.0,01
201400004531,14,6,16,1900,1,1,1,1.0,7,01159,M,,,01
201400004532,14,7,24,2000,1,1,2,1.0,3,01179,M,,,01
201400004533,14,8,22,1515,1,1,1,1.0,2,01412,M,4616380.0,496300.0,01
201400004534,14,10,10,1330,1,1,1,2.0,3,01231,M,,,01
201400004535,14,10,19,1900,2,1,1,1.0,2,01231,M,4636920.0,490970.0,01
201400004536,14,11,19,1530,1,2,1,5.0,1,01320,M,4630400.0,487074.0,01
201400004537,14,11,19,2115,5,2,1,5.0,3,01320,M,4631050.0,487280.0,01
201400004538,14,1,11,445,3,1,1,1.0,6,01454,M,4573670.0,570808.0,01
201400004539,14,2,23,530,5,2,1,1.0,1,01338,M,4569480.0,558755.0,01
201400004540,14,4,26,615,2,2,9,1.0,6,01034,M,,,01
201400004541,14,5,13,845,1,2,1,1.0,1,01098,M,4580590.0,568316.0,01
201400004542,14,11,5,2245,3,1,1,2.0,6,01064,M,4578110.0,548248.0,01
201400004543,14,12,3,1400,1,1,1,8.0,6,01268,M,,,01
201400004544,14,12,16,1945,3,1,1,8.0,6,01384,M,4595070.0,546423.0,01
201400004545,14,6,10,800,1,2,1,1.0,6,01138,M,4584790.0,578704.0,01
201400004546,14,7,21,1545,1,1,1,2.0,6,01066,M,,,01
201400004547,14,7,27,1715,1,2,1,1.0,6,01316,M,,,01
201400004548,14,9,16,1515,1,1,1,1.0,1,01138,M,,,01
201400004549,14,10,4,1630,1,2,1,1.0,1,01073,M,,,01
201400004550,14,10,16,1600,1,1,1,8.0,3,01100,M,4581980.0,562399.0,01
201400004551,14,10,19,1700,1,1,1,1.0,2,01330,M,,,01
201400004552,14,5,10,2000,1,1,1,1.0,6,01122,M,4594050.0,560559.0,01
201400004553,14,7,10,1730,1,1,1,2.0,1,01012,M,4600640.0,553634.0,01
201400004554,14,7,29,1515,1,2,1,1.0,6,01185,M,,,01
201400004555,14,1,25,1600,1,1,1,1.0,6,01431,M,4591510.0,537324.0,01
201400004556,14,2,28,1030,1,2,1,1.0,6,01345,M,,,01
201400004557,14,4,15,930,1,1,1,1.0,1,01007,M,4602360.0,533909.0,01
201400004558,14,5,13,1645,1,2,1,1.0,3,01444,M,,,01
201400004559,14,6,29,1730,1,1,1,1.0,1,01224,M,4578690.0,523277.0,01
201400004560,14,7,27,2215,3,1,1,1.0,1,01213,M,,,01
201400004561,14,7,24,430,5,2,1,5.0,2,01202,M,,,01
201400004562,14,8,24,215,3,1,1,1.0,7,01224,M,4578380.0,522807.0,01
201400004563,14,9,18,945,1,2,1,1.0,6,01202,M,,,01
201400004564,14,9,28,1845,1,1,1,1.0,6,01444,M,,,01
201400004565,14,10,10,1945,3,1,1,8.0,1,01379,M,,,01
201400004566,14,10,14,1800,1,2,1,1.0,6,01004,M,,,01
201400004567,14,10,17,1730,1,2,8,1.0,1,01345,M,,,01
201400004568,14,10,16,730,2,1,1,3.0,2,01384,M,,,01
201400004569,14,11,4,1915,5,1,1,3.0,4,01004,M,,,01
201400004570,14,11,11,1015,3,1,1,1.0,6,01224,M,,,01
201400004571,14,12,20,730,3,1,1,1.0,7,01213,M,,,01
201400004572,14,3,7,1100,1,1,1,1.0,1,01007,M,4603020.0,532513.0,01
201400004573,14,1,1,900,1,2,1,1.0,6,01170,M,4619040.0,555485.0,01
201400004574,14,5,27,1600,1,1,1,1.0,6,01274,M,4615050.0,564586.0,01
201400004575,14,6,8,1730,1,1,1,1.0,7,01087,M,4618730.0,567737.0,01
201400004576,14,6,18,730,2,2,1,1.0,3,01265,M,4617330.0,556943.0,01
201400004577,14,8,14,1330,1,2,1,2.0,6,01269,M,4616900.0,557774.0,01
201400004578,14,9,2,1415,1,2,6,1.0,3,01373,M,4613410.0,554955.0,01
201400004579,14,9,2,1345,1,2,1,1.0,1,01265,M,,,01
201400004580,14,9,12,1715,1,2,3,7.0,3,01269,M,,,01
201400004581,14,9,16,1945,2,1,1,1.0,6,01404,M,4615070.0,544649.0,01
201400004582,14,9,18,1000,1,2,1,1.0,2,01269,M,,,01
201400004583,14,12,18,2045,5,1,1,8.0,6,01373,M,4601210.0,531293.0,01
201400004584,14,4,7,1800,1,2,1,1.0,6,01033,M,,,01
201400004585,14,7,15,1530,1,1,1,1.0,2,01436,M,4633960.0,608325.0,01
201400004586,14,10,28,700,2,1,1,1.0,5,01173,M,,,01
201400004587,14,7,16,1945,1,1,1,1.0,6,01247,M,4633620.0,596402.0,01
201400004588,14,9,21,1630,1,1,1,1.0,7,01104,M,,,01
201400004589,14,3,8,1200,1,2,1,1.0,6,01160,M,,,01
201400004590,14,3,15,1445,1,1,1,1.0,6,01313,M,,,01
201400004591,14,3,30,1845,1,1,1,1.0,5,01281,M,4627680.0,609267.0,01
201400004592,14,4,9,800,1,2,9,1.0,3,01160,M,,,01
201400004593,14,5,3,1400,1,2,4,1.0,3,01160,M,4625510.0,609999.0,01
201400004594,14,5,10,1315,1,2,6,1.0,6,01160,M,4625250.0,611669.0,01
201400004595,14,5,21,1230,1,2,1,1.0,6,01160,M,,,01
201400004596,14,5,23,915,1,1,1,1.0,6,01160,M,4625030.0,611170.0,01
201400004597,14,7,12,1400,1,1,1,1.0,1,01435,M,4629910.0,609321.0,01
201400004598,14,9,1,1845,1,2,1,1.0,1,01160,M,,,01
201400004599,14,12,2,715,2,1,1,1.0,1,01399,M,4629040.0,608090.0,01
201400004600,14,12,11,700,5,2,2,1.0,3,01160,M,4625000.0,611911.0,01
201400004601,14,12,12,1845,5,1,3,1.0,3,01281,M,4626890.0,609907.0,01
201400004602,14,12,14,715,2,2,1,5.0,6,01281,M,,,01
201400004603,14,2,28,1300,1,1,1,2.0,1,01322,M,,,01
201400004604,14,3,9,1600,1,1,3,1.0,2,01157,M,4601170.0,475208.0,01
201400004605,14,6,17,915,1,1,1,1.0,3,01322,M,4594270.0,482928.0,01
201400004606,14,10,6,1900,3,2,1,1.0,3,01427,M,,,01
201400004607,14,10,9,1630,1,2,1,8.0,7,01427,M,,,01
201400004608,14,12,5,745,2,1,1,1.0,3,01347,M,4596590.0,477497.0,01
201400004609,14,12,11,1645,3,1,1,3.0,1,01194,M,,,01
201400004610,14,2,6,1230,1,1,1,1.0,4,01235,M,4603710.0,506601.0,01
201400004611,14,4,3,1615,1,2,3,1.0,1,01383,M,4610360.0,513483.0,01
201400004612,14,4,10,2330,3,1,1,1.0,7,01074,M,0.0,0.0,01
201400004613,14,5,8,1830,1,2,9,1.0,7,01074,M,4599700.0,517175.0,01
201400004614,14,7,16,845,1,1,3,1.0,3,01383,M,4610550.0,513751.0,01
201400004615,14,2,10,830,1,1,1,3.0,5,01272,M,4616830.0,502972.0,01
201400004616,14,2,24,1745,1,1,2,1.0,3,01096,M,4617790.0,507332.0,01
201400004617,14,5,17,1115,1,1,2,1.0,3,01246,M,4624090.0,502537.0,01
201400004618,14,7,3,1530,1,1,1,1.0,2,01246,M,4623090.0,504772.0,01
201400004619,14,7,16,1645,1,1,1,7.0,1,01246,M,4623280.0,503763.0,01
201400004620,14,8,10,1815,1,1,1,1.0,7,01368,M,4620070.0,494496.0,01
201400004621,14,9,6,1700,1,1,1,1.0,7,01457,M,4621720.0,497640.0,01
201400004622,14,4,11,1615,1,2,1,7.0,3,01450,M,4592250.0,522542.0,01
201400004623,14,5,5,1930,1,1,1,1.0,7,01378,M,4582540.0,515275.0,01
201400004624,14,5,12,1615,1,1,1,1.0,1,01349,M,4592800.0,513297.0,01
201400004625,14,5,16,800,1,1,4,1.0,3,01156,M,4591950.0,512570.0,01
201400004626,14,5,29,1730,1,1,1,1.0,2,01290,M,4588800.0,517263.0,01
201400004627,14,5,30,1030,1,2,1,1.0,1,01244,M,4590060.0,518837.0,01
201400004628,14,6,21,1130,2,1,1,1.0,1,01450,M,4590670.0,523022.0,01
201400004629,14,8,30,1800,1,2,1,1.0,3,01290,M,,,01
201400004630,14,7,24,1230,1,2,2,1.0,1,01244,M,,,01
201400004631,14,8,6,1015,1,1,1,1.0,1,01325,M,4593320.0,518328.0,01
201400004632,14,12,9,1700,5,2,1,1.0,6,01244,M,,,01
201400004633,14,2,13,1645,1,2,1,2.0,6,01249,M,4582500.0,494242.0,01
201400004634,14,2,19,2100,5,2,1,1.0,3,01043,M,4583330.0,499228.0,01
201400004635,14,5,18,1900,1,2,1,1.0,3,01249,M,4582250.0,494910.0,01
201400004636,14,6,30,950,1,2,2,1.0,3,01249,M,4582680.0,495299.0,01
201400004637,14,6,8,1755,1,2,1,1.0,7,01249,M,4582290.0,495018.0,01
201400004638,14,8,28,2100,5,2,2,1.0,3,01376,M,4582910.0,497675.0,01
201400004639,14,2,1,1430,1,1,4,3.0,7,01276,M,,,01
201400004640,14,3,14,945,1,2,1,1.0,6,01262,M,,,01
201400004641,14,4,20,1430,1,2,4,1.0,6,01049,M,4584470.0,503450.0,01
201400004642,14,6,5,2215,3,1,1,1.0,7,01342,M,4588430.0,505605.0,01
201400004643,14,6,21,1815,1,2,1,1.0,7,01262,M,4584950.0,505183.0,01
201400004644,14,7,3,2045,1,1,1,1.0,6,01276,M,4581840.0,505321.0,01
201400004645,14,7,5,1600,1,1,4,1.0,3,01276,M,4582170.0,507239.0,01
201400004646,14,11,29,1745,1,2,1,1.0,6,01049,M,0.0,0.0,01
201400004647,14,3,3,715,2,1,1,2.0,1,01443,M,4598460.0,506540.0,01
201400004648,14,3,16,1045,1,1,2,1.0,1,01318,M,4597130.0,485264.0,01
201400004649,14,4,25,400,3,1,1,1.0,6,01424,M,4588620.0,496861.0,01
201400004650,14,4,24,1815,1,1,3,1.0,2,01398,M,4600130.0,486908.0,01
201400004651,14,5,22,1800,1,1,4,1.0,3,01333,M,4592590.0,496677.0,01
201400004652,14,6,27,1900,1,1,1,1.0,6,01021,M,,,01
201400004653,14,6,27,845,1,2,1,1.0,1,01424,M,4587370.0,494925.0,01
201400004654,14,7,7,630,1,1,1,1.0,1,01443,M,,,01
201400004655,14,7,12,2315,3,1,1,2.0,7,01443,M,4599110.0,505094.0,01
201400004656,14,7,17,2315,3,1,1,1.0,7,01398,M,4600060.0,485407.0,01
201400004657,14,8,22,1845,1,1,2,1.0,3,01398,M,4599290.0,484764.0,01
201400004658,14,10,3,1745,1,1,1,1.0,5,01105,M,,,01
201400004659,14,11,13,1230,1,1,1,1.0,3,01398,M,,,01
201400004660,14,12,4,815,1,1,2,1.0,3,01045,M,4596340.0,504028.0,01
201400004661,14,2,16,1200,1,1,2,1.0,3,01319,M,4606100.0,494676.0,01
201400004662,14,6,9,1030,1,2,1,1.0,3,01243,M,4605150.0,476615.0,01
201400004663,14,6,16,1345,1,1,1,1.0,6,01389,M,4608290.0,490977.0,01
201400004664,14,7,12,315,3,1,1,1.0,5,01167,M,0.0,0.0,01
201400004665,14,8,5,1745,1,1,1,1.0,7,01165,M,4606820.0,481131.0,01
201400004666,14,10,19,1115,1,2,1,1.0,7,01389,M,,,01
201400004667,14,11,1,1000,2,1,1,5.0,6,01083,M,4608570.0,486968.0,01
201400004668,14,11,1,1730,2,1,2,8.0,3,01348,M,4618500.0,482367.0,01
201400004669,14,1,5,1845,3,1,1,2.0,1,07230,M,0.0,0.0,07
201400004670,14,5,24,1500,1,1,1,1.0,6,07158,M,0.0,0.0,07
201400004671,14,5,31,1215,1,1,1,1.0,6,07139,M,0.0,0.0,07
201400004672,14,6,13,1630,1,1,1,1.0,7,07120,M,4481900.0,426500.0,07
201400004673,14,6,14,1430,1,1,1,1.0,7,07158,M,4478200.0,441000.0,07
201400004674,14,8,11,1800,1,2,1,1.0,1,07296,M,0.0,0.0,07
201400004675,14,10,31,1430,1,1,1,1.0,6,07254,M,4466600.0,438700.0,07
201400004676,14,11,13,1315,1,2,1,1.0,6,07296,M,4457900.0,439300.0,07
201400004677,14,11,24,600,3,1,1,5.0,7,07296,M,0.0,0.0,07
201400004678,14,4,19,1215,1,1,1,1.0,1,07279,M,0.0,0.0,07
201400004679,14,1,18,1900,3,1,1,3.0,1,07096,M,0.0,0.0,07
201400004680,14,7,5,1630,1,1,1,1.0,7,07295,M,0.0,0.0,07
201400004681,14,7,19,1630,1,1,1,1.0,6,07167,M,0.0,0.0,07
201400004682,14,10,6,1100,1,1,1,1.0,6,07096,M,0.0,0.0,07
201400004683,14,10,18,1415,1,1,1,1.0,5,07096,M,0.0,0.0,07
201400004684,14,12,23,1130,1,1,1,7.0,1,07167,M,0.0,0.0,07
201400004685,14,6,16,830,1,2,1,1.0,6,07319,M,0.0,0.0,07
201400004686,14,6,30,1600,1,2,1,1.0,6,07319,M,0.0,0.0,07
201400004687,14,9,23,1015,1,1,1,6.0,7,07191,M,0.0,0.0,07
201400004688,14,10,17,900,1,2,1,1.0,6,07319,M,0.0,0.0,07
201400004689,14,10,17,1730,1,1,1,7.0,3,07319,M,0.0,0.0,07
201400004690,14,10,22,700,3,1,1,1.0,1,07346,M,0.0,0.0,07
201400004691,14,1,1,745,2,1,1,1.0,1,07247,M,0.0,0.0,07
201400004692,14,1,14,1415,1,1,1,1.0,1,07348,M,0.0,0.0,07
201400004693,14,1,19,345,3,1,1,2.0,6,07348,M,0.0,0.0,07
201400004694,14,1,22,1515,1,1,1,1.0,1,07145,M,0.0,0.0,07
201400004695,14,7,27,645,1,1,1,1.0,6,07242,M,0.0,0.0,07
201400004696,14,1,12,1215,1,2,1,1.0,5,07349,M,0.0,0.0,07
201400004697,14,1,19,415,5,2,1,3.0,6,07055,M,0.0,0.0,07
201400004698,14,2,3,2130,5,2,3,1.0,3,07240,M,0.0,0.0,07
201400004699,14,2,6,1845,2,2,1,2.0,3,07349,M,0.0,0.0,07
201400004700,14,2,20,1900,3,1,1,8.0,1,07066,M,0.0,0.0,07
201400004701,14,2,22,1800,5,2,3,1.0,3,07349,M,0.0,0.0,07
201400004702,14,5,10,2030,1,2,3,1.0,3,07027,M,0.0,0.0,07
201400004703,14,6,7,215,5,2,1,1.0,6,07288,M,0.0,0.0,07
201400004704,14,6,21,1230,5,1,1,1.0,5,07240,M,0.0,0.0,07
201400004705,14,6,23,2245,3,1,1,1.0,6,07349,M,0.0,0.0,07
201400004706,14,7,3,1115,1,1,1,1.0,1,07094,M,0.0,0.0,07
201400004707,14,7,4,1715,1,2,1,2.0,6,07181,M,0.0,0.0,07
201400004708,14,7,19,1445,1,1,1,1.0,2,07022,M,0.0,0.0,07
201400004709,14,8,6,1230,1,2,1,1.0,3,07027,M,0.0,0.0,07
201400004710,14,7,25,1130,1,2,1,1.0,6,07349,M,0.0,0.0,07
201400004711,14,10,4,1130,1,1,1,1.0,6,07240,M,0.0,0.0,07
201400004712,14,10,6,1830,2,1,3,1.0,1,07066,M,0.0,0.0,07
201400004713,14,10,8,1715,1,2,1,1.0,6,07027,M,0.0,0.0,07
201400004714,14,10,18,1800,1,2,3,1.0,3,07349,M,0.0,0.0,07
201400004715,14,10,28,715,2,1,2,1.0,3,07027,M,0.0,0.0,07
201400004716,14,10,27,1730,1,1,1,1.0,1,07181,M,0.0,0.0,07
201400004717,14,10,2,1400,1,2,1,1.0,2,07055,M,0.0,0.0,07
201400004718,14,11,8,1045,1,2,1,1.0,1,07027,M,0.0,0.0,07
201400004719,14,11,25,1415,1,2,1,1.0,6,07181,M,0.0,0.0,07
201400004720,14,12,22,1015,1,1,1,1.0,2,07240,M,0.0,0.0,07
201400004721,14,10,11,1700,1,2,1,1.0,3,07132,M,0.0,0.0,07
201400004722,14,6,24,1100,1,1,1,1.0,6,07153,M,0.0,0.0,07
201400004723,14,7,5,1700,1,1,1,1.0,6,07119,M,0.0,0.0,07
201400004724,14,7,27,1415,1,1,1,1.0,1,07038,M,0.0,0.0,07
201400004725,14,7,27,2130,2,1,1,1.0,6,07137,M,0.0,0.0,07
201400004726,14,5,4,1015,1,1,1,1.0,1,07161,M,0.0,0.0,07
201400004727,14,1,23,1030,1,1,1,5.0,3,07053,M,0.0,0.0,07
201400004728,14,5,31,1215,1,1,1,1.0,7,07330,M,4445600.0,430900.0,07
201400004729,14,8,6,1815,1,1,1,1.0,7,07291,M,0.0,0.0,07
201400004730,14,8,31,530,5,1,1,1.0,6,07330,M,0.0,0.0,07
201400004731,14,1,28,845,1,1,1,1.0,6,07017,M,0.0,0.0,07
201400004732,14,6,21,300,3,1,1,1.0,6,07017,M,0.0,0.0,07
201400004733,14,11,8,2145,3,1,1,1.0,6,07031,M,0.0,0.0,07
201400004734,14,7,3,1815,1,1,1,1.0,3,07217,M,0.0,0.0,07
201400004735,14,12,16,1745,5,2,1,1.0,6,07245,M,0.0,0.0,07
201400004736,14,1,8,830,1,2,1,1.0,6,07265,M,0.0,0.0,07
201400004737,14,2,11,815,1,1,1,1.0,1,07197,M,0.0,0.0,07
201400004738,14,4,19,1530,1,1,1,1.0,3,07258,M,0.0,0.0,07
201400004739,14,5,5,1945,1,1,1,1.0,3,07089,M,0.0,0.0,07
201400004740,14,9,19,1445,1,1,1,8.0,6,07010,M,0.0,0.0,07
201400004741,14,10,16,1315,1,2,1,1.0,6,07010,M,0.0,0.0,07
201400004742,14,12,19,1,3,1,1,1.0,7,07313,M,0.0,0.0,07
201400004743,14,12,22,1500,1,2,1,1.0,6,07010,M,0.0,0.0,07
201400004744,14,4,1,1015,1,1,9,1.0,1,07165,M,0.0,0.0,07
201400004745,14,5,8,1545,1,1,1,1.0,1,07276,M,0.0,0.0,07
201400004746,14,6,3,1645,1,1,1,1.0,1,07108,M,0.0,0.0,07
201400004747,14,8,31,1645,1,1,1,1.0,6,07082,M,0.0,0.0,07
201400004748,14,9,29,645,3,1,1,8.0,3,07204,M,0.0,0.0,07
201400004749,14,10,31,930,1,1,1,1.0,1,07064,M,0.0,0.0,07
201400004750,14,7,4,2345,3,1,1,2.0,7,07129,M,0.0,0.0,07
201400004751,14,4,19,1815,1,1,1,1.0,1,26115,M,0.0,0.0,26
201400004752,14,8,30,615,2,1,1,1.0,6,26365,M,0.0,0.0,26
201400004753,14,9,18,1115,1,1,2,1.0,1,26108,M,0.0,0.0,26
201400004754,14,10,6,1815,2,1,2,1.0,3,26125,M,4475990.0,495240.0,26
201400004755,14,10,9,1200,1,1,1,1.0,7,26125,M,0.0,0.0,26
201400004756,14,11,28,1100,1,2,1,1.0,6,26108,M,0.0,0.0,26
201400004757,14,3,19,1745,1,2,1,1.0,3,26113,M,0.0,0.0,26
201400004758,14,4,16,1745,1,1,1,1.0,1,26069,M,0.0,0.0,26
201400004759,14,1,1,1300,1,1,1,1.0,6,26167,M,0.0,0.0,26
201400004760,14,4,27,2015,2,1,1,8.0,6,26040,M,0.0,0.0,26
201400004761,14,6,28,1415,1,1,1,1.0,6,26168,M,0.0,0.0,26
201400004762,14,7,31,1315,1,1,1,1.0,7,26168,M,0.0,0.0,26
201400004763,14,4,18,1900,1,2,1,1.0,1,26353,M,4466020.0,479010.0,26
201400004764,14,8,29,1530,1,2,1,1.0,6,26220,M,4436110.0,513650.0,26
201400004765,14,10,14,1800,2,2,3,2.0,3,26220,M,0.0,0.0,26
201400004766,14,11,16,115,3,1,1,3.0,1,26220,M,4435280.0,511590.0,26
201400004767,14,11,27,1700,5,2,1,1.0,6,26220,M,4436140.0,513240.0,26
201400004768,14,9,20,1305,1,2,2,1.0,6,02691,M,4985042.0,327614.0,02
201400004769,14,9,18,1300,1,2,2,1.0,3,02691,M,4984247.0,329424.0,02
201400004770,14,9,25,1725,1,2,1,1.0,6,02691,M,4985900.0,329408.0,02
201400004771,14,9,27,945,1,2,1,1.0,6,02691,M,4986095.0,329930.0,02
201400004772,14,10,18,1300,1,2,2,1.0,3,02691,M,4985124.0,327322.0,02
201400004773,14,10,18,1435,1,2,1,1.0,6,02691,M,4985205.0,328801.0,02
201400004774,14,11,7,850,1,2,1,3.0,6,02691,M,4985273.0,328778.0,02
201400004775,14,10,21,1440,1,2,3,1.0,1,02691,M,4985803.0,327795.0,02
201400004776,14,12,1,755,3,2,3,1.0,6,02691,M,4985565.0,327910.0,02
201400004777,14,12,21,2130,5,2,2,1.0,3,02691,M,4984993.0,329537.0,02
201400004778,14,11,27,1755,5,2,3,1.0,6,02691,M,4985327.0,328265.0,02
201400004779,14,12,6,1755,5,2,2,2.0,6,02691,M,4984887.0,327043.0,02
201400004780,14,12,13,1405,1,2,3,3.0,4,02691,M,4983548.0,326560.0,02
201400004781,14,1,13,1620,1,2,6,1.0,6,02691,M,4984903.0,328007.0,02
201400004782,14,1,15,850,1,2,1,2.0,6,02691,M,4985274.0,328776.0,02
201400004783,14,5,4,1615,1,2,1,1.0,3,26063,M,0.0,0.0,26
201400004784,14,2,12,1835,5,2,1,3.0,6,02691,M,4983814.0,329724.0,02
201400004785,14,2,17,1240,1,2,1,1.0,3,02340,M,4982377.0,328997.0,02
201400004786,14,9,7,1100,1,1,1,1.0,6,26026,M,0.0,0.0,26
201400004787,14,4,4,2105,5,2,3,1.0,3,02691,M,4985899.0,327754.0,02
201400004788,14,4,5,710,1,2,1,1.0,1,02691,M,4985864.0,330355.0,02
201400004789,14,4,16,1855,1,2,1,1.0,6,02691,M,,,02
201400004790,14,5,19,1740,1,2,2,1.0,6,02691,M,4986059.0,329716.0,02
201400004791,14,5,28,1455,1,2,7,1.0,6,02691,M,4984197.0,329512.0,02
201400004792,14,6,10,1728,1,2,1,1.0,3,02691,M,4985194.0,325278.0,02
201400004793,14,6,23,1315,1,2,1,1.0,3,02691,M,4985809.0,330652.0,02
201400004794,14,6,23,1930,1,1,1,1.0,2,02691,M,4987227.0,327075.0,02
201400004795,14,4,4,500,3,1,1,1.0,6,26146,M,0.0,0.0,26
201400004796,14,3,6,945,1,1,1,1.0,6,26103,M,0.0,0.0,26
201400004797,14,5,31,900,1,2,1,7.0,1,26105,M,0.0,0.0,26
201400004798,14,6,1,1545,1,1,1,7.0,3,26318,M,0.0,0.0,26
201400004799,14,6,6,1200,1,1,1,1.0,2,26318,M,0.0,0.0,26
201400004800,14,6,15,1645,1,1,1,1.0,1,26264,M,0.0,0.0,26
201400004801,14,6,27,2000,1,1,1,1.0,6,26376,M,0.0,0.0,26
201400004802,14,9,22,1500,1,1,1,1.0,2,26376,M,0.0,0.0,26
201400004803,14,1,10,1815,5,2,1,1.0,3,26307,M,0.0,0.0,26
201400004804,14,7,12,2345,3,1,1,1.0,6,26004,M,4497690.0,504150.0,26
201400004805,14,5,15,1830,1,1,1,1.0,1,26143,M,4527310.0,510390.0,26
201400004806,14,9,29,1930,2,1,1,2.0,6,26298,M,4521520.0,506940.0,26
201400004807,14,10,10,1553,1,2,2,1.0,6,02722,M,4937104.0,331340.0,02
201400004808,14,10,18,1655,1,2,1,1.0,3,02722,M,4938041.0,331538.0,02
201400004809,14,11,8,1900,5,2,1,1.0,6,02722,M,4938201.0,332228.0,02
201400004810,14,12,5,1855,5,2,1,1.0,6,02722,M,4937437.0,331902.0,02
201400004811,14,11,3,1830,5,2,3,2.0,6,02722,M,4937254.0,333394.0,02
201400004812,14,5,18,1840,1,1,1,1.0,7,02722,M,,,02
201400004813,14,12,17,1034,1,2,3,3.0,6,02722,M,4938360.0,332427.0,02
201400004814,14,5,22,1705,1,2,1,1.0,3,02805,M,4937678.0,334271.0,02
201400004815,14,12,22,1635,1,2,3,1.0,6,02805,M,0.0,0.0,02
201400004816,14,12,11,1733,3,2,3,2.0,6,02722,M,4936980.0,331529.0,02
201400004817,14,7,24,1830,1,2,1,1.0,6,02722,M,4937599.0,330962.0,02
201400004818,14,8,31,600,4,2,1,1.0,6,02722,M,4936994.0,333716.0,02
201400004819,14,9,5,1850,1,2,2,1.0,3,02805,M,4937610.0,334311.0,02
201400004820,14,2,8,1900,5,2,3,2.0,6,02722,M,4937783.0,333102.0,02
201400004821,14,3,5,1810,1,2,1,1.0,6,02722,M,4938824.0,331449.0,02
201400004822,14,5,10,1000,1,2,1,1.0,6,02243,M,,,02
201400004823,14,9,1,1750,1,2,1,1.0,6,02722,M,4939131.0,334688.0,02
201400004824,14,9,1,2126,5,2,2,1.0,3,02722,M,4922538.0,345699.0,02
201400004825,14,1,7,1130,1,2,1,1.0,6,38547,M,4527000.0,589700.0,38
201400004826,14,4,28,1115,1,2,1,1.0,3,38150,M,0.0,0.0,38
201400004827,14,7,19,1230,1,1,1,1.0,5,38150,M,4516200.0,582000.0,38
201400004828,14,9,11,1700,1,2,1,1.0,3,38422,M,4516365.0,581093.0,38
201400004829,14,10,15,1400,1,1,1,1.0,6,38430,M,4521880.0,592490.0,38
201400004830,14,10,22,1430,1,2,1,1.0,1,38538,M,0.0,0.0,38
201400004831,14,11,22,1000,1,1,9,1.0,3,38422,M,4516156.0,583737.0,38
201400004832,14,12,17,900,1,2,6,1.0,6,38422,M,4513973.0,582776.0,38
201400004833,14,8,30,1000,1,2,7,1.0,1,38309,M,0.0,0.0,38
201400004834,14,11,4,830,1,2,1,3.0,1,38057,M,0.0,0.0,38
201400004835,14,12,3,915,1,2,3,1.0,3,38158,M,0.0,0.0,38
201400004836,14,5,26,1315,1,2,1,1.0,6,38317,M,0.0,0.0,38
201400004837,14,7,5,1500,1,2,1,1.0,7,38317,M,0.0,0.0,38
201400004838,14,4,5,1630,1,1,1,1.0,2,38314,M,0.0,0.0,38
201400004839,14,5,25,1800,1,1,1,1.0,7,38006,M,0.0,0.0,38
201400004840,14,6,8,945,1,1,1,1.0,1,38439,M,0.0,0.0,38
201400004841,14,6,25,1630,1,1,1,1.0,7,38314,M,4547828.0,593383.0,38
201400004842,14,7,3,1700,1,1,4,1.0,3,38075,M,4547336.0,600777.0,38
201400004843,14,10,3,1600,1,2,1,1.0,1,38314,M,0.0,0.0,38
201400004844,14,10,20,815,1,1,1,1.0,3,38075,M,0.0,0.0,38
201400004845,14,12,7,1445,1,1,1,1.0,1,38075,M,0.0,0.0,38
201400004846,14,12,21,1315,1,1,1,1.0,6,38006,M,0.0,0.0,38
201400004847,14,12,23,1145,1,1,1,7.0,1,38314,M,0.0,0.0,38
201400004848,14,12,23,1930,5,2,1,1.0,1,38314,M,0.0,0.0,38
201400004849,14,12,27,1215,1,1,1,4.0,6,38006,M,4539854.0,610352.0,38
201400004850,14,5,8,1545,1,1,1,1.0,1,38472,M,0.0,0.0,38
201400004851,14,5,24,1800,1,2,1,1.0,6,38382,M,0.0,0.0,38
201400004852,14,6,1,1800,1,2,6,1.0,3,38382,M,0.0,0.0,38
201400004853,14,6,17,1300,1,2,1,1.0,3,38382,M,0.0,0.0,38
201400004854,14,2,6,1330,1,1,1,8.0,7,38412,M,4541175.0,573740.0,38
201400004855,14,2,16,1300,1,1,1,8.0,6,38405,M,4536145.0,567788.0,38
201400004856,14,6,24,1630,1,1,1,1.0,7,38405,M,0.0,0.0,38
201400004857,14,7,17,2130,2,1,1,1.0,7,38412,M,0.0,0.0,38
201400004858,14,10,18,1630,1,1,1,1.0,3,38405,M,0.0,0.0,38
201400004859,14,10,19,1415,1,1,1,1.0,6,38412,M,0.0,0.0,38
201400004860,14,11,10,800,1,1,1,2.0,3,38155,M,0.0,0.0,38
201400004861,14,1,17,1330,1,2,2,1.0,3,38281,M,4523922.0,563378.0,38
201400004862,14,2,19,1215,1,1,1,1.0,3,38540,M,0.0,0.0,38
201400004863,14,3,6,1500,1,1,4,1.0,5,38540,M,4526862.0,561953.0,38
201400004864,14,3,28,2245,5,2,1,1.0,7,38474,M,4521350.0,566819.0,38
201400004865,14,6,8,1000,1,1,1,1.0,1,38153,M,4520005.0,563216.0,38
201400004866,14,7,13,2200,3,1,1,2.0,6,38153,M,0.0,0.0,38