Num_Acc,an,mois,jour,hrmn,lum,agg,int,atm,col,com,gps,lat,long,dep
201400004867,14,11,12,1745,5,2,1,3.0,6,38474,M,0.0,0.0,38
201400004868,14,12,14,230,5,2,1,1.0,3,38474,M,0.0,0.0,38
201400004869,14,1,6,1500,1,2,1,1.0,1,38466,M,0.0,0.0,38
201400004870,14,7,10,1330,1,1,1,2.0,1,38181,M,0.0,0.0,38
201400004871,14,8,22,1745,1,2,1,1.0,3,38511,M,0.0,0.0,38
201400004872,14,9,18,915,1,1,1,3.0,1,38070,M,0.0,0.0,38
201400004873,14,10,7,1700,1,1,1,1.0,1,38181,M,0.0,0.0,38
201400004874,14,10,16,1900,5,2,1,1.0,1,38466,M,0.0,0.0,38
201400004875,14,7,22,1745,1,1,1,1.0,2,38436,M,0.0,0.0,38
201400004876,14,9,4,2045,5,2,1,1.0,7,38524,M,0.0,0.0,38
201400004877,14,9,11,1145,1,2,1,1.0,4,38524,M,0.0,0.0,38
201400004878,14,10,2,2130,3,1,1,1.0,1,38545,M,0.0,0.0,38
201400004879,14,1,8,2345,3,1,1,5.0,7,38548,M,4505078.0,554356.0,38
201400004880,14,5,1,1915,1,1,1,8.0,6,38548,M,0.0,0.0,38
201400004881,14,11,21,915,1,1,1,8.0,6,38205,M,0.0,0.0,38
201400004882,14,9,17,1415,1,2,6,1.0,3,02304,M,4966191.0,334946.0,02
201400004883,14,10,13,350,5,2,1,1.0,2,02738,M,4965714.0,330604.0,02
201400004884,14,11,14,1845,5,2,1,8.0,6,02738,M,4965456.0,329484.0,02
201400004885,14,11,16,2255,3,1,1,2.0,6,02738,M,,,02
201400004886,14,11,21,2020,5,2,3,8.0,3,02738,M,4965451.0,329464.0,02
201400004887,14,12,8,1500,1,1,2,2.0,3,02059,M,0.0,0.0,02
201400004888,14,12,3,1710,2,2,3,1.0,1,02304,M,4965899.0,338243.0,02
201400004889,14,12,4,705,5,2,1,8.0,6,02738,M,4966486.0,330804.0,02
201400004890,14,1,15,750,5,2,2,3.0,3,02738,M,4965643.0,330473.0,02
201400004891,14,2,3,945,1,2,1,8.0,7,02304,M,4966346.0,336337.0,02
201400004892,14,1,24,745,1,1,6,8.0,5,38565,M,4530828.0,562166.0,38
201400004893,14,2,5,1810,5,2,1,3.0,6,02738,M,4965877.0,329291.0,02
201400004894,14,7,16,1210,1,2,2,7.0,1,02738,M,4965451.0,329467.0,02
201400004895,14,8,26,835,1,2,1,1.0,7,02738,M,4965802.0,331003.0,02
201400004896,14,8,29,1,5,2,1,1.0,7,02738,M,4965540.0,327931.0,02
201400004897,14,6,20,1230,1,2,2,1.0,7,38565,M,4528720.0,564255.0,38
201400004898,14,9,13,1245,1,2,1,1.0,3,38061,M,0.0,0.0,38
201400004899,14,11,29,1000,1,2,6,1.0,3,38565,M,0.0,0.0,38
201400004900,14,12,1,1215,1,2,1,2.0,6,38565,M,0.0,0.0,38
201400004901,14,12,18,845,1,1,3,2.0,3,38565,M,0.0,0.0,38
201400004902,14,6,23,1915,1,2,1,1.0,6,38269,M,0.0,0.0,38
201400004903,14,6,25,1515,1,2,1,1.0,3,38304,M,0.0,0.0,38
201400004904,14,3,1,615,2,1,2,5.0,6,38424,M,4477123.0,566205.0,38
201400004905,14,5,1,1500,1,1,1,1.0,6,38242,M,0.0,0.0,38
201400004906,14,6,7,1130,1,2,1,1.0,1,38242,M,0.0,0.0,38
201400004907,14,6,21,1200,1,1,1,1.0,2,38391,M,0.0,0.0,38
201400004908,14,7,31,1630,1,1,1,1.0,1,38204,M,0.0,0.0,38
201400004909,14,10,26,1800,2,1,1,1.0,6,38342,M,4490000.0,558200.0,38
201400004910,14,11,6,1045,1,1,1,5.0,6,38204,M,0.0,0.0,38
201400004911,14,3,21,2000,3,1,1,1.0,6,38071,M,4506606.0,572071.0,38
201400004912,14,4,3,945,1,2,4,1.0,1,38203,M,4502723.0,577219.0,38
201400004913,14,5,9,1045,1,2,1,1.0,3,38388,M,0.0,0.0,38
201400004914,14,5,16,830,1,1,1,1.0,6,38388,M,0.0,0.0,38
201400004915,14,5,22,1915,2,1,1,2.0,6,38212,M,0.0,0.0,38
201400004916,14,7,5,900,1,1,1,1.0,1,38212,M,0.0,0.0,38
201400004917,14,7,15,1800,1,1,1,1.0,6,38478,M,0.0,0.0,38
201400004918,14,8,31,1745,1,2,1,1.0,3,38388,M,0.0,0.0,38
201400004919,14,9,4,1545,1,1,6,1.0,3,38068,M,0.0,0.0,38
201400004920,14,9,13,1700,2,1,1,1.0,7,38529,M,0.0,0.0,38
201400004921,14,12,2,615,5,2,1,8.0,6,38529,M,0.0,0.0,38
201400004922,14,11,10,1715,1,1,1,3.0,1,38203,M,0.0,0.0,38
201400004923,14,12,12,1330,1,1,1,1.0,7,38388,M,0.0,0.0,38
201400004924,14,1,28,1715,1,1,1,1.0,1,38410,M,0.0,0.0,38
201400004925,14,4,27,1430,1,1,1,1.0,1,38356,M,0.0,0.0,38
201400004926,14,5,11,1645,1,1,1,1.0,6,38410,M,4507500.0,526200.0,38
201400004927,14,5,16,2030,2,1,1,1.0,1,38359,M,0.0,0.0,38
201400004928,14,5,29,130,3,1,1,1.0,6,38356,M,0.0,0.0,38
201400004929,14,8,3,300,3,1,1,2.0,7,38095,M,0.0,0.0,38
201400004930,14,11,3,1200,1,2,1,7.0,6,38453,M,0.0,0.0,38
201400004931,14,11,4,1845,3,1,2,3.0,3,38095,M,0.0,0.0,38
201400004932,14,11,18,1545,1,1,1,2.0,1,38416,M,0.0,0.0,38
201400004933,14,12,12,1915,5,2,1,1.0,5,38416,M,0.0,0.0,38
201400004934,14,12,24,430,3,1,1,5.0,6,38443,M,0.0,0.0,38
201400004935,14,7,19,1300,1,2,1,1.0,6,38218,M,0.0,0.0,38
201400004936,14,8,27,1545,1,1,2,1.0,3,38032,M,4533087.0,510145.0,38
201400004937,14,8,30,1830,1,1,1,1.0,2,38384,M,0.0,0.0,38
201400004938,14,11,1,1045,1,1,1,1.0,7,38561,M,4529933.0,518595.0,38
201400004939,14,12,9,1530,1,1,3,1.0,3,38032,M,0.0,0.0,38
201400004940,14,12,23,1330,1,2,1,1.0,6,38347,M,0.0,0.0,38
201400004941,14,2,10,945,1,1,1,1.0,1,38338,M,4524552.0,551262.0,38
201400004942,14,2,18,1200,1,2,3,1.0,3,38517,M,0.0,0.0,38
201400004943,14,5,15,1645,1,1,1,1.0,5,38338,M,0.0,0.0,38
201400004944,14,6,9,1200,1,1,1,1.0,6,38248,M,0.0,0.0,38
201400004945,14,7,30,1215,1,1,1,2.0,7,38500,M,0.0,0.0,38
201400004946,14,8,17,745,1,2,6,7.0,6,38517,M,0.0,0.0,38
201400004947,14,10,19,1830,2,1,1,1.0,7,38117,M,0.0,0.0,38
201400004948,14,10,25,1615,1,1,1,1.0,1,38500,M,0.0,0.0,38
201400004949,14,11,7,2315,3,1,1,5.0,7,38390,M,0.0,0.0,38
201400004950,14,12,9,545,3,1,1,1.0,1,38004,M,4523188.0,544308.0,38
201400004951,14,1,10,2115,3,1,1,1.0,6,38500,M,4519060.0,538925.0,38
201400004952,14,2,7,845,1,1,1,3.0,6,38223,M,0.0,0.0,38
201400004953,14,4,16,1900,1,1,1,1.0,7,38024,M,4550443.0,528953.0,38
201400004954,14,6,21,100,3,1,1,1.0,6,38276,M,4551600.0,528200.0,38
201400004955,14,7,10,1045,1,1,1,2.0,3,38498,M,4553141.0,532085.0,38
201400004956,14,8,27,1630,1,1,6,1.0,7,38415,M,0.0,0.0,38
201400004957,14,8,26,530,5,1,1,2.0,3,38455,M,0.0,0.0,38
201400004958,14,11,2,200,3,1,1,5.0,6,38415,M,0.0,0.0,38
201400004959,14,4,7,1130,1,1,2,1.0,3,38494,M,4569900.0,538100.0,38
201400004960,14,4,17,1400,1,1,1,1.0,1,38294,M,4567600.0,520800.0,38
201400004961,14,5,31,530,2,2,1,1.0,6,38210,M,4576300.0,525600.0,38
201400004962,14,6,11,1500,1,2,1,1.0,5,38451,M,4575500.0,522100.0,38
201400004963,14,6,18,1900,1,1,4,2.0,1,38138,M,4573263.0,523471.0,38
201400004964,14,3,19,730,1,2,1,1.0,6,38118,M,0.0,0.0,38
201400004965,14,5,25,1315,1,1,3,1.0,3,38082,M,0.0,0.0,38
201400004966,14,5,31,2345,3,2,1,1.0,6,38082,M,0.0,0.0,38
201400004967,14,8,10,1830,1,2,1,1.0,3,38118,M,0.0,0.0,38
201400004968,14,10,26,1545,1,1,1,1.0,1,38118,M,0.0,0.0,38
201400004969,14,2,20,1545,1,1,1,1.0,1,38320,M,0.0,0.0,38
201400004970,14,3,5,1130,1,1,1,1.0,1,38054,M,0.0,0.0,38
201400004971,14,3,19,1745,1,1,1,1.0,6,38054,M,0.0,0.0,38
201400004972,14,4,4,1800,1,2,1,1.0,1,38247,M,0.0,0.0,38
201400004973,14,4,10,2045,3,1,4,1.0,1,38135,M,4574962.0,540401.0,38
201400004974,14,5,18,415,3,2,1,1.0,6,38135,M,0.0,0.0,38
201400004975,14,6,8,1515,1,1,1,1.0,6,38365,M,0.0,0.0,38
201400004976,14,7,10,1145,1,1,1,3.0,1,38026,M,4583426.0,532445.0,38
201400004977,14,1,31,1300,1,2,1,1.0,7,38261,M,0.0,0.0,38
201400004978,14,3,24,1445,1,2,1,1.0,3,38012,M,0.0,0.0,38
201400004979,14,5,29,2345,3,2,1,1.0,3,38261,M,0.0,0.0,38
201400004980,14,12,23,945,5,2,2,1.0,1,38050,M,0.0,0.0,38
201400004981,14,1,26,1430,1,2,1,1.0,1,38386,M,4546200.0,563300.0,38
201400004982,14,2,14,2100,3,1,1,1.0,2,38323,M,0.0,0.0,38
201400004983,14,2,26,1400,1,2,1,2.0,3,38001,M,4554000.0,558700.0,38
201400004984,14,3,29,1530,1,1,1,1.0,1,38386,M,0.0,0.0,38
201400004985,14,4,22,1400,1,1,1,1.0,7,38343,M,0.0,0.0,38
201400004986,14,6,7,830,1,1,1,1.0,7,38001,M,0.0,0.0,38
201400004987,14,9,7,1915,1,2,1,1.0,6,38357,M,4555007.0,553422.0,38
201400004988,14,2,7,1845,3,2,1,2.0,6,38509,M,0.0,0.0,38
201400004989,14,2,11,1900,5,2,9,1.0,3,38369,M,4555800.0,543000.0,38
201400004990,14,2,21,1200,1,2,9,2.0,6,38509,M,0.0,0.0,38
201400004991,14,3,31,845,1,2,1,1.0,1,38509,M,0.0,0.0,38
201400004992,14,4,11,1145,1,2,1,1.0,6,38509,M,0.0,0.0,38
201400004993,14,5,13,2130,3,1,1,3.0,6,38246,M,4552549.0,542226.0,38
201400004994,14,6,2,1715,1,2,1,1.0,7,38509,M,0.0,0.0,38
201400004995,14,6,2,1715,1,1,1,1.0,5,38064,M,4556689.0,540568.0,38
201400004996,14,6,12,1800,1,1,1,1.0,1,38341,M,0.0,0.0,38
201400004997,14,6,20,1830,1,1,1,1.0,6,38148,M,0.0,0.0,38
201400004998,14,7,2,1630,1,2,1,1.0,3,38064,M,0.0,0.0,38
201400004999,14,7,27,215,3,1,1,1.0,3,38401,M,0.0,0.0,38
201400005000,14,9,1,830,1,1,1,1.0,2,38381,M,0.0,0.0,38
201400005001,14,10,11,530,3,1,1,2.0,6,38246,M,0.0,0.0,38
201400005002,14,11,11,1530,1,2,1,1.0,3,38246,M,0.0,0.0,38
201400005003,14,11,21,1800,5,2,1,1.0,3,38401,M,0.0,0.0,38
201400005004,14,12,20,1245,1,1,1,2.0,4,38509,M,0.0,0.0,38
201400005005,14,2,10,1645,1,2,6,1.0,6,44035,M,0.0,0.0,44
201400005006,14,5,30,1630,1,1,1,1.0,3,44035,M,0.0,0.0,44
201400005007,14,6,22,1300,1,1,1,1.0,7,44035,M,0.0,0.0,44
201400005008,14,6,27,1900,1,2,6,1.0,1,44035,M,4728600.0,-155500.0,44
201400005009,14,8,31,445,3,1,1,1.0,6,44201,M,4733900.0,-151900.0,44
201400005010,14,2,3,715,1,1,1,1.0,4,38336,M,4546540.0,483441.0,38
201400005011,14,3,3,1545,1,2,2,1.0,3,38558,M,4558640.0,490822.0,38
201400005012,14,4,1,800,1,2,1,1.0,6,38110,M,0.0,0.0,38
201400005013,14,3,28,1630,1,2,1,1.0,6,38087,M,4557535.0,481032.0,38
201400005014,14,4,25,1215,1,1,1,1.0,1,38110,M,0.0,0.0,38
201400005015,14,5,14,1200,1,1,1,1.0,6,38487,M,0.0,0.0,38
201400005016,14,8,8,1400,1,1,1,1.0,3,38487,M,0.0,0.0,38
201400005017,14,2,22,1830,3,1,1,1.0,1,38180,M,4536838.0,528958.0,38
201400005018,14,3,15,1030,1,1,1,1.0,3,38291,M,4536199.0,512108.0,38
201400005019,14,5,25,15,5,1,1,1.0,3,38259,M,0.0,0.0,38
201400005020,14,6,20,645,1,1,1,1.0,3,38034,M,0.0,0.0,38
201400005021,14,6,21,1030,1,2,2,1.0,3,38130,M,0.0,0.0,38
201400005022,14,7,8,445,3,1,1,8.0,6,38240,M,0.0,0.0,38
201400005023,14,8,5,230,3,1,6,1.0,7,38324,M,0.0,0.0,38
201400005024,14,8,14,1515,1,1,1,1.0,3,38180,M,0.0,0.0,38
201400005025,14,9,6,1830,1,1,2,1.0,3,38198,M,0.0,0.0,38
201400005026,14,12,7,1530,1,1,2,1.0,3,38284,M,4540687.0,521765.0,38
201400005027,14,12,23,730,3,2,1,1.0,1,38335,M,0.0,0.0,38
201400005028,14,3,2,2145,1,1,1,1.0,6,38399,M,0.0,0.0,38
201400005029,14,3,4,1500,1,2,2,1.0,5,38189,M,4563044.0,506157.0,38
201400005030,14,4,11,1100,2,1,1,1.0,1,38035,M,0.0,0.0,38
201400005031,14,4,17,800,1,2,1,7.0,6,38480,M,0.0,0.0,38
201400005032,14,5,2,1945,1,1,1,8.0,6,38476,M,0.0,0.0,38
201400005033,14,5,22,1745,1,1,1,1.0,2,38189,M,0.0,0.0,38
201400005034,14,5,22,2130,3,1,1,3.0,1,38288,M,0.0,0.0,38
201400005035,14,5,24,1845,1,1,1,1.0,2,38389,M,0.0,0.0,38
201400005036,14,6,2,2330,5,1,4,1.0,1,38189,M,4563881.0,506327.0,38
201400005037,14,6,8,1915,1,1,1,1.0,6,38346,M,0.0,0.0,38
201400005038,14,6,20,1230,1,1,1,1.0,6,38389,M,4557059.0,506873.0,38
201400005039,14,6,27,1845,1,1,1,1.0,1,38389,M,0.0,0.0,38
201400005040,14,7,13,315,3,1,1,1.0,6,38184,M,0.0,0.0,38
201400005041,14,7,30,1445,1,1,1,2.0,1,38351,M,0.0,0.0,38
201400005042,14,11,1,330,3,1,1,1.0,1,38144,M,0.0,0.0,38
201400005043,14,11,23,600,3,1,1,1.0,7,38389,M,0.0,0.0,38
201400005044,14,2,21,1530,1,2,1,1.0,7,38557,M,0.0,0.0,38
201400005045,14,3,12,1630,1,1,1,1.0,2,38011,M,0.0,0.0,38
201400005046,14,3,24,745,2,1,1,1.0,3,38316,M,0.0,0.0,38
201400005047,14,5,24,1115,1,2,1,1.0,6,38085,M,0.0,0.0,38
201400005048,14,6,24,2030,2,2,1,1.0,7,38197,M,0.0,0.0,38
201400005049,14,10,4,2100,5,2,1,1.0,6,38097,M,0.0,0.0,38
201400005050,14,10,31,1900,3,1,1,1.0,6,38011,M,0.0,0.0,38
201400005051,14,11,22,415,3,2,1,1.0,6,38097,M,4577143.0,518969.0,38
201400005052,14,12,10,1800,5,2,1,2.0,6,38507,M,0.0,0.0,38
201400005053,14,1,18,1745,2,2,1,2.0,6,38344,M,0.0,0.0,38
201400005054,14,3,7,2030,5,1,1,1.0,3,38072,M,4530637.0,480959.0,38
201400005055,14,4,3,2100,3,1,2,1.0,1,38051,M,4532717.0,487532.0,38
201400005056,14,5,19,815,1,2,1,1.0,6,38344,M,0.0,0.0,38
201400005057,14,5,28,1630,1,1,2,1.0,3,38349,M,0.0,0.0,38
201400005058,14,6,16,1130,1,2,1,7.0,3,38344,M,0.0,0.0,38
201400005059,14,6,24,2000,1,1,1,1.0,6,38468,M,0.0,0.0,38
201400005060,14,7,5,830,1,1,1,1.0,1,38072,M,0.0,0.0,38
201400005061,14,7,12,1030,1,1,1,1.0,1,38349,M,0.0,0.0,38
201400005062,14,7,16,2015,2,1,1,1.0,5,38496,M,4536108.0,492575.0,38
201400005063,14,10,2,1745,1,1,1,1.0,6,38298,M,0.0,0.0,38
201400005064,14,10,7,1600,1,2,1,2.0,6,38298,M,0.0,0.0,38
201400005065,14,11,7,1800,5,1,1,1.0,4,38468,M,0.0,0.0,38
201400005066,14,11,15,1345,1,2,1,8.0,3,38344,M,0.0,0.0,38
201400005067,14,12,10,1830,3,1,1,2.0,3,38003,M,0.0,0.0,38
201400005068,14,11,23,1445,1,1,1,1.0,7,38512,M,0.0,0.0,38
201400005069,14,3,3,1930,3,1,1,1.0,1,38449,M,0.0,0.0,38
201400005070,14,7,16,1530,1,1,1,1.0,5,38537,M,0.0,0.0,38
201400005071,14,8,3,845,1,1,1,1.0,1,38449,M,0.0,0.0,38
201400005072,14,11,14,1100,1,1,1,1.0,3,38449,M,0.0,0.0,38
201400005073,14,3,27,1530,1,1,1,1.0,1,42329,M,4531843.0,450563.0,42
201400005074,14,4,12,1630,1,1,1,1.0,1,42172,M,4536835.0,444234.0,42
201400005075,14,5,18,1715,1,2,1,1.0,5,42023,M,4522976.0,458074.0,42
201400005076,14,5,25,1600,1,1,1,1.0,6,42310,M,4531308.0,454150.0,42
201400005077,14,8,27,1130,1,1,2,1.0,1,42287,M,4525688.0,446592.0,42
201400005078,14,9,5,1215,1,2,1,1.0,3,42286,M,4536713.0,437107.0,42
201400005079,14,9,20,1815,2,1,1,8.0,3,42023,M,4531616.0,452533.0,42
201400005080,14,1,1,1130,1,1,1,1.0,7,42097,M,4550720.0,432086.0,42
201400005081,14,1,7,1400,1,2,1,7.0,6,42092,M,4548500.0,437925.0,42
201400005082,14,2,6,1115,3,2,1,1.0,2,42097,M,4548422.0,434450.0,42
201400005083,14,6,19,1745,1,1,1,1.0,1,42234,M,4550802.0,438756.0,42
201400005084,14,6,22,915,1,1,6,1.0,6,42097,M,4550547.0,430596.0,42
201400005085,14,7,25,1000,1,2,1,1.0,1,42234,M,4552899.0,437262.0,42
201400005086,14,9,3,1845,1,1,1,1.0,7,42096,M,4553463.0,443266.0,42
201400005087,14,9,14,1000,1,2,3,1.0,3,42311,M,4548225.0,438901.0,42
201400005088,14,1,14,700,5,1,2,8.0,1,42180,M,4558946.0,414680.0,42
201400005089,14,2,17,1345,1,1,1,1.0,2,42046,M,4565005.0,404934.0,42
201400005090,14,3,14,815,1,2,3,1.0,5,42147,M,4560711.0,405799.0,42
201400005091,14,3,17,1445,1,1,1,1.0,2,42299,M,4561020.0,409657.0,42
201400005092,14,4,6,1800,1,1,1,1.0,3,42046,M,4562630.0,405199.0,42
201400005093,14,4,22,1730,1,2,1,2.0,6,42147,M,4560433.0,406297.0,42
201400005094,14,6,16,530,2,1,1,1.0,6,42299,M,4562077.0,413830.0,42
201400005095,14,6,17,1430,1,1,1,1.0,1,42147,M,4561832.0,407071.0,42
201400005096,14,9,19,1915,2,1,1,8.0,1,42180,M,4559059.0,414430.0,42
201400005097,14,10,26,1815,3,1,1,1.0,5,42285,M,4556995.0,412838.0,42
201400005098,14,11,8,1045,1,1,1,1.0,3,42285,M,4558137.0,410689.0,42
201400005099,14,11,13,900,2,2,1,1.0,6,42147,M,4560550.0,406435.0,42
201400005100,14,12,5,745,2,1,1,2.0,2,42180,M,4558995.0,415887.0,42
201400005101,14,12,8,1500,3,1,1,8.0,3,42046,M,4564089.0,405232.0,42
201400005102,14,12,28,30,5,2,1,4.0,6,42147,M,4559958.0,407321.0,42
201400005103,14,12,31,1215,1,2,7,1.0,6,42147,M,4560709.0,406348.0,42
201400005104,14,4,18,1545,1,2,6,1.0,6,42005,M,4552585.0,427019.0,42
201400005105,14,5,16,1830,1,1,1,1.0,3,42304,M,4556913.0,418682.0,42
201400005106,14,6,5,2100,1,2,1,1.0,1,42304,M,4554174.0,418591.0,42
201400005107,14,6,10,1900,2,2,1,3.0,1,42211,M,4552959.0,424651.0,42
201400005108,14,10,18,1615,1,2,1,7.0,6,42005,M,4552588.0,427322.0,42
201400005109,14,11,8,1730,3,1,1,2.0,1,42005,M,4553562.0,430534.0,42
201400005110,14,12,20,445,5,2,1,3.0,6,42005,M,4554023.0,428568.0,42
201400005111,14,1,17,1400,1,1,1,1.0,3,42197,M,4573841.0,405644.0,42
201400005112,14,1,22,1700,1,1,1,8.0,7,42221,M,4578195.0,410346.0,42
201400005113,14,2,16,200,3,1,1,2.0,7,42114,M,4574272.0,381054.0,42
201400005114,14,5,7,2200,3,1,1,1.0,7,42002,M,4578159.0,392677.0,42
201400005115,14,5,23,1400,1,1,1,1.0,1,42245,M,4581562.0,383015.0,42
201400005116,14,7,1,815,1,1,1,1.0,3,42136,M,4571173.0,403249.0,42
201400005117,14,7,13,1630,1,1,1,2.0,6,42159,M,4578771.0,374269.0,42
201400005118,14,9,3,1800,1,2,1,1.0,3,42019,M,4574322.0,401925.0,42
201400005119,14,9,21,1215,1,1,1,1.0,1,42205,M,4563619.0,386788.0,42
201400005120,14,1,12,1500,1,1,1,1.0,1,42165,M,4577804.0,432215.0,42
201400005121,14,1,24,1645,1,1,1,2.0,1,42214,M,4567797.0,431328.0,42
201400005122,14,2,9,1000,1,1,1,1.0,3,42319,M,4570511.0,430070.0,42
201400005123,14,3,22,1900,3,1,1,1.0,2,42296,M,4573400.0,428057.0,42
201400005124,14,4,24,1730,1,1,1,1.0,5,42041,M,4571479.0,420060.0,42
201400005125,14,4,14,1245,1,2,2,1.0,3,42094,M,4573641.0,423588.0,42
201400005126,14,5,14,815,1,2,1,1.0,6,42094,M,4573641.0,422335.0,42
201400005127,14,6,1,1545,1,2,1,1.0,1,42113,M,4574526.0,431096.0,42
201400005128,14,7,3,2200,3,1,1,1.0,6,42094,M,4574276.0,420767.0,42
201400005129,14,7,8,1030,1,1,1,8.0,2,42296,M,4573897.0,429522.0,42
201400005130,14,8,5,1500,1,2,1,1.0,3,42094,M,4574281.0,421530.0,42
201400005131,14,10,25,1500,1,1,1,1.0,6,42094,M,4574523.0,431430.0,42
201400005132,14,11,7,745,2,2,1,1.0,6,42094,M,4574531.0,422363.0,42
201400005133,14,11,17,1715,3,2,1,2.0,3,42175,M,4580046.0,422941.0,42
201400005134,14,11,18,1045,1,2,1,2.0,6,42094,M,4574368.0,422404.0,42
201400005135,14,11,30,1215,1,1,1,2.0,3,42174,M,4572631.0,416472.0,42
201400005136,14,12,14,45,5,2,1,1.0,1,42094,M,4573827.0,422860.0,42
201400005137,14,12,29,1630,1,2,1,1.0,6,42094,M,4574330.0,422097.0,42
201400005138,14,2,8,1015,1,1,1,2.0,6,42126,M,4545155.0,408584.0,42
201400005139,14,2,23,445,3,1,1,1.0,6,42137,M,4552170.0,403488.0,42
201400005140,14,3,19,2115,5,1,1,1.0,6,42006,M,4538428.0,399900.0,42
201400005141,14,3,23,1700,1,1,1,1.0,7,42137,M,4552159.0,405389.0,42
201400005142,14,5,31,1515,1,1,1,1.0,1,42312,M,4541314.0,409107.0,42
201400005143,14,6,28,2330,5,2,1,2.0,6,42240,M,4549993.0,404455.0,42
201400005144,14,9,26,1045,1,1,1,1.0,3,42240,M,4551079.0,405238.0,42
201400005145,14,10,5,145,3,1,1,2.0,7,42240,M,4550480.0,402927.0,42
201400005146,14,10,8,1215,1,1,1,1.0,7,42318,M,4536100.0,391100.0,42
201400005147,14,10,16,815,1,1,1,8.0,1,42204,M,4540969.0,410328.0,42
201400005148,14,11,15,2130,3,1,1,1.0,6,42021,M,4550798.0,411385.0,42
201400005149,14,12,12,1715,4,2,1,1.0,1,42228,M,4555902.0,410170.0,42
201400005150,14,1,5,1030,1,2,1,1.0,1,42222,M,4559032.0,431958.0,42
201400005151,14,1,23,1630,1,1,1,1.0,1,42020,M,4564081.0,421776.0,42
201400005152,14,1,25,1730,1,1,1,1.0,1,42081,M,4561973.0,425757.0,42
201400005153,14,2,7,1300,1,1,1,1.0,1,42138,M,4565952.0,435992.0,42
201400005154,14,3,9,1200,1,2,1,1.0,3,42323,M,4556247.0,429926.0,42
201400005155,14,3,11,600,1,2,3,1.0,3,42323,M,4556716.0,427532.0,42
201400005156,14,4,28,1745,1,2,8,1.0,6,42200,M,4564485.0,424904.0,42
201400005157,14,4,25,830,1,1,1,2.0,6,42059,M,4564708.0,436078.0,42
201400005158,14,5,8,1645,1,2,1,1.0,6,42315,M,4560675.0,422514.0,42
201400005159,14,5,25,1645,1,1,1,2.0,6,42043,M,4557443.0,430405.0,42
201400005160,14,6,13,1830,1,2,1,1.0,3,42108,M,4559061.0,419548.0,42
201400005161,14,7,17,100,3,1,1,1.0,6,42138,M,4566010.0,435914.0,42
201400005162,14,7,19,1815,1,1,1,1.0,1,42059,M,4565063.0,439378.0,42
201400005163,14,10,20,1715,1,1,1,1.0,7,42336,M,4567722.0,435571.0,42
201400005164,14,11,3,1630,1,1,1,2.0,7,42062,M,4559042.0,438498.0,42
201400005165,14,11,27,1215,1,1,1,2.0,5,42108,M,4558824.0,421922.0,42
201400005166,14,12,4,1600,1,1,2,9.0,1,42043,M,4557501.0,432529.0,42
201400005167,14,3,17,1545,1,1,1,1.0,3,42201,M,4533387.0,464215.0,42
201400005168,14,4,25,845,1,2,1,2.0,6,42168,M,4542467.0,467333.0,42
201400005169,14,4,30,1515,1,1,1,1.0,1,42265,M,4544661.0,472378.0,42
201400005170,14,5,10,1445,1,1,1,1.0,7,42064,M,4545869.0,468324.0,42
201400005171,14,7,5,2100,2,1,1,1.0,6,42265,M,4543903.0,474725.0,42
201400005172,14,8,7,1845,1,2,1,1.0,3,42056,M,4540083.0,473701.0,42
201400005173,14,9,4,700,1,2,1,1.0,3,42191,M,4538285.0,468315.0,42
201400005174,14,10,4,1530,1,1,1,1.0,6,42056,M,4541608.0,470994.0,42
201400005175,14,10,30,1545,1,2,1,1.0,6,42129,M,4536260.0,468369.0,42
201400005176,14,12,11,1100,1,2,1,8.0,6,42129,M,4536102.0,468521.0,42
201400005177,14,1,5,1045,1,1,1,1.0,7,42332,M,4599549.0,403981.0,42
201400005178,14,3,1,2000,3,1,1,1.0,7,42170,M,4600668.0,415693.0,42
201400005179,14,3,23,100,3,1,1,1.0,7,42332,M,4600979.0,404720.0,42
201400005180,14,4,10,1900,1,1,1,1.0,7,42027,M,4594346.0,399575.0,42
201400005181,14,4,26,945,1,1,1,1.0,3,42166,M,4600549.0,410070.0,42
201400005182,14,6,3,800,1,1,1,1.0,2,42239,M,4597810.0,399286.0,42
201400005183,14,6,15,1245,1,1,1,1.0,7,42069,M,4597045.0,404516.0,42
201400005184,14,6,27,1900,1,1,1,1.0,7,42145,M,4603218.0,419223.0,42
201400005185,14,7,7,1300,1,1,1,2.0,7,42162,M,4601523.0,397335.0,42
201400005186,14,7,18,1945,1,1,2,1.0,3,42120,M,4599221.0,399716.0,42
201400005187,14,7,19,1615,1,1,3,1.0,3,42120,M,4598506.0,396632.0,42
201400005188,14,8,7,1500,1,1,2,2.0,1,42331,M,4598350.0,396240.0,42
201400005189,14,8,7,1430,1,1,1,1.0,1,42120,M,4599142.0,398111.0,42
201400005190,14,8,21,1545,1,1,1,1.0,1,42331,M,4596529.0,394079.0,42
201400005191,14,8,20,815,1,2,6,1.0,2,42332,M,4601445.0,404323.0,42
201400005192,14,8,29,1445,1,2,1,1.0,1,42332,M,4599300.0,403020.0,42
201400005193,14,9,4,2045,5,1,1,1.0,6,42069,M,4601859.0,407451.0,42
201400005194,14,10,29,1530,1,1,2,1.0,3,42069,M,4598840.0,406069.0,42
201400005195,14,11,2,1015,1,1,1,1.0,1,42294,M,4601630.0,410970.0,42