Num_Acc,an,mois,jour,hrmn,lum,agg,int,atm,col,com,gps,lat,long,dep
201400005196,14,1,9,2230,3,1,1,1.0,6,42325,M,4594465.0,413994.0,42
201400005197,14,2,6,1330,1,2,1,1.0,7,42098,M,4593693.0,426846.0,42
201400005198,14,3,13,830,1,1,3,1.0,3,42289,M,4595193.0,419634.0,42
201400005199,14,3,17,845,1,1,1,1.0,1,42254,M,4584835.0,417084.0,42
201400005200,14,5,11,1500,1,1,1,1.0,3,42011,M,4582885.0,416429.0,42
201400005201,14,5,24,1100,1,1,1,1.0,6,42249,M,4587869.0,421612.0,42
201400005202,14,5,25,2100,2,2,1,1.0,7,42213,M,4590353.0,431223.0,42
201400005203,14,6,11,1615,1,1,1,1.0,7,42153,M,4596513.0,414175.0,42
201400005204,14,7,10,1900,1,1,1,2.0,3,42098,M,4595208.0,428947.0,42
201400005205,14,7,23,1400,1,1,1,1.0,3,42254,M,4586969.0,417434.0,42
201400005206,14,8,2,1200,1,1,1,2.0,7,42293,M,4601963.0,427770.0,42
201400005207,14,8,11,1530,1,1,1,1.0,1,42212,M,4596666.0,410974.0,42
201400005208,14,8,15,1145,1,2,1,1.0,6,42181,M,4598959.0,421604.0,42
201400005209,14,9,29,1345,1,1,1,2.0,6,42181,M,4598592.0,418996.0,42
201400005210,14,10,12,1230,1,1,1,3.0,7,42156,M,4591529.0,416791.0,42
201400005211,14,12,2,1830,3,1,1,1.0,2,42098,M,4594448.0,427846.0,42
201400005212,14,12,16,800,3,2,1,2.0,1,42011,M,4581829.0,418778.0,42
201400005213,14,12,18,2015,3,1,1,1.0,6,42289,M,4594530.0,422765.0,42
201400005214,14,12,19,1730,5,2,1,2.0,6,42209,M,4587734.0,427517.0,42
201400005215,14,3,14,1600,1,1,1,1.0,7,42215,M,4617071.0,420594.0,42
201400005216,14,3,18,800,1,2,1,1.0,1,42026,M,4615323.0,407798.0,42
201400005217,14,3,28,1730,1,2,3,1.0,3,42267,M,4615698.0,410539.0,42
201400005218,14,4,24,900,1,2,1,1.0,1,42177,M,4614705.0,410751.0,42
201400005219,14,6,1,145,5,2,1,1.0,6,42026,M,4614810.0,408872.0,42
201400005220,14,7,13,2015,1,1,1,2.0,2,42048,M,4615339.0,421314.0,42
201400005221,14,7,18,700,1,1,1,1.0,1,42026,M,4614733.0,409633.0,42
201400005222,14,7,31,1915,1,1,2,1.0,3,42014,M,4617930.0,441260.0,42
201400005223,14,7,31,1915,1,1,2,1.0,3,42215,M,4618646.0,419878.0,42
201400005224,14,8,9,815,1,1,1,2.0,6,42236,M,4613593.0,417819.0,42
201400005225,14,10,6,2000,5,2,2,2.0,3,42052,M,4616025.0,417325.0,42
201400005226,14,10,2,715,2,2,1,5.0,2,42177,M,4614450.0,410834.0,42
201400005227,14,10,25,2315,3,1,1,1.0,1,42141,M,4614977.0,424324.0,42
201400005228,14,12,13,1745,5,1,1,1.0,2,42267,M,4615267.0,415768.0,42
201400005229,14,12,18,1445,1,1,1,3.0,7,42152,M,4609371.0,415470.0,42
201400005230,14,12,24,845,1,2,1,1.0,6,42015,M,4616493.0,434669.0,42
201400005231,14,3,7,2000,3,1,1,1.0,3,42004,M,4586318.0,403775.0,42
201400005232,14,3,18,1645,1,1,1,1.0,3,42248,M,4593599.0,386693.0,42
201400005233,14,5,30,1800,1,1,1,1.0,1,42076,M,4590797.0,393366.0,42
201400005234,14,6,21,1300,1,1,1,1.0,7,42274,M,4591259.0,396392.0,42
201400005235,14,7,22,1830,1,1,1,1.0,1,42282,M,4589265.0,384397.0,42
201400005236,14,7,25,2030,2,1,1,2.0,1,42282,M,4587797.0,382584.0,42
201400005237,14,8,28,1645,1,2,1,1.0,3,42230,M,4583251.0,402107.0,42
201400005238,14,9,10,1800,1,1,1,1.0,3,42243,M,4584848.0,399079.0,42
201400005239,14,9,23,1745,1,2,3,1.0,1,42248,M,4590917.0,384355.0,42
201400005240,14,9,24,1345,1,1,9,1.0,3,42004,M,4586750.0,403619.0,42
201400005241,14,10,12,1715,1,1,1,1.0,7,42076,M,4591764.0,393884.0,42
201400005242,14,11,10,1115,1,1,1,1.0,2,42027,M,4593681.0,394813.0,42
201400005243,14,12,4,1915,3,1,1,5.0,6,42047,M,4586602.0,383614.0,42
201400005244,14,10,17,1745,1,2,3,1.0,3,73288,M,4561270.0,592300.0,73
201400005245,14,1,29,1845,5,2,4,2.0,3,73182,M,4568300.0,593500.0,73
201400005246,14,2,10,600,3,1,1,1.0,6,73238,M,4577300.0,586750.0,73
201400005247,14,3,30,1630,1,1,1,1.0,6,73059,M,4572170.0,588200.0,73
201400005248,14,4,15,830,1,1,1,1.0,3,73300,M,4566110.0,589530.0,73
201400005249,14,6,15,1200,1,1,1,1.0,1,73158,M,4575570.0,594810.0,73
201400005250,14,8,10,1215,1,1,1,1.0,1,73301,M,4570600.0,591140.0,73
201400005251,14,9,5,1745,1,1,1,1.0,1,73238,M,4577540.0,586630.0,73
201400005252,14,5,12,1100,1,2,6,1.0,1,73225,M,4553310.0,595590.0,73
201400005253,14,7,11,645,1,2,1,1.0,1,73249,M,4553400.0,599210.0,73
201400005254,14,8,6,1645,1,2,1,1.0,1,73213,M,4559950.0,596390.0,73
201400005255,14,11,13,1,3,1,2,1.0,2,73213,M,4556510.0,596710.0,73
201400005256,14,8,16,1530,1,1,1,1.0,3,73192,M,4566040.0,603410.0,73
201400005257,14,10,26,1415,1,1,1,1.0,7,73330,M,4567900.0,576250.0,73
201400005258,14,11,4,900,1,1,1,1.0,1,73330,M,4567433.0,576637.0,73
201400005259,14,8,19,1815,1,1,1,1.0,1,73180,M,4593280.0,583140.0,73
201400005260,14,6,3,1945,1,2,1,1.0,3,73270,M,4556930.0,616010.0,73
201400005261,14,6,6,1800,1,1,3,1.0,3,73018,M,4550470.0,607500.0,73
201400005262,14,6,7,1200,1,1,1,1.0,7,73171,M,4549980.0,604280.0,73
201400005263,14,6,11,1745,1,1,2,1.0,5,73270,M,4555190.0,616020.0,73
201400005264,14,6,19,1330,1,1,1,1.0,6,73171,M,4550100.0,606540.0,73
201400005265,14,9,29,1330,1,1,1,8.0,1,73017,M,4549020.0,592040.0,73
201400005266,14,10,1,1900,2,1,1,1.0,3,73240,M,4549000.0,604760.0,73
201400005267,14,9,21,430,3,2,1,1.0,7,73179,M,4560730.0,586110.0,73
201400005268,14,4,27,815,1,1,3,8.0,1,73269,M,4569690.0,580220.0,73
201400005269,14,6,10,1530,1,1,1,1.0,1,73051,M,0.0,0.0,73
201400005270,14,3,8,1030,1,1,2,1.0,3,73229,M,4545527.0,577345.0,73
201400005271,14,7,14,1600,1,1,1,1.0,1,73229,M,4578660.0,578660.0,73
201400005272,14,7,18,2015,2,1,1,1.0,6,73191,M,4559270.0,576330.0,73
201400005273,14,7,30,1115,1,1,9,2.0,1,73233,M,4547680.0,573080.0,73
201400005274,14,1,18,600,3,1,1,1.0,1,73292,M,4571050.0,640590.0,73
201400005275,14,2,23,900,1,1,1,1.0,1,73303,M,4575800.0,642840.0,73
201400005276,14,6,5,830,1,1,1,1.0,7,73303,M,4575670.0,642690.0,73
201400005277,14,8,26,1045,1,2,1,3.0,6,73303,M,4575350.0,642000.0,73
201400005278,14,10,24,2030,3,1,1,1.0,2,73241,M,4559690.0,629270.0,73
201400005279,14,10,26,1515,1,1,1,1.0,7,73262,M,0.0,0.0,73
201400005280,14,11,11,645,2,1,1,1.0,6,73032,M,0.0,0.0,73
201400005281,14,5,7,830,1,1,1,2.0,1,73038,M,4556690.0,669940.0,73
201400005282,14,6,22,1045,1,2,1,7.0,1,73006,M,4555880.0,663190.0,73
201400005283,14,8,4,1545,1,2,3,1.0,6,73093,M,4556180.0,666220.0,73
201400005284,14,1,19,730,2,1,1,1.0,1,73317,M,4571710.0,650560.0,73
201400005285,14,2,22,1730,1,1,1,1.0,1,73211,M,4571670.0,646670.0,73
201400005286,14,5,19,1515,1,1,1,1.0,7,73132,M,4575380.0,658720.0,73
201400005287,14,9,7,1430,1,1,1,1.0,1,73034,M,4573180.0,654270.0,73
201400005288,14,1,15,800,1,1,1,9.0,5,73232,M,4560660.0,684840.0,73
201400005289,14,2,1,930,1,1,1,1.0,1,73054,M,4561420.0,675670.0,73
201400005290,14,8,31,1800,1,2,1,1.0,6,73285,M,4563780.0,681750.0,73
201400005291,14,12,28,1645,1,1,1,2.0,5,73054,M,4559450.0,674941.0,73
201400005292,14,1,26,1915,3,1,1,4.0,1,73227,M,0.0,0.0,73
201400005293,14,3,11,2230,5,1,1,4.0,1,73015,M,4540990.0,656160.0,73
201400005294,14,3,26,1745,1,1,1,1.0,6,73227,M,4544310.0,660180.0,73
201400005295,14,5,29,2100,1,1,1,1.0,6,73227,M,4544330.0,661180.0,73
201400005296,14,5,29,1515,1,1,4,7.0,6,73015,M,4542420.0,655390.0,73
201400005297,14,7,26,1345,1,2,1,1.0,2,73198,M,4544560.0,659360.0,73
201400005298,14,1,15,1130,1,1,1,7.0,6,73024,M,4548680.0,646570.0,73
201400005299,14,7,26,1615,1,1,1,1.0,3,73187,M,4550610.0,648970.0,73
201400005300,14,6,8,1445,1,1,1,1.0,1,73256,M,4520170.0,645510.0,73
201400005301,14,7,8,1515,1,1,1,1.0,7,73203,M,4531700.0,633600.0,73
201400005302,14,7,13,1500,1,2,4,1.0,3,73248,M,4527700.0,634950.0,73
201400005303,14,10,9,845,1,2,6,1.0,6,73248,M,4527770.0,634610.0,73
201400005304,14,8,4,1700,1,1,1,1.0,7,73235,M,4541680.0,636140.0,73
201400005305,14,10,17,1615,1,1,1,1.0,2,73109,M,4546520.0,629180.0,73
201400005306,14,11,28,1700,1,1,1,1.0,1,73322,M,4520580.0,670340.0,73
201400005307,14,11,5,1800,3,1,1,2.0,1,73322,M,4520561.0,670387.0,73
201400005308,14,4,2,1345,1,1,1,1.0,2,74275,M,0.0,0.0,74
201400005309,14,4,18,1700,1,1,4,1.0,3,74275,M,0.0,0.0,74
201400005310,14,4,20,845,1,2,1,1.0,3,74267,M,0.0,0.0,74
201400005311,14,5,17,1530,1,1,1,1.0,1,74275,M,0.0,0.0,74
201400005312,14,6,13,1815,1,2,4,1.0,3,74242,M,0.0,0.0,74
201400005313,14,6,27,800,1,2,1,1.0,2,74267,M,0.0,0.0,74
201400005314,14,8,31,1845,1,2,1,1.0,3,74267,M,0.0,0.0,74
201400005315,14,9,12,800,1,1,6,1.0,1,74104,M,0.0,0.0,74
201400005316,14,9,15,700,1,1,1,1.0,7,74123,M,0.0,0.0,74
201400005317,14,11,22,1445,1,1,4,1.0,1,74270,M,0.0,0.0,74
201400005318,14,12,3,1015,1,1,1,2.0,1,74275,M,0.0,0.0,74
201400005319,14,12,19,1815,5,2,3,1.0,3,74267,M,0.0,0.0,74
201400005320,14,12,23,730,2,1,1,9.0,6,74267,M,0.0,0.0,74
201400005321,14,5,24,1800,1,1,1,1.0,5,74255,M,0.0,0.0,74
201400005322,14,5,28,2315,4,1,1,1.0,7,74138,M,0.0,0.0,74
201400005323,14,8,1,645,1,1,1,1.0,7,74192,M,0.0,0.0,74
201400005324,14,8,3,200,3,1,1,2.0,6,74002,M,0.0,0.0,74
201400005325,14,8,9,1100,1,2,1,1.0,1,74225,M,0.0,0.0,74
201400005326,14,8,31,1415,1,1,1,1.0,1,74192,M,0.0,0.0,74
201400005327,14,9,10,1715,1,2,2,1.0,3,74225,M,0.0,0.0,74
201400005328,14,10,10,1945,3,1,1,1.0,4,74289,M,0.0,0.0,74
201400005329,14,10,27,1045,1,1,1,1.0,3,74192,M,0.0,0.0,74
201400005330,14,11,12,1330,1,1,1,1.0,1,74255,M,0.0,0.0,74
201400005331,14,12,5,1820,3,1,1,2.0,1,74289,M,0.0,0.0,74
201400005332,14,12,24,1415,1,1,2,1.0,1,74002,M,0.0,0.0,74
201400005333,14,1,8,1230,1,2,1,1.0,1,74280,M,0.0,0.0,74
201400005334,14,1,28,1400,1,2,3,1.0,6,74136,M,0.0,0.0,74
201400005335,14,6,11,1200,1,1,1,1.0,3,74239,M,0.0,0.0,74
201400005336,14,6,20,2145,3,1,1,1.0,7,74280,M,0.0,0.0,74
201400005337,14,6,22,1630,1,1,1,1.0,7,74136,M,0.0,0.0,74
201400005338,14,9,12,1345,1,1,1,1.0,1,74280,M,0.0,0.0,74
201400005339,14,12,12,315,3,1,1,9.0,6,74036,M,0.0,0.0,74
201400005340,14,5,29,845,1,2,2,1.0,1,74024,M,0.0,0.0,74
201400005341,14,8,12,1600,1,2,1,1.0,6,74087,M,0.0,0.0,74
201400005342,14,8,29,2000,2,2,4,1.0,3,74042,M,0.0,0.0,74
201400005343,14,9,5,1600,1,2,1,1.0,6,74042,M,0.0,0.0,74
201400005344,14,10,29,1800,3,1,1,1.0,2,74042,M,0.0,0.0,74
201400005345,14,12,4,1800,3,1,1,1.0,2,74212,M,0.0,0.0,74
201400005346,14,2,15,2345,3,1,1,4.0,1,74056,M,0.0,0.0,74
201400005347,14,3,4,1615,1,2,4,1.0,6,74056,M,0.0,0.0,74
201400005348,14,7,16,5,5,1,1,1.0,1,74056,M,0.0,0.0,74
201400005349,14,8,10,1515,1,2,1,1.0,3,74290,M,0.0,0.0,74
201400005350,14,9,18,215,3,2,1,1.0,6,74056,M,0.0,0.0,74
201400005351,14,12,7,1815,5,2,1,1.0,6,74056,M,0.0,0.0,74
201400005352,14,2,5,1615,1,1,1,4.0,3,74085,M,0.0,0.0,74
201400005353,14,4,6,1615,1,1,1,1.0,6,74236,M,0.0,0.0,74
201400005354,14,7,12,2045,3,2,1,3.0,7,74215,M,0.0,0.0,74
201400005355,14,8,18,400,1,2,1,1.0,6,74173,M,0.0,0.0,74
201400005356,14,9,20,1945,2,1,1,1.0,7,74173,M,0.0,0.0,74
201400005357,14,1,16,1100,1,1,2,1.0,2,74018,M,0.0,0.0,74
201400005358,14,2,23,1600,1,1,1,1.0,5,74250,M,0.0,0.0,74
201400005359,14,3,1,2315,3,1,1,1.0,6,74250,M,0.0,0.0,74
201400005360,14,3,23,2100,3,1,6,1.0,1,74090,M,0.0,0.0,74
201400005361,14,4,6,2140,5,1,3,1.0,3,74116,M,0.0,0.0,74
201400005362,14,5,24,1745,1,1,1,1.0,3,74007,M,0.0,0.0,74
201400005363,14,5,26,2010,1,1,1,1.0,7,74250,M,0.0,0.0,74
201400005364,14,6,4,1740,1,1,1,3.0,1,74116,M,0.0,0.0,74
201400005365,14,6,4,1730,1,2,4,2.0,3,74224,M,0.0,0.0,74
201400005366,14,6,5,1615,1,1,1,1.0,3,74007,M,0.0,0.0,74
201400005367,14,6,25,1200,1,1,1,1.0,3,74007,M,0.0,0.0,74
201400005368,14,7,2,930,1,1,1,1.0,1,74090,M,0.0,0.0,74
201400005369,14,7,5,300,5,2,1,2.0,6,74090,M,0.0,0.0,74
201400005370,14,7,29,1000,1,1,2,2.0,3,74007,M,0.0,0.0,74
201400005371,14,9,3,915,1,2,4,1.0,3,74224,M,0.0,0.0,74
201400005372,14,9,12,30,5,1,1,1.0,6,74090,M,0.0,0.0,74
201400005373,14,11,21,930,1,2,3,1.0,3,74087,M,0.0,0.0,74
201400005374,14,2,2,1030,1,2,1,8.0,1,74256,M,0.0,0.0,74
201400005375,14,10,16,1545,1,1,1,2.0,1,74256,M,0.0,0.0,74
201400005376,14,2,11,1245,1,2,3,1.0,3,74134,M,0.0,0.0,74
201400005377,14,2,14,1545,3,1,1,1.0,6,74276,M,4612500.0,661600.0,74
201400005378,14,4,7,2315,3,2,1,1.0,1,74294,M,0.0,0.0,74
201400005379,14,4,26,2000,3,1,1,3.0,7,74258,M,0.0,0.0,74
201400005380,14,5,18,1930,1,1,1,1.0,7,74183,M,0.0,0.0,74
201400005381,14,6,9,1645,1,1,1,1.0,6,74134,M,0.0,0.0,74
201400005382,14,7,9,1630,1,2,1,2.0,6,74183,M,0.0,0.0,74
201400005383,14,7,18,1930,1,1,1,1.0,3,74223,M,0.0,0.0,74
201400005384,14,7,19,830,1,1,1,1.0,2,74276,M,0.0,0.0,74
201400005385,14,7,25,815,1,2,3,1.0,3,74258,M,0.0,0.0,74
201400005386,14,8,10,1245,1,2,1,1.0,1,74183,M,0.0,0.0,74
201400005387,14,8,12,1615,1,1,1,1.0,1,74276,M,0.0,0.0,74
201400005388,14,8,17,1545,1,1,1,1.0,5,74276,M,0.0,0.0,74
201400005389,14,8,18,1915,1,1,1,1.0,1,74276,M,0.0,0.0,74
201400005390,14,8,30,1845,1,1,1,1.0,7,74223,M,0.0,0.0,74
201400005391,14,9,11,2330,3,2,1,1.0,1,74183,M,0.0,0.0,74
201400005392,14,2,10,1215,5,2,3,2.0,1,74243,M,0.0,0.0,74
201400005393,14,4,6,1145,1,1,3,1.0,3,74082,M,0.0,0.0,74
201400005394,14,10,21,930,1,2,1,2.0,2,74243,M,0.0,0.0,74
201400005395,14,12,24,700,5,1,1,9.0,5,74243,M,0.0,0.0,74
201400005396,14,1,17,700,3,1,8,2.0,3,74220,M,0.0,0.0,74
201400005397,14,2,9,415,3,1,1,1.0,6,74229,M,0.0,0.0,74
201400005398,14,3,21,1730,1,2,4,1.0,1,74220,M,0.0,0.0,74
201400005399,14,4,3,1645,1,1,1,1.0,3,74094,M,0.0,0.0,74
201400005400,14,6,8,2045,1,1,1,1.0,4,74128,M,0.0,0.0,74
201400005401,14,7,3,1230,1,1,1,1.0,1,74040,M,0.0,0.0,74
201400005402,14,7,14,1215,1,1,3,2.0,1,74220,M,0.0,0.0,74
201400005403,14,7,18,1800,1,1,1,1.0,3,74094,M,0.0,0.0,74
201400005404,14,8,31,2315,3,1,1,1.0,1,74229,M,0.0,0.0,74
201400005405,14,9,11,1445,1,1,1,1.0,3,74197,M,0.0,0.0,74
201400005406,14,1,11,1115,1,2,4,1.0,7,74009,M,4605900.0,606600.0,74
201400005407,14,1,27,645,5,2,1,1.0,6,74096,M,0.0,0.0,74
201400005408,14,4,2,1645,1,2,2,1.0,3,74006,M,0.0,0.0,74
201400005409,14,4,24,1400,1,2,1,1.0,1,74096,M,0.0,0.0,74
201400005410,14,5,11,1445,1,2,1,1.0,1,74096,M,0.0,0.0,74
201400005411,14,6,25,700,1,1,1,1.0,2,74296,M,0.0,0.0,74
201400005412,14,7,31,1830,1,2,1,1.0,3,74288,M,0.0,0.0,74
201400005413,14,9,4,1345,1,2,6,1.0,7,74288,M,0.0,0.0,74
201400005414,14,9,13,1645,1,2,2,1.0,3,74288,M,0.0,0.0,74
201400005415,14,9,23,1715,1,2,2,1.0,3,74096,M,0.0,0.0,74
201400005416,14,10,9,745,1,1,6,1.0,3,74006,M,0.0,0.0,74
201400005417,14,12,9,1115,1,2,2,1.0,3,74006,M,0.0,0.0,74
201400005418,14,5,7,1615,1,1,9,1.0,3,74077,M,0.0,0.0,74
201400005419,14,6,22,1930,1,2,1,1.0,1,74068,M,0.0,0.0,74
201400005420,14,8,22,1350,1,1,1,1.0,1,74131,M,0.0,0.0,74
201400005421,14,10,23,2245,5,1,1,1.0,6,74269,M,0.0,0.0,74
201400005422,14,10,26,330,5,1,6,1.0,6,74068,M,0.0,0.0,74
201400005423,14,11,1,1145,1,1,1,1.0,7,74109,M,0.0,0.0,74
201400005424,14,12,14,345,3,1,1,8.0,1,74269,M,0.0,0.0,74
201400005425,14,5,21,1800,1,1,1,1.0,1,74286,M,0.0,0.0,74
201400005426,14,5,21,2100,2,2,1,1.0,6,74058,M,0.0,0.0,74
201400005427,14,7,1,1030,1,2,1,1.0,1,74041,M,0.0,0.0,74
201400005428,14,8,4,630,2,1,1,1.0,7,74001,M,0.0,0.0,74
201400005429,14,9,28,1815,1,1,1,1.0,7,74058,M,0.0,0.0,74
201400005430,14,12,7,315,3,1,1,1.0,6,74063,M,0.0,0.0,74
201400005431,14,12,23,45,5,2,1,1.0,3,74058,M,0.0,0.0,74
201400005432,14,10,17,1945,5,2,1,1.0,6,74155,M,0.0,0.0,74
201400005433,14,1,1,1630,1,1,1,8.0,5,74175,M,0.0,0.0,74
201400005434,14,3,13,1415,1,1,3,1.0,3,74249,M,0.0,0.0,74
201400005435,14,7,20,600,1,1,1,1.0,1,74175,M,0.0,0.0,74
201400005436,14,8,10,630,1,1,1,1.0,5,74175,M,0.0,0.0,74
201400005437,14,11,3,600,2,1,1,8.0,1,74154,M,0.0,0.0,74
201400005438,14,1,15,1315,1,1,1,8.0,1,63263,M,0.0,0.0,63
201400005439,14,2,13,1700,1,1,1,2.0,6,63307,M,0.0,0.0,63
201400005440,14,3,14,1730,1,1,3,7.0,1,63307,M,0.0,0.0,63
201400005441,14,5,26,1915,2,1,1,3.0,4,63345,M,0.0,0.0,63
201400005442,14,10,11,1630,1,1,9,1.0,3,63307,M,0.0,0.0,63
201400005443,14,11,1,1045,1,2,1,1.0,1,63345,M,4571782.0,300582.0,63
201400005444,14,1,7,1615,1,1,1,1.0,5,63273,M,0.0,0.0,63
201400005445,14,1,8,1630,1,1,2,1.0,3,63154,M,0.0,0.0,63
201400005446,14,3,9,100,5,2,1,1.0,6,63453,M,0.0,0.0,63
201400005447,14,4,13,1230,1,2,1,1.0,1,63226,M,4577000.0,324100.0,63
201400005448,14,4,18,1045,1,2,1,1.0,5,63453,M,0.0,0.0,63
201400005449,14,4,9,915,1,1,1,2.0,6,63216,M,0.0,0.0,63
201400005450,14,8,6,1700,1,1,1,1.0,1,63157,M,0.0,0.0,63
201400005451,14,9,3,1900,1,2,1,1.0,3,63453,M,0.0,0.0,63
201400005452,14,9,23,1030,1,2,1,1.0,3,63453,M,4579000.0,329000.0,63
201400005453,14,12,8,1145,1,1,1,1.0,6,63106,M,0.0,0.0,63
201400005454,14,12,13,1700,5,2,1,1.0,3,63040,M,4572646.0,333955.0,63
201400005455,14,12,19,945,1,1,1,1.0,2,63045,M,0.0,0.0,63
201400005456,14,8,27,1245,1,1,3,1.0,3,63246,M,4559588.0,274864.0,63
201400005457,14,9,6,1715,1,1,1,1.0,1,63246,M,0.0,0.0,63
201400005458,14,9,7,1815,1,1,1,1.0,6,63236,M,4559000.0,282300.0,63
201400005459,14,9,11,1730,2,2,1,7.0,6,63047,M,4558826.0,273723.0,63
201400005460,14,1,23,800,2,1,1,4.0,7,63263,M,4577300.0,298400.0,63
201400005461,14,1,27,1800,2,2,1,1.0,7,63307,M,4572741.0,310064.0,63
201400005462,14,8,1,1230,1,1,1,1.0,1,63263,M,4579900.0,303400.0,63
201400005463,14,4,14,915,1,2,9,1.0,6,63284,M,4579891.0,324266.0,63
201400005464,14,5,21,1715,1,2,1,1.0,7,63213,M,4581453.0,323986.0,63
201400005465,14,6,28,2330,5,2,1,2.0,6,63284,M,4579562.0,324064.0,63
201400005466,14,9,14,1400,1,1,3,1.0,1,63133,M,0.0,0.0,63
201400005467,14,9,18,1915,2,1,1,2.0,1,63213,M,4584462.0,327643.0,63
201400005468,14,9,20,1030,1,1,1,8.0,1,63200,M,0.0,0.0,63
201400005469,14,12,5,600,3,1,1,1.0,6,63204,M,4580455.0,318508.0,63
201400005470,14,12,8,615,3,1,1,8.0,3,63284,M,4578950.0,322551.0,63
201400005471,14,3,4,445,3,1,1,4.0,3,63189,M,0.0,0.0,63
201400005472,14,3,17,1445,1,1,1,1.0,7,63351,M,0.0,0.0,63
201400005473,14,1,30,1245,1,1,1,1.0,1,63407,M,0.0,0.0,63
201400005474,14,5,12,1600,1,1,1,1.0,3,63026,M,0.0,0.0,63
201400005475,14,6,17,1845,1,1,1,1.0,6,63378,M,4567248.0,323545.0,63
201400005476,14,7,15,1245,1,1,1,1.0,6,63280,M,4500000.0,300000.0,63
201400005477,14,8,2,1930,1,1,1,1.0,3,63026,M,0.0,0.0,63
201400005478,14,8,10,1145,1,1,1,1.0,1,63472,M,0.0,0.0,63
201400005479,14,9,11,930,1,1,3,1.0,3,63396,M,0.0,0.0,63
201400005480,14,9,23,730,2,2,6,8.0,3,63457,M,4564462.0,323086.0,63
201400005481,14,10,8,1500,1,1,1,1.0,2,63227,M,0.0,0.0,63
201400005482,14,10,27,1815,5,2,2,1.0,3,63455,M,4568819.0,317241.0,63
201400005483,14,12,10,1630,2,1,2,8.0,5,63205,M,4559411.0,337478.0,63
201400005484,14,1,4,1345,1,1,1,1.0,6,63179,M,0.0,0.0,63
201400005485,14,2,4,1315,1,2,1,1.0,6,63003,M,4555300.0,374400.0,63
201400005486,14,2,10,1515,1,1,1,1.0,3,63010,M,4544300.0,372600.0,63
201400005487,14,3,5,1345,1,2,1,1.0,1,63003,M,4553532.0,372329.0,63
201400005488,14,3,16,1545,1,2,1,1.0,1,63003,M,4553300.0,380400.0,63
201400005489,14,5,1,1800,1,2,1,1.0,1,63161,M,4559600.0,376200.0,63
201400005490,14,5,18,1330,1,2,2,1.0,3,63010,M,4540338.0,371911.0,63
201400005491,14,6,2,630,1,2,1,1.0,6,63211,M,4548300.0,372800.0,63
201400005492,14,6,8,1215,1,1,1,1.0,6,63374,M,4553200.0,380700.0,63
201400005493,14,6,6,1015,1,1,1,1.0,6,63003,M,0.0,0.0,63
201400005494,14,7,5,1715,1,1,1,1.0,3,63179,M,0.0,0.0,63
201400005495,14,7,10,1000,1,1,1,3.0,2,63003,M,0.0,0.0,63
201400005496,14,9,3,1100,2,2,1,1.0,1,63010,M,4541432.0,372436.0,63
201400005497,14,9,21,1500,1,1,1,1.0,1,63179,M,4562293.0,372037.0,63
201400005498,14,9,28,1830,1,1,1,1.0,7,63003,M,0.0,0.0,63
201400005499,14,10,3,1915,2,1,1,1.0,1,63003,M,4558200.0,374300.0,63
201400005500,14,10,8,1730,1,1,1,1.0,1,63003,M,4556900.0,374500.0,63
201400005501,14,10,11,700,2,1,1,1.0,6,63312,M,4539500.0,363500.0,63
201400005502,14,10,21,1530,1,1,1,1.0,1,63003,M,0.0,0.0,63
201400005503,14,11,11,1700,2,1,1,1.0,7,63010,M,4540400.0,373600.0,63
201400005504,14,11,18,1730,3,2,1,2.0,2,63010,M,0.0,0.0,63
201400005505,14,12,9,900,1,1,1,4.0,6,63179,M,4558787.0,372728.0,63
201400005506,14,4,13,1715,1,2,1,1.0,6,63454,M,4564900.0,370700.0,63
201400005507,14,8,27,1845,1,1,1,1.0,3,63371,M,4547300.0,377800.0,63
201400005508,14,11,24,1215,1,1,1,8.0,7,63465,M,0.0,0.0,63
201400005509,14,2,16,1300,1,1,1,1.0,1,63037,M,0.0,0.0,63
201400005510,14,3,29,2030,3,1,1,1.0,1,63314,M,0.0,0.0,63
201400005511,14,1,25,1230,1,1,1,1.0,5,63234,M,0.0,0.0,63
201400005512,14,1,27,1130,1,1,1,1.0,1,63178,M,4554813.0,324497.0,63
201400005513,14,9,23,730,1,2,1,1.0,5,63121,M,0.0,0.0,63
201400005514,14,10,4,1815,1,2,1,1.0,4,63178,M,4554361.0,0.0,63
201400005515,14,10,5,545,5,2,1,1.0,1,63275,M,4554363.0,320665.0,63
201400005516,14,5,24,1415,1,1,1,1.0,7,63077,M,0.0,0.0,63
201400005517,14,7,4,1515,1,1,2,2.0,3,63038,M,4550094.0,288482.0,63
201400005518,14,11,22,1230,1,2,1,1.0,6,63144,M,0.0,0.0,63
201400005519,14,11,22,1515,1,1,1,1.0,3,63247,M,0.0,0.0,63
201400005520,14,8,18,1700,1,1,1,1.0,1,63091,M,4542500.0,328700.0,63
201400005521,14,9,8,1615,1,1,1,8.0,1,63415,M,4559600.0,338600.0,63
201400005522,14,11,14,1515,1,1,1,1.0,6,63031,M,0.0,0.0,63
201400005523,14,12,8,1800,5,1,1,2.0,6,63022,M,0.0,0.0,63
201400005524,14,2,25,1600,1,1,1,1.0,6,63255,M,0.0,0.0,63
201400005525,14,6,2,1715,1,2,3,1.0,4,63352,M,4546600.0,325600.0,63
201400005526,14,8,15,415,3,1,1,2.0,6,63209,M,4549200.0,317300.0,63
201400005527,14,12,7,1230,1,1,1,1.0,7,63009,M,4541800.0,313600.0,63
201400005528,14,4,21,1715,1,1,1,1.0,4,63470,M,4587100.0,302000.0,63
201400005529,14,6,15,1815,1,1,9,1.0,3,63470,M,4587000.0,304000.0,63