Num_Acc,an,mois,jour,hrmn,lum,agg,int,atm,col,com,gps,lat,long,dep
201400005530,14,6,19,1300,1,2,1,1.0,1,63150,M,4590000.0,305200.0,63
201400005531,14,7,8,1715,1,1,9,2.0,3,63470,M,4587300.0,303100.0,63
201400005532,14,8,24,1330,1,1,1,1.0,6,63470,M,0.0,0.0,63
201400005533,14,6,15,130,3,2,1,1.0,5,63446,M,4605300.0,316300.0,63
201400005534,14,1,8,1015,1,1,2,1.0,3,63033,M,0.0,0.0,63
201400005535,14,1,24,1500,1,1,2,8.0,1,63089,M,0.0,0.0,63
201400005536,14,3,16,2030,3,1,1,1.0,7,63215,M,4593746.0,320771.0,63
201400005537,14,3,21,2200,5,2,1,1.0,6,63148,M,4590300.0,321900.0,63
201400005538,14,4,6,1330,1,1,1,1.0,1,63295,M,0.0,0.0,63
201400005539,14,4,12,1700,1,1,1,1.0,1,63089,M,4587900.0,321800.0,63
201400005540,14,4,26,630,2,1,1,1.0,6,63089,M,4587600.0,321800.0,63
201400005541,14,5,25,1700,1,1,1,1.0,5,63089,M,4586900.0,320400.0,63
201400005542,14,6,14,130,3,1,1,1.0,7,63148,M,4591700.0,321100.0,63
201400005543,14,6,17,1400,1,2,1,1.0,1,63424,M,0.0,0.0,63
201400005544,14,6,29,1800,1,1,1,8.0,1,63232,M,4599300.0,342500.0,63
201400005545,14,4,15,700,2,1,1,1.0,6,63283,M,0.0,0.0,63
201400005546,14,6,12,1930,1,1,1,1.0,1,63085,M,0.0,0.0,63
201400005547,14,6,19,1930,1,1,1,1.0,1,63238,M,0.0,0.0,63
201400005548,14,6,29,2130,2,2,1,1.0,6,63085,M,4589249.0,286129.0,63
201400005549,14,7,15,845,1,2,1,1.0,6,63165,M,0.0,0.0,63
201400005550,14,9,15,1545,1,1,1,1.0,4,63115,M,4586400.0,262800.0,63
201400005551,14,9,29,1415,1,1,1,1.0,1,63118,M,4584600.0,252000.0,63
201400005552,14,12,18,1730,3,1,1,2.0,1,63055,M,4584000.0,284400.0,63
201400005553,14,4,9,1245,1,1,1,1.0,6,63011,M,0.0,0.0,63
201400005554,14,4,10,1045,3,1,1,1.0,6,63130,M,0.0,0.0,63
201400005555,14,6,22,1145,1,1,1,1.0,6,63391,M,0.0,0.0,63
201400005556,14,7,24,1000,1,2,1,1.0,6,63338,M,4616064.0,283423.0,63
201400005557,14,8,28,1615,1,1,1,1.0,1,63243,M,0.0,0.0,63
201400005558,14,9,23,745,2,1,1,1.0,3,63233,M,0.0,0.0,63
201400005559,14,11,3,830,1,1,1,1.0,6,63011,M,0.0,0.0,63
201400005560,14,3,28,1815,1,2,1,1.0,1,63008,M,4547000.0,318300.0,63
201400005561,14,4,19,2100,5,2,1,1.0,3,63231,M,0.0,0.0,63
201400005562,14,4,25,1545,1,2,1,2.0,1,63430,M,4584589.0,352477.0,63
201400005563,14,5,4,1415,1,1,2,1.0,3,63276,M,4583007.0,348150.0,63
201400005564,14,5,8,1845,1,1,2,1.0,6,63430,M,4585597.0,352416.0,63
201400005565,14,5,31,1015,1,2,1,1.0,6,63430,M,4585539.0,354865.0,63
201400005566,14,7,5,1400,1,1,1,1.0,1,63430,M,0.0,0.0,63
201400005567,14,8,11,745,2,1,1,2.0,7,63276,M,0.0,0.0,63
201400005568,14,9,30,1345,1,1,1,1.0,6,63276,M,0.0,0.0,63
201400005569,14,10,30,1745,2,1,1,1.0,5,63430,M,0.0,0.0,63
201400005570,14,11,26,1315,1,2,6,1.0,3,63430,M,4584727.0,352911.0,63
201400005571,14,12,6,1915,3,1,1,2.0,6,63276,M,0.0,0.0,63
201400005572,14,3,13,2345,3,2,1,1.0,3,63195,M,0.0,0.0,63
201400005573,14,6,29,1815,1,1,1,3.0,6,63015,M,0.0,0.0,63
201400005574,14,11,16,1845,5,1,1,8.0,1,63194,M,4583301.0,332949.0,63
201400005575,14,2,14,1345,1,1,1,1.0,6,63210,M,4592200.0,335200.0,63
201400005576,14,3,4,600,3,2,1,1.0,3,63271,M,0.0,0.0,63
201400005577,14,3,8,1830,3,1,1,1.0,6,63102,M,0.0,0.0,63
201400005578,14,4,30,200,4,1,1,1.0,6,63128,M,0.0,0.0,63
201400005579,14,5,11,1430,1,2,1,1.0,6,63291,M,4595900.0,348700.0,63
201400005580,14,7,1,1730,1,2,1,1.0,6,63271,M,0.0,0.0,63
201400005581,14,7,6,1000,1,1,1,1.0,6,63128,M,0.0,0.0,63
201400005582,14,7,9,2045,3,1,1,2.0,7,63271,M,0.0,0.0,63
201400005583,14,8,15,1500,1,2,1,1.0,3,63180,M,4586800.0,330200.0,63
201400005584,14,8,19,1600,1,1,1,1.0,6,63271,M,4594100.0,349100.0,63
201400005585,14,8,20,1800,1,1,1,1.0,1,63180,M,0.0,0.0,63
201400005586,14,9,4,1800,1,2,1,1.0,6,63180,M,4588204.0,331880.0,63
201400005587,14,9,26,1830,1,2,1,1.0,6,63210,M,4592145.0,333007.0,63
201400005588,14,10,15,1745,2,2,1,2.0,3,63291,M,0.0,0.0,63
201400005589,14,12,24,1930,3,1,1,8.0,6,63210,M,0.0,0.0,63
201400005590,14,1,8,1645,1,1,1,1.0,1,03200,M,4655800.0,330000.0,03
201400005591,14,3,31,1800,1,1,1,1.0,2,03200,M,0.0,0.0,03
201400005592,14,4,27,1530,1,1,1,9.0,7,03015,M,4666100.0,322300.0,03
201400005593,14,6,11,1900,1,2,1,7.0,1,03121,M,4668000.0,342200.0,03
201400005594,14,6,21,2320,3,1,1,1.0,2,03040,M,4654700.0,332100.0,03
201400005595,14,7,15,1400,1,2,1,1.0,3,03229,M,0.0,0.0,03
201400005596,14,8,11,1545,1,1,1,8.0,4,03316,M,4667300.0,324000.0,03
201400005597,14,9,8,730,1,1,1,1.0,6,03121,M,0.0,0.0,03
201400005598,14,11,3,1400,1,1,1,1.0,6,03286,M,4652300.0,343300.0,03
201400005599,14,11,11,1245,1,1,1,1.0,1,03316,M,0.0,0.0,03
201400005600,14,11,28,1900,3,1,1,1.0,3,03286,M,4650600.0,336400.0,03
201400005601,14,12,9,1530,1,1,1,1.0,1,03200,M,4657400.0,328900.0,03
201400005602,14,7,16,1815,1,1,1,1.0,6,03320,M,0.0,0.0,03
201400005603,14,11,7,1615,1,2,1,1.0,3,03155,M,0.0,0.0,03
201400005604,14,3,24,1445,1,1,1,1.0,4,03102,M,0.0,0.0,03
201400005605,14,3,24,1430,1,1,1,1.0,5,03173,M,0.0,0.0,03
201400005606,14,3,25,1345,1,1,1,8.0,4,03102,M,0.0,0.0,03
201400005607,14,4,1,45,3,1,1,1.0,6,03265,M,0.0,0.0,03
201400005608,14,4,4,1815,1,1,1,3.0,1,03086,M,0.0,0.0,03
201400005609,14,6,23,1015,1,1,1,1.0,3,03207,M,0.0,0.0,03
201400005610,14,6,25,1300,1,2,1,1.0,6,03265,M,0.0,0.0,03
201400005611,14,7,15,1015,1,1,1,1.0,1,03253,M,0.0,0.0,03
201400005612,14,9,6,1800,1,1,2,1.0,3,03253,M,0.0,0.0,03
201400005613,14,12,18,800,3,2,1,1.0,6,03065,M,4641000.0,331300.0,03
201400005614,14,1,10,715,3,1,1,1.0,7,03197,M,4649500.0,340200.0,03
201400005615,14,3,12,1815,1,1,3,1.0,3,03263,M,0.0,0.0,03
201400005616,14,5,10,930,1,1,1,1.0,6,03156,M,0.0,0.0,03
201400005617,14,5,20,2000,1,1,1,1.0,3,03114,M,0.0,0.0,03
201400005618,14,5,21,1630,1,1,1,1.0,5,03025,M,0.0,0.0,03
201400005619,14,8,17,1015,1,1,1,1.0,2,03234,M,0.0,0.0,03
201400005620,14,4,2,2230,3,1,1,1.0,1,03254,M,0.0,0.0,03
201400005621,14,7,3,1945,1,2,1,1.0,6,03175,M,0.0,0.0,03
201400005622,14,11,15,1645,1,1,1,8.0,6,03049,M,0.0,0.0,03
201400005623,14,2,26,345,3,1,1,2.0,7,03039,M,4645700.0,323000.0,03
201400005624,14,3,9,1700,1,1,1,1.0,2,03065,M,4641500.0,331400.0,03
201400005625,14,3,16,1030,1,1,1,1.0,3,03247,M,4658300.0,316500.0,03
201400005626,14,4,13,900,1,1,1,1.0,7,03065,M,4643400.0,331600.0,03
201400005627,14,4,16,1730,1,2,1,1.0,5,03247,M,4658800.0,316100.0,03
201400005628,14,6,3,1715,1,1,2,1.0,3,03092,M,4645100.0,318400.0,03
201400005629,14,6,6,815,1,1,1,1.0,5,03026,M,4646300.0,325700.0,03
201400005630,14,6,13,1030,1,1,1,1.0,7,03260,M,4641300.0,304500.0,03
201400005631,14,6,28,1445,1,2,1,1.0,6,03065,M,4640800.0,331200.0,03
201400005632,14,8,8,1845,1,1,1,8.0,7,03275,M,4654100.0,320400.0,03
201400005633,14,12,5,2100,3,1,9,1.0,3,03073,M,0.0,0.0,03
201400005634,14,6,8,1815,1,1,2,7.0,2,03279,M,0.0,0.0,03
201400005635,14,7,27,1500,1,1,3,1.0,1,03259,M,4641000.0,234100.0,03
201400005636,14,5,10,1645,1,2,2,1.0,3,03037,M,0.0,0.0,03
201400005637,14,2,21,930,1,2,1,1.0,3,03082,M,0.0,0.0,03
201400005638,14,10,14,1030,1,2,1,1.0,6,03082,M,0.0,0.0,03
201400005639,14,11,15,1200,1,1,2,1.0,3,03082,M,0.0,0.0,03
201400005640,14,12,5,745,2,1,1,1.0,6,03052,M,0.0,0.0,03
201400005641,14,12,9,1030,1,2,1,8.0,5,03082,M,0.0,0.0,03
201400005642,14,7,20,1915,1,1,1,2.0,5,03186,M,0.0,0.0,03
201400005643,14,7,17,1300,1,1,1,1.0,1,03189,M,0.0,0.0,03
201400005644,14,8,22,1415,1,1,1,1.0,1,03186,M,0.0,0.0,03
201400005645,14,9,20,1830,1,2,1,3.0,6,03070,M,0.0,0.0,03
201400005646,14,10,20,630,5,2,1,1.0,1,03186,M,0.0,0.0,03
201400005647,14,3,2,800,1,1,1,1.0,6,03080,M,0.0,0.0,03
201400005648,14,6,20,1345,1,2,1,1.0,1,03264,M,0.0,0.0,03
201400005649,14,6,26,1200,1,2,1,1.0,3,03264,M,0.0,0.0,03
201400005650,14,6,29,1815,1,1,1,8.0,2,03258,M,0.0,0.0,03
201400005651,14,7,3,1815,1,2,2,1.0,1,03174,M,0.0,0.0,03
201400005652,14,8,21,1600,1,1,1,1.0,7,03056,M,0.0,0.0,03
201400005653,14,10,13,700,2,2,1,8.0,6,03264,M,0.0,0.0,03
201400005654,14,5,4,230,4,2,1,1.0,7,03118,M,0.0,0.0,03
201400005655,14,5,8,1845,1,1,1,1.0,6,03220,M,0.0,0.0,03
201400005656,14,7,14,1715,1,1,1,1.0,6,03078,M,0.0,0.0,03
201400005657,14,7,28,1130,1,1,1,3.0,5,03043,M,4618800.0,325900.0,03
201400005658,14,8,31,1630,1,2,1,1.0,3,03118,M,0.0,0.0,03
201400005659,14,9,20,1200,1,2,1,1.0,7,03078,M,0.0,0.0,03
201400005660,14,10,24,945,1,1,1,7.0,3,03043,M,0.0,0.0,03
201400005661,14,10,21,1245,1,1,1,1.0,6,03135,M,0.0,0.0,03
201400005662,14,1,13,1730,2,1,1,8.0,1,03240,M,4667600.0,309600.0,03
201400005663,14,3,17,1630,1,2,2,1.0,3,03138,M,0.0,0.0,03
201400005664,14,4,20,1200,1,1,1,1.0,1,03105,M,0.0,0.0,03
201400005665,14,5,24,545,2,1,1,1.0,7,03272,M,0.0,0.0,03
201400005666,14,7,29,1415,1,2,1,2.0,6,03291,M,0.0,0.0,03
201400005667,14,8,19,1400,1,1,1,1.0,1,03132,M,0.0,0.0,03
201400005668,14,8,21,1215,1,1,1,1.0,1,03138,M,0.0,0.0,03
201400005669,14,8,23,845,1,1,1,1.0,7,03178,M,0.0,0.0,03
201400005670,14,6,24,1900,1,1,1,1.0,6,03165,M,4608300.0,367600.0,03
201400005671,14,10,22,1045,1,1,1,1.0,3,03042,M,4616300.0,364800.0,03
201400005672,14,1,7,930,1,2,1,1.0,6,03298,M,0.0,0.0,03
201400005673,14,3,18,1600,1,1,2,1.0,3,03187,M,4633900.0,344400.0,03
201400005674,14,3,23,1200,1,1,1,1.0,7,03215,M,4629400.0,346300.0,03
201400005675,14,8,26,1100,1,1,1,1.0,6,03235,M,0.0,0.0,03
201400005676,14,10,8,1845,1,2,3,1.0,1,03298,M,4632000.0,340500.0,03
201400005677,14,11,8,930,1,2,1,1.0,6,03298,M,4631900.0,339900.0,03
201400005678,14,12,27,1845,3,1,1,1.0,6,03091,M,0.0,0.0,03
201400005679,14,3,2,1515,1,1,1,1.0,3,15267,M,4489800.0,240000.0,15
201400005680,14,3,27,1715,1,1,1,1.0,6,15267,M,4492200.0,239800.0,15
201400005681,14,11,22,1015,1,1,1,1.0,5,15267,M,0.0,0.0,15
201400005682,14,12,9,1000,1,1,2,1.0,3,15181,M,4470200.0,221700.0,15
201400005683,14,6,16,1900,1,1,1,1.0,6,15156,M,4484700.0,249800.0,15
201400005684,14,11,16,1715,2,2,1,3.0,6,15134,M,4470200.0,250900.0,15
201400005685,14,1,10,745,1,1,1,1.0,1,15028,M,0.0,0.0,15
201400005686,14,2,9,900,1,1,1,2.0,3,15154,M,0.0,0.0,15
201400005687,14,2,21,1100,1,1,1,8.0,6,15252,M,0.0,0.0,15
201400005688,14,5,14,1215,1,1,1,1.0,3,15074,M,0.0,0.0,15
201400005689,14,5,24,2200,3,1,1,1.0,7,15028,M,0.0,0.0,15
201400005690,14,6,9,1700,1,2,1,1.0,7,15058,M,0.0,0.0,15
201400005691,14,7,17,1600,1,1,1,1.0,7,15257,M,0.0,0.0,15
201400005692,14,8,4,1930,1,1,1,1.0,6,15113,M,0.0,0.0,15
201400005693,14,9,4,1700,1,2,1,1.0,6,15257,M,0.0,0.0,15
201400005694,14,9,12,1100,1,2,1,1.0,6,15258,M,0.0,0.0,15
201400005695,14,9,16,915,1,1,1,1.0,3,15074,M,4493300.0,248600.0,15
201400005696,14,11,17,1830,3,1,1,2.0,5,15266,M,0.0,0.0,15
201400005697,14,3,6,1745,1,1,1,1.0,6,15063,M,4518500.0,237900.0,15
201400005698,14,4,1,845,1,1,1,1.0,1,15120,M,4524000.0,235700.0,15
201400005699,14,9,5,1315,1,1,4,1.0,1,15009,M,4526300.0,269100.0,15
201400005700,14,2,24,1515,1,1,1,1.0,6,15202,M,4511300.0,243100.0,15
201400005701,14,10,23,1400,1,1,1,1.0,1,15202,M,4514000.0,246700.0,15
201400005702,14,5,13,1645,1,1,2,1.0,3,15265,M,4535800.0,246300.0,15
201400005703,14,7,1,1430,1,1,1,8.0,7,15111,M,0.0,0.0,15
201400005704,14,10,20,1800,1,1,1,1.0,3,15265,M,0.0,0.0,15
201400005705,14,11,26,15,3,1,1,8.0,6,15092,M,4545000.0,254100.0,15
201400005706,14,6,16,1700,1,2,1,1.0,6,15188,M,4503400.0,313600.0,15
201400005707,14,6,18,830,1,1,1,1.0,6,15188,M,4501200.0,311700.0,15
201400005708,14,7,18,1530,1,1,1,1.0,7,15055,M,0.0,0.0,15
201400005709,14,10,2,1715,1,1,1,1.0,6,15164,M,4506100.0,301400.0,15
201400005710,14,1,3,1800,3,1,1,2.0,6,15171,M,4517300.0,297600.0,15
201400005711,14,3,26,1200,1,1,1,1.0,1,15119,M,4526600.0,317900.0,15
201400005712,14,4,9,645,2,1,1,1.0,7,15119,M,4525000.0,318300.0,15
201400005713,14,4,19,1430,1,1,1,1.0,6,15171,M,4520400.0,293900.0,15
201400005714,14,4,29,1930,1,1,1,8.0,7,15042,M,0.0,0.0,15
201400005715,14,7,17,1845,1,1,3,1.0,3,15141,M,4513400.0,296500.0,15
201400005716,14,8,23,1700,1,1,1,1.0,7,15119,M,4523900.0,317600.0,15
201400005717,14,9,24,945,1,1,1,1.0,2,15127,M,4520600.0,309100.0,15
201400005718,14,10,11,1845,2,1,1,1.0,7,15080,M,0.0,0.0,15
201400005719,14,11,9,1445,1,1,1,2.0,1,15151,M,4519700.0,308500.0,15
201400005720,14,12,2,1945,3,1,1,2.0,6,15127,M,0.0,0.0,15
201400005721,14,1,21,1430,1,1,1,1.0,6,15061,M,4515800.0,281900.0,15
201400005722,14,4,14,1800,1,1,9,1.0,1,15138,M,0.0,0.0,15
201400005723,14,5,20,1715,1,2,1,1.0,6,15138,M,0.0,0.0,15
201400005724,14,2,6,1930,5,2,1,6.0,6,43018,M,4500910.0,377424.0,43
201400005725,14,3,15,1830,1,1,1,1.0,6,43221,M,4497330.0,366627.0,43
201400005726,14,8,7,1200,1,1,1,1.0,1,43039,M,4493340.0,384479.0,43
201400005727,14,8,19,2230,3,1,1,1.0,6,43039,M,4488890.0,386752.0,43
201400005728,14,9,1,1345,1,1,1,1.0,1,43215,M,4481510.0,387552.0,43
201400005729,14,10,8,30,3,1,1,2.0,6,43241,M,4497140.0,390880.0,43
201400005730,14,10,27,2045,2,1,1,1.0,6,43145,M,4491610.0,374932.0,43
201400005731,14,10,31,1645,1,2,1,1.0,6,43084,M,4499000.0,386425.0,43
201400005732,14,2,8,2130,3,1,1,2.0,6,43023,M,4527450.0,382007.0,43
201400005733,14,3,4,1030,1,1,1,4.0,6,43128,M,4534420.0,372168.0,43
201400005734,14,3,9,1730,1,1,1,1.0,6,43048,M,4532600.0,369071.0,43
201400005735,14,3,12,1730,1,2,1,1.0,1,43093,M,4527650.0,372625.0,43
201400005736,14,6,18,1530,1,1,3,3.0,3,43093,M,4528710.0,375403.0,43
201400005737,14,7,27,200,5,2,3,1.0,7,43080,M,4532980.0,384121.0,43
201400005738,14,10,28,915,1,1,1,1.0,6,43095,M,4514020.0,367467.0,43
201400005739,14,2,3,1045,1,1,1,7.0,1,43091,M,4490470.0,414644.0,43
201400005740,14,2,28,1015,1,1,1,4.0,3,43144,M,4493880.0,410745.0,43
201400005741,14,4,21,600,2,1,1,2.0,6,43150,M,4509340.0,405581.0,43
201400005742,14,7,3,200,3,1,1,1.0,3,43194,M,4506950.0,404171.0,43
201400005743,14,7,24,1800,1,1,1,1.0,3,43190,M,4502020.0,400479.0,43
201400005744,14,8,15,1915,1,1,1,1.0,1,43194,M,4508110.0,405241.0,43
201400005745,14,8,28,1130,1,1,1,1.0,1,43135,M,4493130.0,402189.0,43
201400005746,14,9,29,1945,3,1,1,1.0,6,43053,M,4502870.0,411266.0,43
201400005747,14,10,5,1115,1,1,1,1.0,6,43078,M,4501120.0,393728.0,43
201400005748,14,10,2,1800,1,2,3,1.0,3,43135,M,4493680.0,399656.0,43
201400005749,14,12,3,830,1,1,1,4.0,6,43098,M,4492790.0,407081.0,43
201400005750,14,1,4,1145,1,1,1,2.0,3,43124,M,4509800.0,378037.0,43
201400005751,14,1,9,1230,1,1,1,1.0,6,43140,M,4507670.0,391180.0,43
201400005752,14,3,2,1900,3,1,1,1.0,6,43152,M,4509200.0,385516.0,43
201400005753,14,4,4,945,1,1,1,1.0,6,43124,M,4509800.0,378037.0,43
201400005754,14,6,18,1430,1,1,1,1.0,1,43152,M,4509310.0,386954.0,43
201400005755,14,7,23,400,3,1,1,2.0,6,43230,M,4516860.0,392921.0,43
201400005756,14,10,18,1430,1,1,3,1.0,3,43049,M,4520700.0,399362.0,43
201400005757,14,9,12,1415,1,1,1,1.0,6,43131,M,4518870.0,356838.0,43
201400005758,14,4,3,1530,1,1,1,1.0,6,43112,M,,,43
201400005759,14,4,6,430,3,1,1,1.0,6,43060,M,4502730.0,354388.0,43
201400005760,14,4,8,1215,1,1,1,1.0,3,43132,M,4514230.0,356786.0,43
201400005761,14,4,10,1730,1,1,3,1.0,1,43132,M,4510580.0,352161.0,43
201400005762,14,5,12,1115,1,1,1,1.0,1,43094,M,4509560.0,340503.0,43
201400005763,14,7,15,1145,1,1,1,1.0,6,43112,M,4510110.0,349748.0,43
201400005764,14,11,14,1815,2,1,1,2.0,6,43220,M,4491560.0,359197.0,43
201400005765,14,12,6,1515,1,2,3,2.0,1,43185,M,4540510.0,331802.0,43
201400005766,14,12,12,145,3,2,1,1.0,6,43258,M,,,43
201400005767,14,12,19,2030,3,1,2,1.0,5,43170,M,4527360.0,329946.0,43
201400005768,14,1,9,1130,1,1,1,1.0,1,43268,M,4512890.0,414379.0,43
201400005769,14,1,10,1745,5,2,3,1.0,3,43268,M,4514360.0,412167.0,43
201400005770,14,1,12,1430,1,1,1,8.0,1,43025,M,,,43
201400005771,14,4,4,1345,1,2,1,2.0,7,43268,M,4516260.0,417005.0,43
201400005772,14,7,12,630,2,1,1,1.0,1,43268,M,4514850.0,411998.0,43
201400005773,14,7,24,1645,1,1,2,1.0,3,43102,M,4517240.0,418699.0,43
201400005774,14,10,29,1830,5,2,3,1.0,1,43268,M,4514860.0,412866.0,43
201400005775,14,1,5,1400,1,2,1,1.0,6,43020,M,,,43
201400005776,14,1,8,1845,5,2,3,1.0,2,43137,M,,,43
201400005777,14,2,15,1115,1,1,1,8.0,6,43212,M,4535480.0,392639.0,43
201400005778,14,4,15,1845,1,2,3,1.0,3,43012,M,4537060.0,420579.0,43
201400005779,14,5,21,1345,1,2,1,6.0,6,43020,M,,,43
201400005780,14,8,2,515,5,2,1,1.0,1,43020,M,,,43
201400005781,14,10,4,1830,1,1,1,1.0,1,43012,M,,,43
201400005782,14,12,29,1915,5,2,2,4.0,1,43137,M,,,43
201400005783,14,7,24,1100,1,1,1,5.0,3,43223,M,4525440.0,436596.0,43
201400005784,14,9,25,715,2,2,3,1.0,3,43153,M,,,43
201400005785,14,1,23,1815,3,1,1,1.0,1,43102,M,4516910.0,420477.0,43
201400005786,14,4,5,2300,3,1,1,1.0,6,43051,M,4508860.0,431530.0,43
201400005787,14,6,12,1345,1,1,4,1.0,3,43130,M,4503100.0,422447.0,43
201400005788,14,6,22,1500,1,1,2,1.0,3,43114,M,4516590.0,422740.0,43
201400005789,14,6,28,1700,1,1,4,1.0,3,43051,M,4506900.0,432817.0,43
201400005790,14,7,21,645,2,1,1,3.0,6,43051,M,4503980.0,434154.0,43
201400005791,14,9,7,1645,1,1,1,1.0,6,43163,M,4521650.0,438324.0,43
201400005792,14,11,30,2115,3,1,1,5.0,1,43244,M,4513030.0,429344.0,43
201400005793,14,1,16,1855,5,2,3,1.0,3,03185,M,,,03
201400005794,14,2,17,2220,5,2,1,1.0,1,03185,M,,,03
201400005795,14,2,27,1935,5,2,2,2.0,3,03185,M,,,03
201400005796,14,3,7,2115,5,2,2,1.0,3,03185,M,,,03
201400005797,14,3,7,2145,5,2,3,1.0,3,03185,M,,,03
201400005798,14,3,10,1050,1,2,1,1.0,6,03185,M,,,03
201400005799,14,3,15,50,5,2,2,1.0,6,03185,M,,,03
201400005800,14,3,26,1105,1,2,1,1.0,6,03185,M,,,03
201400005801,14,4,8,1400,1,2,1,1.0,6,03101,M,,,03
201400005802,14,4,20,2130,5,2,1,2.0,6,03185,M,,,03
201400005803,14,5,4,1650,1,1,1,1.0,1,03101,M,,,03
201400005804,14,5,22,2245,4,2,1,1.0,6,03101,M,,,03
201400005805,14,5,26,720,1,1,2,1.0,3,03101,M,,,03
201400005806,14,7,8,1740,1,2,6,1.0,3,03185,M,,,03
201400005807,14,7,27,1828,1,2,1,1.0,6,03098,M,,,03
201400005808,14,7,28,845,1,2,1,2.0,6,03185,M,,,03
201400005809,14,7,30,805,1,2,1,1.0,6,03185,M,,,03
201400005810,14,8,16,1545,1,2,3,1.0,3,03185,M,,,03
201400005811,14,8,19,2010,1,2,2,1.0,3,03185,M,,,03
201400005812,14,9,5,1845,1,2,2,1.0,3,03185,M,,,03
201400005813,14,9,9,740,1,2,1,2.0,6,03185,M,,,03
201400005814,14,9,14,1705,1,2,1,1.0,6,03101,M,,,03
201400005815,14,9,25,955,1,2,2,1.0,3,03185,M,,,03
201400005816,14,10,18,1940,5,2,1,1.0,6,03101,M,,,03
201400005817,14,10,30,2205,3,1,1,1.0,6,03140,M,,,03
201400005818,14,11,3,1810,5,2,2,1.0,3,03185,M,,,03
201400005819,14,11,21,2115,5,2,1,1.0,6,03101,M,,,03
201400005820,14,12,5,1520,1,1,1,1.0,2,03101,M,,,03
201400005821,14,9,18,1750,2,2,3,3.0,6,03190,M,,,03
201400005822,14,2,2,1405,1,1,3,1.0,3,03013,M,,,03
201400005823,14,1,23,1840,5,2,1,3.0,6,03321,M,,,03
201400005824,14,2,4,1610,1,2,1,1.0,6,03190,M,,,03
201400005825,14,2,13,1530,1,2,4,1.0,3,03190,M,,,03
201400005826,14,3,19,1835,1,2,9,1.0,6,03190,M,,,03
201400005827,14,4,26,850,1,2,1,1.0,6,03190,M,,,03
201400005828,14,5,27,1735,1,2,1,1.0,3,03190,M,,,03
201400005829,14,6,4,845,1,2,6,3.0,3,03321,M,,,03
201400005830,14,7,17,1130,1,2,4,1.0,3,03321,M,,,03
201400005831,14,8,23,1130,1,2,2,1.0,1,03321,M,,,03
201400005832,14,10,3,1815,1,1,1,1.0,1,03321,M,,,03
201400005833,14,11,27,1510,1,2,1,1.0,6,03013,M,,,03
201400005834,14,9,8,1630,1,1,1,1.0,6,03321,M,,,03
201400005835,14,9,6,1008,1,2,1,1.0,6,03190,M,,,03
201400005836,14,9,11,1820,1,2,1,1.0,5,03190,M,,,03
201400005837,14,1,26,1415,1,1,1,1.0,3,57543,M,0.0,0.0,57
201400005838,14,1,31,1745,2,1,1,1.0,6,57543,M,0.0,0.0,57
201400005839,14,2,13,945,1,2,1,3.0,3,57017,M,0.0,0.0,57
201400005840,14,5,12,2345,5,2,1,2.0,3,57543,M,0.0,0.0,57
201400005841,14,5,27,1015,1,2,6,1.0,6,57620,M,4919153.0,600514.0,57
201400005842,14,5,30,2200,5,2,1,1.0,7,57481,M,4921731.0,602217.0,57
201400005843,14,6,22,1300,1,2,1,1.0,6,57620,M,0.0,0.0,57
201400005844,14,7,1,2345,3,1,1,1.0,6,57620,M,0.0,0.0,57
201400005845,14,7,8,1730,1,1,1,1.0,3,57620,M,0.0,0.0,57
201400005846,14,7,29,1830,2,1,1,6.0,1,57707,M,0.0,0.0,57
201400005847,14,10,27,200,3,1,1,2.0,3,57481,M,0.0,0.0,57
201400005848,14,1,2,2030,3,1,1,1.0,3,57256,M,0.0,0.0,57
201400005849,14,2,28,1615,1,1,1,2.0,2,57032,M,0.0,0.0,57
201400005850,14,3,17,1445,1,1,1,1.0,1,57701,M,0.0,0.0,57
201400005851,14,6,18,1015,1,1,1,1.0,3,57039,M,4907300.0,611600.0,57
201400005852,14,8,23,1700,1,2,1,1.0,1,57601,M,4911168.0,609388.0,57
201400005853,14,11,26,1815,3,1,1,8.0,4,57030,M,4897902.0,604803.0,57
201400005854,14,12,14,615,5,2,1,1.0,7,57153,M,4904000.0,607700.0,57
201400005855,14,12,30,1300,1,1,6,1.0,6,57039,M,0.0,0.0,57
201400005856,14,3,3,845,5,1,1,1.0,4,57443,M,0.0,0.0,57
201400005857,14,2,24,800,1,1,1,1.0,7,57511,M,4917385.0,608523.0,57
201400005858,14,3,6,2015,5,2,1,1.0,1,57443,M,0.0,0.0,57
201400005859,14,3,29,1545,2,1,6,1.0,3,57433,M,0.0,0.0,57
201400005860,14,4,23,845,1,1,1,1.0,4,57443,M,4921970.0,611585.0,57
201400005861,14,5,23,2100,1,1,1,1.0,6,57433,M,0.0,0.0,57
201400005862,14,6,4,1630,1,1,1,1.0,1,57452,M,0.0,0.0,57
201400005863,14,7,12,2100,1,1,1,1.0,6,57433,M,0.0,0.0,57
201400005864,14,8,20,1400,1,1,9,1.0,1,57511,M,4917847.0,614112.0,57
201400005865,14,8,25,1645,1,2,1,1.0,4,57433,M,0.0,0.0,57
201400005866,14,1,17,1630,1,1,1,7.0,1,57020,M,0.0,0.0,57
201400005867,14,1,26,2215,3,1,1,3.0,6,57572,M,0.0,0.0,57
201400005868,14,4,15,1015,1,1,4,1.0,5,57146,M,4903152.0,614966.0,57
201400005869,14,7,2,2015,1,2,1,1.0,7,57572,M,0.0,0.0,57