Num_Acc,an,mois,jour,hrmn,lum,agg,int,atm,col,com,gps,lat,long,dep
201400005870,14,1,26,2230,5,2,1,2.0,6,57694,M,0.0,0.0,57
201400005871,14,1,26,2000,3,1,1,3.0,6,57204,M,0.0,0.0,57
201400005872,14,2,24,1700,1,1,2,1.0,3,57523,M,4911774.0,631921.0,57
201400005873,14,4,9,1230,1,1,1,1.0,2,57028,M,0.0,0.0,57
201400005874,14,9,15,700,1,2,1,1.0,6,57155,M,0.0,0.0,57
201400005875,14,10,26,1445,1,2,1,1.0,3,57155,M,4911300.0,639900.0,57
201400005876,14,6,4,2030,1,1,1,2.0,6,57329,M,0.0,0.0,57
201400005877,14,6,8,930,1,1,1,1.0,3,57471,M,0.0,0.0,57
201400005878,14,6,21,2230,5,2,1,1.0,6,57154,M,0.0,0.0,57
201400005879,14,7,4,1130,1,1,1,1.0,7,57149,M,0.0,0.0,57
201400005880,14,9,27,1730,1,2,1,1.0,6,57322,M,4926091.0,643357.0,57
201400005881,14,3,8,2330,5,2,1,1.0,6,57205,M,0.0,0.0,57
201400005882,14,3,30,2045,5,2,7,1.0,7,57274,M,0.0,0.0,57
201400005883,14,5,13,530,2,2,1,8.0,1,57160,M,0.0,0.0,57
201400005884,14,9,21,1615,1,2,1,3.0,6,57160,M,4920540.0,669552.0,57
201400005885,14,11,28,1600,1,2,1,1.0,6,57550,M,0.0,0.0,57
201400005886,14,3,28,1015,1,1,1,1.0,7,57413,M,0.0,0.0,57
201400005887,14,4,18,830,1,2,1,8.0,6,57159,M,0.0,0.0,57
201400005888,14,4,25,1030,1,1,1,1.0,3,57413,M,0.0,0.0,57
201400005889,14,6,6,1830,1,2,6,1.0,3,57209,M,4904837.0,659617.0,57
201400005890,14,7,25,1400,1,1,6,1.0,7,57209,M,4905605.0,660519.0,57
201400005891,14,8,26,1915,1,1,1,1.0,6,57027,M,0.0,0.0,57
201400005892,14,10,16,1745,1,1,1,1.0,1,57413,M,0.0,0.0,57
201400005893,14,11,7,745,1,1,1,1.0,1,57442,M,0.0,0.0,57
201400005894,14,3,19,1200,1,1,1,1.0,7,57727,M,0.0,0.0,57
201400005895,14,5,13,1200,1,1,1,1.0,7,57045,M,0.0,0.0,57
201400005896,14,6,9,1115,1,1,1,1.0,6,57712,M,0.0,0.0,57
201400005897,14,8,6,1700,1,2,1,1.0,5,57171,M,4888693.0,639190.0,57
201400005898,14,12,24,1645,3,1,1,8.0,6,57232,M,0.0,0.0,57
201400005899,14,1,16,1730,5,2,1,2.0,6,57484,M,4916646.0,686463.0,57
201400005900,14,3,7,2200,3,1,1,1.0,7,57058,M,4915726.0,696265.0,57
201400005901,14,5,30,1215,1,2,1,1.0,7,57058,M,4916642.0,695733.0,57
201400005902,14,6,26,2115,1,1,1,1.0,6,57202,M,0.0,0.0,57
201400005903,14,12,1,1630,1,1,1,1.0,3,57521,M,4917512.0,692023.0,57
201400005904,14,4,18,1000,1,2,1,1.0,1,57466,M,0.0,0.0,57
201400005905,14,4,19,1715,1,2,1,1.0,7,57144,M,0.0,0.0,57
201400005906,14,5,28,1515,1,2,1,8.0,3,57073,M,4913978.0,679983.0,57
201400005907,14,6,14,1000,1,2,1,1.0,6,57144,M,0.0,0.0,57
201400005908,14,7,20,915,1,2,1,1.0,3,57466,M,4910487.0,695930.0,57
201400005909,14,9,10,1845,1,2,1,1.0,3,57144,M,0.0,0.0,57
201400005910,14,12,8,715,3,1,1,8.0,6,57669,M,0.0,0.0,57
201400005911,14,12,5,1745,5,2,6,1.0,1,57669,M,4911832.0,689423.0,57
201400005912,14,12,17,1845,3,1,1,2.0,1,57144,M,0.0,0.0,57
201400005913,14,1,9,1745,5,2,1,2.0,6,57275,M,0.0,0.0,57
201400005914,14,3,6,1130,1,2,1,1.0,6,57389,M,0.0,0.0,57
201400005915,14,3,25,1530,1,1,1,1.0,7,57311,M,0.0,0.0,57
201400005916,14,5,18,2000,1,1,1,1.0,1,57178,M,0.0,0.0,57
201400005917,14,5,31,2345,5,2,1,1.0,6,57483,M,4892503.0,665862.0,57
201400005918,14,10,6,1230,1,1,1,1.0,7,57684,M,0.0,0.0,57
201400005919,14,11,24,700,3,1,1,1.0,6,57389,M,0.0,0.0,57
201400005920,14,6,13,2030,1,1,1,1.0,1,57377,M,0.0,0.0,57
201400005921,14,9,15,1615,1,1,1,1.0,5,57044,M,0.0,0.0,57
201400005922,14,12,26,1400,1,2,1,8.0,1,57382,M,0.0,0.0,57
201400005923,14,4,21,400,3,1,1,2.0,6,57300,M,0.0,0.0,57
201400005924,14,4,25,1100,1,1,1,1.0,3,57747,M,0.0,0.0,57
201400005925,14,6,7,1600,1,1,1,1.0,7,57163,M,0.0,0.0,57
201400005926,14,6,19,1430,1,1,1,1.0,2,57614,M,0.0,0.0,57
201400005927,14,9,11,630,2,1,1,1.0,7,57300,M,0.0,0.0,57
201400005928,14,10,10,700,2,1,1,2.0,7,57614,M,0.0,0.0,57
201400005929,14,1,23,1200,1,1,1,8.0,6,57260,M,0.0,0.0,57
201400005930,14,2,13,1415,1,1,1,2.0,4,57261,M,0.0,0.0,57
201400005931,14,4,25,1030,1,1,1,1.0,2,57561,M,0.0,0.0,57
201400005932,14,5,1,2330,3,1,1,1.0,3,57289,M,0.0,0.0,57
201400005933,14,5,31,1630,1,2,2,1.0,1,57092,M,0.0,0.0,57
201400005934,14,10,2,1915,2,1,1,1.0,3,57752,M,0.0,0.0,57
201400005935,14,10,28,330,3,1,9,1.0,7,57535,M,0.0,0.0,57
201400005936,14,11,25,530,4,1,6,1.0,3,57752,M,0.0,0.0,57
201400005937,14,12,13,1700,5,2,1,2.0,3,57074,M,0.0,0.0,57
201400005938,14,12,25,1930,3,1,1,1.0,7,57260,M,0.0,0.0,57
201400005939,14,3,14,1300,1,2,1,1.0,7,57195,M,4911272.0,731647.0,57
201400005940,14,7,8,1615,1,1,1,1.0,5,57192,M,0.0,0.0,57
201400005941,14,9,25,1600,1,2,1,1.0,6,57390,M,0.0,0.0,57
201400005942,14,9,13,1345,1,2,1,1.0,6,57206,M,0.0,0.0,57
201400005943,14,10,21,1645,1,1,1,6.0,6,57242,M,0.0,0.0,57
201400005944,14,10,27,1545,1,2,1,1.0,1,57206,M,0.0,0.0,57
201400005945,14,11,13,1030,1,2,1,2.0,3,57206,M,0.0,0.0,57
201400005946,14,12,8,1700,4,1,1,3.0,6,57206,M,0.0,0.0,57
201400005947,14,12,21,115,5,2,2,9.0,3,57206,M,4930831.0,610038.0,57
201400005948,14,1,17,700,3,1,9,8.0,3,57343,M,0.0,0.0,57
201400005949,14,1,19,45,3,1,1,1.0,1,57179,M,0.0,0.0,57
201400005950,14,4,13,1015,1,1,1,1.0,5,57465,M,0.0,0.0,57
201400005951,14,5,9,30,3,1,1,1.0,1,57343,M,4933308.0,619176.0,57
201400005952,14,6,2,1000,1,1,1,1.0,6,57704,M,0.0,0.0,57
201400005953,14,6,11,1745,1,1,3,7.0,3,57767,M,4932424.0,623470.0,57
201400005954,14,9,11,530,5,1,1,1.0,1,57602,M,0.0,0.0,57
201400005955,14,9,15,830,1,1,1,1.0,6,57465,M,0.0,0.0,57
201400005956,14,9,19,1815,1,1,1,1.0,1,57370,M,0.0,0.0,57
201400005957,14,9,19,930,1,1,1,1.0,1,57269,M,0.0,0.0,57
201400005958,14,12,12,745,2,1,1,2.0,1,57287,M,0.0,0.0,57
201400005959,14,12,18,615,5,1,1,2.0,1,57102,M,0.0,0.0,57
201400005960,14,4,11,1945,1,2,1,1.0,1,57683,M,4930390.0,615606.0,57
201400005961,14,11,6,1930,3,1,3,8.0,5,57582,M,0.0,0.0,57
201400005962,14,5,31,1600,1,1,1,1.0,7,54589,M,4896195.0,605842.0,54
201400005963,14,7,4,1745,1,1,1,8.0,5,54312,M,4892378.0,609458.0,54
201400005964,14,8,13,2130,3,2,1,1.0,6,54060,M,0.0,0.0,54
201400005965,14,8,20,1415,1,1,1,1.0,1,54157,M,0.0,0.0,54
201400005966,14,11,17,1730,4,1,1,1.0,6,54027,M,4889594.0,607392.0,54
201400005967,14,2,10,1815,3,1,1,3.0,1,54006,M,4872868.0,623153.0,54
201400005968,14,3,16,2045,3,1,1,1.0,6,54345,M,4859560.0,625159.0,54
201400005969,14,3,28,1445,1,2,1,1.0,2,54462,M,4858632.0,633198.0,54
201400005970,14,4,3,1545,1,1,1,1.0,7,54358,M,4875400.0,636995.0,54
201400005971,14,5,11,1945,1,1,1,9.0,2,54296,M,4873046.0,629853.0,54
201400005972,14,6,13,815,1,1,1,1.0,7,54180,M,4873016.0,637412.0,54
201400005973,14,7,22,1030,1,1,1,8.0,1,54192,M,4857939.0,630093.0,54
201400005974,14,8,20,1900,1,1,1,1.0,3,54006,M,4872598.0,623756.0,54
201400005975,14,9,16,1830,1,2,1,1.0,3,54462,M,4859453.0,633261.0,54
201400005976,14,9,21,600,2,1,1,2.0,7,54089,M,4877000.0,626900.0,54
201400005977,14,10,22,245,3,1,1,1.0,7,54006,M,4872831.0,623183.0,54
201400005978,14,11,1,245,3,1,6,5.0,7,54006,M,4873939.0,622328.0,54
201400005979,14,11,2,1300,1,1,1,1.0,3,54104,M,0.0,0.0,54
201400005980,14,11,15,1600,1,2,9,8.0,6,54089,M,4876973.0,625918.0,54
201400005981,14,12,11,1600,1,1,1,6.0,6,54037,M,4859447.0,625023.0,54
201400005982,14,1,2,1530,1,2,1,7.0,6,54115,M,0.0,0.0,54
201400005983,14,1,10,2030,3,1,1,1.0,5,54305,M,4874178.0,620030.0,54
201400005984,14,1,17,1345,1,1,1,1.0,1,54305,M,4874000.0,620861.0,54
201400005985,14,2,10,1315,1,2,1,2.0,6,54115,M,0.0,0.0,54
201400005986,14,2,27,845,1,2,1,1.0,3,54215,M,0.0,0.0,54
201400005987,14,3,15,900,1,2,1,8.0,6,54215,M,4875949.0,613374.0,54
201400005988,14,7,3,1730,1,2,1,1.0,1,54430,M,0.0,0.0,54
201400005989,14,7,5,1300,1,1,6,2.0,3,54215,M,0.0,0.0,54
201400005990,14,8,23,30,5,2,1,1.0,3,54430,M,4877230.0,612980.0,54
201400005991,14,9,11,2000,1,1,1,1.0,6,54305,M,4873871.0,618875.0,54
201400005992,14,9,25,800,1,2,1,1.0,2,54115,M,4873938.0,616814.0,54
201400005993,14,11,24,1030,1,2,1,1.0,6,54115,M,4872872.0,617048.0,54
201400005994,14,12,19,1730,5,2,1,3.0,6,54215,M,4874880.0,614863.0,54
201400005995,14,1,10,1230,1,1,1,1.0,1,54432,M,4859937.0,611519.0,54
201400005996,14,2,10,1730,1,2,1,2.0,6,54196,M,4856900.0,618600.0,54
201400005997,14,4,23,1800,1,1,1,1.0,1,54434,M,4843800.0,612600.0,54
201400005998,14,5,22,1615,1,2,1,2.0,6,54352,M,4864300.0,604000.0,54
201400005999,14,6,29,1645,1,2,1,1.0,2,54123,M,4862831.0,612399.0,54
201400006000,14,7,5,1915,1,2,1,1.0,1,54397,M,4861188.0,609190.0,54
201400006001,14,8,9,1830,1,2,1,1.0,1,54196,M,4857559.0,618306.0,54
201400006002,14,10,11,445,3,1,1,8.0,1,54364,M,4859868.0,613512.0,54
201400006003,14,10,19,615,3,1,1,5.0,6,54336,M,4896500.0,609000.0,54
201400006004,14,11,2,1400,1,1,1,1.0,7,54196,M,4855964.0,622044.0,54
201400006005,14,1,5,2115,5,2,2,1.0,3,03310,M,,,03
201400006006,14,1,6,1315,1,2,2,1.0,3,03310,M,,,03
201400006007,14,1,9,1515,1,2,1,1.0,2,03310,M,,,03
201400006008,14,1,9,1645,1,2,1,1.0,6,03310,M,,,03
201400006009,14,1,11,1635,1,2,1,1.0,3,03094,M,,,03
201400006010,14,1,12,700,5,2,2,1.0,6,03310,M,,,03
201400006011,14,1,12,1200,1,2,1,1.0,7,03023,M,,,03
201400006012,14,1,13,745,4,2,6,2.0,3,03095,M,,,03
201400006013,14,1,14,1720,2,2,6,1.0,3,03095,M,,,03
201400006014,14,1,15,1205,1,2,1,1.0,6,03095,M,,,03
201400006015,14,1,16,1905,5,1,3,1.0,3,03023,M,,,03
201400006016,14,1,17,1000,1,2,1,1.0,7,03023,M,,,03
201400006017,14,1,17,1615,1,2,1,1.0,6,03095,M,,,03
201400006018,14,1,20,1920,5,2,3,2.0,7,03023,M,,,03
201400006019,14,1,20,2133,5,2,1,2.0,7,03023,M,,,03
201400006020,14,1,23,1500,1,2,3,8.0,3,03310,M,,,03
201400006021,14,1,28,947,1,2,2,1.0,7,03310,M,,,03
201400006022,14,1,30,1154,1,2,2,1.0,3,03310,M,,,03
201400006023,14,1,30,1755,5,2,2,1.0,3,03310,M,,,03
201400006024,14,2,2,440,5,1,1,1.0,6,03001,M,,,03
201400006025,14,2,3,840,1,2,1,1.0,7,03095,M,,,03
201400006026,14,2,5,1025,1,2,1,2.0,7,03095,M,,,03
201400006027,14,2,9,1630,1,2,3,1.0,3,03310,M,,,03
201400006028,14,2,18,825,1,2,1,1.0,6,03310,M,,,03
201400006029,14,2,19,1505,1,2,1,1.0,6,03310,M,,,03
201400006030,14,2,20,1630,1,2,3,1.0,3,03310,M,,,03
201400006031,14,2,24,1715,1,2,2,1.0,3,03310,M,,,03
201400006032,14,2,25,1750,1,2,1,1.0,3,03023,M,,,03
201400006033,14,3,14,750,1,2,1,1.0,3,03023,M,,,03
201400006034,14,3,12,850,1,1,1,1.0,3,03023,M,,,03
201400006035,14,3,25,745,1,2,4,1.0,3,03310,M,,,03
201400006036,14,3,25,1315,1,2,2,8.0,3,03310,M,,,03
201400006037,14,3,26,1600,1,2,1,1.0,6,03310,M,,,03
201400006038,14,4,4,1300,1,1,1,1.0,7,03095,M,,,03
201400006039,14,4,5,140,5,2,1,1.0,1,03310,M,,,03
201400006040,14,4,10,1730,1,1,1,7.0,4,03023,M,,,03
201400006041,14,4,16,1055,1,2,1,1.0,6,03310,M,,,03
201400006042,14,4,17,645,2,1,1,1.0,3,03094,M,,,03
201400006043,14,4,23,1900,1,2,1,1.0,2,03310,M,,,03
201400006044,14,4,25,1136,1,2,2,1.0,6,03310,M,,,03
201400006045,14,4,30,1830,1,2,1,1.0,6,03310,M,,,03
201400006046,14,5,6,2045,1,1,1,1.0,6,03023,M,,,03
201400006047,14,5,12,125,5,2,1,1.0,7,03023,M,,,03
201400006048,14,5,13,1505,1,2,3,1.0,6,03310,M,,,03
201400006049,14,5,15,40,5,2,2,1.0,6,03310,M,,,03
201400006050,14,5,19,1845,1,2,1,1.0,3,03310,M,,,03
201400006051,14,5,31,1745,1,2,1,1.0,6,03310,M,,,03
201400006052,14,6,4,2120,2,2,3,1.0,3,03310,M,,,03
201400006053,14,6,10,1310,1,2,1,1.0,3,03094,M,,,03
201400006054,14,6,14,1925,1,2,3,1.0,1,03310,M,,,03
201400006055,14,6,30,1700,1,2,1,1.0,3,03310,M,,,03
201400006056,14,6,30,2205,5,2,2,1.0,3,03310,M,,,03
201400006057,14,7,5,2100,1,2,4,1.0,1,03001,M,,,03
201400006058,14,7,23,245,5,1,1,1.0,7,03023,M,,,03
201400006059,14,7,28,700,1,2,2,2.0,3,03310,M,,,03
201400006060,14,8,5,1030,1,2,3,1.0,6,03310,M,,,03
201400006061,14,8,12,1914,1,1,1,1.0,6,03094,M,,,03
201400006062,14,8,15,1910,1,1,1,1.0,6,03095,M,,,03
201400006063,14,8,17,1250,1,1,1,1.0,3,03001,M,,,03
201400006064,14,9,6,1100,1,2,1,1.0,6,03310,M,,,03
201400006065,14,9,10,1750,1,2,3,1.0,3,03095,M,,,03
201400006066,14,9,10,2215,5,2,2,1.0,3,03310,M,,,03
201400006067,14,9,14,45,5,1,1,1.0,6,03095,M,,,03
201400006068,14,9,20,1840,1,2,1,1.0,6,03310,M,,,03
201400006069,14,10,2,1750,1,1,1,1.0,7,03095,M,,,03
201400006070,14,10,12,10,5,2,1,8.0,3,03310,M,,,03
201400006071,14,10,17,2145,5,2,1,1.0,2,03310,M,,,03
201400006072,14,10,19,940,1,2,1,1.0,3,03310,M,,,03
201400006073,14,10,29,805,1,2,1,1.0,6,03023,M,,,03
201400006074,14,10,30,2000,5,2,2,1.0,3,03095,M,,,03
201400006075,14,10,30,1300,1,2,1,1.0,6,03310,M,,,03
201400006076,14,11,1,1810,5,2,1,1.0,6,03310,M,,,03
201400006077,14,11,2,1750,2,2,1,1.0,6,03310,M,,,03
201400006078,14,11,14,1945,5,2,1,3.0,6,03310,M,,,03
201400006079,14,11,11,2025,5,2,1,1.0,2,03310,M,,,03
201400006080,14,11,17,1400,1,1,1,8.0,3,03094,M,,,03
201400006081,14,11,21,745,2,2,1,1.0,6,03310,M,,,03
201400006082,14,12,9,850,1,2,3,8.0,3,03095,M,,,03
201400006083,14,12,10,1225,1,2,1,2.0,6,03023,M,,,03
201400006084,14,5,7,1930,1,2,1,1.0,6,54408,M,4916128.0,576268.0,54
201400006085,14,7,22,1000,1,1,2,2.0,3,54410,M,4903804.0,596108.0,54
201400006086,14,7,26,1215,1,2,1,1.0,6,54171,M,4914500.0,593600.0,54
201400006087,14,8,1,1730,1,1,1,1.0,1,54477,M,4902933.0,590485.0,54
201400006088,14,9,13,915,1,1,1,1.0,1,54477,M,4902900.0,590500.0,54
201400006089,14,12,20,2300,3,1,1,8.0,7,54511,M,4907364.0,584402.0,54
201400006090,14,1,24,730,2,1,1,8.0,6,54491,M,4936327.0,592270.0,54
201400006091,14,2,14,2315,3,1,1,1.0,6,54491,M,4936322.0,592558.0,54
201400006092,14,3,28,1915,3,1,1,1.0,6,54491,M,4936300.0,592600.0,54
201400006093,14,5,25,15,5,2,1,1.0,2,54425,M,4930500.0,578900.0,54
201400006094,14,7,4,1530,1,2,1,1.0,2,54295,M,4931400.0,578900.0,54
201400006095,14,7,16,1830,1,2,1,1.0,6,54029,M,4937238.0,589954.0,54
201400006096,14,8,16,1445,1,2,1,1.0,6,54536,M,4930800.0,590800.0,54
201400006097,14,11,30,1700,5,2,1,5.0,1,54362,M,4938894.0,575578.0,54
201400006098,14,12,25,2200,3,1,1,1.0,6,54568,M,4941184.0,582732.0,54
201400006099,14,2,25,1445,1,1,1,1.0,3,54148,M,4859233.0,656870.0,54
201400006100,14,8,3,1300,1,1,1,1.0,6,54260,M,4857099.0,650058.0,54
201400006101,14,8,12,2200,3,1,1,1.0,1,54083,M,4863676.0,648491.0,54
201400006102,14,8,22,1230,1,1,1,1.0,2,54373,M,4856907.0,652334.0,54
201400006103,14,11,17,1100,1,1,1,1.0,6,54083,M,4863281.0,648607.0,54
201400006104,14,1,16,1730,3,1,1,2.0,1,54565,M,4857017.0,635504.0,54
201400006105,14,5,18,1800,1,2,1,1.0,2,54042,M,4843700.0,627400.0,54
201400006106,14,7,12,1600,1,1,1,1.0,6,54152,M,4857416.0,635210.0,54
201400006107,14,9,24,1530,1,1,1,1.0,7,54455,M,4847100.0,648200.0,54
201400006108,14,12,19,715,2,1,1,2.0,4,54045,M,4856500.0,636200.0,54
201400006109,14,2,25,15,3,1,1,1.0,1,54163,M,4857200.0,671900.0,54
201400006110,14,6,21,2145,1,1,1,1.0,7,54551,M,4866929.0,669730.0,54
201400006111,14,1,14,1800,5,2,1,2.0,3,54205,M,0.0,0.0,54
201400006112,14,3,1,1130,1,1,3,1.0,1,54128,M,4866644.0,584987.0,54
201400006113,14,2,28,2015,3,1,1,9.0,7,54288,M,4872970.0,586668.0,54
201400006114,14,3,28,2000,2,1,2,1.0,1,54102,M,4870800.0,585900.0,54
201400006115,14,3,29,2315,3,1,1,1.0,6,54010,M,4854177.0,580463.0,54
201400006116,14,3,31,1930,1,1,1,1.0,6,54405,M,4858714.0,594687.0,54
201400006117,14,5,9,1430,1,1,1,1.0,3,54102,M,4871439.0,587618.0,54
201400006118,14,5,16,1530,1,1,1,1.0,3,54102,M,4871528.0,585728.0,54
201400006119,14,7,20,700,2,1,1,1.0,6,54380,M,4862300.0,585800.0,54
201400006120,14,7,28,1730,1,1,1,3.0,6,54008,M,4854700.0,590900.0,54
201400006121,14,7,31,2330,3,1,1,1.0,1,54008,M,4854608.0,590825.0,54
201400006122,14,9,6,1515,1,2,1,1.0,6,54120,M,4862700.0,583000.0,54
201400006123,14,12,3,1115,1,1,1,2.0,3,54380,M,4868500.0,587000.0,54
201400006124,14,1,1,1000,1,1,1,1.0,6,54034,M,4876307.0,593812.0,54
201400006125,14,3,9,915,1,1,1,1.0,7,54346,M,4878200.0,590400.0,54
201400006126,14,3,17,830,1,1,1,1.0,6,54532,M,4879931.0,593154.0,54
201400006127,14,6,11,2345,3,1,1,1.0,6,54370,M,4882461.0,588414.0,54
201400006128,14,9,13,1500,1,1,1,1.0,7,54343,M,4883400.0,579000.0,54
201400006129,14,2,3,1415,1,1,1,1.0,6,55514,M,0.0,0.0,55
201400006130,14,2,9,345,5,2,1,1.0,6,55120,M,0.0,0.0,55
201400006131,14,3,9,1800,1,2,1,1.0,7,55493,M,0.0,0.0,55
201400006132,14,4,19,530,3,1,1,1.0,6,55435,M,0.0,0.0,55
201400006133,14,11,24,1930,3,1,1,1.0,1,55369,M,0.0,0.0,55
201400006134,14,12,12,1745,3,1,1,2.0,7,55427,M,0.0,0.0,55
201400006135,14,12,19,1330,1,1,1,3.0,6,55369,M,0.0,0.0,55
201400006136,14,6,6,1930,1,1,1,1.0,3,55300,M,0.0,0.0,55
201400006137,14,6,24,1730,1,1,1,1.0,6,55291,M,0.0,0.0,55
201400006138,14,8,10,1345,1,1,1,3.0,6,55447,M,4864153.0,505926.0,55
201400006139,14,8,18,1645,1,1,4,1.0,3,55035,M,0.0,0.0,55
201400006140,14,11,1,1715,2,2,2,1.0,3,55291,M,0.0,0.0,55
201400006141,14,12,1,1800,5,1,1,2.0,6,55543,M,0.0,0.0,55
201400006142,14,6,29,600,2,1,1,2.0,6,55526,M,0.0,0.0,55
201400006143,14,8,5,1630,1,2,1,1.0,1,55122,M,0.0,0.0,55
201400006144,14,8,17,1915,1,1,1,1.0,1,55553,M,0.0,0.0,55
201400006145,14,11,22,1700,3,1,1,1.0,7,55196,M,0.0,0.0,55
201400006146,14,11,27,715,3,1,1,3.0,2,55526,M,0.0,0.0,55
201400006147,14,5,2,1000,3,1,1,1.0,6,55007,M,,,55
201400006148,14,6,14,700,1,1,1,1.0,7,55570,M,0.0,0.0,55
201400006149,14,6,15,2000,1,1,1,1.0,7,55540,M,4900374.0,553037.0,55
201400006150,14,10,20,2100,3,1,1,2.0,6,55551,M,4896834.0,568485.0,55
201400006151,14,5,11,1900,1,1,1,8.0,1,55397,M,0.0,0.0,55
201400006152,14,5,23,2130,3,2,1,2.0,6,55104,M,4845908.0,543174.0,55
201400006153,14,7,9,1515,1,1,1,8.0,7,55005,M,4850171.0,559935.0,55
201400006154,14,7,16,1615,1,1,1,1.0,2,55573,M,0.0,0.0,55
201400006155,14,7,25,800,1,1,1,1.0,1,55334,M,0.0,0.0,55
201400006156,14,7,25,1115,1,1,1,1.0,6,55059,M,0.0,0.0,55
201400006157,14,10,14,930,1,1,1,1.0,6,55496,M,4872600.0,564600.0,55
201400006158,14,10,26,630,2,1,2,5.0,1,55334,M,0.0,0.0,55
201400006159,14,11,10,1400,1,2,1,1.0,6,55433,M,0.0,0.0,55
201400006160,14,12,28,1215,1,1,1,1.0,6,55334,M,0.0,0.0,55
201400006161,14,8,26,2345,3,1,1,2.0,6,55252,M,0.0,0.0,55
201400006162,14,11,20,700,2,2,1,1.0,1,55324,M,0.0,0.0,55
201400006163,14,1,6,730,2,1,1,8.0,5,55492,M,4912736.0,546164.0,55
201400006164,14,9,12,1745,5,2,1,1.0,3,55385,M,0.0,0.0,55
201400006165,14,5,23,2245,5,2,1,2.0,1,55416,M,0.0,0.0,55
201400006166,14,10,19,1100,1,1,1,1.0,5,55346,M,0.0,0.0,55
201400006167,14,3,10,1700,1,1,1,1.0,2,55002,M,0.0,0.0,55
201400006168,14,6,17,1115,1,1,1,1.0,6,55171,M,0.0,0.0,55
201400006169,14,6,28,1215,1,1,1,2.0,1,55008,M,0.0,0.0,55
201400006170,14,12,11,1915,4,1,1,6.0,6,55201,M,4319500.0,563700.0,55
201400006171,14,2,12,1645,1,1,1,1.0,1,88273,M,4822040.0,650785.0,88
201400006172,14,3,12,2015,2,1,3,1.0,2,88253,M,4819586.0,649922.0,88
201400006173,14,8,18,1845,1,1,1,1.0,1,88273,M,4821755.0,650557.0,88
201400006174,14,11,20,800,2,1,1,5.0,3,88253,M,0.0,0.0,88
201400006175,14,12,3,1730,3,1,1,8.0,1,88134,M,4814600.0,648700.0,88
201400006176,14,2,10,1715,1,1,8,2.0,3,88135,M,4814894.0,661585.0,88
201400006177,14,4,13,1845,1,1,1,1.0,1,88340,M,4827077.0,658953.0,88
201400006178,14,6,30,945,1,1,1,1.0,1,88086,M,4819145.0,673920.0,88
201400006179,14,8,2,630,2,1,1,1.0,6,88076,M,4822358.0,672461.0,88
201400006180,14,8,3,730,1,2,1,1.0,1,88262,M,4817958.0,675653.0,88
201400006181,14,8,28,1430,1,2,8,1.0,3,88262,M,4818540.0,675180.0,88
201400006182,14,10,29,2000,3,1,1,2.0,1,88340,M,0.0,0.0,88
201400006183,14,3,12,1700,1,2,1,1.0,2,88090,M,4837800.0,629600.0,88
201400006184,14,4,7,845,1,1,1,1.0,1,88522,M,4835272.0,616772.0,88
201400006185,14,5,26,815,1,1,1,8.0,6,88173,M,4838112.0,625154.0,88
201400006186,14,6,15,2230,2,1,1,1.0,6,88449,M,4836122.0,623258.0,88
201400006187,14,7,15,2145,1,2,1,1.0,6,88090,M,4836960.0,629516.0,88
201400006188,14,7,23,45,5,2,1,1.0,6,88056,M,4834948.0,616231.0,88
201400006189,14,8,21,1800,1,1,1,1.0,3,88090,M,4835625.0,628848.0,88
201400006190,14,11,4,645,2,2,1,2.0,1,88513,M,0.0,0.0,88
201400006191,14,12,2,1715,3,1,1,1.0,2,88173,M,4839000.0,624200.0,88
201400006192,14,12,9,1900,3,1,1,1.0,6,88513,M,4836700.0,630200.0,88
201400006193,14,8,15,1600,1,1,1,1.0,2,88452,M,4815618.0,605697.0,88
201400006194,14,2,8,500,5,2,1,1.0,6,88412,M,4835835.0,673179.0,88
201400006195,14,2,18,930,1,2,1,1.0,6,88367,M,4834721.0,663697.0,88
201400006196,14,2,24,1045,1,2,1,1.0,1,88521,M,4830780.0,661056.0,88
201400006197,14,7,25,1430,1,1,1,1.0,1,88251,M,4833743.0,667755.0,88
201400006198,14,8,30,1845,1,2,1,1.0,3,88110,M,4840765.0,653958.0,88
201400006199,14,9,2,1630,1,1,2,1.0,2,88432,M,4842303.0,658185.0,88
201400006200,14,11,11,345,5,2,1,2.0,6,88521,M,0.0,0.0,88
201400006201,14,11,12,930,1,1,1,8.0,6,88156,M,0.0,0.0,88
201400006202,14,1,1,445,3,1,1,2.0,1,88342,M,4828666.0,643990.0,88
201400006203,14,1,16,730,2,1,9,1.0,2,88099,M,4822656.0,643230.0,88
201400006204,14,1,21,715,5,1,1,2.0,1,88465,M,4825383.0,642978.0,88
201400006205,14,2,24,1515,1,1,3,7.0,3,88190,M,4828210.0,637252.0,88
201400006206,14,4,6,115,3,1,1,5.0,6,88224,M,4831921.0,647625.0,88
201400006207,14,4,6,2345,3,2,1,1.0,3,88327,M,4829556.0,638416.0,88
201400006208,14,4,29,830,1,2,4,1.0,3,88454,M,4825310.0,653195.0,88
201400006209,14,5,5,730,1,1,1,1.0,6,88094,M,4831422.0,639429.0,88
201400006210,14,6,20,945,1,1,1,1.0,1,88465,M,4825070.0,642338.0,88
201400006211,14,6,23,1115,1,1,1,5.0,2,88327,M,4830555.0,638656.0,88
201400006212,14,7,27,130,3,1,1,1.0,6,88224,M,4832353.0,645563.0,88
201400006213,14,9,6,1830,1,1,1,1.0,6,88143,M,4828234.0,646215.0,88