Num_Acc,an,mois,jour,hrmn,lum,agg,int,atm,col,com,gps,lat,long,dep
201400006214,14,9,28,1945,2,1,3,1.0,3,88190,M,4829368.0,637654.0,88
201400006215,14,11,1,945,1,1,1,1.0,6,88099,M,0.0,0.0,88
201400006216,14,11,23,330,5,2,1,1.0,6,88099,M,4823800.0,643700.0,88
201400006217,14,1,14,915,1,2,1,1.0,6,88321,M,4835363.0,569272.0,88
201400006218,14,2,14,1615,1,2,1,1.0,3,88206,M,4831050.0,593294.0,88
201400006219,14,4,9,1145,1,1,1,1.0,6,88321,M,4837100.0,567975.0,88
201400006220,14,4,24,1700,1,1,1,1.0,6,88241,M,4827057.0,590003.0,88
201400006221,14,4,26,1845,1,2,1,2.0,7,88321,M,4834908.0,569538.0,88
201400006222,14,4,27,1630,1,1,1,1.0,6,88321,M,4835272.0,571682.0,88
201400006223,14,5,25,2000,1,2,1,1.0,6,88270,M,4832759.0,556879.0,88
201400006224,14,6,10,1845,1,1,1,1.0,6,88015,M,4839478.0,582242.0,88
201400006225,14,6,13,1515,1,1,1,1.0,3,88229,M,4839062.0,576180.0,88
201400006226,14,7,25,1145,1,1,1,1.0,6,88460,M,4839743.0,572730.0,88
201400006227,14,7,17,900,1,1,1,1.0,7,88401,M,4832645.0,576141.0,88
201400006228,14,8,7,915,1,1,1,8.0,3,88393,M,4834415.0,573958.0,88
201400006229,14,8,23,1600,1,1,3,1.0,3,88189,M,4831965.0,561959.0,88
201400006230,14,8,29,1530,1,1,1,1.0,1,88308,M,4833619.0,564966.0,88
201400006231,14,9,26,930,1,1,8,1.0,4,88321,M,4837055.0,569848.0,88
201400006232,14,10,1,945,1,1,2,5.0,1,88363,M,4847318.0,583589.0,88
201400006233,14,10,8,1800,1,2,1,1.0,3,88321,M,0.0,0.0,88
201400006234,14,10,9,1330,1,2,2,3.0,3,88321,M,0.0,0.0,88
201400006235,14,11,8,445,4,2,1,1.0,6,88290,M,0.0,0.0,88
201400006236,14,12,2,1315,1,2,1,1.0,3,88270,M,0.0,0.0,88
201400006237,14,1,6,1330,1,1,1,1.0,6,88103,M,4823929.0,628229.0,88
201400006238,14,1,9,1845,3,1,1,3.0,1,88400,M,4830801.0,604322.0,88
201400006239,14,1,20,1445,1,2,1,1.0,6,88304,M,4829713.0,613366.0,88
201400006240,14,1,27,2245,3,1,1,8.0,7,88185,M,4836056.0,608644.0,88
201400006241,14,3,12,1145,1,1,2,1.0,3,88047,M,4820455.0,616610.0,88
201400006242,14,3,14,1600,1,1,3,1.0,6,88047,M,4820151.0,615717.0,88
201400006243,14,5,6,1645,1,1,2,1.0,1,88304,M,4830544.0,614898.0,88
201400006244,14,6,24,1330,1,1,3,1.0,3,88508,M,4819224.0,623032.0,88
201400006245,14,7,29,1745,1,1,2,1.0,1,88364,M,4834622.0,611469.0,88
201400006246,14,8,4,1445,1,1,2,1.0,4,88047,M,4820205.0,615361.0,88
201400006247,14,8,10,1630,1,2,2,1.0,1,88210,M,4819184.0,628599.0,88
201400006248,14,11,13,1800,5,1,1,1.0,7,88292,M,0.0,0.0,88
201400006249,14,1,9,1530,1,2,3,1.0,1,88516,M,4820590.0,595339.0,88
201400006250,14,1,31,1415,1,1,1,7.0,1,88332,M,4822487.0,592558.0,88
201400006251,14,6,22,1515,1,2,1,1.0,7,88114,M,4818009.0,588520.0,88
201400006252,14,7,16,1945,1,1,1,1.0,1,88022,M,4823355.0,583782.0,88
201400006253,14,8,2,215,5,2,1,1.0,6,88490,M,4818721.0,601101.0,88
201400006254,14,8,3,515,3,1,1,1.0,7,88488,M,4820171.0,611366.0,88
201400006255,14,10,26,1830,2,1,2,5.0,3,88285,M,0.0,0.0,88
201400006256,14,5,27,1030,1,2,1,8.0,6,88158,M,4809285.0,661042.0,88
201400006257,14,9,18,1400,1,2,6,1.0,3,88250,M,4811181.0,657486.0,88
201400006258,14,11,8,1215,1,1,1,7.0,3,88383,M,4797100.0,644900.0,88
201400006259,14,1,10,1430,1,2,1,1.0,3,88116,M,4796021.0,683355.0,88
201400006260,14,1,16,1715,5,2,1,3.0,5,88486,M,4799311.0,671680.0,88
201400006261,14,4,7,715,1,2,1,1.0,6,88447,M,4794919.0,677250.0,88
201400006262,14,7,23,1615,1,2,1,1.0,1,88447,M,4808481.0,676276.0,88
201400006263,14,7,31,1800,1,1,1,1.0,1,88075,M,4802184.0,689384.0,88
201400006264,14,8,1,1045,1,1,1,1.0,1,88470,M,4808481.0,676281.0,88
201400006265,14,8,30,1445,1,1,1,1.0,5,88075,M,4801012.0,697405.0,88
201400006266,14,10,5,200,3,1,1,1.0,6,88177,M,0.0,0.0,88
201400006267,14,3,1,300,5,2,1,2.0,6,88369,M,4788289.0,674590.0,88
201400006268,14,9,9,1745,1,1,1,1.0,1,88302,M,4791819.0,679550.0,88
201400006269,14,11,3,1745,5,2,1,2.0,6,88188,M,0.0,0.0,88
201400006270,14,2,7,200,5,2,1,1.0,6,88032,M,4824282.0,706958.0,88
201400006271,14,7,29,1600,2,2,1,2.0,7,88032,M,4823608.0,706126.0,88
201400006272,14,9,27,2045,3,1,1,1.0,7,88112,M,4833987.0,710380.0,88
201400006273,14,10,18,1445,1,1,1,1.0,3,88112,M,4855200.0,715500.0,88
201400006274,14,11,2,1415,1,2,1,1.0,1,88213,M,,,88
201400006275,14,1,18,445,3,1,1,9.0,6,88198,M,4812505.0,691424.0,88
201400006276,14,5,23,1145,1,1,1,1.0,6,88218,M,4810710.0,686268.0,88
201400006277,14,5,31,1530,1,1,1,1.0,1,88198,M,4816039.0,691801.0,88
201400006278,14,6,21,1400,1,2,3,1.0,1,88423,M,4822026.0,694473.0,88
201400006279,14,7,19,1145,1,1,1,1.0,6,88181,M,4818006.0,702347.0,88
201400006280,14,10,28,1700,1,1,1,1.0,7,88218,M,4814117.0,681825.0,88
201400006281,14,11,14,1130,2,1,4,1.0,2,88505,M,0.0,0.0,88
201400006282,14,11,27,1800,5,2,1,5.0,6,88009,M,0.0,0.0,88
201400006283,14,11,30,2030,3,1,1,5.0,6,88106,M,0.0,0.0,88
201400006284,14,4,10,1815,1,1,1,1.0,6,88531,M,4805744.0,699482.0,88
201400006285,14,8,20,2245,3,1,1,1.0,1,88196,M,4803369.0,686447.0,88
201400006286,14,9,7,1145,1,1,1,1.0,3,88531,M,4805433.0,700456.0,88
201400006287,14,10,19,1700,1,2,1,1.0,2,88196,M,0.0,0.0,88
201400006288,14,12,9,1745,3,1,1,8.0,6,88196,M,0.0,0.0,88
201400006289,14,1,23,1645,1,2,1,2.0,6,88346,M,4840565.0,699430.0,88
201400006290,14,3,14,1615,1,2,1,1.0,2,88451,M,4839294.0,697511.0,88
201400006291,14,3,31,1100,1,2,3,1.0,6,88346,M,4840596.0,699415.0,88
201400006292,14,4,11,945,1,2,1,1.0,1,88165,M,4835904.0,687853.0,88
201400006293,14,4,21,1015,1,1,1,2.0,1,88451,M,4838641.0,695960.0,88
201400006294,14,8,17,1600,1,1,1,1.0,7,88165,M,4836732.0,679848.0,88
201400006295,14,12,15,830,1,2,1,1.0,2,67482,M,0.0,0.0,67
201400006296,14,8,4,10,3,1,1,1.0,6,67545,M,0.0,0.0,67
201400006297,14,1,26,430,3,1,1,1.0,6,67378,M,4848200.0,775000.0,67
201400006298,14,2,21,1345,1,2,1,8.0,4,67131,M,4848800.0,772900.0,67
201400006299,14,4,21,1645,1,2,6,2.0,7,67131,M,0.0,0.0,67
201400006300,14,8,8,1030,1,1,1,1.0,5,67137,M,0.0,0.0,67
201400006301,14,9,24,1530,1,2,1,1.0,3,67378,M,0.0,0.0,67
201400006302,14,10,14,1345,1,1,1,1.0,5,67137,M,0.0,0.0,67
201400006303,14,1,7,745,2,1,1,1.0,1,67154,M,0.0,0.0,67
201400006304,14,3,27,830,1,1,1,1.0,1,67130,M,0.0,0.0,67
201400006305,14,4,6,2345,3,2,9,1.0,7,67197,M,0.0,0.0,67
201400006306,14,5,7,1900,1,2,1,1.0,6,67364,M,0.0,0.0,67
201400006307,14,5,8,315,5,2,9,1.0,1,67154,M,0.0,0.0,67
201400006308,14,5,22,2215,3,1,1,2.0,2,67130,M,0.0,0.0,67
201400006309,14,5,24,2345,5,2,1,1.0,6,67526,M,0.0,0.0,67
201400006310,14,6,3,1515,1,1,1,1.0,3,67154,M,0.0,0.0,67
201400006311,14,7,20,2145,3,1,1,2.0,6,67154,M,0.0,0.0,67
201400006312,14,9,9,700,1,1,1,1.0,3,67336,M,0.0,0.0,67
201400006313,14,1,24,2045,5,2,1,1.0,6,67348,M,0.0,0.0,67
201400006314,14,1,31,1530,1,1,1,1.0,2,67164,M,4842800.0,748300.0,67
201400006315,14,5,6,1430,1,1,1,1.0,2,67164,M,0.0,0.0,67
201400006316,14,6,27,845,1,1,1,1.0,1,67504,M,0.0,0.0,67
201400006317,14,7,29,1800,1,1,1,8.0,1,67348,M,0.0,0.0,67
201400006318,14,9,18,1700,1,2,1,1.0,1,67031,M,0.0,0.0,67
201400006319,14,10,13,1800,1,1,1,1.0,6,67504,M,0.0,0.0,67
201400006320,14,11,24,1430,3,1,9,9.0,6,67008,M,0.0,0.0,67
201400006321,14,12,17,1900,5,2,1,8.0,3,67348,M,0.0,0.0,67
201400006322,14,4,9,1245,1,2,1,1.0,1,67523,M,0.0,0.0,67
201400006323,14,7,27,2330,3,1,1,1.0,6,67523,M,0.0,0.0,67
201400006324,14,11,13,1600,1,1,1,1.0,1,67331,M,0.0,0.0,67
201400006325,14,4,16,715,1,2,1,1.0,7,67046,M,0.0,0.0,67
201400006326,14,5,18,2000,1,2,1,1.0,3,67046,M,0.0,0.0,67
201400006327,14,5,8,1700,1,1,6,1.0,3,67169,M,0.0,0.0,67
201400006328,14,6,13,130,3,2,1,1.0,6,67046,M,0.0,0.0,67
201400006329,14,7,14,1945,1,2,1,1.0,3,67046,M,0.0,0.0,67
201400006330,14,9,16,2200,3,1,1,1.0,6,67450,M,0.0,0.0,67
201400006331,14,9,21,430,3,1,1,1.0,6,67046,M,0.0,0.0,67
201400006332,14,10,14,1730,1,2,3,1.0,1,67345,M,0.0,0.0,67
201400006333,14,10,21,500,3,1,1,1.0,3,67046,M,0.0,0.0,67
201400006334,14,12,6,1000,1,1,1,2.0,1,67169,M,0.0,0.0,67
201400006335,14,2,1,1815,5,1,1,1.0,3,67300,M,0.0,0.0,67
201400006336,14,2,12,1400,1,2,1,1.0,6,67101,M,0.0,0.0,67
201400006337,14,4,10,645,1,2,1,1.0,3,67101,M,0.0,0.0,67
201400006338,14,4,29,1715,1,2,1,1.0,3,67101,M,0.0,0.0,67
201400006339,14,6,5,2115,2,1,1,1.0,1,67127,M,0.0,0.0,67
201400006340,14,6,12,1445,1,1,1,1.0,4,67188,M,0.0,0.0,67
201400006341,14,7,8,1245,1,1,1,8.0,5,67188,M,0.0,0.0,67
201400006342,14,8,14,1145,1,2,1,1.0,3,67300,M,0.0,0.0,67
201400006343,14,10,2,1515,1,1,1,1.0,2,67008,M,0.0,0.0,67
201400006344,14,11,16,1345,1,2,6,1.0,7,67101,M,0.0,0.0,67
201400006345,14,3,11,1630,1,1,1,1.0,7,67299,M,0.0,0.0,67
201400006346,14,3,13,1700,1,1,1,7.0,6,67411,M,0.0,0.0,67
201400006347,14,3,14,1515,1,1,6,1.0,7,67411,M,0.0,0.0,67
201400006348,14,3,14,1845,1,1,1,1.0,6,67411,M,0.0,0.0,67
201400006349,14,4,22,1215,1,1,1,1.0,7,67045,M,0.0,0.0,67
201400006350,14,6,24,1330,1,2,1,1.0,3,67052,M,0.0,0.0,67
201400006351,14,9,17,1545,1,1,1,1.0,7,67368,M,0.0,0.0,67
201400006352,14,10,13,1230,1,1,1,1.0,1,67411,M,0.0,0.0,67
201400006353,14,7,3,1800,1,2,1,1.0,3,67500,M,0.0,0.0,67
201400006354,14,8,4,645,1,1,1,1.0,1,67448,M,0.0,0.0,67
201400006355,14,6,6,1430,1,1,1,1.0,7,67122,M,0.0,0.0,67
201400006356,14,8,1,1230,1,1,1,1.0,1,67282,M,0.0,0.0,67
201400006357,14,8,8,1230,1,1,1,8.0,7,67122,M,0.0,0.0,67
201400006358,14,8,17,1645,1,1,1,1.0,7,67122,M,0.0,0.0,67
201400006359,14,11,1,1645,1,1,1,1.0,7,67282,M,0.0,0.0,67
201400006360,14,12,4,1700,2,2,1,8.0,6,67520,M,0.0,0.0,67
201400006361,14,3,23,1130,1,2,1,1.0,6,67372,M,0.0,0.0,67
201400006362,14,5,26,1630,1,2,1,1.0,6,67372,M,0.0,0.0,67
201400006363,14,6,1,1500,1,1,1,1.0,1,67222,M,0.0,0.0,67
201400006364,14,7,1,2115,1,2,2,1.0,3,67372,M,0.0,0.0,67
201400006365,14,8,30,1445,1,1,1,1.0,1,67352,M,0.0,0.0,67
201400006366,14,9,9,1400,1,2,1,1.0,3,67222,M,0.0,0.0,67
201400006367,14,9,17,1615,1,2,1,1.0,2,67061,M,0.0,0.0,67
201400006368,14,12,12,1730,3,1,1,6.0,1,67061,M,0.0,0.0,67
201400006369,14,1,5,1230,1,1,1,1.0,7,67179,M,0.0,0.0,67
201400006370,14,1,26,645,5,2,1,1.0,6,67258,M,0.0,0.0,67
201400006371,14,1,29,730,2,1,1,1.0,6,67089,M,4876000.0,746800.0,67
201400006372,14,3,12,1500,1,1,1,7.0,6,67006,M,0.0,0.0,67
201400006373,14,4,19,2345,5,2,1,1.0,1,67395,M,0.0,0.0,67
201400006374,14,10,26,1700,1,1,1,1.0,1,67367,M,0.0,0.0,67
201400006375,14,1,25,400,3,2,1,1.0,6,67401,M,0.0,0.0,67
201400006376,14,2,3,1730,2,2,1,8.0,1,67552,M,0.0,0.0,67
201400006377,14,3,8,1915,3,1,1,1.0,5,67355,M,0.0,0.0,67
201400006378,14,3,30,2245,3,1,1,1.0,7,67528,M,0.0,0.0,67
201400006379,14,4,4,1715,1,2,3,1.0,3,67509,M,0.0,0.0,67
201400006380,14,5,29,1730,1,1,1,1.0,7,67099,M,0.0,0.0,67
201400006381,14,6,5,1215,1,1,1,1.0,6,67133,M,0.0,0.0,67
201400006382,14,6,7,845,1,1,3,1.0,3,67095,M,0.0,0.0,67
201400006383,14,6,8,1200,1,1,1,7.0,7,67559,M,0.0,0.0,67
201400006384,14,7,26,1515,1,1,1,1.0,4,67371,M,0.0,0.0,67
201400006385,14,8,9,230,5,2,1,1.0,6,67434,M,0.0,0.0,67
201400006386,14,10,2,1845,1,2,1,1.0,1,67241,M,0.0,0.0,67
201400006387,14,10,11,1515,1,1,1,1.0,1,67355,M,0.0,0.0,67
201400006388,14,10,18,900,1,2,1,7.0,6,67095,M,0.0,0.0,67
201400006389,14,6,9,1730,1,2,1,1.0,5,67067,M,4873200.0,771100.0,67
201400006390,14,7,27,30,5,2,1,1.0,2,67301,M,4876200.0,764000.0,67
201400006391,14,11,8,2200,3,1,1,2.0,6,67067,M,4872100.0,770400.0,67
201400006392,14,2,15,1700,3,1,1,2.0,5,67202,M,4875800.0,754800.0,67
201400006393,14,3,20,1645,1,1,1,1.0,3,67382,M,0.0,0.0,67
201400006394,14,4,22,945,1,2,6,1.0,1,67293,M,0.0,0.0,67
201400006395,14,5,10,1100,1,2,1,1.0,3,67202,M,0.0,0.0,67
201400006396,14,5,18,930,1,1,1,1.0,6,67393,M,0.0,0.0,67
201400006397,14,5,30,345,3,1,1,1.0,7,67452,M,0.0,0.0,67
201400006398,14,6,15,2115,3,1,6,1.0,7,67452,M,0.0,0.0,67
201400006399,14,8,1,1630,1,2,1,7.0,1,67393,M,0.0,0.0,67
201400006400,14,7,27,1645,1,2,1,7.0,1,67393,M,0.0,0.0,67
201400006401,14,8,2,1715,1,2,1,7.0,3,67495,M,0.0,0.0,67
201400006402,14,7,31,1815,1,2,1,7.0,3,67495,M,0.0,0.0,67
201400006403,14,12,29,1215,1,1,1,4.0,3,67107,M,0.0,0.0,67
201400006404,14,1,29,1845,2,1,1,1.0,5,67205,M,4868900.0,780300.0,67
201400006405,14,6,17,1245,1,1,1,1.0,1,67519,M,0.0,0.0,67
201400006406,14,9,27,1715,1,2,1,1.0,6,67519,M,0.0,0.0,67
201400006407,14,3,12,1430,1,2,1,1.0,6,67118,M,0.0,0.0,67
201400006408,14,4,9,1915,1,2,1,7.0,6,67551,M,0.0,0.0,67
201400006409,14,8,18,1545,1,2,1,1.0,2,67551,M,0.0,0.0,67
201400006410,14,9,19,1545,1,2,1,1.0,3,67118,M,0.0,0.0,67
201400006411,14,11,8,2100,3,1,1,1.0,7,67226,M,0.0,0.0,67
201400006412,14,3,8,1500,1,1,1,1.0,3,67477,M,0.0,0.0,67
201400006413,14,6,14,1700,1,1,1,1.0,6,67143,M,0.0,0.0,67
201400006414,14,6,20,515,3,1,1,1.0,7,67362,M,0.0,0.0,67
201400006415,14,6,29,2015,1,1,1,1.0,5,67239,M,0.0,0.0,67
201400006416,14,7,3,1620,1,1,1,1.0,1,67073,M,0.0,0.0,67
201400006417,14,8,7,2215,3,1,1,1.0,6,67073,M,0.0,0.0,67
201400006418,14,8,28,445,3,1,1,5.0,6,67003,M,0.0,0.0,67
201400006419,14,9,27,1615,1,1,1,1.0,4,67239,M,0.0,0.0,67
201400006420,14,10,10,945,1,1,1,1.0,1,67073,M,0.0,0.0,67
201400006421,14,11,27,1715,3,1,1,1.0,4,67073,M,0.0,0.0,67
201400006422,14,11,29,1745,5,2,1,1.0,7,67073,M,0.0,0.0,67
201400006423,14,4,11,1345,1,1,1,1.0,2,67021,M,0.0,0.0,67
201400006424,14,5,8,1500,1,1,1,1.0,6,67210,M,0.0,0.0,67
201400006425,14,8,18,1600,1,1,1,1.0,2,67120,M,0.0,0.0,67
201400006426,14,1,6,1745,3,1,1,1.0,1,67019,M,0.0,0.0,67
201400006427,14,2,3,1230,1,2,1,1.0,2,67281,M,0.0,0.0,67
201400006428,14,2,7,2130,5,2,1,1.0,1,67281,M,0.0,0.0,67
201400006429,14,2,10,1400,1,1,1,1.0,3,67281,M,0.0,0.0,67
201400006430,14,2,22,430,3,1,1,1.0,6,67281,M,0.0,0.0,67
201400006431,14,3,14,1930,3,1,1,1.0,1,67311,M,0.0,0.0,67
201400006432,14,4,9,1315,1,2,1,1.0,1,67281,M,0.0,0.0,67
201400006433,14,6,22,1045,1,1,1,1.0,2,67196,M,0.0,0.0,67
201400006434,14,7,4,1215,1,1,1,1.0,1,67311,M,0.0,0.0,67
201400006435,14,8,29,615,3,1,1,3.0,1,67281,M,0.0,0.0,67
201400006436,14,9,13,2200,3,1,1,1.0,7,67196,M,0.0,0.0,67
201400006437,14,11,12,100,3,1,1,9.0,6,67398,M,0.0,0.0,67
201400006438,14,12,11,1530,2,1,1,2.0,2,67310,M,0.0,0.0,67
201400006439,14,5,7,1930,2,1,1,8.0,7,67544,M,0.0,0.0,67
201400006440,14,5,15,1715,1,2,1,1.0,1,67544,M,0.0,0.0,67
201400006441,14,8,3,1645,1,2,6,1.0,3,67351,M,0.0,0.0,67
201400006442,14,9,22,1515,1,1,1,1.0,6,67544,M,0.0,0.0,67
201400006443,14,11,9,1845,5,2,1,8.0,6,67544,M,0.0,0.0,67
201400006444,14,12,2,1800,3,1,1,2.0,7,67400,M,0.0,0.0,67
201400006445,14,2,8,1345,1,2,1,2.0,2,67466,M,0.0,0.0,67
201400006446,14,3,8,630,1,1,1,1.0,6,67463,M,0.0,0.0,67
201400006447,14,3,24,715,1,1,1,2.0,7,67443,M,4897700.0,815700.0,67
201400006448,14,5,23,1530,1,2,1,1.0,2,67463,M,4890100.0,810900.0,67
201400006449,14,11,16,2345,3,1,1,2.0,7,67315,M,0.0,0.0,67
201400006450,14,3,9,145,5,2,1,1.0,7,67474,M,0.0,0.0,67
201400006451,14,5,23,1145,1,2,1,1.0,6,67474,M,0.0,0.0,67
201400006452,14,8,26,1715,1,1,3,8.0,3,67232,M,0.0,0.0,67
201400006453,14,9,20,1545,1,1,1,1.0,4,67184,M,0.0,0.0,67
201400006454,14,9,25,1115,1,1,1,1.0,1,67184,M,0.0,0.0,67
201400006455,14,10,25,2345,3,1,1,1.0,6,67232,M,0.0,0.0,67
201400006456,14,10,31,830,1,2,1,5.0,1,67474,M,0.0,0.0,67
201400006457,14,8,10,945,1,1,1,1.0,6,67147,M,0.0,0.0,67
201400006458,14,10,12,30,5,2,1,1.0,7,67110,M,0.0,0.0,67
201400006459,14,10,22,1345,1,1,1,8.0,7,67263,M,0.0,0.0,67
201400006460,14,11,6,715,2,2,1,1.0,6,67110,M,0.0,0.0,67
201400006461,14,11,26,1100,1,2,1,1.0,7,67379,M,0.0,0.0,67
201400006462,14,4,1,1100,1,2,1,1.0,3,68145,M,4808117.0,738658.0,68
201400006463,14,4,16,1115,1,1,1,1.0,1,68007,M,4807439.0,742025.0,68
201400006464,14,6,7,1530,1,1,6,1.0,3,68146,M,4812066.0,736742.0,68
201400006465,14,8,14,2030,2,1,1,8.0,6,68366,M,4810926.0,747265.0,68
201400006466,14,10,14,2315,3,1,1,1.0,6,68095,M,0.0,0.0,68
201400006467,14,12,22,1815,3,1,1,1.0,1,68145,M,0.0,0.0,68
201400006468,14,2,7,1330,1,2,1,8.0,6,68175,M,4815478.0,716746.0,68
201400006469,14,5,16,1600,1,1,1,1.0,2,68164,M,4813249.0,728997.0,68
201400006470,14,5,16,1530,1,1,1,1.0,1,68162,M,4813466.0,726986.0,68
201400006471,14,6,11,1715,1,2,1,1.0,3,68162,M,4813834.0,726681.0,68
201400006472,14,7,14,245,5,2,1,1.0,3,68249,M,4813522.0,717369.0,68
201400006473,14,8,17,1730,1,1,1,1.0,1,68044,M,4813656.0,706585.0,68
201400006474,14,10,4,1700,1,1,1,1.0,2,68097,M,4818100.0,720900.0,68
201400006475,14,10,13,1445,1,1,1,1.0,1,68249,M,4813100.0,714800.0,68
201400006476,14,12,8,1330,1,1,1,8.0,3,68164,M,0.0,0.0,68
201400006477,14,1,18,900,1,2,1,8.0,7,68226,M,4804141.0,714007.0,68
201400006478,14,1,27,1800,5,2,1,1.0,6,68368,M,4804684.0,720940.0,68
201400006479,14,3,30,1745,1,1,1,1.0,7,68317,M,0.0,0.0,68
201400006480,14,6,21,1315,1,1,1,1.0,6,68329,M,4806681.0,705780.0,68
201400006481,14,8,9,1530,1,1,1,1.0,1,68329,M,4806172.0,704661.0,68
201400006482,14,8,10,1315,1,1,1,1.0,7,68311,M,4799555.0,707256.0,68
201400006483,14,8,12,1715,1,2,1,1.0,6,68226,M,4804090.0,713819.0,68
201400006484,14,10,22,915,1,2,1,3.0,3,68329,M,4805491.0,710332.0,68
201400006485,14,10,29,2115,5,2,3,2.0,1,68193,M,4803241.0,711000.0,68
201400006486,14,12,24,1130,1,2,1,1.0,6,68368,M,4805366.0,720411.0,68
201400006487,14,1,2,1545,1,1,6,1.0,3,68352,M,4801416.0,753793.0,68
201400006488,14,1,9,1215,1,1,1,1.0,6,68001,M,4800561.0,753662.0,68
201400006489,14,3,30,1930,1,1,1,1.0,6,68351,M,4801988.0,757699.0,68
201400006490,14,9,9,1515,1,2,1,1.0,2,68130,M,4797293.0,753772.0,68
201400006491,14,11,22,1330,1,1,1,1.0,6,68230,M,4793460.0,754141.0,68
201400006492,14,4,14,1330,1,2,1,7.0,6,68028,M,4820471.0,736162.0,68
201400006493,14,5,16,1645,1,1,1,1.0,1,68113,M,4819005.0,737333.0,68
201400006494,14,9,19,745,1,1,1,1.0,6,68296,M,4824436.0,734638.0,68
201400006495,14,11,3,1545,1,2,1,1.0,1,68285,M,0.0,0.0,68
201400006496,14,12,22,445,3,1,1,1.0,6,68269,M,4817417.0,732241.0,68
201400006497,14,1,9,1300,1,1,1,1.0,6,68185,M,4827099.0,732917.0,68
201400006498,14,1,21,1700,2,1,1,1.0,5,68185,M,4826840.0,728009.0,68
201400006499,14,2,19,1730,1,1,1,1.0,1,68185,M,4826658.0,730034.0,68
201400006500,14,3,7,1645,1,2,1,1.0,6,68185,M,4827217.0,728082.0,68
201400006501,14,8,31,1545,1,1,1,8.0,1,68298,M,4820141.0,712536.0,68
201400006502,14,11,7,1630,2,1,1,1.0,6,68298,M,4824488.0,713723.0,68
201400006503,14,4,5,2300,3,1,3,1.0,3,68374,M,4807122.0,731063.0,68
201400006504,14,6,14,1700,1,1,1,1.0,7,68374,M,4809422.0,722854.0,68
201400006505,14,7,11,830,1,2,3,1.0,3,68374,M,4807428.0,728420.0,68
201400006506,14,9,28,1715,1,1,1,1.0,1,68338,M,0.0,0.0,68
201400006507,14,9,29,1815,1,1,1,1.0,7,68078,M,4803989.0,732270.0,68
201400006508,14,9,30,1545,1,2,3,1.0,3,68374,M,4808784.0,731467.0,68
201400006509,14,10,6,1245,1,1,1,1.0,6,68134,M,4802020.0,731522.0,68
201400006510,14,10,24,1130,1,2,1,1.0,6,68338,M,4809100.0,727300.0,68
201400006511,14,12,9,1645,2,1,3,2.0,3,68354,M,4805733.0,722867.0,68
201400006512,14,1,20,1115,1,1,1,8.0,6,68333,M,4761327.0,732259.0,68
201400006513,14,4,1,1400,1,2,1,1.0,1,68138,M,4758479.0,725185.0,68
201400006514,14,4,12,1115,1,2,3,1.0,3,68158,M,4759963.0,737069.0,68
201400006515,14,4,14,1315,1,2,1,1.0,6,68004,M,4762346.0,723932.0,68
201400006516,14,5,17,1745,1,2,2,1.0,3,68139,M,4759861.0,722275.0,68
201400006517,14,5,26,1145,1,2,1,1.0,6,68004,M,4762385.0,723929.0,68
201400006518,14,9,5,245,5,2,1,1.0,7,68108,M,4756704.0,729705.0,68
201400006519,14,9,17,615,2,1,1,1.0,1,68124,M,4761155.0,732963.0,68
201400006520,14,11,10,2145,3,1,1,1.0,6,68148,M,4761125.0,734788.0,68
201400006521,14,2,9,1615,1,2,1,1.0,6,68141,M,4770424.0,726021.0,68
201400006522,14,5,23,1800,1,2,2,1.0,7,68125,M,4768855.0,712759.0,68
201400006523,14,9,13,2230,5,2,1,8.0,6,68245,M,4769199.0,730958.0,68
201400006524,14,11,2,1500,1,1,1,1.0,3,68152,M,0.0,0.0,68
201400006525,14,11,7,2145,3,1,1,8.0,6,68200,M,4761202.0,710795.0,68
201400006526,14,3,17,1845,2,1,1,1.0,7,68062,M,4762912.0,718902.0,68
201400006527,14,6,22,745,1,1,1,1.0,6,68288,M,4754374.0,725625.0,68
201400006528,14,6,28,1600,1,1,1,8.0,7,68025,M,4747626.0,728255.0,68
201400006529,14,7,7,2045,1,1,1,1.0,6,68039,M,4753524.0,720529.0,68
201400006530,14,7,14,1800,1,1,1,8.0,7,68248,M,4749665.0,741391.0,68
201400006531,14,8,12,1545,1,1,1,1.0,6,68176,M,4756845.0,719565.0,68
201400006532,14,8,30,815,1,1,1,5.0,7,68305,M,4753192.0,715473.0,68
201400006533,14,8,30,2145,3,1,2,1.0,7,68312,M,4747319.0,734216.0,68
201400006534,14,8,29,615,2,1,1,3.0,7,68128,M,4756287.0,723967.0,68
201400006535,14,10,8,1915,3,1,1,2.0,6,68087,M,4753244.0,723787.0,68
201400006536,14,10,12,500,5,2,1,1.0,6,68100,M,4759342.0,714141.0,68
201400006537,14,10,19,2000,3,1,1,1.0,6,68340,M,4756032.0,715730.0,68
201400006538,14,10,31,2045,5,2,1,1.0,6,68049,M,0.0,0.0,68
201400006539,14,9,20,2015,5,2,1,1.0,6,68099,M,4768857.0,726871.0,68
201400006540,14,2,18,745,1,1,1,1.0,1,68235,M,4798173.0,744215.0,68
201400006541,14,3,11,1345,1,2,1,1.0,1,68258,M,4784021.0,731215.0,68
201400006542,14,5,8,2000,1,1,3,1.0,6,68266,M,4790460.0,740196.0,68
201400006543,14,8,8,1445,1,1,3,1.0,3,68037,M,4795073.0,741181.0,68
201400006544,14,8,11,830,1,1,1,1.0,1,68235,M,4798096.0,737543.0,68
201400006545,14,8,31,2045,3,1,1,8.0,6,68082,M,4785242.0,734749.0,68
201400006546,14,10,8,830,1,1,1,2.0,1,68235,M,4799159.0,737936.0,68
201400006547,14,11,17,1745,5,2,1,2.0,1,68082,M,0.0,0.0,68