Num_Acc,an,mois,jour,hrmn,lum,agg,int,atm,col,com,gps,lat,long,dep
201400006548,14,11,29,1815,3,1,2,8.0,3,68266,M,4787662.0,738649.0,68
201400006549,14,1,28,1900,3,1,2,1.0,3,68287,M,4794206.0,728294.0,68
201400006550,14,3,24,1915,2,2,3,1.0,3,68364,M,4795438.0,725572.0,68
201400006551,14,8,30,1815,1,1,2,1.0,3,68123,M,4801113.0,730583.0,68
201400006552,14,5,10,1700,1,2,1,1.0,6,68154,M,4776560.0,736217.0,68
201400006553,14,5,21,1830,1,2,6,1.0,3,68154,M,0.0,0.0,68
201400006554,14,6,13,1400,1,2,1,1.0,6,68154,M,4777063.0,738678.0,68
201400006555,14,6,24,800,1,2,6,1.0,3,68154,M,4777916.0,734752.0,68
201400006556,14,6,30,1715,1,2,9,1.0,3,68154,M,4776605.0,736244.0,68
201400006557,14,9,18,645,2,2,1,2.0,1,68154,M,4778163.0,734769.0,68
201400006558,14,12,6,1700,5,2,1,2.0,6,68154,M,4777102.0,738637.0,68
201400006559,14,12,17,1700,5,1,1,2.0,1,68300,M,0.0,0.0,68
201400006560,14,1,10,1330,1,2,1,1.0,6,68270,M,4777680.0,729029.0,68
201400006561,14,5,2,1415,1,2,1,1.0,6,68218,M,4773633.0,726940.0,68
201400006562,14,9,11,1830,1,2,2,1.0,3,68070,M,4771774.0,730140.0,68
201400006563,14,11,12,1715,4,2,1,3.0,6,68195,M,4775904.0,727794.0,68
201400006564,14,1,27,1130,1,2,2,1.0,3,68182,M,4749305.0,748082.0,68
201400006565,14,1,10,1915,3,1,1,1.0,1,68182,M,4751069.0,748646.0,68
201400006566,14,3,1,1900,3,2,1,1.0,3,68263,M,4758825.0,744657.0,68
201400006567,14,3,2,2315,5,2,1,1.0,1,68263,M,4758842.0,744690.0,68
201400006568,14,4,4,1215,1,2,1,1.0,2,68135,M,4758313.0,752035.0,68
201400006569,14,4,4,1600,1,2,2,1.0,3,68208,M,4756885.0,745529.0,68
201400006570,14,4,26,2245,3,1,1,3.0,2,68182,M,4750125.0,750346.0,68
201400006571,14,5,27,1715,1,2,1,1.0,6,68061,M,4755811.0,750737.0,68
201400006572,14,6,17,1845,1,1,1,1.0,7,68094,M,4754273.0,743507.0,68
201400006573,14,6,20,1715,1,1,1,1.0,6,68182,M,4750233.0,750801.0,68
201400006574,14,8,21,715,1,2,3,1.0,3,68182,M,4749619.0,748699.0,68
201400006575,14,10,1,915,1,2,2,1.0,3,68126,M,4756218.0,752274.0,68
201400006576,14,1,25,445,5,2,1,1.0,6,68021,M,4762638.0,748472.0,68
201400006577,14,5,24,2345,3,1,1,1.0,6,68197,M,4763375.0,742054.0,68
201400006578,14,5,28,1745,1,2,2,1.0,1,68163,M,4766281.0,750053.0,68
201400006579,14,6,16,1430,1,1,1,1.0,6,68265,M,4763813.0,736978.0,68
201400006580,14,12,23,1230,1,1,1,1.0,3,68072,M,0.0,0.0,68
201400006581,14,2,2,1730,2,1,1,1.0,7,68106,M,4786904.0,709507.0,68
201400006582,14,7,1,1230,1,2,1,1.0,6,68334,M,4782756.0,708096.0,68
201400006583,14,7,19,1345,1,1,1,1.0,3,68106,M,4786681.0,712167.0,68
201400006584,14,9,6,1015,1,1,1,1.0,7,68315,M,4789162.0,711265.0,68
201400006585,14,9,17,2000,3,1,1,1.0,7,68106,M,4788257.0,708069.0,68
201400006586,14,1,20,445,5,1,6,5.0,6,68063,M,4779513.0,715837.0,68
201400006587,14,1,31,1215,1,2,1,1.0,6,68063,M,4780304.0,717851.0,68
201400006588,14,4,1,1400,1,2,1,1.0,3,68063,M,4780921.0,718458.0,68
201400006589,14,7,17,1845,1,1,9,1.0,2,68063,M,4780403.0,719174.0,68
201400006590,14,10,20,1700,1,2,1,1.0,6,68063,M,0.0,0.0,68
201400006591,14,3,20,1200,1,1,1,1.0,3,68292,M,4787597.0,702285.0,68
201400006592,14,4,23,1125,1,2,1,1.0,3,68217,M,4786083.0,704864.0,68
201400006593,14,5,17,1600,1,1,1,1.0,6,68171,M,4795447.0,696131.0,68
201400006594,14,5,25,900,1,1,1,1.0,1,68262,M,4791409.0,704401.0,68
201400006595,14,5,24,1315,1,1,1,1.0,7,68247,M,4794779.0,699564.0,68
201400006596,14,5,29,1600,1,1,1,8.0,1,68171,M,4797312.0,698797.0,68
201400006597,14,7,2,2115,1,1,8,1.0,3,68292,M,4787733.0,701232.0,68
201400006598,14,8,10,1130,1,1,1,8.0,6,68171,M,4795539.0,698866.0,68
201400006599,14,9,27,2015,5,2,1,1.0,2,68089,M,4789788.0,698226.0,68
201400006600,14,10,8,1230,1,1,1,8.0,6,68217,M,4786993.0,705677.0,68
201400006601,14,11,3,1415,1,2,3,2.0,3,68089,M,4786044.0,704914.0,68
201400006602,14,12,2,1600,1,2,1,2.0,6,68217,M,4786074.0,704871.0,68
201400006603,14,1,8,1445,1,2,3,1.0,3,68201,M,4777029.0,700386.0,68
201400006604,14,9,6,1430,1,1,1,8.0,3,68307,M,4781094.0,689515.0,68
201400006605,14,1,7,1815,3,1,1,1.0,1,51548,M,0.0,0.0,51
201400006606,14,1,18,1145,1,2,3,1.0,4,51149,M,0.0,0.0,51
201400006607,14,1,23,1830,3,1,1,2.0,5,51161,M,0.0,0.0,51
201400006608,14,4,8,1645,1,1,2,1.0,3,51259,M,0.0,0.0,51
201400006609,14,6,14,1830,1,1,3,1.0,1,51617,M,0.0,0.0,51
201400006610,14,7,17,1415,1,2,1,1.0,6,51354,M,0.0,0.0,51
201400006611,14,9,11,1830,1,1,1,1.0,1,51482,M,0.0,0.0,51
201400006612,14,9,14,1645,1,1,1,1.0,3,51244,M,0.0,0.0,51
201400006613,14,9,19,130,3,1,1,1.0,6,51227,M,0.0,0.0,51
201400006614,14,1,7,1545,1,1,1,1.0,6,51559,M,0.0,0.0,51
201400006615,14,1,17,700,2,1,1,2.0,6,51476,M,0.0,0.0,51
201400006616,14,2,28,2005,2,1,1,1.0,5,51546,M,0.0,0.0,51
201400006617,14,6,2,700,1,1,1,1.0,5,51599,M,0.0,0.0,51
201400006618,14,6,6,1545,1,2,1,1.0,2,51559,M,0.0,0.0,51
201400006619,14,6,25,930,1,2,1,1.0,1,51388,M,0.0,0.0,51
201400006620,14,10,17,1045,1,1,1,1.0,5,51476,M,0.0,0.0,51
201400006621,14,11,14,1745,3,2,7,2.0,6,51559,M,0.0,0.0,51
201400006622,14,12,11,745,2,2,1,2.0,1,51559,M,0.0,0.0,51
201400006623,14,12,16,1730,5,2,3,9.0,3,51388,M,0.0,0.0,51
201400006624,14,3,28,1200,1,2,1,1.0,6,51612,M,0.0,0.0,51
201400006625,14,5,6,1015,1,2,2,2.0,3,51342,M,0.0,0.0,51
201400006626,14,5,30,1745,1,1,2,1.0,3,51049,M,0.0,0.0,51
201400006627,14,6,2,800,1,1,2,1.0,3,51434,M,0.0,0.0,51
201400006628,14,7,26,1715,1,2,1,1.0,2,51612,M,0.0,0.0,51
201400006629,14,9,18,1830,1,1,3,1.0,1,51239,M,0.0,0.0,51
201400006630,14,10,15,1600,1,1,1,2.0,5,51093,M,0.0,0.0,51
201400006631,14,2,21,2245,5,2,1,1.0,7,51217,M,0.0,0.0,51
201400006632,14,2,25,1930,2,1,1,1.0,6,51346,M,0.0,0.0,51
201400006633,14,3,7,1645,1,2,1,1.0,3,51425,M,0.0,0.0,51
201400006634,14,3,8,2000,3,1,1,1.0,6,51425,M,0.0,0.0,51
201400006635,14,5,4,1900,1,1,1,1.0,7,51076,M,0.0,0.0,51
201400006636,14,6,21,1230,1,1,2,1.0,3,51414,M,0.0,0.0,51
201400006637,14,6,22,1100,1,1,2,1.0,3,51136,M,0.0,0.0,51
201400006638,14,9,26,1730,2,2,2,5.0,2,51585,M,0.0,0.0,51
201400006639,14,10,15,1800,1,2,1,2.0,2,51585,M,0.0,0.0,51
201400006640,14,11,6,415,3,1,1,1.0,6,51320,M,0.0,0.0,51
201400006641,14,11,7,1730,5,2,1,1.0,1,51136,M,0.0,0.0,51
201400006642,14,12,25,2330,5,2,2,1.0,1,51425,M,0.0,0.0,51
201400006643,14,1,2,1745,3,1,1,8.0,6,51241,M,0.0,0.0,51
201400006644,14,6,5,1515,1,1,2,1.0,3,51099,M,0.0,0.0,51
201400006645,14,9,2,1445,1,2,1,1.0,6,51165,M,0.0,0.0,51
201400006646,14,9,29,845,1,1,2,1.0,3,51090,M,0.0,0.0,51
201400006647,14,10,13,815,1,1,1,1.0,1,51276,M,0.0,0.0,51
201400006648,14,10,20,1145,1,1,1,1.0,7,51412,M,0.0,0.0,51
201400006649,14,12,9,1730,3,1,1,2.0,6,51099,M,0.0,0.0,51
201400006650,14,1,21,800,2,2,1,5.0,2,51380,M,0.0,0.0,51
201400006651,14,4,6,1230,1,1,2,1.0,3,51113,M,0.0,0.0,51
201400006652,14,4,26,630,2,1,1,5.0,7,51050,M,0.0,0.0,51
201400006653,14,5,12,645,2,1,1,1.0,3,51050,M,0.0,0.0,51
201400006654,14,5,18,1445,1,1,1,1.0,6,51380,M,0.0,0.0,51
201400006655,14,6,25,1445,1,1,1,1.0,6,51345,M,0.0,0.0,51
201400006656,14,6,26,1345,1,2,2,1.0,5,51380,M,0.0,0.0,51
201400006657,14,8,3,915,1,1,1,1.0,6,51345,M,0.0,0.0,51
201400006658,14,10,3,2000,3,1,1,1.0,2,51596,M,0.0,0.0,51
201400006659,14,1,24,550,5,1,1,2.0,6,51492,M,0.0,0.0,51
201400006660,14,1,30,1715,1,1,1,1.0,7,51353,M,0.0,0.0,51
201400006661,14,3,28,715,1,1,2,1.0,3,51432,M,0.0,0.0,51
201400006662,14,4,4,1045,1,2,3,1.0,6,51535,M,0.0,0.0,51
201400006663,14,4,20,2245,3,1,1,1.0,6,51258,M,0.0,0.0,51
201400006664,14,4,26,845,1,1,1,1.0,2,51492,M,0.0,0.0,51
201400006665,14,5,14,40,3,2,1,1.0,6,51492,M,0.0,0.0,51
201400006666,14,5,29,900,1,2,1,1.0,1,51162,M,0.0,0.0,51
201400006667,14,6,20,1545,1,1,1,1.0,1,51254,M,0.0,0.0,51
201400006668,14,9,23,1745,1,1,3,1.0,1,51009,M,0.0,0.0,51
201400006669,14,10,24,2315,3,1,3,1.0,3,51323,M,0.0,0.0,51
201400006670,14,11,16,500,3,1,1,2.0,7,51162,M,0.0,0.0,51
201400006671,14,12,2,2230,3,1,1,2.0,2,51237,M,0.0,0.0,51
201400006672,14,12,6,915,1,1,2,1.0,3,51313,M,0.0,0.0,51
201400006673,14,11,3,1515,1,1,1,2.0,6,51085,M,0.0,0.0,51
201400006674,14,11,18,1030,1,1,1,2.0,1,51585,M,0.0,0.0,51
201400006675,14,6,19,1415,1,1,1,1.0,6,51448,M,0.0,0.0,51
201400006676,14,7,14,1800,1,1,1,1.0,1,51250,M,0.0,0.0,51
201400006677,14,8,10,1015,1,2,1,1.0,6,51250,M,0.0,0.0,51
201400006678,14,9,13,500,3,1,1,1.0,6,51086,M,0.0,0.0,51
201400006679,14,9,21,545,2,1,1,2.0,5,51308,M,0.0,0.0,51
201400006680,14,9,20,1800,1,1,1,1.0,6,51591,M,0.0,0.0,51
201400006681,14,10,4,1815,1,2,1,1.0,6,51037,M,0.0,0.0,51
201400006682,14,10,9,945,1,1,1,2.0,1,51250,M,0.0,0.0,51
201400006683,14,10,17,700,3,1,1,2.0,3,51337,M,0.0,0.0,51
201400006684,14,1,26,845,2,1,1,1.0,1,51532,M,0.0,0.0,51
201400006685,14,4,27,615,2,1,1,1.0,5,51418,M,0.0,0.0,51
201400006686,14,5,5,1715,1,1,1,1.0,1,51111,M,0.0,0.0,51
201400006687,14,6,25,1700,1,2,3,1.0,3,51245,M,0.0,0.0,51
201400006688,14,6,29,1715,1,1,1,2.0,6,51282,M,0.0,0.0,51
201400006689,14,7,8,1700,1,1,1,1.0,1,51282,M,0.0,0.0,51
201400006690,14,7,10,730,1,1,1,2.0,7,51479,M,0.0,0.0,51
201400006691,14,7,19,1015,1,1,1,1.0,2,51282,M,0.0,0.0,51
201400006692,14,8,9,1930,1,1,1,1.0,6,51051,M,0.0,0.0,51
201400006693,14,8,19,1500,1,1,1,1.0,6,51479,M,0.0,0.0,51
201400006694,14,9,2,1730,1,1,2,1.0,3,51422,M,0.0,0.0,51
201400006695,14,5,5,1200,1,1,2,1.0,3,51643,M,0.0,0.0,51
201400006696,14,5,16,2115,2,1,1,1.0,7,51210,M,0.0,0.0,51
201400006697,14,9,12,1515,1,1,2,1.0,2,51576,M,0.0,0.0,51
201400006698,14,3,28,1645,1,2,1,1.0,3,51649,M,0.0,0.0,51
201400006699,14,5,14,1315,1,1,2,8.0,3,51557,M,0.0,0.0,51
201400006700,14,6,22,445,3,1,8,1.0,7,51184,M,0.0,0.0,51
201400006701,14,8,2,845,1,1,1,1.0,6,51295,M,0.0,0.0,51
201400006702,14,9,17,1315,1,1,1,1.0,6,51141,M,0.0,0.0,51
201400006703,14,9,20,1215,1,1,3,1.0,7,51433,M,0.0,0.0,51
201400006704,14,11,4,1430,1,1,1,2.0,1,51352,M,0.0,0.0,51
201400006705,14,11,16,1500,1,2,2,2.0,3,51156,M,0.0,0.0,51
201400006706,14,12,1,1245,1,2,6,1.0,6,51649,M,0.0,0.0,51
201400006707,14,12,6,1815,5,2,6,1.0,6,51262,M,0.0,0.0,51
201400006708,14,12,27,1000,1,2,2,2.0,6,51649,M,0.0,0.0,51
201400006709,14,5,11,1800,1,1,3,7.0,3,51269,M,0.0,0.0,51
201400006710,14,1,20,1815,3,1,1,2.0,7,51590,M,0.0,0.0,51
201400006711,14,4,13,1545,1,1,1,1.0,7,51135,M,0.0,0.0,51
201400006712,14,5,24,1600,1,1,1,1.0,7,51270,M,0.0,0.0,51
201400006713,14,6,8,1700,1,1,2,7.0,3,51080,M,0.0,0.0,51
201400006714,14,6,13,2200,3,1,1,1.0,7,51455,M,0.0,0.0,51
201400006715,14,6,27,1200,1,2,2,1.0,3,51066,M,0.0,0.0,51
201400006716,14,8,18,1245,1,1,1,2.0,1,51590,M,0.0,0.0,51
201400006717,14,10,18,1930,3,2,1,1.0,1,51290,M,0.0,0.0,51
201400006718,14,10,19,2030,3,1,1,1.0,6,51066,M,0.0,0.0,51
201400006719,14,10,21,1815,1,1,2,8.0,3,51373,M,0.0,0.0,51
201400006720,14,12,29,1700,3,1,1,9.0,7,51417,M,0.0,0.0,51
201400006721,14,3,18,1430,1,1,3,1.0,3,51228,M,0.0,0.0,51
201400006722,14,7,28,1830,1,1,1,2.0,1,51138,M,0.0,0.0,51
201400006723,14,8,6,1645,1,1,1,2.0,6,51399,M,0.0,0.0,51
201400006724,14,9,19,1930,3,1,1,1.0,7,51399,M,0.0,0.0,51
201400006725,14,11,29,500,4,1,1,8.0,1,08180,M,4971760.0,471228.0,08
201400006726,14,3,12,1615,1,1,1,1.0,6,08284,M,0.0,0.0,08
201400006727,14,3,16,930,1,2,1,7.0,6,08429,M,4981050.0,456517.0,08
201400006728,14,3,25,700,2,2,6,8.0,6,08460,M,4984600.0,450746.0,08
201400006729,14,1,13,1830,5,2,1,3.0,4,08185,M,4999400.0,470100.0,08
201400006730,14,2,18,800,1,1,1,1.0,5,08304,M,0.0,0.0,08
201400006731,14,1,8,1000,1,1,1,1.0,6,08190,M,5013290.0,481032.0,08
201400006732,14,1,26,1615,1,2,3,1.0,3,08289,M,4967910.0,515214.0,08
201400006733,14,1,28,1015,1,1,1,1.0,3,08043,M,4968450.0,497145.0,08
201400006734,14,2,24,1615,1,2,1,1.0,3,08145,M,4967100.0,504500.0,08
201400006735,14,1,16,530,3,1,1,2.0,6,08119,M,0.0,0.0,08
201400006736,14,3,16,1845,1,1,1,1.0,7,08280,M,0.0,0.0,08
201400006737,14,1,22,730,3,1,1,1.0,7,08064,M,4948900.0,439500.0,08
201400006738,14,10,19,1830,1,1,1,1.0,6,08144,M,4950780.0,444473.0,08
201400006739,14,1,8,2100,3,1,9,2.0,6,08219,M,4957880.0,429878.0,08
201400006740,14,2,2,1515,1,2,1,1.0,6,08435,M,0.0,0.0,08
201400006741,14,3,5,2030,5,2,2,1.0,1,08107,M,4953200.0,425443.0,08
201400006742,14,3,24,1415,1,2,1,1.0,6,08413,M,4961310.0,420392.0,08
201400006743,14,4,16,745,1,1,1,1.0,6,10425,M,4817092.0,402641.0,10
201400006744,14,9,7,1700,1,2,1,1.0,2,10018,M,4811014.0,392057.0,10
201400006745,14,1,31,2215,3,1,1,1.0,1,10412,M,0.0,0.0,10
201400006746,14,3,14,800,1,1,2,1.0,5,10282,M,4838895.0,396879.0,10
201400006747,14,3,14,1745,1,2,2,1.0,3,10381,M,4827629.0,398425.0,10
201400006748,14,7,26,1330,1,1,1,1.0,3,10349,M,4833766.0,401560.0,10
201400006749,14,9,4,1700,1,1,1,1.0,2,10191,M,4833135.0,408846.0,10
201400006750,14,9,16,900,1,2,1,1.0,3,10115,M,4833324.0,413316.0,10
201400006751,14,11,7,1900,3,1,1,1.0,2,10352,M,4835042.0,410296.0,10
201400006752,14,12,24,1900,3,1,1,2.0,2,10349,M,0.0,0.0,10
201400006753,14,6,6,800,1,1,3,1.0,1,10240,M,4828100.0,390200.0,10
201400006754,14,5,30,1315,1,1,1,1.0,6,10240,M,4828200.0,390100.0,10
201400006755,14,7,23,915,1,1,1,1.0,2,10417,M,4820838.0,375459.0,10
201400006756,14,7,27,1715,1,1,1,1.0,6,10319,M,4821900.0,362000.0,10
201400006757,14,8,11,2215,5,2,1,1.0,6,10037,M,4821400.0,389100.0,10
201400006758,14,9,14,445,5,2,9,1.0,6,10003,M,4822700.0,373800.0,10
201400006759,14,11,29,2030,3,1,1,1.0,7,10350,M,4818600.0,379800.0,10
201400006760,14,12,9,730,2,2,1,9.0,1,10142,M,4825400.0,382200.0,10
201400006761,14,1,12,1345,1,1,9,1.0,6,10238,M,0.0,0.0,10
201400006762,14,1,29,1600,1,1,1,2.0,1,10332,M,0.0,0.0,10
201400006763,14,3,25,1230,1,1,1,1.0,1,10210,M,4838900.0,422200.0,10
201400006764,14,6,9,1715,1,2,2,1.0,3,10061,M,4836200.0,440100.0,10
201400006765,14,6,21,1130,1,1,1,1.0,3,10209,M,4827742.0,425967.0,10
201400006766,14,6,22,1445,1,1,1,1.0,7,10061,M,4836800.0,436700.0,10
201400006767,14,6,26,1515,1,2,2,1.0,3,10014,M,0.0,0.0,10
201400006768,14,7,5,1800,1,1,2,3.0,3,10019,M,4839900.0,436800.0,10
201400006769,14,7,14,530,2,1,1,1.0,7,10162,M,4822706.0,423515.0,10
201400006770,14,8,10,545,2,1,1,2.0,1,10375,M,4828400.0,419299.0,10
201400006771,14,9,25,715,1,1,1,5.0,6,10255,M,4821858.0,430739.0,10
201400006772,14,10,29,1815,5,2,1,1.0,1,10245,M,4826100.0,419900.0,10
201400006773,14,1,7,630,3,2,8,8.0,6,10256,M,0.0,0.0,10
201400006774,14,1,7,1730,2,2,1,1.0,6,10401,M,4823782.0,446712.0,10
201400006775,14,3,9,1745,1,1,1,1.0,7,10033,M,4827823.0,472568.0,10
201400006776,14,3,9,1745,1,1,1,1.0,6,10033,M,4825932.0,471882.0,10
201400006777,14,3,27,2330,5,2,9,3.0,6,10033,M,4823300.0,470688.0,10
201400006778,14,5,9,845,1,2,7,1.0,1,10366,M,4827765.0,483389.0,10
201400006779,14,5,26,915,1,1,1,1.0,1,10440,M,4822588.0,475496.0,10
201400006780,14,6,10,1550,1,2,1,1.0,6,10033,M,4823223.0,470299.0,10
201400006781,14,8,22,2115,3,1,1,1.0,6,10032,M,4818366.0,471941.0,10
201400006782,14,10,14,1815,1,1,1,1.0,6,10215,M,4823531.0,451714.0,10
201400006783,14,1,26,1145,1,1,1,1.0,1,10063,M,0.0,0.0,10
201400006784,14,2,19,1600,1,1,1,1.0,6,10193,M,4842834.0,443067.0,10
201400006785,14,4,7,1815,1,2,3,1.0,1,10175,M,4850500.0,438400.0,10
201400006786,14,6,18,700,1,1,1,1.0,7,10064,M,4841300.0,455900.0,10
201400006787,14,8,29,2315,3,1,1,1.0,7,10123,M,4835900.0,453400.0,10
201400006788,14,1,27,715,2,2,1,2.0,6,10358,M,4817800.0,421300.0,10
201400006789,14,3,2,2000,5,2,1,1.0,6,10034,M,4811953.0,437341.0,10
201400006790,14,6,3,2115,2,2,1,1.0,6,10232,M,4809613.0,438760.0,10
201400006791,14,6,27,300,3,1,1,1.0,6,10437,M,4814084.0,429766.0,10
201400006792,14,7,4,2345,3,1,1,2.0,6,10034,M,4813600.0,439200.0,10
201400006793,14,7,4,915,1,1,1,2.0,6,10295,M,4807371.0,438418.0,10
201400006794,14,7,6,900,1,1,1,8.0,7,10288,M,4798879.0,448462.0,10
201400006795,14,8,23,900,1,1,1,1.0,1,10034,M,4811735.0,436716.0,10
201400006796,14,9,18,300,3,1,1,2.0,7,10141,M,4806794.0,453018.0,10
201400006797,14,9,23,700,1,2,6,5.0,6,10034,M,4811671.0,438588.0,10
201400006798,14,10,18,1030,1,2,1,1.0,3,10034,M,4810800.0,437800.0,10
201400006799,14,10,19,630,3,2,1,1.0,6,10232,M,4810200.0,439000.0,10
201400006800,14,10,23,1915,5,1,1,2.0,7,10097,M,4812900.0,449100.0,10
201400006801,14,4,26,100,3,1,1,1.0,6,10254,M,4858174.0,352367.0,10
201400006802,14,5,15,900,1,1,1,1.0,7,10367,M,4853826.0,353347.0,10
201400006803,14,6,29,400,3,1,1,2.0,6,10259,M,4847511.0,347026.0,10
201400006804,14,8,3,1315,1,1,1,1.0,5,10106,M,4846330.0,342851.0,10
201400006805,14,9,27,2045,3,1,1,1.0,7,10410,M,4831172.0,367347.0,10
201400006806,14,10,13,1730,1,2,1,1.0,1,10224,M,4840403.0,373362.0,10
201400006807,14,11,26,2030,3,1,1,5.0,1,10268,M,4851355.0,348910.0,10
201400006808,14,6,16,750,1,1,1,1.0,5,10334,M,4849624.0,353452.0,10
201400006809,14,1,12,1345,1,2,4,1.0,3,52114,M,4803528.0,492026.0,52
201400006810,14,3,16,1400,1,1,2,7.0,3,52274,M,4798104.0,489390.0,52
201400006811,14,5,25,400,3,1,1,1.0,6,52421,M,4816999.0,513933.0,52
201400006812,14,8,23,1200,1,1,2,1.0,3,52272,M,4802387.0,478268.0,52
201400006813,14,8,29,1730,1,1,1,1.0,7,52114,M,4802078.0,503088.0,52
201400006814,14,10,14,1630,1,2,1,1.0,6,52114,M,4802794.0,491538.0,52
201400006815,14,5,4,630,2,1,1,1.0,7,52247,M,4821440.0,554899.0,52
201400006816,14,10,20,800,1,1,1,1.0,6,52061,M,4813864.0,529222.0,52
201400006817,14,12,15,2000,3,1,1,2.0,6,52008,M,4825548.0,528262.0,52
201400006818,14,1,22,1845,3,1,3,5.0,1,52248,M,4801832.0,547806.0,52
201400006819,14,2,21,45,3,1,1,1.0,1,52050,M,4807605.0,531456.0,52
201400006820,14,3,9,1730,1,1,1,1.0,1,52459,M,4806039.0,531747.0,52
201400006821,14,5,25,1800,1,1,1,1.0,3,52248,M,4801710.0,547849.0,52
201400006822,14,6,15,1300,1,1,1,7.0,1,52025,M,4810620.0,551083.0,52
201400006823,14,2,16,1645,1,1,1,1.0,6,52253,M,4818053.0,498478.0,52
201400006824,14,3,9,1845,2,1,1,1.0,7,52548,M,4824063.0,511669.0,52
201400006825,14,7,3,2215,2,2,1,1.0,1,52434,M,4821345.0,514511.0,52
201400006826,14,11,21,1130,1,1,1,1.0,7,52141,M,4813873.0,513319.0,52
201400006827,14,12,11,1915,3,1,1,2.0,5,52260,M,4821184.0,512442.0,52
201400006828,14,1,1,1730,2,2,1,8.0,1,52036,M,4782076.0,537612.0,52
201400006829,14,1,25,845,3,1,1,1.0,7,52269,M,4785750.0,535958.0,52
201400006830,14,2,8,1900,3,2,1,2.0,6,52269,M,4785960.0,533101.0,52
201400006831,14,3,18,1915,2,1,1,1.0,7,52207,M,4795563.0,546120.0,52
201400006832,14,4,2,1815,1,1,1,1.0,1,52270,M,4794737.0,533915.0,52
201400006833,14,4,20,830,1,1,1,1.0,6,52307,M,4791482.0,520498.0,52
201400006834,14,5,6,1700,1,1,1,1.0,7,52037,M,4791278.0,540168.0,52
201400006835,14,6,10,1445,1,1,1,1.0,1,52269,M,4783749.0,537262.0,52
201400006836,14,6,16,1530,1,1,1,1.0,4,52453,M,4784940.0,541684.0,52
201400006837,14,7,11,1215,1,1,1,8.0,1,52115,M,4785837.0,538955.0,52
201400006838,14,7,15,1530,1,1,1,1.0,5,52380,M,4788522.0,535576.0,52
201400006839,14,7,29,2000,1,2,1,2.0,6,52348,M,4791672.0,544368.0,52
201400006840,14,8,19,1830,1,1,1,1.0,3,52449,M,4782998.0,533824.0,52
201400006841,14,9,7,530,3,1,1,1.0,7,52106,M,4791765.0,529020.0,52
201400006842,14,9,14,1915,1,2,1,1.0,6,52269,M,4785177.0,533504.0,52
201400006843,14,11,13,1615,1,2,1,1.0,2,52269,M,4787258.0,533191.0,52
201400006844,14,12,14,2000,3,2,1,5.0,7,52042,M,4790272.0,524602.0,52
201400006845,14,12,16,615,3,1,1,2.0,3,52115,M,4785685.0,537510.0,52
201400006846,14,12,18,1700,5,2,1,2.0,6,52269,M,4785956.0,533100.0,52
201400006847,14,12,20,600,5,2,1,2.0,6,52269,M,4785692.0,533586.0,52
201400006848,14,4,13,530,3,1,1,1.0,6,52208,M,4791845.0,583219.0,52
201400006849,14,11,1,1500,1,1,1,1.0,2,52208,M,4793031.0,583365.0,52
201400006850,14,1,25,1330,1,1,1,1.0,6,52093,M,4781909.0,540730.0,52
201400006851,14,2,2,530,5,1,1,1.0,7,52119,M,4781708.0,549355.0,52
201400006852,14,2,21,1815,3,1,1,1.0,3,52257,M,4783363.0,569209.0,52
201400006853,14,7,25,1330,1,1,1,1.0,3,52093,M,4780345.0,539995.0,52
201400006854,14,9,26,1530,1,1,1,1.0,6,52119,M,4781478.0,550552.0,52
201400006855,14,1,28,700,3,1,1,5.0,1,52062,M,4780388.0,531785.0,52
201400006856,14,4,26,915,1,1,1,1.0,2,52292,M,4775595.0,530764.0,52
201400006857,14,6,24,1445,1,1,1,7.0,3,52529,M,4772866.0,530790.0,52
201400006858,14,1,12,930,1,2,1,9.0,7,52265,M,4855042.0,507457.0,52
201400006859,14,2,14,330,3,1,1,1.0,6,52203,M,4854801.0,509698.0,52
201400006860,14,3,8,615,2,1,1,1.0,1,52265,M,4854577.0,507354.0,52
201400006861,14,7,6,2030,1,1,1,8.0,6,52182,M,4853845.0,482193.0,52
201400006862,14,3,28,245,4,2,1,1.0,6,52456,M,4839839.0,517874.0,52
201400006863,14,4,16,1730,1,2,9,1.0,6,52250,M,4844055.0,513834.0,52
201400006864,14,6,6,1630,1,1,1,1.0,1,52512,M,4846208.0,512910.0,52
201400006865,14,6,7,1515,1,2,1,1.0,1,52175,M,4836618.0,515488.0,52
201400006866,14,8,10,415,3,1,1,1.0,5,52118,M,4848747.0,511230.0,52
201400006867,14,8,13,1045,1,1,1,2.0,6,52118,M,4849238.0,512568.0,52
201400006868,14,10,26,200,3,1,1,1.0,3,52212,M,4841663.0,514979.0,52
201400006869,14,4,19,1700,1,1,1,1.0,7,52550,M,4850228.0,492757.0,52
201400006870,14,6,4,1745,1,2,2,1.0,3,52550,M,4850100.0,494998.0,52
201400006871,14,6,28,30,3,1,1,1.0,6,52331,M,4847871.0,478831.0,52
201400006872,14,8,6,1930,1,2,1,8.0,6,52550,M,4851262.0,491964.0,52
201400006873,14,9,29,1130,1,1,1,1.0,1,52532,M,4853992.0,498196.0,52
201400006874,14,12,21,1015,1,1,1,8.0,1,52391,M,4850927.0,479712.0,52