Num_Acc,an,mois,jour,hrmn,lum,agg,int,atm,col,com,gps,lat,long,dep
201400006875,14,8,28,1030,1,1,1,1.0,2,21107,M,4740800.0,511700.0,21
201400006876,14,9,20,2300,3,2,1,2.0,6,21535,M,4737400.0,508100.0,21
201400006877,14,11,14,1430,1,1,1,2.0,1,21555,M,4740000.0,512800.0,21
201400006878,14,12,2,1915,3,1,3,1.0,1,21535,M,4736900.0,507400.0,21
201400006879,14,1,14,1600,1,2,1,8.0,3,21038,M,0.0,0.0,21
201400006880,14,4,5,1130,1,2,1,1.0,6,21038,M,0.0,0.0,21
201400006881,14,5,10,1900,2,1,1,2.0,7,21028,M,4722700.0,537700.0,21
201400006882,14,5,23,2245,1,2,1,1.0,1,21038,M,4718800.0,538700.0,21
201400006883,14,11,28,1630,1,2,1,1.0,6,21038,M,0.0,0.0,21
201400006884,14,1,10,1100,1,2,1,1.0,6,21292,M,4724600.0,522700.0,21
201400006885,14,3,15,1200,1,2,1,1.0,6,21353,M,0.0,0.0,21
201400006886,14,4,5,2030,2,1,1,1.0,7,21005,M,4716900.0,517100.0,21
201400006887,14,6,23,1145,1,1,1,1.0,3,21005,M,4717100.0,516800.0,21
201400006888,14,8,5,745,1,1,1,1.0,1,21106,M,4723500.0,512200.0,21
201400006889,14,12,13,2300,5,2,1,2.0,2,21292,M,0.0,0.0,21
201400006890,14,3,28,1900,2,2,6,1.0,3,21458,M,0.0,0.0,21
201400006891,14,8,15,1230,1,1,1,1.0,3,21295,M,4723400.0,497300.0,21
201400006892,14,8,30,1830,1,2,2,1.0,3,21295,M,4723300.0,496700.0,21
201400006893,14,9,22,1700,1,1,3,1.0,3,21585,M,4720500.0,508200.0,21
201400006894,14,10,29,1330,1,1,1,1.0,3,21295,M,4722292.0,495081.0,21
201400006895,14,11,27,1830,5,2,1,1.0,6,21263,M,4723108.0,506247.0,21
201400006896,14,12,9,1545,1,2,3,1.0,3,21585,M,4722000.0,508900.0,21
201400006897,14,1,30,815,1,1,1,1.0,1,21416,M,4738600.0,529400.0,21
201400006898,14,3,16,1415,1,1,1,1.0,1,21467,M,4740900.0,534700.0,21
201400006899,14,9,26,1345,1,2,1,1.0,1,21369,M,4738400.0,524700.0,21
201400006900,14,12,23,2345,3,1,1,5.0,7,21482,M,4729600.0,547500.0,21
201400006901,14,1,18,1400,1,1,1,1.0,7,21317,M,0.0,0.0,21
201400006902,14,3,14,1515,1,1,2,1.0,3,21211,M,0.0,0.0,21
201400006903,14,4,19,1800,1,2,1,1.0,6,21317,M,0.0,0.0,21
201400006904,14,5,26,2200,3,1,1,1.0,6,21599,M,0.0,0.0,21
201400006905,14,5,28,1930,1,1,1,1.0,6,21579,M,0.0,0.0,21
201400006906,14,6,19,1515,1,1,1,7.0,1,21391,M,0.0,0.0,21
201400006907,14,6,28,1100,1,1,1,1.0,7,21579,M,4760000.0,487800.0,21
201400006908,14,8,28,2130,3,1,1,2.0,7,21620,M,0.0,0.0,21
201400006909,14,8,30,1230,1,2,1,1.0,3,21383,M,0.0,0.0,21
201400006910,14,10,8,1300,1,1,1,1.0,7,21317,M,0.0,0.0,21
201400006911,14,11,29,1700,2,2,1,1.0,3,21317,M,4752581.0,511322.0,21
201400006912,14,12,11,1015,1,1,9,1.0,7,21385,M,0.0,0.0,21
201400006913,14,1,9,1430,1,2,2,1.0,3,21534,M,0.0,0.0,21
201400006914,14,1,24,1745,1,1,1,1.0,5,21397,M,4707000.0,476400.0,21
201400006915,14,2,7,1130,1,2,1,8.0,6,21582,M,0.0,0.0,21
201400006916,14,3,14,2145,3,1,1,1.0,1,21527,M,4694800.0,467000.0,21
201400006917,14,3,22,1130,1,1,1,8.0,3,21527,M,4695400.0,467300.0,21
201400006918,14,4,16,1545,1,1,1,1.0,6,21712,M,4700700.0,479000.0,21
201400006919,14,5,23,1645,1,1,1,1.0,3,21534,M,4701500.0,493400.0,21
201400006920,14,5,31,1345,1,2,3,1.0,3,21412,M,0.0,0.0,21
201400006921,14,6,23,1330,1,1,1,1.0,3,21616,M,4697100.0,480800.0,21
201400006922,14,7,16,1515,1,2,1,1.0,6,21606,M,4707100.0,489300.0,21
201400006923,14,7,16,1815,1,1,1,1.0,3,21590,M,4706100.0,484000.0,21
201400006924,14,9,4,1730,1,1,1,1.0,7,21099,M,4705300.0,477600.0,21
201400006925,14,9,4,1900,1,1,2,1.0,3,21616,M,4697400.0,481800.0,21
201400006926,14,9,12,1915,1,1,1,1.0,1,21636,M,4702700.0,455400.0,21
201400006927,14,9,18,945,1,2,2,1.0,1,21606,M,4708300.0,489000.0,21
201400006928,14,9,18,1515,1,1,1,1.0,3,21541,M,4695700.0,472000.0,21
201400006929,14,10,20,15,3,1,1,1.0,3,21318,M,4703100.0,464500.0,21
201400006930,14,10,20,730,2,1,1,5.0,1,21684,M,0.0,0.0,21
201400006931,14,10,27,2130,5,2,1,1.0,6,21412,M,4695800.0,476600.0,21
201400006932,14,11,2,1,3,1,1,5.0,1,21636,M,4702500.0,451900.0,21
201400006933,14,11,9,100,3,1,1,1.0,6,21712,M,4700200.0,479600.0,21
201400006934,14,1,13,800,2,1,1,2.0,1,21128,M,4727800.0,449100.0,21
201400006935,14,5,24,900,1,1,1,1.0,6,21244,M,4730200.0,451400.0,21
201400006936,14,2,10,700,3,1,1,3.0,3,21564,M,4712200.0,506200.0,21
201400006937,14,2,20,745,1,2,1,1.0,3,21464,M,0.0,0.0,21
201400006938,14,2,26,1200,1,1,1,8.0,1,21186,M,4711500.0,488700.0,21
201400006939,14,3,12,745,1,1,2,7.0,3,21517,M,4712000.0,497600.0,21
201400006940,14,11,16,1530,1,1,1,2.0,1,21384,M,0.0,0.0,21
201400006941,14,11,23,30,3,1,1,5.0,6,21407,M,4716000.0,488300.0,21
201400006942,14,8,19,2000,1,2,1,1.0,1,21131,M,0.0,0.0,21
201400006943,14,2,20,1800,1,1,1,1.0,6,21378,M,0.0,0.0,21
201400006944,14,5,5,1500,1,1,1,1.0,3,21511,M,4773900.0,447300.0,21
201400006945,14,8,14,15,3,1,1,1.0,7,21104,M,0.0,0.0,21
201400006946,14,10,25,1530,1,1,1,1.0,6,21336,M,0.0,0.0,21
201400006947,14,4,16,815,1,1,2,1.0,3,21415,M,4767500.0,484900.0,21
201400006948,14,1,20,1800,3,1,1,2.0,5,21641,M,0.0,0.0,21
201400006949,14,9,30,2200,3,1,1,1.0,6,21247,M,0.0,0.0,21
201400006950,14,9,27,1515,1,1,1,1.0,7,21537,M,4737900.0,456300.0,21
201400006951,14,4,3,1045,1,1,3,8.0,3,21584,M,4728500.0,419200.0,21
201400006952,14,6,8,515,2,1,1,1.0,6,21434,M,4736300.0,428500.0,21
201400006953,14,6,30,845,1,2,1,7.0,1,21232,M,4740400.0,423200.0,21
201400006954,14,7,27,600,2,2,1,1.0,6,21675,M,4716500.0,432800.0,21
201400006955,14,8,23,1545,1,1,1,1.0,3,21629,M,4726300.0,429700.0,21
201400006956,14,9,1,830,1,1,1,1.0,1,21177,M,4741400.0,444900.0,21
201400006957,14,9,6,1100,1,1,1,1.0,6,21101,M,4741700.0,441400.0,21
201400006958,14,1,17,1630,1,1,1,7.0,1,21238,M,4729100.0,469500.0,21
201400006959,14,5,23,1900,1,1,1,8.0,6,21310,M,4736100.0,457200.0,21
201400006960,14,1,17,1330,1,1,1,1.0,1,58055,M,0.0,0.0,58
201400006961,14,2,7,1945,3,1,1,1.0,3,58245,M,0.0,0.0,58
201400006962,14,4,17,1600,1,2,4,1.0,1,58095,M,0.0,0.0,58
201400006963,14,5,16,815,1,1,1,1.0,2,58095,M,0.0,0.0,58
201400006964,14,7,5,45,3,2,1,1.0,7,58291,M,0.0,0.0,58
201400006965,14,7,24,800,1,1,1,1.0,1,58241,M,0.0,0.0,58
201400006966,14,8,9,1100,1,2,1,1.0,6,58095,M,0.0,0.0,58
201400006967,14,8,22,645,1,1,1,1.0,6,58055,M,0.0,0.0,58
201400006968,14,9,22,1145,1,1,1,1.0,6,58151,M,0.0,0.0,58
201400006969,14,10,20,1600,1,1,1,1.0,6,58241,M,0.0,0.0,58
201400006970,14,10,28,1615,1,1,1,1.0,6,58118,M,0.0,0.0,58
201400006971,14,11,10,1100,1,2,1,1.0,6,58095,M,0.0,0.0,58
201400006972,14,12,13,1145,1,2,1,1.0,3,58095,M,0.0,0.0,58
201400006973,14,2,8,1500,1,2,1,8.0,2,58117,M,0.0,0.0,58
201400006974,14,3,18,1630,1,2,6,1.0,6,58117,M,0.0,0.0,58
201400006975,14,4,10,745,1,1,1,7.0,3,58117,M,0.0,0.0,58
201400006976,14,5,22,1900,1,2,1,1.0,3,58117,M,0.0,0.0,58
201400006977,14,5,30,830,1,1,1,1.0,1,58117,M,0.0,0.0,58
201400006978,14,11,18,1030,2,2,1,8.0,1,58051,M,0.0,0.0,58
201400006979,14,3,8,1530,1,1,1,1.0,7,58119,M,0.0,0.0,58
201400006980,14,7,17,1100,1,1,1,1.0,1,58273,M,0.0,0.0,58
201400006981,14,9,19,1430,1,1,1,2.0,6,58072,M,0.0,0.0,58
201400006982,14,2,1,2030,3,1,1,2.0,4,58264,M,4676700.0,313900.0,58
201400006983,14,2,7,1515,1,1,1,1.0,3,58293,M,4671900.0,340100.0,58
201400006984,14,4,10,730,2,1,1,1.0,2,58260,M,0.0,0.0,58
201400006985,14,4,10,830,2,1,1,1.0,3,58152,M,0.0,0.0,58
201400006986,14,4,24,1930,1,1,1,1.0,6,58260,M,0.0,0.0,58
201400006987,14,4,27,2030,2,1,1,8.0,6,58104,M,0.0,0.0,58
201400006988,14,6,4,1500,1,1,1,1.0,1,58264,M,0.0,0.0,58
201400006989,14,6,12,1300,1,1,1,1.0,3,58293,M,0.0,0.0,58
201400006990,14,7,2,1300,1,1,1,1.0,2,58144,M,0.0,0.0,58
201400006991,14,8,29,2330,3,1,1,1.0,1,58260,M,0.0,0.0,58
201400006992,14,9,7,415,3,1,1,1.0,7,58260,M,0.0,0.0,58
201400006993,14,2,22,2000,3,1,1,2.0,7,58285,M,0.0,0.0,58
201400006994,14,2,27,1030,1,1,1,2.0,3,58267,M,0.0,0.0,58
201400006995,14,8,9,800,1,1,1,1.0,6,58233,M,0.0,0.0,58
201400006996,14,8,29,1600,1,1,1,1.0,6,58171,M,0.0,0.0,58
201400006997,14,9,6,1000,1,1,1,1.0,7,58107,M,0.0,0.0,58
201400006998,14,9,20,2245,3,1,1,1.0,7,58092,M,0.0,0.0,58
201400006999,14,10,31,1130,1,1,1,1.0,6,58092,M,0.0,0.0,58
201400007000,14,11,21,1330,1,1,1,1.0,6,58070,M,0.0,0.0,58
201400007001,14,6,7,1000,1,1,1,1.0,7,58276,M,0.0,0.0,58
201400007002,14,3,15,1415,1,1,1,1.0,3,58165,M,0.0,0.0,58
201400007003,14,1,23,1515,1,2,1,8.0,6,58083,M,0.0,0.0,58
201400007004,14,5,3,1230,1,1,1,1.0,7,58305,M,0.0,0.0,58
201400007005,14,5,18,1030,1,1,1,1.0,7,58145,M,0.0,0.0,58
201400007006,14,5,18,1745,1,2,1,1.0,7,58075,M,0.0,0.0,58
201400007007,14,8,20,1515,1,1,2,1.0,1,58083,M,0.0,0.0,58
201400007008,14,9,6,1645,1,1,1,1.0,6,58106,M,0.0,0.0,58
201400007009,14,11,8,1815,3,1,1,8.0,7,58047,M,4720400.0,373600.0,58
201400007010,14,11,30,1030,1,1,1,1.0,6,58047,M,0.0,0.0,58
201400007011,14,1,1,1600,1,1,1,1.0,6,58007,M,0.0,0.0,58
201400007012,14,6,15,1930,1,2,1,1.0,6,58086,M,0.0,0.0,58
201400007013,14,6,17,2130,2,1,1,1.0,6,58086,M,0.0,0.0,58
201400007014,14,8,22,2245,3,1,1,1.0,7,58086,M,0.0,0.0,58
201400007015,14,11,22,1600,1,2,1,1.0,6,58086,M,0.0,0.0,58
201400007016,14,12,10,1815,3,1,1,9.0,5,58086,M,0.0,0.0,58
201400007017,14,12,9,1715,3,1,1,1.0,6,58077,M,0.0,0.0,58
201400007018,14,1,2,1845,5,2,3,1.0,3,58059,M,0.0,0.0,58
201400007019,14,1,6,1800,3,1,1,8.0,6,58215,M,0.0,0.0,58
201400007020,14,5,1,1915,1,1,1,1.0,6,58215,M,0.0,0.0,58
201400007021,14,6,30,1000,1,1,1,1.0,1,58302,M,0.0,0.0,58
201400007022,14,7,2,45,3,2,1,1.0,6,58164,M,0.0,0.0,58
201400007023,14,7,20,1215,1,1,1,1.0,6,58302,M,0.0,0.0,58
201400007024,14,11,16,1400,1,1,1,2.0,1,58127,M,4736700.0,359300.0,58
201400007025,14,2,7,1915,3,1,1,1.0,3,71099,M,4636730.0,483465.0,71
201400007026,14,2,11,1330,1,1,1,1.0,2,71513,M,4639152.0,487374.0,71
201400007027,14,2,11,1230,1,1,1,1.0,6,71513,M,4639110.0,487359.0,71
201400007028,14,2,25,1700,1,1,6,2.0,3,71235,M,4635558.0,479471.0,71
201400007029,14,3,13,1145,1,1,1,1.0,5,71583,M,0.0,0.0,71
201400007030,14,3,13,2215,3,1,1,1.0,6,71574,M,4636023.0,472907.0,71
201400007031,14,4,9,1700,1,1,1,1.0,2,71169,M,0.0,0.0,71
201400007032,14,4,28,215,3,1,1,2.0,7,71513,M,0.0,0.0,71
201400007033,14,4,29,1645,1,1,1,1.0,3,71371,M,4635096.0,476899.0,71
201400007034,14,6,1,300,3,1,1,1.0,6,71525,M,0.0,0.0,71
201400007035,14,6,6,515,5,1,1,1.0,1,71448,M,4637059.0,485720.0,71
201400007036,14,9,25,1045,1,1,1,8.0,4,71371,M,0.0,0.0,71
201400007037,14,9,14,2215,3,1,9,1.0,1,71150,M,0.0,0.0,71
201400007038,14,10,10,1745,1,1,1,3.0,6,71385,M,0.0,0.0,71
201400007039,14,10,25,2215,4,2,1,1.0,1,71090,M,0.0,0.0,71
201400007040,14,11,2,1330,1,1,1,1.0,2,71481,M,0.0,0.0,71
201400007041,14,2,27,1430,1,1,1,2.0,1,71289,M,0.0,0.0,71
201400007042,14,3,2,1315,1,1,1,1.0,6,71397,M,4639241.0,464139.0,71
201400007043,14,4,21,1515,1,1,1,1.0,5,71397,M,4638696.0,462104.0,71
201400007044,14,5,13,715,1,1,1,2.0,1,71545,M,0.0,0.0,71
201400007045,14,6,6,1230,1,1,1,1.0,3,71137,M,0.0,0.0,71
201400007046,14,8,31,1430,1,1,1,1.0,1,71545,M,0.0,0.0,71
201400007047,14,9,21,1230,1,1,1,1.0,1,71055,M,0.0,0.0,71
201400007048,14,10,18,1700,1,1,1,1.0,7,71240,M,4641874.0,463810.0,71
201400007049,14,7,24,945,1,2,9,1.0,6,71543,M,4656509.0,490455.0,71
201400007050,14,1,18,1345,1,2,1,1.0,3,71014,M,4697233.0,430429.0,71
201400007051,14,2,12,730,2,1,1,9.0,7,71010,M,0.0,0.0,71
201400007052,14,3,9,1600,1,1,1,1.0,7,71014,M,0.0,0.0,71
201400007053,14,4,6,2115,3,1,1,1.0,6,71014,M,4695866.0,427107.0,71
201400007054,14,4,8,1245,1,1,1,1.0,6,71015,M,4694816.0,442207.0,71
201400007055,14,4,16,1600,1,2,1,1.0,6,71014,M,4695492.0,430453.0,71
201400007056,14,5,22,845,1,2,1,1.0,6,71014,M,4695158.0,429129.0,71
201400007057,14,6,25,1600,1,1,1,1.0,1,71162,M,0.0,0.0,71
201400007058,14,8,30,1700,1,1,1,1.0,5,71368,M,0.0,0.0,71
201400007059,14,9,28,1115,1,2,1,1.0,6,71014,M,4695403.0,430207.0,71
201400007060,14,10,24,1445,1,2,1,1.0,1,71014,M,4694766.0,430162.0,71
201400007061,14,11,27,745,2,2,1,2.0,6,71014,M,4695448.0,429321.0,71
201400007062,14,4,16,1730,1,1,1,1.0,7,71223,M,0.0,0.0,71
201400007063,14,9,7,1400,1,1,1,1.0,1,71223,M,0.0,0.0,71
201400007064,14,10,18,1130,1,1,1,1.0,7,71407,M,0.0,0.0,71
201400007065,14,11,6,715,3,1,1,5.0,1,71251,M,0.0,0.0,71
201400007066,14,6,17,1130,1,1,1,1.0,3,71442,M,0.0,0.0,71
201400007067,14,11,16,45,3,1,1,8.0,7,71378,M,0.0,0.0,71
201400007068,14,7,4,1745,1,1,1,2.0,6,71102,M,4673828.0,479586.0,71
201400007069,14,8,27,1730,1,2,1,1.0,3,71216,M,4667156.0,460262.0,71
201400007070,14,12,8,2345,5,2,1,1.0,6,71269,M,0.0,0.0,71
201400007071,14,2,3,545,3,2,1,1.0,1,71003,M,0.0,0.0,71
201400007072,14,4,7,915,1,1,1,1.0,2,71398,M,0.0,0.0,71
201400007073,14,5,5,1845,1,1,1,1.0,7,71336,M,0.0,0.0,71
201400007074,14,6,22,2145,3,1,1,1.0,6,71138,M,0.0,0.0,71
201400007075,14,6,28,1315,1,1,1,1.0,1,71336,M,0.0,0.0,71
201400007076,14,7,23,1015,1,2,1,1.0,1,71456,M,0.0,0.0,71
201400007077,14,10,2,1345,1,2,1,1.0,3,71004,M,4681525.0,494181.0,71
201400007078,14,11,5,815,1,2,1,8.0,4,71420,M,4670474.0,502712.0,71
201400007079,14,12,23,2330,4,1,1,5.0,7,71420,M,4668097.0,495488.0,71
201400007080,14,3,13,1645,1,2,1,7.0,6,71402,M,4667777.0,489141.0,71
201400007081,14,4,18,1745,1,2,1,1.0,2,71283,M,4670260.0,491782.0,71
201400007082,14,6,7,2345,5,2,1,1.0,6,71512,M,4663890.0,486919.0,71
201400007083,14,6,14,330,3,2,1,1.0,6,71444,M,0.0,0.0,71
201400007084,14,7,23,1715,1,1,1,1.0,2,71512,M,0.0,0.0,71
201400007085,14,11,21,1800,5,2,1,1.0,1,71512,M,4664110.0,486147.0,71
201400007086,14,4,15,1400,1,1,1,1.0,1,71571,M,0.0,0.0,71
201400007087,14,8,11,945,1,1,1,1.0,7,71564,M,0.0,0.0,71
201400007088,14,4,16,815,1,2,1,7.0,6,71120,M,4620814.0,433427.0,71
201400007089,14,6,14,815,1,2,1,7.0,6,71120,M,4620813.0,433434.0,71
201400007090,14,2,4,2100,5,2,7,1.0,3,71176,M,4648442.0,398755.0,71
201400007091,14,2,19,1445,1,2,1,1.0,6,71176,M,4648425.0,398739.0,71
201400007092,14,3,21,1630,1,1,1,1.0,6,71325,M,4649360.0,394239.0,71
201400007093,14,3,21,2200,5,2,2,8.0,3,71176,M,4648346.0,398402.0,71
201400007094,14,6,16,1415,1,1,1,7.0,7,71229,M,0.0,0.0,71
201400007095,14,6,24,1445,1,1,1,1.0,3,71176,M,0.0,0.0,71
201400007096,14,6,30,1445,1,2,1,1.0,6,71176,M,4648191.0,397763.0,71
201400007097,14,8,22,945,1,2,1,1.0,1,71325,M,0.0,0.0,71
201400007098,14,11,16,1730,1,1,1,1.0,6,71176,M,0.0,0.0,71
201400007099,14,12,16,2330,5,2,1,1.0,6,71176,M,0.0,0.0,71
201400007100,14,4,6,1530,1,1,1,7.0,1,71259,M,4624096.0,421118.0,71
201400007101,14,6,16,1415,1,1,1,1.0,6,71510,M,0.0,0.0,71
201400007102,14,7,28,915,1,1,1,2.0,1,71453,M,0.0,0.0,71
201400007103,14,8,9,915,1,1,9,2.0,1,71291,M,4618588.0,404938.0,71
201400007104,14,11,2,1500,1,1,1,1.0,6,71259,M,0.0,0.0,71
201400007105,14,12,21,1100,1,1,1,1.0,6,71337,M,0.0,0.0,71
201400007106,14,2,14,1900,3,1,1,1.0,6,71491,M,4641833.0,404302.0,71
201400007107,14,6,5,1345,1,1,1,1.0,2,71342,M,0.0,0.0,71
201400007108,14,7,1,1515,1,1,1,1.0,6,71588,M,4646089.0,403234.0,71
201400007109,14,9,27,1115,1,1,1,1.0,3,71342,M,0.0,0.0,71
201400007110,14,10,30,915,3,1,1,5.0,1,71590,M,0.0,0.0,71
201400007111,14,12,20,1700,5,2,1,1.0,6,71342,M,4646788.0,411896.0,71
201400007112,14,1,8,2230,5,2,2,1.0,1,71047,M,4663003.0,372982.0,71
201400007113,14,2,3,1430,1,1,3,1.0,3,71317,M,4672473.0,408283.0,71
201400007114,14,3,11,1615,1,2,1,1.0,1,71155,M,0.0,0.0,71
201400007115,14,9,3,1445,1,2,1,1.0,6,71047,M,0.0,0.0,71
201400007116,14,9,24,1630,1,2,6,1.0,1,71047,M,0.0,0.0,71
201400007117,14,10,20,1345,1,2,1,1.0,2,71047,M,4663002.0,372975.0,71
201400007118,14,11,26,1815,3,1,1,2.0,6,71155,M,0.0,0.0,71
201400007119,14,1,10,1515,1,1,1,1.0,1,71490,M,4651531.0,416294.0,71
201400007120,14,3,17,1945,1,2,1,7.0,6,71230,M,4660059.0,406145.0,71
201400007121,14,3,19,1700,1,2,1,1.0,6,71340,M,4654991.0,421861.0,71
201400007122,14,3,22,1030,1,1,1,1.0,3,71340,M,0.0,0.0,71
201400007123,14,8,7,1645,1,1,1,1.0,6,71565,M,0.0,0.0,71
201400007124,14,8,28,1230,1,1,9,1.0,3,71212,M,0.0,0.0,71
201400007125,14,9,12,1745,1,1,1,1.0,5,71330,M,0.0,0.0,71
201400007126,14,10,24,1745,2,1,1,1.0,6,71490,M,0.0,0.0,71
201400007127,14,11,21,430,3,1,1,5.0,6,71334,M,0.0,0.0,71
201400007128,14,12,2,330,3,1,1,2.0,1,71340,M,0.0,0.0,71
201400007129,14,6,27,1600,1,1,1,1.0,7,71379,M,0.0,0.0,71
201400007130,14,6,27,1430,1,1,1,1.0,7,71484,M,0.0,0.0,71
201400007131,14,4,21,1030,1,1,1,1.0,1,71319,M,0.0,0.0,71
201400007132,14,5,10,1515,1,1,1,1.0,6,71319,M,0.0,0.0,71
201400007133,14,7,5,1800,1,1,1,1.0,6,71061,M,0.0,0.0,71
201400007134,14,7,17,1400,1,1,1,1.0,5,71244,M,0.0,0.0,71
201400007135,14,10,16,745,2,1,1,3.0,2,71318,M,0.0,0.0,71
201400007136,14,7,27,1130,1,1,3,1.0,1,71045,M,4678495.0,529007.0,71
201400007137,14,10,11,830,1,1,1,2.0,6,71295,M,0.0,0.0,71
201400007138,14,11,9,1230,1,1,1,2.0,1,71419,M,0.0,0.0,71
201400007139,14,8,23,1915,1,1,1,2.0,1,71436,M,4673012.0,451859.0,71
201400007140,14,9,1,1330,1,2,7,1.0,3,71282,M,0.0,0.0,71
201400007141,14,6,9,1645,1,1,1,1.0,3,71286,M,0.0,0.0,71
201400007142,14,2,18,2145,3,1,1,1.0,2,89213,M,4789701.0,338981.0,89
201400007143,14,3,27,2015,3,1,1,1.0,3,89484,M,4791121.0,331823.0,89
201400007144,14,4,26,30,3,1,1,1.0,1,89484,M,4791118.0,332846.0,89
201400007145,14,5,26,1545,1,1,1,3.0,6,89438,M,4779234.0,366749.0,89
201400007146,14,6,10,1900,1,1,1,1.0,2,89263,M,4785629.0,358136.0,89
201400007147,14,7,5,445,3,1,1,1.0,2,89198,M,4785560.0,355785.0,89
201400007148,14,8,12,1445,1,1,1,1.0,2,89013,M,4786641.0,349555.0,89
201400007149,14,8,21,315,3,1,1,1.0,2,89366,M,4792577.0,327578.0,89
201400007150,14,8,30,1545,1,1,1,1.0,6,89384,M,4790235.0,334975.0,89
201400007151,14,11,21,2145,3,1,1,1.0,6,89037,M,4791847.0,328696.0,89
201400007152,14,2,19,1445,1,1,1,1.0,2,89255,M,4831160.0,324336.0,89
201400007153,14,4,4,1600,1,1,1,1.0,6,89171,M,4824381.0,349425.0,89
201400007154,14,4,12,515,3,1,1,1.0,6,89261,M,4824725.0,354149.0,89
201400007155,14,5,10,430,3,1,1,1.0,2,89124,M,4835712.0,316687.0,89
201400007156,14,2,7,745,1,1,1,1.0,4,89077,M,4775130.0,360532.0,89
201400007157,14,2,10,1940,5,2,3,8.0,3,89013,M,4786741.0,353666.0,89
201400007158,14,2,14,2215,3,2,1,9.0,7,89102,M,0.0,0.0,89
201400007159,14,2,22,500,2,1,3,1.0,1,89438,M,4779589.0,365494.0,89
201400007160,14,3,30,420,5,2,1,1.0,6,89427,M,0.0,0.0,89
201400007161,14,4,8,900,1,1,2,1.0,3,89438,M,4779398.0,365101.0,89
201400007162,14,5,4,1500,1,1,1,1.0,6,89438,M,4779970.0,365988.0,89
201400007163,14,8,23,1100,1,1,1,8.0,6,89083,M,4784462.0,349046.0,89
201400007164,14,11,21,30,3,1,1,1.0,1,89438,M,4780887.0,360734.0,89
201400007165,14,12,16,1745,3,1,1,2.0,6,89295,M,0.0,0.0,89
201400007166,14,1,8,1000,1,1,1,1.0,6,89118,M,4769797.0,357211.0,89
201400007167,14,2,2,900,1,1,1,1.0,7,89199,M,4772974.0,354477.0,89
201400007168,14,4,2,2145,3,1,1,1.0,6,89253,M,4756082.0,359841.0,89
201400007169,14,11,16,1715,2,1,1,3.0,6,89119,M,4756144.0,352834.0,89
201400007170,14,1,2,1415,1,2,1,1.0,6,89169,M,4794819.0,387179.0,89
201400007171,14,1,19,2015,3,1,1,1.0,2,89061,M,4797539.0,380208.0,89
201400007172,14,1,21,815,2,1,1,1.0,6,89439,M,4793265.0,372180.0,89
201400007173,14,2,10,1700,1,2,1,2.0,6,89345,M,4800054.0,372742.0,89
201400007174,14,4,19,1915,1,2,1,1.0,3,89439,M,4797622.0,372399.0,89
201400007175,14,8,3,1845,1,1,1,1.0,7,89069,M,4810756.0,367142.0,89
201400007176,14,8,5,1345,1,2,3,1.0,3,89205,M,4796296.0,379244.0,89
201400007177,14,8,6,1000,1,1,1,1.0,3,89276,M,4802368.0,376438.0,89
201400007178,14,8,11,1115,1,2,1,1.0,3,89345,M,4799968.0,372068.0,89
201400007179,14,8,23,1115,1,2,1,8.0,3,89345,M,4799701.0,374054.0,89
201400007180,14,10,18,1130,1,2,2,1.0,1,89276,M,4804500.0,379700.0,89
201400007181,14,10,26,1330,1,2,1,1.0,6,89474,M,4794800.0,383600.0,89
201400007182,14,12,6,1230,1,1,2,2.0,3,89076,M,4801047.0,367605.0,89
201400007183,14,12,14,730,5,2,1,3.0,3,89345,M,4800093.0,372279.0,89
201400007184,14,3,20,900,1,1,1,1.0,1,89198,M,4786440.0,357900.0,89
201400007185,14,4,21,1745,1,1,2,1.0,3,89307,M,4792016.0,371341.0,89
201400007186,14,5,18,1000,1,1,1,1.0,3,89227,M,0.0,0.0,89
201400007187,14,5,24,330,3,1,1,1.0,6,89104,M,4775355.0,382199.0,89
201400007188,14,7,6,945,1,1,3,1.0,1,89242,M,4786233.0,376803.0,89
201400007189,14,7,21,1500,1,1,2,1.0,3,89307,M,4792027.0,371322.0,89
201400007190,14,8,30,1330,1,1,1,1.0,5,89341,M,4772426.0,375154.0,89
201400007191,14,12,2,1800,5,2,1,2.0,6,89263,M,4784891.0,357873.0,89
201400007192,14,1,17,1945,3,2,1,1.0,2,89419,M,4773233.0,330155.0,89
201400007193,14,5,25,1915,1,1,1,1.0,6,89286,M,4773850.0,334532.0,89
201400007194,14,6,9,1500,1,1,2,1.0,3,89073,M,4779082.0,310861.0,89
201400007195,14,6,25,1745,1,2,1,1.0,1,89147,M,0.0,0.0,89
201400007196,14,7,26,1545,1,1,1,1.0,6,89173,M,4767976.0,324997.0,89
201400007197,14,7,27,1115,1,1,1,1.0,7,89462,M,0.0,0.0,89
201400007198,14,8,23,1615,1,1,1,1.0,6,89419,M,4770697.0,330857.0,89
201400007199,14,10,5,530,3,1,1,3.0,6,89368,M,4760006.0,321991.0,89
201400007200,14,12,11,945,1,1,1,2.0,6,89254,M,4770692.0,318479.0,89
201400007201,14,12,23,1845,3,1,1,1.0,1,89273,M,4761242.0,316299.0,89
201400007202,14,1,21,745,3,1,1,1.0,2,89235,M,4750226.0,398423.0,89
201400007203,14,3,5,1430,1,1,1,1.0,2,89306,M,4750192.0,388602.0,89
201400007204,14,5,26,845,1,2,1,8.0,6,89025,M,0.0,0.0,89
201400007205,14,6,14,2045,1,2,1,7.0,3,89025,M,4749949.0,390252.0,89
201400007206,14,6,23,1815,1,1,1,2.0,6,89347,M,4743966.0,389985.0,89