Num_Acc,an,mois,jour,hrmn,lum,agg,int,atm,col,com,gps,lat,long,dep
201400007207,14,8,28,1015,1,1,1,1.0,3,89025,M,4749677.0,395398.0,89
201400007208,14,9,12,1700,1,1,1,1.0,7,89446,M,4745109.0,368834.0,89
201400007209,14,9,14,800,1,2,1,1.0,6,89159,M,4752007.0,392059.0,89
201400007210,14,10,1,815,2,1,1,5.0,6,89297,M,4741679.0,378077.0,89
201400007211,14,10,5,1445,1,1,1,2.0,7,89145,M,4742536.0,383286.0,89
201400007212,14,1,6,900,1,2,9,1.0,3,89010,M,4772176.0,396539.0,89
201400007213,14,3,9,1830,1,1,2,1.0,3,89230,M,4798308.0,344644.0,89
201400007214,14,7,27,1430,1,1,1,1.0,6,89468,M,0.0,0.0,89
201400007215,14,12,2,1700,3,1,1,2.0,3,89230,M,4798320.0,344631.0,89
201400007216,14,1,10,1515,1,1,1,7.0,5,89294,M,4785966.0,314828.0,89
201400007217,14,6,1,1630,1,1,1,1.0,3,89454,M,4793343.0,312977.0,89
201400007218,14,2,23,200,3,2,1,1.0,6,89085,M,4794500.0,349200.0,89
201400007219,14,3,14,1645,1,1,1,1.0,3,89059,M,4802295.0,351789.0,89
201400007220,14,5,17,1745,1,2,1,1.0,1,89257,M,4796800.0,351900.0,89
201400007221,14,7,26,2000,1,2,1,1.0,3,89257,M,4796100.0,352634.0,89
201400007222,14,8,2,1515,1,1,1,1.0,6,89056,M,4798616.0,351170.0,89
201400007223,14,8,24,1845,1,2,1,1.0,3,89152,M,0.0,0.0,89
201400007224,14,2,3,1830,3,1,1,1.0,7,89239,M,4818142.0,333805.0,89
201400007225,14,8,6,1200,1,1,1,2.0,3,89240,M,4817743.0,336157.0,89
201400007226,14,8,25,1845,1,1,1,1.0,3,89195,M,4815379.0,327038.0,89
201400007227,14,9,16,1745,1,2,1,1.0,3,89239,M,4818770.0,331942.0,89
201400007228,14,9,27,1845,1,2,9,1.0,1,89373,M,4821257.0,335713.0,89
201400007229,14,10,23,2115,3,1,1,1.0,2,89160,M,4814667.0,328162.0,89
201400007230,14,3,31,2045,3,1,2,1.0,3,89255,M,4831341.0,323737.0,89
201400007231,14,4,10,1400,1,2,1,1.0,3,89309,M,4828361.0,320201.0,89
201400007232,14,5,31,2000,1,1,1,1.0,3,89391,M,4832663.0,324763.0,89
201400007233,14,1,1,515,3,1,2,8.0,3,89450,M,4822466.0,315641.0,89
201400007234,14,1,4,1815,3,1,1,2.0,2,89036,M,4815765.0,309756.0,89
201400007235,14,1,10,1630,1,1,1,1.0,3,89100,M,4819912.0,301591.0,89
201400007236,14,1,26,1915,3,1,2,2.0,1,89450,M,4822460.0,315639.0,89
201400007237,14,2,18,1800,2,1,1,1.0,2,89467,M,4825400.0,305743.0,89
201400007238,14,4,24,315,3,1,1,1.0,6,89428,M,4822673.0,303274.0,89
201400007239,14,10,28,1030,1,1,1,1.0,7,89404,M,4816819.0,320687.0,89
201400007240,14,11,8,845,1,1,2,8.0,3,89442,M,4808064.0,311656.0,89
201400007241,14,11,24,1000,1,1,1,1.0,3,89126,M,4812232.0,310322.0,89
201400007242,14,2,21,1130,1,1,1,1.0,6,89313,M,4798428.0,320620.0,89
201400007243,14,2,23,600,3,1,1,1.0,6,89298,M,0.0,0.0,89
201400007244,14,2,26,2200,5,2,1,8.0,1,89051,M,4809646.0,338087.0,89
201400007245,14,3,17,1730,1,2,1,1.0,6,89464,M,4807901.0,325381.0,89
201400007246,14,3,18,1045,1,2,1,1.0,3,89464,M,4808523.0,329514.0,89
201400007247,14,4,19,1815,1,2,1,8.0,6,89063,M,4796949.0,329602.0,89
201400007248,14,6,2,1145,1,2,1,1.0,6,89348,M,4803017.0,329696.0,89
201400007249,14,6,27,815,1,1,6,1.0,7,89388,M,4793820.0,324272.0,89
201400007250,14,7,20,1000,1,1,1,1.0,7,89464,M,4807317.0,329370.0,89
201400007251,14,7,27,1800,1,2,1,1.0,6,89348,M,0.0,0.0,89
201400007252,14,10,2,1945,5,2,1,1.0,2,89348,M,0.0,0.0,89
201400007253,14,4,21,930,1,2,1,2.0,6,89407,M,4784645.0,408469.0,89
201400007254,14,6,13,1930,1,2,1,1.0,6,89112,M,4784013.0,387536.0,89
201400007255,14,6,30,600,2,1,1,5.0,6,89299,M,4784300.0,417432.0,89
201400007256,14,8,17,1945,1,1,1,1.0,7,89418,M,4782730.0,398919.0,89
201400007257,14,11,3,715,2,1,1,2.0,2,89168,M,4781321.0,388560.0,89
201400007258,14,11,5,1730,2,1,1,1.0,6,89087,M,4775358.0,419579.0,89
201400007259,14,1,3,1945,5,2,1,2.0,5,25112,M,0.0,0.0,25
201400007260,14,4,19,145,3,1,1,1.0,6,25395,M,0.0,0.0,25
201400007261,14,4,23,130,3,1,1,1.0,6,25328,M,0.0,0.0,25
201400007262,14,4,24,1545,1,1,1,1.0,7,25328,M,4720500.0,602000.0,25
201400007263,14,5,1,2200,3,1,1,2.0,1,25410,M,0.0,0.0,25
201400007264,14,5,29,1645,1,1,1,1.0,2,25112,M,0.0,0.0,25
201400007265,14,7,17,1730,1,1,1,1.0,1,25112,M,4726800.0,605900.0,25
201400007266,14,8,17,1130,1,2,3,1.0,3,25058,M,4721258.0,600213.0,25
201400007267,14,9,27,1515,1,1,1,1.0,5,25058,M,4720800.0,599800.0,25
201400007268,14,12,1,1530,1,2,1,1.0,1,25112,M,0.0,0.0,25
201400007269,14,2,20,815,1,1,1,5.0,1,25155,M,0.0,0.0,25
201400007270,14,10,8,1445,1,1,1,1.0,6,25537,M,0.0,0.0,25
201400007271,14,1,10,1715,5,2,6,1.0,3,25527,M,4718700.0,581400.0,25
201400007272,14,1,18,1545,1,1,1,1.0,6,25105,M,0.0,0.0,25
201400007273,14,3,23,1915,3,2,1,1.0,7,25021,M,4703800.0,576600.0,25
201400007274,14,4,4,1345,1,2,3,1.0,3,25021,M,4703793.0,578507.0,25
201400007275,14,6,2,2115,2,2,1,1.0,1,25021,M,0.0,0.0,25
201400007276,14,6,22,1030,1,1,1,1.0,6,25406,M,4716000.0,603100.0,25
201400007277,14,7,17,2130,2,1,1,1.0,7,25147,M,4721600.0,591000.0,25
201400007278,14,8,4,1130,1,1,1,1.0,3,25147,M,4723100.0,588900.0,25
201400007279,14,9,3,1615,1,1,1,1.0,1,25594,M,4719200.0,588700.0,25
201400007280,14,9,5,1845,1,2,1,1.0,1,25477,M,4719200.0,595000.0,25
201400007281,14,9,24,730,1,1,1,1.0,5,25527,M,4719100.0,582600.0,25
201400007282,14,9,29,1600,1,1,1,1.0,1,25502,M,4716800.0,582500.0,25
201400007283,14,12,2,1700,2,1,1,1.0,7,25561,M,4717800.0,593900.0,25
201400007284,14,4,22,2345,5,1,1,1.0,6,25097,M,0.0,0.0,25
201400007285,14,5,24,1730,1,2,1,1.0,7,25284,M,4751330.0,682681.0,25
201400007286,14,6,5,1730,1,2,1,1.0,1,25428,M,0.0,0.0,25
201400007287,14,6,21,1415,1,2,6,1.0,1,25284,M,4753700.0,682400.0,25
201400007288,14,8,28,1400,1,2,1,1.0,6,25057,M,4753378.0,680840.0,25
201400007289,14,3,6,1715,1,2,1,1.0,1,25523,M,4751600.0,670300.0,25
201400007290,14,4,11,1945,1,2,1,1.0,5,25526,M,0.0,0.0,25
201400007291,14,7,18,1830,1,1,1,1.0,3,25481,M,4754500.0,672300.0,25
201400007292,14,7,26,1830,1,2,1,1.0,1,25350,M,4747285.0,669075.0,25
201400007293,14,10,18,1315,1,1,1,1.0,6,25048,M,4748300.0,671400.0,25
201400007294,14,10,31,1130,1,2,1,1.0,3,25043,M,4748100.0,677000.0,25
201400007295,14,11,7,1800,5,2,1,2.0,6,25526,M,0.0,0.0,25
201400007296,14,1,31,1845,3,1,1,1.0,6,25196,M,4748700.0,689900.0,25
201400007297,14,6,9,1315,1,1,1,7.0,1,25040,M,4750100.0,693400.0,25
201400007298,14,7,11,1645,1,2,1,2.0,3,25190,M,4752100.0,691800.0,25
201400007299,14,9,29,1615,1,2,1,1.0,2,25367,M,4745500.0,680100.0,25
201400007300,14,12,4,715,2,2,1,5.0,6,25004,M,4743155.0,691833.0,25
201400007301,14,2,26,1530,1,1,1,1.0,6,25193,M,0.0,0.0,25
201400007302,14,3,8,1000,1,2,1,1.0,6,25127,M,4721309.0,682685.0,25
201400007303,14,4,10,1815,1,1,1,1.0,1,25356,M,4724100.0,680400.0,25
201400007304,14,6,14,1630,1,2,1,1.0,3,25173,M,4726300.0,670800.0,25
201400007305,14,6,23,945,1,2,1,1.0,1,25051,M,0.0,0.0,25
201400007306,14,7,24,2215,3,1,3,1.0,3,25193,M,4725300.0,687400.0,25
201400007307,14,1,30,1900,3,1,1,9.0,6,25187,M,4736100.0,669000.0,25
201400007308,14,4,11,1700,1,1,1,1.0,1,25463,M,0.0,0.0,25
201400007309,14,5,5,1045,1,1,1,1.0,7,25519,M,0.0,0.0,25
201400007310,14,8,2,1345,1,2,1,9.0,3,25519,M,4731717.0,681152.0,25
201400007311,14,8,23,400,3,1,1,1.0,7,25519,M,0.0,0.0,25
201400007312,14,8,24,1445,1,1,1,1.0,7,25591,M,0.0,0.0,25
201400007313,14,10,10,900,1,1,1,2.0,1,25463,M,0.0,0.0,25
201400007314,14,10,13,1330,1,1,1,1.0,3,25519,M,0.0,0.0,25
201400007315,14,11,1,1445,1,1,1,1.0,6,25519,M,0.0,0.0,25
201400007316,14,11,28,1700,5,2,1,1.0,3,25463,M,0.0,0.0,25
201400007317,14,11,29,1915,3,1,1,1.0,6,25402,M,0.0,0.0,25
201400007318,14,6,22,45,3,1,1,1.0,6,25446,M,4728100.0,637000.0,25
201400007319,14,6,3,1630,1,2,1,1.0,3,25156,M,4739400.0,650200.0,25
201400007320,14,6,3,1100,1,1,1,2.0,6,25345,M,4746600.0,663500.0,25
201400007321,14,7,6,2200,3,1,2,8.0,3,25232,M,4749200.0,662200.0,25
201400007322,14,8,24,930,1,1,1,1.0,6,25479,M,0.0,0.0,25
201400007323,14,10,20,1045,1,2,1,1.0,6,25529,M,4729700.0,658300.0,25
201400007324,14,10,24,1730,1,2,1,1.0,2,25156,M,0.0,0.0,25
201400007325,14,3,12,1330,1,1,1,1.0,1,25014,M,0.0,0.0,25
201400007326,14,4,11,1330,1,2,1,1.0,7,25560,M,0.0,0.0,25
201400007327,14,7,12,2345,3,1,1,8.0,6,25323,M,0.0,0.0,25
201400007328,14,7,24,1930,1,1,1,1.0,3,25560,M,0.0,0.0,25
201400007329,14,7,31,945,1,2,1,7.0,3,25429,M,0.0,0.0,25
201400007330,14,12,24,200,3,1,1,9.0,6,25368,M,0.0,0.0,25
201400007331,14,1,17,1345,1,1,1,1.0,3,25601,M,0.0,0.0,25
201400007332,14,1,30,700,3,1,1,1.0,5,25039,M,0.0,0.0,25
201400007333,14,2,22,1830,5,2,1,4.0,3,25219,M,0.0,0.0,25
201400007334,14,3,9,1545,1,1,1,1.0,6,25601,M,0.0,0.0,25
201400007335,14,3,19,1815,1,1,1,1.0,6,25288,M,0.0,0.0,25
201400007336,14,4,10,1130,1,1,1,1.0,6,25262,M,0.0,0.0,25
201400007337,14,4,13,1330,1,1,9,1.0,6,25424,M,0.0,0.0,25
201400007338,14,5,11,515,2,2,1,2.0,6,25262,M,4713400.0,657600.0,25
201400007339,14,6,11,1930,1,1,1,1.0,2,25262,M,0.0,0.0,25
201400007340,14,4,20,1730,1,1,1,1.0,7,25128,M,4707600.0,635000.0,25
201400007341,14,7,12,1415,1,2,1,1.0,3,25578,M,0.0,0.0,25
201400007342,14,7,24,1145,1,2,1,1.0,1,25355,M,4722811.0,632143.0,25
201400007343,14,8,22,1145,1,1,1,1.0,1,25301,M,4714216.0,660996.0,25
201400007344,14,8,30,1315,1,1,1,1.0,2,25578,M,0.0,0.0,25
201400007345,14,9,14,930,1,1,1,1.0,1,25222,M,0.0,0.0,25
201400007346,14,11,10,1430,1,2,1,1.0,1,25578,M,0.0,0.0,25
201400007347,14,11,29,400,5,2,1,1.0,2,25578,M,0.0,0.0,25
201400007348,14,12,14,430,3,1,1,1.0,6,25301,M,4717400.0,658600.0,25
201400007349,14,2,1,630,3,1,1,1.0,6,25259,M,0.0,0.0,25
201400007350,14,3,16,430,3,1,1,1.0,6,25609,M,0.0,0.0,25
201400007351,14,3,25,545,3,1,1,1.0,5,25075,M,0.0,0.0,25
201400007352,14,4,10,1600,1,1,1,1.0,6,25254,M,0.0,0.0,25
201400007353,14,5,20,1700,1,2,1,1.0,3,25157,M,0.0,0.0,25
201400007354,14,6,1,1445,1,1,1,1.0,1,25060,M,0.0,0.0,25
201400007355,14,6,7,430,3,1,1,1.0,7,25440,M,0.0,0.0,25
201400007356,14,6,8,1330,1,1,1,1.0,7,25254,M,0.0,0.0,25
201400007357,14,7,5,600,2,1,1,1.0,6,25157,M,0.0,0.0,25
201400007358,14,8,17,1830,1,1,1,1.0,3,25110,M,0.0,0.0,25
201400007359,14,8,26,1015,1,1,1,3.0,3,25621,M,0.0,0.0,25
201400007360,14,9,19,1030,1,1,1,1.0,3,25201,M,0.0,0.0,25
201400007361,14,11,14,1900,3,1,1,2.0,1,25157,M,0.0,0.0,25
201400007362,14,12,27,1300,1,1,1,4.0,1,25442,M,0.0,0.0,25
201400007363,14,1,4,2000,3,1,1,9.0,6,25320,M,0.0,0.0,25
201400007364,14,1,11,330,3,1,1,9.0,6,25318,M,0.0,0.0,25
201400007365,14,2,2,1630,1,1,1,1.0,1,25308,M,0.0,0.0,25
201400007366,14,3,24,945,1,1,1,4.0,4,25565,M,0.0,0.0,25
201400007367,14,4,4,2245,3,1,1,1.0,5,25619,M,0.0,0.0,25
201400007368,14,4,13,1200,1,1,1,1.0,6,25405,M,0.0,0.0,25
201400007369,14,4,18,1545,1,1,1,2.0,6,25413,M,0.0,0.0,25
201400007370,14,4,23,1815,1,1,1,4.0,4,25514,M,0.0,0.0,25
201400007371,14,6,12,1015,1,1,1,1.0,6,25320,M,0.0,0.0,25
201400007372,14,1,23,1415,1,1,1,2.0,1,25240,M,0.0,0.0,25
201400007373,14,2,15,300,5,1,1,1.0,6,25285,M,0.0,0.0,25
201400007374,14,3,9,1700,1,2,1,1.0,3,25512,M,0.0,0.0,25
201400007375,14,3,13,1345,1,1,1,1.0,1,25347,M,0.0,0.0,25
201400007376,14,5,15,1400,1,1,1,1.0,6,25160,M,0.0,0.0,25
201400007377,14,6,11,1745,1,2,1,1.0,3,25411,M,4705421.0,660669.0,25
201400007378,14,6,18,1015,1,1,3,7.0,1,25240,M,0.0,0.0,25
201400007379,14,7,10,2015,3,1,1,2.0,6,25074,M,0.0,0.0,25
201400007380,14,7,18,45,3,1,1,1.0,7,25620,M,0.0,0.0,25
201400007381,14,7,22,1300,1,1,1,2.0,1,25240,M,0.0,0.0,25
201400007382,14,8,6,1730,1,1,2,1.0,3,25347,M,0.0,0.0,25
201400007383,14,9,21,1900,2,1,1,3.0,1,25160,M,0.0,0.0,25
201400007384,14,9,25,1815,1,1,1,1.0,5,25512,M,0.0,0.0,25
201400007385,14,9,27,1930,2,1,1,1.0,3,25512,M,0.0,0.0,25
201400007386,14,10,4,1730,1,1,1,1.0,5,25512,M,0.0,0.0,25
201400007387,14,10,18,1630,1,1,1,1.0,1,25411,M,0.0,0.0,25
201400007388,14,11,11,1330,1,1,1,1.0,7,25095,M,0.0,0.0,25
201400007389,14,11,15,1645,2,1,1,2.0,1,25512,M,0.0,0.0,25
201400007390,14,11,29,1415,1,2,3,1.0,5,25411,M,4705686.0,658017.0,25
201400007391,14,1,22,1145,1,2,9,7.0,6,04070,M,4409540.0,623519.0,04
201400007392,14,1,28,1435,1,2,6,1.0,5,04070,M,4408257.0,621739.0,04
201400007393,14,4,17,1430,1,2,6,1.0,6,04070,M,,,04
201400007394,14,7,6,1930,1,1,1,1.0,7,04070,M,,,04
201400007395,14,7,9,2035,2,2,1,1.0,6,04070,M,4408963.0,622510.0,04
201400007396,14,7,17,25,5,2,6,1.0,6,04070,M,4408859.0,622518.0,04
201400007397,14,9,5,1545,1,1,1,1.0,7,04070,M,,,04
201400007398,14,10,1,1245,1,1,1,1.0,6,04070,M,,,04
201400007399,14,10,11,1530,1,2,1,2.0,7,04070,M,4408413.0,620598.0,04
201400007400,14,12,6,1205,1,2,1,1.0,6,04070,M,4409305.0,623508.0,04
201400007401,14,1,15,600,3,1,1,9.0,1,39332,M,0.0,0.0,39
201400007402,14,6,19,1315,1,1,1,1.0,6,39240,M,0.0,0.0,39
201400007403,14,7,27,1445,1,1,1,1.0,7,39348,M,0.0,0.0,39
201400007404,14,8,30,1445,1,2,6,1.0,3,39327,M,0.0,0.0,39
201400007405,14,10,26,1,3,2,1,1.0,7,39217,M,0.0,0.0,39
201400007406,14,11,16,1900,1,1,1,1.0,1,39332,M,0.0,0.0,39
201400007407,14,12,2,1815,2,2,1,2.0,6,39327,M,0.0,0.0,39
201400007408,14,12,18,730,3,2,1,3.0,6,39327,M,0.0,0.0,39
201400007409,14,12,18,730,3,1,3,3.0,1,39567,M,0.0,0.0,39
201400007410,14,3,8,1945,3,1,1,1.0,1,39423,M,0.0,0.0,39
201400007411,14,8,31,515,5,2,1,1.0,7,39397,M,0.0,0.0,39
201400007412,14,4,15,1215,1,1,1,1.0,1,39191,M,0.0,0.0,39
201400007413,14,5,31,1615,1,1,1,1.0,7,39407,M,0.0,0.0,39
201400007414,14,9,7,1230,1,1,1,1.0,1,39489,M,0.0,0.0,39
201400007415,14,9,14,1545,1,1,2,1.0,3,39272,M,0.0,0.0,39
201400007416,14,9,27,1500,1,1,1,1.0,6,39041,M,0.0,0.0,39
201400007417,14,9,27,1700,1,1,1,1.0,6,39482,M,0.0,0.0,39
201400007418,14,10,16,2100,3,1,3,2.0,3,39199,M,0.0,0.0,39
201400007419,14,12,24,1130,1,1,1,9.0,7,39260,M,0.0,0.0,39
201400007420,14,8,17,1100,1,1,1,7.0,6,39265,M,0.0,0.0,39
201400007421,14,6,6,1800,1,1,1,1.0,5,39088,M,0.0,0.0,39
201400007422,14,8,5,1545,1,1,1,1.0,5,39088,M,0.0,0.0,39
201400007423,14,9,24,1030,1,1,1,1.0,6,39488,M,0.0,0.0,39
201400007424,14,10,6,945,1,1,1,1.0,7,39185,M,0.0,0.0,39
201400007425,14,4,14,615,2,1,1,1.0,1,39437,M,0.0,0.0,39
201400007426,14,5,6,1300,1,2,1,1.0,6,39097,M,0.0,0.0,39
201400007427,14,7,6,2245,5,2,1,2.0,5,39097,M,0.0,0.0,39
201400007428,14,7,14,1830,1,1,1,1.0,3,39210,M,0.0,0.0,39
201400007429,14,10,2,1830,1,1,1,1.0,6,39522,M,0.0,0.0,39
201400007430,14,7,3,1800,1,1,1,1.0,1,39391,M,0.0,0.0,39
201400007431,14,11,22,1115,1,1,1,1.0,3,39129,M,0.0,0.0,39
201400007432,14,7,27,915,1,2,1,1.0,1,39461,M,0.0,0.0,39
201400007433,14,1,10,1430,1,2,1,7.0,6,39434,M,0.0,0.0,39
201400007434,14,1,30,630,3,1,1,1.0,3,39013,M,4690600.0,575900.0,39
201400007435,14,7,4,700,2,1,1,1.0,1,39040,M,4682100.0,576200.0,39
201400007436,14,7,5,1730,1,1,1,1.0,1,39013,M,4690800.0,576300.0,39
201400007437,14,7,13,1430,1,1,1,1.0,1,39081,M,4688500.0,571900.0,39
201400007438,14,8,1,1245,1,1,1,1.0,1,39535,M,4686900.0,567800.0,39
201400007439,14,9,20,2030,3,1,6,1.0,6,39434,M,4684100.0,569200.0,39
201400007440,14,11,16,2215,3,1,1,3.0,7,39013,M,4690100.0,574000.0,39
201400007441,14,11,21,1100,1,2,1,1.0,6,39013,M,4690600.0,577600.0,39
201400007442,14,1,8,1530,1,2,1,1.0,6,39500,M,4694200.0,587800.0,39
201400007443,14,3,29,1515,1,1,1,1.0,7,39500,M,0.0,0.0,39
201400007444,14,4,11,1945,1,1,2,1.0,1,39500,M,0.0,0.0,39
201400007445,14,8,5,830,1,2,1,1.0,1,39370,M,0.0,0.0,39
201400007446,14,9,6,1200,1,2,1,1.0,6,39202,M,0.0,0.0,39
201400007447,14,11,9,1000,1,1,1,2.0,1,39436,M,0.0,0.0,39
201400007448,14,4,8,1445,1,1,1,1.0,3,39501,M,0.0,0.0,39
201400007449,14,3,30,1915,1,2,1,1.0,6,39193,M,0.0,0.0,39
201400007450,14,4,25,730,1,1,1,1.0,7,39022,M,0.0,0.0,39
201400007451,14,6,22,1000,1,1,1,1.0,3,39577,M,0.0,0.0,39
201400007452,14,8,12,1400,1,1,1,1.0,2,39124,M,0.0,0.0,39
201400007453,14,9,10,1130,1,2,6,1.0,2,39128,M,0.0,0.0,39
201400007454,14,9,27,945,1,2,2,1.0,3,39571,M,0.0,0.0,39
201400007455,14,11,1,145,3,2,1,1.0,7,39365,M,4964100.0,501000.0,39
201400007456,14,11,19,1745,3,1,1,1.0,3,39520,M,0.0,0.0,39
201400007457,14,12,31,1715,2,2,1,1.0,6,39396,M,0.0,0.0,39
201400007458,14,1,18,2030,3,1,1,2.0,6,39465,M,0.0,0.0,39
201400007459,14,1,21,1145,1,1,1,1.0,1,39498,M,0.0,0.0,39
201400007460,14,2,6,1845,3,1,1,1.0,6,39238,M,0.0,0.0,39
201400007461,14,6,9,1700,1,1,1,1.0,6,39008,M,0.0,0.0,39
201400007462,14,6,21,1645,1,1,1,1.0,1,39449,M,0.0,0.0,39
201400007463,14,11,3,1415,1,1,6,8.0,5,39188,M,0.0,0.0,39
201400007464,14,11,7,1745,2,2,1,8.0,6,39219,M,0.0,0.0,39
201400007465,14,12,14,400,3,1,6,2.0,7,39451,M,0.0,0.0,39
201400007466,14,3,31,1545,1,2,1,1.0,2,39478,M,0.0,0.0,39
201400007467,14,4,6,2300,4,1,1,1.0,6,39491,M,0.0,0.0,39
201400007468,14,4,17,1715,1,1,3,1.0,1,39113,M,0.0,0.0,39
201400007469,14,5,4,1130,1,1,1,1.0,6,39453,M,4647500.0,582500.0,39
201400007470,14,5,8,1645,1,1,1,1.0,7,39510,M,0.0,0.0,39
201400007471,14,7,22,1300,1,1,1,2.0,5,39106,M,0.0,0.0,39
201400007472,14,7,29,1015,1,1,1,2.0,3,39561,M,0.0,0.0,39
201400007473,14,8,23,745,1,1,1,1.0,5,39106,M,0.0,0.0,39
201400007474,14,9,10,1700,1,1,9,2.0,7,39068,M,0.0,0.0,39
201400007475,14,9,27,1630,1,2,1,1.0,1,39491,M,0.0,0.0,39
201400007476,14,10,6,815,1,1,1,5.0,1,39561,M,0.0,0.0,39
201400007477,14,10,26,1445,1,1,1,1.0,6,39478,M,4663300.0,545000.0,39
201400007478,14,10,31,2130,3,1,1,1.0,6,39113,M,0.0,0.0,39
201400007479,14,12,11,1330,1,2,1,2.0,6,39478,M,0.0,0.0,39
201400007480,14,4,8,1045,1,1,1,2.0,5,39487,M,4658900.0,595400.0,39
201400007481,14,5,24,1715,1,1,1,1.0,6,39258,M,0.0,0.0,39
201400007482,14,10,12,1415,1,1,1,8.0,1,39368,M,0.0,0.0,39
201400007483,14,10,18,1130,1,1,1,1.0,3,39470,M,0.0,0.0,39
201400007484,14,10,26,1715,1,1,1,1.0,4,39470,M,0.0,0.0,39
201400007485,14,11,30,700,2,1,1,2.0,6,39232,M,0.0,0.0,39
201400007486,14,1,2,1225,1,2,2,8.0,6,04112,M,4382811.0,578725.0,04
201400007487,14,3,21,900,1,2,3,8.0,3,04112,M,,,04
201400007488,14,5,6,1925,1,2,1,1.0,1,04112,M,,,04
201400007489,14,5,14,1705,1,2,1,1.0,3,04112,M,4382973.0,579681.0,04
201400007490,14,6,25,935,1,1,1,1.0,5,04112,M,4380557.0,577970.0,04
201400007491,14,9,23,1415,1,2,1,1.0,4,04112,M,4381736.0,579837.0,04
201400007492,14,2,4,1715,1,1,1,1.0,5,70163,M,0.0,0.0,70
201400007493,14,3,12,745,1,1,4,1.0,3,70136,M,0.0,0.0,70
201400007494,14,9,17,1935,1,1,1,1.0,4,70516,M,0.0,0.0,70
201400007495,14,9,19,1530,1,1,1,1.0,7,70550,M,0.0,0.0,70
201400007496,14,6,25,1030,1,1,1,7.0,5,70012,M,0.0,0.0,70
201400007497,14,7,12,30,3,1,1,1.0,6,70404,M,0.0,0.0,70
201400007498,14,9,16,1645,1,1,1,1.0,1,70228,M,0.0,0.0,70
201400007499,14,1,17,2045,3,1,1,1.0,1,70236,M,0.0,0.0,70
201400007500,14,1,27,815,1,1,1,1.0,5,70278,M,0.0,0.0,70
201400007501,14,2,14,815,4,1,1,2.0,7,70387,M,0.0,0.0,70
201400007502,14,6,16,1745,1,2,1,1.0,6,70386,M,0.0,0.0,70
201400007503,14,8,1,1545,1,1,1,1.0,6,70566,M,0.0,0.0,70
201400007504,14,10,30,1600,1,1,1,1.0,3,70439,M,0.0,0.0,70
201400007505,14,12,1,1800,3,1,1,1.0,6,70324,M,0.0,0.0,70
201400007506,14,12,1,1400,1,1,1,8.0,2,70136,M,0.0,0.0,70
201400007507,14,12,3,2015,3,1,9,1.0,1,70002,M,0.0,0.0,70
201400007508,14,12,7,445,3,1,1,1.0,6,70486,M,0.0,0.0,70
201400007509,14,12,9,1615,1,2,1,8.0,7,70095,M,0.0,0.0,70
201400007510,14,4,10,1245,1,1,1,1.0,7,70239,M,0.0,0.0,70
201400007511,14,5,4,2130,3,1,1,1.0,6,70197,M,0.0,0.0,70
201400007512,14,9,11,1530,1,1,1,1.0,1,70405,M,0.0,0.0,70
201400007513,14,9,14,145,5,1,2,1.0,3,70288,M,0.0,0.0,70
201400007514,14,9,14,1130,1,1,1,1.0,6,70159,M,0.0,0.0,70
201400007515,14,11,1,1000,1,2,1,1.0,1,70447,M,0.0,0.0,70
201400007516,14,1,13,1200,1,1,1,2.0,1,70178,M,0.0,0.0,70
201400007517,14,2,18,600,3,1,1,1.0,2,70310,M,0.0,0.0,70
201400007518,14,3,20,2015,1,1,1,1.0,5,70262,M,0.0,0.0,70
201400007519,14,5,10,1430,1,1,1,1.0,7,70577,M,0.0,0.0,70
201400007520,14,9,5,1700,1,1,1,1.0,6,70310,M,0.0,0.0,70
201400007521,14,9,14,515,3,1,1,5.0,6,70581,M,0.0,0.0,70
201400007522,14,10,15,700,2,1,1,5.0,6,70464,M,0.0,0.0,70
201400007523,14,10,17,1315,1,2,1,1.0,1,70455,M,4768000.0,652900.0,70
201400007524,14,10,27,1400,1,2,1,1.0,6,70310,M,0.0,0.0,70
201400007525,14,11,23,1600,1,2,1,1.0,3,70310,M,0.0,0.0,70
201400007526,14,2,19,1600,1,2,1,1.0,6,70120,M,0.0,0.0,70
201400007527,14,3,23,1845,3,2,2,1.0,3,70295,M,4779800.0,653700.0,70
201400007528,14,4,13,1700,1,1,1,1.0,3,70256,M,0.0,0.0,70
201400007529,14,6,21,1545,1,1,1,1.0,7,70318,M,0.0,0.0,70
201400007530,14,7,13,600,1,2,1,1.0,6,70451,M,0.0,0.0,70
201400007531,14,8,20,1900,1,2,1,1.0,1,70413,M,0.0,0.0,70
201400007532,14,9,8,1045,1,1,1,1.0,1,70451,M,0.0,0.0,70
201400007533,14,10,31,1515,1,2,1,1.0,6,70459,M,0.0,0.0,70
201400007534,14,1,18,1100,1,1,1,8.0,1,70277,M,0.0,0.0,70
201400007535,14,2,5,130,3,1,1,9.0,7,70477,M,0.0,0.0,70
201400007536,14,3,26,2030,3,1,1,1.0,5,70184,M,0.0,0.0,70
201400007537,14,5,15,1730,1,1,1,1.0,3,70064,M,0.0,0.0,70
201400007538,14,6,1,1130,1,1,1,1.0,1,70221,M,0.0,0.0,70
201400007539,14,8,25,1030,1,1,1,1.0,3,70116,M,0.0,0.0,70
201400007540,14,9,29,1430,1,1,1,1.0,1,70271,M,0.0,0.0,70
201400007541,14,12,3,1345,1,1,1,1.0,7,70121,M,0.0,0.0,70
201400007542,14,1,16,1215,1,2,6,2.0,3,70311,M,0.0,0.0,70
201400007543,14,2,1,1930,5,2,1,2.0,6,70294,M,0.0,0.0,70
201400007544,14,6,18,845,1,2,1,1.0,6,70478,M,0.0,0.0,70
201400007545,14,7,6,630,3,1,1,1.0,1,70263,M,0.0,0.0,70
201400007546,14,12,9,1730,3,1,1,1.0,4,70380,M,0.0,0.0,70
201400007547,14,12,17,1800,3,1,9,3.0,3,70473,M,0.0,0.0,70