Num_Acc,an,mois,jour,hrmn,lum,agg,int,atm,col,com,gps,lat,long,dep
201400007548,14,3,9,945,1,1,1,1.0,6,70171,M,0.0,0.0,70
201400007549,14,7,3,1700,1,1,2,1.0,3,70245,M,0.0,0.0,70
201400007550,14,11,30,1600,1,1,1,1.0,6,70087,M,0.0,0.0,70
201400007551,14,12,17,1745,3,1,1,3.0,6,70245,M,0.0,0.0,70
201400007552,14,1,28,715,3,1,1,1.0,2,70529,M,0.0,0.0,70
201400007553,14,3,12,1500,1,2,1,1.0,6,70279,M,0.0,0.0,70
201400007554,14,3,20,1545,1,2,1,1.0,2,70279,M,0.0,0.0,70
201400007555,14,6,18,1615,1,2,6,1.0,3,70279,M,0.0,0.0,70
201400007556,14,9,19,1615,1,2,1,1.0,1,70279,M,0.0,0.0,70
201400007557,14,10,11,1330,1,2,1,1.0,7,70529,M,0.0,0.0,70
201400007558,14,11,15,1400,1,2,1,1.0,6,70279,M,0.0,0.0,70
201400007559,14,12,7,1415,1,2,1,1.0,6,70279,M,0.0,0.0,70
201400007560,14,8,19,1230,1,1,1,7.0,7,70122,M,0.0,0.0,70
201400007561,14,10,23,730,2,1,1,8.0,7,70122,M,0.0,0.0,70
201400007562,14,7,13,715,1,1,1,8.0,6,70282,M,0.0,0.0,70
201400007563,14,2,1,2000,5,2,1,2.0,6,90042,M,0.0,0.0,90
201400007564,14,5,20,1800,1,1,1,1.0,3,90068,M,0.0,0.0,90
201400007565,14,6,24,300,3,1,1,1.0,6,90007,M,0.0,0.0,90
201400007566,14,8,7,2200,2,1,9,8.0,6,90035,M,0.0,0.0,90
201400007567,14,9,21,1730,1,2,1,2.0,6,90012,M,0.0,0.0,90
201400007568,14,11,1,1100,1,1,1,1.0,6,90068,M,0.0,0.0,90
201400007569,14,11,29,800,2,2,1,1.0,6,90042,M,0.0,0.0,90
201400007570,14,2,27,831,1,1,1,9.0,1,90033,M,0.0,0.0,90
201400007571,14,3,2,15,5,2,1,1.0,6,90025,M,0.0,0.0,90
201400007572,14,9,6,1715,1,2,1,1.0,1,90045,M,0.0,0.0,90
201400007573,14,11,21,1600,5,2,1,1.0,6,90081,M,0.0,0.0,90
201400007574,14,12,9,1900,3,1,1,2.0,5,90033,M,0.0,0.0,90
201400007575,14,3,14,1230,1,1,1,1.0,1,90005,M,0.0,0.0,90
201400007576,14,3,28,1415,1,1,1,1.0,5,90041,M,0.0,0.0,90
201400007577,14,3,29,1215,1,1,1,1.0,6,90005,M,0.0,0.0,90
201400007578,14,4,4,1715,1,2,1,1.0,3,90041,M,0.0,0.0,90
201400007579,14,4,17,1815,1,1,1,1.0,3,90088,M,0.0,0.0,90
201400007580,14,6,30,900,1,1,1,1.0,5,90067,M,0.0,0.0,90
201400007581,14,7,31,1445,1,1,1,3.0,5,90005,M,0.0,0.0,90
201400007582,14,8,1,1945,1,1,1,1.0,6,90057,M,0.0,0.0,90
201400007583,14,8,7,1830,1,2,1,1.0,1,90065,M,0.0,0.0,90
201400007584,14,8,19,1515,1,1,1,3.0,1,90065,M,0.0,0.0,90
201400007585,14,9,3,1630,1,1,1,2.0,1,90065,M,0.0,0.0,90
201400007586,14,9,7,1345,1,1,1,2.0,1,90003,M,0.0,0.0,90
201400007587,14,9,20,830,1,2,1,2.0,3,90065,M,0.0,0.0,90
201400007588,14,11,29,1115,1,1,1,1.0,6,90057,M,0.0,0.0,90
201400007589,14,2,21,546,3,1,1,3.0,6,90084,M,0.0,0.0,90
201400007590,14,11,20,730,2,1,1,5.0,7,90101,M,4757400.0,701800.0,90
201400007591,14,1,13,715,2,1,1,1.0,7,26332,M,0.0,0.0,26
201400007592,14,5,9,1530,1,1,1,1.0,1,26002,M,0.0,0.0,26
201400007593,14,6,29,1730,1,1,1,2.0,6,38019,M,0.0,0.0,38
201400007594,14,7,6,615,2,1,1,1.0,6,38072,M,0.0,0.0,38
201400007595,14,7,17,1445,1,1,1,1.0,4,38298,M,0.0,0.0,38
201400007596,14,8,4,1115,1,1,1,1.0,2,38336,M,0.0,0.0,38
201400007597,14,9,10,1130,1,1,1,1.0,3,26325,M,0.0,0.0,26
201400007598,14,10,31,1645,1,1,1,1.0,5,38344,M,0.0,0.0,38
201400007599,14,11,4,1415,1,1,1,3.0,2,26002,M,0.0,0.0,26
201400007600,14,11,29,445,3,1,1,1.0,2,38336,M,0.0,0.0,38
201400007601,14,12,31,1430,1,1,9,1.0,4,38336,M,0.0,0.0,38
201400007602,14,1,4,1730,3,1,1,2.0,3,26064,M,0.0,0.0,26
201400007603,14,1,9,915,1,2,1,1.0,2,26165,M,0.0,0.0,26
201400007604,14,1,23,1630,1,1,1,1.0,6,26185,M,0.0,0.0,26
201400007605,14,1,22,1915,3,1,1,1.0,3,26250,M,0.0,0.0,26
201400007606,14,2,2,1500,1,1,1,1.0,7,26179,M,0.0,0.0,26
201400007607,14,2,8,2215,3,1,1,2.0,1,26313,M,4495590.0,493270.0,26
201400007608,14,2,15,1445,1,1,1,1.0,1,26124,M,0.0,0.0,26
201400007609,14,2,17,1630,1,1,1,1.0,1,26170,M,4490970.0,494950.0,26
201400007610,14,2,22,900,1,2,1,1.0,2,26250,M,0.0,0.0,26
201400007611,14,3,6,745,1,1,1,1.0,3,26366,M,0.0,0.0,26
201400007612,14,3,8,1900,3,1,1,1.0,2,26072,M,0.0,0.0,26
201400007613,14,3,14,1030,1,1,1,1.0,1,26058,M,0.0,0.0,26
201400007614,14,3,30,1915,1,1,1,1.0,5,26110,M,0.0,0.0,26
201400007615,14,3,31,1530,1,1,1,1.0,5,26037,M,0.0,0.0,26
201400007616,14,3,31,930,1,1,1,1.0,5,26064,M,0.0,0.0,26
201400007617,14,4,10,2130,3,1,1,1.0,6,26337,M,0.0,0.0,26
201400007618,14,4,12,1945,1,1,1,1.0,2,26347,M,0.0,0.0,26
201400007619,14,4,17,1345,1,1,1,1.0,6,26165,M,0.0,0.0,26
201400007620,14,4,22,1615,1,2,1,1.0,3,26347,M,0.0,0.0,26
201400007621,14,4,26,2015,3,1,1,3.0,3,26362,M,0.0,0.0,26
201400007622,14,5,14,1400,1,1,1,1.0,3,26166,M,0.0,0.0,26
201400007623,14,5,21,1315,1,1,1,1.0,5,26124,M,0.0,0.0,26
201400007624,14,5,25,1900,1,1,1,1.0,6,26124,M,4486230.0,485190.0,26
201400007625,14,5,26,1530,1,1,1,1.0,6,26058,M,0.0,0.0,26
201400007626,14,5,27,745,1,1,1,1.0,7,26165,M,0.0,0.0,26
201400007627,14,6,1,715,1,1,1,1.0,2,26084,M,0.0,0.0,26
201400007628,14,6,24,800,1,1,3,1.0,3,26165,M,0.0,0.0,26
201400007629,14,6,8,845,1,1,1,1.0,3,26097,M,0.0,0.0,26
201400007630,14,6,1,1030,1,1,1,1.0,7,26124,M,0.0,0.0,26
201400007631,14,6,19,1800,1,1,1,1.0,6,26165,M,0.0,0.0,26
201400007632,14,6,22,1900,1,1,1,1.0,3,26064,M,0.0,0.0,26
201400007633,14,7,8,1845,1,1,1,2.0,7,26124,M,0.0,0.0,26
201400007634,14,7,10,1145,1,2,4,2.0,6,26064,M,4490090.0,501640.0,26
201400007635,14,7,21,900,1,1,3,1.0,1,26166,M,0.0,0.0,26
201400007636,14,7,31,1845,1,1,1,1.0,1,26165,M,0.0,0.0,26
201400007637,14,7,31,1645,1,1,1,1.0,7,26064,M,0.0,0.0,26
201400007638,14,8,6,1745,1,1,1,1.0,5,26208,M,0.0,0.0,26
201400007639,14,8,31,2015,2,1,1,1.0,6,26362,M,0.0,0.0,26
201400007640,14,9,11,1745,1,2,1,1.0,1,26313,M,0.0,0.0,26
201400007641,14,9,11,1715,1,1,1,1.0,3,26064,M,0.0,0.0,26
201400007642,14,9,19,900,1,1,1,2.0,1,26197,M,4494320.0,498690.0,26
201400007643,14,9,24,1000,1,2,1,1.0,6,26166,M,4474390.0,481390.0,26
201400007644,14,9,30,945,1,1,3,1.0,1,26170,M,4490950.0,495000.0,26
201400007645,14,9,28,1700,1,2,1,1.0,6,26170,M,0.0,0.0,26
201400007646,14,10,4,445,3,1,1,1.0,6,26208,M,0.0,0.0,26
201400007647,14,10,6,1115,1,1,1,1.0,1,26037,M,0.0,0.0,26
201400007648,14,10,12,900,3,1,1,1.0,6,26124,M,0.0,0.0,26
201400007649,14,10,15,1815,2,1,1,1.0,3,26206,M,0.0,0.0,26
201400007650,14,10,18,1430,1,1,1,1.0,7,26196,M,0.0,0.0,26
201400007651,14,10,23,1545,1,1,1,1.0,2,26165,M,0.0,0.0,26
201400007652,14,10,27,1300,1,1,1,1.0,7,26206,M,0.0,0.0,26
201400007653,14,10,23,1430,1,1,2,1.0,3,26166,M,0.0,0.0,26
201400007654,14,11,16,900,1,1,1,1.0,6,26064,M,0.0,0.0,26
201400007655,14,11,3,630,1,1,1,2.0,6,26313,M,0.0,0.0,26
201400007656,14,12,13,30,3,1,1,1.0,6,26170,M,4489530.0,497350.0,26
201400007657,14,11,19,1315,1,1,1,1.0,1,26166,M,4475890.0,483400.0,26
201400007658,14,12,19,1645,1,1,1,1.0,3,26072,M,0.0,0.0,26
201400007659,14,12,20,2000,1,1,1,1.0,1,26058,M,4496500.0,490060.0,26
201400007660,14,12,21,430,3,1,1,1.0,6,26064,M,0.0,0.0,26
201400007661,14,12,22,1545,1,1,1,1.0,5,26206,M,0.0,0.0,26
201400007662,14,12,24,1200,1,1,1,1.0,3,26037,M,0.0,0.0,26
201400007663,14,2,1,915,1,1,1,9.0,1,13062,M,0.0,0.0,13
201400007664,14,8,5,1700,1,1,1,1.0,1,13080,M,4367000.0,542500.0,13
201400007665,14,8,6,1600,1,1,1,1.0,1,13080,M,4364000.0,545800.0,13
201400007666,14,8,14,930,1,1,1,1.0,6,13015,M,4344203.0,543976.0,13
201400007667,14,12,9,1745,3,1,1,1.0,6,13059,M,0.0,0.0,13
201400007668,14,12,23,1100,1,2,1,1.0,4,13059,M,0.0,0.0,13
201400007669,14,12,24,1445,1,1,1,1.0,3,13080,M,4365595.0,546913.0,13
201400007670,14,2,15,1645,1,1,2,1.0,3,13051,M,4358895.0,511922.0,13
201400007671,14,2,27,645,2,1,1,1.0,1,13024,M,0.0,0.0,13
201400007672,14,3,19,1230,1,1,1,1.0,1,13051,M,0.0,0.0,13
201400007673,14,7,1,600,2,1,1,1.0,6,13032,M,0.0,0.0,13
201400007674,14,7,18,1900,1,1,1,1.0,1,13051,M,0.0,0.0,13
201400007675,14,7,19,430,3,1,1,1.0,6,13112,M,0.0,0.0,13
201400007676,14,10,3,2015,3,2,1,1.0,7,13069,M,4362621.0,512488.0,13
201400007677,14,10,15,900,3,1,1,1.0,3,13044,M,0.0,0.0,13
201400007678,14,11,25,1030,1,1,1,3.0,1,13050,M,0.0,0.0,13
201400007679,14,12,25,215,3,1,1,1.0,6,13118,M,0.0,0.0,13
201400007680,14,7,31,1030,1,1,1,1.0,5,13109,M,0.0,0.0,13
201400007681,14,1,14,1645,1,2,1,1.0,2,13041,M,4344092.0,545802.0,13
201400007682,14,2,11,630,3,1,1,1.0,5,13041,M,0.0,0.0,13
201400007683,14,2,25,200,5,2,1,1.0,6,13060,M,0.0,0.0,13
201400007684,14,2,27,1330,1,1,1,1.0,2,13041,M,0.0,0.0,13
201400007685,14,3,17,645,1,1,6,1.0,2,13062,M,0.0,0.0,13
201400007686,14,3,28,2115,3,2,1,1.0,7,13041,M,0.0,0.0,13
201400007687,14,4,14,1330,1,2,1,1.0,6,13041,M,0.0,0.0,13
201400007688,14,5,6,800,1,2,1,1.0,3,13060,M,0.0,0.0,13
201400007689,14,6,5,800,1,2,1,1.0,2,13041,M,0.0,0.0,13
201400007690,14,6,17,945,1,2,1,1.0,5,13041,M,0.0,0.0,13
201400007691,14,7,1,1500,1,1,1,1.0,3,13041,M,0.0,0.0,13
201400007692,14,8,3,1015,1,1,1,1.0,3,13041,M,0.0,0.0,13
201400007693,14,8,18,1530,1,2,1,1.0,6,13041,M,0.0,0.0,13
201400007694,14,10,5,1900,2,1,1,1.0,2,13041,M,0.0,0.0,13
201400007695,14,9,7,1745,1,2,1,1.0,6,13060,M,0.0,0.0,13
201400007696,14,10,14,830,1,1,1,1.0,3,13041,M,0.0,0.0,13
201400007697,14,10,13,1630,1,2,2,1.0,3,13041,M,0.0,0.0,13
201400007698,14,10,18,1600,1,1,1,1.0,7,13060,M,0.0,0.0,13
201400007699,14,10,19,2030,4,1,1,1.0,2,13062,M,0.0,0.0,13
201400007700,14,11,2,1930,5,2,1,1.0,6,13041,M,0.0,0.0,13
201400007701,14,11,8,830,1,1,1,1.0,7,13041,M,0.0,0.0,13
201400007702,14,11,18,1430,1,2,1,1.0,3,13041,M,0.0,0.0,13
201400007703,14,3,26,745,1,1,1,1.0,5,13099,M,0.0,0.0,13
201400007704,14,5,28,1630,1,1,1,1.0,6,13099,M,0.0,0.0,13
201400007705,14,6,5,1745,1,1,1,1.0,1,13048,M,0.0,0.0,13
201400007706,14,6,19,1500,1,1,1,1.0,1,13099,M,0.0,0.0,13
201400007707,14,8,23,745,2,1,1,1.0,1,13048,M,0.0,0.0,13
201400007708,14,10,22,1845,3,2,9,1.0,3,13074,M,0.0,0.0,13
201400007709,14,10,26,1630,1,1,1,1.0,5,13059,M,0.0,0.0,13
201400007710,14,11,10,1145,1,1,1,1.0,1,13059,M,0.0,0.0,13
201400007711,14,1,6,1615,1,2,1,1.0,6,13107,M,0.0,0.0,13
201400007712,14,2,13,1900,5,2,1,2.0,3,13015,M,0.0,0.0,13
201400007713,14,4,10,1700,1,1,6,1.0,3,13015,M,4342880.0,540411.0,13
201400007714,14,4,13,1715,1,1,1,1.0,6,13015,M,0.0,0.0,13
201400007715,14,7,24,1400,1,2,1,1.0,5,13015,M,0.0,0.0,13
201400007716,14,9,30,930,2,1,1,3.0,3,13015,M,0.0,0.0,13
201400007717,14,1,28,1545,1,1,1,1.0,5,13072,M,0.0,0.0,13
201400007718,14,4,14,1200,1,1,1,1.0,1,13110,M,0.0,0.0,13
201400007719,14,4,17,930,1,1,1,1.0,1,13110,M,0.0,0.0,13
201400007720,14,6,27,930,1,1,1,1.0,6,13072,M,0.0,0.0,13
201400007721,14,9,16,745,1,1,1,7.0,3,13110,M,0.0,0.0,13
201400007722,14,12,14,400,3,1,6,2.0,7,13072,M,0.0,0.0,13
201400007723,14,1,28,1645,1,1,1,1.0,1,13004,M,0.0,0.0,13
201400007724,14,3,12,1830,1,2,1,1.0,6,13004,M,0.0,0.0,13
201400007725,14,5,23,1645,1,1,3,1.0,3,13004,M,0.0,0.0,13
201400007726,14,6,5,1600,1,1,1,1.0,6,13004,M,0.0,0.0,13
201400007727,14,6,6,700,1,1,1,1.0,7,13004,M,0.0,0.0,13
201400007728,14,6,8,1915,1,1,1,1.0,3,13004,M,0.0,0.0,13
201400007729,14,6,14,1230,1,1,1,1.0,7,13004,M,0.0,0.0,13
201400007730,14,7,14,15,3,1,1,1.0,7,13004,M,0.0,0.0,13
201400007731,14,7,13,1445,1,1,1,1.0,1,13004,M,0.0,0.0,13
201400007732,14,8,23,1530,1,1,1,1.0,7,13004,M,0.0,0.0,13
201400007733,14,9,6,1115,1,1,3,1.0,3,13004,M,4366840.0,473941.0,13
201400007734,14,9,20,1900,2,1,3,1.0,3,13004,M,4366842.0,473953.0,13
201400007735,14,1,16,2000,3,1,1,3.0,5,13027,M,0.0,0.0,13
201400007736,14,2,11,1145,1,2,9,1.0,6,13027,M,0.0,0.0,13
201400007737,14,4,9,845,1,2,2,1.0,1,13027,M,0.0,0.0,13
201400007738,14,5,19,1415,1,1,1,1.0,1,13066,M,0.0,0.0,13
201400007739,14,10,9,715,2,1,1,1.0,5,13027,M,0.0,0.0,13
201400007740,14,10,18,1645,1,1,1,1.0,3,13066,M,0.0,0.0,13
201400007741,14,5,22,30,5,2,2,1.0,3,13096,M,0.0,0.0,13
201400007742,14,8,1,1730,1,1,1,1.0,1,13096,M,0.0,0.0,13
201400007743,14,1,3,1015,1,1,1,2.0,1,13097,M,0.0,0.0,13
201400007744,14,6,17,1415,1,1,1,1.0,7,13097,M,0.0,0.0,13
201400007745,14,7,5,1915,1,1,1,1.0,7,13097,M,0.0,0.0,13
201400007746,14,7,25,1800,1,2,6,1.0,3,13097,M,4364293.0,479969.0,13
201400007747,14,8,16,1445,1,1,1,1.0,7,13097,M,0.0,0.0,13
201400007748,14,8,21,1030,1,1,9,1.0,2,13097,M,0.0,0.0,13
201400007749,14,8,26,930,1,1,3,1.0,3,13097,M,0.0,0.0,13
201400007750,14,11,8,1345,1,2,1,1.0,6,13097,M,0.0,0.0,13
201400007751,14,12,19,1745,2,1,1,1.0,6,13004,M,0.0,0.0,13
201400007752,14,1,21,1700,1,1,2,1.0,3,13100,M,0.0,0.0,13
201400007753,14,5,9,1545,1,2,1,1.0,1,13100,M,0.0,0.0,13
201400007754,14,6,8,2245,3,2,1,1.0,6,13094,M,0.0,0.0,13
201400007755,14,7,3,530,2,1,1,1.0,6,13100,M,0.0,0.0,13
201400007756,14,8,1,1500,1,1,1,1.0,1,13100,M,0.0,0.0,13
201400007757,14,9,29,2000,3,1,1,1.0,3,13052,M,0.0,0.0,13
201400007758,14,12,20,1030,1,2,1,1.0,6,13100,M,4378814.0,483282.0,13
201400007759,14,1,26,1600,1,1,1,1.0,1,13030,M,0.0,0.0,13
201400007760,14,2,22,1445,1,1,1,1.0,3,13042,M,0.0,0.0,13
201400007761,14,8,4,1815,1,1,1,1.0,3,13030,M,4327000.0,568600.0,13
201400007762,14,4,3,15,5,2,6,1.0,6,13022,M,0.0,0.0,13
201400007763,14,6,4,1545,1,1,1,1.0,1,13022,M,0.0,0.0,13
201400007764,14,6,4,1830,1,1,1,1.0,3,13022,M,0.0,0.0,13
201400007765,14,6,11,815,1,1,1,1.0,3,13022,M,0.0,0.0,13
201400007766,14,8,15,2330,3,1,1,1.0,1,13022,M,0.0,0.0,13
201400007767,14,1,23,1030,1,2,1,1.0,6,13085,M,0.0,0.0,13
201400007768,14,1,25,1830,3,2,1,1.0,3,13119,M,0.0,0.0,13
201400007769,14,8,30,830,1,1,1,1.0,2,13085,M,0.0,0.0,13
201400007770,14,9,12,1130,1,2,1,1.0,2,13119,M,0.0,0.0,13
201400007771,14,9,25,1600,1,1,1,1.0,6,13085,M,0.0,0.0,13
201400007772,14,3,5,1845,2,2,1,1.0,3,13073,M,0.0,0.0,13
201400007773,14,8,5,2130,3,1,1,1.0,1,13073,M,0.0,0.0,13
201400007774,14,10,18,1000,1,1,1,1.0,1,13046,M,0.0,0.0,13
201400007775,14,1,11,1745,3,1,1,1.0,1,13007,M,0.0,0.0,13
201400007776,14,1,21,1615,1,2,1,1.0,2,13086,M,0.0,0.0,13
201400007777,14,3,5,1030,1,2,7,1.0,6,13031,M,0.0,0.0,13
201400007778,14,5,16,1730,1,2,1,1.0,3,13086,M,0.0,0.0,13
201400007779,14,5,19,2000,1,1,1,1.0,1,13086,M,0.0,0.0,13
201400007780,14,7,15,1000,1,2,1,1.0,6,13007,M,0.0,0.0,13
201400007781,14,7,26,1830,1,2,1,1.0,5,13086,M,0.0,0.0,13
201400007782,14,8,14,330,5,2,1,1.0,1,13086,M,4335207.0,560516.0,13
201400007783,14,8,19,1530,1,2,1,1.0,3,13086,M,0.0,0.0,13
201400007784,14,8,31,1200,1,1,1,1.0,3,13086,M,0.0,0.0,13
201400007785,14,9,5,1515,1,1,1,1.0,3,13086,M,0.0,0.0,13
201400007786,14,9,14,1145,1,1,1,1.0,1,13007,M,0.0,0.0,13
201400007787,14,11,9,1430,1,1,1,2.0,1,13086,M,4336128.0,561053.0,13
201400007788,14,12,18,1945,3,1,1,1.0,6,13016,M,0.0,0.0,13
201400007789,14,2,21,1745,1,2,1,1.0,6,13014,M,0.0,0.0,13
201400007790,14,6,12,1200,1,2,1,1.0,6,13014,M,4348015.0,517391.0,13
201400007791,14,6,18,1600,1,1,1,1.0,6,13014,M,0.0,0.0,13
201400007792,14,7,26,2000,1,2,1,1.0,7,13092,M,4354175.0,504289.0,13
201400007793,14,8,10,1130,1,2,6,1.0,6,13014,M,0.0,0.0,13
201400007794,14,8,29,2145,3,1,1,1.0,6,13092,M,4352793.0,509331.0,13
201400007795,14,9,9,2045,3,1,1,1.0,6,13014,M,0.0,0.0,13
201400007796,14,9,21,1500,1,1,1,1.0,6,13014,M,0.0,0.0,13
201400007797,14,11,19,1545,1,1,1,1.0,1,13014,M,0.0,0.0,13
201400007798,14,3,28,845,1,2,1,7.0,1,13035,M,0.0,0.0,13
201400007799,14,6,6,830,1,1,1,1.0,2,13035,M,0.0,0.0,13
201400007800,14,2,23,2130,3,1,1,1.0,1,13105,M,0.0,0.0,13
201400007801,14,3,24,845,1,2,1,1.0,6,13053,M,0.0,0.0,13
201400007802,14,5,27,2230,5,2,1,1.0,2,13105,M,0.0,0.0,13
201400007803,14,5,28,1930,1,1,1,1.0,6,13053,M,0.0,0.0,13
201400007804,14,10,26,2045,5,2,1,1.0,7,13053,M,0.0,0.0,13
201400007805,14,4,3,1015,1,1,1,1.0,1,13067,M,0.0,0.0,13
201400007806,14,5,25,1630,1,1,1,1.0,2,13076,M,0.0,0.0,13
201400007807,14,7,7,1915,1,2,1,1.0,6,13018,M,0.0,0.0,13
201400007808,14,7,9,1715,2,1,1,1.0,5,13034,M,0.0,0.0,13
201400007809,14,8,4,2030,2,1,1,1.0,6,13089,M,0.0,0.0,13
201400007810,14,10,3,1445,1,2,1,1.0,1,13018,M,0.0,0.0,13
201400007811,14,5,13,915,1,1,2,1.0,3,13081,M,0.0,0.0,13
201400007812,14,5,15,2315,5,2,1,1.0,6,13081,M,0.0,0.0,13
201400007813,14,3,6,1500,1,1,1,1.0,3,13084,M,0.0,0.0,13
201400007814,14,3,9,1300,1,1,1,7.0,1,13082,M,0.0,0.0,13
201400007815,14,5,17,2145,2,1,1,1.0,7,13084,M,0.0,0.0,13
201400007816,14,6,5,1500,1,1,1,1.0,5,13082,M,0.0,0.0,13
201400007817,14,6,17,1530,1,1,1,1.0,2,13084,M,0.0,0.0,13
201400007818,14,9,19,1845,1,1,2,1.0,3,13084,M,0.0,0.0,13
201400007819,14,10,20,345,3,1,1,1.0,6,13091,M,0.0,0.0,13
201400007820,14,3,10,1730,1,1,1,1.0,6,04047,M,0.0,0.0,04
201400007821,14,3,11,1745,2,2,3,1.0,3,04046,M,0.0,0.0,04
201400007822,14,3,27,1315,1,1,1,1.0,5,04122,M,0.0,0.0,04
201400007823,14,5,30,2030,1,1,1,2.0,1,04155,M,0.0,0.0,04
201400007824,14,5,31,200,3,1,1,2.0,6,04122,M,0.0,0.0,04
201400007825,14,6,17,1430,1,1,1,1.0,3,04046,M,0.0,0.0,04
201400007826,14,7,21,1530,1,1,1,1.0,1,04167,M,0.0,0.0,04
201400007827,14,7,28,500,3,1,1,1.0,6,04110,M,0.0,0.0,04
201400007828,14,9,9,1100,1,1,1,1.0,6,04001,M,0.0,0.0,04
201400007829,14,10,1,945,1,1,1,1.0,1,04167,M,0.0,0.0,04
201400007830,14,10,3,1645,1,1,1,1.0,7,04113,M,0.0,0.0,04
201400007831,14,10,22,1700,1,1,1,1.0,5,04122,M,0.0,0.0,04
201400007832,14,11,6,2330,5,1,1,1.0,6,04047,M,0.0,0.0,04
201400007833,14,12,5,2200,3,1,1,1.0,6,04113,M,0.0,0.0,04
201400007834,14,3,9,1600,1,1,1,1.0,5,04094,M,0.0,0.0,04
201400007835,14,3,23,1215,1,2,1,1.0,6,04094,M,0.0,0.0,04
201400007836,14,4,28,1545,1,2,1,1.0,6,04094,M,4375827.0,588648.0,04
201400007837,14,5,31,400,3,1,1,1.0,1,04094,M,0.0,0.0,04
201400007838,14,9,10,2245,3,1,1,1.0,7,04094,M,0.0,0.0,04
201400007839,14,10,13,1200,1,1,1,8.0,7,04094,M,0.0,0.0,04
201400007840,14,12,9,1515,1,1,1,1.0,1,04230,M,0.0,0.0,04
201400007841,14,12,21,1900,3,1,1,1.0,3,04230,M,0.0,0.0,04
201400007842,14,1,17,915,1,1,1,8.0,7,04106,M,0.0,0.0,04
201400007843,14,2,12,700,2,1,1,1.0,5,04108,M,0.0,0.0,04
201400007844,14,2,12,915,1,1,1,9.0,7,04108,M,0.0,0.0,04
201400007845,14,4,10,1715,1,1,1,1.0,1,04116,M,0.0,0.0,04
201400007846,14,4,22,1530,1,1,7,1.0,6,04143,M,4391602.0,591864.0,04
201400007847,14,7,9,700,1,1,1,1.0,7,04034,M,0.0,0.0,04
201400007848,14,8,1,1245,1,1,1,1.0,1,04149,M,0.0,0.0,04
201400007849,14,8,25,945,1,2,1,1.0,1,04149,M,0.0,0.0,04
201400007850,14,11,20,430,1,1,1,1.0,2,04108,M,0.0,0.0,04
201400007851,14,11,21,1100,1,1,1,1.0,6,04116,M,0.0,0.0,04
201400007852,14,4,22,1800,2,1,1,2.0,7,04204,M,0.0,0.0,04
201400007853,14,4,21,1745,1,1,1,2.0,7,04204,M,0.0,0.0,04
201400007854,14,7,6,1900,1,1,1,1.0,6,04121,M,0.0,0.0,04
201400007855,14,7,15,1145,1,1,1,1.0,1,04022,M,0.0,0.0,04
201400007856,14,7,16,1200,1,1,1,1.0,6,04054,M,0.0,0.0,04
201400007857,14,7,28,1615,1,1,1,1.0,7,04031,M,0.0,0.0,04
201400007858,14,8,15,2030,2,1,1,1.0,6,04204,M,0.0,0.0,04
201400007859,14,8,21,1815,1,1,1,1.0,7,04031,M,0.0,0.0,04
201400007860,14,5,27,1930,1,1,1,1.0,7,04086,M,0.0,0.0,04
201400007861,14,8,9,1445,1,1,1,1.0,5,04100,M,4443400.0,687100.0,04
201400007862,14,8,16,1345,1,1,2,1.0,3,04120,M,0.0,0.0,04
201400007863,14,8,11,1200,1,1,1,1.0,1,04086,M,0.0,0.0,04
201400007864,14,8,27,200,3,1,1,2.0,6,04226,M,0.0,0.0,04
201400007865,14,11,26,1800,5,2,7,2.0,6,04019,M,4438604.0,665108.0,04
201400007866,14,12,31,930,5,2,1,1.0,6,04096,M,0.0,0.0,04
201400007867,14,2,3,1215,1,1,1,1.0,3,04198,M,0.0,0.0,04
201400007868,14,8,11,1730,1,1,1,1.0,1,04198,M,0.0,0.0,04
201400007869,14,9,10,1245,1,1,3,7.0,1,04198,M,4445006.0,637116.0,04
201400007870,14,3,16,800,1,1,1,1.0,5,04161,M,0.0,0.0,04
201400007871,14,6,11,1745,1,1,1,1.0,7,04198,M,0.0,0.0,04
201400007872,14,7,14,1230,1,1,1,1.0,3,04154,M,0.0,0.0,04
201400007873,14,8,1,1300,1,1,1,1.0,3,04198,M,0.0,0.0,04
201400007874,14,8,15,1730,1,1,1,1.0,3,04102,M,0.0,0.0,04
201400007875,14,10,14,1715,1,1,1,1.0,1,04102,M,0.0,0.0,04
201400007876,14,12,20,700,2,1,1,9.0,7,04033,M,0.0,0.0,04
201400007877,14,4,19,1645,1,1,1,1.0,1,04092,M,0.0,0.0,04
201400007878,14,5,2,1600,1,1,1,8.0,5,04148,M,0.0,0.0,04
201400007879,14,7,11,400,3,1,1,1.0,7,04171,M,0.0,0.0,04
201400007880,14,7,15,1230,1,1,1,1.0,7,04039,M,0.0,0.0,04
201400007881,14,7,27,1015,1,1,1,1.0,6,04039,M,0.0,0.0,04
201400007882,14,7,27,1645,1,1,1,1.0,1,04039,M,0.0,0.0,04
201400007883,14,8,19,1545,1,1,1,1.0,6,04039,M,0.0,0.0,04
201400007884,14,8,31,1330,1,1,1,1.0,7,04171,M,0.0,0.0,04
201400007885,14,9,4,1445,1,1,1,1.0,2,04039,M,0.0,0.0,04
201400007886,14,10,10,1745,1,1,1,1.0,6,04039,M,0.0,0.0,04
201400007887,14,10,19,1245,1,1,1,1.0,7,04183,M,0.0,0.0,04
201400007888,14,1,2,1000,1,1,1,4.0,6,04115,M,0.0,0.0,04
201400007889,14,9,28,1700,1,1,1,1.0,7,04008,M,0.0,0.0,04
201400007890,14,10,26,1130,1,1,1,1.0,1,04115,M,0.0,0.0,04
201400007891,14,3,9,1,3,1,1,1.0,1,04219,M,0.0,0.0,04
201400007892,14,8,15,1945,1,1,1,1.0,1,04006,M,0.0,0.0,04
201400007893,14,8,22,1215,1,1,1,1.0,2,04025,M,0.0,0.0,04
201400007894,14,1,29,800,2,1,1,1.0,3,04166,M,0.0,0.0,04
201400007895,14,4,14,1530,1,1,1,7.0,7,04081,M,4374075.0,596759.0,04
201400007896,14,4,16,1645,1,1,1,1.0,6,04172,M,0.0,0.0,04
201400007897,14,4,19,1300,1,2,1,1.0,4,04166,M,0.0,0.0,04
201400007898,14,4,19,1430,1,1,1,1.0,5,04166,M,0.0,0.0,04
201400007899,14,4,25,1515,1,1,1,1.0,6,04081,M,0.0,0.0,04
201400007900,14,7,2,1845,1,1,1,1.0,3,04124,M,4377100.0,609700.0,04
201400007901,14,7,5,1215,1,1,1,1.0,2,04157,M,4388600.0,613200.0,04
201400007902,14,8,10,15,3,1,1,1.0,6,04081,M,0.0,0.0,04
201400007903,14,8,22,630,3,1,1,1.0,6,04004,M,4377900.0,605600.0,04
201400007904,14,9,5,1430,1,1,1,1.0,6,04004,M,0.0,0.0,04