Num_Acc,an,mois,jour,hrmn,lum,agg,int,atm,col,com,gps,lat,long,dep
201400007905,14,9,23,1245,1,1,1,1.0,7,04166,M,0.0,0.0,04
201400007906,14,10,23,800,1,1,1,1.0,7,04081,M,0.0,0.0,04
201400007907,14,11,16,1745,3,2,1,1.0,6,04135,M,0.0,0.0,04
201400007908,14,11,17,1645,1,1,1,7.0,6,04166,M,0.0,0.0,04
201400007909,14,3,5,1300,1,1,1,1.0,7,04160,M,0.0,0.0,04
201400007910,14,4,20,1045,1,1,1,2.0,6,04160,M,0.0,0.0,04
201400007911,14,5,22,1045,1,1,1,1.0,3,04242,M,0.0,0.0,04
201400007912,14,7,30,1700,1,1,1,1.0,5,04160,M,0.0,0.0,04
201400007913,14,8,9,945,1,2,1,1.0,1,04045,M,0.0,0.0,04
201400007914,14,9,27,1200,1,1,2,1.0,3,04160,M,0.0,0.0,04
201400007915,14,9,30,700,2,1,1,2.0,1,04241,M,0.0,0.0,04
201400007916,14,10,6,800,2,2,1,7.0,5,04188,M,0.0,0.0,04
201400007917,14,11,28,1630,1,1,1,8.0,6,04242,M,0.0,0.0,04
201400007918,14,12,10,1230,1,1,1,1.0,3,04138,M,0.0,0.0,04
201400007919,14,12,31,730,2,1,1,1.0,1,04160,M,0.0,0.0,04
201400007920,14,2,2,1145,1,1,1,1.0,6,04065,M,0.0,0.0,04
201400007921,14,3,9,1530,1,1,1,1.0,7,04141,M,0.0,0.0,04
201400007922,14,8,21,1615,1,2,1,1.0,7,04162,M,0.0,0.0,04
201400007923,14,8,23,1515,1,1,1,1.0,1,04162,M,0.0,0.0,04
201400007924,14,10,9,900,1,1,1,1.0,6,04109,M,0.0,0.0,04
201400007925,14,10,26,1215,1,1,1,1.0,7,04130,M,0.0,0.0,04
201400007926,14,2,23,1445,1,2,1,1.0,1,04152,M,0.0,0.0,04
201400007927,14,6,28,930,1,2,3,1.0,2,04197,M,0.0,0.0,04
201400007928,14,7,5,1545,1,2,2,1.0,5,04197,M,0.0,0.0,04
201400007929,14,7,24,2145,3,1,1,1.0,6,04128,M,0.0,0.0,04
201400007930,14,9,12,2040,4,2,1,1.0,6,04197,M,0.0,0.0,04
201400007931,14,10,15,815,1,2,1,1.0,1,04152,M,0.0,0.0,04
201400007932,14,1,16,1815,5,2,1,2.0,6,04209,M,4418452.0,594892.0,04
201400007933,14,5,11,1000,1,1,1,2.0,7,04123,M,0.0,0.0,04
201400007934,14,6,1,1230,1,2,2,1.0,3,04049,M,4407700.0,599000.0,04
201400007935,14,6,12,1745,1,1,1,1.0,7,04140,M,4417700.0,561900.0,04
201400007936,14,6,15,645,1,1,1,1.0,6,04013,M,0.0,0.0,04
201400007937,14,9,30,830,1,2,1,2.0,3,04209,M,4421800.0,592600.0,04
201400007938,14,12,15,1800,3,1,1,2.0,3,04145,M,0.0,0.0,04
201400007939,14,12,29,1630,1,1,1,1.0,1,04079,M,4408400.0,601800.0,04
201400007940,14,4,12,2145,3,1,1,1.0,7,04233,M,0.0,0.0,04
201400007941,14,5,23,1915,1,1,1,1.0,7,04050,M,0.0,0.0,04
201400007942,14,5,31,1115,1,1,1,1.0,6,04026,M,0.0,0.0,04
201400007943,14,5,31,345,3,1,1,1.0,6,05073,M,4435669.0,585857.0,05
201400007944,14,6,2,1830,1,1,1,1.0,6,05034,M,4427409.0,579454.0,05
201400007945,14,7,12,1730,1,1,2,1.0,3,05078,M,4438708.0,593593.0,05
201400007946,14,7,15,830,1,2,1,7.0,6,05070,M,4431156.0,582435.0,05
201400007947,14,8,22,2145,3,1,1,1.0,2,05053,M,4433649.0,578170.0,05
201400007948,14,10,18,2245,3,1,1,1.0,7,05034,M,4429482.0,582107.0,05
201400007949,14,10,24,1545,1,2,1,1.0,6,05070,M,4431411.0,582283.0,05
201400007950,14,2,3,1045,1,2,1,1.0,3,05096,M,4468337.0,631081.0,05
201400007951,14,7,26,1800,1,1,3,1.0,1,05056,M,4463897.0,644491.0,05
201400007952,14,8,12,1315,1,1,1,1.0,6,05095,M,4469917.0,599781.0,05
201400007953,14,8,19,1045,1,1,1,1.0,4,05096,M,4468411.0,632802.0,05
201400007954,14,10,12,1815,2,1,1,1.0,1,05004,M,4462313.0,616713.0,05
201400007955,14,11,15,915,1,1,1,4.0,7,05096,M,4469204.0,632024.0,05
201400007956,14,12,11,945,1,1,1,9.0,6,05004,M,4461788.0,618095.0,05
201400007957,14,3,9,1900,5,2,1,1.0,1,05115,M,4446782.0,616758.0,05
201400007958,14,5,4,1215,1,1,1,1.0,5,05011,M,4454559.0,619839.0,05
201400007959,14,8,12,1600,1,1,1,1.0,3,05068,M,4447818.0,609661.0,05
201400007960,14,9,19,1950,2,1,1,1.0,5,05176,M,4447316.0,612586.0,05
201400007961,14,2,8,600,2,1,1,5.0,7,05016,M,4446600.0,574938.0,05
201400007962,14,4,28,1415,1,1,1,1.0,6,05010,M,4455543.0,576734.0,05
201400007963,14,5,7,1800,1,1,1,2.0,7,05087,M,4459517.0,585809.0,05
201400007964,14,5,30,1515,1,1,1,8.0,1,05179,M,4452461.0,580389.0,05
201400007965,14,6,3,2000,1,1,1,1.0,6,05035,M,4450411.0,584924.0,05
201400007966,14,2,28,1530,1,1,1,4.0,7,05164,M,4437566.0,637565.0,05
201400007967,14,5,11,1030,1,1,1,3.0,6,05045,M,4454158.0,647791.0,05
201400007968,14,5,16,1630,1,1,6,1.0,1,05046,M,4458620.0,651329.0,05
201400007969,14,5,18,1815,1,1,9,1.0,1,05046,M,4458952.0,651387.0,05
201400007970,14,6,16,1545,1,1,1,1.0,5,05045,M,4453626.0,646993.0,05
201400007971,14,8,5,2300,3,1,1,1.0,1,05163,M,4449976.0,634563.0,05
201400007972,14,8,29,1915,2,1,1,1.0,7,05164,M,4454605.0,638415.0,05
201400007973,14,9,1,1545,1,1,1,1.0,2,05045,M,4453167.0,643918.0,05
201400007974,14,6,23,145,3,1,1,1.0,6,05157,M,4470380.0,685510.0,05
201400007975,14,5,26,1530,1,1,3,1.0,3,05124,M,4457734.0,614895.0,05
201400007976,14,8,24,300,3,1,1,1.0,7,05084,M,4455688.0,623680.0,05
201400007977,14,4,20,515,3,1,1,1.0,7,05177,M,4458184.0,668360.0,05
201400007978,14,6,1,1515,1,2,1,7.0,7,05065,M,4466017.0,665339.0,05
201400007979,14,8,8,915,1,2,1,1.0,2,05052,M,4467840.0,661764.0,05
201400007980,14,8,12,1430,1,2,1,1.0,2,05052,M,4467701.0,661640.0,05
201400007981,14,8,19,115,3,2,1,1.0,7,05026,M,4466482.0,677557.0,05
201400007982,14,9,30,1315,1,1,1,2.0,1,05065,M,4465685.0,663400.0,05
201400007983,14,9,30,1830,2,1,1,2.0,1,05065,M,4466525.0,666525.0,05
201400007984,14,2,26,1945,4,1,1,1.0,1,06048,M,0.0,0.0,06
201400007985,14,6,15,2200,3,1,1,1.0,7,06043,M,0.0,0.0,06
201400007986,14,8,19,815,1,2,1,1.0,3,06048,M,0.0,0.0,06
201400007987,14,9,5,1900,1,1,1,1.0,1,06043,M,0.0,0.0,06
201400007988,14,9,7,1345,1,2,1,1.0,3,06048,M,0.0,0.0,06
201400007989,14,10,28,1700,2,2,7,1.0,6,06048,M,0.0,0.0,06
201400007990,14,11,28,830,1,1,1,8.0,3,06048,M,0.0,0.0,06
201400007991,14,3,29,1200,1,1,9,1.0,3,06091,M,0.0,0.0,06
201400007992,14,10,23,1030,1,2,8,1.0,6,06057,M,0.0,0.0,06
201400007993,14,10,29,945,1,1,1,1.0,6,06057,M,0.0,0.0,06
201400007994,14,10,29,1630,1,1,1,1.0,6,06057,M,0.0,0.0,06
201400007995,14,11,18,1545,1,1,1,1.0,7,06077,M,0.0,0.0,06
201400007996,14,12,8,1100,1,2,1,1.0,2,06091,M,0.0,0.0,06
201400007997,14,5,31,630,1,1,1,1.0,6,06075,M,4383300.0,725700.0,06
201400007998,14,6,20,1030,1,1,1,1.0,1,06075,M,4383100.0,723700.0,06
201400007999,14,9,25,1930,3,1,1,1.0,7,06147,M,4380300.0,727700.0,06
201400008000,14,11,26,1800,5,2,1,2.0,3,06075,M,4385800.0,723300.0,06
201400008001,14,9,30,1545,1,1,1,2.0,6,06103,M,4401000.0,730900.0,06
201400008002,14,10,14,1015,1,1,1,3.0,5,06151,M,0.0,0.0,06
201400008003,14,11,24,830,1,1,1,1.0,1,06151,M,0.0,0.0,06
201400008004,14,11,19,730,5,2,1,1.0,6,06149,M,0.0,0.0,06
201400008005,14,7,23,1230,1,1,1,1.0,1,06054,M,0.0,0.0,06
201400008006,14,1,27,1700,1,2,1,1.0,6,06079,M,0.0,0.0,06
201400008007,14,2,14,1630,1,1,1,1.0,6,06079,M,0.0,0.0,06
201400008008,14,4,4,945,1,2,1,9.0,5,06079,M,0.0,0.0,06
201400008009,14,4,22,1600,1,2,1,1.0,6,06090,M,0.0,0.0,06
201400008010,14,4,24,1130,1,2,1,1.0,1,06079,M,0.0,0.0,06
201400008011,14,5,7,2045,5,2,1,1.0,1,06079,M,0.0,0.0,06
201400008012,14,5,13,945,1,1,1,1.0,1,06079,M,0.0,0.0,06
201400008013,14,6,13,1430,1,1,1,1.0,6,06138,M,0.0,0.0,06
201400008014,14,7,1,1430,1,2,1,1.0,1,06090,M,0.0,0.0,06
201400008015,14,7,16,1245,1,1,1,7.0,1,06090,M,0.0,0.0,06
201400008016,14,7,17,1830,1,2,1,1.0,3,06079,M,0.0,0.0,06
201400008017,14,7,20,1300,1,2,1,1.0,3,06079,M,0.0,0.0,06
201400008018,14,7,25,1045,1,1,1,1.0,1,06079,M,0.0,0.0,06
201400008019,14,8,7,900,1,2,1,1.0,1,06138,M,0.0,0.0,06
201400008020,14,8,28,1915,1,2,1,1.0,7,06090,M,0.0,0.0,06
201400008021,14,8,30,1530,1,2,1,1.0,3,06079,M,0.0,0.0,06
201400008022,14,10,3,700,2,1,1,2.0,1,06138,M,0.0,0.0,06
201400008023,14,10,11,1745,1,1,1,1.0,1,06079,M,0.0,0.0,06
201400008024,14,10,23,1600,1,2,6,1.0,7,06079,M,0.0,0.0,06
201400008025,14,10,26,1045,1,1,1,1.0,5,06079,M,0.0,0.0,06
201400008026,14,12,11,1930,5,2,1,1.0,6,06079,M,0.0,0.0,06
201400008027,14,1,15,1500,1,1,1,1.0,7,06070,M,0.0,0.0,06
201400008028,14,4,12,1030,1,1,1,1.0,2,06028,M,0.0,0.0,06
201400008029,14,6,16,1415,1,1,1,1.0,7,06081,M,0.0,0.0,06
201400008030,14,6,21,1800,1,1,1,1.0,7,06134,M,0.0,0.0,06
201400008031,14,7,4,1645,1,1,1,1.0,7,06134,M,0.0,0.0,06
201400008032,14,7,18,1930,1,1,1,1.0,3,06154,M,0.0,0.0,06
201400008033,14,7,27,1845,1,1,1,1.0,7,06070,M,0.0,0.0,06
201400008034,14,10,5,1615,1,1,1,1.0,5,06134,M,0.0,0.0,06
201400008035,14,12,25,1630,1,1,1,1.0,6,06003,M,0.0,0.0,06
201400008036,14,9,13,315,5,1,1,1.0,6,06017,M,4380900.0,710000.0,06
201400008037,14,9,21,1145,1,2,1,1.0,3,06128,M,4370200.0,711700.0,06
201400008038,14,10,25,900,1,2,1,1.0,6,06157,M,4373900.0,712900.0,06
201400008039,14,11,30,1745,5,2,1,1.0,7,06157,M,0.0,0.0,06
201400008040,14,4,6,1245,1,1,1,1.0,6,06109,M,0.0,0.0,06
201400008041,14,6,16,1945,1,1,1,1.0,1,06033,M,0.0,0.0,06
201400008042,14,8,10,1115,1,1,1,1.0,1,06006,M,0.0,0.0,06
201400008043,14,10,29,1830,5,2,9,1.0,6,06064,M,0.0,0.0,06
201400008044,14,1,27,1045,1,1,1,1.0,6,06163,M,0.0,0.0,06
201400008045,14,4,26,1130,1,1,1,1.0,6,06023,M,4395300.0,751600.0,06
201400008046,14,6,20,1630,1,1,1,1.0,6,06163,M,0.0,0.0,06
201400008047,14,6,22,1600,1,1,1,1.0,1,06905,M,0.0,0.0,06
201400008048,14,8,10,1100,1,1,1,1.0,6,06163,M,0.0,0.0,06
201400008049,14,8,17,1230,1,1,1,1.0,3,06163,M,0.0,0.0,06
201400008050,14,10,16,1445,1,1,1,1.0,6,06023,M,0.0,0.0,06
201400008051,14,10,28,1630,1,2,1,1.0,6,06023,M,0.0,0.0,06
201400008052,14,11,7,1115,1,2,1,1.0,6,06023,M,0.0,0.0,06
201400008053,14,12,5,1215,1,1,1,1.0,6,06062,M,0.0,0.0,06
201400008054,14,4,19,1215,1,2,1,1.0,1,06032,M,0.0,0.0,06
201400008055,14,5,8,815,1,1,1,1.0,3,06150,M,0.0,0.0,06
201400008056,14,7,3,1415,1,2,1,1.0,1,06032,M,0.0,0.0,06
201400008057,14,9,16,930,1,1,1,1.0,1,06150,M,0.0,0.0,06
201400008058,14,12,2,2245,5,2,1,1.0,6,06032,M,0.0,0.0,06
201400008059,14,12,18,1530,1,1,1,1.0,5,06150,M,0.0,0.0,06
201400008060,14,6,21,1600,1,1,1,1.0,6,06099,M,0.0,0.0,06
201400008061,14,8,7,1600,1,1,1,1.0,1,06144,M,0.0,0.0,06
201400008062,14,8,19,1700,1,1,1,1.0,5,06101,M,4393300.0,694000.0,06
201400008063,14,9,7,1630,1,2,9,1.0,3,06158,M,0.0,0.0,06
201400008064,14,1,13,845,1,1,1,1.0,7,06135,M,4388100.0,697800.0,06
201400008065,14,6,9,1500,1,1,1,1.0,1,06106,M,4383500.0,718300.0,06
201400008066,14,6,26,745,1,2,1,1.0,1,06097,M,4387100.0,709100.0,06
201400008067,14,8,24,415,3,1,1,1.0,6,06135,M,0.0,0.0,06
201400008068,14,10,19,1745,1,1,1,1.0,1,06141,M,0.0,0.0,06
201400008069,14,1,22,1815,3,1,1,1.0,3,06042,M,0.0,0.0,06
201400008070,14,9,28,1715,1,1,1,1.0,6,06073,M,0.0,0.0,06
201400008071,14,12,30,1645,2,1,1,1.0,7,06129,M,0.0,0.0,06
201400008072,14,12,31,1015,1,1,1,1.0,1,06073,M,0.0,0.0,06
201400008073,14,1,16,1145,1,1,1,4.0,3,06120,M,0.0,0.0,06
201400008074,14,2,18,1715,1,1,1,1.0,1,83004,M,0.0,0.0,83
201400008075,14,2,18,1720,1,1,1,1.0,3,83004,M,0.0,0.0,83
201400008076,14,3,1,145,5,2,1,1.0,6,83086,M,0.0,0.0,83
201400008077,14,3,4,1800,2,1,1,1.0,3,83148,M,0.0,0.0,83
201400008078,14,4,1,730,1,2,1,1.0,5,83148,M,0.0,0.0,83
201400008079,14,5,6,2300,5,2,1,1.0,6,83086,M,4347625.0,654524.0,83
201400008080,14,5,11,1515,1,1,1,1.0,5,83004,M,0.0,0.0,83
201400008081,14,7,11,1230,1,1,1,1.0,7,83004,M,0.0,0.0,83
201400008082,14,7,17,1715,1,1,6,1.0,3,83086,M,0.0,0.0,83
201400008083,14,9,17,830,5,2,1,1.0,6,83086,M,0.0,0.0,83
201400008084,14,2,18,1800,2,1,1,1.0,3,83056,M,0.0,0.0,83
201400008085,14,5,24,1745,1,1,1,1.0,2,83028,M,0.0,0.0,83
201400008086,14,8,4,1830,1,1,1,1.0,6,83020,M,0.0,0.0,83
201400008087,14,8,5,1745,1,1,1,1.0,7,83028,M,0.0,0.0,83
201400008088,14,8,17,1645,1,1,1,1.0,7,83082,M,0.0,0.0,83
201400008089,14,8,30,1545,1,1,1,1.0,7,83040,M,4380345.0,661075.0,83
201400008090,14,9,7,930,1,1,1,1.0,1,83028,M,0.0,0.0,83
201400008091,14,11,27,1730,3,1,1,3.0,7,83056,M,0.0,0.0,83
201400008092,14,1,28,1000,1,1,1,1.0,3,83055,M,0.0,0.0,83
201400008093,14,5,6,1145,1,1,1,1.0,6,83138,M,4358931.0,672997.0,83
201400008094,14,6,5,1430,1,2,1,1.0,2,83124,M,0.0,0.0,83
201400008095,14,7,30,1815,1,1,1,1.0,1,83029,M,0.0,0.0,83
201400008096,14,9,2,1800,1,2,1,1.0,3,83081,M,0.0,0.0,83
201400008097,14,9,8,1600,1,2,1,1.0,6,83124,M,4363674.0,664260.0,83
201400008098,14,9,8,1830,1,2,1,1.0,7,83138,M,4361879.0,670115.0,83
201400008099,14,10,4,2115,3,2,1,8.0,3,83138,M,0.0,0.0,83
201400008100,14,11,18,1030,1,1,1,1.0,7,83138,M,0.0,0.0,83
201400008101,14,12,11,845,1,1,1,1.0,1,83081,M,0.0,0.0,83
201400008102,14,1,31,1730,2,2,1,1.0,6,83072,M,4349309.0,636151.0,83
201400008103,14,3,25,1515,1,1,1,1.0,2,83136,M,0.0,0.0,83
201400008104,14,4,1,1045,1,2,1,1.0,6,83072,M,0.0,0.0,83
201400008105,14,6,14,815,1,1,1,1.0,1,83058,M,0.0,0.0,83
201400008106,14,7,22,1345,1,1,1,1.0,1,83072,M,0.0,0.0,83
201400008107,14,10,23,1645,1,1,1,1.0,1,83072,M,0.0,0.0,83
201400008108,14,3,17,1615,1,2,1,1.0,3,83067,M,0.0,0.0,83
201400008109,14,3,19,1715,1,1,1,1.0,2,83031,M,4342200.0,632700.0,83
201400008110,14,3,30,1845,1,1,1,1.0,6,83067,M,0.0,0.0,83
201400008111,14,5,24,415,3,1,1,1.0,6,83073,M,0.0,0.0,83
201400008112,14,8,10,1230,1,1,1,1.0,2,83031,M,0.0,0.0,83
201400008113,14,9,14,2215,1,1,1,1.0,7,83073,M,0.0,0.0,83
201400008114,14,10,8,800,2,1,1,1.0,6,83073,M,0.0,0.0,83
201400008115,14,10,10,1745,1,1,1,1.0,1,83018,M,4356100.0,638400.0,83
201400008116,14,11,21,1545,1,1,1,1.0,1,83031,M,0.0,0.0,83
201400008117,14,7,21,1945,1,1,1,1.0,1,83007,M,0.0,0.0,83
201400008118,14,8,25,2215,3,1,1,1.0,7,83121,M,0.0,0.0,83
201400008119,14,9,20,1,4,1,1,1.0,7,83121,M,4358300.0,620000.0,83
201400008120,14,1,18,1845,3,2,1,2.0,6,83023,M,4340690.0,604940.0,83
201400008121,14,1,20,1745,5,2,1,1.0,6,83023,M,4340950.0,606300.0,83
201400008122,14,3,11,1530,1,1,1,1.0,3,83143,M,0.0,0.0,83
201400008123,14,3,16,900,1,2,1,1.0,6,83023,M,4341608.0,606153.0,83
201400008124,14,5,13,1745,1,1,1,1.0,1,83143,M,0.0,0.0,83
201400008125,14,5,14,1830,1,2,1,7.0,1,83143,M,0.0,0.0,83
201400008126,14,5,16,1115,1,1,1,1.0,1,83023,M,0.0,0.0,83
201400008127,14,5,17,1930,1,2,1,1.0,6,83023,M,4341006.0,605247.0,83
201400008128,14,5,30,1800,2,1,1,3.0,3,83023,M,0.0,0.0,83
201400008129,14,6,3,845,1,2,1,1.0,3,83023,M,4340630.0,604976.0,83
201400008130,14,6,24,915,1,1,1,1.0,3,83037,M,0.0,0.0,83
201400008131,14,9,26,1930,2,1,1,1.0,1,83143,M,0.0,0.0,83
201400008132,14,10,22,1300,1,2,1,1.0,6,83143,M,0.0,0.0,83
201400008133,14,10,29,1545,1,1,1,1.0,2,83023,M,0.0,0.0,83
201400008134,14,10,30,1930,3,1,1,1.0,2,83023,M,0.0,0.0,83
201400008135,14,10,28,1415,1,2,1,1.0,3,83084,M,0.0,0.0,83
201400008136,14,11,11,745,2,1,1,3.0,1,83012,M,0.0,0.0,83
201400008137,14,1,15,1015,1,1,1,1.0,6,83150,M,0.0,0.0,83
201400008138,14,4,17,1045,1,1,1,1.0,7,83113,M,0.0,0.0,83
201400008139,14,8,13,530,2,1,1,1.0,6,83006,M,0.0,0.0,83
201400008140,14,10,7,1015,1,2,1,1.0,7,83150,M,0.0,0.0,83
201400008141,14,11,5,815,3,1,1,1.0,1,83104,M,0.0,0.0,83
201400008142,14,11,8,330,3,1,1,1.0,7,83104,M,0.0,0.0,83
201400008143,14,1,4,2045,3,1,1,2.0,1,83077,M,0.0,0.0,83
201400008144,14,1,8,1615,1,1,1,1.0,3,83059,M,0.0,0.0,83
201400008145,14,1,14,330,3,1,1,1.0,7,83106,M,0.0,0.0,83
201400008146,14,2,23,1200,1,1,1,1.0,2,83077,M,0.0,0.0,83
201400008147,14,2,23,1500,1,1,1,1.0,7,83077,M,0.0,0.0,83
201400008148,14,3,7,1330,1,1,1,1.0,7,83077,M,0.0,0.0,83
201400008149,14,3,12,2015,3,1,1,1.0,6,83077,M,0.0,0.0,83
201400008150,14,3,15,1545,1,1,1,1.0,7,83076,M,0.0,0.0,83
201400008151,14,4,13,1800,1,1,1,1.0,1,83108,M,0.0,0.0,83
201400008152,14,4,14,645,1,2,1,1.0,3,83077,M,0.0,0.0,83
201400008153,14,4,28,1930,1,1,1,1.0,6,83064,M,0.0,0.0,83
201400008154,14,5,25,1115,1,2,1,1.0,3,83088,M,4331072.0,601168.0,83
201400008155,14,7,22,2245,3,1,1,1.0,6,83077,M,0.0,0.0,83
201400008156,14,7,29,1845,1,1,1,1.0,6,83106,M,0.0,0.0,83
201400008157,14,8,8,2145,3,1,1,1.0,6,83108,M,0.0,0.0,83
201400008158,14,8,10,1745,1,1,1,1.0,5,83077,M,0.0,0.0,83
201400008159,14,9,13,1630,1,1,1,1.0,3,83108,M,0.0,0.0,83
201400008160,14,9,25,615,5,2,1,1.0,6,83059,M,0.0,0.0,83
201400008161,14,10,2,1645,1,1,1,1.0,2,83059,M,0.0,0.0,83
201400008162,14,10,18,1145,1,1,1,1.0,7,83077,M,0.0,0.0,83
201400008163,14,10,22,1600,1,2,1,1.0,1,83064,M,0.0,0.0,83
201400008164,14,11,16,930,3,1,1,1.0,6,83106,M,0.0,0.0,83
201400008165,14,11,17,2230,3,1,1,1.0,7,83108,M,0.0,0.0,83
201400008166,14,11,23,1630,1,2,1,1.0,6,83108,M,0.0,0.0,83
201400008167,14,12,22,245,3,1,1,1.0,6,83059,M,0.0,0.0,83
201400008168,14,12,23,1300,1,1,2,1.0,3,83064,M,0.0,0.0,83
201400008169,14,1,28,845,1,2,1,1.0,5,83116,M,0.0,0.0,83
201400008170,14,2,10,1845,3,1,1,1.0,3,83140,M,0.0,0.0,83
201400008171,14,2,28,645,3,1,1,1.0,6,83140,M,0.0,0.0,83
201400008172,14,3,26,1345,1,1,1,1.0,5,83125,M,0.0,0.0,83
201400008173,14,3,27,1645,1,1,1,1.0,4,83097,M,0.0,0.0,83
201400008174,14,5,7,1200,1,2,1,1.0,6,83116,M,0.0,0.0,83
201400008175,14,7,7,2215,3,1,1,1.0,6,83089,M,0.0,0.0,83
201400008176,14,9,6,1015,1,1,1,1.0,3,83116,M,0.0,0.0,83
201400008177,14,11,5,2045,3,1,1,1.0,1,83125,M,0.0,0.0,83
201400008178,14,11,21,1700,2,1,1,1.0,1,83116,M,0.0,0.0,83
201400008179,14,1,25,1345,1,1,1,1.0,1,83107,M,0.0,0.0,83
201400008180,14,2,3,715,2,1,1,1.0,3,83107,M,4346464.0,663639.0,83
201400008181,14,3,4,1530,1,1,1,1.0,6,83107,M,0.0,0.0,83
201400008182,14,4,5,130,3,1,1,1.0,7,83107,M,0.0,0.0,83
201400008183,14,4,6,1215,1,1,1,1.0,6,83107,M,4342100.0,667400.0,83
201400008184,14,4,11,1730,1,1,1,1.0,3,83107,M,0.0,0.0,83
201400008185,14,4,19,1500,1,1,1,1.0,6,83001,M,0.0,0.0,83
201400008186,14,5,9,900,1,1,1,1.0,1,83107,M,0.0,0.0,83
201400008187,14,5,12,1530,1,1,1,1.0,6,83001,M,4355200.0,679100.0,83
201400008188,14,5,12,1115,1,1,1,1.0,1,83107,M,0.0,0.0,83
201400008189,14,5,17,1615,1,1,1,1.0,2,83107,M,0.0,0.0,83
201400008190,14,6,16,1730,1,2,1,1.0,6,83107,M,4346095.0,662643.0,83
201400008191,14,6,20,1700,1,1,1,1.0,1,83099,M,0.0,0.0,83
201400008192,14,7,8,1530,1,1,1,1.0,1,83107,M,0.0,0.0,83
201400008193,14,7,12,1645,1,1,1,2.0,7,83107,M,4345900.0,661800.0,83
201400008194,14,8,19,2130,3,1,1,1.0,1,83107,M,4343700.0,665300.0,83
201400008195,14,8,22,545,3,1,1,1.0,1,83099,M,0.0,0.0,83
201400008196,14,8,29,1015,1,1,9,1.0,6,83107,M,4346000.0,661000.0,83
201400008197,14,10,23,1915,5,2,1,1.0,2,83099,M,0.0,0.0,83
201400008198,14,11,8,1545,1,2,1,1.0,6,83099,M,0.0,0.0,83
201400008199,14,12,18,745,2,1,1,1.0,1,83099,M,0.0,0.0,83
201400008200,14,1,12,2015,5,2,1,1.0,6,83042,M,4324800.0,653000.0,83
201400008201,14,1,19,2015,5,1,1,2.0,7,83068,M,0.0,0.0,83
201400008202,14,4,5,2045,5,2,1,1.0,1,83042,M,4324000.0,653300.0,83
201400008203,14,4,6,1715,1,1,1,1.0,1,83063,M,4329300.0,648900.0,83
201400008204,14,6,23,915,1,1,1,1.0,2,83068,M,0.0,0.0,83
201400008205,14,7,12,930,1,1,1,1.0,6,83068,M,0.0,0.0,83
201400008206,14,7,18,1630,1,1,1,1.0,5,83042,M,0.0,0.0,83
201400008207,14,7,22,1500,1,1,1,1.0,3,83063,M,4350000.0,681800.0,83
201400008208,14,8,1,1800,1,1,1,1.0,1,83063,M,4333800.0,642300.0,83
201400008209,14,8,10,230,3,1,1,1.0,2,83068,M,0.0,0.0,83
201400008210,14,8,10,945,1,1,1,1.0,3,83068,M,0.0,0.0,83
201400008211,14,8,20,730,1,1,1,1.0,1,83063,M,4350400.0,679200.0,83
201400008212,14,9,12,2330,3,1,1,1.0,7,83063,M,4328800.0,648900.0,83
201400008213,14,9,14,715,1,1,1,1.0,6,83042,M,0.0,0.0,83
201400008214,14,9,16,800,1,1,6,1.0,3,83068,M,0.0,0.0,83
201400008215,14,9,18,830,1,1,1,1.0,3,83042,M,4375400.0,655600.0,83
201400008216,14,10,1,1345,1,1,1,1.0,2,83042,M,4327000.0,650300.0,83
201400008217,14,10,15,1145,1,1,1,1.0,3,83042,M,4343000.0,693700.0,83
201400008218,14,10,23,1115,1,1,1,1.0,1,83063,M,4356700.0,681000.0,83
201400008219,14,11,12,1715,2,1,1,2.0,2,83068,M,0.0,0.0,83
201400008220,14,12,15,1815,3,1,1,1.0,7,83042,M,4322000.0,650200.0,83
201400008221,14,12,17,715,2,1,1,1.0,1,83068,M,0.0,0.0,83
201400008222,14,12,30,1745,5,2,1,1.0,3,83068,M,4328400.0,659100.0,83
201400008223,14,1,2,1530,1,1,1,2.0,1,83107,M,4335100.0,667500.0,83
201400008224,14,3,2,1700,1,1,1,1.0,6,83115,M,0.0,0.0,83
201400008225,14,3,6,1800,1,1,1,1.0,1,83107,M,4335086.0,667487.0,83
201400008226,14,4,12,2300,5,2,1,1.0,6,83115,M,0.0,0.0,83
201400008227,14,5,6,1445,1,2,1,1.0,6,83115,M,0.0,0.0,83
201400008228,14,5,30,745,1,1,1,1.0,2,83115,M,0.0,0.0,83
201400008229,14,6,1,1730,1,2,6,1.0,1,83115,M,4332300.0,660100.0,83
201400008230,14,6,5,1600,1,2,1,1.0,2,83115,M,4330600.0,662900.0,83
201400008231,14,7,10,1830,1,2,1,1.0,1,83107,M,0.0,0.0,83
201400008232,14,8,28,1600,1,2,1,1.0,1,83115,M,4329100.0,661900.0,83
201400008233,14,9,2,2145,5,2,1,1.0,6,83115,M,0.0,0.0,83
201400008234,14,10,9,2315,3,1,1,1.0,5,83115,M,4339000.0,658400.0,83
201400008235,14,1,27,1345,1,1,1,1.0,3,83065,M,0.0,0.0,83
201400008236,14,1,28,1345,1,1,9,1.0,3,83065,M,4326214.0,657475.0,83
201400008237,14,2,11,800,1,1,1,1.0,6,83119,M,4326648.0,665020.0,83
201400008238,14,5,25,230,5,1,1,1.0,3,83119,M,4326800.0,663400.0,83
201400008239,14,5,27,1745,1,1,1,1.0,1,83101,M,4322500.0,665100.0,83
201400008240,14,6,6,915,1,1,1,1.0,1,83065,M,4325700.0,657200.0,83
201400008241,14,6,16,1645,1,1,1,1.0,6,83101,M,4323663.0,664978.0,83
201400008242,14,6,17,2015,5,1,1,1.0,6,83065,M,0.0,0.0,83
201400008243,14,6,17,1400,1,1,1,1.0,2,83119,M,4326800.0,663300.0,83
201400008244,14,7,22,1,3,1,1,1.0,2,83119,M,4325300.0,663400.0,83
201400008245,14,7,23,1130,1,2,1,1.0,1,83101,M,4319230.0,603559.0,83
201400008246,14,7,15,1830,1,2,1,1.0,6,83119,M,4327100.0,663700.0,83