Num_Acc,an,mois,jour,hrmn,lum,agg,int,atm,col,com,gps,lat,long,dep
201400008247,14,8,8,830,1,1,1,1.0,3,83119,M,0.0,0.0,83
201400008248,14,8,12,1600,1,1,1,1.0,3,83119,M,0.0,0.0,83
201400008249,14,8,16,400,5,2,1,1.0,2,83119,M,4326920.0,663549.0,83
201400008250,14,8,23,1800,1,1,1,1.0,6,83065,M,0.0,0.0,83
201400008251,14,8,28,1415,1,2,1,1.0,2,83119,M,4326603.0,665278.0,83
201400008252,14,9,16,815,1,1,1,1.0,2,83065,M,0.0,0.0,83
201400008253,14,10,2,900,1,1,1,7.0,6,83101,M,4322651.0,665086.0,83
201400008254,14,10,3,1000,1,2,1,1.0,7,83119,M,4327009.0,663619.0,83
201400008255,14,10,14,830,1,1,1,3.0,3,83065,M,0.0,0.0,83
201400008256,14,10,16,800,1,1,1,1.0,4,83065,M,4325800.0,661000.0,83
201400008257,14,10,25,1200,1,1,1,1.0,1,83065,M,0.0,0.0,83
201400008258,14,11,15,415,5,1,1,3.0,6,83065,M,4325800.0,660600.0,83
201400008259,14,1,22,645,3,1,1,1.0,6,83035,M,0.0,0.0,83
201400008260,14,2,17,1730,1,1,1,1.0,1,83035,M,0.0,0.0,83
201400008261,14,4,5,945,1,1,1,1.0,5,83016,M,0.0,0.0,83
201400008262,14,4,11,2015,3,1,1,1.0,1,83127,M,0.0,0.0,83
201400008263,14,8,5,1600,1,1,1,1.0,1,83127,M,0.0,0.0,83
201400008264,14,11,17,2200,3,1,1,1.0,1,83127,M,0.0,0.0,83
201400008265,14,5,27,745,1,1,1,7.0,3,83047,M,0.0,0.0,83
201400008266,14,5,28,1745,1,1,9,1.0,1,83047,M,0.0,0.0,83
201400008267,14,9,21,1830,1,2,1,1.0,3,83047,M,0.0,0.0,83
201400008268,14,9,21,2100,5,1,1,1.0,1,83047,M,0.0,0.0,83
201400008269,14,10,28,1200,1,1,1,1.0,6,83047,M,4323500.0,613400.0,83
201400008270,14,10,29,1045,1,1,3,1.0,3,83047,M,0.0,0.0,83
201400008271,14,11,16,1715,2,1,1,1.0,1,83047,M,0.0,0.0,83
201400008272,14,12,30,2130,3,1,1,1.0,1,83047,M,0.0,0.0,83
201400008273,14,3,10,1215,1,1,1,1.0,4,83071,M,0.0,0.0,83
201400008274,14,5,29,2045,2,2,3,1.0,1,83071,M,0.0,0.0,83
201400008275,14,7,17,945,1,1,1,1.0,1,83071,M,0.0,0.0,83
201400008276,14,9,11,1630,1,2,1,1.0,7,83071,M,0.0,0.0,83
201400008277,14,9,15,1630,1,2,1,1.0,6,83071,M,0.0,0.0,83
201400008278,14,11,10,1615,1,1,1,1.0,3,83071,M,0.0,0.0,83
201400008279,14,1,6,1345,1,2,1,1.0,7,83027,M,0.0,0.0,83
201400008280,14,3,7,1530,1,1,1,1.0,1,83112,M,4317973.0,569789.0,83
201400008281,14,4,5,1645,1,1,1,1.0,6,83112,M,0.0,0.0,83
201400008282,14,5,18,1900,1,2,6,1.0,2,83112,M,0.0,0.0,83
201400008283,14,5,30,1815,1,2,1,1.0,6,83112,M,0.0,0.0,83
201400008284,14,6,4,345,5,2,1,1.0,6,83112,M,0.0,0.0,83
201400008285,14,7,27,1100,1,2,1,7.0,6,83112,M,0.0,0.0,83
201400008286,14,8,21,1400,1,1,1,1.0,1,83112,M,0.0,0.0,83
201400008287,14,9,11,1045,1,1,1,1.0,3,83112,M,0.0,0.0,83
201400008288,14,5,22,1845,1,1,1,2.0,1,84081,M,0.0,0.0,84
201400008289,14,5,27,1730,1,2,1,1.0,3,84034,M,0.0,0.0,84
201400008290,14,7,8,715,1,1,1,1.0,2,84119,M,0.0,0.0,84
201400008291,14,9,3,145,3,1,1,1.0,7,84119,M,0.0,0.0,84
201400008292,14,9,15,1930,3,2,1,3.0,1,84141,M,0.0,0.0,84
201400008293,14,9,29,1715,1,1,1,1.0,1,84141,M,0.0,0.0,84
201400008294,14,10,14,715,2,2,1,1.0,2,84141,M,0.0,0.0,84
201400008295,14,10,27,515,5,2,1,1.0,6,84036,M,0.0,0.0,84
201400008296,14,11,1,530,3,1,1,5.0,6,84034,M,0.0,0.0,84
201400008297,14,11,16,345,3,1,1,1.0,7,84141,M,0.0,0.0,84
201400008298,14,1,10,915,1,1,2,1.0,1,84132,M,4395569.0,498493.0,84
201400008299,14,1,17,1930,3,2,1,1.0,1,84054,M,4392581.0,506594.0,84
201400008300,14,1,20,2215,3,1,1,1.0,1,84132,M,0.0,0.0,84
201400008301,14,3,28,2315,3,1,1,1.0,7,84054,M,0.0,0.0,84
201400008302,14,4,7,800,1,1,2,1.0,3,84054,M,0.0,0.0,84
201400008303,14,5,7,2130,5,1,1,1.0,7,84054,M,0.0,0.0,84
201400008304,14,5,20,1545,1,2,1,1.0,5,84054,M,0.0,0.0,84
201400008305,14,6,13,1215,1,2,9,1.0,3,84132,M,0.0,0.0,84
201400008306,14,7,16,1615,1,1,1,1.0,7,84124,M,0.0,0.0,84
201400008307,14,7,23,945,1,1,1,1.0,1,84054,M,0.0,0.0,84
201400008308,14,8,1,845,1,2,3,1.0,2,84054,M,4392626.0,506435.0,84
201400008309,14,8,18,1845,1,1,1,1.0,6,84054,M,0.0,0.0,84
201400008310,14,8,21,1445,1,2,1,1.0,1,84054,M,0.0,0.0,84
201400008311,14,8,29,2245,3,1,1,1.0,3,84054,M,0.0,0.0,84
201400008312,14,9,11,1815,1,1,1,1.0,7,84124,M,0.0,0.0,84
201400008313,14,9,22,2100,3,1,1,1.0,3,84132,M,0.0,0.0,84
201400008314,14,10,4,1830,1,2,1,1.0,6,84054,M,0.0,0.0,84
201400008315,14,10,8,1600,1,2,1,1.0,3,84054,M,0.0,0.0,84
201400008316,14,10,9,945,1,1,1,1.0,2,84132,M,0.0,0.0,84
201400008317,14,10,10,1545,1,1,1,1.0,1,84054,M,0.0,0.0,84
201400008318,14,10,14,800,1,2,1,1.0,6,84054,M,0.0,0.0,84
201400008319,14,10,18,2030,5,2,1,1.0,2,84054,M,0.0,0.0,84
201400008320,14,10,23,1300,1,2,1,1.0,1,84054,M,0.0,0.0,84
201400008321,14,12,2,1745,3,1,1,6.0,1,84132,M,0.0,0.0,84
201400008322,14,12,10,1145,1,1,1,1.0,1,84054,M,0.0,0.0,84
201400008323,14,2,2,330,5,1,1,8.0,2,84092,M,0.0,0.0,84
201400008324,14,2,9,1530,1,2,1,1.0,6,84092,M,0.0,0.0,84
201400008325,14,3,18,945,1,2,9,8.0,6,84092,M,0.0,0.0,84
201400008326,14,3,28,1330,1,2,1,1.0,6,84092,M,0.0,0.0,84
201400008327,14,5,13,1000,1,2,1,1.0,3,84092,M,0.0,0.0,84
201400008328,14,6,6,1600,1,2,1,1.0,2,84092,M,0.0,0.0,84
201400008329,14,10,19,2015,5,2,9,1.0,1,84092,M,0.0,0.0,84
201400008330,14,10,21,945,1,1,1,7.0,6,84092,M,0.0,0.0,84
201400008331,14,1,10,815,1,1,1,5.0,6,84129,M,0.0,0.0,84
201400008332,14,3,28,1500,1,2,1,1.0,1,84129,M,0.0,0.0,84
201400008333,14,4,16,1100,1,1,1,1.0,1,84016,M,0.0,0.0,84
201400008334,14,5,30,1515,1,1,1,1.0,6,84129,M,0.0,0.0,84
201400008335,14,6,26,1530,1,1,1,1.0,2,84129,M,0.0,0.0,84
201400008336,14,7,10,1200,1,1,1,1.0,2,84129,M,0.0,0.0,84
201400008337,14,8,29,1230,1,2,1,1.0,2,84129,M,0.0,0.0,84
201400008338,14,9,3,945,1,2,1,1.0,6,84129,M,0.0,0.0,84
201400008339,14,9,8,1630,1,2,1,1.0,6,84129,M,0.0,0.0,84
201400008340,14,9,10,1945,2,2,9,1.0,6,84129,M,0.0,0.0,84
201400008341,14,11,8,1630,1,2,1,1.0,7,84129,M,0.0,0.0,84
201400008342,14,12,31,1445,1,1,1,6.0,1,84129,M,0.0,0.0,84
201400008343,14,1,15,915,1,2,1,7.0,6,84003,M,0.0,0.0,84
201400008344,14,3,5,1545,1,1,1,1.0,6,84112,M,0.0,0.0,84
201400008345,14,3,23,1015,1,2,1,1.0,7,84003,M,0.0,0.0,84
201400008346,14,4,26,1145,1,1,1,1.0,1,84003,M,0.0,0.0,84
201400008347,14,4,28,2015,1,1,1,1.0,1,84118,M,0.0,0.0,84
201400008348,14,7,27,1730,1,1,9,1.0,7,84032,M,0.0,0.0,84
201400008349,14,11,22,2230,5,1,1,1.0,6,84003,M,0.0,0.0,84
201400008350,14,11,27,1845,2,1,1,2.0,5,84003,M,0.0,0.0,84
201400008351,14,5,22,1715,1,1,1,8.0,4,84074,M,0.0,0.0,84
201400008352,14,8,23,1430,1,1,1,1.0,1,84068,M,0.0,0.0,84
201400008353,14,8,26,2045,2,1,1,1.0,1,84074,M,0.0,0.0,84
201400008354,14,9,28,845,2,2,1,1.0,6,84147,M,0.0,0.0,84
201400008355,14,10,15,1045,1,1,1,1.0,2,84026,M,0.0,0.0,84
201400008356,14,2,5,1300,1,1,1,3.0,6,84051,M,0.0,0.0,84
201400008357,14,4,26,1815,1,1,1,1.0,2,84050,M,0.0,0.0,84
201400008358,14,5,24,1845,1,1,2,1.0,3,84057,M,0.0,0.0,84
201400008359,14,11,23,1115,1,1,1,1.0,3,84020,M,0.0,0.0,84
201400008360,14,12,12,2115,5,2,1,1.0,1,84050,M,0.0,0.0,84
201400008361,14,12,26,1545,2,1,1,7.0,1,84020,M,0.0,0.0,84
201400008362,14,1,14,1030,1,2,1,1.0,6,84133,M,0.0,0.0,84
201400008363,14,2,6,645,2,1,1,9.0,6,84076,M,0.0,0.0,84
201400008364,14,5,31,245,3,1,1,1.0,6,84089,M,0.0,0.0,84
201400008365,14,6,2,2230,1,2,1,1.0,6,84089,M,0.0,0.0,84
201400008366,14,6,16,1915,1,1,1,1.0,6,84014,M,0.0,0.0,84
201400008367,14,6,19,700,2,1,2,1.0,3,84089,M,0.0,0.0,84
201400008368,14,8,29,1430,1,1,1,1.0,1,84002,M,0.0,0.0,84
201400008369,14,10,21,1745,1,2,1,1.0,3,84014,M,0.0,0.0,84
201400008370,14,10,24,1845,3,1,1,1.0,1,84002,M,0.0,0.0,84
201400008371,14,11,29,2300,5,2,1,2.0,3,84089,M,0.0,0.0,84
201400008372,14,5,28,1345,1,1,1,1.0,1,84069,M,0.0,0.0,84
201400008373,14,2,23,1515,1,1,1,1.0,6,84148,M,0.0,0.0,84
201400008374,14,5,20,2045,3,1,1,1.0,7,84041,M,0.0,0.0,84
201400008375,14,5,31,2030,1,2,6,1.0,7,84030,M,0.0,0.0,84
201400008376,14,6,11,1100,1,1,1,1.0,5,84030,M,0.0,0.0,84
201400008377,14,2,5,915,1,1,3,2.0,3,84088,M,0.0,0.0,84
201400008378,14,3,26,800,1,2,1,1.0,6,84088,M,0.0,0.0,84
201400008379,14,8,27,1615,1,1,1,1.0,1,84043,M,0.0,0.0,84
201400008380,14,10,27,1645,1,1,1,1.0,2,84043,M,0.0,0.0,84
201400008381,14,1,25,1445,1,1,2,1.0,3,84029,M,0.0,0.0,84
201400008382,14,1,30,945,1,1,1,2.0,1,84135,M,0.0,0.0,84
201400008383,14,6,16,530,2,1,1,1.0,2,84028,M,0.0,0.0,84
201400008384,14,7,25,1800,1,1,2,2.0,3,84029,M,0.0,0.0,84
201400008385,14,12,17,1900,3,1,1,2.0,3,84029,M,0.0,0.0,84
201400008386,14,12,18,1730,1,1,1,1.0,1,84083,M,0.0,0.0,84
201400008387,14,1,27,1200,1,2,1,1.0,6,84004,M,4409144.0,501780.0,84
201400008388,14,4,3,1745,1,1,1,8.0,7,84004,M,0.0,0.0,84
201400008389,14,4,8,1045,1,2,9,1.0,6,84136,M,0.0,0.0,84
201400008390,14,5,3,1045,1,1,2,1.0,5,84067,M,0.0,0.0,84
201400008391,14,7,8,930,1,2,1,1.0,6,84122,M,0.0,0.0,84
201400008392,14,7,20,45,3,1,1,1.0,3,84004,M,0.0,0.0,84
201400008393,14,2,22,1200,1,1,1,1.0,6,84078,M,0.0,0.0,84
201400008394,14,4,13,1900,1,2,1,1.0,6,84019,M,0.0,0.0,84
201400008395,14,5,5,2015,2,2,1,1.0,6,84019,M,0.0,0.0,84
201400008396,14,5,18,530,2,1,1,1.0,7,84078,M,0.0,0.0,84
201400008397,14,6,16,1745,1,1,1,7.0,3,84063,M,0.0,0.0,84
201400008398,14,12,31,1915,1,2,1,1.0,6,84137,M,0.0,0.0,84
201400008399,14,1,7,730,2,1,1,1.0,1,84126,M,0.0,0.0,84
201400008400,14,2,1,545,5,2,1,2.0,6,84137,M,0.0,0.0,84
201400008401,14,2,23,1600,1,1,1,1.0,6,84110,M,0.0,0.0,84
201400008402,14,2,27,2200,5,2,1,1.0,6,84137,M,0.0,0.0,84
201400008403,14,3,28,1900,2,2,1,1.0,2,84137,M,0.0,0.0,84
201400008404,14,6,2,1600,1,1,1,1.0,1,84126,M,0.0,0.0,84
201400008405,14,7,16,1830,1,1,1,1.0,3,84137,M,0.0,0.0,84
201400008406,14,8,6,2100,3,2,1,1.0,7,84137,M,0.0,0.0,84
201400008407,14,8,14,1945,1,1,1,1.0,7,84137,M,4426968.0,502610.0,84
201400008408,14,9,1,1500,1,1,1,1.0,1,84015,M,0.0,0.0,84
201400008409,14,11,6,45,3,1,1,1.0,6,84044,M,0.0,0.0,84
201400008410,14,12,28,1730,2,1,1,4.0,6,84015,M,0.0,0.0,84
201400008411,14,1,18,815,5,2,1,3.0,2,84138,M,0.0,0.0,84
201400008412,14,2,26,1915,5,2,1,1.0,1,84138,M,4438459.0,498338.0,84
201400008413,14,3,14,1500,1,2,1,1.0,6,84138,M,4437995.0,499010.0,84
201400008414,14,3,11,945,1,1,1,1.0,5,84138,M,0.0,0.0,84
201400008415,14,3,21,645,2,2,1,1.0,7,84097,M,0.0,0.0,84
201400008416,14,3,28,2130,3,1,2,1.0,3,84138,M,0.0,0.0,84
201400008417,14,3,17,1600,1,2,1,1.0,6,84138,M,0.0,0.0,84
201400008418,14,4,12,1245,1,1,1,1.0,5,84138,M,0.0,0.0,84
201400008419,14,4,22,1730,1,1,1,2.0,2,84138,M,0.0,0.0,84
201400008420,14,4,28,1845,1,2,2,1.0,3,84138,M,0.0,0.0,84
201400008421,14,7,19,1415,1,1,1,1.0,1,84138,M,0.0,0.0,84
201400008422,14,8,17,1000,1,1,1,1.0,6,84150,M,0.0,0.0,84
201400008423,14,11,5,1345,1,1,1,1.0,6,84138,M,0.0,0.0,84
201400008424,14,11,14,1645,2,1,1,2.0,7,84138,M,0.0,0.0,84
201400008425,14,11,24,1545,1,2,1,1.0,1,84138,M,0.0,0.0,84
201400008426,14,1,23,1130,1,2,9,1.0,6,34057,M,0.0,0.0,34
201400008427,14,2,28,1930,3,1,6,1.0,3,34057,M,0.0,0.0,34
201400008428,14,7,21,1345,1,2,6,1.0,3,34057,M,0.0,0.0,34
201400008429,14,9,10,1245,1,2,1,1.0,6,34057,M,0.0,0.0,34
201400008430,14,1,11,1200,1,2,1,1.0,3,34022,M,0.0,0.0,34
201400008431,14,5,5,1445,1,2,1,1.0,1,34227,M,0.0,0.0,34
201400008432,14,8,27,1730,1,2,3,1.0,3,34327,M,0.0,0.0,34
201400008433,14,8,26,130,5,2,1,1.0,6,34307,M,4318800.0,401100.0,34
201400008434,14,10,9,1800,2,1,1,1.0,3,34256,M,0.0,0.0,34
201400008435,14,11,1,1630,1,1,1,1.0,6,34058,M,4313100.0,361900.0,34
201400008436,14,11,21,1,3,1,1,1.0,6,34249,M,4372000.0,395200.0,34
201400008437,14,12,15,1800,5,2,9,1.0,1,34022,M,4365400.0,400300.0,34
201400008438,14,2,25,1815,2,1,1,1.0,1,34274,M,4377199.0,372444.0,34
201400008439,14,4,6,1500,1,2,1,1.0,6,34343,M,4374663.0,370933.0,34
201400008440,14,5,3,1845,5,2,3,1.0,3,34128,M,0.0,0.0,34
201400008441,14,2,2,1715,1,2,1,1.0,7,34344,M,0.0,0.0,34
201400008442,14,6,14,900,1,2,1,1.0,1,34344,M,0.0,0.0,34
201400008443,14,7,27,2230,5,2,1,1.0,6,34344,M,4393300.0,413800.0,34
201400008444,14,8,9,2330,5,2,1,1.0,3,34344,M,0.0,0.0,34
201400008445,14,10,13,2230,3,1,1,1.0,6,34344,M,0.0,0.0,34
201400008446,14,10,31,2045,5,2,1,1.0,6,34344,M,4393700.0,416200.0,34
201400008447,14,1,30,1430,1,1,1,2.0,6,34033,M,4323900.0,408500.0,34
201400008448,14,1,25,515,3,1,1,1.0,7,34145,M,0.0,0.0,34
201400008449,14,2,24,2345,3,1,1,1.0,6,34321,M,4367174.0,405359.0,34
201400008450,14,3,16,415,5,2,1,1.0,6,34288,M,4372982.0,410545.0,34
201400008451,14,4,23,1445,1,1,9,1.0,3,34151,M,4364235.0,413846.0,34
201400008452,14,5,5,1230,1,2,1,1.0,6,34145,M,4368977.0,415919.0,34
201400008453,14,5,6,2145,1,1,1,1.0,1,34145,M,4368700.0,415500.0,34
201400008454,14,6,8,1715,1,1,1,1.0,6,34145,M,0.0,0.0,34
201400008455,14,6,16,730,2,1,1,1.0,6,34151,M,4307500.0,431000.0,34
201400008456,14,7,14,1615,1,1,1,1.0,1,34145,M,0.0,0.0,34
201400008457,14,7,19,1330,1,2,2,1.0,3,34145,M,0.0,0.0,34
201400008458,14,7,31,1815,1,2,2,1.0,3,34145,M,4311500.0,423900.0,34
201400008459,14,8,18,1345,1,1,1,1.0,1,34151,M,4306500.0,428300.0,34
201400008460,14,8,28,1845,1,2,2,1.0,3,34145,M,0.0,0.0,34
201400008461,14,9,17,730,1,2,1,1.0,1,34145,M,4367200.0,413400.0,34
201400008462,14,11,21,1,3,1,1,1.0,1,34151,M,0.0,0.0,34
201400008463,14,12,7,1300,1,1,2,1.0,3,34151,M,0.0,0.0,34
201400008464,14,12,30,2130,5,2,1,6.0,6,34145,M,4366900.0,412399.0,34
201400008465,14,1,7,1815,2,2,1,9.0,1,34154,M,4361000.0,400000.0,34
201400008466,14,4,11,615,2,1,9,5.0,5,34154,M,0.0,0.0,34
201400008467,14,6,19,1730,1,1,1,1.0,1,34154,M,0.0,0.0,34
201400008468,14,6,25,1545,1,1,1,1.0,3,34154,M,0.0,0.0,34
201400008469,14,10,3,945,1,1,1,1.0,1,34127,M,0.0,0.0,34
201400008470,14,10,17,1545,1,1,1,1.0,5,34154,M,0.0,0.0,34
201400008471,14,6,13,745,1,1,1,1.0,3,34314,M,4374098.0,384778.0,34
201400008472,14,8,4,1430,1,1,1,1.0,6,34322,M,0.0,0.0,34
201400008473,14,8,16,1500,1,1,9,1.0,3,34322,M,0.0,0.0,34
201400008474,14,11,29,1930,3,1,1,2.0,7,34318,M,4380000.0,391700.0,34
201400008475,14,12,29,1730,2,2,1,1.0,6,34110,M,0.0,0.0,34
201400008476,14,5,11,145,5,2,1,1.0,6,34028,M,4360407.0,317086.0,34
201400008477,14,5,17,1230,1,1,1,1.0,3,34096,M,0.0,0.0,34
201400008478,14,6,8,1045,1,1,1,1.0,6,34028,M,0.0,0.0,34
201400008479,14,6,22,2100,2,1,1,1.0,7,34144,M,0.0,0.0,34
201400008480,14,7,17,1145,1,2,1,1.0,6,34312,M,0.0,0.0,34
201400008481,14,8,9,945,1,2,1,1.0,1,34119,M,0.0,0.0,34
201400008482,14,11,6,2300,1,1,1,1.0,6,34235,M,0.0,0.0,34
201400008483,14,12,1,745,2,1,1,8.0,1,34096,M,0.0,0.0,34
201400008484,14,12,2,1730,5,1,1,8.0,6,34028,M,0.0,0.0,34
201400008485,14,1,10,1815,5,2,1,1.0,6,34225,M,4337200.0,304200.0,34
201400008486,14,1,30,1600,1,1,1,1.0,6,34052,M,4332300.0,301600.0,34
201400008487,14,2,9,1545,1,1,1,1.0,3,34183,M,4332501.0,313149.0,34
201400008488,14,4,12,1630,1,1,1,1.0,6,34052,M,0.0,0.0,34
201400008489,14,5,16,1730,1,2,1,1.0,7,34161,M,4334217.0,312960.0,34
201400008490,14,5,18,700,1,2,1,1.0,6,34052,M,0.0,0.0,34
201400008491,14,5,17,1800,1,2,1,1.0,6,34026,M,0.0,0.0,34
201400008492,14,7,2,1400,1,2,1,1.0,1,34183,M,4329306.0,312563.0,34
201400008493,14,6,25,2045,2,1,1,1.0,6,34225,M,0.0,0.0,34
201400008494,14,7,6,415,3,1,1,1.0,6,34155,M,0.0,0.0,34
201400008495,14,8,7,1030,1,1,1,1.0,3,34183,M,0.0,0.0,34
201400008496,14,8,27,1045,1,1,1,1.0,5,34089,M,0.0,0.0,34
201400008497,14,12,12,445,5,2,1,1.0,3,34183,M,0.0,0.0,34
201400008498,14,12,14,645,5,2,1,1.0,6,34206,M,0.0,0.0,34
201400008499,14,12,20,345,3,1,1,1.0,6,34225,M,0.0,0.0,34
201400008500,14,1,4,100,3,1,1,2.0,6,34245,M,0.0,0.0,34
201400008501,14,1,2,1815,2,1,1,1.0,2,34069,M,4339200.0,310600.0,34
201400008502,14,2,18,1300,1,1,1,1.0,7,34074,M,4345300.0,302700.0,34
201400008503,14,6,20,1200,1,2,1,1.0,3,34178,M,0.0,0.0,34
201400008504,14,8,18,1145,1,1,1,1.0,1,34074,M,0.0,0.0,34
201400008505,14,8,23,1745,1,1,1,1.0,1,34100,M,0.0,0.0,34
201400008506,14,9,18,830,1,1,1,1.0,6,34201,M,0.0,0.0,34
201400008507,14,10,15,1600,1,1,1,1.0,1,34084,M,0.0,0.0,34
201400008508,14,9,24,1530,1,2,1,1.0,3,34189,M,4327600.0,273800.0,34
201400008509,14,12,24,1615,1,1,1,7.0,3,34189,M,4335000.0,276700.0,34
201400008510,14,6,27,1930,1,2,1,1.0,6,34136,M,0.0,0.0,34
201400008511,14,8,21,845,1,2,1,1.0,1,34103,M,0.0,0.0,34
201400008512,14,10,26,1130,1,2,1,1.0,3,34199,M,0.0,0.0,34
201400008513,14,11,1,300,3,1,1,1.0,7,34162,M,0.0,0.0,34
201400008514,14,4,19,1600,1,1,1,1.0,7,34284,M,4346949.0,276688.0,34
201400008515,14,4,27,130,5,2,1,2.0,6,34284,M,4350090.0,279070.0,34
201400008516,14,5,30,1700,1,2,1,1.0,6,34080,M,0.0,0.0,34
201400008517,14,6,8,1800,1,1,1,1.0,7,34229,M,0.0,0.0,34
201400008518,14,8,9,1500,1,1,1,1.0,1,34331,M,4376700.0,213900.0,34
201400008519,14,9,6,645,2,1,1,1.0,6,34107,M,4399700.0,229800.0,34
201400008520,14,2,9,700,1,1,6,1.0,6,34224,M,0.0,0.0,34
201400008521,14,3,12,2015,3,1,1,1.0,7,34300,M,4343377.0,329619.0,34
201400008522,14,5,4,830,1,1,1,1.0,7,34009,M,0.0,0.0,34
201400008523,14,8,12,1800,1,1,3,1.0,5,34224,M,0.0,0.0,34
201400008524,14,8,21,1000,1,1,1,1.0,6,34224,M,0.0,0.0,34
201400008525,14,8,25,845,1,1,1,1.0,6,34224,M,0.0,0.0,34
201400008526,14,10,13,1515,1,1,1,1.0,1,34139,M,0.0,0.0,34
201400008527,14,10,16,1945,3,1,1,1.0,1,34147,M,0.0,0.0,34
201400008528,14,3,8,945,1,2,1,1.0,6,34324,M,4324200.0,328800.0,34
201400008529,14,4,12,2230,3,1,1,1.0,7,34135,M,4327600.0,379700.0,34
201400008530,14,7,24,2230,3,1,1,1.0,4,34299,M,4328579.0,327665.0,34
201400008531,14,8,20,1745,1,1,1,1.0,3,34299,M,4342200.0,345600.0,34
201400008532,14,8,25,1830,1,2,6,1.0,3,34299,M,4326700.0,326700.0,34
201400008533,14,8,30,1730,1,1,1,1.0,3,34299,M,0.0,0.0,34
201400008534,14,10,24,1845,3,1,9,1.0,3,34209,M,4330800.0,334100.0,34
201400008535,14,11,25,945,3,2,1,1.0,6,34329,M,0.0,0.0,34
201400008536,14,12,6,1445,3,1,1,1.0,5,34209,M,0.0,0.0,34
201400008537,14,8,17,200,3,1,1,1.0,6,34142,M,0.0,0.0,34
201400008538,14,6,1,1515,1,2,1,1.0,1,34076,M,0.0,0.0,34
201400008539,14,6,16,1500,1,1,1,1.0,1,34239,M,0.0,0.0,34
201400008540,14,7,30,1330,1,1,1,1.0,3,34010,M,0.0,0.0,34
201400008541,14,9,11,1445,1,2,1,1.0,3,34239,M,0.0,0.0,34
201400008542,14,3,22,700,1,1,1,9.0,7,34332,M,0.0,0.0,34
201400008543,14,4,4,2215,5,2,1,1.0,6,34031,M,4358300.0,370000.0,34
201400008544,14,5,1,1645,1,2,6,1.0,3,34031,M,4336700.0,341700.0,34
201400008545,14,5,9,2245,3,1,1,1.0,6,34031,M,4338056.0,341972.0,34
201400008546,14,5,25,1930,1,1,1,1.0,7,34031,M,4357900.0,370500.0,34
201400008547,14,8,15,945,1,1,1,1.0,2,34901,M,4332035.0,354255.0,34
201400008548,14,8,29,730,1,1,1,1.0,2,34203,M,0.0,0.0,34
201400008549,14,2,11,1800,5,2,1,1.0,3,34088,M,0.0,0.0,34
201400008550,14,3,1,1900,3,1,1,1.0,6,34088,M,4354856.0,373355.0,34
201400008551,14,3,11,1930,3,1,1,1.0,3,34113,M,0.0,0.0,34
201400008552,14,12,18,1600,1,1,1,1.0,1,34088,M,4356000.0,372600.0,34
201400008553,14,1,4,745,1,1,1,8.0,1,34341,M,0.0,0.0,34
201400008554,14,4,14,1345,1,1,1,1.0,3,34213,M,0.0,0.0,34
201400008555,14,5,14,900,1,1,9,1.0,7,34213,M,0.0,0.0,34
201400008556,14,6,24,1700,1,2,1,1.0,3,34157,M,0.0,0.0,34
201400008557,14,7,23,1545,1,1,1,1.0,1,34143,M,4344007.0,362598.0,34
201400008558,14,9,11,1945,2,2,1,1.0,6,34157,M,0.0,0.0,34
201400008559,14,12,2,830,1,1,1,1.0,7,34213,M,0.0,0.0,34
201400008560,14,9,24,830,1,1,1,1.0,7,11212,M,4332500.0,283600.0,11
201400008561,14,12,11,1100,1,1,1,1.0,2,11262,M,4321600.0,303200.0,11
201400008562,14,2,24,1400,1,1,1,6.0,6,11115,M,0.0,0.0,11
201400008563,14,3,1,1430,1,1,1,1.0,7,11025,M,0.0,0.0,11
201400008564,14,5,7,745,1,1,1,1.0,6,11099,M,0.0,0.0,11
201400008565,14,5,8,1815,1,1,1,1.0,7,11367,M,0.0,0.0,11
201400008566,14,5,25,945,1,2,1,1.0,6,11410,M,4325822.0,241355.0,11
201400008567,14,5,24,2330,3,1,1,1.0,1,11279,M,0.0,0.0,11
201400008568,14,8,2,630,3,1,1,8.0,6,11429,M,4325033.0,237200.0,11
201400008569,14,8,31,2345,3,1,1,1.0,6,11079,M,0.0,0.0,11
201400008570,14,9,3,1645,1,1,1,1.0,7,11052,M,4334186.0,225315.0,11
201400008571,14,10,6,1800,1,1,1,1.0,6,11429,M,4325336.0,236758.0,11
201400008572,14,11,6,1630,2,2,1,7.0,6,11410,M,4325803.0,241274.0,11
201400008573,14,5,14,1700,1,1,1,1.0,3,11384,M,4286804.0,248243.0,11
201400008574,14,7,25,230,3,1,1,1.0,6,11007,M,4294900.0,245600.0,11
201400008575,14,10,28,1900,3,1,1,1.0,6,11311,M,4311200.0,264000.0,11
201400008576,14,11,18,1515,1,2,1,1.0,2,11388,M,4300500.0,256500.0,11
201400008577,14,2,6,1500,1,1,1,1.0,7,11286,M,4330300.0,257600.0,11
201400008578,14,2,16,1930,3,1,1,1.0,7,11433,M,4330400.0,246300.0,11
201400008579,14,3,28,1645,1,1,1,1.0,6,11198,M,4325300.0,266400.0,11
201400008580,14,5,7,1645,1,1,1,1.0,5,11286,M,4329800.0,257100.0,11
201400008581,14,6,5,300,4,2,6,1.0,6,11280,M,4330200.0,267700.0,11
201400008582,14,6,30,1315,1,1,1,1.0,1,11301,M,4321900.0,262000.0,11
201400008583,14,7,31,1300,1,1,1,1.0,6,11190,M,0.0,0.0,11
201400008584,14,9,2,1545,1,1,1,1.0,1,11342,M,4326200.0,255700.0,11
201400008585,14,10,30,2245,3,1,1,1.0,6,11190,M,4326600.0,265600.0,11
201400008586,14,11,12,2230,3,1,1,1.0,6,11198,M,4325943.0,256401.0,11
201400008587,14,11,23,1915,3,1,1,2.0,7,11286,M,0.0,0.0,11
201400008588,14,1,21,1700,1,2,1,1.0,6,11076,M,4331375.0,194477.0,11
201400008589,14,2,12,1830,2,1,1,1.0,1,11076,M,0.0,0.0,11
201400008590,14,4,28,1615,1,2,1,1.0,1,11281,M,4326938.0,203725.0,11
201400008591,14,6,23,830,1,1,1,2.0,5,11313,M,0.0,0.0,11
201400008592,14,9,26,200,5,2,1,1.0,6,11076,M,4331278.0,195391.0,11