Num_Acc,an,mois,jour,hrmn,lum,agg,int,atm,col,com,gps,lat,long,dep
201400008593,14,10,17,1300,1,1,1,1.0,6,11361,M,4335500.0,200599.0,11
201400008594,14,10,18,45,5,2,1,1.0,6,11281,M,4327300.0,203600.0,11
201400008595,14,10,18,1445,1,2,1,1.0,1,11192,M,4330100.0,204700.0,11
201400008596,14,10,18,1745,1,1,1,1.0,6,11225,M,4331400.0,190900.0,11
201400008597,14,11,30,2045,3,1,1,3.0,7,11356,M,4331602.0,200468.0,11
201400008598,14,12,17,1030,1,1,1,2.0,6,11356,M,4332200.0,200999.0,11
201400008599,14,1,7,2000,3,1,1,1.0,3,11009,M,0.0,0.0,11
201400008600,14,2,11,1300,1,1,1,1.0,2,11254,M,4319800.0,212000.0,11
201400008601,14,2,25,1315,1,1,1,1.0,6,11288,M,0.0,0.0,11
201400008602,14,4,27,2130,2,1,1,2.0,6,11084,M,4321218.0,226283.0,11
201400008603,14,5,20,1000,1,2,1,1.0,1,11199,M,4318700.0,227000.0,11
201400008604,14,6,16,1730,1,1,1,1.0,3,11438,M,4322800.0,208900.0,11
201400008605,14,7,2,830,2,1,1,8.0,6,11018,M,0.0,0.0,11
201400008606,14,7,5,530,1,1,1,1.0,6,11259,M,4327500.0,222800.0,11
201400008607,14,7,26,500,3,1,1,1.0,5,11018,M,4321400.0,223300.0,11
201400008608,14,8,27,1330,1,1,1,1.0,6,11018,M,4321300.0,223000.0,11
201400008609,14,9,15,1415,1,1,1,1.0,6,11049,M,4327298.0,210756.0,11
201400008610,14,9,24,2030,3,1,1,1.0,1,11018,M,0.0,0.0,11
201400008611,14,10,9,1800,1,2,1,1.0,6,11136,M,4318900.0,203500.0,11
201400008612,14,11,30,515,3,1,8,3.0,1,11009,M,4324233.0,218112.0,11
201400008613,14,12,1,1530,1,1,1,2.0,1,11434,M,4328300.0,209500.0,11
201400008614,14,12,14,630,3,1,1,1.0,6,11281,M,0.0,0.0,11
201400008615,14,5,15,700,1,1,1,1.0,1,11033,M,4321700.0,172700.0,11
201400008616,14,5,20,1700,1,1,1,1.0,7,11275,M,4327300.0,184400.0,11
201400008617,14,5,20,1245,1,1,1,6.0,1,11134,M,4328300.0,174800.0,11
201400008618,14,6,10,1415,1,1,1,1.0,1,11149,M,4322300.0,191400.0,11
201400008619,14,11,17,1800,3,1,1,1.0,1,11033,M,4321200.0,173100.0,11
201400008620,14,3,9,1900,5,2,1,1.0,1,11206,M,0.0,0.0,11
201400008621,14,5,28,1245,1,1,1,1.0,5,11008,M,4299000.0,226500.0,11
201400008622,14,5,14,1845,1,2,1,1.0,6,11206,M,4305427.0,221326.0,11
201400008623,14,7,14,1630,1,2,3,1.0,3,11034,M,4312800.0,209100.0,11
201400008624,14,7,22,1430,1,2,3,1.0,3,11206,M,4304433.0,223156.0,11
201400008625,14,10,11,1645,1,1,3,1.0,3,11299,M,4314383.0,229433.0,11
201400008626,14,11,15,930,1,1,1,7.0,2,11207,M,0.0,0.0,11
201400008627,14,6,9,1645,1,1,1,1.0,6,11036,M,4284527.0,207628.0,11
201400008628,14,8,17,1630,1,1,1,1.0,7,11130,M,0.0,0.0,11
201400008629,14,12,14,330,3,1,1,1.0,6,11091,M,0.0,0.0,11
201400008630,14,1,7,1630,1,1,1,1.0,6,11131,M,0.0,0.0,11
201400008631,14,1,12,130,3,1,1,1.0,7,11240,M,4294228.0,223618.0,11
201400008632,14,3,1,1615,1,2,1,1.0,1,11304,M,0.0,0.0,11
201400008633,14,5,4,1915,1,1,1,1.0,7,11165,M,0.0,0.0,11
201400008634,14,5,26,1500,1,1,1,2.0,6,11304,M,0.0,0.0,11
201400008635,14,7,15,45,3,1,1,1.0,7,11304,M,0.0,0.0,11
201400008636,14,9,6,1200,1,1,1,1.0,6,11240,M,4294038.0,224237.0,11
201400008637,14,9,19,2115,5,2,1,1.0,3,11129,M,0.0,0.0,11
201400008638,14,10,18,1845,3,1,1,1.0,6,11310,M,0.0,0.0,11
201400008639,14,11,27,1515,1,1,1,2.0,1,11209,M,4296649.0,225930.0,11
201400008640,14,1,7,1715,2,1,1,1.0,3,11116,M,4326858.0,301252.0,11
201400008641,14,1,12,1815,3,1,1,1.0,6,11264,M,4319807.0,289871.0,11
201400008642,14,1,31,1515,1,1,1,1.0,3,11262,M,4319152.0,312736.0,11
201400008643,14,2,1,545,3,1,1,1.0,1,11262,M,0.0,0.0,11
201400008644,14,2,2,1400,1,2,1,1.0,7,11170,M,4311422.0,309275.0,11
201400008645,14,3,2,1715,1,2,1,1.0,1,11262,M,4318703.0,306539.0,11
201400008646,14,4,2,815,1,1,3,8.0,1,11106,M,4323365.0,305404.0,11
201400008647,14,4,4,1615,1,1,6,1.0,2,11255,M,4318540.0,292926.0,11
201400008648,14,5,2,1745,1,2,2,1.0,3,11370,M,4323903.0,312455.0,11
201400008649,14,5,12,1800,3,1,1,1.0,1,11262,M,0.0,0.0,11
201400008650,14,5,25,1215,1,1,1,1.0,7,11217,M,0.0,0.0,11
201400008651,14,6,1,2130,2,1,1,1.0,1,11106,M,4323338.0,307615.0,11
201400008652,14,6,6,1645,1,1,1,6.0,1,11264,M,0.0,0.0,11
201400008653,14,6,10,900,1,1,1,1.0,1,11255,M,4318366.0,293703.0,11
201400008654,14,6,27,1445,1,1,1,1.0,3,11262,M,0.0,0.0,11
201400008655,14,7,18,1800,1,1,1,1.0,5,11170,M,0.0,0.0,11
201400008656,14,7,23,1730,1,1,1,1.0,6,11262,M,0.0,0.0,11
201400008657,14,8,5,2230,3,1,1,1.0,6,11106,M,0.0,0.0,11
201400008658,14,8,18,1800,1,1,1,1.0,2,11106,M,0.0,0.0,11
201400008659,14,8,21,15,3,1,1,1.0,1,11262,M,0.0,0.0,11
201400008660,14,9,4,1345,1,2,1,1.0,6,11106,M,4323766.0,305842.0,11
201400008661,14,9,9,1615,1,2,1,1.0,7,11106,M,4323280.0,305565.0,11
201400008662,14,10,5,430,3,1,1,2.0,6,11106,M,0.0,0.0,11
201400008663,14,10,26,1845,3,1,1,1.0,4,11262,M,4322932.0,300414.0,11
201400008664,14,12,15,1345,1,2,1,2.0,1,11170,M,4310487.0,309339.0,11
201400008665,14,8,4,1330,1,1,1,1.0,1,11332,M,4313300.0,285700.0,11
201400008666,14,9,26,1045,1,1,1,1.0,6,11401,M,4290400.0,274500.0,11
201400008667,14,2,17,1130,1,2,1,1.0,6,11067,M,4323400.0,284800.0,11
201400008668,14,3,3,1600,1,1,2,1.0,3,11041,M,4331600.0,285800.0,11
201400008669,14,4,27,2245,3,1,1,1.0,7,11098,M,4318500.0,270800.0,11
201400008670,14,7,3,1430,1,1,1,1.0,6,11132,M,4310600.0,273300.0,11
201400008671,14,7,6,45,5,1,1,1.0,6,11164,M,4327400.0,287900.0,11
201400008672,14,6,30,1330,1,2,2,1.0,3,11203,M,4320700.0,276500.0,11
201400008673,14,7,13,500,3,1,1,1.0,6,11405,M,4326300.0,284800.0,11
201400008674,14,7,14,1500,1,1,1,1.0,3,11111,M,4319700.0,279700.0,11
201400008675,14,7,25,1845,1,1,1,1.0,1,11203,M,4324768.0,286836.0,11
201400008676,14,8,1,1900,1,1,1,8.0,3,11012,M,4330800.0,290300.0,11
201400008677,14,8,27,1645,1,2,2,1.0,3,11203,M,4319931.0,275378.0,11
201400008678,14,9,11,1700,1,1,1,1.0,3,11041,M,0.0,0.0,11
201400008679,14,11,8,1415,1,1,2,1.0,3,11164,M,4328000.0,288700.0,11
201400008680,14,11,26,1600,2,2,1,2.0,1,11210,M,4318000.0,278300.0,11
201400008681,14,12,10,945,1,1,1,1.0,1,11172,M,4327100.0,273600.0,11
201400008682,14,1,25,1315,1,1,1,1.0,1,11322,M,4300113.0,296946.0,11
201400008683,14,5,31,1515,1,1,1,1.0,6,11379,M,4302926.0,296729.0,11
201400008684,14,7,22,1,3,1,1,1.0,7,11266,M,4299700.0,304000.0,11
201400008685,14,3,11,100,3,1,6,1.0,7,30003,M,4356018.0,415247.0,30
201400008686,14,4,25,2215,3,2,1,1.0,1,30133,M,4355326.0,412924.0,30
201400008687,14,5,6,1830,1,2,1,1.0,2,30133,M,4354139.0,413649.0,30
201400008688,14,6,22,1400,1,1,1,1.0,6,30003,M,4356468.0,412929.0,30
201400008689,14,7,11,600,2,1,6,1.0,6,30003,M,4357240.0,417461.0,30
201400008690,14,7,15,715,2,2,1,1.0,3,30133,M,4352825.0,414937.0,30
201400008691,14,7,31,2300,3,1,1,1.0,3,30003,M,4356231.0,415886.0,30
201400008692,14,8,16,1045,1,1,1,1.0,2,30003,M,4356946.0,416986.0,30
201400008693,14,8,19,1200,1,1,6,1.0,1,30133,M,4354885.0,413384.0,30
201400008694,14,8,23,2345,3,1,1,1.0,6,30276,M,4360661.0,421425.0,30
201400008695,14,8,25,1115,1,1,1,1.0,3,30003,M,4358264.0,420748.0,30
201400008696,14,9,6,1730,1,2,1,1.0,3,30133,M,4351243.0,413739.0,30
201400008697,14,12,6,1345,1,1,1,3.0,2,30133,M,4357776.0,410170.0,30
201400008698,14,12,7,115,5,2,1,1.0,7,30133,M,4350911.0,416969.0,30
201400008699,14,1,2,2245,3,1,1,1.0,7,30245,M,4382932.0,419755.0,30
201400008700,14,1,17,1745,2,1,1,8.0,1,30091,M,4377495.0,414980.0,30
201400008701,14,3,8,500,3,1,1,1.0,7,30062,M,4380119.0,415796.0,30
201400008702,14,3,10,1545,1,2,1,1.0,3,30062,M,4378926.0,419969.0,30
201400008703,14,5,7,945,3,2,1,1.0,1,30075,M,4382302.0,427348.0,30
201400008704,14,5,28,1215,1,1,6,1.0,6,30321,M,4378898.0,408211.0,30
201400008705,14,5,16,1445,1,1,1,1.0,3,30062,M,4378210.0,420502.0,30
201400008706,14,7,4,1215,1,2,1,6.0,6,30138,M,4379007.0,426228.0,30
201400008707,14,7,20,445,3,1,1,1.0,6,30023,M,4378219.0,413202.0,30
201400008708,14,7,21,1515,1,1,1,1.0,3,30075,M,4382256.0,427730.0,30
201400008709,14,10,3,915,5,2,1,1.0,6,30321,M,4378582.0,409022.0,30
201400008710,14,10,28,1945,2,1,1,1.0,1,30062,M,4377756.0,418653.0,30
201400008711,14,11,12,1915,3,1,1,1.0,1,30062,M,4377107.0,420006.0,30
201400008712,14,12,20,1545,1,2,1,1.0,3,30138,M,4380335.0,424823.0,30
201400008713,14,3,28,1045,1,1,6,1.0,3,30156,M,4386624.0,444436.0,30
201400008714,14,4,11,2315,3,1,1,1.0,7,30156,M,4386833.0,445042.0,30
201400008715,14,4,22,1530,1,1,1,1.0,3,30039,M,4387958.0,448314.0,30
201400008716,14,5,16,1400,1,2,1,1.0,2,30257,M,4387638.0,447047.0,30
201400008717,14,5,29,1545,1,2,1,1.0,3,30257,M,4387623.0,446982.0,30
201400008718,14,6,5,1930,1,2,1,1.0,3,30156,M,4385900.0,444864.0,30
201400008719,14,9,15,1200,1,1,1,8.0,1,30156,M,4388219.0,443829.0,30
201400008720,14,9,26,830,1,2,2,1.0,3,30156,M,4386075.0,444499.0,30
201400008721,14,10,22,1900,5,2,1,1.0,1,30039,M,4388152.0,448905.0,30
201400008722,14,3,10,1500,1,2,1,1.0,1,30128,M,0.0,0.0,30
201400008723,14,5,18,1415,1,1,1,1.0,7,30258,M,4366472.0,444162.0,30
201400008724,14,6,22,2230,3,1,1,1.0,3,30128,M,4374868.0,434231.0,30
201400008725,14,8,2,200,3,1,1,1.0,7,30258,M,4367137.0,444096.0,30
201400008726,14,1,2,1645,1,1,1,1.0,6,30036,M,4378116.0,428086.0,30
201400008727,14,1,31,245,3,1,1,9.0,7,30347,M,4374702.0,426246.0,30
201400008728,14,3,11,1515,1,1,1,1.0,3,30347,M,4371905.0,426390.0,30
201400008729,14,4,5,1900,1,2,1,1.0,6,30341,M,4368862.0,427392.0,30
201400008730,14,4,10,2300,5,1,1,1.0,2,30036,M,4376970.0,428000.0,30
201400008731,14,5,21,1930,1,1,1,6.0,7,30123,M,4370593.0,416831.0,30
201400008732,14,5,31,445,3,1,1,2.0,6,30020,M,4374398.0,429791.0,30
201400008733,14,6,8,630,2,1,1,1.0,1,30347,M,4374661.0,425969.0,30
201400008734,14,6,24,830,1,1,1,1.0,7,30341,M,4371532.0,427435.0,30
201400008735,14,6,29,1530,1,1,1,1.0,1,30059,M,4365032.0,425221.0,30
201400008736,14,7,16,845,1,1,1,1.0,6,30341,M,4369014.0,426081.0,30
201400008737,14,7,18,1045,1,1,1,1.0,2,30123,M,4372584.0,416363.0,30
201400008738,14,7,17,1700,1,1,1,1.0,1,30341,M,4368324.0,427500.0,30
201400008739,14,8,2,1745,3,1,1,2.0,1,30341,M,4368735.0,424765.0,30
201400008740,14,8,9,1430,1,1,1,1.0,6,30036,M,4377919.0,429110.0,30
201400008741,14,8,17,1900,1,1,6,1.0,2,30006,M,4368793.0,421448.0,30
201400008742,14,8,28,445,3,1,1,1.0,3,30036,M,4377229.0,428285.0,30
201400008743,14,9,15,1015,1,1,1,2.0,1,30006,M,4369376.0,416632.0,30
201400008744,14,10,1,1900,2,1,1,1.0,1,30004,M,4371291.0,421843.0,30
201400008745,14,10,2,2245,3,1,1,1.0,7,30033,M,4371587.0,428861.0,30
201400008746,14,10,31,2000,5,2,1,1.0,3,30169,M,4378336.0,429877.0,30
201400008747,14,11,9,1830,2,1,1,1.0,3,30006,M,4369466.0,416824.0,30
201400008748,14,11,14,815,1,1,1,1.0,1,30083,M,4371383.0,421891.0,30
201400008749,14,11,24,1815,4,1,1,2.0,6,30341,M,4369834.0,427338.0,30
201400008750,14,11,26,1000,1,1,1,2.0,1,30033,M,4371507.0,429639.0,30
201400008751,14,12,17,1115,3,1,1,1.0,3,30344,M,4373918.0,424242.0,30
201400008752,14,12,28,1315,1,1,6,1.0,3,30344,M,4373356.0,423533.0,30
201400008753,14,1,31,800,1,1,1,8.0,4,30042,M,4406280.0,402337.0,30
201400008754,14,3,7,1845,5,2,1,1.0,3,30269,M,4410240.0,388323.0,30
201400008755,14,5,3,1745,1,1,1,1.0,6,30129,M,4407041.0,398030.0,30
201400008756,14,5,10,430,3,1,1,1.0,6,30214,M,4404592.0,409802.0,30
201400008757,14,7,12,1515,1,1,8,1.0,1,30129,M,4407041.0,398033.0,30
201400008758,14,7,25,2130,2,2,1,1.0,6,30269,M,4410177.0,388359.0,30
201400008759,14,11,17,1700,2,2,2,1.0,1,30010,M,4405993.0,398108.0,30
201400008760,14,11,24,715,2,1,1,2.0,6,30094,M,4407335.0,396131.0,30
201400008761,14,5,23,2045,2,1,1,3.0,7,30051,M,4391958.0,421482.0,30
201400008762,14,8,1,915,1,1,1,1.0,3,30142,M,4423220.0,405720.0,30
201400008763,14,8,22,1315,1,2,1,1.0,1,30307,M,4421384.0,402004.0,30
201400008764,14,8,29,1315,1,2,1,1.0,1,30307,M,4420834.0,402299.0,30
201400008765,14,2,6,1745,2,2,1,1.0,7,30274,M,4417472.0,411329.0,30
201400008766,14,5,9,1715,1,1,1,1.0,2,30284,M,4415300.0,405844.0,30
201400008767,14,6,10,1815,1,2,1,1.0,3,30284,M,4417818.0,408171.0,30
201400008768,14,6,20,1645,1,1,1,1.0,6,30077,M,4416144.0,405651.0,30
201400008769,14,7,19,2245,3,1,1,1.0,7,30197,M,4413913.0,420275.0,30
201400008770,14,7,27,1730,1,1,1,1.0,1,30284,M,4416292.0,405890.0,30
201400008771,14,9,8,400,3,1,1,1.0,1,30320,M,4411689.0,427508.0,30
201400008772,14,9,10,2315,3,2,1,1.0,7,30284,M,4415153.0,407815.0,30
201400008773,14,9,22,2100,5,2,1,1.0,7,30274,M,4416418.0,409837.0,30
201400008774,14,10,23,1700,1,2,1,1.0,3,30284,M,4415993.0,408525.0,30
201400008775,14,11,7,800,1,1,9,1.0,3,30223,M,4421472.0,415235.0,30
201400008776,14,12,30,1945,5,1,1,1.0,1,30284,M,4415688.0,409375.0,30
201400008777,14,2,16,45,5,1,1,1.0,6,30348,M,4405015.0,413966.0,30
201400008778,14,3,8,1115,1,1,1,1.0,3,30002,M,4395703.0,409922.0,30
201400008779,14,3,24,800,1,1,1,1.0,3,30161,M,4403119.0,410996.0,30
201400008780,14,5,14,800,1,1,1,1.0,6,30068,M,4400590.0,410303.0,30
201400008781,14,6,5,1045,2,2,1,1.0,6,30046,M,4397544.0,419787.0,30
201400008782,14,6,11,2115,3,1,1,1.0,7,30146,M,4399096.0,411163.0,30
201400008783,14,6,18,1730,1,1,1,1.0,3,30146,M,4398423.0,411254.0,30
201400008784,14,7,17,1515,1,2,6,1.0,3,30109,M,4407074.0,422331.0,30
201400008785,14,8,3,15,3,1,1,1.0,2,30259,M,4407661.0,411236.0,30
201400008786,14,10,5,115,3,1,1,1.0,7,30348,M,4404989.0,414724.0,30
201400008787,14,11,5,1830,3,1,2,2.0,3,30002,M,4395666.0,409931.0,30
201400008788,14,11,14,2345,3,1,1,3.0,7,30240,M,4402485.0,419723.0,30
201400008789,14,12,21,545,3,1,1,1.0,4,30348,M,4407164.0,411293.0,30
201400008790,14,4,11,200,3,1,1,1.0,6,30153,M,4442691.0,403165.0,30
201400008791,14,4,22,1030,1,1,1,2.0,6,30080,M,4428996.0,398392.0,30
201400008792,14,6,12,1545,1,1,1,3.0,1,30130,M,4434142.0,395122.0,30
201400008793,14,8,28,1130,1,1,1,1.0,7,30153,M,4442896.0,402144.0,30
201400008794,14,9,18,1130,1,1,1,3.0,6,30090,M,4437479.0,0.0,30
201400008795,14,10,18,1045,1,1,1,1.0,3,30130,M,4433151.0,396410.0,30
201400008796,14,10,26,1100,1,1,1,1.0,6,30130,M,4435238.0,395276.0,30
201400008797,14,3,23,830,3,1,1,1.0,6,30008,M,4420338.0,424526.0,30
201400008798,14,3,28,2200,5,2,1,1.0,3,30227,M,4425989.0,419632.0,30
201400008799,14,4,1,845,1,1,1,1.0,1,30008,M,4418737.0,422048.0,30
201400008800,14,4,14,1800,1,2,1,1.0,3,30037,M,4428783.0,410759.0,30
201400008801,14,4,13,1245,1,2,1,1.0,3,30171,M,4427018.0,414776.0,30
201400008802,14,4,18,1530,1,1,1,1.0,1,30152,M,4422693.0,415958.0,30
201400008803,14,4,24,1530,1,1,1,1.0,7,30237,M,4427537.0,419862.0,30
201400008804,14,5,5,1800,1,2,1,1.0,6,30037,M,0.0,0.0,30
201400008805,14,5,11,1330,1,2,6,1.0,3,30167,M,4427124.0,417030.0,30
201400008806,14,6,1,800,1,1,1,1.0,3,30037,M,4428656.0,410622.0,30
201400008807,14,6,5,1400,1,1,1,1.0,1,30029,M,4429937.0,434250.0,30
201400008808,14,6,9,1845,1,1,1,1.0,6,30268,M,4423648.0,413421.0,30
201400008809,14,8,14,2300,3,1,1,1.0,6,30008,M,4418878.0,420886.0,30
201400008810,14,8,15,1930,1,2,1,1.0,1,30227,M,0.0,0.0,30
201400008811,14,10,23,1545,1,1,1,1.0,1,30120,M,4431579.0,413406.0,30
201400008812,14,11,14,2245,3,1,1,3.0,7,30194,M,4429688.0,407484.0,30
201400008813,14,11,29,315,5,2,1,1.0,6,30037,M,0.0,0.0,30
201400008814,14,12,24,1630,1,1,1,1.0,1,30227,M,4424333.0,417841.0,30
201400008815,14,2,21,1215,1,1,9,1.0,1,30334,M,4399300.0,439054.0,30
201400008816,14,3,15,1515,1,1,1,1.0,1,30014,M,4399438.0,434928.0,30
201400008817,14,4,13,430,3,1,1,1.0,6,30334,M,4398927.0,441222.0,30
201400008818,14,5,13,2200,5,2,1,1.0,3,30334,M,4401929.0,441557.0,30
201400008819,14,5,22,1200,1,2,1,1.0,6,30334,M,4401360.0,442239.0,30
201400008820,14,6,10,1400,1,1,1,1.0,1,30334,M,4404598.0,440506.0,30
201400008821,14,6,30,15,3,1,1,1.0,6,30334,M,4402087.0,444328.0,30
201400008822,14,8,4,1600,1,1,1,1.0,6,30338,M,4413178.0,434803.0,30
201400008823,14,8,10,2145,1,1,1,1.0,6,30041,M,4397255.0,439634.0,30
201400008824,14,8,18,115,3,2,1,1.0,1,30295,M,4404897.0,442709.0,30
201400008825,14,9,21,730,2,1,1,1.0,6,30067,M,4404300.0,455602.0,30
201400008826,14,9,27,1015,1,1,3,1.0,3,30282,M,4413000.0,449450.0,30
201400008827,14,10,25,2145,3,1,1,1.0,7,30308,M,4395193.0,441666.0,30
201400008828,14,12,14,1500,1,1,1,8.0,6,30338,M,4412367.0,436684.0,30
201400008829,14,12,17,1645,2,1,1,8.0,1,30030,M,4406021.0,426251.0,30
201400008830,14,12,15,930,1,1,1,1.0,1,30041,M,4396722.0,438792.0,30
201400008831,14,12,26,1145,1,1,1,1.0,7,30308,M,0.0,0.0,30
201400008832,14,1,12,1515,1,1,1,1.0,7,30277,M,4421655.0,453422.0,30
201400008833,14,1,15,730,3,1,1,1.0,1,30202,M,4423907.0,464873.0,30
201400008834,14,4,17,1345,1,2,1,1.0,1,30202,M,0.0,0.0,30
201400008835,14,4,20,615,2,2,1,1.0,6,30230,M,4424004.0,444911.0,30
201400008836,14,4,27,445,3,1,1,2.0,6,30256,M,4418884.0,455707.0,30
201400008837,14,8,10,300,3,2,1,1.0,7,30202,M,0.0,0.0,30
201400008838,14,9,4,1115,1,1,1,1.0,7,30175,M,4427215.0,441971.0,30
201400008839,14,12,17,730,2,1,1,1.0,5,30288,M,4420744.0,462984.0,30
201400008840,14,12,26,1400,1,1,1,1.0,6,30230,M,4422915.0,446157.0,30
201400008841,14,2,12,945,1,1,6,1.0,6,30073,M,4395527.0,456721.0,30
201400008842,14,3,23,1,3,1,1,2.0,6,30336,M,4383212.0,464206.0,30
201400008843,14,4,24,800,1,1,9,1.0,2,30212,M,4395044.0,455811.0,30
201400008844,14,6,13,100,3,1,6,1.0,7,30013,M,4397192.0,449769.0,30
201400008845,14,6,29,445,3,1,1,2.0,6,30336,M,4384276.0,462161.0,30
201400008846,14,9,9,615,2,2,1,1.0,3,30089,M,0.0,0.0,30
201400008847,14,9,9,915,1,2,1,1.0,6,30212,M,0.0,0.0,30
201400008848,14,10,26,1445,1,1,1,7.0,5,30340,M,0.0,0.0,30
201400008849,14,12,13,1500,1,1,1,1.0,6,30212,M,4394288.0,456035.0,30
201400008850,14,1,9,1830,3,1,1,1.0,7,30221,M,0.0,0.0,30
201400008851,14,2,20,1015,1,1,1,1.0,5,30221,M,4402830.0,473694.0,30
201400008852,14,3,26,2030,3,1,1,1.0,3,30217,M,4396081.0,471992.0,30
201400008853,14,5,21,1845,1,1,1,8.0,6,30315,M,4393932.0,467632.0,30
201400008854,14,8,13,1500,1,1,1,1.0,1,30209,M,4400854.0,473623.0,30
201400008855,14,8,28,1700,1,1,1,1.0,1,30312,M,0.0,0.0,30
201400008856,14,9,21,415,3,1,1,1.0,7,30278,M,4406024.0,470879.0,30
201400008857,14,9,2,1415,1,1,1,1.0,2,30221,M,4405462.0,476443.0,30
201400008858,14,10,31,1230,1,1,6,1.0,6,30217,M,4395976.0,473343.0,30
201400008859,14,12,13,100,5,1,1,2.0,6,30217,M,4396656.0,470288.0,30
201400008860,14,3,11,1800,1,2,1,1.0,1,30021,M,0.0,0.0,30
201400008861,14,3,16,2215,3,1,6,1.0,6,30061,M,4391430.0,426550.0,30
201400008862,14,3,24,1115,1,1,1,1.0,3,30088,M,4385205.0,409585.0,30
201400008863,14,4,27,1930,1,1,1,1.0,7,30281,M,4388204.0,419226.0,30
201400008864,14,5,23,945,1,1,1,1.0,1,30233,M,4391958.0,421482.0,30
201400008865,14,7,18,100,3,1,1,1.0,2,30313,M,4395947.0,423131.0,30
201400008866,14,8,29,2045,2,1,1,1.0,6,30122,M,4389171.0,423240.0,30
201400008867,14,10,4,1815,1,2,1,1.0,6,30112,M,4390882.0,419312.0,30
201400008868,14,10,18,1800,1,2,1,1.0,3,30255,M,4393989.0,420929.0,30
201400008869,14,10,29,1830,3,1,1,1.0,3,30184,M,4397009.0,422186.0,30
201400008870,14,11,6,930,1,1,2,1.0,3,30021,M,4400390.0,433232.0,30
201400008871,14,1,7,2000,3,2,1,2.0,7,30350,M,0.0,0.0,30
201400008872,14,1,25,1715,1,1,1,1.0,6,30170,M,4397369.0,358118.0,30
201400008873,14,2,7,1745,1,1,1,1.0,1,30229,M,4399928.0,366597.0,30
201400008874,14,2,16,2130,4,2,1,1.0,6,30350,M,4398997.0,360314.0,30
201400008875,14,6,8,1915,1,1,1,1.0,7,30238,M,4395294.0,364474.0,30
201400008876,14,7,3,1700,1,2,1,1.0,6,30325,M,4399492.0,367693.0,30
201400008877,14,8,15,1845,1,1,1,7.0,3,30025,M,4397593.0,350456.0,30
201400008878,14,8,22,1930,1,2,7,1.0,6,30325,M,4398073.0,371607.0,30
201400008879,14,9,1,1615,1,1,1,1.0,6,30350,M,4400083.0,365997.0,30
201400008880,14,9,7,1630,1,1,1,1.0,1,30176,M,4393414.0,363046.0,30
201400008881,14,11,10,1800,3,2,1,8.0,3,30350,M,4398126.0,360071.0,30
201400008882,14,11,14,1400,1,1,1,3.0,3,30325,M,4399277.0,368818.0,30
201400008883,14,3,16,1615,2,1,1,7.0,1,30198,M,4411536.0,370920.0,30
201400008884,14,2,18,1515,1,2,1,1.0,6,30311,M,4393666.0,396215.0,30
201400008885,14,3,9,1930,2,1,1,1.0,1,30311,M,4395350.0,399854.0,30
201400008886,14,4,27,1630,1,1,1,1.0,1,30289,M,4399023.0,400187.0,30
201400008887,14,4,27,900,1,1,1,1.0,1,30263,M,4397452.0,385140.0,30
201400008888,14,5,3,945,1,1,1,1.0,5,30192,M,4388520.0,402137.0,30
201400008889,14,5,18,1330,1,1,1,1.0,6,30192,M,4388262.0,404921.0,30
201400008890,14,5,27,1815,1,1,1,1.0,5,30066,M,4392646.0,410472.0,30
201400008891,14,6,18,1000,1,1,1,1.0,5,30289,M,4399086.0,400218.0,30
201400008892,14,11,28,1630,1,1,1,2.0,6,30150,M,4393880.0,400162.0,30
201400008893,14,12,25,1745,2,1,1,1.0,1,30050,M,4392530.0,404806.0,30
201400008894,14,8,23,200,3,1,1,1.0,7,30332,M,4408123.0,338473.0,30
201400008895,14,9,2,1100,1,2,1,1.0,6,30139,M,4413031.0,338305.0,30
201400008896,14,6,29,1430,1,2,4,1.0,1,48043,M,4463900.0,367900.0,48
201400008897,14,6,7,1630,1,2,1,1.0,7,48080,M,0.0,0.0,48
201400008898,14,9,15,1,3,1,1,1.0,6,48070,M,4478400.0,363400.0,48
201400008899,14,9,28,1415,1,1,1,1.0,7,48010,M,0.0,0.0,48
201400008900,14,11,7,600,3,1,1,1.0,6,48023,M,4457300.0,374200.0,48
201400008901,14,12,20,1000,1,1,1,1.0,1,48082,M,4458700.0,364600.0,48
201400008902,14,10,26,1545,1,1,1,1.0,6,48119,M,4450600.0,391700.0,48
201400008903,14,11,14,1830,3,1,1,3.0,7,48015,M,4445500.0,394000.0,48
201400008904,14,6,7,1730,1,1,1,1.0,7,48022,M,0.0,0.0,48
201400008905,14,7,7,1800,1,1,1,1.0,5,48075,M,0.0,0.0,48