Num_Acc,an,mois,jour,hrmn,lum,agg,int,atm,col,com,gps,lat,long,dep
201400008906,14,8,3,1730,1,1,1,1.0,2,48116,M,0.0,0.0,48
201400008907,14,11,7,1815,3,1,1,1.0,1,48061,M,0.0,0.0,48
201400008908,14,3,24,800,1,1,1,1.0,6,48019,M,0.0,0.0,48
201400008909,14,3,29,1115,1,1,1,1.0,1,48144,M,0.0,0.0,48
201400008910,14,4,27,1045,1,1,1,1.0,6,48148,M,0.0,0.0,48
201400008911,14,8,23,1630,1,1,1,1.0,6,48097,M,0.0,0.0,48
201400008912,14,8,27,1415,1,1,1,1.0,2,48178,M,4427870.0,383271.0,48
201400008913,14,2,27,845,1,1,1,1.0,6,48088,M,0.0,0.0,48
201400008914,14,7,29,1045,1,1,1,1.0,6,48034,M,0.0,0.0,48
201400008915,14,12,8,1700,5,1,1,1.0,6,48103,M,0.0,0.0,48
201400008916,14,12,11,1800,3,1,1,2.0,6,48156,M,0.0,0.0,48
201400008917,14,11,8,2000,3,1,3,1.0,1,48120,M,4464200.0,317100.0,48
201400008918,14,5,31,1830,1,1,1,1.0,3,48002,M,4487110.0,325251.0,48
201400008919,14,9,7,1700,1,2,1,1.0,1,48121,M,4482625.0,334219.0,48
201400008920,14,1,17,1500,1,1,1,1.0,1,66037,M,4270620.0,299671.0,66
201400008921,14,2,27,2045,4,1,6,2.0,6,66037,M,0.0,0.0,66
201400008922,14,6,20,730,1,1,1,1.0,1,66224,M,0.0,0.0,66
201400008923,14,7,29,1245,1,1,1,1.0,3,66037,M,0.0,0.0,66
201400008924,14,8,31,500,3,1,1,1.0,7,66037,M,4266040.0,303267.0,66
201400008925,14,9,27,615,3,1,1,1.0,6,66037,M,0.0,0.0,66
201400008926,14,10,6,330,5,2,1,1.0,7,66037,M,0.0,0.0,66
201400008927,14,10,9,1700,1,2,1,1.0,3,66037,M,4270247.0,303446.0,66
201400008928,14,12,13,1830,5,2,1,1.0,1,66224,M,4272721.0,298372.0,66
201400008929,14,12,15,1115,1,2,1,1.0,1,66037,M,0.0,0.0,66
201400008930,14,12,21,1630,1,1,1,1.0,5,66182,M,0.0,0.0,66
201400008931,14,1,7,2000,3,1,1,1.0,5,66059,M,0.0,0.0,66
201400008932,14,5,2,1930,1,2,1,1.0,3,66065,M,4260460.0,297028.0,66
201400008933,14,7,31,1615,1,1,1,1.0,1,66227,M,0.0,0.0,66
201400008934,14,9,8,815,1,2,1,1.0,3,66011,M,0.0,0.0,66
201400008935,14,10,9,1845,1,2,1,1.0,6,66065,M,4259847.0,297357.0,66
201400008936,14,12,11,1430,1,2,2,1.0,3,66065,M,4260833.0,297165.0,66
201400008937,14,6,16,2345,3,1,1,1.0,7,66071,M,0.0,0.0,66
201400008938,14,10,2,1615,1,1,1,1.0,1,66046,M,0.0,0.0,66
201400008939,14,4,9,800,2,1,1,1.0,1,66174,M,0.0,0.0,66
201400008940,14,6,22,830,1,1,1,1.0,3,66058,M,0.0,0.0,66
201400008941,14,8,25,530,3,2,1,1.0,7,66108,M,4269839.0,268232.0,66
201400008942,14,7,23,1800,1,1,1,1.0,1,66190,M,0.0,0.0,66
201400008943,14,2,13,1930,5,2,1,1.0,5,66212,M,0.0,0.0,66
201400008944,14,3,9,1515,1,1,1,1.0,3,66212,M,4276394.0,301894.0,66
201400008945,14,4,15,1815,1,2,1,1.0,6,66180,M,0.0,0.0,66
201400008946,14,6,29,115,3,2,1,1.0,6,66180,M,4276877.0,297913.0,66
201400008947,14,6,29,2315,3,1,1,1.0,1,66180,M,0.0,0.0,66
201400008948,14,8,19,600,3,1,1,1.0,6,66017,M,0.0,0.0,66
201400008949,14,9,27,700,2,2,1,1.0,3,66180,M,4277182.0,298846.0,66
201400008950,14,12,2,1600,1,2,1,8.0,6,66180,M,4277276.0,299658.0,66
201400008951,14,12,21,1730,1,1,1,1.0,1,66180,M,0.0,0.0,66
201400008952,14,1,21,1030,1,2,1,1.0,6,66210,M,0.0,0.0,66
201400008953,14,2,15,1545,1,1,1,1.0,7,66099,M,0.0,0.0,66
201400008954,14,3,11,1330,1,1,1,1.0,3,66217,M,0.0,0.0,66
201400008955,14,3,23,715,1,1,1,1.0,5,66144,M,0.0,0.0,66
201400008956,14,3,25,1400,1,1,1,1.0,6,66033,M,0.0,0.0,66
201400008957,14,6,25,1330,1,1,1,1.0,1,66210,M,0.0,0.0,66
201400008958,14,7,20,1415,2,1,1,1.0,1,66145,M,0.0,0.0,66
201400008959,14,9,6,1630,1,2,1,1.0,2,66101,M,4262332.0,277015.0,66
201400008960,14,10,15,1745,1,1,1,1.0,6,66210,M,0.0,0.0,66
201400008961,14,11,8,800,1,2,1,1.0,5,66217,M,0.0,0.0,66
201400008962,14,11,26,1500,1,1,1,2.0,3,66144,M,0.0,0.0,66
201400008963,14,12,5,715,3,1,1,1.0,3,66101,M,0.0,0.0,66
201400008964,14,12,31,700,3,1,1,1.0,2,66144,M,0.0,0.0,66
201400008965,14,1,14,245,3,1,1,2.0,3,66160,M,0.0,0.0,66
201400008966,14,1,20,1030,1,1,1,6.0,3,66168,M,0.0,0.0,66
201400008967,14,3,21,1730,1,1,1,1.0,3,66008,M,4257656.0,300429.0,66
201400008968,14,4,18,915,1,1,3,1.0,6,66008,M,0.0,0.0,66
201400008969,14,7,31,830,1,1,1,1.0,1,66008,M,4256232.0,301410.0,66
201400008970,14,8,18,1845,1,2,9,1.0,7,66008,M,4255183.0,302921.0,66
201400008971,14,10,16,1645,1,1,9,1.0,3,66225,M,0.0,0.0,66
201400008972,14,1,30,1030,1,2,1,1.0,1,66024,M,4253281.0,283883.0,66
201400008973,14,2,16,1830,3,2,1,2.0,6,66178,M,4250881.0,277905.0,66
201400008974,14,3,7,1415,1,1,3,1.0,5,66106,M,4250084.0,282104.0,66
201400008975,14,5,4,815,1,1,1,1.0,6,66137,M,0.0,0.0,66
201400008976,14,6,7,2315,3,1,1,1.0,3,66115,M,0.0,0.0,66
201400008977,14,6,11,1430,1,1,1,1.0,3,66015,M,0.0,0.0,66
201400008978,14,8,30,1100,1,1,1,1.0,6,66063,M,0.0,0.0,66
201400008979,14,3,21,1630,1,1,1,1.0,3,66048,M,0.0,0.0,66
201400008980,14,4,12,1715,1,1,1,1.0,5,66209,M,0.0,0.0,66
201400008981,14,7,14,1115,1,2,1,1.0,3,66125,M,0.0,0.0,66
201400008982,14,7,22,915,1,1,1,1.0,1,66149,M,0.0,0.0,66
201400008983,14,8,6,1715,1,1,1,1.0,6,66149,M,0.0,0.0,66
201400008984,14,10,6,1800,1,2,1,1.0,1,66149,M,0.0,0.0,66
201400008985,14,10,29,1630,1,1,1,1.0,7,66149,M,0.0,0.0,66
201400008986,14,1,18,1330,1,1,1,4.0,6,66146,M,0.0,0.0,66
201400008987,14,9,1,1515,1,1,1,1.0,5,66095,M,0.0,0.0,66
201400008988,14,6,9,1000,1,1,1,1.0,6,66154,M,0.0,0.0,66
201400008989,14,8,3,945,1,2,1,1.0,6,66005,M,0.0,0.0,66
201400008990,14,12,1,1145,1,1,1,1.0,1,66124,M,4252026.0,205907.0,66
201400008991,14,3,23,1830,1,1,1,1.0,2,66103,M,0.0,0.0,66
201400008992,14,4,29,1745,1,1,1,1.0,3,66230,M,4264601.0,251330.0,66
201400008993,14,6,7,915,1,1,1,1.0,1,66165,M,0.0,0.0,66
201400008994,14,8,8,2100,3,1,1,1.0,3,66230,M,0.0,0.0,66
201400008995,14,8,19,1230,1,1,1,1.0,1,66230,M,0.0,0.0,66
201400008996,14,11,2,1700,1,1,2,1.0,3,66230,M,0.0,0.0,66
201400008997,14,12,19,1715,2,2,1,1.0,1,66088,M,0.0,0.0,66
201400008998,14,2,10,1515,1,2,1,3.0,6,20032,M,4192308.0,884461.0,201
201400008999,14,3,2,1430,1,1,1,1.0,6,20032,M,4192314.0,883264.0,201
201400009000,14,6,1,2345,5,2,1,1.0,5,20130,M,4187777.0,878662.0,201
201400009001,14,6,18,1045,1,1,6,1.0,3,20228,M,4184216.0,876785.0,201
201400009002,14,6,20,1300,1,2,1,1.0,3,20008,M,4185912.0,879154.0,201
201400009003,14,3,8,930,1,1,1,1.0,3,20062,M,4202910.0,893582.0,201
201400009004,14,3,22,1045,1,1,3,1.0,3,20209,M,4199829.0,885479.0,201
201400009005,14,4,4,1130,1,1,1,3.0,1,20040,M,4207781.0,903016.0,201
201400009006,14,4,15,1300,1,1,1,1.0,1,20271,M,4197550.0,882585.0,201
201400009007,14,7,9,830,1,1,1,1.0,5,20040,M,4208633.0,904121.0,201
201400009008,14,7,20,630,1,1,1,1.0,5,20006,M,4196036.0,878027.0,201
201400009009,14,8,2,1700,1,2,9,1.0,3,20271,M,4196348.0,881308.0,201
201400009010,14,8,7,930,1,1,1,1.0,3,20271,M,0.0,0.0,201
201400009011,14,10,4,700,2,1,1,1.0,1,20324,M,0.0,0.0,201
201400009012,14,10,7,645,2,1,1,1.0,3,20271,M,4197600.0,882000.0,201
201400009013,14,10,12,1845,2,2,1,1.0,3,20271,M,4195984.0,880628.0,201
201400009014,14,10,13,1645,1,1,1,1.0,2,20209,M,0.0,0.0,201
201400009015,14,4,23,1630,1,1,1,1.0,6,20197,M,4235500.0,864500.0,201
201400009016,14,5,26,930,1,1,1,1.0,6,20197,M,4236043.0,865197.0,201
201400009017,14,5,28,1530,1,1,1,1.0,7,20212,M,4203339.0,876364.0,201
201400009018,14,6,25,1645,1,1,1,1.0,1,20198,M,0.0,0.0,201
201400009019,14,7,25,1400,1,1,1,1.0,3,20197,M,4232433.0,866039.0,201
201400009020,14,9,6,1445,1,1,1,1.0,1,20198,M,0.0,0.0,201
201400009021,14,10,31,1515,1,1,1,1.0,3,20279,M,0.0,0.0,201
201400009022,14,7,4,615,2,1,1,1.0,6,20041,M,4142368.0,919957.0,201
201400009023,14,7,19,1330,1,2,1,1.0,7,20041,M,4138704.0,915180.0,201
201400009024,14,7,24,1230,1,2,1,1.0,6,20041,M,4138749.0,915662.0,201
201400009025,14,7,25,2200,3,1,1,1.0,6,20041,M,4145385.0,921168.0,201
201400009026,14,8,2,1130,1,1,1,1.0,2,20215,M,0.0,0.0,201
201400009027,14,8,8,945,1,2,1,1.0,3,20041,M,0.0,0.0,201
201400009028,14,9,12,1145,1,1,1,1.0,6,20114,M,4151652.0,911136.0,201
201400009029,14,9,26,1430,1,2,1,1.0,6,20215,M,0.0,0.0,201
201400009030,14,1,15,930,1,1,1,1.0,6,20247,M,4164700.0,920700.0,201
201400009031,14,1,24,1845,5,2,1,8.0,6,20247,M,4160178.0,927872.0,201
201400009032,14,2,14,1030,1,2,1,1.0,6,20247,M,4162392.0,929578.0,201
201400009033,14,3,16,2030,3,1,1,1.0,6,20247,M,4156665.0,924928.0,201
201400009034,14,3,26,2045,3,1,1,3.0,7,20247,M,4159316.0,926468.0,201
201400009035,14,5,3,1730,1,2,6,1.0,6,20247,M,4160536.0,927601.0,201
201400009036,14,6,21,715,1,2,6,1.0,3,20247,M,4159806.0,926668.0,201
201400009037,14,6,22,245,5,2,6,1.0,6,20247,M,0.0,0.0,201
201400009038,14,6,24,1600,1,1,1,1.0,3,20247,M,4164344.0,923074.0,201
201400009039,14,6,30,1830,1,2,6,1.0,1,20247,M,4160294.0,927672.0,201
201400009040,14,7,20,1430,1,1,9,1.0,1,20247,M,4157613.0,927480.0,201
201400009041,14,8,1,1215,1,2,1,1.0,1,20247,M,4162511.0,930098.0,201
201400009042,14,9,1,1900,1,2,6,1.0,6,20247,M,4160174.0,926886.0,201
201400009043,14,9,6,245,3,1,1,1.0,6,20247,M,4159455.0,925630.0,201
201400009044,14,9,13,945,1,2,1,7.0,6,20247,M,4158934.0,928361.0,201
201400009045,14,9,16,1800,1,2,1,1.0,3,20247,M,0.0,0.0,201
201400009046,14,11,18,925,1,2,6,1.0,3,20247,M,0.0,0.0,201
201400009047,14,2,28,2045,3,1,1,3.0,3,20272,M,4163164.0,895794.0,201
201400009048,14,3,22,2015,3,1,1,8.0,1,20272,M,4164286.0,895732.0,201
201400009049,14,5,10,1945,1,1,1,1.0,1,20272,M,4164591.0,896666.0,201
201400009050,14,6,3,1700,1,1,1,1.0,7,20128,M,4164067.0,900046.0,201
201400009051,14,6,28,845,1,2,2,1.0,6,20272,M,4161827.0,897331.0,201
201400009052,14,9,14,1800,1,1,1,1.0,1,20272,M,4163201.0,895801.0,201
201400009053,14,12,8,1330,1,1,1,7.0,1,20272,M,0.0,0.0,201
201400009054,14,9,1,2030,3,1,1,1.0,1,20232,M,4172680.0,881489.0,201
201400009055,14,6,3,845,1,1,1,1.0,5,20189,M,4169797.0,890308.0,201
201400009056,14,8,28,1930,1,2,1,1.0,3,20249,M,4167130.0,890669.0,201
201400009057,14,4,29,2115,3,1,1,1.0,7,20042,M,0.0,0.0,202
201400009058,14,7,5,515,2,2,1,1.0,7,20148,M,0.0,0.0,202
201400009059,14,8,24,2145,3,1,1,1.0,7,20148,M,0.0,0.0,202
201400009060,14,10,1,1445,1,1,1,1.0,5,20350,M,0.0,0.0,202
201400009061,14,11,5,830,1,2,3,8.0,3,20148,M,0.0,0.0,202
201400009062,14,11,12,1830,3,1,1,3.0,3,20355,M,0.0,0.0,202
201400009063,14,11,15,1700,2,1,1,2.0,1,20350,M,0.0,0.0,202
201400009064,14,11,18,645,2,1,1,1.0,5,20355,M,0.0,0.0,202
201400009065,14,11,21,530,3,2,1,1.0,6,20148,M,0.0,0.0,202
201400009066,14,1,25,300,3,1,1,1.0,6,20043,M,0.0,0.0,202
201400009067,14,3,6,1815,1,1,1,1.0,2,20152,M,0.0,0.0,202
201400009068,14,4,13,1845,1,1,1,1.0,1,20043,M,0.0,0.0,202
201400009069,14,4,24,1530,1,2,1,1.0,7,20043,M,0.0,0.0,202
201400009070,14,6,4,1115,1,1,1,1.0,1,20327,M,4292500.0,943900.0,202
201400009071,14,6,7,1015,3,1,1,1.0,6,20305,M,0.0,0.0,202
201400009072,14,7,1,1945,1,2,1,1.0,6,20305,M,0.0,0.0,202
201400009073,14,9,28,1130,1,1,1,1.0,1,20043,M,0.0,0.0,202
201400009074,14,1,1,330,5,2,1,1.0,6,20298,M,0.0,0.0,202
201400009075,14,4,4,1430,1,1,1,1.0,1,20029,M,0.0,0.0,202
201400009076,14,4,25,1000,1,1,1,1.0,1,20029,M,0.0,0.0,202
201400009077,14,6,14,1415,1,1,1,1.0,3,20185,M,0.0,0.0,202
201400009078,14,6,20,1645,1,2,1,1.0,3,20205,M,0.0,0.0,202
201400009079,14,7,18,1700,1,1,1,1.0,1,20205,M,0.0,0.0,202
201400009080,14,8,6,1215,1,2,2,1.0,1,20172,M,0.0,0.0,202
201400009081,14,12,12,2300,3,1,1,1.0,7,20185,M,0.0,0.0,202
201400009082,14,1,9,800,1,1,1,1.0,3,20150,M,0.0,0.0,202
201400009083,14,6,19,1815,1,2,1,1.0,1,20050,M,0.0,0.0,202
201400009084,14,7,20,2145,5,2,1,1.0,7,20361,M,0.0,0.0,202
201400009085,14,7,27,1200,1,1,1,1.0,6,20049,M,4247000.0,875300.0,202
201400009086,14,12,4,2330,3,1,1,1.0,1,20150,M,0.0,0.0,202
201400009087,14,6,6,1045,1,1,1,1.0,3,20168,M,0.0,0.0,202
201400009088,14,6,24,1645,1,2,1,1.0,6,20134,M,0.0,0.0,202
201400009089,14,9,13,1800,1,2,1,1.0,1,20168,M,0.0,0.0,202
201400009090,14,9,19,1630,1,2,1,1.0,1,20134,M,0.0,0.0,202
201400009091,14,11,28,1800,5,2,1,8.0,1,20134,M,0.0,0.0,202
201400009092,14,12,2,1415,1,1,9,1.0,3,20093,M,0.0,0.0,202
201400009093,14,1,15,2045,3,2,1,1.0,6,20238,M,0.0,0.0,202
201400009094,14,3,28,745,1,1,1,1.0,2,20096,M,0.0,0.0,202
201400009095,14,5,17,1800,1,2,3,1.0,6,20096,M,0.0,0.0,202
201400009096,14,6,14,1315,1,2,1,1.0,6,20201,M,0.0,0.0,202
201400009097,14,9,1,1,3,1,1,1.0,7,20096,M,0.0,0.0,202
201400009098,14,9,5,330,5,2,1,1.0,6,20096,M,0.0,0.0,202
201400009099,14,12,5,30,5,2,1,2.0,7,20096,M,0.0,0.0,202
201400009100,14,6,27,15,3,1,1,1.0,7,20047,M,0.0,0.0,202
201400009101,14,7,14,1600,1,1,1,1.0,1,20095,M,0.0,0.0,202
201400009102,14,8,9,530,2,1,1,1.0,6,20047,M,0.0,0.0,202
201400009103,14,2,17,1630,1,1,1,1.0,1,20337,M,0.0,0.0,202
201400009104,14,5,8,1930,1,1,1,1.0,1,20193,M,0.0,0.0,202
201400009105,14,5,17,1345,1,1,9,1.0,3,20332,M,0.0,0.0,202
201400009106,14,6,15,1700,1,1,1,1.0,7,20332,M,0.0,0.0,202
201400009107,14,7,21,1645,1,1,1,1.0,2,20220,M,0.0,0.0,202
201400009108,14,7,27,1900,1,1,1,1.0,7,20337,M,0.0,0.0,202
201400009109,14,10,9,1730,1,1,1,1.0,1,20220,M,0.0,0.0,202
201400009110,14,3,23,1845,3,1,1,1.0,7,20123,M,0.0,0.0,202
201400009111,14,7,5,1415,1,1,1,1.0,3,20123,M,0.0,0.0,202
201400009112,14,12,11,715,2,2,2,1.0,3,20123,M,0.0,0.0,202
201400009113,14,1,20,645,5,1,1,1.0,5,20307,M,0.0,0.0,202
201400009114,14,9,6,1545,1,1,1,1.0,5,20303,M,0.0,0.0,202
201400009115,14,9,29,1500,1,1,1,1.0,5,20303,M,4229000.0,945800.0,202
201400009116,14,3,16,1600,1,1,1,1.0,1,20077,M,0.0,0.0,202
201400009117,14,6,12,1145,1,1,1,1.0,6,20221,M,0.0,0.0,202
201400009118,14,6,29,945,1,1,1,1.0,2,20343,M,0.0,0.0,202
201400009119,14,7,25,1615,1,1,1,1.0,1,20207,M,0.0,0.0,202
201400009120,14,8,5,1600,1,1,1,1.0,5,20207,M,0.0,0.0,202
201400009121,14,9,21,1730,1,1,1,1.0,1,20207,M,0.0,0.0,202
201400009122,14,10,31,1830,3,1,1,1.0,6,20255,M,0.0,0.0,202
201400009123,14,11,12,1600,1,1,1,2.0,6,20252,M,0.0,0.0,202
201400009124,14,11,28,1715,3,1,1,3.0,5,20077,M,0.0,0.0,202
201400009125,14,12,8,1130,2,2,6,1.0,3,20346,M,0.0,0.0,202
201400009126,14,12,22,2315,5,2,6,1.0,6,20346,M,0.0,0.0,202
201400009127,14,1,20,1750,5,2,1,1.0,6,05023,M,4490359.0,662951.0,05
201400009128,14,2,20,2120,5,2,1,1.0,7,05023,M,4488576.0,663473.0,05
201400009129,14,2,25,2020,5,2,1,1.0,6,05023,M,4489821.0,663899.0,05
201400009130,14,2,28,2235,5,2,1,4.0,6,05023,M,4488912.0,662741.0,05
201400009131,14,3,16,350,5,2,6,1.0,6,05023,M,4489409.0,663338.0,05
201400009132,14,3,21,1750,1,2,9,1.0,6,05023,M,4490291.0,663082.0,05
201400009133,14,3,28,1345,1,2,9,1.0,6,05023,M,4489262.0,663785.0,05
201400009134,14,4,28,1200,1,2,1,1.0,3,05023,M,4490557.0,663006.0,05
201400009135,14,5,3,1800,1,2,1,1.0,7,05023,M,4489944.0,663111.0,05
201400009136,14,6,16,1430,1,2,4,1.0,3,05023,M,4490931.0,662639.0,05
201400009137,14,7,11,1630,1,2,1,1.0,4,05023,M,4490289.0,663095.0,05
201400009138,14,7,19,1715,1,2,1,1.0,3,05023,M,4491504.0,662508.0,05
201400009139,14,7,23,1605,1,2,1,1.0,2,05023,M,4489468.0,663615.0,05
201400009140,14,7,23,1615,1,2,1,1.0,3,05023,M,4489840.0,662855.0,05
201400009141,14,7,27,1010,1,2,1,1.0,1,05023,M,4490865.0,662695.0,05
201400009142,14,7,29,1405,1,2,4,1.0,3,05023,M,4489371.0,663777.0,05
201400009143,14,7,30,1120,1,2,6,1.0,6,05023,M,4489616.0,663298.0,05
201400009144,14,8,2,1045,1,2,1,1.0,1,05023,M,4490321.0,663705.0,05
201400009145,14,8,8,1607,1,2,1,1.0,3,05023,M,4491789.0,662116.0,05
201400009146,14,8,15,1310,1,2,1,1.0,3,05023,M,4490291.0,663089.0,05
201400009147,14,8,16,1137,1,2,2,7.0,6,05023,M,4488640.0,663688.0,05
201400009148,14,8,23,1420,1,2,1,1.0,2,05023,M,4490194.0,664117.0,05
201400009149,14,7,23,910,1,2,6,1.0,7,05023,M,4489585.0,663272.0,05
201400009150,14,9,30,720,1,2,1,3.0,6,05023,M,4491807.0,662087.0,05
201400009151,14,10,18,1020,1,2,3,1.0,6,05023,M,4489250.0,663398.0,05
201400009152,14,11,5,1745,5,2,1,2.0,6,05023,M,4489705.0,663520.0,05
201400009153,14,11,5,1850,3,1,1,2.0,7,05023,M,4490966.0,666335.0,05
201400009154,14,11,24,815,1,2,2,1.0,3,05023,M,4491471.0,662302.0,05
201400009155,14,12,13,1945,5,2,1,1.0,2,05023,M,4490086.0,663236.0,05
201400009156,14,1,9,1245,1,2,1,1.0,6,05061,M,4454389.0,606626.0,05
201400009157,14,1,12,1935,5,2,1,1.0,3,05061,M,4457011.0,608314.0,05
201400009158,14,4,5,1345,1,2,1,1.0,6,05061,M,4455819.0,608264.0,05
201400009159,14,4,17,2005,1,2,1,1.0,3,05061,M,4455927.0,607605.0,05
201400009160,14,4,29,2230,5,2,1,1.0,5,05061,M,4454804.0,605442.0,05
201400009161,14,6,5,1315,1,1,1,1.0,1,05061,M,4459013.0,608153.0,05
201400009162,14,6,9,1220,1,1,1,7.0,7,05061,M,4457416.0,607467.0,05
201400009163,14,6,6,910,1,2,1,1.0,6,05061,M,4455969.0,608422.0,05
201400009164,14,6,10,820,1,2,1,1.0,6,05061,M,4455343.0,607290.0,05
201400009165,14,6,19,730,1,2,1,1.0,3,05061,M,4454001.0,605188.0,05
201400009166,14,6,24,1530,1,2,1,1.0,6,05061,M,4454850.0,606684.0,05
201400009167,14,6,25,1730,1,2,5,1.0,3,05061,M,4456001.0,607585.0,05
201400009168,14,7,3,950,1,2,6,1.0,3,05061,M,4456139.0,608225.0,05
201400009169,14,7,5,1545,1,1,1,1.0,7,05061,M,4460422.0,611602.0,05
201400009170,14,7,9,1230,1,2,1,1.0,1,05061,M,4456642.0,608892.0,05
201400009171,14,7,10,1930,1,2,1,8.0,2,05061,M,4456616.0,608681.0,05
201400009172,14,8,20,1455,1,2,6,1.0,3,05061,M,4455790.0,606863.0,05
201400009173,14,8,29,1709,1,2,1,1.0,3,05061,M,4456503.0,609289.0,05
201400009174,14,9,14,800,1,2,1,1.0,6,05061,M,4455812.0,607447.0,05
201400009175,14,9,15,2345,5,2,1,2.0,6,05061,M,4455702.0,607524.0,05
201400009176,14,10,17,1810,1,2,6,1.0,6,05061,M,4456386.0,609529.0,05
201400009177,14,10,18,1131,1,2,3,1.0,6,05061,M,4456078.0,607738.0,05
201400009178,14,10,30,1700,1,2,3,1.0,3,05061,M,4455792.0,604425.0,05
201400009179,14,11,12,1535,1,2,1,2.0,6,05061,M,4455638.0,607932.0,05
201400009180,14,12,13,2348,5,2,1,1.0,1,05061,M,4455790.0,607088.0,05
201400009181,14,12,17,1010,1,2,1,1.0,1,05061,M,4456685.0,611051.0,05
201400009182,14,5,15,2315,3,1,1,1.0,7,78337,M,0.0,0.0,78
201400009183,14,5,18,1600,1,1,1,1.0,7,78068,M,0.0,0.0,78
201400009184,14,6,15,1845,1,1,1,1.0,2,78147,M,0.0,0.0,78
201400009185,14,7,7,1730,1,2,1,1.0,6,78089,M,0.0,0.0,78
201400009186,14,7,29,830,1,1,6,1.0,3,78089,M,0.0,0.0,78
201400009187,14,10,31,1045,1,2,1,1.0,2,78089,M,0.0,0.0,78
201400009188,14,4,23,1730,1,1,1,1.0,1,78558,M,0.0,0.0,78
201400009189,14,11,1,1100,1,1,1,1.0,1,78192,M,0.0,0.0,78
201400009190,14,4,1,715,1,1,1,1.0,7,78567,M,4904100.0,169200.0,78
201400009191,14,4,2,1500,1,1,1,1.0,2,78536,M,0.0,0.0,78
201400009192,14,3,25,845,1,1,3,2.0,3,78090,M,0.0,0.0,78
201400009193,14,11,29,1300,1,1,1,1.0,2,78140,M,0.0,0.0,78
201400009194,14,12,29,1615,2,2,1,1.0,3,78206,M,0.0,0.0,78
201400009195,14,8,6,1200,1,2,1,2.0,1,78263,M,0.0,0.0,78
201400009196,14,9,17,1700,1,1,2,1.0,3,78263,M,0.0,0.0,78
201400009197,14,10,19,1745,1,1,1,1.0,5,78263,M,0.0,0.0,78
201400009198,14,11,29,815,1,1,1,1.0,6,78048,M,0.0,0.0,78
201400009199,14,4,24,800,1,2,1,1.0,5,78380,M,0.0,0.0,78
201400009200,14,6,7,230,3,1,1,1.0,6,78380,M,0.0,0.0,78
201400009201,14,7,9,1215,1,2,1,1.0,3,78062,M,0.0,0.0,78
201400009202,14,7,31,1100,1,1,1,1.0,1,78305,M,0.0,0.0,78
201400009203,14,9,17,900,1,2,1,1.0,6,78368,M,0.0,0.0,78
201400009204,14,11,12,1815,5,2,1,1.0,6,78380,M,0.0,0.0,78
201400009205,14,2,11,1215,1,2,3,8.0,3,78530,M,0.0,0.0,78
201400009206,14,6,6,1230,1,1,1,1.0,3,78439,M,0.0,0.0,78
201400009207,14,8,1,945,1,1,1,1.0,6,78417,M,4889400.0,160800.0,78
201400009208,14,12,22,1900,3,1,1,1.0,7,78474,M,4885400.0,163900.0,78
201400009209,14,6,28,1945,1,1,1,1.0,3,78497,M,0.0,0.0,78
201400009210,14,7,10,1915,5,2,1,1.0,7,78497,M,0.0,0.0,78
201400009211,14,9,21,415,3,1,1,2.0,6,78557,M,0.0,0.0,78
201400009212,14,2,18,1700,1,1,1,1.0,4,78003,M,0.0,0.0,78
201400009213,14,3,10,2015,3,1,1,1.0,7,78478,M,0.0,0.0,78
201400009214,14,6,4,1230,1,1,1,3.0,2,78003,M,0.0,0.0,78
201400009215,14,6,15,1515,1,1,1,1.0,1,78470,M,4858300.0,181300.0,78
201400009216,14,2,16,1730,1,1,1,1.0,1,78548,M,0.0,0.0,78
201400009217,14,3,27,1715,1,1,1,1.0,3,78590,M,0.0,0.0,78
201400009218,14,7,10,1145,1,2,1,1.0,6,78160,M,0.0,0.0,78
201400009219,14,2,9,1145,1,2,1,1.0,6,78289,M,0.0,0.0,78
201400009220,14,2,12,900,1,1,1,1.0,2,78443,M,0.0,0.0,78
201400009221,14,3,5,100,3,1,1,1.0,1,78398,M,4876600.0,183000.0,78
201400009222,14,3,31,1030,1,2,6,1.0,3,78420,M,4878400.0,181400.0,78
201400009223,14,4,9,900,1,1,1,1.0,1,78576,M,4874200.0,188700.0,78
201400009224,14,8,10,1215,1,1,1,1.0,6,78562,M,4874300.0,177600.0,78
201400009225,14,9,6,2115,3,1,9,1.0,6,78443,M,4880500.0,184200.0,78
201400009226,14,1,5,830,1,1,1,1.0,6,78321,M,0.0,0.0,78
201400009227,14,3,22,1600,1,1,1,1.0,4,78623,M,0.0,0.0,78
201400009228,14,4,13,1930,1,2,1,1.0,6,78683,M,0.0,0.0,78
201400009229,14,7,3,845,1,1,1,1.0,2,78321,M,0.0,0.0,78
201400009230,14,2,2,1000,1,1,1,1.0,6,78616,M,0.0,0.0,78
201400009231,14,2,26,800,2,1,1,1.0,2,78262,M,0.0,0.0,78
201400009232,14,3,3,1930,3,1,1,1.0,3,78364,M,0.0,0.0,78
201400009233,14,4,30,1745,1,1,1,1.0,3,78364,M,0.0,0.0,78
201400009234,14,5,24,1000,1,2,1,1.0,6,78262,M,0.0,0.0,78
201400009235,14,5,29,1030,1,2,9,1.0,6,78513,M,0.0,0.0,78
201400009236,14,8,13,1000,1,2,1,1.0,7,78062,M,0.0,0.0,78
201400009237,14,8,26,2245,1,1,1,2.0,6,78513,M,0.0,0.0,78
201400009238,14,9,13,1600,1,1,1,1.0,6,78265,M,0.0,0.0,78
201400009239,14,9,13,1600,1,1,1,1.0,1,78265,M,0.0,0.0,78
201400009240,14,7,2,1745,1,1,1,1.0,6,78522,M,0.0,0.0,78