Num_Acc,an,mois,jour,hrmn,lum,agg,int,atm,col,com,gps,lat,long,dep
201400009241,14,7,18,1745,1,1,1,1.0,1,78601,M,0.0,0.0,78
201400009242,14,8,20,1430,1,2,1,1.0,6,78349,M,0.0,0.0,78
201400009243,14,11,8,1015,1,2,1,1.0,7,78537,M,0.0,0.0,78
201400009244,14,4,12,1230,1,2,1,1.0,3,78466,M,4893200.0,199500.0,78
201400009245,14,2,7,745,1,2,1,1.0,6,91235,M,0.0,0.0,91
201400009246,14,3,20,1745,1,2,6,1.0,3,91235,M,0.0,0.0,91
201400009247,14,9,3,1745,1,2,1,1.0,6,91235,M,0.0,0.0,91
201400009248,14,10,25,1600,1,2,1,1.0,3,91235,M,4862500.0,235100.0,91
201400009249,14,10,26,1845,3,1,1,1.0,2,91235,M,4863500.0,235700.0,91
201400009250,14,4,9,1430,1,2,1,1.0,1,91386,M,0.0,0.0,91
201400009251,14,6,5,1800,1,1,1,7.0,3,91179,M,0.0,0.0,91
201400009252,14,6,13,1915,1,2,1,1.0,7,91386,M,0.0,0.0,91
201400009253,14,9,11,2130,5,2,3,1.0,3,91179,M,0.0,0.0,91
201400009254,14,11,21,1645,1,1,1,1.0,2,91179,M,0.0,0.0,91
201400009255,14,11,26,930,1,2,1,2.0,6,91468,M,4857700.0,247000.0,91
201400009256,14,1,5,1615,1,1,1,1.0,3,91405,M,0.0,0.0,91
201400009257,14,1,28,1645,1,1,1,1.0,1,91408,M,0.0,0.0,91
201400009258,14,3,11,1545,1,1,1,1.0,2,91405,M,0.0,0.0,91
201400009259,14,3,14,1845,1,2,1,1.0,6,91359,M,4839000.0,237900.0,91
201400009260,14,6,5,2230,5,2,1,1.0,1,91405,M,0.0,0.0,91
201400009261,14,6,12,1615,1,1,1,1.0,1,91180,M,4844000.0,247500.0,91
201400009262,14,8,3,1500,1,1,1,1.0,3,91180,M,4844600.0,248300.0,91
201400009263,14,8,10,1045,1,1,1,1.0,1,91195,M,0.0,0.0,91
201400009264,14,11,19,815,1,1,1,1.0,1,91069,M,0.0,0.0,91
201400009265,14,1,9,1830,3,1,1,8.0,6,91175,M,0.0,0.0,91
201400009266,14,4,5,2000,1,2,1,1.0,3,91200,M,4852500.0,202300.0,91
201400009267,14,4,8,1600,1,2,1,1.0,3,91200,M,4853200.0,201200.0,91
201400009268,14,7,5,1145,1,1,1,1.0,1,91098,M,4846000.0,207200.0,91
201400009269,14,11,17,1030,1,1,1,8.0,7,91393,M,0.0,0.0,91
201400009270,14,12,5,1830,1,2,7,8.0,6,91200,M,0.0,0.0,91
201400009271,14,12,8,1230,1,1,1,2.0,6,91200,M,4854500.0,199700.0,91
201400009272,14,12,18,900,1,1,6,1.0,7,91200,M,0.0,0.0,91
201400009273,14,5,26,1115,1,2,1,2.0,6,91226,M,0.0,0.0,91
201400009274,14,6,16,1915,2,1,1,1.0,6,91671,M,4846600.0,226700.0,91
201400009275,14,6,14,1800,1,2,1,7.0,3,91226,M,0.0,0.0,91
201400009276,14,7,4,1345,1,1,1,8.0,6,91132,M,4852200.0,220400.0,91
201400009277,14,10,19,1130,1,1,1,1.0,3,91095,M,4852000.0,228900.0,91
201400009278,14,12,20,1730,5,2,1,2.0,6,91226,M,0.0,0.0,91
201400009279,14,4,20,1800,1,1,1,1.0,6,91473,M,0.0,0.0,91
201400009280,14,6,18,1545,1,1,1,1.0,2,91129,M,4847900.0,230400.0,91
201400009281,14,7,13,1515,1,1,3,3.0,3,91100,M,4843000.0,228400.0,91
201400009282,14,7,23,1745,1,1,1,8.0,1,91294,M,0.0,0.0,91
201400009283,14,5,3,1,5,2,2,1.0,1,91568,M,0.0,0.0,91
201400009284,14,8,2,1030,1,2,2,1.0,3,91546,M,4857100.0,203100.0,91
201400009285,14,8,9,1300,1,1,1,1.0,7,91081,M,0.0,0.0,91
201400009286,14,9,13,800,1,1,1,1.0,6,91661,M,4869200.0,220000.0,91
201400009287,14,12,2,1830,5,2,1,2.0,6,91661,M,0.0,0.0,91
201400009288,14,2,17,1815,1,2,1,1.0,6,91115,M,0.0,0.0,91
201400009289,14,3,20,730,1,2,6,1.0,3,91461,M,0.0,0.0,91
201400009290,14,4,10,15,3,1,1,1.0,4,91461,M,4859800.0,221700.0,91
201400009291,14,8,1,1745,1,1,1,1.0,2,91207,M,4858000.0,223500.0,91
201400009292,14,10,3,1845,1,1,1,1.0,2,91041,M,4857100.0,226200.0,91
201400009293,14,12,18,1815,5,1,1,1.0,2,91156,M,4855200.0,227800.0,91
201400009294,14,1,21,715,2,1,1,1.0,1,91332,M,0.0,0.0,91
201400009295,14,4,7,1500,1,2,6,1.0,1,91579,M,0.0,0.0,91
201400009296,14,11,10,715,2,1,1,5.0,1,91579,M,0.0,0.0,91
201400009297,14,1,16,1815,3,1,1,2.0,6,91338,M,0.0,0.0,91
201400009298,14,1,21,730,3,1,2,2.0,3,91338,M,0.0,0.0,91
201400009299,14,1,23,815,2,1,1,8.0,5,91411,M,4868800.0,206800.0,91
201400009300,14,2,4,930,1,1,6,2.0,6,91111,M,0.0,0.0,91
201400009301,14,2,23,45,3,1,1,2.0,6,91243,M,4862400.0,216600.0,91
201400009302,14,4,24,2045,1,1,1,1.0,7,91411,M,4868700.0,206999.0,91
201400009303,14,5,2,830,1,1,6,2.0,6,91111,M,4864400.0,212200.0,91
201400009304,14,7,10,945,1,2,2,2.0,1,91243,M,0.0,0.0,91
201400009305,14,9,18,1515,1,1,1,1.0,2,91243,M,4862100.0,216900.0,91
201400009306,14,10,4,1530,1,1,1,1.0,5,91319,M,0.0,0.0,91
201400009307,14,10,6,1800,2,1,3,2.0,3,91249,M,0.0,0.0,91
201400009308,14,10,19,1000,1,2,2,1.0,3,91093,M,0.0,0.0,91
201400009309,14,12,12,1730,3,1,3,2.0,3,91243,M,0.0,0.0,91
201400009310,14,12,15,900,1,1,1,8.0,7,91338,M,0.0,0.0,91
201400009311,14,12,30,730,3,1,1,4.0,2,91338,M,4865900.0,207799.0,91
201400009312,14,5,20,700,1,1,6,1.0,5,91044,M,0.0,0.0,91
201400009313,14,7,27,2000,1,1,1,1.0,2,91587,M,0.0,0.0,91
201400009314,14,8,27,1745,1,1,1,1.0,2,91044,M,0.0,0.0,91
201400009315,14,10,18,1545,1,1,1,1.0,1,91044,M,0.0,0.0,91
201400009316,14,12,12,1745,3,1,1,2.0,3,91136,M,0.0,0.0,91
201400009317,14,12,18,745,5,2,1,1.0,6,91136,M,0.0,0.0,91
201400009318,14,2,23,1645,1,1,1,1.0,3,91635,M,4873400.0,217900.0,91
201400009319,14,3,25,1645,1,1,1,2.0,2,91534,M,4874400.0,218600.0,91
201400009320,14,8,9,1730,1,1,6,1.0,1,91477,M,0.0,0.0,91
201400009321,14,11,13,145,5,1,1,1.0,7,91534,M,4873500.0,214900.0,91
201400009322,14,1,15,630,3,1,1,2.0,2,91679,M,0.0,0.0,91
201400009323,14,1,18,1445,1,2,1,1.0,4,91272,M,4870900.0,211800.0,91
201400009324,14,2,1,1915,5,1,1,1.0,1,91679,M,0.0,0.0,91
201400009325,14,2,5,745,2,1,1,1.0,7,91274,M,4867700.0,211300.0,91
201400009326,14,2,6,1930,5,2,1,1.0,3,91272,M,0.0,0.0,91
201400009327,14,2,12,845,1,1,1,1.0,7,91274,M,0.0,0.0,91
201400009328,14,2,24,2030,3,2,1,1.0,3,91272,M,4870600.0,212400.0,91
201400009329,14,5,15,2000,1,1,6,1.0,6,91275,M,0.0,0.0,91
201400009330,14,5,27,1000,1,1,6,1.0,7,91275,M,0.0,0.0,91
201400009331,14,11,4,815,1,1,1,1.0,1,91272,M,0.0,0.0,91
201400009332,14,11,12,545,3,1,1,9.0,2,91679,M,4873600.0,211100.0,91
201400009333,14,12,11,1800,3,1,1,2.0,6,91635,M,0.0,0.0,91
201400009334,14,12,27,830,3,1,1,1.0,6,91679,M,0.0,0.0,91
201400009335,14,8,29,345,3,1,1,1.0,6,95157,M,4908390.0,169680.0,95
201400009336,14,1,31,1300,1,1,1,1.0,6,95287,M,4913670.0,204590.0,95
201400009337,14,5,10,615,2,2,1,1.0,6,95271,M,4910390.0,205629.0,95
201400009338,14,6,12,2000,1,1,1,1.0,3,95308,M,4910660.0,213320.0,95
201400009339,14,7,1,830,1,1,1,1.0,1,95211,M,4908350.0,208670.0,95
201400009340,14,8,28,645,2,1,1,1.0,1,95627,M,4913950.0,211820.0,95
201400009341,14,4,9,1415,1,1,1,1.0,5,95002,M,4906940.0,196090.0,95
201400009342,14,6,14,1415,1,1,1,1.0,6,95535,M,4906520.0,196120.0,95
201400009343,14,6,27,1645,1,1,1,2.0,1,95348,M,4906830.0,192110.0,95
201400009344,14,11,10,715,3,1,1,1.0,4,95166,M,4912270.0,185510.0,95
201400009345,14,1,5,1830,3,1,3,1.0,1,95199,M,4902610.0,231120.0,95
201400009346,14,5,19,1300,1,1,1,1.0,1,95199,M,4901540.0,231270.0,95
201400009347,14,8,29,230,5,2,1,1.0,6,95409,M,4904480.0,232590.0,95
201400009348,14,11,8,1015,1,2,6,1.0,6,95199,M,4902810.0,233930.0,95
201400009349,14,12,3,2000,5,2,1,2.0,6,95199,M,4902510.0,232430.0,95
201400009350,14,6,9,1800,1,1,1,2.0,3,95365,M,4907180.0,240730.0,95
201400009351,14,8,10,1545,1,2,1,8.0,1,95205,M,4902350.0,237270.0,95
201400009352,14,12,3,1,3,1,1,2.0,6,95675,M,4907150.0,252850.0,95
201400009353,14,5,26,1615,1,1,9,1.0,3,77153,M,4905000.0,271700.0,77
201400009354,14,1,3,1730,2,1,1,1.0,1,77127,M,4840434.0,242560.0,77
201400009355,14,7,15,745,1,1,2,1.0,1,77457,M,4867600.0,269700.0,77
201400009356,14,2,23,1715,1,1,1,1.0,6,77100,M,4849200.0,279200.0,77
201400009357,14,5,8,1815,1,1,1,2.0,1,77103,M,0.0,0.0,77
201400009358,14,2,3,1530,1,1,1,7.0,1,77145,M,4859600.0,272600.0,77
201400009359,14,1,30,1330,1,2,1,1.0,6,77222,M,4864000.0,279600.0,77
201400009360,14,4,22,900,1,1,1,1.0,6,77107,M,0.0,0.0,77
201400009361,14,6,12,745,1,2,2,1.0,3,77222,M,4866400.0,275400.0,77
201400009362,14,6,27,1645,1,1,1,1.0,1,77145,M,0.0,0.0,77
201400009363,14,7,5,715,2,1,1,2.0,5,77107,M,0.0,0.0,77
201400009364,14,11,16,1800,3,1,1,2.0,5,77493,M,0.0,0.0,77
201400009365,14,11,21,1830,3,1,1,1.0,1,77145,M,0.0,0.0,77
201400009366,14,11,23,2045,3,1,2,1.0,5,77145,M,0.0,0.0,77
201400009367,14,11,24,2245,3,1,1,1.0,6,77534,M,0.0,0.0,77
201400009368,14,11,29,1745,3,1,1,1.0,1,77107,M,0.0,0.0,77
201400009369,14,12,30,1415,1,1,1,2.0,5,77107,M,4839386.0,248318.0,77
201400009370,14,2,4,715,2,1,1,1.0,1,77086,M,4855600.0,291200.0,77
201400009371,14,5,6,1130,1,1,1,1.0,3,77222,M,4864800.0,273500.0,77
201400009372,14,10,13,1500,1,1,6,1.0,2,77086,M,4891300.0,246000.0,77
201400009373,14,12,7,515,3,1,1,5.0,6,77211,M,4858600.0,285500.0,77
201400009374,14,12,21,1815,2,1,1,1.0,5,77428,M,4892300.0,253300.0,77
201400009375,14,3,9,1615,1,1,2,1.0,5,77177,M,0.0,0.0,77
201400009376,14,3,21,1545,1,1,2,1.0,7,77104,M,0.0,0.0,77
201400009377,14,12,9,1245,1,1,1,1.0,5,77104,M,0.0,0.0,77
201400009378,14,12,13,2115,3,1,1,2.0,1,77104,M,4843298.0,249314.0,77
201400009379,14,1,27,545,3,1,1,2.0,1,77128,M,4852027.0,252332.0,77
201400009380,14,2,12,830,1,2,2,8.0,3,77142,M,0.0,0.0,77
201400009381,14,4,7,1915,1,2,1,1.0,6,77142,M,4886300.0,290000.0,77
201400009382,14,4,9,945,1,1,1,1.0,7,77130,M,0.0,0.0,77
201400009383,14,5,13,1900,1,2,1,1.0,3,77128,M,0.0,0.0,77
201400009384,14,9,27,1300,1,2,1,1.0,3,77529,M,0.0,0.0,77
201400009385,14,11,13,1900,3,1,1,2.0,3,77529,M,0.0,0.0,77
201400009386,14,11,29,1245,1,2,8,1.0,6,77142,M,0.0,0.0,77
201400009387,14,1,30,845,2,1,1,2.0,6,77228,M,4854432.0,318306.0,77
201400009388,14,3,28,830,1,1,1,1.0,2,77182,M,4846434.0,318171.0,77
201400009389,14,4,16,1815,1,1,1,1.0,3,77406,M,4885100.0,320800.0,77
201400009390,14,4,22,1530,1,2,1,1.0,6,77512,M,0.0,0.0,77
201400009391,14,6,15,1630,1,1,1,1.0,2,77116,M,4879300.0,320600.0,77
201400009392,14,6,22,1300,1,1,1,7.0,3,77417,M,4884500.0,325100.0,77
201400009393,14,8,29,1000,1,2,1,1.0,1,77406,M,4883600.0,320400.0,77
201400009394,14,9,13,1500,1,1,1,1.0,1,77097,M,4876300.0,322700.0,77
201400009395,14,10,1,1430,1,1,2,1.0,1,77398,M,4888100.0,329300.0,77
201400009396,14,10,3,1130,1,1,1,1.0,3,77116,M,4879300.0,319800.0,77
201400009397,14,10,21,1145,1,1,1,1.0,2,77116,M,4879300.0,321000.0,77
201400009398,14,12,20,1330,1,1,1,1.0,6,77405,M,4891200.0,315100.0,77
201400009399,14,12,22,1430,1,1,1,1.0,7,77421,M,4873500.0,329200.0,77
201400009400,14,1,17,815,1,2,1,1.0,6,77183,M,0.0,0.0,77
201400009401,14,4,8,1330,1,2,1,1.0,6,77183,M,0.0,0.0,77
201400009402,14,4,22,1515,1,2,1,1.0,6,77397,M,4868000.0,344900.0,77
201400009403,14,5,4,1815,1,1,1,1.0,1,77183,M,0.0,0.0,77
201400009404,14,7,24,730,3,1,1,1.0,6,77361,M,0.0,0.0,77
201400009405,14,9,27,1915,1,1,1,1.0,3,77415,M,4858600.0,308000.0,77
201400009406,14,11,1,1030,3,1,1,1.0,1,77265,M,4861900.0,329000.0,77
201400009407,14,11,13,1600,1,2,1,1.0,6,77183,M,4856700.0,320000.0,77
201400009408,14,11,21,1345,1,1,1,1.0,6,77397,M,4862300.0,336900.0,77
201400009409,14,1,7,1830,3,1,1,2.0,6,77264,M,4825400.0,256700.0,77
201400009410,14,2,17,1630,1,1,1,1.0,2,77229,M,0.0,0.0,77
201400009411,14,5,3,1245,1,1,2,1.0,6,77336,M,0.0,0.0,77
201400009412,14,5,28,1745,1,1,2,1.0,5,77318,M,0.0,0.0,77
201400009413,14,6,24,1000,1,1,1,1.0,5,77318,M,0.0,0.0,77
201400009414,14,8,17,1445,1,1,1,1.0,1,77508,M,0.0,0.0,77
201400009415,14,10,22,2015,3,1,6,1.0,2,77318,M,0.0,0.0,77
201400009416,14,10,22,1945,3,1,1,1.0,3,77219,M,0.0,0.0,77
201400009417,14,11,15,800,1,1,1,1.0,1,77508,M,0.0,0.0,77
201400009418,14,11,26,915,1,1,2,8.0,3,77219,M,0.0,0.0,77
201400009419,14,11,26,1500,1,1,1,1.0,7,77318,M,0.0,0.0,77
201400009420,14,4,4,1415,1,1,2,8.0,3,77278,M,4830300.0,326900.0,77
201400009421,14,3,11,1745,1,1,3,1.0,3,77360,M,0.0,0.0,77
201400009422,14,3,31,1015,1,1,1,1.0,3,77192,M,4865700.0,286500.0,77
201400009423,14,4,22,1730,1,2,1,1.0,6,77469,M,0.0,0.0,77
201400009424,14,5,5,815,1,1,2,1.0,5,77192,M,4816100.0,250000.0,77
201400009425,14,5,11,1400,1,1,1,1.0,1,77486,M,0.0,0.0,77
201400009426,14,7,15,1715,1,1,1,1.0,1,77264,M,4825300.0,297630.0,77
201400009427,14,8,20,1915,1,1,1,1.0,1,77365,M,4819200.0,307100.0,77
201400009428,14,9,10,1700,1,2,1,1.0,6,77192,M,4817800.0,244600.0,77
201400009429,14,6,25,1600,1,1,1,1.0,3,77069,M,0.0,0.0,77
201400009430,14,7,25,1830,1,1,1,1.0,3,77185,M,0.0,0.0,77
201400009431,14,7,30,1630,1,1,1,1.0,1,77065,M,0.0,0.0,77
201400009432,14,3,8,1430,1,1,9,1.0,3,77041,M,0.0,0.0,77
201400009433,14,4,5,1700,1,1,1,1.0,1,77001,M,4862100.0,293500.0,77
201400009434,14,6,12,1645,1,2,1,1.0,6,77386,M,4858300.0,207700.0,77
201400009435,14,6,24,1945,1,2,1,1.0,1,77088,M,4854000.0,294100.0,77
201400009436,14,8,3,1600,1,1,1,1.0,1,77339,M,4837500.0,255900.0,77
201400009437,14,3,17,1730,2,1,1,1.0,2,77099,M,0.0,0.0,77
201400009438,14,9,17,1445,1,2,1,1.0,6,77045,M,0.0,0.0,77
201400009439,14,9,22,1130,1,1,1,1.0,3,77267,M,0.0,0.0,77
201400009440,14,1,10,1000,1,1,1,5.0,6,77370,M,4825300.0,277400.0,77
201400009441,14,1,21,800,1,1,1,5.0,5,77500,M,4822200.0,291800.0,77
201400009442,14,3,29,445,3,1,1,1.0,6,77489,M,0.0,0.0,77
201400009443,14,4,11,2300,3,1,2,1.0,3,77531,M,4828600.0,297000.0,77
201400009444,14,6,30,1730,1,1,2,1.0,3,77387,M,0.0,0.0,77
201400009445,14,7,19,1700,1,1,2,1.0,3,77035,M,4825800.0,302600.0,77
201400009446,14,9,1,630,2,1,1,1.0,1,77115,M,4824400.0,298100.0,77
201400009447,14,1,26,1830,3,2,3,3.0,3,77153,M,4903448.0,241380.0,77
201400009448,14,2,9,1745,2,1,1,1.0,2,77259,M,4903800.0,272700.0,77
201400009449,14,5,3,1545,1,1,1,1.0,1,77392,M,0.0,0.0,77
201400009450,14,6,24,745,1,1,1,1.0,1,77420,M,4904500.0,270800.0,77
201400009451,14,9,23,745,1,2,9,1.0,6,77420,M,4903800.0,269600.0,77
201400009452,14,10,1,1215,1,2,1,7.0,1,77153,M,4906900.0,269800.0,77
201400009453,14,11,1,1415,1,1,1,1.0,6,77349,M,4908500.0,266500.0,77
201400009454,14,1,13,800,2,2,1,1.0,6,77171,M,4890800.0,282000.0,77
201400009455,14,6,7,1215,1,1,1,2.0,6,77005,M,4891700.0,269200.0,77
201400009456,14,9,27,1500,1,1,1,1.0,7,77196,M,4893600.0,272500.0,77
201400009457,14,10,9,1830,1,1,1,1.0,3,77095,M,4896700.0,276700.0,77
201400009458,14,10,25,15,3,1,1,8.0,6,77248,M,4892000.0,279100.0,77
201400009459,14,10,27,845,1,1,1,5.0,1,77095,M,4895600.0,274300.0,77
201400009460,14,12,7,815,1,1,1,5.0,3,77094,M,4894300.0,275100.0,77
201400009461,14,12,27,1645,2,1,1,2.0,3,77234,M,4890800.0,276700.0,77
201400009462,14,3,23,600,2,1,1,1.0,6,77148,M,4917200.0,313800.0,77
201400009463,14,4,11,1530,1,1,1,1.0,6,77343,M,0.0,0.0,77
201400009464,14,6,21,1900,1,1,1,1.0,1,77483,M,4974400.0,257500.0,77
201400009465,14,7,12,745,2,1,1,2.0,6,77008,M,4860600.0,266100.0,77
201400009466,14,3,25,445,3,1,1,1.0,1,77273,M,4905100.0,273500.0,77
201400009467,14,4,25,1830,1,2,1,1.0,7,77274,M,0.0,0.0,77
201400009468,14,6,20,1615,1,1,1,1.0,1,77344,M,4905900.0,80800.0,77
201400009469,14,6,24,1545,1,1,1,1.0,6,77193,M,4905500.0,286600.0,77
201400009470,14,6,25,1915,1,1,2,1.0,3,77273,M,4905200.0,278500.0,77
201400009471,14,8,31,1830,1,2,2,1.0,3,77150,M,4902300.0,277100.0,77
201400009472,14,10,7,1900,2,1,1,7.0,5,77525,M,4902700.0,220800.0,77
201400009473,14,10,9,1430,1,1,3,1.0,1,77515,M,4865400.0,228000.0,77
201400009474,14,10,10,645,3,1,1,8.0,3,77233,M,4965100.0,230600.0,77
201400009475,14,10,11,30,3,1,1,2.0,7,77437,M,4866500.0,227800.0,77
201400009476,14,3,9,1630,1,1,1,1.0,2,77357,M,4808300.0,621700.0,77
201400009477,14,3,25,745,1,1,1,8.0,1,77416,M,4861900.0,310200.0,77
201400009478,14,5,4,1815,1,1,1,1.0,6,77066,M,4873100.0,336300.0,77
201400009479,14,5,8,1830,1,1,1,2.0,7,77530,M,4859400.0,335900.0,77
201400009480,14,6,1,1845,1,1,2,1.0,3,77357,M,4809300.0,313700.0,77
201400009481,14,6,27,1500,1,1,1,1.0,1,77020,M,4841332.0,310414.0,77
201400009482,14,7,2,2045,2,1,1,1.0,7,77012,M,4865800.0,333800.0,77
201400009483,14,7,4,1615,1,1,2,1.0,3,77414,M,4802700.0,348900.0,77
201400009484,14,7,7,1800,1,1,4,2.0,3,77530,M,4861800.0,332700.0,77
201400009485,14,8,11,1130,1,1,1,1.0,1,77137,M,4869200.0,327500.0,77
201400009486,14,10,16,815,1,1,1,1.0,1,77530,M,0.0,0.0,77
201400009487,14,10,22,1115,1,1,1,1.0,4,77109,M,0.0,0.0,77
201400009488,14,12,26,1700,3,1,1,1.0,1,77109,M,4800000.0,318700.0,77
201400009489,14,3,30,1115,1,1,1,1.0,1,77286,M,0.0,0.0,77
201400009490,14,5,4,130,3,1,1,1.0,1,77227,M,0.0,0.0,77
201400009491,14,5,15,745,1,1,1,1.0,5,77347,M,4846200.0,323000.0,77
201400009492,14,4,30,745,1,1,1,2.0,6,77090,M,4855800.0,318100.0,77
201400009493,14,7,18,300,3,1,1,1.0,7,77496,M,4859000.0,316600.0,77
201400009494,14,9,27,1115,1,2,1,1.0,6,77327,M,4856000.0,301600.0,77
201400009495,14,5,27,1930,1,1,1,1.0,5,45296,M,4799491.0,171420.0,45
201400009496,14,9,7,1645,1,1,1,1.0,6,45074,M,4803682.0,162477.0,45
201400009497,14,10,8,1715,1,2,2,3.0,3,45248,M,4804533.0,169701.0,45
201400009498,14,1,2,1130,1,2,1,1.0,3,45082,M,4786543.0,221875.0,45
201400009499,14,3,30,615,5,2,1,1.0,6,45290,M,4785501.0,227529.0,45
201400009500,14,3,30,1445,1,2,3,1.0,3,45346,M,4794345.0,226604.0,45
201400009501,14,5,5,1245,1,1,1,1.0,5,45082,M,4789208.0,226955.0,45
201400009502,14,6,1,845,1,1,2,1.0,3,45267,M,4784401.0,232164.0,45
201400009503,14,9,14,1200,1,1,3,1.0,1,45082,M,4789187.0,223858.0,45
201400009504,14,12,3,1600,1,1,2,8.0,3,45153,M,4783862.0,226407.0,45
201400009505,14,3,13,1400,1,2,3,1.0,6,45197,M,4796211.0,202219.0,45
201400009506,14,5,15,730,1,2,3,1.0,3,45089,M,4790986.0,203582.0,45
201400009507,14,9,27,430,3,1,1,1.0,1,45072,M,4798813.0,193543.0,45
201400009508,14,10,3,2245,5,2,1,1.0,3,45089,M,4788875.0,202961.0,45
201400009509,14,10,11,1415,1,1,1,1.0,3,45072,M,4797951.0,195442.0,45
201400009510,14,2,24,1715,1,2,1,1.0,3,45098,M,4782574.0,176269.0,45
201400009511,14,6,12,1630,1,1,1,1.0,2,45146,M,4769417.0,195369.0,45
201400009512,14,7,3,1815,1,1,1,1.0,1,45196,M,4785799.0,177532.0,45
201400009513,14,10,1,2015,3,2,1,1.0,6,45146,M,4772278.0,193540.0,45
201400009514,14,10,18,1600,1,2,2,1.0,3,45146,M,4771723.0,194501.0,45
201400009515,14,10,31,1800,2,1,1,1.0,6,45146,M,4770277.0,199030.0,45
201400009516,14,11,9,115,5,2,1,1.0,1,45146,M,4772411.0,194119.0,45
201400009517,14,11,26,745,2,1,1,2.0,5,45175,M,4778014.0,182132.0,45
201400009518,14,12,5,730,3,1,1,8.0,1,45204,M,4780075.0,183099.0,45
201400009519,14,1,3,1800,5,2,1,8.0,6,45193,M,4776491.0,202131.0,45
201400009520,14,2,6,1700,1,1,1,1.0,5,45300,M,4781225.0,204189.0,45
201400009521,14,3,11,1245,1,2,4,1.0,3,45123,M,4786457.0,210941.0,45
201400009522,14,4,24,1545,1,2,1,1.0,6,45272,M,4783394.0,196245.0,45
201400009523,14,7,7,1500,1,2,1,1.0,6,45173,M,4786735.0,212396.0,45
201400009524,14,7,12,1000,1,2,1,1.0,6,45273,M,4787572.0,212783.0,45
201400009525,14,7,15,1500,1,1,1,1.0,6,45272,M,4780995.0,192908.0,45
201400009526,14,8,11,1615,1,1,2,1.0,3,45324,M,4781422.0,220994.0,45
201400009527,14,9,5,1800,1,1,1,1.0,1,45144,M,4783594.0,214074.0,45
201400009528,14,9,14,900,1,2,1,7.0,3,45273,M,4787039.0,212588.0,45
201400009529,14,9,16,1400,1,1,2,1.0,3,45272,M,4782323.0,195481.0,45
201400009530,14,9,24,1215,1,1,2,1.0,3,45335,M,4776501.0,210853.0,45
201400009531,14,1,25,2030,5,2,1,2.0,1,45028,M,4779844.0,162503.0,45
201400009532,14,1,28,1815,5,2,1,2.0,6,45203,M,4782825.0,169838.0,45
201400009533,14,3,19,1315,1,1,1,1.0,1,45081,M,4792069.0,155504.0,45
201400009534,14,4,7,845,1,1,1,1.0,5,45301,M,4808626.0,214999.0,45
201400009535,14,7,28,645,1,1,1,2.0,6,45224,M,4805350.0,205643.0,45
201400009536,14,3,3,600,3,1,1,2.0,2,45254,M,4764489.0,258692.0,45
201400009537,14,3,22,1300,1,1,1,8.0,3,45036,M,4778027.0,273286.0,45
201400009538,14,4,24,1645,1,1,1,1.0,1,45227,M,4773055.0,257461.0,45
201400009539,14,4,26,2100,3,1,1,2.0,2,45227,M,4771449.0,258881.0,45
201400009540,14,5,16,1000,1,2,1,1.0,6,45155,M,4768827.0,262133.0,45
201400009541,14,5,16,1800,1,1,2,1.0,1,45108,M,4761755.0,254254.0,45
201400009542,14,5,31,1145,1,2,3,1.0,5,45155,M,4768501.0,262743.0,45
201400009543,14,6,17,1100,1,1,1,1.0,3,45155,M,4768742.0,266503.0,45
201400009544,14,7,5,800,1,1,1,2.0,6,45155,M,4771333.0,262404.0,45
201400009545,14,7,9,1400,1,1,2,2.0,3,45254,M,4764601.0,258869.0,45
201400009546,14,11,28,2000,3,1,1,1.0,3,45155,M,0.0,0.0,45
201400009547,14,2,5,2030,3,1,1,1.0,1,45053,M,4766244.0,270677.0,45
201400009548,14,3,30,1700,1,2,1,1.0,6,45001,M,4776349.0,279638.0,45
201400009549,14,6,6,1730,1,1,1,1.0,6,45053,M,4766937.0,268768.0,45
201400009550,14,6,14,1500,1,1,1,1.0,6,45053,M,4766907.0,268908.0,45
201400009551,14,8,1,2000,1,1,2,1.0,1,45053,M,4760148.0,276658.0,45
201400009552,14,8,2,400,3,1,1,1.0,1,45053,M,4761631.0,276545.0,45
201400009553,14,8,3,1500,1,1,1,1.0,3,45053,M,4766998.0,268317.0,45
201400009554,14,8,12,1600,1,1,2,1.0,3,45029,M,4751842.0,282751.0,45
201400009555,14,9,24,2215,2,1,2,5.0,3,45053,M,4760147.0,276657.0,45
201400009556,14,9,27,2030,3,1,1,1.0,6,45016,M,4758777.0,259130.0,45
201400009557,14,11,19,1415,1,1,1,1.0,6,45053,M,0.0,0.0,45
201400009558,14,1,21,800,2,1,1,8.0,5,45244,M,4775237.0,248755.0,45
201400009559,14,2,22,1,3,1,1,2.0,6,45268,M,4772761.0,241171.0,45
201400009560,14,3,14,1645,1,2,1,1.0,6,45315,M,4776581.0,237569.0,45
201400009561,14,4,16,1445,1,1,2,1.0,3,45171,M,4769470.0,228243.0,45
201400009562,14,4,26,1300,1,1,1,2.0,7,45297,M,0.0,0.0,45
201400009563,14,5,20,1100,1,1,1,1.0,6,45270,M,4782567.0,229399.0,45