Num_Acc,an,mois,jour,hrmn,lum,agg,int,atm,col,com,gps,lat,long,dep
201400009564,14,6,11,1200,1,1,3,7.0,3,45122,M,4773181.0,252526.0,45
201400009565,14,7,18,715,1,1,1,7.0,5,45270,M,4782001.0,229910.0,45
201400009566,14,8,18,330,3,1,2,1.0,3,45042,M,0.0,0.0,45
201400009567,14,9,5,2115,3,1,1,1.0,7,45270,M,0.0,0.0,45
201400009568,14,12,23,1745,3,1,1,1.0,1,45063,M,0.0,0.0,45
201400009569,14,1,2,1530,1,1,3,1.0,3,45345,M,4794856.0,266239.0,45
201400009570,14,2,6,700,2,1,1,2.0,6,45334,M,4787663.0,244101.0,45
201400009571,14,2,15,1900,3,1,1,1.0,6,45178,M,4799598.0,251763.0,45
201400009572,14,2,23,530,3,1,1,1.0,6,45216,M,4794701.0,273560.0,45
201400009573,14,5,9,1445,1,1,1,1.0,3,45321,M,4791638.0,258931.0,45
201400009574,14,6,9,1630,1,1,1,1.0,1,45150,M,4801346.0,245819.0,45
201400009575,14,7,14,445,3,1,1,1.0,6,45178,M,4800165.0,255009.0,45
201400009576,14,7,18,1745,1,1,1,1.0,6,45187,M,0.0,0.0,45
201400009577,14,9,20,1100,1,1,1,1.0,1,45247,M,4802201.0,266017.0,45
201400009578,14,4,7,1445,1,1,1,1.0,1,45076,M,0.0,0.0,45
201400009579,14,5,16,1130,1,2,1,1.0,5,45279,M,0.0,0.0,45
201400009580,14,5,16,1430,1,1,2,1.0,3,45306,M,4801907.0,288922.0,45
201400009581,14,6,17,1630,1,1,1,1.0,1,45113,M,4802478.0,292941.0,45
201400009582,14,1,29,930,1,1,2,2.0,1,45212,M,0.0,0.0,45
201400009583,14,5,3,1915,1,1,1,1.0,6,45332,M,0.0,0.0,45
201400009584,14,5,9,1845,1,1,1,1.0,6,45210,M,0.0,0.0,45
201400009585,14,6,7,930,1,2,1,1.0,3,45229,M,4783166.0,272618.0,45
201400009586,14,3,28,2030,3,1,1,1.0,7,45156,M,4807967.0,273119.0,45
201400009587,14,4,5,2115,5,2,4,1.0,6,45104,M,4803421.0,272437.0,45
201400009588,14,4,12,30,5,2,1,1.0,6,45206,M,4804321.0,263009.0,45
201400009589,14,6,5,630,2,2,1,1.0,1,45207,M,4805409.0,259998.0,45
201400009590,14,9,1,1800,1,1,3,1.0,3,45161,M,4808478.0,282108.0,45
201400009591,14,3,6,1730,1,2,1,1.0,6,45252,M,4817592.0,225353.0,45
201400009592,14,4,29,2100,3,1,1,3.0,2,45253,M,0.0,0.0,45
201400009593,14,5,6,1815,1,1,1,1.0,6,45119,M,4816122.0,225635.0,45
201400009594,14,5,24,1530,1,1,6,1.0,7,45038,M,4818649.0,226671.0,45
201400009595,14,6,13,2030,1,1,1,1.0,6,45348,M,4813106.0,233152.0,45
201400009596,14,6,21,1115,1,2,2,1.0,6,45252,M,4816976.0,225198.0,45
201400009597,14,10,27,1530,1,2,1,7.0,6,45010,M,4812483.0,225122.0,45
201400009598,14,4,8,1730,1,2,2,1.0,3,45018,M,4809404.0,246954.0,45
201400009599,14,5,22,1900,1,2,3,7.0,3,45014,M,4819091.0,236582.0,45
201400009600,14,6,29,1930,1,2,7,1.0,6,45022,M,4807281.0,238117.0,45
201400009601,14,7,22,1515,1,1,1,1.0,6,45258,M,4822427.0,243249.0,45
201400009602,14,4,23,1015,1,2,2,1.0,3,45310,M,4829589.0,220129.0,45
201400009603,14,9,12,2215,3,1,1,1.0,3,45133,M,4824453.0,221918.0,45
201400009604,14,10,20,1730,1,2,2,2.0,3,45310,M,4829825.0,220038.0,45
201400009605,14,11,6,1645,2,2,1,7.0,6,18099,M,4708648.0,288764.0,18
201400009606,14,12,1,1415,1,1,2,1.0,3,18282,M,0.0,0.0,18
201400009607,14,6,28,1545,1,1,3,1.0,3,18117,M,0.0,0.0,18
201400009608,14,10,2,1800,1,1,3,1.0,1,18241,M,4733096.0,284498.0,18
201400009609,14,8,9,1930,1,1,2,1.0,3,18197,M,4672338.0,254473.0,18
201400009610,14,6,29,15,5,2,6,1.0,6,18197,M,4672800.0,250700.0,18
201400009611,14,6,30,1815,1,1,2,1.0,3,18069,M,4670213.0,254961.0,18
201400009612,14,7,4,330,5,2,6,2.0,6,18197,M,4672498.0,250648.0,18
201400009613,14,7,8,1645,1,1,2,1.0,1,18008,M,4697400.0,233100.0,18
201400009614,14,8,14,15,3,1,1,1.0,6,18046,M,4677884.0,232324.0,18
201400009615,14,11,1,1600,1,2,1,7.0,6,18015,M,4748696.0,243780.0,18
201400009616,14,2,6,445,3,1,1,1.0,1,18207,M,0.0,0.0,18
201400009617,14,2,20,645,2,1,3,2.0,3,18133,M,0.0,0.0,18
201400009618,14,4,12,2145,3,1,1,1.0,1,18181,M,4700500.0,216000.0,18
201400009619,14,6,14,200,3,1,1,1.0,6,18188,M,0.0,0.0,18
201400009620,14,8,8,800,1,2,1,1.0,3,18133,M,4693467.0,226228.0,18
201400009621,14,10,14,1500,1,2,1,1.0,6,18207,M,4699249.0,224526.0,18
201400009622,14,10,16,1915,4,2,1,3.0,3,18207,M,4699563.0,225801.0,18
201400009623,14,10,17,1030,1,2,1,1.0,6,18207,M,4699255.0,224548.0,18
201400009624,14,12,11,2030,5,2,1,1.0,6,18207,M,4699672.0,225360.0,18
201400009625,14,12,17,845,1,2,1,3.0,6,18207,M,4699935.0,225935.0,18
201400009626,14,2,19,1915,3,1,6,8.0,6,18229,M,0.0,0.0,18
201400009627,14,6,4,800,1,1,1,2.0,6,18226,M,0.0,0.0,18
201400009628,14,6,15,345,3,1,1,1.0,6,18003,M,0.0,0.0,18
201400009629,14,7,11,2100,1,1,1,1.0,3,18211,M,4719805.0,241603.0,18
201400009630,14,11,4,1315,1,1,1,8.0,1,18189,M,4723764.0,245451.0,18
201400009631,14,1,23,1930,5,2,1,2.0,6,28024,M,4840640.0,147809.0,28
201400009632,14,1,25,200,3,1,1,3.0,6,28100,M,0.0,0.0,28
201400009633,14,2,9,330,3,1,1,6.0,6,28100,M,4843792.0,137407.0,28
201400009634,14,2,22,1730,1,1,1,1.0,6,28358,M,4848734.0,148288.0,28
201400009635,14,3,19,2000,3,1,1,1.0,3,28022,M,4848509.0,139480.0,28
201400009636,14,4,6,1400,1,2,1,1.0,6,28253,M,4836279.0,143111.0,28
201400009637,14,5,17,715,1,1,1,1.0,6,28358,M,4849699.0,149920.0,28
201400009638,14,5,29,1430,1,1,1,1.0,7,28102,M,4854815.0,137305.0,28
201400009639,14,5,30,500,2,1,6,5.0,6,28309,M,4837991.0,158638.0,28
201400009640,14,6,26,115,5,1,1,1.0,1,28122,M,4834868.0,149523.0,28
201400009641,14,7,8,1545,1,1,1,2.0,1,28048,M,4831913.0,142947.0,28
201400009642,14,8,17,445,3,1,1,1.0,6,28278,M,4845821.0,155966.0,28
201400009643,14,8,24,715,1,1,1,1.0,6,28380,M,4839364.0,156978.0,28
201400009644,14,9,2,830,1,1,1,1.0,4,28035,M,4838613.0,157665.0,28
201400009645,14,9,27,1900,1,1,1,1.0,7,28380,M,4839813.0,160337.0,28
201400009646,14,10,8,745,2,1,1,3.0,1,28158,M,4840529.0,139725.0,28
201400009647,14,10,19,530,2,1,1,1.0,2,28158,M,4840584.0,145884.0,28
201400009648,14,10,31,1615,1,1,1,1.0,5,28035,M,4837576.0,159251.0,28
201400009649,14,12,5,1415,1,1,1,1.0,1,28006,M,4844592.0,140092.0,28
201400009650,14,1,23,1700,1,1,1,8.0,1,28386,M,0.0,0.0,28
201400009651,14,4,11,1800,1,1,1,1.0,3,28325,M,4845826.0,139071.0,28
201400009652,14,4,16,700,1,1,2,1.0,3,28351,M,4859910.0,121735.0,28
201400009653,14,5,16,1900,1,1,1,1.0,3,28290,M,4841841.0,128183.0,28
201400009654,14,8,1,2100,1,1,1,1.0,1,28116,M,4843809.0,123602.0,28
201400009655,14,10,7,1800,1,1,1,1.0,1,28324,M,4848100.0,124300.0,28
201400009656,14,10,27,1715,1,2,1,1.0,1,28053,M,4864200.0,133000.0,28
201400009657,14,7,22,830,1,2,1,1.0,6,28061,M,4820868.0,117770.0,28
201400009658,14,7,22,915,1,1,1,1.0,3,28123,M,4823569.0,111174.0,28
201400009659,14,9,12,1915,2,1,1,7.0,5,28041,M,4830039.0,128147.0,28
201400009660,14,9,28,15,4,2,1,1.0,6,28066,M,4823999.0,125048.0,28
201400009661,14,2,5,715,5,2,1,9.0,6,28227,M,4858406.0,158927.0,28
201400009662,14,3,23,900,1,1,1,1.0,6,28172,M,4857364.0,167119.0,28
201400009663,14,3,30,1815,1,1,1,1.0,6,28074,M,4842466.0,181120.0,28
201400009664,14,4,12,1600,1,1,1,1.0,3,28317,M,4843149.0,174389.0,28
201400009665,14,4,19,2245,3,1,1,2.0,7,28023,M,4852907.0,165573.0,28
201400009666,14,5,2,2230,3,1,2,1.0,2,28084,M,4854358.0,154641.0,28
201400009667,14,6,4,1145,1,1,2,2.0,3,28421,M,4839743.0,170672.0,28
201400009668,14,9,11,2045,5,2,1,1.0,7,28363,M,4841242.0,187613.0,28
201400009669,14,9,18,1800,1,2,1,1.0,2,28140,M,4860600.0,167600.0,28
201400009670,14,9,20,1545,1,1,3,1.0,2,28015,M,4847608.0,177022.0,28
201400009671,14,10,2,800,1,1,1,1.0,1,28188,M,4849900.0,169700.0,28
201400009672,14,10,6,2015,3,1,1,1.0,2,28074,M,4841600.0,180100.0,28
201400009673,14,10,16,1415,1,1,1,1.0,3,28421,M,0.0,0.0,28
201400009674,14,11,8,2345,3,1,1,1.0,1,28188,M,4850000.0,170000.0,28
201400009675,14,11,28,1730,2,1,2,2.0,1,28317,M,4844700.0,177500.0,28
201400009676,14,1,14,615,5,2,1,9.0,3,28199,M,0.0,0.0,28
201400009677,14,1,22,745,3,1,1,1.0,6,28032,M,0.0,0.0,28
201400009678,14,3,18,1600,1,2,1,1.0,6,28199,M,4820239.0,187731.0,28
201400009679,14,5,31,1400,1,2,1,1.0,6,28391,M,4819560.0,193713.0,28
201400009680,14,7,6,1500,1,1,1,2.0,6,28391,M,4819042.0,191082.0,28
201400009681,14,7,10,115,3,1,1,2.0,1,28047,M,4830934.0,168539.0,28
201400009682,14,8,1,800,1,1,2,1.0,1,28391,M,4818820.0,192728.0,28
201400009683,14,2,2,845,1,1,1,9.0,1,28410,M,4804653.0,146588.0,28
201400009684,14,2,9,630,1,1,1,1.0,6,28103,M,4798097.0,123178.0,28
201400009685,14,2,15,1330,1,1,1,1.0,6,28224,M,4805297.0,142248.0,28
201400009686,14,2,27,1600,1,2,1,1.0,7,28088,M,4807300.0,132700.0,28
201400009687,14,2,26,1545,1,2,1,1.0,6,28233,M,4811700.0,133200.0,28
201400009688,14,3,19,1900,3,1,1,1.0,7,28088,M,4807983.0,129812.0,28
201400009689,14,4,8,1845,1,1,8,1.0,3,28075,M,4805561.0,133665.0,28
201400009690,14,5,13,1630,1,1,2,2.0,3,28075,M,4806114.0,130538.0,28
201400009691,14,6,28,1930,1,1,1,1.0,5,28075,M,4806710.0,132072.0,28
201400009692,14,6,28,1900,2,1,1,3.0,7,28198,M,4807637.0,138264.0,28
201400009693,14,7,18,1230,1,1,1,1.0,6,28075,M,4804204.0,131232.0,28
201400009694,14,8,25,1015,1,1,2,2.0,3,28075,M,4806109.0,130541.0,28
201400009695,14,9,6,2045,3,1,1,1.0,7,28093,M,4810743.0,117370.0,28
201400009696,14,9,12,1815,1,2,3,1.0,3,28088,M,4807621.0,132938.0,28
201400009697,14,9,27,1815,1,1,3,1.0,1,28389,M,4802714.0,141683.0,28
201400009698,14,10,4,1700,1,2,1,1.0,6,28012,M,4809757.0,112332.0,28
201400009699,14,10,10,1245,1,1,1,1.0,3,28389,M,0.0,0.0,28
201400009700,14,10,10,2100,5,2,1,1.0,3,28075,M,4805528.0,131385.0,28
201400009701,14,12,4,1800,5,2,1,2.0,6,28088,M,4807880.0,134895.0,28
201400009702,14,12,23,1845,3,1,1,1.0,1,28389,M,4802427.0,136550.0,28
201400009703,14,1,30,1700,1,1,1,4.0,1,28121,M,4824162.0,195671.0,28
201400009704,14,3,14,1045,1,1,1,1.0,3,28108,M,0.0,0.0,28
201400009705,14,4,20,1700,1,2,1,1.0,7,28051,M,4819249.0,140108.0,28
201400009706,14,8,5,1100,1,2,1,1.0,3,28051,M,4817940.0,138257.0,28
201400009707,14,9,21,1500,1,1,1,1.0,6,28051,M,4818284.0,140371.0,28
201400009708,14,11,12,1400,1,1,1,1.0,3,28019,M,4813136.0,185151.0,28
201400009709,14,11,15,1445,1,1,1,1.0,6,28305,M,4817800.0,147000.0,28
201400009710,14,11,18,1800,5,2,1,1.0,6,28051,M,4818040.0,138443.0,28
201400009711,14,12,29,2215,3,1,1,1.0,6,28051,M,4817871.0,137371.0,28
201400009712,14,4,25,330,3,1,1,3.0,1,28021,M,4835138.0,130653.0,28
201400009713,14,8,15,1630,1,1,1,2.0,3,28398,M,4818705.0,113195.0,28
201400009714,14,9,7,1745,1,1,1,1.0,7,28127,M,4821184.0,131037.0,28
201400009715,14,11,11,2345,3,1,1,2.0,6,28061,M,4822300.0,117300.0,28
201400009716,14,11,18,2145,3,1,1,5.0,2,28225,M,4834200.0,129200.0,28
201400009717,14,12,24,1445,1,1,1,8.0,1,28234,M,4835100.0,123700.0,28
201400009718,14,2,22,715,1,1,1,1.0,6,28124,M,4877124.0,115145.0,28
201400009719,14,3,24,1315,1,1,1,1.0,5,28098,M,4875060.0,142445.0,28
201400009720,14,7,25,1515,1,1,2,1.0,3,28171,M,4871332.0,131146.0,28
201400009721,14,7,25,1945,1,1,1,1.0,6,28014,M,4866326.0,130869.0,28
201400009722,14,8,19,2115,5,2,1,1.0,2,28359,M,4876181.0,123100.0,28
201400009723,14,9,10,2000,1,1,2,1.0,3,28082,M,4870085.0,143595.0,28
201400009724,14,11,16,1715,2,2,1,8.0,5,28359,M,4874960.0,126530.0,28
201400009725,14,11,22,1530,1,1,1,1.0,7,28171,M,4871186.0,134347.0,28
201400009726,14,12,11,2315,3,1,1,1.0,6,28348,M,4876492.0,116720.0,28
201400009727,14,2,22,1430,1,1,1,1.0,7,28371,M,4884644.0,139993.0,28
201400009728,14,4,25,1900,1,1,1,1.0,1,28235,M,4876879.0,151238.0,28
201400009729,14,6,6,1645,1,1,1,1.0,5,28293,M,4886249.0,149417.0,28
201400009730,14,7,4,1445,1,1,1,1.0,3,28377,M,4883287.0,141990.0,28
201400009731,14,7,13,1145,1,1,1,2.0,7,28001,M,4877020.0,140845.0,28
201400009732,14,7,16,815,1,2,1,1.0,6,28007,M,4886262.0,145510.0,28
201400009733,14,10,23,830,1,1,1,1.0,5,28001,M,0.0,0.0,28
201400009734,14,10,26,1045,1,1,1,1.0,7,28185,M,4877278.0,154597.0,28
201400009735,14,11,7,800,1,1,1,2.0,1,28001,M,4881964.0,144552.0,28
201400009736,14,12,4,1000,1,1,1,1.0,7,28062,M,4876075.0,150423.0,28
201400009737,14,12,15,1745,3,1,1,2.0,2,28096,M,4889416.0,147761.0,28
201400009738,14,12,22,1915,3,1,9,1.0,6,28001,M,4876958.0,141870.0,28
201400009739,14,12,30,1015,1,1,1,1.0,7,28130,M,4852800.0,118900.0,28
201400009740,14,1,18,1915,3,1,1,2.0,2,28120,M,0.0,0.0,28
201400009741,14,4,3,1445,1,1,1,1.0,1,28059,M,4868497.0,105881.0,28
201400009742,14,5,23,130,3,1,1,1.0,6,28346,M,4870306.0,109724.0,28
201400009743,14,7,9,1715,1,1,1,1.0,3,28315,M,4872208.0,107495.0,28
201400009744,14,1,13,1230,1,1,1,1.0,1,28279,M,0.0,0.0,28
201400009745,14,2,13,830,1,1,1,8.0,1,28374,M,4858193.0,143119.0,28
201400009746,14,3,10,615,2,1,1,1.0,6,28349,M,4863473.0,160577.0,28
201400009747,14,4,19,800,1,1,1,1.0,7,28054,M,4865393.0,139762.0,28
201400009748,14,9,2,1545,1,1,1,1.0,3,28056,M,4876400.0,160600.0,28
201400009749,14,9,26,845,1,1,1,7.0,1,28343,M,4869695.0,153487.0,28
201400009750,14,4,18,1900,1,1,1,1.0,6,28236,M,4833636.0,84683.0,28
201400009751,14,7,14,15,3,1,1,1.0,6,28280,M,4829083.0,80896.0,28
201400009752,14,9,30,1800,1,2,1,1.0,3,28236,M,4833650.0,83351.0,28
201400009753,14,11,20,1700,1,1,1,1.0,6,28236,M,4833746.0,85305.0,28
201400009754,14,1,5,1100,1,1,1,8.0,1,28161,M,0.0,0.0,28
201400009755,14,3,21,1945,5,2,1,1.0,6,28214,M,4847023.0,101887.0,28
201400009756,14,4,15,1730,1,1,1,7.0,3,28335,M,4846055.0,100307.0,28
201400009757,14,6,7,1115,1,1,4,1.0,3,28109,M,4836568.0,113162.0,28
201400009758,14,9,27,1045,1,2,1,1.0,6,28214,M,4847157.0,102399.0,28
201400009759,14,12,20,1615,1,2,1,8.0,3,28265,M,4637700.0,101699.0,28
201400009760,14,1,30,1500,1,1,1,1.0,1,36042,M,4667000.0,148329.0,36
201400009761,14,5,30,1415,1,1,1,2.0,7,36219,M,4662280.0,154895.0,36
201400009762,14,7,8,1330,1,1,1,1.0,6,36174,M,4646870.0,142535.0,36
201400009763,14,7,16,1830,1,1,1,1.0,6,36182,M,4646020.0,141592.0,36
201400009764,14,8,15,1230,1,1,1,1.0,6,36150,M,4644230.0,148769.0,36
201400009765,14,9,7,1800,2,1,1,1.0,1,36012,M,4648430.0,156152.0,36
201400009766,14,9,14,1315,1,1,1,1.0,7,36067,M,4648170.0,128480.0,36
201400009767,14,9,19,2130,3,1,1,8.0,3,36032,M,4654800.0,155327.0,36
201400009768,14,3,8,1500,1,1,1,1.0,1,36123,M,4681220.0,128535.0,36
201400009769,14,6,8,1700,1,2,2,1.0,6,36241,M,4684010.0,152910.0,36
201400009770,14,10,1,1115,1,1,1,1.0,1,36142,M,4681730.0,159882.0,36
201400009771,14,1,1,530,3,1,1,2.0,6,36034,M,4724000.0,164946.0,36
201400009772,14,3,19,2200,3,1,1,1.0,7,36230,M,4707420.0,184255.0,36
201400009773,14,4,21,1,3,1,1,1.0,7,36229,M,4720670.0,160380.0,36
201400009774,14,4,28,600,3,1,1,2.0,5,36013,M,4703490.0,160749.0,36
201400009775,14,6,13,1600,1,1,1,1.0,6,36235,M,4713430.0,150145.0,36
201400009776,14,6,24,1500,1,1,1,1.0,6,36013,M,4705750.0,160342.0,36
201400009777,14,7,28,1715,1,1,1,1.0,6,36077,M,4720470.0,154633.0,36
201400009778,14,8,18,1100,1,2,1,1.0,6,36034,M,4688670.0,141613.0,36
201400009779,14,9,21,200,3,1,1,1.0,6,36077,M,4720800.0,153851.0,36
201400009780,14,10,2,2045,3,1,1,1.0,3,36162,M,4717920.0,162759.0,36
201400009781,14,10,5,2115,3,1,1,1.0,6,36237,M,4707440.0,158937.0,36
201400009782,14,10,19,1030,1,1,2,7.0,3,36103,M,4712670.0,138005.0,36
201400009783,14,11,29,445,3,1,1,1.0,6,36093,M,4697120.0,164376.0,36
201400009784,14,12,1,1830,3,1,1,2.0,3,36151,M,4722990.0,165522.0,36
201400009785,14,4,5,1745,1,1,1,1.0,3,36016,M,4655450.0,117798.0,36
201400009786,14,5,16,2015,1,2,1,1.0,2,36053,M,4663070.0,124944.0,36
201400009787,14,5,23,1915,1,2,1,1.0,7,36018,M,4663500.0,106200.0,36
201400009788,14,6,19,1715,1,1,3,1.0,2,36018,M,4662860.0,114533.0,36
201400009789,14,6,16,1845,1,2,1,1.0,7,36018,M,4662880.0,106078.0,36
201400009790,14,8,19,1545,1,1,1,1.0,6,36167,M,4670310.0,98421.0,36
201400009791,14,9,6,1,3,2,1,1.0,6,36144,M,4668650.0,143335.0,36
201400009792,14,10,19,1830,1,2,1,1.0,3,36113,M,4680320.0,105363.0,36
201400009793,14,11,1,1245,1,1,2,1.0,3,36224,M,4673550.0,97164.0,36
201400009794,14,12,3,745,2,2,4,8.0,6,36176,M,4662930.0,116940.0,36
201400009795,14,12,9,2345,3,1,1,1.0,6,36224,M,4671040.0,95523.0,36
201400009796,14,12,16,1900,3,1,1,1.0,1,36016,M,4657340.0,115418.0,36
201400009797,14,12,26,1000,2,1,1,5.0,7,36066,M,4670840.0,111095.0,36
201400009798,14,5,8,1615,1,1,1,1.0,7,36070,M,4645680.0,159868.0,36
201400009799,14,3,15,500,3,1,1,1.0,6,36109,M,4656660.0,196278.0,36
201400009800,14,5,28,1515,1,2,1,1.0,6,36046,M,4658570.0,198967.0,36
201400009801,14,6,14,2245,5,1,1,1.0,6,36143,M,4662480.0,197430.0,36
201400009802,14,6,30,1315,1,1,4,1.0,3,36227,M,4652340.0,215596.0,36
201400009803,14,9,19,945,1,2,2,1.0,1,36001,M,4643110.0,182932.0,36
201400009804,14,10,15,1415,1,1,2,1.0,3,36025,M,4656190.0,204873.0,36
201400009805,14,2,7,445,3,1,1,1.0,6,36112,M,,,36
201400009806,14,8,1,1600,1,1,1,1.0,1,36056,M,4655730.0,175079.0,36
201400009807,14,1,6,1115,1,1,2,1.0,3,36003,M,4681060.0,195351.0,36
201400009808,14,2,23,1615,1,1,1,1.0,6,36052,M,4690390.0,206590.0,36
201400009809,14,3,9,30,3,1,1,1.0,1,36121,M,4681570.0,194246.0,36
201400009810,14,3,19,15,5,2,1,1.0,6,36125,M,4702440.0,206765.0,36
201400009811,14,3,23,1145,1,1,1,1.0,7,36140,M,4686650.0,185870.0,36
201400009812,14,4,8,1,3,1,1,1.0,6,36088,M,4708090.0,131557.0,36
201400009813,14,5,11,1100,1,1,2,2.0,3,36098,M,4699360.0,191782.0,36
201400009814,14,5,16,1600,1,1,1,1.0,3,36064,M,4682510.0,177314.0,36
201400009815,14,5,27,1745,1,1,1,9.0,1,36088,M,4695500.0,204500.0,36
201400009816,14,6,17,1430,1,2,1,1.0,6,36199,M,4701050.0,202477.0,36
201400009817,14,7,30,1700,1,2,3,1.0,1,36098,M,4698350.0,190817.0,36
201400009818,14,9,7,1715,1,1,1,1.0,7,36003,M,4678850.0,194661.0,36
201400009819,14,10,26,1500,1,1,1,1.0,6,36088,M,,,36
201400009820,14,12,17,1145,1,1,1,2.0,7,36222,M,4692440.0,196339.0,36
201400009821,14,3,20,1200,1,2,1,1.0,1,37185,M,0.0,0.0,37
201400009822,14,3,30,1800,1,2,1,2.0,3,37163,M,0.0,0.0,37
201400009823,14,4,22,1730,1,1,1,1.0,6,37161,M,0.0,0.0,37
201400009824,14,5,21,1430,1,1,1,8.0,6,37163,M,0.0,0.0,37
201400009825,14,7,18,1645,1,1,1,1.0,4,37171,M,0.0,0.0,37
201400009826,14,9,8,745,1,1,1,1.0,7,37163,M,0.0,0.0,37
201400009827,14,9,24,730,1,2,1,1.0,3,37163,M,0.0,0.0,37
201400009828,14,9,27,1800,1,2,1,1.0,6,37131,M,0.0,0.0,37
201400009829,14,11,9,1515,1,2,1,1.0,1,37003,M,0.0,0.0,37
201400009830,14,12,3,1545,1,2,1,8.0,6,37185,M,,,37
201400009831,14,3,30,2000,2,1,1,8.0,6,37013,M,0.0,0.0,37
201400009832,14,4,4,1200,1,1,1,1.0,1,37055,M,0.0,0.0,37
201400009833,14,6,9,1245,1,1,1,1.0,1,37217,M,0.0,0.0,37
201400009834,14,1,16,1945,3,1,1,2.0,3,37274,M,0.0,0.0,37
201400009835,14,2,7,1645,1,1,1,1.0,2,37152,M,0.0,0.0,37
201400009836,14,5,22,1730,1,1,1,1.0,7,37207,M,0.0,0.0,37
201400009837,14,7,17,1615,1,1,2,1.0,3,37151,M,0.0,0.0,37
201400009838,14,8,17,1745,1,1,1,1.0,1,37151,M,0.0,0.0,37
201400009839,14,8,20,2245,3,1,1,1.0,6,37170,M,0.0,0.0,37
201400009840,14,12,2,900,1,1,1,5.0,7,37021,M,0.0,0.0,37
201400009841,14,4,20,1815,1,1,1,1.0,7,37231,M,0.0,0.0,37
201400009842,14,6,21,1615,1,1,2,1.0,3,37068,M,0.0,0.0,37
201400009843,14,1,17,1915,5,2,1,1.0,1,37153,M,0.0,0.0,37
201400009844,14,1,25,1845,5,2,1,2.0,6,37153,M,0.0,0.0,37
201400009845,14,3,7,1645,1,1,1,1.0,1,37281,M,0.0,0.0,37
201400009846,14,3,5,1830,1,1,2,1.0,3,37169,M,0.0,0.0,37
201400009847,14,4,17,1800,1,1,1,1.0,4,37153,M,0.0,0.0,37
201400009848,14,5,17,1415,1,1,1,1.0,1,37052,M,0.0,0.0,37
201400009849,14,5,18,1730,1,1,1,1.0,3,37281,M,0.0,0.0,37
201400009850,14,7,17,1030,1,2,2,1.0,3,37281,M,0.0,0.0,37
201400009851,14,7,22,2130,1,2,1,1.0,6,37153,M,0.0,0.0,37
201400009852,14,8,5,1615,1,1,1,1.0,7,37153,M,0.0,0.0,37
201400009853,14,8,31,800,1,1,1,1.0,6,37224,M,0.0,0.0,37
201400009854,14,9,8,300,3,1,1,1.0,7,37153,M,0.0,0.0,37
201400009855,14,9,11,715,2,2,2,1.0,3,37281,M,0.0,0.0,37
201400009856,14,10,10,800,1,1,1,5.0,1,37009,M,0.0,0.0,37
201400009857,14,12,9,200,3,1,1,9.0,7,37063,M,0.0,0.0,37
201400009858,14,12,17,2000,5,2,1,2.0,6,37052,M,0.0,0.0,37
201400009859,14,2,2,1845,3,1,1,1.0,7,37210,M,0.0,0.0,37
201400009860,14,2,18,730,2,1,1,1.0,3,37076,M,0.0,0.0,37
201400009861,14,4,3,1915,1,1,1,3.0,1,37118,M,0.0,0.0,37
201400009862,14,4,6,1830,1,1,1,1.0,6,37024,M,0.0,0.0,37
201400009863,14,4,17,2100,1,1,1,1.0,5,37031,M,0.0,0.0,37
201400009864,14,5,3,1015,1,1,1,1.0,1,37072,M,0.0,0.0,37
201400009865,14,6,7,200,3,1,1,1.0,7,37074,M,0.0,0.0,37
201400009866,14,6,26,1330,1,2,1,1.0,1,37074,M,0.0,0.0,37
201400009867,14,7,3,1400,1,2,2,1.0,3,37031,M,0.0,0.0,37
201400009868,14,8,9,1745,1,2,9,1.0,6,37058,M,0.0,0.0,37
201400009869,14,8,23,1100,1,1,3,1.0,3,37074,M,0.0,0.0,37
201400009870,14,8,31,1330,1,1,1,1.0,5,37120,M,0.0,0.0,37
201400009871,14,9,10,1930,1,1,2,1.0,7,37120,M,0.0,0.0,37
201400009872,14,9,16,1945,2,1,1,1.0,1,37031,M,0.0,0.0,37
201400009873,14,9,21,130,3,1,1,2.0,7,37058,M,0.0,0.0,37
201400009874,14,12,11,1430,1,2,1,1.0,6,37011,M,0.0,0.0,37
201400009875,14,1,7,1715,1,1,1,8.0,1,37232,M,0.0,0.0,37
201400009876,14,3,7,845,1,1,1,1.0,3,37205,M,0.0,0.0,37
201400009877,14,3,17,45,3,1,1,1.0,6,37128,M,0.0,0.0,37
201400009878,14,5,9,2015,1,1,1,1.0,6,37257,M,0.0,0.0,37
201400009879,14,6,14,1815,1,1,1,1.0,6,37150,M,0.0,0.0,37
201400009880,14,7,16,1415,1,1,1,1.0,1,37014,M,0.0,0.0,37
201400009881,14,8,20,1045,1,1,9,1.0,1,37077,M,0.0,0.0,37
201400009882,14,8,27,1815,1,1,1,1.0,2,37200,M,0.0,0.0,37
201400009883,14,10,5,1715,1,1,1,1.0,3,37067,M,0.0,0.0,37
201400009884,14,11,4,1900,3,1,1,1.0,1,37200,M,0.0,0.0,37