Num_Acc,an,mois,jour,hrmn,lum,agg,int,atm,col,com,gps,lat,long,dep
201400009885,14,4,2,2030,1,1,1,1.0,6,37065,M,0.0,0.0,37
201400009886,14,4,11,800,1,2,1,7.0,6,37165,M,0.0,0.0,37
201400009887,14,5,16,1145,1,1,1,1.0,3,37178,M,0.0,0.0,37
201400009888,14,6,20,2115,1,1,1,1.0,1,37012,M,0.0,0.0,37
201400009889,14,7,6,645,1,1,1,2.0,6,37129,M,0.0,0.0,37
201400009890,14,8,8,1445,1,1,1,1.0,3,37226,M,0.0,0.0,37
201400009891,14,8,28,1800,1,1,9,1.0,1,37004,M,0.0,0.0,37
201400009892,14,9,13,1330,1,2,1,1.0,3,37180,M,0.0,0.0,37
201400009893,14,10,29,2145,5,2,1,1.0,6,37226,M,0.0,0.0,37
201400009894,14,11,6,1830,3,1,1,1.0,6,37260,M,0.0,0.0,37
201400009895,14,12,26,215,3,1,1,1.0,6,37176,M,0.0,0.0,37
201400009896,14,5,15,1730,1,1,1,1.0,1,37049,M,0.0,0.0,37
201400009897,14,6,18,745,1,1,1,1.0,5,37183,M,0.0,0.0,37
201400009898,14,7,4,330,3,1,1,1.0,6,37023,M,0.0,0.0,37
201400009899,14,7,9,745,1,2,1,1.0,1,37066,M,0.0,0.0,37
201400009900,14,8,9,1615,1,1,1,1.0,6,37046,M,0.0,0.0,37
201400009901,14,9,22,815,1,1,1,1.0,6,37039,M,0.0,0.0,37
201400009902,14,1,28,1400,1,1,1,1.0,1,37113,M,0.0,0.0,37
201400009903,14,3,6,830,1,1,3,7.0,1,37181,M,0.0,0.0,37
201400009904,14,3,12,1730,1,1,1,1.0,6,37113,M,0.0,0.0,37
201400009905,14,4,29,1115,1,1,1,2.0,7,37044,M,0.0,0.0,37
201400009906,14,6,4,1745,1,1,1,2.0,7,37181,M,0.0,0.0,37
201400009907,14,7,27,1130,1,1,2,1.0,3,37107,M,0.0,0.0,37
201400009908,14,8,16,1145,1,1,1,1.0,2,37033,M,0.0,0.0,37
201400009909,14,9,27,2115,3,1,1,1.0,7,37028,M,0.0,0.0,37
201400009910,14,6,10,1030,1,1,1,1.0,6,37029,M,0.0,0.0,37
201400009911,14,12,27,745,1,1,1,9.0,5,37098,M,0.0,0.0,37
201400009912,14,3,9,300,3,1,1,1.0,6,37211,M,0.0,0.0,37
201400009913,14,3,21,645,2,1,1,1.0,3,37104,M,0.0,0.0,37
201400009914,14,3,22,1115,1,2,1,1.0,6,37006,M,0.0,0.0,37
201400009915,14,4,4,2245,5,2,7,1.0,6,37211,M,0.0,0.0,37
201400009916,14,5,13,1645,1,1,1,1.0,1,37085,M,0.0,0.0,37
201400009917,14,6,17,1745,1,1,1,1.0,1,37104,M,0.0,0.0,37
201400009918,14,7,14,30,3,2,3,1.0,3,37154,M,0.0,0.0,37
201400009919,14,8,7,2245,3,1,1,1.0,7,37250,M,0.0,0.0,37
201400009920,14,9,6,515,3,1,1,5.0,6,37211,M,0.0,0.0,37
201400009921,14,10,11,1615,1,2,1,1.0,1,37159,M,0.0,0.0,37
201400009922,14,5,17,2345,3,1,1,1.0,7,37133,M,0.0,0.0,37
201400009923,14,6,5,1730,1,2,1,1.0,3,41061,M,4750000.0,139700.0,41
201400009924,14,11,4,1800,3,1,2,1.0,3,41067,M,4750400.0,146300.0,41
201400009925,14,11,8,645,3,1,1,1.0,6,41031,M,4754700.0,137600.0,41
201400009926,14,11,12,1730,1,2,1,1.0,6,41032,M,4752800.0,130500.0,41
201400009927,14,4,1,1900,1,1,1,1.0,7,41221,M,4784200.0,136000.0,41
201400009928,14,4,25,1215,1,1,1,1.0,6,41244,M,4793000.0,137000.0,41
201400009929,14,10,27,1845,2,1,1,1.0,2,41283,M,4770700.0,117600.0,41
201400009930,14,10,29,930,1,2,1,1.0,6,41173,M,4791500.0,152900.0,41
201400009931,14,1,25,1200,1,1,1,8.0,1,41085,M,4765700.0,169700.0,41
201400009932,14,1,30,745,5,1,9,8.0,6,41220,M,4769500.0,157400.0,41
201400009933,14,3,22,1615,1,1,1,1.0,7,41288,M,4766900.0,137500.0,41
201400009934,14,5,13,730,1,2,2,1.0,5,41155,M,4767400.0,153100.0,41
201400009935,14,6,22,1745,1,1,1,1.0,3,41220,M,4774800.0,164100.0,41
201400009936,14,7,16,900,1,1,1,1.0,6,41136,M,4770800.0,151000.0,41
201400009937,14,7,26,400,3,1,1,1.0,6,41206,M,4762600.0,137800.0,41
201400009938,14,7,26,1215,1,1,1,1.0,2,41207,M,4765900.0,150300.0,41
201400009939,14,8,3,1215,1,2,6,7.0,2,41220,M,4771200.0,160400.0,41
201400009940,14,8,8,1845,1,2,2,3.0,3,41155,M,4767500.0,153100.0,41
201400009941,14,8,20,815,1,1,1,1.0,6,41207,M,4765800.0,148200.0,41
201400009942,14,8,28,2230,5,2,1,1.0,7,41136,M,4771300.0,149700.0,41
201400009943,14,10,17,1745,2,1,1,1.0,2,41008,M,4773400.0,155500.0,41
201400009944,14,10,26,445,3,1,6,5.0,7,41136,M,4771700.0,152700.0,41
201400009945,14,10,26,1600,1,1,1,1.0,7,41220,M,4767800.0,157200.0,41
201400009946,14,12,5,2330,3,2,1,1.0,3,41136,M,4770000.0,151000.0,41
201400009947,14,12,19,1215,1,1,1,2.0,1,41039,M,4771300.0,145000.0,41
201400009948,14,4,25,1900,1,1,1,1.0,6,41152,M,4755900.0,173000.0,41
201400009949,14,11,15,2115,4,2,1,2.0,6,41242,M,4727400.0,155500.0,41
201400009950,14,1,24,800,5,2,4,2.0,5,41010,M,4785300.0,99200.0,41
201400009951,14,2,23,1600,1,1,1,1.0,3,33214,M,0.0,0.0,33
201400009952,14,6,21,500,3,1,1,1.0,6,33333,M,0.0,0.0,33
201400009953,14,8,17,230,4,2,6,1.0,7,33333,M,0.0,0.0,33
201400009954,14,10,7,1015,1,1,1,8.0,2,33503,M,0.0,0.0,33
201400009955,14,10,13,1230,1,2,1,8.0,1,33214,M,0.0,0.0,33
201400009956,14,3,7,2000,5,2,1,1.0,6,29147,M,4788719.0,-353114.0,29
201400009957,14,4,20,2330,3,2,6,2.0,6,29233,M,4787264.0,-354699.0,29
201400009958,14,5,17,1015,1,1,1,1.0,1,29002,M,4790150.0,-344044.0,29
201400009959,14,8,12,1845,1,1,1,1.0,2,29233,M,4787258.0,-354754.0,29
201400009960,14,10,13,1330,1,2,1,1.0,2,29233,M,4787218.0,-355433.0,29
201400009961,14,10,16,1645,1,2,1,2.0,1,29233,M,4786609.0,-353246.0,29
201400009962,14,12,18,1815,5,2,1,2.0,6,29233,M,4787229.0,-354661.0,29
201400009963,14,2,15,1545,1,1,1,1.0,6,29153,M,4781917.0,-379258.0,29
201400009964,14,7,4,915,1,2,6,7.0,3,29150,M,4780470.0,-362815.0,29
201400009965,14,7,19,1515,1,2,1,1.0,3,29031,M,4778985.0,-358191.0,29
201400009966,14,3,13,730,2,2,1,8.0,7,29241,M,0.0,0.0,29
201400009967,14,3,17,930,1,1,1,1.0,3,29274,M,0.0,0.0,29
201400009968,14,4,9,1700,1,2,1,1.0,1,29049,M,4799837.0,-389072.0,29
201400009969,14,6,8,1700,1,1,1,1.0,1,29281,M,4802527.0,-382547.0,29
201400009970,14,6,14,2000,1,1,1,1.0,6,29281,M,4802527.0,-382547.0,29
201400009971,14,7,17,315,3,1,1,1.0,6,29049,M,4799521.0,-389036.0,29
201400009972,14,7,27,1745,1,1,1,1.0,6,29049,M,4799521.0,-389036.0,29
201400009973,14,9,12,730,2,1,1,1.0,6,29241,M,4795931.0,-382802.0,29
201400009974,14,10,6,1600,1,2,1,1.0,3,29004,M,4793032.0,-369108.0,29
201400009975,14,10,31,1845,3,1,1,1.0,1,29049,M,4799521.0,-389036.0,29
201400009976,14,11,15,430,3,1,1,2.0,7,29274,M,4802739.0,-370316.0,29
201400009977,14,11,24,1000,1,1,1,1.0,1,29049,M,4799521.0,-389036.0,29
201400009978,14,12,7,1900,5,2,1,1.0,6,29274,M,4802028.0,-371840.0,29
201400009979,14,12,17,2045,5,2,1,2.0,3,29274,M,4802725.0,-370298.0,29
201400009980,14,12,17,1530,1,2,1,2.0,6,29274,M,4802672.0,-370205.0,29
201400009981,14,1,22,1015,1,2,3,1.0,6,13104,M,0.0,0.0,13
201400009982,14,6,29,1215,1,2,1,1.0,3,13021,M,0.0,0.0,13
201400009983,14,3,30,1500,1,1,1,1.0,1,95652,M,4913590.0,238060.0,95
201400009984,14,3,6,1815,1,2,6,1.0,2,44020,M,0.0,0.0,44
201400009985,14,7,30,2245,3,1,1,1.0,6,44020,M,0.0,0.0,44
201400009986,14,2,19,2030,5,2,1,8.0,6,33199,M,4463200.0,-106100.0,33
201400009987,14,2,20,2130,3,2,1,1.0,1,33199,M,0.0,0.0,33
201400009988,14,3,10,1215,1,2,1,1.0,1,33199,M,0.0,0.0,33
201400009989,14,5,3,1045,1,2,1,1.0,3,33199,M,4464100.0,-108800.0,33
201400009990,14,8,25,1730,1,2,1,1.0,3,33199,M,0.0,0.0,33
201400009991,14,9,21,2000,5,2,6,1.0,7,33527,M,0.0,0.0,33
201400009992,14,11,6,1500,1,2,1,1.0,3,33199,M,0.0,0.0,33
201400009993,14,2,24,1615,1,1,1,1.0,1,87169,M,0.0,0.0,87
201400009994,14,4,2,2130,3,1,1,1.0,6,87151,M,0.0,0.0,87
201400009995,14,5,10,1615,1,1,1,1.0,1,87146,M,0.0,0.0,87
201400009996,14,5,24,2115,2,1,1,1.0,6,87039,M,4594300.0,156100.0,87
201400009997,14,6,20,900,1,1,1,1.0,3,87205,M,0.0,0.0,87
201400009998,14,12,17,1230,1,1,1,2.0,3,87205,M,0.0,0.0,87
201400009999,14,12,20,900,1,1,1,8.0,7,87039,M,0.0,0.0,87
201400010000,14,1,7,1540,1,2,3,1.0,6,06004,M,,,06
201400010001,14,1,9,1755,5,2,1,1.0,2,06004,M,,,06
201400010002,14,1,9,1940,5,2,3,1.0,3,06155,M,,,06
201400010003,14,1,14,1605,1,2,1,1.0,6,06004,M,,,06
201400010004,14,1,15,2230,5,2,1,1.0,6,06004,M,,,06
201400010005,14,1,21,1030,1,2,1,1.0,6,06004,M,,,06
201400010006,14,1,22,1635,1,2,1,1.0,6,06155,M,,,06
201400010007,14,1,24,1225,1,2,3,7.0,3,06004,M,,,06
201400010008,14,1,28,1000,1,2,1,7.0,6,06004,M,,,06
201400010009,14,1,30,1015,1,1,1,2.0,6,06004,M,,,06
201400010010,14,2,6,1553,1,2,1,1.0,6,06004,M,,,06
201400010011,14,2,6,2350,5,2,4,1.0,3,06155,M,,,06
201400010012,14,2,8,103,5,2,1,1.0,6,06155,M,,,06
201400010013,14,2,14,1831,5,2,2,1.0,3,06004,M,,,06
201400010014,14,2,21,900,1,2,1,1.0,6,06155,M,4357883.0,705458.0,06
201400010015,14,2,21,1825,2,2,1,1.0,3,06004,M,,,06
201400010016,14,2,22,1421,1,2,4,1.0,3,06004,M,,,06
201400010017,14,2,24,1350,1,2,1,1.0,6,06004,M,,,06
201400010018,14,2,27,1714,2,1,1,1.0,5,06155,M,,,06
201400010019,14,2,27,2130,5,2,6,1.0,6,06004,M,,,06
201400010020,14,3,1,1056,1,2,1,1.0,2,06004,M,,,06
201400010021,14,3,3,1227,1,1,1,3.0,4,06004,M,4360260.0,708697.0,06
201400010022,14,3,5,1830,5,2,1,1.0,6,06004,M,,,06
201400010023,14,3,6,901,1,2,1,1.0,6,06004,M,,,06
201400010024,14,3,7,1415,1,2,1,1.0,6,06004,M,,,06
201400010025,14,3,12,1215,1,2,1,1.0,2,06155,M,,,06
201400010026,14,3,14,1745,1,2,6,1.0,2,06004,M,,,06
201400010027,14,3,17,1324,1,2,3,1.0,2,06155,M,4357053.0,708052.0,06
201400010028,14,3,19,855,1,2,9,1.0,3,06155,M,,,06
201400010029,14,3,26,1440,1,2,1,1.0,3,06004,M,,,06
201400010030,14,4,2,815,1,2,1,1.0,2,06004,M,,,06
201400010031,14,4,3,1410,1,2,1,8.0,2,06004,M,4360144.0,709378.0,06
201400010032,14,4,3,2025,3,2,3,8.0,3,06004,M,,,06
201400010033,14,4,5,504,1,2,1,1.0,3,06004,M,,,06
201400010034,14,4,7,515,5,2,1,1.0,6,06155,M,,,06
201400010035,14,4,7,909,1,2,1,1.0,6,06004,M,,,06
201400010036,14,4,4,940,1,2,1,1.0,2,06004,M,,,06
201400010037,14,4,9,2240,5,2,1,1.0,6,06004,M,,,06
201400010038,14,4,10,1447,1,2,1,1.0,2,06155,M,,,06
201400010039,14,4,18,1405,1,2,1,1.0,2,06004,M,,,06
201400010040,14,4,28,1725,1,2,1,1.0,4,06004,M,,,06
201400010041,14,5,6,1900,1,2,1,1.0,6,06004,M,,,06
201400010042,14,5,8,1618,1,2,1,1.0,2,06004,M,,,06
201400010043,14,5,10,105,5,2,3,1.0,3,06004,M,,,06
201400010044,14,5,15,842,1,2,3,1.0,3,06004,M,,,06
201400010045,14,5,19,256,5,2,1,2.0,6,06004,M,,,06
201400010046,14,5,21,1426,1,2,1,1.0,2,06155,M,,,06
201400010047,14,5,23,820,1,2,2,1.0,5,06004,M,,,06
201400010048,14,5,24,1420,1,2,1,1.0,3,06004,M,,,06
201400010049,14,5,27,1830,1,2,1,1.0,2,06004,M,,,06
201400010050,14,6,2,1545,1,2,3,1.0,3,06004,M,,,06
201400010051,14,6,8,1745,1,2,1,1.0,6,06004,M,,,06
201400010052,14,6,11,1920,1,2,1,1.0,3,06004,M,,,06
201400010053,14,6,14,1308,1,2,1,1.0,3,06004,M,,,06
201400010054,14,6,21,1245,1,2,1,1.0,1,06004,M,,,06
201400010055,14,6,24,1200,1,2,1,1.0,3,06004,M,,,06
201400010056,14,6,23,1920,1,2,9,1.0,3,06004,M,,,06
201400010057,14,6,28,610,2,2,1,1.0,1,06004,M,,,06
201400010058,14,6,28,2252,3,1,1,1.0,6,06004,M,,,06
201400010059,14,6,30,1450,1,1,1,1.0,1,06155,M,,,06
201400010060,14,7,2,252,5,2,1,1.0,6,06155,M,,,06
201400010061,14,7,2,1450,1,2,1,1.0,3,06004,M,,,06
201400010062,14,7,3,1525,1,2,1,1.0,3,06004,M,,,06
201400010063,14,7,8,1215,1,2,1,1.0,2,06004,M,,,06
201400010064,14,7,9,1250,1,2,1,1.0,3,06004,M,,,06
201400010065,14,7,10,1050,1,2,3,1.0,6,06004,M,,,06
201400010066,14,7,13,1300,1,2,1,1.0,3,06004,M,,,06
201400010067,14,7,24,1638,1,2,1,1.0,6,06004,M,,,06
201400010068,14,7,25,1715,1,2,1,1.0,6,06004,M,,,06
201400010069,14,7,28,1345,1,2,3,1.0,3,06004,M,,,06
201400010070,14,7,30,2110,5,2,1,1.0,1,06004,M,,,06
201400010071,14,8,2,1700,1,2,3,1.0,3,06004,M,,,06
201400010072,14,8,7,1900,1,2,1,1.0,7,06004,M,,,06
201400010073,14,8,9,345,5,2,1,1.0,7,06155,M,,,06
201400010074,14,8,10,1843,1,2,1,1.0,6,06004,M,,,06
201400010075,14,8,10,2356,5,2,2,1.0,3,06004,M,,,06
201400010076,14,8,16,432,5,2,6,1.0,3,06004,M,,,06
201400010077,14,8,21,320,5,2,1,1.0,6,06004,M,,,06
201400010078,14,8,22,1405,1,2,1,1.0,6,06155,M,,,06
201400010079,14,8,25,723,1,2,6,1.0,3,06004,M,,,06
201400010080,14,8,28,1940,1,2,1,1.0,1,06004,M,,,06
201400010081,14,8,30,845,1,2,1,1.0,2,06004,M,,,06
201400010082,14,8,30,1805,1,2,9,1.0,6,06004,M,,,06
201400010083,14,9,1,2330,5,2,9,1.0,3,06004,M,,,06
201400010084,14,9,3,950,1,2,1,1.0,3,06004,M,,,06
201400010085,14,9,3,1806,1,2,1,1.0,6,06155,M,,,06
201400010086,14,9,5,1030,1,2,1,1.0,6,06155,M,,,06
201400010087,14,9,6,2235,5,2,1,1.0,3,06004,M,,,06
201400010088,14,9,8,1730,1,2,1,1.0,5,06004,M,,,06
201400010089,14,9,10,1741,1,2,1,1.0,2,06004,M,,,06
201400010090,14,9,11,110,5,2,2,1.0,3,06004,M,,,06
201400010091,14,8,24,9,5,2,1,1.0,3,06004,M,,,06
201400010092,14,9,18,40,5,2,1,1.0,6,06004,M,,,06
201400010093,14,9,18,710,1,2,2,1.0,3,06004,M,,,06
201400010094,14,9,22,840,1,2,1,1.0,6,06155,M,,,06
201400010095,14,9,26,1130,1,2,1,1.0,1,06004,M,,,06
201400010096,14,9,27,1935,5,2,1,1.0,6,06004,M,,,06
201400010097,14,10,1,930,1,1,6,1.0,2,06004,M,,,06
201400010098,14,10,2,939,1,2,1,1.0,1,06004,M,,,06
201400010099,14,10,10,1000,1,2,1,1.0,6,06004,M,,,06
201400010100,14,10,15,935,1,2,2,1.0,3,06155,M,,,06
201400010101,14,10,16,2110,5,2,1,1.0,7,06155,M,,,06
201400010102,14,10,25,1655,1,2,1,1.0,3,06004,M,,,06
201400010103,14,10,30,850,1,2,1,1.0,3,06004,M,,,06
201400010104,14,11,3,1959,5,2,2,3.0,3,06004,M,,,06
201400010105,14,11,6,1310,1,2,1,1.0,3,06004,M,,,06
201400010106,14,11,18,1447,1,2,1,1.0,3,06004,M,,,06
201400010107,14,11,20,1350,1,2,4,1.0,6,06004,M,,,06
201400010108,14,11,21,1115,1,2,1,1.0,6,06004,M,,,06
201400010109,14,11,22,1720,5,2,1,1.0,3,06004,M,,,06
201400010110,14,11,23,630,2,2,2,1.0,3,06004,M,,,06
201400010111,14,11,30,1840,5,2,1,2.0,6,06155,M,,,06
201400010112,14,12,7,1950,5,2,1,1.0,6,06155,M,,,06
201400010113,14,12,9,1550,1,2,1,1.0,3,06004,M,,,06
201400010114,14,12,13,1630,1,2,1,1.0,6,06155,M,,,06
201400010115,14,12,18,1630,1,2,3,1.0,7,06004,M,,,06
201400010116,14,12,24,655,1,1,1,1.0,2,06155,M,,,06
201400010117,14,12,29,1830,5,2,3,1.0,3,06004,M,,,06
201400010118,14,12,30,1300,1,1,1,1.0,3,06155,M,,,06
201400010119,14,1,3,1800,1,2,2,1.0,3,06027,M,,,06
201400010120,14,1,3,1945,5,2,1,2.0,3,06123,M,,,06
201400010121,14,1,8,1120,1,2,1,1.0,6,06123,M,,,06
201400010122,14,1,9,1450,1,2,3,1.0,3,06027,M,,,06
201400010123,14,1,9,1640,1,2,6,1.0,3,06027,M,,,06
201400010124,14,1,10,1415,1,2,2,1.0,6,06027,M,,,06
201400010125,14,1,10,1610,1,2,3,1.0,3,06123,M,,,06
201400010126,14,1,12,1515,1,2,1,1.0,2,06027,M,,,06
201400010127,14,1,15,1750,1,2,1,1.0,6,06027,M,,,06
201400010128,14,1,16,900,1,2,4,2.0,3,06123,M,,,06
201400010129,14,1,20,910,1,2,2,1.0,3,06027,M,,,06
201400010130,14,1,21,1840,5,2,3,1.0,3,06123,M,,,06
201400010131,14,1,22,1130,1,2,1,1.0,3,06123,M,,,06
201400010132,14,1,23,950,1,2,1,1.0,3,06123,M,,,06
201400010133,14,1,24,1500,1,2,1,1.0,6,06123,M,,,06
201400010134,14,1,27,1000,1,2,1,1.0,5,06123,M,,,06
201400010135,14,1,28,950,1,2,1,1.0,2,06027,M,,,06
201400010136,14,1,29,1000,1,2,1,2.0,6,06027,M,,,06
201400010137,14,1,30,1310,1,2,3,3.0,3,06027,M,,,06
201400010138,14,2,1,1020,1,2,6,1.0,6,06027,M,,,06
201400010139,14,2,12,1550,1,2,2,1.0,3,06123,M,,,06
201400010140,14,2,15,1810,2,2,1,1.0,7,06123,M,,,06
201400010141,14,2,18,850,1,2,1,1.0,2,06027,M,,,06
201400010142,14,2,19,1230,1,2,1,1.0,3,06123,M,,,06
201400010143,14,2,20,1835,1,2,1,1.0,3,06123,M,,,06
201400010144,14,2,22,1130,1,2,1,1.0,3,06123,M,,,06
201400010145,14,2,24,820,1,2,1,1.0,2,06123,M,,,06
201400010146,14,2,25,1030,1,2,1,1.0,5,06027,M,,,06
201400010147,14,2,28,1345,1,2,6,1.0,3,06027,M,,,06
201400010148,14,3,1,945,1,2,1,1.0,2,06027,M,,,06
201400010149,14,3,3,1115,1,2,1,2.0,3,06027,M,,,06
201400010150,14,3,4,120,5,2,1,1.0,6,06027,M,,,06
201400010151,14,3,4,1150,1,2,1,1.0,3,06027,M,,,06
201400010152,14,3,8,1800,1,2,1,1.0,3,06123,M,,,06
201400010153,14,3,12,1145,1,2,1,1.0,4,06027,M,,,06
201400010154,14,3,13,1650,1,2,1,1.0,2,06027,M,,,06
201400010155,14,3,17,1215,1,2,1,1.0,6,06027,M,,,06
201400010156,14,3,19,1535,1,2,1,1.0,3,06027,M,,,06
201400010157,14,3,24,840,1,2,1,1.0,1,06123,M,,,06
201400010158,14,3,24,1450,1,2,2,1.0,3,06027,M,,,06
201400010159,14,3,25,1115,1,2,4,1.0,2,06123,M,,,06
201400010160,14,3,31,1515,1,2,3,1.0,6,06123,M,,,06
201400010161,14,4,1,1300,1,2,2,1.0,3,06027,M,,,06
201400010162,14,4,4,1400,1,2,1,1.0,3,06123,M,,,06
201400010163,14,4,8,1220,1,2,1,1.0,5,06123,M,,,06
201400010164,14,4,9,1220,1,2,2,1.0,3,06027,M,,,06
201400010165,14,4,14,845,1,2,1,1.0,2,06027,M,,,06
201400010166,14,4,16,1045,1,2,1,1.0,2,06027,M,,,06
201400010167,14,4,18,2235,5,2,3,1.0,3,06027,M,,,06
201400010168,14,4,20,1130,1,2,1,1.0,2,06027,M,,,06
201400010169,14,4,23,1300,1,2,1,1.0,3,06027,M,,,06
201400010170,14,4,28,1515,1,2,1,1.0,6,06027,M,,,06
201400010171,14,4,28,2015,2,2,3,1.0,6,06027,M,,,06
201400010172,14,4,28,1400,1,2,6,1.0,6,06027,M,,,06
201400010173,14,4,30,1610,1,2,1,1.0,3,06123,M,,,06
201400010174,14,5,7,1250,1,2,1,1.0,6,06027,M,,,06
201400010175,14,5,7,1700,1,2,1,1.0,3,06027,M,,,06
201400010176,14,5,10,1330,1,2,1,1.0,6,06027,M,,,06
201400010177,14,5,11,2110,5,2,2,1.0,1,06027,M,,,06
201400010178,14,5,14,1600,1,2,2,1.0,5,06027,M,,,06
201400010179,14,5,15,1630,1,2,1,1.0,4,06123,M,,,06
201400010180,14,5,16,2240,5,2,1,1.0,3,06027,M,,,06
201400010181,14,5,20,1145,1,2,1,1.0,2,06123,M,,,06
201400010182,14,5,23,1210,1,2,3,1.0,3,06123,M,,,06
201400010183,14,5,23,2325,5,2,1,1.0,2,06123,M,,,06
201400010184,14,5,23,2100,2,2,1,1.0,6,06027,M,,,06
201400010185,14,5,28,915,1,2,1,1.0,4,06027,M,,,06
201400010186,14,5,29,1100,1,2,1,1.0,2,06027,M,,,06
201400010187,14,5,31,2140,5,2,3,1.0,3,06123,M,,,06
201400010188,14,6,2,1230,1,2,1,1.0,1,06027,M,,,06
201400010189,14,6,2,1545,1,2,1,1.0,4,06027,M,,,06
201400010190,14,6,2,1915,1,2,1,1.0,2,06123,M,,,06
201400010191,14,6,4,1650,1,2,6,1.0,3,06123,M,,,06
201400010192,14,6,5,1535,1,2,1,1.0,6,06027,M,,,06
201400010193,14,6,6,920,1,2,1,1.0,3,06027,M,,,06
201400010194,14,6,7,1225,1,2,1,1.0,2,06027,M,,,06
201400010195,14,6,9,830,1,2,3,1.0,3,06123,M,,,06
201400010196,14,6,10,1040,1,2,1,1.0,6,06027,M,,,06
201400010197,14,6,12,1850,1,2,1,1.0,2,06027,M,,,06
201400010198,14,6,12,1710,1,2,1,1.0,3,06027,M,,,06
201400010199,14,6,16,2015,2,2,1,2.0,1,06123,M,,,06
201400010200,14,6,17,1840,1,2,1,1.0,3,06123,M,,,06
201400010201,14,6,18,1845,1,2,1,1.0,6,06123,M,,,06
201400010202,14,6,20,2330,5,2,2,1.0,3,06027,M,,,06
201400010203,14,6,24,1430,1,1,1,1.0,6,06027,M,,,06
201400010204,14,6,26,820,1,2,1,1.0,3,06027,M,,,06
201400010205,14,7,1,925,1,2,3,1.0,1,06123,M,,,06
201400010206,14,7,4,945,1,2,1,1.0,1,06123,M,,,06
201400010207,14,7,8,840,1,2,1,1.0,3,06123,M,,,06
201400010208,14,7,10,1045,1,2,1,1.0,1,06123,M,,,06
201400010209,14,7,12,1430,1,2,1,1.0,6,06027,M,,,06
201400010210,14,7,15,1040,1,2,2,1.0,6,06027,M,,,06
201400010211,14,7,15,715,1,2,1,1.0,3,06027,M,,,06
201400010212,14,7,16,845,1,2,3,1.0,1,06123,M,,,06
201400010213,14,7,16,2030,2,2,1,1.0,3,06123,M,,,06
201400010214,14,7,18,1130,1,2,1,1.0,4,06027,M,,,06
201400010215,14,7,20,55,5,2,1,1.0,6,06123,M,,,06
201400010216,14,7,22,1705,1,2,1,1.0,2,06027,M,,,06
201400010217,14,7,22,2310,5,2,2,1.0,3,06027,M,,,06
201400010218,14,7,27,1810,1,2,1,1.0,6,06027,M,,,06
201400010219,14,7,27,2040,2,2,4,1.0,3,06123,M,,,06
201400010220,14,7,31,745,1,2,3,1.0,2,06027,M,,,06
201400010221,14,7,31,815,1,2,1,1.0,3,06027,M,,,06
201400010222,14,8,2,1825,1,2,3,1.0,3,06123,M,,,06
201400010223,14,8,3,1800,1,2,1,1.0,1,06027,M,,,06
201400010224,14,8,4,1200,1,2,1,1.0,4,06027,M,,,06
201400010225,14,8,5,2200,5,2,3,1.0,3,06027,M,,,06
201400010226,14,8,14,1835,1,2,1,1.0,1,06027,M,,,06
201400010227,14,8,14,2130,5,2,1,1.0,3,06027,M,,,06
201400010228,14,8,16,1500,1,2,6,1.0,6,06123,M,,,06
201400010229,14,8,22,1430,1,2,1,1.0,6,06123,M,,,06
201400010230,14,8,28,1745,1,2,6,1.0,3,06123,M,,,06
201400010231,14,8,29,1030,1,2,3,1.0,6,06123,M,,,06
201400010232,14,9,1,2150,5,2,1,1.0,3,06027,M,,,06
201400010233,14,9,2,1845,1,2,1,1.0,3,06027,M,,,06
201400010234,14,8,31,2110,2,2,1,1.0,3,06123,M,,,06
201400010235,14,9,3,1800,1,2,1,1.0,3,06027,M,,,06
201400010236,14,9,7,1350,1,2,1,1.0,2,06123,M,,,06
201400010237,14,9,8,1920,1,2,1,1.0,4,06123,M,,,06
201400010238,14,9,9,1900,2,2,1,1.0,2,06123,M,,,06
201400010239,14,9,9,2300,5,2,2,1.0,3,06027,M,,,06
201400010240,14,9,11,1530,1,2,1,1.0,2,06027,M,,,06
201400010241,14,9,17,820,1,2,2,1.0,3,06027,M,,,06
201400010242,14,9,24,1325,1,2,1,1.0,1,06123,M,,,06
201400010243,14,9,24,2010,5,2,3,1.0,6,06123,M,,,06
201400010244,14,9,25,1315,1,2,1,1.0,1,06123,M,,,06
201400010245,14,9,26,2340,5,2,1,1.0,3,06027,M,,,06
201400010246,14,9,28,1930,2,2,3,1.0,3,06027,M,,,06
201400010247,14,9,29,315,5,2,1,1.0,7,06027,M,,,06
201400010248,14,10,4,1710,1,2,1,1.0,2,06027,M,,,06
201400010249,14,10,8,1255,1,2,3,1.0,2,06027,M,,,06
201400010250,14,10,8,1330,1,2,1,1.0,6,06027,M,,,06
201400010251,14,10,9,1110,1,2,3,1.0,2,06123,M,,,06
201400010252,14,10,14,810,1,2,1,2.0,2,06027,M,,,06
201400010253,14,10,16,1750,1,2,6,1.0,3,06027,M,,,06
201400010254,14,10,17,740,1,2,2,1.0,2,06027,M,,,06
201400010255,14,10,17,1810,1,2,1,1.0,2,06123,M,,,06
201400010256,14,10,20,1300,1,2,1,1.0,3,06027,M,,,06
201400010257,14,10,20,1815,1,2,1,1.0,6,06027,M,,,06
201400010258,14,10,21,1650,1,2,3,1.0,3,06123,M,,,06
201400010259,14,10,22,1035,1,2,3,1.0,3,06027,M,,,06
201400010260,14,10,23,1145,1,2,1,1.0,3,06027,M,,,06
201400010261,14,10,23,2300,5,2,1,1.0,3,06027,M,,,06
201400010262,14,10,25,1815,1,2,1,1.0,6,06027,M,,,06
201400010263,14,10,26,1625,1,2,1,1.0,3,06027,M,,,06
201400010264,14,10,28,1135,1,2,1,1.0,6,06027,M,,,06
201400010265,14,10,28,1540,1,2,1,1.0,7,06027,M,,,06