Num_Acc,an,mois,jour,hrmn,lum,agg,int,atm,col,com,gps,lat,long,dep
201400010672,14,9,10,1310,1,2,1,1.0,6,06069,M,,,06
201400010673,14,9,10,1330,1,2,1,1.0,7,06069,M,,,06
201400010674,14,9,10,1655,1,2,1,1.0,6,06069,M,,,06
201400010675,14,9,13,1000,1,2,1,1.0,1,06069,M,,,06
201400010676,14,9,15,1450,1,2,1,2.0,7,06069,M,,,06
201400010677,14,9,15,1710,1,2,1,3.0,6,06069,M,,,06
201400010678,14,9,15,1725,1,2,1,2.0,7,06069,M,,,06
201400010679,14,9,19,820,1,2,1,1.0,3,06069,M,,,06
201400010680,14,9,21,1320,1,2,1,1.0,7,06069,M,,,06
201400010681,14,9,19,1900,3,2,1,1.0,5,06069,M,,,06
201400010682,14,9,19,1815,1,2,1,1.0,1,06069,M,,,06
201400010683,14,9,23,2100,5,2,1,1.0,6,06069,M,,,06
201400010684,14,9,24,1815,1,2,1,1.0,2,06069,M,,,06
201400010685,14,9,24,1500,1,2,1,1.0,3,06069,M,,,06
201400010686,14,9,25,1305,1,2,3,1.0,3,06069,M,,,06
201400010687,14,9,26,957,1,2,1,1.0,7,06069,M,,,06
201400010688,14,9,27,1940,5,2,1,1.0,7,06069,M,,,06
201400010689,14,9,30,1628,1,2,1,3.0,1,06069,M,,,06
201400010690,14,10,1,815,1,2,1,1.0,2,06069,M,,,06
201400010691,14,10,2,800,1,2,1,1.0,3,06069,M,,,06
201400010692,14,10,3,1442,1,2,1,1.0,6,06069,M,,,06
201400010693,14,10,4,1530,1,1,1,1.0,1,06069,M,,,06
201400010694,14,10,5,1500,1,2,1,3.0,6,06069,M,,,06
201400010695,14,10,6,1350,1,2,1,1.0,7,06069,M,,,06
201400010696,14,10,6,1750,2,2,3,2.0,3,06069,M,,,06
201400010697,14,10,7,1140,1,2,1,2.0,6,06069,M,,,06
201400010698,14,10,7,1720,1,2,1,1.0,3,06069,M,,,06
201400010699,14,10,8,805,1,2,1,2.0,7,06069,M,,,06
201400010700,14,10,8,1640,1,2,1,1.0,6,06069,M,,,06
201400010701,14,10,10,1640,1,1,1,1.0,3,06069,M,,,06
201400010702,14,10,11,900,1,2,1,8.0,6,06069,M,,,06
201400010703,14,10,13,1050,1,2,1,2.0,2,06069,M,,,06
201400010704,14,10,13,1150,1,2,1,2.0,7,06069,M,,,06
201400010705,14,10,18,930,1,1,1,1.0,7,06069,M,,,06
201400010706,14,10,18,1800,1,2,1,1.0,3,06069,M,,,06
201400010707,14,10,19,815,1,2,1,1.0,3,06069,M,,,06
201400010708,14,10,20,1310,1,2,1,1.0,1,06069,M,,,06
201400010709,14,10,21,1420,1,2,1,1.0,7,06069,M,,,06
201400010710,14,10,21,1410,1,2,1,1.0,7,06069,M,,,06
201400010711,14,10,28,1520,1,2,1,1.0,3,06069,M,,,06
201400010712,14,10,26,1455,1,2,1,1.0,2,06069,M,,,06
201400010713,14,10,27,1600,1,2,1,8.0,1,06069,M,,,06
201400010714,14,10,30,2056,5,2,1,1.0,3,06069,M,,,06
201400010715,14,10,31,210,5,2,1,1.0,7,06069,M,,,06
201400010716,14,10,31,1730,5,2,2,1.0,3,06069,M,,,06
201400010717,14,11,3,735,1,2,3,8.0,1,06069,M,,,06
201400010718,14,11,3,1400,1,1,1,8.0,7,06069,M,,,06
201400010719,14,11,4,750,1,2,1,3.0,2,06069,M,,,06
201400010720,14,11,5,1255,1,2,1,2.0,1,06069,M,,,06
201400010721,14,11,5,1540,1,2,1,1.0,3,06069,M,,,06
201400010722,14,11,8,2030,4,2,1,1.0,3,06069,M,,,06
201400010723,14,11,12,1710,3,2,1,2.0,5,06069,M,,,06
201400010724,14,11,14,750,1,2,1,1.0,4,06069,M,,,06
201400010725,14,11,19,1650,2,2,6,1.0,2,06069,M,,,06
201400010726,14,11,22,1925,5,2,1,1.0,3,06069,M,,,06
201400010727,14,11,23,500,5,2,1,1.0,7,06069,M,,,06
201400010728,14,11,24,1530,1,2,1,1.0,2,06069,M,,,06
201400010729,14,11,26,1220,1,2,1,8.0,6,06069,M,,,06
201400010730,14,11,27,405,5,2,1,1.0,6,06069,M,,,06
201400010731,14,11,27,915,1,2,2,8.0,2,06069,M,,,06
201400010732,14,11,28,1050,1,1,1,2.0,7,06069,M,,,06
201400010733,14,11,28,1510,1,2,1,1.0,3,06069,M,,,06
201400010734,14,11,28,1900,5,2,1,1.0,3,06069,M,,,06
201400010735,14,11,29,1510,1,2,1,1.0,1,06069,M,,,06
201400010736,14,11,30,420,5,2,1,2.0,6,06069,M,,,06
201400010737,14,12,3,1040,1,2,1,1.0,2,06069,M,,,06
201400010738,14,12,5,1750,5,2,1,1.0,1,06069,M,,,06
201400010739,14,12,6,1600,1,2,1,2.0,5,06069,M,,,06
201400010740,14,12,11,1650,3,1,1,1.0,2,06069,M,,,06
201400010741,14,12,12,845,1,2,1,1.0,2,06069,M,,,06
201400010742,14,12,13,1100,1,2,4,1.0,1,06069,M,,,06
201400010743,14,12,13,1555,1,2,1,1.0,6,06069,M,,,06
201400010744,14,12,14,1500,1,1,1,8.0,7,06069,M,,,06
201400010745,14,12,13,1030,1,2,1,1.0,7,06069,M,,,06
201400010746,14,12,18,1546,1,2,1,1.0,7,06069,M,,,06
201400010747,14,12,22,1030,1,2,1,7.0,6,06069,M,,,06
201400010748,14,12,24,1919,5,2,1,1.0,1,06069,M,,,06
201400010749,14,12,25,1030,1,2,1,1.0,7,06069,M,,,06
201400010750,14,12,26,1855,5,1,1,1.0,7,06069,M,,,06
201400010751,14,12,30,1215,1,2,1,1.0,1,06069,M,,,06
201400010752,14,1,11,2253,3,2,1,1.0,7,06012,M,,,06
201400010753,14,1,12,1240,1,2,1,1.0,1,06104,M,,,06
201400010754,14,1,16,655,5,2,3,2.0,3,06012,M,,,06
201400010755,14,1,15,2015,5,2,3,1.0,1,06083,M,,,06
201400010756,14,1,20,1200,1,1,1,1.0,2,06083,M,,,06
201400010757,14,1,25,5,5,1,1,1.0,1,06104,M,,,06
201400010758,14,2,4,1610,1,2,1,3.0,6,06083,M,,,06
201400010759,14,2,21,1545,1,2,1,1.0,3,06083,M,,,06
201400010760,14,6,23,1505,1,2,1,1.0,6,06012,M,,,06
201400010761,14,3,7,950,1,2,3,1.0,3,06012,M,,,06
201400010762,14,3,25,2115,5,2,3,2.0,3,06083,M,,,06
201400010763,14,3,28,1200,1,2,1,1.0,6,06083,M,,,06
201400010764,14,4,2,2024,2,2,1,1.0,2,06104,M,,,06
201400010765,14,4,9,1735,1,2,1,1.0,2,06104,M,,,06
201400010766,14,4,14,1840,1,2,1,1.0,2,06083,M,,,06
201400010767,14,4,17,830,1,2,6,1.0,3,06104,M,,,06
201400010768,14,4,21,1720,1,1,1,1.0,6,06104,M,,,06
201400010769,14,4,25,1835,1,2,7,1.0,6,06012,M,,,06
201400010770,14,4,26,1615,1,2,1,1.0,3,06083,M,,,06
201400010771,14,4,22,900,1,2,1,8.0,3,06083,M,,,06
201400010772,14,5,3,1335,1,2,3,1.0,3,06012,M,,,06
201400010773,14,3,28,1900,5,2,1,1.0,5,06083,M,,,06
201400010774,14,5,9,1550,1,2,1,1.0,2,06083,M,,,06
201400010775,14,5,14,1900,1,2,1,1.0,6,06083,M,,,06
201400010776,14,5,20,2020,2,2,1,1.0,3,06104,M,,,06
201400010777,14,5,21,1300,1,1,3,1.0,3,06104,M,,,06
201400010778,14,5,24,1245,1,2,1,1.0,7,06083,M,,,06
201400010779,14,4,10,840,1,2,1,1.0,6,06104,M,,,06
201400010780,14,5,31,1510,1,1,1,2.0,7,06104,M,,,06
201400010781,14,5,13,915,1,2,3,1.0,3,06104,M,,,06
201400010782,14,6,3,1300,1,2,4,1.0,1,06083,M,,,06
201400010783,14,6,3,1950,1,2,9,1.0,3,06083,M,,,06
201400010784,14,6,7,1810,1,2,1,1.0,3,06083,M,,,06
201400010785,14,5,28,1840,1,2,1,1.0,1,06083,M,,,06
201400010786,14,6,8,750,1,2,3,1.0,5,06083,M,,,06
201400010787,14,6,14,920,1,2,3,1.0,6,06083,M,,,06
201400010788,14,5,30,1530,1,2,1,1.0,6,06083,M,,,06
201400010789,14,7,1,2014,1,2,3,1.0,3,06083,M,,,06
201400010790,14,7,5,745,1,2,1,1.0,5,06104,M,,,06
201400010791,14,7,2,1815,1,2,1,1.0,2,06104,M,,,06
201400010792,14,7,24,2207,3,1,1,1.0,1,06083,M,,,06
201400010793,14,8,2,2310,5,2,9,1.0,6,06083,M,,,06
201400010794,14,9,11,2045,5,2,1,1.0,6,06012,M,,,06
201400010795,14,8,7,20,5,2,1,1.0,5,06083,M,,,06
201400010796,14,7,15,1940,1,2,1,1.0,6,06083,M,,,06
201400010797,14,8,23,1930,1,2,1,1.0,6,06104,M,,,06
201400010798,14,8,25,1825,1,2,2,1.0,3,06104,M,,,06
201400010799,14,8,29,820,1,2,1,1.0,5,06104,M,,,06
201400010800,14,9,5,35,5,2,1,1.0,6,06104,M,,,06
201400010801,14,8,2,1800,1,2,1,1.0,6,06104,M,,,06
201400010802,14,9,23,1743,1,2,1,1.0,3,06083,M,,,06
201400010803,14,10,1,1445,1,2,1,1.0,1,06104,M,,,06
201400010804,14,9,30,1645,1,2,1,3.0,7,06104,M,,,06
201400010805,14,9,27,905,1,2,1,1.0,6,06104,M,,,06
201400010806,14,10,3,736,2,2,9,1.0,1,06104,M,,,06
201400010807,14,10,9,1530,1,2,1,1.0,3,06104,M,,,06
201400010808,14,10,2,2110,5,2,3,1.0,6,06083,M,,,06
201400010809,14,10,12,1530,1,2,3,1.0,3,06083,M,,,06
201400010810,14,10,18,1435,1,2,3,1.0,2,06104,M,,,06
201400010811,14,10,24,1550,1,1,4,1.0,5,06083,M,,,06
201400010812,14,10,6,755,1,2,1,1.0,1,06104,M,,,06
201400010813,14,11,7,1720,5,2,1,1.0,3,06104,M,,,06
201400010814,14,11,13,1915,5,2,1,1.0,5,06104,M,,,06
201400010815,14,11,26,310,5,2,1,9.0,6,06104,M,,,06
201400010816,14,11,21,700,1,2,1,1.0,1,06104,M,,,06
201400010817,14,12,8,2250,3,1,4,1.0,6,06083,M,,,06
201400010818,14,12,10,2050,5,2,1,1.0,3,06083,M,,,06
201400010819,14,12,13,18,5,2,1,1.0,3,06104,M,,,06
201400010820,14,7,7,2055,2,2,3,1.0,3,06083,M,,,06
201400010821,14,9,19,840,1,2,1,1.0,3,06083,M,,,06
201400010822,14,1,1,2245,5,2,2,3.0,3,06088,M,,,06
201400010823,14,1,3,1640,1,2,1,1.0,3,06088,M,,,06
201400010824,14,1,3,2159,5,2,1,1.0,6,06088,M,,,06
201400010825,14,1,5,400,5,2,1,2.0,4,06088,M,,,06
201400010826,14,1,6,820,1,2,1,1.0,6,06088,M,,,06
201400010827,14,1,6,1330,1,2,1,1.0,2,06088,M,,,06
201400010828,14,1,7,1155,1,2,1,1.0,2,06088,M,,,06
201400010829,14,1,7,1830,1,2,1,1.0,3,06088,M,,,06
201400010830,14,1,7,1910,5,2,1,1.0,3,06088,M,,,06
201400010831,14,1,8,1810,5,2,1,1.0,3,06088,M,,,06
201400010832,14,1,8,2000,5,2,1,1.0,6,06088,M,,,06
201400010833,14,1,9,1340,1,1,1,1.0,4,06088,M,,,06
201400010834,14,1,9,1645,1,2,1,1.0,2,06088,M,,,06
201400010835,14,1,9,1730,5,2,1,1.0,6,06088,M,,,06
201400010836,14,1,10,1145,1,2,1,1.0,2,06088,M,,,06
201400010837,14,1,10,1500,1,2,1,1.0,6,06088,M,,,06
201400010838,14,1,10,1740,1,2,6,1.0,3,06088,M,,,06
201400010839,14,1,13,745,2,2,1,1.0,2,06088,M,,,06
201400010840,14,1,13,815,1,2,3,1.0,1,06088,M,,,06
201400010841,14,1,13,1300,1,2,1,1.0,3,06088,M,,,06
201400010842,14,1,13,1415,1,2,1,1.0,3,06159,M,,,06
201400010843,14,1,13,1845,5,2,1,2.0,3,06088,M,,,06
201400010844,14,1,14,910,1,2,1,1.0,6,06088,M,,,06
201400010845,14,1,14,1230,1,2,1,1.0,2,06088,M,,,06
201400010846,14,1,15,1325,1,2,1,1.0,2,06088,M,,,06
201400010847,14,1,15,1420,1,2,1,1.0,4,06088,M,,,06
201400010848,14,1,15,1600,1,2,1,1.0,5,06088,M,,,06
201400010849,14,1,15,1638,1,2,1,1.0,3,06088,M,,,06
201400010850,14,1,15,1855,5,2,1,1.0,6,06088,M,4369777.0,726561.0,06
201400010851,14,1,16,1150,1,2,3,1.0,3,06088,M,,,06
201400010852,14,1,16,1840,5,2,1,3.0,2,06088,M,,,06
201400010853,14,1,17,500,5,1,1,3.0,6,06088,M,,,06
201400010854,14,1,17,1742,5,2,1,3.0,6,06088,M,,,06
201400010855,14,1,17,2140,5,2,1,2.0,6,06088,M,,,06
201400010856,14,1,18,2245,5,2,2,3.0,6,06088,M,,,06
201400010857,14,1,19,2020,5,2,1,1.0,6,06088,M,,,06
201400010858,14,1,20,1715,2,2,1,1.0,2,06159,M,,,06
201400010859,14,1,21,1045,1,2,1,1.0,3,06088,M,,,06
201400010860,14,1,21,1620,1,2,1,1.0,4,06088,M,,,06
201400010861,14,1,22,1920,5,2,3,1.0,6,06088,M,,,06
201400010862,14,1,23,900,1,2,1,1.0,3,06088,M,,,06
201400010863,14,1,24,945,1,2,1,1.0,5,06088,M,,,06
201400010864,14,1,24,2330,5,2,1,1.0,3,06088,M,,,06
201400010865,14,1,25,535,5,2,1,1.0,6,06088,M,,,06
201400010866,14,1,27,1900,5,2,1,1.0,6,06088,M,,,06
201400010867,14,1,28,840,1,2,1,1.0,6,06088,M,,,06
201400010868,14,1,28,1610,1,2,1,1.0,3,06088,M,,,06
201400010869,14,1,29,800,1,2,1,2.0,7,06088,M,,,06
201400010870,14,1,29,1120,1,2,1,3.0,6,06088,M,,,06
201400010871,14,1,29,1145,1,2,1,3.0,1,06088,M,,,06
201400010872,14,1,29,1720,2,2,1,2.0,3,06088,M,,,06
201400010873,14,1,30,840,1,2,1,3.0,6,06088,M,,,06
201400010874,14,2,1,1809,5,2,1,1.0,6,06088,M,,,06
201400010875,14,2,1,2000,5,2,1,1.0,3,06088,M,,,06
201400010876,14,2,1,2200,4,2,1,1.0,6,06088,M,,,06
201400010877,14,2,2,440,5,2,1,2.0,3,06088,M,,,06
201400010878,14,2,4,910,1,2,1,3.0,6,06088,M,,,06
201400010879,14,2,5,1800,5,2,2,1.0,6,06088,M,4369677.0,725623.0,06
201400010880,14,2,7,1235,5,2,1,1.0,6,06088,M,,,06
201400010881,14,2,7,2330,5,2,1,1.0,6,06088,M,,,06
201400010882,14,2,8,1430,1,2,1,3.0,5,06088,M,,,06
201400010883,14,2,9,110,5,2,4,1.0,1,06088,M,,,06
201400010884,14,2,10,820,1,2,1,3.0,2,06088,M,,,06
201400010885,14,2,11,735,1,2,2,1.0,3,06088,M,,,06
201400010886,14,2,11,900,1,2,1,1.0,4,06088,M,,,06
201400010887,14,2,11,2200,5,2,2,1.0,3,06088,M,,,06
201400010888,14,2,13,5,5,2,1,1.0,3,06088,M,,,06
201400010889,14,2,14,800,1,2,2,1.0,3,06088,M,,,06
201400010890,14,2,14,1400,1,2,1,1.0,2,06088,M,,,06
201400010891,14,2,14,1555,1,2,1,1.0,3,06088,M,,,06
201400010892,14,2,14,1945,5,2,1,1.0,7,06088,M,,,06
201400010893,14,2,14,2030,5,2,1,1.0,2,06088,M,,,06
201400010894,14,2,14,2115,5,2,1,1.0,3,06088,M,,,06
201400010895,14,2,14,2225,5,2,1,1.0,6,06088,M,,,06
201400010896,14,2,17,1155,1,2,1,1.0,6,06088,M,,,06
201400010897,14,2,17,1815,2,2,1,1.0,6,06088,M,,,06
201400010898,14,2,17,2320,5,2,2,1.0,6,06088,M,,,06
201400010899,14,2,18,825,1,2,1,1.0,1,06088,M,,,06
201400010900,14,2,18,830,1,2,1,1.0,6,06088,M,,,06
201400010901,14,2,19,1005,1,2,1,1.0,6,06088,M,,,06
201400010902,14,2,19,1515,1,2,1,1.0,6,06088,M,,,06
201400010903,14,2,19,1945,1,2,1,1.0,3,06088,M,,,06
201400010904,14,2,20,825,1,2,3,1.0,3,06088,M,,,06
201400010905,14,2,21,745,1,2,1,1.0,6,06088,M,,,06
201400010906,14,2,21,1320,1,2,1,1.0,3,06088,M,,,06
201400010907,14,2,21,1,5,2,1,1.0,3,06088,M,,,06
201400010908,14,2,22,1520,1,2,2,1.0,6,06088,M,,,06
201400010909,14,2,22,1800,1,2,1,1.0,6,06088,M,,,06
201400010910,14,2,22,2255,5,2,1,1.0,3,06088,M,,,06
201400010911,14,2,23,1735,1,2,1,1.0,1,06088,M,,,06
201400010912,14,2,23,1930,5,2,1,1.0,3,06088,M,,,06
201400010913,14,2,24,1130,1,2,1,1.0,6,06088,M,,,06
201400010914,14,2,24,1720,1,2,1,1.0,2,06088,M,,,06
201400010915,14,2,24,1740,1,2,1,1.0,6,06088,M,,,06
201400010916,14,2,24,210,5,2,1,1.0,6,06088,M,,,06
201400010917,14,2,25,1105,1,2,1,1.0,6,06088,M,,,06
201400010918,14,2,25,1540,1,2,1,1.0,6,06088,M,,,06
201400010919,14,2,26,910,1,2,1,2.0,2,06088,M,,,06
201400010920,14,2,26,1145,1,2,1,1.0,6,06159,M,,,06
201400010921,14,2,26,1850,5,2,1,2.0,6,06159,M,,,06
201400010922,14,2,27,820,1,2,1,1.0,2,06088,M,,,06
201400010923,14,2,27,1010,1,2,1,1.0,6,06088,M,,,06
201400010924,14,2,27,1900,5,2,3,1.0,3,06088,M,,,06
201400010925,14,2,28,800,1,2,1,1.0,3,06088,M,,,06
201400010926,14,2,28,950,1,2,1,1.0,2,06088,M,,,06
201400010927,14,2,28,2115,1,2,1,3.0,6,06088,M,,,06
201400010928,14,3,1,830,1,2,1,1.0,4,06088,M,,,06
201400010929,14,3,3,1245,1,2,1,2.0,6,06088,M,,,06
201400010930,14,3,3,2131,5,2,1,1.0,6,06088,M,,,06
201400010931,14,3,4,1645,1,2,1,1.0,3,06088,M,,,06
201400010932,14,3,5,1350,1,2,2,1.0,3,06088,M,,,06
201400010933,14,3,5,1830,1,2,3,1.0,5,06088,M,4369919.0,728523.0,06
201400010934,14,3,5,1840,1,2,1,1.0,6,06088,M,,,06
201400010935,14,3,6,840,1,2,1,1.0,6,06088,M,4367487.0,721108.0,06
201400010936,14,3,6,1720,1,2,1,1.0,6,06088,M,,,06
201400010937,14,3,7,250,5,2,1,1.0,6,06088,M,,,06
201400010938,14,3,7,720,1,2,1,1.0,3,06088,M,,,06
201400010939,14,3,8,1010,1,2,4,1.0,1,06088,M,,,06
201400010940,14,3,8,2129,5,2,3,1.0,3,06088,M,,,06
201400010941,14,3,10,1450,1,2,1,1.0,6,06088,M,,,06
201400010942,14,3,10,1515,1,2,1,1.0,4,06088,M,,,06
201400010943,14,3,11,1010,1,2,1,1.0,3,06088,M,,,06
201400010944,14,3,12,1030,1,2,1,1.0,2,06088,M,,,06
201400010945,14,3,13,845,1,2,1,1.0,5,06088,M,,,06
201400010946,14,3,14,1600,1,2,1,1.0,3,06088,M,,,06
201400010947,14,3,14,1910,5,2,1,1.0,1,06088,M,,,06
201400010948,14,3,15,900,1,2,3,1.0,3,06088,M,,,06
201400010949,14,3,15,2007,5,2,1,1.0,3,06088,M,,,06
201400010950,14,3,15,2040,5,2,2,1.0,3,06088,M,,,06
201400010951,14,3,16,425,5,2,1,1.0,6,06088,M,,,06
201400010952,14,3,16,1900,1,2,6,1.0,3,06088,M,,,06
201400010953,14,3,17,1450,1,2,1,1.0,2,06088,M,,,06
201400010954,14,3,17,1640,1,2,1,1.0,3,06088,M,,,06
201400010955,14,3,18,1430,1,2,2,1.0,3,06088,M,,,06
201400010956,14,3,18,1930,1,2,1,1.0,5,06088,M,,,06
201400010957,14,3,19,1640,1,2,1,1.0,6,06088,M,,,06
201400010958,14,3,20,1430,1,2,1,1.0,2,06088,M,,,06
201400010959,14,3,20,1525,1,2,1,1.0,2,06088,M,,,06
201400010960,14,3,21,820,1,2,1,1.0,6,06088,M,,,06
201400010961,14,3,21,1210,1,2,1,1.0,2,06088,M,,,06
201400010962,14,3,21,1445,1,2,1,1.0,2,06088,M,4369077.0,724564.0,06
201400010963,14,3,21,1630,1,2,1,1.0,6,06088,M,,,06
201400010964,14,3,21,1640,1,2,1,1.0,3,06088,M,,,06
201400010965,14,3,23,1810,2,2,1,1.0,6,06088,M,,,06
201400010966,14,3,21,2320,5,2,2,1.0,3,06088,M,,,06
201400010967,14,3,22,1400,1,2,1,3.0,3,06088,M,,,06
201400010968,14,3,22,2245,5,2,2,1.0,3,06088,M,,,06
201400010969,14,3,23,915,1,2,1,1.0,6,06088,M,,,06
201400010970,14,3,23,1540,1,2,1,1.0,1,06088,M,,,06
201400010971,14,3,23,1800,1,2,1,1.0,6,06088,M,4373665.0,730595.0,06
201400010972,14,3,23,1845,2,2,1,1.0,6,06088,M,,,06
201400010973,14,3,23,2111,5,2,1,1.0,6,06088,M,,,06
201400010974,14,3,24,830,1,2,1,1.0,6,06088,M,,,06
201400010975,14,3,25,720,1,2,1,1.0,3,06088,M,,,06
201400010976,14,3,26,1130,1,2,1,1.0,3,06088,M,,,06
201400010977,14,3,27,1801,1,2,3,1.0,3,06088,M,,,06
201400010978,14,3,28,755,1,2,1,1.0,6,06088,M,,,06
201400010979,14,3,28,840,1,2,1,1.0,6,06088,M,,,06
201400010980,14,3,28,1300,1,2,1,1.0,2,06088,M,,,06
201400010981,14,3,28,1700,1,2,3,1.0,3,06088,M,,,06
201400010982,14,3,28,1710,1,2,1,1.0,2,06088,M,,,06
201400010983,14,3,29,1400,1,2,3,1.0,3,06088,M,,,06
201400010984,14,3,29,1535,1,2,1,1.0,3,06088,M,,,06
201400010985,14,3,29,1540,1,2,2,1.0,3,06088,M,,,06
201400010986,14,3,30,1400,1,2,1,1.0,6,06088,M,,,06
201400010987,14,3,30,2050,5,2,1,1.0,6,06088,M,,,06
201400010988,14,3,31,1750,1,2,1,1.0,6,06088,M,,,06
201400010989,14,3,31,1820,1,2,2,1.0,3,06088,M,,,06
201400010990,14,4,1,45,5,2,1,1.0,3,06088,M,,,06
201400010991,14,4,1,1300,1,2,1,1.0,4,06088,M,,,06
201400010992,14,4,1,1400,1,2,1,1.0,4,06088,M,,,06
201400010993,14,4,2,255,5,2,1,1.0,7,06088,M,,,06
201400010994,14,4,2,1000,1,2,1,1.0,6,06088,M,,,06
201400010995,14,4,3,745,1,2,4,1.0,3,06159,M,,,06
201400010996,14,4,3,820,1,2,3,1.0,3,06088,M,,,06
201400010997,14,4,3,1730,1,2,1,1.0,5,06088,M,,,06
201400010998,14,4,3,1915,1,2,1,1.0,6,06088,M,,,06
201400010999,14,4,4,1145,1,2,1,1.0,6,06088,M,,,06
201400011000,14,4,4,1700,1,2,1,1.0,6,06088,M,,,06
201400011001,14,4,4,1915,1,2,1,1.0,6,06088,M,,,06
201400011002,14,4,5,850,1,2,1,1.0,6,06088,M,,,06
201400011003,14,4,5,1125,1,2,1,1.0,6,06088,M,,,06
201400011004,14,4,5,1730,1,2,1,1.0,5,06088,M,,,06
201400011005,14,4,6,130,5,2,1,1.0,2,06088,M,,,06
201400011006,14,4,6,620,1,2,2,1.0,3,06088,M,,,06
201400011007,14,4,6,1220,1,2,1,1.0,3,06088,M,,,06
201400011008,14,4,7,1215,1,2,1,1.0,7,06088,M,,,06
201400011009,14,4,7,1610,1,2,2,1.0,7,06088,M,,,06
201400011010,14,4,8,830,1,2,1,1.0,6,06088,M,,,06
201400011011,14,4,8,1205,1,2,1,1.0,3,06088,M,,,06
201400011012,14,4,9,836,1,2,1,1.0,6,06088,M,,,06
201400011013,14,4,9,1515,1,2,1,1.0,6,06088,M,,,06
201400011014,14,4,9,1625,1,2,1,1.0,2,06088,M,,,06
201400011015,14,4,9,1800,1,2,1,1.0,6,06088,M,,,06
201400011016,14,4,9,2205,5,2,2,1.0,3,06088,M,,,06
201400011017,14,4,10,830,1,2,1,1.0,3,06088,M,,,06
201400011018,14,4,10,850,1,2,3,1.0,3,06088,M,,,06
201400011019,14,4,10,855,1,2,1,1.0,6,06088,M,,,06
201400011020,14,4,10,1456,1,2,1,1.0,3,06088,M,,,06
201400011021,14,4,10,1750,1,2,1,1.0,3,06088,M,,,06
201400011022,14,4,10,2030,2,2,1,1.0,6,06088,M,,,06
201400011023,14,4,11,1100,1,2,1,1.0,6,06088,M,,,06
201400011024,14,4,11,1145,1,2,1,1.0,3,06088,M,,,06
201400011025,14,4,11,2235,5,2,2,1.0,6,06088,M,,,06
201400011026,14,4,12,1145,1,2,1,1.0,6,06088,M,,,06
201400011027,14,4,13,340,5,2,1,1.0,6,06088,M,,,06
201400011028,14,4,13,1155,1,2,1,1.0,6,06088,M,,,06
201400011029,14,4,13,1630,1,2,1,1.0,2,06088,M,,,06
201400011030,14,4,13,1845,1,2,1,1.0,6,06088,M,,,06
201400011031,14,4,14,710,2,2,2,1.0,3,06088,M,,,06
201400011032,14,4,14,1620,1,2,2,1.0,6,06088,M,,,06
201400011033,14,4,14,1945,1,2,1,1.0,6,06088,M,,,06
201400011034,14,4,15,715,1,2,2,1.0,3,06088,M,,,06
201400011035,14,4,15,1330,1,2,1,1.0,6,06088,M,,,06
201400011036,14,4,16,1810,1,2,1,1.0,6,06088,M,,,06
201400011037,14,4,17,750,1,2,1,1.0,1,06088,M,,,06
201400011038,14,4,17,1000,1,2,1,1.0,3,06088,M,,,06
201400011039,14,4,17,1100,1,2,1,1.0,6,06088,M,,,06
201400011040,14,4,17,1700,1,2,1,1.0,6,06088,M,,,06
201400011041,14,4,17,2138,5,2,1,1.0,6,06088,M,,,06
201400011042,14,4,18,730,1,2,1,1.0,2,06088,M,,,06
201400011043,14,4,18,1010,1,2,1,1.0,3,06088,M,,,06
201400011044,14,4,19,1150,1,2,2,1.0,6,06088,M,,,06
201400011045,14,4,19,1530,1,2,1,1.0,3,06088,M,,,06
201400011046,14,4,20,2130,5,2,1,1.0,6,06088,M,,,06
201400011047,14,4,21,2050,5,1,1,1.0,6,06088,M,4370385.0,724348.0,06
201400011048,14,4,22,340,5,2,1,1.0,6,06088,M,,,06
201400011049,14,4,22,1445,1,2,1,1.0,3,06088,M,,,06
201400011050,14,4,23,1610,1,2,1,1.0,6,06088,M,,,06
201400011051,14,4,24,840,1,2,1,1.0,3,06088,M,,,06
201400011052,14,4,24,1250,1,2,1,1.0,3,06088,M,,,06
201400011053,14,4,24,1515,1,2,2,1.0,3,06088,M,,,06
201400011054,14,4,24,1720,1,2,1,1.0,3,06159,M,,,06
201400011055,14,4,24,1720,1,2,3,1.0,3,06088,M,,,06
201400011056,14,4,25,2349,4,2,1,1.0,6,06088,M,4368734.0,730591.0,06
201400011057,14,4,25,900,1,2,1,1.0,3,06088,M,,,06
201400011058,14,4,28,730,1,2,1,1.0,3,06088,M,,,06
201400011059,14,4,29,1128,1,2,1,1.0,6,06088,M,,,06
201400011060,14,4,29,1835,1,2,1,1.0,6,06088,M,,,06
201400011061,14,4,30,1140,1,2,1,1.0,4,06088,M,,,06
201400011062,14,4,30,1200,1,2,3,1.0,3,06088,M,,,06
201400011063,14,5,1,930,1,2,1,1.0,6,06088,M,,,06
201400011064,14,5,2,913,1,2,1,1.0,6,06088,M,,,06
201400011065,14,5,4,1930,1,2,2,1.0,3,06088,M,,,06
201400011066,14,5,5,1825,1,1,1,1.0,2,06088,M,,,06
201400011067,14,5,5,2010,1,2,1,1.0,6,06088,M,,,06
201400011068,14,5,6,830,1,2,1,1.0,6,06088,M,,,06
201400011069,14,5,6,1208,1,2,1,1.0,2,06088,M,,,06
201400011070,14,5,7,1600,1,2,1,1.0,6,06088,M,,,06
201400011071,14,5,7,1220,1,2,1,1.0,3,06088,M,,,06
201400011072,14,5,9,1930,1,1,2,1.0,3,06088,M,,,06
201400011073,14,5,9,2350,5,1,1,1.0,6,06088,M,,,06
201400011074,14,5,10,1415,1,2,1,1.0,3,06088,M,,,06
201400011075,14,5,12,155,5,2,1,1.0,5,06088,M,,,06
201400011076,14,5,12,830,1,2,1,1.0,3,06088,M,,,06