Num_Acc,an,mois,jour,hrmn,lum,agg,int,atm,col,com,gps,lat,long,dep
201400011077,14,5,12,850,1,2,1,1.0,6,06088,M,,,06
201400011078,14,5,12,1330,1,2,3,1.0,1,06159,M,,,06
201400011079,14,5,12,1440,1,2,2,1.0,6,06088,M,,,06
201400011080,14,5,12,2210,5,2,2,1.0,3,06088,M,,,06
201400011081,14,5,13,1100,1,2,1,1.0,3,06159,M,,,06
201400011082,14,5,13,1120,1,2,1,1.0,6,06088,M,,,06
201400011083,14,5,13,1240,1,2,1,1.0,5,06088,M,,,06
201400011084,14,5,13,1315,1,2,1,1.0,1,06088,M,,,06
201400011085,14,5,13,1342,1,2,1,1.0,3,06088,M,,,06
201400011086,14,5,13,1715,1,2,1,1.0,3,06088,M,,,06
201400011087,14,5,13,2155,5,2,1,1.0,3,06088,M,,,06
201400011088,14,5,14,1435,1,2,1,1.0,2,06088,M,,,06
201400011089,14,5,14,1650,1,2,1,1.0,3,06088,M,,,06
201400011090,14,5,14,1914,1,2,1,1.0,6,06088,M,,,06
201400011091,14,5,14,2015,2,2,1,1.0,6,06088,M,,,06
201400011092,14,5,15,925,1,2,1,1.0,6,06088,M,,,06
201400011093,14,5,15,1515,1,2,1,1.0,3,06088,M,,,06
201400011094,14,5,15,1535,1,2,1,1.0,3,06088,M,,,06
201400011095,14,5,15,1710,1,2,1,1.0,2,06088,M,,,06
201400011096,14,5,15,2250,5,2,2,1.0,3,06088,M,,,06
201400011097,14,5,16,820,1,2,1,1.0,6,06088,M,,,06
201400011098,14,5,16,905,1,2,1,1.0,2,06088,M,,,06
201400011099,14,5,16,1345,1,2,1,1.0,6,06088,M,,,06
201400011100,14,5,16,1550,1,2,1,1.0,3,06088,M,,,06
201400011101,14,5,16,1810,1,2,1,1.0,3,06088,M,,,06
201400011102,14,5,16,1820,1,2,2,1.0,3,06088,M,,,06
201400011103,14,5,17,45,5,2,2,1.0,3,06088,M,,,06
201400011104,14,5,17,400,5,2,1,1.0,2,06088,M,,,06
201400011105,14,5,17,1800,1,2,1,1.0,1,06088,M,,,06
201400011106,14,5,19,1445,1,2,1,1.0,3,06088,M,,,06
201400011107,14,5,19,1600,1,2,1,1.0,2,06088,M,,,06
201400011108,14,5,19,2010,1,2,1,1.0,3,06088,M,,,06
201400011109,14,5,20,1520,1,2,2,1.0,3,06088,M,,,06
201400011110,14,5,21,820,1,2,1,1.0,3,06088,M,,,06
201400011111,14,5,21,940,1,2,1,1.0,6,06088,M,,,06
201400011112,14,5,22,1155,1,2,1,1.0,1,06088,M,,,06
201400011113,14,5,22,1500,1,2,1,2.0,3,06088,M,,,06
201400011114,14,5,22,1820,1,2,1,1.0,4,06088,M,,,06
201400011115,14,5,22,2035,2,1,3,1.0,6,06088,M,,,06
201400011116,14,5,23,1100,1,2,1,1.0,3,06088,M,,,06
201400011117,14,5,23,1615,1,2,1,1.0,3,06088,M,,,06
201400011118,14,5,23,1725,1,2,1,1.0,6,06088,M,,,06
201400011119,14,5,24,2107,5,2,2,1.0,3,06088,M,,,06
201400011120,14,5,25,555,2,2,1,1.0,6,06088,M,,,06
201400011121,14,5,25,1000,1,2,1,1.0,6,06088,M,,,06
201400011122,14,5,26,1115,1,2,1,1.0,3,06088,M,,,06
201400011123,14,5,27,1220,1,2,1,1.0,6,06088,M,,,06
201400011124,14,5,27,1235,1,2,1,1.0,3,06088,M,,,06
201400011125,14,5,27,1530,1,2,1,1.0,5,06088,M,,,06
201400011126,14,5,28,720,1,2,1,1.0,3,06088,M,,,06
201400011127,14,5,28,1600,1,2,2,1.0,3,06088,M,,,06
201400011128,14,5,28,1615,1,2,2,1.0,3,06088,M,,,06
201400011129,14,5,28,1650,1,2,2,1.0,3,06088,M,,,06
201400011130,14,5,30,1755,1,2,1,1.0,3,06088,M,,,06
201400011131,14,6,1,450,2,2,1,1.0,1,06088,M,,,06
201400011132,14,6,1,650,1,2,2,1.0,3,06088,M,,,06
201400011133,14,6,1,1100,1,2,1,1.0,6,06088,M,,,06
201400011134,14,6,1,2030,5,2,1,1.0,6,06088,M,,,06
201400011135,14,6,2,1305,1,2,7,1.0,6,06088,M,,,06
201400011136,14,6,2,1635,1,2,2,1.0,3,06088,M,,,06
201400011137,14,6,3,805,1,2,1,1.0,2,06088,M,,,06
201400011138,14,6,3,1530,1,2,1,1.0,3,06088,M,,,06
201400011139,14,6,3,1725,1,2,1,1.0,6,06088,M,,,06
201400011140,14,6,3,1910,1,2,1,1.0,2,06088,M,,,06
201400011141,14,6,3,2000,1,2,1,1.0,5,06088,M,,,06
201400011142,14,6,4,45,5,2,1,1.0,6,06088,M,,,06
201400011143,14,6,4,1000,1,2,3,1.0,6,06088,M,,,06
201400011144,14,6,4,1400,1,2,2,1.0,3,06088,M,,,06
201400011145,14,6,5,1015,1,2,7,1.0,2,06088,M,,,06
201400011146,14,6,5,1030,1,2,2,1.0,6,06088,M,,,06
201400011147,14,6,5,1500,1,2,1,1.0,3,06088,M,,,06
201400011148,14,6,6,1120,1,2,2,1.0,3,06088,M,,,06
201400011149,14,6,6,1815,1,2,1,1.0,3,06088,M,,,06
201400011150,14,6,6,2100,1,2,1,1.0,3,06088,M,,,06
201400011151,14,6,9,341,5,2,1,1.0,2,06088,M,,,06
201400011152,14,6,9,1345,1,2,1,1.0,3,06088,M,,,06
201400011153,14,6,10,1610,1,2,1,1.0,3,06088,M,,,06
201400011154,14,6,10,1630,1,2,1,1.0,5,06088,M,,,06
201400011155,14,6,10,1655,1,2,1,1.0,6,06088,M,,,06
201400011156,14,6,11,1140,1,2,1,1.0,2,06088,M,,,06
201400011157,14,6,12,920,1,2,1,1.0,3,06088,M,,,06
201400011158,14,6,12,955,1,2,1,1.0,1,06088,M,,,06
201400011159,14,6,12,1630,1,2,1,1.0,6,06088,M,,,06
201400011160,14,6,12,1700,1,2,1,1.0,3,06088,M,,,06
201400011161,14,6,12,2315,5,2,1,1.0,6,06088,M,,,06
201400011162,14,6,13,1015,1,2,1,1.0,1,06159,M,,,06
201400011163,14,6,13,1710,1,2,1,1.0,6,06088,M,,,06
201400011164,14,6,13,2135,5,2,1,1.0,6,06088,M,,,06
201400011165,14,6,14,1200,1,2,3,1.0,3,06088,M,,,06
201400011166,14,6,14,1900,1,2,2,2.0,3,06088,M,,,06
201400011167,14,6,15,500,5,1,1,1.0,6,06088,M,,,06
201400011168,14,6,15,900,1,2,1,1.0,1,06088,M,,,06
201400011169,14,6,15,1600,1,2,1,1.0,3,06159,M,,,06
201400011170,14,6,15,1700,1,2,1,2.0,2,06088,M,,,06
201400011171,14,6,15,1800,1,2,1,1.0,6,06088,M,,,06
201400011172,14,6,18,1145,1,2,1,1.0,6,06088,M,,,06
201400011173,14,6,18,1320,1,2,2,1.0,6,06088,M,,,06
201400011174,14,6,19,830,1,2,1,1.0,3,06088,M,,,06
201400011175,14,6,19,900,1,2,1,1.0,3,06088,M,,,06
201400011176,14,6,20,700,1,2,2,1.0,3,06088,M,,,06
201400011177,14,6,20,1750,1,2,1,1.0,2,06088,M,,,06
201400011178,14,6,20,2310,5,2,1,1.0,5,06088,M,,,06
201400011179,14,6,21,940,1,2,1,1.0,3,06088,M,,,06
201400011180,14,6,21,1410,1,2,1,1.0,6,06088,M,,,06
201400011181,14,6,24,1035,1,2,1,1.0,1,06088,M,,,06
201400011182,14,6,24,1105,1,2,1,1.0,6,06088,M,,,06
201400011183,14,6,24,1150,1,2,1,1.0,5,06088,M,,,06
201400011184,14,6,24,1400,1,2,1,1.0,2,06088,M,,,06
201400011185,14,6,24,1715,1,2,1,1.0,6,06088,M,,,06
201400011186,14,6,24,1755,1,2,1,1.0,6,06088,M,,,06
201400011187,14,6,24,1805,1,2,1,1.0,3,06088,M,,,06
201400011188,14,6,25,330,5,1,1,1.0,6,06088,M,,,06
201400011189,14,6,25,1510,1,2,1,1.0,2,06088,M,,,06
201400011190,14,6,26,1220,1,2,1,1.0,3,06088,M,,,06
201400011191,14,6,26,1543,1,2,1,1.0,6,06088,M,,,06
201400011192,14,6,27,1540,1,2,1,1.0,2,06159,M,,,06
201400011193,14,6,30,2140,5,2,1,1.0,6,06088,M,,,06
201400011194,14,6,30,1145,1,2,1,1.0,1,06088,M,,,06
201400011195,14,6,30,2235,5,2,1,1.0,6,06088,M,,,06
201400011196,14,7,1,1435,1,2,1,1.0,5,06088,M,,,06
201400011197,14,7,2,100,5,2,2,1.0,3,06088,M,,,06
201400011198,14,7,2,750,1,2,1,1.0,3,06088,M,,,06
201400011199,14,7,2,1400,1,2,1,1.0,6,06088,M,,,06
201400011200,14,7,2,1915,1,2,1,1.0,3,06088,M,,,06
201400011201,14,7,3,745,1,2,1,1.0,1,06088,M,,,06
201400011202,14,7,3,1115,1,2,1,1.0,3,06088,M,,,06
201400011203,14,7,3,2130,1,2,1,1.0,6,06088,M,,,06
201400011204,14,7,4,1620,1,2,1,1.0,2,06088,M,,,06
201400011205,14,7,5,30,5,1,3,1.0,1,06088,M,,,06
201400011206,14,7,5,910,1,2,1,1.0,1,06088,M,,,06
201400011207,14,7,7,1500,1,2,1,1.0,6,06088,M,,,06
201400011208,14,7,8,840,1,2,1,1.0,3,06088,M,,,06
201400011209,14,7,8,1455,1,2,1,1.0,6,06088,M,,,06
201400011210,14,7,8,1504,1,2,1,1.0,6,06088,M,,,06
201400011211,14,7,8,2030,1,2,1,1.0,3,06088,M,,,06
201400011212,14,7,9,1145,1,2,1,1.0,5,06088,M,,,06
201400011213,14,7,9,1150,1,2,1,1.0,5,06088,M,,,06
201400011214,14,7,10,800,1,2,1,1.0,6,06088,M,,,06
201400011215,14,7,10,850,1,2,1,1.0,2,06088,M,,,06
201400011216,14,7,10,1320,1,2,2,1.0,3,06088,M,,,06
201400011217,14,7,10,1445,1,2,1,1.0,2,06088,M,,,06
201400011218,14,7,10,1720,1,2,3,1.0,3,06088,M,,,06
201400011219,14,7,10,1910,1,2,1,1.0,6,06088,M,,,06
201400011220,14,7,10,2320,5,2,1,1.0,2,06088,M,,,06
201400011221,14,7,12,2055,1,2,1,1.0,3,06088,M,,,06
201400011222,14,7,13,1355,1,2,2,1.0,3,06088,M,,,06
201400011223,14,7,13,1800,1,2,1,1.0,3,06088,M,,,06
201400011224,14,7,13,1935,1,2,1,1.0,6,06088,M,,,06
201400011225,14,7,14,20,5,2,1,1.0,6,06088,M,,,06
201400011226,14,7,15,30,5,2,1,1.0,2,06088,M,,,06
201400011227,14,7,15,215,5,1,1,1.0,6,06088,M,,,06
201400011228,14,7,15,1030,1,2,1,1.0,3,06088,M,,,06
201400011229,14,7,15,1510,1,2,1,1.0,6,06088,M,,,06
201400011230,14,7,15,1525,1,2,4,1.0,6,06088,M,,,06
201400011231,14,7,15,1635,1,2,1,1.0,6,06088,M,,,06
201400011232,14,7,15,1720,1,2,1,1.0,4,06088,M,,,06
201400011233,14,7,15,1910,1,2,2,1.0,3,06088,M,,,06
201400011234,14,7,16,1005,1,2,1,1.0,6,06088,M,,,06
201400011235,14,7,16,1310,1,2,1,1.0,3,06088,M,,,06
201400011236,14,7,16,1545,1,2,1,1.0,3,06088,M,,,06
201400011237,14,7,16,1625,1,2,1,1.0,6,06088,M,,,06
201400011238,14,7,17,1005,1,2,2,1.0,6,06088,M,,,06
201400011239,14,7,18,1130,1,2,1,1.0,6,06088,M,,,06
201400011240,14,7,18,1140,1,2,2,1.0,3,06088,M,,,06
201400011241,14,7,18,2335,5,2,2,1.0,3,06088,M,,,06
201400011242,14,7,19,1015,1,2,1,1.0,6,06088,M,,,06
201400011243,14,7,19,1900,1,2,1,1.0,3,06088,M,,,06
201400011244,14,7,21,1715,1,2,2,1.0,3,06088,M,,,06
201400011245,14,7,21,1730,1,2,1,1.0,1,06088,M,,,06
201400011246,14,7,21,1755,1,2,2,1.0,7,06088,M,,,06
201400011247,14,7,22,1115,1,2,1,1.0,6,06088,M,,,06
201400011248,14,7,23,230,5,2,1,1.0,2,06088,M,,,06
201400011249,14,7,23,1840,1,2,1,1.0,2,06088,M,,,06
201400011250,14,7,23,1900,1,2,1,1.0,2,06088,M,,,06
201400011251,14,7,24,1520,1,2,1,1.0,6,06088,M,,,06
201400011252,14,7,24,1555,1,1,1,1.0,3,06088,M,,,06
201400011253,14,7,25,120,5,2,1,1.0,2,06088,M,,,06
201400011254,14,7,25,1710,1,2,2,1.0,3,06088,M,,,06
201400011255,14,7,25,2124,2,2,1,1.0,3,06159,M,,,06
201400011256,14,7,26,1000,1,2,1,1.0,3,06088,M,,,06
201400011257,14,7,26,1700,1,2,2,1.0,3,06088,M,,,06
201400011258,14,7,27,1330,1,2,1,1.0,6,06088,M,,,06
201400011259,14,7,28,1200,1,2,4,1.0,3,06088,M,,,06
201400011260,14,7,28,1800,1,2,1,1.0,6,06159,M,,,06
201400011261,14,7,29,815,1,2,1,1.0,2,06088,M,,,06
201400011262,14,7,29,1553,1,2,1,1.0,7,06088,M,,,06
201400011263,14,7,30,1125,1,2,2,1.0,6,06088,M,,,06
201400011264,14,7,30,1930,1,2,1,1.0,2,06088,M,,,06
201400011265,14,7,31,108,5,2,2,1.0,3,06088,M,,,06
201400011266,14,7,31,650,1,2,1,1.0,1,06088,M,,,06
201400011267,14,7,31,840,1,2,1,1.0,5,06159,M,,,06
201400011268,14,7,31,1200,1,2,1,1.0,6,06088,M,,,06
201400011269,14,7,31,1800,1,1,1,1.0,6,06088,M,,,06
201400011270,14,7,31,2225,4,2,1,1.0,6,06088,M,,,06
201400011271,14,8,1,300,5,2,1,1.0,6,06088,M,,,06
201400011272,14,8,1,2310,5,2,3,1.0,3,06088,M,,,06
201400011273,14,8,2,120,5,2,2,1.0,3,06088,M,,,06
201400011274,14,8,2,1600,1,2,2,1.0,3,06088,M,,,06
201400011275,14,8,3,1045,1,2,1,1.0,2,06088,M,,,06
201400011276,14,8,3,1255,1,2,2,1.0,3,06088,M,,,06
201400011277,14,8,4,1715,1,2,3,1.0,6,06088,M,,,06
201400011278,14,8,4,2338,5,2,1,1.0,6,06159,M,,,06
201400011279,14,8,5,720,1,2,1,1.0,3,06088,M,,,06
201400011280,14,8,6,1100,1,2,1,1.0,6,06088,M,,,06
201400011281,14,8,6,2100,2,2,1,1.0,3,06159,M,,,06
201400011282,14,8,7,1205,1,2,1,1.0,6,06159,M,,,06
201400011283,14,8,7,1415,1,2,2,1.0,3,06088,M,,,06
201400011284,14,8,7,1930,1,2,1,1.0,6,06088,M,,,06
201400011285,14,8,8,1010,1,2,1,1.0,3,06088,M,,,06
201400011286,14,8,8,1630,1,2,2,1.0,3,06088,M,,,06
201400011287,14,8,8,1630,1,2,1,1.0,3,06088,M,,,06
201400011288,14,8,8,1750,1,2,1,1.0,2,06088,M,,,06
201400011289,14,8,8,1850,1,2,1,1.0,6,06088,M,,,06
201400011290,14,8,9,300,5,2,1,1.0,3,06088,M,,,06
201400011291,14,8,9,1200,1,2,1,1.0,6,06088,M,,,06
201400011292,14,8,12,825,1,2,1,1.0,6,06088,M,,,06
201400011293,14,8,12,1130,1,2,3,1.0,6,06088,M,,,06
201400011294,14,8,12,1230,1,2,1,1.0,3,06088,M,,,06
201400011295,14,8,12,1810,1,2,1,1.0,2,06088,M,,,06
201400011296,14,8,13,230,5,2,1,1.0,6,06088,M,,,06
201400011297,14,8,13,17,5,2,1,1.0,2,06088,M,,,06
201400011298,14,8,13,1430,1,2,1,1.0,5,06088,M,,,06
201400011299,14,8,13,1900,1,2,1,1.0,3,06088,M,,,06
201400011300,14,8,13,2313,5,2,1,1.0,7,06088,M,,,06
201400011301,14,8,14,2220,5,2,1,1.0,3,06088,M,,,06
201400011302,14,8,17,1530,1,2,1,1.0,3,06088,M,,,06
201400011303,14,8,18,420,5,2,1,1.0,3,06088,M,,,06
201400011304,14,8,18,1405,1,2,1,1.0,3,06088,M,,,06
201400011305,14,8,18,1630,1,2,2,1.0,6,06088,M,,,06
201400011306,14,8,18,2345,5,2,2,1.0,3,06088,M,,,06
201400011307,14,8,19,1400,1,2,1,1.0,1,06088,M,,,06
201400011308,14,8,19,1920,1,2,1,1.0,6,06088,M,,,06
201400011309,14,8,20,2125,2,2,1,1.0,6,06088,M,,,06
201400011310,14,8,21,820,1,2,1,1.0,6,06088,M,,,06
201400011311,14,8,21,1900,1,2,1,1.0,6,06088,M,,,06
201400011312,14,8,23,2345,5,2,2,1.0,3,06088,M,,,06
201400011313,14,8,24,730,1,2,1,1.0,6,06088,M,,,06
201400011314,14,8,24,2115,1,2,2,1.0,3,06088,M,,,06
201400011315,14,8,25,1330,1,2,2,1.0,3,06088,M,,,06
201400011316,14,8,25,1725,1,2,1,1.0,3,06088,M,,,06
201400011317,14,8,26,1255,1,2,1,1.0,2,06088,M,,,06
201400011318,14,8,26,2247,5,2,1,1.0,3,06088,M,,,06
201400011319,14,8,29,1130,1,2,1,1.0,3,06088,M,,,06
201400011320,14,8,29,1800,1,2,1,1.0,2,06088,M,,,06
201400011321,14,8,30,1240,1,2,1,1.0,3,06088,M,,,06
201400011322,14,8,30,1630,1,2,1,1.0,6,06088,M,,,06
201400011323,14,8,31,1000,1,2,1,1.0,3,06088,M,,,06
201400011324,14,9,1,1310,1,2,1,1.0,2,06088,M,,,06
201400011325,14,9,1,1400,1,2,1,1.0,2,06088,M,,,06
201400011326,14,9,1,1920,1,2,1,1.0,2,06088,M,,,06
201400011327,14,9,2,800,1,2,1,1.0,5,06088,M,,,06
201400011328,14,9,2,1600,1,2,1,1.0,3,06088,M,,,06
201400011329,14,9,2,1742,1,2,1,1.0,6,06088,M,,,06
201400011330,14,9,2,1930,1,2,1,1.0,6,06088,M,,,06
201400011331,14,9,3,940,1,2,1,1.0,3,06088,M,,,06
201400011332,14,9,3,920,1,2,1,1.0,2,06088,M,,,06
201400011333,14,9,4,929,1,2,1,1.0,3,06088,M,,,06
201400011334,14,9,4,935,1,2,1,1.0,2,06088,M,,,06
201400011335,14,9,4,950,1,2,2,1.0,3,06088,M,,,06
201400011336,14,9,5,840,1,2,1,1.0,6,06088,M,,,06
201400011337,14,9,5,1020,1,2,1,1.0,6,06088,M,,,06
201400011338,14,9,5,1510,1,2,1,1.0,1,06088,M,,,06
201400011339,14,9,6,1245,1,2,1,1.0,6,06088,M,,,06
201400011340,14,9,6,2240,5,2,2,1.0,3,06088,M,,,06
201400011341,14,9,7,2225,5,2,1,1.0,2,06088,M,,,06
201400011342,14,9,8,815,1,2,1,1.0,6,06088,M,,,06
201400011343,14,9,8,830,1,2,1,1.0,3,06088,M,,,06
201400011344,14,9,8,1500,1,2,1,1.0,4,06088,M,,,06
201400011345,14,9,8,1530,1,2,1,1.0,3,06088,M,,,06
201400011346,14,9,9,730,1,2,1,1.0,3,06088,M,,,06
201400011347,14,9,9,1010,1,2,3,1.0,3,06088,M,,,06
201400011348,14,9,9,1650,1,2,1,1.0,3,06088,M,,,06
201400011349,14,9,10,740,1,2,1,1.0,6,06088,M,,,06
201400011350,14,9,12,1055,1,2,1,1.0,6,06088,M,,,06
201400011351,14,9,12,1430,1,2,2,1.0,6,06088,M,,,06
201400011352,14,9,12,1530,1,2,1,1.0,2,06088,M,,,06
201400011353,14,9,12,1655,1,2,1,1.0,5,06088,M,,,06
201400011354,14,9,12,2200,5,2,1,1.0,6,06088,M,,,06
201400011355,14,9,13,1910,1,2,2,1.0,6,06088,M,,,06
201400011356,14,9,13,2050,5,2,2,1.0,3,06088,M,,,06
201400011357,14,9,15,1035,1,2,1,1.0,3,06088,M,,,06
201400011358,14,9,15,1205,1,2,3,1.0,3,06088,M,,,06
201400011359,14,9,15,1645,1,2,3,2.0,6,06088,M,,,06
201400011360,14,9,15,1730,1,2,3,1.0,5,06088,M,,,06
201400011361,14,9,17,1350,1,2,1,1.0,6,06088,M,,,06
201400011362,14,9,18,1400,1,2,1,1.0,6,06088,M,,,06
201400011363,14,9,19,1430,1,2,4,1.0,3,06088,M,,,06
201400011364,14,9,20,425,5,2,1,1.0,6,06088,M,,,06
201400011365,14,9,20,1015,1,2,1,1.0,6,06088,M,,,06
201400011366,14,9,20,1500,1,2,1,1.0,4,06088,M,,,06
201400011367,14,9,20,1525,1,2,2,1.0,3,06088,M,,,06
201400011368,14,9,21,1340,1,2,1,1.0,3,06088,M,,,06
201400011369,14,9,22,745,1,2,1,1.0,6,06088,M,,,06
201400011370,14,9,22,850,1,2,1,1.0,4,06088,M,,,06
201400011371,14,9,22,1210,1,2,2,1.0,3,06088,M,,,06
201400011372,14,9,22,1245,1,2,3,1.0,3,06088,M,,,06
201400011373,14,9,22,1845,1,2,1,1.0,6,06088,M,,,06
201400011374,14,9,23,905,1,2,1,1.0,1,06088,M,,,06
201400011375,14,9,23,1945,5,2,1,1.0,3,06088,M,,,06
201400011376,14,9,24,740,2,2,1,1.0,3,06159,M,,,06
201400011377,14,9,24,1445,1,2,1,1.0,3,06088,M,,,06
201400011378,14,9,25,500,5,2,1,1.0,6,06088,M,,,06
201400011379,14,9,25,815,1,2,1,1.0,6,06088,M,,,06
201400011380,14,9,26,1440,1,2,2,1.0,3,06088,M,,,06
201400011381,14,9,26,2245,5,2,1,1.0,6,06088,M,,,06
201400011382,14,9,27,30,5,2,1,1.0,6,06159,M,,,06
201400011383,14,9,27,305,5,2,1,1.0,6,06088,M,,,06
201400011384,14,9,27,2010,5,2,1,1.0,2,06088,M,,,06
201400011385,14,9,27,2300,5,2,2,1.0,3,06088,M,,,06
201400011386,14,9,28,1255,1,2,1,1.0,6,06088,M,,,06
201400011387,14,9,30,530,5,2,2,2.0,3,06088,M,,,06
201400011388,14,10,1,400,5,2,1,1.0,1,06088,M,,,06
201400011389,14,10,1,1600,1,2,3,1.0,3,06088,M,,,06
201400011390,14,10,2,1,5,2,1,1.0,6,06088,M,,,06
201400011391,14,10,2,1455,1,2,3,1.0,6,06088,M,,,06
201400011392,14,10,2,2250,3,2,1,1.0,6,06088,M,,,06
201400011393,14,10,4,1315,1,2,3,1.0,3,06088,M,,,06
201400011394,14,10,5,910,1,2,1,3.0,6,06088,M,,,06
201400011395,14,10,5,1500,1,2,1,1.0,2,06088,M,,,06
201400011396,14,10,6,1745,1,2,1,1.0,3,06088,M,,,06
201400011397,14,10,7,40,5,2,1,1.0,3,06088,M,,,06
201400011398,14,10,7,1715,1,2,1,1.0,2,06088,M,,,06
201400011399,14,10,8,820,1,2,2,1.0,1,06088,M,,,06
201400011400,14,10,9,1800,1,2,1,1.0,3,06088,M,,,06
201400011401,14,10,9,1815,1,2,1,1.0,6,06088,M,,,06
201400011402,14,10,10,1150,1,2,6,1.0,3,06088,M,,,06
201400011403,14,10,10,1250,1,2,1,1.0,2,06088,M,,,06
201400011404,14,10,12,1120,1,2,1,1.0,6,06088,M,,,06
201400011405,14,10,12,2250,5,2,3,1.0,2,06159,M,,,06
201400011406,14,10,13,1620,1,2,1,3.0,7,06088,M,,,06
201400011407,14,10,14,915,1,2,1,2.0,3,06088,M,,,06
201400011408,14,10,14,1835,1,2,2,1.0,3,06088,M,,,06
201400011409,14,10,14,1855,5,2,1,1.0,5,06088,M,,,06
201400011410,14,10,15,945,1,2,1,1.0,6,06088,M,,,06
201400011411,14,10,15,1450,1,2,1,1.0,2,06088,M,,,06
201400011412,14,10,17,1135,1,2,1,1.0,6,06088,M,,,06
201400011413,14,10,18,1440,1,2,1,1.0,3,06088,M,,,06
201400011414,14,10,19,1845,1,2,1,1.0,6,06088,M,,,06
201400011415,14,10,20,1900,5,2,1,1.0,3,06088,M,,,06
201400011416,14,10,21,955,1,2,2,1.0,3,06088,M,,,06
201400011417,14,10,21,1100,1,2,1,1.0,3,06088,M,,,06
201400011418,14,10,21,1510,1,2,2,1.0,3,06088,M,,,06
201400011419,14,10,21,2145,5,2,1,1.0,6,06088,M,,,06
201400011420,14,10,22,815,1,2,1,1.0,6,06088,M,,,06
201400011421,14,10,22,1230,1,2,1,1.0,3,06088,M,,,06
201400011422,14,10,23,1440,1,2,1,1.0,6,06088,M,,,06
201400011423,14,10,24,430,5,2,1,1.0,6,06088,M,,,06
201400011424,14,10,24,1405,1,2,1,1.0,3,06088,M,,,06
201400011425,14,10,24,2110,5,2,2,1.0,3,06088,M,,,06
201400011426,14,10,25,1255,1,2,1,1.0,6,06088,M,,,06
201400011427,14,10,26,1030,1,2,2,1.0,3,06088,M,,,06
201400011428,14,10,27,730,1,2,1,1.0,7,06088,M,,,06
201400011429,14,10,27,1015,1,2,2,1.0,3,06088,M,,,06
201400011430,14,10,27,1100,1,2,1,1.0,6,06088,M,,,06
201400011431,14,10,28,1820,5,2,1,1.0,2,06088,M,,,06
201400011432,14,10,28,1420,1,2,1,1.0,6,06088,M,,,06
201400011433,14,10,28,1745,2,2,1,1.0,3,06088,M,,,06
201400011434,14,10,28,1945,5,2,2,1.0,3,06088,M,,,06
201400011435,14,10,29,1730,2,2,1,1.0,4,06088,M,,,06
201400011436,14,10,30,1304,1,2,2,1.0,3,06088,M,,,06
201400011437,14,10,30,1715,2,2,3,1.0,3,06088,M,,,06
201400011438,14,10,31,1250,1,2,1,1.0,3,06088,M,,,06
201400011439,14,10,31,2245,5,2,2,1.0,6,06088,M,,,06
201400011440,14,11,1,30,5,2,1,1.0,6,06088,M,,,06
201400011441,14,11,1,1355,1,2,1,1.0,3,06088,M,,,06
201400011442,14,11,1,2350,5,2,2,1.0,3,06088,M,,,06
201400011443,14,11,2,110,5,2,1,1.0,7,06088,M,,,06
201400011444,14,11,2,202,5,2,2,1.0,6,06088,M,,,06
201400011445,14,11,4,1800,5,2,3,3.0,6,06088,M,,,06
201400011446,14,11,5,1620,1,2,1,1.0,2,06088,M,,,06
201400011447,14,11,5,1730,5,2,3,1.0,3,06088,M,,,06
201400011448,14,11,5,2230,5,2,3,1.0,3,06088,M,,,06
201400011449,14,11,6,815,1,2,1,1.0,6,06088,M,,,06
201400011450,14,11,6,1720,2,2,2,1.0,3,06088,M,,,06
201400011451,14,11,7,1752,5,2,1,1.0,6,06088,M,,,06
201400011452,14,11,7,2110,5,2,2,1.0,3,06088,M,,,06
201400011453,14,11,8,525,5,2,2,1.0,6,06088,M,,,06
201400011454,14,11,8,710,1,2,1,1.0,3,06088,M,,,06
201400011455,14,11,9,1730,4,2,1,3.0,6,06088,M,,,06
201400011456,14,11,10,1045,1,2,1,2.0,2,06088,M,,,06
201400011457,14,11,11,2045,1,2,1,2.0,6,06088,M,,,06
201400011458,14,11,12,825,1,2,1,1.0,3,06088,M,,,06
201400011459,14,11,12,1400,1,2,1,2.0,2,06088,M,,,06
201400011460,14,11,13,840,1,2,1,1.0,3,06088,M,,,06
201400011461,14,11,13,1400,1,2,1,1.0,2,06088,M,,,06
201400011462,14,11,14,745,1,2,1,1.0,6,06088,M,,,06
201400011463,14,11,15,1100,1,2,1,3.0,6,06159,M,,,06
201400011464,14,11,15,1100,1,2,1,3.0,4,06088,M,,,06
201400011465,14,11,16,745,1,2,2,1.0,3,06088,M,,,06
201400011466,14,11,16,1235,1,2,1,1.0,3,06088,M,,,06
201400011467,14,11,16,1615,1,2,1,1.0,3,06088,M,,,06
201400011468,14,11,17,1420,1,2,1,1.0,6,06088,M,,,06
201400011469,14,11,17,1715,2,2,3,1.0,3,06088,M,,,06
201400011470,14,11,18,1025,1,2,1,1.0,3,06088,M,,,06
201400011471,14,11,18,1340,1,2,1,1.0,2,06088,M,,,06
201400011472,14,11,19,650,1,2,1,1.0,3,06088,M,,,06
201400011473,14,11,19,745,1,2,1,1.0,6,06088,M,,,06
201400011474,14,11,19,1445,1,2,1,1.0,6,06088,M,,,06
201400011475,14,11,19,1530,1,2,3,1.0,3,06088,M,,,06
201400011476,14,11,19,1720,4,2,1,1.0,3,06088,M,,,06
201400011477,14,11,24,1225,1,2,2,8.0,3,06088,M,,,06
201400011478,14,11,24,1450,1,2,1,1.0,2,06088,M,,,06
201400011479,14,11,26,20,5,2,1,2.0,4,06088,M,,,06
201400011480,14,11,26,830,1,2,1,8.0,3,06088,M,,,06
201400011481,14,11,28,730,2,2,1,2.0,6,06088,M,,,06
201400011482,14,11,28,750,1,2,1,2.0,2,06088,M,,,06
201400011483,14,11,29,1305,1,2,1,1.0,3,06088,M,,,06