Num_Acc,an,mois,jour,hrmn,lum,agg,int,atm,col,com,gps,lat,long,dep
201400011484,14,11,29,1800,5,2,2,2.0,3,06088,M,,,06
201400011485,14,12,2,800,1,2,1,1.0,4,06088,M,,,06
201400011486,14,12,2,1400,1,2,1,1.0,6,06088,M,,,06
201400011487,14,12,4,845,1,2,1,1.0,6,06088,M,,,06
201400011488,14,12,4,1849,5,2,1,2.0,6,06088,M,,,06
201400011489,14,12,4,1900,5,2,9,2.0,6,06088,M,,,06
201400011490,14,12,6,1030,1,2,1,2.0,6,06088,M,,,06
201400011491,14,12,6,1125,1,2,1,1.0,1,06159,M,,,06
201400011492,14,12,6,1615,1,2,1,3.0,2,06088,M,,,06
201400011493,14,12,7,1600,1,2,1,1.0,4,06088,M,,,06
201400011494,14,12,8,710,2,2,1,1.0,6,06088,M,,,06
201400011495,14,12,8,1125,1,2,1,1.0,3,06088,M,,,06
201400011496,14,12,9,750,1,2,3,1.0,1,06088,M,,,06
201400011497,14,12,10,1125,1,2,1,1.0,2,06088,M,,,06
201400011498,14,12,11,1910,5,2,1,1.0,6,06088,M,,,06
201400011499,14,12,12,1300,1,2,1,1.0,3,06088,M,,,06
201400011500,14,12,13,1750,5,2,1,1.0,6,06088,M,,,06
201400011501,14,12,13,1840,5,2,1,1.0,3,06088,M,,,06
201400011502,14,12,13,2123,5,2,1,1.0,6,06088,M,,,06
201400011503,14,12,14,250,5,2,1,2.0,3,06088,M,,,06
201400011504,14,12,14,1435,1,2,1,1.0,6,06088,M,,,06
201400011505,14,12,15,800,1,2,1,1.0,6,06088,M,,,06
201400011506,14,12,15,1530,1,2,1,1.0,6,06088,M,,,06
201400011507,14,12,16,845,1,2,3,2.0,3,06159,M,,,06
201400011508,14,12,17,1420,1,2,1,1.0,6,06088,M,,,06
201400011509,14,12,17,1435,1,2,1,1.0,3,06088,M,,,06
201400011510,14,12,17,1905,5,2,2,1.0,3,06088,M,,,06
201400011511,14,12,18,220,5,2,1,1.0,3,06088,M,,,06
201400011512,14,12,18,340,5,2,1,1.0,6,06088,M,,,06
201400011513,14,12,18,1325,1,2,1,1.0,3,06088,M,,,06
201400011514,14,12,18,1630,1,2,1,1.0,3,06088,M,,,06
201400011515,14,12,18,1650,1,2,1,1.0,6,06088,M,,,06
201400011516,14,12,18,1815,5,2,1,1.0,4,06088,M,,,06
201400011517,14,12,19,1150,1,2,2,1.0,3,06088,M,,,06
201400011518,14,12,19,1325,1,2,1,1.0,6,06088,M,,,06
201400011519,14,12,23,300,5,2,1,1.0,6,06088,M,,,06
201400011520,14,12,23,1225,1,2,1,1.0,2,06088,M,,,06
201400011521,14,12,24,1100,1,2,1,1.0,6,06088,M,,,06
201400011522,14,12,24,1100,1,2,1,1.0,6,06088,M,,,06
201400011523,14,12,24,1430,1,2,1,1.0,6,06088,M,,,06
201400011524,14,12,25,1715,2,2,1,1.0,1,06159,M,,,06
201400011525,14,12,26,745,2,2,1,1.0,6,06088,M,,,06
201400011526,14,12,26,1100,1,2,2,1.0,6,06088,M,,,06
201400011527,14,12,26,1835,5,2,1,1.0,2,06088,M,,,06
201400011528,14,12,28,1405,1,2,7,1.0,3,06088,M,,,06
201400011529,14,12,30,1410,1,2,2,1.0,3,06088,M,,,06
201400011530,14,12,30,1520,1,2,1,1.0,2,06088,M,,,06
201400011531,14,12,30,1720,5,2,1,1.0,3,06088,M,,,06
201400011532,14,12,31,1115,1,2,1,1.0,6,06088,M,,,06
201400011533,14,12,31,1135,1,2,1,1.0,3,06088,M,,,06
201400011534,14,5,23,515,3,1,1,1.0,1,33234,M,0.0,0.0,33
201400011535,14,9,25,1730,1,1,2,1.0,3,33085,M,0.0,0.0,33
201400011536,14,1,12,1530,1,1,1,1.0,6,58214,M,0.0,0.0,58
201400011537,14,1,17,1900,2,1,1,1.0,3,58303,M,0.0,0.0,58
201400011538,14,4,6,1545,1,1,1,1.0,7,58303,M,0.0,0.0,58
201400011539,14,11,2,615,2,1,1,1.0,7,58212,M,0.0,0.0,58
201400011540,14,4,15,1730,1,2,1,1.0,3,21515,M,4731600.0,510000.0,21
201400011541,14,8,29,1345,1,2,1,1.0,5,21171,M,4729600.0,513900.0,21
201400011542,14,11,4,1730,1,2,1,2.0,3,21515,M,4731800.0,509900.0,21
201400011543,14,11,24,1400,1,2,1,1.0,1,21515,M,0.0,0.0,21
201400011544,14,11,27,730,5,2,1,2.0,6,21171,M,4730200.0,513500.0,21
201400011545,14,12,22,1315,1,1,1,1.0,6,15145,M,4496000.0,292300.0,15
201400011546,14,1,20,615,3,1,1,9.0,6,13040,M,0.0,0.0,13
201400011547,14,2,9,100,3,1,1,8.0,6,13040,M,0.0,0.0,13
201400011548,14,2,13,1015,1,1,2,1.0,3,13087,M,0.0,0.0,13
201400011549,14,2,16,915,1,1,1,2.0,2,13040,M,0.0,0.0,13
201400011550,14,5,4,330,3,1,1,1.0,6,13040,M,0.0,0.0,13
201400011551,14,6,15,1345,1,1,1,1.0,6,13087,M,0.0,0.0,13
201400011552,14,9,4,545,3,2,1,1.0,1,13087,M,0.0,0.0,13
201400011553,14,9,7,245,3,1,1,1.0,1,13040,M,0.0,0.0,13
201400011554,14,9,20,815,1,1,1,1.0,6,13087,M,0.0,0.0,13
201400011555,14,10,3,1930,5,2,1,1.0,2,13040,M,0.0,0.0,13
201400011556,14,10,19,1730,1,1,1,1.0,1,13040,M,0.0,0.0,13
201400011557,14,1,1,945,1,1,1,1.0,6,47195,M,4409330.0,36041.0,47
201400011558,14,1,8,800,2,1,1,1.0,6,47174,M,4405600.0,36900.0,47
201400011559,14,2,13,2130,5,2,1,1.0,1,47143,M,0.0,0.0,47
201400011560,14,3,9,1200,1,1,1,1.0,2,47195,M,4415200.0,32300.0,47
201400011561,14,6,4,1530,1,1,2,1.0,3,47172,M,4413800.0,51200.0,47
201400011562,14,11,11,900,1,1,1,1.0,6,47195,M,4413400.0,35800.0,47
201400011563,14,11,15,2245,3,1,1,3.0,6,47186,M,4421100.0,45200.0,47
201400011564,14,12,27,945,1,1,2,2.0,3,47176,M,4420390.0,29392.0,47
201400011565,14,12,21,1010,1,2,1,1.0,6,07229,M,,,07
201400011566,14,12,22,640,3,1,1,1.0,6,07116,M,,,07
201400011567,14,1,22,500,5,2,1,1.0,6,07019,M,,,07
201400011568,14,2,15,1300,1,2,1,2.0,7,07019,M,,,07
201400011569,14,3,15,1610,1,1,1,1.0,1,07019,M,,,07
201400011570,14,3,19,1435,1,2,3,1.0,3,07019,M,,,07
201400011571,14,3,24,1400,1,2,6,1.0,3,07019,M,,,07
201400011572,14,4,12,1515,1,2,1,1.0,3,07019,M,,,07
201400011573,14,5,12,1300,1,2,1,1.0,6,07019,M,,,07
201400011574,14,6,8,600,1,1,1,1.0,1,07116,M,,,07
201400011575,14,8,1,1415,1,2,1,1.0,5,07019,M,,,07
201400011576,14,8,25,515,3,2,1,1.0,6,07019,M,,,07
201400011577,14,9,15,1510,1,1,1,1.0,6,07019,M,,,07
201400011578,14,9,20,2300,5,2,6,1.0,6,07019,M,,,07
201400011579,14,2,5,1830,5,2,1,2.0,6,07102,M,,,07
201400011580,14,2,17,820,1,2,1,1.0,2,07102,M,,,07
201400011581,14,2,19,700,2,2,1,1.0,3,07102,M,,,07
201400011582,14,3,8,1559,1,2,2,1.0,3,07102,M,,,07
201400011583,14,3,30,1510,1,1,1,1.0,6,07281,M,,,07
201400011584,14,4,26,500,5,2,6,1.0,6,07102,M,,,07
201400011585,14,5,8,1720,1,1,1,1.0,4,07281,M,,,07
201400011586,14,5,21,750,1,2,3,2.0,3,07070,M,,,07
201400011587,14,5,28,1325,1,2,1,1.0,6,07281,M,,,07
201400011588,14,6,26,1955,1,1,1,1.0,1,07281,M,,,07
201400011589,14,6,27,905,1,1,1,1.0,7,07281,M,,,07
201400011590,14,7,20,1047,1,2,6,1.0,3,07102,M,,,07
201400011591,14,8,2,1215,1,1,1,1.0,6,07281,M,,,07
201400011592,14,4,13,1630,1,1,1,1.0,1,11202,M,0.0,0.0,11
201400011593,14,4,15,1630,1,1,1,1.0,1,11202,M,0.0,0.0,11
201400011594,14,6,20,1145,1,1,1,1.0,3,11086,M,4293640.0,299134.0,11
201400011595,14,8,8,715,1,2,1,1.0,1,11202,M,0.0,0.0,11
201400011596,14,11,23,1845,3,1,1,2.0,2,11202,M,4285568.0,303279.0,11
201400011597,14,3,5,530,2,1,1,1.0,1,57038,M,0.0,0.0,57
201400011598,14,4,1,1400,1,2,1,1.0,3,57038,M,0.0,0.0,57
201400011599,14,4,2,1830,1,2,1,1.0,3,57529,M,0.0,0.0,57
201400011600,14,4,6,2115,3,1,6,1.0,7,57305,M,0.0,0.0,57
201400011601,14,5,3,2015,1,2,6,1.0,7,57041,M,4942314.0,593460.0,57
201400011602,14,5,5,1515,1,1,1,1.0,1,57038,M,0.0,0.0,57
201400011603,14,6,21,15,5,2,1,1.0,7,57038,M,0.0,0.0,57
201400011604,14,6,27,2015,1,2,1,1.0,3,57498,M,0.0,0.0,57
201400011605,14,10,3,1130,1,1,1,1.0,3,57041,M,0.0,0.0,57
201400011606,14,12,17,1740,5,2,1,2.0,3,07186,M,,,07
201400011607,14,1,31,1705,1,2,1,1.0,6,07186,M,,,07
201400011608,14,2,17,135,5,2,1,1.0,6,07186,M,,,07
201400011609,14,5,15,1210,1,2,1,1.0,2,07186,M,,,07
201400011610,14,5,23,1540,1,2,3,1.0,3,07186,M,,,07
201400011611,14,5,31,435,3,1,1,1.0,6,07072,M,,,07
201400011612,14,8,5,1925,1,2,1,1.0,2,07186,M,,,07
201400011613,14,8,24,1525,1,1,1,1.0,7,07072,M,,,07
201400011614,14,9,11,845,1,2,1,1.0,6,07186,M,,,07
201400011615,14,10,3,820,1,2,1,1.0,3,07008,M,,,07
201400011616,14,9,23,1955,2,2,1,1.0,6,07008,M,,,07
201400011617,14,10,19,1645,1,2,1,1.0,7,07186,M,,,07
201400011618,14,10,31,1645,1,2,1,1.0,3,07186,M,,,07
201400011619,14,11,6,1655,1,2,1,1.0,2,07186,M,,,07
201400011620,14,11,8,2220,5,2,1,1.0,6,07186,M,,,07
201400011621,14,11,11,710,2,2,1,2.0,6,07186,M,,,07
201400011622,14,11,17,1325,1,2,1,1.0,6,07186,M,,,07
201400011623,14,12,13,1310,1,1,1,8.0,3,07008,M,,,07
201400011624,14,1,17,1315,1,2,1,1.0,3,34259,M,0.0,0.0,34
201400011625,14,1,18,615,5,2,2,1.0,3,34123,M,0.0,0.0,34
201400011626,14,3,5,1915,3,2,1,1.0,6,34134,M,4359500.0,380600.0,34
201400011627,14,8,3,1900,1,1,1,1.0,3,34202,M,0.0,0.0,34
201400011628,14,8,9,800,1,1,1,1.0,6,34202,M,0.0,0.0,34
201400011629,14,11,5,1845,5,2,1,1.0,6,34134,M,4397600.0,333400.0,34
201400011630,14,6,24,1115,1,1,9,1.0,5,11397,M,4320200.0,249200.0,11
201400011631,14,7,12,1315,1,2,1,1.0,6,11397,M,0.0,0.0,11
201400011632,14,10,16,1530,1,2,1,1.0,6,11397,M,4321000.0,244200.0,11
201400011633,14,11,13,1345,1,1,1,1.0,1,11337,M,4321900.0,262800.0,11
201400011634,14,6,1,730,2,1,1,1.0,6,23257,M,0.0,0.0,23
201400011635,14,12,10,1845,5,2,6,1.0,6,78575,M,0.0,0.0,78
201400011636,14,1,15,1245,1,1,1,2.0,7,91319,M,4864100.0,214500.0,91
201400011637,14,2,12,630,3,1,1,1.0,2,78009,M,0.0,0.0,78
201400011638,14,2,27,1730,1,1,1,1.0,6,28092,M,4835405.0,187456.0,28
201400011639,14,4,2,1115,1,1,1,1.0,6,28026,M,4832164.0,186348.0,28
201400011640,14,5,23,1100,1,1,1,1.0,6,28363,M,4841943.0,189915.0,28
201400011641,14,5,30,2300,3,1,1,1.0,6,28026,M,4832792.0,186458.0,28
201400011642,14,6,22,1630,1,1,1,1.0,6,28363,M,4840085.0,189361.0,28
201400011643,14,7,10,800,1,1,1,8.0,6,78003,M,4853100.0,183600.0,78
201400011644,14,7,13,100,5,1,1,1.0,2,78537,M,0.0,0.0,78
201400011645,14,7,30,2230,3,1,1,1.0,2,78009,M,4846800.0,191300.0,78
201400011646,14,8,3,830,1,1,1,1.0,6,78506,M,0.0,0.0,78
201400011647,14,8,31,2315,3,1,1,1.0,6,28026,M,4832295.0,186352.0,28
201400011648,14,9,14,1130,1,1,1,1.0,7,28408,M,4837515.0,188680.0,28
201400011649,14,9,22,1800,1,1,1,1.0,5,78349,M,4857500.0,199300.0,78
201400011650,14,9,24,1545,1,1,1,1.0,7,78349,M,4857000.0,197900.0,78
201400011651,14,9,28,1345,1,1,1,1.0,6,78601,M,0.0,0.0,78
201400011652,14,9,29,845,1,1,1,2.0,2,91363,M,0.0,0.0,91
201400011653,14,10,11,745,2,1,9,2.0,4,78003,M,0.0,0.0,78
201400011654,14,10,14,1000,1,1,9,1.0,7,78562,M,0.0,0.0,78
201400011655,14,10,14,1630,1,1,1,1.0,3,78499,M,0.0,0.0,78
201400011656,14,10,14,1200,1,1,1,1.0,6,78537,M,4855900.0,193200.0,78
201400011657,14,10,26,1700,1,1,1,1.0,2,91200,M,4856200.0,193900.0,91
201400011658,14,10,27,830,1,1,1,5.0,1,78143,M,0.0,0.0,78
201400011659,14,11,13,830,1,2,1,1.0,7,78537,M,0.0,0.0,78
201400011660,14,11,14,1600,1,1,6,8.0,7,78003,M,4853500.0,183300.0,78
201400011661,14,11,26,1315,1,1,1,2.0,6,78003,M,0.0,0.0,78
201400011662,14,11,26,1930,5,2,1,2.0,1,78356,M,0.0,0.0,78
201400011663,14,11,26,1130,1,2,1,1.0,6,78513,M,0.0,0.0,78
201400011664,14,12,1,1145,1,1,1,1.0,2,78499,M,0.0,0.0,78
201400011665,14,12,7,1845,3,1,1,1.0,1,78497,M,0.0,0.0,78
201400011666,14,12,13,1300,1,1,1,3.0,6,78128,M,0.0,0.0,78
201400011667,14,12,18,1130,1,1,1,1.0,3,78464,M,0.0,0.0,78
201400011668,14,12,19,1245,1,1,1,2.0,1,78356,M,0.0,0.0,78
201400011669,14,12,30,1130,1,1,1,1.0,1,78569,M,4853600.0,195200.0,78
201400011670,14,4,20,2330,3,1,1,1.0,6,51232,M,0.0,0.0,51
201400011671,14,6,21,1225,1,1,1,1.0,1,51105,M,0.0,0.0,51
201400011672,14,7,26,2200,3,1,1,1.0,6,51075,M,0.0,0.0,51
201400011673,14,5,17,2100,2,2,1,1.0,3,69007,M,4549200.0,480500.0,69
201400011674,14,6,12,1545,1,1,1,1.0,3,69189,M,0.0,0.0,69
201400011675,14,6,29,745,1,1,1,1.0,6,69080,M,0.0,0.0,69
201400011676,14,7,18,2100,2,1,1,1.0,2,69007,M,0.0,0.0,69
201400011677,14,8,27,1130,1,2,7,1.0,6,69007,M,0.0,0.0,69
201400011678,14,8,28,1745,1,2,1,1.0,7,69064,M,4547200.0,476800.0,69
201400011679,14,9,2,1730,1,1,3,1.0,3,69007,M,0.0,0.0,69
201400011680,14,10,26,1800,1,1,1,1.0,6,69007,M,0.0,0.0,69
201400011681,14,1,17,1115,1,2,1,1.0,3,37050,M,0.0,0.0,37
201400011682,14,4,3,745,1,2,1,2.0,3,37050,M,0.0,0.0,37
201400011683,14,4,28,1815,1,2,1,1.0,3,37050,M,0.0,0.0,37
201400011684,14,7,10,1615,1,2,1,1.0,6,37050,M,0.0,0.0,37
201400011685,14,8,27,1100,1,1,6,8.0,3,37099,M,0.0,0.0,37
201400011686,14,9,10,1845,1,2,9,1.0,6,37050,M,0.0,0.0,37
201400011687,14,4,23,1915,1,1,1,1.0,6,29140,M,4837586.0,-430625.0,29
201400011688,14,4,29,2330,3,1,1,1.0,6,29189,M,4837401.0,-436867.0,29
201400011689,14,4,29,2030,1,1,1,1.0,1,29189,M,4837405.0,-436910.0,29
201400011690,14,5,26,1445,1,2,1,1.0,1,29189,M,4837405.0,-436910.0,29
201400011691,14,5,26,1530,1,1,1,1.0,1,29078,M,4832749.0,-416111.0,29
201400011692,14,7,11,1730,1,1,1,1.0,2,29078,M,4831027.0,-418504.0,29
201400011693,14,1,29,30,3,2,6,3.0,6,33229,M,4471100.0,-104900.0,33
201400011694,14,2,8,315,3,1,6,2.0,6,33229,M,4473900.0,-103400.0,33
201400011695,14,6,4,930,1,1,1,1.0,3,33005,M,0.0,0.0,33
201400011696,14,6,13,2030,1,1,9,1.0,6,33229,M,0.0,0.0,33
201400011697,14,7,17,1230,1,1,1,1.0,6,33229,M,0.0,0.0,33
201400011698,14,8,3,1645,1,1,1,1.0,3,33229,M,0.0,0.0,33
201400011699,14,8,27,2145,5,2,3,1.0,3,33005,M,0.0,0.0,33
201400011700,14,9,14,300,5,2,1,1.0,6,33229,M,0.0,0.0,33
201400011701,14,12,2,745,2,1,1,1.0,1,33229,M,0.0,0.0,33
201400011702,14,12,20,1545,1,2,1,1.0,6,33005,M,0.0,0.0,33
201400011703,14,5,15,1130,1,2,1,1.0,2,60142,M,0.0,0.0,60
201400011704,14,5,18,1615,1,1,1,1.0,3,60142,M,0.0,0.0,60
201400011705,14,6,25,1500,1,2,1,1.0,1,60142,M,0.0,0.0,60
201400011706,14,3,19,1015,1,1,1,1.0,1,73257,M,4536680.0,651870.0,73
201400011707,14,7,15,1645,1,1,1,1.0,5,73257,M,4535480.0,652230.0,73
201400011708,14,2,23,2030,3,1,1,1.0,2,51617,M,0.0,0.0,51
201400011709,14,7,14,1700,1,1,1,1.0,6,51617,M,0.0,0.0,51
201400011710,14,9,22,1630,1,1,1,1.0,1,51326,M,0.0,0.0,51
201400011711,14,11,2,745,1,1,1,1.0,2,51099,M,0.0,0.0,51
201400011712,14,12,9,200,3,1,1,1.0,6,51409,M,0.0,0.0,51
201400011713,14,12,17,1830,3,1,1,3.0,7,51099,M,0.0,0.0,51
201400011714,14,8,18,845,1,1,1,3.0,4,51323,M,0.0,0.0,51
201400011715,14,1,24,615,3,1,1,8.0,2,77185,M,4844210.0,253289.0,77
201400011716,14,3,9,1945,3,1,1,1.0,3,77435,M,4848900.0,251700.0,77
201400011717,14,4,7,815,1,1,1,1.0,2,77370,M,4824200.0,274800.0,77
201400011718,14,6,8,2230,3,1,1,1.0,6,77168,M,4815800.0,287200.0,77
201400011719,14,6,27,1830,1,1,1,3.0,6,77216,M,4828800.0,267600.0,77
201400011720,14,6,28,2230,3,1,1,2.0,5,77407,M,4850600.0,250600.0,77
201400011721,14,10,2,1515,1,1,9,1.0,3,77069,M,4848900.0,262900.0,77
201400011722,14,10,4,1900,2,1,1,1.0,7,77115,M,0.0,0.0,77
201400011723,14,10,21,545,3,1,1,1.0,6,77099,M,4817000.0,270400.0,77
201400011724,14,10,23,1715,1,2,1,1.0,1,77477,M,,,77
201400011725,14,11,1,315,3,1,1,1.0,2,77001,M,4822001.0,234030.0,77
201400011726,14,11,3,1500,1,1,1,1.0,3,77115,M,0.0,0.0,77
201400011727,14,11,7,1500,1,1,1,8.0,6,77471,M,0.0,0.0,77
201400011728,14,11,9,1630,1,2,1,1.0,5,77069,M,0.0,0.0,77
201400011729,14,11,12,1030,1,1,1,1.0,1,77185,M,4826269.0,232049.0,77
201400011730,14,12,3,1515,1,1,1,8.0,3,77465,M,4832800.0,295300.0,77
201400011731,14,12,5,2015,3,1,9,1.0,6,77156,M,4825900.0,272000.0,77
201400011732,14,12,6,645,3,1,1,8.0,1,77370,M,4825900.0,268500.0,77
201400011733,14,12,9,715,2,1,1,9.0,1,77185,M,4845800.0,255300.0,77
201400011734,14,12,18,1845,3,1,1,2.0,5,77431,M,4828600.0,268700.0,77
201400011735,14,12,22,1845,3,1,1,1.0,6,77485,M,4834700.0,252200.0,77
201400011736,14,12,26,1915,3,1,1,2.0,3,77185,M,4846400.0,255500.0,77
201400011737,14,2,18,115,3,1,1,1.0,2,62259,M,0.0,0.0,62
201400011738,14,4,10,2315,3,1,1,1.0,6,62121,M,0.0,0.0,62
201400011739,14,4,11,645,3,1,1,1.0,4,62080,M,0.0,0.0,62
201400011740,14,4,29,15,3,1,1,1.0,5,62582,M,0.0,0.0,62
201400011741,14,8,6,1430,1,1,1,3.0,6,62121,M,5012252.0,287176.0,62
201400011742,14,10,30,1945,3,1,1,1.0,6,62426,M,0.0,0.0,62
201400011743,14,11,20,1630,1,1,1,1.0,1,62594,M,0.0,0.0,62
201400011744,14,11,29,1200,1,1,1,1.0,1,62680,M,0.0,0.0,62
201400011745,14,12,11,930,1,1,1,1.0,1,62754,M,0.0,0.0,62
201400011746,14,1,25,1615,1,1,1,9.0,7,80521,M,0.0,0.0,80
201400011747,14,2,2,1930,3,1,1,1.0,6,80555,M,0.0,0.0,80
201400011748,14,3,10,615,2,1,1,1.0,6,80101,M,0.0,0.0,80
201400011749,14,4,16,400,3,1,1,1.0,7,80741,M,0.0,0.0,80
201400011750,14,4,27,1645,1,1,1,1.0,2,80685,M,0.0,0.0,80
201400011751,14,5,7,1500,1,1,1,1.0,3,80430,M,0.0,0.0,80
201400011752,14,6,10,1800,1,1,1,1.0,5,80646,M,0.0,0.0,80
201400011753,14,7,15,725,1,1,1,1.0,7,80204,M,0.0,0.0,80
201400011754,14,7,17,1330,1,1,9,1.0,3,80685,M,0.0,0.0,80
201400011755,14,8,14,1900,1,1,1,8.0,5,80002,M,0.0,0.0,80
201400011756,14,10,12,1045,1,1,1,2.0,2,80058,M,0.0,0.0,80
201400011757,14,10,15,845,1,1,1,8.0,3,80521,M,0.0,0.0,80
201400011758,14,11,28,2315,3,1,1,1.0,6,80421,M,0.0,0.0,80
201400011759,14,12,3,1745,2,1,1,1.0,2,80101,M,0.0,0.0,80
201400011760,14,12,23,715,3,1,1,1.0,4,80685,M,0.0,0.0,80
201400011761,14,12,30,2000,3,1,1,1.0,2,80521,M,0.0,0.0,80
201400011762,14,1,23,1000,1,1,1,1.0,3,13103,M,0.0,0.0,13
201400011763,14,2,8,1200,1,1,1,1.0,6,13049,M,0.0,0.0,13
201400011764,14,2,18,1045,1,1,1,1.0,6,13051,M,0.0,0.0,13
201400011765,14,2,26,1115,1,1,1,3.0,5,13114,M,0.0,0.0,13
201400011766,14,3,7,1645,1,1,1,1.0,2,13067,M,0.0,0.0,13
201400011767,14,3,15,1945,3,1,1,6.0,2,13105,M,0.0,0.0,13
201400011768,14,4,13,1800,1,1,1,1.0,6,13105,M,0.0,0.0,13
201400011769,14,6,15,2215,3,1,1,8.0,2,13105,M,0.0,0.0,13
201400011770,14,6,20,30,3,1,1,1.0,3,13112,M,0.0,0.0,13
201400011771,14,7,23,1115,1,1,1,1.0,4,13103,M,0.0,0.0,13
201400011772,14,8,25,1515,1,1,1,1.0,2,13112,M,0.0,0.0,13
201400011773,14,8,24,1415,1,1,1,1.0,2,13051,M,0.0,0.0,13
201400011774,14,8,31,515,3,1,1,1.0,2,13114,M,0.0,0.0,13
201400011775,14,8,31,1045,1,1,1,1.0,6,13103,M,0.0,0.0,13
201400011776,14,9,8,630,2,1,1,1.0,1,13097,M,0.0,0.0,13
201400011777,14,10,13,1030,1,1,1,1.0,7,13103,M,0.0,0.0,13
201400011778,14,10,22,1915,3,1,1,2.0,2,13037,M,0.0,0.0,13
201400011779,14,11,2,1830,3,1,1,1.0,4,13103,M,0.0,0.0,13
201400011780,14,11,4,1930,3,1,1,3.0,1,13001,M,0.0,0.0,13
201400011781,14,11,14,700,3,1,1,1.0,2,13051,M,0.0,0.0,13
201400011782,14,12,6,1600,1,1,1,2.0,2,13001,M,0.0,0.0,13
201400011783,14,12,10,1415,1,1,1,1.0,2,13051,M,0.0,0.0,13
201400011784,14,1,3,1830,3,1,1,2.0,3,84087,M,0.0,0.0,84
201400011785,14,1,13,615,3,1,1,1.0,2,30212,M,4393491.0,460071.0,30
201400011786,14,5,14,515,3,1,1,1.0,2,84081,M,0.0,0.0,84
201400011787,14,5,21,1230,1,1,1,1.0,5,84091,M,0.0,0.0,84
201400011788,14,6,20,415,3,1,1,1.0,3,84091,M,0.0,0.0,84
201400011789,14,6,20,1330,1,1,1,1.0,3,84091,M,0.0,0.0,84
201400011790,14,6,23,245,3,1,1,1.0,5,84083,M,0.0,0.0,84
201400011791,14,7,16,1630,1,1,1,1.0,7,84081,M,0.0,0.0,84
201400011792,14,9,5,1600,1,1,1,1.0,7,84129,M,0.0,0.0,84
201400011793,14,10,7,1515,1,1,1,1.0,1,84083,M,0.0,0.0,84
201400011794,14,10,8,745,1,1,1,1.0,2,30221,M,4402775.0,474576.0,30
201400011795,14,11,6,645,2,1,1,1.0,5,84091,M,0.0,0.0,84
201400011796,14,12,12,1630,1,1,1,1.0,2,30116,M,4393940.0,460866.0,30
201400011797,14,4,7,1145,3,1,1,1.0,1,60086,M,0.0,0.0,60
201400011798,14,4,12,1700,1,1,1,1.0,3,60584,M,0.0,0.0,60
201400011799,14,4,26,1115,1,1,1,3.0,1,60393,M,0.0,0.0,60
201400011800,14,5,31,715,1,1,1,1.0,3,60686,M,0.0,0.0,60
201400011801,14,8,6,1545,1,1,1,3.0,3,60601,M,0.0,0.0,60
201400011802,14,10,16,1030,1,2,1,8.0,1,60393,M,0.0,0.0,60
201400011803,14,11,22,30,3,1,1,1.0,7,60651,M,0.0,0.0,60
201400011804,14,8,3,1530,1,1,1,3.0,7,08142,M,0.0,0.0,08
201400011805,14,6,21,330,3,1,9,1.0,6,25466,M,0.0,0.0,25
201400011806,14,10,22,845,1,1,1,1.0,5,25133,M,0.0,0.0,25
201400011807,14,11,11,300,3,1,1,5.0,3,25368,M,0.0,0.0,25
201400011808,14,12,24,1045,1,1,1,1.0,6,25047,M,0.0,0.0,25
201400011809,14,3,4,1200,1,1,1,1.0,6,27102,M,4922000.0,47300.0,27
201400011810,14,3,11,1200,1,1,1,1.0,6,27518,M,4927000.0,32300.0,27
201400011811,14,4,4,2330,3,1,1,1.0,2,27102,M,4922000.0,46400.0,27
201400011812,14,4,24,715,1,1,1,1.0,6,27340,M,4921500.0,48300.0,27
201400011813,14,5,18,1945,1,1,1,1.0,2,27661,M,4921200.0,52200.0,27
201400011814,14,5,28,1445,1,1,9,2.0,7,27065,M,4919100.0,18400.0,27
201400011815,14,6,8,1515,1,1,1,1.0,3,76705,M,4932942.0,108747.0,76
201400011816,14,7,29,730,2,1,1,2.0,7,27580,M,4920500.0,54000.0,27
201400011817,14,10,9,2315,3,1,1,1.0,6,27263,M,4923100.0,33300.0,27
201400011818,14,12,24,1130,1,1,1,8.0,6,27227,M,4922200.0,38400.0,27
201400011819,14,1,17,2045,5,1,1,1.0,1,27697,M,4912300.0,113000.0,27
201400011820,14,2,25,1945,3,1,1,1.0,4,78068,M,0.0,0.0,78
201400011821,14,4,5,2245,3,1,1,1.0,1,27203,M,4903000.0,126200.0,27
201400011822,14,10,15,1115,1,1,1,8.0,2,27517,M,4907300.0,119200.0,27
201400011823,14,10,29,745,2,1,1,1.0,2,27336,M,4903500.0,125000.0,27
201400011824,14,12,24,1915,3,1,1,1.0,2,27701,M,4914300.0,111300.0,27
201400011825,14,12,27,2230,3,1,1,1.0,4,27188,M,4917100.0,107200.0,27
201400011826,14,1,17,2330,3,1,9,1.0,2,60541,M,0.0,0.0,60
201400011827,14,3,6,2215,3,1,1,1.0,4,60369,M,0.0,0.0,60
201400011828,14,3,17,2000,4,1,1,1.0,7,60125,M,0.0,0.0,60
201400011829,14,4,24,1800,1,1,1,1.0,2,60125,M,0.0,0.0,60
201400011830,14,4,27,1630,1,1,1,1.0,6,60369,M,0.0,0.0,60
201400011831,14,5,2,200,3,1,1,1.0,3,60100,M,0.0,0.0,60
201400011832,14,5,16,530,2,1,1,1.0,6,60100,M,0.0,0.0,60
201400011833,14,5,26,815,1,1,1,2.0,5,60100,M,0.0,0.0,60
201400011834,14,6,22,849,1,1,1,1.0,6,60019,M,0.0,0.0,60
201400011835,14,8,12,630,2,1,1,1.0,6,60100,M,0.0,0.0,60
201400011836,14,10,19,245,3,1,1,1.0,5,60558,M,0.0,0.0,60
201400011837,14,11,29,1600,1,2,1,1.0,1,60341,M,0.0,0.0,60
201400011838,14,11,29,1545,1,1,1,1.0,6,60533,M,0.0,0.0,60
201400011839,14,11,30,730,2,1,1,5.0,5,60100,M,0.0,0.0,60
201400011840,14,12,22,1100,1,1,1,1.0,7,60160,M,0.0,0.0,60