Num_Acc,an,mois,jour,hrmn,lum,agg,int,atm,col,com,gps,lat,long,dep
201400011841,14,3,14,130,3,1,1,1.0,6,21589,M,4747300.0,495600.0,21
201400011842,14,4,6,1030,1,1,1,1.0,3,21479,M,4750900.0,474000.0,21
201400011843,14,5,25,2115,3,1,1,1.0,7,21573,M,4744700.0,479400.0,21
201400011844,14,8,30,1345,1,1,1,1.0,2,21027,M,4738500.0,505300.0,21
201400011845,14,9,28,1600,1,1,1,1.0,7,21651,M,0.0,0.0,21
201400011846,14,11,7,1815,3,1,2,1.0,3,21003,M,4737600.0,503800.0,21
201400011847,14,1,29,715,3,1,1,2.0,2,69019,M,0.0,0.0,69
201400011848,14,5,21,1800,1,1,1,1.0,6,69264,M,0.0,0.0,69
201400011849,14,6,1,1300,1,1,1,1.0,2,69077,M,0.0,0.0,69
201400011850,14,6,14,600,1,1,1,1.0,3,69013,M,0.0,0.0,69
201400011851,14,6,18,1030,1,1,1,1.0,7,69115,M,0.0,0.0,69
201400011852,14,6,20,2015,1,1,1,1.0,6,69206,M,0.0,0.0,69
201400011853,14,6,23,1600,1,1,1,1.0,2,69206,M,0.0,0.0,69
201400011854,14,11,8,1715,2,1,1,1.0,6,69115,M,0.0,0.0,69
201400011855,14,3,5,500,3,1,1,1.0,7,59623,M,0.0,0.0,59
201400011856,14,5,18,1945,1,1,1,1.0,6,62731,M,0.0,0.0,62
201400011857,14,8,4,545,2,1,1,1.0,6,59488,M,0.0,0.0,59
201400011858,14,9,6,530,3,1,1,1.0,5,59125,M,0.0,0.0,59
201400011859,14,1,10,2015,3,1,1,1.0,2,38377,M,0.0,0.0,38
201400011860,14,1,30,2200,3,1,1,2.0,6,38449,M,0.0,0.0,38
201400011861,14,4,16,330,3,1,1,1.0,3,38381,M,0.0,0.0,38
201400011862,14,4,19,445,3,1,1,1.0,5,38348,M,0.0,0.0,38
201400011863,14,6,23,1445,1,1,1,1.0,2,38064,M,4593200.0,566100.0,38
201400011864,14,7,17,1815,1,1,1,1.0,1,38381,M,0.0,0.0,38
201400011865,14,8,2,15,3,1,1,3.0,6,38530,M,0.0,0.0,38
201400011866,14,8,15,1530,1,1,1,8.0,3,38449,M,0.0,0.0,38
201400011867,14,10,30,1815,3,1,1,1.0,2,38481,M,0.0,0.0,38
201400011868,14,11,1,1615,1,1,1,1.0,6,38530,M,0.0,0.0,38
201400011869,14,11,2,2015,3,1,1,1.0,3,38343,M,0.0,0.0,38
201400011870,14,1,10,300,5,2,1,2.0,6,68278,M,4775433.0,739088.0,68
201400011871,14,1,24,1130,1,1,1,1.0,2,68118,M,4771553.0,744691.0,68
201400011872,14,2,11,845,1,2,2,1.0,6,68278,M,4774978.0,740791.0,68
201400011873,14,5,19,1740,1,2,1,1.0,2,68278,M,4775337.0,738435.0,68
201400011874,14,5,26,1900,1,2,3,1.0,3,68278,M,4774806.0,739835.0,68
201400011875,14,5,27,755,1,2,2,1.0,3,68118,M,4772832.0,742635.0,68
201400011876,14,8,19,1800,1,2,1,1.0,6,68278,M,4774707.0,738985.0,68
201400011877,14,10,17,1530,1,2,1,1.0,3,68278,M,4775535.0,740302.0,68
201400011878,14,11,28,1845,5,2,1,1.0,3,68278,M,4774833.0,740917.0,68
201400011879,14,1,18,1345,1,1,3,1.0,3,53108,M,4807393.0,-101844.0,53
201400011880,14,5,6,1530,1,1,1,2.0,6,53039,M,4815706.0,-100535.0,53
201400011881,14,7,4,1445,1,1,1,1.0,7,53182,M,4811521.0,-96009.0,53
201400011882,14,8,19,1700,1,1,1,1.0,3,53243,M,4814275.0,-89881.0,53
201400011883,14,9,8,1330,1,1,1,1.0,2,53137,M,4807042.0,-93134.0,53
201400011884,14,9,17,2230,3,1,1,1.0,7,53226,M,4824116.0,-95774.0,53
201400011885,14,10,8,30,3,1,1,1.0,1,53137,M,4807451.0,-93900.0,53
201400011886,14,12,20,1800,3,2,1,1.0,6,53229,M,4813340.0,-75344.0,53
201400011887,14,1,4,2000,5,2,1,2.0,3,95250,M,4909590.0,248220.0,95
201400011888,14,1,23,530,3,1,1,3.0,3,95604,M,4910760.0,253190.0,95
201400011889,14,2,18,1130,1,2,1,1.0,6,95250,M,4909670.0,250160.0,95
201400011890,14,3,5,1700,1,1,6,1.0,7,95604,M,4909950.0,253150.0,95
201400011891,14,3,5,2015,3,1,1,1.0,7,95580,M,4908780.0,254050.0,95
201400011892,14,3,11,1945,5,2,1,1.0,2,95250,M,4909680.0,250350.0,95
201400011893,14,11,20,1000,1,2,1,1.0,6,95250,M,4909550.0,251190.0,95
201400011894,14,12,4,1500,2,2,1,8.0,6,95250,M,4909830.0,252060.0,95
201400011895,14,12,2,1015,1,1,2,8.0,2,51571,M,0.0,0.0,51
201400011896,14,6,14,1900,1,1,1,1.0,7,76377,M,4950340.0,117602.0,76
201400011897,14,10,26,2345,3,1,1,1.0,6,76517,M,4950472.0,117769.0,76
201400011898,14,12,23,1530,1,1,1,5.0,6,17434,M,4611802.0,-76117.0,17
201400011899,14,1,12,415,3,1,1,1.0,7,17299,M,4596252.0,-96103.0,17
201400011900,14,5,5,2115,3,1,1,1.0,6,17388,M,4553127.0,-60862.0,17
201400011901,14,8,26,130,3,1,1,3.0,6,17181,M,4588533.0,-61633.0,17
201400011902,14,9,5,945,1,1,1,1.0,4,17299,M,4596213.0,-95877.0,17
201400011903,14,9,18,715,2,1,1,8.0,6,17045,M,4584882.0,-82096.0,17
201400011904,14,9,18,1500,1,1,1,1.0,3,17181,M,4587904.0,-62158.0,17
201400011905,14,10,5,1000,1,1,1,1.0,2,17227,M,4556724.0,-60119.0,17
201400011906,14,11,12,1615,1,1,1,1.0,1,17179,M,4569399.0,-61785.0,17
201400011907,14,11,16,1215,1,1,9,3.0,4,17444,M,4568167.0,-64401.0,17
201400011908,14,11,19,530,3,1,1,8.0,2,17157,M,4590050.0,-59238.0,17
201400011909,14,11,20,900,1,1,2,7.0,3,17131,M,4558518.0,-84759.0,17
201400011910,14,12,4,1630,1,1,1,8.0,2,17336,M,4577195.0,-68940.0,17
201400011911,14,12,15,1900,3,1,1,3.0,2,17387,M,4581517.0,-77287.0,17
201400011912,14,5,5,730,1,2,1,1.0,7,25262,M,0.0,0.0,25
201400011913,14,10,30,1330,1,2,1,1.0,6,25578,M,4714727.0,634577.0,25
201400011914,14,1,17,1045,1,2,1,5.0,1,31022,M,0.0,0.0,31
201400011915,14,2,2,1415,1,2,1,8.0,1,31484,M,4368751.0,149601.0,31
201400011916,14,2,17,1900,5,2,1,1.0,3,31186,M,4367634.0,142414.0,31
201400011917,14,6,29,830,1,1,1,1.0,1,31410,M,4369930.0,145470.0,31
201400011918,14,8,2,1745,1,2,1,1.0,7,31116,M,4369579.0,143357.0,31
201400011919,14,10,24,1100,5,1,1,1.0,7,31022,M,0.0,0.0,31
201400011920,14,12,10,2000,5,2,6,2.0,6,31022,M,4366146.0,143145.0,31
201400011921,14,11,6,1300,1,1,1,1.0,5,39567,M,0.0,0.0,39
201400011922,14,2,22,700,2,1,1,1.0,5,83116,M,0.0,0.0,83
201400011923,14,3,2,1445,1,1,1,1.0,2,83023,M,0.0,0.0,83
201400011924,14,3,3,845,1,1,1,3.0,6,83116,M,0.0,0.0,83
201400011925,14,5,16,2145,4,1,1,1.0,2,13110,M,0.0,0.0,13
201400011926,14,5,23,700,1,1,1,1.0,2,83116,M,0.0,0.0,83
201400011927,14,9,9,1600,1,1,1,1.0,3,83023,M,0.0,0.0,83
201400011928,14,9,14,1730,1,1,1,1.0,2,83116,M,0.0,0.0,83
201400011929,14,11,10,1415,1,1,1,2.0,3,83023,M,0.0,0.0,83
201400011930,14,11,14,1315,1,1,1,3.0,2,13087,M,0.0,0.0,13
201400011931,14,12,24,615,3,1,1,1.0,6,83023,M,0.0,0.0,83
201400011932,14,3,5,745,1,1,1,1.0,6,74256,M,0.0,0.0,74
201400011933,14,6,4,545,2,1,9,1.0,2,74197,M,0.0,0.0,74
201400011934,14,9,16,700,2,1,1,1.0,7,74118,M,0.0,0.0,74
201400011935,14,1,1,400,3,1,6,2.0,6,34340,M,4319300.0,422600.0,34
201400011936,14,1,7,1915,3,1,1,1.0,6,30123,M,4372711.0,418283.0,30
201400011937,14,2,8,2000,3,1,1,1.0,6,30333,M,4376465.0,426691.0,30
201400011938,14,2,17,800,1,1,1,1.0,3,30333,M,4375599.0,425996.0,30
201400011939,14,2,22,1230,1,1,1,1.0,2,34022,M,4365303.0,399043.0,34
201400011940,14,2,24,300,3,1,1,1.0,5,34240,M,0.0,0.0,34
201400011941,14,2,25,415,3,1,1,1.0,2,30347,M,4374825.0,424349.0,30
201400011942,14,2,28,1915,3,1,1,1.0,3,30145,M,4390203.0,453327.0,30
201400011943,14,6,15,1145,1,1,1,1.0,5,30347,M,4374855.0,424706.0,30
201400011944,14,6,18,1345,1,1,1,1.0,1,34240,M,0.0,0.0,34
201400011945,14,6,29,1030,1,1,1,1.0,2,30123,M,4372706.0,418273.0,30
201400011946,14,7,1,1130,1,1,1,1.0,6,34294,M,4370143.0,411407.0,34
201400011947,14,7,4,1800,1,1,1,1.0,2,30034,M,4373402.0,446786.0,30
201400011948,14,7,8,1430,1,1,1,1.0,6,30125,M,4377272.0,441847.0,30
201400011949,14,8,2,1200,1,1,1,1.0,4,30189,M,4380679.0,436044.0,30
201400011950,14,8,30,1730,1,1,1,1.0,2,30060,M,4379005.0,439916.0,30
201400011951,14,9,9,1345,1,1,1,1.0,7,30344,M,4375046.0,422693.0,30
201400011952,14,9,22,600,3,1,1,1.0,3,34022,M,0.0,0.0,34
201400011953,14,10,26,1700,1,1,1,1.0,6,30317,M,4391646.0,457482.0,30
201400011954,14,11,15,845,1,1,1,2.0,2,30123,M,4372584.0,417779.0,30
201400011955,14,11,17,100,3,1,1,1.0,2,34240,M,0.0,0.0,34
201400011956,14,11,7,2015,3,1,1,1.0,3,34240,M,0.0,0.0,34
201400011957,14,11,30,1630,1,1,1,1.0,1,30189,M,4380715.0,435790.0,30
201400011958,14,12,19,2345,3,1,1,1.0,2,34256,M,0.0,0.0,34
201400011959,14,1,18,730,3,1,1,1.0,2,11262,M,4318700.0,294700.0,11
201400011960,14,1,29,615,3,1,1,2.0,2,11203,M,4317000.0,274000.0,11
201400011961,14,1,30,1130,1,1,1,1.0,6,11322,M,0.0,0.0,11
201400011962,14,6,16,1830,1,1,1,1.0,2,11379,M,0.0,0.0,11
201400011963,14,6,30,345,3,1,1,1.0,6,11086,M,0.0,0.0,11
201400011964,14,10,5,630,3,1,1,2.0,4,11441,M,0.0,0.0,11
201400011965,14,1,25,1830,3,1,1,2.0,3,37225,M,0.0,0.0,37
201400011966,14,1,31,1715,1,2,6,1.0,1,37027,M,0.0,0.0,37
201400011967,14,8,6,1315,1,1,1,2.0,7,37008,M,0.0,0.0,37
201400011968,14,8,17,1200,1,1,1,1.0,3,37027,M,0.0,0.0,37
201400011969,14,8,29,1,4,2,1,1.0,6,37141,M,0.0,0.0,37
201400011970,14,1,10,645,3,1,1,1.0,5,28002,M,0.0,0.0,28
201400011971,14,1,10,1445,1,1,1,1.0,6,28164,M,0.0,0.0,28
201400011972,14,2,23,1045,1,1,1,1.0,6,45020,M,4783923.0,167247.0,45
201400011973,14,2,28,830,1,1,1,8.0,6,28311,M,4821433.0,184702.0,28
201400011974,14,3,4,330,3,1,1,8.0,2,45008,M,4807723.0,185053.0,45
201400011975,14,3,6,1930,3,1,1,1.0,6,45203,M,4784901.0,168599.0,45
201400011976,14,3,9,1645,1,1,1,1.0,6,28002,M,4818663.0,185372.0,28
201400011977,14,3,26,1515,1,1,1,1.0,6,45202,M,4780983.0,162448.0,45
201400011978,14,4,5,1245,1,1,1,1.0,4,28164,M,4826188.0,185204.0,28
201400011979,14,5,2,800,1,1,1,1.0,2,45169,M,4790187.0,184517.0,45
201400011980,14,5,7,1945,1,1,1,3.0,6,28276,M,4829382.0,186094.0,28
201400011981,14,5,16,1530,1,1,1,1.0,6,45175,M,4775266.0,185843.0,45
201400011982,14,5,21,2315,3,1,1,1.0,4,28276,M,4828588.0,185995.0,28
201400011983,14,7,15,415,3,1,1,1.0,6,45067,M,4788315.0,174443.0,45
201400011984,14,7,18,1300,1,1,1,1.0,3,45075,M,4789963.0,183847.0,45
201400011985,14,7,26,1500,1,1,1,1.0,6,28029,M,4816818.0,185374.0,28
201400011986,14,7,27,830,1,1,1,1.0,6,45006,M,4782075.0,185857.0,45
201400011987,14,8,6,1830,1,1,1,8.0,2,28367,M,4815521.0,185516.0,28
201400011988,14,8,6,1745,1,1,1,8.0,5,28303,M,4811755.0,185090.0,28
201400011989,14,10,7,800,1,1,1,2.0,3,45272,M,4778231.0,193496.0,45
201400011990,14,10,12,2115,3,1,1,2.0,3,45232,M,4784356.0,186591.0,45
201400011991,14,10,24,1830,2,1,1,1.0,2,45154,M,4799944.0,185185.0,45
201400011992,14,10,30,1530,1,1,1,1.0,2,28164,M,4827564.0,185537.0,28
201400011993,14,11,20,215,3,1,1,9.0,5,28276,M,4830617.0,186194.0,28
201400011994,14,12,5,800,2,1,1,8.0,4,45272,M,4780616.0,192988.0,45
201400011995,14,1,10,830,1,1,6,1.0,3,13032,M,4357300.0,535500.0,13
201400011996,14,4,6,1945,1,2,1,1.0,3,13037,M,0.0,0.0,13
201400011997,14,4,26,1530,1,1,1,1.0,1,13032,M,0.0,0.0,13
201400011998,14,5,24,1000,1,2,6,1.0,3,13114,M,0.0,0.0,13
201400011999,14,7,13,1945,1,1,1,1.0,1,13112,M,0.0,0.0,13
201400012000,14,9,11,2030,3,1,1,1.0,3,13037,M,0.0,0.0,13
201400012001,14,10,25,945,1,1,1,1.0,1,13114,M,0.0,0.0,13
201400012002,14,1,26,1415,1,2,2,1.0,3,67106,M,0.0,0.0,67
201400012003,14,2,7,2215,5,2,1,8.0,1,67194,M,0.0,0.0,67
201400012004,14,2,25,1630,1,1,1,1.0,3,67472,M,0.0,0.0,67
201400012005,14,5,12,1015,1,1,1,2.0,1,67407,M,0.0,0.0,67
201400012006,14,11,17,1915,5,1,1,1.0,6,67014,M,0.0,0.0,67
201400012007,14,3,22,900,1,1,1,1.0,2,21405,M,4657500.0,436700.0,21
201400012008,14,4,13,900,1,1,1,1.0,6,21054,M,4703000.0,445000.0,21
201400012009,14,5,13,800,1,1,1,8.0,2,21295,M,,,21
201400012010,14,10,26,200,3,1,1,5.0,7,21572,M,4712100.0,539100.0,21
201400012011,14,10,28,2245,3,1,1,1.0,3,21267,M,,,21
201400012012,14,1,31,1915,2,1,1,1.0,5,73008,M,4571500.0,592500.0,73
201400012013,14,2,2,1215,1,1,1,8.0,6,73184,M,4558020.0,579810.0,73
201400012014,14,6,12,1700,1,1,1,1.0,2,73103,M,0.0,0.0,73
201400012015,14,8,23,2230,3,1,1,1.0,2,73191,M,0.0,0.0,73
201400012016,14,9,19,745,1,1,1,1.0,6,73103,M,0.0,0.0,73
201400012017,14,1,27,645,3,1,1,1.0,5,74307,M,0.0,0.0,74
201400012018,14,4,27,230,3,1,1,8.0,6,74262,M,0.0,0.0,74
201400012019,14,7,5,645,2,1,1,1.0,7,74307,M,0.0,0.0,74
201400012020,14,10,16,2230,3,1,1,2.0,6,74096,M,0.0,0.0,74
201400012021,14,1,8,1015,1,2,1,1.0,6,08105,M,4976050.0,471262.0,08
201400012022,14,1,30,1715,1,1,0,1.0,6,08105,M,4973860.0,470787.0,08
201400012023,14,3,13,1350,1,2,1,1.0,6,08105,M,4973920.0,472362.0,08
201400012024,14,1,4,1700,2,2,1,1.0,6,08105,M,4974610.0,472358.0,08
201400012025,14,6,28,500,2,2,1,1.0,1,08105,M,4977570.0,472058.0,08
201400012026,14,7,12,50,5,2,1,1.0,7,08105,M,4975740.0,472008.0,08
201400012027,14,7,27,1200,1,2,1,1.0,7,08003,M,4977150.0,473667.0,08
201400012028,14,7,25,1400,1,2,7,1.0,3,08105,M,4976050.0,471868.0,08
201400012029,14,8,23,2250,5,2,1,1.0,1,08105,M,4978000.0,469181.0,08
201400012030,14,9,27,1750,1,2,0,1.0,6,08480,M,4974010.0,474614.0,08
201400012031,14,10,26,955,1,2,2,1.0,3,08105,M,4974340.0,472662.0,08
201400012032,14,11,9,2225,5,1,3,3.0,3,08105,M,4974450.0,471466.0,08
201400012033,14,11,16,235,5,2,1,1.0,2,08105,M,4977140.0,470882.0,08
201400012034,14,12,5,1910,5,2,0,1.0,1,08105,M,4976560.0,469157.0,08
201400012035,14,12,10,1830,5,2,1,9.0,6,08105,M,4975040.0,472453.0,08
201400012036,14,4,7,1315,1,1,1,1.0,7,14036,M,,,14
201400012037,14,5,3,1915,1,1,1,1.0,7,14536,M,4940910.0,26763.0,14
201400012038,14,5,9,715,2,1,1,1.0,6,14036,M,4916960.0,-21863.0,14
201400012039,14,5,7,1545,1,1,9,1.0,2,14036,M,4916820.0,-24054.0,14
201400012040,14,6,21,1445,1,1,1,1.0,2,14286,M,4936510.0,21897.0,14
201400012041,14,7,4,1655,1,1,1,1.0,2,14712,M,4918850.0,-19166.0,14
201400012042,14,7,24,745,1,1,1,5.0,7,14221,M,4916810.0,-26548.0,14
201400012043,14,9,3,1430,1,1,1,1.0,6,14203,M,4922970.0,-7520.0,14
201400012044,14,9,24,800,2,1,1,1.0,6,14055,M,4925760.0,9493.0,14
201400012045,14,10,14,730,2,1,1,1.0,6,14036,M,,,14
201400012046,14,11,24,1100,1,1,1,1.0,2,14045,M,,,14
201400012047,14,2,2,1130,1,1,1,1.0,6,13038,M,0.0,0.0,13
201400012048,14,4,1,1500,1,1,1,1.0,6,13011,M,0.0,0.0,13
201400012049,14,5,2,1030,1,1,1,1.0,1,13011,M,0.0,0.0,13
201400012050,14,6,24,2030,1,1,1,1.0,6,13038,M,0.0,0.0,13
201400012051,14,10,11,1530,1,1,1,1.0,1,13058,M,0.0,0.0,13
201400012052,14,11,1,930,1,1,1,7.0,3,13011,M,0.0,0.0,13
201400012053,14,4,23,1730,1,2,1,7.0,6,69027,M,4568000.0,475500.0,69
201400012054,14,4,27,1330,1,1,9,1.0,1,69027,M,0.0,0.0,69
201400012055,14,6,12,1600,1,1,1,1.0,1,69043,M,4572700.0,477200.0,69
201400012056,14,9,30,1500,1,2,1,1.0,1,69268,M,0.0,0.0,69
201400012057,14,11,5,1400,1,2,1,2.0,1,69027,M,0.0,0.0,69
201400012058,14,1,29,1730,2,1,1,2.0,3,29130,M,4835881.0,-463698.0,29
201400012059,14,4,5,400,3,1,1,2.0,3,29069,M,4842484.0,-455824.0,29
201400012060,14,6,9,1,3,2,1,1.0,1,29069,M,4841699.0,-455926.0,29
201400012061,14,9,14,415,5,2,6,1.0,7,29212,M,4838347.0,-457613.0,29
201400012062,14,12,16,1830,4,2,1,2.0,6,29011,M,4843569.0,-450465.0,29
201400012063,14,10,6,1515,1,1,1,2.0,7,86001,M,4625400.0,78500.0,86
201400012064,14,11,5,1130,1,1,1,1.0,3,86077,M,4643900.0,68200.0,86
201400012065,14,2,18,2015,3,1,9,1.0,4,34172,M,4360900.0,393300.0,34
201400012066,14,3,7,745,1,1,1,1.0,1,34157,M,0.0,0.0,34
201400012067,14,4,11,15,3,1,1,1.0,2,34157,M,0.0,0.0,34
201400012068,14,4,12,1915,1,1,1,1.0,2,34143,M,4345600.0,360300.0,34
201400012069,14,4,14,2045,3,1,1,1.0,7,34172,M,0.0,0.0,34
201400012070,14,4,24,1345,1,1,1,1.0,6,34095,M,4355700.0,381700.0,34
201400012071,14,4,25,2030,4,1,1,1.0,2,34172,M,0.0,0.0,34
201400012072,14,5,7,1600,1,1,1,1.0,5,34031,M,0.0,0.0,34
201400012073,14,5,11,600,2,1,1,1.0,2,34336,M,4332800.0,327100.0,34
201400012074,14,5,12,1615,1,1,1,1.0,6,34143,M,4345200.0,358100.0,34
201400012075,14,5,16,845,1,1,1,1.0,4,34172,M,4360000.0,391000.0,34
201400012076,14,5,16,1645,1,1,1,1.0,2,34031,M,4337494.0,340530.0,34
201400012077,14,5,22,745,1,1,1,1.0,5,34032,M,0.0,0.0,34
201400012078,14,5,25,245,3,1,1,1.0,6,34166,M,4336156.0,335118.0,34
201400012079,14,6,6,1000,1,1,1,1.0,2,34203,M,0.0,0.0,34
201400012080,14,6,17,130,3,1,1,1.0,2,34031,M,0.0,0.0,34
201400012081,14,7,5,1200,1,1,1,1.0,6,34135,M,0.0,0.0,34
201400012082,14,7,11,715,2,1,1,1.0,6,34101,M,0.0,0.0,34
201400012083,14,7,11,1430,1,1,1,1.0,7,34101,M,0.0,0.0,34
201400012084,14,7,29,1030,1,1,1,1.0,4,34095,M,0.0,0.0,34
201400012085,14,8,12,1700,1,1,1,1.0,2,34157,M,0.0,0.0,34
201400012086,14,8,19,1145,1,1,1,1.0,1,34213,M,0.0,0.0,34
201400012087,14,9,5,730,1,1,1,1.0,2,34172,M,0.0,0.0,34
201400012088,14,9,10,945,1,1,9,1.0,6,34172,M,0.0,0.0,34
201400012089,14,9,12,2345,3,1,1,1.0,1,34113,M,4349500.0,371400.0,34
201400012090,14,9,24,845,1,1,1,3.0,3,34172,M,4359700.0,390400.0,34
201400012091,14,9,27,45,3,1,1,1.0,2,34336,M,0.0,0.0,34
201400012092,14,11,10,1800,3,1,1,2.0,5,34135,M,0.0,0.0,34
201400012093,14,11,17,615,3,1,1,1.0,5,34073,M,4334600.0,330800.0,34
201400012094,14,11,26,1800,3,1,1,3.0,3,34157,M,0.0,0.0,34
201400012095,14,11,30,515,3,1,1,2.0,6,34336,M,0.0,0.0,34
201400012096,14,12,7,800,2,1,1,1.0,6,34095,M,0.0,0.0,34
201400012097,14,12,11,1730,1,1,1,1.0,3,34172,M,0.0,0.0,34
201400012098,14,2,9,1500,1,1,1,1.0,1,33331,M,0.0,0.0,33
201400012099,14,5,4,1630,1,1,1,1.0,6,33046,M,0.0,0.0,33
201400012100,14,5,27,715,1,1,1,1.0,6,33036,M,0.0,0.0,33
201400012101,14,7,3,345,3,1,1,1.0,6,33205,M,0.0,0.0,33
201400012102,14,8,10,630,1,1,1,1.0,2,33552,M,0.0,0.0,33
201400012103,14,8,12,800,1,1,1,1.0,6,33552,M,0.0,0.0,33
201400012104,14,9,2,630,2,1,1,1.0,5,33002,M,0.0,0.0,33
201400012105,14,9,13,1515,1,1,1,1.0,7,33155,M,0.0,0.0,33
201400012106,14,10,16,600,3,1,1,1.0,6,33050,M,0.0,0.0,33
201400012107,14,10,19,1900,3,1,1,1.0,5,33508,M,0.0,0.0,33
201400012108,14,11,9,2000,3,1,1,1.0,6,33046,M,0.0,0.0,33
201400012109,14,11,24,1515,1,1,1,1.0,5,33227,M,0.0,0.0,33
201400012110,14,1,24,1945,5,2,1,3.0,6,31506,M,4355272.0,153336.0,31
201400012111,14,2,25,1315,1,2,1,1.0,6,31446,M,4353566.0,147857.0,31
201400012112,14,4,26,1030,1,2,3,1.0,1,31506,M,0.0,0.0,31
201400012113,14,5,14,2030,1,1,1,1.0,3,31254,M,0.0,0.0,31
201400012114,14,5,19,800,1,1,1,1.0,4,31254,M,4354260.0,152072.0,31
201400012115,14,6,20,1715,1,1,1,1.0,1,31446,M,0.0,0.0,31
201400012116,14,9,16,1330,1,1,1,6.0,3,31254,M,4353417.0,151373.0,31
201400012117,14,10,28,1230,1,1,6,1.0,3,31254,M,4353011.0,152059.0,31
201400012118,14,1,1,500,3,1,1,1.0,7,26083,M,4525290.0,496060.0,26
201400012119,14,1,1,830,1,1,1,1.0,6,26010,M,0.0,0.0,26
201400012120,14,1,3,1030,1,1,2,8.0,3,26084,M,4501440.0,496250.0,26
201400012121,14,1,27,1500,1,2,1,1.0,1,26118,M,0.0,0.0,26
201400012122,14,2,12,1615,1,1,1,1.0,3,26149,M,0.0,0.0,26
201400012123,14,2,15,1430,1,1,1,1.0,6,26041,M,4521370.0,484800.0,26
201400012124,14,2,19,1400,1,1,1,1.0,1,26148,M,4527530.0,504130.0,26
201400012125,14,3,1,1100,1,2,9,1.0,3,26301,M,0.0,0.0,26
201400012126,14,3,7,830,1,2,1,1.0,3,26341,M,4513710.0,481740.0,26
201400012127,14,3,8,1700,1,2,1,1.0,1,26041,M,0.0,0.0,26
201400012128,14,3,14,1330,1,1,6,1.0,6,26083,M,0.0,0.0,26
201400012129,14,3,16,1945,5,1,1,1.0,3,26333,M,0.0,0.0,26
201400012130,14,3,18,945,1,2,1,7.0,6,26325,M,4529810.0,481140.0,26
201400012131,14,3,31,730,1,2,1,1.0,3,26087,M,0.0,0.0,26
201400012132,14,3,31,1700,1,1,3,1.0,3,26088,M,4503170.0,508040.0,26
201400012133,14,4,3,1730,1,1,1,1.0,7,26004,M,4499900.0,500240.0,26
201400012134,14,4,4,900,1,1,2,1.0,3,26139,M,4507120.0,508810.0,26
201400012135,14,4,7,1715,1,1,1,1.0,6,26140,M,0.0,0.0,26
201400012136,14,4,14,745,1,1,1,1.0,6,26061,M,0.0,0.0,26
201400012137,14,4,23,1530,1,1,2,1.0,3,26088,M,0.0,0.0,26
201400012138,14,4,27,1830,1,1,2,1.0,3,26323,M,4506950.0,514550.0,26
201400012139,14,4,27,1515,1,1,1,1.0,6,26077,M,0.0,0.0,26
201400012140,14,5,3,1100,1,1,2,1.0,3,26139,M,0.0,0.0,26
201400012141,14,5,11,1130,1,1,1,1.0,6,26010,M,0.0,0.0,26
201400012142,14,5,12,1530,1,2,2,1.0,3,26079,M,0.0,0.0,26
201400012143,14,5,19,845,1,1,1,1.0,5,26295,M,0.0,0.0,26
201400012144,14,6,6,915,1,1,9,1.0,1,26179,M,0.0,0.0,26
201400012145,14,6,13,900,1,1,3,1.0,3,26072,M,0.0,0.0,26
201400012146,14,6,13,1715,1,1,1,7.0,2,26088,M,0.0,0.0,26
201400012147,14,6,17,1745,1,1,3,1.0,7,26380,M,0.0,0.0,26
201400012148,14,6,19,1715,1,2,1,1.0,1,26088,M,0.0,0.0,26
201400012149,14,6,20,2330,3,1,1,9.0,6,26009,M,0.0,0.0,26
201400012150,14,6,27,30,5,2,1,1.0,6,26332,M,0.0,0.0,26
201400012151,14,6,30,1645,1,1,1,1.0,2,26088,M,0.0,0.0,26
201400012152,14,7,3,2200,5,2,2,1.0,2,26079,M,0.0,0.0,26
201400012153,14,7,4,1730,1,1,1,1.0,1,26002,M,4522210.0,487810.0,26
201400012154,14,7,6,1100,1,1,1,1.0,2,26250,M,0.0,0.0,26
201400012155,14,7,8,1515,1,1,1,1.0,1,26088,M,0.0,0.0,26
201400012156,14,7,10,1345,1,1,1,1.0,3,26323,M,0.0,0.0,26
201400012157,14,7,15,1600,1,1,3,1.0,3,26301,M,4510580.0,500650.0,26
201400012158,14,7,15,1845,1,1,1,1.0,3,26179,M,0.0,0.0,26
201400012159,14,7,18,1900,1,1,1,1.0,3,26231,M,0.0,0.0,26
201400012160,14,8,8,845,1,1,1,1.0,1,26295,M,0.0,0.0,26
201400012161,14,8,11,1730,1,1,1,1.0,1,26380,M,0.0,0.0,26
201400012162,14,8,12,1315,1,2,1,1.0,1,26009,M,4526230.0,481920.0,26
201400012163,14,8,16,1800,1,1,1,1.0,7,26088,M,0.0,0.0,26
201400012164,14,8,19,1315,1,1,1,1.0,1,26009,M,0.0,0.0,26
201400012165,14,8,25,1000,1,1,3,1.0,2,26034,M,0.0,0.0,26
201400012166,14,8,28,1330,1,1,1,1.0,3,26250,M,0.0,0.0,26
201400012167,14,9,1,1630,1,1,1,1.0,6,26129,M,0.0,0.0,26
201400012168,14,9,7,1800,1,2,1,7.0,6,26347,M,0.0,0.0,26
201400012169,14,9,11,1745,1,1,3,1.0,3,26084,M,0.0,0.0,26
201400012170,14,9,20,330,3,2,1,1.0,7,26347,M,0.0,0.0,26
201400012171,14,9,20,1545,1,1,2,1.0,3,26034,M,0.0,0.0,26
201400012172,14,9,21,1145,1,2,1,1.0,1,26072,M,0.0,0.0,26
201400012173,14,9,24,1230,1,1,1,3.0,3,26325,M,0.0,0.0,26