Num_Acc,an,mois,jour,hrmn,lum,agg,int,atm,col,com,gps,lat,long,dep
201400012174,14,10,11,300,3,1,1,3.0,1,26002,M,0.0,0.0,26
201400012175,14,10,19,500,3,1,1,1.0,1,26088,M,0.0,0.0,26
201400012176,14,10,18,2045,3,1,1,1.0,6,26325,M,0.0,0.0,26
201400012177,14,10,19,1430,1,1,1,1.0,3,26004,M,4501060.0,500680.0,26
201400012178,14,10,19,2100,3,1,9,1.0,6,26194,M,0.0,0.0,26
201400012179,14,10,24,1945,3,1,1,1.0,1,26231,M,0.0,0.0,26
201400012180,14,10,31,2000,5,2,1,1.0,1,26301,M,0.0,0.0,26
201400012181,14,11,9,1715,2,1,1,3.0,6,26194,M,0.0,0.0,26
201400012182,14,11,13,745,1,1,1,8.0,7,26231,M,0.0,0.0,26
201400012183,14,11,13,1830,3,1,1,1.0,1,26129,M,0.0,0.0,26
201400012184,14,11,14,2145,3,2,9,3.0,5,26341,M,0.0,0.0,26
201400012185,14,11,16,1,5,2,1,1.0,6,26218,M,0.0,0.0,26
201400012186,14,11,18,945,1,1,1,8.0,3,26301,M,0.0,0.0,26
201400012187,14,11,21,830,1,2,9,1.0,6,26087,M,4508920.0,513160.0,26
201400012188,14,11,28,1830,5,2,3,1.0,3,26333,M,0.0,0.0,26
201400012189,14,12,7,445,3,1,1,1.0,6,26160,M,0.0,0.0,26
201400012190,14,8,30,215,3,1,1,2.0,7,26301,M,0.0,0.0,26
201400012191,14,3,17,830,1,1,1,1.0,6,63021,M,0.0,0.0,63
201400012192,14,5,14,1415,1,1,1,1.0,5,63284,M,0.0,0.0,63
201400012193,14,6,7,2230,2,1,1,1.0,1,63302,M,0.0,0.0,63
201400012194,14,6,13,2315,3,1,1,1.0,5,63302,M,0.0,0.0,63
201400012195,14,7,26,600,2,1,1,1.0,1,63302,M,0.0,0.0,63
201400012196,14,9,30,745,2,1,1,1.0,4,63272,M,0.0,0.0,63
201400012197,14,10,4,1145,1,1,1,1.0,4,63113,M,0.0,0.0,63
201400012198,14,10,10,500,3,1,1,2.0,1,63126,M,0.0,0.0,63
201400012199,14,11,3,815,1,1,1,3.0,2,63302,M,0.0,0.0,63
201400012200,14,11,3,1215,1,1,9,8.0,7,63284,M,4578524.0,319340.0,63
201400012201,14,12,2,830,1,1,1,1.0,2,63302,M,0.0,0.0,63
201400012202,14,1,2,115,3,1,1,1.0,6,64483,M,4340400.0,-163700.0,64
201400012203,14,1,5,1900,3,1,1,1.0,5,64125,M,0.0,0.0,64
201400012204,14,2,1,1800,3,1,1,4.0,5,64545,M,0.0,0.0,64
201400012205,14,5,27,1715,1,1,1,1.0,2,64483,M,0.0,0.0,64
201400012206,14,6,13,915,1,1,1,1.0,6,64546,M,4347700.0,-128200.0,64
201400012207,14,6,29,1530,1,1,1,2.0,3,64102,M,0.0,0.0,64
201400012208,14,7,15,1000,1,1,1,1.0,4,64125,M,0.0,0.0,64
201400012209,14,7,30,715,2,1,1,2.0,3,64102,M,0.0,0.0,64
201400012210,14,10,3,800,1,1,1,1.0,3,64122,M,0.0,0.0,64
201400012211,14,11,3,815,1,1,9,1.0,4,64102,M,0.0,0.0,64
201400012212,14,11,12,1015,1,1,1,1.0,2,64122,M,0.0,0.0,64
201400012213,14,2,6,1110,1,2,2,8.0,6,08409,M,4969850.0,494860.0,08
201400012214,14,4,3,736,1,2,2,1.0,3,08409,M,4969270.0,494196.0,08
201400012215,14,4,18,1755,1,2,3,1.0,1,08409,M,4970010.0,494642.0,08
201400012216,14,7,10,105,5,2,3,1.0,3,08409,M,4969590.0,493477.0,08
201400012217,14,7,25,1500,1,2,1,1.0,6,08194,M,4969680.0,491768.0,08
201400012218,14,10,19,2225,5,2,3,1.0,3,08409,M,4970790.0,493582.0,08
201400012219,14,11,3,1525,1,2,2,3.0,1,08409,M,4969670.0,493894.0,08
201400012220,14,5,2,1245,1,1,1,1.0,3,71014,M,4695633.0,431549.0,71
201400012221,14,4,15,1220,1,1,1,1.0,5,02610,M,0.0,0.0,02
201400012222,14,9,18,1900,2,2,1,9.0,1,02514,M,0.0,0.0,02
201400012223,14,4,12,1545,1,1,1,1.0,4,51454,M,0.0,0.0,51
201400012224,14,5,5,1545,1,1,1,1.0,4,51278,M,0.0,0.0,51
201400012225,14,5,5,1415,1,1,1,1.0,4,51599,M,0.0,0.0,51
201400012226,14,6,2,1130,1,1,1,1.0,7,51171,M,0.0,0.0,51
201400012227,14,6,19,1300,1,1,1,1.0,4,51278,M,0.0,0.0,51
201400012228,14,6,2,1645,1,1,1,1.0,5,13045,M,0.0,0.0,13
201400012229,14,7,15,2015,1,1,1,1.0,1,13096,M,0.0,0.0,13
201400012230,14,8,6,1145,1,1,1,1.0,6,13011,M,0.0,0.0,13
201400012231,14,8,24,1530,1,1,3,1.0,1,13045,M,4384365.0,474436.0,13
201400012232,14,9,10,1015,1,1,1,1.0,6,13004,M,0.0,0.0,13
201400012233,14,9,17,1745,1,2,1,1.0,1,13068,M,0.0,0.0,13
201400012234,14,9,28,1745,1,1,1,1.0,1,13004,M,0.0,0.0,13
201400012235,14,10,25,115,3,1,1,1.0,1,13004,M,0.0,0.0,13
201400012236,14,12,9,1230,1,2,1,6.0,6,13010,M,4388458.0,474807.0,13
201400012237,14,1,12,345,5,2,1,1.0,6,91105,M,0.0,0.0,91
201400012238,14,3,7,2130,5,1,1,1.0,1,91105,M,4856900.0,218300.0,91
201400012239,14,5,9,1315,1,1,1,1.0,1,91085,M,4856000.0,222300.0,91
201400012240,14,5,17,930,1,2,1,1.0,6,38485,M,0.0,0.0,38
201400012241,14,5,17,1545,1,2,1,1.0,3,38485,M,0.0,0.0,38
201400012242,14,5,28,2230,3,1,1,1.0,3,38485,M,0.0,0.0,38
201400012243,14,6,4,2030,1,2,1,1.0,2,38485,M,0.0,0.0,38
201400012244,14,8,22,1015,1,2,6,1.0,2,38486,M,4515931.0,569603.0,38
201400012245,14,9,7,945,1,2,1,1.0,3,38485,M,0.0,0.0,38
201400012246,14,11,14,1830,3,2,1,2.0,2,38485,M,0.0,0.0,38
201400012247,14,11,11,1245,1,2,1,1.0,3,38486,M,0.0,0.0,38
201400012248,14,4,20,1700,1,1,1,1.0,6,38052,M,0.0,0.0,38
201400012249,14,6,1,1815,1,1,1,1.0,6,38237,M,0.0,0.0,38
201400012250,14,6,16,1930,1,1,1,1.0,7,38191,M,0.0,0.0,38
201400012251,14,6,15,1030,1,1,1,1.0,6,38550,M,0.0,0.0,38
201400012252,14,6,29,1900,1,1,1,1.0,6,38191,M,4507830.0,605053.0,38
201400012253,14,7,18,1030,1,1,1,1.0,1,38052,M,0.0,0.0,38
201400012254,14,8,12,1700,1,1,1,2.0,5,38052,M,4503405.0,606670.0,38
201400012255,14,8,10,1115,1,1,1,1.0,7,38289,M,4520800.0,607100.0,38
201400012256,14,4,26,1145,1,1,1,1.0,7,51211,M,0.0,0.0,51
201400012257,14,10,16,1315,1,1,1,1.0,6,51507,M,0.0,0.0,51
201400012258,14,12,21,1845,3,1,1,1.0,6,51515,M,0.0,0.0,51
201400012259,14,10,9,1515,1,1,1,2.0,1,57144,M,0.0,0.0,57
201400012260,14,1,2,600,3,1,1,4.0,6,86275,M,4685000.0,52600.0,86
201400012261,14,3,19,645,5,1,1,5.0,1,86115,M,0.0,0.0,86
201400012262,14,5,20,1645,1,2,2,3.0,3,86207,M,4679300.0,81300.0,86
201400012263,14,6,1,1330,1,1,1,1.0,7,86174,M,0.0,0.0,86
201400012264,14,6,4,145,3,1,1,1.0,7,86158,M,0.0,0.0,86
201400012265,14,6,11,1945,1,1,1,1.0,5,86174,M,4678200.0,49700.0,86
201400012266,14,9,5,1000,1,1,1,1.0,5,86066,M,0.0,0.0,86
201400012267,14,9,8,1215,1,1,1,1.0,5,86019,M,4673700.0,40100.0,86
201400012268,14,10,28,1600,1,1,1,7.0,3,86224,M,4691900.0,44500.0,86
201400012269,14,9,30,815,1,2,1,1.0,3,86022,M,0.0,0.0,86
201400012270,14,11,2,130,3,1,1,1.0,3,86066,M,4683400.0,52200.0,86
201400012271,14,12,8,1900,3,1,1,8.0,5,86049,M,4699900.0,9100.0,86
201400012272,14,2,27,1545,1,1,1,4.0,2,36057,M,4688280.0,172473.0,36
201400012273,14,5,5,2245,3,1,1,1.0,3,36122,M,4709020.0,185149.0,36
201400012274,14,6,17,115,3,1,1,1.0,6,36026,M,4694770.0,175387.0,36
201400012275,14,11,9,1615,2,1,1,2.0,7,36230,M,4706430.0,182001.0,36
201400012276,14,2,10,1630,1,1,1,1.0,1,49298,M,4744550.0,-72926.0,49
201400012277,14,4,2,1700,1,1,1,1.0,3,49007,M,4749285.0,-52877.0,49
201400012278,14,9,2,730,1,1,1,1.0,2,49007,M,4749219.0,-53089.0,49
201400012279,14,10,5,830,2,1,9,1.0,6,49068,M,4743342.0,-87081.0,49
201400012280,14,10,28,1400,1,1,2,7.0,3,49068,M,4740273.0,-85360.0,49
201400012281,14,11,3,1345,1,1,1,3.0,2,49167,M,4738933.0,-49769.0,49
201400012282,14,2,20,1730,1,1,1,2.0,7,02085,M,0.0,0.0,02
201400012283,14,5,15,1730,1,2,1,1.0,1,02290,M,0.0,0.0,02
201400012284,14,12,21,1230,1,1,1,8.0,6,02164,M,0.0,0.0,02
201400012285,14,9,20,230,3,1,1,1.0,6,09059,M,4287837.0,96720.0,09
201400012286,14,3,20,1600,1,1,1,1.0,6,06088,M,0.0,0.0,06
201400012287,14,5,9,1445,1,1,1,1.0,7,06088,M,0.0,0.0,06
201400012288,14,5,14,1445,1,1,1,1.0,6,06149,M,0.0,0.0,06
201400012289,14,6,12,345,5,1,9,1.0,6,06067,M,0.0,0.0,06
201400012290,14,7,6,1300,1,1,9,1.0,6,06083,M,0.0,0.0,06
201400012291,14,7,9,1030,1,1,1,1.0,4,06149,M,0.0,0.0,06
201400012292,14,7,10,1100,1,1,1,1.0,4,06088,M,0.0,0.0,06
201400012293,14,7,19,2030,1,1,1,1.0,5,06088,M,0.0,0.0,06
201400012294,14,7,21,615,2,1,1,1.0,1,06088,M,0.0,0.0,06
201400012295,14,8,2,730,2,1,1,1.0,1,06088,M,0.0,0.0,06
201400012296,14,8,3,15,3,1,1,1.0,2,06088,M,0.0,0.0,06
201400012297,14,8,30,1430,1,1,1,1.0,2,06088,M,0.0,0.0,06
201400012298,14,10,28,615,5,1,1,1.0,6,06088,M,0.0,0.0,06
201400012299,14,11,22,415,5,1,1,1.0,6,06088,M,0.0,0.0,06
201400012300,14,12,15,1400,1,1,1,1.0,2,06088,M,0.0,0.0,06
201400012301,14,2,4,1945,3,1,1,8.0,2,67434,M,0.0,0.0,67
201400012302,14,3,9,1500,1,1,1,1.0,6,57540,M,0.0,0.0,57
201400012303,14,7,15,2245,3,1,1,1.0,1,67488,M,0.0,0.0,67
201400012304,14,9,27,1230,1,1,1,1.0,6,57761,M,0.0,0.0,57
201400012305,14,6,22,845,1,1,1,1.0,2,90010,M,0.0,0.0,90
201400012306,14,9,9,1515,1,1,1,2.0,6,90094,M,0.0,0.0,90
201400012307,14,9,10,1800,1,1,1,2.0,5,90001,M,0.0,0.0,90
201400012308,14,9,16,1645,1,1,1,2.0,5,90015,M,0.0,0.0,90
201400012309,14,11,26,415,3,1,1,1.0,5,68129,M,0.0,0.0,68
201400012310,14,5,6,2000,1,1,1,1.0,7,66217,M,0.0,0.0,66
201400012311,14,6,7,130,3,1,1,1.0,1,66214,M,0.0,0.0,66
201400012312,14,6,12,300,3,1,1,1.0,6,66164,M,0.0,0.0,66
201400012313,14,6,16,1500,1,1,1,1.0,6,66217,M,0.0,0.0,66
201400012314,14,6,26,1400,1,1,1,1.0,2,66190,M,0.0,0.0,66
201400012315,14,8,26,115,5,1,9,1.0,6,66015,M,4257830.0,284762.0,66
201400012316,14,9,14,545,3,1,1,1.0,6,66137,M,4247253.0,286290.0,66
201400012317,14,9,20,515,3,1,1,1.0,6,66164,M,0.0,0.0,66
201400012318,14,10,30,1645,1,1,1,1.0,7,66214,M,0.0,0.0,66
201400012319,14,12,21,1530,2,1,9,1.0,1,66106,M,0.0,0.0,66
201400012320,14,5,27,1530,1,1,1,1.0,1,67067,M,0.0,0.0,67
201400012321,14,6,6,330,3,1,1,1.0,2,67067,M,0.0,0.0,67
201400012322,14,9,19,1730,1,1,1,1.0,2,67460,M,0.0,0.0,67
201400012323,14,10,14,515,3,1,1,1.0,5,67506,M,0.0,0.0,67
201400012324,14,12,12,1700,2,1,1,1.0,5,67067,M,0.0,0.0,67
201400012325,14,3,13,415,3,1,1,1.0,6,62701,M,5058019.0,236945.0,62
201400012326,14,10,8,1345,1,1,1,2.0,6,62186,M,0.0,0.0,62
201400012327,14,12,26,1045,1,1,1,1.0,6,62224,M,0.0,0.0,62
201400012328,14,12,29,1430,1,1,1,2.0,3,62737,M,0.0,0.0,62
201400012329,14,5,14,1600,1,1,6,1.0,3,44210,M,4729500.0,-220900.0,44
201400012330,14,10,10,915,1,1,1,5.0,4,53219,M,4830957.0,-67613.0,53
201400012331,14,12,17,1400,1,1,3,2.0,4,53155,M,4829937.0,-88945.0,53
201400012332,14,1,3,2215,3,1,1,4.0,1,62621,M,5088100.0,201149.0,62
201400012333,14,12,28,1845,3,1,1,1.0,5,62504,M,0.0,0.0,62
201400012334,14,5,26,745,1,1,9,2.0,1,27016,M,4916000.0,125000.0,27
201400012335,14,12,12,1600,1,1,2,8.0,1,17348,M,4581894.0,-93115.0,17
201400012336,14,10,16,745,2,1,3,8.0,2,79049,M,0.0,0.0,79
201400012337,14,7,28,715,1,2,1,1.0,1,77032,M,4842038.0,314586.0,77
201400012338,14,8,5,1015,1,2,2,1.0,3,77327,M,0.0,0.0,77
201400012339,14,2,26,2330,4,1,1,1.0,2,18033,M,0.0,0.0,18
201400012340,14,3,31,745,1,1,1,1.0,6,18126,M,0.0,0.0,18
201400012341,14,3,31,1330,1,1,1,1.0,6,18033,M,0.0,0.0,18
201400012342,14,4,18,200,3,1,1,1.0,6,18089,M,0.0,0.0,18
201400012343,14,8,9,245,3,1,1,1.0,6,18063,M,0.0,0.0,18
201400012344,14,11,8,1845,3,1,1,8.0,6,18063,M,0.0,0.0,18
201400012345,14,10,17,1530,1,1,1,1.0,7,07155,M,0.0,0.0,07
201400012346,14,3,15,1845,5,1,1,6.0,6,13081,M,0.0,0.0,13
201400012347,14,6,3,1515,1,2,1,1.0,5,13088,M,4336806.0,525100.0,13
201400012348,14,6,7,1730,1,1,1,1.0,6,13014,M,4351941.0,517080.0,13
201400012349,14,7,12,545,2,1,1,1.0,1,13033,M,0.0,0.0,13
201400012350,14,7,18,2300,3,1,6,1.0,6,13063,M,4348214.0,516548.0,13
201400012351,14,3,27,1945,3,1,1,1.0,5,13022,M,0.0,0.0,13
201400012352,14,4,16,900,1,1,1,1.0,3,13013,M,0.0,0.0,13
201400012353,14,4,20,1630,1,1,1,1.0,7,13007,M,0.0,0.0,13
201400012354,14,4,26,1715,1,1,1,1.0,5,13042,M,0.0,0.0,13
201400012355,14,6,8,945,1,1,1,1.0,1,13030,M,0.0,0.0,13
201400012356,14,7,18,1415,1,1,1,1.0,3,13022,M,0.0,0.0,13
201400012357,14,7,26,2115,2,1,1,1.0,1,13007,M,4337300.0,565900.0,13
201400012358,14,7,29,2015,1,1,1,1.0,5,13042,M,4327300.0,564800.0,13
201400012359,14,10,13,700,2,1,1,2.0,5,13007,M,0.0,0.0,13
201400012360,14,10,28,515,5,1,1,1.0,7,13042,M,0.0,0.0,13
201400012361,14,12,3,1515,1,1,1,1.0,7,84037,M,0.0,0.0,84
201400012362,14,12,12,730,3,1,1,1.0,5,34031,M,4360700.0,368300.0,34
201400012363,14,3,16,345,3,1,1,1.0,5,38397,M,4523129.0,583135.0,38
201400012364,14,3,26,2100,3,1,1,1.0,2,38140,M,0.0,0.0,38
201400012365,14,2,28,1615,1,1,1,1.0,3,13025,M,0.0,0.0,13
201400012366,14,3,28,1130,1,1,1,1.0,3,13086,M,0.0,0.0,13
201400012367,14,4,9,1800,1,1,1,1.0,4,13005,M,0.0,0.0,13
201400012368,14,5,10,1115,1,1,1,1.0,4,13025,M,0.0,0.0,13
201400012369,14,7,1,815,1,1,1,1.0,5,13073,M,0.0,0.0,13
201400012370,14,7,3,845,1,1,1,1.0,5,13001,M,0.0,0.0,13
201400012371,14,7,7,1645,1,1,1,1.0,3,13001,M,0.0,0.0,13
201400012372,14,8,13,415,3,1,1,1.0,6,13040,M,0.0,0.0,13
201400012373,14,9,2,1545,1,1,1,1.0,3,13025,M,0.0,0.0,13
201400012374,14,9,13,1530,1,1,1,1.0,3,13025,M,0.0,0.0,13
201400012375,14,12,9,645,3,1,1,1.0,5,13031,M,0.0,0.0,13
201400012376,14,12,7,1700,1,1,1,1.0,4,13025,M,0.0,0.0,13
201400012377,14,12,20,1830,3,1,1,1.0,6,13086,M,0.0,0.0,13
201400012378,14,1,7,2315,3,1,1,1.0,6,06085,M,0.0,0.0,06
201400012379,14,1,17,1845,3,1,1,1.0,6,06085,M,0.0,0.0,06
201400012380,14,2,6,2300,3,1,2,2.0,5,06004,M,0.0,0.0,06
201400012381,14,3,7,1645,1,1,1,1.0,6,83001,M,0.0,0.0,83
201400012382,14,4,14,600,2,1,1,1.0,6,06027,M,0.0,0.0,06
201400012383,14,5,13,845,1,1,1,1.0,2,06123,M,0.0,0.0,06
201400012384,14,6,1,1845,1,1,1,8.0,2,06029,M,0.0,0.0,06
201400012385,14,8,6,1700,1,1,1,1.0,6,83061,M,0.0,0.0,83
201400012386,14,8,13,1745,1,1,1,1.0,5,06027,M,0.0,0.0,06
201400012387,14,8,14,1730,1,1,1,1.0,4,06085,M,0.0,0.0,06
201400012388,14,8,25,545,2,1,1,1.0,2,06027,M,0.0,0.0,06
201400012389,14,9,25,745,1,1,1,1.0,2,06123,M,0.0,0.0,06
201400012390,14,10,8,1645,1,1,1,1.0,7,06085,M,0.0,0.0,06
201400012391,14,10,9,1645,1,1,1,1.0,2,06004,M,0.0,0.0,06
201400012392,14,11,22,730,2,1,1,1.0,2,06027,M,0.0,0.0,06
201400012393,14,12,7,30,3,1,1,2.0,5,06027,M,0.0,0.0,06
201400012394,14,2,18,1245,1,1,1,1.0,6,64335,M,0.0,0.0,64
201400012395,14,4,28,1715,1,1,1,1.0,6,64061,M,0.0,0.0,64
201400012396,14,5,12,1430,1,1,1,1.0,2,64112,M,0.0,0.0,64
201400012397,14,10,19,1830,1,1,1,1.0,5,64335,M,4335300.0,-44000.0,64
201400012398,14,10,1,1045,1,2,1,1.0,6,66172,M,4271611.0,284765.0,66
201400012399,14,1,24,900,1,1,1,2.0,3,63430,M,4586600.0,350100.0,63
201400012400,14,4,16,1730,1,1,1,1.0,6,63276,M,4586200.0,348800.0,63
201400012401,14,6,15,615,1,1,1,1.0,6,63195,M,4585200.0,337100.0,63
201400012402,14,7,7,930,1,1,1,2.0,2,63430,M,0.0,0.0,63
201400012403,14,7,6,1800,1,1,1,1.0,6,63430,M,4586600.0,350700.0,63
201400012404,14,10,13,1945,3,1,1,2.0,6,63265,M,4585500.0,341100.0,63
201400012405,14,12,14,1630,1,1,9,1.0,1,63213,M,4582810.0,324140.0,63
201400012406,14,1,7,2030,5,1,1,1.0,3,74081,M,0.0,0.0,74
201400012407,14,1,18,2130,5,2,1,1.0,2,74081,M,0.0,0.0,74
201400012408,14,3,14,1615,1,2,4,1.0,1,74169,M,0.0,0.0,74
201400012409,14,4,9,2100,5,2,2,1.0,1,74081,M,0.0,0.0,74
201400012410,14,4,21,1830,1,2,2,2.0,3,74264,M,0.0,0.0,74
201400012411,14,4,21,1600,1,1,1,2.0,6,74081,M,0.0,0.0,74
201400012412,14,4,25,1730,1,2,3,8.0,3,74081,M,0.0,0.0,74
201400012413,14,4,27,1800,1,1,1,1.0,7,74014,M,0.0,0.0,74
201400012414,14,5,8,1100,1,1,1,1.0,7,74264,M,0.0,0.0,74
201400012415,14,5,23,1145,1,1,1,1.0,7,74169,M,0.0,0.0,74
201400012416,14,5,24,1615,1,1,3,1.0,3,74159,M,0.0,0.0,74
201400012417,14,6,7,2300,5,1,2,1.0,1,74264,M,0.0,0.0,74
201400012418,14,6,8,930,1,1,2,1.0,2,74081,M,0.0,0.0,74
201400012419,14,6,16,1645,1,1,1,1.0,1,74159,M,0.0,0.0,74
201400012420,14,6,29,830,1,1,1,2.0,6,74169,M,0.0,0.0,74
201400012421,14,8,18,1830,1,1,1,1.0,7,74221,M,0.0,0.0,74
201400012422,14,8,27,800,1,1,1,1.0,1,74081,M,0.0,0.0,74
201400012423,14,9,10,2215,3,1,1,1.0,6,74221,M,0.0,0.0,74
201400012424,14,9,18,1045,1,1,3,1.0,3,74081,M,0.0,0.0,74
201400012425,14,9,25,645,3,1,1,2.0,5,74169,M,0.0,0.0,74
201400012426,14,10,3,1045,1,1,1,1.0,3,74169,M,0.0,0.0,74
201400012427,14,10,9,645,5,2,1,1.0,6,74159,M,0.0,0.0,74
201400012428,14,10,18,1545,1,2,1,1.0,1,74169,M,0.0,0.0,74
201400012429,14,10,25,1330,1,2,2,1.0,1,74081,M,0.0,0.0,74
201400012430,14,11,16,1500,1,2,6,1.0,1,74081,M,0.0,0.0,74
201400012431,14,11,29,630,2,1,1,5.0,6,74081,M,0.0,0.0,74
201400012432,14,12,18,1630,2,2,9,1.0,6,74081,M,0.0,0.0,74
201400012433,14,3,28,1700,1,1,1,1.0,1,59039,M,0.0,0.0,59
201400012434,14,4,25,1145,1,1,1,1.0,1,59485,M,0.0,0.0,59
201400012435,14,5,17,1745,1,2,2,1.0,3,59622,M,0.0,0.0,59
201400012436,14,7,4,1045,1,1,1,1.0,1,59039,M,0.0,0.0,59
201400012437,14,9,20,1300,1,1,1,1.0,5,59081,M,0.0,0.0,59
201400012438,14,11,15,2030,3,1,1,8.0,7,59037,M,0.0,0.0,59
201400012439,14,3,20,1800,1,1,1,1.0,6,47078,M,0.0,0.0,47
201400012440,14,5,18,1800,1,1,1,1.0,6,47159,M,4438100.0,21003.0,47
201400012441,14,2,13,1845,3,1,1,4.0,7,72093,M,0.0,0.0,72
201400012442,14,3,17,1530,1,1,1,1.0,2,72300,M,0.0,0.0,72
201400012443,14,4,21,115,3,1,1,1.0,6,72288,M,0.0,0.0,72
201400012444,14,5,1,2030,1,1,1,2.0,7,72241,M,0.0,0.0,72
201400012445,14,5,4,1000,1,1,1,1.0,7,72288,M,0.0,0.0,72
201400012446,14,7,7,915,1,1,1,1.0,5,72031,M,0.0,0.0,72
201400012447,14,7,26,1315,1,1,1,1.0,2,72241,M,0.0,0.0,72
201400012448,14,8,1,1500,1,1,1,1.0,2,72031,M,0.0,0.0,72
201400012449,14,8,1,1215,1,1,1,1.0,7,72241,M,0.0,0.0,72
201400012450,14,8,12,1400,1,1,1,3.0,2,72080,M,0.0,0.0,72
201400012451,14,10,27,1730,2,1,1,7.0,7,72241,M,0.0,0.0,72
201400012452,14,10,28,1930,3,1,1,1.0,5,72375,M,0.0,0.0,72
201400012453,14,10,30,1830,3,1,2,1.0,3,72300,M,0.0,0.0,72
201400012454,14,11,29,1230,1,1,1,1.0,3,72363,M,0.0,0.0,72
201400012455,14,12,27,1545,1,1,1,1.0,7,72288,M,0.0,0.0,72
201400012456,14,5,16,1145,1,1,1,6.0,6,89339,M,4758199.0,392812.0,89
201400012457,14,6,2,645,2,1,1,1.0,6,89277,M,4769448.0,383135.0,89
201400012458,14,6,10,615,1,1,1,1.0,6,89208,M,4760019.0,391024.0,89
201400012459,14,6,14,1415,1,1,1,1.0,6,89378,M,4752036.0,398864.0,89
201400012460,14,7,26,1100,1,1,1,1.0,7,89277,M,4766882.0,386806.0,89
201400012461,14,8,11,330,3,1,1,1.0,2,89379,M,4750515.0,409047.0,89
201400012462,14,10,24,1600,1,1,1,1.0,1,85016,M,4667654.0,-162090.0,85
201400012463,14,3,5,845,1,2,1,2.0,7,09122,M,4296401.0,160753.0,09
201400012464,14,4,18,1615,1,2,1,1.0,2,09122,M,4296620.0,160890.0,09
201400012465,14,6,16,1545,1,2,1,1.0,7,09122,M,4296924.0,160812.0,09
201400012466,14,8,17,1120,1,2,1,1.0,3,09122,M,4296199.0,161339.0,09
201400012467,14,8,20,1534,1,1,1,1.0,1,09122,M,4297656.0,160437.0,09
201400012468,14,9,16,1725,1,2,1,1.0,7,09122,M,4297631.0,160866.0,09
201400012469,14,10,9,1020,1,2,1,1.0,7,09122,M,4296388.0,160803.0,09
201400012470,14,11,8,1640,1,2,1,1.0,7,09122,M,4296571.0,160835.0,09
201400012471,14,1,8,745,5,2,6,1.0,1,91600,M,4865600.0,245000.0,91
201400012472,14,2,12,830,1,2,1,9.0,7,91617,M,0.0,0.0,91
201400012473,14,6,13,1100,1,2,1,1.0,1,91600,M,0.0,0.0,91
201400012474,14,9,3,1400,1,2,1,1.0,3,91617,M,0.0,0.0,91
201400012475,14,10,10,2030,5,2,6,2.0,3,91617,M,4864200.0,250400.0,91
201400012476,14,7,5,1330,1,1,1,1.0,3,38253,M,0.0,0.0,38
201400012477,14,1,1,1700,5,2,1,1.0,3,09225,M,4311499.0,161445.0,09
201400012478,14,2,22,545,5,2,2,1.0,3,09225,M,4312135.0,162124.0,09
201400012479,14,5,10,2022,1,2,1,1.0,6,09225,M,4312008.0,160895.0,09
201400012480,14,7,22,830,1,2,9,1.0,6,09225,M,4312084.0,160956.0,09
201400012481,14,8,24,1715,1,2,2,1.0,3,09225,M,4310465.0,162160.0,09
201400012482,14,8,28,1525,1,2,1,1.0,3,09225,M,4312657.0,162116.0,09
201400012483,14,11,1,1335,1,2,1,1.0,6,09225,M,4310584.0,161916.0,09
201400012484,14,4,29,500,3,1,1,1.0,2,31162,M,0.0,0.0,31
201400012485,14,6,27,2230,3,1,1,1.0,7,31254,M,4353180.0,151352.0,31
201400012486,14,8,22,1400,1,1,1,8.0,6,31576,M,0.0,0.0,31
201400012487,14,9,19,2115,3,1,1,1.0,5,31100,M,0.0,0.0,31
201400012488,14,10,19,1130,1,1,1,1.0,2,09185,M,4324555.0,164850.0,09
201400012489,14,10,20,1130,1,1,1,1.0,2,31113,M,0.0,0.0,31
201400012490,14,10,24,645,2,1,1,1.0,3,31220,M,0.0,0.0,31
201400012491,14,11,15,1500,1,1,1,1.0,6,31113,M,0.0,0.0,31
201400012492,14,11,17,645,3,1,1,1.0,5,31381,M,0.0,0.0,31
201400012493,14,12,18,1145,1,1,1,8.0,2,31037,M,0.0,0.0,31
201400012494,14,10,17,1500,1,1,1,1.0,1,20247,M,4149292.0,924597.0,201
201400012495,14,1,5,815,2,1,1,3.0,3,33122,M,0.0,0.0,33
201400012496,14,6,20,1245,1,1,6,1.0,1,33199,M,0.0,0.0,33
201400012497,14,6,26,2130,1,1,9,1.0,6,33284,M,0.0,0.0,33
201400012498,14,6,29,2115,2,1,1,1.0,2,33199,M,0.0,0.0,33
201400012499,14,7,5,930,1,1,1,2.0,2,33284,M,0.0,0.0,33
201400012500,14,7,15,815,1,1,1,7.0,7,33284,M,0.0,0.0,33
201400012501,14,8,25,1930,1,1,1,1.0,2,33284,M,0.0,0.0,33
201400012502,14,8,26,1300,1,1,1,2.0,4,33498,M,0.0,0.0,33
201400012503,14,9,2,2100,3,1,1,1.0,7,33284,M,0.0,0.0,33
201400012504,14,11,24,1345,1,1,1,1.0,2,33284,M,0.0,0.0,33
201400012505,14,1,19,1645,1,2,1,1.0,2,74256,M,0.0,0.0,74
201400012506,14,7,9,15,3,1,1,8.0,6,74208,M,0.0,0.0,74
201400012507,14,10,28,1130,1,1,1,1.0,2,74056,M,0.0,0.0,74
201400012508,14,8,20,615,2,1,1,1.0,6,46256,M,0.0,0.0,46
201400012509,14,10,1,1515,1,1,1,1.0,1,46037,M,4448587.0,164426.0,46
201400012510,14,8,10,845,1,1,1,1.0,6,69112,M,0.0,0.0,69
201400012511,14,8,10,1500,1,1,1,1.0,6,69102,M,0.0,0.0,69
201400012512,14,3,29,1845,2,1,1,4.0,2,72061,M,0.0,0.0,72
201400012513,14,4,20,930,1,1,1,1.0,2,72022,M,0.0,0.0,72
201400012514,14,6,16,530,2,1,1,1.0,7,72149,M,0.0,0.0,72
201400012515,14,7,15,1500,1,1,1,1.0,6,72223,M,0.0,0.0,72
201400012516,14,9,20,1630,1,1,1,1.0,6,72127,M,0.0,0.0,72
201400012517,14,11,1,1500,1,1,1,1.0,6,72149,M,0.0,0.0,72
201400012518,14,12,10,1400,1,1,1,1.0,7,72253,M,0.0,0.0,72
201400012519,14,12,24,30,3,1,1,1.0,5,72177,M,0.0,0.0,72