Num_Acc,an,mois,jour,hrmn,lum,agg,int,atm,col,com,gps,lat,long,dep
201400012520,14,2,8,645,3,1,1,1.0,2,68021,M,4763543.0,750095.0,68
201400012521,14,3,9,545,3,1,1,1.0,2,68301,M,4768511.0,745458.0,68
201400012522,14,3,21,1630,1,1,1,1.0,4,68309,M,4766761.0,747675.0,68
201400012523,14,3,28,450,3,1,1,1.0,3,68309,M,4765713.0,748686.0,68
201400012524,14,4,8,1745,1,1,1,1.0,2,68301,M,4769892.0,744221.0,68
201400012525,14,4,26,1230,1,1,1,1.0,6,68072,M,4770024.0,744128.0,68
201400012526,14,5,3,100,3,1,1,2.0,6,68072,M,4770045.0,744133.0,68
201400012527,14,10,24,830,1,1,1,1.0,6,68042,M,4761649.0,751597.0,68
201400012528,14,2,17,730,3,1,1,1.0,6,53267,M,4805078.0,-44148.0,53
201400012529,14,3,23,1345,1,1,1,4.0,6,53045,M,4807747.0,-96978.0,53
201400012530,14,5,4,1645,1,1,9,1.0,6,53034,M,4810426.0,-73567.0,53
201400012531,14,5,15,1045,1,1,1,1.0,2,53108,M,4808274.0,-103562.0,53
201400012532,14,6,12,1045,1,1,1,1.0,1,53108,M,4808305.0,-102687.0,53
201400012533,14,6,16,1200,1,1,1,1.0,6,53137,M,4807448.0,-93991.0,53
201400012534,14,10,22,745,3,1,1,2.0,1,53276,M,4814369.0,-28588.0,53
201400012535,14,12,1,2245,3,1,1,8.0,1,53262,M,4806227.0,-59813.0,53
201400012536,14,1,21,815,3,1,1,1.0,3,44163,M,0.0,0.0,44
201400012537,14,3,21,1815,2,1,1,1.0,7,44003,M,0.0,0.0,44
201400012538,14,5,29,1815,1,1,1,1.0,6,44213,M,4742400.0,-102800.0,44
201400012539,14,8,15,1945,1,1,1,1.0,6,44003,M,0.0,0.0,44
201400012540,14,9,22,1630,1,1,1,1.0,7,44163,M,0.0,0.0,44
201400012541,14,5,23,1630,1,1,1,1.0,6,47169,M,4415870.0,61511.0,47
201400012542,14,7,16,1500,1,1,1,7.0,1,47041,M,4421270.0,42632.0,47
201400012543,14,8,30,1400,1,1,1,1.0,6,47091,M,4416580.0,58569.0,47
201400012544,14,3,19,1745,1,1,1,1.0,2,31202,M,0.0,0.0,31
201400012545,14,4,20,2130,3,1,1,2.0,2,82027,M,4388700.0,131720.0,82
201400012546,14,9,23,1030,1,1,1,1.0,5,82085,M,0.0,0.0,82
201400012547,14,12,6,1815,1,1,1,1.0,4,82079,M,0.0,0.0,82
201400012548,14,12,12,515,3,1,1,5.0,2,82149,M,0.0,0.0,82
201400012549,14,12,11,630,3,1,1,1.0,7,82025,M,0.0,0.0,82
201400012550,14,7,19,900,1,1,1,1.0,7,20090,M,4209844.0,872431.0,201
201400012551,14,12,31,1145,1,2,2,8.0,6,20934,M,0.0,0.0,201
201400012552,14,6,17,1115,1,1,1,2.0,1,20331,M,4183692.0,896417.0,201
201400012553,14,3,3,1415,1,1,1,1.0,3,39219,M,0.0,0.0,39
201400012554,14,6,23,900,1,1,1,1.0,6,39465,M,0.0,0.0,39
201400012555,14,10,21,1500,1,1,1,1.0,6,39501,M,0.0,0.0,39
201400012556,14,11,19,1730,2,1,1,1.0,6,39031,M,0.0,0.0,39
201400012557,14,3,14,1600,1,1,1,1.0,2,38431,M,4526292.0,584226.0,38
201400012558,14,3,19,815,1,1,1,1.0,2,38471,M,4525037.0,576642.0,38
201400012559,14,4,16,1000,1,2,1,1.0,1,38471,M,0.0,0.0,38
201400012560,14,5,13,1915,1,1,1,2.0,6,38249,M,0.0,0.0,38
201400012561,14,9,2,1615,1,2,1,1.0,3,38140,M,0.0,0.0,38
201400012562,14,9,7,1145,1,1,1,1.0,3,38039,M,4527071.0,584116.0,38
201400012563,14,11,13,930,1,2,1,1.0,3,38229,M,0.0,0.0,38
201400012564,14,12,9,715,3,2,1,2.0,3,38249,M,0.0,0.0,38
201400012565,14,3,2,2300,5,2,1,1.0,3,06085,M,0.0,0.0,06
201400012566,14,5,9,945,1,2,1,1.0,1,06085,M,0.0,0.0,06
201400012567,14,8,27,1130,1,2,1,1.0,6,06085,M,0.0,0.0,06
201400012568,14,9,17,730,1,2,1,1.0,3,06085,M,0.0,0.0,06
201400012569,14,9,20,200,5,2,6,1.0,2,06085,M,0.0,0.0,06
201400012570,14,9,26,1845,1,2,1,1.0,2,06085,M,0.0,0.0,06
201400012571,14,10,20,1415,1,2,1,1.0,3,06085,M,0.0,0.0,06
201400012572,14,12,11,730,1,2,1,1.0,2,06085,M,0.0,0.0,06
201400012573,14,12,18,2330,5,2,1,1.0,6,06085,M,0.0,0.0,06
201400012574,14,1,11,30,3,1,1,2.0,1,78189,M,0.0,0.0,78
201400012575,14,4,9,1900,1,1,1,1.0,3,78466,M,0.0,0.0,78
201400012576,14,5,10,1545,1,1,1,1.0,3,78010,M,4891900.0,193500.0,78
201400012577,14,5,17,1130,1,1,1,1.0,1,78466,M,4893200.0,199800.0,78
201400012578,14,8,10,415,3,1,1,1.0,6,78189,M,4890100.0,195200.0,78
201400012579,14,3,11,800,1,1,6,1.0,3,33122,M,4474600.0,-76400.0,33
201400012580,14,4,17,245,3,1,1,1.0,6,33122,M,4476500.0,-63300.0,33
201400012581,14,2,10,1330,1,1,1,6.0,1,66213,M,0.0,0.0,66
201400012582,14,1,4,530,3,1,1,8.0,5,67348,M,0.0,0.0,67
201400012583,14,4,13,345,3,1,1,1.0,6,67125,M,0.0,0.0,67
201400012584,14,5,25,1745,1,1,1,1.0,6,67084,M,0.0,0.0,67
201400012585,14,6,18,1715,1,1,1,1.0,4,67329,M,0.0,0.0,67
201400012586,14,6,28,1145,1,1,1,2.0,2,67223,M,0.0,0.0,67
201400012587,14,7,8,1115,1,1,1,8.0,6,67008,M,0.0,0.0,67
201400012588,14,7,18,1530,1,1,1,1.0,6,67411,M,0.0,0.0,67
201400012589,14,10,10,2015,3,1,1,3.0,4,67329,M,0.0,0.0,67
201400012590,14,11,28,1600,1,1,1,1.0,3,67239,M,0.0,0.0,67
201400012591,14,1,6,1145,1,1,1,1.0,7,79031,M,0.0,0.0,79
201400012592,14,8,3,2000,2,1,1,1.0,7,33351,M,0.0,0.0,33
201400012593,14,10,4,430,3,1,1,1.0,3,17236,M,4535434.0,-58393.0,17
201400012594,14,1,12,2100,3,1,1,1.0,5,01091,M,0.0,0.0,01
201400012595,14,2,13,900,1,1,1,3.0,6,74201,M,0.0,0.0,74
201400012596,14,4,11,15,5,1,1,1.0,7,74009,M,0.0,0.0,74
201400012597,14,4,27,1515,1,1,1,1.0,6,01091,M,0.0,0.0,01
201400012598,14,5,18,2200,3,1,1,1.0,7,74044,M,0.0,0.0,74
201400012599,14,6,1,1030,1,1,1,1.0,6,74243,M,0.0,0.0,74
201400012600,14,7,11,645,2,1,1,1.0,7,74016,M,0.0,0.0,74
201400012601,14,7,29,1715,1,1,1,2.0,6,74082,M,0.0,0.0,74
201400012602,14,9,20,700,1,1,1,1.0,6,74288,M,0.0,0.0,74
201400012603,14,11,4,2130,5,1,1,3.0,2,74201,M,0.0,0.0,74
201400012604,14,12,13,715,2,1,1,1.0,6,74118,M,0.0,0.0,74
201400012605,14,3,10,1315,1,1,9,1.0,1,20139,M,4167379.0,931383.0,201
201400012606,14,5,30,2015,1,2,1,1.0,3,20139,M,4163383.0,934551.0,201
201400012607,14,7,10,1800,1,1,1,1.0,5,20269,M,4180780.0,939900.0,201
201400012608,14,8,18,1030,1,1,1,1.0,3,20139,M,4170370.0,935693.0,201
201400012609,14,8,27,1415,1,1,1,1.0,7,20139,M,0.0,0.0,201
201400012610,14,10,9,830,1,2,1,8.0,3,20139,M,4168399.0,931900.0,201
201400012611,14,10,12,1645,1,2,1,1.0,6,20092,M,4175100.0,940400.0,201
201400012612,14,1,21,1815,2,2,1,8.0,6,74268,M,0.0,0.0,74
201400012613,14,2,17,1945,5,2,1,1.0,3,74268,M,0.0,0.0,74
201400012614,14,5,16,1200,1,2,1,1.0,3,74268,M,0.0,0.0,74
201400012615,14,5,21,2145,3,1,1,1.0,6,74186,M,0.0,0.0,74
201400012616,14,6,4,2035,1,1,1,1.0,6,74186,M,0.0,0.0,74
201400012617,14,6,14,530,2,2,1,1.0,6,74268,M,0.0,0.0,74
201400012618,14,9,18,1200,1,2,3,1.0,3,74268,M,0.0,0.0,74
201400012619,14,12,8,645,3,1,3,1.0,2,74268,M,0.0,0.0,74
201400012620,14,2,9,545,3,1,1,1.0,6,01049,M,4583440.0,503233.0,01
201400012621,14,2,19,715,2,1,1,1.0,4,69288,M,4568000.0,505500.0,69
201400012622,14,3,16,430,3,1,1,1.0,2,01089,M,4598760.0,531285.0,01
201400012623,14,5,19,1645,1,1,1,1.0,7,01089,M,4599300.0,531335.0,01
201400012624,14,6,18,2215,3,1,1,1.0,1,69288,M,0.0,0.0,69
201400012625,14,6,16,1515,1,1,1,1.0,2,01450,M,4590510.0,523330.0,01
201400012626,14,10,23,1415,1,1,1,1.0,2,01213,M,4593870.0,528660.0,01
201400012627,14,9,10,1230,1,1,1,1.0,1,37131,M,0.0,0.0,37
201400012628,14,11,23,1815,3,1,1,1.0,3,37153,M,0.0,0.0,37
201400012629,14,1,13,1145,1,1,1,8.0,5,42279,M,4549419.0,428762.0,42
201400012630,14,2,2,1230,1,1,1,1.0,6,42042,M,4545287.0,420883.0,42
201400012631,14,2,21,1515,1,2,1,1.0,2,42279,M,4550552.0,426212.0,42
201400012632,14,5,17,1115,1,1,1,1.0,1,42042,M,4544780.0,422620.0,42
201400012633,14,6,7,1045,1,2,1,7.0,6,42279,M,4549993.0,424027.0,42
201400012634,14,6,14,1130,1,2,1,1.0,1,42279,M,4550654.0,423924.0,42
201400012635,14,8,7,2130,5,2,1,1.0,3,42256,M,4549762.0,416585.0,42
201400012636,14,9,14,1915,1,2,1,1.0,1,42256,M,4549185.0,415861.0,42
201400012637,14,9,29,1645,1,1,1,1.0,1,42042,M,4542847.0,423104.0,42
201400012638,14,10,2,1745,1,1,1,1.0,1,42256,M,4546678.0,416479.0,42
201400012639,14,10,6,730,2,2,1,1.0,6,42279,M,4550192.0,425517.0,42
201400012640,14,11,14,1545,1,1,1,8.0,5,42256,M,4546961.0,413349.0,42
201400012641,14,12,9,1300,1,1,1,1.0,7,42256,M,4546739.0,413009.0,42
201400012642,14,12,16,1930,5,2,6,8.0,3,42279,M,4550323.0,425993.0,42
201400012643,14,12,12,1215,1,2,9,1.0,5,42279,M,4551321.0,426345.0,42
201400012644,14,2,10,1530,1,1,1,1.0,2,91441,M,0.0,0.0,91
201400012645,14,6,6,1945,1,1,1,1.0,7,91649,M,4855100.0,235000.0,91
201400012646,14,8,31,45,4,2,1,1.0,6,91135,M,0.0,0.0,91
201400012647,14,9,12,1645,1,1,1,1.0,7,91135,M,0.0,0.0,91
201400012648,14,10,4,430,5,1,1,1.0,6,91037,M,0.0,0.0,91
201400012649,14,12,4,2300,5,1,1,2.0,2,91045,M,0.0,0.0,91
201400012650,14,12,8,915,1,1,1,2.0,1,91649,M,0.0,0.0,91
201400012651,14,1,6,700,2,1,4,2.0,3,51613,M,0.0,0.0,51
201400012652,14,1,11,1500,1,1,1,1.0,6,51613,M,0.0,0.0,51
201400012653,14,2,1,1320,1,1,1,1.0,1,51333,M,0.0,0.0,51
201400012654,14,2,12,900,1,2,1,9.0,6,51536,M,0.0,0.0,51
201400012655,14,3,10,1630,1,1,1,1.0,1,51562,M,0.0,0.0,51
201400012656,14,4,1,845,1,1,1,1.0,6,51450,M,0.0,0.0,51
201400012657,14,4,10,900,1,1,1,1.0,2,51571,M,0.0,0.0,51
201400012658,14,4,12,1015,1,2,8,1.0,2,51375,M,0.0,0.0,51
201400012659,14,5,14,1515,1,2,1,3.0,2,51044,M,0.0,0.0,51
201400012660,14,7,3,1400,1,1,2,1.0,3,51571,M,0.0,0.0,51
201400012661,14,9,13,1115,1,1,1,1.0,6,51614,M,0.0,0.0,51
201400012662,14,12,3,1500,1,1,1,1.0,1,51536,M,0.0,0.0,51
201400012663,14,12,26,1245,1,1,4,8.0,1,51636,M,0.0,0.0,51
201400012664,14,1,6,645,5,1,1,1.0,3,31157,M,4353468.0,135424.0,31
201400012665,14,7,7,1700,5,2,1,1.0,1,31203,M,4352046.0,132764.0,31
201400012666,14,8,14,1845,1,2,1,1.0,1,31157,M,4352992.0,135102.0,31
201400012667,14,8,18,1730,1,2,1,1.0,1,31157,M,0.0,0.0,31
201400012668,14,1,17,930,1,1,1,3.0,6,06152,M,0.0,0.0,06
201400012669,14,2,20,900,1,1,1,1.0,2,06152,M,0.0,0.0,06
201400012670,14,3,5,1315,1,2,3,1.0,1,06018,M,0.0,0.0,06
201400012671,14,5,21,1745,1,1,1,1.0,6,06152,M,0.0,0.0,06
201400012672,14,7,26,100,3,1,1,1.0,5,06152,M,0.0,0.0,06
201400012673,14,8,5,1130,1,2,3,1.0,1,06018,M,0.0,0.0,06
201400012674,14,8,28,1745,1,2,6,1.0,3,06152,M,0.0,0.0,06
201400012675,14,9,5,930,1,1,1,1.0,6,06018,M,0.0,0.0,06
201400012676,14,9,16,1400,1,1,1,1.0,3,06018,M,0.0,0.0,06
201400012677,14,11,21,1930,3,1,1,8.0,1,06152,M,0.0,0.0,06
201400012678,14,11,29,1215,1,1,1,1.0,3,06152,M,0.0,0.0,06
201400012679,14,12,18,2000,3,1,1,1.0,1,06152,M,4360400.0,705100.0,06
201400012680,14,1,13,1215,1,2,1,2.0,3,69292,M,0.0,0.0,69
201400012681,14,5,20,1415,1,2,6,1.0,5,69168,M,4584300.0,483400.0,69
201400012682,14,9,16,1645,1,2,6,1.0,2,69088,M,0.0,0.0,69
201400012683,14,10,25,1430,1,2,1,1.0,1,69088,M,0.0,0.0,69
201400012684,14,3,4,1700,1,2,1,1.0,6,69244,M,0.0,0.0,69
201400012685,14,3,18,845,1,2,1,1.0,3,69044,M,0.0,0.0,69
201400012686,14,3,27,2045,5,2,1,1.0,1,69244,M,0.0,0.0,69
201400012687,14,5,27,1725,1,2,1,1.0,6,69244,M,,,69
201400012688,14,6,7,1315,1,2,1,1.0,1,69244,M,0.0,0.0,69
201400012689,14,8,28,1145,1,2,1,1.0,3,69244,M,0.0,0.0,69
201400012690,14,10,8,1645,1,2,1,1.0,1,69244,M,4575900.0,478200.0,69
201400012691,14,10,16,1800,1,2,1,1.0,1,69244,M,0.0,0.0,69
201400012692,14,10,28,1915,5,2,1,1.0,1,69244,M,0.0,0.0,69
201400012693,14,12,1,1215,1,2,1,1.0,3,69244,M,4575300.0,478700.0,69
201400012694,14,12,22,2130,5,2,1,1.0,6,69244,M,0.0,0.0,69
201400012695,14,1,23,715,2,2,1,1.0,2,38340,M,0.0,0.0,38
201400012696,14,3,15,200,5,2,1,1.0,1,38340,M,0.0,0.0,38
201400012697,14,3,15,1345,1,2,1,1.0,6,38340,M,0.0,0.0,38
201400012698,14,5,9,1700,1,1,1,1.0,1,38378,M,0.0,0.0,38
201400012699,14,5,20,2330,1,2,1,8.0,5,38378,M,0.0,0.0,38
201400012700,14,6,6,915,1,1,1,1.0,2,38448,M,0.0,0.0,38
201400012701,14,6,8,1445,1,2,1,1.0,6,38425,M,0.0,0.0,38
201400012702,14,6,10,1215,1,2,6,1.0,2,38425,M,0.0,0.0,38
201400012703,14,7,11,1230,1,2,3,1.0,6,38536,M,4542171.0,490443.0,38
201400012704,14,7,31,1345,1,2,6,1.0,3,38425,M,0.0,0.0,38
201400012705,14,8,9,1630,1,2,1,1.0,3,38019,M,0.0,0.0,38
201400012706,14,9,11,1115,1,2,2,1.0,3,38425,M,0.0,0.0,38
201400012707,14,10,4,1930,5,2,1,1.0,1,38019,M,0.0,0.0,38
201400012708,14,11,18,730,2,2,1,2.0,2,38378,M,0.0,0.0,38
201400012709,14,3,21,1500,1,2,1,1.0,6,74299,M,0.0,0.0,74
201400012710,14,5,8,1930,1,1,1,1.0,3,74303,M,0.0,0.0,74
201400012711,14,5,5,1600,1,2,2,1.0,1,74011,M,0.0,0.0,74
201400012712,14,5,9,1600,1,1,1,1.0,1,74120,M,0.0,0.0,74
201400012713,14,5,10,1900,1,2,3,1.0,1,74282,M,0.0,0.0,74
201400012714,14,6,21,1530,1,2,1,1.0,2,74176,M,0.0,0.0,74
201400012715,14,7,3,1345,1,1,1,1.0,2,74011,M,0.0,0.0,74
201400012716,14,8,31,2030,5,2,1,1.0,1,74282,M,0.0,0.0,74
201400012717,14,12,12,845,1,2,6,1.0,3,74011,M,0.0,0.0,74
201400012718,14,12,17,1400,1,2,1,2.0,1,74137,M,0.0,0.0,74
201400012719,14,3,6,1715,1,2,1,1.0,6,34116,M,0.0,0.0,34
201400012720,14,5,10,1045,1,1,1,1.0,3,34153,M,0.0,0.0,34
201400012721,14,5,16,915,1,1,3,1.0,3,34116,M,4376200.0,352100.0,34
201400012722,14,11,8,215,3,1,1,1.0,6,34082,M,4367100.0,380200.0,34
201400012723,14,11,17,1400,1,1,1,7.0,1,34255,M,4366200.0,383100.0,34
201400012724,14,1,15,1115,1,2,6,1.0,3,01266,M,4633590.0,512671.0,01
201400012725,14,4,9,645,1,1,1,7.0,2,01451,M,4626330.0,518893.0,01
201400012726,14,4,30,1715,1,1,1,1.0,6,01159,M,4632550.0,488303.0,01
201400012727,14,7,29,2200,2,1,1,1.0,6,01151,M,,,01
201400012728,14,8,11,1600,1,1,1,1.0,7,01159,M,4632860.0,488052.0,01
201400012729,14,11,17,1515,1,1,1,2.0,7,01159,M,4632860.0,488052.0,01
201400012730,14,12,22,1830,3,1,1,1.0,2,01343,M,4628150.0,496606.0,01
201400012731,14,6,24,1800,1,2,9,1.0,6,77183,M,0.0,0.0,77
201400012732,14,8,6,1445,1,1,1,3.0,1,77505,M,0.0,0.0,77
201400012733,14,3,5,2305,3,1,1,1.0,6,02702,M,0.0,0.0,02
201400012734,14,1,15,1845,3,1,1,3.0,6,78043,M,0.0,0.0,78
201400012735,14,2,1,1315,1,1,1,1.0,6,78152,M,0.0,0.0,78
201400012736,14,3,2,630,5,2,2,1.0,1,78571,M,0.0,0.0,78
201400012737,14,3,29,1000,1,2,2,1.0,4,78571,M,0.0,0.0,78
201400012738,14,4,18,1745,1,2,1,1.0,6,78455,M,0.0,0.0,78
201400012739,14,8,16,1715,1,2,1,1.0,1,78233,M,0.0,0.0,78
201400012740,14,9,8,1500,1,1,1,1.0,6,78043,M,0.0,0.0,78
201400012741,14,9,9,2015,2,2,1,1.0,7,78233,M,0.0,0.0,78
201400012742,14,11,11,915,1,2,1,7.0,6,78455,M,0.0,0.0,78
201400012743,14,11,8,1600,1,1,1,1.0,4,78455,M,0.0,0.0,78
201400012744,14,11,12,1100,1,2,9,1.0,6,78455,M,0.0,0.0,78
201400012745,14,11,18,1915,1,1,1,1.0,3,78233,M,0.0,0.0,78
201400012746,14,3,28,1715,1,1,1,1.0,1,13112,M,0.0,0.0,13
201400012747,14,4,25,1215,1,1,1,1.0,1,13112,M,4353032.0,523849.0,13
201400012748,14,5,4,515,3,1,1,1.0,3,13037,M,4354772.0,518326.0,13
201400012749,14,12,29,1615,1,1,1,1.0,6,13112,M,0.0,0.0,13
201400012750,14,10,8,1430,1,1,1,1.0,2,95353,M,4908360.0,231420.0,95
201400012751,14,11,1,1815,3,1,1,2.0,2,95353,M,4908360.0,231420.0,95
201400012752,14,11,4,1015,1,1,1,8.0,5,95678,M,0.0,0.0,95
201400012753,14,10,10,2245,3,1,1,8.0,7,09252,M,4274550.0,208596.0,09
201400012754,14,5,10,1100,1,1,1,1.0,3,09189,M,4267762.0,183351.0,09
201400012755,14,5,23,1515,1,1,1,1.0,1,09326,M,4277112.0,172598.0,09
201400012756,14,6,1,1745,1,1,1,1.0,1,09004,M,4277506.0,169843.0,09
201400012757,14,6,15,1745,1,1,1,1.0,7,09139,M,4258032.0,179718.0,09
201400012758,14,6,16,1530,1,2,1,1.0,3,09326,M,4277134.0,172206.0,09
201400012759,14,6,16,1445,1,1,1,1.0,3,09139,M,4260492.0,181354.0,09
201400012760,14,6,28,1215,1,1,1,1.0,1,09070,M,4278986.0,168754.0,09
201400012761,14,11,2,1300,1,1,1,1.0,1,09032,M,4268194.0,182820.0,09
201400012762,14,12,27,1445,1,1,1,3.0,1,09176,M,4275781.0,176945.0,09
201400012763,14,1,24,1745,3,1,1,2.0,4,35210,M,4814520.0,-178343.0,35
201400012764,14,2,28,1130,1,1,1,2.0,7,35210,M,4813377.0,-176280.0,35
201400012765,14,4,6,200,3,1,1,1.0,6,35275,M,0.0,0.0,35
201400012766,14,6,20,1845,1,1,1,1.0,7,35210,M,0.0,0.0,35
201400012767,14,9,18,915,1,2,2,1.0,3,35210,M,4815152.0,-175929.0,35
201400012768,14,9,30,700,3,1,1,5.0,2,35210,M,4815024.0,-173044.0,35
201400012769,14,2,4,2245,3,1,1,6.0,7,56150,M,0.0,0.0,56
201400012770,14,8,19,1245,1,1,9,1.0,3,56240,M,4750768.0,-277186.0,56
201400012771,14,10,15,830,1,2,1,3.0,6,56243,M,4764895.0,-272340.0,56
201400012772,14,10,27,2000,5,2,1,1.0,1,56005,M,4755570.0,-289835.0,56
201400012773,14,12,7,2100,3,1,1,8.0,6,56240,M,4750135.0,-279280.0,56
201400012774,14,1,2,1045,1,1,1,1.0,6,42255,M,4587610.0,389161.0,42
201400012775,14,2,25,2100,3,1,1,1.0,2,42108,M,4558810.0,421172.0,42
201400012776,14,2,27,1,3,1,1,8.0,6,42154,M,4584837.0,421912.0,42
201400012777,14,2,28,1530,1,1,1,1.0,7,42249,M,4586447.0,424382.0,42
201400012778,14,4,22,645,1,1,1,1.0,2,42034,M,4585082.0,376877.0,42
201400012779,14,7,21,1600,1,1,1,8.0,2,42173,M,4584180.0,409007.0,42
201400012780,14,8,3,545,1,1,1,5.0,2,42173,M,4582878.0,410363.0,42
201400012781,14,10,7,1930,3,1,1,1.0,5,42005,M,4555491.0,425789.0,42
201400012782,14,11,27,1830,3,1,1,1.0,1,42255,M,4587652.0,388719.0,42
201400012783,14,4,5,315,3,1,1,1.0,7,78591,M,0.0,0.0,78
201400012784,14,8,30,1845,3,1,1,1.0,1,78474,M,0.0,0.0,78
201400012785,14,9,20,915,1,1,1,1.0,3,78192,M,0.0,0.0,78
201400012786,14,12,3,800,1,1,1,1.0,6,78291,M,0.0,0.0,78
201400012787,14,5,11,600,3,1,1,1.0,6,38048,M,0.0,0.0,38
201400012788,14,10,11,15,5,2,1,3.0,1,38553,M,0.0,0.0,38
201400012789,14,1,14,915,1,1,1,1.0,2,13113,M,0.0,0.0,13
201400012790,14,4,16,1445,1,1,1,1.0,6,13048,M,0.0,0.0,13
201400012791,14,5,9,1415,1,1,1,1.0,6,13001,M,0.0,0.0,13
201400012792,14,9,3,1130,1,1,1,1.0,2,13074,M,0.0,0.0,13
201400012793,14,9,27,1045,1,1,1,1.0,6,13113,M,0.0,0.0,13
201400012794,14,2,8,530,3,1,1,2.0,1,18167,M,0.0,0.0,18
201400012795,14,6,29,815,1,1,1,1.0,6,18190,M,0.0,0.0,18
201400012796,14,6,30,1030,1,1,1,1.0,3,18279,M,4727272.0,204265.0,18
201400012797,14,7,3,230,3,1,1,1.0,6,18138,M,0.0,0.0,18
201400012798,14,7,21,630,2,1,1,1.0,2,18096,M,0.0,0.0,18
201400012799,14,8,6,745,1,1,1,1.0,2,18190,M,0.0,0.0,18
201400012800,14,9,6,715,1,1,1,1.0,6,18190,M,0.0,0.0,18
201400012801,14,12,11,2210,3,1,1,2.0,3,18214,M,0.0,0.0,18
201400012802,14,6,17,1300,1,1,1,1.0,3,34333,M,0.0,0.0,34
201400012803,14,6,19,1545,1,2,6,1.0,7,34337,M,4388800.0,342700.0,34
201400012804,14,7,3,900,1,1,1,1.0,7,34337,M,4391700.0,338700.0,34
201400012805,14,8,12,1800,1,1,6,1.0,3,34337,M,4389900.0,349700.0,34
201400012806,14,8,15,1545,1,1,1,1.0,1,34333,M,0.0,0.0,34
201400012807,14,8,24,1400,1,1,6,1.0,4,34337,M,4354035.0,389723.0,34
201400012808,14,12,6,1030,1,1,1,2.0,1,34337,M,0.0,0.0,34
201400012809,14,12,6,1300,2,1,1,3.0,4,34333,M,0.0,0.0,34
201400012810,14,10,8,945,1,1,1,1.0,7,05059,M,4454928.0,602425.0,05
201400012811,14,2,2,645,3,1,1,4.0,6,01067,M,4611500.0,548968.0,01
201400012812,14,2,20,830,1,1,1,5.0,6,01307,M,4617020.0,556052.0,01
201400012813,14,3,23,1115,1,1,1,4.0,2,01274,M,4616130.0,565188.0,01
201400012814,14,5,14,945,1,1,1,8.0,6,01283,M,4622160.0,561202.0,01
201400012815,14,5,29,1145,1,1,1,1.0,2,01274,M,4616160.0,565240.0,01
201400012816,14,7,2,1500,1,1,1,1.0,3,01331,M,4610600.0,544997.0,01
201400012817,14,7,8,1600,1,1,1,3.0,6,01373,M,,,01
201400012818,14,7,11,1915,1,1,1,2.0,4,01228,M,4613330.0,552244.0,01
201400012819,14,7,20,1300,1,1,1,3.0,2,01373,M,4612710.0,557646.0,01
201400012820,14,8,7,830,3,1,1,1.0,7,01237,M,,,01
201400012821,14,12,27,1315,1,1,1,1.0,3,01303,M,4609720.0,542618.0,01
201400012822,14,1,26,1600,1,1,2,8.0,5,14008,M,4927560.0,-49306.0,14
201400012823,14,1,8,745,1,2,1,1.0,6,13044,M,0.0,0.0,13
201400012824,14,3,27,830,1,1,1,1.0,6,13069,M,0.0,0.0,13
201400012825,14,7,13,900,1,1,6,1.0,3,13069,M,0.0,0.0,13
201400012826,14,8,18,15,3,1,1,1.0,3,13051,M,0.0,0.0,13
201400012827,14,9,2,1815,1,1,1,1.0,7,13051,M,0.0,0.0,13
201400012828,14,10,6,1815,1,1,1,1.0,1,13044,M,0.0,0.0,13
201400012829,14,10,20,645,2,1,2,1.0,3,13069,M,4357174.0,536050.0,13
201400012830,14,8,8,1045,1,1,1,1.0,1,05085,M,4492671.0,669707.0,05
201400012831,14,8,9,1245,1,2,1,1.0,3,05085,M,4492782.0,671104.0,05
201400012832,14,4,26,1115,1,1,1,1.0,2,03021,M,4612700.0,312100.0,03
201400012833,14,6,21,830,1,1,1,1.0,6,03277,M,4630600.0,302400.0,03
201400012834,14,7,31,745,1,1,1,1.0,2,03175,M,4625500.0,308700.0,03
201400012835,14,8,17,915,1,1,1,1.0,7,03277,M,4629200.0,304400.0,03
201400012836,14,9,29,1115,1,1,1,2.0,6,03118,M,4610500.0,314100.0,03
201400012837,14,12,15,1745,3,1,1,1.0,2,03243,M,0.0,0.0,03
201400012838,14,3,10,2000,3,1,1,1.0,2,63113,M,4577600.0,314100.0,63
201400012839,14,4,12,1800,1,1,1,1.0,2,63278,M,4592900.0,314400.0,63
201400012840,14,4,15,1745,1,1,1,1.0,2,63113,M,4581000.0,314000.0,63
201400012841,14,8,17,2215,3,1,1,1.0,3,63300,M,0.0,0.0,63
201400012842,14,5,18,30,5,2,1,1.0,6,06084,M,0.0,0.0,06
201400012843,14,8,19,715,1,1,1,1.0,2,49127,M,4768986.0,-25021.0,49
201400012844,14,9,12,1545,1,1,1,1.0,3,49110,M,4751751.0,-40867.0,49
201400012845,14,10,6,1715,1,1,1,2.0,6,49018,M,4756379.0,-9877.0,49
201400012846,14,10,28,445,3,1,1,5.0,6,49174,M,4765392.0,-27298.0,49
201400012847,14,11,12,1130,1,1,2,7.0,3,49018,M,4756992.0,-9584.0,49
201400012848,14,12,3,1615,1,2,1,8.0,1,49018,M,4754785.0,-10651.0,49
201400012849,14,7,22,1545,1,1,1,1.0,6,40168,M,4380803.0,-119876.0,40
201400012850,14,11,7,1700,2,1,1,2.0,2,40261,M,4370060.0,-122868.0,40
201400012851,14,11,14,1545,1,1,1,2.0,1,40261,M,4369573.0,-123108.0,40
201400012852,14,1,5,2115,3,1,1,8.0,1,40156,M,4427577.0,-89481.0,40
201400012853,14,2,16,2015,3,1,1,1.0,5,40210,M,4409922.0,-99509.0,40
201400012854,14,2,28,1700,1,1,1,4.0,5,40094,M,4415092.0,-96179.0,40
201400012855,14,2,28,1700,1,1,1,4.0,5,40094,M,4415132.0,-96127.0,40