Num_Acc,an,mois,jour,hrmn,lum,agg,int,atm,col,com,gps,lat,long,dep
201400012856,14,6,7,1630,1,1,1,1.0,5,40295,M,4435136.0,-85758.0,40
201400012857,14,8,21,1830,1,1,1,1.0,6,40134,M,4422989.0,-91211.0,40
201400012858,14,3,28,1445,1,2,2,1.0,3,63198,M,0.0,0.0,63
201400012859,14,6,6,800,1,1,1,1.0,6,63349,M,4595400.0,285200.0,63
201400012860,14,8,10,1915,1,1,1,1.0,1,63004,M,0.0,0.0,63
201400012861,14,11,1,1445,1,1,1,1.0,7,63198,M,0.0,0.0,63
201400012862,14,11,22,800,1,1,1,1.0,1,63464,M,4598600.0,291800.0,63
201400012863,14,12,20,551,5,2,1,1.0,3,10060,M,4825165.0,409894.0,10
201400012864,14,12,13,1635,2,2,1,1.0,4,10387,M,4830403.0,408754.0,10
201400012865,14,1,15,2050,3,1,1,2.0,6,10357,M,4830668.0,410169.0,10
201400012866,14,1,21,1845,3,1,1,2.0,2,10362,M,,,10
201400012867,14,1,17,1610,1,2,1,1.0,3,10387,M,4829136.0,407428.0,10
201400012868,14,1,30,1320,1,2,1,1.0,6,10387,M,4828233.0,407928.0,10
201400012869,14,1,6,1700,2,2,1,8.0,3,10387,M,,,10
201400012870,14,1,24,1410,1,2,4,1.0,6,10297,M,4832859.0,410933.0,10
201400012871,14,1,26,1850,5,2,1,2.0,6,10387,M,4828166.0,407019.0,10
201400012872,14,1,14,1840,5,2,1,2.0,6,10387,M,4829209.0,407457.0,10
201400012873,14,2,12,1355,1,2,3,1.0,6,10387,M,4827860.0,406609.0,10
201400012874,14,12,22,1824,5,2,1,1.0,6,10387,M,,,10
201400012875,14,1,28,2139,5,2,6,1.0,3,10387,M,4828990.0,406707.0,10
201400012876,14,3,6,600,5,2,3,1.0,2,10387,M,4829131.0,407088.0,10
201400012877,14,3,11,1119,1,2,6,1.0,3,10387,M,4829001.0,406742.0,10
201400012878,14,2,19,1200,1,2,1,1.0,7,10357,M,4829231.0,411996.0,10
201400012879,14,2,28,1128,1,1,1,2.0,1,10357,M,4830274.0,412969.0,10
201400012880,14,3,22,1750,1,2,1,8.0,3,10297,M,4831850.0,410451.0,10
201400012881,14,4,1,840,1,2,1,1.0,6,10387,M,4829548.0,408031.0,10
201400012882,14,4,10,1645,1,2,1,1.0,2,10387,M,4830545.0,408998.0,10
201400012883,14,4,11,1330,1,2,2,1.0,3,10387,M,4828002.0,408743.0,10
201400012884,14,2,24,1456,1,2,1,1.0,6,10387,M,4827016.0,408221.0,10
201400012885,14,4,17,1725,1,2,3,1.0,7,10387,M,,,10
201400012886,14,5,6,555,2,1,1,1.0,7,10325,M,4826749.0,406490.0,10
201400012887,14,3,17,1322,1,2,1,1.0,2,10387,M,4829998.0,408307.0,10
201400012888,14,5,5,1900,1,2,1,1.0,7,10333,M,4828565.0,405286.0,10
201400012889,14,4,19,1250,1,2,2,1.0,3,10387,M,4829671.0,408481.0,10
201400012890,14,5,14,1225,1,2,1,1.0,6,10297,M,4831484.0,409925.0,10
201400012891,14,5,17,2010,1,2,1,1.0,6,10387,M,,,10
201400012892,14,5,21,1500,1,2,3,1.0,3,10387,M,,,10
201400012893,14,5,31,1910,1,2,1,1.0,6,10387,M,,,10
201400012894,14,5,31,1850,1,2,1,1.0,6,10387,M,,,10
201400012895,14,6,10,1227,1,2,2,1.0,3,10387,M,4830430.0,408252.0,10
201400012896,14,6,30,1610,1,2,1,1.0,6,10387,M,4829159.0,407510.0,10
201400012897,14,6,10,1750,1,2,1,1.0,6,10297,M,4831883.0,408705.0,10
201400012898,14,6,27,1820,1,2,1,1.0,6,10387,M,,,10
201400012899,14,7,7,1800,1,2,3,2.0,2,10387,M,4829482.0,406499.0,10
201400012900,14,6,19,1730,1,2,1,1.0,3,10387,M,4827411.0,408037.0,10
201400012901,14,8,20,1235,1,1,1,1.0,1,10357,M,4829552.0,413852.0,10
201400012902,14,8,12,1013,1,2,1,1.0,3,10357,M,4829785.0,412925.0,10
201400012903,14,8,27,1507,1,2,1,1.0,3,10387,M,4829517.0,408185.0,10
201400012904,14,7,16,1725,1,2,1,1.0,6,10387,M,,,10
201400012905,14,9,12,1650,1,2,6,1.0,2,10387,M,4829128.0,408774.0,10
201400012906,14,9,19,1235,1,2,3,1.0,2,10081,M,4832325.0,403230.0,10
201400012907,14,9,12,1125,1,2,2,1.0,3,10387,M,4829689.0,407549.0,10
201400012908,14,10,8,1215,1,2,9,3.0,6,10081,M,4831083.0,403923.0,10
201400012909,14,9,26,1540,1,2,1,1.0,6,10387,M,,,10
201400012910,14,10,8,2008,5,2,1,1.0,6,10387,M,4829307.0,408202.0,10
201400012911,14,10,7,1348,1,2,1,1.0,6,10387,M,4829933.0,408727.0,10
201400012912,14,10,4,2130,5,2,6,1.0,3,10387,M,4829653.0,409410.0,10
201400012913,14,9,24,1550,1,2,1,1.0,6,10387,M,4829689.0,407549.0,10
201400012914,14,9,27,1101,1,2,3,1.0,3,10343,M,4828017.0,409959.0,10
201400012915,14,7,4,1550,1,2,1,8.0,6,10387,M,,,10
201400012916,14,10,3,1725,1,2,1,1.0,1,10081,M,4830624.0,402609.0,10
201400012917,14,9,6,1356,1,2,1,1.0,2,10387,M,4829980.0,407328.0,10
201400012918,14,9,29,1810,1,2,9,1.0,6,10081,M,4831260.0,404901.0,10
201400012919,14,10,14,1915,5,2,1,1.0,6,10333,M,,,10
201400012920,14,10,3,1140,1,2,3,1.0,3,10387,M,4830530.0,407177.0,10
201400012921,14,11,9,1250,1,2,2,1.0,3,10387,M,,,10
201400012922,14,11,14,850,1,2,1,1.0,6,10387,M,4829426.0,408282.0,10
201400012923,14,11,16,730,1,2,1,2.0,2,10297,M,4831499.0,409941.0,10
201400012924,14,10,29,2123,5,2,2,1.0,3,10387,M,4828801.0,407436.0,10
201400012925,14,11,23,330,5,2,1,1.0,7,10325,M,4826946.0,406119.0,10
201400012926,14,11,21,1725,2,2,1,1.0,2,10387,M,4829265.0,408432.0,10
201400012927,14,12,16,1854,5,2,1,1.0,2,10325,M,,,10
201400012928,14,12,8,1929,5,2,6,9.0,3,10387,M,4829501.0,408179.0,10
201400012929,14,12,17,900,5,2,1,3.0,6,10387,M,4829679.0,406772.0,10
201400012930,14,12,12,1716,2,2,2,1.0,3,10387,M,4830388.0,408709.0,10
201400012931,14,5,28,1545,1,1,1,1.0,3,67152,M,0.0,0.0,67
201400012932,14,5,28,1130,1,1,1,1.0,6,67049,M,0.0,0.0,67
201400012933,14,7,22,1715,1,2,1,1.0,2,67124,M,0.0,0.0,67
201400012934,14,9,3,1200,1,2,1,1.0,1,67152,M,0.0,0.0,67
201400012935,14,11,19,2215,3,1,1,1.0,3,67108,M,0.0,0.0,67
201400012936,14,12,15,745,2,2,1,8.0,3,67152,M,0.0,0.0,67
201400012937,14,1,2,1130,1,1,1,8.0,3,67389,M,4865100.0,776200.0,67
201400012938,14,1,22,2315,3,1,1,8.0,6,67296,M,4861500.0,768600.0,67
201400012939,14,2,11,1200,1,2,2,1.0,1,67256,M,0.0,0.0,67
201400012940,14,2,6,1500,1,2,1,7.0,6,67506,M,0.0,0.0,67
201400012941,14,3,22,1315,1,2,1,1.0,6,67343,M,4861000.0,768700.0,67
201400012942,14,4,1,1500,1,1,1,1.0,5,67389,M,4865400.0,773900.0,67
201400012943,14,4,17,1245,1,1,9,1.0,6,67309,M,0.0,0.0,67
201400012944,14,4,30,1530,1,2,1,1.0,6,67326,M,0.0,0.0,67
201400012945,14,5,9,1330,1,2,1,1.0,7,67471,M,0.0,0.0,67
201400012946,14,8,26,1700,1,2,1,2.0,3,67343,M,0.0,0.0,67
201400012947,14,9,19,1345,1,1,9,1.0,2,67309,M,0.0,0.0,67
201400012948,14,10,1,1545,1,2,1,1.0,1,67343,M,0.0,0.0,67
201400012949,14,10,4,1430,1,2,1,1.0,3,67506,M,0.0,0.0,67
201400012950,14,10,9,1630,1,2,3,2.0,3,67309,M,0.0,0.0,67
201400012951,14,11,18,1815,5,2,1,2.0,6,67326,M,0.0,0.0,67
201400012952,14,12,7,1400,1,2,1,1.0,3,67343,M,0.0,0.0,67
201400012953,14,12,16,1045,1,1,1,8.0,6,67119,M,0.0,0.0,67
201400012954,14,1,24,1215,1,2,1,1.0,3,06038,M,4364400.0,698400.0,06
201400012955,14,3,18,1530,5,2,1,1.0,3,06105,M,0.0,0.0,06
201400012956,14,6,29,1045,1,2,1,1.0,1,06112,M,0.0,0.0,06
201400012957,14,7,22,1545,1,2,1,1.0,3,06038,M,0.0,0.0,06
201400012958,14,8,14,1645,1,1,1,1.0,2,06105,M,0.0,0.0,06
201400012959,14,9,13,1815,1,1,1,1.0,1,06148,M,0.0,0.0,06
201400012960,14,10,21,30,5,1,1,1.0,7,06038,M,0.0,0.0,06
201400012961,14,11,1,800,1,2,1,1.0,3,06148,M,0.0,0.0,06
201400012962,14,4,30,1800,1,1,1,3.0,7,65394,M,0.0,0.0,65
201400012963,14,5,11,2145,3,1,1,1.0,2,65356,M,0.0,0.0,65
201400012964,14,7,20,800,1,1,1,1.0,2,65394,M,0.0,0.0,65
201400012965,14,9,5,1545,1,1,1,1.0,2,65394,M,0.0,0.0,65
201400012966,14,9,21,1130,1,1,9,1.0,6,64238,M,0.0,0.0,64
201400012967,14,10,18,630,3,1,1,1.0,2,65389,M,0.0,0.0,65
201400012968,14,12,22,1830,3,1,1,1.0,3,65356,M,0.0,0.0,65
201400012969,14,1,22,700,3,1,1,1.0,6,02399,M,0.0,0.0,02
201400012970,14,8,9,1115,1,1,1,1.0,6,02157,M,0.0,0.0,02
201400012971,14,3,8,1830,1,1,1,1.0,1,38193,M,4561082.0,524594.0,38
201400012972,14,7,2,715,1,1,1,2.0,1,38530,M,0.0,0.0,38
201400012973,14,9,17,1230,1,1,1,1.0,5,38530,M,0.0,0.0,38
201400012974,14,10,5,1530,1,1,1,1.0,6,38530,M,0.0,0.0,38
201400012975,14,11,8,1500,2,2,1,1.0,3,38193,M,0.0,0.0,38
201400012976,14,12,3,1800,3,1,1,8.0,2,03158,M,4651100.0,264000.0,03
201400012977,14,3,6,1615,1,1,1,1.0,6,05173,M,4430927.0,590003.0,05
201400012978,14,4,26,1300,1,1,1,1.0,6,05173,M,4434138.0,590344.0,05
201400012979,14,5,15,1330,1,1,1,1.0,6,04049,M,0.0,0.0,04
201400012980,14,7,15,830,1,1,1,1.0,7,04242,M,0.0,0.0,04
201400012981,14,9,29,1045,2,1,1,2.0,3,60040,M,0.0,0.0,60
201400012982,14,11,14,1600,1,2,1,2.0,1,29019,M,4838666.0,-449666.0,29
201400012983,14,3,10,845,1,1,1,1.0,6,10162,M,4821136.0,424243.0,10
201400012984,14,5,8,1145,1,1,1,8.0,6,10045,M,4816908.0,447972.0,10
201400012985,14,7,6,1715,1,1,1,3.0,2,10076,M,4813805.0,463543.0,10
201400012986,14,7,22,1445,1,1,1,1.0,5,10110,M,4827457.0,420220.0,10
201400012987,14,7,24,1415,1,1,1,1.0,2,10216,M,4865508.0,417489.0,10
201400012988,14,5,19,800,1,1,1,2.0,3,13113,M,0.0,0.0,13
201400012989,14,6,1,1415,1,1,1,1.0,3,13113,M,0.0,0.0,13
201400012990,14,7,27,630,1,1,1,1.0,1,13080,M,0.0,0.0,13
201400012991,14,7,24,1815,1,1,1,1.0,1,13113,M,0.0,0.0,13
201400012992,14,3,14,1430,1,1,1,1.0,3,73082,M,0.0,0.0,73
201400012993,14,4,19,1530,1,1,1,1.0,6,73118,M,0.0,0.0,73
201400012994,14,6,2,500,2,1,1,1.0,7,73183,M,0.0,0.0,73
201400012995,14,9,12,930,1,1,1,1.0,7,73007,M,0.0,0.0,73
201400012996,14,11,20,1745,3,1,1,1.0,4,73213,M,0.0,0.0,73
201400012997,14,1,26,1845,3,1,1,8.0,1,38033,M,4517237.0,538496.0,38
201400012998,14,2,1,415,3,1,1,1.0,6,38416,M,0.0,0.0,38
201400012999,14,3,26,1400,1,1,1,1.0,6,38454,M,0.0,0.0,38
201400013000,14,9,10,1645,1,1,1,1.0,1,38004,M,4520854.0,545476.0,38
201400013001,14,10,31,1130,3,1,1,1.0,7,38450,M,4535000.0,556400.0,38
201400013002,14,1,3,1915,5,2,9,1.0,6,35352,M,4804532.0,-160508.0,35
201400013003,14,1,5,1930,3,1,1,2.0,1,35206,M,4804160.0,-167532.0,35
201400013004,14,1,6,1815,5,1,1,8.0,4,35352,M,4804462.0,-161026.0,35
201400013005,14,1,8,745,3,1,3,5.0,1,35032,M,4799950.0,-160075.0,35
201400013006,14,2,15,945,1,1,1,1.0,2,35352,M,0.0,0.0,35
201400013007,14,4,6,230,3,1,1,1.0,6,35352,M,0.0,0.0,35
201400013008,14,5,27,1745,1,2,1,1.0,4,35206,M,4804435.0,-166334.0,35
201400013009,14,9,20,1545,1,1,1,1.0,2,35352,M,4803339.0,-160026.0,35
201400013010,14,10,20,800,2,1,1,1.0,7,35352,M,4807449.0,-162790.0,35
201400013011,14,12,8,1615,1,1,1,1.0,1,35206,M,4804333.0,-166567.0,35
201400013012,14,1,3,1315,1,1,1,1.0,6,67472,M,0.0,0.0,67
201400013013,14,2,21,1200,1,1,1,1.0,7,67356,M,0.0,0.0,67
201400013014,14,4,9,630,2,1,1,1.0,2,67140,M,0.0,0.0,67
201400013015,14,4,16,1030,1,1,1,1.0,7,67194,M,0.0,0.0,67
201400013016,14,5,14,200,3,1,1,2.0,7,67506,M,0.0,0.0,67
201400013017,14,6,18,900,1,1,1,1.0,4,67156,M,0.0,0.0,67
201400013018,14,7,15,1715,1,1,1,1.0,7,67237,M,0.0,0.0,67
201400013019,14,8,1,645,1,1,1,1.0,6,67194,M,0.0,0.0,67
201400013020,14,11,24,1045,1,1,1,1.0,7,67463,M,0.0,0.0,67
201400013021,14,2,13,1645,1,1,1,1.0,1,62397,M,5085904.0,189320.0,62
201400013022,14,7,21,330,4,2,1,2.0,6,62769,M,5090534.0,185661.0,62
201400013023,14,1,27,1340,1,2,1,2.0,6,11069,M,4322053.0,236287.0,11
201400013024,14,2,7,830,1,1,1,1.0,7,11069,M,4322591.0,229094.0,11
201400013025,14,2,16,210,5,2,1,2.0,6,11069,M,4321115.0,236092.0,11
201400013026,14,4,2,1800,1,1,1,1.0,3,11069,M,4321340.0,228442.0,11
201400013027,14,1,13,1524,1,1,1,1.0,7,11069,M,4319228.0,233950.0,11
201400013028,14,1,16,509,3,1,1,1.0,6,11069,M,4322478.0,238059.0,11
201400013029,14,1,16,2333,4,1,1,1.0,7,11069,M,,,11
201400013030,14,1,17,1057,1,2,1,1.0,2,11069,M,4321112.0,235538.0,11
201400013031,14,1,22,1222,1,1,1,1.0,7,11069,M,,,11
201400013032,14,1,23,712,2,1,1,1.0,1,11069,M,4319961.0,235274.0,11
201400013033,14,1,23,1452,1,1,1,1.0,3,11069,M,4321243.0,232848.0,11
201400013034,14,8,26,1025,1,2,1,1.0,7,11069,M,4321919.0,234378.0,11
201400013035,14,1,25,1350,1,1,1,1.0,3,11069,M,4320946.0,232362.0,11
201400013036,14,1,26,1604,1,2,1,1.0,7,11069,M,4321532.0,235304.0,11
201400013037,14,1,31,2333,3,1,1,1.0,7,11069,M,4320427.0,241224.0,11
201400013038,14,2,3,755,2,1,1,1.0,6,11069,M,4321343.0,230728.0,11
201400013039,14,2,4,1402,1,2,1,1.0,6,11069,M,,,11
201400013040,14,2,4,1756,1,2,1,1.0,1,11069,M,4322494.0,234521.0,11
201400013041,14,2,5,1854,1,2,1,1.0,3,11069,M,4321093.0,233924.0,11
201400013042,14,2,7,1700,1,1,1,1.0,7,11069,M,4320123.0,231497.0,11
201400013043,14,2,10,1233,1,1,1,1.0,7,11069,M,4323623.0,236909.0,11
201400013044,14,2,15,1506,1,2,1,1.0,3,11069,M,4321553.0,235313.0,11
201400013045,14,2,17,900,1,1,1,1.0,1,11069,M,4318041.0,241035.0,11
201400013046,14,2,17,1703,1,2,1,1.0,3,11069,M,4322627.0,233109.0,11
201400013047,14,2,18,725,2,2,1,1.0,7,11069,M,4322621.0,229013.0,11
201400013048,14,2,18,1736,1,2,1,1.0,6,11069,M,4321790.0,234489.0,11
201400013049,14,2,19,1455,1,2,1,1.0,4,11069,M,4320347.0,233422.0,11
201400013050,14,3,7,1115,1,2,1,1.0,2,11069,M,4320905.0,237920.0,11
201400013051,14,3,12,1921,2,2,1,1.0,4,11069,M,4320828.0,231993.0,11
201400013052,14,3,14,500,3,2,1,1.0,7,11069,M,4320480.0,239939.0,11
201400013053,14,3,14,1948,3,2,1,1.0,1,11069,M,4321947.0,230349.0,11
201400013054,14,3,15,2118,3,2,1,1.0,2,11069,M,4320495.0,240555.0,11
201400013055,14,3,18,735,1,2,1,1.0,6,11069,M,4321351.0,234673.0,11
201400013056,14,3,22,2002,2,2,1,1.0,6,11069,M,4321732.0,235265.0,11
201400013057,14,4,1,755,1,2,1,1.0,1,11069,M,4319255.0,234068.0,11
201400013058,14,4,3,1035,1,2,1,1.0,2,11069,M,,,11
201400013059,14,4,8,1754,1,2,1,1.0,3,11069,M,4321034.0,234892.0,11
201400013060,14,4,11,1609,1,2,1,1.0,2,11069,M,4320891.0,237609.0,11
201400013061,14,4,12,1104,1,2,1,1.0,6,11069,M,4322275.0,235465.0,11
201400013062,14,4,14,751,1,2,1,1.0,3,11069,M,4319729.0,235789.0,11
201400013063,14,4,15,1750,1,2,1,1.0,2,11069,M,4322863.0,233870.0,11
201400013064,14,4,15,2239,2,2,1,1.0,3,11069,M,4321559.0,235707.0,11
201400013065,14,4,17,2035,1,2,1,1.0,6,11069,M,4321642.0,235147.0,11
201400013066,14,4,18,952,1,2,1,1.0,6,11069,M,4320785.0,238162.0,11
201400013067,14,4,19,1755,1,2,1,1.0,3,11069,M,4320976.0,230673.0,11
201400013068,14,4,24,1648,1,2,1,1.0,2,11069,M,4320813.0,238964.0,11
201400013069,14,4,26,1105,1,2,1,1.0,6,11069,M,,,11
201400013070,14,4,27,2100,2,2,1,1.0,7,11069,M,4320683.0,235995.0,11
201400013071,14,4,30,1550,1,1,1,1.0,3,11069,M,4321340.0,230403.0,11
201400013072,14,5,3,1612,1,2,1,1.0,5,11069,M,4319402.0,234175.0,11
201400013073,14,5,4,1404,1,2,1,1.0,3,11069,M,4321720.0,234206.0,11
201400013074,14,5,4,2050,2,2,1,1.0,3,11069,M,4320927.0,236810.0,11
201400013075,14,5,6,1430,1,1,1,1.0,1,11069,M,4322808.0,239376.0,11
201400013076,14,5,12,1516,1,2,1,1.0,2,11069,M,4320827.0,232004.0,11
201400013077,14,5,12,1706,1,2,1,1.0,2,11069,M,,,11
201400013078,14,5,13,130,3,2,1,2.0,7,11069,M,4321992.0,230227.0,11
201400013079,14,5,16,1214,1,2,1,1.0,3,11069,M,4321119.0,237602.0,11
201400013080,14,5,16,1815,1,2,1,1.0,1,11069,M,4321112.0,236973.0,11
201400013081,14,5,17,1739,1,2,1,1.0,7,11069,M,4322922.0,239027.0,11
201400013082,14,5,22,450,2,2,1,1.0,7,11069,M,4320921.0,236787.0,11
201400013083,14,5,22,1828,1,2,1,1.0,2,11069,M,4322528.0,234499.0,11
201400013084,14,5,23,1713,1,2,1,1.0,7,11069,M,4319260.0,233926.0,11
201400013085,14,5,24,1818,1,2,1,1.0,1,11069,M,4319957.0,236542.0,11
201400013086,14,5,28,150,3,2,1,1.0,7,11069,M,4321324.0,234506.0,11
201400013087,14,5,30,1842,2,2,1,1.0,7,11069,M,4322092.0,235938.0,11
201400013088,14,5,31,1219,1,2,1,1.0,6,11069,M,4320821.0,232828.0,11
201400013089,14,6,6,1351,1,2,1,1.0,1,11069,M,4322340.0,235408.0,11
201400013090,14,6,8,1030,1,2,1,1.0,3,11069,M,4321756.0,235319.0,11
201400013091,14,6,8,2207,1,2,1,1.0,3,11069,M,4321415.0,235702.0,11
201400013092,14,6,9,1731,1,2,1,1.0,6,11069,M,4322630.0,236433.0,11
201400013093,14,6,11,832,1,2,1,1.0,2,11069,M,4320882.0,236922.0,11
201400013094,14,6,11,2017,1,2,1,1.0,6,11069,M,4321637.0,235408.0,11
201400013095,14,6,13,1858,1,2,1,1.0,7,11069,M,4320455.0,241018.0,11
201400013096,14,6,13,1947,1,2,1,1.0,3,11069,M,4321196.0,235049.0,11
201400013097,14,6,24,1429,1,2,1,1.0,3,11069,M,4321197.0,237391.0,11
201400013098,14,7,1,1125,1,2,1,1.0,1,11069,M,4321498.0,234102.0,11
201400013099,14,7,4,910,1,1,1,2.0,6,11069,M,4321954.0,238055.0,11
201400013100,14,7,5,1650,1,2,9,1.0,3,11069,M,4321426.0,235478.0,11
201400013101,14,7,7,1540,1,2,1,1.0,2,11069,M,4321645.0,235207.0,11
201400013102,14,7,10,2102,2,1,1,1.0,7,11069,M,4319951.0,236557.0,11
201400013103,14,7,19,1718,1,2,1,1.0,2,11069,M,4321343.0,235548.0,11
201400013104,14,7,23,1525,1,1,1,1.0,6,11069,M,,,11
201400013105,14,7,24,1900,1,1,1,1.0,7,11069,M,4318742.0,240284.0,11
201400013106,14,8,2,150,4,2,1,2.0,7,11069,M,4321266.0,235203.0,11
201400013107,14,8,6,1617,1,2,1,1.0,3,11069,M,4320427.0,238703.0,11
201400013108,14,8,10,330,3,2,1,1.0,7,11069,M,,,11
201400013109,14,8,13,1135,1,2,1,1.0,6,11069,M,4321931.0,235456.0,11
201400013110,14,8,14,1330,1,2,1,1.0,6,11069,M,4320377.0,238097.0,11
201400013111,14,8,16,1756,1,2,1,1.0,2,11069,M,,,11
201400013112,14,8,18,1049,1,2,1,1.0,3,11069,M,4319888.0,235804.0,11
201400013113,14,8,21,2315,3,1,1,1.0,1,11069,M,,,11
201400013114,14,8,23,555,3,1,1,1.0,6,11069,M,4321374.0,229118.0,11
201400013115,14,8,23,2140,2,2,1,1.0,2,11069,M,,,11
201400013116,14,8,25,1026,1,2,1,1.0,2,11069,M,4320943.0,233890.0,11
201400013117,14,8,25,1243,1,2,1,1.0,3,11069,M,4322746.0,235365.0,11
201400013118,14,8,27,900,1,2,1,1.0,7,11069,M,,,11
201400013119,14,8,29,941,1,2,1,1.0,3,11069,M,4320645.0,233471.0,11
201400013120,14,8,29,1232,1,2,1,1.0,5,11069,M,,,11
201400013121,14,9,1,941,1,2,1,1.0,2,11069,M,4322139.0,232424.0,11
201400013122,14,9,2,2108,1,2,1,1.0,2,11069,M,4321617.0,236375.0,11
201400013123,14,9,3,1828,1,2,1,1.0,6,11069,M,4321361.0,235180.0,11
201400013124,14,9,8,16,3,2,1,1.0,7,11069,M,4322633.0,235840.0,11
201400013125,14,9,9,855,1,2,1,1.0,6,11069,M,4321487.0,236746.0,11
201400013126,14,9,12,759,1,2,1,1.0,6,11069,M,4321962.0,234394.0,11
201400013127,14,9,12,1045,1,2,1,1.0,2,11069,M,4320361.0,233418.0,11
201400013128,14,9,12,2232,3,2,1,1.0,1,11069,M,4320746.0,230395.0,11
201400013129,14,9,26,945,1,2,1,1.0,6,11069,M,4321032.0,234898.0,11
201400013130,14,9,26,1617,1,2,1,1.0,2,11069,M,4322353.0,233538.0,11
201400013131,14,10,8,846,1,2,1,1.0,6,11069,M,4321115.0,234497.0,11
201400013132,14,10,11,1602,1,2,1,1.0,6,11069,M,4321154.0,235349.0,11
201400013133,14,10,13,1807,1,1,1,1.0,7,11069,M,4322625.0,228989.0,11
201400013134,14,10,19,1919,2,1,1,1.0,7,11069,M,4320395.0,231223.0,11
201400013135,14,11,1,155,5,2,1,1.0,7,11069,M,4321464.0,234729.0,11
201400013136,14,11,3,1415,1,2,1,1.0,7,11069,M,4321213.0,233817.0,11
201400013137,14,11,4,1758,2,2,1,1.0,7,11069,M,4320835.0,238523.0,11
201400013138,14,11,7,2045,2,2,1,1.0,7,11069,M,4322403.0,235390.0,11
201400013139,14,11,12,1815,2,2,1,1.0,3,11069,M,4319290.0,233613.0,11
201400013140,14,11,13,1553,1,2,1,1.0,3,11069,M,4321112.0,234856.0,11
201400013141,14,11,21,1513,1,2,1,1.0,6,11069,M,4321490.0,235113.0,11
201400013142,14,11,25,854,1,2,1,1.0,4,11069,M,4321648.0,235059.0,11
201400013143,14,11,26,1520,1,2,1,1.0,3,11069,M,4321337.0,234836.0,11
201400013144,14,11,27,907,1,2,1,1.0,3,11069,M,4322663.0,235895.0,11
201400013145,14,12,7,543,2,2,1,1.0,7,11069,M,4321240.0,234498.0,11
201400013146,14,12,9,1000,1,2,1,1.0,3,11069,M,4321135.0,232651.0,11
201400013147,14,12,9,1054,1,2,1,1.0,5,11069,M,4320117.0,231249.0,11
201400013148,14,12,12,1610,1,2,1,1.0,2,11069,M,4321145.0,234503.0,11
201400013149,14,12,19,1810,2,2,1,1.0,3,11069,M,4320907.0,232498.0,11
201400013150,14,12,21,1326,1,2,1,1.0,1,11069,M,4320733.0,237117.0,11
201400013151,14,12,22,1234,1,2,1,1.0,3,11069,M,4321561.0,235835.0,11
201400013152,14,1,2,1645,1,1,1,1.0,6,31232,M,0.0,0.0,31
201400013153,14,2,20,1245,1,1,1,1.0,2,31216,M,0.0,0.0,31
201400013154,14,2,28,1330,1,1,1,4.0,1,31228,M,0.0,0.0,31
201400013155,14,3,20,1430,3,1,1,1.0,4,31094,M,0.0,0.0,31
201400013156,14,6,7,645,1,1,1,1.0,2,31118,M,4376399.0,138542.0,31
201400013157,14,7,7,1600,1,1,1,2.0,1,31091,M,4371697.0,139952.0,31
201400013158,14,8,1,800,1,1,1,1.0,1,31117,M,0.0,0.0,31
201400013159,14,9,2,1015,1,1,1,1.0,2,31467,M,0.0,0.0,31
201400013160,14,12,26,2030,3,1,1,2.0,6,31091,M,4373539.0,139527.0,31
201400013161,14,6,2,45,3,1,1,1.0,7,77306,M,4858600.0,268600.0,77
201400013162,14,8,2,615,2,1,1,1.0,6,77279,M,4815200.0,295500.0,77
201400013163,14,9,15,800,1,1,1,1.0,6,77453,M,4872100.0,240400.0,77
201400013164,14,12,31,200,3,1,1,1.0,7,77034,M,4893100.0,228000.0,77
201400013165,14,1,7,1205,1,2,2,1.0,3,11262,M,4318077.0,300482.0,11
201400013166,14,1,10,1045,1,2,1,1.0,6,11262,M,4318263.0,299759.0,11
201400013167,14,1,22,500,3,2,1,1.0,6,11262,M,,,11
201400013168,14,11,16,1740,2,2,1,1.0,6,11262,M,4318110.0,300445.0,11
201400013169,14,2,8,1420,1,2,1,1.0,4,11262,M,,,11
201400013170,14,2,10,750,1,2,2,1.0,3,11262,M,4317716.0,300467.0,11
201400013171,14,2,21,850,1,2,1,1.0,6,11262,M,4318258.0,299771.0,11
201400013172,14,3,7,1755,1,2,3,1.0,3,11262,M,4318703.0,301578.0,11
201400013173,14,3,16,405,5,2,1,6.0,6,11262,M,4317559.0,301029.0,11
201400013174,14,5,23,745,1,2,1,1.0,2,11262,M,,,11
201400013175,14,3,16,430,2,2,1,1.0,3,11262,M,4318748.0,300198.0,11
201400013176,14,1,17,1053,1,2,1,1.0,6,11262,M,4318477.0,299872.0,11
201400013177,14,2,14,1845,5,2,1,1.0,1,11262,M,4318116.0,300441.0,11
201400013178,14,3,19,1715,1,2,2,1.0,3,11262,M,4318657.0,299769.0,11
201400013179,14,3,22,1530,1,2,1,1.0,6,11262,M,4319335.0,298062.0,11
201400013180,14,1,19,2040,4,2,1,1.0,2,11262,M,,,11