Num_Acc,an,mois,jour,hrmn,lum,agg,int,atm,col,com,gps,lat,long,dep
201400013181,14,3,27,1435,1,2,1,1.0,6,11262,M,4318076.0,299955.0,11
201400013182,14,1,22,925,1,2,1,1.0,7,11262,M,,,11
201400013183,14,1,22,1520,1,2,3,1.0,3,11262,M,,,11
201400013184,14,4,19,805,1,2,2,1.0,3,11262,M,4318972.0,302426.0,11
201400013185,14,1,25,1930,5,2,1,1.0,6,11262,M,4317083.0,298986.0,11
201400013186,14,5,5,1445,1,2,1,1.0,6,11262,M,4318186.0,300430.0,11
201400013187,14,1,28,1110,1,2,1,1.0,6,11262,M,4316964.0,298844.0,11
201400013188,14,5,10,2135,5,2,1,1.0,2,11262,M,4318211.0,299141.0,11
201400013189,14,5,11,1630,1,2,1,1.0,6,11262,M,4318421.0,301256.0,11
201400013190,14,5,8,1645,1,2,1,1.0,6,11262,M,4318068.0,302488.0,11
201400013191,14,2,14,1716,1,2,1,1.0,3,11262,M,,,11
201400013192,14,5,24,1100,1,2,1,1.0,6,11262,M,4318315.0,300475.0,11
201400013193,14,5,4,1230,1,2,1,6.0,3,11262,M,4318129.0,297383.0,11
201400013194,14,2,24,1020,1,2,2,1.0,3,11262,M,,,11
201400013195,14,5,24,711,1,2,1,1.0,3,11262,M,4318684.0,299119.0,11
201400013196,14,6,29,1700,1,2,6,1.0,6,11262,M,4318583.0,299268.0,11
201400013197,14,5,16,1704,1,2,1,1.0,6,11262,M,4318081.0,300981.0,11
201400013198,14,2,26,823,1,2,1,1.0,2,11262,M,4317207.0,299063.0,11
201400013199,14,7,6,1915,1,2,1,1.0,2,11262,M,4317825.0,299501.0,11
201400013200,14,7,21,2010,2,2,1,7.0,6,11262,M,4318086.0,300995.0,11
201400013201,14,3,5,1415,1,2,3,1.0,3,11262,M,4319466.0,301042.0,11
201400013202,14,7,31,2050,1,2,3,1.0,3,11262,M,4319640.0,301758.0,11
201400013203,14,8,5,1615,1,2,1,1.0,3,11262,M,4318077.0,300490.0,11
201400013204,14,8,13,1140,1,2,1,1.0,2,11262,M,4318288.0,300769.0,11
201400013205,14,8,18,1419,1,2,1,1.0,4,11262,M,4317508.0,300333.0,11
201400013206,14,8,12,1245,1,2,1,1.0,2,11262,M,4318150.0,303005.0,11
201400013207,14,9,12,1225,1,2,1,1.0,7,11262,M,4317841.0,302155.0,11
201400013208,14,3,15,835,1,2,1,1.0,3,11262,M,4318556.0,298726.0,11
201400013209,14,9,5,1150,1,2,1,1.0,7,11262,M,4320075.0,301224.0,11
201400013210,14,9,18,915,1,2,1,1.0,6,11262,M,4318839.0,300429.0,11
201400013211,14,9,21,2300,5,2,1,1.0,7,11262,M,4318268.0,302003.0,11
201400013212,14,9,25,2300,5,2,6,1.0,6,11262,M,4319476.0,301042.0,11
201400013213,14,9,26,2250,5,2,6,1.0,5,11262,M,4318247.0,299761.0,11
201400013214,14,9,29,755,1,2,1,1.0,6,11262,M,4318821.0,300417.0,11
201400013215,14,3,22,1515,1,2,2,1.0,3,11262,M,4318127.0,299325.0,11
201400013216,14,3,24,1745,1,1,1,1.0,4,11262,M,4317435.0,297458.0,11
201400013217,14,10,7,1735,1,2,1,1.0,6,11262,M,4318289.0,300767.0,11
201400013218,14,3,26,1910,2,2,6,1.0,3,11262,M,4318698.0,303136.0,11
201400013219,14,10,15,1020,1,2,1,1.0,6,11262,M,4318269.0,299256.0,11
201400013220,14,10,25,1610,1,2,1,1.0,6,11262,M,4317962.0,299466.0,11
201400013221,14,4,4,930,1,2,3,2.0,3,11262,M,4315717.0,296739.0,11
201400013222,14,4,4,830,1,2,1,1.0,6,11262,M,4318568.0,298269.0,11
201400013223,14,4,5,1020,1,2,1,1.0,6,11262,M,4318538.0,297935.0,11
201400013224,14,4,5,1230,1,2,1,1.0,7,11262,M,4318049.0,302509.0,11
201400013225,14,4,9,1845,1,2,1,1.0,6,11262,M,4317559.0,299973.0,11
201400013226,14,12,5,1150,1,2,1,2.0,7,11262,M,4318372.0,301424.0,11
201400013227,14,12,31,1534,1,2,1,7.0,6,11262,M,4318547.0,300001.0,11
201400013228,14,4,17,1535,1,2,1,1.0,4,11262,M,4317209.0,299063.0,11
201400013229,14,4,25,2020,1,2,1,1.0,6,11262,M,4318071.0,300469.0,11
201400013230,14,4,27,1726,1,2,1,1.0,7,11262,M,4318313.0,297312.0,11
201400013231,14,4,28,1635,1,2,1,1.0,6,11262,M,4318665.0,299769.0,11
201400013232,14,4,28,2015,2,2,1,1.0,6,11262,M,4317997.0,299070.0,11
201400013233,14,5,9,1905,2,2,1,1.0,2,11262,M,4318614.0,299263.0,11
201400013234,14,5,12,1645,1,2,1,1.0,6,11262,M,4318659.0,300609.0,11
201400013235,14,5,14,1850,1,2,3,1.0,6,11262,M,,,11
201400013236,14,5,16,1750,1,2,1,1.0,2,11262,M,4319607.0,297741.0,11
201400013237,14,5,17,1807,1,2,1,1.0,3,11262,M,4317492.0,300574.0,11
201400013238,14,5,18,801,1,2,1,1.0,6,11262,M,4318485.0,299784.0,11
201400013239,14,5,20,1555,1,2,1,1.0,1,11262,M,4317824.0,302909.0,11
201400013240,14,5,24,1557,1,2,1,1.0,7,11262,M,4315881.0,298619.0,11
201400013241,14,5,26,1535,1,2,1,1.0,2,11262,M,4318759.0,300351.0,11
201400013242,14,6,2,1509,1,2,1,1.0,2,11262,M,4318331.0,300652.0,11
201400013243,14,6,3,1543,1,2,1,1.0,6,11262,M,4318083.0,300984.0,11
201400013244,14,6,10,1656,1,2,1,1.0,3,11262,M,4316255.0,298870.0,11
201400013245,14,6,12,1110,1,2,1,1.0,4,11262,M,4318168.0,298012.0,11
201400013246,14,6,13,1025,1,2,1,1.0,7,11262,M,,,11
201400013247,14,6,24,1835,1,2,6,1.0,3,11262,M,4317207.0,299059.0,11
201400013248,14,6,29,1520,1,2,1,1.0,1,11262,M,4318092.0,296742.0,11
201400013249,14,7,1,1730,1,2,1,8.0,7,11262,M,4318579.0,299716.0,11
201400013250,14,7,2,1247,1,2,1,1.0,5,11262,M,4317589.0,299357.0,11
201400013251,14,7,6,132,4,1,1,1.0,7,11262,M,4317421.0,299241.0,11
201400013252,14,7,21,1250,1,2,1,1.0,3,11262,M,4317989.0,299370.0,11
201400013253,14,8,2,1806,1,2,1,2.0,3,11262,M,4318081.0,300980.0,11
201400013254,14,8,9,1210,1,2,1,1.0,3,11262,M,4318277.0,297881.0,11
201400013255,14,8,11,1625,1,2,1,1.0,3,11262,M,4310586.0,308572.0,11
201400013256,14,8,23,1905,1,2,1,1.0,4,11262,M,4318099.0,300919.0,11
201400013257,14,8,30,1935,1,2,1,1.0,3,11262,M,4318037.0,300298.0,11
201400013258,14,9,1,935,1,2,1,1.0,2,11262,M,4317019.0,297948.0,11
201400013259,14,9,1,1745,1,2,1,1.0,3,11262,M,4318038.0,299741.0,11
201400013260,14,9,5,1135,1,2,3,1.0,6,11262,M,4318909.0,301530.0,11
201400013261,14,9,18,1350,1,2,1,1.0,7,11262,M,4318182.0,298548.0,11
201400013262,14,9,23,1710,1,2,2,1.0,2,11262,M,4318118.0,299310.0,11
201400013263,14,9,28,403,5,2,1,1.0,7,11262,M,4318089.0,302492.0,11
201400013264,14,10,1,750,1,2,2,1.0,3,11262,M,4319213.0,301392.0,11
201400013265,14,10,1,1435,1,2,1,1.0,2,11262,M,4319526.0,297844.0,11
201400013266,14,10,3,1455,1,2,1,1.0,2,11262,M,4318162.0,298046.0,11
201400013267,14,10,3,1548,1,2,1,1.0,2,11262,M,4315091.0,297891.0,11
201400013268,14,10,3,1600,1,2,1,1.0,2,11262,M,4315091.0,297891.0,11
201400013269,14,10,9,2305,5,2,1,1.0,6,11262,M,4318236.0,299632.0,11
201400013270,14,10,10,1605,1,2,1,1.0,2,11262,M,4317983.0,301849.0,11
201400013271,14,10,10,2345,5,2,2,1.0,3,11262,M,4318285.0,297926.0,11
201400013272,14,10,13,1745,1,2,1,1.0,3,11262,M,4317562.0,299960.0,11
201400013273,14,10,29,1030,1,2,1,1.0,3,11262,M,4318764.0,300351.0,11
201400013274,14,10,30,1400,1,2,1,1.0,6,11262,M,4318454.0,300053.0,11
201400013275,14,10,31,1035,1,2,1,1.0,6,11262,M,4317806.0,299505.0,11
201400013276,14,11,3,1835,5,2,3,1.0,2,11262,M,4317806.0,301216.0,11
201400013277,14,11,13,1310,1,2,1,1.0,7,11262,M,4317079.0,298993.0,11
201400013278,14,11,14,1200,1,2,1,1.0,5,11262,M,4316164.0,297432.0,11
201400013279,14,11,15,1610,1,2,1,1.0,6,11262,M,4318032.0,300138.0,11
201400013280,14,11,18,1510,1,2,1,1.0,7,11262,M,4316188.0,296760.0,11
201400013281,14,11,19,1810,2,2,1,1.0,4,11262,M,4317028.0,297938.0,11
201400013282,14,11,21,1012,1,2,1,1.0,3,11262,M,4318873.0,301621.0,11
201400013283,14,11,24,745,2,2,1,2.0,2,11262,M,4317095.0,298998.0,11
201400013284,14,11,26,1308,1,2,1,1.0,3,11262,M,4318472.0,297893.0,11
201400013285,14,12,14,1750,3,2,1,1.0,6,11262,M,4317726.0,304333.0,11
201400013286,14,12,17,1750,4,2,1,1.0,6,11262,M,4318881.0,300475.0,11
201400013287,14,12,22,1710,2,2,1,1.0,7,11262,M,4321848.0,301120.0,11
201400013288,14,12,31,1642,1,2,1,1.0,4,11262,M,4317063.0,298979.0,11
201400013289,14,6,11,1430,1,1,9,1.0,2,60480,M,0.0,0.0,60
201400013290,14,10,16,1930,3,1,1,8.0,2,60009,M,0.0,0.0,60
201400013291,14,11,10,1515,1,1,9,1.0,6,60395,M,0.0,0.0,60
201400013292,14,1,22,1015,1,2,1,7.0,6,13091,M,0.0,0.0,13
201400013293,14,7,14,1445,1,2,1,1.0,6,13050,M,0.0,0.0,13
201400013294,14,9,7,1230,1,1,1,1.0,6,13050,M,0.0,0.0,13
201400013295,14,11,2,945,1,1,1,1.0,1,13050,M,0.0,0.0,13
201400013296,14,11,4,615,3,1,1,5.0,1,85094,M,4653266.0,-68208.0,85
201400013297,14,2,17,900,1,1,1,1.0,3,31107,M,0.0,0.0,31
201400013298,14,3,13,1815,1,1,1,1.0,5,31399,M,0.0,0.0,31
201400013299,14,7,15,1645,1,1,1,1.0,2,31433,M,0.0,0.0,31
201400013300,14,8,30,2245,3,1,1,1.0,5,31286,M,0.0,0.0,31
201400013301,14,10,4,1045,1,1,1,1.0,7,31334,M,0.0,0.0,31
201400013302,14,1,13,830,2,1,4,8.0,7,76533,M,4949337.0,27656.0,76
201400013303,14,6,5,1515,1,1,1,1.0,2,76657,M,4948398.0,32717.0,76
201400013304,14,6,20,130,3,1,1,1.0,7,76279,M,4962327.0,59872.0,76
201400013305,14,7,30,1030,1,1,1,1.0,2,76660,M,4949150.0,28728.0,76
201400013306,14,8,5,1845,1,1,1,1.0,7,76533,M,4950323.0,27895.0,76
201400013307,14,11,5,2130,3,1,1,1.0,6,76660,M,4948626.0,31657.0,76
201400013308,14,12,9,915,5,1,1,1.0,2,76660,M,4943397.0,27376.0,76
201400013309,14,12,20,445,3,1,1,2.0,1,76657,M,4948611.0,36520.0,76
201400013310,14,2,14,2245,3,1,1,1.0,5,31270,M,0.0,0.0,31
201400013311,14,5,26,1730,1,1,1,8.0,3,31391,M,4312000.0,92400.0,31
201400013312,14,9,8,1530,1,1,1,1.0,6,31430,M,0.0,0.0,31
201400013313,14,2,26,1900,2,1,1,1.0,6,49002,M,4728982.0,-907.0,49
201400013314,14,6,2,700,1,1,1,1.0,2,49041,M,4727481.0,7969.0,49
201400013315,14,6,7,1900,1,1,1,1.0,7,49280,M,4748129.0,-21211.0,49
201400013316,14,6,14,1045,1,1,1,1.0,6,49180,M,4741869.0,-13262.0,49
201400013317,14,6,24,315,3,1,1,1.0,7,49378,M,4731182.0,-3415.0,49
201400013318,14,7,4,600,2,1,1,1.0,7,49180,M,4741870.0,-13262.0,49
201400013319,14,8,25,1900,1,1,1,1.0,6,49180,M,4738729.0,-9603.0,49
201400013320,14,8,27,2245,3,1,1,1.0,6,49378,M,4733007.0,-3668.0,49
201400013321,14,10,13,1430,1,1,1,1.0,2,49100,M,4720564.0,-19838.0,49
201400013322,14,10,20,1230,1,1,1,7.0,6,49049,M,4743717.0,-17154.0,49
201400013323,14,4,6,1515,1,2,3,1.0,3,74164,M,0.0,0.0,74
201400013324,14,4,15,1730,1,2,6,1.0,2,74209,M,0.0,0.0,74
201400013325,14,9,23,1445,1,1,1,1.0,3,74241,M,0.0,0.0,74
201400013326,14,3,21,1230,1,1,1,1.0,7,80218,M,0.0,0.0,80
201400013327,14,4,7,715,2,1,1,1.0,7,80107,M,0.0,0.0,80
201400013328,14,5,14,1145,1,1,1,1.0,3,80021,M,0.0,0.0,80
201400013329,14,6,15,1900,1,1,1,1.0,2,80227,M,0.0,0.0,80
201400013330,14,10,16,1100,1,1,1,1.0,6,80160,M,0.0,0.0,80
201400013331,14,12,27,1545,1,1,1,4.0,5,80424,M,0.0,0.0,80
201400013332,14,1,27,745,2,1,1,4.0,6,80598,M,0.0,0.0,80
201400013333,14,1,27,845,1,1,1,4.0,6,80087,M,0.0,0.0,80
201400013334,14,3,10,2230,3,1,1,1.0,6,80268,M,0.0,0.0,80
201400013335,14,3,23,15,3,1,1,4.0,7,80806,M,0.0,0.0,80
201400013336,14,3,28,815,1,1,1,8.0,7,80518,M,0.0,0.0,80
201400013337,14,4,12,1915,1,1,1,1.0,6,80076,M,0.0,0.0,80
201400013338,14,4,16,1725,1,1,1,1.0,6,80806,M,0.0,0.0,80
201400013339,14,4,20,845,1,1,1,1.0,1,80809,M,0.0,0.0,80
201400013340,14,6,21,1630,1,1,1,1.0,6,80815,M,0.0,0.0,80
201400013341,14,6,27,715,1,1,1,1.0,6,80001,M,0.0,0.0,80
201400013342,14,8,2,1800,1,1,1,1.0,6,80578,M,0.0,0.0,80
201400013343,14,9,9,2030,3,1,1,1.0,6,80332,M,0.0,0.0,80
201400013344,14,12,1,800,2,1,1,1.0,5,80578,M,0.0,0.0,80
201400013345,14,11,6,1945,3,1,1,1.0,6,73117,M,0.0,0.0,73
201400013346,14,1,30,600,3,1,1,8.0,2,39229,M,0.0,0.0,39
201400013347,14,3,1,700,2,1,1,2.0,6,39049,M,0.0,0.0,39
201400013348,14,4,18,930,1,1,1,1.0,7,71177,M,0.0,0.0,71
201400013349,14,7,13,1815,1,1,1,3.0,7,71300,M,0.0,0.0,71
201400013350,14,1,26,1610,1,1,1,2.0,1,12089,M,4457530.0,224315.0,12
201400013351,14,2,5,1005,1,2,1,2.0,6,12305,M,4455540.0,221636.0,12
201400013352,14,4,11,1235,1,2,1,1.0,7,12013,M,4452750.0,224281.0,12
201400013353,14,6,15,555,2,2,1,1.0,6,12013,M,4453090.0,223745.0,12
201400013354,14,7,10,1620,1,2,1,1.0,3,12089,M,,,12
201400013355,14,8,19,1845,1,1,1,1.0,6,12028,M,4457580.0,0.0,12
201400013356,14,8,27,1640,1,2,1,1.0,6,12083,M,4452642.0,0.0,12
201400013357,14,8,31,1250,1,2,2,1.0,3,12083,M,4452502.0,0.0,12
201400013358,14,4,30,905,1,1,1,1.0,1,12145,M,4412120.0,306262.0,12
201400013359,14,4,22,1015,1,2,2,2.0,6,12145,M,4409710.0,307156.0,12
201400013360,14,8,13,745,2,1,1,2.0,5,12145,M,,,12
201400013361,14,9,4,1820,1,2,1,1.0,2,12145,M,,,12
201400013362,14,12,5,1935,5,2,1,2.0,6,12145,M,,,12
201400013363,14,12,15,1925,5,2,1,1.0,7,12145,M,,,12
201400013364,14,12,27,21,5,2,1,1.0,1,12145,M,,,12
201400013365,14,1,7,2045,5,2,6,1.0,3,12202,M,4436520.0,257419.0,12
201400013366,14,1,10,730,5,2,1,1.0,6,12202,M,4435630.0,257577.0,12
201400013367,14,1,10,1220,1,2,2,1.0,3,12202,M,4435110.0,255557.0,12
201400013368,14,2,7,1420,1,2,1,1.0,6,12202,M,4436320.0,255666.0,12
201400013369,14,2,16,1120,1,2,1,1.0,6,12146,M,4434520.0,258002.0,12
201400013370,14,2,20,915,1,2,1,1.0,3,12202,M,4436730.0,257187.0,12
201400013371,14,2,23,1600,1,2,1,1.0,2,12174,M,4432570.0,255797.0,12
201400013372,14,2,25,855,1,2,1,1.0,3,12202,M,4435420.0,256537.0,12
201400013373,14,3,8,1530,1,2,1,1.0,2,12202,M,4436290.0,255986.0,12
201400013374,14,3,19,1830,1,2,3,1.0,1,12176,M,4437660.0,256956.0,12
201400013375,14,4,3,855,1,2,3,1.0,2,12176,M,4436840.0,258090.0,12
201400013376,14,4,16,1110,1,2,6,1.0,2,12202,M,4437340.0,254588.0,12
201400013377,14,4,19,845,1,2,3,1.0,6,12202,M,4434670.0,257607.0,12
201400013378,14,4,30,1540,1,2,1,2.0,6,12174,M,4433740.0,256209.0,12
201400013379,14,6,27,800,1,2,3,1.0,3,12174,M,4432980.0,255922.0,12
201400013380,14,7,1,1720,1,2,1,1.0,6,12202,M,,,12
201400013381,14,7,7,1255,1,2,1,3.0,7,12174,M,,,12
201400013382,14,7,10,1005,1,2,1,1.0,4,12202,M,,,12
201400013383,14,7,12,1145,1,2,1,1.0,2,12202,M,,,12
201400013384,14,7,20,2040,1,2,1,2.0,1,12202,M,,,12
201400013385,14,7,23,1215,1,2,1,1.0,4,12176,M,,,12
201400013386,14,8,1,1530,1,2,1,1.0,6,12202,M,,,12
201400013387,14,8,20,1730,1,2,1,1.0,2,12202,M,,,12
201400013388,14,8,30,1655,1,2,3,1.0,3,12202,M,,,12
201400013389,14,9,5,240,3,2,1,1.0,7,12176,M,,,12
201400013390,14,9,12,1735,1,2,1,1.0,6,12202,M,,,12
201400013391,14,9,27,225,5,2,1,1.0,7,12202,M,,,12
201400013392,14,10,9,520,5,2,1,1.0,7,12202,M,,,12
201400013393,14,10,11,1720,1,2,1,1.0,2,12176,M,,,12
201400013394,14,10,14,1535,1,2,1,1.0,2,12176,M,,,12
201400013395,14,10,21,1620,1,2,3,1.0,6,12202,M,,,12
201400013396,14,10,24,2035,3,2,1,1.0,6,12202,M,,,12
201400013397,14,10,27,435,5,2,2,1.0,1,12176,M,,,12
201400013398,14,10,31,1715,1,2,1,1.0,6,12202,M,,,12
201400013399,14,11,5,1910,3,2,1,1.0,6,12202,M,,,12
201400013400,14,11,13,1815,5,2,3,1.0,3,12202,M,,,12
201400013401,14,11,20,1740,5,2,6,1.0,3,12176,M,,,12
201400013402,14,12,24,650,5,1,1,5.0,6,12176,M,,,12
201400013403,14,6,15,1415,1,1,1,1.0,6,46309,M,4489909.0,150102.0,46
201400013404,14,10,2,1115,1,1,1,1.0,5,46178,M,4483038.0,149574.0,46
201400013405,14,1,7,945,1,1,3,1.0,3,60068,M,0.0,0.0,60
201400013406,14,12,19,800,1,1,1,1.0,3,38524,M,0.0,0.0,38
201400013407,14,12,24,815,3,1,1,1.0,6,38524,M,0.0,0.0,38
201400013408,14,1,17,1000,1,1,1,1.0,6,45238,M,4761875.0,280684.0,45
201400013409,14,1,17,1130,1,1,1,1.0,6,45281,M,4803502.0,300306.0,45
201400013410,14,2,13,1415,1,1,1,4.0,4,45113,M,4804283.0,292874.0,45
201400013411,14,2,14,1545,1,1,1,1.0,6,45155,M,4769148.0,273940.0,45
201400013412,14,2,27,1615,1,1,1,1.0,6,45247,M,4799588.0,267639.0,45
201400013413,14,11,23,1300,1,2,2,7.0,3,45148,M,4809637.0,277333.0,45
201400013414,14,12,10,845,1,1,2,2.0,3,45066,M,4794269.0,255422.0,45
201400013415,14,3,17,1700,1,1,1,1.0,3,24370,M,4484960.0,11264.0,24
201400013416,14,9,24,1100,1,1,1,1.0,6,24501,M,4482190.0,7682.0,24
201400013417,14,12,13,215,5,2,1,1.0,6,24035,M,4477520.0,100808.0,24
201400013418,14,10,1,915,1,1,1,5.0,3,53014,M,4783042.0,-68560.0,53
201400013419,14,5,22,1100,1,2,3,8.0,3,19135,M,4549060.0,231328.0,19
201400013420,14,7,10,1030,1,1,1,3.0,2,19134,M,4562380.0,247794.0,19
201400013421,14,8,15,645,2,1,1,8.0,7,63399,M,0.0,0.0,63
201400013422,14,12,15,745,2,1,2,5.0,3,19058,M,4547030.0,215882.0,19
201400013423,14,12,22,1345,1,1,1,1.0,7,19070,M,4543530.0,208998.0,19
201400013424,14,1,2,2045,3,1,1,1.0,4,10045,M,0.0,0.0,10
201400013425,14,1,4,230,3,1,1,1.0,6,10130,M,0.0,0.0,10
201400013426,14,1,16,1830,3,1,1,8.0,2,10092,M,0.0,0.0,10
201400013427,14,2,13,2045,3,1,1,8.0,6,10442,M,0.0,0.0,10
201400013428,14,12,2,1300,1,1,1,8.0,7,10045,M,4817244.0,445841.0,10
201400013429,14,1,31,400,5,2,1,2.0,6,13001,M,,,13
201400013430,14,1,15,1230,1,1,2,1.0,3,13001,M,4359884.0,546402.0,13
201400013431,14,1,26,220,3,2,1,1.0,6,13001,M,4357710.0,543212.0,13
201400013432,14,1,22,825,2,2,3,1.0,6,13001,M,4353340.0,545910.0,13
201400013433,14,2,3,840,1,2,6,1.0,6,13001,M,,,13
201400013434,14,2,4,1847,2,2,1,9.0,4,13001,M,4349997.0,538562.0,13
201400013435,14,2,7,1716,1,2,1,1.0,6,13001,M,,,13
201400013436,14,2,12,1555,1,2,1,1.0,6,13001,M,4352650.0,544496.0,13
201400013437,14,2,14,1200,1,1,1,1.0,3,13001,M,4357559.0,542500.0,13
201400013438,14,2,16,810,2,2,1,2.0,2,13001,M,4352255.0,545239.0,13
201400013439,14,2,12,800,1,1,1,1.0,2,13001,M,,,13
201400013440,14,2,26,950,1,2,1,2.0,6,13001,M,4352625.0,544241.0,13
201400013441,14,3,2,640,3,1,1,1.0,7,13001,M,,,13
201400013442,14,2,20,1438,1,1,1,1.0,2,13001,M,,,13
201400013443,14,3,8,645,3,1,1,1.0,1,13001,M,,,13
201400013444,14,3,12,1205,1,2,1,1.0,6,13001,M,,,13
201400013445,14,3,12,2000,3,2,1,1.0,6,13001,M,,,13
201400013446,14,3,5,1330,1,2,3,1.0,3,13001,M,,,13
201400013447,14,3,14,1320,1,2,2,1.0,6,13001,M,4352609.0,544116.0,13
201400013448,14,3,21,1730,1,2,1,1.0,3,13001,M,4353289.0,545492.0,13
201400013449,14,4,3,1050,1,2,1,8.0,3,13001,M,,,13
201400013450,14,3,27,1500,1,2,1,1.0,3,13001,M,,,13
201400013451,14,4,14,1625,1,2,1,1.0,6,13001,M,4352576.0,544610.0,13
201400013452,14,4,24,2050,5,2,1,1.0,3,13001,M,,,13
201400013453,14,5,7,1610,1,2,3,1.0,3,13001,M,4350809.0,540644.0,13
201400013454,14,5,14,1400,1,2,1,1.0,6,13001,M,4352846.0,545270.0,13
201400013455,14,5,9,1230,1,2,1,1.0,6,13001,M,,,13
201400013456,14,5,28,1530,1,1,1,1.0,6,13001,M,,,13
201400013457,14,6,1,115,5,2,2,1.0,7,13001,M,4353301.0,545546.0,13
201400013458,14,5,28,1815,1,1,1,1.0,3,13001,M,4358119.0,544858.0,13
201400013459,14,5,31,2015,2,2,3,9.0,4,13001,M,4351865.0,543168.0,13
201400013460,14,5,27,1125,1,2,1,1.0,1,13001,M,,,13
201400013461,14,6,5,1515,1,2,2,1.0,3,13001,M,4351644.0,544278.0,13
201400013462,14,6,8,1140,1,2,1,1.0,6,13001,M,4352487.0,543007.0,13
201400013463,14,5,3,810,1,2,1,1.0,6,13001,M,,,13
201400013464,14,6,7,1400,1,2,1,1.0,7,13001,M,,,13
201400013465,14,6,11,1615,1,2,1,1.0,6,13001,M,4352500.0,544628.0,13
201400013466,14,6,7,345,5,2,1,1.0,2,13001,M,4353164.0,543126.0,13
201400013467,14,6,21,2125,4,1,1,1.0,6,13001,M,,,13
201400013468,14,6,21,545,2,1,1,1.0,3,13001,M,,,13
201400013469,14,6,16,1405,1,2,1,1.0,6,13001,M,,,13
201400013470,14,6,22,215,5,2,2,1.0,3,13001,M,4348856.0,538734.0,13
201400013471,14,6,28,1900,1,2,1,1.0,3,13001,M,,,13
201400013472,14,7,13,600,2,1,1,1.0,7,13001,M,4349585.0,540397.0,13
201400013473,14,7,29,830,1,2,1,1.0,6,13001,M,4352853.0,542557.0,13
201400013474,14,7,30,1535,1,2,1,1.0,6,13001,M,4352649.0,544495.0,13
201400013475,14,7,28,1700,1,1,1,1.0,3,13001,M,4350990.0,539211.0,13
201400013476,14,8,12,1520,1,2,6,1.0,2,13001,M,,,13
201400013477,14,8,15,830,1,2,6,1.0,3,13001,M,4352363.0,543697.0,13
201400013478,14,8,16,2315,4,2,1,1.0,3,13001,M,,,13
201400013479,14,8,16,145,5,2,1,1.0,6,13001,M,4352426.0,545256.0,13
201400013480,14,8,21,2115,5,2,1,1.0,2,13001,M,4359055.0,545682.0,13
201400013481,14,8,27,400,3,2,1,8.0,6,13001,M,4348953.0,540769.0,13
201400013482,14,8,23,2010,1,2,6,1.0,3,13001,M,4352374.0,545536.0,13
201400013483,14,9,4,1800,1,2,3,1.0,7,13001,M,4354929.0,542724.0,13
201400013484,14,9,14,430,3,1,1,1.0,2,13001,M,,,13
201400013485,14,9,16,1740,1,2,1,1.0,6,13001,M,4351675.0,546652.0,13
201400013486,14,9,18,1445,1,2,4,1.0,3,13001,M,4351923.0,543626.0,13
201400013487,14,9,20,945,1,1,9,1.0,6,13001,M,,,13
201400013488,14,8,23,1335,1,2,1,1.0,6,13001,M,4352511.0,544146.0,13
201400013489,14,9,20,2120,5,2,1,1.0,3,13001,M,,,13
201400013490,14,9,28,1815,1,1,1,1.0,2,13001,M,,,13
201400013491,14,10,8,1230,1,2,1,1.0,6,13001,M,4351428.0,543178.0,13
201400013492,14,10,14,1745,1,1,2,2.0,5,13001,M,4355898.0,544276.0,13
201400013493,14,10,17,2030,5,2,1,1.0,1,13001,M,4353783.0,545231.0,13
201400013494,14,10,18,2000,5,2,2,1.0,3,13001,M,,,13
201400013495,14,10,22,905,1,1,1,1.0,1,13001,M,,,13
201400013496,14,10,23,2345,3,1,9,1.0,6,13001,M,4350563.0,542214.0,13
201400013497,14,10,24,230,5,2,1,1.0,7,13001,M,,,13
201400013498,14,9,29,1920,2,2,1,1.0,2,13001,M,,,13
201400013499,14,10,14,1300,1,2,2,1.0,6,13001,M,4352731.0,544318.0,13
201400013500,14,10,30,1816,5,2,3,1.0,3,13001,M,4351719.0,546544.0,13
201400013501,14,11,1,900,1,1,3,1.0,3,13001,M,4356477.0,540484.0,13
201400013502,14,11,6,2045,5,1,1,1.0,3,13001,M,4350750.0,540165.0,13
201400013503,14,11,7,1930,3,2,3,1.0,2,13001,M,4350484.0,543544.0,13
201400013504,14,10,20,1710,1,1,1,1.0,2,13001,M,,,13
201400013505,14,11,13,920,1,2,6,1.0,3,13001,M,4351891.0,543276.0,13
201400013506,14,11,14,2350,5,2,3,2.0,3,13001,M,4352492.0,544632.0,13
201400013507,14,11,7,2030,3,1,1,1.0,1,13001,M,4355613.0,538177.0,13
201400013508,14,11,30,415,3,1,1,1.0,6,13001,M,,,13
201400013509,14,12,4,1450,1,2,3,1.0,3,13001,M,4351599.0,544281.0,13
201400013510,14,12,16,1740,3,2,2,1.0,6,13001,M,4358746.0,543258.0,13