Num_Acc,an,mois,jour,hrmn,lum,agg,int,atm,col,com,gps,lat,long,dep
201400013511,14,12,17,840,1,2,1,1.0,1,13001,M,4357511.0,540926.0,13
201400013512,14,12,19,1530,1,2,1,1.0,6,13001,M,,,13
201400013513,14,12,20,800,2,2,1,1.0,3,13001,M,,,13
201400013514,14,12,22,1655,2,2,1,1.0,6,13001,M,4353037.0,541874.0,13
201400013515,14,1,15,1705,2,2,1,1.0,6,13004,M,,,13
201400013516,14,1,30,1840,5,2,1,2.0,6,13004,M,4369371.0,463962.0,13
201400013517,14,2,8,950,1,2,4,1.0,6,13004,M,4368156.0,461896.0,13
201400013518,14,2,13,1850,5,2,1,1.0,6,13004,M,,,13
201400013519,14,2,24,1450,1,2,2,1.0,7,13004,M,,,13
201400013520,14,2,26,1555,1,2,1,1.0,6,13004,M,,,13
201400013521,14,3,1,1730,3,1,1,1.0,3,13004,M,,,13
201400013522,14,3,22,2045,5,2,1,1.0,3,13004,M,,,13
201400013523,14,3,22,950,1,2,1,1.0,6,13004,M,4367493.0,463410.0,13
201400013524,14,4,20,25,3,1,4,1.0,3,13004,M,,,13
201400013525,14,4,22,1825,1,2,1,1.0,7,13004,M,,,13
201400013526,14,5,3,2315,5,2,1,1.0,7,13004,M,,,13
201400013527,14,5,16,1740,1,2,1,1.0,6,13004,M,,,13
201400013528,14,5,29,1200,1,1,1,1.0,2,13004,M,,,13
201400013529,14,6,8,1200,1,1,1,1.0,2,13004,M,,,13
201400013530,14,6,11,1810,1,2,3,1.0,3,13004,M,,,13
201400013531,14,6,17,1800,1,2,1,1.0,3,13004,M,,,13
201400013532,14,6,26,1310,1,2,1,1.0,6,13004,M,,,13
201400013533,14,7,3,1745,1,1,9,1.0,1,13004,M,4367915.0,460755.0,13
201400013534,14,7,23,900,1,1,1,1.0,2,13004,M,,,13
201400013535,14,7,24,1205,1,2,1,1.0,3,13004,M,,,13
201400013536,14,7,26,1542,1,2,1,1.0,3,13004,M,4369875.0,463920.0,13
201400013537,14,7,31,1630,1,1,9,1.0,5,13004,M,,,13
201400013538,14,8,18,1450,1,1,3,1.0,4,13004,M,4366540.0,461856.0,13
201400013539,14,8,19,1655,1,2,1,1.0,3,13004,M,,,13
201400013540,14,8,22,830,1,2,1,1.0,6,13004,M,4324682.0,540274.0,13
201400013541,14,8,26,1450,1,2,1,1.0,6,13004,M,4367529.0,462787.0,13
201400013542,14,8,28,945,1,1,1,1.0,6,13004,M,4366690.0,461122.0,13
201400013543,14,9,5,800,1,2,6,1.0,3,13004,M,,,13
201400013544,14,9,16,1920,1,2,1,1.0,7,13004,M,4366968.0,461583.0,13
201400013545,14,9,22,810,1,2,2,1.0,5,13004,M,4367497.0,462501.0,13
201400013546,14,9,27,830,1,2,1,1.0,6,13004,M,,,13
201400013547,14,9,26,1700,1,2,1,1.0,6,13004,M,4367812.0,462684.0,13
201400013548,14,9,30,715,2,2,9,1.0,6,13004,M,4367012.0,462736.0,13
201400013549,14,10,2,1450,1,1,1,1.0,6,13004,M,,,13
201400013550,14,10,3,1849,1,2,1,1.0,6,13004,M,,,13
201400013551,14,10,5,1555,1,2,1,1.0,6,13004,M,4367487.0,463237.0,13
201400013552,14,10,6,1725,1,2,2,1.0,6,13004,M,4367782.0,462712.0,13
201400013553,14,10,10,810,1,2,1,1.0,2,13004,M,,,13
201400013554,14,10,15,1220,1,2,1,1.0,6,13004,M,4367478.0,463447.0,13
201400013555,14,11,5,1850,5,2,1,1.0,6,13004,M,4369402.0,463982.0,13
201400013556,14,11,3,1225,1,2,3,1.0,2,13004,M,4368572.0,463436.0,13
201400013557,14,11,10,955,1,2,3,1.0,1,13004,M,4368179.0,460946.0,13
201400013558,14,11,20,735,1,2,1,1.0,6,13004,M,4369135.0,463367.0,13
201400013559,14,11,19,1605,1,2,1,1.0,6,13004,M,4368845.0,463607.0,13
201400013560,14,11,8,1310,1,2,1,1.0,6,13004,M,4367432.0,462935.0,13
201400013561,14,12,1,1300,1,2,2,2.0,6,13004,M,4367120.0,463310.0,13
201400013562,14,12,17,1750,5,2,1,2.0,6,13004,M,,,13
201400013563,14,12,6,2325,5,2,1,1.0,6,13004,M,4367528.0,462981.0,13
201400013564,14,12,15,1145,1,2,1,1.0,6,13004,M,4369834.0,463829.0,13
201400013565,14,1,3,1445,1,2,3,1.0,3,13005,M,4328634.0,558729.0,13
201400013566,14,1,6,750,1,2,1,1.0,3,13005,M,4328481.0,559198.0,13
201400013567,14,1,9,1700,1,1,1,1.0,1,13005,M,,,13
201400013568,14,1,25,1615,1,2,1,1.0,3,13005,M,4328815.0,554359.0,13
201400013569,14,1,14,1720,2,1,3,1.0,5,13005,M,4329765.0,560755.0,13
201400013570,14,1,20,1045,1,2,1,2.0,6,13005,M,,,13
201400013571,14,1,20,1735,2,2,1,1.0,4,13005,M,4330038.0,557137.0,13
201400013572,14,1,22,1515,1,2,1,1.0,7,13005,M,,,13
201400013573,14,1,27,1157,1,2,7,1.0,2,13005,M,4329264.0,556569.0,13
201400013574,14,1,27,1845,5,2,3,2.0,3,13005,M,4327987.0,556520.0,13
201400013575,14,1,29,1355,1,2,2,2.0,1,13005,M,4328924.0,557254.0,13
201400013576,14,1,31,1015,1,2,2,2.0,6,13005,M,,,13
201400013577,14,2,3,1535,1,2,1,1.0,6,13005,M,,,13
201400013578,14,2,7,850,1,1,2,2.0,1,13005,M,4330867.0,560809.0,13
201400013579,14,2,8,1200,1,2,1,1.0,1,13005,M,4328043.0,556658.0,13
201400013580,14,2,9,2125,5,2,1,1.0,1,13005,M,,,13
201400013581,14,2,10,1155,1,1,1,2.0,2,13005,M,0.0,0.0,13
201400013582,14,2,12,810,1,2,1,1.0,3,13005,M,4328629.0,559830.0,13
201400013583,14,2,12,1250,1,2,1,1.0,2,13005,M,4329486.0,557376.0,13
201400013584,14,2,14,1110,1,2,1,1.0,4,13005,M,,,13
201400013585,14,2,14,1510,1,2,1,1.0,7,13005,M,4328493.0,555166.0,13
201400013586,14,2,14,1515,1,2,1,1.0,3,13005,M,,,13
201400013587,14,2,18,1050,1,2,1,1.0,3,13005,M,,,13
201400013588,14,2,21,1240,1,2,1,1.0,7,13005,M,4330732.0,559237.0,13
201400013589,14,2,22,1130,1,2,3,1.0,3,13005,M,4329644.0,556939.0,13
201400013590,14,2,28,1310,1,2,1,3.0,1,13005,M,,,13
201400013591,14,3,5,1520,1,1,2,1.0,3,13005,M,4330872.0,560810.0,13
201400013592,14,3,6,1745,1,2,1,1.0,6,13005,M,,,13
201400013593,14,3,7,1445,1,2,1,1.0,3,13005,M,,,13
201400013594,14,3,13,1720,1,2,1,1.0,4,13070,M,4328719.0,551238.0,13
201400013595,14,3,16,1840,5,2,1,1.0,3,13005,M,,,13
201400013596,14,3,18,1810,1,2,1,1.0,6,13005,M,4329146.0,556106.0,13
201400013597,14,3,18,1930,5,1,1,1.0,6,13005,M,,,13
201400013598,14,3,19,1315,1,2,9,1.0,7,13005,M,,,13
201400013599,14,3,22,1810,2,2,1,2.0,7,13005,M,,,13
201400013600,14,3,28,1930,5,2,1,1.0,3,13005,M,,,13
201400013601,14,3,29,930,1,2,3,1.0,3,13005,M,4329757.0,557377.0,13
201400013602,14,4,1,1445,1,2,6,1.0,3,13005,M,4328373.0,559463.0,13
201400013603,14,4,2,1800,1,2,1,1.0,6,13005,M,,,13
201400013604,14,4,5,1125,1,2,1,1.0,4,13005,M,,,13
201400013605,14,4,9,1545,1,2,1,1.0,6,13070,M,4328190.0,552527.0,13
201400013606,14,4,9,1235,1,2,1,1.0,6,13005,M,,,13
201400013607,14,4,9,1845,1,2,1,1.0,6,13005,M,,,13
201400013608,14,4,11,830,1,2,1,1.0,2,13070,M,4328137.0,551663.0,13
201400013609,14,4,14,1015,1,2,1,1.0,1,13005,M,,,13
201400013610,14,4,17,930,1,2,1,1.0,6,13005,M,4328974.0,559733.0,13
201400013611,14,4,23,1145,1,2,1,1.0,3,13005,M,,,13
201400013612,14,4,18,1935,1,2,1,1.0,6,13005,M,,,13
201400013613,14,4,29,1700,1,1,1,1.0,7,13005,M,,,13
201400013614,14,4,30,1450,1,1,1,1.0,7,13005,M,,,13
201400013615,14,4,30,1940,1,2,1,1.0,1,13005,M,,,13
201400013616,14,5,3,1700,1,2,1,1.0,2,13005,M,,,13
201400013617,14,5,9,1910,1,2,3,1.0,3,13005,M,4328877.0,557331.0,13
201400013618,14,5,11,1940,1,2,6,1.0,6,13005,M,,,13
201400013619,14,5,14,1325,1,2,9,1.0,6,13005,M,,,13
201400013620,14,5,15,1830,1,2,1,1.0,2,13005,M,,,13
201400013621,14,5,4,2130,5,2,2,1.0,3,13005,M,4329559.0,556824.0,13
201400013622,14,5,21,110,5,2,1,1.0,1,13005,M,,,13
201400013623,14,4,16,1610,1,2,1,1.0,3,13005,M,4329234.0,556207.0,13
201400013624,14,5,21,1810,1,2,1,1.0,2,13005,M,,,13
201400013625,14,5,22,1520,1,2,3,1.0,3,13005,M,,,13
201400013626,14,5,24,2105,2,2,1,1.0,1,13005,M,,,13
201400013627,14,5,25,1000,1,2,1,1.0,2,13005,M,,,13
201400013628,14,5,25,1145,1,2,1,1.0,5,13005,M,,,13
201400013629,14,5,26,830,1,2,9,1.0,6,13005,M,4328436.0,558075.0,13
201400013630,14,5,26,800,1,2,1,1.0,1,13005,M,,,13
201400013631,14,5,29,1930,1,1,1,1.0,1,13005,M,,,13
201400013632,14,5,27,820,1,1,1,1.0,3,13005,M,4329825.0,559970.0,13
201400013633,14,6,3,1600,1,2,1,1.0,2,13070,M,4328214.0,552632.0,13
201400013634,14,6,6,1915,2,2,1,1.0,6,13005,M,,,13
201400013635,14,6,8,1555,1,1,1,1.0,7,13005,M,,,13
201400013636,14,11,21,1900,3,1,1,1.0,3,13005,M,4330251.0,559484.0,13
201400013637,14,6,5,1650,1,2,3,1.0,3,13005,M,4328639.0,554551.0,13
201400013638,14,6,11,1415,1,2,3,1.0,3,13005,M,,,13
201400013639,14,6,18,1215,1,2,1,1.0,2,13005,M,4329961.0,559691.0,13
201400013640,14,6,19,1830,1,2,1,3.0,3,13070,M,,,13
201400013641,14,6,21,1005,1,2,1,1.0,3,13005,M,4328682.0,555890.0,13
201400013642,14,6,23,820,1,2,1,1.0,6,13070,M,,,13
201400013643,14,6,25,2040,5,2,1,1.0,3,13005,M,4329672.0,558489.0,13
201400013644,14,6,30,1200,1,1,1,1.0,1,13005,M,4326399.0,558621.0,13
201400013645,14,7,3,1245,1,2,1,1.0,3,13005,M,,,13
201400013646,14,7,9,1805,1,2,7,1.0,6,13005,M,4329137.0,557089.0,13
201400013647,14,7,12,950,1,2,1,1.0,2,13070,M,,,13
201400013648,14,7,12,1245,1,2,3,1.0,2,13005,M,4329500.0,556806.0,13
201400013649,14,7,13,1810,1,2,1,1.0,4,13005,M,4331757.0,558253.0,13
201400013650,14,7,16,1655,1,2,1,1.0,6,13005,M,4328585.0,555556.0,13
201400013651,14,7,18,1055,1,2,1,1.0,2,13005,M,,,13
201400013652,14,7,18,1815,1,2,1,1.0,2,13005,M,,,13
201400013653,14,7,18,1800,1,2,1,1.0,3,13005,M,4328784.0,557876.0,13
201400013654,14,7,23,1120,1,2,1,1.0,3,13005,M,,,13
201400013655,14,7,24,1855,1,1,1,1.0,2,13005,M,,,13
201400013656,14,7,28,1410,1,2,1,1.0,6,13005,M,,,13
201400013657,14,7,30,1815,1,1,3,1.0,5,13005,M,4330549.0,557256.0,13
201400013658,14,8,6,1800,1,2,1,1.0,2,13005,M,4330009.0,557202.0,13
201400013659,14,8,8,1440,1,2,1,1.0,6,13005,M,,,13
201400013660,14,8,10,2225,5,2,2,1.0,3,13005,M,4331186.0,558022.0,13
201400013661,14,8,14,1545,1,2,2,1.0,3,13005,M,,,13
201400013662,14,8,12,930,1,2,2,1.0,2,13005,M,4330319.0,557169.0,13
201400013663,14,8,14,1350,1,2,1,1.0,3,13005,M,,,13
201400013664,14,8,19,1125,1,2,1,1.0,2,13005,M,4328841.0,560186.0,13
201400013665,14,8,20,750,1,2,1,1.0,2,13005,M,,,13
201400013666,14,8,24,1940,1,2,1,1.0,3,13005,M,4329258.0,556466.0,13
201400013667,14,8,25,1445,1,2,1,1.0,2,13005,M,,,13
201400013668,14,8,27,1830,1,2,1,1.0,2,13070,M,4327548.0,552899.0,13
201400013669,14,8,27,1845,1,2,1,1.0,3,13005,M,,,13
201400013670,14,8,30,1145,1,2,1,1.0,2,13005,M,4329178.0,556142.0,13
201400013671,14,8,31,1800,2,2,2,1.0,3,13005,M,4331725.0,558239.0,13
201400013672,14,9,2,800,1,2,1,1.0,7,13005,M,,,13
201400013673,14,9,4,1640,1,2,1,1.0,2,13005,M,,,13
201400013674,14,9,5,1125,1,2,1,1.0,3,13005,M,4328933.0,557244.0,13
201400013675,14,9,5,2010,5,2,1,1.0,2,13070,M,4328125.0,551746.0,13
201400013676,14,9,6,235,5,2,1,1.0,6,13005,M,,,13
201400013677,14,9,9,1325,1,2,1,1.0,2,13005,M,,,13
201400013678,14,9,10,1750,1,1,6,1.0,4,13005,M,4328414.0,559407.0,13
201400013679,14,9,12,1200,1,1,9,1.0,3,13005,M,,,13
201400013680,14,9,12,1330,1,1,1,1.0,6,13005,M,4330786.0,555231.0,13
201400013681,14,9,12,1940,1,1,1,1.0,1,13005,M,,,13
201400013682,14,9,15,1115,1,1,1,1.0,2,13005,M,,,13
201400013683,14,9,16,1615,1,1,1,1.0,4,13005,M,,,13
201400013684,14,9,16,1900,1,2,1,1.0,3,13005,M,,,13
201400013685,14,9,18,1757,1,2,3,1.0,5,13005,M,,,13
201400013686,14,9,21,15,5,1,1,1.0,3,13005,M,,,13
201400013687,14,9,24,1630,1,2,1,1.0,2,13070,M,,,13
201400013688,14,9,30,830,1,1,1,1.0,1,13005,M,,,13
201400013689,14,10,1,950,1,2,1,1.0,2,13005,M,4328864.0,557358.0,13
201400013690,14,10,2,1150,1,2,1,1.0,2,13005,M,,,13
201400013691,14,10,2,1445,1,2,1,1.0,6,13005,M,,,13
201400013692,14,10,2,1820,1,2,1,1.0,2,13070,M,4328442.0,552356.0,13
201400013693,14,10,2,1800,1,2,1,1.0,2,13005,M,,,13
201400013694,14,10,8,2010,5,1,1,1.0,5,13005,M,4330045.0,556001.0,13
201400013695,14,10,16,1715,1,2,1,1.0,2,13005,M,,,13
201400013696,14,10,18,1620,1,2,1,1.0,2,13005,M,4329257.0,556573.0,13
201400013697,14,10,18,2240,5,2,3,1.0,3,13005,M,4328296.0,554904.0,13
201400013698,14,10,20,1640,1,2,1,1.0,2,13005,M,,,13
201400013699,14,10,22,1150,1,2,1,1.0,6,13005,M,4329327.0,556777.0,13
201400013700,14,10,24,1330,1,2,3,1.0,1,13005,M,4328633.0,558726.0,13
201400013701,14,10,24,1655,1,1,1,1.0,6,13005,M,,,13
201400013702,14,10,24,1655,1,2,3,1.0,3,13005,M,4328296.0,554911.0,13
201400013703,14,10,29,1240,1,2,1,1.0,7,13070,M,4328410.0,552365.0,13
201400013704,14,10,31,1315,1,2,1,1.0,6,13005,M,4329350.0,557716.0,13
201400013705,14,11,4,1845,5,2,1,3.0,6,13005,M,4330050.0,556964.0,13
201400013706,14,11,5,840,1,2,3,1.0,3,13070,M,4328155.0,552277.0,13
201400013707,14,11,5,1540,1,2,1,1.0,2,13005,M,,,13
201400013708,14,11,5,2240,5,2,1,1.0,1,13005,M,,,13
201400013709,14,11,8,1135,1,2,1,1.0,6,13070,M,4328742.0,551405.0,13
201400013710,14,11,12,745,1,2,1,2.0,6,13005,M,4329322.0,556751.0,13
201400013711,14,11,20,1325,1,2,1,1.0,6,13070,M,4328295.0,551500.0,13
201400013712,14,11,23,1130,1,2,9,1.0,2,13005,M,,,13
201400013713,14,11,26,830,1,2,1,1.0,6,13005,M,,,13
201400013714,14,11,30,620,5,1,1,8.0,7,13005,M,4328809.0,552235.0,13
201400013715,14,12,12,1115,1,2,1,1.0,2,13070,M,4328032.0,550666.0,13
201400013716,14,12,14,1150,1,1,3,2.0,3,13005,M,4331001.0,558333.0,13
201400013717,14,12,16,1320,1,2,1,1.0,3,13005,M,,,13
201400013718,14,12,18,1430,1,2,1,1.0,2,13070,M,,,13
201400013719,14,12,20,2030,5,2,1,1.0,1,13005,M,4329730.0,556486.0,13
201400013720,14,12,16,1945,5,2,3,1.0,3,13005,M,4329501.0,556806.0,13
201400013721,14,12,23,900,1,2,1,1.0,7,13070,M,4328116.0,551812.0,13
201400013722,14,12,28,1235,1,2,3,1.0,3,13070,M,4328124.0,552068.0,13
201400013723,14,12,28,1900,5,2,3,1.0,3,13005,M,4328842.0,557397.0,13
201400013724,14,1,13,1900,5,2,1,2.0,6,13028,M,4320011.0,561958.0,13
201400013725,14,1,17,750,2,2,1,2.0,6,13028,M,4318396.0,560972.0,13
201400013726,14,2,17,830,1,1,1,7.0,3,13028,M,0.0,0.0,13
201400013727,14,2,22,1555,1,2,1,1.0,6,13028,M,0.0,0.0,13
201400013728,14,2,27,1145,1,2,1,1.0,6,13028,M,4319075.0,561820.0,13
201400013729,14,3,9,1645,1,2,1,1.0,3,13028,M,4311237.0,537332.0,13
201400013730,14,3,31,1410,1,2,6,1.0,6,13028,M,4319220.0,560939.0,13
201400013731,14,4,11,1850,1,1,1,1.0,1,13028,M,,,13
201400013732,14,5,4,1415,1,2,3,1.0,3,13028,M,4319071.0,564089.0,13
201400013733,14,5,20,1425,1,2,1,1.0,3,13028,M,4317378.0,560927.0,13
201400013734,14,5,28,1900,1,2,2,7.0,3,13028,M,4318739.0,562017.0,13
201400013735,14,5,30,1835,1,1,1,1.0,1,13028,M,,,13
201400013736,14,5,25,1340,1,2,1,1.0,3,13028,M,4318839.0,562691.0,13
201400013737,14,6,8,1040,1,2,2,1.0,3,13028,M,4319873.0,562642.0,13
201400013738,14,6,29,1940,1,2,3,7.0,3,13028,M,,,13
201400013739,14,7,4,1810,1,2,1,1.0,3,13028,M,4319290.0,560286.0,13
201400013740,14,7,15,1300,1,2,2,1.0,3,13028,M,4319270.0,563504.0,13
201400013741,14,7,21,1820,1,1,2,1.0,3,13028,M,4319271.0,563506.0,13
201400013742,14,8,8,140,5,2,6,1.0,3,13028,M,4319168.0,561775.0,13
201400013743,14,8,9,1045,1,2,1,1.0,4,13028,M,4311237.0,537332.0,13
201400013744,14,8,26,1850,1,2,6,7.0,3,13028,M,4319191.0,560472.0,13
201400013745,14,8,30,1955,1,2,2,1.0,3,13028,M,4317896.0,560008.0,13
201400013746,14,9,18,2135,3,2,1,8.0,6,13028,M,4319991.0,562658.0,13
201400013747,14,9,22,1650,1,2,1,1.0,2,13028,M,4319687.0,562104.0,13
201400013748,14,9,22,1900,2,2,1,1.0,3,13028,M,,,13
201400013749,14,10,3,935,1,2,1,1.0,3,13028,M,4319045.0,560270.0,13
201400013750,14,10,12,2110,3,2,3,8.0,2,13028,M,4319349.0,560179.0,13
201400013751,14,10,17,1530,1,2,3,1.0,3,13028,M,4318319.0,561617.0,13
201400013752,14,10,19,1030,1,1,1,1.0,3,13028,M,,,13
201400013753,14,10,23,1730,1,2,1,1.0,2,13028,M,,,13
201400013754,14,10,23,1900,1,2,1,1.0,6,13028,M,0.0,0.0,13
201400013755,14,10,25,1225,1,2,1,1.0,3,13028,M,4318752.0,561531.0,13
201400013756,14,10,26,1710,1,2,1,1.0,3,13028,M,4319521.0,562865.0,13
201400013757,14,10,29,1620,1,2,1,1.0,6,13028,M,,,13
201400013758,14,11,4,1715,5,2,1,3.0,6,13028,M,,,13
201400013759,14,11,6,830,1,1,1,1.0,3,13028,M,,,13
201400013760,14,10,24,1955,5,2,3,1.0,3,13028,M,4319726.0,562126.0,13
201400013761,14,11,8,1045,1,2,1,1.0,4,13028,M,,,13
201400013762,14,11,10,1800,4,2,3,1.0,3,13028,M,4317857.0,561094.0,13
201400013763,14,11,13,1730,2,2,3,1.0,3,13028,M,,,13
201400013764,14,11,14,800,1,2,1,8.0,2,13028,M,4319515.0,561120.0,13
201400013765,14,11,15,1610,1,2,1,1.0,6,13028,M,,,13
201400013766,14,11,15,1915,5,2,3,1.0,3,13028,M,4318321.0,561618.0,13
201400013767,14,11,19,1000,1,2,1,1.0,1,13028,M,4320007.0,561960.0,13
201400013768,14,12,1,1650,2,2,6,3.0,3,13028,M,4317397.0,560412.0,13
201400013769,14,12,3,645,5,2,1,1.0,2,13028,M,0.0,0.0,13
201400013770,14,12,7,1525,1,2,9,1.0,1,13028,M,4316709.0,560531.0,13
201400013771,14,12,7,1430,1,2,1,1.0,6,13028,M,,,13
201400013772,14,12,12,1320,1,2,1,1.0,6,13028,M,4319039.0,560251.0,13
201400013773,14,12,14,1310,1,2,1,1.0,2,13028,M,4319065.0,563855.0,13
201400013774,14,12,13,915,1,1,1,1.0,3,13028,M,4318076.0,567179.0,13
201400013775,14,12,17,1430,1,2,2,1.0,3,13028,M,4317873.0,559749.0,13
201400013776,14,12,19,520,5,2,1,1.0,6,13028,M,,,13
201400013777,14,12,19,1020,1,2,1,1.0,1,13028,M,,,13
201400013778,14,12,27,1310,1,1,1,2.0,1,13028,M,,,13
201400013779,14,12,19,1835,3,1,1,1.0,4,13028,M,4319262.0,560346.0,13
201400013780,14,12,30,1340,1,2,1,1.0,2,13028,M,,,13
201400013781,14,3,15,1000,1,2,1,1.0,2,78380,M,0.0,0.0,78
201400013782,14,4,24,745,1,2,1,1.0,5,78380,M,0.0,0.0,78
201400013783,14,12,9,1230,1,1,1,7.0,1,78206,M,0.0,0.0,78
201400013784,14,9,17,945,1,2,1,1.0,6,78368,M,0.0,0.0,78
201400013785,14,1,27,1140,1,2,1,1.0,6,13063,M,4357932.0,500125.0,13
201400013786,14,3,7,1640,1,1,2,1.0,3,13063,M,4356161.0,502977.0,13
201400013787,14,3,18,1650,1,1,1,1.0,5,13047,M,,,13
201400013788,14,5,10,1240,1,1,1,1.0,3,13047,M,,,13
201400013789,14,6,23,1650,1,1,1,1.0,1,13047,M,,,13
201400013790,14,7,4,2005,1,2,3,1.0,3,13063,M,4359806.0,500952.0,13
201400013791,14,8,6,530,5,2,1,1.0,1,13047,M,,,13
201400013792,14,8,20,1830,1,1,1,1.0,3,13047,M,,,13
201400013793,14,8,22,1225,1,1,8,1.0,6,13047,M,4352881.0,497155.0,13
201400013794,14,9,4,1900,1,1,1,1.0,3,13047,M,4355069.0,501149.0,13
201400013795,14,10,10,1625,1,1,1,1.0,3,13047,M,,,13
201400013796,14,10,15,1155,1,1,3,1.0,6,13047,M,,,13
201400013797,14,10,27,1315,1,1,1,1.0,3,13047,M,,,13
201400013798,14,12,4,1740,3,1,1,2.0,1,13047,M,4346462.0,500346.0,13
201400013799,14,12,11,1950,5,2,1,1.0,6,13047,M,,,13
201400013800,14,12,13,1810,5,2,1,1.0,6,13047,M,4350264.0,499303.0,13
201400013801,14,1,4,2025,3,1,1,2.0,1,13054,M,4342128.0,522872.0,13
201400013802,14,1,10,1925,5,2,1,1.0,3,13054,M,4341676.0,521003.0,13
201400013803,14,1,12,1820,5,2,2,1.0,3,13102,M,4341577.0,524401.0,13
201400013804,14,1,13,1050,1,1,1,1.0,4,13054,M,,,13
201400013805,14,1,17,1650,1,1,1,1.0,2,13054,M,,,13
201400013806,14,2,8,1450,1,2,1,2.0,2,13054,M,4341354.0,521139.0,13
201400013807,14,2,13,1125,1,2,1,1.0,1,13054,M,0.0,0.0,13
201400013808,14,2,19,1840,5,2,3,1.0,3,13054,M,,,13
201400013809,14,3,3,736,1,1,1,2.0,4,13054,M,,,13
201400013810,14,3,8,1820,1,2,3,1.0,3,13054,M,4342033.0,521958.0,13
201400013811,14,3,19,1945,5,2,1,1.0,6,13043,M,,,13
201400013812,14,3,20,1205,1,2,1,1.0,1,13054,M,,,13
201400013813,14,3,28,950,1,2,2,1.0,2,13054,M,4340295.0,521650.0,13
201400013814,14,4,5,1450,1,2,6,1.0,3,13043,M,4339605.0,523862.0,13
201400013815,14,4,6,1955,1,2,1,1.0,3,13054,M,,,13
201400013816,14,4,11,2155,3,2,4,1.0,3,13102,M,,,13
201400013817,14,4,17,810,1,2,6,1.0,3,13102,M,4341998.0,523654.0,13
201400013818,14,4,17,1500,1,2,1,1.0,3,13054,M,,,13
201400013819,14,4,26,2340,5,2,2,2.0,3,13054,M,4341564.0,521066.0,13
201400013820,14,4,29,1420,1,2,1,1.0,5,13054,M,,,13
201400013821,14,4,30,1620,1,1,3,1.0,3,13043,M,,,13
201400013822,14,5,11,1410,1,2,2,1.0,3,13054,M,,,13
201400013823,14,5,17,1050,1,2,2,1.0,5,13054,M,4340368.0,521705.0,13
201400013824,14,6,7,35,4,2,1,1.0,6,13054,M,4341586.0,520602.0,13
201400013825,14,6,10,920,1,2,1,1.0,6,13054,M,,,13
201400013826,14,6,10,1315,1,2,3,1.0,3,13054,M,4340368.0,521705.0,13
201400013827,14,6,16,2140,4,2,3,1.0,3,13043,M,,,13
201400013828,14,7,3,1445,1,1,4,1.0,3,13043,M,4339487.0,520698.0,13
201400013829,14,8,2,1735,1,1,1,1.0,3,13043,M,,,13
201400013830,14,8,8,1310,1,1,1,1.0,4,13054,M,,,13
201400013831,14,8,14,1010,1,2,2,1.0,6,13054,M,4341838.0,521827.0,13
201400013832,14,9,5,2320,5,2,3,1.0,3,13054,M,4341727.0,521968.0,13
201400013833,14,9,10,1655,1,2,3,1.0,2,13043,M,4338751.0,521449.0,13
201400013834,14,9,11,755,1,2,4,1.0,3,13054,M,4341415.0,523022.0,13
201400013835,14,9,12,1515,1,2,1,1.0,3,13054,M,,,13
201400013836,14,9,15,1215,1,2,1,1.0,7,13043,M,4339415.0,523736.0,13
201400013837,14,10,15,1230,1,2,1,1.0,4,13054,M,,,13
201400013838,14,10,20,1030,1,2,3,1.0,3,13054,M,4341881.0,522728.0,13
201400013839,14,10,23,1335,1,1,2,6.0,3,13043,M,4338752.0,521447.0,13
201400013840,14,10,26,1255,1,2,2,1.0,3,13043,M,,,13
201400013841,14,10,27,1740,1,1,2,8.0,3,13054,M,,,13
201400013842,14,10,28,1620,1,2,3,1.0,6,13054,M,4341828.0,521825.0,13
201400013843,14,11,19,1835,5,2,1,1.0,1,13102,M,,,13
201400013844,14,12,12,1600,1,2,1,1.0,3,13054,M,,,13
201400013845,14,12,18,1950,2,2,1,1.0,2,13054,M,,,13
201400013846,14,1,7,840,1,2,1,1.0,6,13055,M,4330911.0,538158.0,13
201400013847,14,12,26,2115,4,2,2,1.0,6,13055,M,4331145.0,542288.0,13
201400013848,14,12,9,1655,1,2,1,1.0,6,13055,M,4329550.0,537511.0,13
201400013849,14,12,8,1830,5,2,1,1.0,2,13055,M,4328982.0,539987.0,13
201400013850,14,12,9,1030,1,2,2,1.0,3,13055,M,4329654.0,539514.0,13
201400013851,14,11,26,2230,5,2,1,3.0,6,13055,M,0.0,538091.0,13
201400013852,14,12,26,1915,5,2,2,1.0,3,13055,M,4329098.0,539211.0,13
201400013853,14,12,5,1100,1,2,1,1.0,6,13055,M,4329415.0,538601.0,13
201400013854,14,12,15,945,1,2,1,1.0,2,13055,M,4328396.0,539027.0,13
201400013855,14,11,4,1200,1,2,1,2.0,6,13055,M,,,13
201400013856,14,12,19,1415,1,2,1,1.0,2,13055,M,4329270.0,540022.0,13