Num_Acc,an,mois,jour,hrmn,lum,agg,int,atm,col,com,gps,lat,long,dep
201400013857,14,12,19,1640,1,2,1,1.0,2,13055,M,4329076.0,535591.0,13
201400013858,14,9,30,1345,1,2,1,3.0,6,13055,M,,,13
201400013859,14,12,24,1145,1,2,1,1.0,6,13055,M,4329401.0,547447.0,13
201400013860,14,12,28,1930,3,2,1,1.0,2,13055,M,4326948.0,540842.0,13
201400013861,14,12,18,1120,1,2,1,1.0,6,13055,M,4324634.0,538774.0,13
201400013862,14,12,29,1120,1,2,1,1.0,6,13055,M,4330209.0,537117.0,13
201400013863,14,12,19,1435,1,2,1,1.0,6,13055,M,4328967.0,539117.0,13
201400013864,14,8,16,920,1,2,6,1.0,3,13055,M,4332966.0,538821.0,13
201400013865,14,12,4,1615,1,2,1,2.0,6,13055,M,4334184.0,538648.0,13
201400013866,14,12,23,600,3,2,2,1.0,3,13055,M,4331908.0,540816.0,13
201400013867,14,12,22,1900,5,2,1,1.0,6,13055,M,,,13
201400013868,14,12,25,1320,1,2,3,1.0,6,13055,M,4334110.0,537721.0,13
201400013869,14,12,23,1015,1,2,1,1.0,6,13055,M,,,13
201400013870,14,12,8,1635,1,2,1,1.0,7,13055,M,,,13
201400013871,14,12,18,1420,1,2,1,1.0,7,13055,M,4329939.0,537159.0,13
201400013872,14,12,12,1640,1,2,1,1.0,6,13055,M,4330208.0,538258.0,13
201400013873,14,10,12,1830,1,2,1,1.0,6,13055,M,4327075.0,539226.0,13
201400013874,14,12,13,1550,1,2,1,1.0,6,13055,M,4328822.0,538330.0,13
201400013875,14,12,22,1430,1,2,1,1.0,6,13055,M,4329270.0,538448.0,13
201400013876,14,12,19,1430,1,2,1,1.0,6,13055,M,4334219.0,535987.0,13
201400013877,14,10,14,1120,1,2,1,1.0,6,13055,M,4329221.0,536045.0,13
201400013878,14,12,8,915,1,2,1,1.0,6,13055,M,4329911.0,538115.0,13
201400013879,14,12,10,1210,1,2,1,1.0,6,13055,M,4328826.0,539260.0,13
201400013880,14,10,17,1345,1,2,1,1.0,7,13055,M,,,13
201400013881,14,12,5,1800,5,2,1,8.0,4,13002,M,,,13
201400013882,14,12,19,1630,1,2,1,1.0,6,13055,M,,,13
201400013883,14,12,29,1550,1,2,1,1.0,6,13055,M,4331545.0,538655.0,13
201400013884,14,12,19,1500,1,2,1,1.0,1,13055,M,,,13
201400013885,14,12,20,30,5,2,1,1.0,7,13055,M,4328699.0,535190.0,13
201400013886,14,12,20,155,5,2,1,1.0,2,13055,M,4328837.0,537317.0,13
201400013887,14,12,31,1310,1,2,4,1.0,6,13055,M,4329222.0,536321.0,13
201400013888,14,12,12,1320,1,2,1,2.0,6,13055,M,4329909.0,538218.0,13
201400013889,14,12,24,1150,1,2,1,1.0,6,13055,M,4329976.0,537429.0,13
201400013890,14,11,26,1800,5,2,1,2.0,7,13002,M,4335208.0,547848.0,13
201400013891,14,12,8,1815,5,2,1,1.0,2,13055,M,4335103.0,535379.0,13
201400013892,14,12,27,1225,1,2,1,1.0,4,13055,M,4332659.0,538404.0,13
201400013893,14,12,18,1145,1,2,1,1.0,6,13055,M,4328305.0,538047.0,13
201400013894,14,12,20,1345,1,2,1,1.0,2,13055,M,4327977.0,538686.0,13
201400013895,14,11,20,140,5,2,1,1.0,6,13055,M,4327615.0,538405.0,13
201400013896,14,12,30,1700,2,2,1,1.0,6,13055,M,4328495.0,542177.0,13
201400013897,14,12,27,1740,2,2,1,1.0,6,13055,M,,,13
201400013898,14,10,5,1930,1,2,1,1.0,4,13055,M,,,13
201400013899,14,11,20,2121,5,2,1,2.0,1,13055,M,4328635.0,542553.0,13
201400013900,14,12,24,1850,5,2,2,1.0,6,13055,M,4327376.0,541387.0,13
201400013901,14,1,10,710,2,2,1,1.0,2,13055,M,,,13
201400013902,14,1,3,1655,5,2,2,1.0,3,13055,M,4327986.0,538682.0,13
201400013903,14,1,3,610,5,2,1,1.0,3,13055,M,4328877.0,543652.0,13
201400013904,14,1,1,645,5,2,6,1.0,7,13055,M,,,13
201400013905,14,1,3,1500,1,2,1,1.0,6,13055,M,4334580.0,538179.0,13
201400013906,14,1,3,1930,3,2,1,1.0,6,13055,M,4331272.0,537587.0,13
201400013907,14,1,5,2300,5,2,1,2.0,1,13055,M,,,13
201400013908,14,10,12,55,5,2,1,1.0,6,13055,M,,,13
201400013909,14,1,5,320,5,2,2,3.0,6,13055,M,4331380.0,540579.0,13
201400013910,14,12,31,2330,5,2,1,1.0,6,13055,M,,,13
201400013911,14,7,4,2120,5,2,1,1.0,6,13055,M,4327982.0,541613.0,13
201400013912,14,10,27,1530,1,2,1,1.0,6,13055,M,4332377.0,538443.0,13
201400013913,14,1,13,1945,5,2,2,3.0,3,13055,M,,,13
201400013914,14,1,3,2330,5,2,1,1.0,6,13055,M,4334692.0,535914.0,13
201400013915,14,1,16,810,1,2,1,2.0,6,13055,M,4330487.0,537271.0,13
201400013916,14,12,30,1340,1,2,3,1.0,6,13055,M,4331326.0,536631.0,13
201400013917,14,1,6,1800,5,2,1,1.0,6,13055,M,4327364.0,541978.0,13
201400013918,14,11,5,1645,1,2,3,1.0,1,13055,M,,,13
201400013919,14,11,4,950,1,2,1,2.0,6,13055,M,4329332.0,538622.0,13
201400013920,14,12,28,625,5,2,1,1.0,7,13055,M,,,13
201400013921,14,1,16,1245,1,2,1,1.0,2,13055,M,,,13
201400013922,14,1,1,1645,1,2,1,1.0,3,13055,M,4324647.0,539881.0,13
201400013923,14,11,12,1130,1,2,1,8.0,6,13055,M,,,13
201400013924,14,12,31,2120,5,2,1,1.0,6,13055,M,4329693.0,538117.0,13
201400013925,14,1,4,600,3,2,2,2.0,3,13055,M,4326483.0,540934.0,13
201400013926,14,1,17,2130,5,2,1,1.0,6,13055,M,4331444.0,539754.0,13
201400013927,14,1,21,1940,5,2,3,1.0,3,13055,M,4329904.0,538663.0,13
201400013928,14,1,19,2055,5,2,2,2.0,3,13055,M,4329025.0,537585.0,13
201400013929,14,11,22,1200,1,2,1,1.0,6,13055,M,,,13
201400013930,14,1,14,2100,5,2,1,1.0,5,13055,M,4329023.0,536866.0,13
201400013931,14,1,8,1915,5,2,1,1.0,3,13055,M,4331284.0,546524.0,13
201400013932,14,1,9,1800,5,2,1,8.0,3,13055,M,,,13
201400013933,14,1,12,1625,1,2,1,1.0,3,13055,M,4328833.0,545140.0,13
201400013934,14,1,13,1510,5,2,1,2.0,2,13055,M,,,13
201400013935,14,1,14,1330,1,2,1,1.0,3,13055,M,4328590.0,541288.0,13
201400013936,14,1,21,1710,1,2,1,1.0,1,13055,M,4328111.0,538608.0,13
201400013937,14,1,22,125,3,2,1,1.0,6,13055,M,4332152.0,536496.0,13
201400013938,14,1,12,800,1,2,1,1.0,7,13075,M,4334277.0,546946.0,13
201400013939,14,1,14,1600,1,2,1,1.0,4,13055,M,4331867.0,537962.0,13
201400013940,14,1,17,1800,2,2,1,1.0,1,13055,M,,,13
201400013941,14,12,30,1915,5,2,1,1.0,6,13055,M,4328147.0,538183.0,13
201400013942,14,1,22,830,1,2,1,1.0,1,13055,M,4332898.0,536563.0,13
201400013943,14,1,9,1630,1,1,1,1.0,1,13055,M,,,13
201400013944,14,1,26,2350,3,2,1,1.0,2,13055,M,,,13
201400013945,14,10,28,1530,1,2,1,1.0,6,13055,M,4329829.0,538096.0,13
201400013946,14,1,18,1900,5,2,1,2.0,1,13055,M,,,13
201400013947,14,1,8,730,2,2,1,1.0,6,13055,M,4334973.0,537515.0,13
201400013948,14,1,28,940,1,2,1,1.0,6,13055,M,4325683.0,537647.0,13
201400013949,14,1,15,1340,1,2,1,1.0,3,13055,M,4328913.0,538408.0,13
201400013950,14,1,12,1700,1,2,3,1.0,6,13055,M,4328870.0,538220.0,13
201400013951,14,11,5,1300,1,2,1,1.0,6,13055,M,4328171.0,542755.0,13
201400013952,14,1,16,1310,1,2,1,8.0,3,13055,M,,,13
201400013953,14,1,9,1825,5,2,1,1.0,3,13055,M,4333909.0,540802.0,13
201400013954,14,1,5,1235,1,2,3,1.0,6,13055,M,4330242.0,536736.0,13
201400013955,14,1,7,1630,1,2,1,1.0,6,13055,M,4332025.0,539198.0,13
201400013956,14,1,13,1030,1,2,1,1.0,6,13055,M,4328657.0,538442.0,13
201400013957,14,1,8,2100,5,2,1,1.0,7,13055,M,4329233.0,547937.0,13
201400013958,14,12,11,1910,5,2,3,1.0,6,13055,M,4329106.0,538904.0,13
201400013959,14,1,14,1830,2,2,1,2.0,3,13055,M,,,13
201400013960,14,1,16,830,1,2,1,2.0,4,13055,M,4324657.0,540819.0,13
201400013961,14,1,22,2130,5,2,3,1.0,1,13055,M,4328924.0,549920.0,13
201400013962,14,1,9,1005,1,2,1,1.0,7,13055,M,,,13
201400013963,14,1,10,1000,1,2,1,2.0,7,13055,M,4327796.0,539922.0,13
201400013964,14,1,16,830,1,2,1,3.0,7,13055,M,,,13
201400013965,14,12,4,915,1,2,1,1.0,6,13055,M,,,13
201400013966,14,1,17,1410,1,2,6,1.0,2,13055,M,4333038.0,538906.0,13
201400013967,14,1,3,1440,1,2,2,1.0,3,13002,M,,,13
201400013968,14,1,5,1700,5,2,1,1.0,1,13075,M,4334501.0,546134.0,13
201400013969,14,1,8,700,2,1,3,1.0,3,13055,M,4334320.0,537586.0,13
201400013970,14,1,8,1145,1,2,1,1.0,6,13055,M,4330357.0,543132.0,13
201400013971,14,1,11,1,5,2,6,1.0,7,13002,M,4333966.0,548434.0,13
201400013972,14,1,11,1530,1,2,1,1.0,6,13002,M,4333410.0,548010.0,13
201400013973,14,1,13,1710,1,2,1,3.0,6,13002,M,4335251.0,548145.0,13
201400013974,14,1,15,730,2,2,1,1.0,6,13055,M,,,13
201400013975,14,1,18,1830,5,2,1,3.0,7,13075,M,4334812.0,546476.0,13
201400013976,14,1,8,1215,1,2,3,1.0,2,13055,M,4338028.0,535742.0,13
201400013977,14,1,18,1515,1,2,2,3.0,3,13055,M,4332232.0,541270.0,13
201400013978,14,1,19,735,1,2,3,2.0,2,13055,M,4334521.0,537822.0,13
201400013979,14,1,25,1415,1,2,1,1.0,6,13055,M,,,13
201400013980,14,12,8,2130,5,2,6,1.0,6,13055,M,4333033.0,540969.0,13
201400013981,14,1,29,700,1,2,1,2.0,1,13055,M,4327934.0,541142.0,13
201400013982,14,1,17,1450,1,2,2,1.0,3,13055,M,4328123.0,542696.0,13
201400013983,14,2,3,920,1,2,3,1.0,6,13055,M,4333745.0,542089.0,13
201400013984,14,1,1,300,5,2,3,1.0,2,13055,M,4331360.0,546578.0,13
201400013985,14,1,7,1930,4,2,1,1.0,6,13055,M,,,13
201400013986,14,1,19,1350,1,2,1,2.0,1,13055,M,4330664.0,537565.0,13
201400013987,14,1,20,1650,1,2,1,1.0,3,13055,M,,,13
201400013988,14,1,11,1350,1,2,3,1.0,3,13055,M,4330028.0,538418.0,13
201400013989,14,1,22,1445,1,2,1,1.0,6,13055,M,4330641.0,539309.0,13
201400013990,14,1,15,1215,1,2,1,1.0,2,13055,M,4333782.0,535774.0,13
201400013991,14,1,4,1430,1,2,1,2.0,7,13055,M,4330224.0,544529.0,13
201400013992,14,1,25,1915,5,2,9,1.0,6,13055,M,4333361.0,543120.0,13
201400013993,14,1,20,1240,1,2,3,1.0,7,13055,M,4331660.0,537414.0,13
201400013994,14,8,5,2015,1,2,1,1.0,6,13055,M,,,13
201400013995,14,1,25,1525,1,2,1,1.0,2,13055,M,,,13
201400013996,14,1,10,915,1,2,2,1.0,2,13055,M,4330064.0,538833.0,13
201400013997,14,1,13,1407,5,2,1,2.0,3,13055,M,,,13
201400013998,14,1,25,1215,1,2,2,1.0,3,13055,M,4328958.0,538240.0,13
201400013999,14,1,26,1615,1,2,1,1.0,2,13055,M,4329334.0,537108.0,13
201400014000,14,1,16,1700,2,2,1,2.0,5,13055,M,4336073.0,534258.0,13
201400014001,14,1,16,2040,5,2,1,2.0,3,13055,M,4332087.0,537481.0,13
201400014002,14,11,27,1100,1,2,3,1.0,6,13002,M,,,13
201400014003,14,1,20,1040,1,2,1,2.0,2,13055,M,,,13
201400014004,14,1,24,1520,1,2,1,1.0,3,13055,M,4330089.0,537046.0,13
201400014005,14,1,22,1230,1,2,1,1.0,3,13055,M,4330310.0,537400.0,13
201400014006,14,1,23,1635,1,2,6,1.0,6,13055,M,4329737.0,542698.0,13
201400014007,14,12,1,245,5,2,1,2.0,7,13055,M,4330297.0,547384.0,13
201400014008,14,1,24,1150,1,2,1,1.0,6,13055,M,,,13
201400014009,14,1,27,1630,1,2,3,1.0,3,13055,M,4332056.0,536757.0,13
201400014010,14,1,22,1315,1,2,1,1.0,6,13055,M,,,13
201400014011,14,1,18,930,1,2,1,2.0,7,13055,M,,,13
201400014012,14,1,28,1330,1,2,1,1.0,6,13055,M,,,13
201400014013,14,2,23,1940,5,2,1,8.0,2,13055,M,,,13
201400014014,14,1,14,1200,1,2,1,1.0,1,13055,M,,,13
201400014015,14,2,5,2300,5,2,3,1.0,1,13055,M,4331608.0,538401.0,13
201400014016,14,1,30,800,1,2,1,3.0,3,13106,M,4340841.0,536648.0,13
201400014017,14,2,1,800,1,2,1,3.0,1,13106,M,,,13
201400014018,14,1,13,1140,1,2,1,1.0,3,13055,M,4328414.0,538193.0,13
201400014019,14,2,5,735,1,2,1,3.0,6,13055,M,,,13
201400014020,14,1,27,1635,1,2,1,1.0,4,13055,M,4327635.0,541818.0,13
201400014021,14,10,21,2245,5,2,1,1.0,7,13055,M,4328893.0,543092.0,13
201400014022,14,1,14,1745,2,2,1,2.0,1,13055,M,4328274.0,537430.0,13
201400014023,14,7,31,15,5,2,1,1.0,7,13055,M,,,13
201400014024,14,1,17,1209,1,2,1,1.0,2,13055,M,4333440.0,542877.0,13
201400014025,14,2,9,1030,1,2,2,1.0,3,13055,M,4328332.0,541281.0,13
201400014026,14,2,9,1700,1,2,1,1.0,6,13055,M,,,13
201400014027,14,1,27,1345,1,2,1,1.0,3,13055,M,4332383.0,538442.0,13
201400014028,14,2,6,1230,1,2,1,1.0,6,13055,M,,,13
201400014029,14,1,28,1200,1,2,1,1.0,2,13055,M,4335067.0,535868.0,13
201400014030,14,1,9,1100,1,2,1,1.0,2,13055,M,4329378.0,538732.0,13
201400014031,14,1,27,1830,5,2,1,1.0,3,13055,M,,,13
201400014032,14,1,29,2230,5,2,2,1.0,6,13055,M,4330904.0,537840.0,13
201400014033,14,2,1,540,5,2,2,1.0,3,13055,M,4329073.0,535736.0,13
201400014034,14,1,20,1015,1,1,1,1.0,7,13055,M,,,13
201400014035,14,1,22,910,1,2,1,1.0,3,13055,M,4327745.0,538351.0,13
201400014036,14,1,26,1437,1,2,1,1.0,6,13055,M,4328241.0,543063.0,13
201400014037,14,2,4,1000,1,2,2,1.0,6,13055,M,4328039.0,538719.0,13
201400014038,14,1,13,1945,5,1,1,1.0,3,13055,M,4329677.0,542752.0,13
201400014039,14,1,21,955,1,2,1,1.0,7,13055,M,4329083.0,542638.0,13
201400014040,14,1,22,1125,1,2,1,1.0,3,13055,M,4329373.0,538751.0,13
201400014041,14,1,27,620,5,2,1,1.0,3,13055,M,4328348.0,542700.0,13
201400014042,14,1,26,1730,4,2,9,1.0,3,13055,M,,,13
201400014043,14,1,27,1330,1,2,1,1.0,6,13055,M,4334656.0,535418.0,13
201400014044,14,1,28,1800,5,2,3,2.0,3,13075,M,4335113.0,547181.0,13
201400014045,14,2,13,1620,1,2,1,1.0,6,13055,M,4332817.0,539805.0,13
201400014046,14,2,12,1630,1,2,3,1.0,6,13055,M,4329327.0,540403.0,13
201400014047,14,2,13,520,5,2,2,1.0,6,13055,M,4330193.0,540053.0,13
201400014048,14,2,13,2200,5,2,1,1.0,6,13055,M,4328618.0,547722.0,13
201400014049,14,11,12,1905,5,2,1,1.0,6,13055,M,,,13
201400014050,14,11,13,1005,1,2,3,1.0,1,13055,M,4327070.0,540760.0,13
201400014051,14,1,26,720,5,2,2,1.0,3,13055,M,4328140.0,538324.0,13
201400014052,14,2,14,950,1,2,3,1.0,6,13055,M,4337036.0,535625.0,13
201400014053,14,11,26,1810,5,2,1,3.0,6,13055,M,,,13
201400014054,14,2,15,1500,1,2,1,1.0,6,13055,M,4329680.0,537437.0,13
201400014055,14,2,15,930,5,2,2,1.0,6,13055,M,4332622.0,542073.0,13
201400014056,14,2,16,1130,1,2,1,1.0,6,13055,M,,,13
201400014057,14,2,14,2130,5,2,1,1.0,6,13055,M,,,13
201400014058,14,2,17,1545,1,2,1,1.0,6,13055,M,4329691.0,537909.0,13
201400014059,14,2,17,1845,5,2,1,1.0,1,13055,M,4324655.0,544765.0,13
201400014060,14,2,6,2320,1,2,1,1.0,6,13055,M,4328717.0,538080.0,13
201400014061,14,2,2,1720,2,2,1,1.0,6,13055,M,4329775.0,537091.0,13
201400014062,14,2,3,1710,1,2,1,1.0,6,13055,M,4330824.0,538182.0,13
201400014063,14,1,19,2115,5,2,1,2.0,2,13055,M,4329249.0,540129.0,13
201400014064,14,2,8,2305,5,2,1,8.0,6,13055,M,4331426.0,537604.0,13
201400014065,14,1,9,1145,1,2,1,1.0,7,13055,M,4327189.0,538588.0,13
201400014066,14,1,9,1310,1,2,6,1.0,2,13055,M,4325422.0,538173.0,13
201400014067,14,1,10,815,1,2,3,1.0,3,13055,M,4323500.0,536024.0,13
201400014068,14,1,10,1915,5,2,1,1.0,6,13055,M,4326899.0,542201.0,13
201400014069,14,1,11,920,1,2,1,1.0,2,13055,M,4327892.0,538215.0,13
201400014070,14,1,13,1715,5,2,1,2.0,3,13055,M,,,13
201400014071,14,1,13,1600,1,2,1,2.0,3,13055,M,,,13
201400014072,14,1,22,900,1,2,1,1.0,6,13055,M,,,13
201400014073,14,1,24,930,1,2,1,1.0,6,13055,M,4330174.0,539708.0,13
201400014074,14,2,8,1300,1,2,1,1.0,6,13055,M,,,13
201400014075,14,2,13,2030,5,2,1,1.0,2,13055,M,4332967.0,542729.0,13
201400014076,14,1,14,1030,1,2,1,1.0,6,13002,M,4335576.0,548688.0,13
201400014077,14,1,24,1400,1,2,3,1.0,3,13055,M,4330633.0,538509.0,13
201400014078,14,1,26,1620,1,2,1,1.0,3,13055,M,,,13
201400014079,14,2,8,1900,5,2,1,2.0,6,13055,M,4332806.0,543679.0,13
201400014080,14,2,12,830,1,2,1,1.0,6,13055,M,,,13
201400014081,14,2,12,1130,1,2,1,1.0,2,13055,M,4332745.0,536617.0,13
201400014082,14,2,13,200,5,2,1,1.0,7,13055,M,,,13
201400014083,14,1,29,1,5,2,1,3.0,7,13055,M,,,13
201400014084,14,1,30,1100,1,2,1,3.0,3,13055,M,4330409.0,541081.0,13
201400014085,14,1,17,1730,5,2,6,1.0,7,13055,M,4324606.0,539514.0,13
201400014086,14,2,8,1400,1,2,1,2.0,1,13055,M,4332741.0,535527.0,13
201400014087,14,2,8,2000,3,2,1,2.0,6,13055,M,4333722.0,536277.0,13
201400014088,14,2,19,2040,5,2,1,1.0,6,13055,M,,,13
201400014089,14,1,13,2050,5,2,1,2.0,4,13055,M,4328552.0,538431.0,13
201400014090,14,2,6,2140,5,2,1,1.0,6,13055,M,,,13
201400014091,14,2,2,1805,5,2,6,1.0,3,13055,M,4327266.0,539155.0,13
201400014092,14,2,11,558,3,2,1,1.0,6,13055,M,,,13
201400014093,14,2,20,1140,1,2,1,1.0,2,13055,M,4331910.0,536759.0,13
201400014094,14,2,21,2110,5,1,3,1.0,3,13055,M,4333199.0,538661.0,13
201400014095,14,2,13,1230,1,2,1,1.0,6,13055,M,4328894.0,543043.0,13
201400014096,14,1,28,1325,1,2,1,1.0,3,13055,M,4328039.0,540068.0,13
201400014097,14,2,10,1700,1,2,1,2.0,6,13055,M,4334895.0,537388.0,13
201400014098,14,2,15,1530,1,2,1,1.0,2,13106,M,4338803.0,535999.0,13
201400014099,14,2,21,1630,1,2,1,1.0,2,13055,M,,,13
201400014100,14,1,25,800,1,2,1,1.0,2,13055,M,4328986.0,539836.0,13
201400014101,14,2,14,1300,1,2,1,1.0,6,13055,M,4327970.0,536244.0,13
201400014102,14,2,6,810,1,2,1,1.0,6,13055,M,,,13
201400014103,14,2,6,1715,1,2,1,1.0,6,13055,M,,,13
201400014104,14,2,17,930,1,2,1,1.0,3,13055,M,,,13
201400014105,14,1,6,815,1,2,1,1.0,3,13055,M,,,13
201400014106,14,2,6,900,1,2,1,1.0,6,13055,M,4329200.0,535903.0,13
201400014107,14,1,17,1100,1,2,1,1.0,2,13055,M,,,13
201400014108,14,1,22,1645,1,2,1,1.0,5,13055,M,4325881.0,539930.0,13
201400014109,14,2,14,240,5,2,2,1.0,3,13055,M,4329150.0,537084.0,13
201400014110,14,2,23,1720,1,2,1,1.0,1,13055,M,4331359.0,544741.0,13
201400014111,14,1,9,850,1,2,1,1.0,1,13055,M,4328087.0,538692.0,13
201400014112,14,1,17,750,1,2,1,2.0,3,13055,M,4324975.0,540474.0,13
201400014113,14,1,31,1030,1,2,1,1.0,5,13055,M,4325931.0,541666.0,13
201400014114,14,2,10,1400,1,2,1,2.0,6,13055,M,4327775.0,537550.0,13
201400014115,14,2,17,1415,1,2,3,1.0,6,13055,M,4333403.0,539097.0,13
201400014116,14,1,20,1410,1,2,2,1.0,3,13055,M,4330081.0,538164.0,13
201400014117,14,1,22,850,1,2,1,1.0,2,13055,M,4330225.0,539514.0,13
201400014118,14,2,10,1755,1,2,1,2.0,2,13055,M,4329902.0,538644.0,13
201400014119,14,2,12,1850,1,2,1,1.0,6,13055,M,4329495.0,538185.0,13
201400014120,14,2,11,1700,1,2,2,1.0,3,13055,M,4329692.0,537363.0,13
201400014121,14,1,29,845,1,2,1,1.0,6,13055,M,,,13
201400014122,14,2,3,1220,1,2,1,1.0,6,13055,M,,,13
201400014123,14,1,12,1400,1,2,1,1.0,6,13055,M,4331550.0,538924.0,13
201400014124,14,2,11,1715,1,2,1,1.0,6,13055,M,4329794.0,542560.0,13
201400014125,14,2,4,1315,1,2,1,1.0,6,13055,M,4331700.0,540848.0,13
201400014126,14,1,24,800,1,2,1,1.0,2,13055,M,,,13
201400014127,14,2,4,1600,1,2,3,1.0,1,13055,M,4333355.0,540739.0,13
201400014128,14,2,4,1930,5,2,1,1.0,2,13055,M,4333082.0,537232.0,13
201400014129,14,2,12,845,1,2,1,1.0,6,13055,M,4332170.0,537595.0,13
201400014130,14,2,12,200,1,2,1,1.0,2,13055,M,4337504.0,535577.0,13
201400014131,14,2,16,1615,1,2,4,1.0,6,13055,M,4333066.0,540479.0,13
201400014132,14,2,19,1410,1,2,1,1.0,6,13055,M,4328689.0,540044.0,13
201400014133,14,2,19,1700,1,1,1,1.0,6,13055,M,4330446.0,541479.0,13
201400014134,14,2,14,1215,1,2,1,1.0,6,13055,M,4328493.0,538824.0,13
201400014135,14,1,17,2100,5,2,1,1.0,2,13055,M,,,13
201400014136,14,2,22,30,5,2,1,1.0,1,13075,M,4334606.0,545718.0,13
201400014137,14,2,27,2245,5,2,2,1.0,1,13055,M,4328915.0,538745.0,13
201400014138,14,2,27,2230,5,2,1,1.0,2,13055,M,4328859.0,544159.0,13
201400014139,14,3,2,1715,1,2,1,1.0,2,13055,M,4333945.0,538652.0,13
201400014140,14,3,4,830,1,2,1,1.0,6,13055,M,4331146.0,538283.0,13
201400014141,14,1,12,1415,1,2,2,1.0,3,13055,M,4330064.0,538834.0,13
201400014142,14,1,24,1300,1,2,1,1.0,6,13055,M,,,13
201400014143,14,2,18,1515,1,1,1,1.0,6,13055,M,4329279.0,537478.0,13
201400014144,14,2,19,1610,2,2,1,1.0,6,13055,M,4329999.0,538072.0,13
201400014145,14,2,24,940,1,2,1,1.0,6,13055,M,4327875.0,539683.0,13
201400014146,14,2,23,1400,1,2,1,1.0,6,13055,M,,,13
201400014147,14,1,24,1540,1,2,2,1.0,6,13055,M,4329890.0,538903.0,13
201400014148,14,2,22,1750,1,2,3,1.0,3,13055,M,4330463.0,539882.0,13
201400014149,14,2,27,2000,5,2,1,2.0,2,13055,M,4335931.0,535763.0,13
201400014150,14,2,23,1345,1,2,3,1.0,3,13055,M,4330453.0,540085.0,13
201400014151,14,2,7,1410,1,2,1,1.0,6,13055,M,4327933.0,538408.0,13
201400014152,14,2,7,2050,5,2,1,8.0,6,13055,M,4327321.0,539124.0,13
201400014153,14,2,14,2240,5,1,1,1.0,3,13055,M,,,13
201400014154,14,2,15,2050,5,2,1,1.0,6,13055,M,,,13
201400014155,14,2,6,850,1,1,1,1.0,6,13055,M,4325073.0,538848.0,13
201400014156,14,1,6,1140,1,2,1,1.0,6,13055,M,4328163.0,538417.0,13
201400014157,14,1,9,830,1,2,1,1.0,6,13055,M,4327876.0,538047.0,13
201400014158,14,2,1,430,5,2,1,1.0,2,13055,M,4327394.0,539083.0,13
201400014159,14,2,6,1545,1,2,1,1.0,6,13055,M,,,13
201400014160,14,2,5,940,1,2,1,3.0,5,13055,M,,,13
201400014161,14,2,5,1650,1,2,1,1.0,6,13055,M,,,13
201400014162,14,2,6,1130,1,1,1,1.0,3,13055,M,,,13
201400014163,14,2,11,1700,1,2,1,1.0,3,13055,M,4326031.0,538701.0,13
201400014164,14,1,23,1245,1,2,1,1.0,6,13055,M,4327750.0,539891.0,13
201400014165,14,3,6,145,5,2,2,1.0,6,13055,M,,,13
201400014166,14,3,6,230,5,2,2,1.0,3,13055,M,4329068.0,536646.0,13
201400014167,14,1,29,1910,5,2,1,1.0,2,13055,M,4328877.0,535378.0,13
201400014168,14,2,22,2030,5,2,1,1.0,6,13055,M,4330415.0,538788.0,13
201400014169,14,1,25,2010,5,2,1,1.0,6,13055,M,4328043.0,540072.0,13
201400014170,14,2,17,1200,1,2,3,1.0,3,13055,M,4326366.0,538945.0,13
201400014171,14,2,21,2140,5,2,1,1.0,1,13055,M,4328588.0,541973.0,13
201400014172,14,2,25,1930,5,2,3,1.0,3,13055,M,4328166.0,542829.0,13
201400014173,14,2,26,2350,5,2,2,2.0,3,13055,M,,,13
201400014174,14,2,21,1340,1,2,1,1.0,6,13055,M,4328549.0,539882.0,13
201400014175,14,3,2,1415,1,2,2,1.0,3,13055,M,4330962.0,543752.0,13
201400014176,14,2,25,1305,1,2,1,2.0,6,13002,M,,,13
201400014177,14,2,12,1905,5,2,3,1.0,3,13055,M,4329727.0,538012.0,13
201400014178,14,3,1,1830,1,2,1,1.0,2,13055,M,,,13
201400014179,14,2,6,940,1,2,1,1.0,6,13055,M,4334882.0,537540.0,13
201400014180,14,2,16,1345,1,2,3,1.0,3,13055,M,4332374.0,539313.0,13
201400014181,14,2,18,650,5,2,1,1.0,2,13055,M,4333062.0,541120.0,13
201400014182,14,2,19,1045,1,2,3,1.0,3,13055,M,4337516.0,535581.0,13
201400014183,14,2,20,725,2,2,1,1.0,6,13055,M,,,13
201400014184,14,2,22,1840,5,2,1,1.0,6,13055,M,,,13