Num_Acc,an,mois,jour,hrmn,lum,agg,int,atm,col,com,gps,lat,long,dep
201400014185,14,3,12,724,1,2,1,1.0,2,13055,M,,,13
201400014186,14,3,9,630,2,2,2,1.0,3,13055,M,4329987.0,539967.0,13
201400014187,14,3,13,2245,5,2,1,1.0,6,13055,M,,,13
201400014188,14,3,15,255,5,2,1,1.0,6,13055,M,4332855.0,536480.0,13
201400014189,14,2,14,1610,1,2,3,1.0,3,13055,M,4326579.0,538741.0,13
201400014190,14,2,3,2130,5,2,3,2.0,6,13055,M,4334017.0,534867.0,13
201400014191,14,3,17,1315,1,2,3,1.0,3,13055,M,4333445.0,535811.0,13
201400014192,14,3,18,910,1,2,1,1.0,6,13055,M,4325723.0,538298.0,13
201400014193,14,2,4,1415,1,2,1,1.0,6,13055,M,4331299.0,538529.0,13
201400014194,14,2,21,1535,1,2,1,1.0,6,13055,M,4329973.0,538196.0,13
201400014195,14,1,14,1145,1,2,1,1.0,6,13055,M,4326943.0,538818.0,13
201400014196,14,2,20,850,1,2,1,1.0,6,13055,M,4327938.0,538709.0,13
201400014197,14,2,6,1040,1,2,3,1.0,6,13055,M,4330781.0,542931.0,13
201400014198,14,2,15,1720,1,2,1,1.0,6,13055,M,,,13
201400014199,14,2,27,1430,1,2,1,1.0,6,13055,M,,,13
201400014200,14,2,6,920,1,2,1,1.0,6,13055,M,4324485.0,537682.0,13
201400014201,14,3,7,1115,1,2,1,1.0,6,13055,M,4324836.0,540079.0,13
201400014202,14,2,19,1205,1,2,1,1.0,6,13055,M,4329290.0,538248.0,13
201400014203,14,3,1,1700,1,2,2,1.0,3,13055,M,,,13
201400014204,14,3,4,2230,5,2,2,1.0,3,13055,M,4328995.0,537257.0,13
201400014205,14,2,21,2030,5,2,2,1.0,6,13055,M,4331430.0,536968.0,13
201400014206,14,3,6,100,5,2,1,1.0,6,13055,M,4328161.0,542503.0,13
201400014207,14,2,26,1110,1,2,1,2.0,3,13055,M,4331902.0,540821.0,13
201400014208,14,3,3,1400,1,2,1,1.0,2,13075,M,4334178.0,545713.0,13
201400014209,14,3,2,1300,1,2,1,1.0,6,13055,M,,,13
201400014210,14,3,19,1310,1,2,1,1.0,6,13055,M,4330390.0,540097.0,13
201400014211,14,1,30,1330,1,2,1,3.0,1,13055,M,4324792.0,545461.0,13
201400014212,14,1,30,1900,5,2,1,2.0,6,13055,M,4324803.0,537502.0,13
201400014213,14,2,11,1745,1,1,1,1.0,6,13055,M,4324605.0,539234.0,13
201400014214,14,3,16,630,1,2,2,1.0,3,13055,M,4326478.0,540940.0,13
201400014215,14,3,14,1330,1,2,1,1.0,4,13055,M,4332264.0,545561.0,13
201400014216,14,2,23,1345,1,2,1,1.0,6,13055,M,4326838.0,540540.0,13
201400014217,14,3,5,2330,5,2,2,1.0,3,13055,M,4330904.0,537840.0,13
201400014218,14,3,9,430,5,2,1,1.0,6,13055,M,4326858.0,537051.0,13
201400014219,14,3,11,2340,5,2,1,1.0,2,13055,M,4328301.0,537879.0,13
201400014220,14,3,21,245,5,2,1,1.0,6,13055,M,4326887.0,536901.0,13
201400014221,14,3,10,1345,1,2,1,1.0,6,13055,M,,,13
201400014222,14,3,1,2145,5,2,1,1.0,6,13055,M,4337430.0,535572.0,13
201400014223,14,3,4,830,1,2,1,1.0,6,13055,M,4333065.0,536505.0,13
201400014224,14,3,5,1510,1,2,1,1.0,2,13055,M,4332609.0,537712.0,13
201400014225,14,3,7,1230,1,2,3,1.0,3,13055,M,4333973.0,541378.0,13
201400014226,14,3,23,1140,1,2,1,1.0,2,13055,M,4328938.0,543782.0,13
201400014227,14,3,11,1415,1,2,2,1.0,2,13055,M,4330289.0,536753.0,13
201400014228,14,2,9,510,5,2,1,1.0,7,13055,M,,,13
201400014229,14,3,2,1955,5,2,1,1.0,1,13055,M,4328557.0,539495.0,13
201400014230,14,3,19,1530,1,2,2,1.0,6,13055,M,4329381.0,540960.0,13
201400014231,14,3,11,1740,1,2,1,1.0,6,13055,M,4333787.0,535372.0,13
201400014232,14,2,15,1450,1,2,3,1.0,6,13055,M,4330293.0,539689.0,13
201400014233,14,2,27,1400,1,2,1,1.0,6,13055,M,4329773.0,537402.0,13
201400014234,14,3,4,1145,1,2,2,1.0,3,13055,M,4329770.0,539053.0,13
201400014235,14,3,5,1430,1,2,2,1.0,6,13055,M,4328771.0,536241.0,13
201400014236,14,3,16,750,1,2,1,1.0,6,13055,M,4331018.0,537004.0,13
201400014237,14,2,20,2030,5,2,1,1.0,6,13055,M,4331688.0,540468.0,13
201400014238,14,3,9,150,5,2,3,1.0,6,13055,M,4329573.0,539075.0,13
201400014239,14,3,14,1930,5,2,1,1.0,6,13055,M,,,13
201400014240,14,3,13,2000,5,2,1,1.0,4,13055,M,4332124.0,536760.0,13
201400014241,14,2,20,1805,2,2,1,1.0,6,13002,M,,,13
201400014242,14,3,8,1930,2,2,3,1.0,5,13055,M,4334267.0,535965.0,13
201400014243,14,3,19,845,1,2,1,1.0,6,13055,M,4330381.0,536497.0,13
201400014244,14,3,16,520,5,2,1,1.0,6,13055,M,4328626.0,547560.0,13
201400014245,14,3,10,1320,1,2,1,1.0,6,13055,M,,,13
201400014246,14,2,27,815,1,2,1,1.0,6,13055,M,4330571.0,539942.0,13
201400014247,14,1,16,800,1,2,3,1.0,3,13055,M,4329162.0,540599.0,13
201400014248,14,2,7,1610,1,2,2,1.0,3,13055,M,4329586.0,540040.0,13
201400014249,14,3,13,1350,1,2,1,7.0,4,13055,M,4330226.0,544396.0,13
201400014250,14,2,22,1440,1,2,1,1.0,6,13055,M,4329003.0,539985.0,13
201400014251,14,3,12,1940,5,2,1,1.0,2,13055,M,4329004.0,539984.0,13
201400014252,14,3,13,1515,1,2,3,1.0,6,13055,M,4331083.0,542186.0,13
201400014253,14,3,12,1145,1,2,1,1.0,6,13055,M,4329126.0,546165.0,13
201400014254,14,1,28,1500,1,2,1,1.0,6,13055,M,,,13
201400014255,14,2,4,1210,1,2,1,1.0,6,13055,M,,,13
201400014256,14,3,11,1600,1,2,1,1.0,6,13055,M,4330050.0,537061.0,13
201400014257,14,3,11,2105,5,2,1,1.0,6,13055,M,4333265.0,535883.0,13
201400014258,14,1,22,810,1,2,2,1.0,3,13055,M,4328922.0,537858.0,13
201400014259,14,3,9,2200,5,2,1,1.0,6,13055,M,,,13
201400014260,14,3,10,2220,5,2,2,1.0,3,13055,M,4329584.0,540015.0,13
201400014261,14,2,25,1355,1,2,1,2.0,6,13055,M,,,13
201400014262,14,3,4,1100,1,2,1,1.0,2,13055,M,,,13
201400014263,14,1,21,1715,1,2,1,1.0,5,13055,M,4331997.0,536742.0,13
201400014264,14,3,1,1130,1,2,1,1.0,5,13055,M,4325485.0,540103.0,13
201400014265,14,3,11,1240,1,2,1,1.0,6,13055,M,,,13
201400014266,14,1,30,805,2,2,1,1.0,6,13055,M,4333871.0,540767.0,13
201400014267,14,2,17,655,2,2,1,1.0,1,13106,M,4339067.0,536297.0,13
201400014268,14,2,20,1420,1,1,1,1.0,6,13055,M,,,13
201400014269,14,3,18,1745,1,2,1,1.0,6,13055,M,4332342.0,538929.0,13
201400014270,14,3,15,2020,5,2,1,1.0,2,13055,M,,,13
201400014271,14,2,6,1810,2,2,1,1.0,6,13055,M,4330364.0,538630.0,13
201400014272,14,3,3,700,2,2,1,3.0,6,13055,M,4329010.0,535624.0,13
201400014273,14,3,9,2045,5,2,1,1.0,6,13055,M,,,13
201400014274,14,3,16,2325,5,2,1,1.0,6,13055,M,4329831.0,537405.0,13
201400014275,14,2,27,1900,5,2,3,2.0,6,13055,M,4326859.0,538871.0,13
201400014276,14,3,2,1910,5,1,1,1.0,6,13055,M,4327116.0,542576.0,13
201400014277,14,3,7,705,2,2,1,1.0,6,13055,M,4323420.0,543605.0,13
201400014278,14,3,15,1220,1,2,1,1.0,6,13055,M,4332689.0,540808.0,13
201400014279,14,1,3,1340,1,2,2,1.0,3,13055,M,4326638.0,538140.0,13
201400014280,14,3,26,1600,1,2,1,2.0,1,13055,M,4323844.0,536237.0,13
201400014281,14,3,22,1900,5,2,1,2.0,6,13055,M,4331120.0,537806.0,13
201400014282,14,3,20,800,1,2,1,1.0,6,13055,M,,,13
201400014283,14,3,13,1840,2,2,1,1.0,6,13055,M,,,13
201400014284,14,3,14,1450,1,2,1,1.0,1,13055,M,4326012.0,541588.0,13
201400014285,14,3,14,1800,1,2,1,1.0,6,13055,M,4326509.0,540372.0,13
201400014286,14,3,20,1130,1,2,1,1.0,6,13055,M,4327315.0,539903.0,13
201400014287,14,3,19,1825,1,2,1,1.0,6,13055,M,4331526.0,544446.0,13
201400014288,14,3,16,1254,1,2,1,1.0,2,13055,M,4331695.0,543684.0,13
201400014289,14,3,17,1245,1,2,1,1.0,6,13055,M,,,13
201400014290,14,1,18,1135,1,2,1,1.0,6,13055,M,4333079.0,542773.0,13
201400014291,14,3,3,920,1,2,1,8.0,6,13055,M,4331583.0,538484.0,13
201400014292,14,2,18,1600,1,2,1,1.0,2,13106,M,,,13
201400014293,14,3,27,1155,1,2,1,1.0,6,13055,M,4330163.0,540056.0,13
201400014294,14,3,23,1240,1,2,1,1.0,6,13055,M,4325119.0,538789.0,13
201400014295,14,4,1,1750,1,2,1,1.0,6,13055,M,,,13
201400014296,14,4,4,1325,1,2,3,1.0,6,13055,M,4329519.0,539081.0,13
201400014297,14,1,11,1145,1,2,1,1.0,6,13055,M,,,13
201400014298,14,4,4,1310,1,2,2,1.0,3,13055,M,4329088.0,538830.0,13
201400014299,14,4,5,2215,4,2,1,1.0,6,13055,M,4326516.0,537353.0,13
201400014300,14,4,7,245,5,2,1,1.0,7,13055,M,4326812.0,537913.0,13
201400014301,14,4,6,1920,1,2,1,1.0,6,13055,M,4329417.0,549223.0,13
201400014302,14,3,7,1200,1,2,1,2.0,6,13055,M,4331321.0,538627.0,13
201400014303,14,4,7,2310,5,2,3,1.0,3,13055,M,4333195.0,540658.0,13
201400014304,14,3,28,740,2,2,1,1.0,6,13055,M,,,13
201400014305,14,2,7,830,1,2,1,3.0,1,13055,M,,,13
201400014306,14,3,6,1330,1,2,1,1.0,6,13055,M,4325797.0,539979.0,13
201400014307,14,3,24,1900,2,2,1,1.0,6,13055,M,4329629.0,548280.0,13
201400014308,14,3,25,1300,1,2,1,1.0,6,13055,M,4326016.0,541585.0,13
201400014309,14,3,12,1240,1,2,6,1.0,2,13055,M,,,13
201400014310,14,3,4,930,1,2,1,1.0,1,13055,M,4330189.0,537440.0,13
201400014311,14,2,23,1030,1,2,2,1.0,3,13055,M,4333019.0,540976.0,13
201400014312,14,3,18,800,1,2,1,1.0,6,13055,M,,,13
201400014313,14,2,19,1505,1,2,1,1.0,1,13055,M,,,13
201400014314,14,2,20,800,1,2,1,1.0,6,13055,M,4330475.0,536971.0,13
201400014315,14,3,11,2030,5,2,2,1.0,5,13055,M,,,13
201400014316,14,3,21,1815,1,2,1,1.0,6,13055,M,,,13
201400014317,14,4,8,1150,1,2,3,1.0,6,13055,M,4334360.0,538536.0,13
201400014318,14,4,7,705,2,2,1,1.0,6,13055,M,4332512.0,541473.0,13
201400014319,14,2,26,410,5,2,2,1.0,3,13055,M,4330768.0,542536.0,13
201400014320,14,3,9,215,5,2,1,1.0,3,13055,M,,,13
201400014321,14,3,21,1830,1,2,1,1.0,2,13055,M,4328290.0,539196.0,13
201400014322,14,3,18,1230,1,2,1,1.0,6,13055,M,4332060.0,537380.0,13
201400014323,14,3,10,1735,1,2,1,1.0,6,13055,M,,,13
201400014324,14,3,19,1105,1,2,3,1.0,5,13075,M,4334345.0,545809.0,13
201400014325,14,3,21,1400,1,2,6,1.0,6,13002,M,4335708.0,548814.0,13
201400014326,14,4,9,30,5,2,1,1.0,6,13055,M,4332603.0,537730.0,13
201400014327,14,2,13,815,1,2,1,1.0,6,13075,M,,,13
201400014328,14,2,8,504,5,2,2,1.0,3,13055,M,4329341.0,540309.0,13
201400014329,14,3,13,1300,1,2,1,1.0,6,13055,M,4327548.0,538434.0,13
201400014330,14,3,15,1840,2,1,1,6.0,1,13055,M,4324499.0,542801.0,13
201400014331,14,1,30,945,1,2,1,1.0,6,13055,M,4328114.0,542961.0,13
201400014332,14,2,9,1600,1,1,1,1.0,6,13055,M,4327479.0,539974.0,13
201400014333,14,2,26,1620,1,2,1,1.0,6,13055,M,4326682.0,537256.0,13
201400014334,14,4,9,1710,1,2,1,1.0,5,13055,M,4333081.0,537232.0,13
201400014335,14,4,9,2130,5,2,2,1.0,3,13055,M,4332922.0,536555.0,13
201400014336,14,3,28,1710,1,2,1,1.0,6,13055,M,,,13
201400014337,14,3,28,1110,1,2,1,1.0,6,13055,M,4328669.0,538653.0,13
201400014338,14,4,9,1745,1,2,1,1.0,6,13055,M,,,13
201400014339,14,3,14,715,2,2,1,1.0,2,13055,M,,,13
201400014340,14,3,14,1715,1,2,1,1.0,6,13055,M,4330836.0,537410.0,13
201400014341,14,3,21,920,1,2,1,1.0,2,13055,M,4332297.0,536771.0,13
201400014342,14,3,16,1700,1,2,2,1.0,3,13055,M,4327908.0,538286.0,13
201400014343,14,3,26,1330,1,2,6,1.0,6,13055,M,,,13
201400014344,14,3,5,1330,1,2,1,1.0,2,13055,M,4333773.0,540751.0,13
201400014345,14,3,6,1330,1,2,1,1.0,6,13055,M,,,13
201400014346,14,3,26,1450,1,2,1,2.0,6,13055,M,4334250.0,535991.0,13
201400014347,14,3,24,1815,1,2,1,1.0,6,13075,M,4334485.0,545824.0,13
201400014348,14,4,10,2055,2,2,1,1.0,6,13055,M,4328442.0,534970.0,13
201400014349,14,4,12,1630,1,2,1,1.0,6,13055,M,4329013.0,537821.0,13
201400014350,14,3,28,2030,5,2,2,1.0,3,13075,M,4334500.0,0.0,13
201400014351,14,3,25,1415,1,2,1,1.0,2,13055,M,,,13
201400014352,14,2,19,1130,1,2,1,1.0,6,13055,M,4330816.0,543532.0,13
201400014353,14,4,14,925,1,2,3,1.0,6,13055,M,4333236.0,540404.0,13
201400014354,14,3,14,1030,1,2,3,1.0,3,13055,M,4328982.0,540719.0,13
201400014355,14,3,11,2200,5,2,1,1.0,6,13055,M,4327268.0,541159.0,13
201400014356,14,3,22,2100,5,2,1,1.0,6,13055,M,4326585.0,541170.0,13
201400014357,14,4,1,835,1,2,1,1.0,6,13055,M,4326722.0,538952.0,13
201400014358,14,3,28,1430,1,2,1,1.0,6,13055,M,,,13
201400014359,14,3,28,1800,1,2,1,1.0,6,13055,M,,,13
201400014360,14,1,27,1320,1,2,3,1.0,2,13055,M,4329780.0,548273.0,13
201400014361,14,3,15,1750,1,2,1,1.0,1,13055,M,4330055.0,543435.0,13
201400014362,14,3,25,920,1,2,1,1.0,2,13055,M,4333118.0,537367.0,13
201400014363,14,3,26,1715,1,2,1,1.0,6,13055,M,4333058.0,537136.0,13
201400014364,14,3,3,930,1,2,1,1.0,2,13055,M,4332462.0,542445.0,13
201400014365,14,3,10,930,1,2,1,1.0,2,13055,M,,,13
201400014366,14,3,21,1715,1,2,1,1.0,6,13055,M,,,13
201400014367,14,3,12,1100,1,2,1,2.0,2,13055,M,4333201.0,543428.0,13
201400014368,14,3,27,1930,5,2,1,1.0,2,13055,M,4330410.0,542249.0,13
201400014369,14,3,25,2020,5,1,1,1.0,6,13055,M,4332639.0,543864.0,13
201400014370,14,3,25,1950,5,2,1,2.0,6,13055,M,,,13
201400014371,14,3,27,1215,1,2,3,1.0,6,13055,M,,,13
201400014372,14,3,26,1815,1,2,1,2.0,1,13002,M,,,13
201400014373,14,4,2,1510,1,2,1,1.0,6,13002,M,,,13
201400014374,14,1,30,1330,1,2,1,2.0,6,13055,M,4328064.0,536874.0,13
201400014375,14,3,5,1020,1,2,1,1.0,6,13055,M,4328724.0,538506.0,13
201400014376,14,3,15,1330,1,2,1,1.0,6,13055,M,4329955.0,537743.0,13
201400014377,14,3,26,245,5,2,1,1.0,6,13055,M,,,13
201400014378,14,3,27,1520,1,2,1,1.0,6,13055,M,4329115.0,538305.0,13
201400014379,14,3,28,800,1,2,2,1.0,3,13055,M,4328607.0,538700.0,13
201400014380,14,3,31,755,1,2,2,1.0,3,13055,M,4328996.0,538834.0,13
201400014381,14,3,31,1330,1,2,1,1.0,6,13055,M,,,13
201400014382,14,3,28,1500,1,2,1,1.0,6,13055,M,4331381.0,536811.0,13
201400014383,14,3,21,1410,1,2,1,1.0,3,13055,M,,,13
201400014384,14,3,25,1445,1,2,1,1.0,4,13055,M,4333181.0,542878.0,13
201400014385,14,4,4,1510,1,2,1,8.0,6,13055,M,4332122.0,538985.0,13
201400014386,14,3,31,1300,1,2,1,1.0,6,13055,M,,,13
201400014387,14,3,19,1810,1,2,1,1.0,6,13055,M,,,13
201400014388,14,4,2,1125,1,2,1,1.0,2,13055,M,4331780.0,539056.0,13
201400014389,14,4,12,2240,5,2,3,1.0,3,13055,M,4330887.0,538059.0,13
201400014390,14,4,1,930,1,2,1,1.0,6,13055,M,4328877.0,539430.0,13
201400014391,14,4,5,1650,1,2,1,1.0,6,13055,M,4329723.0,537409.0,13
201400014392,14,4,5,1425,1,1,7,1.0,3,13055,M,4325060.0,540378.0,13
201400014393,14,4,2,1910,1,2,1,1.0,6,13055,M,4328081.0,540123.0,13
201400014394,14,4,4,935,1,2,1,1.0,6,13055,M,4329093.0,544188.0,13
201400014395,14,4,10,1345,1,2,1,1.0,6,13055,M,4332685.0,542307.0,13
201400014396,14,4,11,2230,5,2,1,1.0,6,13055,M,,,13
201400014397,14,3,27,1600,1,2,3,1.0,6,13002,M,4333599.0,545549.0,13
201400014398,14,3,28,1820,1,2,1,1.0,2,13075,M,4334265.0,545750.0,13
201400014399,14,4,8,1700,1,2,1,1.0,6,13002,M,,,13
201400014400,14,4,2,745,1,2,1,1.0,6,13055,M,4337077.0,534697.0,13
201400014401,14,4,2,1630,1,2,2,1.0,3,13055,M,4333027.0,537008.0,13
201400014402,14,4,6,850,1,2,1,1.0,6,13055,M,,,13
201400014403,14,4,15,1720,1,2,1,1.0,6,13055,M,4333079.0,540757.0,13
201400014404,14,3,2,1540,1,2,1,1.0,6,13055,M,4331343.0,536814.0,13
201400014405,14,3,8,1830,2,2,1,1.0,2,13055,M,,,13
201400014406,14,4,2,1330,1,2,2,1.0,3,13055,M,4328781.0,535966.0,13
201400014407,14,4,7,1610,1,2,1,1.0,6,13055,M,4329198.0,537512.0,13
201400014408,14,3,31,1915,1,2,1,1.0,6,13055,M,,,13
201400014409,14,4,3,1345,1,2,2,1.0,3,13055,M,4330940.0,542279.0,13
201400014410,14,4,16,1450,1,2,1,1.0,6,13055,M,4326612.0,540079.0,13
201400014411,14,2,5,750,1,2,1,1.0,6,13055,M,4329500.0,538820.0,13
201400014412,14,3,14,1620,1,2,1,1.0,1,13055,M,4329026.0,536897.0,13
201400014413,14,4,9,1500,1,2,1,1.0,2,13055,M,4330658.0,537446.0,13
201400014414,14,4,4,730,1,2,1,1.0,6,13055,M,4326853.0,540913.0,13
201400014415,14,3,27,2000,5,2,1,1.0,6,13055,M,4326719.0,540795.0,13
201400014416,14,4,9,2300,5,2,1,1.0,1,13055,M,4326273.0,539306.0,13
201400014417,14,3,18,1350,1,2,1,1.0,6,13055,M,,,13
201400014418,14,4,1,1755,1,2,1,1.0,6,13055,M,4333264.0,535980.0,13
201400014419,14,4,7,1715,1,2,1,1.0,6,13055,M,,,13
201400014420,14,4,18,1315,1,2,2,1.0,2,13055,M,4328863.0,537882.0,13
201400014421,14,4,18,8,5,2,2,1.0,3,13055,M,4328985.0,536630.0,13
201400014422,14,4,6,2150,5,2,3,1.0,6,13055,M,4325338.0,539457.0,13
201400014423,14,3,20,1730,1,2,1,1.0,6,13055,M,4323426.0,540928.0,13
201400014424,14,4,4,1800,1,2,1,1.0,6,13055,M,4326648.0,538153.0,13
201400014425,14,4,4,2245,5,2,1,1.0,6,13055,M,4327199.0,541031.0,13
201400014426,14,4,4,1340,1,2,3,1.0,3,13055,M,4328600.0,545163.0,13
201400014427,14,3,30,1500,1,2,1,1.0,6,13055,M,4321333.0,562658.0,13
201400014428,14,4,5,1340,1,2,1,1.0,6,13055,M,4331114.0,538450.0,13
201400014429,14,4,19,2015,2,2,1,1.0,6,13075,M,,,13
201400014430,14,2,25,1700,1,2,1,1.0,6,13055,M,4326462.0,539169.0,13
201400014431,14,4,3,1600,1,2,3,1.0,6,13055,M,4325300.0,540206.0,13
201400014432,14,4,1,1320,1,2,1,1.0,6,13055,M,4328323.0,538695.0,13
201400014433,14,4,8,1050,1,2,1,1.0,6,13055,M,4327084.0,538633.0,13
201400014434,14,4,14,1430,1,2,1,1.0,2,13055,M,4332089.0,545812.0,13
201400014435,14,4,15,800,1,2,1,1.0,6,13055,M,4327912.0,541236.0,13
201400014436,14,4,16,1900,1,2,1,1.0,6,13055,M,4329141.0,542245.0,13
201400014437,14,4,9,1145,1,2,3,1.0,3,13055,M,4332061.0,540997.0,13
201400014438,14,1,8,2220,5,2,3,1.0,6,13055,M,4332047.0,538053.0,13
201400014439,14,4,25,650,1,2,1,1.0,6,13055,M,4328595.0,538554.0,13
201400014440,14,4,25,5,5,2,1,1.0,6,13055,M,,,13
201400014441,14,4,19,1600,1,1,1,1.0,1,13002,M,,,13
201400014442,14,2,6,1530,1,2,1,1.0,6,13055,M,,,13
201400014443,14,4,15,1030,1,2,1,1.0,6,13055,M,,,13
201400014444,14,4,11,915,1,2,1,1.0,6,13055,M,4329363.0,537439.0,13
201400014445,14,4,12,1415,1,2,1,1.0,6,13055,M,4328913.0,542770.0,13
201400014446,14,4,15,1400,1,2,2,1.0,3,13055,M,4330972.0,540154.0,13
201400014447,14,4,9,1930,2,2,1,1.0,1,13055,M,4331613.0,536718.0,13
201400014448,14,4,8,1230,1,2,1,1.0,1,13055,M,4327932.0,538409.0,13
201400014449,14,4,9,1145,1,2,3,1.0,3,13055,M,4329874.0,548122.0,13
201400014450,14,4,14,1845,1,2,1,1.0,6,13055,M,,,13
201400014451,14,2,3,820,1,2,1,1.0,1,13055,M,4327878.0,537735.0,13
201400014452,14,4,1,1930,1,2,1,1.0,6,13055,M,4328301.0,539954.0,13
201400014453,14,4,5,400,5,2,1,1.0,6,13055,M,4326874.0,538580.0,13
201400014454,14,4,3,2050,5,2,1,1.0,6,13055,M,,,13
201400014455,14,4,4,700,2,2,3,1.0,5,13055,M,4333717.0,540871.0,13
201400014456,14,4,7,1720,1,2,1,1.0,6,13055,M,,,13
201400014457,14,3,13,1510,1,2,1,1.0,6,13055,M,4329765.0,538119.0,13
201400014458,14,3,27,1245,1,2,1,1.0,2,13055,M,4329963.0,539716.0,13
201400014459,14,4,10,1715,1,2,2,1.0,6,13055,M,4331279.0,538635.0,13
201400014460,14,4,16,800,1,2,1,1.0,6,13055,M,4336109.0,532849.0,13
201400014461,14,4,16,1430,1,2,1,1.0,6,13055,M,4330417.0,536802.0,13
201400014462,14,3,21,1800,1,2,1,1.0,6,13055,M,4329571.0,537578.0,13
201400014463,14,4,19,1850,1,2,1,1.0,6,13055,M,,,13
201400014464,14,4,15,1954,1,2,1,1.0,6,13055,M,4329560.0,548794.0,13
201400014465,14,3,31,835,1,2,1,1.0,6,13002,M,,,13
201400014466,14,4,10,1915,1,2,3,1.0,2,13055,M,4328109.0,539943.0,13
201400014467,14,2,6,2020,5,2,1,1.0,6,13055,M,4329218.0,540364.0,13
201400014468,14,4,1,1430,1,2,1,1.0,6,13055,M,4330407.0,539828.0,13
201400014469,14,4,3,2100,5,2,1,1.0,2,13055,M,4328820.0,539237.0,13
201400014470,14,4,7,2020,2,2,1,1.0,6,13055,M,4329215.0,539264.0,13
201400014471,14,4,15,1410,1,2,1,1.0,6,13055,M,4330107.0,539124.0,13
201400014472,14,4,10,845,1,2,2,1.0,6,13055,M,,,13
201400014473,14,1,9,1700,2,2,1,1.0,1,13055,M,4328697.0,544583.0,13
201400014474,14,1,29,1030,1,2,1,3.0,2,13055,M,4330938.0,540567.0,13
201400014475,14,4,2,1940,1,2,2,1.0,3,13055,M,4330766.0,541611.0,13
201400014476,14,4,3,1615,1,2,1,1.0,2,13055,M,,,13
201400014477,14,4,6,1210,1,2,1,1.0,6,13055,M,4331689.0,543865.0,13
201400014478,14,3,30,1200,1,2,1,1.0,6,13055,M,4328873.0,545835.0,13
201400014479,14,4,28,1600,1,2,1,1.0,6,13055,M,,,13
201400014480,14,2,5,345,5,2,1,2.0,6,13055,M,4327958.0,542358.0,13
201400014481,14,1,12,535,5,2,1,1.0,6,13055,M,,,13
201400014482,14,4,5,1515,1,2,3,1.0,6,13055,M,4328917.0,535459.0,13
201400014483,14,4,7,1115,1,2,2,1.0,3,13055,M,4329590.0,539362.0,13
201400014484,14,4,17,800,1,2,1,1.0,6,13055,M,4332828.0,535949.0,13
201400014485,14,4,19,2105,5,2,1,1.0,6,13055,M,4327805.0,538329.0,13
201400014486,14,3,31,900,1,2,1,1.0,2,13055,M,4324521.0,542695.0,13
201400014487,14,4,17,840,1,2,1,1.0,6,13055,M,,,13
201400014488,14,4,17,1730,1,2,1,1.0,6,13055,M,4330087.0,537108.0,13
201400014489,14,4,18,1200,1,2,1,1.0,6,13055,M,4331610.0,540062.0,13
201400014490,14,4,18,1430,1,2,1,1.0,6,13055,M,4332449.0,536237.0,13
201400014491,14,2,13,1615,1,2,2,1.0,3,13055,M,4329637.0,539151.0,13
201400014492,14,2,21,1810,1,2,3,1.0,3,13055,M,4327755.0,536205.0,13
201400014493,14,4,15,750,1,2,2,1.0,3,13055,M,4329042.0,537578.0,13
201400014494,14,4,15,1100,1,2,3,1.0,6,13055,M,4330291.0,540059.0,13
201400014495,14,2,21,1100,1,2,1,1.0,6,13055,M,,,13
201400014496,14,4,9,830,1,2,1,1.0,6,13055,M,4330095.0,536598.0,13
201400014497,14,4,10,1200,1,2,4,1.0,6,13055,M,4334093.0,535167.0,13
201400014498,14,4,18,1600,1,2,1,1.0,2,13055,M,4334244.0,542025.0,13
201400014499,14,4,22,1830,1,2,1,1.0,1,13055,M,,,13
201400014500,14,5,4,630,2,2,1,1.0,6,13055,M,4328298.0,550463.0,13
201400014501,14,5,4,2100,5,2,1,1.0,6,13055,M,,,13
201400014502,14,5,4,540,5,2,2,1.0,3,13055,M,4330411.0,537793.0,13
201400014503,14,4,6,1500,1,2,1,1.0,2,13055,M,,,13
201400014504,14,4,11,1515,1,2,1,1.0,6,13055,M,,,13
201400014505,14,4,22,1305,1,2,1,8.0,2,13055,M,4331505.0,538730.0,13
201400014506,14,3,25,1415,1,2,1,1.0,6,13055,M,4331554.0,538046.0,13
201400014507,14,3,15,1135,1,2,1,1.0,6,13055,M,4327602.0,538414.0,13
201400014508,14,4,9,830,1,2,1,1.0,6,13055,M,,,13
201400014509,14,4,12,1550,1,2,1,1.0,2,13055,M,4327963.0,541056.0,13
201400014510,14,4,29,930,1,2,6,1.0,6,13055,M,,,13
201400014511,14,4,2,1430,1,2,1,1.0,6,13055,M,,,13
201400014512,14,4,25,2050,2,2,1,1.0,1,13055,M,4331038.0,542742.0,13