Num_Acc,an,mois,jour,hrmn,lum,agg,int,atm,col,com,gps,lat,long,dep
201400014513,14,4,13,1120,1,2,1,1.0,6,13055,M,,,13
201400014514,14,4,25,1300,1,2,6,2.0,2,13055,M,4329952.0,537148.0,13
201400014515,14,4,16,1815,1,2,1,1.0,6,13055,M,,,13
201400014516,14,4,26,30,5,2,3,1.0,6,13055,M,4329487.0,541753.0,13
201400014517,14,4,6,1300,1,2,1,1.0,6,13055,M,4325279.0,538569.0,13
201400014518,14,4,7,800,1,2,1,1.0,6,13055,M,,,13
201400014519,14,4,16,715,1,2,1,1.0,6,13055,M,4327339.0,539114.0,13
201400014520,14,4,26,2030,5,2,1,2.0,6,13055,M,,,13
201400014521,14,4,27,2130,5,2,1,1.0,6,13055,M,4328117.0,539239.0,13
201400014522,14,4,29,1350,1,1,2,1.0,3,13055,M,,,13
201400014523,14,4,4,610,5,2,1,2.0,6,13055,M,4331257.0,541180.0,13
201400014524,14,4,22,1700,1,2,1,1.0,6,13055,M,,,13
201400014525,14,4,22,2010,1,2,1,3.0,6,13055,M,,,13
201400014526,14,4,25,1320,1,2,1,2.0,1,13055,M,,,13
201400014527,14,4,5,1830,1,2,1,1.0,6,13055,M,4330537.0,538418.0,13
201400014528,14,3,28,830,1,2,1,1.0,6,13055,M,4331151.0,540110.0,13
201400014529,14,4,14,1600,1,2,1,1.0,6,13055,M,4323744.0,536370.0,13
201400014530,14,4,15,930,1,2,1,1.0,2,13055,M,,,13
201400014531,14,4,22,615,2,2,1,1.0,6,13055,M,4327453.0,539449.0,13
201400014532,14,4,14,1340,1,2,1,1.0,7,13055,M,4332089.0,545812.0,13
201400014533,14,4,15,1220,1,2,1,1.0,6,13055,M,4329228.0,539223.0,13
201400014534,14,4,23,1645,1,2,1,1.0,6,13055,M,4327714.0,535695.0,13
201400014535,14,4,10,715,1,2,3,1.0,3,13055,M,4335121.0,543296.0,13
201400014536,14,4,24,1300,1,2,1,1.0,2,13055,M,4331641.0,545991.0,13
201400014537,14,4,24,1800,1,2,3,1.0,6,13055,M,4331820.0,539029.0,13
201400014538,14,4,28,840,1,2,1,1.0,6,13055,M,4328271.0,540238.0,13
201400014539,14,4,29,2300,5,2,3,1.0,6,13055,M,4327886.0,538805.0,13
201400014540,14,3,28,1550,1,2,1,1.0,6,13055,M,4327366.0,542722.0,13
201400014541,14,5,13,1730,1,2,1,1.0,6,13055,M,,,13
201400014542,14,5,14,1730,1,2,1,1.0,6,13055,M,,,13
201400014543,14,5,14,2030,2,2,1,1.0,6,13055,M,4329244.0,536677.0,13
201400014544,14,3,31,1900,1,2,2,1.0,3,13055,M,4329962.0,539715.0,13
201400014545,14,4,28,1600,1,2,1,1.0,6,13055,M,4333309.0,536226.0,13
201400014546,14,4,3,1500,1,2,1,1.0,6,13055,M,,,13
201400014547,14,3,11,2000,5,2,1,1.0,2,13055,M,4329257.0,545804.0,13
201400014548,14,4,24,1315,1,2,3,1.0,3,13055,M,4329173.0,540895.0,13
201400014549,14,4,14,1000,1,2,1,1.0,6,13055,M,,,13
201400014550,14,4,27,1645,1,1,3,1.0,6,13055,M,4332615.0,537504.0,13
201400014551,14,4,27,605,5,2,1,1.0,6,13055,M,4328915.0,538407.0,13
201400014552,14,4,26,1150,1,2,1,1.0,6,13055,M,4329195.0,535826.0,13
201400014553,14,4,26,30,5,2,2,1.0,3,13055,M,4330931.0,540344.0,13
201400014554,14,3,21,1000,1,2,1,1.0,6,13055,M,4328757.0,538997.0,13
201400014555,14,4,25,1320,2,2,3,1.0,3,13055,M,4327788.0,539413.0,13
201400014556,14,4,10,1725,1,2,1,1.0,6,13075,M,4334789.0,546299.0,13
201400014557,14,4,24,1430,1,2,1,1.0,1,13002,M,4333110.0,548859.0,13
201400014558,14,2,12,2050,5,2,1,1.0,2,13055,M,4330137.0,538002.0,13
201400014559,14,3,6,1930,5,2,1,1.0,2,13055,M,,,13
201400014560,14,4,6,500,2,2,2,1.0,1,13055,M,4328637.0,538578.0,13
201400014561,14,3,30,1830,1,2,1,1.0,6,13055,M,,,13
201400014562,14,4,20,1230,1,2,1,1.0,2,13055,M,4331489.0,538791.0,13
201400014563,14,5,19,230,5,2,1,2.0,2,13055,M,,,13
201400014564,14,5,17,820,1,2,1,1.0,6,13055,M,4332678.0,543761.0,13
201400014565,14,5,18,20,5,2,1,1.0,6,13055,M,4328154.0,542650.0,13
201400014566,14,5,19,945,1,1,2,2.0,6,13055,M,4329041.0,537577.0,13
201400014567,14,3,26,1310,1,2,1,1.0,6,13055,M,4327672.0,538717.0,13
201400014568,14,4,27,630,2,2,1,1.0,1,13055,M,4327990.0,537870.0,13
201400014569,14,4,30,1645,1,2,1,1.0,6,13055,M,4328097.0,539276.0,13
201400014570,14,4,26,1130,1,2,2,1.0,6,13055,M,4328690.0,541243.0,13
201400014571,14,5,19,1000,1,2,1,2.0,6,13055,M,4326968.0,538801.0,13
201400014572,14,3,23,1000,1,2,6,1.0,1,13055,M,4336182.0,534563.0,13
201400014573,14,5,20,1830,1,2,3,1.0,3,13055,M,4331031.0,538455.0,13
201400014574,14,4,5,2330,5,2,6,1.0,2,13055,M,4333019.0,538780.0,13
201400014575,14,4,10,800,1,2,2,1.0,6,13055,M,4334632.0,536610.0,13
201400014576,14,4,18,1225,1,2,2,1.0,3,13055,M,4332529.0,537483.0,13
201400014577,14,4,22,1200,1,1,1,1.0,2,13055,M,4334788.0,544779.0,13
201400014578,14,4,22,930,1,2,1,1.0,5,13055,M,,,13
201400014579,14,4,30,2000,1,2,1,1.0,2,13055,M,4331487.0,537179.0,13
201400014580,14,5,1,1640,1,2,2,1.0,7,13055,M,4334632.0,536611.0,13
201400014581,14,5,4,1430,1,2,1,1.0,6,13055,M,4332006.0,537437.0,13
201400014582,14,5,7,2200,5,2,1,1.0,2,13055,M,4331693.0,538211.0,13
201400014583,14,5,12,2200,5,2,1,1.0,6,13055,M,,,13
201400014584,14,4,19,1630,1,2,1,1.0,6,13055,M,,,13
201400014585,14,5,11,550,2,2,2,1.0,6,13055,M,4327592.0,541741.0,13
201400014586,14,4,13,1630,1,2,1,1.0,6,13055,M,4333592.0,542083.0,13
201400014587,14,5,9,1515,1,2,1,1.0,3,13055,M,4332608.0,537714.0,13
201400014588,14,5,8,1830,1,2,1,1.0,6,13106,M,,,13
201400014589,14,5,1,1130,1,2,1,1.0,6,13055,M,,,13
201400014590,14,5,2,1115,1,2,1,1.0,1,13055,M,4333883.0,539499.0,13
201400014591,14,3,31,1310,1,2,1,1.0,6,13055,M,4328851.0,535927.0,13
201400014592,14,4,14,1845,1,2,1,1.0,2,13055,M,,,13
201400014593,14,4,4,815,1,2,1,2.0,6,13055,M,,,13
201400014594,14,4,23,1430,1,2,3,1.0,3,13055,M,4336742.0,534369.0,13
201400014595,14,5,9,2145,5,2,3,1.0,5,13055,M,4328583.0,547954.0,13
201400014596,14,5,12,1358,1,2,3,1.0,3,13055,M,4328583.0,547954.0,13
201400014597,14,4,2,1115,1,2,1,1.0,6,13055,M,4336834.0,534457.0,13
201400014598,14,4,9,1530,1,2,1,2.0,6,13055,M,,,13
201400014599,14,5,3,1415,1,2,2,1.0,3,13055,M,4334826.0,536246.0,13
201400014600,14,5,8,1847,1,2,1,1.0,4,13055,M,,,13
201400014601,14,5,9,10,5,2,1,1.0,6,13075,M,4334081.0,545674.0,13
201400014602,14,5,13,1540,1,2,1,1.0,6,13055,M,4329905.0,538392.0,13
201400014603,14,5,13,1055,1,2,2,1.0,3,13055,M,4338031.0,535738.0,13
201400014604,14,4,18,1430,1,2,1,1.0,6,13055,M,4329223.0,536333.0,13
201400014605,14,4,10,730,1,2,1,1.0,6,13055,M,4327828.0,537884.0,13
201400014606,14,4,22,800,1,2,6,2.0,6,13055,M,4325046.0,538885.0,13
201400014607,14,4,24,1850,1,2,1,1.0,6,13055,M,,,13
201400014608,14,5,14,1745,1,2,1,1.0,2,13055,M,,,13
201400014609,14,1,13,1900,5,2,1,2.0,1,13055,M,4328970.0,549561.0,13
201400014610,14,5,11,845,1,1,1,1.0,7,13055,M,,,13
201400014611,14,5,12,1510,1,2,1,1.0,6,13055,M,,,13
201400014612,14,5,13,1920,1,2,1,1.0,6,13055,M,,,13
201400014613,14,4,7,1030,1,2,1,1.0,6,13055,M,4327533.0,541790.0,13
201400014614,14,4,12,1840,1,2,1,1.0,6,13002,M,,,13
201400014615,14,4,7,1745,1,2,1,1.0,2,13055,M,,,13
201400014616,14,5,5,1000,1,2,1,1.0,7,13055,M,4330776.0,537392.0,13
201400014617,14,5,2,600,1,2,6,1.0,6,13055,M,4325205.0,540069.0,13
201400014618,14,5,3,1130,1,2,1,1.0,6,13055,M,4328363.0,539985.0,13
201400014619,14,5,5,1830,1,1,2,1.0,5,13055,M,4328158.0,543424.0,13
201400014620,14,5,20,1055,1,2,1,1.0,2,13055,M,4329351.0,537786.0,13
201400014621,14,5,8,1510,1,2,1,1.0,6,13055,M,4326250.0,537535.0,13
201400014622,14,5,8,2030,5,2,1,1.0,6,13055,M,4327919.0,538347.0,13
201400014623,14,5,9,1620,1,2,1,1.0,6,13055,M,,,13
201400014624,14,5,10,1835,1,2,1,1.0,6,13055,M,4331616.0,543883.0,13
201400014625,14,5,13,1415,1,2,1,1.0,2,13055,M,4327912.0,539619.0,13
201400014626,14,5,14,1230,1,2,1,1.0,6,13055,M,4328575.0,540270.0,13
201400014627,14,5,13,1515,1,2,1,1.0,6,13055,M,,,13
201400014628,14,5,12,1837,1,2,1,1.0,6,13055,M,4328772.0,546461.0,13
201400014629,14,5,13,1210,1,2,1,1.0,1,13055,M,4329186.0,543557.0,13
201400014630,14,4,23,1530,1,2,1,1.0,6,13055,M,,,13
201400014631,14,4,25,1330,1,2,1,2.0,1,13055,M,4330428.0,538873.0,13
201400014632,14,4,25,1515,1,2,2,1.0,2,13055,M,4330092.0,538240.0,13
201400014633,14,4,24,1830,1,2,1,1.0,1,13055,M,4333535.0,540003.0,13
201400014634,14,2,17,825,1,2,1,1.0,1,13055,M,,,13
201400014635,14,4,28,1910,1,2,1,1.0,6,13055,M,4326819.0,541577.0,13
201400014636,14,4,14,1030,1,2,1,1.0,6,13055,M,4327179.0,540670.0,13
201400014637,14,4,17,1700,1,2,1,1.0,6,13055,M,4326878.0,540175.0,13
201400014638,14,5,1,2020,2,2,1,1.0,1,13055,M,4328186.0,543396.0,13
201400014639,14,5,2,1300,1,2,1,2.0,6,13055,M,4331645.0,546097.0,13
201400014640,14,4,30,1115,1,2,1,1.0,2,13055,M,4332935.0,543046.0,13
201400014641,14,5,19,1040,1,2,1,2.0,6,13055,M,4331217.0,538643.0,13
201400014642,14,4,14,1935,1,2,2,1.0,3,13055,M,4328772.0,536240.0,13
201400014643,14,5,7,1800,1,2,1,1.0,6,13055,M,,,13
201400014644,14,5,9,1740,1,2,2,1.0,3,13055,M,4330536.0,536936.0,13
201400014645,14,4,25,1300,1,2,2,1.0,3,13055,M,4324816.0,540105.0,13
201400014646,14,4,15,1545,1,2,1,1.0,6,13055,M,,,13
201400014647,14,5,7,1600,1,2,3,1.0,6,13055,M,4327707.0,542722.0,13
201400014648,14,5,12,655,1,2,1,1.0,6,13055,M,4327976.0,541838.0,13
201400014649,14,4,30,1600,1,2,1,1.0,2,13055,M,,,13
201400014650,14,5,25,220,5,2,1,1.0,6,13055,M,4331126.0,540106.0,13
201400014651,14,5,5,740,1,2,3,1.0,2,13055,M,4328710.0,537947.0,13
201400014652,14,4,23,1350,1,2,2,1.0,3,13055,M,4329461.0,538898.0,13
201400014653,14,5,10,2205,5,2,3,1.0,3,13055,M,4329233.0,539692.0,13
201400014654,14,5,5,1550,1,2,3,1.0,6,13055,M,4327988.0,538681.0,13
201400014655,14,4,11,1610,1,2,1,1.0,6,13055,M,4328549.0,539882.0,13
201400014656,14,4,30,820,1,2,7,1.0,3,13055,M,4325060.0,540345.0,13
201400014657,14,3,4,1000,1,2,1,1.0,2,13055,M,4331168.0,545314.0,13
201400014658,14,4,11,2040,5,2,1,1.0,6,13055,M,4330924.0,544937.0,13
201400014659,14,5,5,755,1,2,1,1.0,2,13075,M,,,13
201400014660,14,5,25,1500,1,2,3,1.0,2,13055,M,4327459.0,541524.0,13
201400014661,14,5,26,2230,5,2,1,1.0,6,13055,M,,,13
201400014662,14,5,27,915,1,2,1,1.0,3,13055,M,4331129.0,543560.0,13
201400014663,14,5,2,840,1,2,1,1.0,2,13055,M,4332609.0,537712.0,13
201400014664,14,5,5,1730,1,2,1,1.0,2,13055,M,,,13
201400014665,14,4,4,1850,1,2,1,1.0,6,13055,M,,,13
201400014666,14,5,15,1830,1,2,1,1.0,2,13055,M,4328624.0,547353.0,13
201400014667,14,5,9,745,1,2,1,1.0,6,13055,M,4330332.0,545381.0,13
201400014668,14,4,25,1400,1,2,1,1.0,6,13055,M,,,13
201400014669,14,4,25,1700,1,2,1,1.0,6,13055,M,,,13
201400014670,14,5,11,100,3,2,1,1.0,7,13002,M,,,13
201400014671,14,5,31,125,5,2,1,1.0,6,13055,M,4328185.0,538569.0,13
201400014672,14,5,31,415,5,2,1,1.0,6,13055,M,4330558.0,538401.0,13
201400014673,14,4,19,1940,1,2,1,1.0,6,13055,M,4328535.0,538817.0,13
201400014674,14,4,6,2120,5,2,1,1.0,1,13055,M,4330482.0,539052.0,13
201400014675,14,4,23,1305,1,2,1,1.0,6,13055,M,4328512.0,538917.0,13
201400014676,14,5,12,835,1,2,1,1.0,6,13055,M,4329590.0,540038.0,13
201400014677,14,5,3,1310,1,2,1,1.0,6,13055,M,4328794.0,546397.0,13
201400014678,14,2,25,1045,1,2,2,1.0,3,13055,M,4332231.0,541270.0,13
201400014679,14,5,15,1150,1,2,1,1.0,6,13055,M,4334435.0,535940.0,13
201400014680,14,5,15,2015,1,2,1,1.0,6,13055,M,4330481.0,539068.0,13
201400014681,14,4,29,1600,1,2,1,1.0,2,13055,M,4331032.0,544229.0,13
201400014682,14,5,14,930,1,2,1,1.0,1,13055,M,4334747.0,541619.0,13
201400014683,14,5,16,735,1,2,1,1.0,6,13055,M,4334105.0,541108.0,13
201400014684,14,5,16,1250,1,2,1,1.0,6,13055,M,,,13
201400014685,14,5,17,1545,1,2,1,1.0,1,13055,M,4338242.0,535807.0,13
201400014686,14,5,17,1600,1,2,2,1.0,6,13055,M,4331477.0,538857.0,13
201400014687,14,5,18,2245,5,2,2,1.0,3,13055,M,4328779.0,537823.0,13
201400014688,14,5,2,1130,1,2,1,1.0,6,13055,M,,,13
201400014689,14,5,13,1230,1,2,2,1.0,3,13055,M,4326524.0,539568.0,13
201400014690,14,5,13,1750,1,2,1,1.0,4,13055,M,4325111.0,539024.0,13
201400014691,14,5,16,755,1,2,1,1.0,6,13055,M,4327632.0,539274.0,13
201400014692,14,3,19,2040,5,2,1,1.0,6,13055,M,,,13
201400014693,14,5,26,20,5,2,1,1.0,2,13055,M,,,13
201400014694,14,5,9,1220,1,2,1,1.0,6,13055,M,,,13
201400014695,14,5,22,1015,1,2,1,1.0,6,13055,M,,,13
201400014696,14,3,29,1740,1,2,1,1.0,6,13055,M,,,13
201400014697,14,4,29,850,1,2,1,1.0,2,13055,M,4327466.0,536067.0,13
201400014698,14,5,3,1935,1,2,1,1.0,3,13055,M,4329114.0,538305.0,13
201400014699,14,5,15,1745,1,2,1,1.0,6,13055,M,,,13
201400014700,14,5,17,1130,1,2,3,1.0,6,13055,M,,,13
201400014701,14,4,8,1400,1,2,1,1.0,6,13055,M,,,13
201400014702,14,4,30,1930,1,2,1,1.0,2,13055,M,,,13
201400014703,14,6,1,930,1,2,1,1.0,6,13055,M,4328153.0,542366.0,13
201400014704,14,5,24,1310,1,2,3,1.0,3,13055,M,4331846.0,537954.0,13
201400014705,14,3,18,1100,1,2,1,1.0,6,13055,M,,,13
201400014706,14,4,16,1035,1,2,1,1.0,6,13055,M,4338115.0,535824.0,13
201400014707,14,5,9,1808,1,2,1,1.0,5,13055,M,4336875.0,534476.0,13
201400014708,14,5,17,55,5,2,1,1.0,6,13055,M,4328729.0,546586.0,13
201400014709,14,5,19,1200,1,2,1,2.0,6,13055,M,,,13
201400014710,14,5,20,2045,2,2,3,1.0,6,13055,M,4325250.0,537587.0,13
201400014711,14,5,20,905,1,2,1,1.0,4,13055,M,4327850.0,539925.0,13
201400014712,14,5,20,1530,1,2,1,1.0,3,13055,M,4327388.0,539025.0,13
201400014713,14,5,20,2140,3,2,3,1.0,3,13075,M,,,13
201400014714,14,5,22,1200,1,2,1,1.0,3,13055,M,4326470.0,539342.0,13
201400014715,14,5,23,315,5,2,1,1.0,7,13055,M,4328153.0,542341.0,13
201400014716,14,5,23,1520,1,2,1,1.0,6,13055,M,,,13
201400014717,14,3,12,1050,1,2,1,1.0,2,13055,M,4329822.0,541857.0,13
201400014718,14,3,23,2100,5,2,1,1.0,6,13055,M,,,13
201400014719,14,5,6,1900,1,2,1,1.0,2,13055,M,,,13
201400014720,14,5,17,1825,1,2,1,1.0,5,13055,M,4333149.0,543325.0,13
201400014721,14,5,24,1730,1,2,1,1.0,1,13055,M,4336491.0,533789.0,13
201400014722,14,6,3,1730,1,2,1,1.0,4,13055,M,,,13
201400014723,14,4,25,1400,1,2,1,1.0,6,13055,M,,,13
201400014724,14,5,12,910,1,2,1,1.0,1,13055,M,4334335.0,543164.0,13
201400014725,14,5,14,925,1,2,1,1.0,7,13055,M,,,13
201400014726,14,5,17,1030,1,2,1,1.0,2,13055,M,4332753.0,543598.0,13
201400014727,14,5,23,1450,1,2,1,1.0,6,13055,M,4335721.0,535747.0,13
201400014728,14,5,3,1805,1,2,1,1.0,2,13055,M,4329875.0,540059.0,13
201400014729,14,5,22,1000,1,2,1,1.0,6,13055,M,,,13
201400014730,14,6,2,1255,1,2,1,1.0,6,13055,M,4333561.0,543646.0,13
201400014731,14,5,19,1600,1,2,1,2.0,3,13055,M,4332751.0,543608.0,13
201400014732,14,5,20,1030,1,2,1,1.0,2,13055,M,4330377.0,537366.0,13
201400014733,14,5,23,1200,1,2,1,1.0,5,13055,M,4333714.0,536730.0,13
201400014734,14,5,19,1725,1,2,1,1.0,6,13055,M,4333072.0,541921.0,13
201400014735,14,5,4,1115,1,2,1,1.0,2,13055,M,4329260.0,540135.0,13
201400014736,14,5,8,1850,1,2,1,1.0,7,13055,M,,,13
201400014737,14,5,14,1610,1,2,2,1.0,3,13055,M,4328910.0,536206.0,13
201400014738,14,5,13,1140,1,2,1,1.0,6,13055,M,,,13
201400014739,14,5,30,2030,1,1,1,1.0,6,13055,M,4326829.0,538704.0,13
201400014740,14,5,23,2100,5,2,1,1.0,7,13055,M,4325609.0,539845.0,13
201400014741,14,5,31,1410,1,2,6,1.0,3,13055,M,4327892.0,542628.0,13
201400014742,14,4,21,1220,1,2,3,1.0,6,13055,M,4329529.0,537442.0,13
201400014743,14,5,20,1330,1,2,1,1.0,6,13055,M,4330069.0,538084.0,13
201400014744,14,5,20,1730,1,2,1,1.0,6,13055,M,4328979.0,538550.0,13
201400014745,14,5,2,900,1,2,1,1.0,6,13055,M,4330269.0,538435.0,13
201400014746,14,5,24,2215,5,2,1,1.0,2,13055,M,,,13
201400014747,14,5,30,1630,1,2,6,1.0,2,13055,M,4324613.0,539454.0,13
201400014748,14,5,31,605,2,2,1,1.0,6,13055,M,4327715.0,537554.0,13
201400014749,14,4,26,1930,1,2,1,1.0,6,13055,M,,,13
201400014750,14,5,19,1330,1,2,1,2.0,6,13055,M,,,13
201400014751,14,5,20,1500,1,2,1,1.0,2,13055,M,4326520.0,540897.0,13
201400014752,14,5,27,1750,1,2,1,1.0,6,13055,M,4327958.0,542357.0,13
201400014753,14,5,28,1000,1,2,1,1.0,6,13055,M,4328997.0,544110.0,13
201400014754,14,5,27,1600,1,2,1,1.0,6,13055,M,4326430.0,539242.0,13
201400014755,14,5,12,1845,1,2,3,1.0,3,13055,M,4327913.0,541223.0,13
201400014756,14,5,13,730,1,2,3,1.0,3,13055,M,4326687.0,542409.0,13
201400014757,14,5,14,800,1,2,1,1.0,2,13055,M,4327878.0,537709.0,13
201400014758,14,5,23,1720,1,2,3,1.0,3,13055,M,,,13
201400014759,14,3,14,1730,1,2,1,1.0,1,13055,M,4326019.0,538824.0,13
201400014760,14,5,26,1620,1,2,3,1.0,3,13055,M,4329824.0,541669.0,13
201400014761,14,5,16,2000,1,2,1,1.0,2,13055,M,4334145.0,537760.0,13
201400014762,14,5,7,1510,1,2,1,1.0,6,13055,M,4327422.0,539067.0,13
201400014763,14,5,7,1250,1,2,1,1.0,6,13055,M,4334091.0,538675.0,13
201400014764,14,5,19,1030,1,2,1,2.0,6,13055,M,4327390.0,536239.0,13
201400014765,14,5,9,858,1,2,1,1.0,6,13055,M,,,13
201400014766,14,4,16,1350,1,2,1,1.0,2,13055,M,4328457.0,543701.0,13
201400014767,14,6,9,2345,5,2,1,1.0,6,13055,M,4330844.0,540026.0,13
201400014768,14,6,6,140,5,2,1,1.0,6,13055,M,,,13
201400014769,14,6,6,1345,1,2,1,1.0,6,13055,M,,,13
201400014770,14,5,2,1530,1,2,1,1.0,1,13055,M,,,13
201400014771,14,5,15,1220,1,2,3,1.0,6,13055,M,4330949.0,537264.0,13
201400014772,14,5,19,1745,2,2,1,1.0,6,13055,M,,,13
201400014773,14,5,21,1130,1,2,3,1.0,3,13055,M,4333973.0,541377.0,13
201400014774,14,1,27,1230,1,2,2,1.0,3,13055,M,4329682.0,540397.0,13
201400014775,14,4,23,1800,1,2,1,1.0,2,13055,M,4330794.0,540192.0,13
201400014776,14,5,17,100,5,2,2,1.0,3,13055,M,4328637.0,538578.0,13
201400014777,14,5,18,1815,1,2,2,1.0,3,13055,M,4328862.0,538838.0,13
201400014778,14,5,17,1140,1,2,1,1.0,6,13055,M,,,13
201400014779,14,6,2,805,1,2,1,1.0,6,13055,M,4328042.0,540831.0,13
201400014780,14,6,11,1530,1,2,1,1.0,2,13055,M,4328629.0,538620.0,13
201400014781,14,6,11,1800,1,2,1,1.0,6,13055,M,4330385.0,540079.0,13
201400014782,14,6,12,551,2,2,1,1.0,2,13055,M,4329796.0,540082.0,13
201400014783,14,6,1,1830,1,2,1,1.0,6,13055,M,,,13
201400014784,14,6,2,2130,2,2,1,1.0,2,13055,M,4328148.0,539141.0,13
201400014785,14,6,5,1130,1,2,3,1.0,1,13106,M,4340847.0,536654.0,13
201400014786,14,4,4,1445,1,2,1,1.0,6,13055,M,,,13
201400014787,14,4,9,1650,1,2,1,1.0,5,13055,M,4326560.0,540345.0,13
201400014788,14,5,24,1530,1,2,1,1.0,6,13055,M,4325972.0,539405.0,13
201400014789,14,5,27,730,1,2,1,1.0,6,13055,M,,,13
201400014790,14,6,3,810,1,1,3,1.0,3,13106,M,,,13
201400014791,14,6,2,1345,1,2,1,1.0,3,13055,M,4337264.0,534950.0,13
201400014792,14,4,22,1830,1,2,1,1.0,6,13055,M,4329760.0,545774.0,13
201400014793,14,5,20,730,1,2,1,1.0,6,13055,M,4328607.0,540970.0,13
201400014794,14,5,23,1530,1,2,1,1.0,6,13055,M,4325129.0,542198.0,13
201400014795,14,6,3,1430,1,2,1,1.0,6,13055,M,4328489.0,543932.0,13
201400014796,14,5,20,1655,1,2,1,1.0,2,13055,M,,,13
201400014797,14,5,25,1600,1,2,3,1.0,3,13055,M,4332315.0,537428.0,13
201400014798,14,5,30,845,1,2,1,1.0,6,13055,M,4333905.0,542857.0,13
201400014799,14,6,2,1220,1,2,1,1.0,2,13055,M,,,13
201400014800,14,4,22,1830,1,2,1,1.0,6,13055,M,4334455.0,535751.0,13
201400014801,14,1,31,1220,1,2,1,1.0,6,13055,M,,,13
201400014802,14,6,1,1645,1,2,3,1.0,3,13055,M,4328390.0,538083.0,13
201400014803,14,6,2,540,2,2,1,1.0,6,13055,M,4328731.0,538891.0,13
201400014804,14,5,29,1640,1,2,1,1.0,1,13055,M,4326204.0,540087.0,13
201400014805,14,6,2,1100,1,2,1,1.0,6,13055,M,4327832.0,541648.0,13
201400014806,14,6,8,2255,5,2,1,1.0,6,13055,M,4327323.0,540057.0,13
201400014807,14,2,15,2245,5,2,1,1.0,6,13055,M,4335631.0,535735.0,13
201400014808,14,5,25,1700,1,2,1,1.0,6,13055,M,4332958.0,543007.0,13
201400014809,14,5,27,1245,1,2,1,1.0,6,13055,M,,,13
201400014810,14,5,20,1810,1,2,3,1.0,6,13055,M,,,13
201400014811,14,6,2,1630,1,2,1,1.0,6,13055,M,4333060.0,543072.0,13
201400014812,14,6,1,400,5,2,1,1.0,3,13055,M,4337908.0,535702.0,13
201400014813,14,6,1,530,5,2,2,1.0,3,13055,M,4331489.0,538787.0,13
201400014814,14,6,4,1200,1,2,1,1.0,1,13055,M,4333613.0,539215.0,13
201400014815,14,6,6,1945,1,2,3,1.0,6,13055,M,4334105.0,537735.0,13
201400014816,14,1,24,1047,1,2,1,1.0,1,13055,M,4332929.0,541895.0,13
201400014817,14,6,2,730,1,2,1,1.0,6,13055,M,4330911.0,537403.0,13
201400014818,14,4,28,1715,1,2,1,1.0,6,13055,M,4328317.0,537479.0,13
201400014819,14,5,13,1430,1,2,1,1.0,6,13055,M,4330101.0,538353.0,13
201400014820,14,5,21,1645,1,2,1,1.0,2,13055,M,,,13
201400014821,14,5,28,825,1,2,2,1.0,6,13055,M,4329596.0,540220.0,13
201400014822,14,5,28,1450,1,2,1,1.0,6,13055,M,4329297.0,539758.0,13
201400014823,14,6,1,235,5,2,1,1.0,2,13055,M,4330102.0,539117.0,13
201400014824,14,6,3,750,1,2,1,1.0,6,13055,M,4331325.0,546362.0,13
201400014825,14,5,27,1500,1,2,1,1.0,6,13055,M,4327016.0,538803.0,13
201400014826,14,5,28,1915,1,2,1,1.0,6,13106,M,,,13
201400014827,14,6,18,700,1,2,1,1.0,3,13055,M,4328947.0,539694.0,13
201400014828,14,6,18,135,5,2,1,1.0,3,13055,M,,,13
201400014829,14,5,13,720,1,2,1,1.0,6,13055,M,,,13
201400014830,14,6,3,1640,1,2,6,1.0,3,13055,M,4329081.0,547281.0,13
201400014831,14,5,30,338,5,2,1,1.0,1,13055,M,4329546.0,541924.0,13
201400014832,14,6,3,1325,1,2,1,1.0,6,13055,M,4329585.0,545808.0,13
201400014833,14,5,12,1830,1,2,3,1.0,3,13055,M,,,13
201400014834,14,6,3,730,1,2,1,1.0,2,13055,M,,,13
201400014835,14,6,6,1355,1,2,3,1.0,3,13055,M,4333576.0,539873.0,13
201400014836,14,6,5,1930,1,2,1,1.0,6,13055,M,,,13
201400014837,14,6,11,1105,1,2,1,1.0,6,13055,M,4331561.0,542733.0,13
201400014838,14,6,5,1100,1,2,1,1.0,6,13055,M,4330558.0,537262.0,13
201400014839,14,5,28,1230,1,2,1,1.0,6,13055,M,4326520.0,539571.0,13
201400014840,14,5,21,1430,1,2,1,1.0,6,13055,M,4325502.0,540094.0,13
201400014841,14,5,29,2030,2,2,1,1.0,7,13055,M,4324785.0,537511.0,13
201400014842,14,5,5,1320,1,2,1,1.0,2,13055,M,4330672.0,543824.0,13