Num_Acc,an,mois,jour,hrmn,lum,agg,int,atm,col,com,gps,lat,long,dep
201400014843,14,5,20,1030,1,2,1,1.0,7,13055,M,4329835.0,543621.0,13
201400014844,14,3,12,610,5,2,1,1.0,2,13055,M,4330073.0,536591.0,13
201400014845,14,4,17,2015,2,2,3,1.0,3,13055,M,4330325.0,537896.0,13
201400014846,14,6,5,2020,1,2,1,1.0,6,13106,M,4340527.0,537184.0,13
201400014847,14,6,8,1315,1,2,1,1.0,6,13055,M,4332638.0,543873.0,13
201400014848,14,6,8,1945,1,2,1,1.0,2,13055,M,4333156.0,543340.0,13
201400014849,14,6,16,1320,1,2,1,1.0,6,13055,M,4330116.0,539160.0,13
201400014850,14,6,7,1250,1,2,1,1.0,3,13055,M,4328185.0,538569.0,13
201400014851,14,6,5,1700,1,2,1,1.0,6,13055,M,4330940.0,541031.0,13
201400014852,14,6,11,1500,1,2,1,1.0,2,13055,M,,,13
201400014853,14,6,19,1109,1,2,1,1.0,6,13055,M,4324827.0,539893.0,13
201400014854,14,5,29,1600,1,2,1,1.0,6,13055,M,4331228.0,536699.0,13
201400014855,14,6,4,1840,1,2,1,1.0,6,13055,M,4332511.0,537391.0,13
201400014856,14,4,30,1000,1,2,1,1.0,6,13055,M,4330799.0,540475.0,13
201400014857,14,5,29,1045,1,2,2,1.0,3,13055,M,4330293.0,540079.0,13
201400014858,14,6,5,1510,1,2,1,1.0,6,13055,M,4329675.0,538123.0,13
201400014859,14,6,6,2000,1,2,1,1.0,3,13055,M,,,13
201400014860,14,5,20,900,1,2,1,1.0,2,13055,M,4329838.0,545915.0,13
201400014861,14,5,20,1150,1,2,2,1.0,3,13055,M,4329775.0,537209.0,13
201400014862,14,6,4,2045,1,2,6,1.0,2,13055,M,4333013.0,538907.0,13
201400014863,14,6,5,1815,1,2,3,1.0,2,13055,M,4334707.0,536847.0,13
201400014864,14,6,7,1200,1,2,2,1.0,3,13055,M,4328803.0,536096.0,13
201400014865,14,5,23,1500,1,2,3,1.0,6,13055,M,4326772.0,538925.0,13
201400014866,14,6,9,1920,1,2,1,1.0,6,13055,M,4327400.0,539079.0,13
201400014867,14,6,10,900,1,2,1,1.0,6,13055,M,4334171.0,536022.0,13
201400014868,14,6,10,1530,1,2,3,1.0,3,13055,M,4335188.0,537313.0,13
201400014869,14,6,11,840,1,2,1,1.0,3,13055,M,,,13
201400014870,14,6,11,2000,1,2,1,1.0,1,13055,M,,,13
201400014871,14,5,18,630,2,2,1,1.0,7,13075,M,4335270.0,546729.0,13
201400014872,14,5,27,1630,1,2,1,1.0,6,13055,M,4324506.0,538016.0,13
201400014873,14,6,2,1645,2,2,3,1.0,3,13055,M,,,13
201400014874,14,1,24,2000,1,2,2,1.0,3,13055,M,4328884.0,538289.0,13
201400014875,14,5,2,1330,1,2,2,2.0,3,13055,M,4329692.0,537363.0,13
201400014876,14,5,13,35,5,2,2,1.0,3,13055,M,4328305.0,539000.0,13
201400014877,14,5,26,1745,1,2,1,1.0,4,13055,M,4329218.0,539542.0,13
201400014878,14,6,7,1500,1,2,1,1.0,6,13055,M,4328950.0,539997.0,13
201400014879,14,5,16,2345,4,2,3,1.0,6,13055,M,4328930.0,536314.0,13
201400014880,14,5,28,1520,1,2,6,1.0,6,13055,M,4325441.0,538199.0,13
201400014881,14,6,3,1815,1,2,1,1.0,2,13055,M,4326436.0,540657.0,13
201400014882,14,5,14,1535,1,2,1,1.0,6,13055,M,,,13
201400014883,14,5,27,1355,1,1,3,1.0,3,13055,M,,,13
201400014884,14,5,30,1440,1,2,1,1.0,7,13055,M,4334638.0,536518.0,13
201400014885,14,6,4,1800,1,2,1,1.0,2,13055,M,,,13
201400014886,14,6,7,1210,1,2,1,1.0,6,13055,M,4332755.0,536013.0,13
201400014887,14,6,11,1830,1,2,6,1.0,3,13055,M,4333016.0,538905.0,13
201400014888,14,5,13,930,1,2,1,1.0,6,13055,M,4327545.0,538434.0,13
201400014889,14,6,7,1625,1,2,3,1.0,6,13055,M,4331613.0,537439.0,13
201400014890,14,6,17,845,1,2,4,1.0,6,13055,M,4330760.0,547026.0,13
201400014891,14,6,22,1600,1,2,1,1.0,6,13055,M,4334541.0,539792.0,13
201400014892,14,5,26,210,5,2,2,1.0,3,13055,M,4330348.0,538596.0,13
201400014893,14,3,11,1740,1,2,2,1.0,2,13055,M,4328416.0,538555.0,13
201400014894,14,5,21,1535,1,2,1,1.0,2,13055,M,4327009.0,536609.0,13
201400014895,14,6,6,2345,4,2,1,1.0,2,13055,M,4330185.0,539896.0,13
201400014896,14,6,10,845,1,2,1,1.0,6,13055,M,4328093.0,538688.0,13
201400014897,14,6,12,1445,1,1,2,1.0,3,13055,M,4329590.0,539362.0,13
201400014898,14,6,4,1140,1,2,3,1.0,6,13055,M,4331901.0,537916.0,13
201400014899,14,6,10,1500,1,2,1,1.0,2,13055,M,4335347.0,537175.0,13
201400014900,14,6,12,1750,1,2,1,2.0,2,13055,M,4331418.0,537614.0,13
201400014901,14,6,14,1815,1,2,1,1.0,4,13055,M,4334895.0,537388.0,13
201400014902,14,5,21,1215,1,2,1,6.0,6,13055,M,,,13
201400014903,14,6,12,1630,1,2,2,1.0,3,13055,M,4332359.0,538665.0,13
201400014904,14,6,13,1500,1,2,1,1.0,6,13055,M,4330164.0,537347.0,13
201400014905,14,6,17,845,1,2,1,1.0,2,13055,M,,,13
201400014906,14,6,11,745,1,2,1,1.0,2,13055,M,4331601.0,546845.0,13
201400014907,14,6,12,1615,1,2,1,1.0,2,13055,M,,,13
201400014908,14,5,7,1510,1,2,2,1.0,6,13055,M,4330348.0,538595.0,13
201400014909,14,6,13,1930,1,2,1,1.0,6,13055,M,4337120.0,535024.0,13
201400014910,14,6,3,1545,1,2,1,1.0,6,13055,M,4329359.0,542513.0,13
201400014911,14,6,11,2330,5,2,1,1.0,6,13002,M,,,13
201400014912,14,5,22,2040,5,2,2,2.0,3,13055,M,4328645.0,538557.0,13
201400014913,14,5,24,1530,1,2,7,1.0,2,13055,M,4329249.0,540130.0,13
201400014914,14,6,12,1230,1,2,1,1.0,6,13055,M,,,13
201400014915,14,6,24,1910,1,2,4,1.0,6,13055,M,4332056.0,536755.0,13
201400014916,14,6,24,1130,1,2,1,1.0,6,13055,M,,,13
201400014917,14,5,21,1220,1,2,1,1.0,6,13055,M,4329112.0,535910.0,13
201400014918,14,6,9,1045,1,2,1,1.0,6,13055,M,4327772.0,535584.0,13
201400014919,14,6,12,1320,1,2,1,1.0,6,13055,M,4330621.0,539601.0,13
201400014920,14,6,14,1400,1,1,1,1.0,6,13055,M,4329551.0,537514.0,13
201400014921,14,6,7,2015,1,2,1,1.0,6,13055,M,4331423.0,537357.0,13
201400014922,14,2,19,1530,1,2,1,1.0,2,13055,M,,,13
201400014923,14,6,18,945,2,2,1,1.0,6,13055,M,4330169.0,540131.0,13
201400014924,14,6,12,1930,1,2,1,2.0,7,13055,M,4328015.0,539876.0,13
201400014925,14,6,12,800,1,2,1,1.0,1,13055,M,4328320.0,541178.0,13
201400014926,14,6,17,1420,1,2,1,1.0,6,13055,M,4332026.0,537195.0,13
201400014927,14,6,13,1600,1,2,1,1.0,6,13055,M,4332328.0,537419.0,13
201400014928,14,6,26,1415,1,2,1,1.0,4,13055,M,4333426.0,545495.0,13
201400014929,14,6,30,110,5,2,1,1.0,3,13055,M,,,13
201400014930,14,6,24,1440,1,2,1,1.0,2,13055,M,,,13
201400014931,14,6,27,2320,5,2,1,1.0,1,13055,M,4328328.0,549611.0,13
201400014932,14,7,2,223,5,2,1,1.0,6,13055,M,4328988.0,548137.0,13
201400014933,14,2,20,1920,5,2,1,1.0,6,13055,M,4332950.0,535901.0,13
201400014934,14,6,10,1730,1,2,1,1.0,6,13055,M,4330209.0,537116.0,13
201400014935,14,6,16,1400,1,2,1,1.0,6,13055,M,4328269.0,540241.0,13
201400014936,14,6,2,1030,1,2,1,1.0,6,13055,M,,,13
201400014937,14,6,27,1530,1,2,1,1.0,1,13055,M,4328623.0,536079.0,13
201400014938,14,6,19,815,1,2,1,1.0,2,13055,M,4331050.0,536980.0,13
201400014939,14,6,10,1140,1,2,3,1.0,3,13055,M,4328872.0,545831.0,13
201400014940,14,6,17,800,1,2,1,1.0,6,13055,M,4330022.0,543072.0,13
201400014941,14,6,15,1500,1,2,5,8.0,3,13055,M,,,13
201400014942,14,6,16,940,1,2,1,1.0,6,13055,M,4336162.0,534508.0,13
201400014943,14,6,17,1700,1,2,1,1.0,6,13055,M,,,13
201400014944,14,6,24,1130,1,2,1,1.0,6,13055,M,4327422.0,539996.0,13
201400014945,14,6,18,1825,1,2,1,1.0,6,13055,M,4333429.0,535815.0,13
201400014946,14,6,21,1630,1,2,1,1.0,6,13055,M,,,13
201400014947,14,4,30,1130,1,2,1,1.0,6,13002,M,,,13
201400014948,14,6,22,300,5,2,1,1.0,6,13055,M,,,13
201400014949,14,6,20,1510,1,2,2,1.0,2,13055,M,4324590.0,538025.0,13
201400014950,14,6,12,850,1,2,1,1.0,6,13055,M,4328908.0,543001.0,13
201400014951,14,6,20,1200,1,2,1,1.0,6,13055,M,4325520.0,540134.0,13
201400014952,14,6,12,2130,5,2,1,1.0,6,13055,M,,,13
201400014953,14,6,20,1420,1,1,2,1.0,1,13055,M,4327667.0,541869.0,13
201400014954,14,6,25,1745,1,2,1,1.0,1,13055,M,4332007.0,537183.0,13
201400014955,14,6,19,1545,1,2,1,1.0,6,13055,M,4333232.0,536449.0,13
201400014956,14,6,20,1030,1,2,1,1.0,2,13055,M,4333636.0,540728.0,13
201400014957,14,6,27,745,1,2,6,1.0,6,13055,M,4328968.0,548143.0,13
201400014958,14,7,2,1600,1,2,1,1.0,6,13055,M,4332887.0,536559.0,13
201400014959,14,6,11,935,1,2,1,1.0,2,13055,M,4325129.0,538298.0,13
201400014960,14,6,17,1215,1,2,1,1.0,4,13055,M,4325518.0,538218.0,13
201400014961,14,6,24,800,1,2,1,1.0,2,13055,M,4328549.0,542150.0,13
201400014962,14,6,29,1700,1,2,1,1.0,6,13055,M,,,13
201400014963,14,6,25,1845,1,2,1,1.0,6,13055,M,,,13
201400014964,14,6,14,930,1,2,1,1.0,6,13055,M,4330390.0,541822.0,13
201400014965,14,6,11,1015,1,2,1,1.0,2,13055,M,4334090.0,535209.0,13
201400014966,14,6,11,1540,1,2,3,1.0,3,13055,M,4336570.0,535689.0,13
201400014967,14,6,16,1730,1,2,3,1.0,3,13055,M,4333199.0,538661.0,13
201400014968,14,6,19,820,1,2,1,1.0,7,13055,M,,,13
201400014969,14,6,26,930,1,2,1,1.0,6,13055,M,4333027.0,537011.0,13
201400014970,14,5,31,1930,1,2,1,1.0,5,13055,M,4331949.0,546024.0,13
201400014971,14,6,1,1530,1,2,1,1.0,6,13055,M,4331900.0,539026.0,13
201400014972,14,6,5,1310,1,2,1,1.0,6,13055,M,,,13
201400014973,14,6,23,2000,5,1,1,1.0,6,13055,M,4331481.0,536561.0,13
201400014974,14,6,19,830,1,2,1,1.0,6,13055,M,4328550.0,539882.0,13
201400014975,14,6,25,1700,1,2,1,1.0,4,13055,M,,,13
201400014976,14,6,23,1600,1,2,1,1.0,6,13055,M,4332727.0,536621.0,13
201400014977,14,6,19,50,5,2,1,1.0,3,13055,M,,,13
201400014978,14,5,16,900,1,2,1,1.0,6,13055,M,4329007.0,547525.0,13
201400014979,14,6,9,1900,1,2,7,1.0,6,13055,M,4330760.0,542544.0,13
201400014980,14,6,20,1400,1,2,1,1.0,6,13055,M,,,13
201400014981,14,6,20,1900,1,2,1,1.0,2,13055,M,4327917.0,541202.0,13
201400014982,14,5,9,1545,1,2,1,1.0,6,13055,M,,,13
201400014983,14,4,5,1240,1,2,1,1.0,6,13055,M,4332617.0,537492.0,13
201400014984,14,5,30,1910,1,2,1,1.0,1,13055,M,4334041.0,537192.0,13
201400014985,14,6,27,630,1,2,1,1.0,3,13055,M,,,13
201400014986,14,2,21,1900,5,2,1,1.0,7,13055,M,4329248.0,538324.0,13
201400014987,14,6,17,1510,1,2,1,1.0,2,13055,M,4329255.0,539853.0,13
201400014988,14,5,17,1139,1,2,1,1.0,2,13055,M,,,13
201400014989,14,6,19,1030,1,2,1,1.0,3,13055,M,4327681.0,538379.0,13
201400014990,14,6,16,1800,1,2,1,1.0,6,13055,M,4331734.0,543816.0,13
201400014991,14,6,28,25,5,2,3,1.0,2,13055,M,4327057.0,540749.0,13
201400014992,14,4,19,1550,1,2,1,1.0,6,13055,M,4327344.0,541312.0,13
201400014993,14,6,13,1730,1,2,1,1.0,3,13055,M,4326221.0,538773.0,13
201400014994,14,6,24,1455,1,2,1,1.0,6,13055,M,4324615.0,541755.0,13
201400014995,14,7,2,1410,1,2,1,1.0,6,13055,M,4330291.0,537821.0,13
201400014996,14,6,26,1715,1,2,1,1.0,2,13055,M,4329606.0,548678.0,13
201400014997,14,6,23,940,1,2,1,1.0,6,13055,M,4330469.0,536967.0,13
201400014998,14,6,26,1720,1,2,1,1.0,6,13055,M,,,13
201400014999,14,6,16,1600,1,2,1,1.0,3,13055,M,4336655.0,535670.0,13
201400015000,14,6,26,2015,1,2,1,1.0,3,13055,M,4333118.0,542810.0,13
201400015001,14,6,27,2130,2,2,1,1.0,6,13055,M,4332913.0,542737.0,13
201400015002,14,6,28,1600,1,2,1,1.0,6,13055,M,,,13
201400015003,14,5,8,100,5,2,1,1.0,6,13055,M,4328132.0,539212.0,13
201400015004,14,6,17,1700,1,2,1,1.0,3,13055,M,4324953.0,542249.0,13
201400015005,14,6,25,1730,1,2,1,1.0,3,13055,M,4324615.0,541754.0,13
201400015006,14,6,26,1100,1,2,1,1.0,3,13055,M,4328309.0,541040.0,13
201400015007,14,6,30,820,1,2,1,1.0,6,13055,M,4324303.0,538636.0,13
201400015008,14,6,30,1535,1,2,3,1.0,2,13055,M,4327132.0,540911.0,13
201400015009,14,6,25,1900,1,2,1,1.0,6,13055,M,4328523.0,540438.0,13
201400015010,14,7,2,1530,1,2,2,1.0,6,13055,M,4330293.0,540078.0,13
201400015011,14,7,6,1740,1,2,1,1.0,7,13055,M,4334887.0,537242.0,13
201400015012,14,6,30,1230,1,2,1,1.0,3,13055,M,4330595.0,539952.0,13
201400015013,14,6,30,2030,1,2,1,1.0,4,13055,M,4326886.0,536906.0,13
201400015014,14,6,26,2150,3,2,3,1.0,3,13055,M,4331909.0,537910.0,13
201400015015,14,6,27,525,2,2,1,1.0,2,13055,M,4329305.0,545055.0,13
201400015016,14,6,30,1930,1,2,1,1.0,6,13055,M,4331937.0,536974.0,13
201400015017,14,6,28,1150,1,2,6,1.0,3,13055,M,4336995.0,534610.0,13
201400015018,14,6,25,2340,5,2,1,1.0,3,13055,M,4331500.0,538750.0,13
201400015019,14,7,5,50,5,2,6,1.0,6,13055,M,4333021.0,540964.0,13
201400015020,14,6,12,1710,1,2,1,1.0,6,13055,M,4328927.0,537281.0,13
201400015021,14,6,14,1215,1,2,1,1.0,2,13055,M,4329861.0,538094.0,13
201400015022,14,6,10,950,1,2,1,1.0,6,13055,M,4329068.0,535915.0,13
201400015023,14,6,30,1345,1,2,2,1.0,6,13055,M,4328986.0,536630.0,13
201400015024,14,5,29,1600,1,2,2,1.0,3,13055,M,4329926.0,537413.0,13
201400015025,14,6,15,1730,1,2,1,2.0,2,13055,M,,,13
201400015026,14,6,19,1600,1,2,1,1.0,2,13055,M,4329258.0,540134.0,13
201400015027,14,6,28,1415,1,2,1,1.0,6,13055,M,,,13
201400015028,14,3,24,1300,1,2,1,1.0,6,13055,M,4336832.0,535613.0,13
201400015029,14,7,3,1700,1,2,1,1.0,6,13055,M,4325115.0,537733.0,13
201400015030,14,7,2,1925,1,2,1,1.0,6,13055,M,4325070.0,538868.0,13
201400015031,14,6,26,1010,1,2,3,1.0,7,13055,M,4335340.0,536578.0,13
201400015032,14,6,23,1145,1,2,1,1.0,2,13055,M,4325018.0,540307.0,13
201400015033,14,7,4,2030,2,2,1,1.0,6,13055,M,4331440.0,538589.0,13
201400015034,14,7,4,2100,1,2,1,1.0,6,13055,M,4337316.0,535313.0,13
201400015035,14,7,4,835,1,2,2,1.0,3,13055,M,4332691.0,537609.0,13
201400015036,14,6,9,1200,1,2,1,1.0,4,13055,M,4332017.0,545859.0,13
201400015037,14,7,4,1530,1,2,1,1.0,6,13055,M,4329958.0,538484.0,13
201400015038,14,6,16,1730,1,2,8,1.0,2,13055,M,,,13
201400015039,14,4,27,1200,1,2,1,1.0,2,13055,M,4330570.0,538036.0,13
201400015040,14,3,31,730,1,2,1,1.0,6,13055,M,4332311.0,544668.0,13
201400015041,14,1,23,736,2,2,1,1.0,1,13055,M,4334990.0,535876.0,13
201400015042,14,3,5,1800,2,2,1,1.0,5,13055,M,4332392.0,544428.0,13
201400015043,14,7,3,1745,1,2,1,1.0,1,13055,M,4331672.0,544144.0,13
201400015044,14,7,6,1855,1,2,1,1.0,1,13055,M,,,13
201400015045,14,7,8,1905,1,2,1,1.0,6,13055,M,4329126.0,546164.0,13
201400015046,14,7,15,1000,1,2,3,1.0,3,13055,M,4331327.0,540355.0,13
201400015047,14,6,26,1430,1,2,3,1.0,3,13055,M,4326536.0,537982.0,13
201400015048,14,3,13,1600,1,2,2,1.0,3,13055,M,4328172.0,539148.0,13
201400015049,14,7,30,1630,1,2,1,1.0,7,13055,M,,,13
201400015050,14,6,30,1700,1,2,1,1.0,2,13055,M,,,13
201400015051,14,6,28,1700,1,2,1,1.0,6,13055,M,4328061.0,540775.0,13
201400015052,14,4,19,2015,5,2,1,1.0,6,13055,M,,,13
201400015053,14,6,15,215,5,2,1,1.0,2,13055,M,4333025.0,537008.0,13
201400015054,14,7,17,1518,1,2,1,1.0,6,13055,M,4334945.0,534709.0,13
201400015055,14,5,21,1915,1,2,1,1.0,6,13055,M,,,13
201400015056,14,4,15,1730,1,2,1,1.0,7,13055,M,4323618.0,536184.0,13
201400015057,14,6,27,1850,1,2,1,1.0,3,13002,M,,,13
201400015058,14,7,1,1300,1,2,1,1.0,3,13002,M,4334191.0,547131.0,13
201400015059,14,7,10,745,1,2,1,1.0,2,13055,M,4327720.0,539850.0,13
201400015060,14,7,15,833,1,2,2,1.0,3,13055,M,4328931.0,538912.0,13
201400015061,14,7,1,1500,1,2,3,1.0,6,13055,M,4326868.0,540151.0,13
201400015062,14,7,5,1630,1,2,1,1.0,6,13055,M,4330167.0,550450.0,13
201400015063,14,6,22,1930,1,2,1,1.0,4,13055,M,,,13
201400015064,14,5,18,140,5,2,1,1.0,6,13055,M,4331880.0,537942.0,13
201400015065,14,7,10,1220,1,2,1,1.0,6,13055,M,4334393.0,535949.0,13
201400015066,14,7,7,1500,1,2,3,1.0,3,13055,M,4333320.0,539887.0,13
201400015067,14,7,13,1815,1,2,1,1.0,2,13055,M,4325281.0,540269.0,13
201400015068,14,7,13,1725,1,2,1,1.0,6,13055,M,4326225.0,537461.0,13
201400015069,14,6,30,1215,1,2,1,1.0,6,13055,M,,,13
201400015070,14,7,12,1530,1,2,1,1.0,6,13055,M,4326708.0,538282.0,13
201400015071,14,2,16,330,5,2,1,1.0,6,13055,M,4328038.0,540067.0,13
201400015072,14,7,4,1910,1,2,2,1.0,6,13055,M,4329583.0,540029.0,13
201400015073,14,7,11,2340,5,2,1,1.0,2,13055,M,4329495.0,538717.0,13
201400015074,14,7,6,1140,1,2,1,1.0,5,13055,M,4331950.0,546029.0,13
201400015075,14,6,28,1315,1,2,1,1.0,2,13055,M,4333082.0,540543.0,13
201400015076,14,7,7,1230,1,2,1,1.0,4,13055,M,4327606.0,539510.0,13
201400015077,14,7,7,1700,1,2,1,1.0,6,13055,M,4324653.0,540829.0,13
201400015078,14,7,3,1130,1,2,3,1.0,6,13055,M,4327840.0,538464.0,13
201400015079,14,7,2,1025,1,2,1,1.0,7,13055,M,4327906.0,538303.0,13
201400015080,14,7,3,1850,1,2,1,1.0,2,13055,M,4327807.0,538331.0,13
201400015081,14,2,20,1755,1,2,3,1.0,3,13055,M,4328341.0,542700.0,13
201400015082,14,6,10,1400,1,2,1,1.0,6,13055,M,,,13
201400015083,14,7,19,1700,1,2,1,1.0,6,13055,M,4330424.0,540735.0,13
201400015084,14,7,6,2030,2,2,1,1.0,2,13055,M,4326915.0,542534.0,13
201400015085,14,6,27,1600,1,2,1,1.0,2,13055,M,4333289.0,535872.0,13
201400015086,14,7,3,1830,1,2,1,1.0,6,13055,M,4332904.0,536558.0,13
201400015087,14,7,2,815,1,2,2,1.0,3,13055,M,,,13
201400015088,14,7,8,900,1,2,3,1.0,6,13055,M,4332170.0,544839.0,13
201400015089,14,7,12,1400,1,2,1,1.0,2,13055,M,4326170.0,541442.0,13
201400015090,14,7,13,1830,1,2,1,1.0,7,13055,M,4324421.0,537151.0,13
201400015091,14,7,7,1930,1,2,1,1.0,1,13055,M,4325803.0,538347.0,13
201400015092,14,7,5,2040,1,2,1,1.0,6,13055,M,4335953.0,533220.0,13
201400015093,14,1,26,400,5,2,1,1.0,1,13055,M,,,13
201400015094,14,7,13,1140,1,2,1,1.0,6,13055,M,4330762.0,540184.0,13
201400015095,14,6,16,1110,1,2,1,1.0,2,13055,M,4330821.0,541090.0,13
201400015096,14,6,28,1100,1,2,1,1.0,6,13055,M,4333603.0,540733.0,13
201400015097,14,6,30,720,1,2,1,1.0,6,13055,M,4326394.0,542273.0,13
201400015098,14,7,3,2330,5,2,1,1.0,6,13055,M,4333160.0,537467.0,13
201400015099,14,7,14,1145,1,2,1,1.0,6,13055,M,4333274.0,541266.0,13
201400015100,14,7,3,745,1,2,1,1.0,6,13055,M,4330491.0,537609.0,13
201400015101,14,7,16,1310,1,2,1,1.0,6,13055,M,4332175.0,538938.0,13
201400015102,14,7,5,1320,1,1,1,1.0,6,13055,M,4328602.0,538433.0,13
201400015103,14,7,16,1910,1,2,1,1.0,4,13055,M,,,13
201400015104,14,7,17,1345,1,2,1,1.0,6,13055,M,4331711.0,537404.0,13
201400015105,14,1,30,645,5,2,2,3.0,6,13055,M,4335787.0,536585.0,13
201400015106,14,7,14,1850,1,2,1,1.0,2,13055,M,4333703.0,535743.0,13
201400015107,14,7,15,2245,4,2,1,1.0,2,13055,M,4329168.0,540929.0,13
201400015108,14,7,16,855,1,2,1,1.0,5,13055,M,,,13
201400015109,14,7,12,110,5,2,1,1.0,6,13055,M,,,13
201400015110,14,2,23,720,2,2,1,1.0,6,13055,M,,,13
201400015111,14,7,7,645,1,2,1,1.0,6,13055,M,4335981.0,531600.0,13
201400015112,14,5,12,1420,1,2,3,1.0,3,13055,M,4334094.0,535233.0,13
201400015113,14,1,9,1630,1,2,1,1.0,6,13055,M,4332854.0,541377.0,13
201400015114,14,1,21,1645,2,2,3,1.0,4,13055,M,4335997.0,534290.0,13
201400015115,14,6,19,940,1,2,1,1.0,6,13055,M,,,13
201400015116,14,7,3,910,1,2,1,1.0,1,13055,M,,,13
201400015117,14,7,18,845,1,2,1,1.0,6,13055,M,4328934.0,543848.0,13
201400015118,14,7,17,1630,1,2,1,1.0,2,13055,M,4333022.0,538834.0,13
201400015119,14,7,17,1015,1,2,1,1.0,2,13055,M,4335754.0,532027.0,13
201400015120,14,7,1,1730,1,2,1,1.0,6,13055,M,4332118.0,546095.0,13
201400015121,14,7,8,640,1,1,1,1.0,6,13055,M,4328929.0,535942.0,13
201400015122,14,7,3,2215,5,2,1,1.0,6,13055,M,4332319.0,543776.0,13
201400015123,14,6,30,1730,1,2,1,1.0,1,13106,M,,,13
201400015124,14,7,13,2000,1,2,1,1.0,7,13055,M,4324676.0,538478.0,13
201400015125,14,7,24,1725,1,2,1,1.0,3,13055,M,4326498.0,539556.0,13
201400015126,14,7,24,1630,1,2,1,1.0,1,13055,M,4334689.0,536770.0,13
201400015127,14,7,16,1150,1,2,1,1.0,6,13055,M,4327455.0,538650.0,13
201400015128,14,7,25,910,1,2,1,1.0,6,13055,M,,,13
201400015129,14,7,24,1510,1,2,2,1.0,3,13055,M,4332623.0,542071.0,13
201400015130,14,7,26,420,5,2,1,1.0,6,13055,M,4331080.0,544286.0,13
201400015131,14,7,27,1750,1,2,2,1.0,3,13055,M,4328996.0,537258.0,13
201400015132,14,7,29,1300,1,2,1,1.0,3,13055,M,4332852.0,541745.0,13
201400015133,14,7,18,2330,5,2,1,9.0,7,13055,M,,,13
201400015134,14,7,19,1740,1,2,1,1.0,2,13055,M,4327463.0,541533.0,13
201400015135,14,6,19,1330,1,2,2,1.0,6,13055,M,4331039.0,540744.0,13
201400015136,14,7,4,645,1,2,1,1.0,6,13055,M,4328702.0,536402.0,13
201400015137,14,6,26,1215,1,2,1,1.0,3,13055,M,4329992.0,538786.0,13
201400015138,14,6,25,1903,1,2,3,1.0,6,13055,M,4329598.0,536882.0,13
201400015139,14,6,1,200,5,2,1,1.0,6,13055,M,,,13
201400015140,14,6,8,100,5,2,1,1.0,2,13055,M,4328887.0,537297.0,13
201400015141,14,6,15,1600,1,1,1,2.0,7,13055,M,4331809.0,536823.0,13
201400015142,14,6,16,1010,1,2,7,1.0,2,13055,M,4327544.0,539593.0,13
201400015143,14,4,19,245,5,2,1,1.0,6,13055,M,4329012.0,542578.0,13
201400015144,14,5,21,1730,1,2,1,1.0,6,13055,M,4325231.0,540303.0,13
201400015145,14,4,25,1550,1,2,1,1.0,7,13055,M,,,13
201400015146,14,6,5,2330,3,2,1,1.0,2,13055,M,,,13
201400015147,14,7,11,2215,5,2,1,6.0,2,13055,M,4328857.0,550108.0,13
201400015148,14,6,11,1630,1,2,1,1.0,3,13055,M,,,13
201400015149,14,3,14,1945,5,2,3,1.0,3,13055,M,,,13
201400015150,14,6,19,940,1,2,1,1.0,6,13055,M,4328270.0,543202.0,13
201400015151,14,6,24,2030,1,2,1,1.0,2,13055,M,4328750.0,535220.0,13
201400015152,14,6,25,840,1,2,1,1.0,3,13055,M,4330354.0,536489.0,13
201400015153,14,7,31,1530,1,2,1,1.0,6,13055,M,4324557.0,537330.0,13
201400015154,14,8,3,1055,1,2,1,1.0,2,13055,M,4328330.0,538164.0,13
201400015155,14,7,8,1640,1,2,1,1.0,6,13055,M,4333782.0,535773.0,13
201400015156,14,7,9,1940,1,2,1,1.0,6,13055,M,4328785.0,538476.0,13
201400015157,14,7,14,1820,1,2,1,1.0,6,13055,M,4329241.0,536664.0,13
201400015158,14,7,19,2030,1,2,5,1.0,3,13055,M,4328671.0,539037.0,13
201400015159,14,6,18,1015,1,2,1,1.0,6,13055,M,4327952.0,537973.0,13
201400015160,14,7,13,1440,1,2,3,1.0,6,13055,M,4332589.0,537437.0,13
201400015161,14,7,1,2145,5,2,1,1.0,2,13055,M,4328763.0,546483.0,13
201400015162,14,1,27,1230,1,2,2,1.0,6,13055,M,4331188.0,538643.0,13
201400015163,14,7,1,1630,1,2,3,1.0,1,13055,M,4324592.0,542100.0,13