Num_Acc,an,mois,jour,hrmn,lum,agg,int,atm,col,com,gps,lat,long,dep
201400015164,14,8,2,200,5,2,1,1.0,1,13055,M,4330337.0,538578.0,13
201400015165,14,7,24,845,1,2,1,1.0,3,13055,M,,,13
201400015166,14,7,10,740,1,2,1,1.0,2,13055,M,4328412.0,538444.0,13
201400015167,14,7,21,1130,1,2,1,7.0,6,13055,M,4328834.0,543498.0,13
201400015168,14,7,4,1730,1,2,2,1.0,3,13055,M,4327133.0,540912.0,13
201400015169,14,7,25,1225,1,2,1,1.0,3,13055,M,4328363.0,543453.0,13
201400015170,14,7,6,1345,1,1,1,1.0,7,13002,M,,,13
201400015171,14,7,2,1250,1,2,1,1.0,2,13055,M,4328216.0,536341.0,13
201400015172,14,7,26,400,5,2,2,1.0,7,13055,M,4326657.0,542677.0,13
201400015173,14,7,17,1656,1,2,1,1.0,3,13055,M,4330383.0,541749.0,13
201400015174,14,7,24,2140,5,2,6,1.0,3,13055,M,4328208.0,542692.0,13
201400015175,14,7,1,2300,5,2,3,1.0,3,13055,M,4326909.0,538637.0,13
201400015176,14,7,2,1640,1,2,1,1.0,1,13055,M,4330162.0,544814.0,13
201400015177,14,7,10,2100,2,2,1,1.0,6,13055,M,4325377.0,538410.0,13
201400015178,14,7,1,1230,1,2,1,1.0,3,13055,M,4332099.0,545804.0,13
201400015179,14,7,16,1015,1,2,1,1.0,6,13055,M,4332102.0,537539.0,13
201400015180,14,7,16,1730,1,2,1,1.0,2,13055,M,4336593.0,535460.0,13
201400015181,14,7,19,1945,1,2,1,1.0,7,13055,M,4333425.0,544181.0,13
201400015182,14,6,16,1100,1,2,1,1.0,3,13055,M,4334578.0,536145.0,13
201400015183,14,6,28,1230,1,2,1,1.0,1,13055,M,,,13
201400015184,14,5,21,850,1,2,1,1.0,6,13055,M,4329019.0,536845.0,13
201400015185,14,6,3,1630,1,2,1,1.0,3,13055,M,,,13
201400015186,14,6,25,1630,1,2,3,1.0,3,13055,M,4329162.0,540599.0,13
201400015187,14,7,5,2145,5,2,1,1.0,7,13055,M,4328646.0,539920.0,13
201400015188,14,7,12,200,5,2,1,1.0,3,13055,M,4337580.0,535604.0,13
201400015189,14,7,28,100,5,2,1,2.0,6,13055,M,4330061.0,538987.0,13
201400015190,14,7,11,1000,1,2,1,1.0,6,13055,M,4326546.0,539029.0,13
201400015191,14,7,16,550,2,2,1,1.0,6,13055,M,,,13
201400015192,14,7,18,1225,1,2,1,1.0,6,13055,M,4328338.0,539721.0,13
201400015193,14,8,4,2045,1,2,1,1.0,6,13055,M,,,13
201400015194,14,6,22,120,5,2,2,1.0,6,13055,M,4329913.0,538089.0,13
201400015195,14,7,22,1100,1,2,1,1.0,2,13055,M,4329264.0,539906.0,13
201400015196,14,7,26,2000,1,1,2,1.0,3,13055,M,4328931.0,538913.0,13
201400015197,14,7,17,1115,1,2,1,1.0,2,13055,M,4325502.0,537634.0,13
201400015198,14,7,22,720,1,2,1,1.0,2,13055,M,,,13
201400015199,14,7,28,850,1,2,1,1.0,6,13055,M,4327073.0,539209.0,13
201400015200,14,6,9,725,1,2,1,1.0,3,13055,M,,,13
201400015201,14,7,17,1515,1,2,1,1.0,6,13055,M,4327500.0,538953.0,13
201400015202,14,6,10,1600,1,2,1,1.0,2,13055,M,4324498.0,542482.0,13
201400015203,14,4,11,2315,4,2,1,1.0,3,13055,M,,,13
201400015204,14,7,24,1530,1,2,1,1.0,6,13055,M,,,13
201400015205,14,7,20,1800,1,2,3,1.0,1,13055,M,4336054.0,544299.0,13
201400015206,14,7,27,1310,1,2,1,1.0,6,13075,M,4334653.0,545651.0,13
201400015207,14,8,5,1840,1,2,1,1.0,6,13055,M,,,13
201400015208,14,6,27,20,5,2,2,1.0,3,13055,M,4328638.0,538577.0,13
201400015209,14,6,28,2220,5,2,3,1.0,1,13055,M,4329638.0,537765.0,13
201400015210,14,7,7,1500,1,2,1,1.0,6,13055,M,4329960.0,537820.0,13
201400015211,14,7,23,800,1,2,1,1.0,4,13055,M,4328659.0,538632.0,13
201400015212,14,7,24,840,1,2,1,1.0,6,13055,M,,,13
201400015213,14,7,18,1120,1,2,1,1.0,6,13075,M,4334253.0,545745.0,13
201400015214,14,7,23,1610,1,2,1,1.0,1,13055,M,,,13
201400015215,14,8,7,450,5,2,1,1.0,2,13055,M,4327408.0,540020.0,13
201400015216,14,8,7,800,1,2,1,1.0,6,13055,M,4326574.0,539948.0,13
201400015217,14,8,7,1230,1,2,1,1.0,6,13055,M,,,13
201400015218,14,7,25,1640,1,2,2,1.0,3,13055,M,4329110.0,538307.0,13
201400015219,14,7,26,1600,1,2,1,1.0,6,13055,M,,,13
201400015220,14,7,22,1520,1,2,1,1.0,3,13055,M,4328622.0,536213.0,13
201400015221,14,7,24,1100,1,2,6,1.0,2,13055,M,4324573.0,538036.0,13
201400015222,14,7,24,925,1,2,3,1.0,6,13055,M,4335915.0,546052.0,13
201400015223,14,7,25,945,1,2,5,1.0,3,13055,M,4337865.0,535683.0,13
201400015224,14,7,26,1840,1,2,1,1.0,7,13055,M,,,13
201400015225,14,7,23,1100,1,1,2,1.0,1,13075,M,4335188.0,547589.0,13
201400015226,14,7,20,1140,1,2,4,1.0,3,13055,M,4331480.0,537263.0,13
201400015227,14,7,25,900,1,2,1,1.0,6,13055,M,4328350.0,539023.0,13
201400015228,14,7,29,1135,1,2,1,1.0,5,13055,M,4328006.0,538739.0,13
201400015229,14,7,28,1630,1,2,1,1.0,6,13055,M,4331847.0,545971.0,13
201400015230,14,7,27,1950,1,2,3,1.0,3,13055,M,4329821.0,545011.0,13
201400015231,14,7,3,1600,1,2,2,1.0,6,13055,M,4331455.0,537050.0,13
201400015232,14,7,7,1530,1,2,1,1.0,6,13055,M,4329052.0,537699.0,13
201400015233,14,7,24,1600,1,2,2,1.0,3,13055,M,4330319.0,540311.0,13
201400015234,14,7,27,920,1,2,2,1.0,3,13055,M,4330185.0,538334.0,13
201400015235,14,7,27,415,5,2,1,1.0,6,13055,M,4327760.0,539895.0,13
201400015236,14,7,31,1630,1,2,1,1.0,6,13055,M,4324661.0,540814.0,13
201400015237,14,7,23,1835,1,2,3,1.0,3,13055,M,4332554.0,543051.0,13
201400015238,14,7,28,1500,1,2,1,1.0,6,13055,M,,,13
201400015239,14,7,28,1900,1,2,1,1.0,1,13055,M,4332504.0,541478.0,13
201400015240,14,7,30,2130,5,2,1,1.0,6,13055,M,4335047.0,543201.0,13
201400015241,14,7,30,1615,1,2,1,1.0,1,13055,M,4333128.0,543258.0,13
201400015242,14,7,6,2020,1,2,1,1.0,6,13055,M,4329878.0,538446.0,13
201400015243,14,7,30,1330,1,2,2,1.0,6,13055,M,4328506.0,536000.0,13
201400015244,14,7,31,1810,1,2,3,1.0,3,13055,M,4328052.0,537513.0,13
201400015245,14,7,10,1220,1,2,2,1.0,3,13055,M,4330903.0,537841.0,13
201400015246,14,7,31,410,5,2,1,1.0,3,13055,M,4327903.0,538732.0,13
201400015247,14,8,5,1500,1,2,1,1.0,6,13055,M,4329744.0,538539.0,13
201400015248,14,8,9,1330,1,2,1,1.0,6,13055,M,4327422.0,539067.0,13
201400015249,14,8,3,45,5,2,1,8.0,6,13055,M,4326886.0,536909.0,13
201400015250,14,8,5,800,1,2,1,1.0,6,13055,M,4329194.0,539348.0,13
201400015251,14,8,6,35,5,2,1,1.0,7,13055,M,4328760.0,540031.0,13
201400015252,14,7,6,1215,1,2,1,1.0,6,13055,M,4326372.0,537391.0,13
201400015253,14,8,8,2135,5,2,1,1.0,5,13055,M,4333123.0,543236.0,13
201400015254,14,6,16,930,1,2,1,1.0,3,13055,M,,,13
201400015255,14,6,16,930,1,2,1,1.0,2,13055,M,,,13
201400015256,14,8,3,235,5,2,1,3.0,7,13055,M,4325449.0,537640.0,13
201400015257,14,4,23,200,5,2,1,8.0,6,13055,M,,,13
201400015258,14,7,22,1745,1,2,1,1.0,6,13055,M,4329896.0,543066.0,13
201400015259,14,8,4,1645,1,1,1,1.0,6,13055,M,4329655.0,549586.0,13
201400015260,14,8,5,1123,1,2,1,1.0,6,13055,M,4327990.0,538749.0,13
201400015261,14,2,3,1130,1,2,3,1.0,6,13055,M,4333344.0,536409.0,13
201400015262,14,3,28,1830,2,2,6,1.0,7,13055,M,4337353.0,535486.0,13
201400015263,14,5,27,1445,1,2,1,1.0,2,13055,M,,,13
201400015264,14,8,2,2300,5,2,6,3.0,3,13055,M,4332871.0,536569.0,13
201400015265,14,8,12,1425,1,2,1,1.0,6,13055,M,4331767.0,541754.0,13
201400015266,14,8,3,1200,1,2,1,1.0,6,13055,M,4333024.0,537008.0,13
201400015267,14,7,9,1740,1,2,3,1.0,1,13055,M,4325413.0,539435.0,13
201400015268,14,7,26,1550,1,2,6,1.0,6,13055,M,,,13
201400015269,14,7,31,1750,1,1,6,1.0,6,13055,M,4328584.0,542526.0,13
201400015270,14,8,1,1830,1,2,1,1.0,6,13002,M,,,13
201400015271,14,8,4,1015,1,2,1,1.0,6,13055,M,4328552.0,540018.0,13
201400015272,14,8,7,840,1,2,3,1.0,2,13055,M,4327017.0,540262.0,13
201400015273,14,8,2,1715,1,2,1,1.0,6,13055,M,4328258.0,543167.0,13
201400015274,14,8,7,2005,1,2,1,1.0,4,13055,M,,,13
201400015275,14,8,14,1850,1,2,2,1.0,3,13055,M,4331676.0,536913.0,13
201400015276,14,7,31,250,5,2,1,1.0,6,13055,M,4330165.0,540080.0,13
201400015277,14,8,11,5,5,2,1,1.0,7,13055,M,4328306.0,537468.0,13
201400015278,14,8,1,1640,1,2,1,1.0,6,13055,M,4329224.0,536207.0,13
201400015279,14,8,7,1,5,2,1,1.0,1,13055,M,,,13
201400015280,14,7,30,1730,1,2,1,1.0,6,13055,M,,,13
201400015281,14,8,10,425,5,2,1,1.0,6,13055,M,4326888.0,536906.0,13
201400015282,14,8,7,1045,5,2,1,1.0,4,13055,M,4326678.0,539541.0,13
201400015283,14,7,22,2100,5,2,1,1.0,2,13055,M,4333049.0,537096.0,13
201400015284,14,8,9,745,1,2,1,1.0,6,13055,M,4330637.0,538503.0,13
201400015285,14,8,4,930,1,2,1,1.0,1,13055,M,4327765.0,542050.0,13
201400015286,14,8,6,1430,1,2,3,1.0,3,13055,M,4327986.0,538680.0,13
201400015287,14,6,11,2340,5,2,1,1.0,7,13055,M,4329021.0,537552.0,13
201400015288,14,8,10,2340,5,2,2,1.0,5,13055,M,4330063.0,538834.0,13
201400015289,14,8,10,1705,1,2,1,1.0,6,13055,M,4327459.0,541522.0,13
201400015290,14,8,6,1320,1,2,1,1.0,2,13055,M,4328533.0,548208.0,13
201400015291,14,7,31,1500,1,2,1,1.0,2,13055,M,4329056.0,537823.0,13
201400015292,14,8,6,1410,1,2,2,1.0,3,13055,M,4328795.0,538344.0,13
201400015293,14,8,4,1930,1,2,1,1.0,2,13055,M,4334388.0,535948.0,13
201400015294,14,7,29,950,1,2,1,1.0,6,13055,M,4325511.0,540115.0,13
201400015295,14,8,13,1730,1,2,1,1.0,6,13055,M,4334583.0,536145.0,13
201400015296,14,8,20,1315,2,1,2,1.0,3,13055,M,4329493.0,542699.0,13
201400015297,14,8,21,1910,1,2,1,1.0,6,13055,M,4328642.0,538526.0,13
201400015298,14,8,8,1400,1,2,1,1.0,6,13055,M,,,13
201400015299,14,8,12,1150,1,2,2,1.0,3,13055,M,4328885.0,538289.0,13
201400015300,14,8,15,1515,1,2,2,1.0,3,13055,M,4329871.0,539878.0,13
201400015301,14,7,27,1010,1,2,1,1.0,6,13055,M,4332570.0,544101.0,13
201400015302,14,7,29,1015,1,2,1,1.0,6,13055,M,4328342.0,535884.0,13
201400015303,14,8,13,1730,1,2,1,1.0,6,13055,M,4328008.0,541929.0,13
201400015304,14,8,24,530,5,2,6,1.0,1,13055,M,4327259.0,539100.0,13
201400015305,14,7,17,1600,1,2,1,1.0,3,13055,M,4331109.0,540358.0,13
201400015306,14,8,10,1950,1,2,2,1.0,3,13055,M,4331968.0,538258.0,13
201400015307,14,8,11,1930,1,2,2,1.0,3,13055,M,4331498.0,538797.0,13
201400015308,14,8,6,850,1,2,1,1.0,1,13055,M,4332232.0,544025.0,13
201400015309,14,8,13,1030,1,2,1,3.0,1,13055,M,4335391.0,532850.0,13
201400015310,14,8,16,1515,1,1,3,1.0,1,13055,M,4332156.0,541109.0,13
201400015311,14,8,17,1745,1,2,1,1.0,2,13055,M,,,13
201400015312,14,7,15,1950,1,2,1,1.0,3,13075,M,4335907.0,546614.0,13
201400015313,14,8,8,855,1,2,3,1.0,1,13002,M,,,13
201400015314,14,8,9,1000,1,2,1,1.0,6,13055,M,4330412.0,542391.0,13
201400015315,14,8,17,1900,1,2,1,1.0,2,13055,M,4327064.0,542274.0,13
201400015316,14,8,14,1340,1,2,1,1.0,6,13002,M,4334203.0,547113.0,13
201400015317,14,8,26,8,5,2,2,1.0,2,13055,M,4330047.0,538320.0,13
201400015318,14,8,25,2130,5,2,1,1.0,7,13055,M,,,13
201400015319,14,8,24,1,5,2,2,1.0,6,13106,M,,,13
201400015320,14,8,16,1950,1,2,1,1.0,4,13055,M,4327452.0,536125.0,13
201400015321,14,8,3,1300,1,2,1,1.0,2,13055,M,,,13
201400015322,14,8,9,1900,1,2,1,1.0,6,13055,M,4332530.0,539404.0,13
201400015323,14,8,21,1730,1,2,3,1.0,1,13055,M,4333954.0,536176.0,13
201400015324,14,2,2,1350,1,2,2,1.0,2,13055,M,4330877.0,537081.0,13
201400015325,14,7,30,2000,1,2,1,1.0,1,13002,M,,,13
201400015326,14,8,18,1630,1,2,2,1.0,3,13055,M,4331161.0,537131.0,13
201400015327,14,8,24,1900,1,2,1,1.0,6,13055,M,4330649.0,537321.0,13
201400015328,14,9,1,2320,5,2,2,1.0,3,13055,M,4334257.0,535967.0,13
201400015329,14,7,21,510,5,2,1,1.0,6,13055,M,4329330.0,538237.0,13
201400015330,14,5,12,1530,1,2,1,1.0,6,13055,M,,,13
201400015331,14,8,19,2100,5,1,1,2.0,6,13055,M,,,13
201400015332,14,8,14,950,1,2,1,1.0,6,13055,M,,,13
201400015333,14,8,19,1510,1,2,1,1.0,6,13055,M,4328798.0,542923.0,13
201400015334,14,3,15,1550,1,2,6,1.0,2,13055,M,4328514.0,542595.0,13
201400015335,14,8,16,2250,5,2,1,1.0,6,13055,M,4328803.0,546378.0,13
201400015336,14,7,15,1200,1,2,1,1.0,6,13055,M,4335223.0,536040.0,13
201400015337,14,8,20,1840,1,2,2,1.0,5,13075,M,4334749.0,546373.0,13
201400015338,14,8,20,2130,5,2,1,1.0,7,13002,M,,,13
201400015339,14,8,23,1855,1,2,1,1.0,1,13055,M,4326657.0,538836.0,13
201400015340,14,8,29,100,5,2,1,1.0,6,13055,M,4328195.0,538598.0,13
201400015341,14,8,21,1745,1,2,1,1.0,2,13055,M,4327719.0,537544.0,13
201400015342,14,8,10,1315,1,2,1,1.0,2,13055,M,4331553.0,546155.0,13
201400015343,14,5,11,130,5,2,6,1.0,6,13055,M,4326276.0,540446.0,13
201400015344,14,8,14,1800,1,2,1,1.0,6,13055,M,4326395.0,538988.0,13
201400015345,14,9,3,2050,2,2,1,1.0,6,13055,M,4325773.0,539992.0,13
201400015346,14,8,29,300,5,2,1,1.0,7,13055,M,4330686.0,536774.0,13
201400015347,14,9,2,1240,1,2,2,1.0,6,13055,M,4330940.0,540294.0,13
201400015348,14,7,31,1720,1,2,3,1.0,6,13055,M,4327846.0,536019.0,13
201400015349,14,5,24,1950,1,2,1,1.0,6,13055,M,,,13
201400015350,14,8,4,1130,1,2,3,1.0,3,13055,M,4331508.0,538028.0,13
201400015351,14,8,21,1845,1,2,1,1.0,1,13055,M,4332890.0,538093.0,13
201400015352,14,8,27,1645,1,2,2,1.0,3,13055,M,4329192.0,536832.0,13
201400015353,14,7,21,1530,1,2,1,1.0,2,13055,M,4326412.0,540416.0,13
201400015354,14,8,20,1830,1,2,1,1.0,6,13055,M,4327932.0,539354.0,13
201400015355,14,7,13,2230,5,2,1,1.0,6,13055,M,4329566.0,544627.0,13
201400015356,14,8,12,725,1,2,1,1.0,6,13055,M,4328892.0,546223.0,13
201400015357,14,8,27,945,1,2,2,1.0,3,13055,M,4329825.0,541668.0,13
201400015358,14,8,26,2300,5,2,1,1.0,3,13055,M,,,13
201400015359,14,8,23,1115,1,2,1,1.0,6,13055,M,4328340.0,549849.0,13
201400015360,14,9,2,800,1,2,1,1.0,6,13055,M,4328161.0,542756.0,13
201400015361,14,8,21,1700,1,2,1,1.0,7,13075,M,,,13
201400015362,14,6,7,1650,1,2,1,1.0,3,13055,M,4328045.0,538989.0,13
201400015363,14,8,29,750,1,2,3,1.0,7,13055,M,4334361.0,538534.0,13
201400015364,14,8,31,1700,1,2,1,1.0,6,13055,M,4336673.0,536304.0,13
201400015365,14,8,7,1020,1,2,1,1.0,1,13055,M,4337171.0,536284.0,13
201400015366,14,8,12,1926,1,2,1,1.0,2,13055,M,4337854.0,535687.0,13
201400015367,14,8,29,2035,2,2,1,1.0,6,13055,M,4329374.0,538221.0,13
201400015368,14,9,8,1130,1,2,1,1.0,6,13055,M,4329233.0,537648.0,13
201400015369,14,9,1,2230,5,2,1,1.0,6,13055,M,4329843.0,537404.0,13
201400015370,14,8,29,1730,1,2,1,1.0,6,13055,M,4328062.0,540099.0,13
201400015371,14,8,31,1200,1,2,1,1.0,7,13055,M,4329029.0,542554.0,13
201400015372,14,8,21,1440,1,1,1,1.0,4,13055,M,,,13
201400015373,14,8,28,1830,1,2,1,1.0,6,13106,M,4338753.0,535201.0,13
201400015374,14,8,24,830,1,2,3,1.0,3,13055,M,4327987.0,538684.0,13
201400015375,14,8,31,1715,1,2,3,1.0,3,13055,M,4327281.0,541180.0,13
201400015376,14,8,5,1330,1,2,6,1.0,3,13055,M,,,13
201400015377,14,9,1,1700,1,1,6,2.0,6,13055,M,4329869.0,543673.0,13
201400015378,14,8,24,1845,1,2,1,1.0,7,13002,M,,,13
201400015379,14,9,2,1050,1,2,3,1.0,3,13075,M,4334055.0,545658.0,13
201400015380,14,9,4,820,1,2,6,1.0,6,13002,M,4335602.0,548692.0,13
201400015381,14,9,2,2100,5,2,1,1.0,7,13055,M,4326480.0,537340.0,13
201400015382,14,9,2,1120,1,2,2,1.0,3,13055,M,4327989.0,538675.0,13
201400015383,14,8,28,2120,5,2,1,1.0,7,13055,M,4332640.0,539453.0,13
201400015384,14,8,20,1130,1,2,1,1.0,6,13055,M,4328747.0,544810.0,13
201400015385,14,9,4,930,1,2,1,1.0,7,13055,M,4329330.0,538238.0,13
201400015386,14,9,8,1820,1,2,2,1.0,3,13055,M,,,13
201400015387,14,9,7,1420,1,2,1,1.0,1,13055,M,4333333.0,540309.0,13
201400015388,14,9,6,400,5,2,1,1.0,2,13055,M,,,13
201400015389,14,9,10,540,5,2,1,1.0,1,13055,M,4332058.0,536506.0,13
201400015390,14,9,7,1030,1,2,1,1.0,6,13055,M,,,13
201400015391,14,9,10,1915,1,2,1,1.0,2,13106,M,4338767.0,535962.0,13
201400015392,14,9,11,915,1,2,1,1.0,6,13055,M,4330260.0,539614.0,13
201400015393,14,9,11,1715,1,2,1,1.0,3,13055,M,4332072.0,537886.0,13
201400015394,14,9,13,1800,1,2,1,1.0,4,13055,M,4323901.0,536552.0,13
201400015395,14,8,18,1700,1,2,3,1.0,6,13055,M,4329925.0,537411.0,13
201400015396,14,8,27,1455,1,2,2,1.0,3,13055,M,4329004.0,537253.0,13
201400015397,14,8,30,1630,1,2,1,1.0,6,13055,M,4333090.0,538893.0,13
201400015398,14,7,9,2150,5,2,2,1.0,3,13055,M,4329214.0,536897.0,13
201400015399,14,8,21,1545,1,2,1,1.0,6,13055,M,4330532.0,540077.0,13
201400015400,14,8,23,650,2,2,1,1.0,2,13075,M,4335211.0,546093.0,13
201400015401,14,8,28,1430,1,2,2,1.0,3,13055,M,4329701.0,538879.0,13
201400015402,14,9,3,1800,1,2,3,1.0,3,13055,M,4332922.0,536554.0,13
201400015403,14,9,4,750,1,2,1,1.0,6,13055,M,4331164.0,537870.0,13
201400015404,14,9,4,930,1,2,1,1.0,6,13055,M,4330925.0,537870.0,13
201400015405,14,9,6,1410,1,2,1,1.0,3,13055,M,4334180.0,537293.0,13
201400015406,14,9,6,1457,1,2,1,1.0,6,13055,M,,,13
201400015407,14,9,6,1730,1,2,1,1.0,1,13055,M,,,13
201400015408,14,7,5,1515,1,2,1,1.0,2,13055,M,4325182.0,537571.0,13
201400015409,14,9,3,1640,1,2,1,1.0,6,13055,M,4324535.0,538917.0,13
201400015410,14,9,5,2220,5,2,1,1.0,6,13055,M,4328859.0,546206.0,13
201400015411,14,9,1,1030,1,2,1,1.0,6,13055,M,,,13
201400015412,14,9,16,1840,1,2,1,1.0,6,13055,M,,,13
201400015413,14,9,1,1900,1,2,2,1.0,6,13055,M,4327133.0,540909.0,13
201400015414,14,9,3,1830,1,2,1,1.0,6,13055,M,4328065.0,542114.0,13
201400015415,14,9,5,1900,1,2,2,1.0,3,13055,M,4327060.0,540747.0,13
201400015416,14,9,6,955,1,2,1,1.0,4,13055,M,4329048.0,542028.0,13
201400015417,14,8,26,1720,1,2,1,1.0,2,13055,M,4328803.0,546375.0,13
201400015418,14,8,27,1740,1,2,1,1.0,6,13055,M,4335341.0,536640.0,13
201400015419,14,9,3,1545,1,2,2,1.0,6,13055,M,,,13
201400015420,14,8,24,350,5,2,1,1.0,2,13055,M,4329711.0,537966.0,13
201400015421,14,6,10,1415,1,2,2,1.0,3,13055,M,4330063.0,538833.0,13
201400015422,14,8,28,1311,1,2,2,1.0,1,13055,M,4328936.0,535760.0,13
201400015423,14,9,7,1400,1,2,1,1.0,6,13055,M,,,13
201400015424,14,8,27,1945,1,2,3,1.0,6,13055,M,4331281.0,538449.0,13
201400015425,14,7,31,930,1,2,1,1.0,1,13055,M,4336970.0,535630.0,13
201400015426,14,9,4,1530,1,2,2,1.0,2,13055,M,4328402.0,538479.0,13
201400015427,14,8,23,1700,1,2,3,1.0,6,13055,M,4323877.0,536517.0,13
201400015428,14,8,31,1030,1,2,1,1.0,2,13055,M,,,13
201400015429,14,9,4,1150,1,2,1,1.0,1,13055,M,4327421.0,541465.0,13
201400015430,14,9,12,1350,1,2,1,1.0,2,13055,M,4324665.0,543451.0,13
201400015431,14,9,9,1010,1,2,1,1.0,6,13055,M,,,13
201400015432,14,9,9,1000,1,2,2,1.0,3,13055,M,,,13
201400015433,14,9,9,1705,1,2,1,1.0,6,13055,M,,,13
201400015434,14,4,2,1600,1,2,3,1.0,3,13055,M,4336217.0,535732.0,13
201400015435,14,9,17,2135,5,2,1,3.0,4,13055,M,4336504.0,535689.0,13
201400015436,14,9,4,2000,5,2,1,1.0,6,13055,M,,,13
201400015437,14,9,4,1700,1,2,1,1.0,6,13055,M,4332721.0,543666.0,13
201400015438,14,9,14,1550,1,2,2,1.0,3,13055,M,4333914.0,543981.0,13
201400015439,14,9,13,1530,1,2,4,1.0,6,13055,M,4330992.0,544163.0,13
201400015440,14,9,15,750,1,2,1,2.0,2,13055,M,4327747.0,539936.0,13
201400015441,14,9,11,1600,1,2,1,1.0,2,13055,M,,,13
201400015442,14,9,4,1530,1,2,6,1.0,7,13002,M,4333186.0,548655.0,13
201400015443,14,9,8,1040,1,2,1,1.0,2,13055,M,4335695.0,532730.0,13
201400015444,14,9,18,1631,1,2,1,1.0,6,13055,M,4329225.0,536055.0,13
201400015445,14,9,18,1549,1,2,1,1.0,6,13055,M,,,13
201400015446,14,9,21,700,2,2,1,1.0,7,13055,M,4327945.0,539559.0,13
201400015447,14,9,22,1145,1,2,2,1.0,6,13055,M,4334825.0,536248.0,13
201400015448,14,9,9,1030,1,2,1,1.0,6,13055,M,4327281.0,538550.0,13
201400015449,14,9,11,1315,1,2,1,1.0,6,13055,M,4329357.0,538178.0,13
201400015450,14,8,31,1810,1,2,1,1.0,2,13055,M,,,13
201400015451,14,6,8,145,5,2,1,1.0,6,13055,M,4329395.0,548791.0,13
201400015452,14,9,6,2152,1,2,1,1.0,6,13055,M,4331572.0,542200.0,13
201400015453,14,9,7,2200,5,2,1,1.0,2,13055,M,4330797.0,543056.0,13
201400015454,14,9,8,915,1,2,1,1.0,7,13055,M,4329806.0,549813.0,13
201400015455,14,9,11,1935,1,2,2,1.0,3,13055,M,4330428.0,541307.0,13
201400015456,14,9,4,530,5,2,1,1.0,6,13055,M,4332644.0,536654.0,13
201400015457,14,9,1,1745,1,2,1,1.0,1,13055,M,4335213.0,536545.0,13
201400015458,14,9,1,650,1,2,1,1.0,6,13055,M,4332731.0,535531.0,13
201400015459,14,9,15,1100,1,2,1,1.0,6,13055,M,4329297.0,540633.0,13
201400015460,14,9,5,1015,1,2,1,1.0,7,13055,M,4328274.0,543208.0,13
201400015461,14,9,13,1050,1,2,1,1.0,7,13055,M,,,13
201400015462,14,8,29,1730,1,2,1,1.0,2,13055,M,4327431.0,540001.0,13
201400015463,14,9,11,955,1,2,1,1.0,6,13106,M,,,13
201400015464,14,9,12,800,1,2,3,1.0,1,13055,M,4328140.0,540506.0,13
201400015465,14,9,6,1650,1,2,1,1.0,6,13055,M,,,13
201400015466,14,7,21,2040,1,2,1,1.0,2,13055,M,4327191.0,541020.0,13
201400015467,14,9,2,1400,1,2,3,1.0,6,13055,M,4329326.0,545506.0,13
201400015468,14,9,8,1200,1,2,1,1.0,6,13055,M,4328886.0,536652.0,13
201400015469,14,8,18,1510,1,2,1,1.0,7,13055,M,4328677.0,546731.0,13
201400015470,14,9,17,600,5,2,1,1.0,1,13055,M,4328739.0,544200.0,13
201400015471,14,9,22,1655,1,2,1,1.0,6,13055,M,4329464.0,537456.0,13
201400015472,14,9,16,630,1,2,1,1.0,6,13055,M,4327720.0,538366.0,13
201400015473,14,9,6,1130,1,2,1,1.0,2,13055,M,,,13
201400015474,14,9,8,1445,1,2,1,1.0,2,13055,M,4331239.0,537190.0,13
201400015475,14,9,9,2000,2,2,1,1.0,6,13055,M,4334446.0,537308.0,13
201400015476,14,9,12,1600,1,2,1,1.0,7,13055,M,,,13
201400015477,14,9,13,1345,1,2,3,1.0,3,13055,M,4331690.0,536955.0,13
201400015478,14,9,13,1815,1,2,1,1.0,6,13055,M,,,13
201400015479,14,9,18,1250,1,2,1,1.0,6,13055,M,4330600.0,537238.0,13
201400015480,14,9,19,2030,5,2,1,1.0,7,13055,M,,,13
201400015481,14,9,24,1655,1,2,1,1.0,6,13055,M,,,13
201400015482,14,9,9,1720,1,2,1,1.0,6,13055,M,4329428.0,538202.0,13
201400015483,14,9,12,900,1,2,3,1.0,3,13055,M,4328861.0,538793.0,13
201400015484,14,9,19,1530,1,2,1,1.0,6,13055,M,4328859.0,538434.0,13
201400015485,14,9,9,710,1,2,1,1.0,2,13055,M,4330261.0,537431.0,13
201400015486,14,9,9,1015,1,2,1,1.0,4,13055,M,4332516.0,538824.0,13
201400015487,14,9,9,1430,1,2,1,1.0,6,13055,M,4337670.0,535630.0,13