Num_Acc,an,mois,jour,hrmn,lum,agg,int,atm,col,com,gps,lat,long,dep
201400015488,14,9,20,1820,1,2,1,1.0,6,13055,M,4332539.0,542940.0,13
201400015489,14,9,16,1630,1,2,1,1.0,1,13055,M,4324789.0,539985.0,13
201400015490,14,9,19,800,1,2,1,1.0,4,13055,M,4328153.0,541107.0,13
201400015491,14,2,28,515,3,2,1,8.0,7,13055,M,4328268.0,538960.0,13
201400015492,14,8,1,930,1,2,1,1.0,7,13055,M,4329529.0,542537.0,13
201400015493,14,9,4,1900,1,2,1,1.0,7,13055,M,4327271.0,542815.0,13
201400015494,14,9,15,1210,1,2,1,1.0,6,13002,M,,,13
201400015495,14,9,16,1610,1,2,2,1.0,6,13055,M,4330763.0,542546.0,13
201400015496,14,9,18,1055,1,2,1,1.0,2,13055,M,4334575.0,542472.0,13
201400015497,14,9,18,1330,1,2,1,1.0,7,13055,M,4332721.0,536626.0,13
201400015498,14,9,29,1700,1,2,1,8.0,6,13055,M,4332861.0,542625.0,13
201400015499,14,9,29,1830,1,2,1,1.0,7,13055,M,4330602.0,538356.0,13
201400015500,14,8,19,1920,1,2,1,1.0,6,13055,M,4329999.0,537619.0,13
201400015501,14,9,13,1110,1,2,1,1.0,6,13055,M,4329918.0,538088.0,13
201400015502,14,9,30,1630,1,2,1,3.0,6,13055,M,4333089.0,540591.0,13
201400015503,14,9,17,1535,1,2,3,1.0,1,13055,M,4326143.0,539358.0,13
201400015504,14,9,23,2120,5,2,1,2.0,7,13055,M,4326812.0,538898.0,13
201400015505,14,9,18,2000,3,2,7,1.0,6,13055,M,4324762.0,540046.0,13
201400015506,14,9,19,715,1,2,1,8.0,6,13055,M,4323323.0,541253.0,13
201400015507,14,9,20,1300,1,2,1,1.0,6,13055,M,,,13
201400015508,14,9,22,1730,1,1,1,1.0,6,13055,M,4327958.0,538766.0,13
201400015509,14,9,11,1730,1,2,1,1.0,6,13055,M,4328886.0,546145.0,13
201400015510,14,9,17,1100,1,2,1,1.0,6,13055,M,,,13
201400015511,14,9,20,1345,1,2,1,1.0,6,13055,M,4331605.0,538466.0,13
201400015512,14,9,23,1805,1,2,1,1.0,6,13055,M,,,13
201400015513,14,9,3,1110,1,1,3,1.0,1,13055,M,4328157.0,542365.0,13
201400015514,14,9,11,1425,1,2,1,1.0,6,13002,M,4336088.0,549399.0,13
201400015515,14,9,17,1825,1,2,1,1.0,6,13075,M,4335093.0,546818.0,13
201400015516,14,8,24,1340,1,2,1,1.0,6,13055,M,4330137.0,537988.0,13
201400015517,14,8,24,1850,1,2,2,1.0,6,13055,M,4329896.0,538815.0,13
201400015518,14,9,7,700,1,2,1,1.0,7,13055,M,,,13
201400015519,14,9,21,1445,1,2,1,1.0,6,13055,M,4330804.0,537394.0,13
201400015520,14,8,25,1900,1,2,1,1.0,6,13055,M,4326976.0,542189.0,13
201400015521,14,9,22,1954,2,2,3,1.0,6,13055,M,4325214.0,538395.0,13
201400015522,14,9,16,1605,1,2,6,1.0,1,13055,M,,,13
201400015523,14,6,22,1,5,2,1,1.0,6,13055,M,4326433.0,537822.0,13
201400015524,14,10,1,2020,5,2,3,1.0,6,13055,M,4328725.0,546595.0,13
201400015525,14,9,22,2000,5,2,1,1.0,6,13055,M,,,13
201400015526,14,10,4,248,5,2,1,1.0,6,13055,M,4326959.0,540181.0,13
201400015527,14,9,29,1525,1,2,1,1.0,6,13055,M,,,13
201400015528,14,9,8,1555,1,2,1,1.0,7,13055,M,4328582.0,544248.0,13
201400015529,14,8,21,2300,5,2,1,1.0,6,13055,M,4328948.0,536705.0,13
201400015530,14,9,20,930,1,2,1,1.0,2,13055,M,4328966.0,549577.0,13
201400015531,14,9,22,2130,5,2,1,1.0,6,13055,M,,,13
201400015532,14,9,23,2020,5,2,1,1.0,6,13055,M,4330107.0,546213.0,13
201400015533,14,9,11,905,1,2,1,1.0,6,13055,M,4325796.0,539978.0,13
201400015534,14,9,25,1815,1,2,1,1.0,4,13002,M,,,13
201400015535,14,9,24,1130,1,2,1,1.0,7,13055,M,4330560.0,539219.0,13
201400015536,14,9,22,1230,1,2,1,1.0,6,13055,M,,,13
201400015537,14,9,26,740,1,2,1,1.0,6,13055,M,4328286.0,543240.0,13
201400015538,14,9,28,1825,1,2,1,1.0,1,13002,M,,,13
201400015539,14,8,29,1015,1,2,1,1.0,2,13055,M,4327016.0,539182.0,13
201400015540,14,9,22,1010,1,2,1,1.0,6,13055,M,4331154.0,542523.0,13
201400015541,14,10,7,30,5,2,1,1.0,7,13055,M,4334536.0,542912.0,13
201400015542,14,9,22,1450,1,2,1,1.0,6,13055,M,4328753.0,537924.0,13
201400015543,14,9,25,1225,1,2,1,1.0,6,13055,M,,,13
201400015544,14,9,30,740,1,2,1,2.0,6,13055,M,4331227.0,540132.0,13
201400015545,14,9,6,1500,1,2,1,1.0,6,13055,M,4336159.0,534510.0,13
201400015546,14,9,21,25,5,2,1,1.0,7,13055,M,4331037.0,540911.0,13
201400015547,14,9,21,40,5,2,2,1.0,6,13055,M,4329615.0,538145.0,13
201400015548,14,8,12,2310,5,2,1,1.0,6,13055,M,4335396.0,533223.0,13
201400015549,14,9,10,1025,1,2,1,1.0,6,13055,M,4330230.0,536910.0,13
201400015550,14,9,13,1130,1,2,2,1.0,6,13055,M,4334769.0,536173.0,13
201400015551,14,9,26,1730,1,2,2,1.0,6,13055,M,4331321.0,540509.0,13
201400015552,14,9,27,1400,1,2,1,1.0,6,13055,M,4333330.0,535465.0,13
201400015553,14,9,27,1930,3,2,1,1.0,2,13055,M,4334126.0,538659.0,13
201400015554,14,10,5,130,5,2,1,1.0,6,13055,M,4329369.0,537253.0,13
201400015555,14,10,5,2215,5,2,2,1.0,7,13055,M,4330293.0,540068.0,13
201400015556,14,9,14,1020,1,2,1,1.0,6,13055,M,4326926.0,538097.0,13
201400015557,14,9,27,1405,1,2,1,1.0,6,13055,M,4325423.0,538195.0,13
201400015558,14,8,27,1705,1,2,1,1.0,6,13055,M,4328863.0,549913.0,13
201400015559,14,10,3,2230,5,2,1,1.0,6,13055,M,4328465.0,548437.0,13
201400015560,14,10,4,540,5,2,1,1.0,6,13055,M,4330844.0,537905.0,13
201400015561,14,9,16,830,1,2,1,1.0,2,13055,M,,,13
201400015562,14,9,24,1900,1,2,1,1.0,6,13055,M,4334660.0,536462.0,13
201400015563,14,9,27,1540,1,2,1,1.0,4,13055,M,4336635.0,535673.0,13
201400015564,14,9,27,2145,5,2,3,1.0,3,13055,M,4335624.0,536967.0,13
201400015565,14,9,30,2010,5,2,3,2.0,3,13055,M,4331557.0,540378.0,13
201400015566,14,10,1,1500,1,2,1,1.0,6,13055,M,4336659.0,535574.0,13
201400015567,14,10,1,1800,1,2,1,1.0,6,13055,M,4333030.0,537004.0,13
201400015568,14,10,2,710,1,2,1,1.0,6,13055,M,4333535.0,540748.0,13
201400015569,14,10,9,2130,5,2,2,1.0,3,13055,M,4330814.0,540310.0,13
201400015570,14,10,9,2100,5,2,2,1.0,6,13055,M,4327935.0,539928.0,13
201400015571,14,10,11,1,5,2,1,1.0,2,13075,M,4334408.0,545949.0,13
201400015572,14,10,8,1335,1,2,1,1.0,1,13106,M,,,13
201400015573,14,4,5,550,2,2,1,1.0,3,13055,M,4325232.0,540296.0,13
201400015574,14,9,2,1040,1,2,2,1.0,3,13055,M,4328752.0,537694.0,13
201400015575,14,9,11,1630,1,2,1,1.0,6,13055,M,4330278.0,538455.0,13
201400015576,14,9,29,1740,1,2,2,1.0,6,13055,M,4331131.0,539621.0,13
201400015577,14,10,2,2030,5,2,1,1.0,1,13055,M,4329171.0,541279.0,13
201400015578,14,9,30,730,1,2,1,2.0,6,13055,M,,,13
201400015579,14,9,30,1550,1,2,1,2.0,6,13055,M,4331463.0,537294.0,13
201400015580,14,9,30,1040,1,2,1,3.0,1,13055,M,,,13
201400015581,14,10,1,1025,1,2,1,1.0,7,13055,M,4326421.0,542277.0,13
201400015582,14,8,27,1800,1,2,1,1.0,6,13055,M,4327028.0,538822.0,13
201400015583,14,9,25,1115,1,2,1,2.0,6,13055,M,4328872.0,543001.0,13
201400015584,14,9,25,1030,1,2,1,1.0,6,13055,M,,,13
201400015585,14,9,13,1115,1,2,1,1.0,6,13055,M,4330126.0,547579.0,13
201400015586,14,10,3,1215,1,2,1,1.0,6,13055,M,4336693.0,534345.0,13
201400015587,14,10,3,905,1,2,1,1.0,7,13055,M,4326803.0,539017.0,13
201400015588,14,8,25,1745,1,2,1,1.0,6,13055,M,4329274.0,538252.0,13
201400015589,14,10,1,1350,1,2,1,1.0,7,13055,M,4329865.0,537917.0,13
201400015590,14,8,16,1150,1,2,2,1.0,3,13055,M,4329871.0,543667.0,13
201400015591,14,9,24,1000,1,2,1,1.0,6,13055,M,4328145.0,540500.0,13
201400015592,14,9,29,1220,1,1,1,1.0,6,13055,M,4324636.0,543143.0,13
201400015593,14,10,1,1310,1,2,1,1.0,4,13055,M,4332465.0,545534.0,13
201400015594,14,10,2,815,1,2,1,1.0,6,13055,M,4330690.0,542196.0,13
201400015595,14,10,7,1000,1,2,1,2.0,7,13055,M,4329357.0,540700.0,13
201400015596,14,7,24,2340,5,2,1,1.0,7,13055,M,4331341.0,538406.0,13
201400015597,14,9,8,1805,1,2,1,1.0,6,13055,M,,,13
201400015598,14,9,19,1610,1,2,1,1.0,6,13055,M,4330506.0,537291.0,13
201400015599,14,10,1,1145,1,2,1,1.0,6,13055,M,4333096.0,538897.0,13
201400015600,14,10,10,1230,1,2,1,1.0,6,13055,M,4333375.0,538295.0,13
201400015601,14,9,25,2105,5,2,2,1.0,6,13055,M,4329583.0,540015.0,13
201400015602,14,9,13,1215,1,2,1,1.0,2,13055,M,4326800.0,541815.0,13
201400015603,14,10,4,1240,1,2,1,1.0,6,13055,M,4324516.0,538972.0,13
201400015604,14,9,6,1905,1,2,1,1.0,2,13055,M,4328628.0,547267.0,13
201400015605,14,9,26,915,1,2,2,1.0,3,13055,M,,,13
201400015606,14,6,11,2215,5,2,1,1.0,6,13055,M,4333624.0,544498.0,13
201400015607,14,10,1,2010,5,2,1,1.0,6,13055,M,,,13
201400015608,14,7,25,1530,1,2,1,1.0,6,13055,M,4331219.0,538168.0,13
201400015609,14,9,20,1500,1,2,1,1.0,4,13055,M,,,13
201400015610,14,10,5,2230,5,2,2,1.0,3,13055,M,4329727.0,539408.0,13
201400015611,14,10,6,945,1,2,1,1.0,6,13055,M,4328098.0,539513.0,13
201400015612,14,9,24,910,1,2,1,2.0,7,13002,M,,,13
201400015613,14,10,5,1650,1,2,1,1.0,6,13075,M,4330087.0,539060.0,13
201400015614,14,10,4,33,5,2,1,1.0,6,13055,M,,,13
201400015615,14,9,28,2340,5,2,3,1.0,6,13055,M,4333046.0,541252.0,13
201400015616,14,9,29,1000,1,2,1,1.0,6,13055,M,4332346.0,544570.0,13
201400015617,14,10,1,730,2,2,1,1.0,6,13055,M,4333532.0,540008.0,13
201400015618,14,10,6,830,1,2,1,1.0,2,13055,M,4334150.0,537312.0,13
201400015619,14,10,3,2345,5,2,1,1.0,6,13055,M,4332060.0,537465.0,13
201400015620,14,10,9,1040,1,2,1,1.0,6,13055,M,,,13
201400015621,14,8,25,1710,1,2,1,1.0,6,13055,M,4336340.0,531576.0,13
201400015622,14,10,2,1145,1,2,1,1.0,1,13055,M,4333146.0,537554.0,13
201400015623,14,10,8,1500,1,2,1,1.0,6,13055,M,4328432.0,538501.0,13
201400015624,14,10,9,1630,1,2,1,1.0,6,13055,M,4329715.0,540060.0,13
201400015625,14,10,10,1050,1,2,1,1.0,6,13055,M,4329434.0,539743.0,13
201400015626,14,10,12,125,5,2,1,1.0,6,13055,M,4329906.0,537410.0,13
201400015627,14,10,7,1530,1,2,1,1.0,3,13055,M,4328900.0,538003.0,13
201400015628,14,10,1,1515,1,2,1,1.0,6,13055,M,,,13
201400015629,14,10,7,1400,1,2,2,1.0,3,13055,M,4328691.0,541242.0,13
201400015630,14,10,11,1635,1,2,1,1.0,6,13055,M,,,13
201400015631,14,10,4,1345,1,2,1,1.0,7,13055,M,4329341.0,548095.0,13
201400015632,14,10,9,2300,5,2,1,1.0,6,13055,M,4328572.0,539924.0,13
201400015633,14,10,8,740,1,2,1,1.0,6,13055,M,,,13
201400015634,14,10,6,1900,5,2,1,1.0,4,13055,M,,,13
201400015635,14,10,7,2115,5,2,1,1.0,7,13055,M,4326682.0,540293.0,13
201400015636,14,10,3,1030,1,2,1,1.0,6,13055,M,4326955.0,542136.0,13
201400015637,14,10,6,1725,1,2,1,1.0,6,13055,M,4327785.0,541653.0,13
201400015638,14,10,2,1250,1,2,1,1.0,6,13055,M,4334879.0,537215.0,13
201400015639,14,8,30,1740,1,2,3,1.0,1,13055,M,4329918.0,545341.0,13
201400015640,14,10,13,1845,1,2,1,1.0,6,13055,M,4333910.0,538116.0,13
201400015641,14,10,19,525,5,2,1,1.0,6,13055,M,,,13
201400015642,14,10,19,2020,2,2,1,1.0,6,13055,M,4329562.0,538489.0,13
201400015643,14,10,6,1230,1,2,1,1.0,2,13055,M,4328292.0,540203.0,13
201400015644,14,9,25,1920,2,2,6,1.0,6,13055,M,4328584.0,542526.0,13
201400015645,14,10,19,1900,2,2,1,1.0,6,13055,M,4329567.0,544626.0,13
201400015646,14,10,13,1330,1,2,1,1.0,6,13055,M,4330081.0,536677.0,13
201400015647,14,10,13,1115,1,2,1,1.0,6,13055,M,4324500.0,542800.0,13
201400015648,14,10,17,1610,1,2,1,1.0,6,13055,M,,,13
201400015649,14,9,23,1210,1,2,1,1.0,6,13055,M,4334845.0,535894.0,13
201400015650,14,10,14,1050,1,2,1,1.0,6,13055,M,4331910.0,539024.0,13
201400015651,14,8,27,1230,1,2,1,1.0,6,13055,M,4330435.0,536510.0,13
201400015652,14,10,22,50,5,2,1,1.0,7,13055,M,0.0,541326.0,13
201400015653,14,7,30,309,5,2,1,1.0,1,13055,M,,,13
201400015654,14,10,1,1430,1,2,1,1.0,4,13055,M,,,13
201400015655,14,10,2,1620,1,2,1,1.0,6,13055,M,4331069.0,537632.0,13
201400015656,14,10,8,1050,1,2,6,1.0,7,13055,M,4333119.0,539833.0,13
201400015657,14,10,11,1600,1,2,1,1.0,6,13055,M,4330359.0,537376.0,13
201400015658,14,9,13,530,5,2,1,1.0,6,13055,M,,,13
201400015659,14,10,17,2245,5,2,1,1.0,1,13055,M,4326941.0,538685.0,13
201400015660,14,10,9,1945,5,2,1,1.0,6,13055,M,,,13
201400015661,14,10,14,1900,1,2,1,1.0,2,13055,M,,,13
201400015662,14,10,1,2030,5,2,1,1.0,6,13055,M,4332632.0,537459.0,13
201400015663,14,9,26,745,1,2,1,1.0,2,13055,M,4333219.0,537592.0,13
201400015664,14,9,14,1500,1,2,1,1.0,6,13055,M,,,13
201400015665,14,9,17,1000,1,2,1,1.0,6,13055,M,4329227.0,536068.0,13
201400015666,14,10,11,1825,1,2,1,1.0,6,13055,M,4331437.0,538740.0,13
201400015667,14,10,13,1935,5,2,1,1.0,3,13055,M,4328884.0,536048.0,13
201400015668,14,8,30,1040,1,2,1,1.0,6,13055,M,4324590.0,537422.0,13
201400015669,14,9,25,2140,5,2,1,1.0,6,13055,M,4328206.0,541051.0,13
201400015670,14,10,10,1900,5,2,1,1.0,7,13055,M,4324841.0,538217.0,13
201400015671,14,10,15,1525,1,2,1,1.0,6,13055,M,4326601.0,540850.0,13
201400015672,14,8,5,1700,1,2,1,1.0,2,13055,M,4326367.0,537792.0,13
201400015673,14,10,10,1000,1,2,1,1.0,2,13055,M,,,13
201400015674,14,10,27,555,5,2,1,1.0,6,13055,M,4357932.0,500125.0,13
201400015675,14,10,26,120,5,2,1,1.0,6,13055,M,4326403.0,538997.0,13
201400015676,14,10,25,1600,1,2,1,1.0,6,13055,M,,,13
201400015677,14,10,28,915,1,2,1,1.0,6,13055,M,4327016.0,538799.0,13
201400015678,14,9,29,1420,1,2,1,1.0,7,13055,M,4329001.0,536714.0,13
201400015679,14,9,18,800,1,2,2,1.0,3,13055,M,4329567.0,538889.0,13
201400015680,14,10,9,1345,2,2,6,1.0,6,13055,M,4332863.0,536566.0,13
201400015681,14,10,4,155,5,2,3,1.0,6,13055,M,4329118.0,538250.0,13
201400015682,14,10,5,1900,5,2,1,1.0,6,13055,M,4328235.0,539019.0,13
201400015683,14,10,17,1,5,2,1,1.0,2,13055,M,4328348.0,535016.0,13
201400015684,14,10,6,800,1,2,1,1.0,2,13055,M,4328551.0,539882.0,13
201400015685,14,10,16,900,1,2,1,1.0,2,13055,M,4330794.0,540191.0,13
201400015686,14,10,8,1310,1,1,1,1.0,2,13055,M,4332556.0,539410.0,13
201400015687,14,10,11,1645,1,2,2,1.0,6,13055,M,4331332.0,537625.0,13
201400015688,14,10,29,700,5,2,2,1.0,3,13055,M,4328545.0,538983.0,13
201400015689,14,10,29,615,5,2,2,1.0,3,13055,M,4334633.0,536610.0,13
201400015690,14,7,22,1410,1,2,1,1.0,6,13055,M,,,13
201400015691,14,7,27,1410,1,2,1,1.0,6,13055,M,4329682.0,537889.0,13
201400015692,14,7,23,1930,1,2,1,1.0,7,13055,M,4326901.0,536823.0,13
201400015693,14,10,16,830,1,2,2,1.0,3,13055,M,4329789.0,537911.0,13
201400015694,14,10,16,1530,1,2,4,1.0,6,13055,M,4330467.0,536708.0,13
201400015695,14,8,7,1400,1,2,1,1.0,6,13055,M,4333340.0,540295.0,13
201400015696,14,9,27,1830,1,2,2,1.0,1,13055,M,4332750.0,537502.0,13
201400015697,14,10,16,1400,1,2,1,1.0,6,13055,M,4332825.0,538497.0,13
201400015698,14,10,20,1531,1,2,1,1.0,6,13055,M,4325168.0,537566.0,13
201400015699,14,7,2,1840,1,2,1,1.0,6,13055,M,4327141.0,538611.0,13
201400015700,14,7,2,2015,1,2,1,1.0,6,13055,M,4328067.0,540122.0,13
201400015701,14,9,21,1350,1,2,1,1.0,4,13055,M,4324836.0,540603.0,13
201400015702,14,10,16,1455,1,2,1,1.0,2,13055,M,4327295.0,541205.0,13
201400015703,14,10,18,1800,1,2,1,1.0,6,13055,M,4326676.0,539546.0,13
201400015704,14,10,15,920,1,2,1,1.0,6,13055,M,4328629.0,547002.0,13
201400015705,14,10,25,2015,5,2,2,1.0,3,13055,M,4328922.0,537858.0,13
201400015706,14,9,14,915,1,2,1,1.0,2,13055,M,4328757.0,537689.0,13
201400015707,14,10,2,1215,1,2,1,1.0,6,13055,M,4332551.0,543218.0,13
201400015708,14,10,15,830,1,2,1,1.0,6,13055,M,4331555.0,538620.0,13
201400015709,14,10,17,1655,1,2,2,1.0,3,13055,M,4332103.0,537472.0,13
201400015710,14,10,17,2235,5,2,1,1.0,6,13055,M,4329215.0,540162.0,13
201400015711,14,11,3,725,1,2,1,2.0,6,13055,M,4328881.0,535523.0,13
201400015712,14,10,14,1230,1,2,1,2.0,6,13055,M,,,13
201400015713,14,9,3,1610,1,2,1,1.0,2,13055,M,4327961.0,541058.0,13
201400015714,14,10,20,925,1,2,1,1.0,2,13055,M,4327226.0,538848.0,13
201400015715,14,10,13,1435,1,2,1,1.0,6,13055,M,4329991.0,538070.0,13
201400015716,14,10,13,1730,1,2,1,1.0,1,13055,M,4329379.0,547935.0,13
201400015717,14,10,20,2220,5,2,1,1.0,7,13055,M,,,13
201400015718,14,10,18,1545,1,2,2,1.0,3,13055,M,4329748.0,540101.0,13
201400015719,14,8,5,1015,1,2,2,1.0,3,13055,M,4329905.0,538528.0,13
201400015720,14,11,3,1610,1,2,1,1.0,1,13055,M,4331839.0,537487.0,13
201400015721,14,10,4,1705,1,2,1,1.0,6,13055,M,4328609.0,538351.0,13
201400015722,14,10,24,1700,1,2,1,1.0,6,13055,M,4330592.0,540095.0,13
201400015723,14,10,27,1500,1,2,1,1.0,6,13055,M,4330131.0,538828.0,13
201400015724,14,10,30,610,5,2,1,1.0,6,13055,M,4333297.0,535868.0,13
201400015725,14,10,14,2220,5,2,1,1.0,6,13055,M,,,13
201400015726,14,10,19,1930,5,2,1,1.0,6,13055,M,4328214.0,542994.0,13
201400015727,14,10,16,1715,1,2,1,1.0,6,13055,M,,,13
201400015728,14,10,21,2220,5,2,2,1.0,6,13055,M,4329221.0,537728.0,13
201400015729,14,10,18,330,5,2,1,1.0,6,13055,M,,,13
201400015730,14,10,26,205,5,2,1,1.0,6,13055,M,4328618.0,539903.0,13
201400015731,14,10,17,1815,2,2,1,1.0,6,13055,M,,,13
201400015732,14,10,20,1845,2,2,1,8.0,6,13002,M,4334136.0,547251.0,13
201400015733,14,10,26,1530,1,2,2,1.0,6,13055,M,4327702.0,537293.0,13
201400015734,14,10,25,620,5,2,3,1.0,6,13055,M,4331236.0,541144.0,13
201400015735,14,10,25,1950,1,2,1,1.0,1,13055,M,4335248.0,535932.0,13
201400015736,14,10,24,1600,1,2,1,1.0,6,13055,M,4333201.0,539835.0,13
201400015737,14,10,24,1315,1,2,1,1.0,6,13055,M,,,13
201400015738,14,10,24,900,1,2,1,1.0,2,13055,M,,,13
201400015739,14,10,24,2100,5,2,1,1.0,6,13055,M,4327306.0,543682.0,13
201400015740,14,10,25,2330,5,2,1,2.0,6,13055,M,4326921.0,538885.0,13
201400015741,14,10,7,1240,1,2,1,1.0,6,13055,M,4327879.0,538155.0,13
201400015742,14,10,20,2030,5,2,1,1.0,1,13055,M,4326994.0,538763.0,13
201400015743,14,10,15,640,5,2,1,1.0,6,13055,M,4329698.0,548393.0,13
201400015744,14,10,18,1830,5,2,1,1.0,6,13055,M,,,13
201400015745,14,10,17,920,1,2,6,1.0,6,13055,M,4330485.0,537282.0,13
201400015746,14,10,16,1730,1,2,1,1.0,4,13055,M,,,13
201400015747,14,10,8,1300,1,2,1,1.0,6,13055,M,,,13
201400015748,14,10,23,1400,1,2,1,1.0,6,13055,M,4331239.0,544885.0,13
201400015749,14,10,22,1930,5,2,1,6.0,6,13002,M,4334418.0,547084.0,13
201400015750,14,10,26,1150,1,2,1,1.0,1,13055,M,4332494.0,541734.0,13
201400015751,14,10,25,1410,1,2,2,1.0,2,13055,M,4331076.0,546539.0,13
201400015752,14,10,25,1730,1,2,1,1.0,6,13055,M,4330857.0,546956.0,13
201400015753,14,10,19,1415,1,2,1,1.0,2,13055,M,,,13
201400015754,14,10,22,1840,2,2,1,6.0,6,13055,M,,,13
201400015755,14,9,30,1750,1,2,1,2.0,6,13055,M,,,13
201400015756,14,9,4,1945,1,2,1,1.0,6,13055,M,4330667.0,540087.0,13
201400015757,14,10,16,1030,1,2,2,1.0,6,13055,M,4329713.0,537346.0,13
201400015758,14,11,4,1730,2,2,1,3.0,6,13055,M,4330647.0,537483.0,13
201400015759,14,11,6,1000,1,2,1,1.0,2,13002,M,4335727.0,548897.0,13
201400015760,14,11,2,2335,5,2,1,1.0,6,13055,M,4328032.0,540056.0,13
201400015761,14,10,28,1430,1,2,1,1.0,6,13055,M,,,13
201400015762,14,10,28,1930,5,2,1,1.0,6,13055,M,4333835.0,538607.0,13
201400015763,14,10,20,1730,1,2,2,1.0,6,13055,M,4330309.0,536663.0,13
201400015764,14,10,30,1345,1,2,1,1.0,6,13055,M,4331990.0,536744.0,13
201400015765,14,9,22,2315,5,2,1,1.0,6,13055,M,4323821.0,540854.0,13
201400015766,14,10,14,1250,1,2,1,1.0,6,13055,M,4328119.0,542261.0,13
201400015767,14,10,22,1115,1,2,1,1.0,6,13055,M,4332542.0,543814.0,13
201400015768,14,10,16,1500,1,2,1,1.0,6,13055,M,,,13
201400015769,14,11,7,1230,1,2,1,1.0,6,13055,M,4325109.0,539019.0,13
201400015770,14,9,30,930,1,2,1,1.0,6,13055,M,4328410.0,537834.0,13
201400015771,14,10,30,1715,1,2,1,1.0,6,13055,M,4328597.0,538760.0,13
201400015772,14,7,5,100,5,2,1,1.0,6,13055,M,4327331.0,536274.0,13
201400015773,14,11,9,1430,1,2,1,2.0,6,13055,M,4338151.0,536786.0,13
201400015774,14,9,30,2015,2,2,1,1.0,6,13055,M,4334845.0,535894.0,13
201400015775,14,10,25,930,1,2,3,1.0,6,13055,M,4332227.0,539220.0,13
201400015776,14,11,1,2130,5,2,1,1.0,7,13055,M,4328860.0,545495.0,13
201400015777,14,10,30,1320,1,2,1,1.0,7,13055,M,,,13
201400015778,14,11,1,1425,1,2,1,1.0,7,13055,M,4328309.0,538881.0,13
201400015779,14,10,13,1610,1,2,1,1.0,6,13055,M,4329255.0,538261.0,13
201400015780,14,10,29,1700,1,2,1,1.0,6,13055,M,,,13
201400015781,14,10,26,1910,5,2,1,1.0,6,13055,M,4330573.0,538385.0,13
201400015782,14,10,27,900,1,2,1,1.0,6,13055,M,,,13
201400015783,14,11,3,1850,2,2,1,1.0,1,13055,M,,,13
201400015784,14,11,3,550,5,2,2,2.0,3,13055,M,4334108.0,537723.0,13
201400015785,14,10,31,1755,1,2,1,1.0,2,13055,M,,,13
201400015786,14,11,1,1920,5,2,1,1.0,6,13055,M,4329449.0,538695.0,13
201400015787,14,10,28,1215,1,2,1,1.0,6,13055,M,4329641.0,538137.0,13
201400015788,14,11,2,2210,5,2,1,1.0,6,13075,M,,,13
201400015789,14,9,1,1030,1,2,1,1.0,6,13055,M,4331440.0,541389.0,13
201400015790,14,9,18,1030,1,2,2,1.0,3,13055,M,4329692.0,537360.0,13
201400015791,14,10,6,715,1,2,1,1.0,6,13055,M,4333507.0,545274.0,13
201400015792,14,9,25,1010,1,2,1,1.0,6,13055,M,4327247.0,539129.0,13
201400015793,14,10,29,1130,1,2,1,1.0,6,13055,M,4328871.0,543620.0,13
201400015794,14,10,15,1330,1,2,1,1.0,4,13002,M,4335250.0,548143.0,13
201400015795,14,10,5,1850,5,2,1,1.0,6,13055,M,4328689.0,544556.0,13
201400015796,14,9,20,740,1,2,3,8.0,3,13055,M,4324961.0,542258.0,13
201400015797,14,10,30,1510,1,2,2,1.0,3,13055,M,4327612.0,539496.0,13
201400015798,14,10,28,1545,1,2,1,1.0,2,13055,M,4329162.0,546064.0,13
201400015799,14,9,25,1005,1,2,1,1.0,6,13055,M,4328673.0,541436.0,13
201400015800,14,10,29,1630,1,2,1,1.0,2,13055,M,4329126.0,546165.0,13
201400015801,14,10,20,1445,1,2,6,1.0,6,13055,M,4325075.0,540355.0,13
201400015802,14,10,30,815,1,2,3,7.0,6,13055,M,4328362.0,539968.0,13
201400015803,14,10,28,630,5,2,1,1.0,6,13055,M,4329705.0,549404.0,13
201400015804,14,10,29,2020,5,2,1,1.0,6,13055,M,4327323.0,540055.0,13
201400015805,14,10,30,1725,1,2,1,1.0,1,13002,M,4333064.0,545975.0,13