Num_Acc,an,mois,jour,hrmn,lum,agg,int,atm,col,com,gps,lat,long,dep
201400015806,14,11,15,1430,1,1,1,1.0,6,13055,M,,,13
201400015807,14,10,17,1915,5,2,1,1.0,1,13055,M,,,13
201400015808,14,11,1,1440,1,2,1,1.0,2,13055,M,,,13
201400015809,14,11,7,830,1,2,1,1.0,6,13055,M,4335383.0,533195.0,13
201400015810,14,7,28,2230,5,2,3,1.0,3,13055,M,4336375.0,536136.0,13
201400015811,14,11,8,1555,1,2,1,1.0,6,13055,M,,,13
201400015812,14,10,27,1730,1,2,1,1.0,6,13055,M,,,13
201400015813,14,11,8,1330,1,2,1,1.0,6,13055,M,4337319.0,535501.0,13
201400015814,14,11,3,1200,1,2,1,1.0,6,13055,M,4337027.0,535667.0,13
201400015815,14,11,6,1210,1,2,1,1.0,6,13055,M,4333350.0,540287.0,13
201400015816,14,11,5,1115,1,2,1,1.0,6,13055,M,4335029.0,534903.0,13
201400015817,14,10,25,1030,1,2,4,1.0,6,13055,M,,,13
201400015818,14,11,2,1415,1,2,1,1.0,6,13055,M,4330240.0,544963.0,13
201400015819,14,10,4,1515,1,2,1,1.0,2,13055,M,4329071.0,538155.0,13
201400015820,14,10,19,1040,1,2,2,1.0,7,13055,M,4329572.0,539787.0,13
201400015821,14,11,3,1810,4,2,1,1.0,6,13055,M,4331154.0,542538.0,13
201400015822,14,10,30,2220,5,2,1,1.0,6,13055,M,4329106.0,546218.0,13
201400015823,14,11,3,2230,5,2,1,1.0,7,13055,M,,,13
201400015824,14,10,31,830,1,2,1,1.0,6,13055,M,,,13
201400015825,14,10,24,920,1,2,3,1.0,1,13055,M,4329217.0,544153.0,13
201400015826,14,10,10,1530,1,2,3,1.0,2,13055,M,4325066.0,541568.0,13
201400015827,14,10,28,1430,1,2,3,1.0,3,13055,M,4324679.0,538360.0,13
201400015828,14,11,8,1800,5,2,1,1.0,4,13055,M,4330615.0,540075.0,13
201400015829,14,11,7,1350,1,2,1,1.0,6,13055,M,,,13
201400015830,14,9,12,1146,1,2,6,1.0,3,13002,M,4334949.0,548745.0,13
201400015831,14,11,3,1030,1,2,1,1.0,6,13055,M,4327554.0,535970.0,13
201400015832,14,9,16,1245,1,2,6,1.0,6,13055,M,4328569.0,538384.0,13
201400015833,14,11,2,1615,1,2,1,1.0,6,13055,M,4329511.0,538589.0,13
201400015834,14,11,5,2120,5,2,1,1.0,6,13055,M,4330298.0,538640.0,13
201400015835,14,11,4,820,1,2,1,1.0,6,13055,M,4333174.0,542864.0,13
201400015836,14,11,8,1715,1,2,1,1.0,6,13055,M,,,13
201400015837,14,10,31,400,5,2,1,1.0,7,13055,M,,,13
201400015838,14,11,6,1815,2,2,6,1.0,6,13055,M,4324621.0,539509.0,13
201400015839,14,11,7,1430,1,2,1,1.0,6,13055,M,4326979.0,542197.0,13
201400015840,14,10,3,1200,1,2,1,1.0,4,13055,M,4333668.0,540726.0,13
201400015841,14,11,11,915,1,2,1,3.0,6,13055,M,4332465.0,543528.0,13
201400015842,14,10,9,815,1,2,1,1.0,6,13055,M,,,13
201400015843,14,10,10,1125,1,2,1,1.0,6,13055,M,,,13
201400015844,14,10,3,1820,1,2,1,1.0,6,13055,M,4328476.0,539276.0,13
201400015845,14,11,12,610,5,2,1,2.0,7,13055,M,4327459.0,539996.0,13
201400015846,14,11,2,1810,5,2,1,1.0,6,13055,M,,,13
201400015847,14,11,8,2030,5,2,1,1.0,6,13055,M,4328585.0,547936.0,13
201400015848,14,11,2,1230,1,2,1,1.0,5,13075,M,4333929.0,545413.0,13
201400015849,14,11,8,10,5,2,1,1.0,7,13055,M,4325437.0,538028.0,13
201400015850,14,9,7,1400,1,2,1,1.0,2,13055,M,4328755.0,540030.0,13
201400015851,14,11,5,1745,2,2,1,1.0,4,13055,M,4327409.0,540017.0,13
201400015852,14,11,12,1240,1,2,3,2.0,6,13055,M,4323500.0,536023.0,13
201400015853,14,10,30,2115,5,2,1,1.0,6,13055,M,,,13
201400015854,14,11,11,1950,4,2,1,1.0,6,13055,M,4328555.0,542122.0,13
201400015855,14,10,31,1940,5,2,1,1.0,6,13055,M,4328345.0,541399.0,13
201400015856,14,10,22,1545,1,2,1,6.0,1,13055,M,4328430.0,534974.0,13
201400015857,14,11,9,1840,5,2,1,2.0,6,13055,M,,,13
201400015858,14,11,6,1230,1,2,1,1.0,6,13055,M,4332502.0,538232.0,13
201400015859,14,11,5,1210,1,2,1,1.0,6,13055,M,,,13
201400015860,14,11,12,745,1,2,1,3.0,2,13055,M,,,13
201400015861,14,9,25,1230,1,2,1,1.0,6,13055,M,,,13
201400015862,14,11,12,1350,1,2,1,1.0,6,13055,M,,,13
201400015863,14,11,9,1130,1,2,3,1.0,1,13055,M,4329903.0,538662.0,13
201400015864,14,10,19,1220,1,1,3,1.0,6,13055,M,4329347.0,538227.0,13
201400015865,14,10,30,1200,1,2,1,1.0,2,13055,M,4328839.0,538812.0,13
201400015866,14,11,13,145,5,2,1,1.0,6,13055,M,4328430.0,538663.0,13
201400015867,14,11,13,1730,2,2,1,1.0,6,13055,M,4326180.0,540404.0,13
201400015868,14,10,29,2010,5,2,1,1.0,6,13055,M,,,13
201400015869,14,11,2,130,5,2,1,1.0,6,13055,M,4331840.0,536801.0,13
201400015870,14,11,12,1650,1,2,1,1.0,6,13055,M,,,13
201400015871,14,11,1,1000,1,2,1,1.0,6,13055,M,4328260.0,540685.0,13
201400015872,14,11,14,700,1,1,2,1.0,6,13055,M,4331215.0,541795.0,13
201400015873,14,5,5,2145,5,2,2,1.0,3,13055,M,,,13
201400015874,14,11,3,1530,1,2,1,1.0,6,13055,M,4327796.0,539920.0,13
201400015875,14,10,8,840,1,2,1,1.0,6,13055,M,,,13
201400015876,14,11,19,1750,2,2,3,1.0,3,13055,M,4326018.0,541582.0,13
201400015877,14,11,12,1535,1,2,1,1.0,6,13055,M,4327526.0,538445.0,13
201400015878,14,11,21,610,5,2,2,1.0,6,13055,M,4330017.0,538872.0,13
201400015879,14,11,21,221,5,2,1,1.0,6,13055,M,,,13
201400015880,14,11,4,1945,5,2,1,1.0,6,13055,M,,,13
201400015881,14,10,13,750,1,2,1,1.0,2,13055,M,4331381.0,546301.0,13
201400015882,14,11,12,720,1,2,1,2.0,4,13002,M,,,13
201400015883,14,11,14,2300,5,2,3,2.0,6,13002,M,4335263.0,548211.0,13
201400015884,14,11,16,1920,5,2,2,1.0,6,13055,M,4334074.0,537819.0,13
201400015885,14,11,12,800,1,1,1,3.0,1,13075,M,4334082.0,545675.0,13
201400015886,14,11,16,1315,1,2,1,1.0,6,13055,M,4328577.0,544230.0,13
201400015887,14,11,16,1950,5,2,1,1.0,6,13055,M,4330527.0,541679.0,13
201400015888,14,11,2,1015,1,2,1,1.0,6,13055,M,4328678.0,544519.0,13
201400015889,14,10,2,2200,5,2,1,1.0,6,13055,M,4328410.0,541945.0,13
201400015890,14,11,3,820,1,2,1,3.0,1,13055,M,4330327.0,544242.0,13
201400015891,14,11,14,1815,5,2,3,2.0,1,13055,M,4326926.0,538903.0,13
201400015892,14,11,10,1530,1,2,1,1.0,6,13055,M,4334774.0,535917.0,13
201400015893,14,11,8,1810,5,2,1,1.0,6,13055,M,4337318.0,535497.0,13
201400015894,14,11,13,1540,1,2,3,1.0,4,13055,M,4332554.0,543049.0,13
201400015895,14,11,16,720,1,2,1,1.0,6,13055,M,,,13
201400015896,14,11,13,1630,1,2,1,1.0,7,13055,M,4329672.0,537225.0,13
201400015897,14,11,6,1530,1,2,1,1.0,4,13055,M,4327733.0,539920.0,13
201400015898,14,11,16,1840,1,2,1,1.0,4,13055,M,,,13
201400015899,14,11,8,950,1,2,1,1.0,2,13055,M,4327622.0,538887.0,13
201400015900,14,11,8,1044,1,2,2,1.0,6,13055,M,4329492.0,542699.0,13
201400015901,14,11,15,330,5,2,1,2.0,6,13002,M,4333841.0,546852.0,13
201400015902,14,11,15,1240,1,2,1,3.0,6,13055,M,4334136.0,537744.0,13
201400015903,14,11,17,1730,5,2,1,1.0,6,13055,M,,,13
201400015904,14,11,17,830,1,2,3,2.0,6,13106,M,4339018.0,536268.0,13
201400015905,14,11,24,2130,5,2,1,1.0,6,13055,M,,,13
201400015906,14,11,26,1010,1,2,1,1.0,6,13055,M,4330381.0,539310.0,13
201400015907,14,11,26,1140,1,2,1,1.0,6,13055,M,,,13
201400015908,14,11,6,1715,1,2,1,1.0,6,13055,M,4330523.0,536725.0,13
201400015909,14,10,21,1200,1,2,6,1.0,6,13055,M,4328288.0,539237.0,13
201400015910,14,11,6,1000,1,2,1,1.0,6,13055,M,,,13
201400015911,14,11,19,1800,5,2,1,1.0,1,13055,M,4330802.0,543182.0,13
201400015912,14,11,12,1225,1,2,1,1.0,2,13055,M,4326189.0,540411.0,13
201400015913,14,11,12,845,1,2,3,3.0,3,13055,M,4328484.0,539503.0,13
201400015914,14,11,24,2030,5,2,1,1.0,6,13055,M,,,13
201400015915,14,11,18,2000,5,2,1,1.0,4,13055,M,4334933.0,543103.0,13
201400015916,14,11,18,2118,5,2,3,1.0,6,13055,M,4331499.0,538796.0,13
201400015917,14,11,1,700,5,2,1,1.0,1,13002,M,4334220.0,547070.0,13
201400015918,14,11,18,820,1,2,1,1.0,6,13055,M,4334374.0,544616.0,13
201400015919,14,11,23,1330,1,2,1,1.0,6,13055,M,4333862.0,536226.0,13
201400015920,14,11,8,1341,1,2,1,1.0,6,13055,M,,,13
201400015921,14,10,30,1815,3,2,2,1.0,6,13055,M,4329439.0,537542.0,13
201400015922,14,11,13,1500,1,2,1,1.0,6,13055,M,4327130.0,536285.0,13
201400015923,14,11,4,1930,3,1,1,3.0,4,13055,M,4331171.0,539605.0,13
201400015924,14,11,6,1040,1,2,1,1.0,6,13055,M,4329854.0,538010.0,13
201400015925,14,12,1,700,5,2,1,1.0,6,13055,M,,,13
201400015926,14,11,5,500,5,2,1,1.0,1,13055,M,4329640.0,539076.0,13
201400015927,14,11,19,1100,1,2,1,1.0,6,13055,M,4331453.0,536563.0,13
201400015928,14,11,21,615,5,2,1,1.0,6,13055,M,4335030.0,534908.0,13
201400015929,14,11,18,2115,5,2,2,1.0,6,13055,M,4332083.0,537473.0,13
201400015930,14,11,24,1225,1,2,1,1.0,6,13055,M,4333358.0,543534.0,13
201400015931,14,10,25,1415,1,2,1,1.0,1,13055,M,4328260.0,545363.0,13
201400015932,14,11,10,1610,1,2,3,1.0,6,13055,M,4331622.0,541559.0,13
201400015933,14,11,14,1130,1,2,2,1.0,6,13055,M,4330293.0,540067.0,13
201400015934,14,11,7,100,5,2,1,1.0,6,13055,M,,,13
201400015935,14,11,6,1500,1,2,3,1.0,6,13055,M,4330782.0,536701.0,13
201400015936,14,11,17,1315,1,2,1,1.0,6,13055,M,4336189.0,534230.0,13
201400015937,14,11,19,10,5,2,3,1.0,6,13055,M,4326670.0,540286.0,13
201400015938,14,11,22,1130,1,2,1,1.0,6,13055,M,,,13
201400015939,14,11,24,1430,1,2,1,1.0,6,13055,M,4333168.0,540771.0,13
201400015940,14,11,17,2000,5,2,1,1.0,6,13055,M,,,13
201400015941,14,11,24,1130,1,2,2,1.0,6,13055,M,4329009.0,543790.0,13
201400015942,14,11,20,750,1,2,1,1.0,2,13055,M,4332890.0,542684.0,13
201400015943,14,11,24,1810,5,2,2,1.0,6,13055,M,4329667.0,537170.0,13
201400015944,14,12,3,1550,1,2,1,1.0,6,13055,M,4329772.0,538094.0,13
201400015945,14,10,15,1640,1,2,1,1.0,6,13055,M,4326740.0,540325.0,13
201400015946,14,11,13,1110,1,2,3,1.0,6,13055,M,4327131.0,538614.0,13
201400015947,14,11,13,750,1,2,3,1.0,6,13055,M,4335185.0,543446.0,13
201400015948,14,11,19,1250,1,2,3,1.0,6,13055,M,4328195.0,538561.0,13
201400015949,14,11,14,1240,1,2,1,1.0,6,13055,M,4328989.0,538144.0,13
201400015950,14,11,4,900,1,2,2,2.0,6,13055,M,4329049.0,538338.0,13
201400015951,14,10,22,1450,1,2,1,1.0,6,13055,M,,,13
201400015952,14,11,24,1230,1,2,1,8.0,6,13055,M,4328909.0,542575.0,13
201400015953,14,11,12,1615,1,2,3,1.0,6,13055,M,4338019.0,535436.0,13
201400015954,14,11,18,1320,1,2,1,1.0,6,13055,M,4332093.0,537807.0,13
201400015955,14,11,19,1050,1,2,1,1.0,6,13055,M,4327475.0,539432.0,13
201400015956,14,10,25,2015,5,2,1,1.0,7,13055,M,4334414.0,535940.0,13
201400015957,14,11,19,815,1,2,1,1.0,6,13055,M,4334082.0,543649.0,13
201400015958,14,11,19,830,1,2,1,1.0,6,13055,M,4334087.0,543646.0,13
201400015959,14,11,13,1230,1,2,1,1.0,6,13055,M,4332307.0,544714.0,13
201400015960,14,11,19,230,5,2,1,1.0,6,13055,M,,,13
201400015961,14,11,19,1350,1,2,1,1.0,6,13055,M,,,13
201400015962,14,12,8,1530,1,2,1,1.0,6,13055,M,4328216.0,535185.0,13
201400015963,14,11,13,1930,5,2,3,1.0,6,13055,M,4329328.0,545503.0,13
201400015964,14,11,23,800,1,2,2,1.0,6,13055,M,4326670.0,540286.0,13
201400015965,14,11,19,1530,1,2,1,1.0,6,13055,M,,,13
201400015966,14,11,7,1225,1,2,1,1.0,6,13055,M,4329321.0,539504.0,13
201400015967,14,11,25,1350,1,2,1,8.0,6,13106,M,4340886.0,536621.0,13
201400015968,14,11,21,1335,1,2,1,1.0,6,13055,M,4329966.0,537781.0,13
201400015969,14,11,25,1145,1,2,1,2.0,6,13055,M,4330510.0,551207.0,13
201400015970,14,11,25,1910,5,2,1,1.0,4,13055,M,4332019.0,545859.0,13
201400015971,14,11,25,1420,1,2,1,1.0,1,13055,M,4330601.0,537628.0,13
201400015972,14,11,15,630,5,2,3,2.0,6,13055,M,4333271.0,537776.0,13
201400015973,14,11,12,900,1,2,1,1.0,6,13055,M,,,13
201400015974,14,12,1,1830,5,2,1,2.0,6,13055,M,4330281.0,538460.0,13
201400015975,14,11,26,1950,5,2,1,2.0,6,13055,M,4326132.0,540562.0,13
201400015976,14,11,6,2030,5,2,1,1.0,6,13055,M,4329337.0,537108.0,13
201400015977,14,10,24,1245,1,2,1,1.0,6,13055,M,4334562.0,538216.0,13
201400015978,14,11,24,1905,5,2,1,1.0,6,13055,M,,,13
201400015979,14,11,30,1300,1,2,1,2.0,6,13055,M,,,13
201400015980,14,11,1,1215,1,2,1,1.0,6,13055,M,,,13
201400015981,14,11,19,1730,1,2,1,1.0,5,13055,M,4333151.0,538948.0,13
201400015982,14,11,26,2030,5,2,1,2.0,6,13055,M,4326413.0,540415.0,13
201400015983,14,11,26,1700,5,2,1,2.0,6,13055,M,4327990.0,538682.0,13
201400015984,14,11,28,830,1,1,2,1.0,6,13055,M,4328158.0,543423.0,13
201400015985,14,10,22,1330,1,2,1,1.0,2,13055,M,,,13
201400015986,14,11,21,745,2,1,1,1.0,6,13055,M,4331090.0,540335.0,13
201400015987,14,11,25,200,5,2,1,1.0,6,13055,M,4330710.0,540142.0,13
201400015988,14,11,30,20,5,2,1,2.0,6,13055,M,4332506.0,544204.0,13
201400015989,14,12,10,1230,1,2,1,1.0,6,13055,M,4333349.0,535781.0,13
201400015990,14,11,29,1330,1,2,1,1.0,4,13055,M,4331723.0,543801.0,13
201400015991,14,11,24,1210,1,2,1,1.0,6,13055,M,4328758.0,550767.0,13
201400015992,14,11,26,1000,1,2,1,1.0,6,13055,M,4327322.0,540058.0,13
201400015993,14,11,27,2210,5,2,1,1.0,6,13055,M,4327237.0,539105.0,13
201400015994,14,11,25,1830,5,2,2,2.0,6,13055,M,,,13
201400015995,14,11,26,1905,5,2,2,2.0,6,13055,M,4330428.0,538874.0,13
201400015996,14,11,3,1640,1,2,1,1.0,4,13055,M,4326162.0,539349.0,13
201400015997,14,11,27,1600,1,2,6,1.0,6,13055,M,4329535.0,544532.0,13
201400015998,14,11,30,1110,1,2,1,1.0,6,13055,M,4330473.0,541566.0,13
201400015999,14,11,20,1040,1,2,6,1.0,6,13055,M,4328584.0,542525.0,13
201400016000,14,11,14,1545,1,2,1,1.0,6,13055,M,4327701.0,543069.0,13
201400016001,14,11,28,2230,5,2,1,1.0,6,13055,M,4328135.0,538596.0,13
201400016002,14,11,25,1600,1,2,1,8.0,6,13055,M,4328370.0,549359.0,13
201400016003,14,11,24,1250,1,2,3,2.0,6,13055,M,4324382.0,540603.0,13
201400016004,14,5,21,2130,5,2,1,1.0,6,13055,M,,,13
201400016005,14,12,15,1450,1,2,1,1.0,6,13055,M,4331337.0,536622.0,13
201400016006,14,11,27,2140,5,2,1,1.0,6,13055,M,,,13
201400016007,14,11,24,1400,1,2,1,8.0,6,13055,M,4331054.0,537878.0,13
201400016008,14,11,25,2030,5,2,1,1.0,6,13055,M,4335957.0,541333.0,13
201400016009,14,11,28,1355,1,2,6,1.0,6,13002,M,4335323.0,546692.0,13
201400016010,14,11,25,1000,1,2,1,1.0,6,13002,M,4333136.0,548631.0,13
201400016011,14,11,20,2230,5,2,3,1.0,6,13055,M,4334735.0,537840.0,13
201400016012,14,12,3,750,2,2,1,1.0,6,13055,M,4333075.0,535917.0,13
201400016013,14,11,28,1530,1,2,1,1.0,6,13055,M,4327924.0,541174.0,13
201400016014,14,11,28,1240,1,2,6,2.0,6,13055,M,4330049.0,547717.0,13
201400016015,14,11,17,730,1,2,1,2.0,6,13055,M,4332306.0,536770.0,13
201400016016,14,11,30,1110,1,2,1,1.0,6,13055,M,,,13
201400016017,14,11,21,755,1,2,1,1.0,6,13055,M,4336366.0,534218.0,13
201400016018,14,12,16,1415,1,2,1,1.0,6,13055,M,4332581.0,541982.0,13
201400016019,14,10,3,1300,1,2,4,1.0,6,13055,M,4330193.0,538074.0,13
201400016020,14,8,14,1410,1,2,5,1.0,6,13055,M,4330402.0,537753.0,13
201400016021,14,12,2,930,1,2,1,2.0,6,13055,M,,,13
201400016022,14,12,2,1230,1,2,3,1.0,3,13055,M,,,13
201400016023,14,12,10,530,5,2,1,1.0,6,13055,M,4328427.0,534971.0,13
201400016024,14,11,19,1150,1,2,2,1.0,6,13055,M,4331352.0,541799.0,13
201400016025,14,11,21,1200,1,2,1,1.0,6,13055,M,4330513.0,539173.0,13
201400016026,14,11,27,1700,2,2,1,1.0,7,13055,M,4330821.0,540022.0,13
201400016027,14,9,16,1940,2,2,1,1.0,6,13055,M,,,13
201400016028,14,12,3,900,1,2,2,1.0,3,13055,M,4328609.0,538700.0,13
201400016029,14,12,18,1910,3,2,1,1.0,6,13055,M,,,13
201400016030,14,12,19,1500,1,2,1,7.0,6,13055,M,,,13
201400016031,14,12,5,1635,1,2,1,1.0,7,13055,M,4332294.0,541299.0,13
201400016032,14,12,3,945,1,2,2,1.0,6,13055,M,4332745.0,537647.0,13
201400016033,14,9,28,1430,1,2,1,1.0,1,13055,M,4332069.0,536751.0,13
201400016034,14,12,5,1100,1,2,1,1.0,6,13055,M,4332293.0,536769.0,13
201400016035,14,11,29,1210,1,2,1,1.0,4,13055,M,4330377.0,542639.0,13
201400016036,14,11,11,930,1,2,1,1.0,6,13055,M,4336321.0,535716.0,13
201400016037,14,10,16,800,1,2,1,1.0,2,13055,M,4332310.0,544709.0,13
201400016038,14,11,26,1750,5,2,1,2.0,3,13055,M,4332033.0,537219.0,13
201400016039,14,11,27,2005,5,2,2,1.0,6,13055,M,4331321.0,538626.0,13
201400016040,14,12,1,1350,1,2,1,2.0,1,13055,M,4329153.0,544820.0,13
201400016041,14,11,20,1240,1,2,1,1.0,1,13055,M,4332088.0,536486.0,13
201400016042,14,12,6,1750,1,2,1,3.0,6,13055,M,,,13
201400016043,14,10,4,2130,5,2,1,1.0,6,13055,M,,,13
201400016044,14,11,24,1910,5,2,1,1.0,6,13055,M,4326186.0,540411.0,13
201400016045,14,12,6,1925,5,2,1,2.0,6,13055,M,4324030.0,537711.0,13
201400016046,14,12,5,1150,1,2,1,8.0,6,13055,M,4328070.0,539327.0,13
201400016047,14,12,7,300,5,2,1,1.0,7,13055,M,4325437.0,537912.0,13
201400016048,14,12,5,700,5,2,1,2.0,6,13055,M,4329598.0,544630.0,13
201400016049,14,11,28,1835,5,2,2,2.0,3,13055,M,4330963.0,543752.0,13
201400016050,14,11,26,620,3,2,1,2.0,7,13002,M,,,13
201400016051,14,11,18,1115,1,2,1,1.0,7,13002,M,,,13
201400016052,14,11,26,1540,1,2,1,8.0,5,13055,M,4332403.0,539328.0,13
201400016053,14,9,21,1210,1,2,1,1.0,6,13055,M,4329517.0,538951.0,13
201400016054,14,11,4,1330,1,2,1,2.0,7,13055,M,4328318.0,536781.0,13
201400016055,14,11,21,1450,1,2,1,1.0,6,13055,M,4329130.0,539210.0,13
201400016056,14,11,6,1215,1,2,1,1.0,2,13055,M,4329038.0,537238.0,13
201400016057,14,11,27,1635,1,2,1,2.0,6,13055,M,,,13
201400016058,14,11,5,720,1,2,1,1.0,6,13055,M,4328398.0,538519.0,13
201400016059,14,12,7,2130,5,2,1,1.0,6,13055,M,4326389.0,537825.0,13
201400016060,14,12,7,1645,2,2,1,1.0,4,13055,M,4325183.0,537570.0,13
201400016061,14,11,21,1640,1,2,1,1.0,1,13055,M,4331972.0,546531.0,13
201400016062,14,11,25,2010,4,2,1,3.0,6,13055,M,4333484.0,545352.0,13
201400016063,14,12,6,1935,5,2,1,2.0,2,13055,M,,,13
201400016064,14,12,5,2235,5,2,3,3.0,6,13055,M,4333189.0,539854.0,13
201400016065,14,12,7,2010,5,2,1,1.0,6,13055,M,,,13
201400016066,14,12,19,1135,1,2,1,1.0,6,13055,M,4330378.0,542647.0,13
201400016067,14,10,20,1800,1,2,1,1.0,6,13055,M,4331006.0,544053.0,13
201400016068,14,12,23,1000,1,2,1,1.0,6,13055,M,4331220.0,545397.0,13
201400016069,14,12,6,2100,5,2,1,8.0,6,13055,M,4338512.0,536447.0,13
201400016070,14,12,28,1300,1,2,2,1.0,6,13055,M,4331902.0,537918.0,13
201400016071,14,12,27,1330,1,2,1,2.0,2,13055,M,,,13
201400016072,14,12,31,1900,5,2,1,1.0,2,13055,M,4328708.0,537377.0,13
201400016073,14,12,23,1930,5,2,1,1.0,7,13055,M,,,13
201400016074,14,12,21,630,5,2,1,1.0,6,13055,M,4334778.0,537279.0,13
201400016075,14,12,9,1130,1,2,3,1.0,6,13055,M,4333067.0,541178.0,13
201400016076,14,11,26,1810,5,2,2,3.0,6,13055,M,4330621.0,536754.0,13
201400016077,14,12,10,1210,1,2,3,1.0,6,13055,M,4335261.0,535770.0,13
201400016078,14,12,7,845,1,2,2,1.0,3,13055,M,4330174.0,538249.0,13
201400016079,14,12,11,2015,5,2,1,1.0,2,13055,M,4328352.0,542699.0,13
201400016080,14,12,12,1500,1,2,1,1.0,6,13055,M,4326536.0,539508.0,13
201400016081,14,12,12,825,1,2,1,1.0,2,13055,M,4324128.0,537868.0,13
201400016082,14,12,10,755,1,2,1,1.0,6,13055,M,4330221.0,537052.0,13
201400016083,14,12,14,1230,1,2,1,1.0,6,13055,M,4334327.0,543175.0,13
201400016084,14,12,10,2100,5,2,4,1.0,2,13075,M,4335061.0,547119.0,13
201400016085,14,11,28,1700,1,2,3,1.0,2,13055,M,4337864.0,535685.0,13
201400016086,14,11,16,1320,1,2,1,1.0,6,13055,M,4332527.0,539401.0,13
201400016087,14,11,4,1950,5,2,1,1.0,6,13055,M,4333041.0,538771.0,13
201400016088,14,12,9,1350,1,2,1,1.0,6,13055,M,4333358.0,535841.0,13
201400016089,14,11,27,1045,1,2,3,3.0,6,13055,M,4331525.0,538720.0,13
201400016090,14,12,9,1930,5,2,1,1.0,6,13055,M,4328904.0,540870.0,13
201400016091,14,11,25,1300,1,2,1,1.0,1,13055,M,4328748.0,542518.0,13
201400016092,14,12,10,1335,1,2,3,1.0,6,13055,M,4325063.0,538545.0,13
201400016093,14,12,4,1740,5,2,3,3.0,6,13055,M,4329622.0,544785.0,13
201400016094,14,12,8,1815,5,2,1,1.0,1,13055,M,4331059.0,538925.0,13
201400016095,14,10,18,1500,1,2,1,1.0,6,13055,M,4330207.0,537123.0,13
201400016096,14,12,17,1430,1,2,1,8.0,2,13055,M,4328111.0,539932.0,13
201400016097,14,11,28,1350,1,2,3,1.0,6,13075,M,,,13
201400016098,14,12,9,900,1,2,1,1.0,7,13055,M,4328892.0,539486.0,13
201400016099,14,11,26,1300,1,2,1,1.0,7,13055,M,4330234.0,537958.0,13
201400016100,14,12,7,1520,1,2,1,1.0,6,13055,M,,,13
201400016101,14,12,7,15,5,2,1,1.0,6,13055,M,4329869.0,538092.0,13
201400016102,14,12,23,1100,1,2,3,1.0,6,13106,M,4340680.0,537115.0,13
201400016103,14,12,3,1000,1,2,1,1.0,1,13055,M,,,13
201400016104,14,2,20,1040,1,2,1,1.0,6,13055,M,4332688.0,536066.0,13
201400016105,14,12,9,1800,2,2,1,1.0,6,13055,M,4332620.0,539445.0,13
201400016106,14,12,15,950,1,2,2,1.0,6,13055,M,4332319.0,536919.0,13
201400016107,14,12,11,1015,1,2,1,1.0,6,13055,M,4334245.0,535969.0,13
201400016108,14,12,1,550,3,2,1,9.0,6,13055,M,4332241.0,536772.0,13
201400016109,14,11,8,2110,5,2,3,1.0,6,13055,M,4335594.0,534631.0,13
201400016110,14,11,29,2220,5,2,1,2.0,6,13055,M,4330192.0,540071.0,13
201400016111,14,12,2,730,5,2,1,3.0,1,13055,M,4328862.0,545612.0,13
201400016112,14,12,15,2045,5,2,1,1.0,7,13055,M,,,13
201400016113,14,12,16,1620,1,2,1,1.0,7,13055,M,4327804.0,542105.0,13
201400016114,14,12,14,705,2,2,1,8.0,6,13055,M,4325651.0,541972.0,13
201400016115,14,12,12,1707,2,2,1,1.0,6,13055,M,4326478.0,540876.0,13
201400016116,14,12,16,1550,1,2,1,1.0,6,13055,M,4327636.0,538879.0,13
201400016117,14,11,3,1433,1,2,1,1.0,6,13075,M,4333735.0,548343.0,13
201400016118,14,12,16,1900,5,2,1,1.0,6,13055,M,4326546.0,539673.0,13
201400016119,14,12,17,1730,5,2,1,2.0,2,13055,M,,,13
201400016120,14,12,17,1345,1,2,1,2.0,6,13055,M,4334646.0,537982.0,13
201400016121,14,12,18,1700,1,2,1,1.0,6,13055,M,4335337.0,536659.0,13
201400016122,14,12,19,1305,1,2,3,1.0,6,13055,M,4326648.0,540824.0,13
201400016123,14,12,4,1610,1,2,1,2.0,6,13055,M,,,13
201400016124,14,12,16,1830,5,2,1,1.0,6,13055,M,4325694.0,538283.0,13
201400016125,14,11,23,1855,5,2,6,1.0,6,13055,M,4329223.0,544585.0,13