Num_Acc,an,mois,jour,hrmn,lum,agg,int,atm,col,com,gps,lat,long,dep
201400016126,14,12,22,1915,5,2,1,1.0,6,13055,M,4328483.0,548303.0,13
201400016127,14,12,19,1500,1,2,2,1.0,7,13055,M,,,13
201400016128,14,12,21,1330,1,2,1,1.0,6,13055,M,4337391.0,535578.0,13
201400016129,14,12,22,420,5,2,1,1.0,6,13055,M,4333358.0,542017.0,13
201400016130,14,11,28,900,1,2,1,6.0,6,13055,M,4335973.0,533925.0,13
201400016131,14,12,20,1500,2,2,1,1.0,6,13055,M,4331846.0,537884.0,13
201400016132,14,12,19,845,1,2,1,1.0,6,13055,M,,,13
201400016133,14,12,23,1530,1,2,1,1.0,6,13055,M,4329209.0,544606.0,13
201400016134,14,12,10,2110,3,2,2,1.0,1,13055,M,4325787.0,539936.0,13
201400016135,14,12,16,1730,2,2,1,1.0,6,13055,M,4328560.0,544209.0,13
201400016136,14,11,19,1445,1,2,1,1.0,6,13055,M,4329043.0,539379.0,13
201400016137,14,12,16,1230,1,2,4,1.0,1,13055,M,4328896.0,542575.0,13
201400016138,14,11,19,1300,1,2,1,1.0,6,13055,M,4327831.0,538397.0,13
201400016139,14,12,12,1830,5,2,1,1.0,6,13055,M,4326260.0,537549.0,13
201400016140,14,12,14,1900,5,2,1,1.0,6,13055,M,4326575.0,540861.0,13
201400016141,14,11,24,1900,5,2,1,1.0,7,13055,M,,,13
201400016142,14,12,23,1330,1,2,1,1.0,6,13055,M,4329855.0,548152.0,13
201400016143,14,12,15,840,1,2,1,1.0,6,13055,M,4330674.0,538275.0,13
201400016144,14,12,11,1805,1,2,2,1.0,6,13055,M,4326521.0,539567.0,13
201400016145,14,12,12,1920,5,2,1,1.0,6,13055,M,4327900.0,542668.0,13
201400016146,14,12,28,700,2,2,1,1.0,7,13055,M,,,13
201400016147,14,12,24,1800,4,2,1,1.0,6,13055,M,,,13
201400016148,14,12,21,330,5,2,1,1.0,7,13055,M,,,13
201400016149,14,12,23,1240,1,2,1,1.0,5,13055,M,,,13
201400016150,14,12,19,1530,1,2,1,1.0,6,13055,M,4336450.0,534223.0,13
201400016151,14,12,2,740,2,2,3,8.0,6,13055,M,4329891.0,543069.0,13
201400016152,14,12,10,930,1,2,1,1.0,6,13055,M,4326188.0,541421.0,13
201400016153,14,12,27,1625,1,2,1,1.0,6,13055,M,4327866.0,542198.0,13
201400016154,14,12,18,1800,5,2,1,1.0,7,13055,M,4328173.0,539960.0,13
201400016155,14,12,25,1720,5,2,1,1.0,6,13055,M,4328902.0,542574.0,13
201400016156,14,12,28,1820,5,2,1,1.0,6,13055,M,4328257.0,539945.0,13
201400016157,14,7,31,1620,1,2,1,1.0,6,13055,M,4337365.0,535580.0,13
201400016158,14,11,3,1610,1,2,1,1.0,6,13055,M,,,13
201400016159,14,11,28,1405,1,2,3,1.0,6,13055,M,4332190.0,536768.0,13
201400016160,14,12,2,445,5,2,1,2.0,7,13055,M,,,13
201400016161,14,12,6,2130,5,2,1,1.0,6,13055,M,4334401.0,537814.0,13
201400016162,14,1,27,1230,1,2,2,1.0,3,13055,M,,,13
201400016163,14,1,30,1525,1,2,1,2.0,6,13055,M,4328747.0,538957.0,13
201400016164,14,4,25,1700,1,2,1,1.0,6,13055,M,4330973.0,540064.0,13
201400016165,14,9,7,130,5,2,1,1.0,6,13055,M,4330369.0,540071.0,13
201400016166,14,11,15,550,5,2,1,1.0,6,13075,M,4335215.0,546100.0,13
201400016167,14,11,20,1915,5,2,1,1.0,6,13055,M,4328734.0,538899.0,13
201400016168,14,11,24,1409,1,2,2,1.0,3,13055,M,,,13
201400016169,14,12,11,1130,1,2,1,1.0,6,13055,M,4328768.0,539037.0,13
201400016170,14,12,28,1500,1,2,1,1.0,6,13055,M,4328892.0,538765.0,13
201400016171,14,12,30,1430,1,2,2,1.0,6,13055,M,4328752.0,537694.0,13
201400016172,14,5,8,1950,1,2,1,1.0,2,13055,M,,,13
201400016173,14,4,3,1900,1,2,1,1.0,6,13055,M,4327624.0,542225.0,13
201400016174,14,4,4,2315,5,2,5,1.0,6,13055,M,4327752.0,539920.0,13
201400016175,14,8,7,1745,1,2,1,1.0,6,13055,M,,,13
201400016176,14,8,22,100,5,2,6,1.0,6,13055,M,4327292.0,539074.0,13
201400016177,14,11,7,1610,1,2,1,1.0,6,13055,M,4327239.0,539064.0,13
201400016178,14,11,19,900,1,2,1,1.0,6,13055,M,4325222.0,540301.0,13
201400016179,14,11,25,1030,1,2,1,2.0,6,13055,M,4324228.0,539693.0,13
201400016180,14,11,26,1200,1,2,1,1.0,6,13055,M,,,13
201400016181,14,12,5,1915,5,2,1,1.0,6,13055,M,4326625.0,540120.0,13
201400016182,14,12,6,1800,5,2,1,1.0,6,13055,M,,,13
201400016183,14,12,13,1015,1,2,2,1.0,7,13055,M,4328164.0,542751.0,13
201400016184,14,12,20,1535,1,2,3,1.0,6,13055,M,4323334.0,540555.0,13
201400016185,14,8,8,2050,2,2,1,1.0,7,13055,M,4327188.0,542774.0,13
201400016186,14,7,27,550,2,2,1,1.0,7,13055,M,,,13
201400016187,14,8,28,2000,1,2,1,1.0,2,13055,M,4327011.0,538723.0,13
201400016188,14,12,2,730,5,2,1,3.0,6,13055,M,,,13
201400016189,14,10,15,2030,5,2,1,1.0,7,13055,M,4331071.0,551166.0,13
201400016190,14,11,15,1400,1,2,1,1.0,6,13055,M,4329747.0,544087.0,13
201400016191,14,11,26,1210,1,2,1,1.0,2,13055,M,,,13
201400016192,14,6,5,2040,1,2,1,1.0,6,13055,M,4334794.0,537726.0,13
201400016193,14,8,7,900,1,2,1,1.0,6,13055,M,4333510.0,540751.0,13
201400016194,14,9,20,1140,1,2,1,1.0,6,13055,M,,,13
201400016195,14,9,20,1015,1,2,1,1.0,6,13055,M,4332450.0,536238.0,13
201400016196,14,9,30,2010,3,2,1,2.0,6,13055,M,,,13
201400016197,14,10,7,30,5,2,1,1.0,6,13055,M,,,13
201400016198,14,10,30,2130,5,2,1,1.0,7,13055,M,,,13
201400016199,14,3,16,1100,1,2,1,1.0,6,13055,M,,,13
201400016200,14,3,22,2310,5,2,1,2.0,6,13055,M,,,13
201400016201,14,5,5,1200,1,2,1,1.0,6,13055,M,,,13
201400016202,14,5,30,2300,5,2,3,1.0,6,13055,M,4334850.0,535678.0,13
201400016203,14,5,2,2345,5,2,1,1.0,6,13055,M,,,13
201400016204,14,6,19,45,5,1,1,1.0,7,13055,M,,,13
201400016205,14,9,12,2000,5,2,1,1.0,6,13055,M,,,13
201400016206,14,9,24,1300,1,2,1,1.0,6,13055,M,4330444.0,536515.0,13
201400016207,14,10,27,1210,1,2,1,1.0,6,13055,M,4333651.0,535302.0,13
201400016208,14,11,25,535,5,2,1,3.0,6,13055,M,,,13
201400016209,14,1,23,1830,1,2,1,1.0,1,13075,M,4334300.0,546861.0,13
201400016210,14,3,19,1500,1,2,1,1.0,6,13055,M,,,13
201400016211,14,8,27,1615,1,2,1,1.0,6,13075,M,4334565.0,546151.0,13
201400016212,14,8,27,1730,1,2,1,1.0,2,13055,M,4327361.0,543618.0,13
201400016213,14,10,11,1,5,2,1,1.0,2,13075,M,4334408.0,545950.0,13
201400016214,14,10,16,955,1,2,1,1.0,6,13055,M,4329284.0,537703.0,13
201400016215,14,11,2,1900,5,2,2,1.0,6,13055,M,4329089.0,544282.0,13
201400016216,14,4,22,930,1,2,1,3.0,1,13055,M,,,13
201400016217,14,6,5,520,2,2,1,1.0,6,13055,M,4330125.0,539180.0,13
201400016218,14,6,14,1930,1,2,1,1.0,6,13055,M,,,13
201400016219,14,6,10,1330,1,2,1,1.0,6,13055,M,4329237.0,536623.0,13
201400016220,14,8,12,2150,5,2,1,1.0,6,13055,M,4329632.0,538137.0,13
201400016221,14,8,14,1155,1,1,2,1.0,3,13055,M,4328304.0,539005.0,13
201400016222,14,9,8,1230,1,2,1,1.0,6,13055,M,,,13
201400016223,14,11,26,1800,3,2,2,1.0,6,13055,M,,,13
201400016224,14,12,21,225,5,2,1,1.0,6,13055,M,4329223.0,536333.0,13
201400016225,14,7,4,1450,1,2,1,1.0,2,13055,M,,,13
201400016226,14,5,23,1520,1,2,1,1.0,6,13055,M,4331245.0,538082.0,13
201400016227,14,7,19,20,5,2,1,1.0,6,13055,M,4334025.0,536127.0,13
201400016228,14,8,18,1810,1,2,2,1.0,6,13055,M,4330660.0,537447.0,13
201400016229,14,8,22,45,5,2,1,1.0,6,13055,M,4332060.0,539198.0,13
201400016230,14,9,13,1650,1,2,1,1.0,6,13055,M,4334751.0,536341.0,13
201400016231,14,8,24,130,5,2,1,1.0,6,13055,M,,,13
201400016232,14,8,26,1730,1,2,6,1.0,6,13055,M,4323521.0,541083.0,13
201400016233,14,1,6,945,1,1,1,1.0,3,13039,M,4347050.0,494637.0,13
201400016234,14,1,8,1000,1,2,1,1.0,1,13056,M,,,13
201400016235,14,1,10,1920,5,2,1,1.0,7,13077,M,,,13
201400016236,14,1,22,835,1,2,1,1.0,3,13056,M,,,13
201400016237,14,1,27,1130,1,1,1,2.0,5,13077,M,,,13
201400016238,14,2,12,1205,1,2,1,1.0,6,13026,M,,,13
201400016239,14,2,11,1520,1,2,1,1.0,6,13077,M,,,13
201400016240,14,2,22,1130,1,2,1,1.0,7,13077,M,,,13
201400016241,14,3,3,715,2,2,1,3.0,6,13039,M,,,13
201400016242,14,2,27,1115,1,2,1,1.0,7,13026,M,4338249.0,516439.0,13
201400016243,14,3,13,845,1,1,3,1.0,5,13077,M,,,13
201400016244,14,2,18,710,2,1,1,1.0,7,13039,M,,,13
201400016245,14,3,21,1335,1,2,1,1.0,6,13056,M,,,13
201400016246,14,4,7,2252,5,2,3,1.0,6,13056,M,4341979.0,505411.0,13
201400016247,14,4,22,1715,1,2,1,1.0,2,13077,M,,,13
201400016248,14,4,8,1150,1,2,1,3.0,6,13077,M,,,13
201400016249,14,4,15,2100,5,2,1,1.0,6,13056,M,,,13
201400016250,14,4,10,2230,3,1,1,1.0,6,13056,M,,,13
201400016251,14,4,9,1415,1,1,1,1.0,4,13026,M,,,13
201400016252,14,3,26,1000,1,2,1,1.0,2,13056,M,,,13
201400016253,14,4,18,1330,1,2,1,1.0,3,13056,M,,,13
201400016254,14,4,24,1220,1,2,1,1.0,1,13056,M,,,13
201400016255,14,4,25,1210,1,1,1,1.0,2,13039,M,,,13
201400016256,14,5,3,1300,1,1,1,1.0,3,13039,M,4348707.0,488417.0,13
201400016257,14,5,10,1800,1,2,1,1.0,1,13026,M,,,13
201400016258,14,5,18,1345,1,1,1,1.0,3,13039,M,,,13
201400016259,14,6,11,1800,1,1,1,1.0,3,13056,M,,,13
201400016260,14,5,19,1115,1,2,1,1.0,6,13077,M,,,13
201400016261,14,5,26,1240,1,2,1,1.0,2,13056,M,,,13
201400016262,14,6,9,1800,1,2,1,1.0,6,13056,M,,,13
201400016263,14,6,11,600,2,2,1,1.0,6,13026,M,,,13
201400016264,14,6,12,805,1,2,1,1.0,2,13056,M,,,13
201400016265,14,6,16,1120,1,2,1,1.0,3,13056,M,,,13
201400016266,14,6,20,1300,1,2,1,1.0,1,13056,M,,,13
201400016267,14,6,22,1915,1,1,1,1.0,3,13039,M,,,13
201400016268,14,6,28,550,2,2,1,1.0,3,13077,M,,,13
201400016269,14,7,2,2005,1,2,1,1.0,6,13056,M,4342689.0,505838.0,13
201400016270,14,7,1,2030,1,2,1,1.0,6,13056,M,,,13
201400016271,14,7,6,1830,2,2,1,1.0,1,13077,M,,,13
201400016272,14,7,21,2145,5,1,3,1.0,3,13056,M,4338466.0,502553.0,13
201400016273,14,7,18,840,1,1,1,1.0,3,13056,M,,,13
201400016274,14,7,19,1010,1,2,3,1.0,3,13077,M,4342181.0,497736.0,13
201400016275,14,7,22,640,1,1,1,1.0,5,13026,M,,,13
201400016276,14,7,30,1450,1,2,1,1.0,6,13056,M,4340874.0,505628.0,13
201400016277,14,7,24,1740,1,1,1,1.0,1,13026,M,,,13
201400016278,14,8,3,1430,1,1,3,1.0,3,13056,M,4342267.0,502111.0,13
201400016279,14,8,10,1,5,2,2,1.0,1,13039,M,4345556.0,493732.0,13
201400016280,14,8,23,240,3,1,1,1.0,5,13056,M,4337782.0,506467.0,13
201400016281,14,8,25,540,2,1,1,1.0,4,13077,M,,,13
201400016282,14,8,20,1050,1,1,1,1.0,2,13077,M,,,13
201400016283,14,8,21,1810,1,2,3,1.0,3,13056,M,4341091.0,502112.0,13
201400016284,14,8,27,2200,5,2,1,1.0,1,13077,M,,,13
201400016285,14,9,3,2057,3,2,1,1.0,6,13056,M,4340156.0,501386.0,13
201400016286,14,8,25,1615,1,2,3,1.0,3,13056,M,4342289.0,505614.0,13
201400016287,14,8,28,1840,1,2,1,1.0,6,13077,M,,,13
201400016288,14,9,12,1545,1,2,3,1.0,3,13056,M,4342084.0,503582.0,13
201400016289,14,9,12,1810,1,2,1,1.0,6,13056,M,,,13
201400016290,14,9,21,515,3,1,1,5.0,7,13039,M,4348679.0,488541.0,13
201400016291,14,9,29,1340,1,1,1,1.0,6,13039,M,4346045.0,489693.0,13
201400016292,14,9,26,1530,1,1,1,1.0,6,13039,M,,,13
201400016293,14,9,19,1445,1,2,1,1.0,4,13056,M,,,13
201400016294,14,10,6,1055,1,1,1,1.0,2,13039,M,4343305.0,494129.0,13
201400016295,14,10,7,1115,1,2,2,2.0,6,13056,M,4342484.0,505353.0,13
201400016296,14,10,8,1945,5,2,2,1.0,3,13026,M,4338628.0,516915.0,13
201400016297,14,10,20,800,2,1,1,5.0,4,13039,M,4349082.0,488114.0,13
201400016298,14,10,29,910,1,1,1,1.0,4,13039,M,,,13
201400016299,14,10,13,1430,1,1,1,1.0,2,13077,M,,,13
201400016300,14,10,14,830,1,1,1,1.0,6,13026,M,,,13
201400016301,14,10,21,2355,5,2,2,1.0,1,13056,M,4341364.0,505703.0,13
201400016302,14,10,24,1750,1,2,1,1.0,2,13056,M,,,13
201400016303,14,11,8,1910,5,2,1,1.0,6,13056,M,,,13
201400016304,14,11,10,830,1,2,1,1.0,1,13056,M,,,13
201400016305,14,11,19,1120,1,2,1,1.0,2,13056,M,,,13
201400016306,14,12,3,1530,1,1,1,1.0,2,13026,M,,,13
201400016307,14,11,13,815,1,2,1,1.0,2,13077,M,,,13
201400016308,14,11,19,830,1,2,1,1.0,6,13056,M,,,13
201400016309,14,11,27,1210,1,2,2,3.0,3,13026,M,4338625.0,516913.0,13
201400016310,14,12,12,1540,1,1,1,1.0,6,13039,M,,,13
201400016311,14,12,13,1130,1,2,1,2.0,2,13056,M,,,13
201400016312,14,12,18,1515,1,2,1,1.0,7,13039,M,,,13
201400016313,14,1,9,1610,1,2,1,1.0,6,13103,M,,,13
201400016314,14,1,16,820,1,2,1,2.0,6,13103,M,,,13
201400016315,14,1,18,504,3,1,1,8.0,6,13103,M,,,13
201400016316,14,1,28,1710,2,1,1,1.0,3,13103,M,4364733.0,509333.0,13
201400016317,14,1,29,735,2,1,3,3.0,3,13103,M,4364048.0,506474.0,13
201400016318,14,3,17,750,1,2,6,1.0,3,13103,M,4364035.0,507641.0,13
201400016319,14,4,30,845,1,2,1,1.0,3,13103,M,,,13
201400016320,14,5,1,2230,3,1,1,1.0,6,13103,M,,,13
201400016321,14,5,9,1445,1,1,1,1.0,1,13103,M,,,13
201400016322,14,5,26,1150,1,1,1,1.0,7,13103,M,,,13
201400016323,14,5,27,1200,1,2,9,1.0,7,13103,M,,,13
201400016324,14,6,29,610,2,1,1,1.0,6,13103,M,,,13
201400016325,14,7,3,1230,1,2,1,1.0,3,13103,M,,,13
201400016326,14,7,18,315,3,1,1,1.0,1,13103,M,,,13
201400016327,14,7,18,1500,1,1,1,1.0,4,13103,M,,,13
201400016328,14,7,25,830,1,2,1,1.0,6,13103,M,,,13
201400016329,14,7,27,210,3,1,1,1.0,6,13103,M,4364868.0,509392.0,13
201400016330,14,7,28,2200,5,2,1,1.0,6,13103,M,,,13
201400016331,14,8,15,1,3,2,1,1.0,7,13103,M,4367299.0,507361.0,13
201400016332,14,8,26,930,1,2,3,8.0,1,13103,M,4364049.0,506475.0,13
201400016333,14,9,9,1550,1,2,1,1.0,6,13103,M,,,13
201400016334,14,9,15,2310,5,2,2,2.0,3,13103,M,4364730.0,509298.0,13
201400016335,14,10,9,1305,1,2,1,1.0,3,13103,M,,,13
201400016336,14,11,17,430,5,2,1,1.0,6,13103,M,4364014.0,509454.0,13
201400016337,14,11,17,1640,1,1,9,1.0,3,13103,M,,,13
201400016338,14,12,7,1205,1,2,1,1.0,6,13103,M,,,13
201400016339,14,1,2,20,3,1,1,2.0,1,30032,M,4377966.0,454872.0,30
201400016340,14,1,3,1250,1,1,3,1.0,6,30032,M,4379738.0,460914.0,30
201400016341,14,1,11,1830,5,2,3,1.0,3,30032,M,4381237.0,462964.0,30
201400016342,14,1,23,1030,1,1,1,1.0,7,13108,M,,,13
201400016343,14,1,31,700,2,2,1,3.0,6,13108,M,4380210.0,466378.0,13
201400016344,14,1,8,800,2,1,1,1.0,7,13108,M,4375046.0,470165.0,13
201400016345,14,2,1,120,3,1,1,1.0,7,30032,M,,,30
201400016346,14,2,7,1230,1,2,3,1.0,3,13108,M,4380306.0,466135.0,13
201400016347,14,2,8,1010,1,1,1,2.0,7,30032,M,4378024.0,454998.0,30
201400016348,14,2,12,2255,5,1,1,1.0,6,30032,M,4380462.0,464919.0,30
201400016349,14,2,12,1235,1,1,1,1.0,7,13108,M,,,13
201400016350,14,2,17,845,1,1,1,1.0,1,30032,M,4381718.0,461682.0,30
201400016351,14,2,17,1845,4,2,1,1.0,6,30032,M,4381682.0,461446.0,30
201400016352,14,2,20,1220,1,1,1,1.0,7,30032,M,4381865.0,461227.0,30
201400016353,14,2,21,1840,2,2,1,1.0,6,13108,M,4380486.0,465519.0,13
201400016354,14,2,25,700,2,1,3,1.0,3,30032,M,4379821.0,460857.0,30
201400016355,14,3,1,1400,1,1,2,1.0,3,30032,M,4373854.0,458408.0,30
201400016356,14,3,8,2330,3,1,9,1.0,7,30032,M,4379249.0,463025.0,30
201400016357,14,3,9,1745,1,1,1,1.0,5,13108,M,4381401.0,467212.0,13
201400016358,14,3,13,1,3,1,1,1.0,7,13108,M,4374212.0,465352.0,13
201400016359,14,3,23,1830,2,1,1,1.0,7,13108,M,4381767.0,468076.0,13
201400016360,14,3,27,1720,1,2,3,1.0,3,30032,M,4380728.0,464782.0,30
201400016361,14,4,10,1345,1,2,1,1.0,2,13108,M,,,13
201400016362,14,4,10,1400,1,1,1,1.0,7,13108,M,,,13
201400016363,14,4,11,2015,2,2,9,1.0,7,13108,M,4380778.0,466293.0,13
201400016364,14,4,14,1145,1,2,1,1.0,6,30032,M,4380928.0,463856.0,30
201400016365,14,4,15,1710,1,1,1,1.0,6,13108,M,4379662.0,469045.0,13
201400016366,14,4,17,1900,1,2,1,1.0,7,30032,M,4380911.0,462265.0,30
201400016367,14,4,21,1635,1,1,2,1.0,3,13108,M,4383694.0,472565.0,13
201400016368,14,4,25,958,1,2,1,1.0,2,30032,M,4380956.0,463863.0,30
201400016369,14,5,2,900,1,1,1,1.0,7,13108,M,4383508.0,467378.0,13
201400016370,14,5,3,945,1,1,1,1.0,2,13108,M,,,13
201400016371,14,5,6,1600,1,1,1,1.0,7,13108,M,,,13
201400016372,14,5,8,1720,1,2,1,1.0,7,30032,M,,,30
201400016373,14,5,13,1740,1,1,1,1.0,7,30032,M,4378518.0,456978.0,30
201400016374,14,5,15,1430,1,2,3,1.0,3,13108,M,4380474.0,466135.0,13
201400016375,14,5,17,419,3,1,1,1.0,1,30032,M,,,30
201400016376,14,5,17,1849,1,1,1,1.0,3,13108,M,4379663.0,469032.0,13
201400016377,14,5,22,930,1,1,1,1.0,3,30032,M,4377990.0,452980.0,30
201400016378,14,5,24,655,1,1,1,1.0,2,30032,M,4383087.0,461846.0,30
201400016379,14,6,3,1540,1,1,1,1.0,6,30032,M,4377330.0,453754.0,30
201400016380,14,6,7,1045,1,2,1,1.0,5,30032,M,4381130.0,463486.0,30
201400016381,14,6,15,1546,1,2,1,2.0,7,30032,M,,,30
201400016382,14,6,14,1415,1,1,1,1.0,7,13108,M,,,13
201400016383,14,6,9,1530,1,2,1,1.0,7,30032,M,4378532.0,455502.0,30
201400016384,14,6,17,830,1,1,1,1.0,7,13108,M,4379520.0,469669.0,13
201400016385,14,6,24,1810,1,1,1,1.0,7,13108,M,,,13
201400016386,14,6,25,1930,1,1,1,1.0,7,13108,M,,,13
201400016387,14,6,25,1045,1,2,1,3.0,2,30032,M,,,30
201400016388,14,6,26,2110,5,2,1,1.0,7,13108,M,4380258.0,465766.0,13
201400016389,14,6,27,1845,1,1,1,1.0,5,30032,M,,,30
201400016390,14,7,5,730,1,1,1,1.0,3,30032,M,4377954.0,454844.0,30
201400016391,14,7,22,1700,1,1,1,1.0,3,13108,M,4375607.0,468337.0,13
201400016392,14,7,22,1250,1,1,1,1.0,7,13108,M,4375607.0,468337.0,13
201400016393,14,7,25,1950,1,1,1,2.0,7,30032,M,4377855.0,454546.0,30
201400016394,14,7,25,2000,1,1,1,1.0,7,13108,M,4378661.0,467652.0,13
201400016395,14,7,29,820,1,1,1,1.0,7,30032,M,4379892.0,460813.0,30
201400016396,14,8,1,2250,4,2,1,1.0,5,13108,M,,,13
201400016397,14,8,5,1130,1,2,2,1.0,3,30032,M,4381138.0,464429.0,30
201400016398,14,8,5,1346,1,2,1,1.0,2,13108,M,4380113.0,467021.0,13
201400016399,14,8,10,1550,1,1,3,1.0,3,13108,M,4379476.0,467011.0,13
201400016400,14,8,17,1810,1,1,4,1.0,3,13108,M,4375096.0,470083.0,13
201400016401,14,8,21,1615,1,1,1,1.0,4,30032,M,4379246.0,463123.0,30
201400016402,14,8,26,1925,1,1,3,1.0,6,13108,M,4375102.0,470079.0,13
201400016403,14,8,31,740,1,1,1,1.0,7,13108,M,4374611.0,467691.0,13
201400016404,14,9,1,845,1,2,2,1.0,6,13108,M,4380654.0,465743.0,13
201400016405,14,9,1,1515,1,2,1,1.0,3,30032,M,4380340.0,464157.0,30
201400016406,14,9,1,1725,1,2,1,1.0,2,30032,M,4381127.0,463545.0,30
201400016407,14,9,3,750,1,2,2,1.0,3,30032,M,4380607.0,464337.0,30
201400016408,14,9,5,1700,1,1,1,1.0,1,13108,M,4376990.0,466814.0,13
201400016409,14,9,9,1615,1,2,1,1.0,6,13108,M,4380271.0,466294.0,13
201400016410,14,9,11,1545,1,1,1,1.0,7,13108,M,4380213.0,466326.0,13
201400016411,14,9,13,1540,1,2,1,1.0,5,13108,M,4380876.0,466358.0,13
201400016412,14,9,16,1230,1,1,1,1.0,2,30032,M,,,30
201400016413,14,9,20,840,1,1,1,1.0,7,13108,M,4378024.0,470029.0,13
201400016414,14,9,24,818,1,1,1,3.0,7,30032,M,4377879.0,454608.0,30
201400016415,14,9,26,745,1,1,1,1.0,6,13108,M,,,13
201400016416,14,9,26,1015,1,1,1,1.0,6,13108,M,4382345.0,464944.0,13
201400016417,14,9,30,1730,1,1,1,1.0,2,30032,M,4379917.0,460983.0,30
201400016418,14,10,9,2130,3,1,1,1.0,6,30032,M,4383073.0,461783.0,30
201400016419,14,10,10,1350,1,2,1,2.0,7,13108,M,,,13
201400016420,14,10,10,1500,1,1,1,1.0,6,13108,M,,,13
201400016421,14,10,12,1645,1,2,1,1.0,6,30032,M,,,30
201400016422,14,10,18,1730,1,2,1,1.0,7,30032,M,4380718.0,463640.0,30
201400016423,14,10,31,1815,3,1,1,1.0,7,30032,M,4379142.0,458240.0,30
201400016424,14,11,1,215,3,1,1,1.0,7,30032,M,,,30
201400016425,14,11,4,1903,3,1,1,2.0,7,13108,M,4382470.0,469685.0,13
201400016426,14,11,6,1715,2,1,1,1.0,6,30032,M,4379412.0,461167.0,30
201400016427,14,11,7,735,2,2,1,1.0,6,30032,M,,,30
201400016428,14,11,4,1230,1,1,1,2.0,7,13108,M,,,13
201400016429,14,11,8,1630,1,1,1,1.0,3,13108,M,4377963.0,468142.0,13
201400016430,14,11,15,1805,5,2,1,2.0,6,13108,M,4380277.0,466290.0,13
201400016431,14,11,18,2005,3,1,1,1.0,7,13108,M,4382996.0,465142.0,13
201400016432,14,11,19,1615,1,2,1,1.0,6,30032,M,,,30
201400016433,14,11,19,2300,3,1,1,1.0,7,30032,M,4379283.0,458590.0,30
201400016434,14,11,27,1540,1,2,1,1.0,6,30032,M,,,30
201400016435,14,11,27,1730,3,1,1,3.0,1,13108,M,4378522.0,466033.0,13
201400016436,14,12,7,1745,4,2,1,1.0,4,13108,M,,,13
201400016437,14,12,6,1852,3,1,1,1.0,1,13108,M,,,13
201400016438,14,12,12,1657,2,1,1,1.0,2,13108,M,,,13
201400016439,14,12,12,1930,3,1,1,1.0,3,30032,M,4375764.0,461500.0,30
201400016440,14,12,18,1100,1,1,1,1.0,7,30032,M,,,30
201400016441,14,12,18,1400,1,2,1,1.0,6,30032,M,4381716.0,461339.0,30
201400016442,14,12,19,1145,1,1,1,1.0,7,13108,M,,,13
201400016443,14,12,20,2150,5,2,1,1.0,7,30032,M,,,30
201400016444,14,12,22,1956,3,1,1,1.0,7,13108,M,4382378.0,464903.0,13
201400016445,14,12,23,1500,1,1,1,1.0,1,30032,M,4378488.0,462690.0,30
201400016446,14,12,23,1930,3,1,1,1.0,7,13108,M,,,13
201400016447,14,12,24,1050,1,2,1,1.0,3,30032,M,4381710.0,461360.0,30
201400016448,14,1,1,1300,1,1,1,1.0,6,13019,M,4346191.0,536953.0,13
201400016449,14,1,2,1410,1,2,9,1.0,2,13117,M,,,13
201400016450,14,1,3,1140,1,2,1,1.0,6,13117,M,,,13
201400016451,14,1,7,2030,5,2,1,1.0,5,13071,M,4338019.0,534846.0,13
201400016452,14,1,7,2130,5,1,2,1.0,3,13071,M,4341759.0,536710.0,13
201400016453,14,1,10,530,5,2,1,1.0,2,13117,M,4344208.0,524140.0,13
201400016454,14,1,10,1815,5,2,1,1.0,6,13071,M,4341025.0,531230.0,13
201400016455,14,1,13,1610,1,1,1,2.0,4,13117,M,,,13
201400016456,14,1,15,830,1,1,1,1.0,3,13117,M,,,13
201400016457,14,1,15,1530,1,2,2,1.0,3,13117,M,4342592.0,527838.0,13
201400016458,14,1,15,2010,5,2,2,1.0,3,13117,M,4344852.0,524652.0,13
201400016459,14,1,16,745,2,2,2,2.0,1,13117,M,4344405.0,525177.0,13
201400016460,14,1,16,810,1,1,1,3.0,6,13117,M,,,13
201400016461,14,1,19,1300,1,2,1,8.0,6,13117,M,,,13
201400016462,14,1,20,1230,1,1,6,1.0,2,13019,M,4342194.0,536774.0,13
201400016463,14,1,21,1600,1,2,1,1.0,1,13071,M,,,13
201400016464,14,1,23,1640,1,2,1,1.0,6,13071,M,,,13
201400016465,14,1,24,340,5,2,1,1.0,6,13117,M,4345477.0,525069.0,13
201400016466,14,1,26,1745,2,2,2,1.0,3,13117,M,4344156.0,524377.0,13
201400016467,14,1,27,710,1,2,6,1.0,2,13071,M,4341719.0,528302.0,13