Num_Acc,an,mois,jour,hrmn,lum,agg,int,atm,col,com,gps,lat,long,dep
201400016468,14,1,29,1900,3,1,3,1.0,3,13071,M,4340803.0,530392.0,13
201400016469,14,1,30,1700,1,2,1,2.0,3,13071,M,,,13
201400016470,14,1,30,1015,1,1,1,3.0,6,13117,M,,,13
201400016471,14,2,5,905,1,1,1,3.0,6,13117,M,,,13
201400016472,14,2,5,1145,1,2,1,3.0,6,13117,M,,,13
201400016473,14,2,4,1150,1,1,1,1.0,6,13019,M,,,13
201400016474,14,2,6,1630,1,1,1,1.0,2,13117,M,,,13
201400016475,14,2,6,1800,3,2,1,1.0,2,13117,M,,,13
201400016476,14,2,7,1600,1,2,1,1.0,2,13117,M,,,13
201400016477,14,2,7,1900,4,1,1,1.0,2,13019,M,,,13
201400016478,14,2,8,1845,3,1,1,2.0,6,13019,M,,,13
201400016479,14,2,10,1205,1,1,1,2.0,3,13071,M,,,13
201400016480,14,2,16,420,3,1,1,1.0,7,13117,M,,,13
201400016481,14,2,16,1145,1,1,1,1.0,6,13117,M,,,13
201400016482,14,2,16,1410,1,2,1,1.0,6,13019,M,,,13
201400016483,14,2,18,1610,1,2,1,1.0,1,13117,M,,,13
201400016484,14,2,20,1910,3,1,1,1.0,6,13019,M,,,13
201400016485,14,3,4,1755,1,2,6,1.0,4,13117,M,,,13
201400016486,14,3,6,1120,1,2,9,1.0,6,13071,M,,,13
201400016487,14,3,9,1550,1,2,1,1.0,7,13117,M,,,13
201400016488,14,3,13,930,1,1,1,1.0,2,13071,M,,,13
201400016489,14,3,14,1630,1,2,4,1.0,2,13117,M,4342735.0,526637.0,13
201400016490,14,3,14,1800,1,1,1,1.0,4,13117,M,,,13
201400016491,14,3,16,1850,1,1,2,1.0,3,13071,M,4340616.0,528589.0,13
201400016492,14,3,18,1745,1,2,3,1.0,3,13117,M,,,13
201400016493,14,3,19,845,1,1,1,1.0,4,13117,M,,,13
201400016494,14,3,20,25,3,1,1,1.0,7,13117,M,,,13
201400016495,14,3,21,850,1,2,1,8.0,4,13117,M,,,13
201400016496,14,3,21,1745,1,2,3,1.0,1,13019,M,4345584.0,538449.0,13
201400016497,14,3,21,2220,5,2,3,1.0,3,13117,M,,,13
201400016498,14,3,22,1000,1,1,1,2.0,6,13019,M,,,13
201400016499,14,3,23,1520,1,1,1,1.0,3,13117,M,,,13
201400016500,14,3,24,1000,1,2,1,1.0,4,13071,M,,,13
201400016501,14,3,25,900,1,1,1,1.0,3,13117,M,,,13
201400016502,14,3,25,900,1,1,1,1.0,6,13117,M,4344124.0,525487.0,13
201400016503,14,3,23,1055,1,1,1,1.0,6,13019,M,,,13
201400016504,14,3,29,1015,1,2,6,1.0,2,13019,M,4346533.0,535358.0,13
201400016505,14,3,29,1820,1,2,3,1.0,2,13117,M,4345634.0,525030.0,13
201400016506,14,4,3,1345,1,2,1,1.0,4,13117,M,,,13
201400016507,14,4,3,1735,1,2,1,1.0,3,13117,M,4345388.0,523285.0,13
201400016508,14,4,4,830,1,2,1,1.0,2,13117,M,,,13
201400016509,14,4,10,830,1,2,1,1.0,6,13019,M,,,13
201400016510,14,4,10,900,1,1,1,1.0,7,13071,M,4339956.0,533276.0,13
201400016511,14,4,10,1600,1,1,1,1.0,4,13071,M,,,13
201400016512,14,4,12,1640,1,2,1,1.0,3,13117,M,,,13
201400016513,14,4,14,1300,1,1,6,1.0,6,13019,M,4342194.0,536774.0,13
201400016514,14,4,15,1705,1,1,1,1.0,2,13117,M,,,13
201400016515,14,4,18,555,5,2,1,1.0,7,13117,M,,,13
201400016516,14,4,19,1115,1,2,1,1.0,6,13019,M,,,13
201400016517,14,4,19,1200,1,1,3,1.0,3,13019,M,4346242.0,536892.0,13
201400016518,14,4,20,1030,1,1,1,2.0,6,13071,M,,,13
201400016519,14,4,21,555,2,2,9,1.0,6,13117,M,,,13
201400016520,14,4,22,1100,1,2,6,2.0,3,13071,M,4338933.0,533415.0,13
201400016521,14,4,23,805,2,1,1,5.0,2,13019,M,,,13
201400016522,14,4,25,1345,1,1,6,2.0,3,13117,M,,,13
201400016523,14,4,28,800,1,2,1,1.0,3,13117,M,4341889.0,524513.0,13
201400016524,14,4,28,1740,1,1,1,1.0,6,13117,M,,,13
201400016525,14,5,3,1710,1,1,1,1.0,6,13071,M,,,13
201400016526,14,5,6,1330,1,2,1,1.0,7,13071,M,4341080.0,531803.0,13
201400016527,14,5,7,1030,1,2,1,1.0,7,13071,M,4338221.0,534508.0,13
201400016528,14,5,7,2220,5,2,1,1.0,3,13071,M,,,13
201400016529,14,5,10,1610,1,1,1,1.0,6,13019,M,4345728.0,533034.0,13
201400016530,14,5,12,1845,1,2,1,1.0,3,13071,M,4339251.0,534121.0,13
201400016531,14,5,14,2100,5,2,3,1.0,3,13071,M,,,13
201400016532,14,5,15,1810,1,1,1,1.0,2,13117,M,,,13
201400016533,14,5,16,2315,5,1,1,1.0,2,13117,M,,,13
201400016534,14,5,16,1935,1,2,3,1.0,3,13071,M,4341587.0,529547.0,13
201400016535,14,5,18,1307,1,2,1,1.0,6,13117,M,,,13
201400016536,14,5,18,1625,1,2,1,1.0,7,13117,M,,,13
201400016537,14,5,20,1615,1,2,1,1.0,3,13019,M,,,13
201400016538,14,5,20,1830,1,2,1,1.0,6,13071,M,,,13
201400016539,14,5,22,2135,5,2,1,2.0,2,13117,M,,,13
201400016540,14,5,24,2020,1,2,1,1.0,6,13117,M,,,13
201400016541,14,5,27,1640,1,1,1,1.0,6,13117,M,,,13
201400016542,14,5,31,1230,1,2,4,1.0,3,13071,M,4341124.0,531229.0,13
201400016543,14,5,26,50,5,2,1,1.0,7,13117,M,,,13
201400016544,14,6,1,1455,1,2,1,1.0,6,13117,M,,,13
201400016545,14,6,3,1100,1,2,1,1.0,1,13117,M,,,13
201400016546,14,6,5,845,1,1,1,1.0,2,13117,M,,,13
201400016547,14,6,5,1015,1,1,2,1.0,3,13117,M,,,13
201400016548,14,6,5,1735,1,1,1,1.0,4,13117,M,,,13
201400016549,14,6,7,1535,1,1,1,1.0,1,13019,M,,,13
201400016550,14,6,7,2115,1,2,1,1.0,3,13117,M,4344639.0,524840.0,13
201400016551,14,6,10,835,1,2,1,1.0,2,13117,M,,,13
201400016552,14,6,10,1630,1,1,1,1.0,3,13071,M,,,13
201400016553,14,6,11,1700,1,2,9,1.0,3,13117,M,,,13
201400016554,14,6,12,1940,1,2,9,2.0,6,13117,M,,,13
201400016555,14,6,16,1700,1,1,1,1.0,2,13071,M,,,13
201400016556,14,6,21,1350,1,1,1,1.0,3,13071,M,,,13
201400016557,14,6,22,1445,1,1,1,1.0,7,13117,M,,,13
201400016558,14,6,25,620,2,1,1,2.0,7,13019,M,,,13
201400016559,14,6,29,2245,3,1,1,1.0,7,13071,M,,,13
201400016560,14,6,30,1000,1,2,1,1.0,2,13071,M,,,13
201400016561,14,6,30,1810,1,2,1,1.0,4,13117,M,,,13
201400016562,14,7,2,535,2,2,4,1.0,3,13117,M,4350006.0,522694.0,13
201400016563,14,7,5,2000,1,1,1,1.0,6,13117,M,,,13
201400016564,14,7,8,1720,1,2,1,1.0,3,13117,M,4342367.0,528428.0,13
201400016565,14,7,10,1300,1,2,1,1.0,7,13071,M,,,13
201400016566,14,7,10,2050,1,1,2,1.0,3,13117,M,4342719.0,523538.0,13
201400016567,14,7,11,1400,1,1,1,1.0,2,13019,M,,,13
201400016568,14,7,11,1600,1,2,3,1.0,3,13117,M,4342275.0,527074.0,13
201400016569,14,7,11,1800,1,2,1,1.0,6,13117,M,,,13
201400016570,14,7,14,1945,1,2,1,1.0,2,13071,M,,,13
201400016571,14,7,21,1230,1,2,6,1.0,2,13117,M,4344414.0,524575.0,13
201400016572,14,7,26,1620,1,1,1,1.0,4,13019,M,,,13
201400016573,14,7,28,2250,5,2,1,1.0,6,13117,M,,,13
201400016574,14,7,29,540,3,1,1,1.0,6,13117,M,,,13
201400016575,14,7,31,1930,1,2,4,1.0,3,13019,M,4346076.0,535361.0,13
201400016576,14,8,3,340,5,2,1,3.0,6,13117,M,,,13
201400016577,14,8,8,1310,1,1,1,1.0,1,13071,M,,,13
201400016578,14,8,10,1320,1,1,1,1.0,6,13117,M,,,13
201400016579,14,8,14,1900,1,2,2,1.0,1,13071,M,4338536.0,534550.0,13
201400016580,14,8,14,1825,1,2,3,1.0,7,13117,M,4344742.0,525509.0,13
201400016581,14,8,15,2345,5,1,1,1.0,3,13071,M,,,13
201400016582,14,8,18,1830,1,1,1,1.0,7,13117,M,,,13
201400016583,14,8,21,1520,1,2,1,1.0,2,13117,M,4343807.0,525607.0,13
201400016584,14,8,22,1700,1,1,3,1.0,6,13117,M,,,13
201400016585,14,8,25,1000,1,1,3,1.0,3,13019,M,4344547.0,537639.0,13
201400016586,14,8,25,1130,1,2,3,1.0,3,13117,M,4343792.0,525649.0,13
201400016587,14,8,25,1220,1,2,1,1.0,3,13117,M,,,13
201400016588,14,8,26,705,1,1,3,1.0,3,13117,M,4345401.0,523184.0,13
201400016589,14,8,26,1715,1,1,1,1.0,5,13117,M,,,13
201400016590,14,8,27,2000,1,2,1,1.0,2,13071,M,4340434.0,536390.0,13
201400016591,14,8,30,1150,1,2,1,1.0,6,13019,M,,,13
201400016592,14,8,30,1240,1,2,1,1.0,3,13071,M,,,13
201400016593,14,9,2,1040,1,2,1,1.0,6,13071,M,4337984.0,535078.0,13
201400016594,14,9,4,1020,1,2,1,1.0,2,13019,M,,,13
201400016595,14,9,4,1330,1,1,1,1.0,6,13019,M,,,13
201400016596,14,9,4,1645,1,1,1,1.0,6,13019,M,,,13
201400016597,14,9,5,1630,1,2,4,1.0,3,13117,M,,,13
201400016598,14,9,8,1150,1,1,2,1.0,3,13019,M,4344005.0,536179.0,13
201400016599,14,9,10,1815,1,2,1,1.0,3,13117,M,,,13
201400016600,14,9,16,820,1,2,3,1.0,3,13117,M,,,13
201400016601,14,9,17,1530,1,1,1,1.0,7,13117,M,,,13
201400016602,14,9,18,1210,1,1,3,1.0,3,13019,M,,,13
201400016603,14,9,18,1655,1,1,1,1.0,2,13071,M,,,13
201400016604,14,9,19,215,3,2,1,1.0,6,13117,M,,,13
201400016605,14,9,19,940,1,2,1,3.0,6,13117,M,,,13
201400016606,14,9,19,1200,1,1,1,1.0,6,13117,M,,,13
201400016607,14,9,21,1300,1,1,1,1.0,3,13019,M,4345220.0,538039.0,13
201400016608,14,9,24,1000,1,1,1,2.0,6,13117,M,,,13
201400016609,14,9,24,1400,1,2,1,8.0,6,13117,M,,,13
201400016610,14,9,24,1400,1,1,1,8.0,7,13117,M,4343720.0,523523.0,13
201400016611,14,9,28,1315,1,2,1,1.0,3,13071,M,,,13
201400016612,14,9,28,1850,1,2,1,1.0,2,13019,M,,,13
201400016613,14,9,30,1650,1,1,1,3.0,1,13071,M,,,13
201400016614,14,10,1,2010,3,1,3,1.0,3,13071,M,,,13
201400016615,14,10,3,1900,1,1,1,1.0,7,13071,M,,,13
201400016616,14,10,4,1730,1,2,1,1.0,2,13071,M,,,13
201400016617,14,10,7,1215,1,2,6,1.0,1,13117,M,4343974.0,524261.0,13
201400016618,14,10,7,2030,3,1,1,1.0,7,13117,M,,,13
201400016619,14,10,8,1210,1,2,1,1.0,3,13117,M,,,13
201400016620,14,10,9,1715,1,2,1,1.0,5,13117,M,,,13
201400016621,14,10,12,1730,1,2,2,1.0,1,13117,M,4344205.0,525299.0,13
201400016622,14,10,14,1530,1,2,1,2.0,1,13117,M,,,13
201400016623,14,10,15,1730,1,1,1,1.0,4,13117,M,,,13
201400016624,14,10,16,1315,1,2,6,1.0,3,13071,M,4341486.0,535015.0,13
201400016625,14,10,16,1730,1,1,1,1.0,3,13117,M,,,13
201400016626,14,10,17,1710,1,2,1,1.0,3,13071,M,,,13
201400016627,14,10,21,1120,1,1,1,1.0,2,13117,M,,,13
201400016628,14,10,26,1530,1,1,1,1.0,7,13117,M,,,13
201400016629,14,10,27,1830,2,2,3,1.0,3,13117,M,4345480.0,524379.0,13
201400016630,14,11,1,450,5,2,1,5.0,6,13071,M,4341966.0,534818.0,13
201400016631,14,11,3,845,1,2,1,2.0,2,13071,M,,,13
201400016632,14,11,3,1135,1,2,1,2.0,3,13117,M,,,13
201400016633,14,11,3,910,1,1,1,2.0,7,13019,M,,,13
201400016634,14,11,6,820,1,1,1,1.0,2,13019,M,,,13
201400016635,14,11,10,820,1,1,1,8.0,1,13019,M,,,13
201400016636,14,11,10,835,1,2,1,8.0,7,13117,M,,,13
201400016637,14,11,10,1030,1,1,1,8.0,7,13117,M,,,13
201400016638,14,11,12,1100,1,2,1,2.0,6,13019,M,,,13
201400016639,14,11,11,1515,1,1,1,2.0,3,13071,M,,,13
201400016640,14,11,12,845,1,2,9,3.0,6,13117,M,4342864.0,527221.0,13
201400016641,14,11,12,2035,5,2,1,1.0,6,13071,M,,,13
201400016642,14,11,14,1330,1,2,2,1.0,3,13071,M,4339077.0,534173.0,13
201400016643,14,11,15,1135,1,2,1,2.0,7,13019,M,,,13
201400016644,14,11,15,1430,1,1,1,2.0,5,13019,M,,,13
201400016645,14,11,15,1400,1,1,1,1.0,3,13071,M,,,13
201400016646,14,11,15,2120,5,2,3,8.0,3,13019,M,4346493.0,534839.0,13
201400016647,14,11,15,2300,5,2,9,8.0,1,13071,M,,,13
201400016648,14,11,17,1510,1,2,1,1.0,2,13117,M,,,13
201400016649,14,11,20,1215,1,2,3,1.0,3,13071,M,4337714.0,535279.0,13
201400016650,14,11,21,900,1,1,1,1.0,2,13071,M,4340944.0,532505.0,13
201400016651,14,11,21,1100,1,2,2,1.0,3,13117,M,4344207.0,525297.0,13
201400016652,14,11,21,1625,1,1,1,1.0,3,13117,M,,,13
201400016653,14,11,23,1457,1,1,1,1.0,6,13071,M,,,13
201400016654,14,11,24,1735,3,1,1,1.0,4,13117,M,,,13
201400016655,14,11,25,1100,1,1,1,2.0,6,13117,M,,,13
201400016656,14,11,27,810,1,2,1,1.0,3,13117,M,,,13
201400016657,14,11,27,1445,1,2,1,2.0,2,13117,M,,,13
201400016658,14,11,27,1730,2,1,1,2.0,6,13019,M,,,13
201400016659,14,11,28,1845,3,2,1,1.0,2,13117,M,,,13
201400016660,14,11,28,1900,3,1,1,1.0,2,13117,M,,,13
201400016661,14,11,29,1100,1,2,2,1.0,3,13117,M,4342708.0,523511.0,13
201400016662,14,11,29,1320,1,1,1,1.0,3,13071,M,,,13
201400016663,14,12,1,1200,1,2,1,2.0,7,13117,M,,,13
201400016664,14,12,2,840,1,1,1,1.0,7,13117,M,,,13
201400016665,14,12,1,1340,1,1,2,2.0,3,13019,M,4344004.0,536170.0,13
201400016666,14,12,2,1145,1,2,1,1.0,6,13117,M,4343621.0,525822.0,13
201400016667,14,12,2,1800,5,1,1,1.0,4,13117,M,,,13
201400016668,14,12,3,1530,1,2,3,1.0,3,13071,M,,,13
201400016669,14,12,3,1730,1,2,1,1.0,5,13071,M,,,13
201400016670,14,12,4,745,1,1,1,1.0,2,13071,M,,,13
201400016671,14,12,4,1900,5,2,3,2.0,1,13117,M,4344041.0,525721.0,13
201400016672,14,12,9,1930,5,2,6,1.0,6,13117,M,4344627.0,524998.0,13
201400016673,14,12,12,1830,3,1,1,1.0,3,13117,M,,,13
201400016674,14,12,17,805,1,2,9,1.0,3,13071,M,,,13
201400016675,14,12,17,1600,1,1,1,1.0,5,13117,M,,,13
201400016676,14,12,17,1805,5,1,1,1.0,1,13019,M,,,13
201400016677,14,12,17,1845,5,2,1,1.0,6,13071,M,,,13
201400016678,14,12,18,1915,5,2,1,1.0,5,13117,M,,,13
201400016679,14,12,18,1945,3,1,1,1.0,4,13117,M,,,13
201400016680,14,12,26,1700,2,2,1,1.0,6,13071,M,4340998.0,530907.0,13
201400016681,14,1,19,1645,1,1,1,8.0,3,68022,M,4782108.0,739355.0,68
201400016682,14,2,7,1845,3,1,1,1.0,4,68252,M,4814841.0,736947.0,68
201400016683,14,2,8,1400,1,1,1,2.0,6,68295,M,4801463.0,737338.0,68
201400016684,14,2,12,1945,3,1,1,1.0,5,68295,M,4801810.0,737424.0,68
201400016685,14,2,27,2015,3,1,1,2.0,2,68113,M,4817798.0,738195.0,68
201400016686,14,3,7,605,3,1,1,1.0,2,68205,M,4793216.0,736000.0,68
201400016687,14,4,2,745,1,1,1,1.0,2,68242,M,4797614.0,737339.0,68
201400016688,14,4,16,600,3,1,1,1.0,2,68205,M,4792491.0,735979.0,68
201400016689,14,4,20,745,2,1,1,1.0,6,68082,M,4785434.0,739417.0,68
201400016690,14,5,16,400,3,1,1,1.0,7,68252,M,4813850.0,736515.0,68
201400016691,14,5,18,1115,1,1,1,1.0,6,68082,M,4788746.0,737849.0,68
201400016692,14,5,29,1815,1,1,1,1.0,7,68066,M,4815821.0,737914.0,68
201400016693,14,6,6,1545,1,1,1,1.0,4,68205,M,4793055.0,735977.0,68
201400016694,14,6,12,800,1,1,1,1.0,6,68252,M,4814629.0,736885.0,68
201400016695,14,6,13,2315,3,1,1,1.0,6,68266,M,4789555.0,737375.0,68
201400016696,14,6,18,800,1,1,1,1.0,2,68022,M,4781910.0,739321.0,68
201400016697,14,6,29,2200,3,1,1,2.0,6,68113,M,4818875.0,739265.0,68
201400016698,14,8,6,1530,1,1,1,1.0,7,68066,M,4809517.0,738231.0,68
201400016699,14,9,18,415,3,1,1,1.0,2,68082,M,4790466.0,736811.0,68
201400016700,14,10,9,1045,1,1,1,1.0,6,68037,M,4796945.0,737145.0,68
201400016701,14,10,13,1245,1,1,1,1.0,2,68146,M,4812282.0,736514.0,68
201400016702,14,10,30,730,2,1,1,1.0,6,68205,M,4792331.0,736029.0,68
201400016703,14,11,10,645,2,1,2,2.0,3,68295,M,4799556.0,738103.0,68
201400016704,14,11,15,1000,1,1,1,8.0,7,68066,M,4806691.0,738347.0,68
201400016705,14,11,26,815,1,1,1,1.0,5,68082,M,4788352.0,738097.0,68
201400016706,14,12,2,100,3,1,1,2.0,6,68113,M,4818727.0,739109.0,68
201400016707,14,12,18,2230,3,1,1,1.0,2,68022,M,4783187.0,739408.0,68
201400016708,14,1,1,1445,1,1,1,2.0,6,78356,M,0.0,0.0,78
201400016709,14,1,25,1900,3,1,1,5.0,1,78356,M,4874000.0,206999.0,78
201400016710,14,2,12,730,1,1,1,9.0,1,78356,M,0.0,0.0,78
201400016711,14,2,28,1900,3,1,1,2.0,1,78143,M,0.0,0.0,78
201400016712,14,5,5,1600,1,2,1,1.0,1,78406,M,4873300.0,200800.0,78
201400016713,14,7,10,930,1,1,1,2.0,3,78356,M,0.0,0.0,78
201400016714,14,7,25,915,1,1,4,1.0,1,78356,M,4874400.0,204199.0,78
201400016715,14,8,1,1700,1,1,1,1.0,7,78356,M,0.0,0.0,78
201400016716,14,8,3,930,1,1,1,1.0,2,78561,M,4874100.0,201600.0,78
201400016717,14,8,5,2100,1,1,1,1.0,7,78356,M,4874400.0,209600.0,78
201400016718,14,9,17,800,1,1,1,1.0,6,78356,M,4874500.0,203700.0,78
201400016719,14,5,18,1130,1,1,1,1.0,6,33191,M,0.0,0.0,33
201400016720,14,8,8,800,1,1,1,2.0,2,33447,M,0.0,0.0,33
201400016721,14,6,20,1400,1,1,1,1.0,6,72191,M,0.0,0.0,72
201400016722,14,7,18,945,1,1,1,1.0,2,72124,M,0.0,0.0,72
201400016723,14,9,23,1015,1,1,1,1.0,6,72047,M,0.0,0.0,72
201400016724,14,9,27,830,3,1,1,1.0,6,72231,M,0.0,0.0,72
201400016725,14,10,15,745,3,1,1,1.0,6,72191,M,0.0,0.0,72
201400016726,14,12,2,930,1,1,1,8.0,3,72054,M,4801400.0,31200.0,72
201400016727,14,2,18,1015,1,1,1,8.0,3,72351,M,0.0,0.0,72
201400016728,14,3,3,1200,1,1,1,8.0,5,72261,M,0.0,0.0,72
201400016729,14,3,6,1530,1,1,1,1.0,3,72351,M,0.0,0.0,72
201400016730,14,6,6,745,1,2,1,1.0,6,72315,M,0.0,0.0,72
201400016731,14,9,5,1415,1,1,1,1.0,5,72024,M,4811610.0,14712.0,72
201400016732,14,9,18,1800,1,1,1,1.0,1,72315,M,0.0,0.0,72
201400016733,14,9,15,1945,1,1,1,1.0,1,72089,M,0.0,0.0,72
201400016734,14,10,19,130,3,1,1,1.0,6,72256,M,0.0,0.0,72
201400016735,14,10,28,1100,1,1,9,5.0,3,72255,M,4817100.0,-16900.0,72
201400016736,14,8,21,1900,1,2,1,1.0,1,95392,M,4907590.0,221570.0,95
201400016737,14,9,18,1930,1,2,1,1.0,3,95394,M,4905420.0,219440.0,95
201400016738,14,9,22,1330,1,2,1,1.0,1,95394,M,4905510.0,217140.0,95
201400016739,14,10,7,1700,1,2,1,1.0,2,95394,M,4905330.0,219090.0,95
201400016740,14,11,26,1830,5,2,1,2.0,6,95394,M,4905210.0,219710.0,95
201400016741,14,1,10,1600,1,1,1,5.0,6,72097,M,0.0,0.0,72
201400016742,14,7,23,1445,1,1,1,1.0,6,72380,M,0.0,0.0,72
201400016743,14,7,30,1630,1,1,1,1.0,6,72056,M,0.0,0.0,72
201400016744,14,10,9,1545,1,1,1,1.0,6,72308,M,4841900.0,14800.0,72
201400016745,14,1,17,330,3,1,1,1.0,6,49308,M,4739934.0,-51474.0,49
201400016746,14,2,28,630,3,1,1,2.0,6,49071,M,4724108.0,-64833.0,49
201400016747,14,2,28,1645,1,1,1,6.0,7,49092,M,4722999.0,-75274.0,49
201400016748,14,3,20,1530,1,1,1,1.0,2,49355,M,4713642.0,-82466.0,49
201400016749,14,4,3,1230,1,1,1,8.0,7,49099,M,4701179.0,-88867.0,49
201400016750,14,5,17,1700,1,1,1,1.0,7,49092,M,4722858.0,-75443.0,49
201400016751,14,8,31,1415,1,1,1,1.0,7,49092,M,4724483.0,-68203.0,49
201400016752,14,10,7,745,3,1,1,3.0,2,49092,M,4716515.0,-75368.0,49
201400016753,14,11,28,715,2,1,1,1.0,3,49027,M,4713698.0,-95676.0,49
201400016754,14,12,12,1745,3,1,1,2.0,2,49074,M,4715875.0,-81562.0,49
201400016755,14,1,15,715,3,1,1,1.0,6,24373,M,4468900.0,47500.0,24
201400016756,14,1,14,1715,1,1,1,1.0,6,24549,M,4476370.0,30265.0,24
201400016757,14,2,11,1030,1,1,1,1.0,1,24186,M,4471290.0,41191.0,24
201400016758,14,4,18,1915,1,2,8,7.0,3,24225,M,4484260.0,37969.0,24
201400016759,14,4,30,2315,3,1,1,1.0,6,24357,M,4477070.0,45633.0,24
201400016760,14,5,20,530,5,1,2,1.0,3,24168,M,4470400.0,56335.0,24
201400016761,14,8,7,2030,1,1,2,1.0,3,24532,M,4466910.0,46533.0,24
201400016762,14,8,7,1745,1,1,1,1.0,3,24274,M,4480010.0,46402.0,24
201400016763,14,8,12,1630,1,1,1,1.0,2,24225,M,4484100.0,39003.0,24
201400016764,14,11,1,30,3,1,1,1.0,1,24186,M,4470610.0,42085.0,24
201400016765,14,12,18,200,3,2,1,2.0,6,24357,M,4479130.0,45378.0,24
201400016766,14,2,8,1830,5,2,3,2.0,6,68375,M,4779021.0,722714.0,68
201400016767,14,3,31,1700,1,1,1,1.0,3,68375,M,4781635.0,726725.0,68
201400016768,14,5,17,1545,1,2,1,1.0,7,68375,M,4781015.0,724050.0,68
201400016769,14,10,13,945,1,1,1,3.0,1,68375,M,4781465.0,726390.0,68
201400016770,14,12,24,1000,1,2,1,1.0,1,68375,M,0.0,0.0,68
201400016771,14,2,28,2015,3,1,1,3.0,3,19287,M,4537070.0,196032.0,19
201400016772,14,4,20,1000,1,1,1,2.0,7,19176,M,4539820.0,198623.0,19
201400016773,14,7,17,1300,1,1,1,1.0,2,19207,M,4529270.0,163977.0,19
201400016774,14,8,31,1415,1,1,1,1.0,6,19176,M,4539830.0,198633.0,19
201400016775,14,11,21,2200,3,1,1,1.0,2,19234,M,4529280.0,159723.0,19
201400016776,14,3,17,1000,1,1,1,1.0,6,67388,M,0.0,0.0,67
201400016777,14,4,15,1000,1,1,1,1.0,7,67388,M,0.0,0.0,67
201400016778,14,5,8,1830,1,2,1,1.0,6,67238,M,0.0,0.0,67
201400016779,14,6,8,1745,1,1,3,1.0,1,67324,M,0.0,0.0,67
201400016780,14,6,22,1730,1,1,1,1.0,1,67388,M,0.0,0.0,67
201400016781,14,8,7,945,1,1,1,1.0,7,67048,M,0.0,0.0,67
201400016782,14,9,17,1645,1,2,1,1.0,3,67174,M,0.0,0.0,67
201400016783,14,11,5,1215,1,1,1,2.0,7,67238,M,0.0,0.0,67
201400016784,14,11,28,2100,5,2,9,1.0,3,67388,M,0.0,0.0,67
201400016785,14,1,1,140,5,1,1,1.0,6,14167,M,4920420.0,-31093.0,14
201400016786,14,1,9,1400,1,2,3,1.0,3,14118,M,4917720.0,-36737.0,14
201400016787,14,1,14,740,2,2,2,8.0,3,14327,M,4921260.0,-34202.0,14
201400016788,14,1,17,1705,1,2,1,8.0,6,14566,M,4921270.0,-40493.0,14
201400016789,14,1,17,2015,5,1,1,1.0,5,14587,M,4919120.0,-41820.0,14
201400016790,14,1,19,2030,5,1,1,1.0,6,14101,M,4916550.0,-42917.0,14
201400016791,14,1,24,430,5,2,2,1.0,1,14118,M,4918330.0,-38702.0,14
201400016792,14,1,26,500,5,1,1,1.0,6,14437,M,4916920.0,-30208.0,14
201400016793,14,1,28,150,5,1,1,1.0,6,14118,M,4919840.0,-37372.0,14
201400016794,14,2,4,1200,1,2,2,7.0,6,14118,M,4919130.0,-35733.0,14
201400016795,14,2,6,1240,1,2,1,2.0,6,14118,M,4918420.0,-36039.0,14
201400016796,14,2,12,1640,1,2,1,3.0,6,14118,M,4918880.0,-36393.0,14
201400016797,14,2,28,905,1,2,2,8.0,2,14327,M,4921540.0,-34808.0,14
201400016798,14,2,28,750,2,2,1,1.0,2,14118,M,4920150.0,-36690.0,14
201400016799,14,3,5,735,1,2,1,1.0,1,14118,M,4919760.0,-34742.0,14
201400016800,14,3,10,1800,1,2,3,1.0,6,14101,M,4916520.0,-41749.0,14
201400016801,14,3,14,1245,1,2,2,1.0,3,14327,M,4921260.0,-34202.0,14
201400016802,14,3,21,1220,1,1,3,1.0,3,14137,M,4919230.0,-44366.0,14
201400016803,14,3,21,440,5,2,1,1.0,2,14437,M,4918220.0,-32224.0,14
201400016804,14,3,30,625,5,1,1,1.0,6,14341,M,4914620.0,-32987.0,14
201400016805,14,4,3,2150,5,2,1,1.0,3,14118,M,4919650.0,-39666.0,14
201400016806,14,4,6,1550,1,2,2,1.0,3,14118,M,4917950.0,-35760.0,14
201400016807,14,4,10,1910,1,1,1,1.0,2,14327,M,4921740.0,-31851.0,14
201400016808,14,4,11,2200,5,2,2,1.0,3,14118,M,4917050.0,-35332.0,14
201400016809,14,4,16,1745,1,2,1,1.0,6,14118,M,4920970.0,-37106.0,14
201400016810,14,4,21,1845,1,2,1,1.0,6,14118,M,4918250.0,-37375.0,14
201400016811,14,4,22,815,1,2,1,1.0,1,14118,M,4920620.0,-35207.0,14
201400016812,14,4,17,1240,1,1,1,1.0,2,14181,M,4914800.0,-32223.0,14
201400016813,14,4,6,1155,1,2,1,1.0,6,14118,M,,,14
201400016814,14,5,18,320,5,2,1,1.0,6,14327,M,,,14
201400016815,14,5,20,1500,1,2,1,1.0,4,14327,M,4921280.0,-34176.0,14
201400016816,14,5,20,2010,1,1,1,1.0,6,14101,M,4916390.0,-42813.0,14
201400016817,14,5,12,1715,1,2,2,1.0,1,14118,M,4919370.0,-34792.0,14
201400016818,14,5,23,1240,1,2,1,1.0,6,14437,M,4917930.0,-30027.0,14