Num_Acc,an,mois,jour,hrmn,lum,agg,int,atm,col,com,gps,lat,long,dep
201400016819,14,5,27,2045,1,2,1,1.0,2,14271,M,4915000.0,-37173.0,14
201400016820,14,5,28,1300,1,2,2,1.0,3,14118,M,4917950.0,-35758.0,14
201400016821,14,5,30,1425,1,2,1,1.0,3,14437,M,4917000.0,-32355.0,14
201400016822,14,5,28,1745,1,2,1,1.0,6,14271,M,4914740.0,-37737.0,14
201400016823,14,6,12,1640,1,2,6,1.0,2,14167,M,4919930.0,-29281.0,14
201400016824,14,6,14,250,5,1,1,1.0,2,14327,M,4918750.0,-33064.0,14
201400016825,14,6,17,1715,1,2,1,1.0,3,14437,M,4916990.0,-32309.0,14
201400016826,14,6,18,1710,1,2,6,1.0,2,14118,M,4918160.0,-40051.0,14
201400016827,14,6,20,2040,1,2,1,1.0,6,14118,M,4918240.0,-35168.0,14
201400016828,14,6,11,1225,1,2,1,1.0,6,14327,M,4920920.0,-32459.0,14
201400016829,14,6,29,1705,1,2,1,1.0,6,14118,M,,,14
201400016830,14,6,17,1840,1,1,1,1.0,4,14327,M,,,14
201400016831,14,4,11,1940,1,2,1,1.0,7,14437,M,4917440.0,-31151.0,14
201400016832,14,7,11,630,1,2,1,1.0,6,14118,M,4918720.0,-33516.0,14
201400016833,14,6,21,1715,1,2,1,1.0,3,14118,M,4920280.0,-35775.0,14
201400016834,14,8,6,5,3,1,3,1.0,2,14137,M,4918270.0,-46744.0,14
201400016835,14,7,4,2125,1,2,1,1.0,7,14437,M,4918110.0,-31841.0,14
201400016836,14,8,9,530,5,2,1,1.0,3,14167,M,4920160.0,-30211.0,14
201400016837,14,8,9,2300,5,2,2,1.0,3,14242,M,4922250.0,-36837.0,14
201400016838,14,8,13,1015,1,1,3,1.0,3,14327,M,4920780.0,-31728.0,14
201400016839,14,8,14,535,5,2,3,1.0,3,14118,M,4919270.0,-35975.0,14
201400016840,14,8,21,1820,1,2,1,1.0,6,14118,M,,,14
201400016841,14,8,31,1830,1,2,1,1.0,6,14327,M,4920500.0,-32599.0,14
201400016842,14,9,3,1755,1,2,3,1.0,3,14341,M,4913940.0,-33763.0,14
201400016843,14,9,2,1715,1,1,6,1.0,6,14271,M,4913560.0,-37670.0,14
201400016844,14,9,7,2210,5,2,2,1.0,6,14118,M,4919060.0,-34265.0,14
201400016845,14,9,8,1620,1,1,6,1.0,3,14341,M,4913930.0,-33031.0,14
201400016846,14,9,6,1630,1,2,1,1.0,6,14118,M,,,14
201400016847,14,9,16,2315,5,2,1,1.0,7,14118,M,4918380.0,-35992.0,14
201400016848,14,9,13,1805,1,2,6,1.0,3,14118,M,4920620.0,-37662.0,14
201400016849,14,9,24,120,5,2,1,1.0,6,14118,M,4919000.0,-40166.0,14
201400016850,14,9,29,1930,5,2,1,1.0,3,14167,M,4920430.0,-29422.0,14
201400016851,14,10,1,2345,5,1,1,1.0,2,14327,M,4919340.0,-33614.0,14
201400016852,14,10,1,1215,1,2,3,1.0,1,14118,M,4919910.0,-34683.0,14
201400016853,14,10,3,1735,1,2,1,1.0,6,14118,M,4918500.0,-36267.0,14
201400016854,14,10,2,750,1,1,3,1.0,3,14437,M,4918280.0,-31925.0,14
201400016855,14,10,6,2055,5,2,1,1.0,6,14118,M,4917620.0,-37122.0,14
201400016856,14,9,24,1120,1,2,1,1.0,3,14118,M,4919960.0,-35462.0,14
201400016857,14,10,8,800,3,2,1,2.0,6,14118,M,4916900.0,-35243.0,14
201400016858,14,10,9,1655,1,2,1,1.0,3,14215,M,4919230.0,-26340.0,14
201400016859,14,10,12,500,5,2,1,8.0,6,14301,M,,,14
201400016860,14,10,13,840,1,2,2,1.0,1,14118,M,4920550.0,-35060.0,14
201400016861,14,10,15,1600,1,2,1,8.0,6,14118,M,,,14
201400016862,14,10,30,1700,1,2,2,1.0,1,14167,M,4920450.0,-29101.0,14
201400016863,14,11,5,1405,1,1,1,1.0,2,14327,M,4920470.0,-32264.0,14
201400016864,14,11,6,2310,5,2,1,1.0,1,14118,M,4919630.0,-36008.0,14
201400016865,14,11,2,2020,5,2,1,2.0,7,14118,M,4918330.0,-38704.0,14
201400016866,14,11,17,645,5,2,3,2.0,3,14301,M,4916860.0,-28322.0,14
201400016867,14,11,26,2130,5,2,1,1.0,1,14437,M,4917140.0,-32773.0,14
201400016868,14,12,3,805,2,2,1,1.0,6,14118,M,,,14
201400016869,14,12,3,2315,5,2,1,1.0,6,14118,M,,,14
201400016870,14,12,6,1915,5,2,2,1.0,6,14118,M,,,14
201400016871,14,12,5,2055,4,2,2,2.0,3,14437,M,,,14
201400016872,14,12,14,600,5,2,1,1.0,6,14118,M,,,14
201400016873,14,12,17,830,4,2,1,2.0,6,14118,M,,,14
201400016874,14,12,17,1630,1,2,1,1.0,6,14118,M,,,14
201400016875,14,12,18,1115,1,1,1,2.0,5,14118,M,,,14
201400016876,14,12,21,710,5,2,2,1.0,3,14118,M,,,14
201400016877,14,12,28,615,5,2,1,1.0,6,14118,M,,,14
201400016878,14,10,31,1630,1,2,1,1.0,5,89276,M,4804229.0,379172.0,89
201400016879,14,1,9,1545,1,1,1,1.0,1,31454,M,0.0,0.0,31
201400016880,14,1,13,830,1,1,2,2.0,3,31454,M,0.0,0.0,31
201400016881,14,5,17,1630,1,1,1,1.0,3,31269,M,0.0,0.0,31
201400016882,14,5,31,30,3,2,1,8.0,6,31547,M,4349561.0,131710.0,31
201400016883,14,5,31,300,3,1,1,7.0,7,31419,M,4341720.0,103651.0,31
201400016884,14,8,17,2000,1,1,1,1.0,6,31547,M,4351076.0,125425.0,31
201400016885,14,10,19,600,3,1,1,1.0,6,31454,M,4343543.0,113475.0,31
201400016886,14,1,4,1230,1,2,3,8.0,3,14225,M,4928470.0,-10243.0,14
201400016887,14,1,28,1750,2,2,1,8.0,6,14225,M,4928830.0,-9908.0,14
201400016888,14,2,14,1445,1,1,1,2.0,6,14225,M,4928360.0,-8285.0,14
201400016889,14,1,23,1320,1,2,1,1.0,2,14225,M,4927890.0,-9514.0,14
201400016890,14,3,24,950,1,2,1,1.0,2,14225,M,4928540.0,-11014.0,14
201400016891,14,4,26,1145,1,2,1,1.0,2,14338,M,4930070.0,-8277.0,14
201400016892,14,5,5,1345,1,2,1,1.0,3,14225,M,4928520.0,-10889.0,14
201400016893,14,5,20,830,1,2,1,8.0,2,14117,M,4928680.0,-11712.0,14
201400016894,14,7,23,1700,1,2,1,1.0,1,14225,M,4928070.0,-9577.0,14
201400016895,14,8,4,1335,1,2,6,2.0,3,14117,M,4928750.0,-12344.0,14
201400016896,14,8,12,1125,1,2,1,1.0,3,14117,M,4928680.0,-11729.0,14
201400016897,14,8,26,900,1,2,2,1.0,3,14225,M,4929090.0,-9606.0,14
201400016898,14,9,3,1515,1,1,1,1.0,2,14225,M,4928260.0,-8144.0,14
201400016899,14,7,26,2055,1,2,1,7.0,7,14117,M,4928630.0,-11347.0,14
201400016900,14,9,18,1800,1,2,2,1.0,3,14117,M,,,14
201400016901,14,10,14,1530,1,1,1,1.0,7,14225,M,4928890.0,-8932.0,14
201400016902,14,10,19,1825,1,2,6,1.0,3,14117,M,4928710.0,-12623.0,14
201400016903,14,11,13,1505,1,2,6,1.0,6,14225,M,4928620.0,-9100.0,14
201400016904,14,12,6,1725,5,2,1,1.0,7,14225,M,,,14
201400016905,14,2,25,1145,1,1,3,2.0,1,30034,M,4376184.0,452514.0,30
201400016906,14,3,19,1745,1,2,1,1.0,3,30135,M,4383041.0,456340.0,30
201400016907,14,4,30,700,1,1,1,1.0,1,30135,M,4382853.0,459106.0,30
201400016908,14,7,21,1415,1,2,3,1.0,3,30060,M,4379251.0,438236.0,30
201400016909,14,7,30,115,3,1,1,1.0,6,30034,M,4376848.0,447402.0,30
201400016910,14,10,5,1615,1,2,1,1.0,2,30060,M,4379050.0,438665.0,30
201400016911,14,11,13,2230,3,1,1,1.0,6,30135,M,4383122.0,458202.0,30
201400016912,14,11,16,1900,3,1,1,1.0,6,30034,M,4373945.0,447547.0,30
201400016913,14,12,14,315,3,1,1,1.0,6,30034,M,4377054.0,453385.0,30
201400016914,14,12,25,1330,1,1,1,1.0,1,30047,M,4380028.0,440985.0,30
201400016915,14,12,21,1630,1,1,2,7.0,3,30125,M,4377621.0,442754.0,30
201400016916,14,4,18,2130,5,2,1,1.0,3,88065,M,4809839.0,605686.0,88
201400016917,14,7,29,1800,1,1,1,1.0,3,88450,M,4798642.0,579520.0,88
201400016918,14,5,18,1345,1,1,2,1.0,1,08237,M,4982770.0,477357.0,08
201400016919,14,6,7,1115,1,2,2,1.0,3,08328,M,0.0,0.0,08
201400016920,14,6,8,930,1,1,1,1.0,1,08448,M,4988600.0,480684.0,08
201400016921,14,6,9,115,3,2,1,1.0,6,08302,M,4990720.0,474771.0,08
201400016922,14,7,19,1400,1,1,1,1.0,6,08302,M,0.0,0.0,08
201400016923,14,10,14,1445,3,1,1,8.0,6,08139,M,,,08
201400016924,14,11,5,2100,5,2,1,1.0,6,08328,M,4981730.0,476888.0,08
201400016925,14,12,21,1600,5,2,1,1.0,6,08218,M,4987970.0,484517.0,08
201400016926,14,1,13,1800,3,1,1,2.0,3,08460,M,4986200.0,451000.0,08
201400016927,14,6,1,1230,1,2,1,1.0,6,08206,M,0.0,0.0,08
201400016928,14,6,16,715,1,2,1,1.0,3,08260,M,4981330.0,458301.0,08
201400016929,14,7,2,1145,1,1,1,1.0,3,08155,M,4986050.0,444790.0,08
201400016930,14,7,16,1400,1,2,2,1.0,3,08340,M,0.0,0.0,08
201400016931,14,11,12,900,1,2,1,1.0,3,08239,M,0.0,0.0,08
201400016932,14,12,21,1230,1,2,1,1.0,6,08314,M,4940800.0,431187.0,08
201400016933,14,3,9,1545,1,2,1,1.0,6,08419,M,0.0,0.0,08
201400016934,14,5,13,1630,1,1,1,2.0,6,08262,M,4954100.0,446491.0,08
201400016935,14,6,17,1215,1,1,1,1.0,7,08113,M,4962740.0,421450.0,08
201400016936,14,8,3,1915,1,1,1,1.0,7,08329,M,0.0,0.0,08
201400016937,14,8,7,2000,1,1,1,8.0,7,08102,M,4960880.0,432158.0,08
201400016938,14,9,14,500,5,2,1,1.0,6,08402,M,0.0,0.0,08
201400016939,14,10,30,1145,1,2,4,1.0,3,08185,M,4999110.0,469589.0,08
201400016940,14,11,23,400,3,1,1,5.0,7,08363,M,4990820.0,468808.0,08
201400016941,14,3,8,1430,1,2,1,7.0,3,08028,M,5010260.0,476326.0,08
201400016942,14,8,3,1200,1,2,1,1.0,2,08183,M,5013070.0,484718.0,08
201400016943,14,11,27,200,3,1,1,1.0,6,08122,M,5012510.0,479520.0,08
201400016944,14,5,4,2100,2,2,1,1.0,2,08037,M,0.0,0.0,08
201400016945,14,5,17,2300,3,1,1,1.0,6,08037,M,0.0,0.0,08
201400016946,14,9,18,1145,1,2,1,1.0,7,08282,M,4986930.0,442749.0,08
201400016947,14,10,5,545,5,2,1,3.0,6,08053,M,4967350.0,497863.0,08
201400016948,14,11,23,545,5,2,1,1.0,6,08475,M,4971580.0,503457.0,08
201400016949,14,4,10,1000,1,1,1,1.0,1,08119,M,0.0,0.0,08
201400016950,14,8,5,1815,1,1,1,1.0,7,08357,M,4966320.0,497339.0,08
201400016951,14,8,9,1845,1,1,2,1.0,3,08023,M,4957420.0,486917.0,08
201400016952,14,8,17,1015,1,2,4,1.0,3,08191,M,4972250.0,498872.0,08
201400016953,14,9,28,2030,3,1,1,1.0,2,08354,M,4957340.0,496071.0,08
201400016954,14,10,5,1215,1,1,1,1.0,6,08391,M,4975410.0,493801.0,08
201400016955,14,11,6,1415,1,2,1,1.0,7,08357,M,4965280.0,499365.0,08
201400016956,14,2,7,2030,3,1,1,2.0,6,08164,M,4939530.0,473332.0,08
201400016957,14,5,4,1500,1,2,1,1.0,6,08490,M,0.0,0.0,08
201400016958,14,5,5,1130,1,2,1,1.0,6,08490,M,0.0,0.0,08
201400016959,14,6,26,1,3,1,1,1.0,6,08443,M,0.0,0.0,08
201400016960,14,7,18,1845,1,1,1,7.0,3,08103,M,0.0,0.0,08
201400016961,14,8,31,1700,1,1,1,1.0,7,08320,M,4934980.0,444792.0,08
201400016962,14,9,15,830,1,2,1,1.0,6,08097,M,4931320.0,471242.0,08
201400016963,14,12,17,1100,1,1,2,3.0,3,08490,M,4941170.0,472105.0,08
201400016964,14,6,29,615,2,1,1,3.0,6,08116,M,0.0,0.0,08
201400016965,14,8,24,1715,1,1,1,1.0,7,08405,M,4954250.0,477710.0,08
201400016966,14,8,29,1130,1,2,1,1.0,6,52353,M,4802669.0,534250.0,52
201400016967,14,5,30,1915,1,2,1,1.0,3,52060,M,4795290.0,575237.0,52
201400016968,14,7,29,515,1,1,1,2.0,6,52060,M,4792471.0,576018.0,52
201400016969,14,8,11,1115,1,1,1,1.0,2,52135,M,4792583.0,569633.0,52
201400016970,14,9,3,1445,1,1,1,1.0,1,52197,M,4778930.0,560549.0,52
201400016971,14,1,9,830,2,2,6,1.0,3,14243,M,4939710.0,21250.0,14
201400016972,14,1,10,1540,1,2,2,1.0,3,14536,M,4940950.0,25132.0,14
201400016973,14,1,25,135,5,2,1,2.0,6,14243,M,4942200.0,22925.0,14
201400016974,14,1,28,758,3,2,3,2.0,2,14333,M,4939330.0,24756.0,14
201400016975,14,2,3,1830,3,1,1,1.0,7,14001,M,4938770.0,28915.0,14
201400016976,14,2,24,1530,1,2,1,7.0,3,14536,M,4941170.0,25149.0,14
201400016977,14,2,28,1350,1,2,3,2.0,1,14333,M,4941550.0,25144.0,14
201400016978,14,3,1,1425,1,2,1,1.0,6,14333,M,4942140.0,23365.0,14
201400016979,14,4,5,1740,1,2,1,1.0,3,14333,M,4941950.0,23293.0,14
201400016980,14,4,24,1400,1,2,1,1.0,6,14333,M,4941560.0,23150.0,14
201400016981,14,4,27,225,5,2,1,1.0,7,14333,M,4941290.0,22776.0,14
201400016982,14,5,3,1520,1,2,1,1.0,4,14333,M,4941120.0,22654.0,14
201400016983,14,5,6,1224,1,2,1,3.0,3,14333,M,4942100.0,23775.0,14
201400016984,14,5,22,925,1,1,3,1.0,3,14001,M,4938950.0,27685.0,14
201400016985,14,5,31,1630,1,2,2,1.0,3,14536,M,4940870.0,24692.0,14
201400016986,14,6,16,1555,1,2,1,1.0,6,14333,M,4941870.0,23700.0,14
201400016987,14,6,23,1610,1,2,6,1.0,2,14536,M,4941120.0,25890.0,14
201400016988,14,7,1,1750,1,1,1,1.0,7,14333,M,4939370.0,24993.0,14
201400016989,14,7,10,1004,1,2,1,8.0,2,14333,M,4942260.0,23291.0,14
201400016990,14,8,22,1720,1,1,1,2.0,6,14001,M,4939010.0,27683.0,14
201400016991,14,9,20,1625,1,2,1,1.0,6,14333,M,,,14
201400016992,14,9,28,230,3,1,1,1.0,6,14243,M,,,14
201400016993,14,10,8,1845,1,1,1,1.0,2,14001,M,,,14
201400016994,14,10,13,1945,5,2,1,1.0,3,14333,M,4942320.0,23178.0,14
201400016995,14,11,1,1855,5,2,1,1.0,3,14243,M,,,14
201400016996,14,11,5,1602,1,1,2,2.0,3,14304,M,,,14
201400016997,14,11,13,1940,3,2,4,8.0,3,14536,M,,,14
201400016998,14,11,27,1750,5,2,1,8.0,6,14333,M,,,14
201400016999,14,12,4,905,1,1,2,8.0,3,14304,M,,,14
201400017000,14,12,12,756,5,2,2,2.0,6,14333,M,,,14
201400017001,14,3,26,1330,1,2,1,1.0,1,52364,M,4777585.0,527158.0,52
201400017002,14,5,18,1545,1,2,1,1.0,6,52425,M,4765908.0,523358.0,52
201400017003,14,9,21,1200,1,2,1,1.0,7,52189,M,4768697.0,524708.0,52
201400017004,14,5,3,1115,1,2,1,1.0,3,52250,M,4844940.0,514699.0,52
201400017005,14,5,17,200,3,1,1,1.0,6,52391,M,4850872.0,479618.0,52
201400017006,14,2,26,1000,1,1,1,8.0,7,48133,M,0.0,0.0,48
201400017007,14,5,1,545,2,1,1,8.0,7,48147,M,0.0,0.0,48
201400017008,14,6,6,1700,1,2,1,1.0,6,48013,M,0.0,0.0,48
201400017009,14,6,7,1245,1,1,1,1.0,6,48147,M,0.0,0.0,48
201400017010,14,6,8,1215,1,1,1,1.0,7,48016,M,0.0,0.0,48
201400017011,14,7,19,1200,1,1,1,1.0,1,48027,M,0.0,0.0,48
201400017012,14,8,14,1615,1,1,1,1.0,1,48157,M,0.0,0.0,48
201400017013,14,8,31,1215,1,1,1,1.0,7,48053,M,0.0,0.0,48
201400017014,14,10,4,530,3,1,1,1.0,6,48042,M,0.0,0.0,48
201400017015,14,6,11,730,1,1,1,1.0,6,48180,M,0.0,0.0,48
201400017016,14,6,18,1745,1,1,1,2.0,1,48146,M,0.0,0.0,48
201400017017,14,7,3,1545,1,1,1,7.0,7,48146,M,4437200.0,341400.0,48
201400017018,14,10,20,15,3,1,1,1.0,3,48039,M,0.0,0.0,48
201400017019,14,9,3,1715,1,1,1,1.0,6,48090,M,4485500.0,332900.0,48
201400017020,14,1,30,1745,3,1,1,8.0,1,30102,M,4392782.0,428128.0,30
201400017021,14,1,19,1830,5,2,1,1.0,2,37050,M,,,37
201400017022,14,5,5,1600,1,2,1,1.0,6,37272,M,0.0,0.0,37
201400017023,14,8,27,1040,1,2,6,8.0,3,37099,M,,,37
201400017024,14,9,27,2015,3,1,1,1.0,1,37054,M,0.0,0.0,37
201400017025,14,7,6,2230,3,2,1,1.0,6,37231,M,,,37
201400017026,14,8,9,1150,1,2,1,1.0,1,37021,M,,,37
201400017027,14,10,19,1530,1,2,3,1.0,5,37054,M,,,37
201400017028,14,1,19,630,3,2,1,1.0,7,37139,M,,,37
201400017029,14,1,22,900,1,1,1,2.0,6,37217,M,0.0,0.0,37
201400017030,14,2,23,1830,2,2,1,1.0,6,37055,M,0.0,0.0,37
201400017031,14,3,14,2015,5,2,1,1.0,7,37109,M,,,37
201400017032,14,6,29,1300,1,1,6,3.0,1,37109,M,0.0,0.0,37
201400017033,14,9,15,1800,1,2,1,1.0,5,37109,M,0.0,0.0,37
201400017034,14,11,14,1830,3,1,1,1.0,6,37109,M,0.0,0.0,37
201400017035,14,12,2,1130,1,2,1,2.0,6,37109,M,0.0,0.0,37
201400017036,14,12,11,2045,3,1,1,1.0,6,37241,M,0.0,0.0,37
201400017037,14,2,22,2145,5,2,1,1.0,6,37225,M,0.0,0.0,37
201400017038,14,5,18,1800,1,1,1,1.0,3,37273,M,0.0,0.0,37
201400017039,14,7,14,200,3,2,1,1.0,7,37008,M,,,37
201400017040,14,7,20,2215,3,1,1,1.0,7,37156,M,0.0,0.0,37
201400017041,14,8,28,1615,1,1,1,1.0,3,37008,M,0.0,0.0,37
201400017042,14,8,30,845,1,1,1,1.0,1,37015,M,0.0,0.0,37
201400017043,14,9,5,1715,1,2,1,1.0,7,37156,M,0.0,0.0,37
201400017044,14,10,12,620,5,2,2,8.0,1,37091,M,,,37
201400017045,14,10,16,1930,5,2,1,3.0,6,37156,M,0.0,0.0,37
201400017046,14,10,19,845,1,1,1,7.0,3,37156,M,0.0,0.0,37
201400017047,14,11,12,920,1,2,3,1.0,3,37273,M,,,37
201400017048,14,4,24,945,1,1,1,1.0,7,37010,M,0.0,0.0,37
201400017049,14,11,25,1745,3,2,1,1.0,3,37179,M,,,37
201400017050,14,12,9,1530,1,1,6,1.0,6,37179,M,0.0,0.0,37
201400017051,14,1,9,1345,1,2,1,2.0,6,14366,M,4915580.0,23107.0,14
201400017052,14,1,12,1825,5,2,3,1.0,3,14366,M,4913810.0,22721.0,14
201400017053,14,1,18,1545,1,2,3,1.0,2,14366,M,4914360.0,24814.0,14
201400017054,14,1,29,745,2,2,6,2.0,6,14366,M,4914400.0,21907.0,14
201400017055,14,2,13,2140,5,2,6,1.0,3,14366,M,4914300.0,22699.0,14
201400017056,14,2,20,1700,1,2,3,1.0,3,14366,M,4914490.0,27531.0,14
201400017057,14,3,9,1850,1,2,2,1.0,3,14366,M,4914790.0,22498.0,14
201400017058,14,3,19,1110,1,2,3,1.0,3,14366,M,4914830.0,25835.0,14
201400017059,14,4,2,1645,1,1,1,1.0,2,14574,M,4915380.0,19937.0,14
201400017060,14,4,11,1400,1,2,1,1.0,6,14366,M,4915020.0,22230.0,14
201400017061,14,4,14,1630,1,2,1,1.0,2,14366,M,4914920.0,22454.0,14
201400017062,14,4,16,830,1,2,2,1.0,6,14366,M,4914830.0,22820.0,14
201400017063,14,4,19,45,5,2,2,1.0,3,14366,M,4914360.0,22676.0,14
201400017064,14,4,27,2030,1,2,2,1.0,3,14366,M,4914280.0,24631.0,14
201400017065,14,5,4,2200,5,2,3,1.0,7,14366,M,4914080.0,22708.0,14
201400017066,14,5,6,1450,1,1,1,2.0,2,14366,M,4912730.0,22495.0,14
201400017067,14,5,13,1345,1,2,1,2.0,2,14366,M,4913700.0,22706.0,14
201400017068,14,5,23,800,1,1,2,1.0,3,14487,M,4917840.0,20935.0,14
201400017069,14,6,16,600,1,2,1,1.0,6,14366,M,4915010.0,22430.0,14
201400017070,14,6,24,1950,1,1,2,1.0,3,14574,M,4915990.0,19274.0,14
201400017071,14,7,2,2020,1,2,1,1.0,3,14366,M,4914670.0,23217.0,14
201400017072,14,9,11,1850,1,2,1,1.0,1,14069,M,4913010.0,26220.0,14
201400017073,14,9,14,15,5,2,1,1.0,7,14366,M,4914440.0,22707.0,14
201400017074,14,9,17,1425,1,1,1,1.0,1,14366,M,4914360.0,27423.0,14
201400017075,14,9,19,1830,1,2,2,1.0,3,14366,M,4914380.0,22368.0,14
201400017076,14,9,28,1545,1,2,1,1.0,6,14366,M,,,14
201400017077,14,10,2,950,1,1,6,2.0,7,14366,M,4914440.0,26312.0,14
201400017078,14,10,2,1815,1,2,1,1.0,2,14366,M,,,14
201400017079,14,10,7,1630,1,2,1,1.0,6,14069,M,4913160.0,25500.0,14
201400017080,14,10,10,1840,2,2,2,1.0,3,14366,M,4914830.0,22821.0,14
201400017081,14,10,13,700,5,2,1,2.0,6,14366,M,4914120.0,22728.0,14
201400017082,14,10,17,1035,1,1,1,1.0,6,14366,M,4914360.0,26379.0,14
201400017083,14,11,4,750,1,1,1,1.0,3,14366,M,4912950.0,22675.0,14
201400017084,14,11,14,800,2,2,6,2.0,3,14366,M,4914630.0,22939.0,14
201400017085,14,11,14,855,1,2,1,8.0,6,14366,M,4914580.0,23327.0,14
201400017086,14,11,24,1215,1,2,1,1.0,6,14366,M,4914350.0,21903.0,14
201400017087,14,11,28,1455,1,2,1,1.0,2,14366,M,4914440.0,26308.0,14
201400017088,14,11,29,1500,1,2,2,1.0,7,14366,M,4914790.0,22497.0,14
201400017089,14,12,5,715,2,2,1,2.0,3,14366,M,,,14
201400017090,14,12,9,445,3,1,1,9.0,6,14366,M,,,14
201400017091,14,12,11,845,1,2,1,2.0,4,14366,M,,,14
201400017092,14,12,14,1820,5,2,1,2.0,7,14366,M,,,14
201400017093,14,12,22,1250,1,2,1,1.0,1,14366,M,,,14
201400017094,14,2,13,835,1,2,1,8.0,1,37072,M,,,37
201400017095,14,6,29,1625,1,2,1,1.0,1,14069,M,4913860.0,25879.0,14
201400017096,14,9,2,1610,1,2,6,1.0,6,14366,M,4914330.0,21879.0,14
201400017097,14,10,19,300,5,2,1,1.0,6,14366,M,4914320.0,22808.0,14
201400017098,14,11,23,1130,1,2,1,2.0,1,14366,M,4914230.0,24516.0,14
201400017099,14,12,3,2305,3,2,1,1.0,6,14366,M,,,14
201400017100,14,12,4,1330,1,1,6,1.0,4,14366,M,,,14
201400017101,14,6,12,1645,1,2,1,1.0,3,37072,M,,,37
201400017102,14,1,20,515,3,1,1,5.0,3,37053,M,0.0,0.0,37
201400017103,14,2,10,2215,3,1,1,1.0,7,37269,M,0.0,0.0,37
201400017104,14,3,14,1345,1,1,1,1.0,2,37016,M,0.0,0.0,37
201400017105,14,3,14,1300,1,2,1,1.0,6,37111,M,0.0,0.0,37
201400017106,14,7,10,1200,1,1,1,1.0,7,37269,M,0.0,0.0,37
201400017107,14,10,11,1800,1,1,1,1.0,1,37053,M,0.0,0.0,37
201400017108,14,10,15,1215,1,1,1,1.0,7,37111,M,0.0,0.0,37
201400017109,14,8,31,2130,3,1,1,1.0,6,37168,M,0.0,0.0,37
201400017110,14,12,12,1830,5,2,9,8.0,3,87088,M,0.0,0.0,87
201400017111,14,4,22,1030,1,1,1,2.0,3,87011,M,0.0,0.0,87
201400017112,14,9,10,1130,1,1,3,1.0,3,87059,M,0.0,0.0,87
201400017113,14,7,24,1830,1,2,1,1.0,7,87154,M,0.0,0.0,87
201400017114,14,8,6,1600,1,2,1,3.0,6,87140,M,0.0,0.0,87
201400017115,14,3,8,1730,1,1,1,1.0,6,87030,M,0.0,0.0,87
201400017116,14,6,23,1000,1,1,1,1.0,1,87034,M,0.0,0.0,87
201400017117,14,8,24,1945,1,2,6,1.0,6,87111,M,0.0,0.0,87
201400017118,14,12,28,1000,1,1,1,4.0,6,87036,M,0.0,0.0,87
201400017119,14,1,14,900,1,2,1,1.0,6,87106,M,0.0,0.0,87
201400017120,14,2,6,715,2,1,1,1.0,1,87049,M,0.0,0.0,87
201400017121,14,2,23,1015,1,1,1,1.0,6,87106,M,0.0,0.0,87
201400017122,14,4,12,1445,1,1,1,1.0,7,87127,M,0.0,0.0,87
201400017123,14,8,3,2300,3,1,1,1.0,7,87049,M,0.0,0.0,87
201400017124,14,10,10,1615,1,1,1,1.0,1,87187,M,0.0,0.0,87
201400017125,14,10,29,1330,1,1,1,1.0,6,87187,M,0.0,0.0,87
201400017126,14,11,10,2115,3,1,1,1.0,6,87071,M,0.0,0.0,87
201400017127,14,6,1,1115,1,1,1,1.0,7,23168,M,0.0,0.0,23
201400017128,14,8,28,830,1,2,1,1.0,6,23011,M,4608300.0,168900.0,23
201400017129,14,6,9,1700,1,1,1,1.0,7,23102,M,4628100.0,204500.0,23
201400017130,14,7,26,1045,1,1,1,1.0,7,23100,M,4618700.0,207799.0,23
201400017131,14,2,3,1545,1,2,1,7.0,6,23008,M,4595900.0,217200.0,23
201400017132,14,5,8,1500,1,1,1,1.0,6,23214,M,0.0,0.0,23
201400017133,14,6,15,1515,1,1,2,1.0,3,23185,M,4614200.0,219900.0,23
201400017134,14,10,12,345,3,1,1,1.0,6,23182,M,0.0,0.0,23
201400017135,14,11,26,1600,1,1,1,1.0,3,23008,M,0.0,0.0,23
201400017136,14,6,27,1700,1,1,1,2.0,3,28199,M,,,28
201400017137,14,1,16,645,3,1,1,2.0,1,27044,M,4858200.0,109100.0,27
201400017138,14,1,31,730,3,1,1,5.0,1,27287,M,4900200.0,105100.0,27
201400017139,14,1,29,1345,1,1,1,1.0,6,27044,M,4856200.0,106500.0,27
201400017140,14,7,19,1130,1,1,1,1.0,7,27044,M,4858200.0,108300.0,27
201400017141,14,8,1,1545,1,2,9,1.0,6,27439,M,4903300.0,110200.0,27
201400017142,14,8,25,1830,1,1,1,3.0,6,27439,M,4903200.0,110200.0,27
201400017143,14,8,28,430,3,2,1,1.0,6,27165,M,4857000.0,55500.0,27
201400017144,14,1,24,915,1,1,1,2.0,1,27225,M,4851500.0,59400.0,27
201400017145,14,3,7,1300,1,1,2,1.0,2,27225,M,4853200.0,100099.0,27
201400017146,14,5,21,1145,1,1,1,2.0,1,27693,M,4852300.0,105000.0,27
201400017147,14,6,11,2000,1,1,1,1.0,1,27406,M,4845500.0,116400.0,27
201400017148,14,7,5,2145,2,1,1,2.0,1,27548,M,4846000.0,116000.0,27
201400017149,14,7,4,1800,1,1,1,3.0,4,27378,M,4845300.0,114100.0,27