Num_Acc,an,mois,jour,hrmn,lum,agg,int,atm,col,com,gps,lat,long,dep
201400017150,14,8,8,1930,1,1,1,1.0,7,27350,M,4850200.0,114200.0,27
201400017151,14,12,6,1900,5,2,1,1.0,6,27438,M,4846100.0,111500.0,27
201400017152,14,1,18,1815,3,1,1,1.0,1,27265,M,4846400.0,51300.0,27
201400017153,14,1,24,1515,1,1,1,1.0,1,27019,M,4841500.0,49400.0,27
201400017154,14,6,13,1945,1,1,1,1.0,6,27578,M,4847300.0,52500.0,27
201400017155,14,9,7,400,3,1,1,1.0,6,27573,M,4849000.0,55100.0,27
201400017156,14,9,30,1145,1,2,7,7.0,6,27112,M,4850100.0,54400.0,27
201400017157,14,10,24,2245,3,1,2,1.0,3,27108,M,4844500.0,47400.0,27
201400017158,14,11,14,2245,1,1,1,2.0,6,27019,M,4841500.0,49400.0,27
201400017159,14,12,12,2130,3,1,1,2.0,6,27643,M,4844500.0,101000.0,27
201400017160,14,7,6,1845,1,1,1,1.0,5,27463,M,4908100.0,38500.0,27
201400017161,14,11,10,1845,3,1,2,1.0,3,27295,M,4902000.0,31200.0,27
201400017162,14,12,9,730,2,1,1,1.0,7,27179,M,4906500.0,34000.0,27
201400017163,14,12,11,1900,3,1,1,2.0,6,27414,M,4856300.0,28300.0,27
201400017164,14,12,24,1615,1,1,1,2.0,3,27442,M,0.0,0.0,27
201400017165,14,4,18,1200,1,1,1,1.0,1,27296,M,4902100.0,40000.0,27
201400017166,14,4,15,1815,1,2,1,1.0,3,27051,M,4904400.0,46300.0,27
201400017167,14,5,15,1200,1,2,1,1.0,1,27210,M,4907500.0,48300.0,27
201400017168,14,5,15,1200,1,1,1,1.0,6,27052,M,4912200.0,44400.0,27
201400017169,14,6,8,645,1,1,1,1.0,7,27210,M,4907100.0,50300.0,27
201400017170,14,7,10,1000,1,2,1,1.0,3,27041,M,4856400.0,39500.0,27
201400017171,14,10,26,1530,1,1,1,1.0,7,27049,M,4900100.0,41400.0,27
201400017172,14,10,31,2300,5,2,2,1.0,3,27040,M,4901400.0,51500.0,27
201400017173,14,11,12,845,1,1,1,1.0,7,27164,M,4907000.0,51400.0,27
201400017174,14,11,23,1845,3,1,1,2.0,7,27444,M,4900200.0,46500.0,27
201400017175,14,2,4,715,3,1,1,1.0,4,27670,M,4922200.0,119500.0,27
201400017176,14,5,28,1945,2,1,1,2.0,7,27294,M,4919300.0,123100.0,27
201400017177,14,1,31,700,3,1,1,5.0,1,27617,M,4818300.0,131300.0,27
201400017178,14,3,19,1730,2,2,3,1.0,3,27324,M,4921000.0,143300.0,27
201400017179,14,12,17,1845,4,1,1,2.0,1,27284,M,4916000.0,147000.0,27
201400017180,14,3,7,2030,5,2,1,1.0,2,27428,M,4909000.0,54200.0,27
201400017181,14,4,23,1015,1,1,2,7.0,3,27192,M,4907200.0,56200.0,27
201400017182,14,8,30,1830,1,1,2,2.0,3,27053,M,4914300.0,58400.0,27
201400017183,14,9,10,1630,1,1,2,1.0,3,27185,M,4912300.0,58300.0,27
201400017184,14,5,23,1500,1,2,1,1.0,7,27243,M,4923200.0,18300.0,27
201400017185,14,4,9,1630,1,1,1,1.0,7,27227,M,4922500.0,40200.0,27
201400017186,14,8,5,1930,1,1,1,1.0,3,27102,M,4921200.0,46400.0,27
201400017187,14,9,3,2215,3,1,1,1.0,1,27077,M,4916000.0,46100.0,27
201400017188,14,9,28,1800,1,1,1,1.0,3,27340,M,4922280.0,48280.0,27
201400017189,14,10,18,1530,1,1,1,1.0,3,27340,M,4921300.0,51100.0,27
201400017190,14,10,26,1830,5,2,1,1.0,1,27316,M,4923400.0,46100.0,27
201400017191,14,11,23,2115,3,1,1,1.0,1,27163,M,4921200.0,38100.0,27
201400017192,14,4,13,1715,1,1,1,1.0,2,04230,M,0.0,0.0,04
201400017193,14,6,28,15,3,1,1,1.0,6,04094,M,0.0,0.0,04
201400017194,14,6,29,1600,1,1,1,1.0,1,04230,M,0.0,0.0,04
201400017195,14,1,17,930,1,1,1,4.0,6,04090,M,0.0,0.0,04
201400017196,14,6,22,1500,1,1,1,1.0,1,04008,M,0.0,0.0,04
201400017197,14,9,12,1445,1,1,1,1.0,3,04174,M,0.0,0.0,04
201400017198,14,12,20,415,3,1,1,5.0,6,04076,M,0.0,0.0,04
201400017199,14,7,13,1745,2,1,1,1.0,6,04006,M,0.0,0.0,04
201400017200,14,9,26,1615,1,1,1,1.0,1,04136,M,0.0,0.0,04
201400017201,14,9,27,1600,1,1,1,1.0,3,04219,M,0.0,0.0,04
201400017202,14,1,13,1545,1,2,1,8.0,3,04157,M,0.0,0.0,04
201400017203,14,3,16,1715,1,1,1,1.0,7,04135,M,0.0,0.0,04
201400017204,14,6,22,45,3,1,1,1.0,7,04135,M,0.0,0.0,04
201400017205,14,1,13,1445,1,1,1,2.0,1,04088,M,0.0,0.0,04
201400017206,14,2,16,315,3,1,1,1.0,6,04242,M,0.0,0.0,04
201400017207,14,3,31,915,1,1,1,1.0,3,04111,M,0.0,0.0,04
201400017208,14,4,28,915,1,1,1,1.0,2,04088,M,4394633.0,577318.0,04
201400017209,14,5,24,30,3,1,1,2.0,6,04188,M,0.0,0.0,04
201400017210,14,9,29,2045,3,1,1,1.0,6,04162,M,0.0,0.0,04
201400017211,14,7,10,2045,2,1,1,1.0,1,04123,M,4428000.0,585300.0,04
201400017212,14,12,17,2115,3,1,1,1.0,6,04134,M,0.0,0.0,04
201400017213,14,4,26,500,3,1,1,1.0,6,24468,M,4500220.0,71732.0,24
201400017214,14,6,6,1830,1,1,1,1.0,6,24115,M,4526790.0,71063.0,24
201400017215,14,1,25,1200,1,1,3,1.0,3,24210,M,4527070.0,112888.0,24
201400017216,14,2,16,1930,4,1,1,1.0,6,24123,M,4495640.0,65377.0,24
201400017217,14,1,21,1030,1,1,2,1.0,1,24028,M,4475450.0,77333.0,24
201400017218,14,8,26,1250,1,1,1,3.0,1,24307,M,4475050.0,73112.0,24
201400017219,14,11,19,730,1,1,1,5.0,6,24142,M,4483330.0,94043.0,24
201400017220,14,1,5,930,1,2,1,8.0,6,24311,M,4552280.0,66418.0,24
201400017221,14,2,20,1500,1,2,1,2.0,1,24311,M,4552230.0,66449.0,24
201400017222,14,6,12,2000,2,2,2,1.0,3,24056,M,4560220.0,62823.0,24
201400017223,14,6,30,1630,1,2,1,1.0,1,24479,M,4549430.0,74188.0,24
201400017224,14,8,24,1200,1,2,1,1.0,6,24311,M,4553270.0,66519.0,24
201400017225,14,12,30,1145,1,1,1,1.0,1,24016,M,4556390.0,69363.0,24
201400017226,14,7,16,1715,1,1,1,1.0,6,24099,M,4544460.0,58767.0,24
201400017227,14,5,14,1945,1,2,2,1.0,3,24304,M,4540870.0,92098.0,24
201400017228,14,7,8,1900,1,1,2,1.0,1,24008,M,4542560.0,114211.0,24
201400017229,14,12,3,1615,1,2,1,8.0,6,24551,M,4541550.0,91881.0,24
201400017230,14,9,18,915,1,1,1,2.0,3,24504,M,4517500.0,38867.0,24
201400017231,14,3,12,45,5,2,1,1.0,6,24354,M,4515920.0,706.0,24
201400017232,14,3,1,1430,1,1,4,1.0,3,24520,M,4486740.0,124784.0,24
201400017233,14,4,15,1900,1,2,1,1.0,1,24520,M,4489400.0,124500.0,24
201400017234,14,4,8,815,1,2,1,1.0,6,24516,M,4497380.0,132340.0,24
201400017235,14,5,23,1530,1,1,2,2.0,3,24412,M,4499610.0,124176.0,24
201400017236,14,7,26,1130,1,1,1,1.0,1,24082,M,4484430.0,125249.0,24
201400017237,14,12,8,1715,2,1,3,2.0,3,24082,M,4486270.0,126337.0,24
201400017238,14,11,28,1745,3,1,1,1.0,1,24179,M,4512520.0,139684.0,24
201400017239,14,12,31,1600,1,2,1,1.0,7,40102,M,4398522.0,1087.0,40
201400017240,14,6,1,2045,1,1,2,1.0,5,40259,M,4381293.0,-29658.0,40
201400017241,14,8,3,530,2,1,1,1.0,6,40161,M,4409871.0,-1704.0,40
201400017242,14,7,12,1000,1,1,1,1.0,1,40233,M,4359287.0,-103124.0,40
201400017243,14,9,3,930,1,1,1,1.0,3,40332,M,4432188.0,-89812.0,40
201400017244,14,10,11,1600,1,1,1,2.0,5,40217,M,4433491.0,-105316.0,40
201400017245,14,10,26,1030,1,1,2,1.0,5,40217,M,4434209.0,-102379.0,40
201400017246,14,6,27,2215,3,1,2,1.0,3,40078,M,4367110.0,-76414.0,40
201400017247,14,10,5,2130,3,1,1,1.0,6,40205,M,4372023.0,-81414.0,40
201400017248,14,1,11,2330,3,1,1,1.0,6,21032,M,0.0,0.0,21
201400017249,14,12,6,730,2,1,1,1.0,6,21502,M,4703000.0,510800.0,21
201400017250,14,3,13,1345,1,1,1,1.0,5,21163,M,0.0,0.0,21
201400017251,14,6,22,45,3,1,1,1.0,3,21211,M,0.0,0.0,21
201400017252,14,5,25,115,3,1,1,1.0,2,21547,M,0.0,0.0,21
201400017253,14,9,13,400,3,1,1,1.0,6,21429,M,4758500.0,433600.0,21
201400017254,14,9,16,615,3,2,1,1.0,6,21394,M,4751200.0,440000.0,21
201400017255,14,9,21,615,2,1,1,1.0,6,21709,M,4754200.0,429600.0,21
201400017256,14,1,2,1630,1,1,1,1.0,1,21393,M,4788800.0,459600.0,21
201400017257,14,2,10,1345,1,1,1,2.0,6,21104,M,4774000.0,459500.0,21
201400017258,14,9,4,1715,1,2,1,1.0,6,21154,M,4786300.0,457300.0,21
201400017259,14,1,25,2300,5,2,2,1.0,3,21663,M,4754500.0,446200.0,21
201400017260,14,2,26,730,1,1,1,5.0,2,53140,M,4811076.0,-73457.0,53
201400017261,14,6,10,1545,1,1,2,1.0,3,53076,M,4796480.0,-35675.0,53
201400017262,14,12,19,845,2,1,1,2.0,6,53152,M,4795311.0,-59074.0,53
201400017263,14,3,1,2000,3,1,1,2.0,6,53153,M,4820722.0,-43775.0,53
201400017264,14,6,11,1145,1,1,1,1.0,3,53097,M,4812015.0,-37258.0,53
201400017265,14,8,24,2345,3,2,1,1.0,6,53161,M,4814028.0,-55181.0,53
201400017266,14,9,14,1800,1,1,1,1.0,6,53097,M,4815977.0,-41081.0,53
201400017267,14,1,24,830,4,2,6,2.0,6,53084,M,4784689.0,-94825.0,53
201400017268,14,2,6,1830,5,2,6,2.0,6,53084,M,4784692.0,-94823.0,53
201400017269,14,3,12,915,1,1,1,1.0,1,53012,M,4789266.0,-93180.0,53
201400017270,14,3,14,1915,2,1,1,8.0,7,53088,M,4795662.0,-110877.0,53
201400017271,14,8,18,1715,1,2,3,1.0,3,53147,M,4830423.0,-63932.0,53
201400017272,14,3,11,1730,1,2,9,1.0,2,53107,M,4841332.0,-82828.0,53
201400017273,14,2,7,1345,1,1,3,1.0,1,53190,M,4836015.0,-45107.0,53
201400017274,14,1,16,1800,5,2,1,3.0,6,07349,M,0.0,0.0,07
201400017275,14,2,1,930,1,2,3,1.0,3,07260,M,0.0,0.0,07
201400017276,14,3,8,1600,1,1,1,1.0,3,07005,M,0.0,0.0,07
201400017277,14,5,17,1745,1,1,1,1.0,6,07038,M,4460900.0,406700.0,07
201400017278,14,7,25,1945,1,1,1,1.0,6,07081,M,4493900.0,410440.0,07
201400017279,14,8,23,1945,2,1,1,1.0,1,07132,M,4486200.0,451900.0,07
201400017280,14,1,22,1330,1,1,1,1.0,1,07091,M,0.0,0.0,07
201400017281,14,2,23,1500,1,1,1,1.0,7,07158,M,4482000.0,433400.0,07
201400017282,14,3,1,1530,1,1,1,1.0,1,07210,M,0.0,0.0,07
201400017283,14,8,16,1015,1,1,1,1.0,6,07139,M,0.0,0.0,07
201400017284,14,8,15,445,3,1,1,1.0,7,07121,M,0.0,0.0,07
201400017285,14,4,2,1315,1,1,1,1.0,3,07156,M,0.0,0.0,07
201400017286,14,8,27,745,3,1,1,1.0,1,07156,M,0.0,0.0,07
201400017287,14,1,15,1000,1,1,1,1.0,1,07023,M,0.0,0.0,07
201400017288,14,2,26,800,1,1,1,1.0,4,07183,M,0.0,0.0,07
201400017289,14,6,15,1930,1,1,1,1.0,6,07201,M,0.0,0.0,07
201400017290,14,6,25,2100,1,1,1,1.0,3,07330,M,0.0,0.0,07
201400017291,14,6,29,1130,1,1,1,1.0,2,07291,M,0.0,0.0,07
201400017292,14,7,23,2300,3,1,1,2.0,6,07328,M,0.0,0.0,07
201400017293,14,7,25,1700,1,1,1,3.0,1,07101,M,0.0,0.0,07
201400017294,14,2,23,1745,1,1,1,1.0,5,07308,M,0.0,0.0,07
201400017295,14,9,29,1715,1,1,1,8.0,3,07227,M,0.0,0.0,07
201400017296,14,10,14,2000,3,1,1,8.0,6,07010,M,0.0,0.0,07
201400017297,14,10,19,1500,1,1,1,1.0,7,07243,M,0.0,0.0,07
201400017298,14,12,2,1415,1,2,8,8.0,6,07010,M,0.0,0.0,07
201400017299,14,2,12,1430,1,1,1,1.0,6,07073,M,0.0,0.0,07
201400017300,14,3,1,1415,3,1,1,1.0,1,07052,M,0.0,0.0,07
201400017301,14,9,13,2000,1,1,1,1.0,7,07079,M,0.0,0.0,07
201400017302,14,5,25,2015,1,1,1,1.0,1,07204,M,0.0,0.0,07
201400017303,14,9,18,1630,1,2,1,2.0,6,07064,M,0.0,0.0,07
201400017304,14,10,30,45,3,1,1,1.0,6,07204,M,0.0,0.0,07
201400017305,14,1,21,1000,1,1,1,7.0,6,16119,M,4555429.0,26372.0,16
201400017306,14,2,21,845,1,1,1,1.0,5,16175,M,4553837.0,-4503.0,16
201400017307,14,6,15,1720,1,2,1,1.0,1,16338,M,4551141.0,-13785.0,16
201400017308,14,1,1,215,3,2,1,2.0,6,16167,M,4568150.0,-17216.0,16
201400017309,14,5,17,1930,1,1,1,1.0,7,16148,M,4579228.0,1231.0,16
201400017310,14,6,21,1130,3,1,1,1.0,3,16167,M,4568698.0,-15155.0,16
201400017311,14,6,23,1600,1,2,1,1.0,7,16167,M,4568068.0,-15725.0,16
201400017312,14,8,27,1715,1,1,2,1.0,3,16369,M,4573974.0,-18901.0,16
201400017313,14,3,9,1545,1,1,1,1.0,5,16393,M,4574247.0,13136.0,16
201400017314,14,5,10,1030,1,2,1,1.0,6,16206,M,4587488.0,17885.0,16
201400017315,14,8,18,1015,1,2,1,1.0,1,16140,M,4588140.0,18300.0,16
201400017316,14,10,10,730,2,1,1,5.0,5,16210,M,4571582.0,7420.0,16
201400017317,14,4,18,1145,1,2,1,1.0,1,16292,M,4502249.0,19236.0,16
201400017318,14,3,16,1330,1,1,1,1.0,6,36086,M,4703800.0,142576.0,36
201400017319,14,6,15,1600,1,2,1,1.0,6,36149,M,4694170.0,131575.0,36
201400017320,14,8,28,1900,1,1,1,1.0,6,36188,M,4702170.0,112132.0,36
201400017321,14,8,31,1830,1,1,1,1.0,3,36088,M,4693890.0,202679.0,36
201400017322,14,1,14,1145,1,1,2,1.0,3,36143,M,4663070.0,194432.0,36
201400017323,14,1,19,700,2,1,1,1.0,7,36109,M,4654220.0,198710.0,36
201400017324,14,4,4,1815,1,1,1,2.0,1,36091,M,4658140.0,204022.0,36
201400017325,14,6,9,1815,1,1,1,1.0,7,36208,M,4652460.0,206771.0,36
201400017326,14,7,3,1830,1,2,2,1.0,3,36091,M,4658410.0,202385.0,36
201400017327,14,8,26,1745,2,1,1,2.0,6,36240,M,4642730.0,215916.0,36
201400017328,14,9,8,1900,1,2,1,1.0,2,36046,M,4657930.0,198760.0,36
201400017329,14,11,10,1800,5,2,1,1.0,6,36046,M,4658310.0,198467.0,36
201400017330,14,12,23,815,2,1,1,9.0,6,36126,M,4648960.0,176465.0,36
201400017331,14,1,28,1330,1,1,1,1.0,6,36078,M,4658160.0,187820.0,36
201400017332,14,1,26,200,5,1,6,1.0,7,36172,M,4664030.0,139772.0,36
201400017333,14,2,17,1130,1,2,3,1.0,3,36161,M,4662660.0,149010.0,36
201400017334,14,3,1,1215,1,1,2,1.0,3,36042,M,4667900.0,150032.0,36
201400017335,14,3,7,1415,1,1,3,1.0,3,36219,M,4665030.0,156317.0,36
201400017336,14,3,14,1330,1,1,1,1.0,1,36032,M,4654400.0,155580.0,36
201400017337,14,6,8,1030,1,2,3,1.0,6,36134,M,4635350.0,142359.0,36
201400017338,14,8,9,1330,1,1,1,1.0,6,36033,M,4654680.0,149660.0,36
201400017339,14,11,20,1730,5,2,1,1.0,6,36231,M,4668670.0,164677.0,36
201400017340,14,11,27,1615,1,2,1,1.0,6,36006,M,,,36
201400017341,14,7,9,1,5,1,1,2.0,6,10430,M,4863374.0,411215.0,10
201400017342,14,11,29,2115,3,1,1,1.0,2,10006,M,4851900.0,414300.0,10
201400017343,14,1,22,1215,1,1,3,1.0,3,10133,M,0.0,0.0,10
201400017344,14,6,21,240,3,2,1,1.0,6,10040,M,4799510.0,400036.0,10
201400017345,14,6,29,2230,2,1,1,1.0,6,10140,M,4809767.0,386450.0,10
201400017346,14,7,4,1800,1,2,1,1.0,6,10395,M,4802656.0,402704.0,10
201400017347,14,8,16,1030,1,1,1,1.0,7,10371,M,4816352.0,394193.0,10
201400017348,14,8,27,1745,1,1,1,1.0,7,10051,M,4818417.0,398489.0,10
201400017349,14,9,30,845,1,1,1,1.0,6,10331,M,4814197.0,417831.0,10
201400017350,14,12,20,945,1,1,1,1.0,6,10328,M,4835800.0,426100.0,10
201400017351,14,1,12,1600,1,1,1,1.0,6,10401,M,0.0,0.0,10
201400017352,14,9,10,1545,1,2,1,1.0,2,10033,M,4823771.0,470101.0,10
201400017353,14,2,2,645,3,1,1,9.0,6,10158,M,4814800.0,427500.0,10
201400017354,14,2,3,1845,2,1,1,1.0,7,10418,M,4808832.0,430401.0,10
201400017355,14,2,13,2100,5,2,1,1.0,6,10034,M,4811500.0,437900.0,10
201400017356,14,2,18,2145,3,1,1,1.0,6,10055,M,4813000.0,436500.0,10
201400017357,14,4,21,1745,1,1,1,2.0,1,10158,M,4814309.0,427946.0,10
201400017358,14,7,20,945,1,1,1,2.0,6,10155,M,4808645.0,459629.0,10
201400017359,14,8,26,1500,1,1,1,6.0,7,10296,M,4804815.0,437435.0,10
201400017360,14,9,4,600,2,1,1,1.0,6,10055,M,4812930.0,434136.0,10
201400017361,14,1,17,1800,2,1,4,1.0,3,10054,M,4838900.0,361200.0,10
201400017362,14,3,30,600,3,2,1,1.0,6,10280,M,4849000.0,373200.0,10
201400017363,14,3,27,1845,1,1,1,1.0,6,10280,M,4846000.0,370700.0,10
201400017364,14,4,24,1445,1,2,6,1.0,1,10323,M,4851200.0,374600.0,10
201400017365,14,5,4,945,1,1,4,7.0,3,10341,M,4851232.0,368342.0,10
201400017366,14,5,23,730,1,2,2,1.0,3,10280,M,4848341.0,373024.0,10
201400017367,14,6,30,1700,1,2,1,1.0,6,10323,M,4850615.0,375136.0,10
201400017368,14,7,15,1800,1,1,1,1.0,1,10220,M,4850400.0,381700.0,10
201400017369,14,7,16,1230,1,1,1,1.0,1,10353,M,4844200.0,391100.0,10
201400017370,14,7,22,615,2,1,1,1.0,7,10089,M,4850300.0,384000.0,10
201400017371,14,7,24,1430,1,1,1,1.0,7,10347,M,4845200.0,363500.0,10
201400017372,14,9,2,2000,5,2,1,1.0,6,10341,M,4851721.0,365830.0,10
201400017373,14,9,14,845,1,1,1,1.0,6,10368,M,4842000.0,393200.0,10
201400017374,14,10,5,900,1,2,2,2.0,1,10280,M,4848700.0,373100.0,10
201400017375,14,12,19,2000,5,2,1,8.0,7,10323,M,4852300.0,372700.0,10
201400017376,14,12,24,1800,5,1,1,2.0,1,10323,M,4852973.0,373896.0,10
201400017377,14,6,7,1000,1,2,3,1.0,3,43111,M,,,43
201400017378,14,3,16,1430,1,1,6,1.0,3,43190,M,4503860.0,397007.0,43
201400017379,14,6,29,1335,1,1,1,1.0,3,43150,M,4510570.0,407247.0,43
201400017380,14,9,9,1340,1,1,1,2.0,6,43061,M,4507450.0,396441.0,43
201400017381,14,12,21,1415,1,1,1,1.0,6,43216,M,4511500.0,381858.0,43
201400017382,14,1,31,1400,1,1,1,1.0,7,43234,M,4496570.0,354250.0,43
201400017383,14,4,2,1045,1,2,3,1.0,2,43185,M,4539200.0,332704.0,43
201400017384,14,7,20,130,3,1,1,1.0,6,43121,M,,,43
201400017385,14,12,31,2300,5,1,1,1.0,1,43025,M,4527040.0,411365.0,43
201400017386,14,9,29,845,1,2,7,1.0,6,43268,M,,,43
201400017387,14,7,19,930,1,1,3,1.0,1,43268,M,4514320.0,414093.0,43
201400017388,14,9,24,1500,1,1,1,8.0,6,43203,M,4516690.0,405990.0,43
201400017389,14,12,14,1145,1,1,1,8.0,6,43025,M,4526310.0,410529.0,43
201400017390,14,3,3,1245,1,1,1,1.0,6,43223,M,4527200.0,433651.0,43
201400017391,14,5,7,845,1,1,1,2.0,6,43227,M,4530200.0,431568.0,43
201400017392,14,8,19,1000,1,1,1,1.0,1,43213,M,4525650.0,427571.0,43
201400017393,14,8,28,1545,1,2,2,1.0,1,43224,M,4524370.0,423557.0,43
201400017394,14,11,24,1545,1,2,1,8.0,1,43177,M,4530350.0,427666.0,43
201400017395,14,6,22,1645,1,1,1,1.0,6,43142,M,4516500.0,436791.0,43
201400017396,14,10,13,930,1,1,1,1.0,6,43051,M,4505510.0,428658.0,43
201400017397,14,10,21,2115,3,1,1,1.0,1,43159,M,4517190.0,428572.0,43
201400017398,14,11,9,1830,2,1,1,2.0,3,43244,M,4510370.0,430029.0,43
201400017399,14,12,3,815,1,1,1,4.0,6,43142,M,4516120.0,430693.0,43
201400017400,14,1,8,900,1,2,1,1.0,6,18023,M,4708088.0,272795.0,18
201400017401,14,3,16,945,1,1,1,1.0,6,18118,M,4704900.0,298600.0,18
201400017402,14,3,18,2100,3,1,1,1.0,3,18018,M,4704100.0,260100.0,18
201400017403,14,3,30,1630,1,1,1,1.0,1,18139,M,0.0,0.0,18
201400017404,14,4,7,615,2,1,1,1.0,7,18053,M,4715600.0,285800.0,18
201400017405,14,6,1,430,5,2,1,1.0,6,18049,M,0.0,0.0,18
201400017406,14,6,17,845,1,1,1,1.0,7,18118,M,4705000.0,299700.0,18
201400017407,14,6,18,415,3,1,1,1.0,7,18174,M,0.0,0.0,18
201400017408,14,8,14,900,1,2,3,1.0,6,18077,M,4711681.0,282472.0,18
201400017409,14,8,31,1730,1,1,1,7.0,3,18035,M,0.0,0.0,18
201400017410,14,9,12,1930,2,1,2,1.0,3,18265,M,4698767.0,300187.0,18
201400017411,14,11,10,1645,1,2,1,1.0,6,18240,M,4715500.0,291400.0,18
201400017412,14,12,12,1845,5,2,1,1.0,1,18118,M,4706112.0,301616.0,18
201400017413,14,12,21,515,3,1,1,1.0,6,18184,M,4712132.0,293076.0,18
201400017414,14,1,8,2030,3,1,1,1.0,6,18162,M,0.0,0.0,18
201400017415,14,2,7,1145,1,1,1,6.0,3,18151,M,4726071.0,269976.0,18
201400017416,14,4,10,200,3,1,1,2.0,6,18151,M,0.0,0.0,18
201400017417,14,4,12,1945,1,1,1,1.0,2,18194,M,4718798.0,261048.0,18
201400017418,14,5,10,930,1,1,1,1.0,1,18194,M,0.0,0.0,18
201400017419,14,5,14,1100,1,1,1,1.0,1,18223,M,0.0,0.0,18
201400017420,14,5,18,1210,1,1,2,9.0,3,18226,M,4715667.0,249451.0,18
201400017421,14,7,6,1815,1,1,1,2.0,6,18109,M,0.0,0.0,18
201400017422,14,7,19,1800,1,1,4,4.0,3,18051,M,4735261.0,260944.0,18
201400017423,14,8,5,815,1,1,1,1.0,7,18235,M,0.0,0.0,18
201400017424,14,8,26,2230,3,2,1,1.0,6,18156,M,0.0,0.0,18
201400017425,14,9,15,730,2,1,1,1.0,6,18004,M,0.0,0.0,18
201400017426,14,10,4,1015,1,1,1,2.0,6,18145,M,4722545.0,250027.0,18
201400017427,14,12,18,1200,1,1,4,2.0,3,18051,M,4735258.0,260936.0,18
201400017428,14,12,19,945,1,1,1,2.0,6,18226,M,0.0,0.0,18
201400017429,14,1,11,1530,1,2,1,1.0,1,18197,M,4672115.0,251860.0,18
201400017430,14,1,17,1730,1,2,3,1.0,3,18197,M,4672413.0,249894.0,18
201400017431,14,1,23,15,3,1,1,2.0,6,18086,M,4670100.0,252500.0,18
201400017432,14,2,20,1945,3,1,3,2.0,3,18197,M,4671023.0,253790.0,18
201400017433,14,3,21,1100,1,2,1,1.0,6,18197,M,4673490.0,249187.0,18
201400017434,14,5,14,1945,1,1,1,1.0,7,18038,M,4677304.0,242774.0,18
201400017435,14,6,1,1815,1,1,1,1.0,6,18136,M,4668720.0,238718.0,18
201400017436,14,8,29,1530,1,2,1,1.0,7,18038,M,4676808.0,243330.0,18
201400017437,14,10,30,1345,1,2,1,1.0,6,18197,M,4672519.0,249560.0,18
201400017438,14,12,22,2245,5,2,2,5.0,3,18197,M,4672853.0,250882.0,18
201400017439,14,7,10,915,1,1,1,2.0,6,18089,M,0.0,0.0,18
201400017440,14,8,30,915,1,1,1,1.0,6,18057,M,0.0,0.0,18
201400017441,14,12,24,1245,1,1,2,8.0,4,18112,M,0.0,0.0,18
201400017442,14,5,8,2000,2,1,2,1.0,3,18008,M,4695500.0,234890.0,18
201400017443,14,7,25,2215,3,1,1,1.0,7,18058,M,4689000.0,234000.0,18
201400017444,14,3,3,1830,2,2,1,1.0,1,18062,M,4698229.0,298880.0,18
201400017445,14,3,5,1745,1,1,1,1.0,6,18275,M,4687000.0,289100.0,18
201400017446,14,3,16,1045,1,2,1,1.0,2,18108,M,0.0,0.0,18
201400017447,14,7,25,1130,1,1,1,1.0,6,18155,M,0.0,0.0,18
201400017448,14,8,30,1745,1,1,1,1.0,6,18048,M,4690800.0,294800.0,18
201400017449,14,10,9,715,3,1,1,3.0,7,18113,M,0.0,0.0,18
201400017450,14,2,2,1400,1,2,1,1.0,6,18067,M,4756997.0,230525.0,18
201400017451,14,4,25,1030,1,2,1,8.0,6,18030,M,4754100.0,253000.0,18
201400017452,14,5,18,1515,1,1,1,1.0,1,18011,M,0.0,0.0,18
201400017453,14,6,30,1145,1,2,1,1.0,6,18165,M,4732000.0,225600.0,18
201400017454,14,9,24,730,2,1,2,1.0,3,18159,M,4732035.0,218315.0,18
201400017455,14,11,9,2030,3,1,1,2.0,6,18165,M,4729900.0,227700.0,18
201400017456,14,11,21,1045,1,1,1,1.0,1,18219,M,0.0,0.0,18
201400017457,14,2,17,845,1,2,1,7.0,6,18138,M,4710203.0,227851.0,18
201400017458,14,3,9,1015,1,2,3,1.0,3,18141,M,4713027.0,221103.0,18
201400017459,14,3,21,15,3,1,1,1.0,6,18028,M,0.0,0.0,18
201400017460,14,4,2,345,3,1,1,1.0,7,18103,M,0.0,0.0,18
201400017461,14,4,8,2130,3,1,1,1.0,1,18128,M,0.0,0.0,18
201400017462,14,5,16,1900,1,2,6,1.0,3,18281,M,0.0,0.0,18
201400017463,14,5,21,1500,1,1,2,1.0,3,18138,M,0.0,0.0,18
201400017464,14,7,21,1530,1,2,1,1.0,6,18141,M,4714454.0,221597.0,18
201400017465,14,7,30,1830,1,1,1,1.0,3,18237,M,4706900.0,219290.0,18
201400017466,14,8,8,1600,1,1,2,1.0,6,18281,M,4719470.0,221426.0,18
201400017467,14,9,27,1415,1,2,1,1.0,1,18190,M,0.0,0.0,18
201400017468,14,11,4,1745,3,1,1,1.0,6,18210,M,0.0,0.0,18
201400017469,14,11,18,715,2,2,1,3.0,6,18141,M,0.0,0.0,18