Num_Acc,an,mois,jour,hrmn,lum,agg,int,atm,col,com,gps,lat,long,dep
201400017470,14,11,26,1715,2,2,1,1.0,1,18237,M,4708080.0,219810.0,18
201400017471,14,3,8,715,1,1,1,1.0,6,73050,M,4568130.0,585090.0,73
201400017472,14,5,17,1600,1,1,1,1.0,3,73127,M,4560260.0,569000.0,73
201400017473,14,5,31,1100,1,1,1,1.0,5,73039,M,4556830.0,566510.0,73
201400017474,14,6,22,1015,1,2,3,1.0,2,73219,M,4555790.0,578900.0,73
201400017475,14,9,23,345,3,1,1,1.0,1,73229,M,4545590.0,578710.0,73
201400017476,14,11,21,400,3,1,1,1.0,7,73282,M,4548900.0,583540.0,73
201400017477,14,2,8,2220,5,1,4,1.0,3,73084,M,4551140.0,600670.0,73
201400017478,14,8,2,1740,1,2,1,1.0,2,73151,M,4550030.0,600030.0,73
201400017479,14,10,23,900,1,1,1,1.0,6,73247,M,4554300.0,613920.0,73
201400017480,14,1,31,1930,5,2,3,1.0,3,73188,M,4562680.0,634190.0,73
201400017481,14,5,19,1900,1,1,1,1.0,6,73283,M,4561960.0,630680.0,73
201400017482,14,6,22,1145,1,1,1,1.0,7,73303,M,4579450.0,648440.0,73
201400017483,14,8,13,1815,1,2,1,1.0,1,73129,M,0.0,0.0,73
201400017484,14,2,25,830,1,1,1,1.0,1,73248,M,4526820.0,632790.0,73
201400017485,14,5,5,1815,1,1,1,1.0,2,64511,M,0.0,0.0,64
201400017486,14,9,23,2200,5,1,1,1.0,6,64037,M,4334300.0,-50900.0,64
201400017487,14,1,18,1500,1,1,1,2.0,1,64216,M,0.0,0.0,64
201400017488,14,1,30,730,5,2,1,3.0,6,64405,M,4335000.0,-26200.0,64
201400017489,14,2,12,1,3,1,1,2.0,6,64152,M,0.0,0.0,64
201400017490,14,4,16,1715,1,1,1,1.0,7,64210,M,0.0,0.0,64
201400017491,14,7,22,1215,1,1,6,1.0,2,64405,M,0.0,0.0,64
201400017492,14,9,6,1900,1,1,1,1.0,3,64238,M,0.0,0.0,64
201400017493,14,9,22,900,1,2,6,1.0,3,64405,M,4335500.0,-25500.0,64
201400017494,14,11,19,1900,3,1,1,1.0,6,64059,M,4328300.0,-23200.0,64
201400017495,14,12,12,1800,3,2,1,1.0,4,64419,M,0.0,0.0,64
201400017496,14,1,1,400,3,1,1,1.0,6,64068,M,0.0,0.0,64
201400017497,14,1,12,1530,1,1,1,1.0,7,64400,M,4314500.0,-20800.0,64
201400017498,14,6,27,2000,1,1,1,1.0,6,64536,M,0.0,0.0,64
201400017499,14,7,1,1600,1,2,1,1.0,3,64321,M,4343800.0,-29700.0,64
201400017500,14,7,12,1120,1,1,1,1.0,1,64063,M,0.0,0.0,64
201400017501,14,2,12,1900,3,1,1,1.0,6,64256,M,0.0,0.0,64
201400017502,14,4,1,2245,3,1,1,1.0,6,64377,M,0.0,0.0,64
201400017503,14,10,16,1315,1,1,1,1.0,6,64094,M,0.0,0.0,64
201400017504,14,7,8,1100,1,1,1,2.0,5,64317,M,4338100.0,-143400.0,64
201400017505,14,10,17,1130,1,2,1,1.0,3,64188,M,4323700.0,-86600.0,64
201400017506,14,9,29,845,1,1,1,1.0,1,64175,M,4308500.0,-41700.0,64
201400017507,14,10,23,1630,1,1,1,1.0,7,64320,M,4282600.0,-39600.0,64
201400017508,14,12,5,1115,1,1,1,4.0,7,64320,M,4282600.0,-40500.0,64
201400017509,14,3,29,1500,1,1,1,1.0,6,64393,M,4332500.0,-59600.0,64
201400017510,14,5,10,1245,1,1,1,1.0,5,64149,M,0.0,0.0,64
201400017511,14,9,1,1645,1,1,1,1.0,1,64306,M,4334300.0,-59600.0,64
201400017512,14,10,17,1400,1,1,1,1.0,3,64178,M,4334100.0,-77900.0,64
201400017513,14,11,29,1245,1,1,1,1.0,1,64459,M,4328400.0,-72100.0,64
201400017514,14,3,10,2030,5,2,1,1.0,7,64108,M,0.0,0.0,64
201400017515,14,7,20,1545,1,2,1,1.0,6,45146,M,4770258.0,193024.0,45
201400017516,14,2,10,745,2,2,1,2.0,6,45272,M,4781051.0,195282.0,45
201400017517,14,3,11,1830,2,2,1,1.0,3,45324,M,4779989.0,219672.0,45
201400017518,14,6,25,1130,1,1,2,1.0,3,45173,M,4784767.0,213554.0,45
201400017519,14,6,27,1345,1,2,1,1.0,3,45311,M,4783605.0,222521.0,45
201400017520,14,9,17,745,1,2,2,1.0,3,45193,M,4776451.0,202095.0,45
201400017521,14,10,18,1800,1,1,1,1.0,3,45272,M,4781681.0,197277.0,45
201400017522,14,6,8,2030,1,1,1,1.0,6,45040,M,4757927.0,280973.0,45
201400017523,14,11,12,1515,1,1,1,1.0,1,45323,M,0.0,0.0,45
201400017524,14,6,21,1430,1,1,1,1.0,6,45149,M,4808946.0,301645.0,45
201400017525,14,7,6,1200,1,1,1,2.0,1,45265,M,4810532.0,294868.0,45
201400017526,14,11,12,1045,1,2,1,1.0,7,45097,M,0.0,0.0,45
201400017527,14,2,27,1300,1,2,3,2.0,3,45347,M,4808271.0,223287.0,45
201400017528,14,3,16,1715,1,1,1,1.0,6,45111,M,4805389.0,221948.0,45
201400017529,14,9,15,915,1,1,1,7.0,1,45224,M,4808962.0,203987.0,45
201400017530,14,9,27,1915,1,1,2,1.0,3,45240,M,4823316.0,207665.0,45
201400017531,14,11,23,1800,5,2,1,8.0,1,45088,M,4816972.0,197909.0,45
201400017532,14,12,9,545,3,1,1,9.0,6,45072,M,4799574.0,194289.0,45
201400017533,14,1,18,1915,5,2,1,1.0,1,60646,M,0.0,0.0,60
201400017534,14,4,4,1745,1,1,1,1.0,7,60230,M,0.0,0.0,60
201400017535,14,2,9,715,2,1,1,1.0,1,60681,M,0.0,0.0,60
201400017536,14,2,12,915,1,1,1,1.0,7,60516,M,0.0,0.0,60
201400017537,14,3,6,1145,1,1,1,7.0,6,60319,M,0.0,0.0,60
201400017538,14,3,21,830,1,1,1,2.0,6,60516,M,0.0,0.0,60
201400017539,14,8,12,930,1,1,1,1.0,1,60235,M,0.0,0.0,60
201400017540,14,9,25,730,2,1,1,5.0,3,60029,M,0.0,0.0,60
201400017541,14,10,3,1215,1,1,1,1.0,6,60660,M,0.0,0.0,60
201400017542,14,1,14,50,5,2,1,8.0,6,60590,M,0.0,0.0,60
201400017543,14,2,23,630,2,1,1,9.0,6,60387,M,0.0,0.0,60
201400017544,14,3,1,1430,1,1,1,1.0,7,60435,M,0.0,0.0,60
201400017545,14,3,9,1545,1,1,6,7.0,7,60387,M,0.0,0.0,60
201400017546,14,3,11,1615,1,1,1,1.0,1,60286,M,0.0,0.0,60
201400017547,14,4,10,1200,1,2,1,1.0,6,60387,M,0.0,0.0,60
201400017548,14,5,4,930,1,1,2,1.0,1,60388,M,0.0,0.0,60
201400017549,14,6,24,745,1,1,3,1.0,1,60110,M,0.0,0.0,60
201400017550,14,6,27,2030,1,1,2,1.0,3,60004,M,0.0,0.0,60
201400017551,14,9,12,1915,2,1,1,7.0,6,60271,M,0.0,0.0,60
201400017552,14,10,2,300,5,1,1,1.0,6,60566,M,0.0,0.0,60
201400017553,14,9,21,2215,3,1,1,1.0,6,60245,M,0.0,0.0,60
201400017554,14,10,24,1945,3,1,1,2.0,3,60521,M,0.0,0.0,60
201400017555,14,11,3,1645,1,1,1,3.0,1,60521,M,0.0,0.0,60
201400017556,14,12,1,800,1,1,1,1.0,1,60605,M,0.0,0.0,60
201400017557,14,12,9,1845,5,2,1,1.0,6,60590,M,0.0,0.0,60
201400017558,14,12,16,800,2,1,1,5.0,5,60286,M,0.0,0.0,60
201400017559,14,12,19,800,3,1,1,2.0,1,60136,M,0.0,0.0,60
201400017560,14,1,3,745,2,1,1,1.0,1,60513,M,0.0,0.0,60
201400017561,14,2,11,745,2,2,1,1.0,3,60601,M,0.0,0.0,60
201400017562,14,3,5,900,1,2,1,1.0,3,60686,M,0.0,0.0,60
201400017563,14,3,11,1600,1,2,1,1.0,3,60584,M,0.0,0.0,60
201400017564,14,5,1,1100,1,2,3,2.0,6,60686,M,0.0,0.0,60
201400017565,14,5,13,1200,1,1,1,1.0,6,60686,M,0.0,0.0,60
201400017566,14,2,18,1715,1,1,2,1.0,3,60253,M,0.0,0.0,60
201400017567,14,12,19,2130,5,1,1,1.0,6,60627,M,0.0,0.0,60
201400017568,14,3,1,1415,1,1,2,1.0,3,60133,M,0.0,0.0,60
201400017569,14,3,1,1800,2,1,1,1.0,1,60581,M,0.0,0.0,60
201400017570,14,8,18,2015,1,1,2,1.0,3,60177,M,4946300.0,256600.0,60
201400017571,14,10,3,1415,1,2,2,1.0,5,60522,M,4955900.0,242600.0,60
201400017572,14,10,19,1830,2,2,2,1.0,1,60581,M,4951000.0,243000.0,60
201400017573,14,10,27,1800,2,2,1,1.0,6,60581,M,4951300.0,243500.0,60
201400017574,14,11,14,1815,5,2,2,2.0,3,60581,M,0.0,0.0,60
201400017575,14,11,24,1445,2,1,1,1.0,1,60526,M,0.0,0.0,60
201400017576,14,3,21,2100,5,2,1,1.0,1,60188,M,0.0,0.0,60
201400017577,14,4,30,200,5,2,1,8.0,6,60119,M,0.0,0.0,60
201400017578,14,5,1,1145,1,2,1,2.0,6,60188,M,0.0,0.0,60
201400017579,14,5,5,1215,1,1,2,1.0,3,60025,M,0.0,0.0,60
201400017580,14,6,15,2015,1,2,1,1.0,6,60032,M,0.0,0.0,60
201400017581,14,7,26,1245,1,2,1,1.0,7,60119,M,0.0,0.0,60
201400017582,14,8,20,1130,1,1,1,7.0,3,60438,M,0.0,0.0,60
201400017583,14,9,14,1115,1,2,1,1.0,7,60156,M,0.0,0.0,60
201400017584,14,10,17,1845,5,2,6,3.0,5,60392,M,0.0,0.0,60
201400017585,14,12,8,800,2,1,1,9.0,1,60537,M,0.0,0.0,60
201400017586,14,12,31,1815,5,2,1,1.0,1,60119,M,0.0,0.0,60
201400017587,14,7,16,1530,1,1,1,1.0,1,60021,M,0.0,0.0,60
201400017588,14,7,25,130,3,2,1,1.0,6,60181,M,0.0,0.0,60
201400017589,14,8,7,545,2,2,1,2.0,1,60278,M,0.0,0.0,60
201400017590,14,8,19,2100,1,2,1,1.0,6,60471,M,0.0,0.0,60
201400017591,14,9,7,2045,4,2,1,1.0,2,60507,M,0.0,0.0,60
201400017592,14,10,5,645,2,2,1,1.0,6,60471,M,0.0,0.0,60
201400017593,14,10,27,1700,1,2,1,7.0,6,60558,M,0.0,0.0,60
201400017594,14,11,21,1700,2,2,1,1.0,6,60471,M,0.0,0.0,60
201400017595,14,1,12,1830,3,1,1,1.0,1,60048,M,0.0,0.0,60
201400017596,14,2,20,815,1,1,2,2.0,3,60254,M,0.0,0.0,60
201400017597,14,2,20,1930,5,2,1,2.0,6,60383,M,0.0,0.0,60
201400017598,14,3,10,800,1,1,4,1.0,2,60160,M,0.0,0.0,60
201400017599,14,4,16,1930,1,1,6,7.0,3,60441,M,0.0,0.0,60
201400017600,14,5,26,700,1,1,1,2.0,1,60386,M,0.0,0.0,60
201400017601,14,8,7,1830,1,1,1,1.0,1,60351,M,0.0,0.0,60
201400017602,14,9,24,1600,1,2,1,1.0,1,60223,M,0.0,0.0,60
201400017603,14,12,16,1230,1,1,1,1.0,1,60281,M,0.0,0.0,60
201400017604,14,2,17,1915,5,2,1,1.0,2,60667,M,0.0,0.0,60
201400017605,14,4,30,730,1,1,1,1.0,6,60560,M,0.0,0.0,60
201400017606,14,4,30,1930,2,1,1,1.0,6,60670,M,0.0,0.0,60
201400017607,14,5,14,715,1,2,1,1.0,6,60509,M,0.0,0.0,60
201400017608,14,8,30,1730,1,2,1,1.0,3,60670,M,0.0,0.0,60
201400017609,14,10,14,1900,1,2,9,1.0,6,60068,M,0.0,0.0,60
201400017610,14,12,26,1130,1,2,1,1.0,3,60670,M,0.0,0.0,60
201400017611,14,7,16,1530,1,1,1,1.0,7,09139,M,4261159.0,181924.0,09
201400017612,14,10,19,1545,1,1,1,1.0,4,09032,M,4170650.0,183637.0,09
201400017613,14,10,20,730,2,2,1,1.0,7,09131,M,4276813.0,175577.0,09
201400017614,14,11,1,1145,1,1,1,1.0,7,09189,M,4266350.0,183439.0,09
201400017615,14,7,11,530,2,1,1,1.0,7,09290,M,0.0,0.0,09
201400017616,14,7,21,1745,1,2,1,1.0,2,09261,M,4298935.0,113920.0,09
201400017617,14,7,23,1130,1,2,1,1.0,6,09289,M,0.0,0.0,09
201400017618,14,8,10,1945,2,1,1,3.0,7,09005,M,0.0,0.0,09
201400017619,14,1,9,2115,3,1,1,1.0,7,83025,M,0.0,0.0,83
201400017620,14,3,10,1045,1,1,1,1.0,1,83032,M,0.0,0.0,83
201400017621,14,4,4,1830,1,1,1,1.0,3,83021,M,0.0,0.0,83
201400017622,14,4,9,30,5,2,1,1.0,1,83032,M,0.0,0.0,83
201400017623,14,4,18,2045,3,1,1,1.0,1,83154,M,0.0,0.0,83
201400017624,14,5,16,2315,3,1,1,1.0,1,83135,M,4357100.0,601700.0,83
201400017625,14,5,23,2130,3,1,1,1.0,6,83084,M,0.0,0.0,83
201400017626,14,6,7,1030,1,2,1,1.0,2,83012,M,0.0,0.0,83
201400017627,14,6,25,1015,1,1,1,1.0,3,83051,M,0.0,0.0,83
201400017628,14,7,2,1745,1,2,7,1.0,7,83046,M,4352675.0,615046.0,83
201400017629,14,7,8,1800,1,1,1,1.0,7,83032,M,0.0,0.0,83
201400017630,14,7,23,445,3,1,1,1.0,6,83060,M,0.0,0.0,83
201400017631,14,8,4,2330,3,1,1,1.0,1,83025,M,0.0,0.0,83
201400017632,14,8,10,1200,1,1,1,1.0,1,83032,M,0.0,0.0,83
201400017633,14,8,10,1900,1,1,1,1.0,1,83032,M,0.0,0.0,83
201400017634,14,9,11,2215,3,1,1,1.0,6,83039,M,0.0,0.0,83
201400017635,14,9,24,2000,3,1,1,1.0,1,83095,M,0.0,0.0,83
201400017636,14,9,29,2145,3,2,1,1.0,6,83012,M,0.0,0.0,83
201400017637,14,11,25,1915,5,1,1,3.0,6,83083,M,4347365.0,612333.0,83
201400017638,14,12,13,1215,1,1,1,1.0,7,83039,M,0.0,0.0,83
201400017639,14,7,22,1700,1,1,1,1.0,1,83056,M,0.0,0.0,83
201400017640,14,8,18,2245,3,1,1,1.0,6,83010,M,0.0,0.0,83
201400017641,14,9,10,1430,1,2,1,2.0,6,90009,M,0.0,0.0,90
201400017642,14,10,21,1130,1,1,1,3.0,1,90063,M,0.0,0.0,90
201400017643,14,10,28,1715,2,1,1,2.0,7,90009,M,0.0,0.0,90
201400017644,14,1,15,1900,4,2,1,1.0,6,90072,M,0.0,0.0,90
201400017645,14,3,16,1415,1,2,8,1.0,1,90077,M,0.0,0.0,90
201400017646,14,6,15,1045,1,1,1,1.0,7,90014,M,0.0,0.0,90
201400017647,14,8,9,1115,1,2,1,1.0,4,50601,M,4903750.0,-98137.0,50
201400017648,14,8,13,1430,1,1,1,1.0,1,50032,M,4908150.0,-103304.0,50
201400017649,14,10,8,1130,1,1,3,1.0,3,50538,M,4913830.0,-96276.0,50
201400017650,14,10,22,1445,1,1,1,1.0,6,50325,M,4915970.0,-127789.0,50
201400017651,14,2,21,1345,1,1,1,1.0,1,50074,M,4873290.0,-116769.0,50
201400017652,14,3,27,1500,1,1,2,1.0,1,50074,M,4873270.0,-116766.0,50
201400017653,14,6,21,1030,1,1,1,1.0,2,50185,M,4884130.0,-129076.0,50
201400017654,14,10,29,800,1,1,1,1.0,1,50121,M,4881210.0,-117155.0,50
201400017655,14,7,14,1700,1,1,3,1.0,3,50397,M,4872120.0,-100991.0,50
201400017656,14,9,24,445,3,1,1,5.0,6,50131,M,4870400.0,-99065.0,50
201400017657,14,10,9,1630,1,1,2,1.0,3,50494,M,4860910.0,-90907.0,50
201400017658,14,6,4,2130,1,1,3,1.0,3,50347,M,4852490.0,-129253.0,50
201400017659,14,1,27,1130,1,2,1,2.0,6,50256,M,4858640.0,-118502.0,50
201400017660,14,3,5,1130,1,1,1,1.0,6,50293,M,4862810.0,-112014.0,50
201400017661,14,4,12,1930,1,2,2,1.0,3,50484,M,4856870.0,-107589.0,50
201400017662,14,4,12,1530,1,1,3,1.0,3,50256,M,4861510.0,-124006.0,50
201400017663,14,5,4,1745,1,1,1,1.0,3,50515,M,4857280.0,-117976.0,50
201400017664,14,6,1,1745,1,2,3,1.0,3,50274,M,4857750.0,-109377.0,50
201400017665,14,6,11,1500,1,1,1,1.0,2,50293,M,4860850.0,-110205.0,50
201400017666,14,6,24,1900,1,2,2,1.0,3,50591,M,4853800.0,-87398.0,50
201400017667,14,7,19,1815,1,1,3,1.0,3,50515,M,4856470.0,-118657.0,50
201400017668,14,7,30,1045,1,2,2,1.0,3,50263,M,4856870.0,-107589.0,50
201400017669,14,9,21,1745,1,1,2,1.0,3,50256,M,4859800.0,-122824.0,50
201400017670,14,10,23,2000,5,1,3,1.0,3,50484,M,4857190.0,-107615.0,50
201400017671,14,12,29,2015,5,2,1,9.0,3,50274,M,4857540.0,-108315.0,50
201400017672,14,1,15,1515,1,2,1,2.0,1,50433,M,4961890.0,-125959.0,50
201400017673,14,3,21,1430,1,1,3,1.0,2,50296,M,4964500.0,-145916.0,50
201400017674,14,7,11,1700,1,2,1,1.0,6,50615,M,4950990.0,-146943.0,50
201400017675,14,12,18,945,1,1,3,2.0,3,50395,M,4961020.0,-129270.0,50
201400017676,14,3,1,1430,1,1,1,1.0,3,50503,M,4932090.0,-166946.0,50
201400017677,14,9,11,1730,1,1,1,7.0,1,50604,M,4955540.0,-185374.0,50
201400017678,14,12,9,645,3,1,1,1.0,3,50646,M,4945020.0,-168368.0,50
201400017679,14,5,5,1045,1,1,1,1.0,2,50400,M,4937100.0,-138972.0,50
201400017680,14,5,17,1615,1,1,1,1.0,6,50341,M,4949970.0,-138518.0,50
201400017681,14,10,4,30,3,1,1,1.0,6,50186,M,4947080.0,-145015.0,50
201400017682,14,10,30,2200,3,1,2,1.0,3,50341,M,4950800.0,-137001.0,50
201400017683,14,11,1,1900,3,1,1,1.0,1,50191,M,4943670.0,-125932.0,50
201400017684,14,11,10,1530,1,1,1,1.0,1,50370,M,4940810.0,-156647.0,50
201400017685,14,12,5,2015,3,1,1,2.0,1,50509,M,4940050.0,-119972.0,50
201400017686,14,1,26,1715,1,1,1,8.0,6,50111,M,4903180.0,-124889.0,50
201400017687,14,2,6,2000,3,1,1,3.0,6,50061,M,4908270.0,-153825.0,50
201400017688,14,4,8,745,1,1,2,2.0,3,50388,M,4900140.0,-144294.0,50
201400017689,14,10,24,1130,1,1,3,1.0,3,50003,M,4906360.0,-159788.0,50
201400017690,14,11,14,1000,1,2,1,7.0,6,50215,M,4909470.0,-158686.0,50
201400017691,14,11,14,1900,4,1,1,1.0,5,50044,M,4907380.0,-135160.0,50
201400017692,14,4,6,1545,1,1,1,1.0,1,50228,M,4895170.0,-127307.0,50
201400017693,14,7,16,1130,1,2,6,1.0,1,50076,M,4889810.0,-151143.0,50
201400017694,14,4,30,1700,1,2,2,1.0,3,50403,M,4918070.0,-157336.0,50
201400017695,14,4,2,1745,1,2,1,1.0,6,05050,M,4446491.0,622999.0,05
201400017696,14,10,24,2200,3,1,1,1.0,7,05039,M,4475882.0,600797.0,05
201400017697,14,7,14,1600,1,1,1,1.0,1,05040,M,4453030.0,632206.0,05
201400017698,14,6,11,1215,1,2,9,7.0,2,05164,M,4452635.0,640145.0,05
201400017699,14,12,8,1815,1,1,1,1.0,5,05045,M,4453375.0,646398.0,05
201400017700,14,6,22,700,1,2,1,1.0,6,14288,M,4925190.0,-48674.0,14
201400017701,14,3,24,1645,1,2,1,1.0,6,14605,M,4935910.0,-88102.0,14
201400017702,14,3,29,1715,1,2,2,1.0,3,14614,M,4922650.0,-105009.0,14
201400017703,14,8,6,1145,1,2,6,8.0,7,14480,M,4932220.0,-109222.0,14
201400017704,14,10,10,715,2,2,6,1.0,3,14370,M,4924270.0,-87284.0,14
201400017705,14,10,11,2100,3,1,1,1.0,7,14763,M,,,14
201400017706,14,10,12,1815,1,1,1,2.0,6,14035,M,4918030.0,-82410.0,14
201400017707,14,1,22,1815,4,2,7,1.0,2,14676,M,4929370.0,-64819.0,14
201400017708,14,3,18,1145,1,2,1,1.0,6,14191,M,4933200.0,-45798.0,14
201400017709,14,6,2,2000,1,2,4,1.0,1,14515,M,4934620.0,-77351.0,14
201400017710,14,12,31,1815,3,1,2,1.0,3,14200,M,0.0,0.0,14
201400017711,14,4,11,1705,1,1,2,1.0,2,14692,M,4915890.0,-63255.0,14
201400017712,14,7,14,1220,1,2,1,1.0,6,14372,M,4910290.0,-79328.0,14
201400017713,14,11,30,1645,2,1,1,1.0,2,14449,M,4912270.0,-62847.0,14
201400017714,14,1,12,430,3,1,1,1.0,6,14578,M,4936400.0,15254.0,14
201400017715,14,1,31,630,3,1,1,8.0,6,14085,M,4928450.0,34823.0,14
201400017716,14,5,26,2205,3,1,2,2.0,3,14578,M,4935530.0,17072.0,14
201400017717,14,11,12,1630,1,2,1,1.0,1,14077,M,4924880.0,27235.0,14
201400017718,14,1,30,900,1,1,1,1.0,6,14070,M,4919500.0,-5579.0,14
201400017719,14,3,8,1530,1,1,1,1.0,6,14126,M,4914240.0,6038.0,14
201400017720,14,4,10,2130,5,1,2,1.0,1,14723,M,4923510.0,9681.0,14
201400017721,14,6,2,1400,1,1,1,1.0,1,14045,M,4920890.0,-11733.0,14
201400017722,14,6,22,1100,1,2,9,1.0,2,14016,M,4925370.0,5671.0,14
201400017723,14,9,17,430,5,2,1,1.0,6,14016,M,4925330.0,5727.0,14
201400017724,14,2,28,915,1,1,3,7.0,3,14045,M,4920030.0,-12981.0,14
201400017725,14,2,4,1300,1,1,1,6.0,7,14005,M,4908440.0,-15114.0,14
201400017726,14,6,24,2110,5,2,1,1.0,7,14020,M,4914180.0,-16375.0,14
201400017727,14,6,26,1115,1,1,1,1.0,7,14637,M,4917240.0,-11311.0,14
201400017728,14,8,21,1830,1,2,1,1.0,6,14408,M,4909610.0,-37160.0,14
201400017729,14,9,3,745,1,1,1,5.0,1,14090,M,4907090.0,-38985.0,14
201400017730,14,9,19,1040,1,1,2,1.0,3,14116,M,4903720.0,-16794.0,14
201400017731,14,10,1,1515,1,1,2,1.0,2,14556,M,4912850.0,-37712.0,14
201400017732,14,10,1,2200,3,1,1,3.0,3,14287,M,4913830.0,-23743.0,14
201400017733,14,10,17,1650,1,1,1,1.0,6,14057,M,4913180.0,-20314.0,14
201400017734,14,10,18,2330,3,1,1,1.0,3,14020,M,4911910.0,-18072.0,14
201400017735,14,3,15,1500,1,1,1,1.0,6,14213,M,,,14
201400017736,14,7,21,2230,3,1,1,1.0,7,14427,M,4885130.0,-38044.0,14
201400017737,14,1,7,1900,3,1,1,1.0,3,14326,M,4916310.0,27540.0,14
201400017738,14,3,29,1415,1,2,1,1.0,1,14154,M,4906790.0,33075.0,14
201400017739,14,5,25,345,3,1,1,1.0,6,14270,M,,,14
201400017740,14,6,1,115,3,1,1,1.0,6,14293,M,4915740.0,37857.0,14
201400017741,14,6,8,1715,1,1,2,1.0,3,14478,M,4901710.0,40506.0,14
201400017742,14,7,2,1100,1,2,1,1.0,2,14460,M,4919470.0,36006.0,14
201400017743,14,9,13,1200,1,1,1,1.0,3,14326,M,,,14
201400017744,14,9,21,1745,1,1,1,1.0,3,14626,M,4907710.0,28848.0,14
201400017745,14,10,28,1115,1,1,1,1.0,3,14504,M,,,14
201400017746,14,12,1,815,2,1,1,1.0,6,14595,M,0.0,0.0,14
201400017747,14,7,15,1515,1,1,1,1.0,1,14189,M,4906200.0,10615.0,14
201400017748,14,7,20,220,3,1,1,1.0,7,14697,M,4897030.0,6846.0,14
201400017749,14,8,22,545,3,2,1,2.0,6,14173,M,,,14
201400017750,14,1,4,1824,5,2,1,2.0,6,14762,M,4884550.0,-89849.0,14
201400017751,14,2,9,1745,1,1,3,8.0,3,14762,M,4884470.0,-91340.0,14
201400017752,14,2,10,1230,1,1,1,8.0,1,14417,M,4886670.0,-96650.0,14
201400017753,14,7,15,1245,1,1,1,1.0,5,14717,M,4879640.0,-80040.0,14
201400017754,14,9,1,1800,1,1,2,7.0,3,14584,M,4881040.0,-92854.0,14
201400017755,14,9,26,1945,5,2,1,1.0,6,14762,M,,,14
201400017756,14,10,27,1845,3,1,1,1.0,5,14584,M,,,14
201400017757,14,3,23,115,3,1,1,2.0,6,14113,M,4885970.0,-81553.0,14
201400017758,14,4,27,1230,1,1,1,2.0,6,14174,M,4886000.0,-53354.0,14
201400017759,14,5,15,600,2,1,1,1.0,6,14521,M,4889050.0,-77476.0,14
201400017760,14,6,9,1945,1,2,1,2.0,7,14662,M,4890860.0,-64243.0,14
201400017761,14,12,24,1145,1,1,1,2.0,1,14521,M,4889200.0,-78300.0,14
201400017762,14,10,3,815,1,2,1,1.0,2,06007,M,0.0,0.0,06
201400017763,14,4,6,300,3,1,1,1.0,6,06148,M,0.0,0.0,06
201400017764,14,8,16,1430,1,1,1,2.0,1,06136,M,0.0,0.0,06
201400017765,14,2,27,745,1,1,1,9.0,1,06163,M,4410300.0,758900.0,06
201400017766,14,8,6,1615,5,2,1,1.0,6,06023,M,4394600.0,751800.0,06
201400017767,14,3,21,1245,1,1,1,1.0,6,06150,M,0.0,0.0,06
201400017768,14,7,13,1015,1,2,1,1.0,2,06059,M,0.0,0.0,06
201400017769,14,8,23,145,5,1,1,1.0,1,06150,M,0.0,0.0,06
201400017770,14,11,24,900,1,1,1,1.0,1,06059,M,0.0,0.0,06
201400017771,14,12,4,800,1,1,1,8.0,2,06150,M,0.0,0.0,06
201400017772,14,10,23,830,1,1,1,1.0,3,06101,M,0.0,0.0,06
201400017773,14,7,27,1100,1,1,1,1.0,6,06120,M,0.0,0.0,06
201400017774,14,8,11,1400,1,1,1,1.0,7,06120,M,0.0,0.0,06
201400017775,14,10,25,1315,1,1,1,1.0,6,06073,M,0.0,0.0,06
201400017776,14,8,27,1800,1,1,1,7.0,6,06127,M,0.0,0.0,06
201400017777,14,2,9,1700,1,1,1,3.0,1,72328,M,4803100.0,22200.0,72
201400017778,14,5,15,730,1,1,1,1.0,1,72094,M,4799500.0,62000.0,72
201400017779,14,5,24,545,2,2,1,1.0,1,72054,M,4802700.0,33500.0,72
201400017780,14,6,21,2045,1,1,1,1.0,6,72241,M,4805300.0,44200.0,72
201400017781,14,1,5,2130,3,1,1,2.0,5,72024,M,0.0,0.0,72
201400017782,14,1,8,1900,5,2,1,1.0,3,72089,M,4812396.0,-1923.0,72
201400017783,14,5,7,1945,1,1,1,1.0,5,72198,M,0.0,0.0,72
201400017784,14,1,10,1645,1,1,2,1.0,3,72027,M,4767600.0,55900.0,72
201400017785,14,2,22,1030,1,1,3,3.0,3,72134,M,0.0,0.0,72
201400017786,14,2,14,1815,5,2,1,6.0,1,72184,M,0.0,0.0,72
201400017787,14,1,26,1015,1,2,1,1.0,7,72051,M,0.0,0.0,72
201400017788,14,2,5,1930,3,1,1,2.0,7,72291,M,0.0,0.0,72
201400017789,14,2,24,1600,1,1,1,1.0,1,72176,M,4764000.0,8700.0,72
201400017790,14,4,20,845,1,2,1,1.0,7,72176,M,4765400.0,14000.0,72
201400017791,14,6,7,1345,1,2,1,1.0,3,72364,M,0.0,0.0,72
201400017792,14,1,18,15,3,1,1,1.0,1,72122,M,0.0,0.0,72
201400017793,14,2,5,1330,1,1,1,6.0,3,72122,M,0.0,0.0,72
201400017794,14,9,5,830,1,1,1,1.0,1,72245,M,0.0,0.0,72
201400017795,14,9,18,45,3,1,1,1.0,2,72375,M,0.0,0.0,72
201400017796,14,9,27,1515,1,2,1,1.0,3,72132,M,0.0,0.0,72
201400017797,14,10,26,15,3,1,1,5.0,6,72363,M,0.0,0.0,72
201400017798,14,11,19,1830,2,1,2,1.0,3,72093,M,0.0,0.0,72
201400017799,14,12,8,1045,1,1,1,1.0,6,72132,M,0.0,0.0,72
201400017800,14,12,9,1815,3,1,1,2.0,2,72080,M,0.0,0.0,72