Num_Acc,an,mois,jour,hrmn,lum,agg,int,atm,col,com,gps,lat,long,dep
201400017801,14,1,16,1800,2,1,1,2.0,1,72337,M,0.0,0.0,72
201400017802,14,3,14,1815,1,1,1,1.0,7,72212,M,0.0,0.0,72
201400017803,14,7,25,1700,1,1,1,1.0,7,72137,M,0.0,0.0,72
201400017804,14,9,9,715,1,1,1,1.0,1,72337,M,0.0,0.0,72
201400017805,14,9,12,1530,1,1,1,7.0,6,72266,M,0.0,0.0,72
201400017806,14,3,20,1700,1,1,1,1.0,1,54569,M,4884418.0,612852.0,54
201400017807,14,4,13,615,2,2,1,1.0,4,54060,M,4849040.0,654800.0,54
201400017808,14,4,20,2245,3,1,1,1.0,7,54372,M,4882474.0,626554.0,54
201400017809,14,5,9,845,1,2,3,1.0,3,54031,M,4882131.0,611641.0,54
201400017810,14,6,27,800,1,1,1,1.0,2,54072,M,4884710.0,609534.0,54
201400017811,14,2,3,715,2,1,1,5.0,6,54445,M,4865244.0,649316.0,54
201400017812,14,2,25,1800,2,2,1,1.0,6,54076,M,4855600.0,639700.0,54
201400017813,14,6,1,1230,1,1,1,1.0,2,54393,M,4846625.0,656117.0,54
201400017814,14,5,9,1130,1,2,9,1.0,6,54077,M,4859202.0,684385.0,54
201400017815,14,6,14,1130,1,1,1,1.0,7,54427,M,4846743.0,692978.0,54
201400017816,14,7,23,1000,1,1,1,1.0,3,54427,M,4844100.0,692200.0,54
201400017817,14,8,25,1600,1,1,1,1.0,1,54230,M,4861733.0,687531.0,54
201400017818,14,5,1,530,3,1,1,1.0,7,54523,M,4857300.0,596200.0,54
201400017819,14,2,14,1900,3,1,1,1.0,7,54225,M,4884034.0,600515.0,54
201400017820,14,3,21,1245,1,1,1,1.0,3,54557,M,4868920.0,600359.0,54
201400017821,14,9,28,1830,1,1,1,7.0,2,54202,M,4870830.0,597848.0,54
201400017822,14,10,30,1015,1,1,1,1.0,1,54557,M,0.0,0.0,54
201400017823,14,12,13,1645,2,1,1,2.0,7,54208,M,4873217.0,593545.0,54
201400017824,14,12,14,745,2,1,1,2.0,6,54318,M,4874754.0,607718.0,54
201400017825,14,5,13,2330,5,2,1,1.0,6,54415,M,4898062.0,602406.0,54
201400017826,14,9,26,2115,3,1,1,1.0,6,54564,M,4893017.0,590021.0,54
201400017827,14,10,23,1800,3,1,1,1.0,6,54022,M,4901300.0,604100.0,54
201400017828,14,9,30,1130,1,2,1,3.0,5,66003,M,0.0,0.0,66
201400017829,14,5,18,1145,1,2,1,1.0,3,14220,M,4936250.0,8524.0,14
201400017830,14,1,1,120,3,1,1,1.0,6,14079,M,4932390.0,4148.0,14
201400017831,14,1,1,1700,1,1,1,1.0,3,66063,M,0.0,0.0,66
201400017832,14,3,10,420,3,1,1,1.0,6,14079,M,4932430.0,3872.0,14
201400017833,14,3,15,1310,1,1,2,1.0,6,14701,M,4931100.0,8371.0,14
201400017834,14,1,16,1350,1,2,1,1.0,7,14715,M,4936170.0,8951.0,14
201400017835,14,4,22,1305,1,2,1,3.0,7,14715,M,4935670.0,8996.0,14
201400017836,14,4,7,1400,1,2,2,1.0,3,14699,M,4935100.0,9245.0,14
201400017837,14,4,20,430,3,1,1,2.0,7,14079,M,4932340.0,2741.0,14
201400017838,14,5,21,2115,1,2,3,1.0,3,14220,M,4935500.0,6772.0,14
201400017839,14,4,24,1945,1,2,1,1.0,3,14079,M,4933640.0,2263.0,14
201400017840,14,6,1,1535,1,1,1,1.0,6,14699,M,4936130.0,12162.0,14
201400017841,14,6,7,850,1,1,1,1.0,6,14079,M,4931050.0,2737.0,14
201400017842,14,6,25,1200,1,2,1,1.0,6,14220,M,4936410.0,8340.0,14
201400017843,14,2,14,915,1,2,1,1.0,3,14220,M,4936070.0,8029.0,14
201400017844,14,2,23,1305,1,2,3,1.0,3,14715,M,4936030.0,8792.0,14
201400017845,14,3,1,850,1,1,1,1.0,3,14699,M,4936360.0,12402.0,14
201400017846,14,10,2,640,3,1,0,2.0,6,14701,M,,,14
201400017847,14,3,11,1820,1,2,1,1.0,7,14699,M,4934800.0,9501.0,14
201400017848,14,12,11,1645,1,1,1,1.0,1,66024,M,4251749.0,283230.0,66
201400017849,14,4,17,1625,1,2,2,1.0,3,14220,M,4936440.0,8266.0,14
201400017850,14,5,1,1950,1,2,2,1.0,3,14699,M,4935190.0,10098.0,14
201400017851,14,5,21,1905,1,2,2,1.0,7,14059,M,4935240.0,5421.0,14
201400017852,14,6,5,1600,1,2,3,1.0,3,14699,M,4934680.0,9711.0,14
201400017853,14,6,13,1711,1,2,1,1.0,7,14715,M,4936310.0,8702.0,14
201400017854,14,7,1,852,1,2,1,1.0,3,14220,M,,,14
201400017855,14,7,14,1155,1,2,1,1.0,7,14220,M,,,14
201400017856,14,7,18,1100,1,2,1,2.0,7,14220,M,,,14
201400017857,14,7,18,1620,1,1,1,1.0,7,14079,M,,,14
201400017858,14,7,20,130,3,1,1,1.0,7,14715,M,,,14
201400017859,14,7,20,1255,1,2,3,1.0,3,14715,M,,,14
201400017860,14,7,22,1045,1,2,1,1.0,6,14699,M,,,14
201400017861,14,7,25,1118,1,2,1,1.0,7,14059,M,,,14
201400017862,14,7,25,1420,1,2,1,1.0,3,14220,M,,,14
201400017863,14,7,29,2205,3,1,1,1.0,7,14701,M,,,14
201400017864,14,7,30,1330,1,2,1,1.0,2,14220,M,,,14
201400017865,14,7,31,1515,1,1,1,1.0,7,14557,M,,,14
201400017866,14,8,2,1715,1,2,3,1.0,3,14715,M,,,14
201400017867,14,8,3,1158,1,1,1,1.0,7,14079,M,,,14
201400017868,14,8,19,1114,1,2,1,1.0,7,14220,M,,,14
201400017869,14,9,2,1150,1,2,1,1.0,2,14715,M,,,14
201400017870,14,9,4,1655,1,2,1,1.0,2,14220,M,,,14
201400017871,14,9,13,1310,1,2,1,1.0,7,14220,M,,,14
201400017872,14,10,11,1550,1,2,0,1.0,1,14059,M,,,14
201400017873,14,10,25,2215,5,2,0,1.0,6,14220,M,,,14
201400017874,14,11,2,10,5,1,1,1.0,6,14699,M,,,14
201400017875,14,11,9,2030,5,2,1,1.0,3,14220,M,,,14
201400017876,14,11,17,1750,5,2,2,2.0,3,14220,M,4935470.0,6493.0,14
201400017877,14,11,20,1120,1,2,1,1.0,6,14699,M,4934380.0,9985.0,14
201400017878,14,11,25,1140,1,2,1,2.0,6,14220,M,,,14
201400017879,14,11,26,855,1,1,1,5.0,6,14701,M,,,14
201400017880,14,11,27,1805,5,2,1,1.0,6,14220,M,4936310.0,7543.0,14
201400017881,14,11,28,1345,1,2,1,1.0,1,14715,M,,,14
201400017882,14,12,10,1845,4,2,1,2.0,6,14220,M,,,14
201400017883,14,12,10,2030,3,2,1,2.0,6,14079,M,,,14
201400017884,14,4,16,945,1,1,1,1.0,1,66222,M,0.0,0.0,66
201400017885,14,9,4,1400,1,1,1,1.0,6,66147,M,0.0,0.0,66
201400017886,14,3,4,1500,1,2,9,4.0,6,66004,M,4258042.0,207225.0,66
201400017887,14,12,28,1645,1,2,1,4.0,1,66124,M,4250304.0,204375.0,66
201400017888,14,3,8,645,1,1,1,1.0,6,66071,M,0.0,0.0,66
201400017889,14,6,10,730,1,1,1,7.0,1,66071,M,0.0,0.0,66
201400017890,14,6,24,1615,1,1,1,1.0,2,66107,M,0.0,0.0,66
201400017891,14,12,11,1430,1,1,1,2.0,3,66187,M,0.0,0.0,66
201400017892,14,12,17,2015,5,2,2,1.0,1,66046,M,0.0,0.0,66
201400017893,14,8,30,1045,1,2,1,1.0,3,58095,M,0.0,0.0,58
201400017894,14,2,14,2045,5,2,1,1.0,6,58088,M,0.0,0.0,58
201400017895,14,6,30,2130,2,2,1,1.0,1,58212,M,0.0,0.0,58
201400017896,14,9,4,900,1,1,2,1.0,1,58303,M,0.0,0.0,58
201400017897,14,10,5,1700,1,1,2,2.0,3,58311,M,0.0,0.0,58
201400017898,14,3,20,1230,1,1,1,1.0,7,58276,M,0.0,0.0,58
201400017899,14,5,13,1130,1,1,1,8.0,2,58063,M,0.0,0.0,58
201400017900,14,5,18,1515,1,1,1,1.0,7,58082,M,0.0,0.0,58
201400017901,14,6,3,1200,1,1,1,1.0,1,58063,M,0.0,0.0,58
201400017902,14,8,9,1700,1,1,1,2.0,7,58276,M,0.0,0.0,58
201400017903,14,9,11,1600,1,1,1,1.0,5,58262,M,0.0,0.0,58
201400017904,14,9,23,1600,1,1,1,1.0,6,58221,M,0.0,0.0,58
201400017905,14,1,11,2315,3,1,1,1.0,6,58080,M,0.0,0.0,58
201400017906,14,10,4,1500,1,2,1,1.0,1,58065,M,0.0,0.0,58
201400017907,14,8,15,1815,1,1,1,1.0,3,26165,M,0.0,0.0,26
201400017908,14,1,10,715,2,2,1,1.0,6,26113,M,0.0,0.0,26
201400017909,14,2,10,1645,1,1,1,1.0,1,26368,M,0.0,0.0,26
201400017910,14,5,29,1445,1,1,1,1.0,2,26069,M,0.0,0.0,26
201400017911,14,11,13,1715,2,1,1,1.0,1,26339,M,0.0,0.0,26
201400017912,14,12,20,830,1,2,1,1.0,1,26106,M,0.0,0.0,26
201400017913,14,12,23,1530,1,1,1,1.0,1,26339,M,0.0,0.0,26
201400017914,14,11,24,1315,2,1,1,2.0,1,66116,M,0.0,0.0,66
201400017915,14,7,2,1700,1,1,1,1.0,6,26307,M,0.0,0.0,26
201400017916,14,11,14,900,1,1,1,1.0,1,26349,M,4520980.0,500410.0,26
201400017917,14,12,22,1845,3,1,1,1.0,6,26349,M,0.0,0.0,26
201400017918,14,8,21,1845,1,2,1,1.0,1,70428,M,0.0,0.0,70
201400017919,14,6,12,1100,1,1,1,1.0,1,70329,M,0.0,0.0,70
201400017920,14,8,8,1200,1,1,1,1.0,6,70292,M,0.0,0.0,70
201400017921,14,3,15,2015,3,1,1,1.0,7,70533,M,0.0,0.0,70
201400017922,14,4,10,1830,1,1,1,7.0,5,70334,M,0.0,0.0,70
201400017923,14,6,16,730,1,2,1,1.0,1,70126,M,0.0,0.0,70
201400017924,14,6,25,1230,1,1,1,1.0,3,70193,M,0.0,0.0,70
201400017925,14,6,26,1630,1,1,9,1.0,3,70102,M,0.0,0.0,70
201400017926,14,7,16,1945,1,1,1,1.0,3,70152,M,0.0,0.0,70
201400017927,14,8,21,515,2,2,1,1.0,3,70126,M,0.0,0.0,70
201400017928,14,9,3,845,1,2,1,1.0,6,70104,M,0.0,0.0,70
201400017929,14,11,8,1115,1,2,1,1.0,1,70181,M,0.0,0.0,70
201400017930,14,1,31,1630,1,2,1,7.0,3,70248,M,0.0,0.0,70
201400017931,14,10,4,15,5,2,1,1.0,7,70258,M,0.0,0.0,70
201400017932,14,11,10,2315,3,1,1,2.0,7,70155,M,0.0,0.0,70
201400017933,14,4,2,1445,1,2,1,1.0,7,70315,M,0.0,0.0,70
201400017934,14,5,8,1000,1,1,1,1.0,3,70245,M,0.0,0.0,70
201400017935,14,5,28,1545,1,2,1,1.0,6,70245,M,0.0,0.0,70
201400017936,14,6,2,430,2,1,1,1.0,3,70245,M,0.0,0.0,70
201400017937,14,8,6,845,1,2,2,1.0,3,70245,M,0.0,0.0,70
201400017938,14,5,9,715,1,1,1,8.0,6,85038,M,4690873.0,-131921.0,85
201400017939,14,5,12,1000,1,1,1,1.0,1,85084,M,4681069.0,-121000.0,85
201400017940,14,9,4,845,1,1,1,7.0,5,85191,M,4673036.0,-139402.0,85
201400017941,14,10,8,1000,1,1,1,2.0,1,85065,M,4691030.0,-123852.0,85
201400017942,14,1,29,2330,3,1,1,1.0,1,01072,M,4617000.0,534264.0,01
201400017943,14,4,25,1530,1,1,4,1.0,3,01321,M,4616580.0,536069.0,01
201400017944,14,5,2,1415,1,1,3,1.0,3,01195,M,4623710.0,528687.0,01
201400017945,14,7,19,845,1,2,1,1.0,3,01350,M,,,01
201400017946,14,7,9,945,2,1,1,2.0,6,01085,M,4609520.0,500290.0,01
201400017947,14,1,3,1240,1,1,1,2.0,1,01412,M,4616600.0,494970.0,01
201400017948,14,1,25,1530,1,2,6,1.0,3,01457,M,4621930.0,499214.0,01
201400017949,14,3,20,1845,1,1,2,1.0,3,01093,M,4612890.0,495933.0,01
201400017950,14,1,17,1200,1,2,1,1.0,1,01102,M,,,01
201400017951,14,3,28,2000,5,2,1,1.0,6,01266,M,4633610.0,512855.0,01
201400017952,14,11,9,1616,1,1,1,2.0,7,01266,M,4631330.0,510990.0,01
201400017953,14,11,11,330,3,1,1,5.0,6,01144,M,4632490.0,502603.0,01
201400017954,14,12,20,1915,3,1,1,3.0,7,01232,M,4633370.0,522049.0,01
201400017955,14,12,27,1015,1,1,1,1.0,4,01296,M,,,01
201400017956,14,8,15,145,3,1,6,3.0,6,01134,M,4629480.0,489335.0,01
201400017957,14,10,21,1215,1,1,1,1.0,3,01025,M,,,01
201400017958,14,7,31,1515,1,2,1,1.0,6,01138,M,,,01
201400017959,14,1,6,2030,3,1,1,1.0,6,01300,M,4614930.0,567580.0,01
201400017960,14,1,11,2230,3,1,1,9.0,6,01171,M,4626360.0,562843.0,01
201400017961,14,1,27,1715,1,1,1,4.0,6,01152,M,4622900.0,570988.0,01
201400017962,14,3,7,1600,1,2,6,1.0,3,01307,M,4616580.0,557115.0,01
201400017963,14,7,25,1630,1,1,3,1.0,4,01274,M,4615980.0,565205.0,01
201400017964,14,8,16,345,3,1,1,1.0,6,01051,M,4619360.0,546591.0,01
201400017965,14,10,6,1545,1,2,6,1.0,1,01265,M,4618340.0,557836.0,01
201400017966,14,12,6,2230,5,2,1,1.0,7,01148,M,,,01
201400017967,14,6,4,200,5,2,1,1.0,6,01304,M,4604960.0,532802.0,01
201400017968,14,6,11,1730,1,1,1,1.0,2,01145,M,4607710.0,522136.0,01
201400017969,14,6,25,1620,1,1,1,1.0,1,01199,M,4603540.0,541683.0,01
201400017970,14,7,6,215,3,1,1,1.0,6,01314,M,4600440.0,529159.0,01
201400017971,14,9,27,2030,3,1,1,1.0,6,01273,M,4609100.0,537590.0,01
201400017972,14,12,10,1345,1,1,1,1.0,7,01151,M,4605400.0,532110.0,01
201400017973,14,6,27,1105,1,1,2,1.0,3,01424,M,4588790.0,496928.0,01
201400017974,14,1,12,1020,1,1,2,8.0,3,01183,M,4610150.0,476502.0,01
201400017975,14,9,3,1815,1,2,3,1.0,3,01263,M,,,01
201400017976,14,12,9,710,5,1,1,1.0,6,01263,M,4608010.0,476895.0,01
201400017977,14,3,20,1930,2,1,2,1.0,3,15267,M,4489900.0,234900.0,15
201400017978,14,9,13,745,1,1,1,1.0,1,15204,M,4496000.0,228200.0,15
201400017979,14,1,22,1445,1,1,1,3.0,5,15196,M,0.0,0.0,15
201400017980,14,6,18,1145,1,1,1,2.0,6,15184,M,0.0,0.0,15
201400017981,14,10,11,2345,3,1,1,1.0,6,15036,M,4524700.0,228500.0,15
201400017982,14,11,22,1745,2,1,1,1.0,1,15153,M,4513200.0,229200.0,15
201400017983,14,7,12,1730,1,1,1,1.0,6,15170,M,4534500.0,268400.0,15
201400017984,14,12,29,1430,1,1,1,1.0,7,15162,M,4526800.0,267600.0,15
201400017985,14,8,27,1715,1,1,1,1.0,6,15202,M,0.0,0.0,15
201400017986,14,7,24,1830,1,1,1,7.0,1,15168,M,4500100.0,322600.0,15
201400017987,14,8,30,1115,1,1,1,1.0,3,15231,M,4510200.0,307200.0,15
201400017988,14,8,27,1600,1,1,1,1.0,6,15142,M,4489800.0,298300.0,15
201400017989,14,9,13,1345,1,1,2,1.0,3,03156,M,0.0,0.0,03
201400017990,14,5,31,1800,1,2,1,7.0,3,03130,M,0.0,0.0,03
201400017991,14,7,10,1200,1,1,1,2.0,1,03031,M,0.0,0.0,03
201400017992,14,9,18,1645,1,2,6,3.0,6,03082,M,0.0,0.0,03
201400017993,14,2,21,830,4,2,1,2.0,5,03080,M,0.0,0.0,03
201400017994,14,10,3,2030,3,1,1,1.0,3,03163,M,0.0,0.0,03
201400017995,14,3,2,1530,1,1,1,1.0,6,03078,M,0.0,0.0,03
201400017996,14,4,28,1415,1,1,1,2.0,7,03022,M,0.0,0.0,03
201400017997,14,5,17,830,1,1,1,1.0,4,03268,M,0.0,0.0,03
201400017998,14,12,10,1145,1,1,1,2.0,6,03043,M,0.0,0.0,03
201400017999,14,1,31,115,5,2,1,8.0,6,03254,M,4632300.0,328700.0,03
201400018000,14,7,22,1115,1,2,6,1.0,1,03254,M,0.0,0.0,03
201400018001,14,8,10,1530,1,1,1,1.0,3,03049,M,0.0,0.0,03
201400018002,14,11,25,1745,3,1,1,1.0,3,03134,M,0.0,0.0,03
201400018003,14,12,17,1600,1,2,1,2.0,6,03254,M,0.0,0.0,03
201400018004,14,4,12,900,1,1,1,1.0,1,84020,M,0.0,0.0,84
201400018005,14,4,24,1515,1,2,1,1.0,6,84089,M,0.0,0.0,84
201400018006,14,8,16,30,3,1,1,1.0,6,84002,M,0.0,0.0,84
201400018007,14,4,10,1530,1,1,1,1.0,1,84079,M,4409255.0,534904.0,84
201400018008,14,10,12,1230,1,2,1,1.0,6,84030,M,0.0,0.0,84
201400018009,14,11,20,1500,1,1,1,1.0,1,84077,M,0.0,0.0,84
201400018010,14,11,26,1445,1,1,1,2.0,6,84148,M,0.0,0.0,84
201400018011,14,2,19,815,2,1,1,2.0,1,02468,M,0.0,0.0,02
201400018012,14,6,21,1330,1,1,2,1.0,3,02180,M,0.0,0.0,02
201400018013,14,7,19,1500,1,2,1,1.0,6,02689,M,0.0,0.0,02
201400018014,14,10,21,1330,1,2,1,3.0,6,02559,M,0.0,0.0,02
201400018015,14,12,23,1800,3,1,1,1.0,3,02338,M,0.0,0.0,02
201400018016,14,1,31,1715,2,2,3,8.0,3,02820,M,0.0,0.0,02
201400018017,14,4,22,1635,1,2,1,1.0,3,02173,M,4961231.0,321983.0,02
201400018018,14,7,5,1400,1,1,1,8.0,6,02336,M,0.0,0.0,02
201400018019,14,2,6,1645,1,1,2,2.0,3,02159,M,4954171.0,326290.0,02
201400018020,14,2,13,1245,1,1,1,2.0,6,02750,M,0.0,0.0,02
201400018021,14,12,2,730,3,1,2,2.0,3,02159,M,0.0,0.0,02
201400018022,14,12,25,1515,1,2,2,1.0,3,02018,M,4950527.0,344959.0,02
201400018023,14,6,19,1945,1,1,1,1.0,1,02252,M,4940976.0,370170.0,02
201400018024,14,7,16,1815,1,1,1,1.0,1,02007,M,0.0,0.0,02
201400018025,14,2,3,1545,1,1,1,1.0,6,02307,M,0.0,0.0,02
201400018026,14,1,12,815,2,1,1,5.0,1,02032,M,0.0,0.0,02
201400018027,14,7,29,745,1,2,1,1.0,1,02032,M,0.0,0.0,02
201400018028,14,8,10,2015,2,1,1,1.0,6,02310,M,0.0,0.0,02
201400018029,14,1,8,1745,3,2,1,1.0,6,02648,M,4978300.0,339700.0,02
201400018030,14,2,16,1945,3,1,1,1.0,6,02397,M,4972012.0,324430.0,02
201400018031,14,5,6,940,1,1,1,2.0,4,02636,M,0.0,0.0,02
201400018032,14,9,10,1900,1,1,1,1.0,1,02756,M,0.0,0.0,02
201400018033,14,9,14,2045,5,2,1,1.0,6,02648,M,4979608.0,346181.0,02
201400018034,14,11,19,1930,3,1,1,2.0,7,02667,M,0.0,0.0,02
201400018035,14,4,15,930,1,1,1,1.0,6,02224,M,0.0,0.0,02
201400018036,14,8,16,1515,1,1,1,1.0,6,02179,M,0.0,0.0,02
201400018037,14,4,11,1845,1,1,2,1.0,5,02232,M,0.0,0.0,02
201400018038,14,4,21,1715,1,1,1,1.0,3,02810,M,0.0,0.0,02
201400018039,14,5,4,1130,1,2,1,1.0,7,02201,M,0.0,0.0,02
201400018040,14,7,11,1930,1,2,3,1.0,1,02810,M,0.0,0.0,02
201400018041,14,7,28,1700,1,1,3,1.0,1,02528,M,4934662.0,309880.0,02
201400018042,14,9,12,1745,1,2,1,1.0,1,02326,M,0.0,0.0,02
201400018043,14,9,21,530,3,1,1,2.0,1,02506,M,0.0,0.0,02
201400018044,14,10,4,1045,1,1,2,1.0,3,02792,M,0.0,0.0,02
201400018045,14,11,13,1830,3,1,1,1.0,1,02810,M,0.0,0.0,02
201400018046,14,12,12,1745,3,1,1,3.0,1,02232,M,0.0,0.0,02
201400018047,14,12,25,2045,3,1,1,8.0,1,02506,M,0.0,0.0,02
201400018048,14,3,14,1830,1,1,1,1.0,6,02181,M,0.0,0.0,02
201400018049,14,4,30,2110,2,1,1,1.0,6,02069,M,0.0,0.0,02
201400018050,14,5,31,1500,1,2,1,1.0,6,02502,M,4969260.0,401963.0,02
201400018051,14,7,17,1130,1,1,1,1.0,6,02586,M,0.0,0.0,02
201400018052,14,8,31,2030,2,2,1,8.0,6,02369,M,0.0,0.0,02
201400018053,14,10,24,1645,1,1,1,1.0,3,02789,M,0.0,0.0,02
201400018054,14,1,15,1345,1,2,1,2.0,6,02381,M,4992639.0,408680.0,02
201400018055,14,4,17,940,1,2,1,1.0,6,02134,M,0.0,0.0,02
201400018056,14,9,23,1445,1,2,1,1.0,6,02381,M,4992026.0,408416.0,02
201400018057,14,10,17,1130,1,2,3,1.0,1,02197,M,0.0,0.0,02
201400018058,14,10,22,1945,3,1,1,1.0,1,02419,M,0.0,0.0,02
201400018059,14,11,6,1815,3,1,1,1.0,7,02547,M,0.0,0.0,02
201400018060,14,5,1,930,1,1,1,1.0,3,13045,M,0.0,0.0,13
201400018061,14,6,7,2100,1,1,1,1.0,1,13045,M,0.0,0.0,13
201400018062,14,6,20,1,3,1,1,1.0,6,13036,M,4386300.0,485100.0,13
201400018063,14,11,7,1845,3,2,1,1.0,2,13010,M,0.0,0.0,13
201400018064,14,11,9,1100,1,2,1,3.0,6,13045,M,0.0,0.0,13
201400018065,14,2,26,1930,2,1,1,2.0,4,38158,M,4514698.0,576500.0,38
201400018066,14,2,16,345,3,1,1,4.0,6,38413,M,0.0,0.0,38
201400018067,14,4,16,1600,1,1,1,1.0,2,38254,M,0.0,0.0,38
201400018068,14,8,27,1445,1,1,1,1.0,6,38497,M,0.0,0.0,38
201400018069,14,6,3,1930,1,1,1,2.0,3,38445,M,0.0,0.0,38
201400018070,14,6,19,1900,1,1,1,1.0,2,38562,M,4505188.0,578009.0,38
201400018071,14,6,25,1,3,1,1,1.0,6,38212,M,0.0,0.0,38
201400018072,14,10,26,1530,1,2,1,1.0,1,38562,M,4507524.0,578070.0,38
201400018073,14,11,4,1845,4,2,1,3.0,5,38562,M,0.0,0.0,38
201400018074,14,5,25,1630,1,2,1,2.0,3,38165,M,0.0,0.0,38
201400018075,14,5,26,1745,1,2,1,1.0,1,38029,M,0.0,0.0,38
201400018076,14,6,8,1830,1,2,1,1.0,6,38525,M,0.0,0.0,38
201400018077,14,7,4,1715,1,1,1,2.0,3,38014,M,0.0,0.0,38
201400018078,14,7,20,1845,1,1,1,3.0,3,38148,M,0.0,0.0,38
201400018079,14,10,19,445,5,2,2,1.0,6,38029,M,4557887.0,552791.0,38
201400018080,14,11,4,900,1,1,1,3.0,5,38261,M,0.0,0.0,38
201400018081,14,1,28,1100,1,1,1,1.0,4,38249,M,4537400.0,535900.0,38
201400018082,14,6,11,1215,1,2,1,1.0,3,38229,M,0.0,0.0,38
201400018083,14,6,16,745,1,2,2,1.0,5,38126,M,0.0,0.0,38
201400018084,14,8,21,1315,1,1,1,1.0,1,38431,M,4527290.0,584181.0,38
201400018085,14,11,20,1345,1,2,3,1.0,1,38126,M,4521218.0,575763.0,38
201400018086,14,3,5,1215,1,2,1,1.0,3,38150,M,0.0,0.0,38
201400018087,14,3,18,1200,1,2,2,1.0,6,38547,M,4525843.0,590842.0,38
201400018088,14,6,8,2030,1,2,1,1.0,3,38150,M,0.0,0.0,38
201400018089,14,7,29,930,1,2,1,3.0,6,38422,M,0.0,0.0,38
201400018090,14,8,29,1615,1,2,9,1.0,3,38150,M,0.0,0.0,38
201400018091,14,4,30,1700,1,1,1,1.0,4,38036,M,0.0,0.0,38
201400018092,14,8,23,1730,1,2,1,1.0,3,38453,M,0.0,0.0,38
201400018093,14,9,6,1400,1,1,1,1.0,6,38245,M,0.0,0.0,38
201400018094,14,10,25,1530,1,1,9,1.0,6,38356,M,0.0,0.0,38
201400018095,14,11,21,1630,1,2,1,,7,38384,M,4533540.0,533544.0,38
201400018096,14,8,23,830,1,1,1,1.0,3,38457,M,4553000.0,529800.0,38
201400018097,14,12,14,1445,1,1,1,2.0,5,38347,M,0.0,0.0,38
201400018098,14,1,11,645,3,1,3,1.0,1,38130,M,4535161.0,526497.0,38
201400018099,14,3,11,1845,3,1,2,1.0,3,38130,M,4539265.0,523901.0,38
201400018100,14,6,23,1230,1,1,1,1.0,1,38121,M,0.0,0.0,38
201400018101,14,10,1,2200,3,2,1,1.0,7,38034,M,0.0,0.0,38
201400018102,14,10,19,1245,1,1,1,1.0,3,38069,M,0.0,0.0,38
201400018103,14,10,28,1415,1,2,1,1.0,2,38161,M,0.0,0.0,38
201400018104,14,5,15,1745,1,1,1,1.0,5,38157,M,0.0,0.0,38
201400018105,14,6,20,830,1,1,1,1.0,1,38215,M,0.0,0.0,38
201400018106,14,7,21,2000,1,1,1,8.0,6,38336,M,0.0,0.0,38
201400018107,14,8,8,1230,1,1,1,1.0,2,38199,M,0.0,0.0,38
201400018108,14,12,20,2200,5,2,1,1.0,2,38215,M,0.0,0.0,38
201400018109,14,12,25,1745,3,2,1,1.0,1,38238,M,0.0,0.0,38
201400018110,14,2,7,1715,1,1,1,4.0,1,38519,M,4560588.0,501604.0,38
201400018111,14,2,28,1930,3,1,1,2.0,1,38389,M,4556318.0,509544.0,38
201400018112,14,4,8,1000,1,2,1,1.0,6,38519,M,0.0,0.0,38
201400018113,14,8,28,2315,3,1,1,1.0,6,38015,M,0.0,0.0,38
201400018114,14,12,4,1445,1,1,1,1.0,6,38184,M,0.0,0.0,38
201400018115,14,12,9,1545,1,2,1,1.0,6,38189,M,0.0,0.0,38
201400018116,14,12,26,1030,1,1,1,1.0,4,38480,M,0.0,0.0,38
201400018117,14,1,31,945,1,1,1,8.0,5,31341,M,0.0,0.0,31
201400018118,14,5,13,1230,1,1,1,1.0,1,31341,M,0.0,0.0,31
201400018119,14,6,16,1430,1,2,1,1.0,2,31232,M,4376476.0,129390.0,31
201400018120,14,6,16,1645,1,1,3,1.0,3,31120,M,4366737.0,116875.0,31
201400018121,14,6,24,1130,1,1,2,1.0,3,31592,M,4372906.0,123796.0,31
201400018122,14,8,12,1915,1,1,1,8.0,1,31090,M,0.0,0.0,31
201400018123,14,8,13,1445,1,1,1,1.0,6,31232,M,0.0,0.0,31
201400018124,14,10,16,600,2,1,1,2.0,3,31341,M,0.0,0.0,31
201400018125,14,10,30,1445,1,1,1,1.0,2,31553,M,0.0,0.0,31
201400018126,14,11,16,845,1,1,1,1.0,6,31341,M,0.0,0.0,31
201400018127,14,12,14,1545,1,1,2,1.0,3,31341,M,0.0,0.0,31
201400018128,14,12,20,1230,1,1,1,1.0,6,31425,M,4316377.0,111998.0,31
201400018129,14,5,25,1645,2,1,1,1.0,6,31466,M,4353420.0,116782.0,31
201400018130,14,2,9,1515,1,1,1,8.0,6,31108,M,0.0,0.0,31
201400018131,14,5,22,2330,3,1,1,1.0,7,31018,M,4314520.0,92220.0,31
201400018132,14,5,31,1515,1,1,1,1.0,6,31315,M,0.0,0.0,31
201400018133,14,6,29,1400,1,1,1,8.0,6,31245,M,0.0,0.0,31
201400018134,14,10,11,1545,1,1,1,1.0,1,31183,M,0.0,0.0,31
201400018135,14,9,30,1615,1,1,2,7.0,3,31106,M,0.0,0.0,31
201400018136,14,8,31,1615,1,1,1,1.0,1,31451,M,0.0,0.0,31
201400018137,14,1,6,1630,1,1,1,1.0,3,29037,M,4788370.0,-416387.0,29
201400018138,14,3,10,1800,2,2,1,1.0,6,29220,M,0.0,0.0,29
201400018139,14,4,10,815,1,1,1,1.0,6,29296,M,4790527.0,-421145.0,29
201400018140,14,4,25,1945,1,2,1,1.0,6,29220,M,4786716.0,-422197.0,29
201400018141,14,7,16,1800,1,2,1,1.0,1,29171,M,4784085.0,-428358.0,29
201400018142,14,11,4,1830,5,2,1,2.0,6,29135,M,4783278.0,-418092.0,29