Num_Acc,an,mois,jour,hrmn,lum,agg,int,atm,col,com,gps,lat,long,dep
201400018143,14,12,1,745,3,1,1,1.0,4,29174,M,4790287.0,-428263.0,29
201400018144,14,12,20,1645,1,2,6,1.0,3,29135,M,4783454.0,-418899.0,29
201400018145,14,9,9,1800,1,2,1,1.0,6,29075,M,4844200.0,-439500.0,29
201400018146,14,1,1,1445,2,1,1,3.0,6,29160,M,4850640.0,-438266.0,29
201400018147,14,3,5,1330,1,2,1,1.0,6,29209,M,4853005.0,-445165.0,29
201400018148,14,3,7,630,2,1,2,1.0,3,29015,M,4849962.0,-450627.0,29
201400018149,14,4,7,245,3,1,1,2.0,6,29160,M,4849896.0,-441854.0,29
201400018150,14,4,9,930,1,1,6,1.0,3,29015,M,4849950.0,-450657.0,29
201400018151,14,5,4,1845,1,1,1,1.0,1,29093,M,4857004.0,-441928.0,29
201400018152,14,6,9,1715,1,1,1,2.0,6,29160,M,4849896.0,-441854.0,29
201400018153,14,6,24,2000,2,1,3,1.0,3,29015,M,4849950.0,-450657.0,29
201400018154,14,7,16,1715,1,2,1,1.0,3,29195,M,4787283.0,-392073.0,29
201400018155,14,8,29,1700,1,2,1,1.0,2,29195,M,4861551.0,-451503.0,29
201400018156,14,9,28,1345,1,2,1,1.0,3,29093,M,4857004.0,-441928.0,29
201400018157,14,10,17,2230,2,2,1,1.0,6,29117,M,4857270.0,-453041.0,29
201400018158,14,11,27,1500,1,1,1,2.0,3,29195,M,4860592.0,-450451.0,29
201400018159,14,12,28,1830,3,1,1,1.0,6,29160,M,4849896.0,-441854.0,29
201400018160,14,4,6,1800,1,1,1,1.0,1,29149,M,4846688.0,-456667.0,29
201400018161,14,12,21,615,3,1,1,1.0,6,29149,M,4846688.0,-456667.0,29
201400018162,14,5,12,1445,1,1,1,3.0,1,29024,M,4827558.0,-357418.0,29
201400018163,14,10,19,1200,1,1,6,8.0,7,29024,M,4827558.0,-357418.0,29
201400018164,14,1,16,1200,1,1,1,4.0,1,29267,M,4815433.0,-388636.0,29
201400018165,14,5,15,2015,1,1,1,1.0,6,29107,M,4805761.0,-397555.0,29
201400018166,14,6,17,1500,1,1,1,1.0,7,29016,M,4832039.0,-396436.0,29
201400018167,14,2,23,2315,5,2,1,1.0,6,29256,M,4819727.0,-429978.0,29
201400018168,14,1,4,1530,1,1,1,4.0,6,29202,M,4846640.0,-387704.0,29
201400018169,14,10,3,1545,1,1,1,1.0,1,29105,M,4851013.0,-407326.0,29
201400018170,14,9,3,1915,1,1,1,1.0,1,29259,M,4868511.0,-398653.0,29
201400018171,14,9,28,1845,1,1,1,1.0,6,29079,M,4863246.0,-392753.0,29
201400018172,14,11,8,545,5,2,1,1.0,7,29276,M,4866246.0,-404513.0,29
201400018173,14,5,31,1200,1,2,1,1.0,3,29293,M,4785093.0,-385076.0,29
201400018174,14,6,11,1830,1,1,1,1.0,6,34926,M,0.0,0.0,34
201400018175,14,8,7,830,1,2,1,1.0,1,34192,M,0.0,0.0,34
201400018176,14,8,15,900,1,1,1,1.0,2,34154,M,0.0,0.0,34
201400018177,14,4,5,700,3,1,1,1.0,7,35326,M,4834100.0,-152300.0,35
201400018178,14,4,4,2000,1,1,1,1.0,3,35146,M,4824615.0,-182060.0,35
201400018179,14,6,8,2100,1,1,1,1.0,7,35356,M,0.0,0.0,35
201400018180,14,6,10,945,1,1,1,1.0,7,35355,M,4832615.0,-150926.0,35
201400018181,14,9,1,1415,1,1,1,1.0,6,35128,M,4829458.0,-173435.0,35
201400018182,14,11,30,1045,1,1,1,1.0,7,35251,M,0.0,0.0,35
201400018183,14,1,1,700,3,1,1,3.0,6,35290,M,4809492.0,-210931.0,35
201400018184,14,1,14,900,1,1,1,9.0,6,35171,M,4827258.0,-204354.0,35
201400018185,14,2,18,1915,2,1,1,1.0,6,35257,M,4839821.0,-137299.0,35
201400018186,14,2,19,1400,1,1,4,1.0,3,35297,M,4818881.0,-221090.0,35
201400018187,14,10,12,1515,1,1,1,2.0,2,35184,M,4821829.0,-210321.0,35
201400018188,14,12,12,645,3,1,1,3.0,6,35058,M,4826702.0,-184309.0,35
201400018189,14,12,20,1645,1,2,1,8.0,3,35297,M,4819107.0,-220190.0,35
201400018190,14,12,9,845,1,1,1,9.0,6,35227,M,4819501.0,-186622.0,35
201400018191,14,2,18,845,1,1,1,1.0,3,35227,M,4819500.0,-186300.0,35
201400018192,14,5,1,330,3,1,1,1.0,6,35133,M,4815086.0,-204933.0,35
201400018193,14,5,11,1315,1,1,1,1.0,3,35169,M,0.0,0.0,35
201400018194,14,9,15,1800,1,1,1,1.0,1,35227,M,4818792.0,-194138.0,35
201400018195,14,11,8,1815,3,1,1,3.0,6,35223,M,4801240.0,-208576.0,35
201400018196,14,1,28,830,1,1,1,8.0,1,35243,M,4837528.0,-124896.0,35
201400018197,14,2,6,2000,3,1,1,3.0,2,35179,M,4854485.0,-192774.0,35
201400018198,14,2,9,30,3,1,1,1.0,6,35224,M,4854284.0,-185396.0,35
201400018199,14,3,10,1030,1,2,7,1.0,6,35049,M,4867548.0,-185177.0,35
201400018200,14,3,28,45,3,1,6,1.0,6,35179,M,4853562.0,-191508.0,35
201400018201,14,4,22,1745,1,2,1,1.0,6,35049,M,0.0,0.0,35
201400018202,14,4,27,530,5,2,1,1.0,6,35299,M,0.0,0.0,35
201400018203,14,5,22,815,1,2,1,1.0,6,35284,M,4860690.0,-198503.0,35
201400018204,14,6,8,2315,3,1,1,1.0,6,35049,M,0.0,0.0,35
201400018205,14,6,16,1545,1,1,1,1.0,7,35179,M,4849547.0,-190625.0,35
201400018206,14,7,4,1000,1,2,1,1.0,2,35049,M,4867857.0,-186067.0,35
201400018207,14,7,20,1945,1,1,1,1.0,1,35263,M,4869064.0,-190027.0,35
201400018208,14,8,28,2300,5,2,1,1.0,1,35049,M,4867591.0,-185171.0,35
201400018209,14,10,8,1900,3,1,2,1.0,3,35224,M,4851051.0,-184454.0,35
201400018210,14,10,13,700,3,1,2,2.0,3,35179,M,4850230.0,-189773.0,35
201400018211,14,11,1,200,3,1,1,1.0,6,35362,M,0.0,0.0,35
201400018212,14,11,3,1815,2,1,3,2.0,3,35122,M,4861181.0,-190363.0,35
201400018213,14,11,8,830,1,1,1,1.0,6,35306,M,4860438.0,-192666.0,35
201400018214,14,11,18,845,1,1,1,1.0,1,35263,M,4866918.0,-193446.0,35
201400018215,14,12,19,845,2,1,1,2.0,1,35299,M,4862981.0,-188144.0,35
201400018216,14,4,17,1700,1,1,1,1.0,6,35186,M,4858323.0,-174114.0,35
201400018217,14,12,4,1815,3,1,1,1.0,3,35009,M,4851738.0,-174420.0,35
201400018218,14,2,4,1100,1,2,6,7.0,1,35069,M,4803806.0,-150298.0,35
201400018219,14,2,21,2230,3,1,1,2.0,7,35254,M,0.0,0.0,35
201400018220,14,4,14,1900,1,1,1,1.0,4,35264,M,4807865.0,-132339.0,35
201400018221,14,6,22,1615,1,1,1,1.0,7,35161,M,0.0,0.0,35
201400018222,14,6,28,230,3,1,1,1.0,1,35204,M,4804775.0,-158231.0,35
201400018223,14,9,2,830,1,1,2,1.0,1,35068,M,4809934.0,-140127.0,35
201400018224,14,12,8,1520,1,2,9,1.0,7,35068,M,4809959.0,-141717.0,35
201400018225,14,7,28,900,1,1,1,1.0,1,44060,M,0.0,0.0,44
201400018226,14,8,8,1945,1,2,1,8.0,1,44213,M,0.0,0.0,44
201400018227,14,11,19,700,2,2,1,1.0,3,44003,M,0.0,0.0,44
201400018228,14,12,9,945,1,2,1,7.0,1,44180,M,0.0,0.0,44
201400018229,14,2,21,1845,3,1,1,1.0,6,44202,M,0.0,0.0,44
201400018230,14,8,5,1915,1,1,3,1.0,3,44202,M,0.0,0.0,44
201400018231,14,9,5,1600,1,1,1,1.0,1,44028,M,0.0,0.0,44
201400018232,14,9,26,815,1,1,1,1.0,1,44048,M,0.0,0.0,44
201400018233,14,10,4,1330,1,1,1,1.0,6,44077,M,0.0,0.0,44
201400018234,14,11,5,730,2,1,1,1.0,3,44082,M,0.0,0.0,44
201400018235,14,12,12,1130,1,1,1,3.0,4,44028,M,0.0,0.0,44
201400018236,14,12,21,1515,1,2,1,1.0,6,44118,M,0.0,0.0,44
201400018237,14,1,4,1230,1,1,1,3.0,1,44056,M,4744200.0,-178300.0,44
201400018238,14,5,29,1845,1,1,1,8.0,7,44057,M,0.0,0.0,44
201400018239,14,7,2,1230,1,1,1,1.0,3,44128,M,0.0,0.0,44
201400018240,14,8,24,15,5,1,6,1.0,6,44185,M,0.0,0.0,44
201400018241,14,8,17,945,1,1,1,1.0,6,44126,M,0.0,0.0,44
201400018242,14,10,19,1215,1,1,1,1.0,1,44131,M,0.0,0.0,44
201400018243,14,1,25,1915,5,2,1,1.0,1,44154,M,0.0,0.0,44
201400018244,14,2,21,1515,1,2,1,1.0,6,44043,M,0.0,0.0,44
201400018245,14,11,6,400,3,1,1,5.0,6,44088,M,0.0,0.0,44
201400018246,14,1,25,1630,1,2,7,1.0,1,44212,M,0.0,0.0,44
201400018247,14,4,11,930,1,2,1,1.0,6,44212,M,0.0,0.0,44
201400018248,14,6,11,1500,1,1,1,1.0,6,44084,M,0.0,0.0,44
201400018249,14,6,12,730,2,1,1,1.0,1,44212,M,0.0,0.0,44
201400018250,14,6,10,1700,1,1,1,1.0,1,44212,M,0.0,0.0,44
201400018251,14,8,13,2145,2,1,1,1.0,5,44169,M,0.0,0.0,44
201400018252,14,12,15,745,3,1,2,1.0,3,44032,M,4717800.0,-137200.0,44
201400018253,14,1,15,1915,3,1,6,3.0,2,44130,M,0.0,0.0,44
201400018254,14,2,7,1015,1,2,1,1.0,6,44130,M,0.0,0.0,44
201400018255,14,4,17,1845,1,1,3,1.0,3,44018,M,4713300.0,-165000.0,44
201400018256,14,10,14,845,1,1,2,7.0,1,44018,M,0.0,0.0,44
201400018257,14,9,29,815,1,1,1,2.0,5,44155,M,4702000.0,-157000.0,44
201400018258,14,5,1,515,3,1,1,2.0,6,44069,M,4734200.0,-237700.0,44
201400018259,14,8,3,1900,1,1,2,2.0,3,25473,M,4718200.0,599500.0,25
201400018260,14,4,16,845,1,1,1,1.0,1,25034,M,4731200.0,594400.0,25
201400018261,14,4,16,1330,1,2,1,1.0,6,25217,M,4731600.0,586900.0,25
201400018262,14,6,26,1730,1,1,1,1.0,3,25030,M,4726700.0,586200.0,25
201400018263,14,7,31,800,1,2,2,1.0,3,25527,M,4718300.0,592700.0,25
201400018264,14,8,23,1700,1,1,1,1.0,1,25475,M,4711400.0,587800.0,25
201400018265,14,9,16,1815,1,1,1,1.0,4,25149,M,4716400.0,595300.0,25
201400018266,14,6,3,830,1,2,1,1.0,3,25505,M,0.0,0.0,25
201400018267,14,9,3,1015,1,2,1,1.0,1,25578,M,4714818.0,634403.0,25
201400018268,14,12,18,745,2,2,6,2.0,1,25578,M,4714869.0,633235.0,25
201400018269,14,2,18,2300,3,1,1,1.0,7,25190,M,4750900.0,692200.0,25
201400018270,14,3,8,1700,1,2,1,1.0,6,25237,M,4752300.0,690100.0,25
201400018271,14,4,9,1745,1,2,1,1.0,3,25367,M,4745500.0,680100.0,25
201400018272,14,9,6,1530,1,1,1,1.0,7,25378,M,4742100.0,689300.0,25
201400018273,14,10,14,2015,5,2,1,1.0,7,25004,M,4743500.0,692000.0,25
201400018274,14,4,6,730,1,2,1,1.0,1,25463,M,0.0,0.0,25
201400018275,14,12,19,1915,3,1,1,2.0,1,25422,M,0.0,0.0,25
201400018276,14,1,10,2200,3,1,1,1.0,3,25282,M,0.0,0.0,25
201400018277,14,7,10,1415,1,1,1,2.0,1,25110,M,0.0,0.0,25
201400018278,14,9,5,1745,1,1,1,1.0,7,25440,M,0.0,0.0,25
201400018279,14,10,4,1700,1,1,1,1.0,3,25259,M,0.0,0.0,25
201400018280,14,10,25,1630,1,2,1,1.0,6,25025,M,0.0,0.0,25
201400018281,14,11,13,1015,1,1,1,8.0,1,25157,M,0.0,0.0,25
201400018282,14,11,25,1600,1,1,1,1.0,6,25122,M,0.0,0.0,25
201400018283,14,11,1,2245,3,1,1,1.0,6,25514,M,0.0,0.0,25
201400018284,14,2,27,1430,1,2,3,1.0,6,25321,M,0.0,0.0,25
201400018285,14,5,31,930,1,1,1,1.0,7,25248,M,4720000.0,675000.0,25
201400018286,14,7,12,1445,1,1,1,2.0,6,25012,M,0.0,0.0,25
201400018287,14,10,7,715,2,1,1,2.0,1,25347,M,0.0,0.0,25
201400018288,14,6,29,545,2,1,1,3.0,1,73141,M,4543830.0,604990.0,73
201400018289,14,7,28,1630,1,1,1,2.0,2,39043,M,0.0,0.0,39
201400018290,14,2,12,900,1,2,9,1.0,6,39500,M,0.0,0.0,39
201400018291,14,6,6,230,3,1,1,1.0,6,39176,M,4700400.0,577000.0,39
201400018292,14,3,24,1100,1,1,1,4.0,7,39037,M,0.0,0.0,39
201400018293,14,4,23,1730,1,1,1,1.0,5,39034,M,0.0,0.0,39
201400018294,14,12,23,1515,1,2,2,1.0,3,39571,M,0.0,0.0,39
201400018295,14,4,4,1945,2,2,1,1.0,7,39190,M,0.0,0.0,39
201400018296,14,9,4,2000,2,1,1,1.0,6,39579,M,0.0,0.0,39
201400018297,14,9,6,1545,1,2,1,1.0,1,39491,M,0.0,0.0,39
201400018298,14,3,10,645,2,1,1,2.0,6,39131,M,0.0,0.0,39
201400018299,14,6,14,1645,1,1,1,1.0,3,39470,M,0.0,0.0,39
201400018300,14,11,16,2045,3,1,1,2.0,2,39470,M,0.0,0.0,39
201400018301,14,5,17,1730,1,1,1,1.0,6,22222,M,4868070.0,-295611.0,22
201400018302,14,6,19,2115,1,2,1,1.0,1,22367,M,4855662.0,-285331.0,22
201400018303,14,7,25,1600,1,2,1,1.0,6,22222,M,4867595.0,-292901.0,22
201400018304,14,8,8,945,1,1,1,1.0,1,22251,M,4854336.0,-283701.0,22
201400018305,14,8,8,1000,1,2,1,2.0,1,22222,M,4866818.0,-292002.0,22
201400018306,14,9,21,2015,2,2,1,1.0,7,22007,M,4860888.0,-282264.0,22
201400018307,14,9,27,1000,1,2,1,1.0,3,22007,M,4861199.0,-282881.0,22
201400018308,14,10,17,1800,1,2,4,1.0,3,22325,M,4864957.0,-283930.0,22
201400018309,14,3,14,1800,1,1,2,1.0,3,22136,M,4818416.0,-278005.0,22
201400018310,14,3,24,2115,3,1,1,1.0,2,22136,M,4815070.0,-275928.0,22
201400018311,14,4,5,1700,1,1,2,1.0,3,22136,M,4817830.0,-277860.0,22
201400018312,14,5,10,730,2,1,1,2.0,7,22155,M,4822183.0,-273963.0,22
201400018313,14,5,26,1545,1,1,1,1.0,7,22136,M,4818154.0,-280963.0,22
201400018314,14,6,17,1500,1,1,1,1.0,1,22136,M,4820451.0,-275558.0,22
201400018315,14,7,16,1415,1,1,2,1.0,2,22136,M,4818341.0,-283133.0,22
201400018316,14,9,13,2300,3,1,1,1.0,1,22136,M,4820019.0,-278635.0,22
201400018317,14,9,16,930,1,1,1,1.0,6,22330,M,4822681.0,-284725.0,22
201400018318,14,11,3,700,3,1,1,3.0,1,22300,M,4827733.0,-280277.0,22
201400018319,14,12,21,1145,1,1,2,1.0,3,22384,M,4827906.0,-283121.0,22
201400018320,14,12,24,1745,1,1,1,2.0,6,22155,M,4823317.0,-268517.0,22
201400018321,14,1,26,2300,3,1,6,1.0,6,22371,M,4819643.0,-233194.0,22
201400018322,14,5,9,1230,1,1,2,8.0,1,22183,M,4817851.0,-261021.0,22
201400018323,14,11,12,945,1,1,1,1.0,1,22183,M,4817676.0,-256178.0,22
201400018324,14,11,21,1745,2,1,1,8.0,1,22309,M,4821802.0,-238581.0,22
201400018325,14,3,4,1900,5,2,2,2.0,3,22258,M,4842138.0,-265880.0,22
201400018326,14,3,25,1315,1,1,1,2.0,1,22080,M,4835657.0,-283777.0,22
201400018327,14,4,28,2330,3,1,1,1.0,6,22258,M,4843156.0,-264028.0,22
201400018328,14,5,15,1715,1,1,9,1.0,6,22191,M,4827336.0,-259452.0,22
201400018329,14,7,26,1945,1,1,1,1.0,1,22079,M,4838263.0,-265614.0,22
201400018330,14,10,6,1500,1,1,1,1.0,6,22080,M,4834744.0,-284174.0,22
201400018331,14,10,10,730,2,1,2,8.0,3,22281,M,4841180.0,-274346.0,22
201400018332,14,10,18,1130,1,2,7,1.0,6,22345,M,4835548.0,-255288.0,22
201400018333,14,11,8,745,2,2,2,2.0,3,22203,M,4834969.0,-275906.0,22
201400018334,14,12,12,1700,2,1,1,2.0,6,22191,M,4831250.0,-261495.0,22
201400018335,14,12,15,200,3,1,1,2.0,7,22080,M,4835764.0,-285462.0,22
201400018336,14,12,26,1600,1,1,1,2.0,1,22258,M,4841760.0,-262535.0,22
201400018337,14,3,4,1030,1,2,1,1.0,6,22050,M,4845648.0,-205327.0,22
201400018338,14,3,26,1700,1,1,1,1.0,6,22118,M,4843363.0,-201244.0,22
201400018339,14,4,2,745,1,1,1,1.0,1,22026,M,4839691.0,-202711.0,22
201400018340,14,4,11,1730,3,1,1,1.0,1,22364,M,4843712.0,-209352.0,22
201400018341,14,4,21,115,5,2,1,1.0,6,22050,M,4844755.0,-207247.0,22
201400018342,14,5,16,1500,1,2,3,1.0,3,22050,M,4845537.0,-204913.0,22
201400018343,14,6,3,845,1,1,3,1.0,3,22035,M,4841470.0,-196026.0,22
201400018344,14,7,11,1730,1,1,1,1.0,1,22308,M,4834918.0,-204227.0,22
201400018345,14,7,16,1745,1,1,2,1.0,3,22213,M,4852689.0,-200548.0,22
201400018346,14,7,31,1945,1,1,2,1.0,3,22197,M,4848736.0,-193822.0,22
201400018347,14,8,9,2145,3,1,1,1.0,3,22197,M,4850332.0,-196357.0,22
201400018348,14,8,22,1515,1,1,1,1.0,3,22385,M,4849313.0,-197518.0,22
201400018349,14,9,1,315,3,2,1,1.0,6,22118,M,4845665.0,-202990.0,22
201400018350,14,9,12,1115,1,2,1,1.0,6,22050,M,4844561.0,-204752.0,22
201400018351,14,9,18,1745,1,2,1,1.0,6,22299,M,4847080.0,-195974.0,22
201400018352,14,10,1,1745,1,1,1,2.0,3,22003,M,4845348.0,-210663.0,22
201400018353,14,10,2,900,1,2,6,1.0,3,22123,M,4844223.0,-204735.0,22
201400018354,14,11,10,1915,3,1,1,1.0,7,22035,M,4842305.0,-196749.0,22
201400018355,14,11,27,1030,1,2,1,1.0,1,22197,M,4851426.0,-194722.0,22
201400018356,14,12,26,1200,1,2,1,2.0,7,22008,M,4841118.0,-208248.0,22
201400018357,14,5,27,1815,1,1,4,1.0,1,22310,M,4862597.0,-324153.0,22
201400018358,14,12,27,2015,3,1,1,2.0,7,22248,M,4862557.0,-313305.0,22
201400018359,14,3,23,1000,1,2,3,1.0,6,22013,M,4847406.0,-318829.0,22
201400018360,14,5,5,930,1,1,1,1.0,7,22023,M,4844682.0,-335688.0,22
201400018361,14,9,12,1515,1,1,1,1.0,6,22216,M,4847940.0,-338806.0,22
201400018362,14,2,26,2000,3,1,1,1.0,6,22181,M,4821712.0,-320627.0,22
201400018363,14,7,10,1045,1,1,1,1.0,6,22107,M,4823302.0,-314320.0,22
201400018364,14,7,10,1630,1,2,1,1.0,7,22181,M,4820303.0,-320918.0,22
201400018365,14,8,8,1545,1,1,2,3.0,3,22158,M,4820315.0,-296586.0,22
201400018366,14,12,19,1330,1,1,2,3.0,3,22158,M,4820875.0,-297339.0,22
201400018367,14,1,3,1830,5,2,1,1.0,6,22266,M,4823573.0,-331985.0,22
201400018368,14,1,30,2115,3,1,3,1.0,3,22061,M,4825546.0,-338609.0,22
201400018369,14,4,5,45,3,1,1,1.0,6,22229,M,4827524.0,-326345.0,22
201400018370,14,6,7,1445,1,1,1,1.0,7,22029,M,4834305.0,-308143.0,22
201400018371,14,6,17,1800,1,1,2,1.0,3,22163,M,4825721.0,-344682.0,22
201400018372,14,4,13,1119,1,2,2,1.0,3,68155,M,4809619.0,730383.0,68
201400018373,14,9,21,1115,2,1,1,1.0,1,22029,M,4831523.0,-312803.0,22
201400018374,14,11,1,1845,3,1,1,1.0,1,22229,M,4826987.0,-327322.0,22
201400018375,14,12,27,1300,1,1,1,2.0,3,22061,M,4823543.0,-338278.0,22
201400018376,14,4,25,1615,1,1,1,1.0,2,22211,M,4869005.0,-344546.0,22
201400018377,14,5,2,1745,1,1,1,1.0,6,22119,M,4861833.0,-353146.0,22
201400018378,14,6,7,2030,1,1,2,1.0,1,22207,M,4863872.0,-345499.0,22
201400018379,14,6,15,1630,1,1,1,1.0,6,22226,M,4868753.0,-356100.0,22
201400018380,14,6,29,45,3,1,1,1.0,5,22349,M,4870635.0,-355916.0,22
201400018381,14,9,9,1930,1,1,1,1.0,6,22194,M,4866559.0,-360140.0,22
201400018382,14,9,29,1930,1,1,3,1.0,3,22211,M,4865571.0,-344448.0,22
201400018383,14,10,16,945,1,1,1,2.0,4,22224,M,4871507.0,-349479.0,22
201400018384,14,1,9,830,2,2,1,9.0,2,22362,M,4878275.0,-323214.0,22
201400018385,14,2,16,1500,1,1,2,1.0,3,22347,M,4880546.0,-319867.0,22
201400018386,14,3,1,1330,1,1,2,1.0,3,22152,M,4876633.0,-327885.0,22
201400018387,14,3,31,1500,1,1,6,2.0,1,22152,M,4877259.0,-323808.0,22
201400018388,14,4,10,1130,1,1,2,1.0,2,22028,M,4878335.0,-332487.0,22
201400018389,14,4,18,1715,1,2,3,1.0,3,22199,M,4880017.0,-315556.0,22
201400018390,14,6,1,1400,1,2,7,1.0,1,22362,M,4878808.0,-322510.0,22
201400018391,14,7,15,1830,1,1,1,1.0,1,22166,M,4882280.0,-330567.0,22
201400018392,14,7,29,1300,1,2,1,1.0,3,22195,M,4884110.0,-313943.0,22
201400018393,14,8,23,1800,1,1,1,1.0,6,22218,M,4885855.0,-322085.0,22
201400018394,14,10,16,1600,1,1,1,1.0,1,22042,M,4875738.0,-330346.0,22
201400018395,14,10,17,1845,1,1,2,1.0,3,22166,M,4879717.0,-331312.0,22
201400018396,14,11,7,1715,1,1,6,1.0,1,22152,M,4876063.0,-329386.0,22
201400018397,14,12,5,830,2,1,1,9.0,6,22028,M,4878122.0,-331935.0,22
201400018398,14,1,6,1600,1,1,1,1.0,1,68374,M,4806718.0,724865.0,68
201400018399,14,5,9,1740,1,2,1,1.0,7,68150,M,4803502.0,728734.0,68
201400018400,14,5,30,1515,1,1,1,1.0,7,68374,M,4807256.0,726608.0,68
201400018401,14,11,19,1700,2,2,1,2.0,6,68270,M,4778171.0,727391.0,68
201400018402,14,2,28,2215,3,1,3,8.0,3,68135,M,4758921.0,754723.0,68
201400018403,14,4,9,1900,2,2,3,1.0,7,68135,M,4757269.0,751207.0,68
201400018404,14,4,28,645,1,2,2,2.0,2,68349,M,4760253.0,758377.0,68
201400018405,14,10,18,1800,1,2,2,1.0,3,68349,M,4760253.0,758377.0,68
201400018406,14,8,22,1710,1,1,2,1.0,3,68234,M,4794219.0,741721.0,68
201400018407,14,3,9,1345,1,1,1,1.0,7,68307,M,4781199.0,687086.0,68
201400018408,14,7,14,1830,1,1,1,1.0,6,68060,M,4771446.0,711582.0,68
201400018409,14,11,26,1430,1,1,1,1.0,1,68201,M,4778200.0,699500.0,68
201400018410,14,2,17,1815,2,2,1,1.0,6,34252,M,0.0,0.0,34
201400018411,14,4,14,1730,1,1,6,1.0,1,34119,M,0.0,0.0,34
201400018412,14,4,29,1345,1,1,1,1.0,1,34019,M,0.0,0.0,34
201400018413,14,7,1,930,1,2,1,1.0,6,34126,M,0.0,0.0,34
201400018414,14,3,16,1930,2,1,1,1.0,7,34310,M,0.0,0.0,34
201400018415,14,4,18,1545,1,2,1,1.0,1,34310,M,0.0,0.0,34
201400018416,14,5,11,1845,1,2,1,1.0,6,34069,M,4339626.0,309799.0,34
201400018417,14,5,13,1145,1,1,1,1.0,1,34178,M,0.0,0.0,34
201400018418,14,5,14,745,1,1,1,1.0,3,34310,M,0.0,0.0,34
201400018419,14,6,8,1700,1,1,1,1.0,7,34223,M,0.0,0.0,34
201400018420,14,6,11,1600,1,1,1,1.0,7,34130,M,4353643.0,318355.0,34
201400018421,14,6,24,1800,1,2,2,1.0,3,34074,M,0.0,0.0,34
201400018422,14,7,1,830,1,1,1,1.0,2,34070,M,0.0,0.0,34
201400018423,14,7,4,2100,2,1,1,1.0,6,34130,M,0.0,0.0,34
201400018424,14,6,21,1100,1,1,1,1.0,1,34147,M,4348277.0,320156.0,34
201400018425,14,9,7,2215,3,1,1,1.0,1,34214,M,0.0,0.0,34
201400018426,14,9,27,15,3,1,1,1.0,6,34300,M,0.0,0.0,34
201400018427,14,2,9,1515,1,1,1,1.0,1,34334,M,4354700.0,298000.0,34
201400018428,14,5,29,1500,1,1,1,1.0,7,34293,M,4399000.0,216500.0,34
201400018429,14,9,19,1645,1,1,1,1.0,6,34193,M,0.0,0.0,34
201400018430,14,8,6,1430,1,1,1,1.0,6,34209,M,0.0,0.0,34
201400018431,14,3,6,530,3,1,1,1.0,6,34072,M,0.0,0.0,34
201400018432,14,7,28,1730,1,1,1,1.0,1,34220,M,0.0,0.0,34
201400018433,14,4,4,1745,1,2,1,1.0,3,34222,M,0.0,0.0,34
201400018434,14,4,16,1400,1,2,1,1.0,6,34079,M,0.0,0.0,34
201400018435,14,4,25,1830,1,1,1,1.0,1,34013,M,0.0,0.0,34
201400018436,14,7,4,430,3,1,1,1.0,6,34076,M,0.0,0.0,34
201400018437,14,7,4,2315,3,1,1,1.0,6,34180,M,0.0,0.0,34
201400018438,14,7,19,2215,3,1,1,1.0,6,34323,M,0.0,0.0,34
201400018439,14,10,16,1130,1,2,1,1.0,6,34079,M,0.0,0.0,34
201400018440,14,10,26,1800,2,1,1,1.0,3,34051,M,0.0,0.0,34
201400018441,14,11,15,1600,2,2,1,1.0,6,34194,M,0.0,0.0,34
201400018442,14,12,18,1745,3,2,1,1.0,6,34079,M,0.0,0.0,34
201400018443,14,1,8,1850,3,1,1,1.0,5,15012,M,,,15
201400018444,14,1,17,1410,1,2,1,1.0,6,15014,M,,,15
201400018445,14,2,17,1600,1,2,1,7.0,6,15014,M,,,15
201400018446,14,3,1,1400,1,1,1,1.0,6,15014,M,,,15
201400018447,14,3,11,1535,1,2,1,1.0,6,15014,M,,,15
201400018448,14,3,13,905,1,2,1,1.0,6,15014,M,,,15
201400018449,14,4,11,1745,1,1,1,1.0,1,15012,M,,,15
201400018450,14,5,15,1715,1,2,2,1.0,3,15014,M,,,15
201400018451,14,6,11,1134,1,1,1,1.0,3,15012,M,,,15
201400018452,14,7,29,1300,1,2,2,1.0,3,15014,M,,,15
201400018453,14,8,14,1900,1,2,1,1.0,6,15014,M,,,15
201400018454,14,9,20,1545,1,1,1,1.0,6,15014,M,,,15
201400018455,14,10,25,2034,5,2,1,1.0,6,15014,M,,,15
201400018456,14,6,21,2045,1,1,9,1.0,3,34101,M,4337660.0,348532.0,34
201400018457,14,7,12,2015,1,1,1,1.0,1,34150,M,4332000.0,354054.0,34
201400018458,14,8,24,1145,1,1,1,1.0,6,34101,M,0.0,0.0,34
201400018459,14,1,4,30,3,1,1,3.0,7,34002,M,4353500.0,343300.0,34
201400018460,14,4,18,1630,1,2,9,1.0,6,34199,M,0.0,0.0,34
201400018461,14,5,19,1700,1,1,1,3.0,6,34017,M,4347373.0,345212.0,34
201400018462,14,6,13,1615,1,1,1,1.0,1,34199,M,4342437.0,341628.0,34
201400018463,14,10,15,1300,1,2,1,1.0,6,34199,M,0.0,0.0,34
201400018464,14,8,13,2015,1,2,6,1.0,3,86178,M,0.0,0.0,86