Num_Acc,an,mois,jour,hrmn,lum,agg,int,atm,col,com,gps,lat,long,dep
201400018465,14,8,15,2200,3,1,1,3.0,6,86263,M,0.0,0.0,86
201400018466,14,9,5,945,1,1,1,1.0,7,86099,M,0.0,0.0,86
201400018467,14,10,3,1830,2,1,2,7.0,3,86141,M,0.0,0.0,86
201400018468,14,6,17,1700,1,2,1,1.0,2,86082,M,0.0,0.0,86
201400018469,14,6,20,530,2,1,1,1.0,1,86082,M,0.0,0.0,86
201400018470,14,8,23,1130,1,1,1,2.0,3,86213,M,0.0,0.0,86
201400018471,14,1,19,430,3,1,1,1.0,6,86030,M,0.0,0.0,86
201400018472,14,6,7,1200,1,1,1,1.0,2,86300,M,0.0,0.0,86
201400018473,14,7,25,845,1,1,1,1.0,6,86177,M,0.0,0.0,86
201400018474,14,7,31,1115,1,1,1,1.0,2,86271,M,0.0,0.0,86
201400018475,14,9,1,1145,1,2,1,1.0,7,86160,M,0.0,0.0,86
201400018476,14,10,1,1145,1,2,1,1.0,7,86160,M,0.0,0.0,86
201400018477,14,11,7,1745,5,2,1,1.0,6,86160,M,0.0,0.0,86
201400018478,14,12,16,1045,3,1,1,2.0,6,86160,M,0.0,0.0,86
201400018479,14,2,4,2315,3,2,2,2.0,3,86092,M,0.0,0.0,86
201400018480,14,6,7,800,1,2,1,8.0,1,86137,M,0.0,0.0,86
201400018481,14,6,12,2030,1,1,1,1.0,3,86137,M,0.0,0.0,86
201400018482,14,7,15,730,1,1,1,1.0,1,86049,M,0.0,0.0,86
201400018483,14,8,5,1730,1,1,2,1.0,3,86137,M,0.0,0.0,86
201400018484,14,8,25,1915,1,1,1,1.0,4,86137,M,0.0,0.0,86
201400018485,14,8,29,1800,1,1,3,1.0,3,86137,M,0.0,0.0,86
201400018486,14,10,20,830,1,1,1,5.0,1,86274,M,0.0,0.0,86
201400018487,14,11,13,1315,1,1,1,1.0,2,86137,M,0.0,0.0,86
201400018488,14,7,18,1630,1,2,1,1.0,6,29189,M,4837623.0,-437077.0,29
201400018489,14,8,19,1730,1,1,1,1.0,1,29086,M,4837300.0,-421700.0,29
201400018490,14,11,12,1545,1,2,1,1.0,6,29189,M,4838500.0,-434300.0,29
201400018491,14,1,4,1230,1,1,1,1.0,3,41097,M,4727200.0,166300.0,41
201400018492,14,1,14,1645,1,1,2,7.0,3,41097,M,4728400.0,170700.0,41
201400018493,14,2,22,930,1,1,1,1.0,3,41038,M,4727800.0,174500.0,41
201400018494,14,6,11,1100,1,1,1,1.0,7,41222,M,4727300.0,181800.0,41
201400018495,14,6,13,2100,2,1,1,1.0,6,41242,M,4727600.0,156300.0,41
201400018496,14,9,5,2100,5,2,1,1.0,6,41242,M,4727700.0,155800.0,41
201400018497,14,8,27,930,1,1,1,1.0,6,41097,M,4728800.0,171400.0,41
201400018498,14,9,17,1230,1,1,1,1.0,6,41242,M,4727200.0,155700.0,41
201400018499,14,10,5,415,3,1,1,2.0,6,41139,M,4725500.0,152900.0,41
201400018500,14,11,2,2015,3,1,1,3.0,6,41185,M,4734800.0,172300.0,41
201400018501,14,12,13,1345,1,1,1,8.0,7,41016,M,4732200.0,157100.0,41
201400018502,14,1,2,1515,1,1,1,2.0,2,41229,M,4731000.0,134800.0,41
201400018503,14,1,9,1330,1,1,1,6.0,6,41180,M,4740800.0,121000.0,41
201400018504,14,1,20,1400,1,2,1,1.0,6,41151,M,4734600.0,118600.0,41
201400018505,14,2,25,1030,1,1,1,1.0,1,41145,M,4747000.0,129400.0,41
201400018506,14,3,15,1330,1,1,1,1.0,1,41229,M,4731100.0,139800.0,41
201400018507,14,4,1,1115,1,2,1,1.0,3,41059,M,4742600.0,143300.0,41
201400018508,14,4,12,1430,1,2,1,1.0,6,41257,M,4738800.0,128300.0,41
201400018509,14,4,21,1800,1,2,2,1.0,3,41092,M,4744800.0,134200.0,41
201400018510,14,5,25,15,3,1,1,8.0,6,41146,M,4736700.0,131200.0,41
201400018511,14,6,18,700,1,1,1,1.0,1,41094,M,4744300.0,142700.0,41
201400018512,14,7,21,745,1,2,1,1.0,2,41237,M,4739500.0,144200.0,41
201400018513,14,7,25,800,1,2,1,8.0,6,41145,M,4747600.0,129400.0,41
201400018514,14,8,6,1215,1,1,1,2.0,7,41181,M,4732600.0,127300.0,41
201400018515,14,8,19,1130,1,1,1,1.0,1,41051,M,4734500.0,114000.0,41
201400018516,14,8,27,1630,1,1,1,1.0,1,41145,M,4734600.0,126200.0,41
201400018517,14,8,26,1800,1,1,1,1.0,1,41151,M,4736300.0,121000.0,41
201400018518,14,9,4,1115,1,1,1,1.0,7,41239,M,4726000.0,135600.0,41
201400018519,14,9,19,1130,1,2,1,1.0,6,41164,M,4728900.0,138700.0,41
201400018520,14,9,26,1730,1,1,1,1.0,6,41094,M,4744000.0,140200.0,41
201400018521,14,9,28,1045,1,1,1,1.0,6,41080,M,4733200.0,119500.0,41
201400018522,14,10,27,1700,2,1,1,1.0,2,41049,M,4734600.0,148100.0,41
201400018523,14,11,5,1200,1,2,1,1.0,1,41180,M,4768700.0,125100.0,41
201400018524,14,11,24,1500,1,2,8,2.0,1,41258,M,4732600.0,131800.0,41
201400018525,14,1,5,1230,1,1,1,1.0,6,41232,M,4743900.0,202599.0,41
201400018526,14,1,9,830,1,2,1,1.0,6,41232,M,4742500.0,205300.0,41
201400018527,14,2,5,1730,2,1,1,1.0,1,41152,M,4753900.0,169200.0,41
201400018528,14,2,10,800,1,1,1,2.0,6,41106,M,4759600.0,201900.0,41
201400018529,14,4,5,1830,1,1,1,1.0,1,41232,M,4745400.0,206999.0,41
201400018530,14,7,6,645,2,1,1,2.0,6,41297,M,4765500.0,186400.0,41
201400018531,14,8,27,2015,3,1,1,2.0,7,41241,M,4735800.0,190500.0,41
201400018532,14,9,8,430,3,1,1,1.0,7,41296,M,4763400.0,200100.0,41
201400018533,14,9,26,1815,1,1,1,1.0,7,41232,M,4744400.0,206700.0,41
201400018534,14,10,27,330,3,1,1,5.0,7,41296,M,4763700.0,200400.0,41
201400018535,14,11,15,915,1,1,2,1.0,3,41241,M,0.0,0.0,41
201400018536,14,12,1,1045,1,1,1,2.0,6,41159,M,4754000.0,176300.0,41
201400018537,14,1,6,1830,5,2,1,2.0,2,41175,M,4787000.0,114100.0,41
201400018538,14,1,8,745,2,2,1,1.0,6,41209,M,4785200.0,108700.0,41
201400018539,14,1,28,1630,1,1,1,2.0,7,41026,M,4794600.0,128800.0,41
201400018540,14,3,22,2230,3,1,1,1.0,7,41190,M,4728700.0,113400.0,41
201400018541,14,5,29,800,1,1,1,1.0,6,41254,M,4792900.0,93300.0,41
201400018542,14,6,2,530,2,1,1,1.0,6,41209,M,4785700.0,108400.0,41
201400018543,14,6,25,1515,1,1,1,1.0,2,41060,M,4797100.0,90900.0,41
201400018544,14,6,28,2300,4,2,1,1.0,6,41254,M,4793800.0,93400.0,41
201400018545,14,7,19,1915,1,1,1,2.0,6,41277,M,4796900.0,117000.0,41
201400018546,14,7,25,630,1,1,1,1.0,6,41028,M,4789300.0,111900.0,41
201400018547,14,9,2,1545,1,1,1,1.0,4,41214,M,4791900.0,121300.0,41
201400018548,14,9,13,2045,3,1,1,1.0,7,41073,M,4788300.0,103699.0,41
201400018549,14,10,5,45,3,1,1,1.0,1,41175,M,4786700.0,112700.0,41
201400018550,14,10,7,445,5,2,1,2.0,6,41235,M,4791000.0,85100.0,41
201400018551,14,10,31,1345,1,1,1,1.0,3,41196,M,4802400.0,112300.0,41
201400018552,14,2,24,945,1,1,1,1.0,6,47209,M,0.0,0.0,47
201400018553,14,4,4,1900,2,1,1,1.0,6,47066,M,4425130.0,40572.0,47
201400018554,14,1,23,1445,1,1,1,1.0,6,47113,M,0.0,0.0,47
201400018555,14,1,23,1730,1,1,3,3.0,3,47216,M,0.0,0.0,47
201400018556,14,1,28,1145,1,1,3,3.0,3,47003,M,0.0,0.0,47
201400018557,14,3,19,1815,1,1,1,1.0,1,47035,M,0.0,0.0,47
201400018558,14,7,22,800,1,1,1,1.0,6,47232,M,0.0,0.0,47
201400018559,14,7,28,1845,1,1,2,1.0,3,47296,M,4459610.0,52057.0,47
201400018560,14,9,2,1915,1,1,1,1.0,7,47218,M,0.0,0.0,47
201400018561,14,9,10,815,1,1,1,1.0,3,47294,M,4472690.0,19332.0,47
201400018562,14,9,29,715,2,2,1,1.0,3,47301,M,0.0,0.0,47
201400018563,14,10,14,1830,2,2,2,1.0,3,47168,M,4460030.0,36254.0,47
201400018564,14,3,30,1030,1,2,1,1.0,7,47325,M,0.0,0.0,47
201400018565,14,5,26,730,2,1,1,1.0,7,47065,M,0.0,0.0,47
201400018566,14,8,22,1545,1,2,3,3.0,3,47095,M,4440500.0,29694.0,47
201400018567,14,8,30,1345,1,1,1,1.0,6,47065,M,0.0,0.0,47
201400018568,14,9,9,1645,1,1,1,1.0,1,47110,M,4444690.0,29243.0,47
201400018569,14,9,29,1830,1,1,1,1.0,7,47042,M,0.0,0.0,47
201400018570,14,11,16,630,3,1,1,2.0,1,47046,M,4438000.0,23968.0,47
201400018571,14,12,8,1815,1,1,1,1.0,6,47310,M,4437810.0,31846.0,47
201400018572,14,12,22,945,1,1,1,5.0,7,47285,M,4441920.0,12525.0,47
201400018573,14,7,25,2315,3,1,3,1.0,6,47041,M,4420610.0,41043.0,47
201400018574,14,1,6,1730,2,1,1,1.0,3,47043,M,0.0,0.0,47
201400018575,14,2,25,1000,1,1,1,1.0,6,47093,M,0.0,0.0,47
201400018576,14,3,11,1815,1,1,1,1.0,1,47039,M,4414800.0,11100.0,47
201400018577,14,5,9,1033,1,2,1,2.0,1,47043,M,0.0,0.0,47
201400018578,14,5,24,415,3,1,1,1.0,6,47052,M,4429630.0,9930.0,47
201400018579,14,12,13,2230,4,1,1,1.0,7,47222,M,4431020.0,13398.0,47
201400018580,14,11,8,1415,1,1,1,1.0,6,47280,M,0.0,0.0,47
201400018581,14,11,19,1515,1,1,1,1.0,6,47203,M,4438220.0,83019.0,47
201400018582,14,11,26,1730,3,1,6,2.0,2,47315,M,4444990.0,88691.0,47
201400018583,14,12,4,1915,5,2,6,1.0,3,47175,M,4452750.0,76069.0,47
201400018584,14,9,23,1315,1,1,1,1.0,1,47241,M,0.0,0.0,47
201400018585,14,2,15,1900,2,1,1,1.0,6,47079,M,4438000.0,87600.0,47
201400018586,14,6,2,500,3,1,1,1.0,6,47106,M,4450080.0,94717.0,47
201400018587,14,11,11,300,3,1,1,1.0,6,47036,M,4441680.0,97231.0,47
201400018588,14,6,6,1500,1,1,1,1.0,6,46169,M,4470790.0,129690.0,46
201400018589,14,11,20,1700,3,1,1,1.0,1,01079,M,,,01
201400018590,14,1,3,1630,1,2,1,2.0,6,12056,M,4427710.0,243603.0,12
201400018591,14,4,18,1730,1,1,1,1.0,3,12133,M,4431800.0,255819.0,12
201400018592,14,5,23,1450,1,1,3,8.0,1,12102,M,4431490.0,266616.0,12
201400018593,14,6,11,805,1,2,3,1.0,3,12162,M,4434310.0,239802.0,12
201400018594,14,7,27,1300,1,2,1,1.0,6,12050,M,0.0,0.0,12
201400018595,14,8,2,1730,1,2,1,1.0,3,12133,M,4431900.0,253500.0,12
201400018596,14,11,8,930,1,1,1,7.0,1,12185,M,0.0,0.0,12
201400018597,14,11,9,1745,3,1,1,2.0,6,12162,M,4435800.0,239500.0,12
201400018598,14,8,30,1700,1,1,1,1.0,7,12094,M,4465200.0,256100.0,12
201400018599,14,9,4,900,1,1,1,7.0,1,12116,M,0.0,0.0,12
201400018600,14,9,7,1100,1,1,1,1.0,6,12209,M,4466600.0,266300.0,12
201400018601,14,10,4,1915,2,1,1,1.0,6,12093,M,4465900.0,250900.0,12
201400018602,14,10,8,715,2,1,1,1.0,6,12036,M,4482900.0,268800.0,12
201400018603,14,6,12,1600,1,1,1,3.0,6,12168,M,4409250.0,326206.0,12
201400018604,14,10,17,900,1,2,6,1.0,1,12208,M,4396300.0,288200.0,12
201400018605,14,2,1,2030,2,1,1,2.0,7,12147,M,4380680.0,301129.0,12
201400018606,14,2,6,1445,1,1,1,1.0,5,12186,M,4386900.0,256863.0,12
201400018607,14,5,2,1630,1,1,3,1.0,3,12025,M,4387030.0,275674.0,12
201400018608,14,5,28,1200,1,1,1,1.0,3,12042,M,4392690.0,273492.0,12
201400018609,14,6,26,945,1,1,1,1.0,6,12069,M,4387630.0,270105.0,12
201400018610,14,7,7,1145,1,1,1,2.0,5,12195,M,0.0,0.0,12
201400018611,14,7,2,1930,1,1,1,1.0,6,12217,M,4442900.0,195500.0,12
201400018612,14,4,25,2330,5,2,1,1.0,1,49035,M,4741896.0,-61175.0,49
201400018613,14,5,17,945,1,2,1,1.0,6,49214,M,4752924.0,-60475.0,49
201400018614,14,6,17,1800,1,1,1,1.0,7,49278,M,4743292.0,-56929.0,49
201400018615,14,1,12,315,3,1,6,2.0,6,49042,M,4746697.0,-43526.0,49
201400018616,14,1,12,1700,1,2,1,1.0,3,49042,M,4748019.0,-41382.0,49
201400018617,14,2,15,1900,3,1,1,1.0,6,49307,M,4742917.0,-29974.0,49
201400018618,14,3,2,1200,1,1,1,1.0,2,49307,M,4741415.0,-34740.0,49
201400018619,14,6,10,845,1,1,1,1.0,4,49032,M,4741604.0,-35837.0,49
201400018620,14,7,3,1815,1,1,1,7.0,1,49117,M,4742014.0,-42131.0,49
201400018621,14,8,8,1015,1,2,1,2.0,6,49323,M,4751403.0,-47396.0,49
201400018622,14,8,26,1915,1,2,1,1.0,3,49323,M,4751410.0,-47417.0,49
201400018623,14,11,7,2355,3,1,1,1.0,1,49042,M,4746882.0,-44426.0,49
201400018624,14,12,21,800,1,1,1,1.0,6,49042,M,4744798.0,-43864.0,49
201400018625,14,12,29,1415,1,2,1,7.0,2,49042,M,4744762.0,-40962.0,49
201400018626,14,1,26,1345,1,1,1,2.0,6,49063,M,4731550.0,-76648.0,49
201400018627,14,5,30,1830,1,1,2,1.0,3,49039,M,4732199.0,-84103.0,49
201400018628,14,1,20,1900,5,2,1,2.0,1,49316,M,4727164.0,-107380.0,49
201400018629,14,2,16,1500,1,1,1,7.0,7,49204,M,4739699.0,-92060.0,49
201400018630,14,9,26,1545,1,2,1,1.0,6,49313,M,4726938.0,-102592.0,49
201400018631,14,5,23,1630,1,1,2,1.0,3,49150,M,4755258.0,6961.0,49
201400018632,14,8,15,830,1,1,1,8.0,6,49372,M,4750646.0,-15994.0,49
201400018633,14,8,20,1015,1,1,1,7.0,2,49369,M,4738033.0,8685.0,49
201400018634,14,1,8,815,3,1,1,5.0,6,49370,M,4726999.0,-20144.0,49
201400018635,14,2,12,1700,1,2,2,2.0,3,49261,M,4734973.0,-22664.0,49
201400018636,14,1,8,745,2,1,1,5.0,6,49046,M,4716290.0,-4542.0,49
201400018637,14,6,29,815,1,2,2,1.0,3,49364,M,4714562.0,-24212.0,49
201400018638,14,8,16,1915,1,1,1,7.0,4,49215,M,4713703.0,-16378.0,49
201400018639,14,1,21,1730,4,1,1,2.0,1,49248,M,4777702.0,-119317.0,49
201400018640,14,1,31,445,3,1,1,5.0,6,49036,M,4774887.0,-97868.0,49
201400018641,14,2,25,1400,1,1,1,1.0,6,49277,M,4769264.0,-89862.0,49
201400018642,14,3,8,1945,3,1,6,1.0,7,49331,M,4769694.0,-87014.0,49
201400018643,14,4,29,1215,1,2,1,2.0,3,49229,M,4770567.0,-96258.0,49
201400018644,14,7,12,1800,1,1,1,1.0,3,49305,M,4769804.0,-70928.0,49
201400018645,14,8,30,800,1,1,1,1.0,7,49178,M,4760585.0,-99057.0,49
201400018646,14,9,16,730,2,1,1,1.0,6,49248,M,4774382.0,-119121.0,49
201400018647,14,10,26,200,3,1,1,1.0,6,49187,M,4765095.0,-86116.0,49
201400018648,14,11,8,900,1,1,1,8.0,1,49178,M,4760597.0,-99047.0,49
201400018649,14,12,2,1345,1,1,2,8.0,3,49184,M,4770201.0,-83094.0,49
201400018650,14,3,29,1430,1,1,1,1.0,7,49251,M,4758799.0,-66483.0,49
201400018651,14,7,3,1845,1,1,2,1.0,3,49367,M,4756336.0,-86786.0,49
201400018652,14,11,28,900,1,2,3,1.0,3,49176,M,4762487.0,-71877.0,49
201400018653,14,8,24,1830,1,1,1,1.0,7,55085,M,4881958.0,571511.0,55
201400018654,14,9,12,1800,1,1,2,1.0,3,55537,M,0.0,0.0,55
201400018655,14,10,4,1845,1,1,1,1.0,6,55361,M,4927300.0,577300.0,55
201400018656,14,10,14,1445,1,1,1,1.0,1,55317,M,4918300.0,596500.0,55
201400018657,14,4,17,45,3,1,1,1.0,6,55351,M,4952498.0,536155.0,55
201400018658,14,10,31,1100,1,1,1,1.0,7,61104,M,4858638.0,-27733.0,61
201400018659,14,5,17,1615,1,1,1,1.0,7,61064,M,4864334.0,32131.0,61
201400018660,14,7,6,915,1,1,1,3.0,6,61215,M,4853464.0,37231.0,61
201400018661,14,7,26,2045,1,2,1,1.0,6,61314,M,4878533.0,-6446.0,61
201400018662,14,8,22,1400,1,1,1,1.0,2,61170,M,4868711.0,-5962.0,61
201400018663,14,10,29,1330,1,1,2,1.0,3,61009,M,4878411.0,7373.0,61
201400018664,14,12,5,1745,3,1,1,2.0,6,61199,M,4877421.0,-16982.0,61
201400018665,14,1,10,1830,3,1,3,5.0,1,61086,M,4889445.0,11036.0,61
201400018666,14,5,4,845,1,1,1,1.0,7,61138,M,4875178.0,27478.0,61
201400018667,14,7,11,1455,1,2,1,1.0,7,61275,M,4870189.0,29022.0,61
201400018668,14,11,8,2225,3,2,1,8.0,6,61310,M,4871024.0,20314.0,61
201400018669,14,4,17,915,1,2,1,7.0,6,61145,M,4859145.0,-64654.0,61
201400018670,14,10,20,915,1,1,2,1.0,3,61421,M,4854690.0,-77095.0,61
201400018671,14,12,23,1230,1,2,1,2.0,2,61145,M,4858007.0,-61942.0,61
201400018672,14,4,12,1445,1,2,1,1.0,6,61186,M,4851108.0,-48108.0,61
201400018673,14,5,3,1230,1,1,1,1.0,6,61168,M,4855547.0,-38523.0,61
201400018674,14,5,28,745,1,1,1,1.0,3,61243,M,4858736.0,-33797.0,61
201400018675,14,7,6,1230,1,1,1,1.0,6,61243,M,4858138.0,-35170.0,61
201400018676,14,9,4,1445,1,1,1,1.0,1,61463,M,4862753.0,-42889.0,61
201400018677,14,10,25,2030,3,1,1,1.0,6,61239,M,4856587.0,-77095.0,61
201400018678,14,12,14,1645,1,1,1,1.0,6,61260,M,4866882.0,-40924.0,61
201400018679,14,4,11,1915,1,1,3,1.0,3,61066,M,4850734.0,40567.0,61
201400018680,14,5,5,900,1,1,2,1.0,3,61411,M,4843955.0,45689.0,61
201400018681,14,5,9,1815,1,2,1,1.0,1,61418,M,4850978.0,63339.0,61
201400018682,14,6,10,1700,1,2,2,1.0,3,61414,M,4851267.0,54014.0,61
201400018683,14,9,2,1025,1,1,3,1.0,5,61029,M,4853439.0,49361.0,61
201400018684,14,11,18,1900,3,1,3,1.0,3,61327,M,4843582.0,44684.0,61
201400018685,14,2,9,615,2,2,1,1.0,6,61342,M,4874703.0,57951.0,61
201400018686,14,3,8,1715,1,2,1,1.0,6,61456,M,4876133.0,64398.0,61
201400018687,14,4,4,30,3,2,1,1.0,6,61214,M,4875721.0,60721.0,61
201400018688,14,5,30,15,3,1,1,1.0,7,61456,M,4877969.0,66527.0,61
201400018689,14,5,30,115,3,1,1,1.0,6,61136,M,4884767.0,55887.0,61
201400018690,14,6,10,1900,1,2,1,1.0,6,61214,M,4876584.0,61294.0,61
201400018691,14,7,12,1215,1,1,3,8.0,5,61432,M,4875853.0,68151.0,61
201400018692,14,10,1,630,5,1,7,1.0,6,61214,M,4876483.0,62960.0,61
201400018693,14,8,5,1800,1,1,1,1.0,1,61296,M,4855060.0,77624.0,61
201400018694,14,8,8,2030,2,1,1,1.0,6,61115,M,4838652.0,82223.0,61
201400018695,14,1,31,930,1,1,1,1.0,1,76192,M,5002183.0,134792.0,76
201400018696,14,2,14,730,1,1,3,1.0,3,76618,M,4996261.0,123642.0,76
201400018697,14,2,26,1700,1,1,1,1.0,6,76442,M,4998796.0,147822.0,76
201400018698,14,3,13,1015,1,1,3,5.0,3,76255,M,5006200.0,142454.0,76
201400018699,14,5,24,630,2,2,1,1.0,6,76638,M,5001948.0,145540.0,76
201400018700,14,7,6,1500,1,2,1,2.0,1,76255,M,5003870.0,142358.0,76
201400018701,14,8,2,630,1,2,2,1.0,6,76435,M,4997121.0,144550.0,76
201400018702,14,8,20,845,1,2,1,1.0,1,76255,M,5005640.0,142345.0,76
201400018703,14,9,26,1315,1,1,1,1.0,6,76192,M,5001073.0,129925.0,76
201400018704,14,9,27,1045,1,2,1,1.0,2,76374,M,5001155.0,149370.0,76
201400018705,14,9,23,1800,1,2,1,1.0,6,76192,M,5001656.0,131830.0,76
201400018706,14,10,2,700,2,1,1,1.0,6,76435,M,4997934.0,144298.0,76
201400018707,14,10,17,1845,1,2,1,1.0,3,76638,M,5000796.0,143794.0,76
201400018708,14,10,30,2000,3,1,1,1.0,4,76618,M,4995608.0,122882.0,76
201400018709,14,11,2,2315,5,2,1,2.0,7,76507,M,5004226.0,143711.0,76
201400018710,14,11,12,1845,3,1,3,8.0,2,76696,M,5000008.0,128460.0,76
201400018711,14,12,14,1515,1,1,1,1.0,1,76266,M,5003303.0,137638.0,76
201400018712,14,2,2,930,1,1,2,1.0,3,76591,M,4945114.0,120936.0,76
201400018713,14,3,25,1815,1,2,6,2.0,6,76106,M,4943310.0,125614.0,76
201400018714,14,4,9,2230,4,1,1,1.0,6,76121,M,4956831.0,143522.0,76
201400018715,14,11,14,945,1,1,2,1.0,3,76738,M,4955500.0,127946.0,76
201400018716,14,12,6,1615,1,2,2,1.0,6,76243,M,4953540.0,136198.0,76
201400018717,14,3,22,1430,1,1,1,1.0,1,63350,M,0.0,0.0,63
201400018718,14,5,17,2045,1,2,1,1.0,6,63214,M,4569200.0,319100.0,63
201400018719,14,7,17,1600,1,1,3,1.0,1,63378,M,0.0,0.0,63
201400018720,14,2,16,1700,1,1,1,1.0,3,63207,M,4565100.0,367000.0,63
201400018721,14,3,30,1215,1,2,1,1.0,7,63132,M,4563236.0,356020.0,63
201400018722,14,5,8,1515,1,1,1,1.0,7,63132,M,0.0,0.0,63
201400018723,14,5,11,1215,1,2,1,1.0,6,63258,M,4568000.0,363300.0,63
201400018724,14,6,25,1400,1,1,1,1.0,1,63207,M,0.0,0.0,63
201400018725,14,9,8,1745,1,1,1,3.0,3,63207,M,4567100.0,364700.0,63
201400018726,14,9,17,630,2,1,1,1.0,1,63207,M,4567200.0,364600.0,63
201400018727,14,10,10,1300,1,1,1,3.0,3,63258,M,4568100.0,363800.0,63
201400018728,14,10,23,1730,1,2,7,1.0,6,63132,M,4562542.0,356384.0,63
201400018729,14,11,20,1545,1,2,1,1.0,6,63258,M,4567538.0,364000.0,63
201400018730,14,12,7,1515,1,1,1,2.0,7,63414,M,0.0,0.0,63
201400018731,14,4,5,1400,1,1,1,1.0,3,63412,M,4541000.0,389000.0,63
201400018732,14,5,28,1700,1,1,1,1.0,2,63178,M,0.0,0.0,63
201400018733,14,8,29,1630,1,2,3,1.0,3,63178,M,4554709.0,324121.0,63
201400018734,14,10,6,1730,1,1,1,2.0,6,63199,M,0.0,0.0,63
201400018735,14,11,6,1300,1,1,3,1.0,3,63261,M,4556270.0,327359.0,63
201400018736,14,12,19,845,1,2,3,1.0,2,63178,M,4555139.0,325007.0,63
201400018737,14,6,8,900,1,1,1,1.0,7,63236,M,4559000.0,279600.0,63
201400018738,14,6,16,1500,1,2,1,7.0,7,63246,M,0.0,0.0,63
201400018739,14,7,9,1945,1,1,1,3.0,7,63028,M,0.0,0.0,63
201400018740,14,7,18,1130,1,1,2,1.0,1,63317,M,4596396.0,331763.0,63
201400018741,14,8,9,2015,3,1,1,1.0,7,63400,M,0.0,0.0,63
201400018742,14,8,20,1745,1,1,1,1.0,1,63089,M,4587303.0,321886.0,63
201400018743,14,8,26,1600,1,1,3,1.0,3,63148,M,4589800.0,321500.0,63
201400018744,14,4,28,1445,1,1,1,1.0,6,63055,M,0.0,0.0,63
201400018745,14,6,27,2215,3,1,1,1.0,6,63085,M,0.0,0.0,63
201400018746,14,7,17,1200,1,1,1,1.0,3,63118,M,0.0,0.0,63
201400018747,14,7,30,1915,1,1,1,1.0,1,63385,M,0.0,0.0,63
201400018748,14,6,30,1500,1,1,2,1.0,3,63281,M,4611144.0,269843.0,63
201400018749,14,11,8,1315,1,2,3,1.0,3,63233,M,4617939.0,280931.0,63
201400018750,14,2,12,1015,1,2,1,1.0,6,63430,M,4585124.0,354402.0,63
201400018751,14,3,23,2300,3,1,1,8.0,6,63430,M,0.0,0.0,63
201400018752,14,6,14,1915,1,2,1,1.0,1,63430,M,0.0,0.0,63
201400018753,14,7,17,1630,1,2,1,1.0,6,63430,M,4584850.0,353325.0,63
201400018754,14,12,17,1700,5,2,1,3.0,6,63125,M,4575514.0,354283.0,63
201400018755,14,4,25,100,3,1,1,2.0,6,63265,M,0.0,0.0,63
201400018756,14,4,25,1345,1,1,1,2.0,6,63195,M,0.0,0.0,63
201400018757,14,8,19,1400,1,1,1,1.0,1,63364,M,0.0,0.0,63
201400018758,14,6,13,845,1,2,1,1.0,6,89119,M,4752051.0,353983.0,89
201400018759,14,6,16,1900,1,1,1,1.0,6,89256,M,0.0,0.0,89
201400018760,14,8,21,1615,1,1,1,1.0,6,89125,M,4758628.0,351371.0,89
201400018761,14,8,29,245,5,2,6,1.0,6,89200,M,4792861.0,360544.0,89
201400018762,14,11,4,115,3,1,1,3.0,3,89263,M,4784241.0,355079.0,89
201400018763,14,11,20,700,2,1,1,1.0,2,89068,M,4782031.0,377911.0,89
201400018764,14,4,1,1630,1,1,1,1.0,6,89216,M,4755942.0,326742.0,89
201400018765,14,6,22,1100,1,1,1,1.0,3,89254,M,4770654.0,318178.0,89
201400018766,14,7,12,1130,1,1,9,1.0,6,89192,M,4778929.0,319077.0,89
201400018767,14,1,24,1830,3,1,1,1.0,6,89235,M,4748589.0,399082.0,89
201400018768,14,2,4,1915,5,2,1,2.0,3,89025,M,4749037.0,389697.0,89
201400018769,14,4,7,600,2,1,1,1.0,2,89134,M,4747773.0,401047.0,89
201400018770,14,4,26,2115,3,1,1,2.0,3,89025,M,4745940.0,391786.0,89
201400018771,14,5,10,1545,1,1,1,1.0,6,89349,M,4739955.0,403014.0,89
201400018772,14,8,17,1545,1,1,1,1.0,6,89277,M,4769115.0,386529.0,89
201400018773,14,2,17,1600,1,1,6,1.0,7,89418,M,0.0,0.0,89
201400018774,14,3,13,1745,1,1,1,1.0,6,89211,M,4788381.0,394747.0,89
201400018775,14,1,17,1800,3,1,1,1.0,1,89078,M,4793539.0,336611.0,89
201400018776,14,2,11,1030,1,2,1,1.0,6,89003,M,4787436.0,335069.0,89
201400018777,14,3,16,1545,1,2,1,1.0,3,89304,M,4783093.0,342023.0,89
201400018778,14,6,7,1630,1,2,1,1.0,7,89167,M,4787060.0,345347.0,89
201400018779,14,6,26,1815,1,2,1,1.0,3,89304,M,4784345.0,339401.0,89
201400018780,14,9,7,1015,1,1,1,7.0,7,89334,M,4783277.0,331232.0,89
201400018781,14,12,15,1015,1,1,1,7.0,6,89334,M,4783631.0,329249.0,89