Num_Acc,an,mois,jour,hrmn,lum,agg,int,atm,col,com,gps,lat,long,dep
201400018782,14,12,17,1345,1,1,1,2.0,6,89163,M,4786527.0,323728.0,89
201400018783,14,6,4,1800,1,2,1,1.0,6,89460,M,4834147.0,307695.0,89
201400018784,14,9,3,1600,1,1,1,1.0,3,89449,M,4832846.0,307713.0,89
201400018785,14,9,27,1830,2,1,1,7.0,1,89414,M,4830376.0,342276.0,89
201400018786,14,10,26,1100,1,1,1,1.0,6,89414,M,4828732.0,342764.0,89
201400018787,14,12,1,1745,3,1,1,2.0,3,89074,M,4831627.0,314850.0,89
201400018788,14,1,14,1900,3,1,3,1.0,3,89459,M,4814927.0,317576.0,89
201400018789,14,11,11,1745,3,1,1,1.0,1,89380,M,4807026.0,310456.0,89
201400018790,14,1,23,1945,5,2,2,2.0,3,89464,M,4808351.0,329476.0,89
201400018791,14,5,11,1630,1,1,1,1.0,1,89388,M,4793791.0,325867.0,89
201400018792,14,6,11,2030,1,2,1,1.0,6,89348,M,4802829.0,330282.0,89
201400018793,14,4,29,2230,3,1,1,3.0,6,71525,M,0.0,0.0,71
201400018794,14,10,30,1730,1,1,1,1.0,6,71582,M,0.0,0.0,71
201400018795,14,12,23,1845,3,1,1,4.0,7,71217,M,4628696.0,459142.0,71
201400018796,14,1,30,2015,3,2,6,1.0,6,71591,M,4644910.0,488635.0,71
201400018797,14,6,9,915,1,1,1,1.0,3,71550,M,0.0,0.0,71
201400018798,14,10,11,1815,1,2,2,1.0,4,71345,M,4643551.0,480841.0,71
201400018799,14,10,28,1115,1,1,1,1.0,5,71305,M,0.0,0.0,71
201400018800,14,5,29,245,3,1,1,1.0,6,71190,M,0.0,0.0,71
201400018801,14,5,31,1600,1,1,1,1.0,6,71190,M,0.0,0.0,71
201400018802,14,6,4,1530,1,2,1,1.0,2,71014,M,4695607.0,431433.0,71
201400018803,14,6,8,2200,3,1,1,1.0,3,71162,M,0.0,0.0,71
201400018804,14,7,7,1815,1,2,1,2.0,6,71190,M,4698563.0,451737.0,71
201400018805,14,8,18,945,1,1,9,1.0,3,71144,M,4703863.0,433976.0,71
201400018806,14,8,29,945,1,1,1,2.0,1,71014,M,0.0,0.0,71
201400018807,14,11,3,1800,3,1,1,2.0,1,71349,M,0.0,0.0,71
201400018808,14,11,4,1815,2,1,1,2.0,1,71014,M,4694828.0,434980.0,71
201400018809,14,12,27,1745,5,2,1,8.0,6,71014,M,4694949.0,430040.0,71
201400018810,14,9,7,1545,1,1,1,1.0,7,71450,M,0.0,0.0,71
201400018811,14,3,23,1315,1,2,1,1.0,6,71390,M,4669462.0,434114.0,71
201400018812,14,7,26,1915,1,1,1,8.0,1,71310,M,0.0,0.0,71
201400018813,14,11,7,1515,1,1,1,1.0,6,71268,M,0.0,0.0,71
201400018814,14,9,18,1530,1,1,1,3.0,1,71095,M,0.0,0.0,71
201400018815,14,10,18,1945,5,1,1,1.0,1,71133,M,0.0,0.0,71
201400018816,14,8,3,930,1,2,1,1.0,1,71230,M,4659527.0,405364.0,71
201400018817,14,11,28,630,5,1,1,1.0,3,71212,M,0.0,0.0,71
201400018818,14,1,20,1315,2,1,1,2.0,1,71558,M,0.0,0.0,71
201400018819,14,3,7,1700,1,2,1,7.0,7,71263,M,4662983.0,522564.0,71
201400018820,14,5,17,2030,1,1,1,1.0,6,71528,M,4660422.0,517847.0,71
201400018821,14,5,25,2230,3,1,1,1.0,6,71528,M,0.0,0.0,71
201400018822,14,5,29,1545,1,1,1,1.0,6,71056,M,4664149.0,519717.0,71
201400018823,14,5,30,1430,1,2,3,1.0,3,71263,M,0.0,0.0,71
201400018824,14,6,1,1715,1,2,1,1.0,3,71263,M,0.0,0.0,71
201400018825,14,7,18,1015,1,1,1,1.0,1,71367,M,0.0,0.0,71
201400018826,14,10,27,1400,1,1,2,1.0,3,71484,M,4667080.0,527088.0,71
201400018827,14,9,6,315,3,1,1,1.0,1,71248,M,0.0,0.0,71
201400018828,14,1,23,1845,5,2,1,2.0,6,64410,M,4337600.0,-63000.0,64
201400018829,14,3,10,1415,1,2,1,1.0,1,64512,M,4341100.0,-71500.0,64
201400018830,14,3,29,300,5,1,1,1.0,6,64288,M,4337900.0,-53000.0,64
201400018831,14,8,23,2130,3,2,1,1.0,7,64057,M,0.0,0.0,64
201400018832,14,8,29,800,1,2,6,8.0,6,64410,M,0.0,0.0,64
201400018833,14,10,30,1030,1,2,9,1.0,6,64410,M,4337500.0,-62500.0,64
201400018834,14,9,2,1245,1,2,6,1.0,3,71154,M,0.0,0.0,71
201400018835,14,11,17,1115,1,2,2,2.0,2,71154,M,4682744.0,486714.0,71
201400018836,14,9,20,1345,1,1,3,1.0,5,81031,M,4362840.0,241049.0,81
201400018837,14,1,6,745,2,1,3,1.0,3,81002,M,4351730.0,231097.0,81
201400018838,14,7,16,1830,1,2,1,1.0,6,81307,M,4356860.0,230889.0,81
201400018839,14,8,3,930,1,1,1,1.0,6,81237,M,4348090.0,211293.0,81
201400018840,14,8,10,1015,1,2,3,1.0,6,81066,M,4356870.0,230841.0,81
201400018841,14,8,13,5,3,1,1,2.0,6,81288,M,4345310.0,203551.0,81
201400018842,14,9,17,2115,3,1,1,1.0,6,81325,M,4355410.0,219811.0,81
201400018843,14,9,19,2000,3,1,1,1.0,1,81120,M,4351940.0,230512.0,81
201400018844,14,10,21,1,5,2,1,1.0,6,81307,M,4356880.0,230230.0,81
201400018845,14,12,21,500,3,1,1,1.0,6,81289,M,0.0,0.0,81
201400018846,14,8,23,2000,2,2,3,2.0,3,69082,M,4622500.0,467200.0,69
201400018847,14,9,7,1045,1,2,1,1.0,6,69150,M,0.0,0.0,69
201400018848,14,12,28,2000,3,1,1,9.0,6,69162,M,4613000.0,462400.0,69
201400018849,14,12,2,830,1,1,1,5.0,3,69169,M,4597400.0,442300.0,69
201400018850,14,3,28,2330,5,2,1,1.0,6,33236,M,0.0,0.0,33
201400018851,14,5,7,1045,1,2,1,1.0,6,33036,M,0.0,0.0,33
201400018852,14,6,14,1645,1,1,1,1.0,6,33195,M,0.0,0.0,33
201400018853,14,7,7,1545,1,2,2,1.0,3,33036,M,0.0,0.0,33
201400018854,14,8,16,600,3,2,1,1.0,6,33333,M,0.0,0.0,33
201400018855,14,5,17,2230,3,1,1,1.0,7,33125,M,0.0,0.0,33
201400018856,14,6,4,2230,5,1,1,1.0,6,33314,M,0.0,0.0,33
201400018857,14,7,5,600,2,1,1,1.0,1,33125,M,0.0,0.0,33
201400018858,14,12,6,2115,5,2,1,1.0,3,33314,M,0.0,0.0,33
201400018859,14,9,30,1630,1,1,1,1.0,6,33490,M,0.0,0.0,33
201400018860,14,3,20,1745,1,1,1,1.0,1,33301,M,0.0,0.0,33
201400018861,14,4,16,1745,1,1,1,1.0,1,33531,M,0.0,0.0,33
201400018862,14,12,22,1700,1,1,1,1.0,6,33194,M,0.0,0.0,33
201400018863,14,10,16,1100,1,1,1,2.0,6,33320,M,0.0,0.0,33
201400018864,14,12,6,2330,3,1,1,1.0,7,33480,M,4441400.0,29900.0,33
201400018865,14,6,30,1230,1,2,1,7.0,6,65281,M,4311690.0,6917.0,65
201400018866,14,6,2,1500,1,1,1,1.0,1,65315,M,4324651.0,49864.0,65
201400018867,14,9,25,1430,1,1,1,1.0,7,65028,M,0.0,0.0,65
201400018868,14,2,9,1430,1,1,1,1.0,1,65130,M,4355999.0,-1970.0,65
201400018869,14,5,27,1945,1,2,1,1.0,6,65460,M,4338519.0,5211.0,65
201400018870,14,5,26,1615,1,2,6,1.0,3,65121,M,4335857.0,6467.0,65
201400018871,14,7,23,1015,1,2,1,1.0,6,65460,M,4338514.0,5516.0,65
201400018872,14,10,14,1400,1,1,1,1.0,1,65425,M,0.0,0.0,65
201400018873,14,1,1,15,3,1,1,1.0,7,65138,M,4288263.0,-14044.0,65
201400018874,14,9,19,1330,1,1,1,1.0,7,65271,M,4310123.0,-632.0,65
201400018875,14,6,22,515,2,1,1,1.0,7,41110,M,4730900.0,183600.0,41
201400018876,14,7,21,2045,1,1,1,1.0,6,41126,M,4729200.0,128000.0,41
201400018877,14,8,11,600,2,1,1,1.0,6,41002,M,4730000.0,122600.0,41
201400018878,14,8,29,1945,1,1,1,1.0,2,41110,M,4731000.0,183400.0,41
201400018879,14,9,12,1645,1,1,1,1.0,2,41180,M,4740200.0,126200.0,41
201400018880,14,9,26,1115,2,1,1,1.0,2,41044,M,4729400.0,193200.0,41
201400018881,14,5,16,630,1,2,6,1.0,3,82048,M,0.0,0.0,82
201400018882,14,9,15,1800,1,1,1,1.0,6,82025,M,0.0,0.0,82
201400018883,14,3,17,1945,2,1,1,1.0,6,82127,M,0.0,0.0,82
201400018884,14,8,20,1900,1,1,1,1.0,6,82051,M,4418500.0,115800.0,82
201400018885,14,10,29,2245,3,1,1,1.0,6,82112,M,0.0,0.0,82
201400018886,14,11,14,1715,2,1,1,3.0,2,82169,M,0.0,0.0,82
201400018887,14,11,25,2045,3,1,1,5.0,1,82080,M,0.0,0.0,82
201400018888,14,2,10,1530,1,2,1,1.0,6,80338,M,0.0,0.0,80
201400018889,14,2,15,2215,3,1,1,8.0,6,80036,M,0.0,0.0,80
201400018890,14,3,21,1900,2,1,2,1.0,3,80461,M,0.0,0.0,80
201400018891,14,4,30,2345,3,1,1,1.0,1,80426,M,0.0,0.0,80
201400018892,14,5,18,1600,1,1,1,1.0,6,80752,M,0.0,0.0,80
201400018893,14,7,21,1600,1,1,1,1.0,6,80112,M,0.0,0.0,80
201400018894,14,8,3,715,2,2,1,1.0,6,80429,M,0.0,0.0,80
201400018895,14,10,6,1330,1,1,1,1.0,1,80507,M,4985408.0,254997.0,80
201400018896,14,11,17,1930,3,1,1,2.0,7,80159,M,4986965.0,246662.0,80
201400018897,14,3,14,745,1,1,1,5.0,5,80754,M,0.0,0.0,80
201400018898,14,3,16,1045,1,2,1,1.0,1,80062,M,4984601.0,178448.0,80
201400018899,14,4,9,1430,1,1,1,1.0,7,80554,M,0.0,0.0,80
201400018900,14,4,14,1145,1,1,1,1.0,5,80456,M,0.0,0.0,80
201400018901,14,6,18,600,1,1,1,1.0,7,80796,M,0.0,0.0,80
201400018902,14,7,25,1030,1,1,1,1.0,3,80587,M,0.0,0.0,80
201400018903,14,9,1,230,3,1,1,1.0,6,80061,M,4982856.0,177331.0,80
201400018904,14,10,31,530,5,1,1,1.0,2,80732,M,4988882.0,171836.0,80
201400018905,14,12,24,1130,1,1,1,2.0,6,80061,M,4982929.0,177273.0,80
201400018906,14,1,31,915,1,1,2,5.0,3,80583,M,0.0,0.0,80
201400018907,14,2,9,545,5,2,1,6.0,6,80301,M,0.0,0.0,80
201400018908,14,2,23,1645,1,1,1,1.0,7,80656,M,0.0,0.0,80
201400018909,14,3,3,1400,1,2,1,8.0,6,80791,M,0.0,0.0,80
201400018910,14,4,25,330,3,1,1,1.0,7,80627,M,0.0,0.0,80
201400018911,14,6,7,1930,1,1,1,1.0,7,80611,M,4976994.0,226965.0,80
201400018912,14,6,22,1545,1,2,1,1.0,6,80485,M,4977218.0,217023.0,80
201400018913,14,7,16,1915,1,1,1,1.0,3,80717,M,0.0,0.0,80
201400018914,14,7,25,1930,1,2,1,1.0,1,80696,M,0.0,0.0,80
201400018915,14,8,9,1750,1,1,1,1.0,3,80573,M,0.0,0.0,80
201400018916,14,9,30,1830,1,2,1,1.0,6,80583,M,4979507.0,220176.0,80
201400018917,14,1,18,2245,3,1,1,1.0,6,80207,M,0.0,0.0,80
201400018918,14,2,22,1900,3,1,1,1.0,3,80024,M,0.0,0.0,80
201400018919,14,3,4,1100,1,2,1,8.0,6,80718,M,0.0,0.0,80
201400018920,14,7,1,1330,1,1,1,1.0,3,80020,M,0.0,0.0,80
201400018921,14,9,5,2300,3,2,1,1.0,3,80639,M,4994214.0,228028.0,80
201400018922,14,10,8,1600,1,1,1,1.0,1,80173,M,4995204.0,235800.0,80
201400018923,14,10,13,1515,1,1,1,1.0,3,80024,M,4994067.0,223276.0,80
201400018924,14,12,2,15,3,1,1,1.0,6,80562,M,4997967.0,243026.0,80
201400018925,14,12,10,815,3,1,1,2.0,2,80718,M,4995740.0,222786.0,80
201400018926,14,2,15,315,3,2,1,6.0,6,80512,M,0.0,0.0,80
201400018927,14,5,30,915,1,1,1,1.0,2,80215,M,0.0,0.0,80
201400018928,14,6,1,1645,1,1,1,1.0,1,80328,M,0.0,0.0,80
201400018929,14,6,12,1230,1,2,1,1.0,1,80635,M,0.0,0.0,80
201400018930,14,6,25,1545,1,1,1,1.0,5,80779,M,0.0,0.0,80
201400018931,14,7,5,845,1,1,1,1.0,6,80282,M,0.0,0.0,80
201400018932,14,9,7,1200,1,1,1,1.0,3,80486,M,5004267.0,198626.0,80
201400018933,14,9,21,2045,5,2,1,1.0,2,80249,M,5011677.0,204715.0,80
201400018934,14,10,26,1915,5,2,1,1.0,6,80512,M,5007348.0,182240.0,80
201400018935,14,11,25,1730,3,1,1,2.0,1,80578,M,5006625.0,177414.0,80
201400018936,14,12,8,1415,1,1,1,1.0,1,80260,M,5015010.0,185060.0,80
201400018937,14,12,17,1200,1,1,1,2.0,4,80635,M,5006094.0,189439.0,80
201400018938,14,1,13,1715,1,2,1,1.0,6,80368,M,5008951.0,155210.0,80
201400018939,14,2,7,2045,5,2,1,1.0,6,80182,M,0.0,0.0,80
201400018940,14,2,18,715,3,1,1,1.0,6,80183,M,0.0,0.0,80
201400018941,14,2,25,1300,1,2,1,1.0,1,80597,M,5007802.0,160074.0,80
201400018942,14,3,2,1130,1,2,1,1.0,6,80039,M,5010686.0,145151.0,80
201400018943,14,3,3,1415,1,1,2,1.0,3,80265,M,5003394.0,156712.0,80
201400018944,14,3,9,1445,1,2,1,1.0,3,80662,M,0.0,0.0,80
201400018945,14,3,22,700,2,2,1,1.0,6,80146,M,0.0,0.0,80
201400018946,14,4,15,845,1,1,1,1.0,6,80146,M,0.0,0.0,80
201400018947,14,4,29,1230,1,2,1,1.0,7,80518,M,0.0,0.0,80
201400018948,14,5,9,1830,1,2,1,1.0,6,80597,M,5007839.0,160052.0,80
201400018949,14,5,13,1645,1,2,3,1.0,3,80368,M,0.0,0.0,80
201400018950,14,6,1,1745,1,1,1,1.0,7,80110,M,5016201.0,165558.0,80
201400018951,14,6,30,1830,1,1,1,1.0,1,80182,M,0.0,0.0,80
201400018952,14,7,7,1800,1,1,1,1.0,5,80110,M,0.0,0.0,80
201400018953,14,7,11,1615,1,1,2,2.0,3,80518,M,0.0,0.0,80
201400018954,14,7,31,1700,1,2,2,1.0,3,80765,M,0.0,0.0,80
201400018955,14,8,3,1145,1,1,2,8.0,3,80721,M,0.0,0.0,80
201400018956,14,8,17,1915,1,2,1,2.0,7,80110,M,0.0,0.0,80
201400018957,14,9,13,1115,1,1,1,1.0,1,80161,M,5012762.0,173898.0,80
201400018958,14,9,22,1645,1,1,6,1.0,3,80714,M,5006310.0,146550.0,80
201400018959,14,12,7,1245,1,2,1,8.0,6,80721,M,5018596.0,164172.0,80
201400018960,14,12,14,1415,1,1,1,1.0,1,80004,M,0.0,0.0,80
201400018961,14,12,27,1545,1,2,1,7.0,1,80500,M,5001043.0,160647.0,80
201400018962,14,3,9,1415,1,1,1,1.0,2,80688,M,0.0,0.0,80
201400018963,14,3,9,1130,1,2,1,1.0,3,80598,M,0.0,0.0,80
201400018964,14,4,1,1715,1,1,1,1.0,3,80250,M,0.0,0.0,80
201400018965,14,6,26,2045,1,1,1,1.0,6,80649,M,0.0,0.0,80
201400018966,14,7,22,800,1,1,2,1.0,6,80590,M,0.0,0.0,80
201400018967,14,8,14,1300,1,1,1,2.0,3,80149,M,0.0,0.0,80
201400018968,14,9,4,815,1,2,1,1.0,6,80688,M,5026885.0,167607.0,80
201400018969,14,10,4,2200,3,1,1,2.0,6,80149,M,5015539.0,181812.0,80
201400018970,14,10,6,1630,1,1,1,3.0,3,80633,M,5022907.0,172060.0,80
201400018971,14,10,13,1030,1,1,1,6.0,6,80633,M,5021139.0,167162.0,80
201400018972,14,10,31,1830,3,1,9,1.0,1,80109,M,5025701.0,196922.0,80
201400018973,14,11,2,530,3,2,1,1.0,6,80374,M,5019049.0,194194.0,80
201400018974,14,5,11,1100,1,2,1,2.0,7,80153,M,0.0,0.0,80
201400018975,14,7,1,1030,1,2,7,1.0,6,80253,M,5015579.0,234348.0,80
201400018976,14,8,7,1115,1,2,1,1.0,1,80003,M,5007241.0,253140.0,80
201400018977,14,10,4,2200,3,1,1,2.0,3,80253,M,0.0,0.0,80
201400018978,14,11,14,2300,3,1,1,8.0,7,80070,M,5007541.0,235399.0,80
201400018979,14,12,8,1545,1,1,1,1.0,1,80043,M,5011628.0,250313.0,80
201400018980,14,5,27,2015,2,2,1,1.0,7,80100,M,0.0,0.0,80
201400018981,14,7,9,1945,1,2,1,2.0,6,80795,M,0.0,0.0,80
201400018982,14,7,18,1900,1,2,1,7.0,3,80093,M,5004608.0,214698.0,80
201400018983,14,10,3,1830,1,1,2,1.0,1,80566,M,5008854.0,220131.0,80
201400018984,14,10,17,1115,1,2,1,1.0,6,80318,M,5001670.0,207944.0,80
201400018985,14,1,18,1815,2,1,3,1.0,1,80685,M,4969625.0,279799.0,80
201400018986,14,3,14,730,2,1,1,5.0,3,80176,M,0.0,0.0,80
201400018987,14,4,28,1645,1,2,1,1.0,1,80561,M,0.0,0.0,80
201400018988,14,5,1,1930,1,2,1,1.0,3,80561,M,0.0,0.0,80
201400018989,14,5,20,1745,2,1,1,2.0,3,80232,M,0.0,0.0,80
201400018990,14,5,29,315,5,2,1,1.0,6,80685,M,0.0,0.0,80
201400018991,14,7,11,1615,1,1,1,2.0,1,80685,M,0.0,0.0,80
201400018992,14,8,2,2230,3,1,1,1.0,7,80074,M,0.0,0.0,80
201400018993,14,9,18,1730,1,2,1,1.0,1,80053,M,4971003.0,286169.0,80
201400018994,14,10,11,115,3,1,1,1.0,6,80232,M,0.0,0.0,80
201400018995,14,11,6,1200,1,1,2,1.0,3,80293,M,4966880.0,260198.0,80
201400018996,14,12,13,1600,1,1,1,2.0,7,80170,M,4965909.0,250181.0,80
201400018997,14,1,16,1730,2,2,1,2.0,1,80652,M,0.0,0.0,80
201400018998,14,2,19,730,2,1,1,1.0,6,80242,M,0.0,0.0,80
201400018999,14,8,3,730,1,2,1,1.0,6,80315,M,0.0,0.0,80
201400019000,14,8,31,1400,1,2,1,1.0,3,80499,M,0.0,0.0,80
201400019001,14,9,14,1415,1,1,1,1.0,1,80758,M,4973338.0,242817.0,80
201400019002,14,9,27,2030,3,1,1,1.0,7,80321,M,4969488.0,237228.0,80
201400019003,14,10,18,1615,1,1,1,1.0,7,80031,M,4975544.0,265152.0,80
201400019004,14,5,4,2000,1,1,2,7.0,3,80240,M,0.0,0.0,80
201400019005,14,6,30,1145,1,1,1,1.0,1,80150,M,0.0,0.0,80
201400019006,14,9,13,1100,1,2,1,1.0,2,80620,M,4990143.0,292455.0,80
201400019007,14,9,24,1345,1,1,1,1.0,6,80762,M,4994382.0,303477.0,80
201400019008,14,10,10,2030,3,1,1,1.0,6,80258,M,4995131.0,299992.0,80
201400019009,14,10,19,1730,1,1,1,1.0,1,80401,M,0.0,0.0,80
201400019010,14,11,6,1645,1,2,1,1.0,1,80620,M,4993561.0,292873.0,80
201400019011,14,11,11,2145,5,2,1,2.0,3,80601,M,5000688.0,301910.0,80
201400019012,14,1,9,900,1,2,2,1.0,3,80116,M,0.0,0.0,80
201400019013,14,2,17,745,2,2,1,1.0,6,80186,M,0.0,0.0,80
201400019014,14,3,2,1330,1,1,8,1.0,1,80481,M,4981287.0,276946.0,80
201400019015,14,3,16,1030,1,2,3,1.0,3,80417,M,0.0,0.0,80
201400019016,14,8,25,1745,1,1,1,1.0,6,80608,M,0.0,0.0,80
201400019017,14,10,30,1400,1,1,1,1.0,7,80432,M,4987416.0,275211.0,80
201400019018,14,11,29,2045,3,1,1,5.0,1,80033,M,4989356.0,283297.0,80
201400019019,14,12,7,2030,5,2,1,1.0,1,80593,M,4992532.0,272554.0,80
201400019020,14,2,5,2015,5,2,1,1.0,3,80410,M,0.0,0.0,80
201400019021,14,6,1,1630,1,1,1,1.0,3,80585,M,0.0,0.0,80
201400019022,14,6,24,2050,1,1,1,1.0,7,80158,M,0.0,0.0,80
201400019023,14,12,28,1745,3,1,1,1.0,7,80509,M,0.0,0.0,80
201400019024,14,3,30,1900,1,2,2,1.0,3,60154,M,0.0,0.0,60
201400019025,14,4,17,815,1,1,1,1.0,3,60539,M,0.0,0.0,60
201400019026,14,5,24,530,2,1,1,1.0,6,60539,M,0.0,0.0,60
201400019027,14,11,14,1100,1,2,1,2.0,3,60102,M,0.0,0.0,60
201400019028,14,11,26,730,5,2,1,2.0,6,60587,M,0.0,0.0,60
201400019029,14,2,3,1130,1,1,1,1.0,2,19030,M,4516014.0,133607.0,19
201400019030,14,5,26,1445,1,1,1,3.0,6,19274,M,4517490.0,147139.0,19
201400019031,14,6,23,1115,1,1,1,1.0,6,19124,M,0.0,0.0,19
201400019032,14,8,11,1530,1,2,1,1.0,6,20233,M,0.0,0.0,202
201400019033,14,5,4,2300,3,1,1,1.0,7,20194,M,0.0,0.0,202
201400019034,14,5,6,1730,1,1,1,1.0,7,20299,M,0.0,0.0,202
201400019035,14,1,23,1500,1,1,6,2.0,6,20049,M,0.0,0.0,202
201400019036,14,1,30,1330,1,1,1,2.0,6,20050,M,0.0,0.0,202
201400019037,14,6,18,1245,1,1,1,1.0,1,20150,M,0.0,0.0,202
201400019038,14,4,22,530,3,1,1,1.0,7,20218,M,0.0,0.0,202
201400019039,14,11,10,1130,1,2,1,1.0,3,20096,M,0.0,0.0,202
201400019040,14,1,15,1745,4,2,1,1.0,3,20251,M,0.0,0.0,202
201400019041,14,3,16,30,5,2,1,1.0,2,20123,M,0.0,0.0,202
201400019042,14,5,30,2200,3,1,1,1.0,3,20251,M,0.0,0.0,202
201400019043,14,7,29,1730,1,1,1,1.0,1,20123,M,0.0,0.0,202
201400019044,14,8,5,1630,1,1,1,1.0,3,20123,M,0.0,0.0,202
201400019045,14,8,24,415,3,1,1,1.0,3,20123,M,0.0,0.0,202
201400019046,14,9,6,845,1,1,2,1.0,1,20342,M,0.0,0.0,202
201400019047,14,11,24,1800,3,2,1,1.0,2,20123,M,0.0,0.0,202
201400019048,14,1,8,1630,1,2,1,1.0,6,31056,M,4366338.0,137052.0,31
201400019049,14,3,18,830,1,2,1,8.0,6,31150,M,4365738.0,132458.0,31
201400019050,14,4,18,1515,1,2,1,1.0,2,31150,M,0.0,0.0,31
201400019051,14,7,16,445,1,2,1,1.0,3,31541,M,4369553.0,135078.0,31
201400019052,14,7,29,1030,1,1,1,1.0,6,31056,M,0.0,0.0,31
201400019053,14,8,23,900,1,1,1,1.0,1,31150,M,0.0,0.0,31
201400019054,14,9,1,1545,1,1,1,1.0,5,31541,M,0.0,0.0,31
201400019055,14,9,12,1500,1,1,1,1.0,7,31541,M,4369321.0,135929.0,31
201400019056,14,10,31,2230,5,2,1,1.0,1,31351,M,4367120.0,128786.0,31
201400019057,14,12,17,645,3,1,1,1.0,2,31150,M,4366520.0,131404.0,31
201400019058,14,3,13,1300,1,1,1,1.0,1,20048,M,4205104.0,875107.0,201
201400019059,14,5,20,1200,1,1,1,1.0,3,20048,M,4203196.0,876292.0,201
201400019060,14,4,28,1645,1,2,1,1.0,3,20130,M,4188977.0,881424.0,201
201400019061,14,9,27,615,2,2,1,1.0,3,20130,M,4188863.0,879888.0,201
201400019062,14,3,13,1045,1,1,1,1.0,2,20041,M,4141923.0,917962.0,201
201400019063,14,4,27,600,2,1,1,1.0,7,20041,M,4147317.0,922678.0,201
201400019064,14,5,31,1715,1,1,1,1.0,6,20041,M,4137775.0,920898.0,201
201400019065,14,12,31,1945,3,1,1,1.0,5,20130,M,4187823.0,894767.0,201
201400019066,14,4,2,2315,3,1,6,1.0,6,79066,M,0.0,0.0,79
201400019067,14,6,30,2100,1,1,1,1.0,7,79119,M,0.0,0.0,79
201400019068,14,7,10,1845,1,2,1,1.0,6,79281,M,0.0,0.0,79
201400019069,14,10,20,1800,1,1,2,1.0,3,79077,M,0.0,0.0,79
201400019070,14,10,26,1730,1,1,1,1.0,6,79351,M,0.0,0.0,79
201400019071,14,12,28,930,1,1,1,1.0,6,79077,M,0.0,0.0,79
201400019072,14,1,12,1200,1,2,1,1.0,1,79034,M,0.0,0.0,79
201400019073,14,2,18,1145,1,1,2,1.0,3,79046,M,0.0,0.0,79
201400019074,14,3,6,815,1,1,3,1.0,3,79137,M,0.0,0.0,79
201400019075,14,4,2,1540,1,2,1,1.0,6,79100,M,0.0,0.0,79
201400019076,14,4,3,1130,1,1,1,1.0,7,79257,M,0.0,0.0,79
201400019077,14,4,7,945,1,2,1,1.0,2,79162,M,0.0,0.0,79
201400019078,14,4,13,945,1,2,1,1.0,6,79112,M,0.0,0.0,79
201400019079,14,5,9,1745,1,1,1,1.0,1,79216,M,0.0,0.0,79
201400019080,14,6,7,915,1,1,1,1.0,5,79034,M,0.0,0.0,79
201400019081,14,7,6,515,2,1,1,3.0,7,79216,M,0.0,0.0,79
201400019082,14,7,5,530,3,1,9,2.0,7,79130,M,0.0,0.0,79
201400019083,14,8,5,1345,1,1,2,1.0,3,79130,M,0.0,0.0,79
201400019084,14,9,2,800,1,1,1,1.0,3,79003,M,0.0,0.0,79
201400019085,14,10,6,1200,1,2,1,8.0,3,79170,M,0.0,0.0,79
201400019086,14,2,12,1430,1,1,1,6.0,6,79327,M,0.0,0.0,79
201400019087,14,7,25,1640,1,1,1,1.0,7,79004,M,0.0,0.0,79
201400019088,14,8,24,215,3,1,1,1.0,7,79217,M,0.0,0.0,79
201400019089,14,8,29,345,4,2,1,1.0,7,79090,M,0.0,0.0,79
201400019090,14,10,17,1815,1,1,1,1.0,1,79126,M,0.0,0.0,79
201400019091,14,10,31,1200,1,1,1,1.0,1,79174,M,0.0,0.0,79
201400019092,14,11,19,1600,1,2,1,1.0,6,79174,M,0.0,0.0,79
201400019093,14,2,19,1930,5,2,2,1.0,3,79270,M,0.0,0.0,79
201400019094,14,2,28,1600,1,1,1,9.0,6,79048,M,0.0,0.0,79
201400019095,14,3,13,1306,1,1,1,1.0,2,79048,M,0.0,0.0,79
201400019096,14,3,28,2025,3,1,1,1.0,6,79024,M,0.0,0.0,79
201400019097,14,8,11,1745,1,2,1,1.0,6,79270,M,0.0,0.0,79
201400019098,14,9,2,1845,1,1,3,7.0,3,79302,M,0.0,0.0,79
201400019099,14,11,7,1215,1,1,1,2.0,6,79114,M,0.0,0.0,79
201400019100,14,12,12,1945,3,1,2,8.0,1,79201,M,0.0,0.0,79
201400019101,14,3,20,1600,1,2,1,1.0,1,79079,M,0.0,0.0,79
201400019102,14,4,13,1945,1,1,2,1.0,3,79062,M,0.0,0.0,79
201400019103,14,8,2,1545,1,1,3,3.0,4,79207,M,0.0,0.0,79
201400019104,14,9,5,445,3,1,1,1.0,6,79195,M,0.0,0.0,79
201400019105,14,9,23,730,2,1,1,1.0,3,79050,M,0.0,0.0,79
201400019106,14,10,31,1615,1,2,1,1.0,3,79062,M,0.0,0.0,79
201400019107,14,5,23,1700,1,2,1,1.0,1,79265,M,0.0,0.0,79
201400019108,14,7,25,1545,1,1,8,1.0,3,79161,M,0.0,0.0,79
201400019109,14,8,1,1430,1,1,1,1.0,6,79292,M,0.0,0.0,79
201400019110,14,8,9,2145,2,2,3,1.0,6,79171,M,0.0,0.0,79
201400019111,14,9,18,1745,1,1,1,1.0,6,79171,M,0.0,0.0,79
201400019112,14,11,1,2000,3,1,1,1.0,7,79161,M,4692300.0,-19600.0,79
201400019113,14,11,2,910,1,1,1,1.0,6,79280,M,0.0,0.0,79
201400019114,14,3,28,1545,1,1,1,1.0,6,79213,M,0.0,0.0,79
201400019115,14,4,17,1520,1,2,1,1.0,6,79202,M,0.0,0.0,79
201400019116,14,5,6,2045,2,1,1,1.0,1,79202,M,0.0,0.0,79
201400019117,14,5,9,2045,1,2,2,1.0,2,79172,M,0.0,0.0,79
201400019118,14,5,16,1145,1,2,9,1.0,3,79213,M,0.0,0.0,79