Num_Acc,an,mois,jour,hrmn,lum,agg,int,atm,col,com,gps,lat,long,dep
201400019119,14,7,9,115,3,1,1,8.0,7,79029,M,0.0,0.0,79
201400019120,14,8,4,1445,1,1,1,1.0,1,79225,M,0.0,0.0,79
201400019121,14,10,6,1445,1,1,1,2.0,6,79029,M,0.0,0.0,79
201400019122,14,10,16,1730,1,2,6,3.0,7,79202,M,0.0,0.0,79
201400019123,14,10,27,1700,1,2,1,1.0,1,79339,M,0.0,0.0,79
201400019124,14,11,21,1345,1,1,1,1.0,6,79008,M,0.0,0.0,79
201400019125,14,11,25,1415,1,2,1,8.0,6,79202,M,0.0,0.0,79
201400019126,14,12,18,830,2,1,1,1.0,1,79213,M,0.0,0.0,79
201400019127,14,12,22,445,5,2,1,1.0,1,79347,M,0.0,0.0,79
201400019128,14,2,12,2015,4,1,2,3.0,3,79135,M,0.0,0.0,79
201400019129,14,4,4,1745,1,1,4,8.0,1,79016,M,0.0,0.0,79
201400019130,14,4,9,1730,1,2,1,1.0,6,79005,M,0.0,0.0,79
201400019131,14,12,16,1630,1,1,1,1.0,1,79260,M,0.0,0.0,79
201400019132,14,1,26,1430,1,1,1,3.0,6,79311,M,0.0,0.0,79
201400019133,14,2,12,1900,3,2,1,3.0,6,79179,M,0.0,0.0,79
201400019134,14,4,20,2245,3,1,1,1.0,6,79188,M,0.0,0.0,79
201400019135,14,5,8,2000,2,2,1,1.0,6,79311,M,0.0,0.0,79
201400019136,14,7,19,330,3,1,1,2.0,6,79007,M,0.0,0.0,79
201400019137,14,8,8,1745,1,1,1,3.0,6,79311,M,0.0,0.0,79
201400019138,14,10,19,1515,1,1,1,1.0,3,79094,M,0.0,0.0,79
201400019139,14,2,6,1045,1,1,1,2.0,3,76179,M,4961408.0,110962.0,76
201400019140,14,7,14,1345,1,1,3,1.0,3,76197,M,4977928.0,107817.0,76
201400019141,14,10,23,1400,1,1,1,8.0,6,76360,M,4973346.0,106577.0,76
201400019142,14,3,28,1200,1,1,3,1.0,3,76556,M,4953031.0,47577.0,76
201400019143,14,10,19,1530,1,2,1,1.0,1,76279,M,4961613.0,59304.0,76
201400019144,14,12,16,1615,1,1,2,1.0,3,76281,M,4952195.0,58435.0,76
201400019145,14,6,23,845,1,2,3,1.0,1,76744,M,4983866.0,156869.0,76
201400019146,14,1,14,930,1,2,1,7.0,6,76495,M,4956841.0,95388.0,76
201400019147,14,2,13,645,3,1,2,3.0,3,76433,M,4958409.0,88624.0,76
201400019148,14,6,22,1630,1,1,1,1.0,1,76436,M,4941926.0,86421.0,76
201400019149,14,7,31,2000,1,2,1,1.0,6,76608,M,4951074.0,85124.0,76
201400019150,14,11,11,1700,1,1,6,1.0,3,76636,M,4951515.0,91960.0,76
201400019151,14,4,17,1230,1,1,1,1.0,6,67165,M,0.0,0.0,67
201400019152,14,5,21,1145,1,1,1,1.0,3,67059,M,0.0,0.0,67
201400019153,14,6,25,2230,2,1,1,1.0,6,67436,M,0.0,0.0,67
201400019154,14,7,24,2315,3,1,1,1.0,6,67325,M,0.0,0.0,67
201400019155,14,10,20,1645,1,2,1,1.0,1,67276,M,0.0,0.0,67
201400019156,14,11,15,1200,1,1,1,1.0,1,67543,M,0.0,0.0,67
201400019157,14,12,7,1,3,1,1,1.0,6,67342,M,0.0,0.0,67
201400019158,14,12,15,1700,3,1,1,1.0,1,67420,M,0.0,0.0,67
201400019159,14,8,21,1830,1,2,1,1.0,6,67105,M,0.0,0.0,67
201400019160,14,11,15,1645,2,1,1,1.0,2,67002,M,0.0,0.0,67
201400019161,14,11,28,715,3,1,1,1.0,7,67234,M,0.0,0.0,67
201400019162,14,11,30,200,5,1,1,5.0,6,67514,M,0.0,0.0,67
201400019163,14,9,25,1515,1,1,2,8.0,3,67330,M,4889000.0,804299.0,67
201400019164,14,3,9,1530,1,1,1,1.0,3,67160,M,0.0,0.0,67
201400019165,14,4,7,730,1,2,1,1.0,3,67379,M,0.0,0.0,67
201400019166,14,5,15,1715,1,2,1,1.0,6,67257,M,0.0,0.0,67
201400019167,14,9,1,1215,1,1,1,1.0,1,67537,M,0.0,0.0,67
201400019168,14,9,12,2030,5,2,1,2.0,3,67110,M,0.0,0.0,67
201400019169,14,10,5,715,2,1,1,8.0,6,67160,M,0.0,0.0,67
201400019170,14,7,22,1530,1,1,1,1.0,1,78597,M,0.0,0.0,78
201400019171,14,7,28,15,3,1,1,3.0,1,78474,M,4887200.0,165100.0,78
201400019172,14,4,9,815,1,1,1,1.0,1,77446,M,0.0,0.0,77
201400019173,14,7,12,415,5,1,1,8.0,1,77467,M,4839100.0,308600.0,77
201400019174,14,12,8,1730,3,1,1,2.0,2,77507,M,0.0,0.0,77
201400019175,14,12,18,645,3,1,1,2.0,6,77212,M,4840300.0,312200.0,77
201400019176,14,1,6,730,2,2,3,1.0,6,74011,M,0.0,0.0,74
201400019177,14,4,29,1415,1,1,1,1.0,6,74282,M,0.0,0.0,74
201400019178,14,7,1,1915,1,1,1,1.0,1,74011,M,0.0,0.0,74
201400019179,14,7,7,1815,1,1,1,2.0,5,74120,M,0.0,0.0,74
201400019180,14,8,17,1900,1,1,1,1.0,5,74299,M,0.0,0.0,74
201400019181,14,9,1,1115,1,1,1,1.0,1,74307,M,0.0,0.0,74
201400019182,14,10,21,745,2,2,1,2.0,6,74011,M,0.0,0.0,74
201400019183,14,6,16,1845,1,1,1,1.0,7,74289,M,0.0,0.0,74
201400019184,14,10,7,400,3,1,1,2.0,1,74225,M,0.0,0.0,74
201400019185,14,10,19,400,3,1,1,5.0,7,74170,M,0.0,0.0,74
201400019186,14,10,19,1945,3,1,1,1.0,7,74002,M,0.0,0.0,74
201400019187,14,11,2,1745,3,1,1,1.0,2,74165,M,0.0,0.0,74
201400019188,14,3,30,355,3,2,1,1.0,6,02288,M,0.0,0.0,02
201400019189,14,1,24,1030,1,1,1,1.0,7,74240,M,0.0,0.0,74
201400019190,14,2,14,1830,5,2,1,1.0,1,74312,M,0.0,0.0,74
201400019191,14,3,28,2000,5,2,1,1.0,1,74164,M,0.0,0.0,74
201400019192,14,5,22,1415,1,1,1,1.0,1,74311,M,0.0,0.0,74
201400019193,14,7,1,1430,1,1,1,1.0,1,74304,M,0.0,0.0,74
201400019194,14,8,9,2315,3,1,1,1.0,6,74294,M,0.0,0.0,74
201400019195,14,9,7,1500,1,1,1,1.0,6,74183,M,0.0,0.0,74
201400019196,14,2,3,1645,1,1,1,1.0,1,74229,M,0.0,0.0,74
201400019197,14,5,6,2230,3,1,1,2.0,1,74040,M,0.0,0.0,74
201400019198,14,5,30,1000,1,1,2,1.0,5,74021,M,0.0,0.0,74
201400019199,14,7,2,745,1,1,1,2.0,3,74128,M,0.0,0.0,74
201400019200,14,10,5,1015,1,2,3,1.0,6,74220,M,0.0,0.0,74
201400019201,14,10,13,845,1,1,1,9.0,4,74197,M,0.0,0.0,74
201400019202,14,11,1,945,5,2,2,1.0,1,74220,M,0.0,0.0,74
201400019203,14,11,5,645,5,2,1,2.0,6,74193,M,0.0,0.0,74
201400019204,14,12,15,1245,1,1,1,1.0,6,74197,M,0.0,0.0,74
201400019205,14,12,29,1800,3,1,1,4.0,1,74128,M,0.0,0.0,74
201400019206,14,3,8,745,1,1,1,1.0,6,74314,M,0.0,0.0,74
201400019207,14,6,12,2245,3,1,1,1.0,1,74296,M,0.0,0.0,74
201400019208,14,6,21,2330,5,1,3,1.0,3,74088,M,0.0,0.0,74
201400019209,14,5,28,645,2,1,1,1.0,7,74168,M,0.0,0.0,74
201400019210,14,7,18,1715,1,1,1,1.0,6,74269,M,0.0,0.0,74
201400019211,14,7,18,1845,1,1,1,1.0,6,74311,M,0.0,0.0,74
201400019212,14,9,24,815,1,1,1,1.0,1,74140,M,0.0,0.0,74
201400019213,14,10,5,1515,1,1,4,1.0,1,74236,M,0.0,0.0,74
201400019214,14,4,18,1700,1,1,3,1.0,6,74208,M,0.0,0.0,74
201400019215,14,6,24,1415,1,2,4,1.0,3,74208,M,0.0,0.0,74
201400019216,14,2,20,1900,5,2,1,8.0,6,59094,M,0.0,0.0,59
201400019217,14,4,20,1815,1,1,1,1.0,7,59358,M,5090000.0,226200.0,59
201400019218,14,8,18,1100,1,2,1,1.0,1,59094,M,0.0,0.0,59
201400019219,14,10,11,1115,1,2,1,1.0,1,59094,M,0.0,0.0,59
201400019220,14,10,4,1830,1,1,1,1.0,6,59018,M,0.0,0.0,59
201400019221,14,2,15,1730,1,1,1,3.0,1,25186,M,0.0,0.0,25
201400019222,14,6,18,1445,1,2,1,1.0,6,25258,M,4724000.0,592600.0,25
201400019223,14,7,19,2000,1,1,1,1.0,6,25258,M,4721700.0,593600.0,25
201400019224,14,8,1,1530,1,2,1,1.0,7,25381,M,4729200.0,597300.0,25
201400019225,14,8,27,600,2,1,1,1.0,1,25133,M,4731900.0,599800.0,25
201400019226,14,9,13,1945,1,1,1,1.0,5,25030,M,0.0,0.0,25
201400019227,14,12,16,745,3,1,1,8.0,1,56067,M,0.0,0.0,56
201400019228,14,4,11,1745,1,1,1,1.0,1,56002,M,0.0,0.0,56
201400019229,14,6,12,2015,1,1,1,1.0,6,56126,M,0.0,0.0,56
201400019230,14,9,26,1130,1,1,1,1.0,3,56212,M,0.0,0.0,56
201400019231,14,10,3,1115,1,2,1,1.0,3,56052,M,4752097.0,-256972.0,56
201400019232,14,10,7,1315,1,1,1,1.0,5,56058,M,0.0,0.0,56
201400019233,14,5,21,2015,1,1,1,3.0,1,56150,M,0.0,0.0,56
201400019234,14,5,25,1415,1,1,1,1.0,3,56251,M,0.0,0.0,56
201400019235,14,7,14,1100,1,1,1,1.0,3,56240,M,4753923.0,-273752.0,56
201400019236,14,8,24,1100,1,2,1,1.0,6,56005,M,4755007.0,-289252.0,56
201400019237,14,10,23,700,3,1,1,2.0,6,56252,M,0.0,0.0,56
201400019238,14,1,11,215,3,1,1,8.0,6,56168,M,0.0,0.0,56
201400019239,14,4,19,1215,1,1,1,1.0,6,56034,M,4761232.0,-305070.0,56
201400019240,14,5,28,1345,1,1,1,1.0,3,56034,M,4757358.0,-307220.0,56
201400019241,14,7,21,1700,1,2,1,1.0,6,56186,M,4747607.0,-311237.0,56
201400019242,14,8,15,1900,1,2,1,1.0,7,56186,M,4749929.0,-312162.0,56
201400019243,14,8,23,515,3,1,1,1.0,6,56034,M,0.0,0.0,56
201400019244,14,8,28,600,5,2,1,1.0,1,56034,M,0.0,0.0,56
201400019245,14,9,17,1045,1,2,2,1.0,3,56233,M,4758683.0,-300159.0,56
201400019246,14,9,28,945,1,1,1,1.0,3,56234,M,0.0,0.0,56
201400019247,14,10,12,1400,1,1,1,3.0,6,56234,M,0.0,0.0,56
201400019248,14,10,24,1945,5,2,1,1.0,6,56258,M,4758965.0,-302948.0,56
201400019249,14,11,1,1130,1,2,1,1.0,7,56034,M,4758292.0,-308155.0,56
201400019250,14,11,9,1230,1,2,1,1.0,6,56186,M,4748492.0,-311724.0,56
201400019251,14,12,28,630,5,1,1,2.0,7,56258,M,0.0,0.0,56
201400019252,14,7,25,330,3,1,1,1.0,6,56101,M,0.0,0.0,56
201400019253,14,1,20,745,3,1,1,8.0,1,56185,M,0.0,0.0,56
201400019254,14,2,25,1815,1,1,1,1.0,1,56036,M,4779131.0,-334063.0,56
201400019255,14,3,8,300,3,1,1,5.0,6,56026,M,0.0,0.0,56
201400019256,14,3,27,2130,2,1,1,8.0,6,56078,M,0.0,0.0,56
201400019257,14,5,31,1130,1,1,1,1.0,2,56078,M,0.0,0.0,56
201400019258,14,6,18,1045,1,1,1,1.0,1,56026,M,0.0,0.0,56
201400019259,14,6,27,1030,1,1,1,2.0,7,56185,M,0.0,0.0,56
201400019260,14,7,15,1600,1,1,1,1.0,3,56040,M,4787888.0,-337265.0,56
201400019261,14,7,24,1815,1,1,1,1.0,2,56078,M,0.0,0.0,56
201400019262,14,7,31,1845,1,1,1,1.0,3,56179,M,0.0,0.0,56
201400019263,14,8,25,1615,2,2,1,3.0,6,56078,M,4781469.0,-347686.0,56
201400019264,14,8,29,15,3,2,1,1.0,6,56166,M,0.0,0.0,56
201400019265,14,9,7,2130,2,1,3,1.0,3,56040,M,0.0,0.0,56
201400019266,14,9,20,1015,1,1,1,1.0,5,56185,M,0.0,0.0,56
201400019267,14,9,23,1200,1,1,1,1.0,6,56036,M,4779014.0,-332031.0,56
201400019268,14,9,25,1100,1,1,1,1.0,4,56036,M,0.0,0.0,56
201400019269,14,9,25,1800,1,2,6,1.0,7,56185,M,4778041.0,-341210.0,56
201400019270,14,9,29,1315,1,1,1,1.0,2,56036,M,0.0,0.0,56
201400019271,14,12,10,745,5,2,1,2.0,1,56036,M,4779310.0,-335315.0,56
201400019272,14,1,11,1100,1,1,1,1.0,3,56119,M,0.0,0.0,56
201400019273,14,7,3,2315,3,1,1,1.0,3,56054,M,0.0,0.0,56
201400019274,14,9,2,1845,1,1,4,7.0,1,56013,M,0.0,0.0,56
201400019275,14,9,3,915,1,2,1,7.0,1,56055,M,0.0,0.0,56
201400019276,14,4,21,1600,1,1,1,1.0,6,56165,M,0.0,0.0,56
201400019277,14,2,23,1030,1,2,1,1.0,6,56124,M,4780992.0,-237730.0,56
201400019278,14,6,22,1200,1,2,7,1.0,6,56012,M,4797014.0,-217204.0,56
201400019279,14,6,21,1530,1,1,1,1.0,1,56133,M,0.0,0.0,56
201400019280,14,7,4,2215,3,2,1,3.0,7,56191,M,4785932.0,-223220.0,56
201400019281,14,7,12,245,3,1,1,1.0,1,56075,M,0.0,0.0,56
201400019282,14,7,3,1630,1,2,1,1.0,6,56124,M,4781103.0,-238369.0,56
201400019283,14,10,1,1700,1,1,1,1.0,2,56219,M,0.0,0.0,56
201400019284,14,9,30,845,1,2,1,5.0,6,56075,M,4790411.0,-211966.0,56
201400019285,14,11,27,1300,1,2,1,1.0,3,56075,M,4794461.0,-212590.0,56
201400019286,14,12,15,1945,5,2,7,2.0,3,56124,M,4781057.0,-238413.0,56
201400019287,14,1,11,815,3,1,1,1.0,6,56102,M,4798063.0,-260175.0,56
201400019288,14,3,8,1615,1,1,1,1.0,6,56204,M,0.0,0.0,56
201400019289,14,4,18,1600,1,1,1,1.0,7,56050,M,0.0,0.0,56
201400019290,14,4,24,1830,1,2,1,1.0,3,56047,M,0.0,0.0,56
201400019291,14,6,19,1900,1,1,1,1.0,3,56222,M,0.0,0.0,56
201400019292,14,9,18,2145,3,1,9,1.0,6,56024,M,0.0,0.0,56
201400019293,14,10,30,1215,1,1,1,1.0,6,56070,M,0.0,0.0,56
201400019294,14,12,29,500,3,1,1,1.0,6,56189,M,0.0,0.0,56
201400019295,14,5,28,1945,1,1,1,2.0,1,56092,M,0.0,0.0,56
201400019296,14,8,18,1445,1,1,1,1.0,7,56151,M,0.0,0.0,56
201400019297,14,11,1,1715,1,1,1,1.0,2,56151,M,0.0,0.0,56
201400019298,14,11,14,900,1,1,1,1.0,6,56151,M,4805399.0,-288733.0,56
201400019299,14,11,11,930,1,2,6,1.0,3,56178,M,4806878.0,-295625.0,56
201400019300,14,12,10,830,2,2,1,9.0,6,56178,M,4807029.0,-296579.0,56
201400019301,14,7,9,845,1,2,1,1.0,6,56117,M,0.0,0.0,56
201400019302,14,9,12,1800,1,1,1,1.0,5,56140,M,0.0,0.0,56
201400019303,14,2,2,300,3,2,1,1.0,7,56066,M,4814395.0,-361659.0,56
201400019304,14,9,14,1630,1,2,1,1.0,1,56066,M,4813652.0,-361075.0,56
201400019305,14,1,8,2000,3,1,6,2.0,3,95280,M,4901290.0,247160.0,95
201400019306,14,3,9,1230,1,1,1,1.0,2,95527,M,4900160.0,248590.0,95
201400019307,14,8,4,800,1,1,1,1.0,4,95527,M,4899790.0,250750.0,95
201400019308,14,9,8,1615,1,2,1,1.0,2,95633,M,4900130.0,248760.0,95
201400019309,14,10,31,1945,3,1,1,1.0,3,95527,M,4900510.0,250570.0,95
201400019310,14,12,2,800,2,2,1,8.0,3,95612,M,4900660.0,246390.0,95
201400019311,14,2,14,1630,1,1,1,1.0,1,19176,M,4537210.0,200278.0,19
201400019312,14,11,22,1100,1,1,1,2.0,1,19235,M,4520640.0,189324.0,19
201400019313,14,6,23,1145,1,1,1,2.0,5,19213,M,4538140.0,167003.0,19
201400019314,14,1,17,1200,1,1,1,8.0,5,19273,M,4505520.0,157354.0,19
201400019315,14,3,11,2345,3,1,1,1.0,6,19013,M,4520180.0,166109.0,19
201400019316,14,9,3,930,1,2,7,1.0,6,19019,M,0.0,0.0,19
201400019317,14,9,7,1915,2,1,1,7.0,6,19257,M,4510350.0,173561.0,19
201400019318,14,9,11,1430,1,1,1,1.0,1,19019,M,4496970.0,182574.0,19
201400019319,14,1,14,1830,5,2,9,8.0,1,56101,M,0.0,0.0,56
201400019320,14,1,17,1700,1,1,1,1.0,1,56177,M,0.0,0.0,56
201400019321,14,1,19,1500,1,1,1,1.0,7,56094,M,4778052.0,-321466.0,56
201400019322,14,2,4,1330,1,1,1,1.0,1,56175,M,0.0,0.0,56
201400019323,14,5,4,1215,1,1,1,1.0,6,56090,M,4786403.0,-321628.0,56
201400019324,14,5,25,1130,1,1,1,1.0,2,56083,M,0.0,0.0,56
201400019325,14,6,7,1330,1,1,1,1.0,5,56101,M,0.0,0.0,56
201400019326,14,6,7,1830,1,2,2,1.0,3,56101,M,0.0,0.0,56
201400019327,14,6,12,1245,1,1,1,1.0,7,56175,M,0.0,0.0,56
201400019328,14,8,22,1715,1,1,2,1.0,3,56177,M,4775768.0,-296973.0,56
201400019329,14,9,1,1915,1,2,1,1.0,5,56090,M,4782952.0,-325622.0,56
201400019330,14,9,1,1800,1,2,1,1.0,2,56177,M,0.0,0.0,56
201400019331,14,9,28,1630,1,1,1,1.0,7,56031,M,0.0,0.0,56
201400019332,14,12,19,1845,2,1,1,8.0,1,56094,M,4776265.0,-329523.0,56
201400019333,14,12,20,1515,1,1,1,8.0,3,56031,M,0.0,0.0,56
201400019334,14,12,25,1645,1,1,6,1.0,6,56094,M,0.0,0.0,56
201400019335,14,12,28,1045,1,1,1,1.0,7,56101,M,0.0,0.0,56
201400019336,14,10,1,600,2,2,1,5.0,6,59384,M,0.0,0.0,59
201400019337,14,10,19,1745,1,2,1,2.0,7,59607,M,0.0,0.0,59
201400019338,14,11,30,1615,2,1,1,5.0,6,59384,M,0.0,0.0,59
201400019339,14,12,21,745,2,2,1,1.0,6,59061,M,0.0,0.0,59
201400019340,14,10,20,830,1,1,1,1.0,1,59528,M,0.0,0.0,59
201400019341,14,3,27,1145,1,2,2,1.0,2,59624,M,0.0,0.0,59
201400019342,14,7,25,1800,1,2,1,1.0,6,59231,M,0.0,0.0,59
201400019343,14,2,4,1800,2,1,1,1.0,6,51343,M,0.0,0.0,51
201400019344,14,6,2,1600,1,1,9,1.0,1,51535,M,0.0,0.0,51
201400019345,14,6,4,1630,1,1,1,3.0,1,51407,M,0.0,0.0,51
201400019346,14,4,10,530,3,1,1,1.0,1,51488,M,0.0,0.0,51
201400019347,14,9,22,2115,3,1,1,1.0,6,51347,M,0.0,0.0,51
201400019348,14,10,20,1200,1,1,2,1.0,3,51204,M,0.0,0.0,51
201400019349,14,12,14,1515,1,1,3,5.0,5,51076,M,0.0,0.0,51
201400019350,14,3,13,1700,1,1,1,1.0,1,51362,M,0.0,0.0,51
201400019351,14,7,25,2345,5,2,1,1.0,1,51183,M,0.0,0.0,51
201400019352,14,11,19,1330,2,1,1,5.0,5,51580,M,0.0,0.0,51
201400019353,14,8,24,345,3,1,1,1.0,6,51440,M,0.0,0.0,51
201400019354,14,8,25,1445,1,1,1,1.0,6,51440,M,0.0,0.0,51
201400019355,14,12,2,815,1,1,1,2.0,1,51261,M,0.0,0.0,51
201400019356,14,12,7,215,5,2,1,9.0,6,62443,M,5045633.0,265143.0,62
201400019357,14,5,5,1730,1,1,1,3.0,1,62230,M,5074747.0,186481.0,62
201400019358,14,6,24,1100,1,1,1,1.0,3,62281,M,5070796.0,166016.0,62
201400019359,14,6,28,900,1,2,1,1.0,3,62896,M,5068001.0,177957.0,62
201400019360,14,2,20,1715,1,2,1,2.0,3,91573,M,0.0,0.0,91
201400019361,14,2,23,245,4,1,6,5.0,7,91225,M,4863200.0,247400.0,91
201400019362,14,2,24,1945,3,1,1,1.0,3,91573,M,0.0,0.0,91
201400019363,14,3,3,215,4,2,1,1.0,2,91600,M,4864600.0,245700.0,91
201400019364,14,3,20,215,3,2,1,1.0,2,91600,M,4864600.0,245700.0,91
201400019365,14,6,2,830,1,2,1,1.0,6,91573,M,4862500.0,253500.0,91
201400019366,14,8,11,1745,1,2,6,1.0,6,91573,M,0.0,0.0,91
201400019367,14,6,9,2215,3,1,1,8.0,7,91274,M,0.0,0.0,91
201400019368,14,9,28,15,5,2,1,1.0,6,91274,M,4868100.0,210000.0,91
201400019369,14,2,7,2030,3,1,1,1.0,6,95026,M,4914260.0,243930.0,95
201400019370,14,2,22,1445,1,2,1,1.0,6,95652,M,4913480.0,237530.0,95
201400019371,14,7,16,1645,1,1,1,1.0,2,95056,M,4908870.0,235830.0,95
201400019372,14,7,21,1630,1,1,1,1.0,1,95352,M,4910020.0,241310.0,95
201400019373,14,10,12,1130,1,1,1,1.0,6,95144,M,4906630.0,246190.0,95
201400019374,14,2,2,845,1,1,1,9.0,1,89308,M,4817831.0,342360.0,89
201400019375,14,7,14,2030,1,1,1,1.0,2,89240,M,4817455.0,339940.0,89
201400019376,14,7,27,1400,1,2,1,1.0,6,89014,M,4808769.0,360392.0,89
201400019377,14,9,1,915,1,1,1,1.0,1,89429,M,4815044.0,349470.0,89
201400019378,14,10,10,1645,1,2,1,1.0,3,89387,M,4814684.0,330705.0,89
201400019379,14,10,24,1615,1,1,1,1.0,1,04102,M,0.0,0.0,04
201400019380,14,3,8,1730,1,2,2,1.0,5,57708,M,0.0,0.0,57
201400019381,14,10,9,2200,3,1,1,1.0,6,57057,M,0.0,0.0,57
201400019382,14,10,13,230,3,1,1,2.0,6,57547,M,0.0,0.0,57
201400019383,14,1,29,1000,1,1,1,1.0,5,57028,M,0.0,0.0,57
201400019384,14,2,11,845,1,1,6,1.0,6,57510,M,4912639.0,626750.0,57
201400019385,14,2,8,1900,5,2,1,2.0,1,57097,M,0.0,0.0,57
201400019386,14,4,19,930,1,2,1,1.0,6,57132,M,0.0,0.0,57
201400019387,14,6,15,1245,1,1,1,1.0,5,57290,M,0.0,0.0,57
201400019388,14,7,20,15,3,1,1,1.0,7,57483,M,0.0,0.0,57
201400019389,14,11,10,1,3,1,1,2.0,6,57275,M,0.0,0.0,57
201400019390,14,5,20,1530,1,1,1,1.0,1,57682,M,0.0,0.0,57
201400019391,14,5,25,1530,1,1,1,1.0,7,57682,M,0.0,0.0,57
201400019392,14,6,19,1530,1,1,1,1.0,6,57321,M,0.0,0.0,57
201400019393,14,6,21,1630,1,2,1,1.0,7,57382,M,0.0,0.0,57
201400019394,14,7,23,1030,1,2,1,1.0,3,57462,M,0.0,0.0,57
201400019395,14,4,13,945,1,1,1,1.0,3,57260,M,0.0,0.0,57
201400019396,14,5,15,1845,1,2,1,1.0,2,57535,M,4905303.0,730099.0,57
201400019397,14,5,31,345,5,2,6,1.0,6,57089,M,4905584.0,743408.0,57
201400019398,14,7,20,1845,1,1,1,1.0,1,57338,M,0.0,0.0,57
201400019399,14,10,1,1815,1,1,1,1.0,7,57541,M,0.0,0.0,57
201400019400,14,10,5,1330,1,1,1,1.0,6,57089,M,0.0,0.0,57
201400019401,14,10,7,1630,1,2,1,1.0,6,57103,M,4912170.0,745703.0,57
201400019402,14,3,10,1400,1,2,1,7.0,6,57038,M,0.0,0.0,57
201400019403,14,3,2,1600,1,1,1,1.0,7,57331,M,0.0,0.0,57
201400019404,14,3,4,1100,1,2,1,1.0,7,57358,M,4930682.0,633575.0,57
201400019405,14,3,24,1430,1,2,1,3.0,6,57269,M,0.0,0.0,57
201400019406,14,2,5,900,1,2,9,1.0,6,35024,M,4818156.0,-163977.0,35
201400019407,14,2,28,1830,2,1,2,2.0,5,35173,M,4819576.0,-169167.0,35
201400019408,14,3,25,1200,1,1,6,1.0,3,35024,M,4815524.0,-162533.0,35
201400019409,14,3,27,1430,1,1,1,8.0,1,35024,M,4816166.0,-165484.0,35
201400019410,14,4,28,1030,1,1,1,1.0,4,35024,M,4816626.0,-167344.0,35
201400019411,14,5,21,1515,1,2,1,1.0,2,35024,M,4818078.0,-163596.0,35
201400019412,14,7,8,1445,1,1,2,2.0,3,35024,M,4818966.0,-167136.0,35
201400019413,14,7,30,1830,1,1,4,1.0,2,35173,M,4823007.0,-169314.0,35
201400019414,14,8,19,1700,1,1,2,1.0,3,35024,M,4821678.0,-172767.0,35
201400019415,14,10,20,1600,1,1,2,1.0,3,35024,M,4818483.0,-169384.0,35
201400019416,14,11,25,815,2,2,1,2.0,6,35024,M,4818393.0,-165011.0,35
201400019417,14,1,13,745,5,2,6,3.0,3,31203,M,4351991.0,132017.0,31
201400019418,14,3,28,1645,1,2,6,1.0,1,31157,M,4353279.0,135449.0,31
201400019419,14,10,1,2000,2,2,6,1.0,6,31157,M,4354528.0,134975.0,31
201400019420,14,1,18,600,5,1,1,1.0,6,44009,M,0.0,0.0,44
201400019421,14,1,15,900,2,1,1,3.0,4,44009,M,4721700.0,-142700.0,44
201400019422,14,2,11,1700,2,2,2,3.0,5,44071,M,0.0,0.0,44
201400019423,14,6,18,1130,1,2,1,1.0,1,44070,M,0.0,0.0,44
201400019424,14,8,8,1830,1,2,1,8.0,6,44071,M,0.0,0.0,44
201400019425,14,12,5,2045,3,1,1,9.0,1,03073,M,0.0,0.0,03
201400019426,14,5,31,245,3,1,1,1.0,6,62458,M,5079441.0,215815.0,62
201400019427,14,12,31,1915,3,1,1,1.0,5,83116,M,0.0,0.0,83
201400019428,14,1,17,1300,1,1,1,8.0,6,83087,M,0.0,0.0,83
201400019429,14,5,28,1245,1,2,1,1.0,6,83087,M,0.0,0.0,83
201400019430,14,7,12,1,3,1,1,1.0,7,83116,M,0.0,0.0,83
201400019431,14,8,31,1015,1,2,1,1.0,3,83116,M,4345611.0,585227.0,83
201400019432,14,9,19,1745,1,1,1,1.0,6,83110,M,0.0,0.0,83
201400019433,14,10,19,730,2,1,1,5.0,6,83116,M,0.0,0.0,83
201400019434,14,10,24,115,3,1,1,1.0,1,83116,M,0.0,0.0,83
201400019435,14,11,14,930,1,2,1,1.0,3,83116,M,0.0,0.0,83
201400019436,14,12,15,1615,1,2,1,2.0,6,83116,M,4345283.0,586091.0,83
201400019437,14,12,2,1215,1,2,7,1.0,6,83116,M,4345438.0,585443.0,83
201400019438,14,12,22,1730,3,1,1,1.0,2,83116,M,0.0,0.0,83
201400019439,14,1,15,1530,1,2,1,1.0,6,83073,M,0.0,0.0,83
201400019440,14,1,27,730,2,1,1,1.0,2,83031,M,0.0,0.0,83
201400019441,14,3,2,1645,1,1,1,1.0,3,83092,M,4351000.0,641000.0,83
201400019442,14,3,7,615,2,2,1,1.0,6,83031,M,0.0,0.0,83
201400019443,14,3,6,2245,5,2,6,1.0,4,83073,M,0.0,0.0,83
201400019444,14,3,20,1245,1,1,1,1.0,7,83033,M,4348700.0,636500.0,83
201400019445,14,4,12,2315,3,1,1,1.0,7,83031,M,0.0,0.0,83
201400019446,14,6,24,1215,1,1,1,1.0,5,83031,M,0.0,0.0,83
201400019447,14,9,2,845,1,1,1,1.0,3,83031,M,0.0,0.0,83
201400019448,14,10,12,1945,3,1,1,2.0,6,83067,M,0.0,0.0,83
201400019449,14,1,9,730,1,2,2,1.0,1,74105,M,0.0,0.0,74
201400019450,14,1,24,1745,3,2,1,1.0,6,74150,M,4627400.0,631600.0,74
201400019451,14,1,28,1930,3,1,1,1.0,3,74025,M,0.0,0.0,74
201400019452,14,2,15,330,3,1,1,1.0,1,74263,M,0.0,0.0,74
201400019453,14,3,17,1830,1,1,2,1.0,3,74293,M,0.0,0.0,74
201400019454,14,4,14,1500,1,2,3,1.0,3,74263,M,0.0,0.0,74
201400019455,14,4,30,1515,1,2,1,1.0,2,74263,M,0.0,0.0,74
201400019456,14,5,6,1345,1,1,1,1.0,3,74263,M,0.0,0.0,74
201400019457,14,5,17,300,5,2,1,1.0,6,74043,M,0.0,0.0,74
201400019458,14,6,10,1545,1,1,1,1.0,1,74263,M,0.0,0.0,74
201400019459,14,7,6,445,5,1,1,1.0,4,74293,M,0.0,0.0,74