Num_Acc,an,mois,jour,hrmn,lum,agg,int,atm,col,com,gps,lat,long,dep
201400019460,14,7,19,845,1,1,9,1.0,3,74210,M,0.0,0.0,74
201400019461,14,7,22,1015,1,2,1,1.0,6,74043,M,0.0,0.0,74
201400019462,14,7,28,1200,1,2,1,1.0,2,74105,M,0.0,0.0,74
201400019463,14,7,31,2015,1,1,1,1.0,6,74150,M,0.0,0.0,74
201400019464,14,8,9,130,5,1,1,1.0,3,74263,M,0.0,0.0,74
201400019465,14,9,3,1115,1,1,2,1.0,1,74163,M,0.0,0.0,74
201400019466,14,9,3,230,3,1,1,1.0,6,74005,M,0.0,0.0,74
201400019467,14,9,7,1745,1,1,1,1.0,3,74171,M,0.0,0.0,74
201400019468,14,9,6,1230,1,1,2,1.0,3,74106,M,0.0,0.0,74
201400019469,14,10,27,1930,5,2,2,1.0,3,74105,M,0.0,0.0,74
201400019470,14,10,29,1000,1,1,1,1.0,1,74263,M,0.0,0.0,74
201400019471,14,10,31,2000,3,1,1,1.0,2,74048,M,0.0,0.0,74
201400019472,14,12,6,1715,5,2,1,1.0,1,74210,M,0.0,0.0,74
201400019473,14,12,11,800,1,1,1,1.0,3,74171,M,0.0,0.0,74
201400019474,14,12,20,2015,3,1,1,1.0,6,74053,M,0.0,0.0,74
201400019475,14,10,13,1045,1,1,1,1.0,2,24059,M,4502310.0,39193.0,24
201400019476,14,12,20,145,3,1,1,2.0,4,24442,M,4510450.0,49682.0,24
201400019477,14,1,3,1100,1,1,1,3.0,1,34169,M,4366585.0,386621.0,34
201400019478,14,1,23,1800,3,1,1,1.0,5,34118,M,0.0,0.0,34
201400019479,14,2,7,1700,1,2,1,1.0,1,34217,M,0.0,0.0,34
201400019480,14,5,5,2200,3,1,1,1.0,7,34014,M,0.0,0.0,34
201400019481,14,7,9,1615,1,1,1,1.0,1,34309,M,0.0,0.0,34
201400019482,14,7,9,1715,1,2,1,1.0,6,34217,M,0.0,0.0,34
201400019483,14,7,21,1800,1,1,1,1.0,5,34309,M,0.0,0.0,34
201400019484,14,10,1,1445,1,1,1,1.0,1,34118,M,4372900.0,306500.0,34
201400019485,14,2,1,1010,1,2,1,2.0,6,16015,M,4564980.0,15853.0,16
201400019486,14,12,6,1800,5,2,1,1.0,2,16113,M,4560753.0,8841.0,16
201400019487,14,1,29,2115,4,1,1,2.0,3,16113,M,4560952.0,8352.0,16
201400019488,14,1,29,1411,1,1,1,1.0,1,16291,M,4569474.0,26331.0,16
201400019489,14,1,17,900,1,2,3,1.0,1,16341,M,4564318.0,7071.0,16
201400019490,14,1,28,1745,3,1,1,2.0,4,16113,M,4561607.0,14849.0,16
201400019491,14,1,28,1530,1,2,1,2.0,6,16015,M,4564985.0,16937.0,16
201400019492,14,1,9,1505,1,2,1,1.0,6,16341,M,4564364.0,10489.0,16
201400019493,14,3,4,1355,1,2,1,1.0,6,16015,M,4564523.0,16692.0,16
201400019494,14,3,7,625,5,2,1,1.0,6,16154,M,4567974.0,17364.0,16
201400019495,14,2,6,800,1,2,2,1.0,3,16154,M,4567181.0,15936.0,16
201400019496,14,2,6,1730,2,2,1,1.0,6,16015,M,4565049.0,14773.0,16
201400019497,14,2,8,1855,5,2,6,1.0,6,16015,M,4564992.0,16045.0,16
201400019498,14,2,5,2013,3,1,1,1.0,5,16015,M,4563998.0,11873.0,16
201400019499,14,2,11,1415,1,2,1,2.0,6,16015,M,4564883.0,17374.0,16
201400019500,14,2,4,505,3,1,1,1.0,7,16078,M,4569206.0,23420.0,16
201400019501,14,2,28,1825,5,2,1,1.0,6,16291,M,4567828.0,19299.0,16
201400019502,14,3,20,1840,5,2,1,1.0,4,16015,M,4565436.0,15808.0,16
201400019503,14,2,21,830,2,2,9,8.0,6,16015,M,4565616.0,17040.0,16
201400019504,14,3,27,900,1,2,1,1.0,6,16015,M,4566024.0,18131.0,16
201400019505,14,3,28,820,1,2,1,1.0,4,16015,M,4563578.0,15427.0,16
201400019506,14,3,29,1350,1,1,1,1.0,6,16271,M,4564523.0,14767.0,16
201400019507,14,4,1,1830,1,2,7,1.0,6,16154,M,4566844.0,16067.0,16
201400019508,14,4,3,1935,1,2,1,2.0,2,16154,M,4567884.0,17700.0,16
201400019509,14,4,15,825,1,1,1,1.0,2,16154,M,4569285.0,16421.0,16
201400019510,14,4,11,2110,5,2,1,1.0,7,16374,M,4564925.0,18618.0,16
201400019511,14,4,12,900,1,2,1,1.0,1,16291,M,4567522.0,24036.0,16
201400019512,14,4,23,1035,1,2,1,1.0,6,16113,M,4560800.0,10281.0,16
201400019513,14,3,20,1400,1,1,1,1.0,7,16015,M,4563255.0,17996.0,16
201400019514,14,4,14,1610,1,2,2,1.0,6,16015,M,4564835.0,12063.0,16
201400019515,14,5,6,1800,1,2,6,1.0,6,16166,M,4567110.0,19383.0,16
201400019516,14,5,8,150,5,2,1,1.0,6,16015,M,4564805.0,16089.0,16
201400019517,14,4,12,1725,1,2,4,1.0,2,16113,M,4561376.0,9941.0,16
201400019518,14,5,19,1842,1,2,1,1.0,6,16374,M,4564314.0,18655.0,16
201400019519,14,5,21,1105,1,2,1,2.0,2,16358,M,4566669.0,13290.0,16
201400019520,14,5,21,1840,1,2,6,2.0,7,16015,M,4564988.0,16057.0,16
201400019521,14,4,21,1750,1,2,1,1.0,2,16154,M,4567922.0,16619.0,16
201400019522,14,5,24,900,1,2,6,1.0,6,16015,M,4565116.0,11959.0,16
201400019523,14,5,25,1850,1,1,1,1.0,1,16358,M,4568885.0,10971.0,16
201400019524,14,5,23,1920,1,2,1,1.0,2,16166,M,4566518.0,20127.0,16
201400019525,14,5,30,940,1,2,1,1.0,2,16015,M,4564397.0,13709.0,16
201400019526,14,5,30,920,1,1,1,1.0,6,16374,M,4565374.0,20440.0,16
201400019527,14,6,5,1000,1,2,1,1.0,6,16015,M,4565731.0,14709.0,16
201400019528,14,6,6,2210,5,2,1,1.0,6,16015,M,4565419.0,14811.0,16
201400019529,14,6,7,1210,1,2,1,1.0,6,16015,M,4565498.0,16843.0,16
201400019530,14,6,11,1200,1,2,1,1.0,4,16166,M,4566529.0,17831.0,16
201400019531,14,6,20,1900,1,2,1,1.0,4,16015,M,4565708.0,17094.0,16
201400019532,14,6,20,745,1,2,1,1.0,2,16291,M,4568733.0,24345.0,16
201400019533,14,6,25,1930,1,2,1,1.0,6,16015,M,4564966.0,15973.0,16
201400019534,14,7,3,1525,1,2,1,1.0,6,16291,M,4567978.0,20226.0,16
201400019535,14,6,10,1730,1,2,1,1.0,6,16015,M,4564682.0,15487.0,16
201400019536,14,6,10,2020,1,2,1,1.0,2,16015,M,4564594.0,13937.0,16
201400019537,14,6,17,1405,1,2,1,1.0,6,16015,M,4566037.0,14053.0,16
201400019538,14,6,21,1655,1,2,9,1.0,6,16015,M,4566089.0,14036.0,16
201400019539,14,7,25,1355,1,2,1,1.0,2,16154,M,4566245.0,16238.0,16
201400019540,14,7,4,1155,1,2,6,1.0,2,16374,M,4564452.0,18119.0,16
201400019541,14,7,25,934,1,2,6,1.0,7,16015,M,4565037.0,14467.0,16
201400019542,14,7,24,2010,1,2,3,1.0,3,16015,M,4565654.0,14381.0,16
201400019543,14,7,25,1555,1,2,1,2.0,1,16166,M,4566975.0,20594.0,16
201400019544,14,8,6,955,1,2,1,1.0,6,16015,M,4564402.0,16165.0,16
201400019545,14,9,12,1700,1,2,3,1.0,6,16166,M,4567190.0,19006.0,16
201400019546,14,9,22,1820,1,2,2,1.0,3,16154,M,4566178.0,16695.0,16
201400019547,14,9,3,1738,1,2,2,1.0,1,16358,M,4566874.0,13111.0,16
201400019548,14,10,3,332,5,2,1,1.0,6,16015,M,4566489.0,13805.0,16
201400019549,14,10,2,913,1,2,1,1.0,6,16166,M,4566086.0,18270.0,16
201400019550,14,8,21,900,1,1,1,1.0,6,16374,M,4564669.0,20783.0,16
201400019551,14,8,19,2010,2,1,1,1.0,7,16374,M,4567192.0,21247.0,16
201400019552,14,8,24,1800,1,1,1,1.0,2,16015,M,4562945.0,14014.0,16
201400019553,14,10,24,1510,1,2,7,1.0,6,16113,M,4560957.0,10145.0,16
201400019554,14,10,17,1555,1,2,3,1.0,6,16166,M,4566419.0,19049.0,16
201400019555,14,10,17,935,1,2,1,2.0,6,16015,M,4565859.0,17168.0,16
201400019556,14,10,18,1750,2,1,1,1.0,7,16374,M,4562871.0,20294.0,16
201400019557,14,10,15,1215,1,2,1,1.0,3,16015,M,4563355.0,15402.0,16
201400019558,14,10,18,2050,5,2,3,1.0,6,16015,M,4565337.0,14796.0,16
201400019559,14,10,6,1315,1,2,1,2.0,7,16154,M,4566243.0,16239.0,16
201400019560,14,10,7,1800,1,1,1,2.0,7,16358,M,4567823.0,13151.0,16
201400019561,14,9,29,728,2,2,1,1.0,6,16113,M,4561193.0,9803.0,16
201400019562,14,11,3,855,1,2,1,1.0,4,16015,M,4564482.0,13413.0,16
201400019563,14,11,6,1335,1,2,1,1.0,6,16015,M,4564835.0,16293.0,16
201400019564,14,9,12,1525,1,1,1,1.0,3,16113,M,4561221.0,9169.0,16
201400019565,14,9,7,750,2,1,3,1.0,3,16358,M,4566277.0,13271.0,16
201400019566,14,9,3,1015,1,1,1,1.0,7,16341,M,4563614.0,11802.0,16
201400019567,14,11,18,1145,1,2,2,1.0,3,16374,M,4563944.0,20394.0,16
201400019568,14,11,19,835,1,2,1,2.0,6,16166,M,4566323.0,19282.0,16
201400019569,14,11,12,1755,3,1,1,1.0,7,16374,M,4565345.0,20878.0,16
201400019570,14,11,11,1145,1,2,1,1.0,2,16015,M,4564879.0,17432.0,16
201400019571,14,11,6,1620,1,2,1,1.0,6,16015,M,4563184.0,15164.0,16
201400019572,14,11,14,740,5,2,1,2.0,7,16015,M,4565174.0,16004.0,16
201400019573,14,11,12,1720,2,2,1,2.0,7,16015,M,4565166.0,16303.0,16
201400019574,14,10,31,2320,5,2,1,1.0,7,16341,M,4563639.0,10636.0,16
201400019575,14,11,29,1632,1,2,1,1.0,6,16015,M,4565271.0,16410.0,16
201400019576,14,11,29,1850,5,2,1,1.0,1,16015,M,4565284.0,15612.0,16
201400019577,14,10,30,1000,1,2,1,1.0,3,16015,M,4564740.0,15367.0,16
201400019578,14,12,11,1810,5,2,1,1.0,3,16113,M,4560748.0,8829.0,16
201400019579,14,12,17,1300,1,2,1,1.0,6,16015,M,4564767.0,15776.0,16
201400019580,14,12,22,730,2,1,1,1.0,1,16113,M,4562127.0,10735.0,16
201400019581,14,12,18,1745,1,1,1,1.0,6,16113,M,4562341.0,11019.0,16
201400019582,14,12,12,2155,5,2,1,1.0,2,16015,M,4565244.0,15903.0,16
201400019583,14,12,23,1805,3,2,1,1.0,7,16374,M,4564238.0,18990.0,16
201400019584,14,12,10,1725,3,1,1,1.0,4,16358,M,4566178.0,12744.0,16
201400019585,14,12,10,2045,3,2,1,1.0,7,16015,M,4564168.0,14831.0,16
201400019586,14,3,1,1520,1,2,1,1.0,2,16102,M,4569817.0,-33934.0,16
201400019587,14,3,29,2100,5,2,2,1.0,1,16089,M,4569817.0,-33934.0,16
201400019588,14,4,7,1005,1,2,3,1.0,3,16102,M,4569873.0,-31859.0,16
201400019589,14,4,10,1810,1,2,2,1.0,3,16102,M,4569344.0,-32023.0,16
201400019590,14,5,3,1150,1,2,2,1.0,3,16102,M,4568995.0,-31937.0,16
201400019591,14,6,7,545,5,2,1,1.0,7,16089,M,4565664.0,-32500.0,16
201400019592,14,6,7,1600,1,2,7,1.0,6,16089,M,4568413.0,-30506.0,16
201400019593,14,7,24,1852,1,2,1,3.0,6,16102,M,4569435.0,-32646.0,16
201400019594,14,8,24,945,1,2,1,1.0,6,16102,M,4569105.0,-32246.0,16
201400019595,14,8,30,1845,1,2,1,1.0,6,16102,M,4569595.0,-33302.0,16
201400019596,14,9,12,1800,1,2,1,1.0,7,16102,M,4570420.0,-32513.0,16
201400019597,14,9,16,1315,1,2,3,1.0,3,16102,M,4569216.0,-32513.0,16
201400019598,14,10,14,1805,5,2,1,1.0,7,16102,M,4569955.0,-33261.0,16
201400019599,14,11,19,1715,1,1,1,1.0,1,16102,M,4567687.0,-32006.0,16
201400019600,14,11,28,1620,1,2,1,1.0,6,16102,M,4569108.0,-32914.0,16
201400019601,14,12,3,1845,5,2,3,1.0,3,16102,M,4569061.0,-32152.0,16
201400019602,14,12,8,745,2,2,1,2.0,7,16102,M,4569864.0,-32903.0,16
201400019603,14,12,22,1615,1,2,1,1.0,5,16089,M,4567844.0,-31567.0,16
201400019604,14,5,22,1445,1,1,1,1.0,1,77065,M,4845400.0,251900.0,77
201400019605,14,7,1,1015,1,2,1,1.0,3,77069,M,0.0,0.0,77
201400019606,14,7,4,1345,1,1,1,2.0,6,77069,M,0.0,0.0,77
201400019607,14,7,31,1445,1,1,1,1.0,1,77065,M,4877700.0,290900.0,77
201400019608,14,1,25,1315,1,2,1,1.0,3,69100,M,0.0,0.0,69
201400019609,14,2,11,1630,1,2,1,2.0,6,69260,M,4565200.0,481500.0,69
201400019610,14,2,20,1015,1,2,1,1.0,6,69100,M,0.0,0.0,69
201400019611,14,3,2,1700,1,1,1,1.0,1,69133,M,0.0,0.0,69
201400019612,14,6,8,2015,1,2,1,1.0,1,69100,M,0.0,0.0,69
201400019613,14,7,26,1400,1,1,1,3.0,6,69133,M,4562800.0,478500.0,69
201400019614,14,10,16,1030,1,2,9,2.0,6,69260,M,0.0,0.0,69
201400019615,14,12,5,1800,5,2,1,1.0,6,69260,M,0.0,0.0,69
201400019616,14,12,27,1800,5,2,1,2.0,1,69046,M,0.0,0.0,69
201400019617,14,1,7,955,1,2,1,1.0,7,17299,M,4594161.0,-96867.0,17
201400019618,14,1,11,1330,1,1,2,1.0,5,17449,M,4594439.0,-86476.0,17
201400019619,14,1,14,1320,1,2,1,1.0,7,17299,M,4593595.0,-96031.0,17
201400019620,14,1,16,1830,5,2,1,3.0,7,17299,M,4593437.0,-96474.0,17
201400019621,14,1,20,740,5,2,1,2.0,7,17299,M,4594311.0,-96076.0,17
201400019622,14,1,21,1815,5,2,2,1.0,3,17449,M,4594475.0,-89287.0,17
201400019623,14,1,23,900,1,2,6,1.0,3,17299,M,4593067.0,-96014.0,17
201400019624,14,1,23,1725,1,2,1,1.0,2,17449,M,4595060.0,-93238.0,17
201400019625,14,1,25,1755,5,2,2,1.0,3,17299,M,4594018.0,-97116.0,17
201400019626,14,2,8,2015,5,2,3,2.0,3,17299,M,4595554.0,-96912.0,17
201400019627,14,2,10,1650,1,2,6,2.0,3,17299,M,4594700.0,-98842.0,17
201400019628,14,2,18,1210,1,2,1,1.0,2,17299,M,4594235.0,-98107.0,17
201400019629,14,2,23,1800,1,2,1,1.0,7,17299,M,4595223.0,-95423.0,17
201400019630,14,3,9,1740,1,2,2,1.0,3,17299,M,4593584.0,-95941.0,17
201400019631,14,3,15,1110,1,2,2,1.0,3,17299,M,4592561.0,-96008.0,17
201400019632,14,3,24,1655,1,1,1,3.0,7,17449,M,4598044.0,-83996.0,17
201400019633,14,4,1,1520,1,2,1,1.0,7,17299,M,4593640.0,-96756.0,17
201400019634,14,4,4,1615,1,2,1,1.0,6,17299,M,4593564.0,-96261.0,17
201400019635,14,4,6,50,5,2,1,2.0,6,17299,M,4594178.0,-98214.0,17
201400019636,14,4,10,1950,1,1,1,1.0,2,17299,M,4593591.0,-98460.0,17
201400019637,14,4,24,555,5,2,1,1.0,7,17299,M,4593130.0,-97083.0,17
201400019638,14,4,29,825,1,2,1,3.0,7,17299,M,4594657.0,-98840.0,17
201400019639,14,5,3,1745,1,2,1,1.0,2,17449,M,4594832.0,-91388.0,17
201400019640,14,5,7,1220,1,2,1,1.0,6,17299,M,4593760.0,-95817.0,17
201400019641,14,5,13,1245,1,1,1,1.0,7,17299,M,4597496.0,-95674.0,17
201400019642,14,5,22,825,1,1,1,1.0,2,17299,M,4592236.0,-97130.0,17
201400019643,14,5,25,700,2,2,1,1.0,6,17299,M,4595713.0,-95784.0,17
201400019644,14,6,2,1400,1,2,1,1.0,6,17299,M,4593319.0,-96002.0,17
201400019645,14,6,14,1705,1,1,1,1.0,1,17449,M,4597383.0,-84597.0,17
201400019646,14,6,27,1035,1,2,4,1.0,3,17299,M,4594196.0,-96265.0,17
201400019647,14,7,2,1255,1,2,3,1.0,3,17449,M,4595273.0,-88728.0,17
201400019648,14,7,4,1005,1,2,1,1.0,2,17449,M,4594481.0,-88303.0,17
201400019649,14,7,5,1120,1,1,1,2.0,2,17299,M,4592804.0,-97840.0,17
201400019650,14,7,5,1245,1,2,1,1.0,2,17449,M,4594835.0,-91407.0,17
201400019651,14,7,8,805,1,1,1,2.0,7,17449,M,4594551.0,-91893.0,17
201400019652,14,7,9,955,1,2,1,1.0,4,17299,M,4594725.0,-98820.0,17
201400019653,14,7,11,1020,1,2,1,1.0,2,17299,M,4594421.0,-95904.0,17
201400019654,14,7,16,1645,1,2,1,1.0,3,17299,M,4595048.0,-94311.0,17
201400019655,14,7,17,830,1,2,1,1.0,7,17299,M,4594042.0,-96544.0,17
201400019656,14,7,20,1110,1,2,1,2.0,7,17299,M,,,17
201400019657,14,8,7,1040,1,2,1,1.0,3,17449,M,4595068.0,-93206.0,17
201400019658,14,8,22,900,1,2,1,1.0,7,17299,M,4594957.0,-97663.0,17
201400019659,14,8,25,1730,1,1,1,1.0,5,17449,M,4595334.0,-87902.0,17
201400019660,14,8,29,955,1,2,1,1.0,3,17299,M,4594103.0,-97657.0,17
201400019661,14,8,29,1735,1,2,1,1.0,2,17449,M,4595171.0,-88800.0,17
201400019662,14,9,2,1545,1,2,1,1.0,7,17299,M,4593556.0,-96449.0,17
201400019663,14,9,4,1445,1,2,1,1.0,7,17299,M,4594042.0,-96544.0,17
201400019664,14,9,9,1110,1,2,1,1.0,3,17299,M,4593860.0,-98514.0,17
201400019665,14,9,15,1825,1,2,1,1.0,2,17449,M,4595023.0,-89689.0,17
201400019666,14,9,16,1720,1,2,1,1.0,2,17299,M,4594214.0,-96658.0,17
201400019667,14,9,29,1025,2,2,2,1.0,3,17299,M,4593574.0,-96341.0,17
201400019668,14,10,4,1535,1,1,1,1.0,3,17299,M,4593152.0,-98203.0,17
201400019669,14,10,10,1625,1,2,1,1.0,2,17449,M,4595067.0,-93169.0,17
201400019670,14,10,13,1400,1,2,1,1.0,3,17299,M,4595520.0,-97055.0,17
201400019671,14,10,27,1405,1,1,1,1.0,6,17449,M,4593888.0,-87164.0,17
201400019672,14,10,28,1840,5,2,1,1.0,7,17299,M,4593854.0,-96616.0,17
201400019673,14,11,5,1115,1,1,1,1.0,7,17449,M,4597103.0,-91837.0,17
201400019674,14,11,14,1805,3,2,1,1.0,2,17449,M,4595236.0,-87299.0,17
201400019675,14,11,15,2310,5,2,1,2.0,7,17299,M,4593709.0,-96415.0,17
201400019676,14,11,25,1745,2,2,2,1.0,3,17449,M,4594938.0,-90201.0,17
201400019677,14,12,1,1815,5,2,6,1.0,7,17299,M,4594322.0,-96061.0,17
201400019678,14,12,2,745,5,2,1,2.0,2,17299,M,4596005.0,-96132.0,17
201400019679,14,12,3,1230,1,2,9,1.0,3,17299,M,4592342.0,-95848.0,17
201400019680,14,12,6,1345,1,2,2,1.0,3,17299,M,4594015.0,-97114.0,17
201400019681,14,12,11,925,1,2,1,1.0,7,17299,M,4593574.0,-96444.0,17
201400019682,14,12,12,1815,3,1,1,1.0,7,17299,M,4592661.0,-97674.0,17
201400019683,14,12,15,1820,5,2,1,2.0,3,17299,M,4592697.0,-96592.0,17
201400019684,14,12,17,820,2,2,1,2.0,7,17299,M,4593305.0,-96647.0,17
201400019685,14,1,2,35,5,2,1,2.0,6,17300,M,4616143.0,-120649.0,17
201400019686,14,1,3,1220,1,2,1,1.0,2,17300,M,4616952.0,-117021.0,17
201400019687,14,1,7,719,2,2,2,1.0,6,17300,M,4615656.0,-112659.0,17
201400019688,14,1,7,900,1,2,3,1.0,3,17300,M,4616670.0,-113658.0,17
201400019689,14,1,14,1801,2,2,1,1.0,3,17274,M,4615436.0,-109707.0,17
201400019690,14,1,16,1650,1,2,2,1.0,6,17300,M,4616175.0,-114669.0,17
201400019691,14,1,16,1755,1,2,1,1.0,6,17300,M,4616521.0,-114561.0,17
201400019692,14,1,25,1813,2,2,3,1.0,6,17300,M,4615862.0,-115638.0,17
201400019693,14,2,1,2235,5,1,1,2.0,7,17028,M,4612622.0,-112718.0,17
201400019694,14,2,1,1515,1,2,1,1.0,6,17300,M,4617222.0,-112005.0,17
201400019695,14,2,2,2240,4,1,1,1.0,7,17300,M,4615459.0,-111499.0,17
201400019696,14,2,2,2225,3,1,1,1.0,6,17300,M,4617438.0,-117498.0,17
201400019697,14,2,5,1706,1,2,3,2.0,3,17300,M,4617222.0,-121293.0,17
201400019698,14,2,5,1751,2,2,1,1.0,6,17300,M,4616554.0,-118860.0,17
201400019699,14,2,7,1802,1,2,1,1.0,3,17300,M,4614119.0,-116053.0,17
201400019700,14,2,11,1225,1,2,1,1.0,7,17300,M,4615851.0,-114565.0,17
201400019701,14,2,11,1823,2,2,1,1.0,3,17300,M,4616458.0,-118166.0,17
201400019702,14,2,13,840,1,2,1,1.0,6,17300,M,4615851.0,-114547.0,17
201400019703,14,2,15,1725,1,1,1,1.0,3,17291,M,4618152.0,-114149.0,17
201400019704,14,2,18,820,1,2,1,2.0,7,17300,M,4616336.0,-118246.0,17
201400019705,14,2,18,1850,2,2,1,1.0,6,17300,M,4617142.0,-117701.0,17
201400019706,14,2,19,1541,1,2,3,1.0,3,17300,M,4617066.0,-112459.0,17
201400019707,14,2,21,1924,2,2,6,1.0,3,17200,M,4617393.0,-116664.0,17
201400019708,14,3,5,1745,1,2,1,1.0,6,17300,M,4616329.0,-114550.0,17
201400019709,14,3,6,1247,1,1,1,1.0,5,17200,M,4618149.0,-114155.0,17
201400019710,14,3,7,1820,1,2,1,1.0,7,17200,M,4617262.0,-117026.0,17
201400019711,14,3,12,1610,1,1,1,1.0,6,17300,M,4617673.0,-110310.0,17
201400019712,14,3,13,2110,5,2,1,1.0,6,17300,M,4616309.0,-116501.0,17
201400019713,14,3,14,1250,1,2,1,1.0,7,17300,M,4615755.0,-115371.0,17
201400019714,14,3,16,315,5,2,1,1.0,6,17300,M,4616488.0,-120341.0,17
201400019715,14,3,26,1820,1,2,1,1.0,6,17300,M,4616951.0,-114658.0,17
201400019716,14,3,30,440,5,2,1,1.0,1,17028,M,4613793.0,-111110.0,17
201400019717,14,4,1,1245,1,2,1,1.0,6,17300,M,4615704.0,-114996.0,17
201400019718,14,4,3,1935,1,1,1,1.0,2,17291,M,4617693.0,-111518.0,17
201400019719,14,4,7,120,5,2,1,1.0,7,17274,M,4616329.0,-111174.0,17
201400019720,14,4,8,1640,1,2,1,1.0,6,17300,M,4614144.0,-113863.0,17
201400019721,14,4,10,830,1,2,1,7.0,7,17300,M,4616461.0,-117893.0,17
201400019722,14,4,11,1840,1,2,1,1.0,6,17300,M,4616059.0,-117143.0,17
201400019723,14,4,11,1830,1,2,1,1.0,6,17300,M,4616896.0,-117196.0,17
201400019724,14,5,27,2021,2,1,2,1.0,1,17200,M,4618091.0,-116716.0,17
201400019725,14,4,14,1722,1,2,1,1.0,6,17300,M,4616030.0,-115397.0,17
201400019726,14,4,15,925,1,2,1,1.0,7,17300,M,4616116.0,-117491.0,17
201400019727,14,4,21,1826,1,2,1,1.0,6,17300,M,4616940.0,-114875.0,17
201400019728,14,4,22,140,5,2,1,1.0,7,17300,M,4615994.0,-119693.0,17
201400019729,14,4,22,853,1,1,1,1.0,7,17300,M,4614589.0,-110901.0,17
201400019730,14,4,22,926,1,2,1,1.0,6,17028,M,4613726.0,-110348.0,17
201400019731,14,4,22,1829,1,1,1,1.0,7,17200,M,4617444.0,-116669.0,17
201400019732,14,4,22,1509,1,2,1,1.0,7,17300,M,4616449.0,-115165.0,17
201400019733,14,4,25,1230,1,2,1,1.0,7,17300,M,4616705.0,-118170.0,17
201400019734,14,4,29,1750,1,1,3,1.0,3,17300,M,4617050.0,-121284.0,17
201400019735,14,4,29,1040,1,2,1,1.0,7,17300,M,4616951.0,-114656.0,17
201400019736,14,5,3,1517,1,2,1,1.0,6,17300,M,4612082.0,-110954.0,17
201400019737,14,5,7,1211,1,2,1,1.0,7,17300,M,4616485.0,-118324.0,17
201400019738,14,5,8,1450,1,1,1,1.0,3,17300,M,4618089.0,-114716.0,17
201400019739,14,5,10,1525,1,2,3,1.0,6,17200,M,4618000.0,-116416.0,17
201400019740,14,5,10,1620,1,2,1,2.0,7,17300,M,4616202.0,-115251.0,17
201400019741,14,5,16,2350,5,2,1,1.0,7,17274,M,4615304.0,-111188.0,17
201400019742,14,5,20,1220,1,2,1,1.0,6,17300,M,4616465.0,-119782.0,17
201400019743,14,5,21,1635,1,2,1,3.0,6,17300,M,4617069.0,-112481.0,17
201400019744,14,5,22,1205,1,2,1,1.0,7,17300,M,4615815.0,-115188.0,17
201400019745,14,5,24,350,5,2,1,9.0,6,17300,M,4614815.0,-115847.0,17
201400019746,14,6,5,1003,1,2,1,1.0,7,17300,M,4616792.0,-113309.0,17
201400019747,14,6,5,1432,1,2,1,1.0,6,17300,M,4614711.0,-115219.0,17
201400019748,14,6,7,5,5,2,1,1.0,2,17300,M,4617022.0,-112610.0,17
201400019749,14,6,12,1520,1,2,1,1.0,7,17300,M,4616912.0,-112938.0,17
201400019750,14,6,13,1513,1,2,1,1.0,6,17300,M,4616089.0,-114036.0,17
201400019751,14,6,15,1930,1,2,1,1.0,2,17300,M,4617447.0,-115048.0,17
201400019752,14,6,22,435,5,2,1,1.0,5,17291,M,4618062.0,-112713.0,17
201400019753,14,6,25,1809,1,1,1,1.0,2,17300,M,4615140.0,-111275.0,17
201400019754,14,6,25,1210,1,2,1,1.0,6,17300,M,4615903.0,-114864.0,17
201400019755,14,6,22,725,2,1,1,1.0,7,17274,M,4616118.0,-106965.0,17
201400019756,14,6,30,958,1,2,1,2.0,3,17300,M,4615854.0,-114551.0,17
201400019757,14,6,30,1022,1,2,1,1.0,1,17300,M,4616154.0,-120389.0,17
201400019758,14,7,8,2240,5,2,1,1.0,1,17300,M,4614896.0,-115354.0,17
201400019759,14,7,10,1945,2,2,1,1.0,6,17300,M,4617253.0,-111893.0,17
201400019760,14,7,11,2050,2,2,1,1.0,2,17300,M,4615601.0,-116513.0,17
201400019761,14,7,14,1827,1,2,1,1.0,3,17300,M,4616255.0,-115986.0,17
201400019762,14,7,14,2016,1,2,1,1.0,1,17028,M,4613138.0,-113707.0,17
201400019763,14,7,14,2210,2,2,3,1.0,1,17300,M,4616293.0,-116339.0,17
201400019764,14,7,16,1657,1,2,1,1.0,3,17274,M,4615288.0,-111072.0,17
201400019765,14,7,22,824,1,2,1,1.0,6,17300,M,4615613.0,-116239.0,17
201400019766,14,7,22,1800,1,2,1,1.0,6,17300,M,4616857.0,-116371.0,17
201400019767,14,7,24,1721,1,2,2,1.0,3,17300,M,4616245.0,-115857.0,17
201400019768,14,7,28,415,5,2,1,1.0,7,17300,M,4615642.0,-112803.0,17
201400019769,14,7,31,1144,1,2,3,1.0,6,17300,M,4615573.0,-118089.0,17
201400019770,14,7,31,1741,1,2,1,1.0,6,17300,M,4614119.0,-113788.0,17