Num_Acc,an,mois,jour,hrmn,lum,agg,int,atm,col,com,gps,lat,long,dep
201400019771,14,7,31,2050,1,2,1,1.0,7,17300,M,4616280.0,-115258.0,17
201400019772,14,8,6,955,1,1,1,3.0,7,17291,M,4617216.0,-112125.0,17
201400019773,14,8,6,1140,1,1,1,1.0,2,17291,M,4617225.0,-112127.0,17
201400019774,14,8,6,1236,1,2,1,1.0,3,17300,M,4616289.0,-114561.0,17
201400019775,14,8,10,215,5,2,3,1.0,3,17200,M,4617748.0,-115261.0,17
201400019776,14,8,15,923,1,2,1,1.0,6,17300,M,4616752.0,-118035.0,17
201400019777,14,8,15,2130,1,2,1,1.0,7,17300,M,4616654.0,-115956.0,17
201400019778,14,8,16,2125,2,2,1,1.0,1,17300,M,4615157.0,-111883.0,17
201400019779,14,8,26,825,1,2,1,1.0,6,17300,M,4616667.0,-113667.0,17
201400019780,14,8,21,1600,1,2,1,1.0,3,17300,M,4616317.0,-115219.0,17
201400019781,14,8,25,1700,1,2,1,1.0,6,17300,M,4616152.0,-115221.0,17
201400019782,14,8,26,30,5,2,1,3.0,2,17300,M,4617072.0,-112470.0,17
201400019783,14,9,2,1719,1,2,1,1.0,6,17028,M,4612833.0,-109462.0,17
201400019784,14,9,3,1214,1,2,1,1.0,6,17300,M,4616723.0,-120407.0,17
201400019785,14,9,4,1657,1,1,1,1.0,2,17291,M,4617831.0,-115861.0,17
201400019786,14,9,4,1605,1,2,1,1.0,6,17028,M,4613180.0,-110675.0,17
201400019787,14,9,5,825,1,2,1,1.0,2,17274,M,4615424.0,-109749.0,17
201400019788,14,9,6,2024,1,2,1,1.0,2,17028,M,4613127.0,-109891.0,17
201400019789,14,9,7,1335,1,2,1,1.0,6,17300,M,,,17
201400019790,14,9,7,1045,1,2,6,1.0,3,17291,M,4618118.0,-112511.0,17
201400019791,14,9,12,1733,1,1,1,1.0,2,17291,M,4617270.0,-112161.0,17
201400019792,14,9,13,1016,1,2,1,1.0,3,17300,M,4616555.0,-118866.0,17
201400019793,14,9,14,1455,1,2,1,1.0,2,17300,M,4616436.0,-117723.0,17
201400019794,14,9,15,1600,1,2,1,1.0,6,17300,M,4614367.0,-114032.0,17
201400019795,14,9,18,1503,1,2,1,1.0,2,17300,M,4617123.0,-112310.0,17
201400019796,14,9,20,1725,1,2,3,1.0,3,17300,M,4616474.0,-117531.0,17
201400019797,14,9,20,1905,1,1,1,1.0,3,17300,M,4617917.0,-109653.0,17
201400019798,14,9,21,2235,5,1,1,1.0,6,17300,M,4614594.0,-110922.0,17
201400019799,14,9,23,1916,1,2,1,1.0,6,17300,M,4616120.0,-115306.0,17
201400019800,14,9,26,1000,1,2,6,1.0,6,17300,M,4616147.0,-117903.0,17
201400019801,14,9,28,655,5,2,1,1.0,7,17300,M,4616306.0,-114767.0,17
201400019802,14,9,29,1030,1,1,1,1.0,7,17291,M,4618144.0,-114148.0,17
201400019803,14,9,30,1830,1,2,1,1.0,2,17300,M,4616311.0,-116517.0,17
201400019804,14,10,1,1821,1,2,1,1.0,6,17300,M,4615616.0,-111878.0,17
201400019805,14,10,3,2100,2,2,1,1.0,6,17300,M,4616771.0,-116915.0,17
201400019806,14,10,8,1420,1,2,3,1.0,3,17300,M,4616298.0,-114718.0,17
201400019807,14,10,9,1807,1,2,1,1.0,3,17300,M,4616562.0,-114121.0,17
201400019808,14,10,18,1508,1,2,1,1.0,6,17300,M,4616939.0,-117476.0,17
201400019809,14,10,18,1943,2,2,1,1.0,1,17300,M,4615569.0,-113447.0,17
201400019810,14,10,21,15,5,2,1,1.0,7,17300,M,4617306.0,-114640.0,17
201400019811,14,10,22,705,5,1,1,1.0,3,17300,M,4617106.0,-112337.0,17
201400019812,14,10,27,1800,5,2,4,1.0,6,17300,M,4617391.0,-119951.0,17
201400019813,14,10,29,1535,1,2,1,1.0,2,17300,M,4615986.0,-116683.0,17
201400019814,14,10,31,1730,1,2,1,1.0,6,17300,M,4615626.0,-112975.0,17
201400019815,14,11,1,1835,1,2,1,1.0,2,17300,M,4616228.0,-118355.0,17
201400019816,14,11,3,1500,1,2,1,1.0,2,17028,M,4613634.0,-112419.0,17
201400019817,14,11,9,1835,2,2,1,1.0,7,17300,M,4616787.0,-118009.0,17
201400019818,14,11,16,1915,5,2,1,1.0,7,17274,M,4615753.0,-110682.0,17
201400019819,14,11,17,2140,4,2,1,2.0,7,17300,M,4614863.0,-113815.0,17
201400019820,14,11,18,925,2,2,2,1.0,6,17200,M,4618740.0,-115285.0,17
201400019821,14,11,20,1616,1,2,1,1.0,6,17300,M,4616239.0,-114080.0,17
201400019822,14,11,21,550,5,2,1,1.0,2,17300,M,4616082.0,-114570.0,17
201400019823,14,11,24,2230,5,2,1,2.0,3,17300,M,4615175.0,-113964.0,17
201400019824,14,11,26,1600,1,2,1,1.0,7,17300,M,4617695.0,-114094.0,17
201400019825,14,11,26,1713,1,2,1,1.0,3,17300,M,4616652.0,-117848.0,17
201400019826,14,11,30,2210,5,2,1,1.0,6,17300,M,4616861.0,-117309.0,17
201400019827,14,12,4,105,5,2,1,1.0,7,17300,M,4615313.0,-115469.0,17
201400019828,14,12,8,750,5,2,3,1.0,3,17300,M,4615575.0,-113437.0,17
201400019829,14,12,11,1500,1,1,1,1.0,6,17291,M,4617466.0,-111675.0,17
201400019830,14,12,11,1720,5,2,2,2.0,3,17300,M,4617341.0,-115036.0,17
201400019831,14,12,12,2030,5,1,1,1.0,2,17291,M,4617912.0,-109652.0,17
201400019832,14,12,18,802,2,2,1,1.0,1,17274,M,4615856.0,-110115.0,17
201400019833,14,12,18,1750,5,2,1,1.0,6,17300,M,4614433.0,-115308.0,17
201400019834,14,12,18,1809,5,2,1,1.0,6,17300,M,4615716.0,-116618.0,17
201400019835,14,12,19,1045,1,1,1,1.0,7,17291,M,4619271.0,-111101.0,17
201400019836,14,12,22,1150,1,2,1,1.0,6,17300,M,4616537.0,-117646.0,17
201400019837,14,12,28,1645,1,2,1,1.0,3,17300,M,4616087.0,-117318.0,17
201400019838,14,12,29,1811,2,2,1,1.0,5,17291,M,4617824.0,-112832.0,17
201400019839,14,1,3,900,1,2,2,1.0,3,17306,M,4562753.0,-102012.0,17
201400019840,14,1,22,2014,5,2,1,2.0,6,17306,M,4563028.0,-102931.0,17
201400019841,14,2,4,1415,1,2,1,1.0,6,17461,M,4564280.0,-105000.0,17
201400019842,14,2,5,2200,5,2,1,1.0,6,17306,M,4563232.0,-99406.0,17
201400019843,14,2,9,2220,5,2,1,1.0,6,17461,M,4564794.0,-105473.0,17
201400019844,14,2,19,1958,5,2,2,1.0,3,17306,M,4562451.0,-102974.0,17
201400019845,14,2,26,1405,1,2,2,1.0,3,17306,M,4562453.0,-102975.0,17
201400019846,14,2,18,1955,5,2,1,1.0,2,17306,M,4563372.0,-102035.0,17
201400019847,14,2,19,1000,1,2,2,1.0,3,17306,M,4563560.0,-102636.0,17
201400019848,14,3,4,945,1,2,4,1.0,3,17333,M,4560467.0,-98172.0,17
201400019849,14,3,11,1012,1,1,1,1.0,2,17306,M,4563931.0,-102573.0,17
201400019850,14,3,17,1045,1,2,1,1.0,6,17380,M,4565156.0,-108525.0,17
201400019851,14,3,18,1350,1,2,1,1.0,3,17306,M,4562923.0,-102958.0,17
201400019852,14,3,25,1651,1,1,2,1.0,3,17380,M,4566365.0,-107201.0,17
201400019853,14,3,8,1425,1,2,1,1.0,3,17306,M,4562751.0,-102011.0,17
201400019854,14,4,2,1900,1,2,1,1.0,6,17306,M,4562248.0,-103107.0,17
201400019855,14,4,8,2325,5,2,1,1.0,7,17306,M,4562402.0,-101492.0,17
201400019856,14,4,17,1502,1,2,1,1.0,6,17306,M,4562385.0,-102716.0,17
201400019857,14,4,19,2015,1,2,1,1.0,6,17306,M,4562134.0,-103167.0,17
201400019858,14,4,22,1825,2,2,2,2.0,3,17380,M,4565156.0,-110868.0,17
201400019859,14,4,24,1140,1,2,2,1.0,3,17306,M,4562595.0,-103009.0,17
201400019860,14,4,27,320,3,2,1,1.0,7,17306,M,4562766.0,-101509.0,17
201400019861,14,4,7,2335,3,2,1,1.0,7,17306,M,4562366.0,-101716.0,17
201400019862,14,4,30,1805,1,2,1,1.0,6,17306,M,4562809.0,-103225.0,17
201400019863,14,5,11,1205,1,2,1,1.0,2,17306,M,4562486.0,-102235.0,17
201400019864,14,5,11,1815,2,2,1,1.0,6,17306,M,4562519.0,-102801.0,17
201400019865,14,5,14,815,1,2,1,1.0,6,17306,M,4561795.0,-101388.0,17
201400019866,14,5,21,1605,1,2,1,1.0,1,17333,M,4559313.0,-96997.0,17
201400019867,14,5,23,1345,1,2,2,1.0,3,17306,M,4565343.0,-102327.0,17
201400019868,14,5,25,2230,3,1,1,1.0,6,17306,M,4563384.0,-97994.0,17
201400019869,14,5,29,2035,2,2,1,1.0,1,17306,M,4562967.0,-103977.0,17
201400019870,14,5,30,1542,1,2,1,1.0,3,17306,M,4562359.0,-101286.0,17
201400019871,14,6,1,545,3,1,1,1.0,1,17306,M,4563191.0,-98583.0,17
201400019872,14,6,3,1906,2,2,1,1.0,6,17306,M,4562381.0,-103258.0,17
201400019873,14,6,8,1046,1,2,1,1.0,3,17306,M,4565486.0,-102300.0,17
201400019874,14,6,13,1900,2,1,1,1.0,1,17333,M,4560923.0,-96986.0,17
201400019875,14,6,14,155,5,2,1,1.0,6,17306,M,4562122.0,-103746.0,17
201400019876,14,6,14,1450,1,1,1,1.0,5,17306,M,4563934.0,-102570.0,17
201400019877,14,6,15,1855,1,2,1,1.0,1,17306,M,4562362.0,-101787.0,17
201400019878,14,6,18,2350,3,2,2,1.0,3,17306,M,4562108.0,-100883.0,17
201400019879,14,6,24,1245,1,1,1,1.0,3,17380,M,4565573.0,-111517.0,17
201400019880,14,7,6,1510,1,1,1,1.0,1,17380,M,4566247.0,-113318.0,17
201400019881,14,7,7,1530,1,2,1,1.0,6,17306,M,4562509.0,-104107.0,17
201400019882,14,7,10,1740,1,2,1,1.0,6,17333,M,4561870.0,-96549.0,17
201400019883,14,7,11,1700,1,2,1,1.0,6,17333,M,4560584.0,-99716.0,17
201400019884,14,7,11,1440,1,2,1,1.0,2,17306,M,4562130.0,-102997.0,17
201400019885,14,7,19,505,5,2,1,2.0,6,17380,M,4565158.0,-109629.0,17
201400019886,14,7,19,1150,1,1,1,1.0,6,17306,M,4562905.0,-100346.0,17
201400019887,14,7,24,1804,1,2,1,1.0,6,17306,M,4562843.0,-102209.0,17
201400019888,14,7,26,1250,1,1,1,1.0,6,17333,M,4561659.0,-98822.0,17
201400019889,14,7,29,2330,3,2,1,1.0,6,17380,M,4562329.0,-104991.0,17
201400019890,14,7,30,1415,1,2,3,1.0,3,17306,M,4562866.0,-99495.0,17
201400019891,14,7,31,130,5,2,2,1.0,3,17306,M,4562674.0,-104351.0,17
201400019892,14,8,4,1750,1,2,2,1.0,6,17333,M,4560314.0,-99340.0,17
201400019893,14,8,6,1135,1,2,3,1.0,3,17306,M,4563090.0,-102833.0,17
201400019894,14,8,9,1625,1,2,2,1.0,6,17306,M,4562752.0,-102012.0,17
201400019895,14,8,10,1104,1,2,3,1.0,3,17306,M,4562660.0,-104834.0,17
201400019896,14,8,12,1715,1,2,1,1.0,6,17333,M,4560121.0,-99852.0,17
201400019897,14,8,16,930,1,2,1,1.0,3,17461,M,4563177.0,-105688.0,17
201400019898,14,8,17,50,5,2,1,1.0,6,17306,M,4563657.0,-102845.0,17
201400019899,14,8,19,1443,1,2,1,1.0,2,17306,M,4562489.0,-102152.0,17
201400019900,14,8,20,1149,1,2,1,1.0,2,17306,M,4563970.0,-102507.0,17
201400019901,14,8,22,2130,2,2,3,1.0,3,17306,M,4562499.0,-101810.0,17
201400019902,14,8,24,1720,1,2,6,1.0,6,17333,M,4559944.0,-99427.0,17
201400019903,14,8,31,2200,5,2,1,1.0,3,17333,M,4559519.0,-99159.0,17
201400019904,14,9,3,1716,1,2,1,1.0,6,17306,M,4562489.0,-102159.0,17
201400019905,14,9,7,205,5,2,1,1.0,6,17333,M,4560710.0,-100669.0,17
201400019906,14,9,9,858,1,2,1,2.0,6,17306,M,4561639.0,-100268.0,17
201400019907,14,9,9,1520,1,2,1,1.0,4,17333,M,4559311.0,-97056.0,17
201400019908,14,9,12,810,1,2,1,1.0,6,17306,M,4563088.0,-100539.0,17
201400019909,14,9,17,815,1,2,6,1.0,6,17333,M,4560476.0,-99332.0,17
201400019910,14,9,20,1500,1,2,1,1.0,6,17306,M,4562680.0,-103072.0,17
201400019911,14,10,3,1407,1,2,1,1.0,2,17306,M,4563122.0,-99681.0,17
201400019912,14,10,10,753,3,2,2,1.0,6,17306,M,4564898.0,-102447.0,17
201400019913,14,10,10,1740,1,1,1,1.0,6,17306,M,4562233.0,-101305.0,17
201400019914,14,10,15,1752,1,1,2,1.0,3,17333,M,4558455.0,-98555.0,17
201400019915,14,10,20,1815,2,2,2,1.0,3,17306,M,4562676.0,-100825.0,17
201400019916,14,11,5,1445,1,2,4,1.0,3,17306,M,4563613.0,-102858.0,17
201400019917,14,11,12,1930,5,2,1,1.0,7,17306,M,4563922.0,-104014.0,17
201400019918,14,11,14,1221,1,2,1,2.0,6,17306,M,4563603.0,-102747.0,17
201400019919,14,11,14,1800,5,2,1,1.0,2,17306,M,4563672.0,-102848.0,17
201400019920,14,11,20,1940,5,2,2,1.0,3,17306,M,4562004.0,-103756.0,17
201400019921,14,11,26,1828,5,2,1,1.0,2,17306,M,4562489.0,-102166.0,17
201400019922,14,12,1,1300,1,2,1,1.0,2,17306,M,4563148.0,-99231.0,17
201400019923,14,12,8,1928,5,2,1,1.0,6,17306,M,4563007.0,-99491.0,17
201400019924,14,12,12,1810,5,2,1,1.0,6,17306,M,4562527.0,-102276.0,17
201400019925,14,12,22,1030,1,2,1,1.0,6,17306,M,4565458.0,-102301.0,17
201400019926,14,12,29,1120,1,2,1,9.0,2,17306,M,4562963.0,-102515.0,17
201400019927,14,10,2,730,3,1,1,2.0,6,27564,M,4904200.0,28200.0,27
201400019928,14,5,4,1740,1,1,1,1.0,7,61192,M,4867984.0,23020.0,61
201400019929,14,8,24,1200,1,1,9,1.0,7,61352,M,4881628.0,-12934.0,61
201400019930,14,1,1,1800,5,2,1,1.0,6,17415,M,4574503.0,-63259.0,17
201400019931,14,1,7,805,2,1,1,1.0,6,17415,M,4574579.0,-59005.0,17
201400019932,14,1,12,1505,1,2,1,1.0,6,17415,M,4574622.0,-61786.0,17
201400019933,14,1,17,950,1,2,1,1.0,7,17415,M,4575132.0,-63880.0,17
201400019934,14,1,18,2315,5,2,1,1.0,6,17415,M,4574724.0,-63287.0,17
201400019935,14,1,20,758,2,1,1,1.0,6,17415,M,4574044.0,-66129.0,17
201400019936,14,1,25,1710,1,2,1,1.0,6,17415,M,4573280.0,-64334.0,17
201400019937,14,1,31,1230,1,1,1,1.0,6,17415,M,4572397.0,-69205.0,17
201400019938,14,2,1,1120,2,2,1,1.0,6,17415,M,4574704.0,-63063.0,17
201400019939,14,2,8,115,5,2,1,1.0,6,17415,M,4574868.0,-60995.0,17
201400019940,14,2,9,525,3,1,1,1.0,6,17415,M,4575091.0,-66042.0,17
201400019941,14,2,15,2245,3,1,1,2.0,6,17415,M,4574029.0,-66221.0,17
201400019942,14,2,17,1435,1,2,1,1.0,6,17415,M,4574698.0,-62830.0,17
201400019943,14,2,28,1130,1,2,1,1.0,6,17415,M,4574725.0,-63355.0,17
201400019944,14,2,28,1550,1,2,1,1.0,6,17415,M,4574070.0,-62260.0,17
201400019945,14,3,15,1400,1,2,1,1.0,6,17415,M,4573362.0,-64541.0,17
201400019946,14,3,25,1220,1,2,1,1.0,6,17415,M,4574873.0,-64411.0,17
201400019947,14,3,30,1855,1,2,1,1.0,6,17415,M,4574037.0,-61550.0,17
201400019948,14,4,1,825,1,2,1,1.0,6,17415,M,4574586.0,-63826.0,17
201400019949,14,4,3,750,2,1,5,1.0,6,17415,M,4573903.0,-65366.0,17
201400019950,14,4,10,1640,1,2,1,1.0,6,17415,M,4574958.0,-63448.0,17
201400019951,14,4,12,1435,1,2,1,1.0,6,17415,M,4574931.0,-64543.0,17
201400019952,14,4,15,1430,1,2,1,1.0,6,17415,M,4573767.0,-64703.0,17
201400019953,14,4,18,1620,1,1,1,1.0,6,17415,M,4574978.0,-66808.0,17
201400019954,14,4,25,1725,1,2,1,1.0,6,17415,M,4574468.0,-62735.0,17
201400019955,14,5,7,1600,1,2,1,1.0,6,17415,M,4574646.0,-67417.0,17
201400019956,14,5,16,1130,1,2,1,1.0,6,17415,M,4574774.0,-64538.0,17
201400019957,14,5,21,2155,2,1,1,1.0,6,17415,M,4574520.0,-66171.0,17
201400019958,14,5,27,1130,1,1,1,1.0,6,17415,M,4573535.0,-65957.0,17
201400019959,14,6,4,1610,1,2,1,1.0,6,17415,M,4574761.0,-62961.0,17
201400019960,14,6,10,2350,5,1,1,1.0,6,17415,M,4573344.0,-64548.0,17
201400019961,14,6,20,1710,1,1,1,1.0,6,17415,M,4571652.0,-63456.0,17
201400019962,14,6,20,1850,1,1,1,1.0,6,17415,M,4572402.0,-63936.0,17
201400019963,14,6,26,1300,1,1,1,1.0,6,17415,M,4573221.0,-65869.0,17
201400019964,14,6,27,1555,1,2,1,1.0,6,17415,M,4574391.0,-64718.0,17
201400019965,14,7,7,1725,1,1,1,1.0,6,17415,M,4572202.0,-64144.0,17
201400019966,14,7,8,2000,1,2,1,1.0,6,17415,M,4575001.0,-63890.0,17
201400019967,14,7,18,1615,1,1,1,1.0,6,17415,M,4573309.0,-65898.0,17
201400019968,14,7,21,1830,1,2,1,1.0,6,17415,M,4574697.0,-61434.0,17
201400019969,14,7,30,925,1,2,1,1.0,6,17415,M,4574201.0,-62716.0,17
201400019970,14,8,2,800,1,2,1,1.0,6,17415,M,4574935.0,-64554.0,17
201400019971,14,8,13,2135,4,2,1,1.0,6,17415,M,4574236.0,-62153.0,17
201400019972,14,8,18,1435,1,2,1,1.0,6,17415,M,4574084.0,-65397.0,17
201400019973,14,8,24,1520,1,1,1,1.0,7,17415,M,4576378.0,-64038.0,17
201400019974,14,8,28,1600,1,2,1,1.0,6,17415,M,4574819.0,-67453.0,17
201400019975,14,9,19,1030,1,2,6,1.0,6,17415,M,4575783.0,-64471.0,17
201400019976,14,9,22,1030,1,2,2,1.0,6,17415,M,4573799.0,-61650.0,17
201400019977,14,9,25,1740,1,2,1,1.0,6,17415,M,4574358.0,-66430.0,17
201400019978,14,9,25,2100,5,2,1,1.0,6,17415,M,4574523.0,-61683.0,17
201400019979,14,10,4,1600,1,2,1,1.0,6,17415,M,4574569.0,-67605.0,17
201400019980,14,10,7,1740,1,2,1,1.0,6,17415,M,4574620.0,-66458.0,17
201400019981,14,10,7,1840,2,1,1,1.0,6,17415,M,4573293.0,-60916.0,17
201400019982,14,10,20,1610,1,1,1,1.0,6,17415,M,4574453.0,-66153.0,17
201400019983,14,10,31,1030,1,2,1,1.0,6,17415,M,4574523.0,-61787.0,17
201400019984,14,10,31,2015,5,1,1,1.0,6,17415,M,4573850.0,-65362.0,17
201400019985,14,11,11,300,5,2,1,1.0,6,17415,M,4574032.0,-62270.0,17
201400019986,14,11,23,1140,1,1,1,1.0,6,17415,M,4572371.0,-64008.0,17
201400019987,14,11,27,2245,5,2,1,1.0,7,17415,M,4573736.0,-63913.0,17
201400019988,14,12,5,1745,2,2,1,1.0,6,17415,M,4574181.0,-64271.0,17
201400019989,14,12,5,1800,5,2,1,2.0,6,17415,M,4574515.0,-62726.0,17
201400019990,14,12,5,1851,5,2,1,2.0,6,17415,M,4574627.0,-61745.0,17
201400019991,14,12,12,1910,3,1,1,1.0,6,17415,M,4572651.0,-67711.0,17
201400019992,14,12,23,920,1,1,1,1.0,6,17415,M,4572530.0,-64422.0,17
201400019993,14,6,2,1310,1,2,1,1.0,6,17415,M,4574875.0,-64429.0,17
201400019994,14,4,19,610,3,1,1,1.0,3,37153,M,,,37
201400019995,14,5,2,530,3,1,1,1.0,2,37166,M,0.0,0.0,37
201400019996,14,7,16,1815,1,1,1,1.0,2,37166,M,0.0,0.0,37
201400019997,14,8,10,1815,1,1,1,1.0,5,37204,M,0.0,0.0,37
201400019998,14,9,14,1345,1,1,1,1.0,6,37153,M,0.0,0.0,37
201400019999,14,10,13,700,2,2,1,1.0,3,37203,M,0.0,0.0,37
201400020000,14,12,22,1145,1,1,1,1.0,2,37213,M,0.0,0.0,37
201400020001,14,2,23,1730,1,1,6,1.0,2,34270,M,0.0,0.0,34
201400020002,14,3,26,1000,1,1,1,6.0,5,34095,M,0.0,0.0,34
201400020003,14,7,2,1115,1,2,1,1.0,3,34270,M,0.0,0.0,34
201400020004,14,8,9,15,3,1,1,3.0,1,34270,M,0.0,0.0,34
201400020005,14,9,27,1545,3,1,1,1.0,1,34095,M,0.0,0.0,34
201400020006,14,10,9,1000,1,1,1,1.0,1,34270,M,0.0,0.0,34
201400020007,14,1,14,2130,3,1,1,1.0,1,66141,M,0.0,0.0,66
201400020008,14,3,23,1500,1,2,1,1.0,3,66021,M,0.0,0.0,66
201400020009,14,2,18,830,1,1,1,1.0,2,30141,M,4410043.0,464190.0,30
201400020010,14,3,27,1045,1,2,1,1.0,7,30127,M,4407928.0,457027.0,30
201400020011,14,4,16,900,1,2,1,1.0,5,30141,M,4409809.0,467767.0,30
201400020012,14,4,27,230,3,1,1,8.0,6,30127,M,4406307.0,457490.0,30
201400020013,14,6,26,2000,1,1,1,1.0,6,30141,M,4410015.0,464084.0,30
201400020014,14,9,4,800,1,1,9,1.0,3,30331,M,4412017.0,461526.0,30
201400020015,14,9,7,2345,3,1,1,1.0,6,30225,M,4416552.0,454606.0,30
201400020016,14,11,11,1945,3,1,1,8.0,1,30127,M,4407070.0,458112.0,30
201400020017,14,12,12,1530,1,1,1,1.0,5,30141,M,4411226.0,469085.0,30
201400020018,14,1,4,245,3,1,1,1.0,6,41010,M,4783800.0,99700.0,41
201400020019,14,2,25,1400,1,1,1,8.0,1,41287,M,4775600.0,104400.0,41
201400020020,14,6,6,1800,1,1,3,1.0,3,41107,M,4767800.0,104099.0,41
201400020021,14,6,10,1830,1,1,1,1.0,6,41278,M,4764900.0,94100.0,41
201400020022,14,6,29,100,4,2,1,2.0,6,41199,M,4768400.0,102000.0,41
201400020023,14,7,21,2000,1,1,1,1.0,3,41255,M,4774200.0,80300.0,41
201400020024,14,7,30,930,1,1,1,1.0,2,41265,M,4777500.0,76600.0,41
201400020025,14,8,4,915,1,1,1,1.0,3,41087,M,4777000.0,85500.0,41
201400020026,14,8,9,1100,1,1,1,1.0,6,41225,M,4775000.0,81500.0,41
201400020027,14,8,18,1700,1,1,1,1.0,1,41102,M,4776100.0,95000.0,41
201400020028,14,9,13,1515,1,1,1,1.0,7,41120,M,4778700.0,91800.0,41
201400020029,14,10,12,1630,1,1,1,1.0,7,41278,M,4765200.0,95200.0,41
201400020030,14,10,17,730,3,1,1,2.0,1,41199,M,4767700.0,97800.0,41
201400020031,14,11,3,1245,1,1,1,2.0,5,41287,M,4776400.0,105300.0,41
201400020032,14,11,12,1130,1,1,1,1.0,1,41113,M,4775100.0,89500.0,41
201400020033,14,12,1,745,2,2,1,2.0,3,41010,M,4643100.0,476100.0,41
201400020034,14,3,29,2320,3,2,1,1.0,7,14488,M,4927520.0,-26631.0,14
201400020035,14,2,3,900,1,1,1,9.0,1,77162,M,4887300.0,312800.0,77
201400020036,14,2,7,2145,5,2,1,1.0,7,77116,M,4876900.0,323100.0,77
201400020037,14,5,6,2015,1,1,2,1.0,3,77406,M,4883400.0,350900.0,77
201400020038,14,5,19,1215,1,2,1,1.0,6,77093,M,4875900.0,337100.0,77
201400020039,14,7,10,1000,1,1,1,2.0,7,77385,M,4838000.0,340100.0,77
201400020040,14,8,14,1430,1,1,1,1.0,6,77436,M,4833900.0,335400.0,77
201400020041,14,3,6,1445,1,1,2,1.0,3,62839,M,5015605.0,289114.0,62
201400020042,14,4,30,2030,2,1,1,1.0,6,80549,M,5011912.0,271574.0,80
201400020043,14,5,17,1500,1,1,1,1.0,3,62181,M,5013838.0,271086.0,62
201400020044,14,6,8,1615,1,2,9,1.0,1,62733,M,5012295.0,260806.0,62
201400020045,14,12,4,1530,1,1,2,1.0,3,62085,M,5023242.0,263424.0,62
201400020046,14,3,12,100,5,1,1,1.0,6,62376,M,5055678.0,252976.0,62
201400020047,14,1,12,1445,1,1,1,5.0,7,62437,M,5053482.0,200713.0,62
201400020048,14,9,27,1645,1,1,1,1.0,1,62799,M,5045651.0,170259.0,62
201400020049,14,5,26,2130,2,1,1,2.0,1,62180,M,5040641.0,236644.0,62
201400020050,14,7,3,730,1,1,1,1.0,1,62036,M,5044972.0,226123.0,62
201400020051,14,8,2,1815,1,2,1,2.0,7,62138,M,5042792.0,217202.0,62
201400020052,14,8,28,2300,3,1,1,1.0,1,62677,M,5034267.0,203072.0,62
201400020053,14,2,19,1830,3,1,1,8.0,1,62513,M,5028065.0,225676.0,62
201400020054,14,5,4,1945,1,2,1,1.0,6,62047,M,5030628.0,217571.0,62
201400020055,14,10,3,900,1,1,1,1.0,1,44187,M,0.0,0.0,44
201400020056,14,10,8,1645,1,1,1,3.0,1,44133,M,0.0,0.0,44
201400020057,14,3,23,1500,1,1,1,4.0,4,63289,M,0.0,0.0,63
201400020058,14,10,28,1545,1,1,1,1.0,7,63055,M,0.0,0.0,63
201400020059,14,1,27,1100,1,1,1,8.0,6,37266,M,0.0,0.0,37
201400020060,14,3,2,1300,1,1,1,1.0,7,37250,M,0.0,0.0,37
201400020061,14,3,7,2000,3,1,1,1.0,1,37099,M,0.0,0.0,37
201400020062,14,3,7,1950,3,1,1,1.0,7,37018,M,,,37
201400020063,14,4,7,245,5,1,9,1.0,3,37250,M,0.0,0.0,37
201400020064,14,4,13,1305,1,1,1,1.0,7,37018,M,,,37
201400020065,14,4,15,815,1,1,1,1.0,2,37261,M,0.0,0.0,37
201400020066,14,4,21,2015,1,1,1,1.0,7,37261,M,0.0,0.0,37
201400020067,14,4,26,1900,1,1,1,1.0,2,37159,M,0.0,0.0,37
201400020068,14,5,16,1330,1,1,1,1.0,7,37031,M,0.0,0.0,37
201400020069,14,5,25,145,3,1,1,1.0,2,37216,M,0.0,0.0,37
201400020070,14,6,10,1600,1,1,1,1.0,6,37141,M,0.0,0.0,37
201400020071,14,6,26,1630,1,1,1,3.0,7,37141,M,0.0,0.0,37
201400020072,14,6,28,1655,1,1,1,2.0,7,37190,M,,,37
201400020073,14,7,11,1700,1,1,1,1.0,6,37216,M,0.0,0.0,37
201400020074,14,7,30,145,3,1,1,1.0,6,37142,M,0.0,0.0,37
201400020075,14,9,22,630,3,1,1,1.0,2,37272,M,0.0,0.0,37
201400020076,14,9,29,1600,1,1,1,1.0,2,37190,M,0.0,0.0,37
201400020077,14,10,24,1600,1,1,1,1.0,6,37072,M,0.0,0.0,37
201400020078,14,11,6,1800,3,2,4,1.0,3,37266,M,0.0,0.0,37
201400020079,14,11,8,215,3,2,1,2.0,6,37014,M,0.0,0.0,37
201400020080,14,11,15,1445,1,1,3,1.0,3,37067,M,0.0,0.0,37