Num_Acc,an,mois,jour,hrmn,lum,agg,int,atm,col,com,gps,lat,long,dep
201400020081,14,11,16,515,5,2,1,2.0,3,37050,M,0.0,0.0,37
201400020082,14,11,15,1756,5,1,1,1.0,3,37261,M,,,37
201400020083,14,11,20,2200,5,2,1,1.0,6,37050,M,0.0,0.0,37
201400020084,14,11,28,1815,3,1,1,1.0,6,37250,M,0.0,0.0,37
201400020085,14,12,30,945,1,1,6,8.0,3,37154,M,0.0,0.0,37
201400020086,14,2,24,859,1,1,1,1.0,2,37261,M,,,37
201400020087,14,11,7,715,1,1,1,5.0,2,21520,M,4728200.0,461300.0,21
201400020088,14,1,26,1515,1,2,1,1.0,7,83130,M,4319640.0,605030.0,83
201400020089,14,6,16,2230,3,1,1,1.0,6,83054,M,0.0,0.0,83
201400020090,14,7,24,945,1,1,1,1.0,5,83017,M,0.0,0.0,83
201400020091,14,8,5,630,2,2,1,1.0,6,83130,M,0.0,0.0,83
201400020092,14,8,25,1630,1,2,1,1.0,3,83130,M,0.0,0.0,83
201400020093,14,10,3,1245,1,1,1,1.0,2,83130,M,4320500.0,604300.0,83
201400020094,14,11,2,1000,1,1,1,1.0,5,83054,M,0.0,0.0,83
201400020095,14,11,4,1115,1,2,1,3.0,1,83054,M,0.0,0.0,83
201400020096,14,12,15,1845,5,2,1,1.0,6,83054,M,0.0,0.0,83
201400020097,14,12,19,2300,5,2,1,1.0,6,83054,M,4316639.0,604991.0,83
201400020098,14,4,26,1545,1,1,3,2.0,3,87015,M,0.0,0.0,87
201400020099,14,10,24,1945,5,1,1,1.0,1,87152,M,0.0,0.0,87
201400020100,14,3,23,1100,1,1,1,4.0,7,20124,M,0.0,0.0,202
201400020101,14,4,20,645,1,1,1,1.0,6,20143,M,0.0,0.0,202
201400020102,14,4,23,1900,1,1,1,1.0,3,20143,M,0.0,0.0,202
201400020103,14,7,5,1730,1,1,1,7.0,1,20320,M,0.0,0.0,202
201400020104,14,10,2,2300,3,1,1,1.0,7,20347,M,0.0,0.0,202
201400020105,14,10,4,1045,1,2,1,1.0,1,20229,M,0.0,0.0,202
201400020106,14,7,27,2245,3,1,1,1.0,6,47191,M,4447900.0,10500.0,47
201400020107,14,9,27,1845,1,1,1,1.0,3,47108,M,4449300.0,13000.0,47
201400020108,14,12,14,2315,3,1,1,5.0,6,47108,M,4448910.0,13042.0,47
201400020109,14,8,28,945,1,1,1,1.0,1,30191,M,4412975.0,467648.0,30
201400020110,14,12,19,1930,5,2,1,3.0,6,23176,M,4623900.0,148100.0,23
201400020111,14,2,25,1845,3,1,2,8.0,3,50291,M,4888860.0,-113952.0,50
201400020112,14,3,22,1545,1,1,1,8.0,7,50202,M,4898600.0,-101674.0,50
201400020113,14,6,23,1530,1,1,1,1.0,6,50465,M,4908290.0,-115314.0,50
201400020114,14,6,27,1545,1,1,2,1.0,3,50393,M,4892990.0,-117474.0,50
201400020115,14,7,6,822,1,2,1,1.0,6,50316,M,4902800.0,-114449.0,50
201400020116,14,10,16,1645,1,1,1,1.0,3,50465,M,4908060.0,-115688.0,50
201400020117,14,11,30,1045,1,1,1,2.0,7,50592,M,4894720.0,-109681.0,50
201400020118,14,1,14,945,1,2,2,9.0,6,22240,M,4825643.0,-223402.0,22
201400020119,14,1,19,1545,1,1,2,1.0,3,22185,M,4838609.0,-242700.0,22
201400020120,14,2,20,100,3,1,1,1.0,7,22084,M,4843523.0,-229485.0,22
201400020121,14,3,1,1000,1,2,1,2.0,6,22032,M,4828203.0,-215571.0,22
201400020122,14,3,6,2130,3,1,1,1.0,6,22020,M,4834265.0,-220269.0,22
201400020123,14,5,10,1000,1,1,1,1.0,1,22337,M,4834881.0,-231611.0,22
201400020124,14,6,30,1800,1,1,1,2.0,5,22240,M,4824035.0,-222273.0,22
201400020125,14,7,10,745,1,1,1,1.0,3,22391,M,4834539.0,-218914.0,22
201400020126,14,7,26,1215,1,1,1,1.0,7,22348,M,4836120.0,-223611.0,22
201400020127,14,8,2,1415,1,1,1,1.0,3,22020,M,4829433.0,-227721.0,22
201400020128,14,8,11,1745,1,1,1,1.0,1,22239,M,4835060.0,-209966.0,22
201400020129,14,10,22,2200,3,1,1,1.0,6,22084,M,4840469.0,-234940.0,22
201400020130,14,10,26,1830,3,1,3,1.0,3,22185,M,4837184.0,-235124.0,22
201400020131,14,6,8,1015,1,1,1,1.0,6,14252,M,4899600.0,-25641.0,14
201400020132,14,6,20,840,1,1,1,1.0,2,14691,M,4911390.0,-32065.0,14
201400020133,14,6,23,1500,1,1,1,1.0,1,14691,M,,,14
201400020134,14,4,1,1930,2,1,1,1.0,6,08327,M,4973280.0,480201.0,08
201400020135,14,6,7,1200,1,1,1,1.0,7,08079,M,4969260.0,476762.0,08
201400020136,14,6,16,1815,1,1,1,1.0,6,08469,M,4962330.0,477251.0,08
201400020137,14,7,28,1000,1,2,1,3.0,1,08327,M,0.0,0.0,08
201400020138,14,10,19,1215,1,1,1,1.0,1,08400,M,4966690.0,477953.0,08
201400020139,14,3,5,1630,1,1,1,1.0,7,38424,M,4476044.0,566772.0,38
201400020140,14,3,7,1330,1,1,4,1.0,1,38492,M,4495690.0,563845.0,38
201400020141,14,8,2,1600,1,2,1,1.0,6,38208,M,4484575.0,567152.0,38
201400020142,14,12,19,1715,2,1,1,1.0,6,38321,M,0.0,0.0,38
201400020143,14,1,1,1055,1,2,2,1.0,6,18033,M,4707156.0,239035.0,18
201400020144,14,1,3,1852,5,2,3,1.0,2,18033,M,4707204.0,239377.0,18
201400020145,14,1,7,1604,1,1,6,1.0,6,18213,M,4710006.0,249706.0,18
201400020146,14,1,11,1750,5,1,1,1.0,4,18213,M,4709655.0,244740.0,18
201400020147,14,1,14,1230,1,1,1,7.0,1,18255,M,,,18
201400020148,14,1,16,1900,5,2,1,2.0,6,18033,M,4706437.0,240251.0,18
201400020149,14,1,20,1720,1,2,2,1.0,3,18033,M,4707964.0,238201.0,18
201400020150,14,1,24,740,5,2,2,2.0,3,18033,M,4707491.0,240456.0,18
201400020151,14,1,26,300,5,2,1,2.0,6,18033,M,4708733.0,238884.0,18
201400020152,14,2,3,1353,1,2,6,1.0,3,18033,M,4707373.0,240266.0,18
201400020153,14,2,3,1327,1,2,1,1.0,2,18033,M,4708202.0,238923.0,18
201400020154,14,2,4,1101,1,2,3,7.0,6,18033,M,4710009.0,241087.0,18
201400020155,14,2,7,1102,1,2,7,1.0,3,18205,M,4711292.0,237707.0,18
201400020156,14,2,13,1524,1,2,1,1.0,6,18033,M,4711176.0,240341.0,18
201400020157,14,2,15,731,2,2,1,8.0,6,18033,M,4708288.0,238896.0,18
201400020158,14,2,15,1500,1,1,1,1.0,7,18213,M,,,18
201400020159,14,2,17,1510,1,2,1,1.0,6,18033,M,4709213.0,242198.0,18
201400020160,14,2,18,838,1,1,2,1.0,2,18050,M,4705124.0,230585.0,18
201400020161,14,2,24,910,1,2,6,1.0,3,18033,M,4706169.0,236487.0,18
201400020162,14,2,24,1200,1,2,1,1.0,2,18205,M,4710560.0,238021.0,18
201400020163,14,3,1,24,3,2,1,2.0,6,18033,M,,,18
201400020164,14,3,5,1920,3,1,1,1.0,1,18033,M,,,18
201400020165,14,3,12,1810,1,1,6,1.0,3,18213,M,4709694.0,245231.0,18
201400020166,14,3,13,1122,1,2,2,1.0,2,18033,M,4707239.0,241096.0,18
201400020167,14,3,14,1720,1,1,2,1.0,3,18205,M,4712494.0,234690.0,18
201400020168,14,3,17,945,1,2,6,5.0,2,18033,M,4707974.0,239919.0,18
201400020169,14,3,17,1430,1,2,2,1.0,3,18033,M,,,18
201400020170,14,3,17,1720,1,2,3,1.0,6,18033,M,4710744.0,242941.0,18
201400020171,14,3,19,1321,1,2,1,1.0,6,18033,M,4711982.0,242139.0,18
201400020172,14,3,25,1410,1,2,3,2.0,6,18033,M,4709931.0,241810.0,18
201400020173,14,3,26,1740,1,2,1,1.0,3,18205,M,4709597.0,237263.0,18
201400020174,14,3,27,830,1,1,2,1.0,5,18205,M,4712494.0,234688.0,18
201400020175,14,4,1,800,1,2,1,1.0,6,18033,M,4710249.0,240889.0,18
201400020176,14,4,1,1707,1,2,1,1.0,6,18033,M,4708549.0,239300.0,18
201400020177,14,4,1,1858,1,2,1,1.0,4,18033,M,4709374.0,240387.0,18
201400020178,14,4,3,1200,1,2,2,1.0,1,18033,M,4710453.0,241028.0,18
201400020179,14,4,7,1824,1,2,1,1.0,4,18033,M,4707132.0,241220.0,18
201400020180,14,4,9,1315,1,2,1,1.0,3,18033,M,4708629.0,239903.0,18
201400020181,14,4,9,1629,1,2,1,1.0,3,18033,M,4708256.0,238917.0,18
201400020182,14,4,9,1709,1,2,9,1.0,3,18033,M,4710298.0,240501.0,18
201400020183,14,4,14,1830,1,1,1,1.0,2,18205,M,4712503.0,234639.0,18
201400020184,14,4,18,2204,5,2,2,1.0,3,18033,M,4709491.0,242064.0,18
201400020185,14,4,25,1315,1,1,1,1.0,7,18205,M,4709775.0,233577.0,18
201400020186,14,4,26,1135,1,2,1,2.0,4,18033,M,4708777.0,238939.0,18
201400020187,14,4,27,1440,1,1,6,1.0,6,18033,M,,,18
201400020188,14,4,29,1744,1,1,1,3.0,2,18205,M,4712355.0,235559.0,18
201400020189,14,5,3,5,5,2,1,1.0,6,18033,M,4709232.0,239383.0,18
201400020190,14,5,9,2215,5,2,1,1.0,6,18267,M,,,18
201400020191,14,5,10,640,2,2,1,1.0,6,18205,M,,,18
201400020192,14,5,13,1805,1,2,1,1.0,3,18033,M,4707237.0,239608.0,18
201400020193,14,5,16,1955,1,1,1,1.0,7,18205,M,,,18
201400020194,14,5,17,1440,1,1,1,1.0,6,18033,M,4704958.0,240834.0,18
201400020195,14,5,19,655,1,2,1,1.0,6,18213,M,4709908.0,248346.0,18
201400020196,14,5,20,1830,1,2,1,1.0,6,18033,M,4707731.0,240776.0,18
201400020197,14,5,21,1110,1,2,3,8.0,6,18033,M,4708874.0,239625.0,18
201400020198,14,5,25,1635,1,2,1,1.0,3,18033,M,4707531.0,238399.0,18
201400020199,14,6,3,800,1,1,1,1.0,4,18033,M,,,18
201400020200,14,6,3,1030,1,2,6,1.0,6,18033,M,4709046.0,239351.0,18
201400020201,14,6,4,855,1,2,3,2.0,6,18033,M,4707855.0,240925.0,18
201400020202,14,6,4,1600,1,1,1,1.0,5,18205,M,,,18
201400020203,14,6,7,1133,1,2,3,1.0,6,18033,M,4707777.0,239772.0,18
201400020204,14,6,10,1810,1,2,3,7.0,3,18033,M,4708103.0,240821.0,18
201400020205,14,6,12,1820,1,2,1,7.0,6,18033,M,4706487.0,241550.0,18
201400020206,14,6,13,1650,1,2,5,1.0,3,18033,M,4707818.0,240970.0,18
201400020207,14,6,14,2045,2,2,1,1.0,6,18033,M,4707109.0,237789.0,18
201400020208,14,6,16,210,5,2,1,1.0,6,18033,M,4709520.0,239272.0,18
201400020209,14,6,16,1250,1,1,1,1.0,6,18033,M,4705378.0,235181.0,18
201400020210,14,6,18,1110,1,2,1,1.0,6,18033,M,4708371.0,242455.0,18
201400020211,14,6,20,239,5,2,1,1.0,7,18213,M,,,18
201400020212,14,6,25,1630,1,1,1,1.0,6,18205,M,,,18
201400020213,14,6,25,1808,1,2,1,1.0,2,18033,M,4709571.0,243477.0,18
201400020214,14,7,1,1150,1,2,2,1.0,3,18033,M,4706697.0,237995.0,18
201400020215,14,7,4,1345,1,2,3,3.0,5,18033,M,4709493.0,242078.0,18
201400020216,14,7,4,1511,1,1,6,2.0,2,18033,M,4708395.0,244522.0,18
201400020217,14,7,4,1920,1,2,1,3.0,3,18033,M,4706653.0,238249.0,18
201400020218,14,7,8,1240,1,2,1,1.0,6,18033,M,4707591.0,240200.0,18
201400020219,14,7,9,1800,1,1,6,3.0,5,18213,M,4708265.0,244359.0,18
201400020220,14,7,14,1825,1,1,3,2.0,3,18033,M,4709638.0,239283.0,18
201400020221,14,7,18,1520,1,2,6,1.0,4,18033,M,4706545.0,239481.0,18
201400020222,14,7,21,1630,1,2,1,1.0,3,18033,M,4707072.0,238462.0,18
201400020223,14,7,22,1750,1,2,1,1.0,2,18050,M,4704878.0,232348.0,18
201400020224,14,7,22,1849,1,2,1,1.0,3,18033,M,4708257.0,241303.0,18
201400020225,14,7,23,800,1,1,6,1.0,7,18033,M,4705666.0,242764.0,18
201400020226,14,7,24,725,1,2,6,1.0,6,18033,M,4709178.0,242164.0,18
201400020227,14,7,25,1745,1,2,1,1.0,6,18033,M,4710265.0,240468.0,18
201400020228,14,7,28,747,1,2,1,3.0,6,18033,M,4706365.0,241174.0,18
201400020229,14,7,28,1005,1,1,1,8.0,4,18033,M,,,18
201400020230,14,7,28,1500,1,1,1,1.0,6,18033,M,,,18
201400020231,14,7,29,1800,1,2,6,2.0,7,18213,M,4709635.0,244405.0,18
201400020232,14,7,31,1900,1,1,3,1.0,1,18033,M,4704579.0,234404.0,18
201400020233,14,8,7,1803,1,2,3,1.0,3,18033,M,4709469.0,240543.0,18
201400020234,14,8,8,1845,1,2,1,1.0,3,18033,M,4706623.0,241819.0,18
201400020235,14,8,12,1135,1,1,1,1.0,6,18267,M,4701006.0,238470.0,18
201400020236,14,8,12,1554,1,2,1,1.0,6,18033,M,4708325.0,240261.0,18
201400020237,14,8,14,2010,1,2,4,1.0,1,18205,M,4709174.0,238383.0,18
201400020238,14,8,20,1440,1,2,3,1.0,2,18205,M,4709971.0,238119.0,18
201400020239,14,8,20,1800,1,2,2,1.0,3,18033,M,4708074.0,238293.0,18
201400020240,14,8,24,1815,1,2,4,1.0,1,18205,M,4709141.0,238398.0,18
201400020241,14,8,26,840,1,2,1,2.0,6,18205,M,4709606.0,238687.0,18
201400020242,14,9,2,1330,1,2,1,1.0,3,18033,M,4709827.0,241700.0,18
201400020243,14,9,3,1405,1,2,1,1.0,2,18033,M,4711379.0,241662.0,18
201400020244,14,9,6,1508,1,2,1,1.0,2,18033,M,4708007.0,240248.0,18
201400020245,14,9,8,1920,1,2,3,1.0,2,18033,M,4710449.0,242452.0,18
201400020246,14,9,9,1711,1,2,1,1.0,6,18033,M,4710185.0,241084.0,18
201400020247,14,9,10,1445,1,1,6,1.0,3,18033,M,,,18
201400020248,14,9,10,1955,1,2,3,1.0,3,18033,M,4708891.0,239325.0,18
201400020249,14,9,11,1700,1,2,1,1.0,2,18033,M,4709499.0,242154.0,18
201400020250,14,9,11,2350,3,2,1,1.0,6,18033,M,4707853.0,239186.0,18
201400020251,14,9,12,1850,1,2,6,1.0,2,18033,M,,,18
201400020252,14,9,18,1355,1,2,3,1.0,7,18033,M,4710316.0,240934.0,18
201400020253,14,9,20,117,5,1,1,1.0,2,18033,M,4709486.0,242348.0,18
201400020254,14,9,24,1600,1,2,1,1.0,4,18033,M,4708243.0,238911.0,18
201400020255,14,9,27,2220,5,2,1,1.0,1,18033,M,4708330.0,239997.0,18
201400020256,14,10,2,845,1,2,1,1.0,4,18033,M,4709385.0,240153.0,18
201400020257,14,10,6,1550,1,1,1,1.0,6,18033,M,,,18
201400020258,14,10,7,945,1,2,2,2.0,1,18033,M,4707823.0,240890.0,18
201400020259,14,10,14,1610,1,2,1,1.0,6,18033,M,4708555.0,238847.0,18
201400020260,14,10,18,1125,1,1,1,1.0,1,18213,M,,,18
201400020261,14,10,20,1655,1,2,1,1.0,6,18033,M,4708307.0,240009.0,18
201400020262,14,10,23,1715,1,2,2,1.0,3,18033,M,4711199.0,241770.0,18
201400020263,14,11,4,1045,1,2,9,2.0,6,18033,M,4708219.0,238926.0,18
201400020264,14,11,6,850,1,2,2,5.0,2,18033,M,4707038.0,238228.0,18
201400020265,14,11,10,805,1,2,1,1.0,2,18033,M,4707709.0,237773.0,18
201400020266,14,11,11,1150,1,2,2,1.0,3,18033,M,4706317.0,240018.0,18
201400020267,14,11,11,1850,5,2,2,1.0,3,18033,M,4710387.0,240979.0,18
201400020268,14,11,13,1455,1,2,3,1.0,5,18033,M,4708873.0,239618.0,18
201400020269,14,11,15,1557,1,2,1,3.0,1,18213,M,,,18
201400020270,14,11,18,1245,1,2,2,3.0,3,18033,M,4710007.0,241565.0,18
201400020271,14,11,20,1905,5,2,1,1.0,6,18033,M,4707681.0,240717.0,18
201400020272,14,12,1,820,1,2,1,2.0,6,18033,M,4707626.0,240086.0,18
201400020273,14,12,10,1650,2,2,6,2.0,6,18033,M,,,18
201400020274,14,12,11,1700,1,2,1,1.0,2,18033,M,4709777.0,241739.0,18
201400020275,14,12,18,810,2,2,2,2.0,6,18033,M,4707983.0,238193.0,18
201400020276,14,12,18,1745,4,2,1,2.0,6,18033,M,4709337.0,238655.0,18
201400020277,14,1,22,915,1,2,1,1.0,1,83091,M,0.0,0.0,83
201400020278,14,1,24,1115,1,1,1,1.0,2,83049,M,0.0,0.0,83
201400020279,14,1,25,930,1,2,1,1.0,7,83100,M,0.0,0.0,83
201400020280,14,2,9,1900,3,1,1,1.0,1,83091,M,0.0,0.0,83
201400020281,14,2,17,1715,1,2,1,1.0,1,83043,M,0.0,0.0,83
201400020282,14,2,24,1045,1,2,2,1.0,6,83033,M,0.0,0.0,83
201400020283,14,3,31,815,1,1,1,1.0,3,83049,M,0.0,0.0,83
201400020284,14,5,11,1500,1,1,1,1.0,6,83043,M,0.0,0.0,83
201400020285,14,5,25,1800,1,2,1,1.0,6,83091,M,0.0,0.0,83
201400020286,14,5,29,1,3,1,1,1.0,2,83100,M,0.0,0.0,83
201400020287,14,6,27,600,2,1,1,1.0,6,83100,M,0.0,0.0,83
201400020288,14,8,22,1100,1,1,1,1.0,7,83091,M,0.0,0.0,83
201400020289,14,9,16,1000,1,1,1,1.0,7,83043,M,0.0,0.0,83
201400020290,14,10,4,1700,1,1,1,1.0,6,83100,M,0.0,0.0,83
201400020291,14,12,2,600,5,2,1,2.0,6,83049,M,4323788.0,607130.0,83
201400020292,14,12,5,1415,1,1,1,2.0,5,83049,M,0.0,0.0,83
201400020293,14,12,10,630,5,2,1,1.0,6,83091,M,0.0,0.0,83
201400020294,14,12,12,1745,3,1,3,1.0,3,83100,M,0.0,0.0,83
201400020295,14,12,19,1830,5,1,1,1.0,2,83091,M,0.0,0.0,83
201400020296,14,4,21,1730,1,1,2,8.0,3,41173,M,4788600.0,153100.0,41
201400020297,14,12,19,1800,5,2,1,8.0,6,41173,M,4791100.0,153100.0,41
201400020298,14,12,19,2115,3,1,9,8.0,3,41290,M,4772400.0,115400.0,41
201400020299,14,1,3,1800,3,1,1,3.0,3,12270,M,4431500.0,309768.0,12
201400020300,14,9,8,1245,1,1,1,1.0,7,12270,M,0.0,0.0,12
201400020301,14,12,5,1700,1,1,1,4.0,3,12270,M,4436700.0,311800.0,12
201400020302,14,3,11,315,3,1,1,1.0,7,58067,M,0.0,0.0,58
201400020303,14,5,23,1545,1,2,1,1.0,1,58248,M,0.0,0.0,58
201400020304,14,7,25,2245,1,1,1,1.0,2,58086,M,0.0,0.0,58
201400020305,14,8,2,2315,3,1,1,8.0,6,58164,M,0.0,0.0,58
201400020306,14,8,5,1100,1,1,1,1.0,5,58164,M,0.0,0.0,58
201400020307,14,3,28,1900,2,1,1,1.0,3,71004,M,0.0,0.0,71
201400020308,14,2,16,1500,1,1,1,1.0,2,36033,M,4651130.0,150812.0,36
201400020309,14,3,14,1700,1,1,1,1.0,6,36134,M,4638110.0,144790.0,36
201400020310,14,3,25,1,3,1,1,2.0,6,36006,M,4660230.0,149882.0,36
201400020311,14,4,11,2345,3,1,1,1.0,2,36150,M,4644680.0,148682.0,36
201400020312,14,5,15,1100,1,1,1,1.0,6,36101,M,4671440.0,159535.0,36
201400020313,14,7,4,1015,1,1,1,3.0,6,36150,M,4645130.0,149192.0,36
201400020314,14,7,15,1630,1,1,1,1.0,6,36200,M,4661660.0,153935.0,36
201400020315,14,8,19,2245,3,1,1,1.0,6,36239,M,4649400.0,149877.0,36
201400020316,14,10,11,1615,1,1,1,1.0,3,36006,M,4659530.0,149945.0,36
201400020317,14,12,2,1215,1,1,1,8.0,2,36239,M,4647390.0,149769.0,36
201400020318,14,12,8,1815,3,1,1,4.0,1,36150,M,4644030.0,148191.0,36
201400020319,14,5,18,1815,1,1,1,1.0,6,15108,M,4494600.0,320000.0,15
201400020320,14,6,25,1500,1,1,1,1.0,2,43191,M,4535990.0,328113.0,43
201400020321,14,7,7,1500,1,1,1,2.0,6,15055,M,4510400.0,313000.0,15
201400020322,14,7,19,1645,1,1,1,1.0,6,43088,M,4529800.0,324400.0,43
201400020323,14,4,22,1200,1,1,1,1.0,6,63052,M,4545900.0,326400.0,63
201400020324,14,5,18,1530,1,1,1,1.0,6,63121,M,4561600.0,321000.0,63
201400020325,14,7,10,1600,1,1,1,2.0,6,63178,M,4551900.0,326100.0,63
201400020326,14,7,20,630,2,1,1,3.0,2,63241,M,4562500.0,319900.0,63
201400020327,14,9,7,1930,2,1,1,1.0,7,63241,M,4562900.0,319600.0,63
201400020328,14,9,22,1030,1,1,1,1.0,6,63054,M,0.0,0.0,63
201400020329,14,11,5,515,3,1,1,2.0,7,63178,M,0.0,0.0,63
201400020330,14,12,19,2115,3,1,1,1.0,6,63031,M,0.0,0.0,63
201400020331,14,3,3,1500,1,1,1,3.0,6,87020,M,,,87
201400020332,14,7,20,1730,1,1,1,3.0,3,87003,M,0.0,0.0,87
201400020333,14,8,27,1215,1,1,1,1.0,7,87183,M,0.0,0.0,87
201400020334,14,9,5,1000,1,1,1,1.0,7,87014,M,0.0,0.0,87
201400020335,14,9,9,1100,1,1,1,1.0,7,87014,M,0.0,0.0,87
201400020336,14,10,5,1730,1,1,1,1.0,1,87047,M,0.0,0.0,87
201400020337,14,10,16,1145,1,1,1,1.0,3,87014,M,0.0,0.0,87
201400020338,14,12,30,1330,1,1,1,8.0,4,87122,M,0.0,0.0,87
201400020339,14,1,1,215,3,1,1,2.0,6,34123,M,4362300.0,378400.0,34
201400020340,14,12,30,615,3,1,1,6.0,6,34196,M,4336100.0,330700.0,34
201400020341,14,1,19,2315,3,1,1,2.0,2,34282,M,4362840.0,369807.0,34
201400020342,14,3,10,745,1,1,1,1.0,6,34194,M,0.0,0.0,34
201400020343,14,6,13,2000,1,1,1,1.0,5,34300,M,0.0,0.0,34
201400020344,14,7,23,1715,1,1,9,1.0,6,34196,M,4382113.0,331995.0,34
201400020345,14,7,27,1515,1,1,1,1.0,6,34282,M,0.0,0.0,34
201400020346,14,7,31,1445,1,1,1,1.0,6,34079,M,0.0,0.0,34
201400020347,14,8,10,15,3,1,1,1.0,3,34016,M,0.0,0.0,34
201400020348,14,8,18,715,1,1,1,7.0,4,34079,M,0.0,0.0,34
201400020349,14,8,21,2030,2,1,1,1.0,6,34032,M,0.0,0.0,34
201400020350,14,8,26,1115,1,1,1,1.0,2,34079,M,0.0,0.0,34
201400020351,14,9,4,1645,1,1,1,1.0,6,34199,M,0.0,0.0,34
201400020352,14,9,13,630,5,1,1,1.0,6,34142,M,4372776.0,332696.0,34
201400020353,14,9,30,845,1,1,1,1.0,6,34163,M,4363259.0,373886.0,34
201400020354,14,10,4,1445,1,1,1,1.0,5,34300,M,0.0,0.0,34
201400020355,14,10,21,1600,1,1,1,1.0,6,34163,M,0.0,0.0,34
201400020356,14,10,27,2230,3,1,1,1.0,6,34123,M,4302700.0,333000.0,34
201400020357,14,11,14,1800,3,1,1,3.0,2,34282,M,0.0,0.0,34
201400020358,14,1,5,600,3,1,1,4.0,7,48032,M,0.0,0.0,48
201400020359,14,6,12,1315,1,1,1,1.0,7,48017,M,0.0,0.0,48
201400020360,14,7,27,800,1,1,1,1.0,3,48099,M,0.0,0.0,48
201400020361,14,7,28,1015,1,1,1,1.0,2,48017,M,0.0,0.0,48
201400020362,14,9,13,630,1,1,1,1.0,6,48005,M,0.0,0.0,48
201400020363,14,10,16,845,1,1,1,2.0,6,48005,M,0.0,0.0,48
201400020364,14,11,24,245,3,1,1,1.0,7,48005,M,0.0,0.0,48
201400020365,14,12,26,745,2,1,1,1.0,2,48099,M,0.0,0.0,48
201400020366,14,1,10,800,2,1,1,1.0,7,08397,M,0.0,0.0,08
201400020367,14,2,28,2030,3,1,1,4.0,1,08402,M,4958740.0,449091.0,08
201400020368,14,4,26,900,1,1,1,1.0,6,08395,M,4969810.0,469146.0,08
201400020369,14,6,7,1100,2,1,1,1.0,6,08503,M,4968400.0,466940.0,08
201400020370,14,11,18,1430,1,1,1,1.0,2,08150,M,4955380.0,428325.0,08
201400020371,14,9,6,130,3,1,1,1.0,6,44051,M,0.0,0.0,44
201400020372,14,10,12,715,3,1,1,2.0,7,44113,M,0.0,0.0,44
201400020373,14,2,25,2145,3,1,1,8.0,6,44129,M,0.0,0.0,44
201400020374,14,3,23,1430,1,1,1,1.0,2,44195,M,0.0,0.0,44
201400020375,14,7,6,145,3,1,1,2.0,6,44195,M,0.0,0.0,44
201400020376,14,7,26,2215,3,1,1,1.0,6,44089,M,0.0,0.0,44
201400020377,14,8,21,1815,1,1,1,1.0,6,44025,M,0.0,0.0,44
201400020378,14,10,12,2000,3,1,1,3.0,2,44194,M,0.0,0.0,44
201400020379,14,11,9,30,3,1,1,2.0,2,44089,M,0.0,0.0,44
201400020380,14,4,18,830,1,1,1,1.0,2,14596,M,,,14
201400020381,14,7,5,715,1,1,1,1.0,6,14311,M,,,14
201400020382,14,7,8,39,3,1,1,1.0,7,14636,M,4902100.0,-83996.0,14
201400020383,14,7,23,1000,1,1,1,5.0,5,14374,M,4903870.0,-80645.0,14
201400020384,14,8,22,1630,1,1,1,1.0,4,14738,M,4916430.0,-43597.0,14
201400020385,14,9,26,915,1,1,1,7.0,5,14752,M,4907480.0,-64384.0,14
201400020386,14,11,20,1800,3,1,1,1.0,2,14636,M,4901990.0,-84196.0,14
201400020387,14,11,29,2105,3,1,1,1.0,7,14449,M,4910070.0,-61335.0,14
201400020388,14,3,3,1545,1,1,1,3.0,6,50407,M,4861660.0,-133454.0,50
201400020389,14,4,11,1645,1,1,1,1.0,7,50616,M,4867030.0,-137267.0,50
201400020390,14,6,15,1445,1,1,1,1.0,6,14513,M,,,14
201400020391,14,7,21,745,1,1,1,1.0,7,50607,M,4880170.0,-126199.0,50
201400020392,14,8,9,700,2,1,1,1.0,7,50048,M,4886100.0,-119847.0,50
201400020393,14,10,7,1630,1,1,1,1.0,2,50071,M,4875840.0,-127856.0,50
201400020394,14,10,8,2145,3,1,1,1.0,1,50407,M,4860380.0,-133256.0,50
201400020395,14,10,16,1500,1,1,1,1.0,7,50411,M,4870740.0,-133373.0,50
201400020396,14,1,3,1815,3,1,1,1.0,2,50615,M,4951630.0,-149644.0,50
201400020397,14,2,10,1645,1,1,1,1.0,1,50578,M,4949530.0,-142381.0,50
201400020398,14,8,19,1515,1,1,1,1.0,6,50498,M,0.0,0.0,50
201400020399,14,9,24,1100,1,1,1,1.0,2,50172,M,4945460.0,-135299.0,50
201400020400,14,11,21,1000,1,1,1,1.0,3,50194,M,4944250.0,-134377.0,50
201400020401,14,1,3,1625,1,2,2,1.0,3,18279,M,4722417.0,207710.0,18
201400020402,14,1,10,1050,1,2,1,1.0,3,18279,M,4720156.0,207749.0,18
201400020403,14,2,2,1620,1,2,1,1.0,7,18279,M,4719897.0,208656.0,18
201400020404,14,2,14,910,1,2,2,2.0,3,18279,M,4721367.0,205845.0,18
201400020405,14,3,11,1150,1,2,1,1.0,2,18279,M,4721061.0,210117.0,18