Num_Acc,an,mois,jour,hrmn,lum,agg,int,atm,col,com,gps,lat,long,dep
201400020406,14,3,21,1710,1,1,1,1.0,1,18279,M,4725247.0,206027.0,18
201400020407,14,4,1,1725,1,2,3,1.0,3,18279,M,4722041.0,206794.0,18
201400020408,14,4,2,1630,1,2,1,1.0,6,18279,M,4722287.0,206591.0,18
201400020409,14,4,4,1650,1,2,1,2.0,6,18279,M,4724735.0,209633.0,18
201400020410,14,4,9,1710,1,2,1,1.0,6,18279,M,4722355.0,206474.0,18
201400020411,14,4,12,1930,1,2,1,1.0,6,18279,M,4722949.0,205033.0,18
201400020412,14,4,22,1020,1,2,3,1.0,3,18279,M,4724015.0,206079.0,18
201400020413,14,5,15,1700,1,2,1,1.0,6,18279,M,4723946.0,209129.0,18
201400020414,14,5,17,1845,1,2,1,1.0,4,18279,M,4721793.0,209730.0,18
201400020415,14,6,6,1815,1,1,2,1.0,3,18279,M,,,18
201400020416,14,6,16,1635,1,2,3,1.0,3,18279,M,4722418.0,206870.0,18
201400020417,14,6,13,1150,1,2,1,1.0,1,18279,M,4722982.0,206112.0,18
201400020418,14,6,19,1710,1,2,3,1.0,3,18279,M,4723244.0,204392.0,18
201400020419,14,7,7,905,1,2,1,1.0,3,18279,M,4723135.0,206112.0,18
201400020420,14,7,17,1715,1,2,2,1.0,2,18279,M,4722421.0,206877.0,18
201400020421,14,7,19,220,5,2,2,1.0,3,18279,M,4722299.0,206599.0,18
201400020422,14,7,22,825,1,2,2,1.0,3,18279,M,4723015.0,204902.0,18
201400020423,14,8,8,1600,1,2,1,1.0,6,18279,M,4721708.0,210115.0,18
201400020424,14,9,6,1940,1,2,1,1.0,2,18279,M,4721753.0,209983.0,18
201400020425,14,9,8,1010,1,2,3,1.0,3,18279,M,4723166.0,207799.0,18
201400020426,14,9,10,1905,1,2,2,1.0,6,18279,M,4722241.0,206725.0,18
201400020427,14,9,13,1220,1,1,3,1.0,3,18279,M,4724392.0,208436.0,18
201400020428,14,9,17,1217,1,2,1,1.0,6,18279,M,4721657.0,206530.0,18
201400020429,14,9,17,1600,1,2,1,1.0,3,18279,M,,,18
201400020430,14,9,19,1620,1,2,1,1.0,3,18279,M,4722180.0,206530.0,18
201400020431,14,9,24,1540,1,2,3,1.0,3,18279,M,4708066.0,240682.0,18
201400020432,14,10,11,1915,5,2,2,1.0,4,18279,M,4723413.0,207840.0,18
201400020433,14,10,31,1315,1,2,1,1.0,6,18279,M,4721919.0,206364.0,18
201400020434,14,11,5,1655,1,2,2,1.0,6,18279,M,4723017.0,204903.0,18
201400020435,14,11,8,1610,1,2,1,1.0,6,18279,M,4723965.0,206304.0,18
201400020436,14,11,10,510,5,1,6,5.0,7,18279,M,4724543.0,207617.0,18
201400020437,14,11,12,1500,1,2,1,1.0,2,18279,M,4723100.0,208136.0,18
201400020438,14,11,13,935,1,2,1,1.0,6,18279,M,4722732.0,208748.0,18
201400020439,14,11,15,1123,1,2,2,1.0,3,18279,M,4723026.0,208827.0,18
201400020440,14,11,23,1910,5,2,1,1.0,1,18279,M,4723921.0,206083.0,18
201400020441,14,11,24,2337,5,2,1,1.0,1,18279,M,4723855.0,202989.0,18
201400020442,14,11,25,1255,1,2,2,2.0,3,18279,M,4720646.0,205622.0,18
201400020443,14,11,28,1505,1,2,9,1.0,6,18279,M,4722757.0,205085.0,18
201400020444,14,12,1,1145,1,2,3,8.0,3,18279,M,4721677.0,206538.0,18
201400020445,14,12,3,1640,2,2,1,2.0,3,18279,M,4721885.0,206054.0,18
201400020446,14,12,10,2010,5,2,1,2.0,6,18279,M,4722425.0,206656.0,18
201400020447,14,12,30,955,1,2,1,1.0,6,18279,M,4723744.0,207098.0,18
201400020448,14,1,10,1815,1,1,4,1.0,7,44051,M,0.0,0.0,44
201400020449,14,1,17,1700,1,1,1,1.0,6,44113,M,0.0,0.0,44
201400020450,14,2,27,1315,1,1,1,1.0,6,44105,M,0.0,0.0,44
201400020451,14,2,6,1515,1,1,1,1.0,1,72213,M,0.0,0.0,72
201400020452,14,2,8,1530,1,1,1,8.0,5,72350,M,0.0,0.0,72
201400020453,14,5,3,1900,1,1,1,1.0,7,72287,M,0.0,0.0,72
201400020454,14,8,23,1200,1,2,1,1.0,1,72124,M,0.0,0.0,72
201400020455,14,1,27,1345,1,1,1,1.0,6,72306,M,0.0,0.0,72
201400020456,14,3,14,1630,1,2,2,1.0,3,72008,M,0.0,0.0,72
201400020457,14,4,16,945,1,2,1,1.0,6,72124,M,0.0,0.0,72
201400020458,14,4,24,1615,1,1,1,1.0,1,72213,M,0.0,0.0,72
201400020459,14,5,2,2200,2,1,1,1.0,3,72058,M,0.0,0.0,72
201400020460,14,6,14,830,1,1,1,7.0,1,72187,M,0.0,0.0,72
201400020461,14,6,12,1915,1,1,2,1.0,3,72200,M,0.0,0.0,72
201400020462,14,6,21,1930,1,1,1,1.0,5,72124,M,0.0,0.0,72
201400020463,14,7,4,1900,1,1,2,1.0,3,72213,M,0.0,0.0,72
201400020464,14,8,4,2230,3,1,1,1.0,3,72008,M,0.0,0.0,72
201400020465,14,10,30,1115,2,1,1,1.0,1,72350,M,0.0,0.0,72
201400020466,14,11,9,315,3,2,1,1.0,6,72260,M,0.0,0.0,72
201400020467,14,11,22,1300,1,2,1,1.0,5,72260,M,0.0,0.0,72
201400020468,14,1,12,1600,1,2,2,1.0,3,65285,M,4329986.0,15502.0,65
201400020469,14,1,16,1945,3,2,1,2.0,1,83019,M,0.0,0.0,83
201400020470,14,1,29,715,2,2,1,3.0,3,83070,M,0.0,0.0,83
201400020471,14,4,27,945,1,2,1,1.0,7,83070,M,4313617.0,635935.0,83
201400020472,14,5,4,2115,5,2,1,1.0,7,83019,M,0.0,0.0,83
201400020473,14,5,8,930,1,2,1,1.0,1,83019,M,0.0,0.0,83
201400020474,14,5,8,1745,1,1,1,1.0,6,83070,M,0.0,0.0,83
201400020475,14,5,10,1745,1,2,3,1.0,3,83019,M,4313821.0,634634.0,83
201400020476,14,5,23,1330,1,2,3,1.0,5,83019,M,0.0,0.0,83
201400020477,14,5,29,1645,1,1,1,1.0,3,83070,M,0.0,0.0,83
201400020478,14,6,20,315,5,1,1,1.0,6,83070,M,0.0,0.0,83
201400020479,14,6,25,1245,1,1,1,1.0,1,83019,M,0.0,0.0,83
201400020480,14,7,15,845,1,2,1,1.0,1,83019,M,0.0,0.0,83
201400020481,14,7,21,1945,1,2,1,1.0,3,83070,M,0.0,0.0,83
201400020482,14,8,25,500,5,2,1,1.0,6,83070,M,4313858.0,636242.0,83
201400020483,14,8,24,1830,1,2,1,1.0,6,83019,M,0.0,0.0,83
201400020484,14,12,8,1545,1,2,1,1.0,6,83070,M,0.0,0.0,83
201400020485,14,12,14,415,5,2,1,1.0,1,83070,M,0.0,0.0,83
201400020486,14,1,12,1500,1,1,1,1.0,3,60552,M,0.0,0.0,60
201400020487,14,1,28,1700,2,1,1,1.0,1,60479,M,0.0,0.0,60
201400020488,14,2,18,730,1,2,1,1.0,1,60176,M,0.0,0.0,60
201400020489,14,5,13,1700,1,2,3,1.0,3,60672,M,0.0,0.0,60
201400020490,14,7,27,1730,1,2,1,1.0,1,60176,M,0.0,0.0,60
201400020491,14,8,10,500,5,2,1,8.0,6,60083,M,0.0,0.0,60
201400020492,14,8,10,2345,3,2,1,1.0,7,60380,M,0.0,0.0,60
201400020493,14,9,2,845,1,2,1,1.0,6,60203,M,0.0,0.0,60
201400020494,14,9,3,930,3,2,1,1.0,7,60479,M,0.0,0.0,60
201400020495,14,9,27,1330,1,1,1,1.0,3,60069,M,0.0,0.0,60
201400020496,14,10,13,2115,3,1,1,1.0,6,60176,M,0.0,0.0,60
201400020497,14,10,14,1800,1,2,1,1.0,6,60231,M,0.0,0.0,60
201400020498,14,11,3,1145,1,1,1,1.0,6,60069,M,0.0,0.0,60
201400020499,14,11,22,1915,5,1,1,1.0,3,60176,M,0.0,0.0,60
201400020500,14,1,15,1430,1,1,1,2.0,1,91340,M,0.0,0.0,91
201400020501,14,2,1,245,5,2,1,2.0,1,91340,M,0.0,0.0,91
201400020502,14,2,9,900,3,2,1,1.0,1,91340,M,0.0,0.0,91
201400020503,14,8,21,615,2,1,1,1.0,2,91648,M,0.0,0.0,91
201400020504,14,9,5,1530,1,2,1,1.0,1,91340,M,0.0,0.0,91
201400020505,14,9,28,1245,1,1,1,1.0,2,91648,M,0.0,0.0,91
201400020506,14,10,13,1330,1,2,7,1.0,3,91340,M,0.0,0.0,91
201400020507,14,10,21,1745,2,1,1,8.0,3,91648,M,0.0,0.0,91
201400020508,14,1,7,805,2,2,1,1.0,6,19031,M,4515920.0,147621.0,19
201400020509,14,1,9,1125,1,2,1,1.0,6,19031,M,4515990.0,154072.0,19
201400020510,14,1,10,625,5,2,2,1.0,3,19031,M,4515740.0,152379.0,19
201400020511,14,1,10,1735,1,2,1,1.0,3,19031,M,4515910.0,152344.0,19
201400020512,14,1,20,1725,1,2,1,3.0,6,19031,M,4516780.0,153286.0,19
201400020513,14,1,21,730,2,2,2,1.0,6,19031,M,4516470.0,150735.0,19
201400020514,14,1,21,1345,1,2,2,1.0,6,19031,M,4515930.0,153056.0,19
201400020515,14,1,24,1605,1,2,3,3.0,3,19031,M,4515780.0,151110.0,19
201400020516,14,1,25,1835,5,2,3,2.0,6,19031,M,4514830.0,150923.0,19
201400020517,14,1,30,1845,5,2,1,2.0,6,19031,M,4515650.0,153352.0,19
201400020518,14,2,3,1345,1,2,1,1.0,3,19031,M,4516820.0,153670.0,19
201400020519,14,2,4,1720,1,2,1,1.0,3,19031,M,4515770.0,152369.0,19
201400020520,14,2,4,1830,5,2,3,1.0,3,19031,M,4516590.0,153181.0,19
201400020521,14,2,18,1750,1,2,1,1.0,6,19031,M,4516280.0,153669.0,19
201400020522,14,2,22,1300,1,2,1,1.0,2,19031,M,4515930.0,153064.0,19
201400020523,14,2,22,1440,1,2,1,1.0,3,19031,M,4516470.0,150903.0,19
201400020524,14,2,23,1510,1,2,1,1.0,2,19031,M,4516470.0,150872.0,19
201400020525,14,3,3,1735,1,2,3,2.0,3,19031,M,4516690.0,152321.0,19
201400020526,14,3,4,1540,1,2,3,1.0,3,19031,M,4516200.0,153108.0,19
201400020527,14,3,9,710,2,2,2,1.0,1,19031,M,4516310.0,154063.0,19
201400020528,14,3,10,1720,1,2,1,1.0,2,19031,M,4516470.0,149797.0,19
201400020529,14,3,11,1810,1,2,1,1.0,6,19031,M,4516760.0,155093.0,19
201400020530,14,3,14,1405,1,2,6,1.0,3,19031,M,4516500.0,153208.0,19
201400020531,14,3,14,1715,1,2,1,1.0,3,19031,M,4515470.0,149830.0,19
201400020532,14,3,19,1215,1,2,1,1.0,6,19031,M,4515430.0,153835.0,19
201400020533,14,4,4,740,2,2,2,2.0,3,19031,M,4516400.0,151246.0,19
201400020534,14,4,5,1400,1,2,1,1.0,2,19031,M,4516430.0,149212.0,19
201400020535,14,4,6,1750,1,2,1,1.0,6,19031,M,4516600.0,151895.0,19
201400020536,14,4,8,845,1,2,1,1.0,6,19031,M,4516470.0,150313.0,19
201400020537,14,4,8,1220,1,2,2,1.0,3,19031,M,4515530.0,152999.0,19
201400020538,14,4,9,1230,1,2,3,1.0,3,19031,M,4516130.0,150318.0,19
201400020539,14,4,11,2315,5,2,2,1.0,3,19031,M,4515260.0,151977.0,19
201400020540,14,4,15,945,1,2,1,1.0,6,19031,M,4516330.0,153240.0,19
201400020541,14,4,16,1845,1,2,1,1.0,6,19031,M,4515290.0,150702.0,19
201400020542,14,4,19,1730,1,2,2,1.0,4,19031,M,4516270.0,152277.0,19
201400020543,14,4,19,1820,1,2,2,1.0,3,19031,M,4516310.0,150279.0,19
201400020544,14,4,30,945,1,2,1,1.0,6,19031,M,4516250.0,153641.0,19
201400020545,14,4,30,1235,1,2,1,1.0,6,19031,M,4516480.0,151664.0,19
201400020546,14,5,5,745,1,2,2,1.0,3,19031,M,4515900.0,154057.0,19
201400020547,14,5,18,505,3,1,1,1.0,7,19031,M,4512760.0,155402.0,19
201400020548,14,5,19,1655,1,2,1,1.0,3,19031,M,4516930.0,152836.0,19
201400020549,14,5,21,830,1,2,1,2.0,2,19031,M,4515720.0,152303.0,19
201400020550,14,5,21,1835,1,2,6,3.0,3,19031,M,4516500.0,153205.0,19
201400020551,14,5,28,2100,1,2,1,1.0,3,19031,M,4515330.0,153933.0,19
201400020552,14,6,2,930,1,2,2,1.0,3,19031,M,4516130.0,153282.0,19
201400020553,14,6,9,1005,1,2,1,1.0,6,19031,M,4515760.0,154038.0,19
201400020554,14,6,11,1225,1,2,3,1.0,3,19031,M,4514960.0,149419.0,19
201400020555,14,6,11,1705,1,2,2,1.0,3,19031,M,4516470.0,150253.0,19
201400020556,14,6,11,1925,1,2,1,1.0,4,19031,M,4514530.0,149796.0,19
201400020557,14,6,12,1715,1,2,1,1.0,2,19031,M,4515070.0,149349.0,19
201400020558,14,6,17,1230,1,2,1,1.0,2,19031,M,4515500.0,153921.0,19
201400020559,14,6,18,1920,1,2,1,1.0,3,19031,M,4516530.0,153586.0,19
201400020560,14,6,22,420,5,2,1,1.0,6,19031,M,4516250.0,152457.0,19
201400020561,14,6,27,2340,5,2,1,1.0,2,19031,M,4515650.0,151879.0,19
201400020562,14,7,2,1530,1,2,2,1.0,3,19031,M,4516060.0,150331.0,19
201400020563,14,7,2,1910,1,2,2,1.0,3,19031,M,4516230.0,152642.0,19
201400020564,14,7,7,1825,1,2,1,1.0,3,19031,M,4515820.0,149427.0,19
201400020565,14,7,15,810,1,2,3,1.0,6,19031,M,4516480.0,151730.0,19
201400020566,14,7,15,2245,5,2,1,1.0,7,19031,M,4515100.0,151136.0,19
201400020567,14,7,16,1615,1,2,2,1.0,3,19031,M,4516310.0,154056.0,19
201400020568,14,7,17,1615,1,2,3,1.0,3,19031,M,4516000.0,152758.0,19
201400020569,14,7,26,2215,5,2,2,1.0,3,19031,M,4515070.0,153176.0,19
201400020570,14,7,31,2020,1,2,1,1.0,2,19031,M,4515090.0,150794.0,19
201400020571,14,8,1,1500,1,2,1,1.0,6,19031,M,4516550.0,152046.0,19
201400020572,14,8,4,2030,1,2,2,1.0,3,19031,M,4516050.0,154076.0,19
201400020573,14,8,12,1040,1,2,1,1.0,7,19031,M,4515020.0,156360.0,19
201400020574,14,8,17,2310,5,2,1,1.0,6,19031,M,4516520.0,152883.0,19
201400020575,14,8,26,1215,1,2,1,1.0,4,19031,M,4514970.0,149478.0,19
201400020576,14,8,28,855,1,2,2,1.0,6,19031,M,4515900.0,154058.0,19
201400020577,14,8,29,820,2,2,2,2.0,3,19031,M,4515740.0,152377.0,19
201400020578,14,8,31,925,1,2,1,1.0,3,19031,M,4516610.0,152432.0,19
201400020579,14,8,31,1700,1,2,1,1.0,6,19031,M,4516810.0,153588.0,19
201400020580,14,9,1,833,1,2,3,1.0,3,19031,M,4515200.0,153248.0,19
201400020581,14,9,4,1330,1,2,1,1.0,2,19031,M,4515160.0,150190.0,19
201400020582,14,9,6,1130,1,2,1,1.0,2,19031,M,4516540.0,153639.0,19
201400020583,14,9,7,1100,1,2,1,1.0,6,19031,M,4516430.0,152162.0,19
201400020584,14,9,10,1345,1,2,1,1.0,3,19031,M,4516530.0,152014.0,19
201400020585,14,9,12,750,2,2,3,7.0,3,19031,M,4515590.0,150179.0,19
201400020586,14,9,12,1210,1,2,1,1.0,2,19031,M,4515870.0,152838.0,19
201400020587,14,9,14,2300,5,2,1,1.0,6,19031,M,4515730.0,153592.0,19
201400020588,14,9,16,750,1,2,3,1.0,3,19031,M,4515700.0,152201.0,19
201400020589,14,9,16,940,1,2,1,1.0,2,19031,M,4516800.0,153892.0,19
201400020590,14,9,17,1735,1,2,1,1.0,4,19031,M,4516400.0,155214.0,19
201400020591,14,9,19,1850,1,2,1,1.0,2,19031,M,4516520.0,153150.0,19
201400020592,14,9,19,2045,5,2,6,1.0,3,19031,M,4516510.0,153225.0,19
201400020593,14,9,22,1530,1,2,1,1.0,3,19031,M,4515040.0,149731.0,19
201400020594,14,9,24,1820,1,2,1,1.0,3,19031,M,4515310.0,153947.0,19
201400020595,14,9,26,955,1,1,6,1.0,6,19031,M,4515550.0,148066.0,19
201400020596,14,10,3,1600,1,2,1,1.0,4,19031,M,4515150.0,150126.0,19
201400020597,14,10,5,1020,1,2,1,2.0,2,19031,M,4515480.0,152858.0,19
201400020598,14,10,6,1940,5,2,3,3.0,3,19031,M,4515790.0,155003.0,19
201400020599,14,10,9,1055,1,2,1,3.0,6,19031,M,4515870.0,153385.0,19
201400020600,14,10,11,355,5,2,1,1.0,1,19031,M,4516050.0,153722.0,19
201400020601,14,10,13,1130,1,2,1,1.0,4,19031,M,4515550.0,151637.0,19
201400020602,14,10,14,750,1,2,3,1.0,3,19031,M,4515440.0,151222.0,19
201400020603,14,10,17,1715,1,2,1,1.0,6,19031,M,4514660.0,148341.0,19
201400020604,14,10,18,1015,1,2,1,1.0,1,19031,M,4514300.0,149557.0,19
201400020605,14,10,18,1015,1,2,3,1.0,3,19031,M,4516470.0,150465.0,19
201400020606,14,10,20,1115,1,2,1,1.0,3,19031,M,4516460.0,150280.0,19
201400020607,14,10,23,1810,1,2,1,1.0,4,19031,M,4515070.0,149834.0,19
201400020608,14,10,24,1335,1,2,1,1.0,1,19031,M,4515310.0,156389.0,19
201400020609,14,10,24,1450,1,2,3,1.0,3,19031,M,4516130.0,150314.0,19
201400020610,14,10,26,2125,5,2,1,1.0,2,19031,M,4515650.0,153635.0,19
201400020611,14,10,27,1555,1,2,1,1.0,2,19031,M,4516290.0,153248.0,19
201400020612,14,10,28,840,1,2,1,1.0,2,19031,M,4515330.0,153371.0,19
201400020613,14,10,30,1155,1,2,1,1.0,1,19031,M,4516250.0,153263.0,19
201400020614,14,10,30,1245,1,2,1,1.0,2,19031,M,4515790.0,155229.0,19
201400020615,14,11,3,1230,1,2,1,1.0,3,19031,M,4516210.0,152104.0,19
201400020616,14,11,4,1015,1,2,5,1.0,3,19031,M,4516510.0,153209.0,19
201400020617,14,11,4,1645,1,2,3,1.0,3,19031,M,4517770.0,152771.0,19
201400020618,14,11,6,1615,1,2,1,1.0,3,19031,M,4516090.0,151531.0,19
201400020619,14,11,7,1525,1,2,1,1.0,7,19031,M,4516510.0,154118.0,19
201400020620,14,11,10,1520,1,2,1,1.0,2,19031,M,4515650.0,152010.0,19
201400020621,14,11,10,2150,5,2,1,9.0,6,19031,M,4515640.0,152648.0,19
201400020622,14,11,11,1455,1,2,6,9.0,6,19031,M,4514440.0,147502.0,19
201400020623,14,11,12,1823,5,2,3,1.0,3,19031,M,4516460.0,150280.0,19
201400020624,14,11,17,1620,1,2,1,2.0,2,19031,M,4515650.0,150417.0,19
201400020625,14,11,17,1915,5,2,2,1.0,3,19031,M,4515430.0,153838.0,19
201400020626,14,11,19,1335,1,2,1,1.0,2,19031,M,4515590.0,151797.0,19
201400020627,14,11,21,850,1,2,1,1.0,6,19031,M,4514830.0,151348.0,19
201400020628,14,11,21,1205,1,2,2,1.0,3,19031,M,4515820.0,150955.0,19
201400020629,14,11,25,1830,5,2,2,2.0,3,19031,M,4515070.0,153173.0,19
201400020630,14,12,1,1130,1,2,3,1.0,3,19031,M,4515900.0,154076.0,19
201400020631,14,12,3,1350,1,2,1,1.0,7,19031,M,4516180.0,151438.0,19
201400020632,14,12,6,1750,5,2,3,1.0,3,19031,M,4516690.0,152317.0,19
201400020633,14,12,8,740,2,2,2,1.0,3,19031,M,4515760.0,154032.0,19
201400020634,14,12,9,1500,1,2,1,1.0,2,19031,M,4516060.0,153023.0,19
201400020635,14,12,9,1735,5,2,1,1.0,7,19031,M,4515710.0,153165.0,19
201400020636,14,12,17,1255,1,2,3,2.0,2,19031,M,4516910.0,151174.0,19
201400020637,14,12,19,1900,5,2,1,2.0,3,19031,M,4515510.0,152274.0,19
201400020638,14,12,20,1900,5,2,3,1.0,3,19031,M,4516650.0,154365.0,19
201400020639,14,12,22,1800,5,2,1,1.0,2,19031,M,4515940.0,154095.0,19
201400020640,14,12,24,1740,5,2,1,1.0,6,19031,M,4515740.0,153198.0,19
201400020641,14,12,25,1815,5,2,1,1.0,3,19031,M,4516620.0,152031.0,19
201400020642,14,8,3,1630,1,1,1,1.0,1,59309,M,5098281.0,257469.0,59
201400020643,14,9,3,1700,1,1,1,1.0,3,59605,M,0.0,0.0,59
201400020644,14,1,8,1045,1,1,1,2.0,7,59641,M,5096450.0,248494.0,59
201400020645,14,4,14,2145,3,1,1,1.0,6,59260,M,0.0,0.0,59
201400020646,14,6,11,1130,1,1,1,1.0,6,59641,M,0.0,0.0,59
201400020647,14,7,14,1930,1,2,1,1.0,1,59046,M,0.0,0.0,59
201400020648,14,7,26,1330,1,1,1,1.0,7,59309,M,0.0,0.0,59
201400020649,14,8,30,1815,1,1,1,1.0,5,59641,M,0.0,0.0,59
201400020650,14,10,10,100,3,1,9,1.0,7,59641,M,0.0,0.0,59
201400020651,14,10,31,1230,5,2,1,1.0,3,59107,M,0.0,0.0,59
201400020652,14,11,4,2015,5,2,9,1.0,6,59107,M,0.0,0.0,59
201400020653,14,12,21,1015,1,1,1,1.0,6,59641,M,0.0,0.0,59
201400020654,14,1,10,1555,1,2,1,1.0,6,19272,M,4526950.0,177316.0,19
201400020655,14,1,29,1000,1,2,1,2.0,6,19272,M,4525250.0,176096.0,19
201400020656,14,2,3,1045,1,2,1,1.0,6,19272,M,4526420.0,176349.0,19
201400020657,14,3,12,1325,1,2,1,1.0,2,19272,M,4526250.0,176101.0,19
201400020658,14,3,23,1435,1,2,1,1.0,5,19272,M,4526550.0,177000.0,19
201400020659,14,4,1,1025,1,2,1,1.0,6,19272,M,4526330.0,176342.0,19
201400020660,14,4,8,745,1,2,1,1.0,3,19272,M,4526050.0,174806.0,19
201400020661,14,5,7,1540,1,2,1,1.0,5,19272,M,4526370.0,176224.0,19
201400020662,14,5,17,1601,1,2,1,7.0,6,19272,M,4525210.0,176259.0,19
201400020663,14,8,25,1015,1,1,1,1.0,3,19272,M,4528020.0,179398.0,19
201400020664,14,9,14,1230,1,2,1,1.0,7,19272,M,4525930.0,175220.0,19
201400020665,14,10,14,1750,1,2,1,1.0,6,19272,M,4527770.0,176437.0,19
201400020666,14,11,1,225,5,2,6,1.0,6,19272,M,4527050.0,177481.0,19
201400020667,14,11,16,1225,1,1,1,8.0,7,19272,M,4528010.0,179289.0,19
201400020668,14,1,12,1140,1,2,1,1.0,1,19275,M,4555810.0,230162.0,19
201400020669,14,4,5,1045,1,2,1,1.0,6,19275,M,4555370.0,231817.0,19
201400020670,14,5,28,1020,1,1,1,1.0,7,19275,M,4552620.0,230471.0,19
201400020671,14,7,15,1915,1,2,3,1.0,3,19275,M,4555580.0,231195.0,19
201400020672,14,8,31,1625,1,2,1,1.0,6,19275,M,4555570.0,230226.0,19
201400020673,14,10,10,1755,1,2,1,3.0,6,19275,M,4557420.0,235145.0,19
201400020674,14,7,31,1725,1,2,1,1.0,3,19275,M,4556223.0,230032.0,19
201400020675,14,12,7,202,5,1,1,2.0,6,19275,M,4557220.0,233437.0,19
201400020676,14,12,20,2123,5,2,9,1.0,2,19275,M,4554760.0,231399.0,19
201400020677,14,12,23,1625,1,2,1,1.0,6,19275,M,4554650.0,230848.0,19
201400020678,14,4,9,1600,1,2,2,1.0,3,68015,M,4779846.0,737920.0,68
201400020679,14,7,1,1730,1,2,3,1.0,3,68300,M,4777556.0,737952.0,68
201400020680,14,7,14,1530,1,2,1,1.0,3,68022,M,4782745.0,738105.0,68
201400020681,14,11,21,1300,1,1,1,1.0,6,68300,M,4778057.0,741909.0,68
201400020682,14,12,30,1230,1,1,1,4.0,6,68020,M,4781530.0,751058.0,68
201400020683,14,4,9,730,2,2,1,1.0,6,21054,M,,,21
201400020684,14,5,22,1815,1,2,1,1.0,2,21054,M,,,21
201400020685,14,5,12,1930,1,2,3,1.0,3,21054,M,,,21
201400020686,14,6,2,1015,1,2,2,1.0,3,21054,M,,,21
201400020687,14,6,17,450,5,2,2,1.0,3,21054,M,,,21
201400020688,14,6,26,840,1,2,1,1.0,7,21054,M,,,21
201400020689,14,8,25,1915,1,2,2,1.0,2,21054,M,,,21
201400020690,14,9,19,1350,1,2,1,3.0,6,21054,M,,,21
201400020691,14,8,31,1728,1,2,2,1.0,3,21054,M,,,21
201400020692,14,9,17,1235,1,2,2,1.0,6,21054,M,,,21
201400020693,14,9,26,1250,1,2,1,1.0,6,21054,M,,,21
201400020694,14,4,10,1450,1,2,1,1.0,3,21054,M,,,21
201400020695,14,10,5,1510,1,2,2,3.0,3,21054,M,,,21
201400020696,14,10,2,1730,1,2,1,1.0,3,21054,M,,,21
201400020697,14,10,14,1215,1,2,1,1.0,3,21054,M,,,21
201400020698,14,10,8,1418,1,2,1,1.0,7,21054,M,,,21
201400020699,14,11,11,1720,5,2,2,1.0,3,21054,M,,,21
201400020700,14,12,6,1605,1,2,1,1.0,6,21054,M,,,21
201400020701,14,1,3,1931,5,2,2,1.0,2,21278,M,,,21
201400020702,14,1,7,1724,5,2,3,1.0,6,21166,M,,,21
201400020703,14,1,8,1755,5,2,1,1.0,6,21231,M,,,21
201400020704,14,1,8,1845,5,2,3,1.0,1,21278,M,,,21
201400020705,14,1,10,1450,1,1,2,1.0,3,21231,M,,,21
201400020706,14,1,23,1312,1,2,1,1.0,6,21231,M,,,21
201400020707,14,1,31,1402,1,2,4,1.0,1,21231,M,,,21
201400020708,14,2,1,2027,5,2,6,1.0,2,21231,M,,,21
201400020709,14,2,11,1202,1,2,3,1.0,6,21231,M,,,21
201400020710,14,2,13,849,1,2,1,2.0,6,21231,M,,,21
201400020711,14,2,13,1931,5,2,1,2.0,6,21231,M,,,21
201400020712,14,2,15,1435,1,2,7,2.0,6,21231,M,,,21
201400020713,14,2,20,1820,5,2,1,1.0,6,21231,M,,,21
201400020714,14,2,25,1618,1,2,3,2.0,2,21231,M,,,21
201400020715,14,2,26,1138,1,2,3,1.0,6,21617,M,,,21
201400020716,14,3,1,2030,5,2,7,1.0,1,21231,M,,,21
201400020717,14,3,12,1225,1,2,2,1.0,1,21231,M,,,21
201400020718,14,3,16,1108,1,2,2,1.0,3,21231,M,,,21
201400020719,14,3,17,1518,1,2,3,1.0,3,21166,M,,,21
201400020720,14,3,22,55,5,2,1,1.0,6,21617,M,,,21
201400020721,14,3,26,1214,1,2,2,1.0,2,21231,M,,,21
201400020722,14,3,27,820,1,2,3,1.0,3,21231,M,,,21
201400020723,14,4,1,2047,5,2,2,1.0,2,21231,M,,,21
201400020724,14,4,3,1415,1,2,3,1.0,2,21231,M,,,21
201400020725,14,4,8,2028,5,2,3,1.0,7,21231,M,,,21
201400020726,14,4,9,1046,1,2,1,1.0,6,21231,M,,,21
201400020727,14,4,14,2058,5,2,2,1.0,3,21231,M,,,21
201400020728,14,4,16,331,5,2,1,1.0,6,21231,M,,,21
201400020729,14,4,30,2128,5,2,2,1.0,3,21231,M,,,21
201400020730,14,5,9,1132,1,2,2,1.0,6,21231,M,,,21
201400020731,14,5,16,1020,1,2,3,1.0,6,21231,M,,,21
201400020732,14,5,24,1554,1,1,1,1.0,6,21231,M,,,21
201400020733,14,5,30,1007,1,2,2,1.0,6,21231,M,,,21
201400020734,14,6,1,1817,1,2,1,1.0,2,21231,M,,,21