Num_Acc,an,mois,jour,hrmn,lum,agg,int,atm,col,com,gps,lat,long,dep
201400020735,14,6,6,1757,1,2,2,1.0,3,21231,M,,,21
201400020736,14,6,10,951,1,2,1,1.0,2,21231,M,,,21
201400020737,14,6,13,1632,1,2,1,1.0,6,21231,M,,,21
201400020738,14,6,15,120,5,1,9,1.0,2,21355,M,,,21
201400020739,14,6,20,2056,1,2,1,1.0,6,21231,M,,,21
201400020740,14,6,21,440,5,2,7,1.0,7,21231,M,,,21
201400020741,14,6,23,2013,1,1,9,8.0,6,21231,M,,,21
201400020742,14,6,24,1124,1,2,7,1.0,6,21231,M,,,21
201400020743,14,6,24,1329,1,2,3,1.0,3,21231,M,,,21
201400020744,14,6,26,2104,1,2,2,1.0,3,21231,M,,,21
201400020745,14,6,30,1731,1,2,1,1.0,2,21166,M,,,21
201400020746,14,7,2,205,5,2,1,1.0,6,21231,M,,,21
201400020747,14,7,4,29,5,2,2,1.0,3,21231,M,,,21
201400020748,14,7,4,2130,2,2,2,2.0,3,21231,M,,,21
201400020749,14,7,9,1215,1,2,1,1.0,2,21231,M,,,21
201400020750,14,7,10,200,5,2,1,2.0,6,21231,M,,,21
201400020751,14,7,16,737,1,2,6,1.0,3,21231,M,,,21
201400020752,14,7,19,114,5,2,1,1.0,6,21231,M,,,21
201400020753,14,7,23,2105,2,2,1,1.0,1,21231,M,,,21
201400020754,14,7,29,2014,1,1,1,2.0,1,21231,M,,,21
201400020755,14,8,1,755,1,2,4,1.0,3,21231,M,,,21
201400020756,14,8,1,2232,5,2,2,1.0,1,21231,M,,,21
201400020757,14,8,2,1923,1,2,2,1.0,3,21231,M,,,21
201400020758,14,8,5,805,1,2,1,1.0,6,21231,M,,,21
201400020759,14,8,6,1818,1,2,3,8.0,6,21231,M,,,21
201400020760,14,8,14,2042,2,2,2,1.0,3,21231,M,,,21
201400020761,14,8,16,1747,1,2,1,1.0,6,21231,M,,,21
201400020762,14,8,19,16,5,2,1,1.0,3,21231,M,,,21
201400020763,14,8,21,2025,1,2,3,1.0,1,21355,M,,,21
201400020764,14,8,30,1634,1,2,1,1.0,2,21166,M,,,21
201400020765,14,8,30,50,5,2,2,1.0,6,21231,M,,,21
201400020766,14,9,17,2105,5,2,2,1.0,3,21231,M,,,21
201400020767,14,9,24,2149,5,2,2,1.0,1,21231,M,,,21
201400020768,14,9,25,1202,1,2,2,1.0,3,21231,M,,,21
201400020769,14,9,26,1431,1,2,3,1.0,1,21231,M,,,21
201400020770,14,9,28,1522,1,2,3,1.0,6,21166,M,,,21
201400020771,14,10,2,2051,5,2,5,1.0,1,21231,M,,,21
201400020772,14,10,3,1021,1,2,1,1.0,6,21231,M,,,21
201400020773,14,10,3,1510,1,2,3,1.0,3,21231,M,,,21
201400020774,14,10,3,310,5,2,7,1.0,6,21231,M,,,21
201400020775,14,10,8,849,1,2,2,1.0,3,21231,M,,,21
201400020776,14,10,8,1754,1,2,1,1.0,6,21231,M,,,21
201400020777,14,10,9,730,1,2,1,1.0,6,21231,M,,,21
201400020778,14,10,11,1058,1,2,3,1.0,4,21166,M,,,21
201400020779,14,10,12,1606,1,2,3,2.0,6,21231,M,,,21
201400020780,14,10,16,1431,1,2,1,1.0,6,21166,M,,,21
201400020781,14,10,13,829,1,2,1,2.0,6,21166,M,,,21
201400020782,14,10,20,1213,1,2,1,1.0,3,21231,M,,,21
201400020783,14,10,26,1536,1,2,9,1.0,1,21231,M,,,21
201400020784,14,10,31,442,5,2,1,5.0,6,21540,M,,,21
201400020785,14,11,8,1839,5,2,1,1.0,3,21231,M,,,21
201400020786,14,11,15,1150,1,2,2,8.0,3,21278,M,,,21
201400020787,14,11,15,1214,1,2,1,1.0,6,21231,M,,,21
201400020788,14,11,17,1055,1,2,1,8.0,1,21231,M,,,21
201400020789,14,11,28,2124,5,2,2,1.0,6,21231,M,,,21
201400020790,14,12,7,435,5,2,3,1.0,3,21231,M,,,21
201400020791,14,12,13,1847,5,2,2,2.0,3,21231,M,,,21
201400020792,14,12,14,653,5,2,3,1.0,3,21231,M,,,21
201400020793,14,12,15,1006,1,2,7,8.0,6,21231,M,,,21
201400020794,14,12,18,2100,5,2,2,8.0,1,21166,M,4729443.0,501073.0,21
201400020795,14,12,19,502,5,2,1,1.0,6,21231,M,,,21
201400020796,14,12,21,1423,1,2,5,1.0,1,21231,M,,,21
201400020797,14,12,21,1633,1,2,2,1.0,5,21231,M,,,21
201400020798,14,12,24,1406,1,2,2,1.0,3,21231,M,,,21
201400020799,14,4,14,1300,1,2,1,1.0,3,42032,M,4550984.0,454182.0,42
201400020800,14,9,27,1600,1,1,1,1.0,4,42308,M,4544341.0,461805.0,42
201400020801,14,11,1,1745,1,1,1,1.0,7,42308,M,4546191.0,458294.0,42
201400020802,14,12,31,2010,5,2,1,9.0,6,22113,M,4874898.0,-348738.0,22
201400020803,14,12,19,1750,2,1,3,1.0,3,22113,M,4875906.0,-347143.0,22
201400020804,14,1,9,1237,1,1,1,2.0,2,22113,M,4874058.0,-352505.0,22
201400020805,14,11,14,1610,1,2,1,1.0,6,22113,M,4874495.0,-347107.0,22
201400020806,14,2,10,955,1,2,1,1.0,6,22113,M,4872962.0,-344988.0,22
201400020807,14,2,16,1820,2,2,1,1.0,7,22113,M,4873038.0,-347238.0,22
201400020808,14,3,3,1020,1,2,6,2.0,6,22113,M,4874681.0,-346093.0,22
201400020809,14,3,24,1650,1,2,1,8.0,6,22113,M,4873406.0,-346600.0,22
201400020810,14,4,9,1655,1,2,1,1.0,7,22113,M,4872981.0,-344837.0,22
201400020811,14,4,28,1620,1,2,1,1.0,6,22113,M,4873024.0,-345943.0,22
201400020812,14,3,26,1415,1,2,1,1.0,7,22113,M,4873031.0,-345953.0,22
201400020813,14,6,14,1435,1,2,1,1.0,3,22113,M,4875487.0,-348453.0,22
201400020814,14,7,4,1812,1,1,9,2.0,1,22113,M,4874251.0,-342768.0,22
201400020815,14,7,4,1715,1,2,6,2.0,7,22113,M,4872228.0,-348079.0,22
201400020816,14,8,5,1555,1,1,1,1.0,6,22113,M,4874729.0,-348208.0,22
201400020817,14,9,17,1418,1,2,1,1.0,7,22113,M,4874133.0,-348117.0,22
201400020818,14,9,25,1600,1,2,9,7.0,6,22113,M,4874444.0,-347702.0,22
201400020819,14,10,14,650,3,1,1,3.0,2,22113,M,4874808.0,-348423.0,22
201400020820,14,11,26,1720,2,1,1,2.0,6,22113,M,4875157.0,-349538.0,22
201400020821,14,11,30,1945,5,2,1,8.0,1,22113,M,4873029.0,-346614.0,22
201400020822,14,12,13,1355,1,2,6,1.0,3,22113,M,4873234.0,-346180.0,22
201400020823,14,6,11,2315,4,2,1,1.0,6,22113,M,4874338.0,-347409.0,22
201400020824,14,12,12,219,5,2,6,3.0,6,22113,M,4875291.0,-345801.0,22
201400020825,14,1,1,1630,1,1,1,3.0,4,22360,M,4847872.0,-276789.0,22
201400020826,14,1,5,1215,1,1,1,1.0,7,22215,M,4851831.0,-281368.0,22
201400020827,14,1,6,1905,5,2,6,2.0,6,22215,M,4850131.0,-277999.0,22
201400020828,14,1,7,1620,1,2,1,1.0,6,22278,M,4851692.0,-273459.0,22
201400020829,14,1,8,1415,1,1,1,1.0,3,22360,M,4848368.0,-276529.0,22
201400020830,14,1,10,815,2,1,4,5.0,2,22360,M,4849072.0,-276303.0,22
201400020831,14,1,11,1940,5,2,1,1.0,6,22278,M,4851932.0,-279315.0,22
201400020832,14,1,13,1245,1,1,4,1.0,3,22187,M,4852928.0,-278178.0,22
201400020833,14,1,15,1849,3,1,3,3.0,5,22360,M,4847889.0,-270951.0,22
201400020834,14,1,16,1415,1,1,1,1.0,6,22215,M,4852258.0,-281678.0,22
201400020835,14,1,17,1755,4,2,3,2.0,6,22360,M,4848890.0,-273844.0,22
201400020836,14,1,20,815,2,2,2,1.0,7,22278,M,4852769.0,-273119.0,22
201400020837,14,1,23,845,1,2,1,2.0,6,22187,M,4852511.0,-274172.0,22
201400020838,14,1,24,1615,1,2,1,2.0,2,22106,M,4849902.0,-273563.0,22
201400020839,14,1,25,1410,1,2,1,1.0,6,22278,M,4851118.0,-275757.0,22
201400020840,14,1,26,2330,3,2,3,2.0,2,22278,M,4851896.0,-279314.0,22
201400020841,14,1,30,1620,1,2,6,1.0,3,22278,M,4849732.0,-274718.0,22
201400020842,14,1,30,1925,5,2,1,1.0,6,22278,M,4850687.0,-276092.0,22
201400020843,14,1,31,955,1,1,1,1.0,6,22360,M,4848880.0,-272055.0,22
201400020844,14,1,31,1148,1,2,1,1.0,7,22278,M,4851599.0,-275807.0,22
201400020845,14,2,3,1045,1,2,1,1.0,2,22278,M,4851906.0,-278618.0,22
201400020846,14,2,5,1040,1,2,2,3.0,3,22278,M,4850465.0,-276717.0,22
201400020847,14,2,7,1607,1,2,6,2.0,2,22278,M,4850808.0,-276453.0,22
201400020848,14,2,10,850,1,1,1,1.0,6,22360,M,4848292.0,-269322.0,22
201400020849,14,2,8,1100,1,2,1,1.0,1,22278,M,4851991.0,-271686.0,22
201400020850,14,2,16,30,3,2,6,1.0,7,22106,M,4849281.0,-270874.0,22
201400020851,14,2,17,130,5,2,1,1.0,7,22278,M,4851220.0,-274844.0,22
201400020852,14,2,16,1910,5,2,1,1.0,3,22278,M,4850350.0,-273994.0,22
201400020853,14,2,21,900,1,2,2,1.0,5,22278,M,4850564.0,-274513.0,22
201400020854,14,2,21,1625,1,1,1,1.0,2,22215,M,4848966.0,-284041.0,22
201400020855,14,2,21,1915,2,1,3,1.0,2,22360,M,4847796.0,-271159.0,22
201400020856,14,2,21,2050,2,2,1,1.0,7,22278,M,4850087.0,-275181.0,22
201400020857,14,2,22,130,5,2,2,2.0,7,22278,M,4852472.0,-280415.0,22
201400020858,14,2,25,1745,1,2,3,1.0,6,22215,M,4849761.0,-278640.0,22
201400020859,14,2,27,1800,2,2,1,1.0,6,22278,M,4851081.0,-275704.0,22
201400020860,14,3,4,1000,1,1,6,1.0,3,22187,M,4853327.0,-275959.0,22
201400020861,14,3,5,1430,1,2,1,1.0,2,22278,M,4850712.0,-275055.0,22
201400020862,14,3,6,1545,1,2,1,1.0,7,22278,M,4850019.0,-274794.0,22
201400020863,14,3,6,2300,4,2,1,1.0,2,22360,M,4848382.0,-273190.0,22
201400020864,14,3,7,1415,1,2,1,1.0,6,22215,M,4846268.0,-278544.0,22
201400020865,14,3,9,1500,1,1,1,1.0,2,22187,M,4854593.0,-277841.0,22
201400020866,14,3,11,1900,2,2,1,1.0,1,22278,M,4851645.0,-276463.0,22
201400020867,14,3,12,1730,1,1,1,1.0,6,22187,M,4854641.0,-280286.0,22
201400020868,14,3,13,2030,3,1,1,5.0,2,22187,M,4854876.0,-279417.0,22
201400020869,14,3,16,1730,1,2,6,1.0,7,22215,M,4850062.0,-277764.0,22
201400020870,14,3,20,855,1,2,1,1.0,4,22278,M,4851886.0,-274808.0,22
201400020871,14,3,22,1030,1,2,3,2.0,7,22215,M,4848729.0,-282699.0,22
201400020872,14,3,23,2250,5,1,1,1.0,7,22106,M,4850083.0,-272761.0,22
201400020873,14,3,23,1225,1,2,1,1.0,7,22278,M,4851793.0,-276594.0,22
201400020874,14,3,25,1515,1,2,1,1.0,6,22187,M,4853504.0,-276786.0,22
201400020875,14,3,29,1545,1,2,1,1.0,6,22278,M,4851194.0,-276204.0,22
201400020876,14,4,4,800,2,2,6,2.0,6,22278,M,4850878.0,-277202.0,22
201400020877,14,4,3,1820,1,1,3,1.0,7,22215,M,4848732.0,-282690.0,22
201400020878,14,4,7,1700,1,2,1,1.0,2,22278,M,4850616.0,-274682.0,22
201400020879,14,4,7,1800,1,1,9,1.0,4,22187,M,4853242.0,-275710.0,22
201400020880,14,4,9,1915,1,2,1,1.0,6,22187,M,4853423.0,-276234.0,22
201400020881,14,4,10,1510,1,2,1,1.0,2,22215,M,4849130.0,-280607.0,22
201400020882,14,4,13,130,4,2,2,1.0,2,22278,M,4850240.0,-273816.0,22
201400020883,14,4,14,745,2,2,6,2.0,7,22278,M,4851036.0,-278279.0,22
201400020884,14,4,19,2145,5,2,1,1.0,6,22106,M,4849133.0,-270323.0,22
201400020885,14,4,23,1940,1,2,1,1.0,7,22278,M,4851415.0,-274745.0,22
201400020886,14,4,26,315,4,1,1,2.0,7,22360,M,4847827.0,-272417.0,22
201400020887,14,4,26,1530,1,2,1,1.0,7,22278,M,4850625.0,-276118.0,22
201400020888,14,4,29,2345,5,2,1,1.0,7,22187,M,4853933.0,-283351.0,22
201400020889,14,4,30,1600,1,2,1,1.0,6,22360,M,4849346.0,-273512.0,22
201400020890,14,5,2,930,1,1,6,1.0,3,22360,M,4848331.0,-274850.0,22
201400020891,14,5,2,2220,5,1,1,1.0,2,22360,M,4848328.0,-274843.0,22
201400020892,14,5,3,650,1,2,3,1.0,3,22278,M,4851100.0,-276034.0,22
201400020893,14,5,3,2000,1,2,3,1.0,3,22106,M,4849458.0,-271477.0,22
201400020894,14,5,9,1400,1,2,1,1.0,3,22278,M,4851687.0,-276506.0,22
201400020895,14,5,9,1610,1,2,1,1.0,7,22187,M,4853064.0,-276515.0,22
201400020896,14,5,11,340,4,2,1,1.0,7,22278,M,4851075.0,-277418.0,22
201400020897,14,5,12,1800,1,2,2,1.0,3,22278,M,4851709.0,-275443.0,22
201400020898,14,5,12,2040,1,1,4,1.0,2,22187,M,4854561.0,-279013.0,22
201400020899,14,5,1,1230,1,2,3,1.0,7,22278,M,4850832.0,-275289.0,22
201400020900,14,5,17,2055,2,2,1,1.0,6,22278,M,4851004.0,-278155.0,22
201400020901,14,5,18,1015,1,1,6,1.0,3,22215,M,4848792.0,-279489.0,22
201400020902,14,5,17,1745,1,2,1,1.0,6,22278,M,4852020.0,-278993.0,22
201400020903,14,5,21,855,1,2,2,1.0,3,22187,M,4854271.0,-278242.0,22
201400020904,14,5,22,100,3,1,1,1.0,6,22106,M,4849925.0,-272145.0,22
201400020905,14,5,22,830,1,1,1,2.0,4,22360,M,4848310.0,-269806.0,22
201400020906,14,5,24,1955,2,1,1,1.0,7,22215,M,4847110.0,-280151.0,22
201400020907,14,5,26,1830,1,2,1,1.0,1,22187,M,4852941.0,-275340.0,22
201400020908,14,5,30,1540,1,1,1,1.0,7,22187,M,4854607.0,-277980.0,22
201400020909,14,6,1,1230,1,2,1,1.0,2,22215,M,4849346.0,-278437.0,22
201400020910,14,6,4,1600,1,2,6,1.0,3,22360,M,4849347.0,-273765.0,22
201400020911,14,6,6,1515,1,2,1,1.0,3,22278,M,4849694.0,-274709.0,22
201400020912,14,6,7,710,2,1,6,2.0,7,22360,M,4847781.0,-276818.0,22
201400020913,14,6,11,2140,2,1,2,1.0,3,22187,M,4853429.0,-281837.0,22
201400020914,14,6,12,1800,1,2,1,1.0,3,22187,M,4852437.0,-274673.0,22
201400020915,14,6,14,1810,1,2,3,1.0,1,22278,M,4849038.0,-275324.0,22
201400020916,14,6,16,1450,1,2,2,1.0,6,22278,M,4851071.0,-275888.0,22
201400020917,14,6,19,1530,1,2,1,1.0,2,22278,M,4850874.0,-275361.0,22
201400020918,14,6,20,800,1,2,1,1.0,2,22215,M,4849855.0,-278585.0,22
201400020919,14,6,21,600,2,2,3,1.0,3,22278,M,4850815.0,-276039.0,22
201400020920,14,6,22,1250,1,2,2,1.0,3,22278,M,4850521.0,-276967.0,22
201400020921,14,6,24,1720,1,2,6,1.0,7,22278,M,4850392.0,-274064.0,22
201400020922,14,6,26,1305,1,2,1,1.0,7,22215,M,4848588.0,-278921.0,22
201400020923,14,7,2,1930,1,2,1,1.0,3,22278,M,4851023.0,-273545.0,22
201400020924,14,7,3,1530,1,2,6,1.0,2,22278,M,4850387.0,-274079.0,22
201400020925,14,7,3,2130,2,1,1,1.0,6,22187,M,4854997.0,-279739.0,22
201400020926,14,7,7,1850,1,1,1,3.0,4,22215,M,4849474.0,-276479.0,22
201400020927,14,7,9,1610,1,1,2,1.0,3,22187,M,4855628.0,-276490.0,22
201400020928,14,7,12,1315,1,1,1,1.0,2,22187,M,4854617.0,-278136.0,22
201400020929,14,7,14,1653,1,2,3,1.0,7,22187,M,4853714.0,-277145.0,22
201400020930,14,7,17,1500,1,1,3,1.0,2,22215,M,4849119.0,-280672.0,22
201400020931,14,7,17,1830,1,2,3,3.0,2,22278,M,4850934.0,-275478.0,22
201400020932,14,7,17,1830,1,2,2,1.0,3,22278,M,4851216.0,-274508.0,22
201400020933,14,7,20,1300,1,2,1,1.0,7,22278,M,4850532.0,-277565.0,22
201400020934,14,7,21,1045,1,2,1,1.0,2,22360,M,4849587.0,-273608.0,22
201400020935,14,7,22,1300,1,2,6,1.0,3,22360,M,4848618.0,-275061.0,22
201400020936,14,7,27,1130,1,1,6,1.0,3,22360,M,4849437.0,-276204.0,22
201400020937,14,7,31,1830,1,1,1,1.0,7,22215,M,4847734.0,-276143.0,22
201400020938,14,8,2,1210,1,1,4,9.0,3,22187,M,4853534.0,-275941.0,22
201400020939,14,8,3,2045,5,2,6,1.0,1,22278,M,4851915.0,-279173.0,22
201400020940,14,8,6,1825,1,2,1,1.0,3,22278,M,4851819.0,-276561.0,22
201400020941,14,8,9,10,3,1,6,3.0,6,22360,M,4847728.0,-272342.0,22
201400020942,14,8,9,1405,1,2,9,1.0,3,22215,M,4849916.0,-277817.0,22
201400020943,14,8,14,1925,1,2,1,2.0,6,22215,M,4849778.0,-278843.0,22
201400020944,14,8,15,800,1,1,1,1.0,3,22360,M,4848322.0,-275005.0,22
201400020945,14,8,18,1435,1,2,1,1.0,3,22278,M,4850567.0,-277157.0,22
201400020946,14,8,20,245,5,2,1,1.0,7,22278,M,4851106.0,-275863.0,22
201400020947,14,8,20,2025,1,2,2,1.0,3,22187,M,4853884.0,-275706.0,22
201400020948,14,8,25,1915,1,1,1,1.0,2,22215,M,4852569.0,-282292.0,22
201400020949,14,8,26,855,1,2,1,1.0,7,22278,M,4851187.0,-275777.0,22
201400020950,14,8,29,1725,1,1,6,1.0,6,22215,M,4846457.0,-280881.0,22
201400020951,14,9,1,2030,2,2,1,1.0,3,22278,M,4850520.0,-277258.0,22
201400020952,14,9,5,1540,1,2,2,1.0,3,22278,M,4851209.0,-274507.0,22
201400020953,14,9,8,1125,1,2,1,1.0,6,22278,M,4850543.0,-274455.0,22
201400020954,14,9,8,2300,5,2,1,1.0,7,22278,M,4851975.0,-278887.0,22
201400020955,14,9,9,1415,1,2,3,1.0,3,22278,M,4850138.0,-275242.0,22
201400020956,14,9,10,1730,1,2,3,1.0,6,22278,M,4850896.0,-274943.0,22
201400020957,14,9,11,1610,1,2,1,1.0,2,22278,M,4850630.0,-274729.0,22
201400020958,14,9,12,1905,1,2,1,1.0,6,22278,M,4850603.0,-274634.0,22
201400020959,14,9,14,1610,1,2,2,1.0,3,22278,M,4850631.0,-276587.0,22
201400020960,14,9,14,1730,1,1,1,1.0,2,22187,M,4854571.0,-278759.0,22
201400020961,14,9,16,2110,5,2,1,1.0,6,22278,M,4851530.0,-276346.0,22
201400020962,14,9,17,800,1,2,1,1.0,3,22278,M,4852434.0,-278882.0,22
201400020963,14,9,18,725,1,2,2,1.0,3,22278,M,4851227.0,-273749.0,22
201400020964,14,9,18,1530,1,2,1,1.0,6,22278,M,4851943.0,-273646.0,22
201400020965,14,9,22,1500,1,2,1,1.0,3,22278,M,4849671.0,-274689.0,22
201400020966,14,9,24,720,5,2,1,1.0,3,22278,M,4849920.0,-275504.0,22
201400020967,14,9,24,1440,1,2,1,1.0,6,22278,M,4852646.0,-272358.0,22
201400020968,14,9,25,230,5,2,6,1.0,7,22278,M,4851912.0,-279165.0,22
201400020969,14,9,25,745,2,2,3,1.0,3,22187,M,4852506.0,-274185.0,22
201400020970,14,9,26,1710,1,1,1,1.0,6,22215,M,4847708.0,-279741.0,22
201400020971,14,10,2,1710,1,1,1,1.0,6,22215,M,4847336.0,-280078.0,22
201400020972,14,9,27,920,1,2,1,1.0,7,22278,M,4851656.0,-278804.0,22
201400020973,14,9,25,1650,1,2,1,1.0,6,22278,M,4851278.0,-273826.0,22
201400020974,14,9,30,1000,1,2,2,1.0,2,22278,M,4850017.0,-275105.0,22
201400020975,14,10,2,2030,1,2,1,1.0,3,22360,M,4849455.0,-273759.0,22
201400020976,14,10,3,1255,1,1,1,1.0,7,22215,M,4848107.0,-280048.0,22
201400020977,14,10,8,730,4,2,1,2.0,6,22187,M,4853532.0,-276989.0,22
201400020978,14,10,8,800,2,2,2,1.0,3,22278,M,4851261.0,-277557.0,22
201400020979,14,10,9,1650,1,2,3,1.0,3,22278,M,4852152.0,-278854.0,22
201400020980,14,10,9,2220,3,2,6,1.0,7,22187,M,4853256.0,-275452.0,22
201400020981,14,10,10,1000,1,2,1,1.0,7,22278,M,4851512.0,-277158.0,22
201400020982,14,10,13,1120,1,2,1,1.0,7,22187,M,4852452.0,-276280.0,22
201400020983,14,10,14,856,1,1,1,1.0,7,22187,M,4854516.0,-279524.0,22
201400020984,14,10,14,1215,1,2,2,1.0,7,22278,M,4850567.0,-274504.0,22
201400020985,14,10,17,1410,1,1,3,1.0,3,22187,M,4854471.0,-278568.0,22
201400020986,14,10,19,1845,1,2,1,1.0,6,22215,M,4849808.0,-276240.0,22
201400020987,14,10,23,1150,1,2,1,1.0,2,22278,M,4850614.0,-274679.0,22
201400020988,14,10,28,820,2,2,6,1.0,3,22278,M,4851236.0,-275555.0,22
201400020989,14,10,28,2200,5,2,3,1.0,2,22215,M,4849844.0,-278613.0,22
201400020990,14,10,30,2005,3,1,1,1.0,6,22106,M,4849583.0,-272488.0,22
201400020991,14,11,3,850,1,2,3,2.0,6,22278,M,4850943.0,-275984.0,22
201400020992,14,11,3,1145,1,2,1,1.0,6,22278,M,4850541.0,-274457.0,22
201400020993,14,11,3,2000,5,2,1,1.0,6,22215,M,4849209.0,-280032.0,22
201400020994,14,11,4,2000,4,2,1,1.0,2,22278,M,4850855.0,-273745.0,22
201400020995,14,11,5,1310,1,1,1,1.0,2,22187,M,4854486.0,-277268.0,22
201400020996,14,11,6,930,1,2,1,1.0,7,22106,M,4850313.0,-271960.0,22
201400020997,14,11,7,1150,1,1,4,1.0,2,22187,M,4854581.0,-278772.0,22
201400020998,14,11,8,130,5,2,1,1.0,6,22278,M,4851133.0,-276204.0,22
201400020999,14,11,8,530,4,2,2,1.0,3,22360,M,4849114.0,-274275.0,22
201400021000,14,11,10,2030,5,2,1,1.0,4,22278,M,4849275.0,-274874.0,22
201400021001,14,11,11,1250,1,2,1,1.0,7,22278,M,4850500.0,-273364.0,22
201400021002,14,11,12,910,1,2,1,1.0,1,22278,M,4852202.0,-278453.0,22
201400021003,14,11,11,2010,3,2,1,1.0,3,22278,M,4849853.0,-275396.0,22
201400021004,14,11,19,1730,1,2,1,1.0,2,22278,M,4851118.0,-276254.0,22
201400021005,14,11,20,1510,1,1,6,1.0,3,22187,M,4854835.0,-279398.0,22
201400021006,14,11,20,1825,5,2,1,1.0,4,22278,M,4851218.0,-275275.0,22
201400021007,14,11,25,1725,2,1,2,1.0,4,22360,M,4847876.0,-271036.0,22
201400021008,14,11,25,2000,5,1,1,2.0,6,22278,M,4851942.0,-279377.0,22
201400021009,14,11,26,1700,1,2,6,2.0,6,22278,M,4851117.0,-276251.0,22
201400021010,14,11,28,1700,1,2,6,1.0,2,22106,M,4849669.0,-272469.0,22
201400021011,14,11,27,855,1,1,1,2.0,6,22187,M,4852699.0,-276969.0,22
201400021012,14,11,27,1230,1,2,1,1.0,2,22278,M,4850856.0,-277024.0,22
201400021013,14,11,28,755,2,2,3,1.0,2,22278,M,4851340.0,-277512.0,22
201400021014,14,11,29,1410,1,2,3,1.0,3,22278,M,4851367.0,-275718.0,22
201400021015,14,11,29,1740,2,2,6,1.0,6,22278,M,4851753.0,-276580.0,22
201400021016,14,11,30,630,2,2,1,1.0,7,22215,M,4850045.0,-278169.0,22
201400021017,14,12,3,1015,1,2,2,1.0,3,22278,M,4851209.0,-274502.0,22
201400021018,14,12,3,1320,1,1,1,1.0,7,22278,M,4850507.0,-273360.0,22
201400021019,14,12,12,1330,1,2,1,1.0,7,22187,M,4852704.0,-276969.0,22
201400021020,14,12,12,1800,4,1,3,1.0,3,22187,M,4854471.0,-278573.0,22
201400021021,14,12,13,750,3,2,1,1.0,7,22278,M,4852360.0,-274074.0,22
201400021022,14,12,13,915,1,2,1,1.0,2,22278,M,4851517.0,-276471.0,22
201400021023,14,12,13,1415,1,2,1,1.0,7,22278,M,4851880.0,-276471.0,22
201400021024,14,12,13,1745,3,1,1,1.0,3,22215,M,4847644.0,-279793.0,22
201400021025,14,12,15,1920,5,2,1,1.0,6,22278,M,4851211.0,-277986.0,22
201400021026,14,12,17,1445,1,1,1,2.0,5,22187,M,4854572.0,-277658.0,22
201400021027,14,12,21,30,4,1,6,1.0,2,22360,M,4849302.0,-276231.0,22
201400021028,14,12,21,1735,2,1,1,1.0,7,22106,M,4849764.0,-272470.0,22
201400021029,14,12,26,1430,1,1,1,1.0,3,22106,M,4849743.0,-273194.0,22
201400021030,14,12,29,830,3,1,1,1.0,3,22106,M,4849772.0,-272459.0,22
201400021031,14,1,22,745,5,2,9,9.0,6,23096,M,,,23
201400021032,14,1,21,1805,5,2,1,2.0,6,23096,M,,,23
201400021033,14,2,4,1627,2,2,1,1.0,6,23096,M,,,23
201400021034,14,5,16,1910,1,2,1,1.0,7,23096,M,,,23
201400021035,14,5,28,1010,1,2,1,1.0,3,23096,M,,,23
201400021036,14,6,8,1350,1,2,1,1.0,1,23096,M,,,23
201400021037,14,6,24,1715,1,2,1,1.0,6,23096,M,,,23
201400021038,14,6,27,1000,1,2,1,1.0,6,23096,M,,,23
201400021039,14,7,4,1100,1,2,1,2.0,6,23096,M,,,23
201400021040,14,7,28,1755,1,2,6,1.0,7,23096,M,,,23
201400021041,14,9,16,2125,5,2,1,1.0,3,23096,M,,,23
201400021042,14,9,30,1105,1,2,1,1.0,6,23096,M,,,23
201400021043,14,10,25,2050,3,1,1,8.0,7,23096,M,,,23
201400021044,14,11,2,1220,1,2,2,2.0,3,23096,M,,,23
201400021045,14,11,13,1030,1,2,4,1.0,3,23096,M,,,23
201400021046,14,12,12,745,2,2,1,1.0,6,23096,M,,,23
201400021047,14,7,23,645,2,2,1,8.0,6,23096,M,,,23
201400021048,14,2,24,855,1,2,1,1.0,3,24037,M,4485910.0,48485.0,24
201400021049,14,3,28,1525,1,1,1,1.0,1,24037,M,4488970.0,47756.0,24
201400021050,14,3,29,355,3,1,1,1.0,6,24437,M,4483370.0,44284.0,24
201400021051,14,4,3,800,1,2,4,2.0,3,24037,M,4485290.0,50700.0,24
201400021052,14,4,28,1730,1,1,1,1.0,2,24437,M,4481870.0,45451.0,24
201400021053,14,6,1,500,3,1,1,1.0,6,24437,M,4483380.0,43868.0,24
201400021054,14,9,17,850,1,2,1,1.0,3,24145,M,4485580.0,57038.0,24
201400021055,14,9,27,1021,1,2,2,1.0,6,24037,M,4485620.0,49124.0,24