Num_Acc,an,mois,jour,hrmn,lum,agg,int,atm,col,com,gps,lat,long,dep
201400021056,14,9,28,237,3,1,1,1.0,7,24037,M,4482750.0,51188.0,24
201400021057,14,10,17,635,2,2,6,1.0,2,24145,M,4485010.0,53690.0,24
201400021058,14,11,11,1155,1,1,1,1.0,5,24037,M,4481470.0,50603.0,24
201400021059,14,11,13,1940,5,2,3,1.0,6,24140,M,4485320.0,55435.0,24
201400021060,14,11,29,1737,5,2,1,2.0,6,24419,M,4485510.0,56503.0,24
201400021061,14,2,21,1100,1,2,2,8.0,3,24322,M,4518810.0,71723.0,24
201400021062,14,3,8,1730,1,2,3,1.0,3,24557,M,4518930.0,75170.0,24
201400021063,14,3,31,2255,5,2,1,1.0,6,24138,M,4518200.0,69909.0,24
201400021064,14,4,2,1815,1,2,1,1.0,6,24322,M,4518720.0,72152.0,24
201400021065,14,4,4,2125,5,2,6,1.0,3,24322,M,4518720.0,72152.0,24
201400021066,14,5,9,1630,1,2,1,1.0,6,24053,M,4518490.0,77686.0,24
201400021067,14,5,15,505,5,2,3,1.0,7,24557,M,4519450.0,77785.0,24
201400021068,14,5,20,1825,1,1,1,2.0,1,24138,M,4515980.0,67292.0,24
201400021069,14,5,25,2215,5,2,6,1.0,7,24557,M,4520370.0,80291.0,24
201400021070,14,5,24,1624,1,2,1,9.0,6,24053,M,4518290.0,76700.0,24
201400021071,14,5,23,1445,1,2,1,2.0,6,24322,M,4518400.0,71880.0,24
201400021072,14,5,29,1744,1,1,3,1.0,3,24102,M,4519620.0,65100.0,24
201400021073,14,6,1,1600,1,2,1,1.0,6,24322,M,4518260.0,71904.0,24
201400021074,14,6,2,1230,1,2,2,1.0,3,24557,M,4518880.0,74054.0,24
201400021075,14,6,8,1220,1,2,1,1.0,3,24138,M,4518770.0,69843.0,24
201400021076,14,6,17,1608,1,1,1,1.0,2,24256,M,4518320.0,64943.0,24
201400021077,14,6,17,940,1,2,1,1.0,6,24322,M,4519430.0,70442.0,24
201400021078,14,8,30,1344,1,2,3,1.0,3,24322,M,4518970.0,71179.0,24
201400021079,14,9,11,1052,1,2,1,1.0,3,24322,M,4517960.0,71535.0,24
201400021080,14,9,21,1810,1,2,1,1.0,6,24322,M,4520060.0,68442.0,24
201400021081,14,10,6,2115,5,2,3,2.0,3,24322,M,4518090.0,72277.0,24
201400021082,14,10,10,1035,1,1,1,1.0,1,24053,M,4516610.0,77026.0,24
201400021083,14,10,29,812,1,2,1,1.0,6,24322,M,4518600.0,71813.0,24
201400021084,14,11,1,1912,5,2,1,1.0,6,24138,M,4519010.0,69388.0,24
201400021085,14,11,19,1306,1,2,3,1.0,3,24322,M,,,24
201400021086,14,12,11,900,1,1,9,2.0,6,24138,M,4515750.0,68863.0,24
201400021087,14,1,5,156,5,2,1,3.0,6,25056,M,4723468.0,600894.0,25
201400021088,14,1,9,1245,1,2,6,1.0,3,25056,M,,,25
201400021089,14,1,10,1018,1,2,1,1.0,6,25056,M,,,25
201400021090,14,1,11,1030,1,2,3,1.0,6,25056,M,,,25
201400021091,14,1,10,1451,1,2,1,1.0,3,25056,M,,,25
201400021092,14,1,14,1625,1,2,1,3.0,4,25056,M,,,25
201400021093,14,1,15,800,1,2,1,1.0,3,25056,M,,,25
201400021094,14,1,15,1430,1,2,1,1.0,6,25056,M,4725149.0,603458.0,25
201400021095,14,1,17,1525,2,2,2,1.0,6,25056,M,,,25
201400021096,14,1,18,1843,5,2,1,1.0,6,25056,M,4721831.0,595205.0,25
201400021097,14,1,20,1810,5,2,1,3.0,6,25056,M,,,25
201400021098,14,1,24,630,3,2,1,1.0,7,25056,M,,,25
201400021099,14,1,25,1800,5,1,3,1.0,3,25056,M,,,25
201400021100,14,1,25,2208,5,2,1,1.0,6,25056,M,,,25
201400021101,14,1,27,1915,5,2,2,1.0,6,25056,M,,,25
201400021102,14,1,29,1901,5,2,1,2.0,3,25056,M,4724828.0,601994.0,25
201400021103,14,2,4,950,1,2,1,2.0,6,25056,M,,,25
201400021104,14,2,4,1030,1,2,6,2.0,6,25056,M,,,25
201400021105,14,2,6,755,1,2,6,8.0,3,25056,M,4724493.0,599575.0,25
201400021106,14,2,7,1110,1,2,1,2.0,6,25056,M,4723712.0,602689.0,25
201400021107,14,2,7,1252,1,2,1,2.0,6,25056,M,4722782.0,598266.0,25
201400021108,14,2,8,2300,5,2,1,8.0,6,25056,M,,,25
201400021109,14,2,11,1111,1,2,1,1.0,6,25056,M,,,25
201400021110,14,2,11,1429,1,2,1,1.0,6,25056,M,,,25
201400021111,14,2,15,1930,5,2,1,2.0,3,25056,M,4714070.0,559057.0,25
201400021112,14,2,17,1610,1,2,1,1.0,2,25056,M,,,25
201400021113,14,2,17,1640,1,2,1,1.0,6,25056,M,4725431.0,601546.0,25
201400021114,14,3,3,1208,1,2,1,1.0,6,25056,M,4725089.0,600922.0,25
201400021115,14,3,3,1710,1,2,1,1.0,4,25056,M,,,25
201400021116,14,3,7,1616,1,2,3,1.0,3,25056,M,4726615.0,604988.0,25
201400021117,14,3,7,1701,1,2,1,1.0,6,25056,M,4726103.0,604073.0,25
201400021118,14,3,10,1118,1,2,1,1.0,4,25056,M,,,25
201400021119,14,3,11,924,1,2,1,1.0,2,25056,M,,,25
201400021120,14,3,13,1652,1,2,1,1.0,6,25056,M,4721800.0,597126.0,25
201400021121,14,3,20,2120,5,2,1,1.0,6,25056,M,,,25
201400021122,14,3,25,746,1,2,1,1.0,2,25056,M,,,25
201400021123,14,3,30,1524,1,2,1,1.0,6,25056,M,,,25
201400021124,14,4,2,1755,1,2,1,1.0,6,25056,M,,,25
201400021125,14,4,4,835,1,2,9,1.0,6,25056,M,,,25
201400021126,14,4,6,1015,1,2,1,1.0,7,25056,M,,,25
201400021127,14,4,8,731,1,2,1,2.0,2,25056,M,,,25
201400021128,14,4,8,1710,1,2,1,1.0,2,25056,M,,,25
201400021129,14,4,9,1137,1,2,1,1.0,4,25056,M,,,25
201400021130,14,4,9,1950,2,2,1,1.0,6,25056,M,4724867.0,603172.0,25
201400021131,14,4,12,1125,1,2,1,1.0,6,25056,M,,,25
201400021132,14,4,13,1526,1,2,1,1.0,6,25056,M,,,25
201400021133,14,4,16,1744,1,2,1,1.0,2,25056,M,4714691.0,613519.0,25
201400021134,14,4,26,417,3,1,1,2.0,1,25056,M,0.0,0.0,25
201400021135,14,4,27,1248,1,2,1,1.0,7,25056,M,4723246.0,602042.0,25
201400021136,14,5,4,1450,1,2,1,1.0,6,25056,M,,,25
201400021137,14,5,7,1300,1,2,3,1.0,5,25056,M,,,25
201400021138,14,5,13,1720,1,1,2,2.0,5,25056,M,4728760.0,606519.0,25
201400021139,14,5,13,1747,1,2,1,2.0,6,25056,M,4714360.0,604100.0,25
201400021140,14,5,19,720,1,2,1,1.0,3,25056,M,4725028.0,603740.0,25
201400021141,14,5,19,1510,1,1,1,1.0,6,25056,M,,,25
201400021142,14,5,20,1153,1,2,1,1.0,1,25056,M,,,25
201400021143,14,5,26,2042,2,2,3,3.0,3,25056,M,,,25
201400021144,14,5,24,1437,1,2,1,1.0,6,25056,M,4724894.0,603951.0,25
201400021145,14,5,25,1209,1,2,1,1.0,1,25056,M,4724962.0,601102.0,25
201400021146,14,5,27,11,5,2,5,2.0,3,25056,M,,,25
201400021147,14,5,28,859,1,2,1,1.0,6,25056,M,4723215.0,599922.0,25
201400021148,14,5,28,1255,1,2,1,1.0,6,25056,M,4724820.0,600048.0,25
201400021149,14,5,31,1423,1,2,1,1.0,6,25056,M,4724084.0,601672.0,25
201400021150,14,5,31,2345,5,2,1,1.0,6,25056,M,4724205.0,602156.0,25
201400021151,14,6,2,1541,1,2,2,1.0,3,25056,M,4721465.0,595109.0,25
201400021152,14,6,3,715,1,2,1,1.0,6,25056,M,4725944.0,602917.0,25
201400021153,14,6,3,808,1,2,1,1.0,4,25056,M,,,25
201400021154,14,6,4,1615,1,2,1,1.0,2,25056,M,4722907.0,598859.0,25
201400021155,14,6,6,1415,1,2,3,1.0,6,25056,M,4725431.0,601546.0,25
201400021156,14,6,9,1017,1,2,3,1.0,3,25056,M,4723458.0,601066.0,25
201400021157,14,6,17,1035,1,2,1,1.0,6,25056,M,4725709.0,601135.0,25
201400021158,14,6,17,1225,1,2,1,1.0,6,25056,M,4724495.0,600554.0,25
201400021159,14,6,17,1651,1,2,1,1.0,6,25056,M,4723959.0,603233.0,25
201400021160,14,6,19,307,5,2,1,1.0,7,25056,M,4725686.0,603587.0,25
201400021161,14,6,21,2313,5,2,1,1.0,6,25056,M,4724295.0,602534.0,25
201400021162,14,6,24,1026,1,2,1,1.0,6,25056,M,4723026.0,597108.0,25
201400021163,14,6,24,1638,1,2,1,1.0,6,25056,M,4724337.0,602291.0,25
201400021164,14,6,25,1146,1,2,3,1.0,2,25056,M,4727066.0,605782.0,25
201400021165,14,6,26,1247,1,2,1,1.0,3,25056,M,4724474.0,600370.0,25
201400021166,14,6,26,1840,1,2,1,1.0,6,25056,M,4722162.0,597414.0,25
201400021167,14,6,27,854,1,2,1,1.0,3,25056,M,4724252.0,601288.0,25
201400021168,14,7,8,2021,5,1,1,3.0,6,25056,M,4725050.0,600667.0,25
201400021169,14,7,10,1018,1,2,1,2.0,6,25056,M,4722597.0,596895.0,25
201400021170,14,7,15,1311,1,2,1,1.0,6,25056,M,4723972.0,602325.0,25
201400021171,14,7,16,1856,1,2,3,1.0,6,25056,M,4723497.0,603330.0,25
201400021172,14,7,21,1218,1,2,6,2.0,3,25056,M,4721813.0,595150.0,25
201400021173,14,7,21,1846,1,2,9,8.0,3,25056,M,4721564.0,594970.0,25
201400021174,14,7,22,1845,1,1,1,8.0,7,25056,M,4725094.0,599196.0,25
201400021175,14,7,24,856,1,2,1,1.0,3,25056,M,4723175.0,602396.0,25
201400021176,14,7,25,749,1,2,1,1.0,6,25056,M,4725040.0,602676.0,25
201400021177,14,7,26,451,5,2,1,3.0,6,25056,M,,,25
201400021178,14,7,26,446,5,2,1,3.0,2,25056,M,,,25
201400021179,14,7,29,1835,1,1,1,2.0,1,25056,M,4724450.0,598321.0,25
201400021180,14,8,1,55,5,2,1,1.0,6,25056,M,4725694.0,604246.0,25
201400021181,14,8,7,2126,3,2,1,1.0,6,25056,M,4717835.0,618842.0,25
201400021182,14,8,20,1451,1,2,1,8.0,6,25056,M,4714550.0,617778.0,25
201400021183,14,8,23,512,5,2,1,1.0,6,25056,M,,,25
201400021184,14,8,23,1728,1,2,1,1.0,6,25056,M,4722547.0,596482.0,25
201400021185,14,8,23,2336,5,2,2,2.0,3,25056,M,4723316.0,602615.0,25
201400021186,14,8,28,1838,1,2,1,1.0,6,25056,M,4724391.0,601763.0,25
201400021187,14,8,29,1937,1,2,1,1.0,3,25056,M,4724003.0,598203.0,25
201400021188,14,9,2,1718,1,2,1,1.0,3,25056,M,4714041.0,604618.0,25
201400021189,14,9,2,2030,5,2,3,1.0,1,25056,M,4723707.0,600412.0,25
201400021190,14,9,9,1810,1,2,1,1.0,3,25056,M,4723865.0,601113.0,25
201400021191,14,9,5,1257,1,2,1,1.0,6,25056,M,4721574.0,596212.0,25
201400021192,14,9,6,1952,1,2,1,1.0,2,25056,M,4723215.0,599922.0,25
201400021193,14,9,7,926,1,2,1,1.0,3,25056,M,4726022.0,603156.0,25
201400021194,14,9,12,1953,2,2,1,1.0,6,25056,M,4725327.0,598860.0,25
201400021195,14,9,13,1414,1,2,6,1.0,3,25056,M,4726612.0,602734.0,25
201400021196,14,9,13,1905,1,2,1,1.0,6,25056,M,4712975.0,601508.0,25
201400021197,14,9,14,2025,5,2,1,1.0,6,25056,M,4714579.0,610273.0,25
201400021198,14,9,13,1825,1,2,1,1.0,3,25056,M,,,25
201400021199,14,9,15,1741,1,2,1,1.0,3,25056,M,4722700.0,598039.0,25
201400021200,14,9,19,425,5,2,1,1.0,6,25056,M,4723309.0,600393.0,25
201400021201,14,9,18,1920,2,2,1,1.0,1,25056,M,4725953.0,605151.0,25
201400021202,14,9,22,732,1,2,1,1.0,3,25056,M,,,25
201400021203,14,9,4,1700,1,2,1,1.0,6,25056,M,4723523.0,601315.0,25
201400021204,14,10,7,1745,1,2,1,3.0,7,25056,M,,,25
201400021205,14,10,9,1307,1,2,1,1.0,6,25056,M,,,25
201400021206,14,10,10,740,2,2,6,2.0,2,25056,M,4715559.0,609520.0,25
201400021207,14,10,15,1908,1,2,2,2.0,3,25056,M,4724680.0,602669.0,25
201400021208,14,10,16,1951,5,2,2,3.0,3,25056,M,,,25
201400021209,14,10,18,1729,1,2,5,1.0,3,25056,M,,,25
201400021210,14,10,19,255,5,2,1,1.0,1,25056,M,,,25
201400021211,14,10,17,1713,1,2,1,1.0,2,25056,M,4713280.0,528120.0,25
201400021212,14,10,20,1630,1,2,1,1.0,3,25056,M,,,25
201400021213,14,10,21,1213,1,2,5,2.0,3,25056,M,4724205.0,601467.0,25
201400021214,14,10,21,2349,5,2,2,1.0,6,25056,M,4724439.0,604085.0,25
201400021215,14,10,24,1758,1,2,1,1.0,1,25056,M,4723434.0,598948.0,25
201400021216,14,10,29,1150,1,2,1,1.0,6,25056,M,4723613.0,602805.0,25
201400021217,14,11,13,1602,1,2,1,1.0,6,25056,M,4726099.0,604104.0,25
201400021218,14,11,14,1216,1,2,1,1.0,6,25056,M,,,25
201400021219,14,11,20,1600,1,2,1,1.0,3,25056,M,,,25
201400021220,14,11,25,1130,1,2,1,1.0,3,25056,M,4725431.0,601546.0,25
201400021221,14,11,26,1715,5,2,1,1.0,3,25056,M,4722925.0,598968.0,25
201400021222,14,11,27,1530,1,2,1,1.0,3,25056,M,4724802.0,600596.0,25
201400021223,14,12,1,1715,5,2,1,1.0,6,25056,M,4721766.0,596598.0,25
201400021224,14,12,4,1553,1,2,1,1.0,6,25056,M,4724442.0,603309.0,25
201400021225,14,12,7,1500,1,2,1,1.0,7,25056,M,4724923.0,605044.0,25
201400021226,14,12,13,1115,1,2,1,1.0,6,25056,M,4723586.0,602632.0,25
201400021227,14,12,19,2136,5,2,1,2.0,6,25056,M,4725123.0,603767.0,25
201400021228,14,12,25,7,5,2,1,2.0,6,25056,M,4724711.0,603093.0,25
201400021229,14,12,28,1419,1,1,1,4.0,6,25056,M,,,25
201400021230,14,1,15,1405,1,2,6,1.0,6,25020,M,,,25
201400021231,14,1,19,1534,1,2,1,1.0,6,25388,M,4751071.0,680891.0,25
201400021232,14,3,18,755,1,2,1,1.0,6,25388,M,,,25
201400021233,14,5,26,1620,1,2,1,1.0,3,25388,M,4751364.0,679874.0,25
201400021234,14,5,26,945,1,2,1,1.0,5,25388,M,,,25
201400021235,14,6,11,1610,1,2,1,1.0,6,25031,M,4748651.0,683164.0,25
201400021236,14,11,21,1220,1,2,1,1.0,1,25388,M,4751044.0,679767.0,25
201400021237,14,7,10,1649,1,2,6,8.0,3,25539,M,4745941.0,685787.0,25
201400021238,14,7,15,1615,1,2,1,7.0,6,25031,M,4748754.0,683086.0,25
201400021239,14,10,6,1613,1,2,1,1.0,6,25388,M,4750067.0,679163.0,25
201400021240,14,11,2,1805,5,2,1,1.0,3,25020,M,,,25
201400021241,14,7,26,1746,1,2,1,1.0,7,25547,M,4751502.0,683047.0,25
201400021242,14,9,19,1342,1,2,1,1.0,6,25388,M,4751231.0,679806.0,25
201400021243,14,9,25,1355,1,2,1,1.0,6,25388,M,4751917.0,678722.0,25
201400021244,14,10,23,1640,1,2,3,1.0,1,25388,M,4751449.0,679755.0,25
201400021245,14,10,23,1551,1,2,3,1.0,6,25230,M,4749780.0,683328.0,25
201400021246,14,11,12,1104,1,2,3,2.0,6,25388,M,4750612.0,679422.0,25
201400021247,14,11,12,1837,5,2,1,3.0,6,25539,M,4745385.0,687563.0,25
201400021248,14,11,24,2031,3,1,1,1.0,1,25031,M,4747967.0,686082.0,25
201400021249,14,10,11,2340,5,2,1,1.0,7,25547,M,4753537.0,679610.0,25
201400021250,14,7,22,1740,1,2,1,3.0,3,25580,M,4745687.0,684012.0,25
201400021251,14,11,28,1710,5,2,1,1.0,6,25388,M,4749722.0,680616.0,25
201400021252,14,9,26,1250,1,2,1,1.0,1,25547,M,4751515.0,682986.0,25
201400021253,14,10,3,2015,5,2,1,1.0,6,25388,M,4750919.0,680961.0,25
201400021254,14,10,29,916,1,2,1,1.0,6,25539,M,4746139.0,685971.0,25
201400021255,14,11,12,740,5,2,1,2.0,6,25539,M,4745875.0,686851.0,25
201400021256,14,11,15,1717,5,2,1,2.0,6,25031,M,4748745.0,683059.0,25
201400021257,14,11,18,1450,1,2,1,1.0,3,25580,M,4745485.0,682828.0,25
201400021258,14,1,14,1340,1,2,1,1.0,6,25204,M,,,25
201400021259,14,1,14,1804,5,2,1,4.0,6,25462,M,,,25
201400021260,14,1,31,650,5,2,1,9.0,7,25462,M,4691467.0,633765.0,25
201400021261,14,2,26,1620,1,2,1,4.0,7,25462,M,,,25
201400021262,14,2,28,1235,1,2,1,2.0,6,25204,M,4692077.0,634379.0,25
201400021263,14,3,2,1720,1,2,6,8.0,3,25462,M,4690588.0,635757.0,25
201400021264,14,3,20,1640,1,2,1,1.0,6,25462,M,,,25
201400021265,14,3,18,1215,1,2,2,1.0,3,25462,M,,,25
201400021266,14,4,5,1530,1,2,3,2.0,6,25462,M,,,25
201400021267,14,4,26,735,1,2,2,1.0,3,25462,M,4691029.0,635059.0,25
201400021268,14,5,24,1700,1,2,1,1.0,6,25462,M,4690702.0,635035.0,25
201400021269,14,6,21,1923,1,2,6,1.0,5,25462,M,4753129.0,681057.0,25
201400021270,14,6,23,928,1,2,1,1.0,3,25462,M,4690410.0,635424.0,25
201400021271,14,6,23,2225,5,2,6,3.0,3,25462,M,,,25
201400021272,14,7,1,945,1,2,3,1.0,6,25462,M,4690816.0,634118.0,25
201400021273,14,7,1,1210,1,2,1,1.0,2,25462,M,4690198.0,635477.0,25
201400021274,14,7,1,1820,1,2,1,1.0,6,25462,M,4690849.0,634109.0,25
201400021275,14,7,10,930,1,2,1,3.0,6,25462,M,4690770.0,635052.0,25
201400021276,14,7,11,1850,1,2,1,2.0,6,25462,M,4691102.0,633864.0,25
201400021277,14,7,15,1600,1,2,1,1.0,2,25462,M,4691435.0,634611.0,25
201400021278,14,7,19,1950,1,2,1,1.0,2,25462,M,4690198.0,635477.0,25
201400021279,14,8,1,1424,1,1,1,1.0,6,25204,M,,,25
201400021280,14,8,2,1135,1,2,1,1.0,3,25462,M,4690424.0,635032.0,25
201400021281,14,8,8,1010,1,2,9,1.0,3,25462,M,4690838.0,633583.0,25
201400021282,14,8,9,1800,1,2,1,1.0,6,25204,M,4655000.0,621000.0,25
201400021283,14,8,20,1852,1,2,6,1.0,2,25462,M,,,25
201400021284,14,9,8,1450,1,2,1,1.0,6,25462,M,4690508.0,635457.0,25
201400021285,14,9,25,1920,3,1,1,1.0,6,25204,M,,,25
201400021286,14,9,26,1919,2,2,3,1.0,3,25462,M,4690655.0,635000.0,25
201400021287,14,10,3,1525,1,2,3,1.0,6,25462,M,4692000.0,635000.0,25
201400021288,14,10,21,700,5,2,1,2.0,1,25462,M,,,25
201400021289,14,10,22,1520,1,2,3,8.0,3,25462,M,4689814.0,634587.0,25
201400021290,14,11,15,1710,5,2,1,2.0,6,25462,M,4690127.0,636078.0,25
201400021291,14,11,25,1215,1,2,1,1.0,2,25204,M,4692748.0,634697.0,25
201400021292,14,11,27,1117,1,1,1,1.0,7,25462,M,4690185.0,634476.0,25
201400021293,14,11,28,1340,1,2,3,1.0,3,25462,M,4690574.0,634956.0,25
201400021294,14,11,29,1330,1,1,1,1.0,7,25204,M,4738890.0,675296.0,25
201400021295,14,12,12,820,1,2,3,4.0,1,25204,M,,,25
201400021296,14,12,18,1555,1,2,1,2.0,7,25462,M,4690962.0,633526.0,25
201400021297,14,12,18,1815,5,2,1,2.0,6,25462,M,4690805.0,634133.0,25
201400021298,14,12,29,1330,1,2,2,4.0,3,25462,M,,,25
201400021299,14,1,10,2130,3,1,2,1.0,3,84062,M,0.0,0.0,84
201400021300,14,1,18,1115,1,1,1,2.0,7,84099,M,0.0,0.0,84
201400021301,14,2,15,715,2,1,1,1.0,7,84038,M,0.0,0.0,84
201400021302,14,4,8,930,1,1,1,2.0,7,84038,M,0.0,0.0,84
201400021303,14,7,13,415,3,1,1,1.0,7,84071,M,0.0,0.0,84
201400021304,14,7,27,1830,1,1,1,1.0,3,84062,M,0.0,0.0,84
201400021305,14,11,17,1200,1,1,1,8.0,1,84099,M,0.0,0.0,84
201400021306,14,12,15,1400,1,1,1,1.0,6,84099,M,0.0,0.0,84
201400021307,14,1,15,815,3,1,2,2.0,3,59016,M,0.0,0.0,59
201400021308,14,1,26,615,3,1,1,1.0,6,59463,M,0.0,0.0,59
201400021309,14,1,28,1115,1,2,7,1.0,6,59067,M,5097060.0,243262.0,59
201400021310,14,6,7,1100,1,1,1,1.0,6,59162,M,0.0,0.0,59
201400021311,14,8,25,1630,1,1,1,3.0,1,59478,M,0.0,0.0,59
201400021312,14,9,17,1715,1,1,1,1.0,1,59478,M,0.0,0.0,59
201400021313,14,12,7,300,3,1,1,9.0,6,59319,M,0.0,0.0,59
201400021314,14,9,14,1115,1,1,2,1.0,3,79095,M,0.0,0.0,79
201400021315,14,9,14,1330,1,1,1,1.0,6,79060,M,0.0,0.0,79
201400021316,14,11,5,1800,3,1,1,1.0,6,79349,M,0.0,0.0,79
201400021317,14,1,12,1,3,2,1,8.0,6,62849,M,5039682.0,163249.0,62
201400021318,14,4,13,1415,1,1,1,1.0,4,62688,M,5041422.0,166894.0,62
201400021319,14,4,17,1700,1,2,1,1.0,2,62390,M,5039352.0,160227.0,62
201400021320,14,5,10,2000,1,2,1,1.0,1,62261,M,5047369.0,161767.0,62
201400021321,14,5,17,1700,1,1,3,1.0,3,62233,M,5035011.0,164776.0,62
201400021322,14,6,11,1145,1,1,1,1.0,1,62849,M,5040770.0,164025.0,62
201400021323,14,6,13,1400,1,2,2,1.0,3,62261,M,5048237.0,159281.0,62
201400021324,14,6,27,600,1,1,1,1.0,6,62752,M,5049519.0,166236.0,62
201400021325,14,7,26,1445,1,2,1,7.0,1,62866,M,5038038.0,165391.0,62
201400021326,14,10,19,1645,1,1,2,1.0,3,62849,M,5040791.0,164747.0,62
201400021327,14,11,17,1645,2,2,1,2.0,2,62849,M,5040138.0,165107.0,62
201400021328,14,12,6,1730,3,1,1,9.0,6,62752,M,5046634.0,166318.0,62
201400021329,14,12,19,1215,1,2,1,2.0,1,62571,M,5044540.0,161754.0,62
201400021330,14,12,19,1645,2,2,2,1.0,3,62261,M,5048007.0,159529.0,62
201400021331,14,1,14,1745,5,2,3,1.0,6,59278,M,0.0,0.0,59
201400021332,14,3,5,1415,1,2,1,1.0,6,59653,M,0.0,0.0,59
201400021333,14,3,31,915,1,2,1,7.0,1,59208,M,0.0,0.0,59
201400021334,14,6,16,1230,1,2,1,1.0,6,59653,M,0.0,0.0,59
201400021335,14,9,3,1200,1,1,3,1.0,3,59553,M,0.0,0.0,59
201400021336,14,9,21,1700,1,1,6,1.0,6,59278,M,0.0,0.0,59
201400021337,14,11,7,2330,3,2,6,9.0,6,59553,M,0.0,0.0,59
201400021338,14,12,1,1830,3,1,1,1.0,5,59088,M,0.0,0.0,59
201400021339,14,12,9,1715,2,1,1,8.0,1,59278,M,0.0,0.0,59
201400021340,14,2,7,1745,5,2,1,2.0,6,74272,M,0.0,0.0,74
201400021341,14,5,7,1745,1,1,1,1.0,1,74026,M,0.0,0.0,74
201400021342,14,5,11,1700,1,1,1,1.0,1,74019,M,0.0,0.0,74
201400021343,14,6,12,815,1,2,3,1.0,3,74272,M,0.0,0.0,74
201400021344,14,7,5,1845,1,1,1,1.0,5,74181,M,0.0,0.0,74
201400021345,14,7,5,2300,5,2,1,1.0,6,74217,M,0.0,0.0,74
201400021346,14,9,2,2200,3,1,1,1.0,7,74098,M,0.0,0.0,74
201400021347,14,9,10,845,1,2,1,1.0,6,74019,M,0.0,0.0,74
201400021348,14,9,28,530,3,1,1,1.0,6,74181,M,0.0,0.0,74
201400021349,14,10,1,200,5,2,1,1.0,6,74213,M,0.0,0.0,74
201400021350,14,10,2,1000,1,2,9,1.0,6,74182,M,0.0,0.0,74
201400021351,14,10,29,115,3,2,1,1.0,2,74272,M,0.0,0.0,74
201400021352,14,11,14,2330,5,2,2,2.0,1,74182,M,0.0,0.0,74
201400021353,14,2,15,400,3,1,1,1.0,6,01033,M,4612160.0,581877.0,01
201400021354,14,3,7,1530,1,2,6,1.0,6,01091,M,4611380.0,578671.0,01
201400021355,14,7,27,1400,1,1,1,1.0,6,01044,M,,,01
201400021356,14,11,21,715,3,1,1,1.0,5,01401,M,,,01
201400021357,14,8,16,800,2,1,1,1.0,7,83043,M,0.0,0.0,83
201400021358,14,10,18,1130,1,1,1,1.0,1,83100,M,0.0,0.0,83
201400021359,14,11,5,1815,3,1,6,1.0,1,83049,M,0.0,0.0,83
201400021360,14,1,11,1805,5,2,1,1.0,7,26198,M,,,26
201400021361,14,2,4,1000,1,2,1,2.0,6,26198,M,,,26
201400021362,14,2,20,1355,1,2,1,1.0,6,26198,M,4455810.0,474530.0,26
201400021363,14,2,26,2325,3,1,1,1.0,2,26198,M,,,26
201400021364,14,3,1,600,5,2,1,2.0,6,26198,M,,,26
201400021365,14,3,2,1650,1,2,1,1.0,3,26198,M,4457060.0,474990.0,26
201400021366,14,3,4,840,1,2,9,1.0,3,26198,M,4457050.0,475090.0,26
201400021367,14,2,21,1020,1,2,1,1.0,3,26198,M,,,26
201400021368,14,4,1,1220,1,1,1,1.0,7,26198,M,,,26
201400021369,14,5,21,1750,1,1,1,1.0,6,26198,M,,,26
201400021370,14,5,25,2130,5,2,1,2.0,6,26198,M,,,26
201400021371,14,6,3,1810,1,2,1,1.0,6,26198,M,4455550.0,472110.0,26
201400021372,14,6,5,1445,1,2,1,1.0,3,26198,M,,,26
201400021373,14,6,13,2030,1,2,1,1.0,3,26198,M,,,26
201400021374,14,6,23,1420,1,2,1,1.0,3,26198,M,,,26
201400021375,14,7,6,2010,2,1,2,1.0,3,26198,M,,,26
201400021376,14,7,15,2125,5,2,1,1.0,2,26198,M,,,26
201400021377,14,7,21,1225,1,1,1,1.0,2,26198,M,,,26
201400021378,14,8,7,1000,1,2,1,1.0,3,26198,M,,,26
201400021379,14,8,2,1500,1,2,1,1.0,3,26198,M,,,26
201400021380,14,9,4,1000,1,1,3,1.0,3,26198,M,,,26
201400021381,14,9,24,1700,1,1,1,2.0,3,26198,M,,,26
201400021382,14,10,15,1445,1,2,1,1.0,2,26198,M,,,26
201400021383,14,11,25,855,1,2,1,3.0,2,26198,M,,,26
201400021384,14,12,8,2000,3,1,3,2.0,1,26198,M,,,26
201400021385,14,12,19,1006,1,2,1,1.0,3,26198,M,4456320.0,474710.0,26
201400021386,14,1,6,1655,2,2,1,1.0,6,26057,M,,,26
201400021387,14,1,10,1730,2,2,7,1.0,3,26281,M,4504540.0,505710.0,26
201400021388,14,1,15,745,2,2,6,1.0,7,26281,M,4505040.0,504690.0,26
201400021389,14,1,16,1720,2,2,2,1.0,3,26281,M,4504680.0,505530.0,26
201400021390,14,1,17,945,1,2,1,1.0,3,26281,M,4504220.0,504850.0,26
201400021391,14,2,4,830,1,2,1,2.0,6,26281,M,4504860.0,504910.0,26