Num_Acc,an,mois,jour,hrmn,lum,agg,int,atm,col,com,gps,lat,long,dep
201400021392,14,2,8,2005,5,2,3,1.0,3,26281,M,4504390.0,505000.0,26
201400021393,14,2,10,1410,1,2,6,3.0,7,26281,M,,,26
201400021394,14,2,11,1900,5,2,3,1.0,3,26281,M,4504810.0,507560.0,26
201400021395,14,2,16,2150,5,2,1,8.0,1,26281,M,4504830.0,503790.0,26
201400021396,14,2,17,905,1,2,1,1.0,4,26281,M,,,26
201400021397,14,2,13,1500,1,1,1,1.0,3,26281,M,4505150.0,505330.0,26
201400021398,14,2,18,745,1,2,1,1.0,1,26281,M,,,26
201400021399,14,2,20,1815,2,2,3,1.0,6,26281,M,4504790.0,504740.0,26
201400021400,14,2,26,1230,1,1,1,2.0,3,26281,M,,,26
201400021401,14,2,28,850,1,2,1,2.0,2,26057,M,,,26
201400021402,14,3,3,906,1,2,1,2.0,2,26281,M,4504830.0,507370.0,26
201400021403,14,3,4,1430,1,2,3,1.0,6,26281,M,,,26
201400021404,14,3,18,1650,1,2,1,1.0,6,26281,M,,,26
201400021405,14,3,19,1813,1,2,1,1.0,6,26281,M,4504580.0,505070.0,26
201400021406,14,3,24,1625,1,2,2,1.0,3,26281,M,4504690.0,508120.0,26
201400021407,14,3,28,800,1,2,1,1.0,2,26281,M,4504710.0,504340.0,26
201400021408,14,3,29,1154,1,2,1,1.0,3,26281,M,4504510.0,504460.0,26
201400021409,14,3,28,1710,1,2,1,1.0,2,26281,M,,,26
201400021410,14,4,4,757,1,2,2,1.0,2,26057,M,4504000.0,505660.0,26
201400021411,14,4,9,730,1,2,1,1.0,2,26057,M,,,26
201400021412,14,4,11,1440,1,2,2,1.0,3,26281,M,4505410.0,510100.0,26
201400021413,14,4,14,1150,1,2,6,1.0,3,26281,M,4504330.0,502910.0,26
201400021414,14,4,15,940,1,2,6,1.0,6,26281,M,4505000.0,507840.0,26
201400021415,14,4,21,1335,1,2,1,1.0,1,26281,M,,,26
201400021416,14,4,23,1750,1,2,1,1.0,3,26281,M,4504400.0,506260.0,26
201400021417,14,4,29,1900,1,1,1,1.0,2,26057,M,,,26
201400021418,14,5,9,1130,1,2,3,1.0,3,26057,M,,,26
201400021419,14,5,9,1820,1,2,2,1.0,3,26281,M,4504580.0,504920.0,26
201400021420,14,5,13,1350,1,2,2,1.0,3,26281,M,4504990.0,503990.0,26
201400021421,14,6,2,1546,1,2,1,1.0,2,26281,M,4504570.0,504600.0,26
201400021422,14,6,3,445,5,2,1,1.0,1,26281,M,4504180.0,504420.0,26
201400021423,14,6,4,1620,1,2,2,2.0,3,26057,M,,,26
201400021424,14,6,5,1037,1,2,1,1.0,6,26281,M,4504360.0,503230.0,26
201400021425,14,6,7,1840,1,1,1,1.0,2,26057,M,,,26
201400021426,14,6,9,830,1,2,6,1.0,3,26281,M,4505030.0,504710.0,26
201400021427,14,6,11,1540,1,2,1,1.0,3,26281,M,4504500.0,505010.0,26
201400021428,14,6,11,1920,1,2,1,1.0,1,26281,M,4504540.0,505940.0,26
201400021429,14,6,13,826,1,2,1,1.0,6,26281,M,4504560.0,504820.0,26
201400021430,14,6,19,1740,1,2,6,1.0,6,26281,M,4504860.0,504870.0,26
201400021431,14,6,27,820,1,2,1,1.0,1,26057,M,,,26
201400021432,14,7,3,1200,1,1,1,1.0,4,26057,M,,,26
201400021433,14,7,4,825,1,2,1,1.0,4,26057,M,,,26
201400021434,14,7,4,915,1,2,6,1.0,6,26057,M,4503940.0,504770.0,26
201400021435,14,7,5,2050,2,2,2,1.0,3,26281,M,,,26
201400021436,14,7,14,1535,1,2,1,1.0,7,26281,M,4505730.0,508910.0,26
201400021437,14,7,16,820,1,2,6,1.0,2,26281,M,,,26
201400021438,14,7,17,1546,1,2,1,1.0,2,26281,M,4505000.0,504370.0,26
201400021439,14,7,19,1415,1,2,2,1.0,1,26057,M,,,26
201400021440,14,7,23,2145,2,1,1,1.0,2,26057,M,,,26
201400021441,14,7,24,1420,1,2,1,1.0,1,26281,M,,,26
201400021442,14,7,31,1230,1,2,1,1.0,6,26281,M,4504280.0,504550.0,26
201400021443,14,8,7,2208,2,2,2,1.0,3,26281,M,4504680.0,504400.0,26
201400021444,14,8,16,1230,1,2,6,1.0,2,26057,M,4503860.0,505060.0,26
201400021445,14,8,22,1255,1,2,6,1.0,2,26281,M,,,26
201400021446,14,8,31,1315,1,1,1,1.0,1,26281,M,,,26
201400021447,14,9,9,1100,1,2,2,1.0,3,26281,M,4504590.0,505180.0,26
201400021448,14,9,15,1758,1,2,3,1.0,3,26281,M,,,26
201400021449,14,9,16,1820,1,2,1,1.0,3,26281,M,4505110.0,505570.0,26
201400021450,14,9,19,1940,2,2,1,1.0,3,26057,M,,,26
201400021451,14,9,30,1120,1,2,6,1.0,3,26281,M,4504530.0,506200.0,26
201400021452,14,10,1,1120,1,2,6,1.0,3,26281,M,4504530.0,506200.0,26
201400021453,14,9,30,1838,1,2,1,1.0,3,26281,M,,,26
201400021454,14,10,8,1705,1,2,4,1.0,3,26281,M,4504650.0,506900.0,26
201400021455,14,10,11,1826,1,2,6,1.0,3,26281,M,4504540.0,505330.0,26
201400021456,14,10,17,1630,1,2,1,1.0,4,26281,M,,,26
201400021457,14,10,19,1335,1,2,2,1.0,6,26057,M,4503690.0,506360.0,26
201400021458,14,10,22,1725,1,2,1,1.0,6,26281,M,4504700.0,505420.0,26
201400021459,14,10,24,1700,1,2,1,1.0,2,26281,M,4505210.0,506120.0,26
201400021460,14,10,24,1950,5,2,3,1.0,2,26281,M,4505920.0,505030.0,26
201400021461,14,10,26,2050,5,2,3,1.0,3,26281,M,4505780.0,504980.0,26
201400021462,14,10,27,1100,1,2,3,1.0,3,26057,M,4503190.0,504680.0,26
201400021463,14,11,4,820,1,2,2,3.0,3,26281,M,4504710.0,507080.0,26
201400021464,14,11,7,840,1,2,1,1.0,6,26281,M,4505010.0,504100.0,26
201400021465,14,11,7,1725,2,1,2,1.0,2,26057,M,,,26
201400021466,14,11,19,1815,2,2,1,1.0,3,26057,M,4504070.0,505360.0,26
201400021467,14,11,24,1630,1,2,2,1.0,3,26057,M,,,26
201400021468,14,11,27,1340,1,2,1,1.0,6,26281,M,4504770.0,505460.0,26
201400021469,14,11,27,1445,1,2,1,1.0,6,26057,M,,,26
201400021470,14,12,3,845,1,2,0,2.0,2,26281,M,,,26
201400021471,14,12,8,940,1,2,6,1.0,6,26281,M,4504570.0,505540.0,26
201400021472,14,12,9,1515,1,2,6,1.0,3,26281,M,4505520.0,506460.0,26
201400021473,14,12,10,745,2,2,6,1.0,3,26281,M,4504270.0,505800.0,26
201400021474,14,12,15,1300,1,2,0,1.0,3,26281,M,4505000.0,504250.0,26
201400021475,14,12,17,1100,1,1,2,1.0,2,26057,M,,,26
201400021476,14,12,17,1138,1,2,1,1.0,6,26281,M,4504560.0,504810.0,26
201400021477,14,12,17,1742,2,1,1,2.0,3,26281,M,,,26
201400021478,14,12,17,1811,5,2,1,2.0,7,26281,M,4504860.0,504960.0,26
201400021479,14,12,19,1805,3,1,2,1.0,3,26057,M,,,26
201400021480,14,1,8,1720,5,2,6,1.0,3,26058,M,4494380.0,489100.0,26
201400021481,14,1,10,1050,1,2,1,1.0,3,26362,M,4492010.0,491520.0,26
201400021482,14,1,14,2135,5,2,2,2.0,3,26252,M,,,26
201400021483,14,1,15,2007,5,2,3,1.0,1,26362,M,4493460.0,490730.0,26
201400021484,14,1,16,455,3,1,1,1.0,6,26313,M,,,26
201400021485,14,1,17,1537,1,2,1,1.0,3,26252,M,,,26
201400021486,14,1,29,736,1,2,1,1.0,6,26362,M,4492620.0,489200.0,26
201400021487,14,1,31,800,1,2,1,1.0,3,26362,M,4492020.0,491520.0,26
201400021488,14,2,2,220,5,2,1,1.0,6,26362,M,4493350.0,489490.0,26
201400021489,14,2,16,805,1,1,1,2.0,7,26004,M,,,26
201400021490,14,2,24,900,1,2,1,1.0,6,26362,M,4493040.0,488850.0,26
201400021491,14,2,26,800,1,2,1,2.0,6,26362,M,4492160.0,489860.0,26
201400021492,14,3,7,1545,1,2,4,1.0,3,26252,M,4487930.0,488520.0,26
201400021493,14,3,17,1705,1,2,1,1.0,6,26362,M,4491840.0,489910.0,26
201400021494,14,3,18,1445,1,2,1,1.0,6,26058,M,4495180.0,490320.0,26
201400021495,14,3,22,2205,5,2,6,2.0,1,26362,M,4491490.0,489010.0,26
201400021496,14,3,21,1000,1,2,1,1.0,6,26362,M,4493420.0,490550.0,26
201400021497,14,3,31,1330,1,1,1,1.0,2,26252,M,,,26
201400021498,14,4,9,1515,1,2,1,1.0,6,26362,M,4491320.0,488460.0,26
201400021499,14,4,12,2355,5,2,1,1.0,6,26362,M,4491440.0,490800.0,26
201400021500,14,4,12,1545,1,2,2,1.0,7,26362,M,4491910.0,490790.0,26
201400021501,14,4,14,2104,5,2,2,1.0,3,26362,M,4492620.0,490130.0,26
201400021502,14,4,18,1725,1,2,3,1.0,6,26362,M,4492590.0,488870.0,26
201400021503,14,4,23,2205,5,2,1,1.0,4,26362,M,4493070.0,489480.0,26
201400021504,14,4,26,1634,1,2,3,1.0,3,26362,M,4492030.0,491540.0,26
201400021505,14,5,10,1420,1,2,1,1.0,6,26362,M,4493180.0,488370.0,26
201400021506,14,5,24,1455,1,2,1,1.0,7,26252,M,,,26
201400021507,14,6,4,1625,1,2,2,2.0,6,26362,M,4492890.0,489680.0,26
201400021508,14,6,7,725,1,1,1,1.0,2,26313,M,,,26
201400021509,14,6,8,1940,1,2,6,1.0,3,26362,M,,,26
201400021510,14,6,11,1105,1,2,1,1.0,2,26252,M,,,26
201400021511,14,6,23,1624,1,1,2,1.0,3,26058,M,,,26
201400021512,14,6,28,1453,1,2,1,1.0,1,26362,M,4492940.0,491820.0,26
201400021513,14,6,30,2125,1,2,3,1.0,3,26362,M,4493170.0,488500.0,26
201400021514,14,7,23,1520,1,2,2,1.0,3,26362,M,4493270.0,491840.0,26
201400021515,14,7,28,1446,1,2,1,2.0,3,26362,M,4493800.0,491300.0,26
201400021516,14,8,13,1025,1,2,1,1.0,6,26362,M,4493560.0,489710.0,26
201400021517,14,8,15,1315,1,2,2,1.0,7,26362,M,4491330.0,489350.0,26
201400021518,14,8,27,1825,1,1,2,1.0,3,26362,M,4495400.0,496300.0,26
201400021519,14,8,28,1405,1,1,1,1.0,7,26313,M,,,26
201400021520,14,8,15,1035,1,1,1,1.0,2,26058,M,,,26
201400021521,14,9,3,1620,1,2,1,1.0,2,26362,M,4489990.0,487890.0,26
201400021522,14,9,5,2240,5,1,1,1.0,7,26004,M,,,26
201400021523,14,9,6,2125,5,2,2,1.0,3,26362,M,4491630.0,488510.0,26
201400021524,14,9,9,2320,3,1,1,1.0,2,26362,M,,,26
201400021525,14,9,17,1125,1,1,2,1.0,6,26252,M,,,26
201400021526,14,9,17,1135,1,1,3,1.0,3,26362,M,,,26
201400021527,14,9,17,2210,5,2,1,3.0,7,26362,M,4494090.0,492470.0,26
201400021528,14,9,18,1912,1,1,1,3.0,7,26362,M,4490290.0,487910.0,26
201400021529,14,9,19,120,4,1,1,2.0,6,26362,M,,,26
201400021530,14,9,19,1630,1,2,1,1.0,6,26362,M,4493310.0,489610.0,26
201400021531,14,9,21,2020,5,2,1,1.0,3,26362,M,4491690.0,488520.0,26
201400021532,14,9,27,1245,1,2,1,1.0,3,26058,M,4494020.0,489550.0,26
201400021533,14,9,26,1940,5,2,1,1.0,3,26362,M,4490970.0,488730.0,26
201400021534,14,10,4,1648,1,2,1,1.0,6,26058,M,4494040.0,489300.0,26
201400021535,14,10,1,1905,1,1,1,1.0,2,26362,M,,,26
201400021536,14,10,8,2100,3,1,1,1.0,2,26362,M,,,26
201400021537,14,10,8,2055,3,2,6,1.0,2,26252,M,4487910.0,488610.0,26
201400021538,14,10,24,1645,1,2,2,1.0,6,26362,M,4491630.0,488510.0,26
201400021539,14,10,1,1000,1,2,1,1.0,6,26362,M,4492720.0,489250.0,26
201400021540,14,11,16,1415,1,2,1,1.0,6,26362,M,4494420.0,492070.0,26
201400021541,14,11,15,1110,1,2,6,1.0,3,26058,M,4494840.0,490400.0,26
201400021542,14,11,19,1559,1,2,1,1.0,6,26058,M,4494380.0,489070.0,26
201400021543,14,11,27,1000,1,1,1,1.0,1,26313,M,,,26
201400021544,14,11,30,1012,1,2,1,1.0,6,26362,M,4493550.0,489300.0,26
201400021545,14,12,1,1725,2,2,1,1.0,5,26058,M,4494700.0,489310.0,26
201400021546,14,12,3,1620,1,2,1,1.0,3,26362,M,4493340.0,490220.0,26
201400021547,14,12,10,1200,1,1,1,1.0,5,26362,M,,,26
201400021548,14,12,12,1910,3,1,1,1.0,7,26362,M,,,26
201400021549,14,12,26,830,1,1,1,1.0,7,26362,M,,,26
201400021550,14,3,1,1545,1,1,1,1.0,2,84037,M,0.0,0.0,84
201400021551,14,5,7,2015,1,2,2,1.0,3,84037,M,0.0,0.0,84
201400021552,14,8,29,1515,1,2,1,1.0,3,84039,M,0.0,0.0,84
201400021553,14,5,6,800,1,2,1,1.0,3,06033,M,0.0,0.0,06
201400021554,14,5,19,1645,1,1,1,1.0,1,06064,M,0.0,0.0,06
201400021555,14,9,30,645,2,2,1,2.0,1,06064,M,0.0,0.0,06
201400021556,14,10,29,915,1,1,6,1.0,2,06117,M,0.0,0.0,06
201400021557,14,11,2,1445,1,1,1,1.0,7,06938,M,0.0,0.0,06
201400021558,14,4,23,745,1,2,1,1.0,5,38373,M,0.0,0.0,38
201400021559,14,9,29,1700,1,2,1,1.0,3,38133,M,0.0,0.0,38
201400021560,14,4,6,815,1,2,1,1.0,6,38133,M,4536338.0,560540.0,38
201400021561,14,4,9,1915,1,1,1,1.0,2,38105,M,0.0,0.0,38
201400021562,14,6,5,715,1,1,1,1.0,6,38383,M,0.0,0.0,38
201400021563,14,8,1,1630,1,1,1,1.0,6,38084,M,0.0,0.0,38
201400021564,14,8,29,1100,1,1,1,1.0,1,38105,M,0.0,0.0,38
201400021565,14,9,12,1815,1,2,1,1.0,6,38337,M,0.0,0.0,38
201400021566,14,9,14,630,2,1,1,1.0,1,38337,M,0.0,0.0,38
201400021567,14,10,10,2215,3,2,1,1.0,6,38383,M,0.0,0.0,38
201400021568,14,10,12,1130,1,1,9,1.0,1,38337,M,0.0,0.0,38
201400021569,14,10,15,1600,1,2,1,1.0,2,38337,M,0.0,0.0,38
201400021570,14,10,30,1830,3,1,1,1.0,6,38030,M,0.0,0.0,38
201400021571,14,12,12,1000,1,2,1,1.0,1,38337,M,0.0,0.0,38
201400021572,14,12,20,1230,1,2,1,2.0,1,69283,M,0.0,0.0,69
201400021573,14,1,24,1030,1,1,1,8.0,7,58033,M,0.0,0.0,58
201400021574,14,6,4,1445,1,2,1,1.0,3,58086,M,0.0,0.0,58
201400021575,14,8,5,2145,5,2,1,1.0,6,58086,M,0.0,0.0,58
201400021576,14,12,8,2230,5,2,1,2.0,6,58187,M,0.0,0.0,58
201400021577,14,1,25,30,3,1,1,2.0,1,41136,M,4772000.0,148800.0,41
201400021578,14,1,28,745,3,1,1,8.0,7,41252,M,4768800.0,142700.0,41
201400021579,14,4,8,115,3,1,1,8.0,7,41206,M,4764700.0,136800.0,41
201400021580,14,5,2,1345,1,1,1,8.0,6,41288,M,4766200.0,138400.0,41
201400021581,14,5,5,600,2,1,1,1.0,2,41223,M,4761700.0,121400.0,41
201400021582,14,6,7,845,1,1,1,1.0,2,41101,M,4761400.0,115700.0,41
201400021583,14,6,12,330,3,1,1,1.0,5,41156,M,4767200.0,139600.0,41
201400021584,14,6,19,2100,2,1,1,7.0,2,41008,M,4773800.0,152300.0,41
201400021585,14,7,4,1745,1,1,1,1.0,1,41276,M,4761600.0,130900.0,41
201400021586,14,7,21,15,3,1,1,1.0,4,41252,M,4769300.0,143400.0,41
201400021587,14,10,17,2145,3,1,1,1.0,2,41252,M,4767700.0,140300.0,41
201400021588,14,10,25,330,3,1,9,1.0,2,41206,M,4763000.0,135300.0,41
201400021589,14,11,25,300,3,1,1,8.0,3,41206,M,4763600.0,135800.0,41
201400021590,14,12,21,1800,1,1,1,1.0,6,41136,M,4771500.0,147800.0,41
201400021591,14,12,15,1830,3,1,1,2.0,7,41206,M,4763700.0,135800.0,41
201400021592,14,1,10,925,1,2,1,1.0,6,27229,M,4901000.0,109100.0,27
201400021593,14,1,29,1935,5,2,1,1.0,2,27299,M,4902500.0,109500.0,27
201400021594,14,2,6,250,5,2,1,1.0,6,27229,M,4900200.0,109400.0,27
201400021595,14,3,3,1205,1,2,6,1.0,3,27229,M,4901000.0,110100.0,27
201400021596,14,3,6,1555,1,2,1,1.0,6,27229,M,4900200.0,109500.0,27
201400021597,14,3,11,1259,1,2,1,1.0,6,27229,M,4900500.0,111100.0,27
201400021598,14,3,19,1849,1,2,1,1.0,6,27229,M,4901400.0,109100.0,27
201400021599,14,3,29,1300,1,2,1,1.0,4,27299,M,4902400.0,109300.0,27
201400021600,14,4,9,1920,1,2,9,1.0,6,27229,M,4901300.0,108500.0,27
201400021601,14,4,30,935,1,2,1,1.0,6,27229,M,4901400.0,108400.0,27
201400021602,14,5,16,1325,1,2,1,1.0,6,27229,M,4901300.0,108500.0,27
201400021603,14,5,25,2155,3,2,1,1.0,1,27299,M,4902300.0,110200.0,27
201400021604,14,6,1,1255,1,2,3,1.0,3,27229,M,4900500.0,109000.0,27
201400021605,14,6,5,1810,1,2,1,1.0,6,27229,M,4901200.0,110000.0,27
201400021606,14,6,16,1350,1,2,1,1.0,6,27229,M,4901400.0,109000.0,27
201400021607,14,6,23,1525,1,2,1,1.0,3,27229,M,4901500.0,109200.0,27
201400021608,14,6,7,1440,1,2,1,1.0,6,27229,M,4901000.0,109500.0,27
201400021609,14,7,7,1235,1,2,1,1.0,3,27229,M,4901300.0,109200.0,27
201400021610,14,8,15,1740,1,2,2,1.0,6,27229,M,4900300.0,109300.0,27
201400021611,14,8,16,200,5,2,1,1.0,6,27229,M,4902000.0,109400.0,27
201400021612,14,10,2,1000,1,2,1,2.0,6,27229,M,4900500.0,109400.0,27
201400021613,14,10,9,905,1,2,1,1.0,6,27229,M,4901200.0,107300.0,27
201400021614,14,11,15,2230,5,2,1,1.0,6,27229,M,,,27
201400021615,14,11,16,2115,5,2,1,1.0,6,27229,M,,,27
201400021616,14,12,1,1655,1,2,1,1.0,6,27299,M,4902500.0,109300.0,27
201400021617,14,12,3,805,2,2,1,1.0,6,27229,M,,,27
201400021618,14,11,25,2110,5,2,1,1.0,1,27229,M,,,27
201400021619,14,6,25,1800,1,1,1,1.0,2,35353,M,4812255.0,-177371.0,35
201400021620,14,1,22,815,5,2,1,3.0,7,27375,M,4913300.0,110000.0,27
201400021621,14,3,1,1550,1,2,1,1.0,6,27701,M,4916200.0,112100.0,27
201400021622,14,3,20,955,1,2,1,1.0,6,27375,M,4912100.0,109100.0,27
201400021623,14,4,15,1150,1,2,2,1.0,5,27375,M,4912500.0,110000.0,27
201400021624,14,5,4,1720,1,1,1,1.0,6,27375,M,4913100.0,110500.0,27
201400021625,14,5,30,1420,1,2,1,1.0,6,27701,M,4916100.0,112300.0,27
201400021626,14,8,25,1450,1,2,2,2.0,3,27701,M,4916100.0,114000.0,27
201400021627,14,9,16,1635,1,2,1,1.0,3,27701,M,4916300.0,113400.0,27
201400021628,14,9,25,1045,1,2,3,1.0,3,27701,M,4916300.0,113400.0,27
201400021629,14,9,25,1355,1,2,1,1.0,2,27375,M,4912300.0,110300.0,27
201400021630,14,10,15,1415,1,2,2,1.0,3,27375,M,4912400.0,109500.0,27
201400021631,14,11,4,2010,5,2,3,1.0,6,27375,M,4913100.0,110000.0,27
201400021632,14,12,17,1855,1,2,3,2.0,4,27375,M,4913200.0,110000.0,27
201400021633,14,12,23,1755,4,2,2,1.0,5,27701,M,4914610.0,113000.0,27
201400021634,14,1,1,815,2,1,1,2.0,6,14700,M,4929970.0,-79592.0,14
201400021635,14,1,10,2345,3,1,1,2.0,6,14004,M,4933390.0,-91691.0,14
201400021636,14,1,30,1615,1,1,1,4.0,6,14453,M,4930460.0,-81680.0,14
201400021637,14,4,9,2045,3,1,1,1.0,6,14124,M,4934010.0,-101513.0,14
201400021638,14,4,23,230,3,1,1,1.0,6,14124,M,4933950.0,-101423.0,14
201400021639,14,6,7,1030,1,1,1,1.0,3,14132,M,4934140.0,-98005.0,14
201400021640,14,7,4,2020,1,1,1,1.0,6,14480,M,4933160.0,-106990.0,14
201400021641,14,9,20,530,3,1,1,1.0,6,14397,M,4931790.0,-84955.0,14
201400021642,14,9,22,830,1,1,1,1.0,4,14543,M,,,14
201400021643,14,9,23,2015,3,1,1,1.0,6,14406,M,,,14
201400021644,14,12,12,445,3,1,1,3.0,6,14378,M,0.0,0.0,14
201400021645,14,1,5,1715,1,2,1,2.0,1,06118,M,0.0,0.0,06
201400021646,14,2,9,1415,1,1,1,1.0,6,06130,M,0.0,0.0,06
201400021647,14,3,21,1800,1,1,1,1.0,6,06118,M,0.0,0.0,06
201400021648,14,4,16,730,1,2,1,1.0,3,06095,M,0.0,0.0,06
201400021649,14,4,28,900,1,2,1,1.0,6,06095,M,0.0,0.0,06
201400021650,14,5,6,1115,1,2,1,1.0,2,06095,M,0.0,0.0,06
201400021651,14,5,23,1615,1,2,1,1.0,6,06095,M,0.0,0.0,06
201400021652,14,5,24,1545,1,2,1,1.0,6,06095,M,0.0,0.0,06
201400021653,14,6,7,1100,1,2,1,1.0,3,06140,M,0.0,0.0,06
201400021654,14,7,29,1315,1,1,1,1.0,6,06095,M,0.0,0.0,06
201400021655,14,8,2,1700,1,1,1,1.0,6,06130,M,0.0,0.0,06
201400021656,14,8,11,1115,1,2,1,1.0,2,06095,M,0.0,0.0,06
201400021657,14,9,6,1045,1,2,1,1.0,6,06095,M,0.0,0.0,06
201400021658,14,9,13,1300,1,1,9,1.0,6,06130,M,0.0,0.0,06
201400021659,14,10,9,1430,1,1,1,1.0,7,06118,M,0.0,0.0,06
201400021660,14,12,5,1945,5,2,1,2.0,3,06140,M,0.0,0.0,06
201400021661,14,12,19,1745,3,1,1,1.0,1,06140,M,0.0,0.0,06
201400021662,14,12,25,2115,5,2,1,1.0,1,06095,M,0.0,0.0,06
201400021663,14,11,10,1415,1,1,2,8.0,3,39331,M,0.0,0.0,39
201400021664,14,12,30,1440,1,2,6,1.0,3,27681,M,,,27
201400021665,14,1,4,1845,5,2,3,2.0,3,27562,M,4906000.0,127000.0,27
201400021666,14,3,11,1110,1,1,1,1.0,7,27562,M,4905300.0,124500.0,27
201400021667,14,4,12,750,1,2,1,1.0,3,27681,M,4905400.0,128500.0,27
201400021668,14,5,6,1745,1,2,9,1.0,1,27562,M,4905300.0,126400.0,27
201400021669,14,6,12,830,1,1,1,1.0,5,27588,M,4907400.0,125500.0,27
201400021670,14,7,3,905,1,2,3,1.0,3,27681,M,4905200.0,129200.0,27
201400021671,14,7,31,755,1,2,3,1.0,3,27681,M,4904300.0,129000.0,27
201400021672,14,8,18,1425,1,2,3,1.0,7,27681,M,4905300.0,128500.0,27
201400021673,14,8,14,1855,1,2,3,1.0,3,27681,M,4905100.0,128400.0,27
201400021674,14,9,8,915,1,2,3,1.0,3,27681,M,4905300.0,128500.0,27
201400021675,14,9,16,2105,3,2,1,1.0,6,27681,M,4904400.0,128300.0,27
201400021676,14,10,5,1145,1,2,1,1.0,6,27681,M,4905400.0,128500.0,27
201400021677,14,10,27,1605,2,2,6,1.0,6,27681,M,4905300.0,109500.0,27
201400021678,14,12,10,1445,1,2,3,1.0,3,27681,M,,,27
201400021679,14,2,2,1115,1,1,3,1.0,1,17142,M,4616719.0,-109236.0,17
201400021680,14,7,13,2030,1,1,6,1.0,2,17222,M,4623190.0,-112365.0,17
201400021681,14,11,2,1430,1,1,1,1.0,3,17222,M,4624318.0,-112112.0,17
201400021682,14,2,22,630,2,1,1,1.0,7,25032,M,4738200.0,638700.0,25
201400021683,14,7,4,1715,1,1,1,1.0,2,25614,M,0.0,0.0,25
201400021684,14,7,25,900,1,1,1,1.0,5,25067,M,4742100.0,662100.0,25
201400021685,14,11,24,915,1,1,1,1.0,1,25020,M,4749200.0,681500.0,25
201400021686,14,1,5,1745,5,2,1,2.0,6,91363,M,4864600.0,222000.0,91
201400021687,14,1,8,800,2,1,1,1.0,7,91363,M,0.0,0.0,91
201400021688,14,3,5,1600,1,2,1,1.0,7,91363,M,0.0,0.0,91
201400021689,14,6,2,830,1,2,1,1.0,3,91665,M,0.0,0.0,91
201400021690,14,6,29,1600,1,1,1,2.0,1,91363,M,4866700.0,220000.0,91
201400021691,14,6,29,2015,1,2,1,1.0,2,91665,M,4866000.0,227000.0,91
201400021692,14,7,2,130,3,2,6,1.0,6,91666,M,0.0,0.0,91
201400021693,14,9,3,1815,1,1,6,1.0,3,91458,M,0.0,0.0,91
201400021694,14,9,13,1730,1,1,1,1.0,2,91458,M,0.0,0.0,91
201400021695,14,10,26,1400,1,2,2,1.0,3,91665,M,0.0,0.0,91
201400021696,14,12,23,1745,3,1,1,2.0,5,91458,M,4866200.0,223300.0,91
201400021697,14,9,2,1145,1,1,1,1.0,6,76278,M,4984063.0,154022.0,76
201400021698,14,3,3,1140,1,1,1,8.0,5,87203,M,,,87
201400021699,14,3,13,900,1,1,1,1.0,6,87203,M,0.0,0.0,87
201400021700,14,5,19,1845,1,1,1,1.0,2,87203,M,0.0,0.0,87
201400021701,14,11,5,1545,1,1,1,1.0,6,87146,M,0.0,0.0,87
201400021702,14,11,25,2045,3,1,1,3.0,1,87154,M,0.0,0.0,87
201400021703,14,1,26,1,3,1,1,1.0,7,19248,M,4546300.0,151332.0,19
201400021704,14,4,27,1800,1,1,1,2.0,3,19250,M,0.0,0.0,19
201400021705,14,6,8,1745,1,1,1,1.0,7,19178,M,4527340.0,155710.0,19
201400021706,14,7,15,1345,1,1,9,1.0,6,19250,M,4548060.0,152747.0,19
201400021707,14,8,9,500,3,1,1,1.0,5,19250,M,4549420.0,152599.0,19
201400021708,14,9,25,645,2,1,1,1.0,2,19276,M,4540510.0,155807.0,19
201400021709,14,10,10,930,1,1,1,1.0,6,19072,M,4525080.0,153748.0,19
201400021710,14,10,29,1600,1,1,1,7.0,2,19129,M,4552420.0,151507.0,19
201400021711,14,11,12,1845,3,1,1,2.0,3,19250,M,4550180.0,151589.0,19
201400021712,14,12,15,1345,1,1,1,1.0,2,19276,M,4540360.0,156044.0,19
201400021713,14,2,3,845,1,1,1,7.0,5,59123,M,0.0,0.0,59
201400021714,14,4,2,1545,1,2,1,1.0,6,59266,M,0.0,0.0,59
201400021715,14,5,26,845,1,2,1,1.0,2,59266,M,0.0,0.0,59
201400021716,14,12,30,515,3,1,1,9.0,1,59123,M,0.0,0.0,59
201400021717,14,1,4,1715,5,2,1,1.0,5,28085,M,4845027.0,150899.0,28
201400021718,14,9,16,1725,1,2,1,1.0,6,28110,M,4842873.0,149327.0,28
201400021719,14,1,7,2226,3,2,1,3.0,7,28110,M,,,28
201400021720,14,1,8,1940,5,2,1,2.0,4,28218,M,4843908.0,145927.0,28
201400021721,14,9,19,840,1,2,1,1.0,1,28085,M,4843874.0,148139.0,28
201400021722,14,1,10,738,5,2,7,1.0,6,28085,M,4844811.0,148206.0,28
201400021723,14,9,20,220,5,2,1,1.0,1,28085,M,4844196.0,149305.0,28