Num_Acc,an,mois,jour,hrmn,lum,agg,int,atm,col,com,gps,lat,long,dep
201400021724,14,1,11,1510,1,2,1,1.0,6,28085,M,4844791.0,149042.0,28
201400021725,14,9,20,1640,1,2,1,1.0,6,28218,M,4843513.0,147404.0,28
201400021726,14,9,25,1417,1,2,1,1.0,6,28220,M,4841929.0,145553.0,28
201400021727,14,1,13,1850,5,2,1,2.0,3,28085,M,,,28
201400021728,14,9,25,1940,1,2,1,1.0,5,28085,M,4844234.0,149388.0,28
201400021729,14,1,19,635,3,1,1,1.0,6,28085,M,4844721.0,154531.0,28
201400021730,14,9,20,1510,1,1,2,1.0,3,28220,M,4843102.0,146386.0,28
201400021731,14,1,21,1225,1,2,1,1.0,2,28085,M,4845564.0,147721.0,28
201400021732,14,9,22,735,2,1,6,1.0,1,28024,M,4841625.0,146403.0,28
201400021733,14,1,21,1425,1,2,1,1.0,2,28085,M,4844531.0,147791.0,28
201400021734,14,9,28,1040,1,2,1,1.0,6,28085,M,4843741.0,148474.0,28
201400021735,14,1,22,1915,5,2,3,1.0,6,28085,M,4843307.0,149290.0,28
201400021736,14,10,3,1735,1,1,1,1.0,2,28209,M,4847166.0,146391.0,28
201400021737,14,1,23,1740,5,2,1,1.0,6,28085,M,4844275.0,148616.0,28
201400021738,14,10,4,515,5,2,1,1.0,3,28085,M,4845214.0,151999.0,28
201400021739,14,1,24,1058,1,2,3,2.0,3,28218,M,,,28
201400021740,14,10,7,1800,1,2,3,1.0,1,28085,M,,,28
201400021741,14,1,27,1415,1,2,1,1.0,3,28085,M,4844077.0,148259.0,28
201400021742,14,10,8,1500,1,2,6,1.0,6,28218,M,,,28
201400021743,14,2,3,2005,3,1,1,1.0,7,28070,M,4846258.0,152736.0,28
201400021744,14,10,11,1350,1,2,3,1.0,3,28070,M,4846685.0,150580.0,28
201400021745,14,2,3,1930,4,2,2,1.0,3,28085,M,4845772.0,148540.0,28
201400021746,14,10,12,845,1,2,1,2.0,1,28085,M,4845230.0,148876.0,28
201400021747,14,2,9,2040,3,1,1,6.0,6,28229,M,4845048.0,144990.0,28
201400021748,14,10,12,150,5,2,1,1.0,6,28085,M,4844176.0,150056.0,28
201400021749,14,10,12,1825,1,2,1,1.0,6,28218,M,4843604.0,147517.0,28
201400021750,14,2,11,650,3,2,1,1.0,7,28229,M,4844465.0,146666.0,28
201400021751,14,10,14,1725,1,2,1,1.0,4,28085,M,,,28
201400021752,14,2,11,1357,1,2,1,1.0,1,28220,M,4842766.0,146535.0,28
201400021753,14,10,16,900,1,2,1,1.0,6,28218,M,4844297.0,145153.0,28
201400021754,14,2,12,830,1,2,2,1.0,7,28218,M,,,28
201400021755,14,10,16,1220,1,2,1,1.0,6,28085,M,4845003.0,149189.0,28
201400021756,14,2,13,800,2,2,9,3.0,6,28218,M,4843464.0,145682.0,28
201400021757,14,10,22,1235,1,2,1,1.0,6,28085,M,,,28
201400021758,14,2,12,1125,1,2,6,1.0,7,28070,M,4847164.0,151162.0,28
201400021759,14,2,12,830,1,2,1,1.0,7,28110,M,4843582.0,146118.0,28
201400021760,14,10,29,1645,1,2,2,2.0,3,28085,M,,,28
201400021761,14,2,16,1500,1,2,1,1.0,6,28220,M,4842240.0,146616.0,28
201400021762,14,10,31,638,5,2,4,1.0,1,28085,M,4844142.0,149520.0,28
201400021763,14,2,17,1640,1,2,2,1.0,6,28220,M,4841924.0,146667.0,28
201400021764,14,10,31,1130,1,2,1,1.0,6,28085,M,4844574.0,148360.0,28
201400021765,14,2,20,2200,5,2,4,1.0,5,28085,M,4844207.0,149341.0,28
201400021766,14,2,21,730,1,1,1,1.0,6,28085,M,4844537.0,152951.0,28
201400021767,14,10,31,1505,1,2,1,1.0,7,28085,M,4843988.0,148120.0,28
201400021768,14,10,31,1930,2,2,1,1.0,6,28220,M,4842582.0,147164.0,28
201400021769,14,2,21,1945,5,2,1,1.0,6,28070,M,4847023.0,150603.0,28
201400021770,14,2,22,1918,3,1,5,1.0,3,28209,M,4846705.0,146481.0,28
201400021771,14,11,1,1405,1,2,1,1.0,6,28085,M,,,28
201400021772,14,2,24,1230,1,2,1,1.0,3,28218,M,4843829.0,146097.0,28
201400021773,14,11,2,740,1,1,6,1.0,6,28085,M,4842741.0,151484.0,28
201400021774,14,11,3,2020,5,2,1,3.0,3,28085,M,4842895.0,150546.0,28
201400021775,14,2,28,1920,5,2,1,2.0,2,28085,M,4844554.0,148357.0,28
201400021776,14,11,4,1825,5,2,2,1.0,1,28218,M,,,28
201400021777,14,11,5,1325,1,2,1,1.0,6,28085,M,4844957.0,150549.0,28
201400021778,14,3,6,1525,1,2,3,1.0,3,28220,M,4842959.0,148110.0,28
201400021779,14,3,9,1,5,2,3,1.0,3,28085,M,4844313.0,148990.0,28
201400021780,14,11,7,830,1,2,1,8.0,6,28220,M,,,28
201400021781,14,3,10,1445,1,2,1,1.0,6,28085,M,4844302.0,148736.0,28
201400021782,14,11,8,1600,1,1,1,1.0,1,28085,M,4845027.0,148232.0,28
201400021783,14,10,30,1600,1,1,3,1.0,1,28110,M,4842924.0,149271.0,28
201400021784,14,3,10,1545,1,2,1,1.0,2,28229,M,,,28
201400021785,14,11,16,1355,1,2,1,2.0,3,28085,M,,,28
201400021786,14,3,11,1508,1,2,1,1.0,3,28220,M,4842677.0,147265.0,28
201400021787,14,3,12,820,1,2,1,1.0,6,28085,M,4844975.0,148984.0,28
201400021788,14,11,21,800,1,2,1,1.0,1,28218,M,4843908.0,144313.0,28
201400021789,14,3,12,1040,1,2,1,1.0,2,28220,M,4842679.0,147257.0,28
201400021790,14,11,22,1800,3,1,1,2.0,6,28085,M,4842741.0,151539.0,28
201400021791,14,11,25,1830,4,2,1,2.0,6,28085,M,4844785.0,148161.0,28
201400021792,14,3,12,1655,1,2,3,7.0,1,28070,M,4846579.0,150668.0,28
201400021793,14,3,19,815,1,1,1,1.0,7,28085,M,4844699.0,154157.0,28
201400021794,14,11,26,1540,1,2,1,1.0,1,28085,M,,,28
201400021795,14,3,19,1430,1,2,2,1.0,3,28220,M,4842846.0,146023.0,28
201400021796,14,11,27,1200,1,2,1,1.0,1,28085,M,4845297.0,148852.0,28
201400021797,14,3,20,945,1,2,3,1.0,3,28085,M,4843918.0,147422.0,28
201400021798,14,11,28,900,1,2,1,1.0,1,28085,M,,,28
201400021799,14,11,28,1850,5,2,1,2.0,7,28085,M,,,28
201400021800,14,3,11,830,2,2,2,1.0,3,28085,M,4844526.0,149648.0,28
201400021801,14,3,22,1615,1,1,1,1.0,2,28110,M,4841587.0,150168.0,28
201400021802,14,11,21,2235,5,2,3,1.0,2,28220,M,4843463.0,147825.0,28
201400021803,14,3,24,2030,5,2,3,1.0,3,28085,M,4845641.0,149491.0,28
201400021804,14,12,2,1745,5,2,3,2.0,7,28085,M,4844364.0,148987.0,28
201400021805,14,3,25,1915,5,2,9,1.0,3,28085,M,4844505.0,148350.0,28
201400021806,14,12,8,1518,1,1,3,2.0,3,28229,M,4845093.0,144711.0,28
201400021807,14,3,25,1240,1,2,6,2.0,7,28085,M,,,28
201400021808,14,12,8,1735,5,2,1,2.0,6,28229,M,4844685.0,147371.0,28
201400021809,14,3,26,1545,1,2,9,1.0,6,28085,M,4844717.0,151989.0,28
201400021810,14,12,9,900,1,2,1,9.0,7,28085,M,4845223.0,151967.0,28
201400021811,14,3,27,1010,1,1,1,1.0,7,28209,M,4848252.0,146294.0,28
201400021812,14,12,9,1600,1,2,1,1.0,6,28085,M,4827009.0,129041.0,28
201400021813,14,3,29,1625,1,2,1,1.0,3,28085,M,4844218.0,148927.0,28
201400021814,14,12,10,1845,3,1,1,2.0,2,28229,M,4846531.0,146445.0,28
201400021815,14,4,4,1650,1,2,1,1.0,6,28085,M,4844705.0,152083.0,28
201400021816,14,12,11,835,1,2,2,1.0,6,28229,M,4826545.0,128068.0,28
201400021817,14,4,5,2300,5,1,1,1.0,7,28110,M,4841681.0,150479.0,28
201400021818,14,12,14,1555,1,1,2,2.0,1,28218,M,4842846.0,146026.0,28
201400021819,14,4,9,2110,3,1,1,1.0,3,28209,M,4848575.0,146747.0,28
201400021820,14,12,16,705,3,1,6,1.0,6,28085,M,4846665.0,146532.0,28
201400021821,14,4,11,950,1,2,6,1.0,3,28085,M,4844421.0,148359.0,28
201400021822,14,12,14,750,2,2,1,2.0,6,28085,M,4844234.0,148955.0,28
201400021823,14,4,12,1905,1,2,3,1.0,4,28085,M,4845065.0,151040.0,28
201400021824,14,12,17,1800,3,1,1,2.0,2,28209,M,4848758.0,147054.0,28
201400021825,14,4,13,2140,5,2,3,1.0,1,28085,M,4843775.0,150400.0,28
201400021826,14,12,19,1243,1,2,6,1.0,3,28085,M,4844367.0,148377.0,28
201400021827,14,4,15,1635,1,2,1,1.0,2,28085,M,4843465.0,148459.0,28
201400021828,14,12,22,1640,1,2,2,1.0,3,28218,M,4843586.0,146125.0,28
201400021829,14,4,19,1930,1,2,1,2.0,2,28218,M,4844062.0,147230.0,28
201400021830,14,12,21,2020,5,2,3,1.0,3,28085,M,4845122.0,152798.0,28
201400021831,14,12,22,1800,5,2,1,1.0,6,28229,M,4826516.0,128048.0,28
201400021832,14,5,6,1150,1,2,1,1.0,6,28085,M,4844226.0,148892.0,28
201400021833,14,12,24,1130,1,1,1,1.0,6,28220,M,4841929.0,146469.0,28
201400021834,14,5,6,1320,1,2,1,2.0,7,28085,M,4845282.0,148803.0,28
201400021835,14,12,27,1740,2,2,9,2.0,6,28085,M,,,28
201400021836,14,5,7,149,5,2,1,1.0,6,28085,M,4844699.0,149222.0,28
201400021837,14,12,29,1308,1,2,3,1.0,3,28229,M,,,28
201400021838,14,5,8,955,1,1,1,1.0,7,28229,M,4844493.0,143543.0,28
201400021839,14,12,30,840,1,1,1,9.0,7,28085,M,4843386.0,152006.0,28
201400021840,14,5,10,1840,1,2,1,1.0,3,28085,M,4844148.0,147440.0,28
201400021841,14,12,30,1920,5,2,3,1.0,6,28218,M,4843756.0,147247.0,28
201400021842,14,5,11,1150,1,2,2,1.0,3,28085,M,4845858.0,148797.0,28
201400021843,14,5,13,1140,1,2,3,1.0,3,28085,M,4844902.0,150280.0,28
201400021844,14,5,19,1655,1,1,6,1.0,3,28220,M,4841629.0,146417.0,28
201400021845,14,5,23,1325,1,2,9,1.0,6,28085,M,4844421.0,148769.0,28
201400021846,14,5,23,1900,1,1,1,1.0,4,28229,M,4844633.0,143747.0,28
201400021847,14,5,25,1508,1,2,1,1.0,6,28085,M,4843686.0,151094.0,28
201400021848,14,5,28,1815,1,2,1,2.0,7,28085,M,4844669.0,149400.0,28
201400021849,14,6,4,1920,1,1,3,1.0,6,28229,M,4845065.0,144370.0,28
201400021850,14,6,6,830,1,2,2,1.0,3,28218,M,4843097.0,146386.0,28
201400021851,14,6,6,1940,1,1,3,1.0,2,28229,M,,,28
201400021852,14,6,10,1400,1,2,6,1.0,6,28220,M,4842709.0,146316.0,28
201400021853,14,6,10,1910,1,2,1,1.0,2,28218,M,4842507.0,145554.0,28
201400021854,14,6,11,1125,1,2,3,1.0,6,28229,M,4845348.0,146891.0,28
201400021855,14,6,13,1330,1,2,7,1.0,2,28085,M,4844522.0,149653.0,28
201400021856,14,6,14,1450,1,2,1,1.0,4,28110,M,4842140.0,151117.0,28
201400021857,14,6,20,2350,5,2,1,1.0,2,28085,M,4844469.0,149173.0,28
201400021858,14,6,22,2035,1,2,1,1.0,6,28229,M,4845099.0,146288.0,28
201400021859,14,6,21,1750,1,2,1,1.0,3,28085,M,4843390.0,150775.0,28
201400021860,14,6,27,825,1,2,1,1.0,2,28229,M,4844701.0,146899.0,28
201400021861,14,6,28,1945,1,2,1,2.0,2,28085,M,4846051.0,148301.0,28
201400021862,14,7,6,2045,1,2,1,1.0,4,28085,M,4843884.0,148850.0,28
201400021863,14,7,8,2145,2,2,1,3.0,6,28209,M,4846882.0,149064.0,28
201400021864,14,7,16,1455,1,2,2,1.0,3,28085,M,4843693.0,148967.0,28
201400021865,14,7,17,1840,1,2,1,1.0,3,28218,M,4843949.0,146153.0,28
201400021866,14,7,18,1735,1,2,9,1.0,3,28085,M,4845210.0,152685.0,28
201400021867,14,7,17,1605,1,2,1,1.0,6,28218,M,4843640.0,144722.0,28
201400021868,14,7,21,1720,1,2,6,1.0,3,28085,M,4843800.0,148853.0,28
201400021869,14,7,23,1610,1,2,1,1.0,3,28209,M,4847023.0,148027.0,28
201400021870,14,7,24,1435,1,1,1,1.0,6,28085,M,4844665.0,153485.0,28
201400021871,14,7,24,1650,1,1,1,1.0,6,28209,M,4848849.0,144810.0,28
201400021872,14,7,25,1740,1,2,2,1.0,3,28085,M,4843740.0,148465.0,28
201400021873,14,7,29,1325,1,2,1,1.0,6,28085,M,4844544.0,148355.0,28
201400021874,14,8,6,1435,1,2,1,8.0,7,28218,M,4843866.0,145656.0,28
201400021875,14,8,7,1825,1,2,1,2.0,7,28085,M,4845014.0,149186.0,28
201400021876,14,8,9,1900,1,2,1,1.0,6,28229,M,4845400.0,145890.0,28
201400021877,14,8,10,1130,1,2,1,2.0,3,28218,M,4843957.0,146202.0,28
201400021878,14,8,16,1230,1,2,9,1.0,1,28220,M,4842722.0,147268.0,28
201400021879,14,8,10,145,5,2,1,2.0,6,28085,M,4844427.0,149328.0,28
201400021880,14,8,23,2020,1,2,1,1.0,3,28085,M,4843969.0,148210.0,28
201400021881,14,8,29,1730,1,1,1,1.0,2,28110,M,4841549.0,149243.0,28
201400021882,14,9,2,1250,1,2,8,1.0,6,28085,M,4844766.0,148130.0,28
201400021883,14,9,3,2220,3,1,1,1.0,6,28229,M,4845100.0,144296.0,28
201400021884,14,9,4,820,1,2,1,1.0,7,28085,M,4844324.0,149905.0,28
201400021885,14,9,4,2040,5,2,1,1.0,6,28085,M,4844457.0,149626.0,28
201400021886,14,9,5,820,1,2,1,8.0,3,28085,M,4844091.0,148264.0,28
201400021887,14,9,5,1225,1,2,3,8.0,6,28085,M,4844026.0,149113.0,28
201400021888,14,9,5,1615,1,2,3,1.0,3,28085,M,4843076.0,151068.0,28
201400021889,14,9,6,1120,1,2,1,1.0,7,28085,M,4843457.0,149205.0,28
201400021890,14,9,8,1230,1,1,1,1.0,7,28229,M,4846591.0,144065.0,28
201400021891,14,9,9,1940,1,2,1,1.0,2,28085,M,4843792.0,150391.0,28
201400021892,14,9,7,700,2,2,2,1.0,6,28085,M,4844756.0,149340.0,28
201400021893,14,9,12,2010,2,2,1,1.0,6,28085,M,,,28
201400021894,14,9,14,2130,5,2,1,1.0,6,28085,M,4844402.0,150431.0,28
201400021895,14,9,13,1655,1,2,1,1.0,5,28085,M,4843212.0,151893.0,28
201400021896,14,9,12,1830,1,2,1,1.0,3,28085,M,4843383.0,149297.0,28
201400021897,14,2,24,1745,1,2,1,1.0,7,42232,M,4606698.0,391447.0,42
201400021898,14,9,28,1300,1,1,1,1.0,6,42049,M,4614676.0,390029.0,42
201400021899,14,2,20,1115,1,1,2,1.0,3,42220,M,4612465.0,393131.0,42
201400021900,14,5,10,1800,1,1,1,1.0,7,42003,M,4608989.0,390503.0,42
201400021901,14,5,27,1100,1,1,1,1.0,3,42232,M,4606385.0,392452.0,42
201400021902,14,5,30,1615,1,1,1,7.0,1,42257,M,4620358.0,380466.0,42
201400021903,14,7,7,930,1,1,1,2.0,6,42049,M,4614040.0,389975.0,42
201400021904,14,7,9,1345,1,1,1,2.0,6,42182,M,4605571.0,390586.0,42
201400021905,14,7,15,930,1,2,2,1.0,5,42233,M,4606707.0,392185.0,42
201400021906,14,9,6,1630,1,2,1,7.0,1,42253,M,4603651.0,400260.0,42
201400021907,14,9,8,815,2,1,1,1.0,7,42182,M,4604053.0,386832.0,42
201400021908,14,9,11,1215,1,1,2,7.0,3,42049,M,4613830.0,389437.0,42
201400021909,14,10,8,1845,2,2,1,1.0,3,42253,M,4604267.0,400126.0,42
201400021910,14,10,8,1315,1,1,1,1.0,6,42003,M,4612108.0,389861.0,42
201400021911,14,12,9,1215,1,1,1,1.0,6,42253,M,4603613.0,401196.0,42
201400021912,14,12,26,1230,1,1,1,8.0,5,42220,M,4612503.0,393061.0,42
201400021913,14,1,3,1330,1,2,1,1.0,2,28134,M,,,28
201400021914,14,9,30,945,1,1,1,1.0,2,28404,M,4870884.0,136986.0,28
201400021915,14,1,9,1640,1,2,1,1.0,6,28134,M,,,28
201400021916,14,10,5,2015,5,2,1,1.0,2,28404,M,,,28
201400021917,14,10,9,1920,2,2,1,1.0,3,28134,M,4871894.0,137526.0,28
201400021918,14,2,3,820,1,2,2,1.0,6,28404,M,4871193.0,135995.0,28
201400021919,14,11,7,1055,1,2,1,1.0,1,78643,M,,,78
201400021920,14,2,6,650,2,2,1,1.0,6,28134,M,4873753.0,139348.0,28
201400021921,14,11,8,1800,5,2,1,1.0,3,28134,M,4874838.0,136097.0,28
201400021922,14,11,21,1835,5,2,1,1.0,6,28134,M,4872578.0,136629.0,28
201400021923,14,3,11,1815,1,2,6,1.0,2,28134,M,,,28
201400021924,14,12,3,1600,1,2,3,1.0,3,28134,M,4872428.0,136607.0,28
201400021925,14,3,20,2005,2,2,3,1.0,3,28134,M,4875059.0,136091.0,28
201400021926,14,12,28,1150,1,2,1,1.0,1,28134,M,4874665.0,138291.0,28
201400021927,14,3,23,640,1,2,1,1.0,7,28404,M,4872947.0,132677.0,28
201400021928,14,3,29,2350,3,1,1,1.0,3,28404,M,4870474.0,137218.0,28
201400021929,14,3,30,545,5,2,1,1.0,3,28134,M,4874598.0,136838.0,28
201400021930,14,4,4,635,3,1,1,1.0,1,28134,M,4874648.0,138101.0,28
201400021931,14,4,7,1355,1,2,1,1.0,6,28134,M,4873967.0,134588.0,28
201400021932,14,4,7,1230,1,2,1,1.0,2,28134,M,4875366.0,133126.0,28
201400021933,14,4,9,1725,1,2,8,1.0,3,28134,M,4873333.0,134713.0,28
201400021934,14,5,7,1445,1,2,1,1.0,5,28134,M,4873240.0,137174.0,28
201400021935,14,5,7,1830,1,2,1,1.0,2,28134,M,4873078.0,136409.0,28
201400021936,14,5,19,1445,1,2,1,1.0,2,28134,M,4873332.0,135516.0,28
201400021937,14,5,23,530,2,2,9,1.0,3,28134,M,4874291.0,133761.0,28
201400021938,14,6,3,1200,1,2,6,1.0,3,28404,M,4871187.0,136035.0,28
201400021939,14,6,6,1410,1,2,1,1.0,6,28134,M,4873238.0,138070.0,28
201400021940,14,6,13,1250,1,2,1,1.0,6,28134,M,4873469.0,136001.0,28
201400021941,14,6,17,800,1,1,1,1.0,3,28134,M,4874541.0,139172.0,28
201400021942,14,6,18,1200,1,2,2,1.0,3,28404,M,4870916.0,135803.0,28
201400021943,14,6,21,1620,1,2,1,1.0,3,28134,M,4875842.0,135652.0,28
201400021944,14,6,22,1800,1,2,1,1.0,6,28134,M,4873045.0,137912.0,28
201400021945,14,7,4,655,1,2,2,1.0,3,28134,M,4873648.0,137218.0,28
201400021946,14,7,7,1745,1,2,1,1.0,3,28404,M,4871598.0,136735.0,28
201400021947,14,7,17,1250,1,2,6,1.0,3,28134,M,4873755.0,135712.0,28
201400021948,14,7,21,1310,1,2,1,1.0,7,28134,M,4873746.0,139291.0,28
201400021949,14,7,23,1230,1,2,1,1.0,6,28134,M,4873063.0,136517.0,28
201400021950,14,8,1,1850,1,1,1,1.0,3,28404,M,4872091.0,138357.0,28
201400021951,14,8,8,2205,3,1,1,2.0,7,28404,M,4870050.0,137453.0,28
201400021952,14,9,4,110,5,2,1,1.0,2,28134,M,4874032.0,134902.0,28
201400021953,14,9,5,1240,1,2,1,1.0,1,28134,M,4873452.0,137612.0,28
201400021954,14,9,15,1655,1,2,1,1.0,6,28134,M,4873589.0,136169.0,28
201400021955,14,1,9,1845,3,1,1,1.0,5,71512,M,0.0,0.0,71
201400021956,14,3,13,115,3,1,9,1.0,2,71052,M,0.0,0.0,71
201400021957,14,6,2,1130,1,1,1,1.0,6,71520,M,0.0,0.0,71
201400021958,14,6,15,2015,1,1,1,1.0,6,71475,M,0.0,0.0,71
201400021959,14,9,8,800,1,1,1,1.0,2,71202,M,0.0,0.0,71
201400021960,14,10,13,930,1,1,1,1.0,2,71512,M,0.0,0.0,71
201400021961,14,12,5,930,1,1,1,2.0,2,95527,M,4900720.0,249010.0,95
201400021962,14,2,27,745,2,1,2,3.0,3,14347,M,4903120.0,-73278.0,14
201400021963,14,7,6,845,1,1,1,2.0,6,14129,M,4896370.0,-93920.0,14
201400021964,14,9,6,2115,3,1,2,1.0,3,14347,M,4903120.0,-73278.0,14
201400021965,14,9,21,1940,2,1,1,1.0,1,14532,M,4889990.0,-83877.0,14
201400021966,14,2,1,745,1,1,1,7.0,2,22188,M,4852583.0,-289437.0,22
201400021967,14,2,20,1115,1,1,1,1.0,6,22067,M,4854909.0,-316294.0,22
201400021968,14,2,27,1115,1,1,1,4.0,7,22135,M,4856737.0,-331058.0,22
201400021969,14,3,28,1530,1,1,1,3.0,7,22004,M,4861765.0,-329226.0,22
201400021970,14,4,2,1700,1,1,1,1.0,6,22005,M,4855103.0,-339099.0,22
201400021971,14,4,16,1400,1,1,1,1.0,7,22304,M,4853612.0,-303524.0,22
201400021972,14,5,3,2300,3,1,9,1.0,6,22225,M,4855235.0,-312955.0,22
201400021973,14,5,24,1400,1,1,1,8.0,7,22182,M,4853132.0,-293580.0,22
201400021974,14,8,6,1315,1,1,1,1.0,7,22225,M,4855208.0,-311796.0,22
201400021975,14,9,13,2030,2,1,1,1.0,6,22251,M,4853490.0,-285016.0,22
201400021976,14,9,24,1400,1,1,1,1.0,6,22225,M,4855160.0,-313356.0,22
201400021977,14,12,3,1830,3,1,4,2.0,4,22225,M,4854361.0,-308338.0,22
201400021978,14,12,31,830,1,1,1,9.0,6,22372,M,4852241.0,-287348.0,22
201400021979,14,2,3,845,1,1,1,1.0,6,22341,M,4839369.0,-239876.0,22
201400021980,14,2,27,1000,1,1,1,1.0,4,22044,M,4847586.0,-258151.0,22
201400021981,14,3,1,1230,1,1,9,1.0,6,22193,M,4842020.0,-243884.0,22
201400021982,14,3,31,1115,1,1,1,1.0,7,22327,M,4848502.0,-204179.0,22
201400021983,14,6,4,415,3,1,1,2.0,7,22259,M,4845833.0,-207595.0,22
201400021984,14,6,21,1745,1,1,1,1.0,6,22185,M,4842621.0,-245758.0,22
201400021985,14,6,30,1330,1,1,1,1.0,5,22093,M,4846745.0,-254884.0,22
201400021986,14,7,6,30,3,1,1,3.0,6,22193,M,4842354.0,-245327.0,22
201400021987,14,7,15,1415,1,1,1,1.0,6,22213,M,4853490.0,-201152.0,22
201400021988,14,7,28,1045,1,1,1,1.0,7,22193,M,4842245.0,-245181.0,22
201400021989,14,7,20,1715,1,1,1,1.0,6,22337,M,4835346.0,-230263.0,22
201400021990,14,8,8,2215,1,1,1,1.0,6,22020,M,4829287.0,-221730.0,22
201400021991,14,10,28,720,3,1,1,5.0,6,22339,M,4847083.0,-205481.0,22
201400021992,14,11,5,845,1,1,1,3.0,4,22093,M,4846662.0,-254734.0,22
201400021993,14,11,23,500,3,1,1,3.0,6,22097,M,4842739.0,-217550.0,22
201400021994,14,12,8,945,1,1,1,1.0,7,22093,M,4846114.0,-253860.0,22
201400021995,14,12,9,430,3,1,1,9.0,6,22305,M,4827017.0,-215464.0,22
201400021996,14,12,13,445,3,1,9,3.0,6,22093,M,4846831.0,-255005.0,22
201400021997,14,12,15,845,1,1,1,2.0,2,22389,M,4847966.0,-267094.0,22
201400021998,14,1,21,715,3,1,1,1.0,4,29179,M,4848084.0,-430280.0,29
201400021999,14,2,25,1415,1,1,1,1.0,7,29068,M,4855110.0,-396233.0,29
201400022000,14,3,12,1700,1,1,1,1.0,7,29075,M,0.0,0.0,29
201400022001,14,4,9,1545,1,1,1,1.0,7,29266,M,4852125.0,-394684.0,29
201400022002,14,4,16,800,1,1,1,1.0,7,29245,M,4845369.0,-433553.0,29
201400022003,14,6,10,400,3,1,1,1.0,1,29105,M,4851823.0,-404155.0,29
201400022004,14,6,18,930,1,1,1,7.0,7,29266,M,4852681.0,-395256.0,29
201400022005,14,8,28,1300,1,1,1,1.0,6,29075,M,4843598.0,-440070.0,29
201400022006,14,9,7,1730,1,1,1,1.0,6,29245,M,4845369.0,-433553.0,29
201400022007,14,10,5,230,3,1,1,1.0,6,29264,M,4851154.0,-415433.0,29
201400022008,14,10,17,2315,3,1,1,1.0,6,29068,M,4855110.0,-396233.0,29
201400022009,14,10,21,1515,3,1,1,1.0,6,29199,M,4856761.0,-370135.0,29
201400022010,14,11,6,1230,1,1,1,2.0,7,29075,M,4843598.0,-440070.0,29
201400022011,14,12,9,530,3,1,9,2.0,6,29183,M,4862076.0,-367413.0,29
201400022012,14,12,15,830,2,1,1,1.0,4,29061,M,4845133.0,-446899.0,29
201400022013,14,12,17,1745,3,1,1,2.0,6,29061,M,4845133.0,-446899.0,29
201400022014,14,5,3,800,1,1,1,1.0,2,29302,M,4825439.0,-408964.0,29
201400022015,14,3,16,1230,1,2,2,1.0,1,29215,M,4799207.0,-443088.0,29
201400022016,14,6,28,1515,1,1,1,1.0,2,29020,M,4810239.0,-399989.0,29
201400022017,14,7,29,845,1,1,1,1.0,6,29020,M,4810239.0,-399989.0,29
201400022018,14,3,3,530,3,1,1,2.0,3,35139,M,4799003.0,-169542.0,35
201400022019,14,3,16,1445,1,1,9,1.0,7,35124,M,4774513.0,-171483.0,35
201400022020,14,3,29,800,1,1,1,1.0,6,35231,M,4791967.0,-167945.0,35
201400022021,14,4,13,2215,3,1,1,1.0,2,35139,M,0.0,0.0,35
201400022022,14,6,13,1000,1,1,1,1.0,6,35139,M,4797886.0,-169548.0,35
201400022023,14,6,25,1000,1,1,1,1.0,4,35206,M,4807189.0,-167609.0,35
201400022024,14,9,16,800,2,1,1,5.0,2,35066,M,4804229.0,-168522.0,35
201400022025,14,12,7,845,1,1,1,1.0,6,35231,M,4788671.0,-169021.0,35
201400022026,14,7,22,1445,1,1,1,1.0,3,35152,M,4823539.0,-147836.0,35
201400022027,14,11,16,2200,3,1,1,8.0,2,35356,M,4824194.0,-176032.0,35
201400022028,14,1,24,1925,2,1,1,2.0,1,01109,M,4612280.0,589782.0,01
201400022029,14,3,26,2100,5,2,1,1.0,6,01401,M,,,01
201400022030,14,4,5,2100,3,1,1,1.0,1,01354,M,4624450.0,603851.0,01
201400022031,14,4,7,1730,1,2,1,1.0,1,01308,M,4613900.0,595116.0,01
201400022032,14,7,9,1330,1,1,1,1.0,6,01209,M,4609190.0,586803.0,01
201400022033,14,5,16,1,3,1,1,1.0,6,01401,M,,,01
201400022034,14,7,3,2115,1,2,1,1.0,3,01078,M,,,01
201400022035,14,9,25,1315,1,2,1,1.0,1,01109,M,,,01
201400022036,14,9,26,1845,1,2,1,1.0,3,01135,M,,,01