Num_Acc,an,mois,jour,hrmn,lum,agg,int,atm,col,com,gps,lat,long,dep
201400022037,14,10,18,2030,5,2,1,1.0,1,01401,M,,,01
201400022038,14,10,22,945,1,1,1,1.0,6,01354,M,4625440.0,604208.0,01
201400022039,14,11,5,1445,1,1,1,2.0,7,01354,M,4625200.0,604549.0,01
201400022040,14,7,5,830,1,1,1,8.0,3,01209,M,,,01
201400022041,14,9,23,1800,1,2,1,1.0,3,01078,M,4618050.0,598379.0,01
201400022042,14,9,27,1745,1,1,1,1.0,6,01354,M,,,01
201400022043,14,10,11,1345,1,1,1,8.0,6,01109,M,,,01
201400022044,14,1,11,1800,3,1,1,1.0,1,54138,M,4951323.0,572806.0,54
201400022045,14,1,13,715,3,1,1,5.0,7,54514,M,4950396.0,562978.0,54
201400022046,14,4,25,1930,1,1,1,1.0,1,54378,M,4947395.0,566549.0,54
201400022047,14,5,20,1700,1,2,1,1.0,6,54151,M,4947954.0,575102.0,54
201400022048,14,6,3,830,1,1,1,1.0,1,54428,M,4943100.0,569600.0,54
201400022049,14,6,20,1215,1,2,1,1.0,7,54322,M,4945237.0,560134.0,54
201400022050,14,7,6,2345,3,1,1,8.0,6,54322,M,4946059.0,559459.0,54
201400022051,14,7,13,1030,1,2,1,1.0,6,54322,M,4945300.0,560300.0,54
201400022052,14,7,20,1915,1,2,1,1.0,7,54322,M,4944387.0,560426.0,54
201400022053,14,9,26,2130,3,2,1,1.0,6,54134,M,4945751.0,555885.0,54
201400022054,14,10,5,230,5,2,1,1.0,1,54476,M,4945591.0,546916.0,54
201400022055,14,10,15,1545,1,1,1,1.0,5,54537,M,4945812.0,571357.0,54
201400022056,14,3,3,1915,3,1,1,1.0,6,67283,M,0.0,0.0,67
201400022057,14,3,18,1715,1,1,1,1.0,6,67006,M,0.0,0.0,67
201400022058,14,8,4,30,3,1,1,1.0,6,67161,M,0.0,0.0,67
201400022059,14,5,22,1315,1,2,1,8.0,6,57106,M,4929651.0,655166.0,57
201400022060,14,4,22,1730,1,2,1,1.0,6,83048,M,0.0,0.0,83
201400022061,14,5,31,2215,5,1,1,1.0,1,83036,M,4331300.0,691300.0,83
201400022062,14,7,30,1830,1,2,1,7.0,1,83152,M,4315400.0,648600.0,83
201400022063,14,9,8,1815,1,1,1,1.0,1,83152,M,4315000.0,645000.0,83
201400022064,14,9,20,15,3,1,1,1.0,6,83036,M,4319700.0,654700.0,83
201400022065,14,9,27,145,5,2,1,1.0,7,83036,M,0.0,0.0,83
201400022066,14,1,5,1900,5,2,1,4.0,6,04062,M,4445950.0,674276.0,04
201400022067,14,8,17,400,3,1,1,1.0,6,04086,M,4440300.0,670600.0,04
201400022068,14,1,11,1115,1,1,9,2.0,6,35285,M,4776338.0,-194075.0,35
201400022069,14,2,12,130,3,1,1,1.0,1,35129,M,4787963.0,-187599.0,35
201400022070,14,5,2,2130,3,1,1,1.0,6,35129,M,4787877.0,-185453.0,35
201400022071,14,5,22,1000,1,1,1,2.0,3,35285,M,4776236.0,-193945.0,35
201400022072,14,6,18,1945,1,2,1,1.0,6,35057,M,4792836.0,-194174.0,35
201400022073,14,7,30,545,2,1,1,1.0,6,35168,M,4791195.0,-208012.0,35
201400022074,14,7,30,1515,1,1,1,1.0,3,35129,M,4781176.0,-185068.0,35
201400022075,14,8,4,1600,1,1,1,1.0,1,35219,M,4778217.0,-192783.0,35
201400022076,14,8,7,230,4,2,1,2.0,6,35219,M,4780900.0,-195352.0,35
201400022077,14,8,8,700,1,1,1,2.0,7,35129,M,4788229.0,-187519.0,35
201400022078,14,11,27,1415,1,1,2,1.0,3,35219,M,4783009.0,-197019.0,35
201400022079,14,12,31,915,1,1,1,5.0,5,35311,M,4784602.0,-202410.0,35
201400022080,14,7,8,1915,1,1,1,2.0,6,86100,M,0.0,0.0,86
201400022081,14,8,2,1615,1,1,1,1.0,6,86091,M,0.0,0.0,86
201400022082,14,10,27,615,2,1,1,5.0,4,86056,M,0.0,0.0,86
201400022083,14,2,13,1545,1,1,1,4.0,5,21634,M,4714850.0,469973.0,21
201400022084,14,2,28,2200,3,1,1,2.0,7,21214,M,0.0,0.0,21
201400022085,14,4,7,815,1,1,1,1.0,2,21634,M,0.0,0.0,21
201400022086,14,5,6,1400,1,1,1,1.0,7,21214,M,0.0,0.0,21
201400022087,14,5,19,630,1,1,1,1.0,6,21449,M,0.0,0.0,21
201400022088,14,7,17,445,3,1,1,1.0,2,21633,M,0.0,0.0,21
201400022089,14,8,11,1030,1,1,1,1.0,7,21449,M,0.0,0.0,21
201400022090,14,8,23,2345,3,1,1,1.0,6,21282,M,0.0,0.0,21
201400022091,14,8,26,2045,3,1,1,2.0,6,21214,M,0.0,0.0,21
201400022092,14,9,12,115,3,1,1,1.0,2,21501,M,0.0,0.0,21
201400022093,14,9,30,115,3,1,1,1.0,7,21087,M,0.0,0.0,21
201400022094,14,10,11,1515,1,1,1,1.0,7,21073,M,0.0,0.0,21
201400022095,14,10,12,1445,1,1,1,3.0,6,21676,M,,,21
201400022096,14,10,31,2130,3,1,1,1.0,3,21529,M,0.0,0.0,21
201400022097,14,5,10,1700,1,1,1,1.0,1,86153,M,0.0,0.0,86
201400022098,14,7,14,1630,1,2,1,1.0,6,86140,M,0.0,0.0,86
201400022099,14,9,13,1130,1,1,1,1.0,6,86077,M,0.0,0.0,86
201400022100,14,7,25,1200,1,1,6,1.0,6,01071,M,4631800.0,606429.0,01
201400022101,14,9,8,1645,1,2,1,1.0,6,01173,M,,,01
201400022102,14,9,24,1630,1,2,1,8.0,3,01143,M,4634600.0,615184.0,01
201400022103,14,10,7,1445,1,1,1,3.0,1,01143,M,4635930.0,611749.0,01
201400022104,14,10,18,2130,5,1,6,1.0,7,01103,M,,,01
201400022105,14,11,11,1615,1,1,1,8.0,1,01180,M,,,01
201400022106,14,1,8,1730,1,1,1,1.0,6,12216,M,4452110.0,282237.0,12
201400022107,14,3,20,1850,1,1,1,1.0,6,12201,M,4449670.0,266909.0,12
201400022108,14,8,14,1415,1,1,1,1.0,3,12201,M,0.0,0.0,12
201400022109,14,8,16,1715,1,1,1,1.0,1,12120,M,0.0,0.0,12
201400022110,14,11,28,1245,1,1,1,3.0,6,12131,M,0.0,0.0,12
201400022111,14,12,24,1900,3,1,1,5.0,6,12276,M,0.0,0.0,12
201400022112,14,3,14,1500,1,2,1,1.0,1,64396,M,4344900.0,-67100.0,64
201400022113,14,5,29,1230,1,2,6,1.0,1,64410,M,4338800.0,-61100.0,64
201400022114,14,6,11,1645,1,1,1,1.0,2,64396,M,4344600.0,-66700.0,64
201400022115,14,6,30,1215,1,1,1,1.0,3,64057,M,4349300.0,-61100.0,64
201400022116,14,7,4,1745,1,1,1,1.0,2,64382,M,0.0,0.0,64
201400022117,14,6,21,1230,1,1,1,1.0,3,68022,M,4783180.0,738015.0,68
201400022118,14,6,5,1330,1,2,1,1.0,3,68300,M,4777894.0,736819.0,68
201400022119,14,9,17,1,1,1,1,1.0,2,68300,M,4778275.0,742487.0,68
201400022120,14,1,6,1230,1,2,1,1.0,7,01194,M,4598720.0,475712.0,01
201400022121,14,3,18,945,1,2,1,1.0,3,01238,M,4590630.0,482559.0,01
201400022122,14,6,1,2000,1,1,9,1.0,3,01194,M,4597710.0,475664.0,01
201400022123,14,6,30,1045,1,1,1,1.0,3,01157,M,4602960.0,475425.0,01
201400022124,14,9,6,2345,5,2,1,1.0,6,28358,M,4850057.0,153584.0,28
201400022125,14,1,2,1325,1,2,1,1.0,3,29019,M,4839070.0,-448715.0,29
201400022126,14,1,6,1700,1,2,1,6.0,6,29019,M,4839567.0,-446408.0,29
201400022127,14,1,10,705,5,2,1,1.0,3,29019,M,4839209.0,-452331.0,29
201400022128,14,1,17,720,5,2,2,1.0,3,29019,M,4839137.0,-446148.0,29
201400022129,14,1,17,1800,2,2,3,2.0,3,29019,M,4841361.0,-447134.0,29
201400022130,14,1,24,1635,2,2,1,3.0,2,29019,M,4841502.0,-448600.0,29
201400022131,14,1,25,1405,1,2,1,1.0,6,29019,M,4840509.0,-447823.0,29
201400022132,14,1,28,940,1,2,1,1.0,6,29019,M,4840587.0,-445988.0,29
201400022133,14,1,29,1840,5,2,1,2.0,6,29019,M,4840536.0,-447842.0,29
201400022134,14,2,2,1,5,2,1,2.0,6,29019,M,4838613.0,-453243.0,29
201400022135,14,2,3,1805,2,2,3,2.0,3,29019,M,4839039.0,-448607.0,29
201400022136,14,2,14,1120,1,2,1,6.0,6,29019,M,4839039.0,-448607.0,29
201400022137,14,2,14,1305,1,2,1,6.0,6,29019,M,4839015.0,-447740.0,29
201400022138,14,2,16,1515,1,2,3,1.0,3,29019,M,4838670.0,-448442.0,29
201400022139,14,2,17,2018,5,2,1,2.0,3,29019,M,4840329.0,-446986.0,29
201400022140,14,2,22,1530,1,2,1,1.0,6,29019,M,4839102.0,-447666.0,29
201400022141,14,2,27,1005,1,2,1,1.0,6,29019,M,4839035.0,-452693.0,29
201400022142,14,2,27,1710,1,2,1,2.0,2,29019,M,4839908.0,-447101.0,29
201400022143,14,2,28,750,2,2,3,3.0,6,29019,M,4840378.0,-448551.0,29
201400022144,14,3,3,1745,1,2,1,3.0,4,29019,M,4838955.0,-452511.0,29
201400022145,14,3,7,1845,5,2,1,2.0,4,29019,M,4839956.0,-444264.0,29
201400022146,14,3,13,900,1,2,3,5.0,3,29019,M,4838869.0,-448027.0,29
201400022147,14,3,18,1325,1,2,1,1.0,6,29019,M,4841843.0,-446177.0,29
201400022148,14,3,18,1535,1,2,1,1.0,6,29019,M,4840291.0,-451001.0,29
201400022149,14,3,18,2100,5,2,6,1.0,2,29019,M,4841001.0,-446324.0,29
201400022150,14,3,21,1740,1,2,3,1.0,6,29019,M,4840539.0,-446757.0,29
201400022151,14,3,24,1635,1,2,1,1.0,1,29019,M,4841439.0,-447505.0,29
201400022152,14,3,25,710,2,2,6,2.0,3,29019,M,4840067.0,-449997.0,29
201400022153,14,3,25,1415,1,2,1,2.0,3,29019,M,4839299.0,-448778.0,29
201400022154,14,3,31,855,1,2,1,1.0,4,29019,M,4840241.0,-446540.0,29
201400022155,14,4,1,1055,1,2,3,1.0,3,29019,M,4840424.0,-450911.0,29
201400022156,14,4,3,1635,1,2,3,1.0,5,29019,M,4839228.0,-449214.0,29
201400022157,14,4,3,1710,1,2,1,1.0,3,29019,M,4841006.0,-451479.0,29
201400022158,14,4,7,740,2,2,2,2.0,6,29019,M,4841311.0,-449247.0,29
201400022159,14,4,8,2030,1,2,2,1.0,7,29019,M,4838526.0,-449912.0,29
201400022160,14,4,9,1020,1,2,1,1.0,3,29019,M,4838827.0,-445970.0,29
201400022161,14,4,10,1750,1,2,3,1.0,3,29019,M,4839763.0,-453062.0,29
201400022162,14,4,11,1805,1,2,1,1.0,6,29019,M,4841690.0,-448465.0,29
201400022163,14,4,15,1550,1,2,2,1.0,3,29019,M,4841511.0,-447976.0,29
201400022164,14,4,17,1920,1,2,1,1.0,3,29019,M,4841012.0,-446254.0,29
201400022165,14,4,17,1930,1,2,1,1.0,6,29019,M,4840799.0,-449068.0,29
201400022166,14,4,24,2030,5,2,1,2.0,6,29019,M,4840122.0,-450505.0,29
201400022167,14,4,27,1705,1,2,3,1.0,3,29019,M,4839025.0,-448616.0,29
201400022168,14,5,1,1300,1,2,3,1.0,3,29019,M,4838005.0,-453357.0,29
201400022169,14,5,4,1855,1,2,1,1.0,3,29019,M,4841319.0,-448750.0,29
201400022170,14,5,12,1425,1,2,9,1.0,6,29019,M,4839061.0,-448478.0,29
201400022171,14,5,18,2005,1,2,1,1.0,3,29019,M,4839267.0,-447941.0,29
201400022172,14,5,20,825,1,2,2,2.0,6,29019,M,4841005.0,-449088.0,29
201400022173,14,5,20,810,1,2,1,2.0,3,29019,M,4841506.0,-446832.0,29
201400022174,14,5,22,750,1,2,1,2.0,1,29019,M,4841564.0,-449122.0,29
201400022175,14,5,22,1245,1,2,1,2.0,2,29019,M,4842060.0,-447490.0,29
201400022176,14,5,25,205,5,2,2,1.0,3,29019,M,4840167.0,-447970.0,29
201400022177,14,5,26,1640,1,2,1,1.0,6,29019,M,4840262.0,-446556.0,29
201400022178,14,5,26,1900,1,2,9,1.0,3,29019,M,4836171.0,-455440.0,29
201400022179,14,6,2,1325,1,2,6,1.0,3,29019,M,4840489.0,-449714.0,29
201400022180,14,6,12,1235,1,2,1,1.0,6,29019,M,4840447.0,-450760.0,29
201400022181,14,6,13,1700,1,2,3,1.0,3,29019,M,4839039.0,-448607.0,29
201400022182,14,6,13,1715,1,2,1,1.0,2,29019,M,4840669.0,-447489.0,29
201400022183,14,6,15,635,2,2,1,1.0,6,29019,M,4839140.0,-448069.0,29
201400022184,14,6,18,1405,1,2,2,1.0,3,29019,M,4842741.0,-446529.0,29
201400022185,14,6,18,1753,1,2,2,1.0,3,29019,M,4840706.0,-449465.0,29
201400022186,14,6,19,840,1,2,3,1.0,3,29019,M,4839656.0,-446444.0,29
201400022187,14,6,20,930,1,2,1,1.0,6,29019,M,4839212.0,-448590.0,29
201400022188,14,6,20,2225,5,2,3,1.0,7,29019,M,4840500.0,-446348.0,29
201400022189,14,6,23,1845,1,2,6,1.0,3,29019,M,4840680.0,-447551.0,29
201400022190,14,6,24,730,1,2,1,1.0,6,29019,M,4840004.0,-448148.0,29
201400022191,14,6,24,1215,1,2,1,1.0,6,29019,M,4839210.0,-448311.0,29
201400022192,14,6,25,1310,1,2,1,1.0,2,29019,M,4841319.0,-448750.0,29
201400022193,14,6,27,1155,1,2,6,1.0,3,29019,M,4838432.0,-448403.0,29
201400022194,14,6,27,2300,5,2,1,1.0,3,29019,M,4839031.0,-444330.0,29
201400022195,14,6,29,1835,1,2,6,1.0,3,29019,M,4840461.0,-450601.0,29
201400022196,14,7,2,1355,1,2,1,1.0,3,29019,M,4839877.0,-450757.0,29
201400022197,14,7,4,1655,1,2,1,2.0,5,29019,M,4845015.0,-451258.0,29
201400022198,14,7,8,1325,1,2,2,1.0,3,29019,M,4839658.0,-448263.0,29
201400022199,14,7,8,2330,5,2,7,1.0,3,29019,M,4839759.0,-448935.0,29
201400022200,14,7,16,1640,1,2,1,1.0,1,29019,M,4839182.0,-448712.0,29
201400022201,14,7,18,1445,1,2,1,1.0,2,29019,M,4841405.0,-447933.0,29
201400022202,14,7,19,1630,1,2,2,1.0,6,29019,M,4839283.0,-448318.0,29
201400022203,14,7,23,1000,1,2,1,1.0,6,29019,M,4840192.0,-448134.0,29
201400022204,14,7,23,1255,1,2,6,7.0,3,29019,M,4837604.0,-455391.0,29
201400022205,14,7,30,955,1,2,3,1.0,3,29019,M,4839716.0,-449744.0,29
201400022206,14,7,30,2040,1,1,1,1.0,2,29019,M,4839039.0,-448607.0,29
201400022207,14,8,2,835,1,2,1,1.0,6,29019,M,4841587.0,-447376.0,29
201400022208,14,8,5,1810,1,2,3,1.0,3,29019,M,4838733.0,-449213.0,29
201400022209,14,8,7,1110,1,2,1,1.0,2,29019,M,4840461.0,-450601.0,29
201400022210,14,8,11,1420,1,2,1,1.0,3,29019,M,4841047.0,-447654.0,29
201400022211,14,8,18,1440,1,2,2,1.0,3,29019,M,4838075.0,-453063.0,29
201400022212,14,8,19,1310,1,2,2,1.0,3,29019,M,4840700.0,-446037.0,29
201400022213,14,8,21,820,1,2,1,1.0,1,29019,M,4839677.0,-453253.0,29
201400022214,14,8,22,1900,1,2,1,1.0,2,29019,M,4840469.0,-450960.0,29
201400022215,14,9,1,755,1,2,1,1.0,2,29019,M,4839039.0,-448607.0,29
201400022216,14,9,2,1135,1,2,1,1.0,6,29019,M,,,29
201400022217,14,9,5,750,1,2,2,1.0,3,29019,M,4838790.0,-450338.0,29
201400022218,14,9,5,825,1,2,1,1.0,3,29019,M,4839368.0,-443454.0,29
201400022219,14,9,7,1630,1,2,1,1.0,3,29019,M,4840246.0,-448144.0,29
201400022220,14,9,10,755,1,2,6,1.0,6,29019,M,4840088.0,-445133.0,29
201400022221,14,9,11,1033,1,2,1,1.0,6,29019,M,4838388.0,-449039.0,29
201400022222,14,9,11,1300,1,2,1,1.0,3,29019,M,4841004.0,-446289.0,29
201400022223,14,9,1,1925,1,2,1,1.0,2,29019,M,4840461.0,-450601.0,29
201400022224,14,9,15,800,1,2,3,1.0,2,29019,M,4840328.0,-448087.0,29
201400022225,14,9,18,2015,2,2,2,1.0,3,29019,M,4838289.0,-451791.0,29
201400022226,14,9,19,1735,1,2,3,1.0,6,29019,M,4838489.0,-450096.0,29
201400022227,14,9,22,1053,1,2,3,1.0,3,29019,M,4840469.0,-450960.0,29
201400022228,14,9,23,1205,1,2,2,1.0,6,29019,M,4840559.0,-448466.0,29
201400022229,14,9,23,1700,1,2,3,1.0,6,29019,M,4839778.0,-447281.0,29
201400022230,14,9,26,755,2,2,1,1.0,3,29019,M,4839124.0,-448143.0,29
201400022231,14,9,26,1830,1,2,1,2.0,4,29019,M,4840088.0,-445133.0,29
201400022232,14,9,28,1020,1,2,2,1.0,3,29019,M,4840268.0,-449440.0,29
201400022233,14,9,29,1330,1,2,1,1.0,2,29019,M,4838884.0,-453722.0,29
201400022234,14,9,29,1550,1,2,1,1.0,3,29019,M,4841319.0,-448750.0,29
201400022235,14,10,2,2030,2,2,1,1.0,3,29019,M,4839089.0,-447895.0,29
201400022236,14,10,1,750,2,2,2,2.0,3,29019,M,4840352.0,-447229.0,29
201400022237,14,10,1,1635,1,2,1,1.0,6,29019,M,4841492.0,-448383.0,29
201400022238,14,10,2,1910,1,2,1,1.0,2,29019,M,4840469.0,-450960.0,29
201400022239,14,10,4,1400,1,2,3,1.0,6,29019,M,4838613.0,-453243.0,29
201400022240,14,10,5,205,5,2,3,1.0,3,29019,M,4839970.0,-448600.0,29
201400022241,14,10,6,1725,1,2,2,1.0,3,29019,M,4841515.0,-446823.0,29
201400022242,14,10,7,1535,1,2,6,1.0,3,29019,M,4841405.0,-447933.0,29
201400022243,14,10,7,1610,1,2,1,1.0,6,29019,M,4838225.0,-449012.0,29
201400022244,14,10,11,220,4,2,6,8.0,6,29019,M,4841405.0,-447933.0,29
201400022245,14,10,11,1515,1,2,1,1.0,2,29019,M,4841405.0,-447933.0,29
201400022246,14,10,15,1215,1,2,1,2.0,6,29019,M,,,29
201400022247,14,10,16,920,1,2,1,9.0,3,29019,M,4841005.0,-449088.0,29
201400022248,14,10,20,1740,1,2,2,1.0,6,29019,M,4841685.0,-448731.0,29
201400022249,14,10,21,1610,1,2,1,1.0,2,29019,M,4842477.0,-446038.0,29
201400022250,14,10,22,2145,4,2,1,1.0,7,29019,M,4838725.0,-449019.0,29
201400022251,14,10,24,925,1,2,1,2.0,6,29019,M,4840088.0,-445133.0,29
201400022252,14,10,24,1545,1,2,1,1.0,3,29019,M,4840461.0,-450601.0,29
201400022253,14,10,28,745,1,2,1,1.0,4,29019,M,4841180.0,-446836.0,29
201400022254,14,10,28,1330,1,2,1,1.0,2,29019,M,4841405.0,-447933.0,29
201400022255,14,10,28,1855,4,2,2,1.0,2,29019,M,4839083.0,-448715.0,29
201400022256,14,11,2,1612,1,2,1,8.0,6,29019,M,4799787.0,-412655.0,29
201400022257,14,11,3,810,5,2,3,1.0,6,29019,M,4841787.0,-449652.0,29
201400022258,14,11,3,1320,1,2,1,1.0,7,29019,M,,,29
201400022259,14,11,4,730,2,2,1,2.0,3,29019,M,4839318.0,-444859.0,29
201400022260,14,11,4,900,1,2,1,1.0,6,29019,M,4839530.0,-448848.0,29
201400022261,14,11,5,1820,3,2,3,1.0,6,29019,M,4838558.0,-452259.0,29
201400022262,14,11,5,2015,5,2,6,1.0,3,29019,M,4839089.0,-447895.0,29
201400022263,14,11,16,1145,1,2,3,1.0,3,29019,M,4839039.0,-448607.0,29
201400022264,14,11,24,135,5,2,1,3.0,1,29019,M,4838432.0,-448403.0,29
201400022265,14,11,29,835,1,2,1,1.0,6,29019,M,4840816.0,-448683.0,29
201400022266,14,11,27,715,5,2,1,1.0,6,29019,M,4842355.0,-449135.0,29
201400022267,14,11,29,1215,1,2,1,1.0,2,29019,M,4840441.0,-447881.0,29
201400022268,14,11,29,1610,1,2,1,1.0,6,29019,M,4837974.0,-452689.0,29
201400022269,14,12,1,1635,1,2,2,1.0,3,29019,M,4841548.0,-448078.0,29
201400022270,14,12,2,800,2,2,1,2.0,6,29019,M,4839089.0,-450652.0,29
201400022271,14,12,4,735,5,2,2,2.0,6,29019,M,4840272.0,-449838.0,29
201400022272,14,12,7,205,3,2,1,1.0,6,29019,M,4840243.0,-449025.0,29
201400022273,14,12,8,845,1,2,2,2.0,6,29019,M,4841054.0,-449684.0,29
201400022274,14,12,8,1100,1,2,1,2.0,4,29019,M,4838474.0,-448310.0,29
201400022275,14,12,8,1245,1,2,3,2.0,2,29019,M,4838437.0,-449910.0,29
201400022276,14,12,10,1815,5,2,7,2.0,3,29019,M,4839758.0,-448906.0,29
201400022277,14,12,11,1225,1,2,1,1.0,4,29019,M,4840328.0,-448087.0,29
201400022278,14,12,15,805,2,2,6,2.0,3,29019,M,4839549.0,-453877.0,29
201400022279,14,12,18,1138,1,2,2,2.0,6,29019,M,4838718.0,-451392.0,29
201400022280,14,12,20,1700,1,2,3,1.0,2,29019,M,4840497.0,-446357.0,29
201400022281,14,2,26,1615,1,1,1,3.0,6,40164,M,4413956.0,-27585.0,40
201400022282,14,4,13,1215,1,1,1,1.0,6,40259,M,4384611.0,-33537.0,40
201400022283,14,7,18,1215,1,1,1,1.0,6,40245,M,4403997.0,-34317.0,40
201400022284,14,1,14,1413,1,1,1,1.0,4,29039,M,4789964.0,-391174.0,29
201400022285,14,1,18,2230,4,1,1,2.0,7,29039,M,4789463.0,-391401.0,29
201400022286,14,1,28,608,3,1,1,2.0,7,29039,M,4793512.0,-391970.0,29
201400022287,14,1,27,1815,3,2,1,8.0,7,29039,M,4789662.0,-391200.0,29
201400022288,14,2,1,1400,1,1,1,2.0,3,29039,M,4787283.0,-392073.0,29
201400022289,14,2,3,1850,5,2,1,1.0,6,29039,M,4787160.0,-391901.0,29
201400022290,14,2,11,1830,1,2,1,1.0,6,29039,M,4788218.0,-391943.0,29
201400022291,14,2,15,1,5,2,6,1.0,1,29039,M,4788263.0,-391923.0,29
201400022292,14,2,28,1055,1,1,1,6.0,6,29039,M,4788133.0,-390531.0,29
201400022293,14,3,1,1525,1,1,1,1.0,6,29039,M,4786033.0,-388295.0,29
201400022294,14,3,17,2000,3,1,6,1.0,2,29039,M,,,29
201400022295,14,4,7,1720,1,2,1,1.0,3,29039,M,4786753.0,-389892.0,29
201400022296,14,5,8,1245,1,2,1,2.0,7,29039,M,4787974.0,-390598.0,29
201400022297,14,5,8,1648,1,2,2,2.0,1,29039,M,4787283.0,-392073.0,29
201400022298,14,5,27,1315,1,2,1,1.0,6,29039,M,4787764.0,-392437.0,29
201400022299,14,6,4,1055,1,2,6,1.0,7,29039,M,4787283.0,-392073.0,29
201400022300,14,6,19,1045,1,2,1,1.0,6,29039,M,4786855.0,-390418.0,29
201400022301,14,6,20,1340,1,2,1,1.0,3,29039,M,4788965.0,-391851.0,29
201400022302,14,6,24,1730,1,1,1,1.0,7,29039,M,4787283.0,-392073.0,29
201400022303,14,6,25,1840,1,2,1,1.0,4,29039,M,4789727.0,-391240.0,29
201400022304,14,7,1,935,1,1,1,2.0,3,29039,M,4787283.0,-392073.0,29
201400022305,14,7,13,1640,1,2,1,1.0,7,29039,M,4786918.0,-389477.0,29
201400022306,14,7,21,1330,1,2,1,1.0,7,29039,M,4787064.0,-391677.0,29
201400022307,14,7,25,1130,1,1,2,1.0,3,29039,M,4787868.0,-386993.0,29
201400022308,14,7,30,1030,1,1,1,1.0,7,29039,M,4787283.0,-392073.0,29
201400022309,14,8,9,1208,1,2,1,1.0,7,29039,M,4787891.0,-392427.0,29
201400022310,14,8,17,2110,3,2,1,1.0,6,29039,M,4787476.0,-392847.0,29
201400022311,14,8,20,1408,1,1,1,1.0,3,29039,M,4787283.0,-392073.0,29
201400022312,14,8,31,825,1,2,1,1.0,6,29039,M,4789423.0,-390559.0,29
201400022313,14,9,4,1025,1,2,6,1.0,7,29039,M,4787297.0,-390540.0,29
201400022314,14,9,9,1045,1,1,1,1.0,1,29039,M,4787283.0,-392073.0,29
201400022315,14,9,19,1550,1,2,1,1.0,6,29039,M,4786901.0,-391757.0,29
201400022316,14,9,20,405,3,1,1,1.0,7,29039,M,4789954.0,-390940.0,29
201400022317,14,10,1,1220,1,2,1,2.0,6,29039,M,4787953.0,-390641.0,29
201400022318,14,10,1,1520,1,2,3,2.0,6,29039,M,4787721.0,-391503.0,29
201400022319,14,10,4,1120,1,2,1,2.0,4,29039,M,4786105.0,-388599.0,29
201400022320,14,10,13,1725,1,1,2,1.0,1,29039,M,4752540.0,345699.0,29
201400022321,14,10,22,2245,3,1,1,1.0,6,29039,M,4782988.0,-388891.0,29
201400022322,14,10,23,820,1,2,6,1.0,7,29039,M,4790021.0,-391174.0,29
201400022323,14,10,23,1800,1,2,1,1.0,6,29039,M,4788225.0,-391570.0,29
201400022324,14,11,1,1430,1,1,1,1.0,3,29039,M,4793811.0,-391468.0,29
201400022325,14,11,16,905,1,1,9,1.0,7,29039,M,4788118.0,-388344.0,29
201400022326,14,11,17,1050,1,2,1,1.0,7,29039,M,4787072.0,-392760.0,29
201400022327,14,11,22,910,1,1,3,1.0,7,29039,M,4789103.0,-392226.0,29
201400022328,14,11,22,1318,1,2,1,2.0,7,29039,M,4787283.0,-392073.0,29
201400022329,14,11,30,1557,1,1,1,1.0,7,29039,M,4787283.0,-392073.0,29
201400022330,14,12,3,1539,1,2,2,1.0,3,29039,M,4790917.0,-391942.0,29
201400022331,14,12,6,1810,3,1,1,1.0,4,29039,M,4788892.0,-391525.0,29
201400022332,14,12,6,1944,3,1,1,1.0,7,29039,M,4792075.0,-391288.0,29
201400022333,14,12,17,1520,1,2,2,2.0,2,29039,M,4789161.0,-392307.0,29
201400022334,14,12,17,1630,1,1,1,2.0,2,29039,M,4787283.0,-392073.0,29
201400022335,14,12,18,1715,5,2,6,2.0,3,29039,M,4788411.0,-392691.0,29
201400022336,14,4,18,1945,1,2,1,1.0,3,29151,M,4857723.0,-382837.0,29
201400022337,14,6,6,1510,1,2,1,1.0,7,29254,M,4859737.0,-384172.0,29
201400022338,14,6,13,1415,1,2,1,1.0,6,29151,M,4859366.0,-381525.0,29
201400022339,14,6,10,1235,1,2,1,1.0,7,29151,M,4858433.0,-383357.0,29
201400022340,14,6,20,1430,1,2,1,1.0,2,29254,M,4857401.0,-384994.0,29
201400022341,14,6,28,1605,1,2,1,1.0,1,29254,M,4859313.0,-384144.0,29
201400022342,14,7,13,1435,1,2,1,1.0,6,29254,M,4859849.0,-385281.0,29
201400022343,14,7,25,1705,1,2,1,1.0,7,29254,M,4858018.0,-386630.0,29
201400022344,14,8,16,1615,1,1,1,1.0,5,29254,M,4859313.0,-384144.0,29
201400022345,14,9,2,2230,5,2,1,1.0,6,29151,M,4857486.0,-381540.0,29