Num_Acc,an,mois,jour,hrmn,lum,agg,int,atm,col,com,gps,lat,long,dep
201400022346,14,11,16,455,3,1,1,1.0,6,29254,M,4877842.0,333618.0,29
201400022347,14,12,7,135,3,1,1,1.0,6,29151,M,4858280.0,-380795.0,29
201400022348,14,12,6,1703,5,2,9,1.0,2,29254,M,4857361.0,-385029.0,29
201400022349,14,2,11,2015,3,1,1,1.0,7,52432,M,4794845.0,532740.0,52
201400022350,14,2,24,1215,1,1,1,1.0,2,52519,M,4770117.0,518676.0,52
201400022351,14,3,21,445,3,1,1,1.0,2,52282,M,4798394.0,513021.0,52
201400022352,14,5,14,900,1,1,1,8.0,2,52282,M,4797032.0,514179.0,52
201400022353,14,7,23,1445,1,1,1,1.0,6,52258,M,4810372.0,479990.0,52
201400022354,14,8,17,745,1,1,1,1.0,6,52014,M,4775826.0,518832.0,52
201400022355,14,8,25,1700,1,1,1,1.0,6,52147,M,4782419.0,522559.0,52
201400022356,14,9,23,1815,1,1,1,1.0,2,52282,M,4797597.0,513695.0,52
201400022357,14,10,3,1400,1,1,1,1.0,7,52384,M,4781540.0,522371.0,52
201400022358,14,10,12,1900,3,1,1,8.0,5,52282,M,4796446.0,514731.0,52
201400022359,14,10,30,400,3,1,1,5.0,6,52432,M,4794773.0,534001.0,52
201400022360,14,11,24,2330,3,1,1,1.0,2,52399,M,4808045.0,486906.0,52
201400022361,14,9,11,1630,1,1,1,7.0,1,57224,M,0.0,0.0,57
201400022362,14,8,4,830,1,1,1,1.0,3,76404,M,4958733.0,25542.0,76
201400022363,14,11,16,330,4,2,1,1.0,7,76275,M,4956114.0,18227.0,76
201400022364,14,11,16,1930,5,1,1,1.0,5,76167,M,4960645.0,15031.0,76
201400022365,14,5,29,1630,1,1,1,3.0,2,41256,M,4734700.0,204900.0,41
201400022366,14,7,8,900,1,1,1,1.0,7,41161,M,4752300.0,200400.0,41
201400022367,14,10,14,2030,3,1,1,1.0,5,41106,M,4758700.0,199000.0,41
201400022368,14,12,26,1830,3,1,1,2.0,7,41232,M,4743500.0,201700.0,41
201400022369,14,1,1,1830,5,2,1,6.0,2,29232,M,4798404.0,-413022.0,29
201400022370,14,1,2,1150,1,2,1,1.0,7,29232,M,4797940.0,-412147.0,29
201400022371,14,1,2,1750,3,2,1,2.0,6,29232,M,4798003.0,-410760.0,29
201400022372,14,1,6,1708,1,2,1,1.0,2,29232,M,4799474.0,-407305.0,29
201400022373,14,1,8,821,3,1,1,2.0,2,29232,M,4800604.0,-406268.0,29
201400022374,14,1,9,815,1,1,1,1.0,2,29232,M,4799521.0,-407318.0,29
201400022375,14,1,9,1810,5,2,1,8.0,6,29232,M,4799348.0,-409906.0,29
201400022376,14,1,10,1333,1,1,1,1.0,2,29232,M,4797490.0,-400099.0,29
201400022377,14,1,11,1228,1,1,1,7.0,7,29232,M,4802746.0,-407768.0,29
201400022378,14,1,11,2251,5,2,1,1.0,2,29232,M,4799474.0,-410123.0,29
201400022379,14,1,14,1800,5,2,1,2.0,7,29232,M,4798131.0,-409674.0,29
201400022380,14,1,16,1504,1,2,1,3.0,3,29232,M,4798023.0,-407934.0,29
201400022381,14,1,16,2015,5,2,1,9.0,1,29232,M,4799038.0,-409755.0,29
201400022382,14,1,18,1137,1,1,1,2.0,7,29232,M,4798853.0,-402734.0,29
201400022383,14,1,18,1530,1,2,1,2.0,7,29232,M,4798321.0,-411905.0,29
201400022384,14,1,21,1115,1,2,1,1.0,6,29232,M,4800892.0,-409626.0,29
201400022385,14,1,21,2028,5,2,1,2.0,2,29232,M,4799528.0,-409946.0,29
201400022386,14,1,23,730,4,1,1,2.0,3,29232,M,4797510.0,-413191.0,29
201400022387,14,1,24,1010,1,2,1,9.0,6,29232,M,4799334.0,-411916.0,29
201400022388,14,1,27,1710,1,1,1,2.0,2,29232,M,4801128.0,-409141.0,29
201400022389,14,1,27,1915,1,2,1,2.0,7,29232,M,4797473.0,-406665.0,29
201400022390,14,1,28,1955,5,2,1,2.0,7,29232,M,4798288.0,-407223.0,29
201400022391,14,2,2,1130,1,1,6,1.0,3,29051,M,4799638.0,-402738.0,29
201400022392,14,2,3,750,2,2,1,1.0,6,29232,M,4799754.0,-409789.0,29
201400022393,14,2,6,1130,1,2,1,2.0,6,29232,M,4799754.0,-409789.0,29
201400022394,14,2,6,1805,2,2,6,1.0,3,29232,M,4799245.0,-408180.0,29
201400022395,14,2,7,1545,1,2,1,1.0,2,29232,M,4797928.0,-409356.0,29
201400022396,14,2,11,805,5,2,1,3.0,7,29232,M,4799510.0,-409782.0,29
201400022397,14,2,15,2105,5,2,1,1.0,7,29232,M,4801670.0,-409112.0,29
201400022398,14,2,18,1900,2,2,1,2.0,3,29232,M,4799078.0,-406777.0,29
201400022399,14,2,21,1710,1,2,4,1.0,6,29232,M,4799427.0,-410563.0,29
201400022400,14,2,28,1100,1,2,1,3.0,6,29232,M,4798363.0,-410632.0,29
201400022401,14,3,3,1330,1,1,1,1.0,7,29232,M,4800369.0,-405824.0,29
201400022402,14,3,3,1645,1,2,1,1.0,7,29232,M,4802995.0,-408807.0,29
201400022403,14,3,3,2320,5,1,1,1.0,7,29232,M,4798040.0,-410057.0,29
201400022404,14,3,4,2022,5,1,1,1.0,3,29232,M,4797581.0,-409365.0,29
201400022405,14,3,8,1150,1,2,1,1.0,7,29232,M,4799935.0,-411465.0,29
201400022406,14,3,10,1720,1,1,1,1.0,7,29232,M,4800382.0,-407058.0,29
201400022407,14,3,12,2106,4,1,1,1.0,7,29232,M,4798447.0,-413033.0,29
201400022408,14,3,13,1330,1,2,1,1.0,6,29232,M,4797703.0,-410014.0,29
201400022409,14,3,15,311,3,1,1,9.0,6,29232,M,4801575.0,-411681.0,29
201400022410,14,3,24,750,1,1,1,1.0,7,29232,M,4796867.0,-406283.0,29
201400022411,14,3,25,730,1,1,2,3.0,3,29232,M,4795241.0,-403704.0,29
201400022412,14,3,22,1415,1,1,1,4.0,7,29232,M,4797880.0,-406253.0,29
201400022413,14,3,28,1135,1,2,1,1.0,7,29232,M,4798166.0,-409565.0,29
201400022414,14,4,7,1645,1,2,6,2.0,3,29232,M,4801871.0,-408380.0,29
201400022415,14,4,9,1310,1,2,1,1.0,2,29232,M,4799067.0,-407606.0,29
201400022416,14,4,11,1440,1,2,1,1.0,4,29232,M,4798023.0,-410282.0,29
201400022417,14,4,15,1555,1,2,1,1.0,6,29232,M,4798693.0,-407406.0,29
201400022418,14,4,16,1335,1,2,1,1.0,6,29232,M,4799601.0,-410529.0,29
201400022419,14,4,22,1613,1,1,1,1.0,7,29232,M,4798217.0,-410453.0,29
201400022420,14,4,25,1855,1,2,1,1.0,7,29232,M,4799754.0,-409789.0,29
201400022421,14,4,26,1810,1,2,3,2.0,7,29232,M,4799623.0,-402902.0,29
201400022422,14,4,27,1700,1,2,1,1.0,7,29232,M,4799754.0,-409790.0,29
201400022423,14,4,29,1600,1,2,1,1.0,2,29232,M,4799124.0,-411553.0,29
201400022424,14,5,1,1650,1,2,3,1.0,3,29051,M,4799905.0,-405517.0,29
201400022425,14,5,3,213,5,2,1,1.0,6,29232,M,4500518.0,16063.0,29
201400022426,14,5,4,1850,1,1,1,1.0,2,29232,M,4802319.0,-408428.0,29
201400022427,14,5,5,2347,5,2,2,1.0,3,29232,M,4799754.0,-409789.0,29
201400022428,14,5,7,1054,1,2,6,1.0,2,29232,M,4797942.0,-407979.0,29
201400022429,14,5,8,2150,2,1,1,2.0,6,29232,M,4797857.0,-404778.0,29
201400022430,14,5,9,700,1,1,1,1.0,6,29232,M,4799754.0,-409789.0,29
201400022431,14,5,10,1030,1,2,1,1.0,7,29232,M,4802319.0,-408449.0,29
201400022432,14,5,13,1838,1,2,3,1.0,3,29232,M,4802313.0,-408458.0,29
201400022433,14,5,15,1540,1,2,6,1.0,5,29232,M,4798371.0,-411729.0,29
201400022434,14,5,16,617,1,1,1,1.0,7,29232,M,4799754.0,-409789.0,29
201400022435,14,5,16,1530,1,2,1,1.0,2,29232,M,4798622.0,-413030.0,29
201400022436,14,5,22,804,1,2,6,2.0,2,29232,M,4797302.0,-406494.0,29
201400022437,14,5,22,1700,1,2,1,2.0,6,29232,M,4798601.0,-405973.0,29
201400022438,14,5,23,1846,1,2,1,1.0,3,29232,M,4798312.0,-412907.0,29
201400022439,14,5,25,1700,1,2,1,1.0,7,29232,M,4798312.0,-412907.0,29
201400022440,14,5,27,2020,1,2,1,1.0,3,29232,M,4798515.0,-412651.0,29
201400022441,14,5,28,1830,1,2,9,1.0,3,29232,M,4797534.0,-413246.0,29
201400022442,14,5,28,1815,1,2,1,1.0,2,29232,M,4798951.0,-411082.0,29
201400022443,14,5,30,1630,1,2,1,8.0,4,29232,M,4800035.0,-407621.0,29
201400022444,14,5,31,1945,1,2,2,1.0,1,29232,M,4799425.0,-410742.0,29
201400022445,14,6,1,443,1,1,1,1.0,6,29232,M,4799848.0,-413020.0,29
201400022446,14,6,1,1825,1,2,1,1.0,3,29232,M,4798755.0,-410399.0,29
201400022447,14,6,12,440,2,2,1,1.0,7,29232,M,4797308.0,-408773.0,29
201400022448,14,6,14,1830,1,2,6,1.0,3,29232,M,4797946.0,-412209.0,29
201400022449,14,6,14,1900,1,1,1,1.0,7,29051,M,4802702.0,-397103.0,29
201400022450,14,6,15,1,3,1,1,1.0,7,29051,M,4801220.0,-401478.0,29
201400022451,14,6,15,1605,1,2,1,1.0,7,29232,M,4795707.0,-408210.0,29
201400022452,14,6,18,1850,1,1,1,1.0,4,29232,M,4797302.0,-406494.0,29
201400022453,14,6,22,527,5,2,6,1.0,6,29232,M,4800295.0,-408932.0,29
201400022454,14,6,23,850,1,1,1,1.0,3,29232,M,4797941.0,-409516.0,29
201400022455,14,6,24,1645,1,2,2,1.0,6,29232,M,4800184.0,-408542.0,29
201400022456,14,6,26,832,1,1,3,1.0,5,29232,M,4798241.0,-409275.0,29
201400022457,14,6,27,845,1,2,1,1.0,3,29232,M,4798349.0,-411834.0,29
201400022458,14,6,27,2308,2,2,1,1.0,6,29232,M,4797251.0,-399470.0,29
201400022459,14,6,30,1500,1,2,1,1.0,4,29232,M,4798018.0,-410299.0,29
201400022460,14,7,5,2350,3,2,1,3.0,2,29232,M,4799372.0,-407337.0,29
201400022461,14,7,9,1835,1,1,1,1.0,7,29232,M,,,29
201400022462,14,7,13,1046,1,2,5,2.0,3,29232,M,4798920.0,-408203.0,29
201400022463,14,7,17,1135,1,2,1,1.0,6,29232,M,4801542.0,-410533.0,29
201400022464,14,7,24,1525,1,1,1,1.0,3,29232,M,4799754.0,-409789.0,29
201400022465,14,7,26,1940,1,2,1,1.0,6,29232,M,4799443.0,-409431.0,29
201400022466,14,7,29,1025,1,2,1,1.0,6,29232,M,4798299.0,-406754.0,29
201400022467,14,7,30,1625,1,1,3,1.0,6,29232,M,4797016.0,-412731.0,29
201400022468,14,8,2,1240,1,1,4,1.0,1,29051,M,4800073.0,-404351.0,29
201400022469,14,8,5,35,3,1,1,1.0,7,29051,M,4800025.0,-400558.0,29
201400022470,14,8,8,8,5,2,3,2.0,6,29232,M,4799502.0,-409660.0,29
201400022471,14,8,11,900,1,2,1,1.0,7,29232,M,4799473.0,-410127.0,29
201400022472,14,8,14,1405,1,2,1,2.0,3,29232,M,4799090.0,-407396.0,29
201400022473,14,8,12,1900,1,1,1,1.0,7,29232,M,4799754.0,-409789.0,29
201400022474,14,8,19,57,5,2,1,1.0,3,29232,M,4798744.0,-409193.0,29
201400022475,14,8,19,810,1,2,3,1.0,3,29232,M,4799924.0,-409240.0,29
201400022476,14,8,23,40,5,2,1,1.0,2,29232,M,4798415.0,-413077.0,29
201400022477,14,8,23,1310,1,2,3,1.0,6,29232,M,4799917.0,-413323.0,29
201400022478,14,8,23,1430,1,2,1,1.0,2,29232,M,4799917.0,-413323.0,29
201400022479,14,8,28,1736,1,2,1,2.0,2,29232,M,4798313.0,-411904.0,29
201400022480,14,8,25,1335,1,2,1,3.0,6,29232,M,4799443.0,-409431.0,29
201400022481,14,8,25,1940,1,1,1,2.0,1,29051,M,4802580.0,-397435.0,29
201400022482,14,8,25,710,2,1,1,2.0,1,29051,M,4799061.0,-401633.0,29
201400022483,14,8,30,140,3,1,1,1.0,7,29232,M,4799429.0,-407085.0,29
201400022484,14,9,8,840,1,2,6,1.0,2,29232,M,4797941.0,-409516.0,29
201400022485,14,9,10,1800,1,2,3,1.0,1,29232,M,4798872.0,-410135.0,29
201400022486,14,9,15,1220,1,1,4,1.0,3,29232,M,4798121.0,-403027.0,29
201400022487,14,9,20,335,3,1,1,1.0,7,29051,M,4802385.0,-404388.0,29
201400022488,14,9,20,1325,1,1,3,1.0,5,29232,M,4797316.0,-406504.0,29
201400022489,14,9,23,1530,1,1,1,7.0,7,29232,M,4802772.0,-408459.0,29
201400022490,14,9,28,1530,1,2,4,1.0,7,29232,M,4797575.0,-412729.0,29
201400022491,14,10,1,1805,1,2,6,2.0,4,29232,M,4797985.0,-408731.0,29
201400022492,14,10,4,1330,1,2,3,1.0,3,29232,M,4799132.0,-412605.0,29
201400022493,14,10,6,845,2,2,1,3.0,7,29232,M,4798213.0,-409773.0,29
201400022494,14,10,8,805,2,1,3,2.0,3,29232,M,4795833.0,-404864.0,29
201400022495,14,10,17,1415,1,1,1,2.0,6,29232,M,4798517.0,-404328.0,29
201400022496,14,10,17,1945,5,2,6,2.0,6,29232,M,4799754.0,-409789.0,29
201400022497,14,10,21,835,1,2,1,2.0,2,29232,M,4802313.0,-408458.0,29
201400022498,14,10,24,510,3,1,1,2.0,6,29051,M,4802580.0,-397435.0,29
201400022499,14,10,31,630,3,1,1,1.0,7,29232,M,4840238.0,-441622.0,29
201400022500,14,10,31,1535,1,2,6,1.0,6,29232,M,4797946.0,-412209.0,29
201400022501,14,11,1,1950,2,2,1,1.0,6,29232,M,4799787.0,-412655.0,29
201400022502,14,11,2,245,3,1,1,3.0,7,29232,M,4801675.0,-411459.0,29
201400022503,14,11,6,530,3,1,1,1.0,7,29232,M,4797852.0,-404788.0,29
201400022504,14,11,7,845,1,2,1,3.0,3,29232,M,4799754.0,-409789.0,29
201400022505,14,11,8,1729,1,1,6,2.0,3,29232,M,4799754.0,-409789.0,29
201400022506,14,11,11,1230,1,2,1,1.0,6,29232,M,4797575.0,-412729.0,29
201400022507,14,11,12,1325,1,2,1,3.0,6,29232,M,4799558.0,-409996.0,29
201400022508,14,11,12,1950,5,2,3,2.0,6,29232,M,4799473.0,-410127.0,29
201400022509,14,11,14,1100,1,2,1,1.0,7,29232,M,4798148.0,-407466.0,29
201400022510,14,11,17,800,2,2,3,1.0,7,29232,M,4800610.0,-409733.0,29
201400022511,14,11,19,1540,1,2,1,8.0,6,29232,M,4799917.0,-413323.0,29
201400022512,14,11,20,1815,1,1,1,2.0,2,29232,M,4797852.0,-404788.0,29
201400022513,14,11,23,133,4,1,1,3.0,6,29232,M,4798313.0,-411904.0,29
201400022514,14,12,1,840,2,2,1,1.0,1,29232,M,4798730.0,-409829.0,29
201400022515,14,12,4,1400,1,1,6,1.0,3,29232,M,4797941.0,-409516.0,29
201400022516,14,12,9,1315,1,2,1,1.0,7,29232,M,4798404.0,-410490.0,29
201400022517,14,12,11,1320,1,2,1,9.0,6,29232,M,4797808.0,-407773.0,29
201400022518,14,12,12,614,3,1,1,2.0,7,29051,M,4799061.0,-401633.0,29
201400022519,14,12,14,615,3,1,1,2.0,7,29232,M,4795701.0,-408217.0,29
201400022520,14,12,18,1805,2,2,1,2.0,6,29232,M,4798736.0,-408485.0,29
201400022521,14,12,22,1830,4,2,1,1.0,3,29232,M,4798367.0,-411750.0,29
201400022522,14,12,27,1905,2,2,1,2.0,6,29232,M,4801039.0,-410336.0,29
201400022523,14,12,27,1510,1,2,1,1.0,2,29232,M,4799655.0,-410000.0,29
201400022524,14,6,21,1800,1,1,1,1.0,2,54253,M,4919813.0,589519.0,54
201400022525,14,6,28,745,1,1,1,1.0,1,55400,M,0.0,0.0,55
201400022526,14,7,24,1315,1,1,1,1.0,2,57443,M,0.0,0.0,57
201400022527,14,2,7,1630,1,1,1,1.0,5,60088,M,0.0,0.0,60
201400022528,14,3,21,745,2,1,1,1.0,3,60395,M,0.0,0.0,60
201400022529,14,4,20,1300,1,1,1,1.0,6,60088,M,0.0,0.0,60
201400022530,14,9,18,715,1,1,2,1.0,3,60395,M,0.0,0.0,60
201400022531,14,9,20,1100,1,1,2,1.0,3,60395,M,0.0,0.0,60
201400022532,14,10,15,900,1,2,1,1.0,1,60395,M,0.0,0.0,60
201400022533,14,1,27,1654,1,2,1,7.0,7,30007,M,4412151.0,408038.0,30
201400022534,14,1,29,1100,1,2,1,2.0,7,30007,M,,,30
201400022535,14,2,13,1730,1,1,1,2.0,3,30007,M,4412378.0,409515.0,30
201400022536,14,2,26,1230,1,2,1,1.0,4,30007,M,,,30
201400022537,14,2,27,1240,1,2,1,1.0,3,30243,M,4409246.0,408420.0,30
201400022538,14,2,27,1815,1,2,1,1.0,1,30243,M,4407654.0,408992.0,30
201400022539,14,3,1,1550,1,2,1,1.0,7,30007,M,,,30
201400022540,14,3,17,750,1,2,1,1.0,4,30007,M,,,30
201400022541,14,3,27,230,5,2,1,1.0,6,30007,M,,,30
201400022542,14,4,9,1615,1,2,1,1.0,3,30007,M,,,30
201400022543,14,4,17,1735,1,2,1,1.0,3,30007,M,4412388.0,408035.0,30
201400022544,14,4,23,1050,1,2,3,1.0,4,30007,M,4412922.0,407950.0,30
201400022545,14,4,24,845,1,2,2,1.0,3,30007,M,4412169.0,406012.0,30
201400022546,14,5,5,1635,1,2,1,1.0,7,30007,M,4412443.0,407354.0,30
201400022547,14,6,21,115,3,2,1,1.0,6,30007,M,4412133.0,408183.0,30
201400022548,14,6,30,2000,2,2,1,1.0,6,30007,M,4412494.0,408021.0,30
201400022549,14,6,10,1515,1,2,1,1.0,2,30007,M,4413528.0,408946.0,30
201400022550,14,6,27,920,1,2,1,1.0,3,30007,M,4414954.0,408113.0,30
201400022551,14,6,18,1530,1,2,1,2.0,3,30007,M,4414443.0,409682.0,30
201400022552,14,7,22,1345,1,2,1,1.0,6,30243,M,4406103.0,409029.0,30
201400022553,14,7,26,1130,1,2,1,1.0,6,30007,M,4412386.0,407953.0,30
201400022554,14,8,5,1800,1,2,1,1.0,4,30007,M,,,30
201400022555,14,9,1,1120,1,2,1,1.0,6,30007,M,,,30
201400022556,14,8,16,1840,1,2,1,1.0,2,30007,M,4412144.0,408769.0,30
201400022557,14,9,20,1400,1,2,1,1.0,2,30007,M,,,30
201400022558,14,10,3,100,5,2,6,1.0,3,30007,M,4411972.0,408671.0,30
201400022559,14,11,5,1754,5,2,1,1.0,2,30007,M,,,30
201400022560,14,10,28,1637,1,2,1,1.0,5,30007,M,,,30
201400022561,14,10,18,1110,1,2,1,1.0,2,30007,M,,,30
201400022562,14,11,6,1100,1,2,1,1.0,6,30007,M,,,30
201400022563,14,11,17,1255,1,2,1,1.0,7,30007,M,,,30
201400022564,14,11,19,1335,1,2,1,9.0,6,30007,M,,,30
201400022565,14,11,21,2145,5,2,1,9.0,3,30007,M,4412702.0,408237.0,30
201400022566,14,12,13,2125,3,2,1,9.0,6,30243,M,,,30
201400022567,14,12,1,815,1,2,1,1.0,6,30007,M,,,30
201400022568,14,12,2,1135,1,2,1,1.0,3,30007,M,4412661.0,407350.0,30
201400022569,14,12,14,1540,1,2,1,1.0,6,30007,M,,,30
201400022570,14,12,20,1535,1,2,1,7.0,6,30007,M,4413572.0,408427.0,30
201400022571,14,12,11,1130,1,2,1,1.0,3,30007,M,,,30
201400022572,14,1,17,1010,1,2,1,2.0,6,30028,M,4416185.0,462264.0,30
201400022573,14,1,22,240,5,2,8,1.0,3,30028,M,4415685.0,463381.0,30
201400022574,14,2,5,1900,5,2,1,1.0,6,30028,M,,,30
201400022575,14,2,14,1345,1,2,1,1.0,2,30028,M,4416283.0,461180.0,30
201400022576,14,3,1,525,5,2,1,1.0,2,30028,M,4414804.0,461548.0,30
201400022577,14,3,7,1110,1,2,3,1.0,3,30028,M,,,30
201400022578,14,3,23,630,2,2,1,1.0,6,30028,M,,,30
201400022579,14,4,13,1015,1,1,1,1.0,2,30028,M,,,30
201400022580,14,4,23,1230,1,2,1,1.0,6,30028,M,4416517.0,461873.0,30
201400022581,14,5,10,1345,1,2,1,1.0,2,30028,M,4418417.0,462111.0,30
201400022582,14,5,29,1755,1,2,3,1.0,3,30028,M,4415979.0,461386.0,30
201400022583,14,6,4,640,1,2,3,1.0,3,30028,M,4416530.0,461936.0,30
201400022584,14,6,18,1220,1,2,1,1.0,2,30028,M,4416128.0,462441.0,30
201400022585,14,6,25,1855,1,1,1,1.0,1,30028,M,4415450.0,464260.0,30
201400022586,14,7,15,1154,1,2,1,1.0,3,30028,M,4416047.0,460819.0,30
201400022587,14,7,28,1350,1,2,1,1.0,1,30028,M,4416550.0,462561.0,30
201400022588,14,7,23,1240,1,2,6,1.0,2,30028,M,4416901.0,461882.0,30
201400022589,14,7,25,1920,1,1,3,1.0,3,30028,M,4417975.0,460056.0,30
201400022590,14,8,5,1810,1,2,1,1.0,3,30028,M,4416883.0,461941.0,30
201400022591,14,8,6,1800,1,1,3,1.0,3,30028,M,4417810.0,461441.0,30
201400022592,14,10,3,1125,1,2,1,1.0,4,30028,M,,,30
201400022593,14,10,31,530,3,1,1,1.0,1,30028,M,,,30
201400022594,14,10,13,1330,1,2,1,1.0,6,30028,M,4416181.0,462264.0,30
201400022595,14,11,15,620,5,2,1,1.0,2,30028,M,4415823.0,463236.0,30
201400022596,14,12,4,1700,5,2,1,2.0,6,30028,M,4415529.0,461660.0,30
201400022597,14,1,2,1700,1,2,1,1.0,3,30189,M,4383765.0,438119.0,30
201400022598,14,1,4,1830,5,2,3,1.0,3,30189,M,4380525.0,433644.0,30
201400022599,14,1,7,1815,5,2,3,1.0,6,30189,M,4384216.0,437895.0,30
201400022600,14,1,11,1215,1,2,1,2.0,2,30189,M,,,30
201400022601,14,1,13,1820,5,2,3,2.0,6,30189,M,4382283.0,435511.0,30
201400022602,14,1,17,1440,1,2,6,1.0,6,30189,M,4381784.0,434750.0,30
201400022603,14,1,18,2210,5,2,2,2.0,6,30189,M,4384159.0,436308.0,30
201400022604,14,1,17,720,2,2,1,1.0,6,30189,M,,,30
201400022605,14,1,21,1820,3,1,2,1.0,3,30189,M,,,30
201400022606,14,1,26,1205,1,1,3,1.0,3,30189,M,4389203.0,441886.0,30
201400022607,14,1,29,830,1,2,1,2.0,2,30189,M,,,30
201400022608,14,1,31,945,1,2,6,2.0,7,30189,M,,,30
201400022609,14,1,31,1825,5,2,2,1.0,3,30189,M,4383024.0,435458.0,30
201400022610,14,1,31,1925,5,2,3,1.0,6,30189,M,4383852.0,437212.0,30
201400022611,14,1,31,2145,5,2,2,1.0,7,30189,M,4382969.0,435586.0,30
201400022612,14,2,3,900,1,2,2,1.0,6,30189,M,4382096.0,434699.0,30
201400022613,14,2,4,1010,1,2,1,1.0,1,30189,M,4382198.0,433694.0,30
201400022614,14,2,5,1915,5,2,3,1.0,3,30189,M,4382035.0,434029.0,30
201400022615,14,2,7,1540,1,2,1,1.0,2,30189,M,4385360.0,432115.0,30
201400022616,14,2,7,1610,1,2,1,1.0,4,30189,M,4383611.0,432111.0,30
201400022617,14,2,7,2040,5,2,1,1.0,6,30189,M,4383930.0,436426.0,30
201400022618,14,2,10,1205,1,2,7,1.0,6,30189,M,4382410.0,433564.0,30
201400022619,14,2,12,2150,5,2,2,1.0,3,30189,M,4382687.0,435310.0,30
201400022620,14,2,15,2345,5,2,2,1.0,3,30189,M,4382841.0,435996.0,30
201400022621,14,2,19,1810,2,2,2,1.0,6,30189,M,4382106.0,434730.0,30
201400022622,14,2,19,1825,5,2,1,1.0,2,30189,M,4382146.0,438468.0,30
201400022623,14,2,19,1915,5,2,4,1.0,2,30189,M,4384134.0,436674.0,30
201400022624,14,2,20,1835,5,2,1,1.0,6,30189,M,4382160.0,433042.0,30
201400022625,14,2,21,740,1,2,1,2.0,6,30189,M,4383609.0,434671.0,30
201400022626,14,2,24,735,1,1,1,1.0,1,30189,M,4378855.0,436260.0,30
201400022627,14,2,24,920,1,2,2,9.0,5,30189,M,4383566.0,437513.0,30
201400022628,14,2,24,1420,1,2,1,1.0,6,30189,M,,,30
201400022629,14,3,2,2233,5,2,2,1.0,3,30189,M,4382850.0,435995.0,30
201400022630,14,3,3,1708,1,2,1,1.0,4,30189,M,,,30
201400022631,14,3,4,1945,5,2,2,1.0,3,30189,M,4383325.0,440562.0,30
201400022632,14,3,7,1210,1,1,3,1.0,2,30189,M,4376466.0,440562.0,30
201400022633,14,3,8,1620,1,2,2,1.0,3,30189,M,4380523.0,433643.0,30
201400022634,14,3,8,1925,5,2,3,1.0,3,30189,M,4382734.0,437490.0,30
201400022635,14,3,9,1658,1,2,6,1.0,3,30189,M,4381417.0,433477.0,30
201400022636,14,3,14,1442,1,2,1,1.0,3,30189,M,4381225.0,436876.0,30
201400022637,14,3,14,1825,2,2,4,1.0,6,30189,M,4383004.0,436237.0,30
201400022638,14,3,15,1740,1,2,3,1.0,3,30189,M,4381652.0,433300.0,30
201400022639,14,3,16,1535,1,2,7,1.0,2,30189,M,4383058.0,435165.0,30
201400022640,14,3,17,817,1,2,3,1.0,4,30189,M,4381652.0,433300.0,30
201400022641,14,3,17,820,1,2,2,1.0,3,30189,M,4384235.0,436253.0,30
201400022642,14,3,20,700,1,2,1,1.0,1,30189,M,4384889.0,437364.0,30
201400022643,14,3,21,1845,2,2,3,1.0,3,30189,M,4383697.0,438716.0,30
201400022644,14,3,21,1830,5,2,2,1.0,3,30189,M,4382503.0,437875.0,30
201400022645,14,3,27,1602,1,2,6,1.0,2,30189,M,,,30
201400022646,14,3,27,1645,1,2,1,1.0,6,30189,M,,,30
201400022647,14,3,28,1110,1,2,2,1.0,5,30189,M,4380524.0,433644.0,30
201400022648,14,3,28,1710,1,2,2,1.0,3,30189,M,4384216.0,435551.0,30
201400022649,14,3,30,600,5,2,1,1.0,6,30189,M,4382107.0,436555.0,30
201400022650,14,4,1,100,5,2,1,1.0,6,30189,M,4382274.0,433517.0,30
201400022651,14,4,2,1259,1,2,2,1.0,2,30189,M,4382739.0,437478.0,30
201400022652,14,4,3,1420,1,2,1,1.0,6,30189,M,,,30
201400022653,14,4,3,1555,1,2,3,1.0,3,30189,M,4381428.0,431511.0,30
201400022654,14,4,4,1145,1,2,2,1.0,3,30189,M,4383210.0,436256.0,30
201400022655,14,4,4,1655,1,2,2,1.0,3,30189,M,4382420.0,434791.0,30
201400022656,14,4,5,1550,1,2,3,1.0,3,30189,M,,,30
201400022657,14,4,6,610,1,2,1,1.0,7,30189,M,,,30
201400022658,14,4,7,544,3,2,6,1.0,3,30189,M,,,30
201400022659,14,4,8,2110,5,2,2,1.0,3,30189,M,4383274.0,435266.0,30