Num_Acc,an,mois,jour,hrmn,lum,agg,int,atm,col,com,gps,lat,long,dep
201400022660,14,4,9,2106,5,2,1,1.0,1,30189,M,,,30
201400022661,14,4,10,2328,5,2,6,1.0,6,30189,M,4382298.0,433601.0,30
201400022662,14,4,11,2050,5,2,1,1.0,1,30189,M,,,30
201400022663,14,4,12,1305,1,2,1,1.0,4,30189,M,,,30
201400022664,14,4,12,1450,1,2,3,1.0,6,30189,M,4382842.0,435996.0,30
201400022665,14,4,14,1440,1,2,2,1.0,4,30189,M,4383333.0,435167.0,30
201400022666,14,4,18,2350,5,2,1,1.0,3,30189,M,4383875.0,442161.0,30
201400022667,14,4,19,1625,1,2,2,1.0,2,30189,M,4385040.0,437442.0,30
201400022668,14,4,19,2225,5,2,3,1.0,3,30189,M,4384136.0,437598.0,30
201400022669,14,4,20,1942,3,2,6,2.0,2,30189,M,4383688.0,438841.0,30
201400022670,14,4,23,740,1,2,1,2.0,2,30189,M,,,30
201400022671,14,4,22,1550,1,2,2,2.0,3,30189,M,4384081.0,437107.0,30
201400022672,14,4,25,130,5,2,1,1.0,7,30189,M,4382625.0,433242.0,30
201400022673,14,4,28,350,3,2,1,1.0,6,30189,M,4384038.0,431859.0,30
201400022674,14,4,29,1155,1,2,2,1.0,6,30189,M,4383780.0,434521.0,30
201400022675,14,4,30,310,5,2,4,1.0,3,30189,M,4383078.0,432272.0,30
201400022676,14,5,1,1810,1,2,2,1.0,2,30189,M,4380522.0,433645.0,30
201400022677,14,5,3,1150,1,2,2,1.0,6,30189,M,4383925.0,436473.0,30
201400022678,14,5,3,1717,1,2,2,1.0,6,30189,M,4383846.0,437243.0,30
201400022679,14,5,4,1338,1,2,1,1.0,6,30189,M,4383639.0,432110.0,30
201400022680,14,5,5,820,1,2,1,1.0,6,30189,M,4382940.0,435359.0,30
201400022681,14,5,6,1455,1,2,3,1.0,1,30189,M,4381435.0,438663.0,30
201400022682,14,5,9,1500,1,1,1,1.0,1,30189,M,4379175.0,437366.0,30
201400022683,14,5,13,1225,1,2,1,1.0,6,30189,M,4384003.0,435948.0,30
201400022684,14,5,13,2000,1,2,2,1.0,1,30189,M,4383128.0,436428.0,30
201400022685,14,5,16,815,1,2,1,1.0,3,30189,M,4385105.0,430978.0,30
201400022686,14,5,17,2258,5,2,2,1.0,3,30189,M,4384160.0,436309.0,30
201400022687,14,5,20,1820,1,2,2,1.0,3,30189,M,4383371.0,435317.0,30
201400022688,14,5,20,1955,1,2,2,1.0,6,30189,M,4384195.0,438787.0,30
201400022689,14,5,22,1005,1,2,5,1.0,3,30189,M,4382511.0,436183.0,30
201400022690,14,5,27,910,1,2,1,1.0,4,30189,M,,,30
201400022691,14,5,28,2112,2,2,1,1.0,6,30189,M,,,30
201400022692,14,5,31,955,1,2,2,1.0,3,30189,M,4382662.0,436616.0,30
201400022693,14,5,31,2225,5,1,1,1.0,3,30189,M,,,30
201400022694,14,6,6,615,1,2,1,1.0,6,30189,M,4383389.0,436721.0,30
201400022695,14,6,6,1840,1,1,1,1.0,3,30189,M,4384986.0,436542.0,30
201400022696,14,6,8,1420,1,2,1,1.0,1,30189,M,,,30
201400022697,14,6,8,2245,5,2,1,1.0,6,30189,M,4383649.0,434634.0,30
201400022698,14,6,9,1650,1,2,1,1.0,6,30189,M,,,30
201400022699,14,6,9,45,5,2,2,1.0,3,30189,M,4382684.0,435311.0,30
201400022700,14,6,9,2025,1,2,3,1.0,3,30189,M,4382514.0,437850.0,30
201400022701,14,6,10,900,1,2,1,1.0,2,30189,M,4387191.0,431984.0,30
201400022702,14,6,13,1750,1,1,1,3.0,3,30189,M,4385580.0,432315.0,30
201400022703,14,6,13,1945,1,2,2,2.0,2,30189,M,4383964.0,435556.0,30
201400022704,14,6,17,1225,1,2,3,1.0,6,30189,M,4383255.0,435845.0,30
201400022705,14,6,17,1750,1,2,1,1.0,6,30189,M,,,30
201400022706,14,6,17,2150,5,2,3,2.0,1,30189,M,4384121.0,438648.0,30
201400022707,14,6,18,1630,1,2,1,3.0,2,30189,M,4383397.0,437784.0,30
201400022708,14,6,18,2240,5,2,3,1.0,7,30189,M,4384219.0,437909.0,30
201400022709,14,6,20,1720,1,2,1,1.0,7,30189,M,4382387.0,433526.0,30
201400022710,14,6,25,725,1,2,1,2.0,2,30189,M,,,30
201400022711,14,6,26,230,3,1,3,1.0,7,30189,M,4379372.0,434652.0,30
201400022712,14,6,26,1605,1,2,4,1.0,6,30189,M,4383080.0,436915.0,30
201400022713,14,6,30,2115,2,2,2,1.0,6,30189,M,4384243.0,438495.0,30
201400022714,14,7,1,1240,1,2,1,1.0,3,30189,M,4382885.0,436286.0,30
201400022715,14,7,1,1545,1,2,1,1.0,6,30189,M,4383295.0,436542.0,30
201400022716,14,7,1,1735,1,2,1,1.0,3,30189,M,4381561.0,434204.0,30
201400022717,14,7,5,1720,1,2,3,1.0,6,30189,M,4383702.0,435233.0,30
201400022718,14,7,7,2225,5,2,6,1.0,1,30189,M,4383689.0,438851.0,30
201400022719,14,7,8,1912,1,2,1,1.0,4,30189,M,4382948.0,435276.0,30
201400022720,14,7,8,1810,1,2,1,1.0,6,30189,M,4385008.0,439899.0,30
201400022721,14,7,8,2115,2,2,3,1.0,3,30189,M,4383748.0,434764.0,30
201400022722,14,7,13,52,5,2,2,1.0,7,30189,M,4384137.0,435794.0,30
201400022723,14,7,15,1340,1,2,6,1.0,3,30189,M,4381182.0,436693.0,30
201400022724,14,7,15,1452,1,2,1,1.0,7,30189,M,4382481.0,432687.0,30
201400022725,14,7,16,725,1,2,3,1.0,3,30189,M,4382806.0,434772.0,30
201400022726,14,7,18,15,5,2,2,1.0,3,30189,M,4382811.0,435518.0,30
201400022727,14,7,19,1520,1,2,3,1.0,6,30189,M,4383793.0,435034.0,30
201400022728,14,7,23,1145,1,2,1,1.0,3,30189,M,,,30
201400022729,14,7,25,445,5,2,1,1.0,3,30189,M,4380026.0,434116.0,30
201400022730,14,7,25,2145,5,2,6,1.0,3,30189,M,,,30
201400022731,14,7,26,1828,1,2,3,1.0,3,30189,M,4383579.0,435778.0,30
201400022732,14,7,30,1300,1,2,1,1.0,2,30189,M,,,30
201400022733,14,7,31,1820,1,2,1,1.0,2,30189,M,4383327.0,442469.0,30
201400022734,14,8,3,1800,1,1,1,1.0,7,30189,M,4379169.0,437240.0,30
201400022735,14,8,4,935,1,2,1,1.0,2,30189,M,4382328.0,436772.0,30
201400022736,14,8,8,1915,1,2,6,1.0,3,30189,M,4382612.0,433265.0,30
201400022737,14,8,10,2330,5,2,1,1.0,7,30189,M,4383889.0,436578.0,30
201400022738,14,8,11,2135,5,2,3,1.0,6,30189,M,4382970.0,435226.0,30
201400022739,14,8,13,1850,1,2,2,1.0,6,30189,M,4382226.0,435612.0,30
201400022740,14,8,15,15,5,2,1,1.0,3,30189,M,4384046.0,435940.0,30
201400022741,14,8,28,745,2,2,1,1.0,3,30189,M,4381323.0,433312.0,30
201400022742,14,9,1,1530,1,2,3,1.0,3,30189,M,4384433.0,365997.0,30
201400022743,14,9,1,1830,1,2,2,1.0,3,30189,M,4382753.0,435582.0,30
201400022744,14,9,3,1240,1,2,1,1.0,3,30189,M,,,30
201400022745,14,9,4,1720,1,2,1,1.0,3,30189,M,4380937.0,436163.0,30
201400022746,14,9,5,1730,1,2,1,1.0,2,30189,M,,,30
201400022747,14,9,6,945,1,2,2,1.0,2,30189,M,4386752.0,430112.0,30
201400022748,14,9,9,2135,3,1,1,1.0,1,30189,M,,,30
201400022749,14,9,10,1025,1,2,3,1.0,6,30189,M,4383771.0,438080.0,30
201400022750,14,9,11,2100,5,2,3,1.0,6,30189,M,4384364.0,439124.0,30
201400022751,14,9,12,630,2,1,1,1.0,3,30189,M,,,30
201400022752,14,9,13,930,1,1,6,1.0,2,30189,M,4383315.0,442629.0,30
201400022753,14,9,13,835,1,2,9,1.0,6,30189,M,4382636.0,433304.0,30
201400022754,14,9,14,2205,5,2,3,1.0,2,30189,M,4384045.0,436013.0,30
201400022755,14,9,14,2245,5,2,3,1.0,3,30189,M,4383206.0,435283.0,30
201400022756,14,9,15,925,1,2,1,2.0,6,30189,M,0.0,0.0,30
201400022757,14,9,16,730,2,1,1,2.0,7,30189,M,,,30
201400022758,14,9,17,1228,1,2,6,1.0,3,30189,M,4383689.0,438826.0,30
201400022759,14,9,17,1300,1,2,1,1.0,1,30189,M,0.0,0.0,30
201400022760,14,9,17,1300,1,2,4,1.0,6,30189,M,4383078.0,436701.0,30
201400022761,14,9,18,810,1,2,1,2.0,2,30189,M,4383321.0,442527.0,30
201400022762,14,9,18,920,1,2,1,1.0,6,30189,M,4382089.0,433377.0,30
201400022763,14,9,19,1511,1,2,7,1.0,6,30189,M,4384000.0,436570.0,30
201400022764,14,9,19,2120,5,2,1,1.0,2,30189,M,4382220.0,436497.0,30
201400022765,14,9,19,2115,5,2,1,1.0,7,30189,M,,,30
201400022766,14,9,22,1300,1,2,1,1.0,6,30189,M,4384725.0,437804.0,30
201400022767,14,9,22,1510,1,2,4,1.0,6,30189,M,4385307.0,439773.0,30
201400022768,14,9,27,1825,1,2,1,1.0,7,30189,M,,,30
201400022769,14,9,30,1515,1,2,2,1.0,3,30189,M,4383217.0,435800.0,30
201400022770,14,10,1,955,1,2,3,1.0,3,30189,M,,,30
201400022771,14,10,6,635,5,2,2,1.0,3,30189,M,4383025.0,435234.0,30
201400022772,14,10,6,850,1,2,3,1.0,6,30189,M,4383217.0,434986.0,30
201400022773,14,10,6,1550,1,2,6,1.0,3,30189,M,4382436.0,436926.0,30
201400022774,14,10,7,920,1,2,3,2.0,3,30189,M,4384182.0,437760.0,30
201400022775,14,10,7,1045,1,1,1,1.0,2,30189,M,0.0,0.0,30
201400022776,14,10,7,1210,1,2,2,3.0,3,30189,M,4380525.0,433644.0,30
201400022777,14,10,7,2010,3,2,1,2.0,2,30189,M,4383936.0,432183.0,30
201400022778,14,10,9,2210,5,2,3,1.0,3,30189,M,4382143.0,434290.0,30
201400022779,14,10,11,1430,1,2,2,1.0,3,30189,M,4382671.0,435680.0,30
201400022780,14,10,11,1800,1,2,6,1.0,6,30189,M,4382353.0,432787.0,30
201400022781,14,10,11,2220,5,2,3,1.0,6,30189,M,4382947.0,432653.0,30
201400022782,14,10,12,1525,1,2,1,2.0,3,30189,M,4382852.0,437288.0,30
201400022783,14,10,12,2044,5,2,2,1.0,3,30189,M,4384211.0,436124.0,30
201400022784,14,10,14,840,1,2,3,1.0,3,30189,M,4383942.0,432162.0,30
201400022785,14,10,16,2220,5,2,3,1.0,6,30189,M,4382255.0,434770.0,30
201400022786,14,10,17,1246,1,2,2,1.0,3,30189,M,,,30
201400022787,14,10,19,1141,1,2,1,1.0,2,30189,M,,,30
201400022788,14,10,19,1820,1,1,6,1.0,6,30189,M,4383321.0,442634.0,30
201400022789,14,10,24,2125,5,2,3,1.0,3,30189,M,4384725.0,438961.0,30
201400022790,14,10,26,925,1,2,3,1.0,1,30189,M,4384746.0,437300.0,30
201400022791,14,10,26,1050,1,2,3,1.0,3,30189,M,4384747.0,437301.0,30
201400022792,14,10,29,1556,1,2,6,1.0,3,30189,M,4381781.0,434750.0,30
201400022793,14,10,29,2255,5,2,2,1.0,3,30189,M,4384088.0,437325.0,30
201400022794,14,10,30,1815,5,2,1,1.0,6,30189,M,,,30
201400022795,14,10,31,2355,5,2,2,1.0,6,30189,M,4383391.0,435989.0,30
201400022796,14,10,31,840,1,2,1,1.0,6,30189,M,,,30
201400022797,14,11,3,125,3,2,1,1.0,6,30189,M,4389420.0,428962.0,30
201400022798,14,11,5,1730,2,2,3,1.0,3,30189,M,4382224.0,435003.0,30
201400022799,14,11,6,1755,2,2,3,1.0,3,30189,M,4384568.0,437169.0,30
201400022800,14,11,7,950,1,2,2,1.0,3,30189,M,4383977.0,435338.0,30
201400022801,14,11,7,1650,1,2,1,1.0,6,30189,M,4381421.0,435297.0,30
201400022802,14,11,8,1250,1,2,3,1.0,6,30189,M,4384043.0,436032.0,30
201400022803,14,11,10,1240,1,2,1,1.0,3,30189,M,4382438.0,436793.0,30
201400022804,14,11,10,2055,5,2,2,2.0,3,30189,M,4383694.0,437112.0,30
201400022805,14,11,11,1050,1,2,1,1.0,4,30189,M,,,30
201400022806,14,11,11,1512,1,2,1,1.0,4,30189,M,,,30
201400022807,14,11,12,1850,5,2,1,1.0,4,30189,M,,,30
201400022808,14,11,14,730,2,2,1,1.0,1,30189,M,4391380.0,439560.0,30
201400022809,14,11,15,1900,5,2,1,1.0,3,30189,M,4384609.0,437198.0,30
201400022810,14,11,18,1840,5,2,3,1.0,6,30189,M,4382830.0,437325.0,30
201400022811,14,11,18,2328,5,2,2,1.0,3,30189,M,4383017.0,436436.0,30
201400022812,14,11,19,1055,1,2,6,1.0,6,30189,M,4384316.0,436956.0,30
201400022813,14,11,20,2120,3,2,1,1.0,7,30189,M,4385953.0,441169.0,30
201400022814,14,11,21,1025,1,2,1,1.0,6,30189,M,,,30
201400022815,14,11,23,1810,5,2,1,1.0,6,30189,M,4383512.0,434909.0,30
201400022816,14,11,24,1955,5,2,1,3.0,6,30189,M,4383725.0,436631.0,30
201400022817,14,11,27,2340,5,2,1,3.0,2,30189,M,4383111.0,438138.0,30
201400022818,14,11,29,1410,1,2,3,1.0,6,30189,M,4384072.0,435672.0,30
201400022819,14,11,29,1650,1,2,1,1.0,3,30189,M,4383089.0,436526.0,30
201400022820,14,12,5,1435,1,1,1,2.0,7,30189,M,,,30
201400022821,14,12,5,1830,5,2,3,2.0,3,30189,M,4384567.0,437169.0,30
201400022822,14,12,6,1100,1,2,2,2.0,3,30189,M,4380526.0,433644.0,30
201400022823,14,12,11,430,5,2,4,1.0,6,30189,M,4382709.0,433152.0,30
201400022824,14,12,11,935,1,2,1,1.0,6,30189,M,,,30
201400022825,14,12,11,1715,2,2,1,1.0,3,30189,M,4382324.0,436778.0,30
201400022826,14,12,11,2240,5,2,1,1.0,3,30189,M,4383111.0,436416.0,30
201400022827,14,12,12,1525,1,2,4,1.0,3,30189,M,4382238.0,431863.0,30
201400022828,14,12,21,1445,1,2,1,1.0,6,30189,M,4383839.0,435093.0,30
201400022829,14,12,21,1745,3,1,1,1.0,1,30189,M,4386352.0,432344.0,30
201400022830,14,12,24,2236,3,2,1,1.0,6,30189,M,4387064.0,434498.0,30
201400022831,14,12,25,2140,5,2,2,1.0,3,30189,M,4383667.0,434715.0,30
201400022832,14,12,28,1440,1,2,6,1.0,2,30189,M,4382400.0,437000.0,30
201400022833,14,2,23,1730,1,1,1,1.0,3,30011,M,,,30
201400022834,14,1,11,1700,1,2,1,1.0,6,63446,M,4605000.0,316538.0,63
201400022835,14,8,4,1600,1,1,1,1.0,2,63116,M,0.0,0.0,63
201400022836,14,8,9,1000,1,1,1,1.0,5,63013,M,4597700.0,317900.0,63
201400022837,14,10,31,1645,1,1,1,1.0,2,63473,M,0.0,0.0,63
201400022838,14,3,16,1715,1,1,2,7.0,6,63053,M,0.0,0.0,63
201400022839,14,3,20,1115,1,1,1,1.0,7,63225,M,0.0,0.0,63
201400022840,14,12,9,1045,1,1,1,4.0,3,63163,M,4577100.0,283100.0,63
201400022841,14,10,13,1815,1,1,1,1.0,1,23193,M,4615400.0,190900.0,23
201400022842,14,1,28,1330,1,1,1,1.0,6,23193,M,4614400.0,191100.0,23
201400022843,14,2,19,100,3,1,1,1.0,2,23002,M,4620000.0,196000.0,23
201400022844,14,3,2,515,3,1,1,1.0,6,23068,M,0.0,0.0,23
201400022845,14,3,8,1730,1,1,3,1.0,3,23208,M,4617100.0,180700.0,23
201400022846,14,5,3,1415,1,1,1,1.0,6,23193,M,0.0,0.0,23
201400022847,14,6,23,1845,1,1,1,2.0,6,23262,M,4616600.0,209100.0,23
201400022848,14,7,11,1445,1,1,1,1.0,6,23247,M,4620200.0,176200.0,23
201400022849,14,9,13,730,1,1,1,1.0,6,23247,M,0.0,0.0,23
201400022850,14,9,15,1230,1,1,1,1.0,2,23154,M,0.0,0.0,23
201400022851,14,10,18,30,3,2,1,1.0,6,23088,M,4615300.0,173900.0,23
201400022852,14,11,3,1815,3,1,1,2.0,7,23138,M,4609700.0,206500.0,23
201400022853,14,1,13,715,3,1,1,2.0,5,26116,M,0.0,0.0,26
201400022854,14,1,13,1800,3,1,2,3.0,3,26345,M,0.0,0.0,26
201400022855,14,1,7,2015,3,1,1,1.0,6,26305,M,0.0,0.0,26
201400022856,14,1,27,1730,1,1,1,1.0,2,26357,M,4428700.0,492900.0,26
201400022857,14,2,6,1615,1,1,1,1.0,6,26235,M,4435720.0,471210.0,26
201400022858,14,2,19,415,3,1,1,1.0,2,26166,M,0.0,0.0,26
201400022859,14,2,19,2115,3,1,1,1.0,6,26121,M,0.0,0.0,26
201400022860,14,2,19,1630,1,1,1,1.0,6,26116,M,0.0,0.0,26
201400022861,14,2,28,1545,1,2,1,1.0,6,26235,M,4436580.0,470540.0,26
201400022862,14,3,6,1115,1,2,1,1.0,6,26235,M,4437900.0,470070.0,26
201400022863,14,3,24,1830,1,1,1,1.0,1,26235,M,0.0,0.0,26
201400022864,14,3,25,1800,1,2,1,1.0,3,26085,M,4449790.0,471350.0,26
201400022865,14,2,20,1245,1,1,1,1.0,1,26003,M,0.0,0.0,26
201400022866,14,3,30,1545,1,1,1,1.0,2,26005,M,0.0,0.0,26
201400022867,14,3,30,230,3,1,1,1.0,7,26169,M,0.0,0.0,26
201400022868,14,3,4,815,1,1,1,1.0,2,26191,M,0.0,0.0,26
201400022869,14,4,7,630,2,1,1,1.0,2,26033,M,0.0,0.0,26
201400022870,14,4,11,1630,1,2,1,1.0,1,26005,M,0.0,0.0,26
201400022871,14,4,23,1530,1,1,1,1.0,1,26169,M,0.0,0.0,26
201400022872,14,4,26,745,1,1,1,1.0,6,26169,M,0.0,0.0,26
201400022873,14,5,2,900,1,2,1,1.0,1,26235,M,4438200.0,470360.0,26
201400022874,14,5,2,1630,1,1,3,1.0,5,26121,M,0.0,0.0,26
201400022875,14,5,4,1015,1,2,1,6.0,7,26324,M,0.0,0.0,26
201400022876,14,5,11,2215,3,1,1,1.0,2,26324,M,0.0,0.0,26
201400022877,14,5,21,2015,1,2,2,1.0,3,26169,M,4437990.0,469260.0,26
201400022878,14,5,29,1415,1,1,1,1.0,3,26357,M,0.0,0.0,26
201400022879,14,5,31,1815,1,1,1,1.0,7,26005,M,0.0,0.0,26
201400022880,14,6,1,745,2,1,1,1.0,2,26339,M,0.0,0.0,26
201400022881,14,6,6,1045,1,1,1,1.0,4,26339,M,0.0,0.0,26
201400022882,14,6,8,345,3,1,1,1.0,6,26360,M,0.0,0.0,26
201400022883,14,5,25,1200,1,1,1,1.0,7,26326,M,0.0,0.0,26
201400022884,14,6,18,1215,1,1,1,1.0,6,26338,M,0.0,0.0,26
201400022885,14,6,20,1600,1,1,1,1.0,3,26312,M,0.0,0.0,26
201400022886,14,6,22,1645,1,1,1,1.0,6,26005,M,0.0,0.0,26
201400022887,14,6,26,1745,1,1,1,1.0,7,26339,M,4459570.0,479610.0,26
201400022888,14,6,27,2315,3,2,1,1.0,1,26054,M,0.0,0.0,26
201400022889,14,7,4,1700,1,1,1,3.0,1,26322,M,0.0,0.0,26
201400022890,14,7,20,1845,1,1,1,1.0,1,26138,M,0.0,0.0,26
201400022891,14,7,21,1330,1,1,1,1.0,4,26353,M,0.0,0.0,26
201400022892,14,7,31,2100,2,1,1,1.0,3,26324,M,4433390.0,472860.0,26
201400022893,14,8,2,2030,1,1,1,2.0,5,26243,M,0.0,0.0,26
201400022894,14,8,6,1715,1,1,1,1.0,2,26235,M,0.0,0.0,26
201400022895,14,8,10,1700,1,1,1,1.0,6,26093,M,0.0,0.0,26
201400022896,14,8,17,1830,1,2,9,1.0,6,26324,M,0.0,0.0,26
201400022897,14,8,20,1545,1,1,1,2.0,2,26191,M,0.0,0.0,26
201400022898,14,8,24,945,1,2,1,1.0,1,26345,M,0.0,0.0,26
201400022899,14,8,24,1215,1,1,1,1.0,3,26235,M,0.0,0.0,26
201400022900,14,8,25,815,1,1,1,1.0,5,26085,M,0.0,0.0,26
201400022901,14,8,27,400,3,1,3,1.0,6,26005,M,0.0,0.0,26
201400022902,14,7,8,1645,1,2,1,1.0,1,26326,M,4432400.0,479880.0,26
201400022903,14,9,3,1515,1,1,1,1.0,2,26169,M,0.0,0.0,26
201400022904,14,9,6,1545,1,1,2,1.0,3,26145,M,0.0,0.0,26
201400022905,14,9,10,1730,1,1,1,1.0,5,26324,M,0.0,0.0,26
201400022906,14,9,10,1800,1,1,2,1.0,5,26235,M,4437460.0,467280.0,26
201400022907,14,9,17,1700,1,1,1,3.0,2,26085,M,0.0,0.0,26
201400022908,14,9,18,1730,1,2,1,1.0,6,26106,M,0.0,0.0,26
201400022909,14,9,19,745,1,1,2,3.0,3,26235,M,0.0,0.0,26
201400022910,14,9,20,1130,1,1,1,1.0,4,26138,M,0.0,0.0,26
201400022911,14,10,1,145,3,1,1,1.0,5,26106,M,0.0,0.0,26
201400022912,14,10,6,1630,1,1,1,1.0,7,26261,M,0.0,0.0,26
201400022913,14,10,7,1100,2,1,1,3.0,6,26338,M,0.0,0.0,26
201400022914,14,9,21,1615,1,1,1,1.0,6,26176,M,4464760.0,487110.0,26
201400022915,14,10,17,1245,1,1,1,1.0,2,26005,M,0.0,0.0,26
201400022916,14,10,25,1645,1,1,1,1.0,7,26146,M,0.0,0.0,26
201400022917,14,11,10,945,1,1,1,8.0,6,26337,M,0.0,0.0,26
201400022918,14,10,31,1100,1,1,1,1.0,4,26145,M,0.0,0.0,26
201400022919,14,11,16,2015,3,1,1,2.0,4,26337,M,0.0,0.0,26
201400022920,14,11,26,2245,3,1,1,2.0,3,26312,M,0.0,0.0,26
201400022921,14,12,12,915,3,1,1,1.0,1,26085,M,0.0,0.0,26
201400022922,14,12,11,1100,1,1,1,1.0,2,26045,M,0.0,0.0,26
201400022923,14,12,21,1745,5,2,1,1.0,6,26324,M,0.0,0.0,26
201400022924,14,12,31,845,1,1,1,6.0,7,84127,M,0.0,0.0,84
201400022925,14,8,1,1500,1,1,2,1.0,3,11203,M,4323033.0,279552.0,11
201400022926,14,1,23,900,1,1,3,2.0,3,35265,M,4837091.0,-187509.0,35
201400022927,14,3,9,1800,1,1,1,7.0,2,35337,M,4831981.0,-186794.0,35
201400022928,14,3,9,900,1,1,2,7.0,1,35226,M,4842677.0,-189051.0,35
201400022929,14,3,13,730,2,1,1,5.0,5,35085,M,4839518.0,-173631.0,35
201400022930,14,5,17,600,1,2,1,1.0,6,35337,M,4832798.0,-184118.0,35
201400022931,14,6,12,1545,1,1,1,1.0,7,35226,M,4839312.0,-190955.0,35
201400022932,14,6,20,1600,1,1,1,1.0,3,35226,M,4842792.0,-191023.0,35
201400022933,14,6,20,1600,1,1,1,7.0,1,35308,M,4844724.0,-192603.0,35
201400022934,14,8,23,1830,1,1,2,2.0,1,35172,M,4841499.0,-183913.0,35
201400022935,14,8,28,1000,1,1,1,1.0,4,35017,M,4833693.0,-182252.0,35
201400022936,14,9,19,1430,1,2,1,1.0,6,35226,M,4839655.0,-190129.0,35
201400022937,14,10,20,2030,5,2,1,1.0,1,35085,M,4841155.0,-175783.0,35
201400022938,14,12,11,715,2,2,3,1.0,1,35337,M,4833463.0,-184428.0,35
201400022939,14,12,23,2215,3,1,1,1.0,7,35159,M,0.0,0.0,35
201400022940,14,3,30,2015,1,1,1,1.0,6,27421,M,4854100.0,121000.0,27
201400022941,14,4,20,1445,1,1,1,1.0,6,27309,M,4852200.0,122000.0,27
201400022942,14,6,28,1400,1,1,1,2.0,1,27177,M,4852300.0,114300.0,27
201400022943,14,7,25,2130,2,1,1,1.0,6,27421,M,4854300.0,122100.0,27
201400022944,14,9,5,1945,2,2,1,1.0,6,27230,M,4851500.0,124500.0,27
201400022945,14,10,5,430,5,2,1,1.0,6,27183,M,4853400.0,124200.0,27
201400022946,14,1,24,930,1,2,1,1.0,6,62756,M,5088800.0,218034.0,62
201400022947,14,2,10,1700,1,1,1,8.0,1,62057,M,5089430.0,207072.0,62
201400022948,14,4,23,945,1,1,1,1.0,1,62228,M,5079343.0,197004.0,62
201400022949,14,8,9,1115,1,2,1,1.0,1,62057,M,5087773.0,208604.0,62
201400022950,14,8,23,300,5,2,1,1.0,6,62038,M,5086614.0,197403.0,62
201400022951,14,1,11,2000,5,2,2,1.0,3,83004,M,4345513.0,647979.0,83
201400022952,14,1,24,1915,5,2,1,1.0,1,83086,M,4347307.0,656110.0,83
201400022953,14,5,6,1315,1,1,1,1.0,3,83134,M,0.0,0.0,83
201400022954,14,7,10,1115,1,1,1,1.0,3,83004,M,0.0,0.0,83
201400022955,14,7,29,1730,1,1,1,1.0,6,83004,M,0.0,0.0,83
201400022956,14,8,8,1730,1,1,1,1.0,1,83134,M,0.0,0.0,83
201400022957,14,9,2,1200,1,2,1,1.0,6,83086,M,4347164.0,656632.0,83
201400022958,14,11,28,1400,1,1,1,2.0,4,83148,M,0.0,0.0,83
201400022959,14,12,5,1730,3,1,1,1.0,2,83148,M,0.0,0.0,83
201400022960,14,3,29,930,5,2,1,1.0,6,54264,M,4853500.0,609100.0,54
201400022961,14,9,4,915,1,1,1,1.0,1,54299,M,4846900.0,625583.0,54
201400022962,14,7,4,215,3,2,1,1.0,6,05161,M,4493899.0,657459.0,05
201400022963,14,8,5,1445,1,1,1,1.0,5,05107,M,4486556.0,659980.0,05
201400022964,14,8,18,1800,1,1,1,1.0,3,05079,M,4498262.0,649353.0,05
201400022965,14,2,15,2115,3,1,1,1.0,7,55207,M,0.0,0.0,55
201400022966,14,5,5,845,1,1,1,7.0,1,55120,M,0.0,0.0,55
201400022967,14,10,12,1500,2,1,1,8.0,1,55254,M,4893400.0,519900.0,55
201400022968,14,2,6,1530,1,1,1,1.0,3,67493,M,4834300.0,732100.0,67
201400022969,14,8,14,1415,1,1,1,1.0,1,67239,M,0.0,0.0,67
201400022970,14,1,2,1405,1,2,6,1.0,3,31483,M,4311570.0,73761.0,31
201400022971,14,1,15,1920,5,1,6,1.0,4,31483,M,4309550.0,73654.0,31
201400022972,14,2,2,1930,5,2,1,1.0,3,31483,M,4310470.0,71374.0,31
201400022973,14,2,6,1535,1,2,6,1.0,3,31483,M,4310696.0,72071.0,31
201400022974,14,2,22,2115,5,2,1,1.0,6,31483,M,4311132.0,74086.0,31
201400022975,14,2,22,2015,5,2,1,1.0,6,31483,M,4310000.0,70746.0,31
201400022976,14,3,13,1059,1,2,6,1.0,3,31483,M,4310680.0,72067.0,31
201400022977,14,4,4,1220,1,2,1,2.0,2,31483,M,4311192.0,74394.0,31
201400022978,14,4,13,245,5,2,1,1.0,6,31483,M,4311352.0,73297.0,31
201400022979,14,3,9,1640,1,2,1,1.0,7,31483,M,4310762.0,72666.0,31
201400022980,14,4,30,1250,1,2,1,1.0,5,31483,M,4310880.0,72150.0,31
201400022981,14,4,11,1830,1,1,1,1.0,7,31483,M,4314016.0,73530.0,31
201400022982,14,5,26,1430,1,2,9,1.0,3,31483,M,4311025.0,71867.0,31
201400022983,14,6,18,1420,1,2,3,1.0,3,31483,M,4312151.0,72486.0,31
201400022984,14,7,3,1206,1,2,3,1.0,1,31483,M,4312192.0,72586.0,31
201400022985,14,7,20,1958,1,2,4,3.0,7,31483,M,4310623.0,72535.0,31