Num_Acc,an,mois,jour,hrmn,lum,agg,int,atm,col,com,gps,lat,long,dep
201400022986,14,8,11,852,1,1,1,2.0,7,31483,M,4313223.0,70596.0,31
201400022987,14,8,23,2308,5,2,3,1.0,2,31483,M,,,31
201400022988,14,8,31,1920,1,2,1,1.0,7,31483,M,4312214.0,72590.0,31
201400022989,14,9,1,1620,1,2,7,1.0,3,31483,M,4311253.0,71415.0,31
201400022990,14,9,2,1430,1,2,2,1.0,2,31483,M,4310858.0,72098.0,31
201400022991,14,9,6,1625,1,1,6,1.0,2,31483,M,4309889.0,70768.0,31
201400022992,14,9,26,1730,1,2,3,1.0,6,31483,M,4311111.0,75142.0,31
201400022993,14,10,21,1145,1,2,3,1.0,2,31483,M,4311067.0,71783.0,31
201400022994,14,10,21,1930,5,2,1,1.0,6,31483,M,4310896.0,72260.0,31
201400022995,14,10,30,1100,1,2,2,1.0,5,31483,M,4311027.0,71869.0,31
201400022996,14,11,5,1335,1,1,1,1.0,7,31344,M,,,31
201400022997,14,10,1,1715,1,2,1,1.0,6,31483,M,4310923.0,72555.0,31
201400022998,14,12,8,1730,3,1,1,3.0,6,31344,M,4309731.0,77058.0,31
201400022999,14,12,12,1800,3,1,1,1.0,6,31344,M,4309158.0,75313.0,31
201400023000,14,12,23,1328,1,2,1,1.0,7,31344,M,,,31
201400023001,14,5,12,1415,1,1,1,8.0,1,69277,M,0.0,0.0,69
201400023002,14,5,16,1915,1,1,2,7.0,5,69277,M,0.0,0.0,69
201400023003,14,7,14,1845,1,2,1,1.0,2,69280,M,4580200.0,508500.0,69
201400023004,14,1,2,1445,1,2,1,1.0,2,31555,M,,,31
201400023005,14,1,2,1630,1,2,1,1.0,6,31555,M,,,31
201400023006,14,1,2,1630,1,1,1,1.0,3,31555,M,4362940.0,141988.0,31
201400023007,14,1,3,340,5,2,1,1.0,7,31555,M,,,31
201400023008,14,1,5,445,5,2,1,1.0,6,31555,M,,,31
201400023009,14,1,7,835,1,2,3,1.0,1,31555,M,,,31
201400023010,14,1,7,1750,1,2,1,1.0,1,31555,M,,,31
201400023011,14,1,7,1455,1,2,1,1.0,1,31557,M,4359244.0,133782.0,31
201400023012,14,1,7,1000,1,2,3,1.0,3,31555,M,,,31
201400023013,14,1,8,1630,1,2,1,1.0,3,31149,M,4362981.0,134454.0,31
201400023014,14,1,11,620,5,1,1,2.0,6,31555,M,,,31
201400023015,14,1,10,810,1,2,1,1.0,6,31555,M,,,31
201400023016,14,1,13,1135,1,2,1,2.0,6,31069,M,4365420.0,136475.0,31
201400023017,14,1,13,1145,1,2,1,1.0,3,31149,M,4360473.0,130730.0,31
201400023018,14,1,13,1524,1,2,1,2.0,6,31555,M,,,31
201400023019,14,1,13,1550,1,2,1,2.0,2,31557,M,4358252.0,133908.0,31
201400023020,14,1,9,800,1,2,3,1.0,3,31149,M,4361090.0,134657.0,31
201400023021,14,1,10,1410,1,2,1,1.0,5,31069,M,4364000.0,138288.0,31
201400023022,14,1,14,1600,1,2,6,1.0,6,31555,M,,,31
201400023023,14,1,15,1330,1,2,1,1.0,3,31555,M,,,31
201400023024,14,1,15,1950,1,2,3,1.0,3,31555,M,,,31
201400023025,14,1,16,1650,1,2,3,1.0,6,31555,M,,,31
201400023026,14,1,16,850,1,2,1,1.0,4,31069,M,,,31
201400023027,14,1,17,800,1,2,1,1.0,6,31555,M,,,31
201400023028,14,1,19,1425,1,2,1,1.0,1,31555,M,,,31
201400023029,14,1,20,1315,1,2,1,1.0,3,31555,M,,,31
201400023030,14,1,17,820,1,1,1,1.0,1,31555,M,,,31
201400023031,14,1,17,1000,1,2,1,1.0,3,31555,M,,,31
201400023032,14,1,17,1640,1,2,1,1.0,6,31557,M,4358300.0,130625.0,31
201400023033,14,1,17,1620,1,2,1,7.0,6,31149,M,4360721.0,133566.0,31
201400023034,14,1,19,1610,1,2,1,1.0,6,31555,M,,,31
201400023035,14,1,20,1830,1,2,1,1.0,2,31555,M,,,31
201400023036,14,1,22,1945,5,2,1,2.0,6,31555,M,,,31
201400023037,14,1,21,1220,1,2,1,1.0,6,31555,M,,,31
201400023038,14,1,24,620,5,2,1,2.0,6,31555,M,,,31
201400023039,14,1,24,1000,1,2,1,1.0,6,31555,M,,,31
201400023040,14,1,24,605,1,2,1,1.0,6,31555,M,,,31
201400023041,14,1,25,2325,5,2,1,1.0,6,31555,M,,,31
201400023042,14,1,26,500,5,2,1,2.0,6,31555,M,,,31
201400023043,14,1,21,1826,5,2,1,1.0,3,31149,M,4361010.0,132826.0,31
201400023044,14,1,26,1815,5,2,1,2.0,3,31555,M,,,31
201400023045,14,1,27,750,3,1,1,1.0,2,31555,M,,,31
201400023046,14,1,28,710,5,2,2,1.0,3,31555,M,,,31
201400023047,14,1,28,755,1,2,1,1.0,1,31555,M,,,31
201400023048,14,1,22,1350,1,2,1,1.0,6,31149,M,4362274.0,132503.0,31
201400023049,14,1,24,1015,1,1,1,3.0,2,31555,M,,,31
201400023050,14,1,24,1940,5,2,1,3.0,6,31555,M,,,31
201400023051,14,1,29,740,2,2,1,2.0,6,31555,M,,,31
201400023052,14,1,31,20,5,2,1,1.0,6,31555,M,,,31
201400023053,14,1,31,1430,1,2,1,2.0,2,31555,M,,,31
201400023054,14,1,31,1525,1,2,1,2.0,4,31555,M,,,31
201400023055,14,1,31,1600,1,2,1,1.0,4,31555,M,,,31
201400023056,14,1,31,2030,4,2,1,1.0,6,31555,M,,,31
201400023057,14,1,31,2140,5,1,1,1.0,2,31555,M,,,31
201400023058,14,2,1,1450,1,2,1,3.0,6,31069,M,,,31
201400023059,14,2,2,150,5,2,1,1.0,1,31555,M,,,31
201400023060,14,2,2,1420,1,2,1,1.0,1,31555,M,4355431.0,149769.0,31
201400023061,14,2,1,1230,1,2,1,1.0,6,31557,M,4356074.0,134827.0,31
201400023062,14,1,30,1040,1,2,3,2.0,6,31555,M,,,31
201400023063,14,1,31,1400,1,2,1,1.0,6,31555,M,,,31
201400023064,14,1,31,1730,1,2,3,1.0,6,31555,M,,,31
201400023065,14,2,3,1610,1,2,1,1.0,3,31555,M,,,31
201400023066,14,1,30,1810,5,2,3,1.0,6,31555,M,,,31
201400023067,14,1,31,1430,1,2,1,2.0,6,31149,M,4361670.0,131227.0,31
201400023068,14,2,5,1450,1,2,3,1.0,3,31555,M,,,31
201400023069,14,1,30,2010,5,2,1,2.0,6,31555,M,,,31
201400023070,14,2,5,2005,5,2,1,1.0,3,31555,M,,,31
201400023071,14,2,6,1125,1,2,1,1.0,2,31555,M,,,31
201400023072,14,2,6,1650,1,2,1,7.0,6,31555,M,,,31
201400023073,14,2,6,1355,1,2,1,1.0,6,31555,M,,,31
201400023074,14,2,7,1635,1,1,1,1.0,2,31555,M,,,31
201400023075,14,2,7,1650,1,2,1,1.0,3,31557,M,4357754.0,132576.0,31
201400023076,14,2,7,1745,1,2,1,1.0,3,31555,M,,,31
201400023077,14,2,8,1015,1,2,1,1.0,7,31555,M,,,31
201400023078,14,2,10,745,2,2,9,1.0,3,31555,M,,,31
201400023079,14,2,6,1810,1,2,1,1.0,6,31149,M,4361127.0,134583.0,31
201400023080,14,2,6,1930,5,1,3,1.0,3,31555,M,,,31
201400023081,14,2,7,2000,1,1,1,1.0,1,31555,M,4358260.0,140402.0,31
201400023082,14,2,11,1840,5,2,1,2.0,6,31555,M,,,31
201400023083,14,2,12,200,5,2,1,2.0,6,31069,M,4363690.0,137568.0,31
201400023084,14,2,12,700,2,1,1,1.0,7,31555,M,,,31
201400023085,14,2,12,1615,1,2,1,1.0,3,31557,M,4357953.0,134276.0,31
201400023086,14,2,12,1615,1,2,1,1.0,6,31069,M,4362668.0,139839.0,31
201400023087,14,2,13,800,2,2,1,1.0,6,31555,M,,,31
201400023088,14,2,13,1340,1,2,1,1.0,2,31557,M,4358410.0,134290.0,31
201400023089,14,2,14,1350,1,2,1,1.0,3,31555,M,,,31
201400023090,14,2,15,2150,5,2,1,2.0,2,31149,M,,,31
201400023091,14,2,17,5,1,2,1,2.0,3,31555,M,,,31
201400023092,14,2,14,1835,5,2,1,1.0,3,31555,M,,,31
201400023093,14,2,21,1730,1,2,1,1.0,1,31555,M,,,31
201400023094,14,2,21,2140,5,2,1,1.0,3,31555,M,,,31
201400023095,14,2,26,1715,1,1,3,1.0,3,31149,M,4360081.0,130615.0,31
201400023096,14,2,24,1605,1,2,1,1.0,2,31149,M,4360952.0,135275.0,31
201400023097,14,2,24,1935,5,2,1,1.0,4,31149,M,,,31
201400023098,14,2,27,600,5,1,1,1.0,7,31555,M,,,31
201400023099,14,2,27,2230,5,2,1,2.0,6,31555,M,,,31
201400023100,14,2,28,700,2,2,1,2.0,6,31069,M,0.0,0.0,31
201400023101,14,2,28,900,2,2,1,3.0,2,31555,M,,,31
201400023102,14,2,28,900,1,2,3,2.0,6,31555,M,,,31
201400023103,14,3,2,1800,2,2,1,1.0,6,31555,M,,,31
201400023104,14,3,3,2025,5,2,1,3.0,6,31555,M,,,31
201400023105,14,3,3,2125,5,2,2,2.0,3,31555,M,,,31
201400023106,14,1,6,1500,1,2,2,1.0,3,31555,M,,,31
201400023107,14,3,5,1545,1,2,3,1.0,6,31555,M,,,31
201400023108,14,3,6,1800,1,1,1,1.0,2,31555,M,,,31
201400023109,14,3,7,1700,1,2,1,1.0,6,31555,M,,,31
201400023110,14,3,7,1745,1,2,1,1.0,3,31555,M,,,31
201400023111,14,3,8,815,1,1,1,1.0,7,31555,M,4361120.0,141577.0,31
201400023112,14,3,8,1200,1,2,1,1.0,1,31555,M,,,31
201400023113,14,3,8,1710,1,1,1,1.0,6,31555,M,,,31
201400023114,14,3,9,1355,1,2,1,1.0,2,31555,M,,,31
201400023115,14,3,6,1020,1,1,1,1.0,5,31555,M,4355800.0,149020.0,31
201400023116,14,3,11,220,5,2,1,1.0,7,31555,M,,,31
201400023117,14,3,6,1724,1,2,1,1.0,4,31557,M,4358709.0,134921.0,31
201400023118,14,3,11,1805,1,2,3,1.0,6,31555,M,,,31
201400023119,14,3,12,100,5,2,1,1.0,6,31555,M,,,31
201400023120,14,3,11,1730,1,2,2,1.0,1,31555,M,,,31
201400023121,14,3,12,1300,1,2,1,1.0,6,31555,M,,,31
201400023122,14,3,12,1845,1,2,1,2.0,2,31555,M,4361650.0,139312.0,31
201400023123,14,3,10,1700,1,2,1,1.0,2,31149,M,4360956.0,134570.0,31
201400023124,14,3,13,1820,1,2,1,1.0,6,31555,M,,,31
201400023125,14,3,12,1730,1,2,1,1.0,4,31555,M,,,31
201400023126,14,3,14,1015,1,2,1,1.0,2,31555,M,,,31
201400023127,14,3,14,1110,1,2,6,1.0,3,31555,M,,,31
201400023128,14,3,14,1715,1,2,1,1.0,5,31555,M,,,31
201400023129,14,3,14,2200,5,2,3,1.0,1,31069,M,4363373.0,138973.0,31
201400023130,14,3,15,545,1,2,1,1.0,7,31555,M,,,31
201400023131,14,3,15,2145,1,2,3,1.0,3,31555,M,,,31
201400023132,14,3,15,2315,5,2,1,1.0,3,31555,M,,,31
201400023133,14,3,16,445,1,1,1,1.0,7,31555,M,,,31
201400023134,14,3,16,100,5,2,3,1.0,1,31555,M,,,31
201400023135,14,3,17,845,1,1,1,1.0,5,31555,M,4364476.0,149756.0,31
201400023136,14,3,18,1800,1,2,2,1.0,3,31555,M,,,31
201400023137,14,3,14,935,1,2,6,1.0,2,31149,M,4360973.0,130819.0,31
201400023138,14,3,20,832,1,2,2,1.0,2,31555,M,,,31
201400023139,14,3,20,940,1,1,1,1.0,5,31555,M,,,31
201400023140,14,3,20,1900,1,2,1,1.0,1,31555,M,,,31
201400023141,14,3,21,825,1,2,3,1.0,3,31555,M,,,31
201400023142,14,3,21,1125,1,1,1,1.0,2,31555,M,4356860.0,141579.0,31
201400023143,14,3,21,1800,1,2,1,1.0,3,31069,M,4363757.0,138383.0,31
201400023144,14,3,22,1700,1,2,1,1.0,6,31555,M,,,31
201400023145,14,3,23,600,5,2,1,1.0,7,31555,M,,,31
201400023146,14,3,24,1515,1,2,3,1.0,3,31555,M,,,31
201400023147,14,3,24,1940,5,2,3,3.0,5,31555,M,,,31
201400023148,14,3,25,1025,1,2,1,1.0,6,31555,M,,,31
201400023149,14,3,23,905,1,1,1,1.0,7,31555,M,4357180.0,143558.0,31
201400023150,14,3,25,1345,1,2,1,3.0,1,31555,M,,,31
201400023151,14,3,25,1620,1,1,1,1.0,2,31555,M,,,31
201400023152,14,3,25,2140,1,2,1,1.0,6,31555,M,,,31
201400023153,14,3,24,2000,5,2,1,1.0,1,31555,M,,,31
201400023154,14,3,25,1725,1,1,1,1.0,5,31555,M,4360490.0,139716.0,31
201400023155,14,3,26,1230,1,2,1,1.0,6,31555,M,,,31
201400023156,14,3,27,820,1,2,1,1.0,6,31555,M,,,31
201400023157,14,3,27,750,1,2,1,1.0,5,31555,M,,,31
201400023158,14,3,26,2020,4,2,1,1.0,1,31555,M,,,31
201400023159,14,3,28,1800,1,2,1,1.0,6,31555,M,,,31
201400023160,14,3,28,1900,2,2,1,1.0,6,31555,M,,,31
201400023161,14,3,28,1435,1,2,1,1.0,3,31149,M,4361158.0,133662.0,31
201400023162,14,4,1,830,1,2,1,1.0,6,31555,M,,,31
201400023163,14,4,1,900,1,1,1,1.0,6,31555,M,4358140.0,140482.0,31
201400023164,14,4,1,1140,1,2,1,1.0,3,31555,M,,,31
201400023165,14,3,27,1910,2,2,1,1.0,6,31555,M,,,31
201400023166,14,4,2,1000,1,2,1,1.0,6,31555,M,,,31
201400023167,14,4,3,1350,1,2,1,1.0,6,31555,M,,,31
201400023168,14,4,3,1730,1,2,1,1.0,1,31555,M,,,31
201400023169,14,4,5,215,1,2,1,1.0,2,31555,M,,,31
201400023170,14,4,5,425,1,2,1,1.0,2,31555,M,,,31
201400023171,14,4,7,820,1,2,1,1.0,6,31557,M,4356058.0,135509.0,31
201400023172,14,4,7,1345,1,1,1,1.0,2,31555,M,4360490.0,139729.0,31
201400023173,14,4,7,1755,1,2,1,1.0,6,31555,M,,,31
201400023174,14,4,2,1700,1,2,1,1.0,6,31149,M,4361133.0,133515.0,31
201400023175,14,4,1,1755,1,2,1,1.0,2,31149,M,4361686.0,133988.0,31
201400023176,14,4,7,700,1,2,1,1.0,2,31149,M,4361027.0,134854.0,31
201400023177,14,4,8,1005,1,2,1,1.0,6,31555,M,,,31
201400023178,14,4,8,1630,1,2,1,1.0,6,31555,M,,,31
201400023179,14,4,8,2325,5,2,2,1.0,1,31555,M,4359210.0,139939.0,31
201400023180,14,4,9,1120,1,2,3,1.0,3,31555,M,,,31
201400023181,14,4,9,1940,1,1,1,1.0,2,31555,M,4357230.0,145796.0,31
201400023182,14,4,9,2118,5,1,1,1.0,6,31555,M,,,31
201400023183,14,4,10,1028,1,2,1,1.0,3,31069,M,4364954.0,137970.0,31
201400023184,14,4,10,1930,1,2,1,1.0,3,31149,M,4360039.0,135618.0,31
201400023185,14,4,11,655,1,1,1,1.0,1,31149,M,4360496.0,130690.0,31
201400023186,14,4,12,1429,1,2,1,1.0,3,31149,M,,,31
201400023187,14,4,12,1640,1,2,1,1.0,6,31555,M,,,31
201400023188,14,4,13,20,5,2,2,1.0,3,31555,M,,,31
201400023189,14,4,13,50,5,1,1,1.0,2,31555,M,,,31
201400023190,14,4,13,827,1,2,3,1.0,3,31555,M,,,31
201400023191,14,4,13,1820,1,2,9,1.0,6,31555,M,,,31
201400023192,14,4,14,830,1,2,1,1.0,6,31555,M,,,31
201400023193,14,4,9,2035,2,2,1,1.0,7,31555,M,,,31
201400023194,14,4,14,835,1,2,1,1.0,6,31555,M,,,31
201400023195,14,4,15,845,1,2,3,1.0,3,31557,M,,,31
201400023196,14,4,15,1045,1,2,1,1.0,2,31555,M,,,31
201400023197,14,4,15,1645,1,1,1,1.0,4,31555,M,4361130.0,137832.0,31
201400023198,14,4,15,1550,1,2,1,1.0,3,31149,M,4361499.0,134731.0,31
201400023199,14,4,15,1815,1,1,1,1.0,4,31555,M,4360540.0,140471.0,31
201400023200,14,4,16,828,1,2,1,1.0,3,31555,M,,,31
201400023201,14,4,16,2000,1,2,2,1.0,1,31149,M,4360963.0,133927.0,31
201400023202,14,4,17,650,1,1,1,1.0,1,31555,M,4360530.0,139485.0,31
201400023203,14,4,17,2200,5,2,1,1.0,2,31555,M,,,31
201400023204,14,4,19,610,5,1,1,1.0,2,31555,M,4360610.0,140626.0,31
201400023205,14,4,22,2040,1,2,1,1.0,5,31555,M,,,31
201400023206,14,4,23,650,5,2,1,1.0,3,31149,M,4360705.0,133525.0,31
201400023207,14,4,23,1815,1,2,1,1.0,3,31555,M,,,31
201400023208,14,4,23,850,1,2,1,1.0,6,31555,M,,,31
201400023209,14,4,24,1335,1,2,1,1.0,1,31555,M,,,31
201400023210,14,4,24,1820,1,2,1,1.0,3,31555,M,,,31
201400023211,14,4,25,1140,1,2,1,1.0,6,31555,M,,,31
201400023212,14,4,28,615,2,2,1,1.0,6,31069,M,4363674.0,139138.0,31
201400023213,14,4,28,900,1,2,1,1.0,3,31069,M,4363437.0,139135.0,31
201400023214,14,4,28,1445,1,2,1,1.0,2,31149,M,4360333.0,130469.0,31
201400023215,14,4,29,1700,1,1,1,1.0,2,31555,M,4358310.0,140373.0,31
201400023216,14,4,28,1135,1,2,1,1.0,6,31555,M,,,31
201400023217,14,4,30,820,1,1,1,1.0,2,31555,M,4357230.0,145823.0,31
201400023218,14,4,30,1010,1,2,1,1.0,1,31149,M,4360776.0,130078.0,31
201400023219,14,4,30,2355,5,2,3,1.0,6,31555,M,,,31
201400023220,14,5,3,1710,1,2,1,1.0,6,31555,M,,,31
201400023221,14,5,4,115,5,2,3,1.0,3,31555,M,,,31
201400023222,14,5,4,600,5,2,3,1.0,3,31555,M,,,31
201400023223,14,5,6,209,5,1,1,1.0,2,31555,M,4362420.0,141788.0,31
201400023224,14,5,6,1345,1,2,1,1.0,2,31555,M,,,31
201400023225,14,5,7,1945,1,2,1,1.0,6,31555,M,,,31
201400023226,14,5,8,225,5,2,2,1.0,6,31555,M,,,31
201400023227,14,5,8,2220,5,2,1,1.0,6,31555,M,,,31
201400023228,14,5,2,2040,2,2,3,1.0,3,31149,M,4360764.0,133347.0,31
201400023229,14,5,8,1430,1,2,1,1.0,3,31555,M,,,31
201400023230,14,5,10,2340,1,2,1,1.0,1,31555,M,,,31
201400023231,14,5,13,2020,1,2,1,1.0,6,31555,M,,,31
201400023232,14,5,14,715,1,2,1,1.0,3,31555,M,,,31
201400023233,14,5,14,1115,1,2,1,1.0,3,31555,M,,,31
201400023234,14,5,14,1910,1,1,1,1.0,3,31555,M,,,31
201400023235,14,5,15,730,1,1,1,1.0,7,31555,M,,,31
201400023236,14,5,16,745,1,2,1,1.0,1,31149,M,4360942.0,133018.0,31
201400023237,14,5,16,850,1,2,2,1.0,3,31555,M,,,31
201400023238,14,5,16,1005,1,2,1,1.0,6,31555,M,,,31
201400023239,14,5,17,350,4,2,1,1.0,6,31555,M,,,31
201400023240,14,5,17,1730,1,2,1,1.0,6,31555,M,,,31
201400023241,14,5,17,1950,1,2,3,1.0,3,31555,M,,,31
201400023242,14,5,18,1255,1,2,1,1.0,6,31555,M,,,31
201400023243,14,5,18,1640,1,2,1,1.0,6,31555,M,,,31
201400023244,14,5,18,1725,1,2,1,1.0,3,31555,M,,,31
201400023245,14,5,18,1900,1,2,1,1.0,2,31555,M,,,31
201400023246,14,5,16,1920,1,2,1,1.0,7,31149,M,4360218.0,131492.0,31
201400023247,14,5,17,1345,1,2,1,1.0,6,31149,M,4360983.0,130776.0,31
201400023248,14,5,19,850,1,1,1,1.0,2,31555,M,4357070.0,143147.0,31
201400023249,14,5,20,1105,1,2,1,1.0,6,31069,M,4364502.0,136427.0,31
201400023250,14,5,20,935,1,2,1,1.0,4,31555,M,,,31
201400023251,14,5,20,1220,1,2,5,1.0,3,31555,M,,,31
201400023252,14,4,18,1340,1,2,1,1.0,6,31555,M,,,31
201400023253,14,5,16,1400,1,2,1,1.0,6,31555,M,,,31
201400023254,14,5,18,1730,1,2,1,1.0,6,31555,M,,,31
201400023255,14,5,23,850,1,2,1,1.0,3,31149,M,4361784.0,134396.0,31
201400023256,14,5,23,1240,1,2,1,1.0,2,31069,M,,,31
201400023257,14,5,23,2050,2,2,1,1.0,6,31149,M,4360690.0,133142.0,31
201400023258,14,5,24,1730,1,1,1,1.0,6,31555,M,4356860.0,141992.0,31
201400023259,14,5,24,2345,5,2,6,1.0,6,31555,M,,,31
201400023260,14,5,23,1800,1,2,3,1.0,3,31555,M,,,31
201400023261,14,5,24,1520,1,2,1,1.0,2,31555,M,,,31
201400023262,14,5,27,1710,1,2,1,1.0,6,31555,M,,,31
201400023263,14,5,26,1515,1,2,1,3.0,6,31555,M,,,31
201400023264,14,5,28,655,1,2,2,1.0,3,31555,M,,,31
201400023265,14,5,28,745,1,2,1,1.0,3,31555,M,,,31
201400023266,14,5,28,1930,2,2,1,3.0,1,31555,M,,,31
201400023267,14,5,28,1240,1,2,6,1.0,6,31555,M,,,31
201400023268,14,5,29,1635,1,2,6,1.0,3,31555,M,,,31
201400023269,14,5,30,1400,1,2,1,1.0,6,31555,M,,,31
201400023270,14,5,30,1435,1,1,1,1.0,6,31555,M,,,31
201400023271,14,5,30,1645,1,2,3,1.0,3,31555,M,,,31
201400023272,14,5,30,1850,1,2,1,1.0,6,31555,M,,,31
201400023273,14,5,30,1930,1,2,1,1.0,6,31555,M,,,31
201400023274,14,5,30,750,1,2,3,1.0,3,31555,M,,,31
201400023275,14,5,31,1325,1,2,1,1.0,6,31555,M,,,31
201400023276,14,6,1,2315,5,2,1,1.0,6,31149,M,4361784.0,134082.0,31
201400023277,14,6,2,1525,1,2,1,1.0,6,31555,M,,,31
201400023278,14,6,3,1435,1,2,1,1.0,7,31555,M,,,31
201400023279,14,6,2,1700,1,2,1,1.0,6,31555,M,,,31
201400023280,14,6,2,1610,1,2,1,1.0,1,31555,M,,,31
201400023281,14,6,5,1345,1,2,3,1.0,6,31555,M,,,31
201400023282,14,6,5,2329,4,2,1,1.0,7,31149,M,4360624.0,133759.0,31
201400023283,14,6,2,1658,1,2,1,1.0,6,31149,M,4361525.0,134570.0,31
201400023284,14,6,5,1755,1,2,1,1.0,6,31149,M,4360780.0,133582.0,31
201400023285,14,6,7,1210,1,2,3,1.0,3,31555,M,,,31
201400023286,14,6,7,2110,1,2,1,1.0,7,31555,M,,,31
201400023287,14,6,10,1000,1,2,5,1.0,7,31555,M,,,31
201400023288,14,6,10,1255,1,2,1,1.0,7,31555,M,,,31
201400023289,14,6,10,1740,1,2,1,1.0,1,31555,M,,,31
201400023290,14,6,11,1220,1,2,1,1.0,3,31555,M,,,31
201400023291,14,6,11,1536,1,2,1,1.0,3,31069,M,4364434.0,138581.0,31
201400023292,14,6,11,1600,1,2,1,1.0,1,31557,M,4357917.0,135908.0,31
201400023293,14,6,11,1840,1,2,1,1.0,1,31555,M,,,31
201400023294,14,6,11,1920,1,2,1,1.0,3,31555,M,,,31
201400023295,14,6,11,2218,5,2,1,1.0,6,31555,M,,,31
201400023296,14,6,11,2242,5,1,1,1.0,2,31555,M,4355570.0,149142.0,31
201400023297,14,6,12,1310,1,2,1,1.0,6,31555,M,,,31
201400023298,14,6,12,1630,1,2,1,1.0,7,31555,M,,,31
201400023299,14,6,12,2000,1,2,1,1.0,6,31555,M,,,31
201400023300,14,6,13,1935,1,2,2,1.0,3,31069,M,4364868.0,137229.0,31
201400023301,14,6,15,20,5,2,1,1.0,6,31149,M,4359724.0,136307.0,31
201400023302,14,6,16,10,5,2,1,1.0,1,31555,M,4355879.0,149597.0,31
201400023303,14,6,17,1635,1,2,1,1.0,3,31149,M,4359708.0,134989.0,31
201400023304,14,6,18,1608,1,2,3,1.0,1,31555,M,,,31
201400023305,14,6,18,2005,1,2,1,1.0,5,31555,M,,,31
201400023306,14,6,19,745,1,2,1,1.0,6,31555,M,,,31
201400023307,14,6,19,825,1,2,1,1.0,3,31555,M,,,31
201400023308,14,6,19,1000,1,2,1,7.0,6,31555,M,,,31
201400023309,14,6,19,1705,1,1,1,1.0,2,31555,M,4361130.0,141590.0,31
201400023310,14,6,20,1930,1,2,1,1.0,3,31555,M,,,31
201400023311,14,6,20,1235,1,2,1,1.0,6,31555,M,,,31
201400023312,14,6,20,1155,1,1,1,1.0,5,31555,M,,,31
201400023313,14,6,21,1849,1,2,1,1.0,1,31555,M,,,31
201400023314,14,6,21,2110,5,1,1,1.0,7,31557,M,4358789.0,136139.0,31
201400023315,14,6,20,1620,1,2,1,1.0,3,31555,M,,,31
201400023316,14,6,23,810,1,2,1,1.0,3,31149,M,4361029.0,133957.0,31
201400023317,14,6,23,1740,1,2,2,1.0,3,31555,M,,,31
201400023318,14,6,24,1,4,2,3,1.0,3,31555,M,,,31
201400023319,14,6,24,900,1,2,1,1.0,6,31555,M,,,31
201400023320,14,6,24,1330,1,2,1,1.0,5,31555,M,,,31
201400023321,14,6,24,1415,1,2,1,1.0,3,31555,M,,,31
201400023322,14,6,25,735,1,1,1,1.0,5,31555,M,4357529.0,144041.0,31
201400023323,14,6,25,635,1,1,1,1.0,7,31555,M,4362960.0,141990.0,31
201400023324,14,6,25,1700,1,2,1,1.0,2,31555,M,4360919.0,135711.0,31
201400023325,14,6,27,933,1,2,2,1.0,3,31555,M,,,31
201400023326,14,6,28,2030,1,2,1,1.0,3,31555,M,,,31
201400023327,14,6,30,2055,1,2,1,1.0,6,31555,M,,,31
201400023328,14,6,30,2245,5,2,3,1.0,6,31555,M,,,31
201400023329,14,6,25,1725,1,2,3,1.0,1,31555,M,,,31
201400023330,14,7,1,1215,1,2,3,1.0,3,31555,M,,,31
201400023331,14,7,1,145,5,2,1,1.0,7,31069,M,4363621.0,139857.0,31
201400023332,14,7,1,1120,1,2,1,1.0,3,31555,M,,,31
201400023333,14,7,1,1510,1,2,1,1.0,6,31149,M,4361325.0,132251.0,31
201400023334,14,7,2,1215,1,1,1,8.0,4,31069,M,,,31
201400023335,14,7,2,2117,2,2,8,1.0,3,31555,M,,,31
201400023336,14,7,3,1418,1,2,1,1.0,5,31555,M,,,31
201400023337,14,7,5,1215,1,2,1,1.0,4,31555,M,,,31
201400023338,14,7,4,1710,1,2,1,1.0,6,31555,M,,,31
201400023339,14,7,6,1000,1,1,1,1.0,2,31555,M,,,31
201400023340,14,7,6,2036,5,1,1,9.0,7,31555,M,4362410.0,141782.0,31
201400023341,14,7,7,1630,1,2,1,1.0,2,31555,M,,,31
201400023342,14,7,8,1800,1,2,3,1.0,6,31555,M,,,31
201400023343,14,7,7,1650,1,2,1,1.0,6,31149,M,4361209.0,130874.0,31
201400023344,14,7,9,2025,1,2,3,1.0,3,31555,M,,,31
201400023345,14,7,9,2354,5,2,1,1.0,6,31555,M,,,31
201400023346,14,7,10,130,5,2,3,1.0,6,31555,M,,,31
201400023347,14,7,7,1915,1,1,1,1.0,4,31555,M,4356860.0,142045.0,31
201400023348,14,7,11,1627,1,2,1,1.0,7,31555,M,,,31
201400023349,14,7,15,1850,1,2,1,1.0,6,31555,M,,,31
201400023350,14,7,13,1915,1,2,1,1.0,2,31149,M,,,31
201400023351,14,7,14,140,5,2,3,1.0,2,31555,M,,,31
201400023352,14,7,14,1515,1,2,1,1.0,1,31555,M,,,31
201400023353,14,7,16,1721,1,2,1,1.0,2,31555,M,,,31
201400023354,14,7,17,235,5,2,2,1.0,3,31555,M,,,31
201400023355,14,7,15,1220,1,2,1,1.0,5,31555,M,4355480.0,139439.0,31
201400023356,14,7,20,600,2,2,1,1.0,3,31555,M,,,31
201400023357,14,7,19,1030,1,2,1,1.0,2,31069,M,4364474.0,136928.0,31