Num_Acc,an,mois,jour,hrmn,lum,agg,int,atm,col,com,gps,lat,long,dep
201400023358,14,7,19,1715,1,1,1,1.0,2,31555,M,4365420.0,142641.0,31
201400023359,14,7,20,340,5,1,1,1.0,6,31555,M,,,31
201400023360,14,7,20,2015,1,2,1,1.0,3,31555,M,,,31
201400023361,14,7,21,1120,1,2,4,1.0,3,31149,M,4360992.0,133173.0,31
201400023362,14,7,21,2020,5,2,1,1.0,5,31555,M,,,31
201400023363,14,7,22,1535,1,2,1,1.0,3,31555,M,,,31
201400023364,14,7,22,1710,1,2,1,1.0,2,31555,M,,,31
201400023365,14,7,22,2010,1,2,6,1.0,3,31555,M,,,31
201400023366,14,7,22,2020,1,1,1,1.0,2,31555,M,,,31
201400023367,14,7,23,1840,1,2,1,1.0,6,31555,M,,,31
201400023368,14,7,23,2305,1,2,2,1.0,3,31555,M,,,31
201400023369,14,7,27,1830,1,2,1,1.0,3,31557,M,4358057.0,133404.0,31
201400023370,14,7,28,1835,1,1,1,2.0,4,31555,M,,,31
201400023371,14,7,29,1755,1,2,1,1.0,1,31555,M,,,31
201400023372,14,7,29,2055,1,2,3,1.0,3,31555,M,,,31
201400023373,14,7,31,1125,1,2,2,1.0,3,31555,M,,,31
201400023374,14,7,31,850,1,1,1,1.0,2,31555,M,,,31
201400023375,14,7,31,1830,1,2,1,1.0,6,31555,M,,,31
201400023376,14,8,1,1715,1,2,1,1.0,2,31555,M,,,31
201400023377,14,8,1,1815,1,2,1,1.0,2,31555,M,,,31
201400023378,14,8,3,2200,5,2,1,1.0,3,31555,M,,,31
201400023379,14,8,4,345,5,2,1,1.0,7,31555,M,,,31
201400023380,14,8,4,800,1,1,1,1.0,2,31069,M,,,31
201400023381,14,8,5,100,5,2,1,1.0,7,31555,M,,,31
201400023382,14,8,6,1800,1,2,1,1.0,2,31555,M,,,31
201400023383,14,8,7,850,1,2,1,1.0,1,31555,M,,,31
201400023384,14,8,9,1335,1,1,1,1.0,6,31555,M,4358270.0,140398.0,31
201400023385,14,8,10,48,5,2,1,1.0,6,31555,M,,,31
201400023386,14,8,11,1315,1,2,1,1.0,3,31555,M,,,31
201400023387,14,8,11,1500,1,2,1,1.0,6,31069,M,4364683.0,138408.0,31
201400023388,14,8,12,1515,1,2,1,1.0,6,31555,M,,,31
201400023389,14,8,12,1910,1,2,1,1.0,2,31555,M,,,31
201400023390,14,8,12,1935,1,2,1,1.0,6,31555,M,,,31
201400023391,14,8,4,1220,1,1,1,3.0,6,31555,M,4360500.0,140365.0,31
201400023392,14,8,15,1128,1,2,1,1.0,6,31555,M,,,31
201400023393,14,8,15,1350,1,2,1,1.0,3,31555,M,,,31
201400023394,14,7,30,1825,1,2,2,1.0,6,31555,M,,,31
201400023395,14,8,16,1310,1,2,1,1.0,2,31555,M,,,31
201400023396,14,8,13,1608,1,2,1,1.0,6,31149,M,4360919.0,135241.0,31
201400023397,14,8,18,1950,1,2,3,1.0,3,31555,M,,,31
201400023398,14,8,19,1515,1,2,1,1.0,6,31149,M,4360876.0,133623.0,31
201400023399,14,8,20,2325,5,1,1,1.0,6,31069,M,4362250.0,139171.0,31
201400023400,14,8,20,1715,1,2,1,1.0,6,31149,M,4359511.0,134802.0,31
201400023401,14,8,21,1750,1,2,1,1.0,2,31555,M,,,31
201400023402,14,8,21,1945,1,2,1,1.0,6,31555,M,,,31
201400023403,14,8,23,500,5,2,1,1.0,6,31555,M,,,31
201400023404,14,8,22,1600,1,1,1,2.0,4,31555,M,4358290.0,140381.0,31
201400023405,14,8,22,1150,1,2,1,1.0,6,31149,M,4361821.0,133889.0,31
201400023406,14,8,24,450,5,2,1,1.0,6,31555,M,,,31
201400023407,14,8,25,1840,1,2,1,1.0,3,31555,M,,,31
201400023408,14,8,25,2215,5,2,1,1.0,2,31555,M,,,31
201400023409,14,8,26,2210,5,1,1,3.0,6,31555,M,4357070.0,143173.0,31
201400023410,14,8,27,250,5,1,1,2.0,2,31555,M,,,31
201400023411,14,8,22,1545,1,1,1,2.0,6,31555,M,4359130.0,139885.0,31
201400023412,14,8,27,1710,1,2,3,1.0,3,31555,M,,,31
201400023413,14,8,28,715,1,2,3,1.0,6,31555,M,,,31
201400023414,14,8,28,940,1,1,1,1.0,4,31555,M,4364070.0,148885.0,31
201400023415,14,8,28,1540,1,1,1,1.0,6,31149,M,4361020.0,138553.0,31
201400023416,14,8,28,1125,1,2,3,1.0,6,31149,M,4360610.0,132785.0,31
201400023417,14,8,29,700,1,2,1,1.0,6,31149,M,4361521.0,134589.0,31
201400023418,14,8,30,500,5,2,1,1.0,6,31555,M,,,31
201400023419,14,8,30,1700,1,2,1,1.0,6,31555,M,,,31
201400023420,14,9,1,310,1,2,1,1.0,6,31555,M,,,31
201400023421,14,9,1,1130,1,2,1,1.0,3,31555,M,,,31
201400023422,14,9,1,1709,1,2,1,1.0,4,31069,M,4362544.0,138302.0,31
201400023423,14,9,1,830,1,2,4,1.0,3,31557,M,4358371.0,133836.0,31
201400023424,14,9,1,1500,1,2,1,1.0,1,31149,M,4362333.0,132687.0,31
201400023425,14,9,2,1330,1,2,1,1.0,3,31555,M,,,31
201400023426,14,9,2,1740,1,2,1,1.0,5,31555,M,,,31
201400023427,14,9,2,1505,1,2,1,1.0,2,31555,M,,,31
201400023428,14,9,3,1055,1,2,1,1.0,2,31555,M,,,31
201400023429,14,9,4,1650,1,1,1,1.0,2,31555,M,4360950.0,138666.0,31
201400023430,14,9,5,1850,1,1,1,1.0,6,31555,M,,,31
201400023431,14,9,7,1628,1,1,1,1.0,5,31555,M,4365110.0,142277.0,31
201400023432,14,9,8,1700,1,2,1,1.0,1,31557,M,4357918.0,133068.0,31
201400023433,14,9,9,2105,1,2,1,1.0,2,31555,M,,,31
201400023434,14,9,9,1315,1,2,1,1.0,6,31149,M,4361654.0,131071.0,31
201400023435,14,9,9,1725,1,2,1,1.0,1,31149,M,4359917.0,134608.0,31
201400023436,14,9,9,1840,1,2,1,1.0,7,31555,M,,,31
201400023437,14,9,10,1335,1,2,1,1.0,4,31555,M,,,31
201400023438,14,9,10,1505,1,2,1,1.0,2,31555,M,,,31
201400023439,14,9,10,1905,1,2,1,1.0,7,31555,M,,,31
201400023440,14,9,11,755,1,2,6,1.0,3,31555,M,,,31
201400023441,14,9,11,1000,1,2,1,1.0,6,31555,M,,,31
201400023442,14,9,11,1310,1,2,2,1.0,3,31555,M,,,31
201400023443,14,9,12,800,1,2,1,1.0,6,31555,M,,,31
201400023444,14,9,11,950,1,2,1,1.0,3,31555,M,,,31
201400023445,14,9,11,2025,1,1,1,1.0,2,31555,M,4358300.0,140375.0,31
201400023446,14,9,12,845,1,2,2,1.0,3,31555,M,,,31
201400023447,14,9,12,1650,1,2,1,1.0,2,31555,M,,,31
201400023448,14,9,13,1030,1,2,1,1.0,3,31555,M,,,31
201400023449,14,9,10,555,5,2,1,1.0,7,31555,M,,,31
201400023450,14,9,10,845,1,2,1,1.0,7,31555,M,,,31
201400023451,14,9,11,830,1,2,1,1.0,3,31557,M,4358991.0,137632.0,31
201400023452,14,9,15,1945,1,2,1,1.0,6,31555,M,,,31
201400023453,14,9,15,2005,1,2,1,1.0,1,31555,M,,,31
201400023454,14,9,12,854,1,2,1,1.0,2,31555,M,,,31
201400023455,14,9,12,1755,1,2,1,1.0,1,31069,M,4362526.0,139811.0,31
201400023456,14,9,18,1332,1,2,1,1.0,6,31555,M,,,31
201400023457,14,9,19,1350,1,2,1,1.0,1,31555,M,,,31
201400023458,14,9,20,2040,5,2,1,1.0,2,31555,M,,,31
201400023459,14,9,21,1825,1,2,1,1.0,2,31555,M,,,31
201400023460,14,9,22,1045,1,2,1,1.0,1,31555,M,,,31
201400023461,14,9,22,1125,1,2,1,1.0,3,31555,M,,,31
201400023462,14,9,22,1015,1,2,1,1.0,1,31555,M,,,31
201400023463,14,9,19,1540,1,2,1,1.0,6,31557,M,4358503.0,134520.0,31
201400023464,14,9,23,555,1,2,6,1.0,3,31557,M,4358851.0,135881.0,31
201400023465,14,9,23,1930,1,1,1,2.0,3,31555,M,,,31
201400023466,14,9,23,2045,5,2,1,1.0,1,31555,M,,,31
201400023467,14,9,24,1215,1,2,1,1.0,3,31555,M,,,31
201400023468,14,9,25,835,1,1,1,1.0,2,31555,M,,,31
201400023469,14,9,25,845,1,2,1,1.0,6,31555,M,,,31
201400023470,14,9,25,1500,1,2,1,1.0,6,31555,M,,,31
201400023471,14,9,25,1637,1,2,1,1.0,3,31555,M,,,31
201400023472,14,9,26,730,1,2,6,1.0,4,31069,M,4362706.0,138522.0,31
201400023473,14,9,26,740,1,2,1,1.0,3,31149,M,,,31
201400023474,14,9,26,646,5,2,1,1.0,1,31555,M,,,31
201400023475,14,9,28,321,5,1,1,1.0,6,31555,M,4357522.0,140908.0,31
201400023476,14,9,26,828,1,2,1,1.0,6,31555,M,,,31
201400023477,14,9,26,1415,1,2,1,1.0,6,31555,M,,,31
201400023478,14,9,26,1510,1,2,1,1.0,1,31555,M,,,31
201400023479,14,9,26,1725,1,2,1,1.0,6,31555,M,,,31
201400023480,14,9,26,1910,1,1,1,1.0,2,31555,M,4360720.0,140866.0,31
201400023481,14,9,26,2230,1,2,1,1.0,1,31555,M,,,31
201400023482,14,9,28,540,1,2,1,1.0,4,31555,M,,,31
201400023483,14,9,28,2220,1,2,1,1.0,6,31555,M,,,31
201400023484,14,9,29,840,1,2,2,1.0,3,31555,M,,,31
201400023485,14,9,29,1730,1,2,1,1.0,6,31555,M,,,31
201400023486,14,9,29,2015,1,2,1,1.0,6,31555,M,,,31
201400023487,14,9,27,20,5,2,1,1.0,6,31555,M,,,31
201400023488,14,9,30,815,1,2,1,1.0,6,31555,M,,,31
201400023489,14,9,30,720,1,2,1,1.0,1,31555,M,,,31
201400023490,14,9,30,1720,1,2,1,1.0,6,31555,M,,,31
201400023491,14,10,1,730,5,2,1,1.0,3,31555,M,,,31
201400023492,14,10,1,800,1,1,1,1.0,2,31555,M,4357100.0,143381.0,31
201400023493,14,10,2,800,1,2,1,1.0,6,31555,M,,,31
201400023494,14,10,2,1200,1,2,1,1.0,3,31555,M,,,31
201400023495,14,10,2,1450,1,2,1,1.0,6,31555,M,,,31
201400023496,14,10,2,1800,1,2,1,1.0,2,31555,M,,,31
201400023497,14,10,3,5,5,2,1,1.0,3,31555,M,,,31
201400023498,14,10,3,1800,1,2,1,1.0,2,31555,M,,,31
201400023499,14,10,4,1000,1,2,1,1.0,3,31555,M,,,31
201400023500,14,10,3,1535,1,2,1,1.0,6,31555,M,,,31
201400023501,14,10,4,1950,1,2,1,1.0,6,31555,M,,,31
201400023502,14,10,5,2230,5,2,1,1.0,3,31555,M,,,31
201400023503,14,10,5,2039,5,2,1,1.0,6,31555,M,,,31
201400023504,14,10,3,1220,1,1,1,1.0,2,31069,M,4362320.0,138978.0,31
201400023505,14,10,5,1655,1,2,1,1.0,6,31069,M,4364091.0,137964.0,31
201400023506,14,10,2,2255,5,2,1,1.0,3,31555,M,,,31
201400023507,14,10,6,1530,1,2,1,1.0,6,31555,M,,,31
201400023508,14,10,6,1740,1,1,1,1.0,2,31555,M,,,31
201400023509,14,10,6,1810,1,2,1,1.0,3,31555,M,,,31
201400023510,14,10,2,1600,1,2,1,1.0,3,31555,M,,,31
201400023511,14,10,7,2300,5,2,1,1.0,3,31555,M,,,31
201400023512,14,10,8,235,5,2,1,1.0,7,31555,M,,,31
201400023513,14,10,8,818,4,2,1,1.0,3,31555,M,,,31
201400023514,14,10,8,1355,1,2,1,1.0,3,31555,M,,,31
201400023515,14,10,8,1430,1,1,1,1.0,7,31555,M,4361000.0,138581.0,31
201400023516,14,10,8,805,1,2,6,1.0,3,31149,M,4361399.0,135304.0,31
201400023517,14,10,10,1710,1,1,1,1.0,2,31555,M,4359150.0,139875.0,31
201400023518,14,10,10,2130,5,2,1,2.0,6,31555,M,,,31
201400023519,14,10,13,1200,1,2,3,1.0,3,31555,M,4362180.0,142492.0,31
201400023520,14,10,8,1915,1,2,1,1.0,3,31555,M,,,31
201400023521,14,10,13,1230,1,1,1,1.0,4,31555,M,4360904.0,137104.0,31
201400023522,14,10,13,1735,1,2,1,1.0,2,31149,M,4361200.0,134403.0,31
201400023523,14,10,14,1435,1,2,1,1.0,3,31555,M,,,31
201400023524,14,10,13,1550,1,2,1,1.0,6,31555,M,,,31
201400023525,14,10,14,1745,4,2,1,1.0,3,31555,M,,,31
201400023526,14,10,15,725,2,2,1,1.0,3,31555,M,,,31
201400023527,14,10,15,755,2,2,1,1.0,3,31555,M,,,31
201400023528,14,10,15,1045,1,2,1,1.0,3,31555,M,,,31
201400023529,14,10,15,1355,1,2,1,1.0,1,31555,M,,,31
201400023530,14,10,15,1549,1,2,1,1.0,3,31555,M,,,31
201400023531,14,10,15,1600,1,2,1,1.0,3,31555,M,,,31
201400023532,14,10,16,740,1,2,1,1.0,2,31555,M,,,31
201400023533,14,10,16,1905,1,1,3,1.0,3,31555,M,,,31
201400023534,14,10,19,415,5,2,1,1.0,2,31555,M,,,31
201400023535,14,10,17,1720,1,2,3,1.0,3,31149,M,4361830.0,133888.0,31
201400023536,14,10,16,1730,1,2,1,1.0,6,31149,M,4361191.0,132660.0,31
201400023537,14,10,19,1630,1,2,1,1.0,6,31555,M,,,31
201400023538,14,10,20,820,1,1,1,1.0,2,31555,M,4357550.0,144501.0,31
201400023539,14,10,20,1320,1,1,1,1.0,2,31555,M,,,31
201400023540,14,10,21,1720,1,2,1,1.0,2,31555,M,,,31
201400023541,14,10,21,1732,1,2,1,1.0,6,31555,M,,,31
201400023542,14,10,16,1220,1,2,1,1.0,6,31555,M,,,31
201400023543,14,10,22,2330,5,2,1,1.0,1,31555,M,,,31
201400023544,14,10,23,1800,5,1,1,1.0,5,31555,M,4356876.0,141568.0,31
201400023545,14,10,23,741,2,2,1,1.0,3,31555,M,,,31
201400023546,14,10,23,1245,1,1,1,1.0,2,31555,M,4357320.0,147246.0,31
201400023547,14,10,23,1600,1,2,1,1.0,6,31555,M,,,31
201400023548,14,10,23,1650,1,1,1,1.0,2,31555,M,,,31
201400023549,14,10,23,1830,1,2,1,1.0,6,31555,M,,,31
201400023550,14,10,25,545,5,2,1,1.0,6,31555,M,,,31
201400023551,14,10,26,440,5,2,1,1.0,6,31555,M,,,31
201400023552,14,10,25,1420,1,2,1,1.0,2,31555,M,,,31
201400023553,14,10,25,1840,5,2,1,1.0,6,31555,M,,,31
201400023554,14,10,27,1535,1,2,1,1.0,6,31555,M,,,31
201400023555,14,10,28,1418,1,2,1,1.0,6,31555,M,,,31
201400023556,14,10,29,125,5,2,1,1.0,3,31555,M,,,31
201400023557,14,10,29,805,1,2,1,1.0,3,31555,M,,,31
201400023558,14,10,24,1730,1,2,3,1.0,1,31149,M,4360930.0,130596.0,31
201400023559,14,10,27,810,1,2,1,1.0,5,31149,M,4361677.0,134354.0,31
201400023560,14,10,29,1045,1,2,1,1.0,6,31555,M,,,31
201400023561,14,10,29,1550,1,2,1,1.0,6,31555,M,,,31
201400023562,14,10,29,1830,5,2,2,1.0,3,31555,M,,,31
201400023563,14,10,29,1850,5,2,1,1.0,3,31555,M,,,31
201400023564,14,10,30,1450,1,2,1,1.0,3,31555,M,,,31
201400023565,14,10,30,1120,1,1,1,1.0,2,31555,M,4365120.0,142287.0,31
201400023566,14,10,31,1025,1,2,1,1.0,2,31555,M,,,31
201400023567,14,11,1,143,5,2,1,1.0,7,31555,M,,,31
201400023568,14,11,1,600,5,2,1,1.0,6,31555,M,,,31
201400023569,14,11,1,1350,1,2,1,1.0,6,31555,M,,,31
201400023570,14,11,1,1355,1,2,1,1.0,4,31555,M,4357786.0,149390.0,31
201400023571,14,11,3,1815,5,2,1,1.0,5,31555,M,,,31
201400023572,14,10,31,800,1,2,1,1.0,3,31555,M,,,31
201400023573,14,11,4,1445,1,2,1,1.0,3,31555,M,,,31
201400023574,14,11,5,1242,1,2,1,1.0,6,31149,M,4360707.0,133783.0,31
201400023575,14,11,8,1915,2,1,1,1.0,5,31555,M,4357029.0,142985.0,31
201400023576,14,11,10,1430,1,1,2,1.0,3,31069,M,4364864.0,137229.0,31
201400023577,14,11,10,1525,1,2,1,1.0,1,31555,M,,,31
201400023578,14,11,10,1730,1,1,1,1.0,3,31555,M,,,31
201400023579,14,11,10,2100,5,2,1,1.0,4,31555,M,,,31
201400023580,14,11,13,1400,1,2,3,1.0,6,31555,M,,,31
201400023581,14,11,13,1705,1,2,3,1.0,3,31555,M,,,31
201400023582,14,11,14,1845,5,2,1,3.0,3,31555,M,,,31
201400023583,14,11,14,1910,5,2,6,3.0,3,31149,M,4359709.0,135002.0,31
201400023584,14,11,14,2155,5,2,6,2.0,3,31149,M,4361666.0,131215.0,31
201400023585,14,11,15,530,5,2,1,1.0,6,31555,M,,,31
201400023586,14,11,16,1845,5,1,1,3.0,4,31555,M,,,31
201400023587,14,11,17,920,1,1,1,1.0,3,31555,M,,,31
201400023588,14,11,17,1252,1,2,1,2.0,7,31069,M,4363040.0,138192.0,31
201400023589,14,11,13,1420,1,2,1,1.0,2,31555,M,,,31
201400023590,14,11,18,815,1,2,1,2.0,2,31555,M,,,31
201400023591,14,11,18,1600,1,2,1,1.0,3,31555,M,,,31
201400023592,14,11,15,1310,1,1,1,1.0,6,31555,M,4360425.0,140401.0,31
201400023593,14,11,16,1420,1,2,1,1.0,4,31555,M,,,31
201400023594,14,11,16,1830,3,1,1,3.0,4,31555,M,,,31
201400023595,14,11,17,1835,5,1,1,1.0,2,31555,M,4361099.0,138386.0,31
201400023596,14,11,19,1240,1,2,1,1.0,3,31555,M,,,31
201400023597,14,11,19,1415,1,1,1,1.0,3,31555,M,,,31
201400023598,14,11,17,1100,1,2,1,1.0,6,31555,M,,,31
201400023599,14,11,20,830,1,2,1,1.0,2,31555,M,,,31
201400023600,14,11,20,1805,5,2,1,1.0,3,31555,M,,,31
201400023601,14,11,21,625,5,2,1,1.0,1,31555,M,,,31
201400023602,14,11,21,1020,1,2,1,1.0,6,31555,M,,,31
201400023603,14,11,21,1530,1,1,1,1.0,3,31555,M,,,31
201400023604,14,11,21,1745,5,2,1,1.0,3,31555,M,,,31
201400023605,14,11,21,1800,1,2,1,1.0,1,31555,M,,,31
201400023606,14,11,20,810,1,2,1,1.0,1,31557,M,4358180.0,132469.0,31
201400023607,14,11,20,850,1,2,1,1.0,3,31555,M,,,31
201400023608,14,11,24,1157,1,2,1,1.0,6,31555,M,,,31
201400023609,14,11,25,1205,1,2,1,1.0,3,31555,M,,,31
201400023610,14,11,24,1845,5,2,1,1.0,6,31149,M,4360874.0,133584.0,31
201400023611,14,11,25,1325,1,2,1,1.0,1,31555,M,,,31
201400023612,14,11,25,1330,1,2,1,1.0,2,31555,M,,,31
201400023613,14,11,23,1516,1,2,1,1.0,2,31555,M,,,31
201400023614,14,11,25,1700,1,2,1,1.0,2,31555,M,,,31
201400023615,14,11,25,1755,1,2,3,1.0,2,31555,M,,,31
201400023616,14,11,25,1905,5,2,1,1.0,6,31555,M,,,31
201400023617,14,11,26,1840,5,2,1,3.0,6,31555,M,,,31
201400023618,14,11,27,740,2,1,1,1.0,4,31555,M,4361090.0,137660.0,31
201400023619,14,11,25,1700,1,1,1,1.0,2,31555,M,,,31
201400023620,14,11,27,1020,1,2,1,1.0,3,31555,M,,,31
201400023621,14,11,25,1320,1,2,9,2.0,6,31555,M,,,31
201400023622,14,11,26,1645,1,2,1,1.0,6,31557,M,4358148.0,136731.0,31
201400023623,14,11,28,1548,1,2,6,1.0,3,31555,M,,,31
201400023624,14,11,28,440,5,2,1,1.0,1,31555,M,,,31
201400023625,14,11,28,810,1,1,1,1.0,3,31555,M,4358420.0,140297.0,31
201400023626,14,11,29,1750,1,2,3,1.0,3,31555,M,,,31
201400023627,14,11,30,456,5,2,1,1.0,6,31555,M,,,31
201400023628,14,11,30,515,5,2,1,1.0,7,31555,M,,,31
201400023629,14,11,30,1115,1,1,1,1.0,7,31555,M,,,31
201400023630,14,12,1,1515,1,2,1,1.0,3,31555,M,,,31
201400023631,14,12,2,1920,1,2,3,1.0,3,31555,M,,,31
201400023632,14,12,3,855,1,2,1,1.0,4,31555,M,,,31
201400023633,14,12,5,1815,5,2,1,1.0,5,31555,M,,,31
201400023634,14,12,5,2045,1,2,3,3.0,1,31555,M,,,31
201400023635,14,12,7,1645,1,2,1,1.0,6,31555,M,,,31
201400023636,14,12,8,815,2,2,1,3.0,6,31555,M,,,31
201400023637,14,12,7,715,5,1,1,1.0,4,31555,M,,,31
201400023638,14,12,9,835,1,2,1,1.0,2,31555,M,,,31
201400023639,14,12,9,1640,1,2,1,1.0,6,31555,M,,,31
201400023640,14,12,9,2015,5,2,1,1.0,3,31149,M,4360926.0,135271.0,31
201400023641,14,12,8,1900,5,2,1,1.0,3,31555,M,,,31
201400023642,14,12,10,850,1,2,1,1.0,3,31555,M,,,31
201400023643,14,12,10,2023,5,2,2,1.0,6,31555,M,,,31
201400023644,14,12,11,1530,1,2,1,1.0,6,31555,M,,,31
201400023645,14,12,11,1645,1,2,6,2.0,3,31069,M,4363738.0,139073.0,31
201400023646,14,12,13,340,5,2,1,1.0,6,31555,M,,,31
201400023647,14,12,14,1205,1,2,2,1.0,3,31555,M,,,31
201400023648,14,12,15,930,1,2,1,2.0,2,31555,M,,,31
201400023649,14,12,15,1855,5,1,1,1.0,3,31555,M,,,31
201400023650,14,12,16,1925,5,2,1,1.0,1,31555,M,,,31
201400023651,14,12,16,715,2,2,4,1.0,3,31149,M,4360435.0,131347.0,31
201400023652,14,12,16,1245,1,2,1,1.0,2,31555,M,,,31
201400023653,14,12,16,1710,1,2,1,1.0,6,31555,M,,,31
201400023654,14,12,16,1800,5,2,1,1.0,3,31555,M,,,31
201400023655,14,12,15,1850,5,1,1,1.0,2,31555,M,4358710.0,140112.0,31
201400023656,14,12,17,750,2,2,1,1.0,1,31555,M,,,31
201400023657,14,12,17,905,1,2,1,2.0,2,31555,M,,,31
201400023658,14,12,17,1735,5,2,1,2.0,6,31555,M,,,31
201400023659,14,12,18,750,5,2,1,1.0,6,31555,M,,,31
201400023660,14,12,19,610,1,2,2,1.0,3,31555,M,,,31
201400023661,14,12,20,1600,1,2,1,1.0,6,31555,M,,,31
201400023662,14,12,20,2050,5,2,1,1.0,1,31555,M,,,31
201400023663,14,12,21,350,5,1,1,1.0,2,31555,M,,,31
201400023664,14,12,25,2100,1,2,1,1.0,1,31069,M,4364944.0,138222.0,31
201400023665,14,12,29,1940,5,1,1,2.0,2,31555,M,4357070.0,143190.0,31
201400023666,14,12,26,1058,1,2,1,1.0,6,31555,M,,,31
201400023667,14,12,26,2200,5,2,1,2.0,3,31555,M,,,31
201400023668,14,12,28,625,5,2,1,2.0,6,31555,M,,,31
201400023669,14,12,29,220,5,2,1,1.0,2,31555,M,,,31
201400023670,14,12,22,900,1,2,1,1.0,3,31557,M,4358882.0,135447.0,31
201400023671,14,12,31,1007,1,2,1,1.0,1,31555,M,,,31
201400023672,14,12,31,1230,1,2,1,1.0,3,31555,M,,,31
201400023673,14,6,11,1100,1,1,1,1.0,6,10329,M,4825543.0,413003.0,10
201400023674,14,7,9,1100,1,2,2,8.0,3,10340,M,4823961.0,402124.0,10
201400023675,14,8,3,100,3,1,2,1.0,5,10282,M,4838899.0,396880.0,10
201400023676,14,8,9,1715,1,2,1,1.0,3,10282,M,4838176.0,397831.0,10
201400023677,14,4,15,1315,1,1,1,1.0,1,68019,M,4809020.0,756106.0,68
201400023678,14,8,30,1900,1,1,3,8.0,3,68007,M,4805138.0,745292.0,68
201400023679,14,10,31,1330,1,2,1,1.0,6,68227,M,4810224.0,747213.0,68
201400023680,14,3,29,1750,2,1,1,1.0,6,68317,M,4806374.0,703013.0,68
201400023681,14,8,11,1715,1,1,6,1.0,3,68310,M,4813262.0,731862.0,68
201400023682,14,1,20,45,3,1,1,2.0,6,71195,M,0.0,0.0,71
201400023683,14,6,18,630,1,1,1,1.0,2,71305,M,0.0,0.0,71
201400023684,14,7,10,545,1,1,9,2.0,6,71497,M,4636939.0,483653.0,71
201400023685,14,8,2,2330,3,1,1,1.0,2,71576,M,0.0,0.0,71
201400023686,14,8,30,30,5,1,1,1.0,2,71383,M,0.0,0.0,71
201400023687,14,9,8,245,3,1,1,1.0,6,71270,M,0.0,0.0,71
201400023688,14,10,5,1145,1,1,1,2.0,6,71270,M,0.0,0.0,71
201400023689,14,11,17,1900,3,1,1,2.0,6,71090,M,0.0,0.0,71
201400023690,14,11,25,1615,1,1,1,1.0,1,71090,M,0.0,0.0,71
201400023691,14,5,10,945,1,1,1,1.0,2,83132,M,0.0,0.0,83
201400023692,14,1,5,1615,1,1,1,1.0,6,83057,M,0.0,0.0,83
201400023693,14,1,12,2015,3,1,1,1.0,2,83054,M,0.0,0.0,83
201400023694,14,2,7,915,1,1,1,3.0,4,83062,M,0.0,0.0,83
201400023695,14,2,11,2200,3,1,1,1.0,6,83062,M,0.0,0.0,83
201400023696,14,4,12,1830,1,1,1,1.0,2,83057,M,0.0,0.0,83
201400023697,14,5,4,1700,1,1,1,1.0,3,83148,M,0.0,0.0,83
201400023698,14,5,12,930,1,1,1,1.0,6,83026,M,0.0,0.0,83
201400023699,14,5,28,1845,1,1,1,1.0,3,83054,M,0.0,0.0,83
201400023700,14,6,6,830,1,1,1,1.0,1,83067,M,0.0,0.0,83
201400023701,14,6,8,1800,1,1,1,1.0,6,83031,M,0.0,0.0,83
201400023702,14,6,26,915,1,1,1,1.0,6,83099,M,0.0,0.0,83
201400023703,14,7,8,1215,1,1,1,1.0,3,83148,M,0.0,0.0,83
201400023704,14,7,19,1945,1,1,1,1.0,2,83073,M,0.0,0.0,83
201400023705,14,7,21,1730,1,1,1,1.0,3,83026,M,0.0,0.0,83
201400023706,14,8,14,715,1,1,1,1.0,6,83031,M,0.0,0.0,83
201400023707,14,10,10,730,2,1,1,1.0,4,83054,M,0.0,0.0,83
201400023708,14,10,10,1215,1,1,1,1.0,2,83099,M,0.0,0.0,83
201400023709,14,10,25,1415,1,1,1,1.0,5,83057,M,0.0,0.0,83
201400023710,14,10,27,1815,2,1,1,1.0,5,83054,M,0.0,0.0,83
201400023711,14,11,4,1830,3,1,1,3.0,6,83099,M,0.0,0.0,83
201400023712,14,11,13,630,2,1,9,1.0,6,83062,M,0.0,0.0,83
201400023713,14,11,24,715,2,1,1,1.0,2,83130,M,0.0,0.0,83
201400023714,14,12,17,1815,3,1,1,1.0,2,83054,M,0.0,0.0,83
201400023715,14,12,18,1045,1,1,1,1.0,2,83054,M,0.0,0.0,83
201400023716,14,12,30,2130,3,1,1,1.0,2,83148,M,0.0,0.0,83
201400023717,14,3,15,745,1,1,1,1.0,6,28141,M,4832211.0,136030.0,28
201400023718,14,3,23,1800,1,1,1,4.0,3,28403,M,4838506.0,149062.0,28
201400023719,14,5,20,1600,1,1,1,3.0,7,28110,M,4842164.0,151145.0,28
201400023720,14,6,8,1015,1,1,1,1.0,6,28123,M,4824022.0,108583.0,28
201400023721,14,6,16,1445,1,1,1,1.0,3,28073,M,4847784.0,162853.0,28
201400023722,14,6,23,1700,1,1,1,1.0,6,28141,M,4834946.0,142034.0,28
201400023723,14,6,29,815,1,1,1,8.0,6,28073,M,4847870.0,163204.0,28
201400023724,14,7,18,2245,3,1,1,8.0,2,28327,M,4819247.0,84362.0,28
201400023725,14,9,21,315,3,1,1,8.0,6,28139,M,4831700.0,133120.0,28
201400023726,14,12,23,615,3,1,1,8.0,7,28361,M,4851016.0,174931.0,28
201400023727,14,6,23,1945,1,1,1,1.0,2,45050,M,4809783.0,236210.0,45