Num_Acc,an,mois,jour,hrmn,lum,agg,int,atm,col,com,gps,lat,long,dep
201400023728,14,6,28,930,1,2,1,2.0,1,45310,M,4829168.0,220332.0,45
201400023729,14,9,26,745,1,1,1,1.0,2,45328,M,4807232.0,264049.0,45
201400023730,14,1,2,1830,5,1,1,8.0,2,44014,M,0.0,0.0,44
201400023731,14,2,1,1215,1,1,1,4.0,3,44216,M,0.0,0.0,44
201400023732,14,6,20,645,1,1,2,1.0,5,44206,M,0.0,0.0,44
201400023733,14,10,15,745,3,1,1,2.0,2,44041,M,0.0,0.0,44
201400023734,14,11,4,945,1,1,1,1.0,2,44009,M,0.0,0.0,44
201400023735,14,11,7,1600,1,1,1,1.0,1,44024,M,0.0,0.0,44
201400023736,14,11,18,715,2,1,1,1.0,1,44014,M,0.0,0.0,44
201400023737,14,12,3,1430,1,1,1,8.0,6,44041,M,0.0,0.0,44
201400023738,14,3,24,830,1,2,1,1.0,3,13078,M,0.0,0.0,13
201400023739,14,2,23,415,5,1,9,1.0,4,77141,M,0.0,0.0,77
201400023740,14,5,4,1515,1,1,1,1.0,6,77401,M,0.0,0.0,77
201400023741,14,11,13,1700,2,1,1,1.0,1,77505,M,4891900.0,298900.0,77
201400023742,14,10,4,400,3,1,1,2.0,7,81198,M,0.0,0.0,81
201400023743,14,10,4,2200,3,1,1,1.0,6,81097,M,4387320.0,221385.0,81
201400023744,14,5,14,630,3,1,1,1.0,6,81238,M,4347500.0,250431.0,81
201400023745,14,7,11,1000,1,2,1,2.0,1,81115,M,4347610.0,263811.0,81
201400023746,14,8,2,1515,1,1,1,8.0,2,81036,M,4349690.0,240207.0,81
201400023747,14,8,21,1445,1,2,1,1.0,3,81321,M,0.0,0.0,81
201400023748,14,9,9,1000,1,1,1,1.0,6,81239,M,4348900.0,246050.0,81
201400023749,14,2,16,2100,5,2,3,1.0,1,32013,M,4364970.0,58693.0,32
201400023750,14,2,21,1816,2,1,1,8.0,7,32013,M,4367300.0,60229.0,32
201400023751,14,3,9,1,3,1,1,1.0,1,32117,M,4366530.0,55270.0,32
201400023752,14,3,25,1645,1,2,1,2.0,7,32013,M,4364610.0,58755.0,32
201400023753,14,4,15,920,1,2,3,1.0,1,32013,M,4363610.0,58616.0,32
201400023754,14,4,15,1130,1,2,2,1.0,3,32013,M,4363110.0,58131.0,32
201400023755,14,4,30,500,3,1,1,9.0,6,32013,M,4366020.0,63953.0,32
201400023756,14,5,5,1740,1,2,4,1.0,3,32013,M,4364970.0,59806.0,32
201400023757,14,5,13,1100,1,2,4,2.0,3,32013,M,4365100.0,60244.0,32
201400023758,14,6,3,1605,1,2,1,1.0,7,32013,M,4363230.0,59276.0,32
201400023759,14,6,17,1120,1,2,1,1.0,6,32013,M,4364360.0,58327.0,32
201400023760,14,6,19,1915,1,2,1,1.0,3,32013,M,4365640.0,59697.0,32
201400023761,14,6,20,227,3,1,1,1.0,6,32013,M,4368780.0,59585.0,32
201400023762,14,7,2,150,3,1,1,2.0,6,32013,M,4367710.0,61864.0,32
201400023763,14,7,16,755,1,2,1,1.0,2,32013,M,4364960.0,59757.0,32
201400023764,14,7,25,1740,1,1,1,8.0,1,32013,M,4365170.0,62002.0,32
201400023765,14,7,29,1135,1,2,1,1.0,2,32013,M,4365010.0,59936.0,32
201400023766,14,8,6,1740,1,2,3,1.0,5,32013,M,4363670.0,58375.0,32
201400023767,14,8,7,935,1,2,1,1.0,7,32013,M,4364400.0,60379.0,32
201400023768,14,8,14,828,1,2,1,1.0,6,32013,M,4364230.0,59083.0,32
201400023769,14,8,23,1200,1,1,1,1.0,6,32013,M,4366800.0,63250.0,32
201400023770,14,8,24,730,1,1,1,1.0,7,32013,M,4364760.0,52811.0,32
201400023771,14,9,12,1210,1,2,3,1.0,1,32013,M,4363660.0,59816.0,32
201400023772,14,9,12,1405,1,2,2,1.0,2,32013,M,4364660.0,59183.0,32
201400023773,14,9,18,1130,1,2,1,1.0,7,32013,M,4365000.0,58881.0,32
201400023774,14,9,23,2240,5,2,1,1.0,7,32013,M,4363990.0,58498.0,32
201400023775,14,9,28,1205,1,2,1,1.0,7,32013,M,4364750.0,58869.0,32
201400023776,14,10,3,1620,1,1,1,1.0,3,32013,M,4366680.0,60216.0,32
201400023777,14,10,17,343,5,2,1,1.0,6,32013,M,4364850.0,58711.0,32
201400023778,14,10,27,1706,1,1,1,1.0,7,32013,M,4368690.0,60400.0,32
201400023779,14,10,30,1030,1,2,1,1.0,7,32013,M,4364660.0,59192.0,32
201400023780,14,11,8,1140,1,2,1,1.0,7,32013,M,4364660.0,59191.0,32
201400023781,14,11,12,1655,2,2,1,1.0,7,32013,M,4363380.0,59483.0,32
201400023782,14,11,14,800,2,2,1,2.0,7,32013,M,4364900.0,58943.0,32
201400023783,14,11,27,1145,1,2,1,1.0,7,32013,M,4364790.0,59256.0,32
201400023784,14,11,29,256,3,2,1,1.0,7,32013,M,4365510.0,61566.0,32
201400023785,14,12,6,1959,3,2,1,2.0,6,32013,M,4364080.0,59606.0,32
201400023786,14,12,10,1405,1,2,1,1.0,6,32013,M,4363510.0,58316.0,32
201400023787,14,12,16,1840,5,1,1,2.0,3,32013,M,4366450.0,59539.0,32
201400023788,14,12,17,2355,5,2,1,2.0,1,32013,M,4364930.0,58813.0,32
201400023789,14,4,8,715,1,1,1,1.0,5,57629,M,0.0,0.0,57
201400023790,14,4,7,1615,1,1,1,1.0,7,57635,M,0.0,0.0,57
201400023791,14,5,18,1730,1,1,1,1.0,1,57246,M,4875299.0,673091.0,57
201400023792,14,8,7,645,1,1,1,1.0,6,57098,M,0.0,0.0,57
201400023793,14,12,5,1615,3,1,1,1.0,6,57065,M,0.0,0.0,57
201400023794,14,2,4,845,1,1,1,2.0,5,21057,M,0.0,0.0,21
201400023795,14,6,6,1415,1,1,1,1.0,3,21599,M,0.0,0.0,21
201400023796,14,11,27,1830,3,1,1,1.0,2,21171,M,4728113.0,512445.0,21
201400023797,14,12,20,1745,3,1,1,1.0,6,21330,M,0.0,0.0,21
201400023798,14,2,12,715,2,1,1,9.0,6,76010,M,4964538.0,96649.0,76
201400023799,14,11,17,1500,1,1,1,2.0,7,76227,M,4966199.0,91790.0,76
201400023800,14,3,5,815,1,1,1,8.0,3,31445,M,4358590.0,152378.0,31
201400023801,14,4,18,1815,1,1,1,1.0,1,31285,M,4364396.0,160806.0,31
201400023802,14,5,31,1915,1,1,1,1.0,6,31163,M,0.0,0.0,31
201400023803,14,2,20,1930,5,2,1,1.0,4,31446,M,4354189.0,147833.0,31
201400023804,14,4,10,845,1,2,1,1.0,7,31506,M,4356889.0,151157.0,31
201400023805,14,6,27,1345,1,2,6,1.0,6,31446,M,4354054.0,148304.0,31
201400023806,14,11,27,1800,5,2,1,1.0,3,31446,M,4353872.0,148057.0,31
201400023807,14,8,8,2345,3,1,1,1.0,6,84116,M,0.0,0.0,84
201400023808,14,11,20,1845,3,1,1,1.0,6,31282,M,0.0,0.0,31
201400023809,14,2,1,600,5,1,6,3.0,7,41167,M,4749200.0,119100.0,41
201400023810,14,2,22,1830,2,1,1,8.0,6,41093,M,4764200.0,110400.0,41
201400023811,14,4,3,1645,1,2,1,1.0,3,41101,M,4760700.0,114300.0,41
201400023812,14,4,28,1000,1,1,1,2.0,1,41055,M,4750200.0,122700.0,41
201400023813,14,5,22,1645,1,1,1,1.0,1,41055,M,4753200.0,123600.0,41
201400023814,14,5,27,1600,1,2,1,1.0,3,41142,M,4757000.0,121900.0,41
201400023815,14,5,30,900,3,1,1,1.0,7,41272,M,4747000.0,112100.0,41
201400023816,14,6,15,530,2,1,9,1.0,7,41167,M,4748800.0,119200.0,41
201400023817,14,7,30,2330,5,2,1,1.0,6,41230,M,4760700.0,127200.0,41
201400023818,14,8,28,1815,1,1,1,1.0,1,41276,M,4762400.0,132600.0,41
201400023819,14,9,16,1030,1,1,1,1.0,1,41055,M,4753100.0,126700.0,41
201400023820,14,9,21,1045,1,1,1,1.0,1,41055,M,4753500.0,127400.0,41
201400023821,14,11,12,1230,1,2,1,1.0,1,41230,M,4760700.0,126700.0,41
201400023822,14,12,26,30,3,1,1,5.0,7,41167,M,4748400.0,117700.0,41
201400023823,14,1,14,755,5,2,1,3.0,2,33529,M,,,33
201400023824,14,1,24,1400,1,2,2,9.0,3,33009,M,,,33
201400023825,14,2,6,1620,1,2,1,1.0,6,33009,M,,,33
201400023826,14,2,13,1455,1,1,1,1.0,2,33529,M,,,33
201400023827,14,2,17,2130,5,2,1,1.0,1,33529,M,,,33
201400023828,14,2,19,1345,1,2,1,1.0,3,33529,M,,,33
201400023829,14,3,6,1605,1,2,2,1.0,3,33009,M,,,33
201400023830,14,3,8,1935,1,2,1,1.0,6,33529,M,,,33
201400023831,14,3,12,1545,1,1,1,1.0,1,33529,M,,,33
201400023832,14,3,13,935,1,2,1,1.0,3,33529,M,,,33
201400023833,14,3,17,1515,1,1,1,1.0,1,33529,M,,,33
201400023834,14,4,30,1925,1,1,1,8.0,6,33529,M,,,33
201400023835,14,5,3,1815,1,1,2,1.0,3,33529,M,,,33
201400023836,14,5,4,1745,1,2,1,7.0,3,33529,M,,,33
201400023837,14,5,9,1440,1,1,1,1.0,4,33529,M,,,33
201400023838,14,5,17,245,5,1,1,1.0,6,33529,M,,,33
201400023839,14,6,1,1700,1,1,1,1.0,1,33529,M,,,33
201400023840,14,6,13,805,1,1,1,1.0,6,33529,M,,,33
201400023841,14,6,8,2015,1,2,6,1.0,3,33529,M,,,33
201400023842,14,6,22,830,1,1,1,1.0,6,33529,M,,,33
201400023843,14,7,8,1828,1,1,1,1.0,6,33529,M,,,33
201400023844,14,7,15,1855,1,1,1,1.0,3,33009,M,,,33
201400023845,14,7,16,1930,1,2,1,1.0,2,33529,M,,,33
201400023846,14,7,15,1430,1,1,1,1.0,6,33529,M,,,33
201400023847,14,8,4,1930,1,2,1,1.0,3,33529,M,,,33
201400023848,14,8,13,1420,1,2,1,1.0,3,33529,M,,,33
201400023849,14,8,21,1500,1,2,1,1.0,6,33009,M,,,33
201400023850,14,8,25,1530,1,1,1,1.0,6,33529,M,,,33
201400023851,14,9,8,1014,1,1,1,1.0,6,33529,M,,,33
201400023852,14,8,28,1810,1,1,1,1.0,6,33529,M,,,33
201400023853,14,9,14,610,3,1,1,1.0,3,33529,M,,,33
201400023854,14,9,12,1620,1,1,1,1.0,5,33529,M,,,33
201400023855,14,9,25,1730,1,2,2,1.0,3,33009,M,,,33
201400023856,14,10,3,1610,1,1,1,1.0,6,33529,M,,,33
201400023857,14,10,12,1920,5,2,2,1.0,3,33529,M,,,33
201400023858,14,10,13,1200,1,2,2,1.0,3,33009,M,,,33
201400023859,14,10,16,1945,5,2,1,1.0,6,33529,M,,,33
201400023860,14,10,25,1210,1,2,2,1.0,3,33009,M,,,33
201400023861,14,10,22,1914,5,2,1,1.0,6,33009,M,,,33
201400023862,14,11,10,1930,5,2,9,1.0,3,33529,M,,,33
201400023863,14,11,28,1400,1,2,3,1.0,3,33529,M,,,33
201400023864,14,11,27,930,1,1,1,1.0,3,33009,M,,,33
201400023865,14,12,13,2115,5,2,6,1.0,1,33529,M,,,33
201400023866,14,12,12,2050,5,2,9,1.0,6,33529,M,,,33
201400023867,14,12,28,1415,1,2,6,1.0,3,33009,M,,,33
201400023868,14,7,17,1900,1,2,1,1.0,3,74191,M,0.0,0.0,74
201400023869,14,8,8,1815,1,1,1,1.0,1,74188,M,0.0,0.0,74
201400023870,14,8,20,1800,1,2,1,1.0,3,74191,M,0.0,0.0,74
201400023871,14,8,22,1200,1,2,1,1.0,1,74188,M,4620900.0,670600.0,74
201400023872,14,8,26,1645,1,1,1,1.0,3,74034,M,0.0,0.0,74
201400023873,14,8,30,1340,1,1,1,1.0,3,74238,M,4623100.0,665800.0,74
201400023874,14,8,31,1015,1,1,1,1.0,7,74114,M,4621800.0,666800.0,74
201400023875,14,9,25,745,1,1,1,1.0,6,74238,M,4621900.0,667000.0,74
201400023876,14,12,31,1415,1,1,1,1.0,6,74034,M,4625900.0,663000.0,74
201400023877,14,1,2,745,2,2,3,2.0,3,33063,M,,,33
201400023878,14,1,2,1650,1,2,3,1.0,3,33063,M,,,33
201400023879,14,12,31,2000,5,2,1,1.0,3,33063,M,,,33
201400023880,14,1,2,1920,5,2,1,1.0,3,33063,M,,,33
201400023881,14,1,6,1530,1,2,2,1.0,2,33063,M,,,33
201400023882,14,1,7,2043,5,2,1,1.0,6,33063,M,,,33
201400023883,14,1,2,1715,2,2,1,1.0,6,33162,M,,,33
201400023884,14,1,2,1630,1,2,1,1.0,3,33281,M,,,33
201400023885,14,1,6,1700,1,2,2,1.0,3,33063,M,,,33
201400023886,14,1,6,1425,1,2,6,1.0,6,33281,M,,,33
201400023887,14,1,3,1926,5,2,1,1.0,2,33167,M,,,33
201400023888,14,1,9,1140,1,2,3,1.0,6,33063,M,,,33
201400023889,14,1,12,200,5,2,3,1.0,6,33063,M,,,33
201400023890,14,1,8,830,1,2,1,1.0,5,33281,M,,,33
201400023891,14,1,12,1445,1,2,2,1.0,3,33063,M,,,33
201400023892,14,1,8,1750,5,2,5,1.0,3,33281,M,,,33
201400023893,14,1,10,856,1,2,2,1.0,6,33063,M,,,33
201400023894,14,1,3,1420,1,2,3,1.0,3,33039,M,,,33
201400023895,14,1,11,1700,1,2,3,1.0,6,33063,M,,,33
201400023896,14,1,7,1645,1,2,1,1.0,3,33167,M,,,33
201400023897,14,1,11,940,1,2,1,1.0,3,33281,M,,,33
201400023898,14,1,11,240,5,2,1,1.0,7,33281,M,,,33
201400023899,14,1,12,1406,1,2,2,1.0,3,33281,M,,,33
201400023900,14,1,13,725,5,2,4,2.0,5,33063,M,,,33
201400023901,14,1,10,1610,1,2,6,1.0,2,33281,M,,,33
201400023902,14,1,9,1040,1,2,2,1.0,3,33281,M,,,33
201400023903,14,1,7,2319,5,2,1,1.0,7,33522,M,,,33
201400023904,14,12,31,1729,1,2,3,1.0,2,33318,M,,,33
201400023905,14,12,31,1930,1,2,1,1.0,1,33039,M,,,33
201400023906,14,1,13,1400,1,2,3,1.0,5,33318,M,,,33
201400023907,14,1,16,1450,1,2,3,1.0,3,33063,M,,,33
201400023908,14,1,14,1640,1,2,3,1.0,6,33318,M,,,33
201400023909,14,1,18,50,5,2,3,1.0,3,33063,M,,,33
201400023910,14,1,19,1150,1,2,2,1.0,6,33063,M,,,33
201400023911,14,1,13,730,5,2,1,2.0,5,33063,M,,,33
201400023912,14,1,19,1110,1,2,1,1.0,7,33063,M,,,33
201400023913,14,1,10,740,2,2,3,1.0,3,33318,M,,,33
201400023914,14,1,17,1105,1,2,3,1.0,3,33063,M,,,33
201400023915,14,1,19,700,5,2,3,2.0,6,33063,M,,,33
201400023916,14,1,14,940,1,2,3,3.0,1,33013,M,,,33
201400023917,14,1,15,2010,4,2,3,1.0,3,33013,M,,,33
201400023918,14,1,16,1445,1,2,1,1.0,3,33167,M,,,33
201400023919,14,1,16,1655,1,2,2,1.0,3,33318,M,,,33
201400023920,14,1,14,750,5,2,2,2.0,3,33039,M,,,33
201400023921,14,1,15,1950,5,2,2,1.0,6,33063,M,,,33
201400023922,14,1,21,1455,1,2,2,1.0,3,33063,M,,,33
201400023923,14,1,16,1120,1,2,3,1.0,3,33075,M,,,33
201400023924,14,1,21,750,1,2,1,1.0,2,33063,M,,,33
201400023925,14,1,16,2145,5,2,3,1.0,3,33162,M,,,33
201400023926,14,1,21,900,1,2,1,1.0,2,33063,M,,,33
201400023927,14,1,18,1300,1,2,3,2.0,2,33281,M,,,33
201400023928,14,1,16,810,1,2,6,1.0,3,33281,M,,,33
201400023929,14,1,17,820,1,2,2,1.0,6,33249,M,,,33
201400023930,14,1,20,715,5,2,1,2.0,6,33249,M,,,33
201400023931,14,1,17,1000,1,2,1,1.0,6,33249,M,,,33
201400023932,14,1,17,510,5,2,1,1.0,2,33039,M,,,33
201400023933,14,1,17,1324,1,2,1,1.0,3,33069,M,,,33
201400023934,14,1,17,1910,5,2,6,1.0,2,33550,M,,,33
201400023935,14,1,20,1550,1,2,6,2.0,3,33200,M,,,33
201400023936,14,1,17,1850,5,2,3,1.0,6,33550,M,,,33
201400023937,14,1,10,835,1,2,1,1.0,3,33522,M,,,33
201400023938,14,1,23,1700,1,2,1,2.0,5,33522,M,,,33
201400023939,14,1,18,1425,1,2,1,1.0,3,33075,M,,,33
201400023940,14,1,24,1953,5,2,4,2.0,3,33063,M,,,33
201400023941,14,1,25,1630,1,2,1,1.0,3,33063,M,,,33
201400023942,14,1,26,225,5,2,4,2.0,1,33063,M,,,33
201400023943,14,1,24,1850,5,2,2,3.0,6,33063,M,,,33
201400023944,14,1,25,1740,1,2,1,1.0,6,33063,M,,,33
201400023945,14,1,24,1700,1,2,1,2.0,2,33063,M,,,33
201400023946,14,1,28,35,5,2,2,2.0,3,33063,M,,,33
201400023947,14,1,21,1635,1,2,2,1.0,3,33039,M,,,33
201400023948,14,1,20,1455,1,2,3,1.0,3,33522,M,,,33
201400023949,14,12,19,2200,5,2,1,1.0,6,33063,M,,,33
201400023950,14,1,27,1340,1,2,1,2.0,7,33063,M,,,33
201400023951,14,1,27,1750,2,2,1,2.0,6,33063,M,,,33
201400023952,14,1,27,1120,1,2,2,3.0,6,33063,M,,,33
201400023953,14,1,30,1515,1,2,4,1.0,6,33063,M,,,33
201400023954,14,1,30,1310,1,2,3,1.0,3,33063,M,,,33
201400023955,14,1,28,805,1,2,1,2.0,3,33281,M,,,33
201400023956,14,1,27,745,4,2,6,3.0,3,33063,M,,,33
201400023957,14,2,1,1110,1,2,1,1.0,6,33069,M,,,33
201400023958,14,1,31,1110,1,2,7,1.0,6,33063,M,,,33
201400023959,14,2,1,1755,2,2,2,2.0,3,33063,M,,,33
201400023960,14,1,27,1645,1,2,3,2.0,3,33069,M,,,33
201400023961,14,1,28,550,5,2,9,2.0,2,33281,M,,,33
201400023962,14,1,31,1740,1,2,2,1.0,3,33063,M,,,33
201400023963,14,1,30,2140,5,2,4,2.0,3,33167,M,,,33
201400023964,14,2,3,1015,1,2,3,1.0,6,33063,M,,,33
201400023965,14,1,30,745,5,2,4,1.0,6,33281,M,,,33
201400023966,14,1,27,1735,2,2,3,3.0,3,33318,M,,,33
201400023967,14,1,29,800,1,2,4,1.0,6,33069,M,,,33
201400023968,14,2,4,935,1,2,2,1.0,7,33063,M,,,33
201400023969,14,2,6,1440,1,2,2,1.0,6,33063,M,,,33
201400023970,14,2,6,920,1,2,3,2.0,3,33063,M,,,33
201400023971,14,2,6,724,1,2,2,1.0,3,33063,M,,,33
201400023972,14,2,6,1530,1,2,1,1.0,2,33063,M,,,33
201400023973,14,2,3,1920,5,2,6,1.0,6,33550,M,,,33
201400023974,14,2,1,2205,5,2,3,8.0,6,33522,M,,,33
201400023975,14,2,3,1425,1,2,4,1.0,3,33162,M,,,33
201400023976,14,2,10,800,1,2,3,1.0,3,33063,M,,,33
201400023977,14,2,9,150,5,2,2,2.0,6,33063,M,,,33
201400023978,14,1,30,1737,1,2,4,1.0,1,33522,M,,,33
201400023979,14,2,8,650,5,2,2,2.0,3,33063,M,,,33
201400023980,14,2,4,1730,1,2,2,1.0,6,33249,M,,,33
201400023981,14,2,10,1355,1,2,2,1.0,6,33063,M,,,33
201400023982,14,2,10,1743,2,2,3,2.0,6,33063,M,,,33
201400023983,14,2,5,1435,1,2,1,3.0,3,33249,M,,,33
201400023984,14,2,7,845,1,2,3,1.0,6,33119,M,,,33
201400023985,14,2,4,1735,1,2,3,1.0,3,33039,M,,,33
201400023986,14,2,5,800,2,2,1,3.0,2,33550,M,,,33
201400023987,14,2,6,2035,5,2,3,1.0,1,33119,M,,,33
201400023988,14,1,30,1905,5,2,1,3.0,3,33550,M,,,33
201400023989,14,2,7,1840,4,2,3,1.0,6,33281,M,,,33
201400023990,14,2,12,2015,5,2,2,2.0,3,33063,M,,,33
201400023991,14,2,10,740,2,2,1,3.0,4,33162,M,,,33
201400023992,14,2,13,900,1,2,2,2.0,3,33063,M,,,33
201400023993,14,2,12,400,3,2,1,1.0,7,33550,M,,,33
201400023994,14,2,16,1250,1,2,3,1.0,6,33069,M,,,33
201400023995,14,2,6,1610,1,2,6,1.0,3,33522,M,,,33
201400023996,14,2,15,1835,5,2,2,1.0,3,33063,M,,,33
201400023997,14,2,7,1405,1,2,2,2.0,5,33039,M,,,33
201400023998,14,2,16,430,5,2,6,1.0,7,33550,M,,,33
201400023999,14,2,11,1740,1,2,1,2.0,6,33069,M,,,33
201400024000,14,2,13,2200,5,2,1,1.0,3,33032,M,,,33
201400024001,14,2,12,1405,1,2,2,1.0,1,33550,M,,,33
201400024002,14,2,1,1050,1,2,3,1.0,6,33281,M,,,33
201400024003,14,2,14,1809,1,2,3,1.0,3,33318,M,,,33
201400024004,14,2,14,1825,5,2,1,2.0,2,33200,M,,,33
201400024005,14,1,1,515,5,2,2,2.0,3,33063,M,,,33
201400024006,14,2,19,850,1,2,3,1.0,3,33281,M,,,33
201400024007,14,2,19,1905,5,2,1,1.0,6,33550,M,,,33
201400024008,14,2,21,1020,1,2,2,1.0,3,33063,M,,,33
201400024009,14,2,20,1800,2,2,1,2.0,2,33318,M,,,33
201400024010,14,2,21,1253,1,2,3,1.0,6,33063,M,,,33
201400024011,14,2,22,850,1,2,2,2.0,2,33063,M,,,33
201400024012,14,2,17,1455,1,2,6,1.0,3,33039,M,,,33
201400024013,14,2,24,915,1,2,2,1.0,5,33063,M,,,33
201400024014,14,2,24,1100,1,2,1,1.0,6,33063,M,,,33
201400024015,14,2,24,1640,1,2,1,1.0,3,33063,M,,,33
201400024016,14,2,24,2235,4,2,1,1.0,6,33281,M,,,33
201400024017,14,2,14,2250,5,2,1,1.0,6,33522,M,,,33
201400024018,14,2,25,1630,1,2,1,2.0,1,33032,M,,,33
201400024019,14,2,17,830,1,2,1,1.0,3,33522,M,,,33
201400024020,14,2,26,1545,1,2,3,1.0,3,33063,M,,,33
201400024021,14,2,20,2115,5,2,2,2.0,3,33522,M,,,33
201400024022,14,2,26,1955,5,2,4,2.0,3,33281,M,,,33
201400024023,14,2,26,1645,1,2,3,1.0,3,33318,M,,,33
201400024024,14,2,26,2005,5,2,6,1.0,3,33522,M,,,33
201400024025,14,2,27,2018,5,2,2,2.0,3,33281,M,,,33
201400024026,14,2,28,620,5,2,1,3.0,6,33039,M,,,33
201400024027,14,2,28,830,1,2,1,2.0,6,33063,M,,,33
201400024028,14,2,28,1720,1,2,3,8.0,6,33063,M,,,33
201400024029,14,2,28,1850,5,2,1,2.0,5,33063,M,,,33
201400024030,14,3,1,805,1,2,3,1.0,3,33318,M,,,33
201400024031,14,2,28,1840,5,2,1,2.0,6,33063,M,,,33
201400024032,14,3,1,1315,1,2,3,1.0,2,33063,M,,,33
201400024033,14,2,28,415,5,2,2,2.0,7,33063,M,,,33
201400024034,14,3,2,2012,5,2,1,8.0,6,33550,M,,,33
201400024035,14,3,3,1205,1,2,6,3.0,2,33281,M,,,33
201400024036,14,3,3,1505,1,2,2,3.0,3,33063,M,,,33
201400024037,14,3,4,906,1,2,3,1.0,1,33063,M,,,33
201400024038,14,3,5,930,1,2,3,1.0,3,33063,M,,,33
201400024039,14,3,5,1515,1,2,1,1.0,2,33063,M,,,33
201400024040,14,3,5,1820,2,2,6,1.0,3,33318,M,,,33
201400024041,14,3,6,20,5,2,4,1.0,6,33522,M,,,33
201400024042,14,3,6,640,2,2,2,1.0,3,33063,M,,,33
201400024043,14,3,6,1900,5,2,3,1.0,3,33063,M,,,33
201400024044,14,3,5,1535,1,2,1,1.0,2,33318,M,,,33
201400024045,14,3,7,1110,1,2,1,1.0,6,33281,M,,,33
201400024046,14,3,7,1040,1,2,3,1.0,6,33550,M,,,33
201400024047,14,3,7,1630,1,2,1,1.0,6,33063,M,,,33
201400024048,14,3,8,1030,1,2,1,1.0,4,33281,M,,,33
201400024049,14,3,8,1530,1,2,3,1.0,3,33063,M,,,33
201400024050,14,3,9,325,5,2,9,1.0,7,33063,M,,,33
201400024051,14,3,7,225,5,2,1,1.0,6,33063,M,,,33
201400024052,14,3,10,1604,1,2,3,1.0,6,33063,M,,,33
201400024053,14,3,10,1800,1,2,1,1.0,3,33281,M,,,33
201400024054,14,3,11,1700,1,2,2,1.0,3,33162,M,,,33
201400024055,14,3,11,1345,1,2,2,1.0,3,33318,M,,,33
201400024056,14,3,12,1000,1,2,1,1.0,3,33318,M,,,33
201400024057,14,3,10,1744,1,2,2,1.0,6,33249,M,,,33
201400024058,14,3,7,1430,1,2,1,1.0,3,33162,M,,,33
201400024059,14,3,13,1530,1,2,2,1.0,6,33063,M,,,33
201400024060,14,3,8,1146,1,2,2,1.0,3,33167,M,,,33
201400024061,14,3,13,1726,1,2,1,1.0,6,33063,M,,,33
201400024062,14,3,13,1510,1,2,3,1.0,3,33281,M,,,33
201400024063,14,3,11,1140,1,2,2,1.0,3,33063,M,,,33
201400024064,14,3,14,1345,1,2,6,1.0,2,33318,M,,,33
201400024065,14,3,15,1330,1,2,1,1.0,2,33063,M,,,33
201400024066,14,3,15,2255,5,2,2,1.0,6,33063,M,,,33
201400024067,14,3,16,2015,5,2,1,1.0,5,33063,M,,,33
201400024068,14,3,17,127,5,2,4,1.0,7,33281,M,,,33
201400024069,14,3,15,2010,5,2,2,1.0,3,33063,M,,,33
201400024070,14,3,13,1135,1,2,2,1.0,3,33063,M,,,33
201400024071,14,3,17,1455,1,2,2,1.0,4,33063,M,,,33
201400024072,14,3,19,900,1,2,3,1.0,6,33281,M,,,33
201400024073,14,3,19,958,1,2,3,1.0,2,33119,M,,,33
201400024074,14,3,19,1535,1,2,1,1.0,6,33063,M,,,33
201400024075,14,3,19,1840,1,2,2,1.0,3,33039,M,,,33
201400024076,14,3,19,1747,1,2,2,1.0,3,33063,M,,,33
201400024077,14,3,20,1400,1,2,1,1.0,3,33063,M,,,33
201400024078,14,3,20,2200,5,2,3,1.0,6,33550,M,,,33
201400024079,14,3,19,1500,1,2,3,1.0,7,33119,M,,,33
201400024080,14,3,20,1230,1,2,1,1.0,5,33119,M,,,33
201400024081,14,3,23,14,5,2,6,2.0,3,33249,M,,,33
201400024082,14,3,23,1220,1,2,1,1.0,3,33281,M,,,33
201400024083,14,3,23,2055,5,2,2,1.0,2,33063,M,,,33
201400024084,14,3,24,1410,1,2,4,2.0,1,33522,M,,,33
201400024085,14,3,24,1645,1,2,2,2.0,3,33063,M,,,33
201400024086,14,3,25,640,5,2,6,2.0,2,33281,M,,,33
201400024087,14,3,24,1050,1,2,3,1.0,3,33167,M,,,33
201400024088,14,3,25,925,1,2,4,2.0,6,33281,M,,,33
201400024089,14,3,24,1900,5,2,2,2.0,3,33318,M,,,33
201400024090,14,3,25,1230,1,2,5,2.0,3,33063,M,,,33
201400024091,14,3,24,1720,1,2,3,2.0,3,33063,M,,,33
201400024092,14,3,25,1240,1,2,4,2.0,3,33281,M,,,33
201400024093,14,3,25,2035,5,2,1,1.0,6,33162,M,,,33
201400024094,14,3,25,1900,5,2,2,2.0,5,33063,M,,,33
201400024095,14,3,26,915,1,2,3,1.0,6,33063,M,,,33
201400024096,14,3,26,1600,1,2,1,1.0,6,33063,M,,,33
201400024097,14,3,27,2054,5,2,2,1.0,3,33063,M,,,33
201400024098,14,3,27,1950,5,2,2,1.0,6,33063,M,,,33
201400024099,14,3,28,2150,5,2,2,1.0,3,33063,M,,,33
201400024100,14,3,30,110,5,2,1,1.0,6,33063,M,,,33
201400024101,14,3,30,1115,1,2,2,1.0,3,33063,M,,,33
201400024102,14,3,30,1805,1,2,3,1.0,3,33249,M,,,33
201400024103,14,3,30,1140,1,2,3,1.0,1,33162,M,,,33
201400024104,14,3,31,840,1,2,1,1.0,6,33063,M,,,33
201400024105,14,4,1,1850,1,2,2,1.0,3,33063,M,,,33
201400024106,14,4,1,2325,5,2,9,1.0,6,33281,M,,,33
201400024107,14,4,2,1145,1,2,1,1.0,2,33249,M,,,33