Num_Acc,an,mois,jour,hrmn,lum,agg,int,atm,col,com,gps,lat,long,dep
201400024108,14,3,28,1130,1,2,1,1.0,6,33119,M,,,33
201400024109,14,4,3,1015,1,2,4,2.0,3,33063,M,,,33
201400024110,14,4,2,1552,1,2,2,1.0,6,33063,M,,,33
201400024111,14,4,3,1550,1,2,3,2.0,2,33249,M,,,33
201400024112,14,4,3,2105,5,2,6,2.0,6,33063,M,,,33
201400024113,14,4,3,2110,5,2,1,3.0,3,33063,M,,,33
201400024114,14,4,4,2115,5,2,4,1.0,6,33063,M,,,33
201400024115,14,4,4,1940,1,2,3,1.0,3,33119,M,,,33
201400024116,14,4,5,1510,1,2,2,1.0,6,33063,M,,,33
201400024117,14,4,6,725,2,2,2,1.0,2,33318,M,,,33
201400024118,14,4,6,1935,1,2,1,1.0,2,33063,M,,,33
201400024119,14,4,6,2100,5,2,1,1.0,2,33063,M,,,33
201400024120,14,4,5,1300,1,2,3,1.0,6,33281,M,,,33
201400024121,14,4,7,815,1,2,1,1.0,6,33063,M,,,33
201400024122,14,4,7,1915,1,2,3,1.0,3,33063,M,,,33
201400024123,14,4,8,1010,1,2,2,1.0,3,33318,M,,,33
201400024124,14,4,8,1310,1,2,3,1.0,3,33281,M,,,33
201400024125,14,4,8,1320,1,2,2,1.0,3,33063,M,,,33
201400024126,14,4,9,930,1,2,2,1.0,3,33063,M,,,33
201400024127,14,4,9,900,1,2,1,1.0,6,33063,M,,,33
201400024128,14,4,9,1020,1,2,7,1.0,6,33063,M,,,33
201400024129,14,4,9,1655,1,2,2,1.0,3,33063,M,,,33
201400024130,14,4,9,2050,5,2,3,1.0,7,33013,M,,,33
201400024131,14,4,7,1640,1,2,3,1.0,6,33075,M,,,33
201400024132,14,4,10,815,1,2,2,1.0,3,33063,M,,,33
201400024133,14,4,10,935,1,2,2,1.0,2,33063,M,,,33
201400024134,14,4,10,2125,5,2,3,1.0,3,33550,M,,,33
201400024135,14,4,11,50,5,2,1,1.0,7,33063,M,,,33
201400024136,14,4,10,1745,1,2,3,1.0,3,33318,M,,,33
201400024137,14,4,11,1050,1,2,3,1.0,3,33063,M,,,33
201400024138,14,4,11,1330,1,2,1,1.0,6,33069,M,,,33
201400024139,14,4,11,1700,1,2,3,1.0,2,33318,M,,,33
201400024140,14,4,12,1,5,2,1,1.0,7,33069,M,,,33
201400024141,14,4,12,1505,1,2,2,1.0,1,33063,M,,,33
201400024142,14,4,12,2214,5,2,1,1.0,2,33063,M,,,33
201400024143,14,4,13,2340,5,2,2,1.0,3,33063,M,,,33
201400024144,14,4,13,1,5,2,3,1.0,1,33281,M,,,33
201400024145,14,4,14,1300,1,2,6,1.0,7,33522,M,,,33
201400024146,14,4,10,915,1,2,2,1.0,3,33281,M,,,33
201400024147,14,4,14,1300,1,2,2,1.0,1,33063,M,,,33
201400024148,14,4,15,820,1,2,1,1.0,2,33063,M,,,33
201400024149,14,4,15,1120,1,2,6,1.0,6,33522,M,,,33
201400024150,14,4,14,1000,1,2,2,1.0,6,33522,M,,,33
201400024151,14,4,15,1635,1,2,3,1.0,6,33063,M,,,33
201400024152,14,4,15,915,1,2,1,1.0,3,33318,M,,,33
201400024153,14,4,16,1920,1,2,2,1.0,2,33063,M,,,33
201400024154,14,4,17,950,1,2,1,1.0,6,33063,M,,,33
201400024155,14,4,17,1750,1,2,3,1.0,3,33063,M,,,33
201400024156,14,4,17,1700,1,2,3,1.0,5,33063,M,,,33
201400024157,14,4,18,730,1,2,1,1.0,2,33013,M,,,33
201400024158,14,4,18,1135,1,2,3,1.0,6,33550,M,,,33
201400024159,14,4,17,1925,1,2,4,1.0,3,33550,M,,,33
201400024160,14,4,18,1250,1,2,2,1.0,3,33063,M,,,33
201400024161,14,4,19,1900,1,2,1,1.0,6,33063,M,,,33
201400024162,14,4,20,250,5,2,1,1.0,7,33063,M,,,33
201400024163,14,4,22,135,5,2,3,1.0,3,33063,M,,,33
201400024164,14,4,22,1630,1,2,1,1.0,2,33318,M,,,33
201400024165,14,4,6,1550,1,2,3,1.0,3,33200,M,,,33
201400024166,14,3,31,1810,1,2,3,1.0,3,33069,M,,,33
201400024167,14,4,5,1945,1,2,6,1.0,6,33281,M,,,33
201400024168,14,4,23,1930,1,2,3,1.0,3,33063,M,,,33
201400024169,14,4,23,1930,1,2,1,1.0,6,33119,M,,,33
201400024170,14,4,24,745,1,2,3,1.0,3,33063,M,,,33
201400024171,14,4,24,1800,1,2,1,1.0,3,33192,M,,,33
201400024172,14,4,25,1350,1,2,6,2.0,2,33281,M,,,33
201400024173,14,4,25,1515,1,2,2,1.0,2,33119,M,,,33
201400024174,14,4,26,1440,1,2,2,2.0,3,33167,M,,,33
201400024175,14,4,28,750,1,2,1,2.0,3,33063,M,,,33
201400024176,14,4,28,910,1,2,3,1.0,6,33063,M,,,33
201400024177,14,4,29,855,1,2,2,2.0,6,33063,M,,,33
201400024178,14,4,29,1410,1,2,1,2.0,2,33192,M,,,33
201400024179,14,4,30,730,1,2,1,2.0,3,33318,M,,,33
201400024180,14,4,30,825,1,2,3,2.0,3,33550,M,,,33
201400024181,14,4,30,720,1,2,4,1.0,3,33063,M,,,33
201400024182,14,4,30,1110,1,2,1,1.0,6,33119,M,,,33
201400024183,14,4,30,1600,1,2,2,1.0,1,33063,M,,,33
201400024184,14,4,30,1855,1,2,1,1.0,5,33192,M,,,33
201400024185,14,5,1,1200,1,2,1,1.0,3,33063,M,,,33
201400024186,14,4,30,1630,1,2,5,1.0,3,33281,M,,,33
201400024187,14,5,1,650,2,2,2,8.0,3,33281,M,,,33
201400024188,14,5,2,1120,1,2,1,1.0,3,33550,M,,,33
201400024189,14,5,4,1215,1,2,6,1.0,3,33281,M,,,33
201400024190,14,5,5,620,1,2,5,1.0,3,33249,M,,,33
201400024191,14,5,5,915,1,2,3,1.0,3,33281,M,,,33
201400024192,14,5,5,1220,1,2,1,1.0,6,33318,M,,,33
201400024193,14,5,5,1850,1,2,6,1.0,2,33281,M,,,33
201400024194,14,5,5,1945,1,2,6,1.0,3,33162,M,,,33
201400024195,14,4,29,2345,5,2,1,1.0,7,33063,M,,,33
201400024196,14,5,6,1245,1,2,3,1.0,6,33063,M,,,33
201400024197,14,5,6,1520,1,2,3,1.0,6,33063,M,,,33
201400024198,14,5,7,1410,1,2,1,1.0,6,33063,M,,,33
201400024199,14,5,7,1620,1,2,2,1.0,3,33281,M,,,33
201400024200,14,5,7,1800,1,2,1,1.0,3,33063,M,,,33
201400024201,14,5,7,1620,1,2,2,1.0,6,33063,M,,,33
201400024202,14,5,8,1715,1,2,1,1.0,5,33281,M,,,33
201400024203,14,5,7,1715,1,2,2,1.0,3,33522,M,,,33
201400024204,14,5,9,911,1,2,3,1.0,3,33063,M,,,33
201400024205,14,5,9,820,1,2,3,2.0,3,33167,M,,,33
201400024206,14,5,9,1400,1,2,3,1.0,6,33063,M,,,33
201400024207,14,5,9,1410,1,2,2,1.0,3,33318,M,,,33
201400024208,14,5,9,1450,1,2,3,1.0,3,33063,M,,,33
201400024209,14,5,9,1445,1,2,1,1.0,6,33063,M,,,33
201400024210,14,5,9,1220,1,2,3,8.0,3,33063,M,,,33
201400024211,14,5,10,1810,1,2,2,1.0,6,33063,M,,,33
201400024212,14,5,10,2215,5,2,1,2.0,7,33063,M,,,33
201400024213,14,5,11,1640,1,2,4,1.0,3,33063,M,,,33
201400024214,14,5,12,635,1,2,6,1.0,3,33119,M,,,33
201400024215,14,5,12,935,1,2,3,1.0,5,33318,M,,,33
201400024216,14,5,12,1200,1,2,1,2.0,3,33281,M,,,33
201400024217,14,5,12,1641,1,2,3,1.0,3,33281,M,,,33
201400024218,14,5,12,1715,1,2,1,1.0,2,33522,M,,,33
201400024219,14,5,12,2218,5,2,4,1.0,7,33119,M,,,33
201400024220,14,5,13,840,1,2,2,1.0,6,33063,M,,,33
201400024221,14,5,13,2030,1,2,1,1.0,6,33063,M,,,33
201400024222,14,5,14,800,1,2,4,1.0,3,33063,M,,,33
201400024223,14,5,14,1030,1,2,3,1.0,6,33063,M,,,33
201400024224,14,5,13,1925,1,2,2,1.0,3,33069,M,,,33
201400024225,14,5,14,1910,1,2,1,1.0,6,33063,M,,,33
201400024226,14,5,14,2115,5,2,1,1.0,3,33063,M,,,33
201400024227,14,5,15,1220,1,2,1,1.0,1,33063,M,,,33
201400024228,14,5,15,1250,1,2,2,1.0,3,33522,M,,,33
201400024229,14,5,15,1050,1,2,1,1.0,3,33281,M,,,33
201400024230,14,5,16,810,1,2,3,1.0,3,33063,M,,,33
201400024231,14,5,4,416,5,2,1,1.0,6,33013,M,,,33
201400024232,14,5,16,1615,1,2,1,1.0,6,33167,M,,,33
201400024233,14,5,16,1800,1,2,1,1.0,6,33063,M,,,33
201400024234,14,5,16,1950,1,2,3,1.0,3,33063,M,,,33
201400024235,14,5,16,2120,2,2,2,1.0,7,33063,M,,,33
201400024236,14,5,14,950,1,2,3,1.0,3,33318,M,,,33
201400024237,14,5,17,210,3,1,1,1.0,2,33013,M,,,33
201400024238,14,5,17,1615,1,2,3,1.0,3,33162,M,,,33
201400024239,14,5,17,1530,1,2,1,1.0,2,33522,M,,,33
201400024240,14,5,11,2205,5,2,2,1.0,1,33318,M,,,33
201400024241,14,5,19,930,1,2,2,1.0,3,33075,M,,,33
201400024242,14,5,19,1120,1,2,3,1.0,2,33063,M,,,33
201400024243,14,5,20,800,1,2,1,2.0,3,33550,M,,,33
201400024244,14,5,17,1940,1,2,6,1.0,3,33249,M,,,33
201400024245,14,5,20,1745,1,2,2,2.0,6,33063,M,,,33
201400024246,14,5,21,1906,1,2,1,1.0,6,33063,M,,,33
201400024247,14,5,22,750,1,2,6,1.0,3,33119,M,,,33
201400024248,14,5,22,855,1,2,1,1.0,2,33065,M,,,33
201400024249,14,5,21,1630,1,2,3,1.0,6,33318,M,,,33
201400024250,14,5,22,1340,1,2,1,1.0,3,33281,M,,,33
201400024251,14,5,22,1745,1,2,1,1.0,6,33318,M,,,33
201400024252,14,5,23,1110,1,2,7,2.0,3,33063,M,,,33
201400024253,14,5,23,1400,1,2,1,1.0,6,33063,M,,,33
201400024254,14,5,23,1710,1,2,1,1.0,3,33039,M,,,33
201400024255,14,5,23,1445,1,2,6,1.0,3,33063,M,,,33
201400024256,14,5,24,2310,5,2,2,1.0,1,33063,M,,,33
201400024257,14,5,25,435,5,2,2,2.0,3,33063,M,,,33
201400024258,14,5,25,705,1,2,2,1.0,3,33063,M,,,33
201400024259,14,5,26,1030,1,2,2,1.0,5,33063,M,,,33
201400024260,14,5,26,1800,1,2,1,1.0,3,33013,M,,,33
201400024261,14,5,26,1830,1,2,3,1.0,3,33281,M,,,33
201400024262,14,5,26,1725,1,2,3,1.0,3,33249,M,,,33
201400024263,14,5,27,850,1,2,1,1.0,3,33013,M,,,33
201400024264,14,5,28,1515,1,2,1,1.0,6,33063,M,,,33
201400024265,14,5,29,755,1,2,1,1.0,6,33063,M,,,33
201400024266,14,5,29,1830,1,2,2,1.0,3,33167,M,,,33
201400024267,14,5,30,15,5,2,1,1.0,6,33119,M,,,33
201400024268,14,5,28,2110,1,2,2,1.0,3,33200,M,,,33
201400024269,14,5,30,1215,1,2,1,1.0,3,33162,M,,,33
201400024270,14,5,29,1945,1,2,3,1.0,3,33039,M,,,33
201400024271,14,5,30,1520,1,2,1,1.0,3,33281,M,,,33
201400024272,14,5,31,1025,1,2,1,1.0,5,33281,M,,,33
201400024273,14,5,28,1105,1,2,3,1.0,3,33281,M,,,33
201400024274,14,5,31,1755,1,2,6,1.0,2,33063,M,,,33
201400024275,14,6,1,140,5,2,2,1.0,3,33063,M,,,33
201400024276,14,6,1,250,5,2,3,1.0,6,33063,M,,,33
201400024277,14,6,2,910,1,2,3,1.0,3,33318,M,,,33
201400024278,14,6,2,2145,5,2,3,1.0,6,33063,M,,,33
201400024279,14,6,2,1200,1,2,1,1.0,2,33281,M,,,33
201400024280,14,6,3,800,1,2,2,1.0,3,33063,M,,,33
201400024281,14,6,2,2000,1,2,3,1.0,3,33063,M,,,33
201400024282,14,6,3,1750,1,2,1,1.0,3,33063,M,,,33
201400024283,14,6,4,1305,1,2,4,1.0,6,33281,M,,,33
201400024284,14,6,5,1830,1,2,2,1.0,3,33063,M,,,33
201400024285,14,6,5,830,1,2,6,1.0,3,33249,M,,,33
201400024286,14,5,26,1225,1,2,3,2.0,2,33550,M,,,33
201400024287,14,6,6,1800,1,2,1,1.0,3,33063,M,,,33
201400024288,14,6,7,2320,5,2,1,1.0,6,33039,M,,,33
201400024289,14,6,9,330,5,2,1,1.0,6,33063,M,,,33
201400024290,14,6,9,1540,1,2,2,1.0,3,33063,M,,,33
201400024291,14,6,9,1820,1,2,1,1.0,3,33063,M,,,33
201400024292,14,6,11,815,1,2,1,1.0,2,33063,M,,,33
201400024293,14,6,11,1250,1,2,3,1.0,3,33281,M,,,33
201400024294,14,6,11,1945,1,2,3,1.0,3,33063,M,,,33
201400024295,14,6,11,1450,1,2,2,1.0,6,33063,M,,,33
201400024296,14,6,12,840,1,2,1,1.0,3,33032,M,,,33
201400024297,14,5,30,1530,1,2,1,1.0,6,33318,M,,,33
201400024298,14,6,12,925,1,2,2,1.0,3,33167,M,,,33
201400024299,14,6,12,1425,1,2,2,1.0,3,33063,M,,,33
201400024300,14,6,12,1430,1,2,1,1.0,3,33281,M,,,33
201400024301,14,6,13,800,1,2,6,1.0,2,33192,M,,,33
201400024302,14,6,13,840,1,2,1,1.0,6,33063,M,,,33
201400024303,14,6,13,930,1,2,1,1.0,2,33200,M,,,33
201400024304,14,6,13,1110,1,2,3,1.0,5,33039,M,,,33
201400024305,14,6,13,1410,1,2,2,1.0,3,33318,M,,,33
201400024306,14,6,14,1250,1,2,3,1.0,3,33063,M,,,33
201400024307,14,6,16,1600,1,2,1,1.0,2,33063,M,,,33
201400024308,14,6,16,1640,1,2,3,1.0,5,33167,M,,,33
201400024309,14,6,16,1045,1,2,1,1.0,2,33162,M,,,33
201400024310,14,6,17,1915,1,2,1,1.0,3,33192,M,,,33
201400024311,14,6,18,735,2,2,6,1.0,3,33039,M,,,33
201400024312,14,6,18,1220,1,2,1,1.0,4,33162,M,,,33
201400024313,14,6,19,1605,1,2,3,1.0,3,33318,M,,,33
201400024314,14,6,20,620,1,2,2,1.0,3,33039,M,,,33
201400024315,14,6,20,900,1,2,3,1.0,6,33063,M,,,33
201400024316,14,6,20,1250,1,2,1,1.0,2,33167,M,,,33
201400024317,14,6,20,1335,1,2,2,1.0,3,33063,M,,,33
201400024318,14,6,20,1400,1,2,5,1.0,3,33162,M,,,33
201400024319,14,6,20,1545,1,2,1,1.0,6,33063,M,,,33
201400024320,14,6,20,1855,1,2,3,1.0,3,33063,M,,,33
201400024321,14,6,20,2340,5,2,3,1.0,3,33063,M,,,33
201400024322,14,6,21,1930,1,2,1,1.0,3,33281,M,,,33
201400024323,14,6,21,2315,5,2,3,1.0,3,33063,M,,,33
201400024324,14,6,22,220,5,2,1,1.0,6,33063,M,,,33
201400024325,14,6,21,2020,1,2,1,1.0,6,33063,M,,,33
201400024326,14,6,22,630,2,2,2,1.0,3,33063,M,,,33
201400024327,14,6,22,1300,1,2,3,1.0,6,33318,M,,,33
201400024328,14,6,22,1430,1,1,1,1.0,1,33281,M,,,33
201400024329,14,6,23,205,5,2,1,3.0,7,33063,M,,,33
201400024330,14,6,23,1645,1,2,1,1.0,3,33063,M,,,33
201400024331,14,6,20,845,1,2,3,1.0,4,33063,M,,,33
201400024332,14,6,24,1205,1,2,3,1.0,3,33281,M,,,33
201400024333,14,6,24,1530,1,2,3,1.0,6,33063,M,,,33
201400024334,14,6,24,1910,1,2,2,1.0,3,33063,M,,,33
201400024335,14,6,25,720,1,2,3,1.0,3,33318,M,,,33
201400024336,14,6,25,1845,1,2,1,1.0,4,33281,M,,,33
201400024337,14,6,26,2100,1,2,1,1.0,6,33162,M,,,33
201400024338,14,6,25,2300,5,2,2,1.0,3,33075,M,,,33
201400024339,14,6,20,820,1,2,2,1.0,6,33162,M,,,33
201400024340,14,6,26,1850,1,2,3,1.0,6,33063,M,,,33
201400024341,14,6,25,1235,1,2,2,1.0,3,33550,M,,,33
201400024342,14,6,27,715,1,2,1,1.0,2,33032,M,,,33
201400024343,14,6,27,2005,1,2,1,1.0,2,33063,M,,,33
201400024344,14,6,26,2035,1,2,1,1.0,7,33063,M,,,33
201400024345,14,6,28,1535,1,2,1,1.0,7,33167,M,,,33
201400024346,14,6,29,1715,1,2,2,1.0,3,33281,M,,,33
201400024347,14,6,30,805,1,2,2,1.0,2,33281,M,,,33
201400024348,14,6,30,740,1,2,4,1.0,4,33281,M,,,33
201400024349,14,6,30,1940,1,2,2,1.0,3,33063,M,,,33
201400024350,14,7,1,855,1,2,2,1.0,3,33281,M,,,33
201400024351,14,7,1,1223,1,2,1,1.0,3,33522,M,,,33
201400024352,14,7,1,1230,1,2,2,1.0,6,33063,M,,,33
201400024353,14,7,1,1655,1,2,2,1.0,3,33162,M,,,33
201400024354,14,7,1,1700,1,2,7,1.0,2,33281,M,,,33
201400024355,14,7,1,1400,1,2,1,2.0,3,33039,M,,,33
201400024356,14,6,30,2130,5,2,1,1.0,7,33318,M,,,33
201400024357,14,7,1,2340,3,2,1,1.0,6,33075,M,,,33
201400024358,14,7,1,1255,1,2,1,1.0,3,33063,M,,,33
201400024359,14,7,2,720,1,2,2,1.0,3,33063,M,,,33
201400024360,14,6,30,2028,1,2,2,1.0,3,33318,M,,,33
201400024361,14,7,2,1330,1,2,1,1.0,3,33318,M,,,33
201400024362,14,7,3,1720,1,2,1,1.0,3,33281,M,,,33
201400024363,14,7,3,1500,1,2,1,1.0,5,33281,M,,,33
201400024364,14,7,3,1720,1,2,3,1.0,5,33063,M,,,33
201400024365,14,7,4,942,1,2,2,1.0,3,33281,M,,,33
201400024366,14,7,4,1430,1,2,2,1.0,3,33063,M,,,33
201400024367,14,6,30,945,1,2,6,1.0,3,33167,M,,,33
201400024368,14,7,6,235,5,2,2,1.0,3,33075,M,,,33
201400024369,14,7,6,1500,1,2,1,2.0,7,33063,M,,,33
201400024370,14,7,4,1830,1,2,1,1.0,1,33162,M,,,33
201400024371,14,7,7,1225,1,2,2,1.0,3,33063,M,,,33
201400024372,14,7,7,1515,1,2,2,2.0,6,33063,M,,,33
201400024373,14,7,7,1710,1,2,2,1.0,3,33032,M,,,33
201400024374,14,7,7,2150,5,2,1,1.0,6,33032,M,,,33
201400024375,14,7,8,950,1,2,2,2.0,3,33063,M,,,33
201400024376,14,7,9,240,5,2,1,1.0,6,33063,M,,,33
201400024377,14,7,8,1000,1,2,3,2.0,2,33281,M,,,33
201400024378,14,7,8,1700,1,2,2,1.0,3,33063,M,,,33
201400024379,14,7,9,2210,5,2,1,8.0,3,33063,M,,,33
201400024380,14,7,9,1940,1,2,2,1.0,3,33063,M,,,33
201400024381,14,7,7,830,1,2,2,1.0,3,33281,M,,,33
201400024382,14,7,8,1840,1,2,1,1.0,6,33063,M,,,33
201400024383,14,7,11,1010,1,2,1,1.0,6,33550,M,,,33
201400024384,14,7,11,1230,1,2,1,1.0,3,33281,M,,,33
201400024385,14,7,11,2225,5,2,3,1.0,7,33063,M,,,33
201400024386,14,7,12,1150,1,2,3,1.0,6,33281,M,,,33
201400024387,14,7,14,2325,5,2,1,1.0,2,33063,M,,,33
201400024388,14,7,15,730,1,2,3,1.0,3,33063,M,,,33
201400024389,14,7,16,1940,1,2,2,1.0,1,33069,M,,,33
201400024390,14,7,4,1840,1,2,2,1.0,3,33318,M,,,33
201400024391,14,7,16,1608,1,2,3,1.0,6,33063,M,,,33
201400024392,14,7,16,1630,1,2,3,1.0,3,33063,M,,,33
201400024393,14,7,16,1850,1,2,1,1.0,6,33522,M,,,33
201400024394,14,7,16,2020,1,2,2,1.0,3,33318,M,,,33
201400024395,14,7,17,2235,4,2,1,1.0,6,33167,M,,,33
201400024396,14,7,17,2300,5,2,3,1.0,6,33522,M,,,33
201400024397,14,7,18,625,5,2,1,1.0,3,33063,M,,,33
201400024398,14,7,18,925,1,2,2,1.0,6,33162,M,,,33
201400024399,14,7,19,915,1,2,2,1.0,2,33162,M,,,33
201400024400,14,7,19,1525,1,2,2,1.0,6,33075,M,,,33
201400024401,14,7,19,1820,1,2,1,1.0,6,33063,M,,,33
201400024402,14,7,20,1930,1,2,1,2.0,4,33281,M,,,33
201400024403,14,7,21,1820,1,2,4,1.0,2,33063,M,,,33
201400024404,14,7,21,1725,1,2,3,1.0,3,33281,M,,,33
201400024405,14,7,17,1900,1,2,4,1.0,5,33063,M,,,33
201400024406,14,7,22,1255,1,2,3,1.0,1,33550,M,,,33
201400024407,14,7,25,1320,1,2,1,1.0,6,33063,M,,,33
201400024408,14,7,26,650,2,2,3,5.0,3,33192,M,,,33
201400024409,14,7,26,740,1,2,2,5.0,3,33550,M,,,33
201400024410,14,7,26,2149,5,2,1,1.0,6,33249,M,,,33
201400024411,14,7,26,1225,1,2,3,1.0,4,33162,M,,,33
201400024412,14,7,24,1705,1,2,6,1.0,3,33281,M,,,33
201400024413,14,7,26,930,1,2,1,1.0,3,33281,M,,,33
201400024414,14,7,27,1423,1,2,3,1.0,2,33063,M,,,33
201400024415,14,7,26,345,5,2,4,1.0,3,33063,M,,,33
201400024416,14,7,27,2330,5,2,3,1.0,3,33318,M,,,33
201400024417,14,7,29,730,1,2,1,1.0,3,33063,M,,,33
201400024418,14,7,29,1120,1,2,3,1.0,3,33249,M,,,33
201400024419,14,7,30,10,4,1,3,1.0,2,33063,M,,,33
201400024420,14,7,30,1945,1,2,3,1.0,3,33063,M,,,33
201400024421,14,7,31,1925,1,2,1,1.0,1,33063,M,,,33
201400024422,14,7,31,1950,1,2,3,1.0,3,33063,M,,,33
201400024423,14,8,1,1015,1,2,1,1.0,6,33167,M,,,33
201400024424,14,8,1,1735,1,2,1,1.0,4,33281,M,,,33
201400024425,14,8,2,935,1,2,6,1.0,2,33162,M,,,33
201400024426,14,8,3,205,5,2,5,1.0,6,33063,M,,,33
201400024427,14,8,3,420,5,2,2,2.0,7,33063,M,,,33
201400024428,14,8,3,2130,2,2,2,1.0,6,33063,M,,,33
201400024429,14,8,4,1715,1,2,2,1.0,3,33281,M,,,33
201400024430,14,8,5,1700,1,2,2,1.0,6,33063,M,,,33
201400024431,14,8,5,2010,1,2,4,1.0,3,33063,M,,,33
201400024432,14,7,16,1730,1,2,1,1.0,3,33281,M,,,33
201400024433,14,8,5,1954,2,2,3,1.0,3,33318,M,,,33
201400024434,14,8,6,1500,1,2,1,1.0,3,33063,M,,,33
201400024435,14,8,6,1550,1,2,2,1.0,3,33063,M,,,33
201400024436,14,8,7,1625,1,2,4,1.0,3,33119,M,,,33
201400024437,14,8,8,115,5,2,1,1.0,7,33063,M,,,33
201400024438,14,8,8,900,1,2,3,2.0,3,33063,M,,,33
201400024439,14,8,8,1230,1,2,1,1.0,5,33063,M,,,33
201400024440,14,8,8,1316,1,2,2,1.0,6,33281,M,,,33
201400024441,14,8,8,1935,1,2,1,1.0,5,33063,M,,,33
201400024442,14,8,9,1420,1,2,1,1.0,2,33281,M,,,33
201400024443,14,8,10,1220,1,2,1,1.0,6,33063,M,,,33
201400024444,14,8,11,10,5,2,4,1.0,3,33162,M,,,33
201400024445,14,8,11,240,5,2,1,1.0,3,33318,M,,,33
201400024446,14,8,13,1215,1,2,2,2.0,2,33063,M,,,33
201400024447,14,8,13,1500,1,2,3,1.0,6,33039,M,,,33
201400024448,14,8,14,1720,1,2,1,1.0,3,33063,M,,,33
201400024449,14,8,14,1645,1,2,2,1.0,3,33522,M,,,33
201400024450,14,8,14,2140,5,2,1,2.0,6,33063,M,,,33
201400024451,14,8,15,1900,1,2,2,1.0,3,33063,M,,,33
201400024452,14,8,17,1845,1,2,1,1.0,6,33063,M,,,33
201400024453,14,8,18,1918,1,2,2,1.0,3,33063,M,,,33
201400024454,14,8,18,2240,5,2,3,1.0,6,33063,M,,,33
201400024455,14,8,19,800,1,2,1,1.0,3,33075,M,,,33
201400024456,14,8,20,730,1,2,6,1.0,3,33200,M,,,33
201400024457,14,8,20,1200,1,2,6,1.0,3,33249,M,,,33
201400024458,14,8,20,1555,1,2,3,1.0,6,33063,M,,,33
201400024459,14,8,20,1800,1,2,1,1.0,2,33063,M,,,33
201400024460,14,8,21,1940,1,2,2,1.0,6,33032,M,,,33
201400024461,14,8,22,825,1,2,1,1.0,1,33032,M,,,33
201400024462,14,8,21,2030,1,2,3,1.0,6,33063,M,,,33
201400024463,14,8,22,1600,1,2,1,1.0,2,33039,M,,,33
201400024464,14,8,22,1450,1,2,3,1.0,3,33063,M,,,33
201400024465,14,8,23,1810,1,2,3,1.0,3,33281,M,,,33
201400024466,14,8,23,2010,1,2,4,1.0,3,33063,M,,,33
201400024467,14,8,23,1920,1,2,1,1.0,3,33063,M,,,33
201400024468,14,8,25,815,1,2,2,1.0,3,33192,M,,,33
201400024469,14,8,25,1050,1,2,2,1.0,2,33063,M,,,33
201400024470,14,8,26,1225,1,2,1,2.0,7,33281,M,,,33
201400024471,14,8,26,1625,1,2,1,2.0,4,33063,M,,,33
201400024472,14,8,26,1910,1,2,1,2.0,1,33013,M,,,33
201400024473,14,8,22,1620,1,2,2,1.0,3,33162,M,,,33
201400024474,14,8,27,1435,1,2,1,1.0,6,33167,M,,,33
201400024475,14,8,27,1430,1,2,6,1.0,3,33550,M,,,33
201400024476,14,8,28,845,1,2,3,1.0,2,33281,M,,,33
201400024477,14,8,28,715,1,2,3,1.0,6,33069,M,,,33
201400024478,14,8,28,1000,1,2,3,1.0,6,33069,M,,,33
201400024479,14,8,29,255,5,2,1,3.0,7,33063,M,,,33
201400024480,14,8,30,1730,1,2,3,1.0,3,33281,M,,,33
201400024481,14,8,30,1402,1,2,1,1.0,2,33075,M,,,33
201400024482,14,8,30,715,1,2,3,1.0,6,33063,M,,,33
201400024483,14,8,31,1600,1,2,3,1.0,6,33063,M,,,33
201400024484,14,8,31,2340,3,1,4,1.0,7,33065,M,,,33
201400024485,14,9,2,1700,1,2,2,1.0,3,33063,M,,,33
201400024486,14,9,3,825,1,2,4,7.0,3,33063,M,,,33
201400024487,14,9,3,950,1,2,3,1.0,6,33281,M,,,33
201400024488,14,9,3,2335,5,2,3,1.0,6,33039,M,,,33
201400024489,14,9,2,1925,1,2,2,1.0,3,33075,M,,,33
201400024490,14,9,4,750,1,2,3,1.0,3,33167,M,,,33
201400024491,14,9,4,923,1,2,6,1.0,3,33063,M,,,33
201400024492,14,9,4,800,1,2,2,1.0,3,33318,M,,,33
201400024493,14,9,4,855,1,2,1,1.0,3,33192,M,,,33
201400024494,14,9,4,1000,1,2,3,1.0,1,33063,M,,,33
201400024495,14,9,4,1415,1,2,6,1.0,3,33063,M,,,33
201400024496,14,9,4,1725,1,2,3,1.0,6,33069,M,,,33
201400024497,14,9,4,1745,1,2,1,1.0,3,33063,M,,,33
201400024498,14,9,4,1630,1,2,3,1.0,6,33063,M,,,33
201400024499,14,9,5,845,1,2,6,1.0,3,33281,M,,,33
201400024500,14,9,5,840,1,2,3,1.0,3,33281,M,,,33
201400024501,14,9,5,1111,1,2,2,1.0,6,33063,M,,,33
201400024502,14,9,5,1130,1,2,3,1.0,3,33063,M,,,33
201400024503,14,9,5,1840,1,2,2,1.0,3,33063,M,,,33
201400024504,14,9,7,420,5,2,1,1.0,6,33063,M,,,33
201400024505,14,9,8,120,5,2,5,1.0,3,33063,M,,,33
201400024506,14,9,6,1900,1,2,1,1.0,7,33192,M,,,33
201400024507,14,9,8,1140,1,2,2,1.0,6,33063,M,,,33
201400024508,14,9,8,1250,1,2,4,1.0,3,33550,M,,,33
201400024509,14,9,8,1415,1,2,2,1.0,3,33069,M,,,33
201400024510,14,9,8,1415,1,2,2,1.0,1,33063,M,,,33
201400024511,14,9,8,1430,1,2,6,1.0,6,33063,M,,,33
201400024512,14,9,8,1740,1,2,1,1.0,3,33281,M,,,33
201400024513,14,9,8,1730,1,2,3,1.0,3,33249,M,,,33
201400024514,14,9,9,1430,1,2,1,1.0,2,33063,M,,,33
201400024515,14,9,9,1700,1,2,1,1.0,3,33063,M,,,33
201400024516,14,9,9,1654,1,2,3,1.0,3,33063,M,,,33