Num_Acc,an,mois,jour,hrmn,lum,agg,int,atm,col,com,gps,lat,long,dep
201400024517,14,9,9,1850,1,2,6,1.0,3,33063,M,,,33
201400024518,14,9,9,2220,5,2,1,1.0,3,33162,M,,,33
201400024519,14,9,9,2040,5,2,1,1.0,5,33192,M,,,33
201400024520,14,9,10,830,1,2,3,1.0,6,33522,M,,,33
201400024521,14,9,10,1017,1,2,1,1.0,3,33063,M,,,33
201400024522,14,9,10,915,1,2,3,1.0,1,33063,M,,,33
201400024523,14,9,10,1805,1,2,2,1.0,3,33069,M,,,33
201400024524,14,9,11,810,1,2,1,1.0,2,33075,M,,,33
201400024525,14,9,10,2015,2,2,2,1.0,5,33063,M,,,33
201400024526,14,9,12,55,5,2,1,1.0,6,33063,M,,,33
201400024527,14,9,12,700,2,2,1,1.0,3,33318,M,,,33
201400024528,14,9,12,1645,1,2,2,1.0,1,33063,M,,,33
201400024529,14,9,12,1545,1,2,2,1.0,3,33063,M,,,33
201400024530,14,9,12,1910,1,2,1,1.0,2,33281,M,,,33
201400024531,14,9,13,858,1,2,2,1.0,3,33063,M,,,33
201400024532,14,9,13,947,1,2,6,1.0,1,33192,M,,,33
201400024533,14,9,13,1130,1,2,2,1.0,3,33063,M,,,33
201400024534,14,9,12,1615,1,2,3,1.0,3,33318,M,,,33
201400024535,14,9,13,1350,1,2,3,1.0,1,33281,M,,,33
201400024536,14,9,13,1745,1,2,6,1.0,2,33318,M,,,33
201400024537,14,9,13,2200,5,2,2,1.0,3,33063,M,,,33
201400024538,14,9,13,2220,4,2,6,1.0,3,33318,M,,,33
201400024539,14,9,14,45,5,2,4,1.0,3,33063,M,,,33
201400024540,14,9,15,210,5,2,1,1.0,2,33063,M,,,33
201400024541,14,9,15,1810,1,1,1,1.0,3,33281,M,,,33
201400024542,14,9,15,1850,1,2,3,1.0,3,33063,M,,,33
201400024543,14,8,23,2115,2,2,3,1.0,5,33281,M,,,33
201400024544,14,9,16,900,1,2,1,1.0,3,33522,M,,,33
201400024545,14,9,16,1030,1,2,3,1.0,6,33063,M,,,33
201400024546,14,9,16,1815,1,2,2,1.0,3,33063,M,,,33
201400024547,14,9,16,1745,1,2,1,1.0,3,33281,M,,,33
201400024548,14,9,17,900,1,1,3,1.0,3,33063,M,,,33
201400024549,14,9,17,2220,5,2,3,1.0,1,33522,M,,,33
201400024550,14,9,18,758,1,2,4,1.0,7,33063,M,,,33
201400024551,14,9,18,815,1,2,1,1.0,3,33192,M,,,33
201400024552,14,9,18,915,1,2,3,1.0,6,33063,M,,,33
201400024553,14,9,18,1050,1,2,1,1.0,1,33063,M,,,33
201400024554,14,9,18,1410,1,2,6,1.0,7,33063,M,,,33
201400024555,14,9,18,1720,1,2,1,2.0,3,33013,M,,,33
201400024556,14,9,19,830,1,2,2,1.0,3,33200,M,,,33
201400024557,14,9,19,955,1,2,3,1.0,2,33063,M,,,33
201400024558,14,9,19,1650,1,2,6,1.0,6,33281,M,,,33
201400024559,14,9,19,2240,5,2,2,1.0,3,33063,M,,,33
201400024560,14,9,20,55,5,2,2,1.0,7,33063,M,,,33
201400024561,14,9,21,1050,1,2,3,1.0,1,33063,M,,,33
201400024562,14,9,21,1720,1,2,3,1.0,3,33281,M,,,33
201400024563,14,9,15,1430,1,2,2,1.0,1,33119,M,,,33
201400024564,14,9,22,1400,1,2,6,1.0,3,33063,M,,,33
201400024565,14,9,22,1650,1,2,3,1.0,2,33075,M,,,33
201400024566,14,9,22,1900,1,2,2,1.0,6,33522,M,,,33
201400024567,14,9,20,2315,5,2,6,1.0,3,33063,M,,,33
201400024568,14,9,23,730,1,2,2,1.0,3,33063,M,,,33
201400024569,14,9,23,900,1,2,6,1.0,3,33063,M,,,33
201400024570,14,9,23,911,1,2,3,1.0,2,33063,M,,,33
201400024571,14,9,23,1630,1,2,5,1.0,3,33063,M,,,33
201400024572,14,9,23,1650,1,2,3,1.0,6,33167,M,,,33
201400024573,14,9,23,1710,1,2,1,1.0,6,33162,M,,,33
201400024574,14,9,23,1840,1,2,3,1.0,3,33249,M,,,33
201400024575,14,9,23,2300,5,2,1,1.0,6,33281,M,,,33
201400024576,14,9,24,30,5,2,2,1.0,2,33119,M,,,33
201400024577,14,9,23,1450,1,2,1,1.0,3,33318,M,,,33
201400024578,14,9,24,1000,1,2,1,1.0,2,33063,M,,,33
201400024579,14,9,24,1315,1,2,2,1.0,3,33318,M,,,33
201400024580,14,9,24,1310,1,2,3,1.0,3,33063,M,,,33
201400024581,14,9,24,1610,1,2,3,1.0,6,33318,M,,,33
201400024582,14,9,24,1440,1,2,2,1.0,3,33063,M,,,33
201400024583,14,9,24,1835,1,2,1,1.0,3,33063,M,,,33
201400024584,14,9,23,1600,1,2,2,1.0,6,33063,M,,,33
201400024585,14,9,25,1010,1,2,3,1.0,1,33281,M,,,33
201400024586,14,9,25,1705,1,2,3,1.0,3,33318,M,,,33
201400024587,14,9,26,340,5,2,2,1.0,3,33063,M,,,33
201400024588,14,9,26,730,2,2,1,1.0,5,33522,M,,,33
201400024589,14,9,26,1439,1,2,1,1.0,5,33281,M,,,33
201400024590,14,9,26,1838,1,2,1,1.0,6,33063,M,,,33
201400024591,14,9,26,1610,1,2,2,1.0,3,33063,M,,,33
201400024592,14,9,26,1720,1,2,3,1.0,3,33162,M,,,33
201400024593,14,9,26,1750,1,2,6,1.0,3,33318,M,,,33
201400024594,14,9,26,1915,1,2,1,1.0,2,33013,M,,,33
201400024595,14,9,26,855,2,2,1,1.0,3,33063,M,,,33
201400024596,14,9,27,55,5,2,6,1.0,7,33281,M,,,33
201400024597,14,9,26,1935,2,2,1,1.0,6,33318,M,,,33
201400024598,14,9,27,1430,1,2,4,1.0,3,33039,M,,,33
201400024599,14,9,29,800,1,2,2,1.0,6,33063,M,,,33
201400024600,14,9,29,1330,1,2,6,1.0,2,33075,M,,,33
201400024601,14,9,29,1640,1,2,1,1.0,1,33281,M,,,33
201400024602,14,9,29,1850,1,2,1,1.0,5,33063,M,,,33
201400024603,14,9,29,1730,1,2,8,1.0,3,33063,M,,,33
201400024604,14,9,30,750,1,2,6,1.0,3,33063,M,,,33
201400024605,14,9,30,750,1,2,2,1.0,3,33075,M,,,33
201400024606,14,9,30,920,1,2,6,1.0,3,33281,M,,,33
201400024607,14,9,30,1545,1,2,1,1.0,6,33063,M,,,33
201400024608,14,9,30,1800,1,2,1,1.0,7,33281,M,,,33
201400024609,14,10,1,1340,1,2,2,1.0,3,33522,M,,,33
201400024610,14,10,1,1615,1,2,3,1.0,6,33318,M,,,33
201400024611,14,10,1,1725,1,2,2,1.0,2,33063,M,,,33
201400024612,14,10,1,1625,1,2,6,1.0,3,33063,M,,,33
201400024613,14,10,1,2030,5,2,1,1.0,3,33281,M,,,33
201400024614,14,10,1,2200,5,2,1,1.0,7,33063,M,,,33
201400024615,14,9,27,850,1,2,2,1.0,3,33522,M,,,33
201400024616,14,10,2,745,1,2,2,1.0,3,33063,M,,,33
201400024617,14,10,2,1600,1,2,4,1.0,6,33063,M,,,33
201400024618,14,10,2,1315,1,2,2,1.0,3,33318,M,,,33
201400024619,14,10,2,1710,1,2,6,1.0,3,33550,M,,,33
201400024620,14,10,2,1920,1,2,2,1.0,3,33249,M,,,33
201400024621,14,10,3,859,1,2,3,1.0,3,33167,M,,,33
201400024622,14,10,3,1940,1,2,1,1.0,6,33063,M,,,33
201400024623,14,10,3,2015,5,2,6,1.0,3,33522,M,,,33
201400024624,14,10,3,2130,5,2,2,1.0,3,33063,M,,,33
201400024625,14,10,3,1913,1,2,6,1.0,5,33281,M,,,33
201400024626,14,10,4,910,1,2,2,1.0,3,33318,M,,,33
201400024627,14,10,5,1150,1,2,3,1.0,1,33039,M,,,33
201400024628,14,10,5,1235,1,2,2,1.0,3,33522,M,,,33
201400024629,14,10,5,1450,1,2,5,1.0,3,33063,M,,,33
201400024630,14,10,6,645,1,2,6,1.0,2,33281,M,,,33
201400024631,14,10,6,805,1,2,4,1.0,6,33063,M,,,33
201400024632,14,10,6,1315,1,2,5,1.0,3,33281,M,,,33
201400024633,14,10,2,1001,1,2,1,1.0,6,33063,M,,,33
201400024634,14,10,6,1705,1,2,3,1.0,3,33281,M,,,33
201400024635,14,10,4,2200,5,2,6,1.0,7,33318,M,,,33
201400024636,14,10,6,1728,1,2,1,2.0,3,33281,M,,,33
201400024637,14,10,7,1100,1,2,2,1.0,3,33075,M,,,33
201400024638,14,10,7,1000,1,2,1,1.0,7,33063,M,,,33
201400024639,14,10,7,900,1,2,1,1.0,4,33063,M,,,33
201400024640,14,10,8,850,1,2,2,8.0,3,33063,M,,,33
201400024641,14,10,8,1030,1,2,6,1.0,1,33281,M,,,33
201400024642,14,10,3,900,1,2,3,1.0,6,33032,M,,,33
201400024643,14,10,8,1425,1,2,3,1.0,6,33063,M,,,33
201400024644,14,10,8,1405,1,2,1,1.0,6,33522,M,,,33
201400024645,14,10,8,1700,1,2,3,1.0,6,33063,M,,,33
201400024646,14,10,8,1735,1,2,3,1.0,3,33063,M,,,33
201400024647,14,10,8,2030,5,2,6,1.0,7,33013,M,,,33
201400024648,14,10,9,750,2,2,1,3.0,3,33063,M,,,33
201400024649,14,10,9,2100,5,2,1,1.0,7,33063,M,,,33
201400024650,14,10,9,1715,1,2,2,1.0,3,33063,M,,,33
201400024651,14,10,10,1540,1,2,1,1.0,1,33192,M,,,33
201400024652,14,10,10,1905,1,2,6,1.0,3,33318,M,,,33
201400024653,14,10,11,930,1,2,2,1.0,3,33063,M,,,33
201400024654,14,10,11,2115,5,2,3,1.0,2,33063,M,,,33
201400024655,14,10,12,2310,4,1,3,1.0,6,33550,M,,,33
201400024656,14,10,13,840,1,2,1,1.0,3,33281,M,,,33
201400024657,14,10,12,1010,1,2,1,1.0,2,33063,M,,,33
201400024658,14,10,13,1720,1,2,1,1.0,4,33281,M,,,33
201400024659,14,10,13,1620,1,2,2,1.0,6,33550,M,,,33
201400024660,14,10,14,1400,1,2,1,1.0,2,33063,M,,,33
201400024661,14,10,14,1555,1,2,3,1.0,6,33063,M,,,33
201400024662,14,10,14,1820,1,2,3,1.0,3,33281,M,,,33
201400024663,14,10,14,2120,5,2,3,1.0,3,33063,M,,,33
201400024664,14,10,15,1225,1,2,1,1.0,6,33063,M,,,33
201400024665,14,10,15,1305,1,2,2,1.0,3,33069,M,,,33
201400024666,14,10,15,1430,1,2,3,1.0,3,33063,M,,,33
201400024667,14,10,15,1500,1,2,1,1.0,3,33063,M,,,33
201400024668,14,10,15,1825,1,2,2,1.0,3,33075,M,,,33
201400024669,14,10,15,1845,5,2,4,1.0,3,33192,M,,,33
201400024670,14,10,15,2100,5,2,2,1.0,6,33162,M,,,33
201400024671,14,10,15,1650,1,2,1,1.0,3,33318,M,,,33
201400024672,14,10,16,900,2,2,1,2.0,6,33281,M,,,33
201400024673,14,10,16,1515,1,2,3,2.0,3,33249,M,,,33
201400024674,14,10,16,2120,5,2,2,2.0,6,33063,M,,,33
201400024675,14,10,16,2125,3,2,1,1.0,2,33063,M,,,33
201400024676,14,10,17,1240,1,2,2,1.0,6,33063,M,,,33
201400024677,14,10,17,1420,1,2,1,1.0,3,33281,M,,,33
201400024678,14,10,18,220,5,2,3,1.0,1,33063,M,,,33
201400024679,14,10,18,1140,1,2,6,1.0,6,33063,M,,,33
201400024680,14,10,18,1740,1,2,2,1.0,3,33063,M,,,33
201400024681,14,10,18,2220,5,2,3,1.0,3,33162,M,,,33
201400024682,14,10,19,445,3,2,1,1.0,3,33013,M,,,33
201400024683,14,10,19,1430,1,2,2,1.0,3,33281,M,,,33
201400024684,14,10,19,1705,1,2,1,1.0,3,33192,M,,,33
201400024685,14,10,18,1900,2,2,1,1.0,3,33192,M,,,33
201400024686,14,10,20,2315,5,2,1,1.0,7,33063,M,,,33
201400024687,14,10,20,917,1,2,3,1.0,3,33281,M,,,33
201400024688,14,10,21,755,2,2,1,1.0,7,33318,M,,,33
201400024689,14,10,21,1105,1,2,3,1.0,3,33063,M,,,33
201400024690,14,10,21,1455,1,2,6,1.0,3,33063,M,,,33
201400024691,14,10,21,1615,1,2,1,2.0,6,33281,M,,,33
201400024692,14,10,22,725,2,2,2,1.0,3,33281,M,,,33
201400024693,14,10,22,710,1,2,2,1.0,6,33063,M,,,33
201400024694,14,10,22,1330,1,2,1,1.0,3,33063,M,,,33
201400024695,14,10,22,1300,1,2,1,1.0,6,33063,M,,,33
201400024696,14,10,22,1425,1,2,3,1.0,3,33063,M,,,33
201400024697,14,10,17,1645,1,2,2,1.0,3,33281,M,,,33
201400024698,14,10,22,1735,1,2,1,1.0,3,33063,M,,,33
201400024699,14,10,22,2030,5,2,3,2.0,2,33063,M,,,33
201400024700,14,10,23,420,5,2,1,1.0,7,33063,M,,,33
201400024701,14,10,23,822,2,2,4,1.0,3,33281,M,,,33
201400024702,14,10,23,1750,1,2,2,1.0,3,33063,M,,,33
201400024703,14,10,22,1745,1,2,6,1.0,2,33162,M,,,33
201400024704,14,10,23,1815,1,2,1,1.0,3,33281,M,,,33
201400024705,14,10,23,2120,5,2,6,1.0,3,33162,M,,,33
201400024706,14,10,23,2210,5,2,3,1.0,7,33063,M,,,33
201400024707,14,10,23,820,1,2,1,1.0,2,33063,M,,,33
201400024708,14,10,24,937,1,2,6,1.0,3,33522,M,,,33
201400024709,14,10,24,2100,5,2,2,1.0,3,33063,M,,,33
201400024710,14,10,25,715,5,2,3,1.0,6,33063,M,,,33
201400024711,14,10,25,517,2,2,6,1.0,3,33550,M,,,33
201400024712,14,10,25,1000,1,2,2,1.0,3,33075,M,,,33
201400024713,14,10,25,1150,1,2,1,1.0,2,33063,M,,,33
201400024714,14,10,25,2200,5,2,2,1.0,6,33063,M,,,33
201400024715,14,10,26,40,5,2,2,1.0,6,33063,M,,,33
201400024716,14,10,24,1415,1,2,1,1.0,2,33522,M,,,33
201400024717,14,10,26,1633,1,2,1,1.0,6,33063,M,,,33
201400024718,14,10,26,1830,5,2,1,1.0,4,33192,M,,,33
201400024719,14,10,27,1215,1,2,1,1.0,6,33063,M,,,33
201400024720,14,10,27,2120,5,2,3,1.0,3,33063,M,,,33
201400024721,14,10,27,1950,5,2,2,1.0,3,33522,M,,,33
201400024722,14,10,28,1035,1,1,1,1.0,3,33063,M,,,33
201400024723,14,10,28,1300,1,2,3,1.0,3,33281,M,,,33
201400024724,14,10,28,1715,1,2,2,1.0,1,33039,M,,,33
201400024725,14,10,29,845,1,2,1,1.0,3,33281,M,,,33
201400024726,14,10,29,850,1,2,2,1.0,3,33063,M,,,33
201400024727,14,10,29,930,1,2,3,1.0,6,33063,M,,,33
201400024728,14,10,29,1120,1,2,1,1.0,6,33063,M,,,33
201400024729,14,10,29,1100,1,2,3,1.0,3,33162,M,,,33
201400024730,14,10,29,2330,5,2,6,1.0,7,33318,M,,,33
201400024731,14,10,30,815,1,2,3,1.0,6,33318,M,,,33
201400024732,14,10,30,1028,1,2,1,1.0,3,33063,M,,,33
201400024733,14,10,30,2010,5,2,3,1.0,6,33063,M,,,33
201400024734,14,10,30,935,1,2,1,1.0,2,33281,M,,,33
201400024735,14,10,31,1300,1,2,6,1.0,3,33200,M,,,33
201400024736,14,10,31,1650,1,2,1,1.0,3,33281,M,,,33
201400024737,14,10,31,1730,1,2,3,1.0,3,33063,M,,,33
201400024738,14,10,31,1900,5,2,1,1.0,3,33522,M,,,33
201400024739,14,11,1,930,1,2,1,1.0,3,33200,M,,,33
201400024740,14,11,1,950,1,2,4,1.0,1,33281,M,,,33
201400024741,14,11,1,1140,1,2,1,1.0,2,33063,M,,,33
201400024742,14,11,1,1322,1,2,2,1.0,3,33063,M,,,33
201400024743,14,11,1,2330,5,2,1,1.0,6,33063,M,,,33
201400024744,14,11,1,1130,1,2,1,1.0,6,33550,M,,,33
201400024745,14,11,3,1640,1,2,1,2.0,7,33119,M,,,33
201400024746,14,11,4,900,1,2,1,1.0,3,33167,M,,,33
201400024747,14,11,4,1830,2,2,3,2.0,5,33013,M,,,33
201400024748,14,11,5,925,1,2,2,1.0,3,33249,M,,,33
201400024749,14,11,5,1350,1,2,3,1.0,1,33063,M,,,33
201400024750,14,11,5,1940,5,2,3,1.0,3,33162,M,,,33
201400024751,14,11,5,2110,5,2,3,1.0,2,33063,M,,,33
201400024752,14,11,6,130,5,2,2,1.0,3,33063,M,,,33
201400024753,14,11,6,245,5,2,1,1.0,6,33318,M,,,33
201400024754,14,11,6,930,1,2,2,1.0,6,33075,M,,,33
201400024755,14,11,6,1015,1,2,3,1.0,3,33063,M,,,33
201400024756,14,11,6,1825,5,2,3,1.0,5,33200,M,,,33
201400024757,14,11,6,1700,1,2,3,1.0,3,33065,M,,,33
201400024758,14,11,7,805,1,2,6,2.0,6,33039,M,,,33
201400024759,14,11,5,1923,5,2,3,2.0,3,33522,M,,,33
201400024760,14,11,7,825,1,2,2,1.0,3,33522,M,,,33
201400024761,14,11,7,1640,1,2,1,1.0,1,33075,M,,,33
201400024762,14,11,8,725,2,2,6,1.0,6,33063,M,,,33
201400024763,14,11,7,1830,5,2,3,1.0,3,33192,M,,,33
201400024764,14,11,7,1855,5,2,3,1.0,2,33522,M,,,33
201400024765,14,11,9,10,5,2,1,2.0,1,33550,M,,,33
201400024766,14,11,10,940,1,2,6,1.0,6,33550,M,,,33
201400024767,14,11,4,1915,4,2,1,2.0,3,33013,M,,,33
201400024768,14,11,6,1120,1,2,3,1.0,3,33063,M,,,33
201400024769,14,11,10,1510,1,2,2,1.0,3,33063,M,,,33
201400024770,14,11,10,1645,1,2,4,1.0,2,33069,M,,,33
201400024771,14,11,10,1850,5,2,3,1.0,3,33162,M,,,33
201400024772,14,11,10,1750,1,2,2,1.0,3,33281,M,,,33
201400024773,14,11,12,310,5,2,1,3.0,6,33063,M,,,33
201400024774,14,11,12,741,2,2,2,3.0,3,33192,M,,,33
201400024775,14,11,12,930,1,2,2,1.0,2,33063,M,,,33
201400024776,14,11,12,1640,1,2,3,1.0,3,33550,M,,,33
201400024777,14,11,12,1740,2,2,1,2.0,5,33119,M,,,33
201400024778,14,11,12,1910,5,2,1,2.0,2,33318,M,,,33
201400024779,14,11,12,2040,5,2,2,1.0,3,33318,M,,,33
201400024780,14,11,13,910,1,2,3,1.0,3,33522,M,,,33
201400024781,14,11,13,930,1,2,6,1.0,2,33119,M,,,33
201400024782,14,11,13,810,1,2,3,1.0,1,33162,M,,,33
201400024783,14,11,13,1745,5,2,3,1.0,1,33075,M,,,33
201400024784,14,11,13,1845,5,2,2,1.0,3,33069,M,,,33
201400024785,14,11,13,2030,5,2,3,1.0,3,33063,M,,,33
201400024786,14,11,13,2100,5,2,3,1.0,6,33522,M,,,33
201400024787,14,11,13,910,1,2,2,2.0,2,33281,M,,,33
201400024788,14,11,13,1200,1,2,3,1.0,4,33281,M,,,33
201400024789,14,11,12,1740,5,2,2,2.0,3,33063,M,,,33
201400024790,14,11,13,1900,5,2,2,1.0,3,33522,M,,,33
201400024791,14,11,14,1400,1,2,3,1.0,3,33522,M,,,33
201400024792,14,11,14,1800,2,2,1,1.0,6,33063,M,,,33
201400024793,14,11,14,1840,5,2,2,2.0,3,33281,M,,,33
201400024794,14,11,14,2100,5,2,2,5.0,6,33550,M,,,33
201400024795,14,11,15,156,5,2,3,1.0,3,33063,M,,,33
201400024796,14,11,15,1604,1,2,6,3.0,3,33522,M,,,33
201400024797,14,11,15,2103,5,2,1,3.0,2,33522,M,,,33
201400024798,14,11,15,1215,1,2,2,2.0,3,33281,M,,,33
201400024799,14,11,16,425,5,2,2,3.0,6,33063,M,,,33
201400024800,14,11,17,2,5,2,1,2.0,7,33162,M,,,33
201400024801,14,11,14,1230,1,2,2,8.0,6,33063,M,,,33
201400024802,14,11,17,945,1,2,1,2.0,2,33281,M,,,33
201400024803,14,11,17,1510,1,2,1,1.0,2,33063,M,,,33
201400024804,14,11,13,735,5,2,2,1.0,6,33522,M,,,33
201400024805,14,11,14,1210,1,2,3,8.0,3,33522,M,,,33
201400024806,14,11,14,735,5,2,6,3.0,3,33192,M,,,33
201400024807,14,11,18,1520,1,2,3,1.0,6,33063,M,,,33
201400024808,14,11,18,1700,1,2,2,1.0,3,33162,M,,,33
201400024809,14,11,18,1730,2,2,2,1.0,2,33063,M,,,33
201400024810,14,11,18,1800,1,2,2,1.0,4,33063,M,,,33
201400024811,14,11,18,2135,5,2,4,1.0,3,33063,M,,,33
201400024812,14,11,18,1920,5,2,1,1.0,3,33522,M,,,33
201400024813,14,11,19,1755,5,2,3,1.0,6,33063,M,,,33
201400024814,14,11,19,1915,5,2,2,1.0,3,33192,M,,,33
201400024815,14,11,19,2000,5,2,1,1.0,3,33063,M,,,33
201400024816,14,11,18,1910,5,2,1,1.0,6,33162,M,,,33
201400024817,14,11,19,1210,1,2,1,1.0,6,33069,M,,,33
201400024818,14,11,19,950,1,2,2,1.0,6,33069,M,,,33
201400024819,14,11,20,815,1,2,1,1.0,6,33318,M,,,33
201400024820,14,11,20,1235,1,2,1,1.0,6,33550,M,,,33
201400024821,14,11,20,1650,2,1,3,1.0,1,33281,M,,,33
201400024822,14,11,20,1850,3,2,1,1.0,5,33162,M,,,33
201400024823,14,11,21,735,2,1,1,1.0,2,33013,M,,,33
201400024824,14,11,20,1930,5,2,6,1.0,3,33522,M,,,33
201400024825,14,11,21,1125,1,2,2,1.0,6,33063,M,,,33
201400024826,14,11,21,1810,5,2,2,1.0,3,33162,M,,,33
201400024827,14,11,21,1842,5,2,3,1.0,3,33063,M,,,33
201400024828,14,11,22,1015,1,2,6,1.0,3,33063,M,,,33
201400024829,14,11,21,1930,5,2,3,1.0,1,33162,M,,,33
201400024830,14,11,22,1620,1,2,1,1.0,3,33281,M,,,33
201400024831,14,11,22,2020,5,2,2,1.0,3,33550,M,,,33
201400024832,14,11,23,1920,5,2,2,1.0,3,33063,M,,,33
201400024833,14,11,24,816,2,2,3,2.0,6,33550,M,,,33
201400024834,14,11,19,1130,1,2,1,1.0,6,33063,M,,,33
201400024835,14,11,25,105,5,2,2,1.0,1,33167,M,,,33
201400024836,14,11,25,1450,1,2,2,2.0,3,33063,M,,,33
201400024837,14,11,25,2230,5,2,3,8.0,3,33063,M,,,33
201400024838,14,11,26,35,5,2,1,2.0,6,33162,M,,,33
201400024839,14,11,24,1930,5,2,6,1.0,3,33522,M,,,33
201400024840,14,11,26,810,1,2,3,1.0,3,33522,M,,,33
201400024841,14,11,26,800,1,2,1,1.0,2,33063,M,,,33
201400024842,14,11,26,1715,2,2,2,2.0,3,33162,M,,,33
201400024843,14,11,26,1800,5,2,3,2.0,1,33063,M,,,33
201400024844,14,11,26,2045,5,2,1,2.0,7,33063,M,,,33
201400024845,14,11,24,910,1,2,6,2.0,3,33281,M,,,33
201400024846,14,11,27,1650,1,2,1,1.0,6,33063,M,,,33
201400024847,14,11,28,1800,5,2,3,1.0,6,33281,M,,,33
201400024848,14,11,29,1330,1,2,1,2.0,2,33522,M,,,33
201400024849,14,11,29,1525,1,2,4,2.0,2,33063,M,,,33
201400024850,14,11,30,305,5,2,1,2.0,7,33063,M,,,33
201400024851,14,12,1,810,2,2,6,1.0,3,33069,M,,,33
201400024852,14,12,2,1610,1,2,2,1.0,5,33281,M,,,33
201400024853,14,12,2,1750,1,2,2,1.0,3,33069,M,,,33
201400024854,14,12,3,730,2,1,3,1.0,4,33063,M,,,33
201400024855,14,12,3,1220,1,2,1,1.0,3,33069,M,,,33
201400024856,14,12,4,620,5,2,2,1.0,3,33063,M,,,33
201400024857,14,12,4,1920,5,2,1,2.0,3,33192,M,,,33
201400024858,14,12,4,2315,4,2,1,1.0,7,33281,M,,,33
201400024859,14,12,5,220,5,2,3,1.0,7,33063,M,,,33
201400024860,14,12,4,2025,5,2,9,1.0,6,33063,M,,,33
201400024861,14,12,5,1300,1,2,4,1.0,6,33063,M,,,33
201400024862,14,12,7,200,5,2,2,1.0,3,33162,M,,,33
201400024863,14,12,6,2040,5,2,1,1.0,6,33063,M,,,33
201400024864,14,12,7,2320,5,2,2,2.0,6,33063,M,,,33
201400024865,14,12,5,1345,1,2,3,1.0,3,33281,M,,,33
201400024866,14,12,8,900,1,2,6,1.0,3,33063,M,,,33
201400024867,14,12,8,1530,1,2,4,2.0,3,33281,M,,,33
201400024868,14,12,8,1830,5,2,6,1.0,3,33167,M,,,33
201400024869,14,12,8,2100,5,2,1,1.0,7,33192,M,,,33
201400024870,14,12,9,745,2,2,1,1.0,6,33063,M,,,33
201400024871,14,12,9,1735,2,2,1,1.0,3,33069,M,,,33
201400024872,14,12,8,724,2,2,3,1.0,6,33063,M,,,33
201400024873,14,12,10,815,2,2,1,1.0,4,33063,M,,,33
201400024874,14,12,10,1015,1,2,6,2.0,3,33063,M,,,33
201400024875,14,12,10,1130,1,2,3,2.0,6,33063,M,,,33
201400024876,14,12,10,1600,1,2,3,2.0,3,33063,M,,,33
201400024877,14,12,10,1820,5,2,1,2.0,6,33281,M,,,33
201400024878,14,12,11,245,5,2,1,1.0,6,33063,M,,,33
201400024879,14,12,11,445,5,2,3,2.0,3,33063,M,,,33
201400024880,14,12,11,853,1,2,3,1.0,3,33063,M,,,33
201400024881,14,12,11,1045,1,2,1,1.0,6,33063,M,,,33
201400024882,14,12,11,1740,5,2,3,1.0,2,33063,M,,,33
201400024883,14,12,11,2105,5,2,6,1.0,3,33069,M,,,33
201400024884,14,12,12,200,5,2,6,1.0,6,33192,M,,,33
201400024885,14,12,12,850,1,2,6,1.0,1,33119,M,,,33
201400024886,14,12,12,1150,1,2,1,1.0,6,33281,M,,,33
201400024887,14,12,13,611,2,2,2,1.0,3,33063,M,,,33
201400024888,14,12,13,930,1,2,2,1.0,2,33063,M,,,33
201400024889,14,12,14,205,5,2,2,1.0,5,33162,M,,,33
201400024890,14,12,15,820,1,2,2,1.0,3,33069,M,,,33
201400024891,14,12,16,1145,1,2,1,1.0,6,33063,M,,,33
201400024892,14,12,16,1850,5,2,2,2.0,3,33075,M,,,33
201400024893,14,12,17,1900,5,2,1,2.0,3,33281,M,,,33
201400024894,14,12,18,1350,1,2,1,2.0,6,33119,M,,,33
201400024895,14,12,19,730,5,2,3,1.0,6,33032,M,,,33
201400024896,14,12,19,1135,1,2,3,2.0,3,33063,M,,,33
201400024897,14,12,19,1320,1,2,6,2.0,3,33119,M,,,33
201400024898,14,12,19,2110,5,2,1,1.0,3,33063,M,,,33
201400024899,14,12,20,150,5,2,4,3.0,7,33167,M,,,33
201400024900,14,12,20,630,5,2,3,1.0,3,33318,M,,,33
201400024901,14,12,21,615,5,2,2,1.0,3,33063,M,,,33
201400024902,14,12,21,2240,5,2,1,1.0,7,33063,M,,,33
201400024903,14,12,22,1050,1,2,1,1.0,3,33039,M,,,33
201400024904,14,12,22,950,1,2,6,1.0,3,33550,M,,,33
201400024905,14,12,20,2035,5,2,1,1.0,1,33318,M,,,33
201400024906,14,12,24,600,5,2,1,5.0,6,33075,M,,,33
201400024907,14,12,23,2010,5,2,1,1.0,6,33318,M,,,33
201400024908,14,12,24,1830,5,2,3,2.0,3,33075,M,,,33
201400024909,14,12,25,820,1,2,1,2.0,1,33318,M,,,33
201400024910,14,12,24,356,5,2,2,5.0,3,33550,M,,,33
201400024911,14,12,26,1145,1,2,1,1.0,3,33063,M,,,33
201400024912,14,12,26,1843,5,2,6,3.0,1,33063,M,,,33
201400024913,14,12,26,2020,5,2,6,1.0,6,33039,M,,,33
201400024914,14,12,27,635,5,2,6,3.0,6,33063,M,,,33
201400024915,14,12,27,1820,5,2,4,3.0,6,33522,M,,,33
201400024916,14,12,28,1200,1,2,3,1.0,3,33063,M,,,33
201400024917,14,12,30,1510,1,2,2,1.0,3,33318,M,,,33
201400024918,14,12,31,1210,1,2,9,1.0,1,33550,M,,,33
201400024919,14,1,4,1745,3,1,2,2.0,3,49281,M,4715687.0,-75734.0,49