Num_Acc,an,mois,jour,hrmn,lum,agg,int,atm,col,com,gps,lat,long,dep
201400024920,14,1,6,645,4,2,7,1.0,6,49092,M,4721849.0,-72761.0,49
201400024921,14,1,20,745,3,1,1,5.0,1,49355,M,4710605.0,-81018.0,49
201400024922,14,3,1,1,3,1,1,8.0,6,49092,M,4723438.0,-75451.0,49
201400024923,14,3,6,1045,1,1,1,1.0,6,49070,M,4707962.0,-74038.0,49
201400024924,14,7,8,800,1,1,1,1.0,7,49070,M,4709971.0,-69257.0,49
201400024925,14,7,17,430,5,2,1,1.0,3,49058,M,4699958.0,-64018.0,49
201400024926,14,4,16,1700,1,1,1,1.0,1,18241,M,4732974.0,284927.0,18
201400024927,14,4,19,30,3,1,1,1.0,6,18032,M,0.0,0.0,18
201400024928,14,7,8,1315,1,1,1,2.0,1,18269,M,0.0,0.0,18
201400024929,14,7,15,1745,1,2,3,1.0,3,18020,M,4738960.0,288703.0,18
201400024930,14,9,28,1745,3,1,1,1.0,7,18032,M,4743239.0,291805.0,18
201400024931,14,10,9,2030,3,2,1,1.0,6,18039,M,4731026.0,279251.0,18
201400024932,14,12,3,835,1,2,6,1.0,1,18032,M,0.0,0.0,18
201400024933,14,1,6,1915,5,2,1,1.0,1,06161,M,0.0,0.0,06
201400024934,14,1,10,1045,1,1,1,1.0,1,06044,M,0.0,0.0,06
201400024935,14,1,28,1445,1,2,1,1.0,3,06161,M,4364600.0,714500.0,06
201400024936,14,2,24,1715,1,2,1,1.0,3,06161,M,0.0,0.0,06
201400024937,14,3,8,845,1,2,1,1.0,1,06161,M,0.0,0.0,06
201400024938,14,4,25,2045,5,2,1,1.0,6,06161,M,0.0,0.0,06
201400024939,14,5,22,800,1,1,1,1.0,1,06161,M,0.0,0.0,06
201400024940,14,5,21,1845,1,2,1,1.0,1,06161,M,0.0,0.0,06
201400024941,14,7,15,1745,1,2,1,1.0,3,06161,M,0.0,0.0,06
201400024942,14,7,28,1315,1,2,1,1.0,1,06161,M,0.0,0.0,06
201400024943,14,8,2,1430,1,2,1,1.0,3,06044,M,0.0,0.0,06
201400024944,14,8,8,1300,1,2,1,1.0,2,06161,M,0.0,0.0,06
201400024945,14,8,10,1715,1,1,1,1.0,1,06161,M,0.0,0.0,06
201400024946,14,8,20,730,2,2,1,1.0,5,06161,M,0.0,0.0,06
201400024947,14,9,12,1445,1,1,1,1.0,3,06161,M,0.0,0.0,06
201400024948,14,9,27,1030,1,1,1,1.0,5,06044,M,0.0,0.0,06
201400024949,14,10,17,1545,1,2,1,1.0,6,06161,M,0.0,0.0,06
201400024950,14,12,13,230,5,2,6,1.0,6,06044,M,0.0,0.0,06
201400024951,14,12,24,945,1,1,6,7.0,3,06027,M,0.0,0.0,06
201400024952,14,1,23,915,1,2,1,1.0,6,34003,M,,,34
201400024953,14,1,24,1840,5,2,9,2.0,3,34003,M,,,34
201400024954,14,2,17,1800,1,2,1,1.0,1,34003,M,,,34
201400024955,14,3,12,545,3,1,1,1.0,5,34003,M,4330517.0,345067.0,34
201400024956,14,4,15,1330,1,2,6,1.0,3,34003,M,,,34
201400024957,14,5,30,430,5,2,1,1.0,1,34003,M,4328970.0,350716.0,34
201400024958,14,6,26,1235,1,2,1,1.0,2,34003,M,,,34
201400024959,14,7,4,1135,1,2,1,2.0,3,34003,M,4329559.0,347107.0,34
201400024960,14,7,24,2045,1,1,1,1.0,6,34003,M,4331439.0,345699.0,34
201400024961,14,7,30,1930,1,2,1,1.0,3,34003,M,,,34
201400024962,14,8,1,625,1,2,1,1.0,6,34003,M,,,34
201400024963,14,8,10,1140,1,2,1,1.0,3,34003,M,,,34
201400024964,14,8,27,1225,1,2,1,1.0,2,34003,M,,,34
201400024965,14,8,30,30,3,1,1,1.0,3,34003,M,4331435.0,345699.0,34
201400024966,14,9,6,2000,1,2,1,1.0,6,34003,M,,,34
201400024967,14,9,28,1640,1,2,1,1.0,3,34003,M,,,34
201400024968,14,10,12,40,5,1,1,1.0,6,34003,M,,,34
201400024969,14,11,4,1740,5,2,1,1.0,7,34003,M,4328666.0,351257.0,34
201400024970,14,11,10,1755,5,2,1,1.0,6,34003,M,4330863.0,348991.0,34
201400024971,14,12,2,905,1,1,1,1.0,3,34003,M,4332640.0,348095.0,34
201400024972,14,12,27,1620,1,2,1,1.0,1,34003,M,4329480.0,345747.0,34
201400024973,14,1,5,1000,1,2,6,9.0,3,34032,M,,,34
201400024974,14,1,10,1410,1,2,1,9.0,2,34032,M,,,34
201400024975,14,1,15,1815,3,2,1,9.0,7,34032,M,4334465.0,324085.0,34
201400024976,14,1,14,1925,5,2,2,9.0,7,34032,M,,,34
201400024977,14,1,20,1655,1,2,1,9.0,7,34336,M,,,34
201400024978,14,1,23,1400,1,2,1,9.0,2,34032,M,,,34
201400024979,14,1,25,1725,5,2,1,9.0,6,34032,M,,,34
201400024980,14,1,26,1135,1,2,1,9.0,6,34032,M,,,34
201400024981,14,1,31,650,1,2,1,9.0,6,34032,M,,,34
201400024982,14,2,6,805,1,1,1,1.0,1,34032,M,4332501.0,324665.0,34
201400024983,14,2,9,1545,1,1,1,1.0,3,34032,M,,,34
201400024984,14,2,16,115,3,1,1,1.0,1,34032,M,4335439.0,327607.0,34
201400024985,14,2,4,2235,5,2,1,1.0,6,34032,M,,,34
201400024986,14,1,31,920,1,2,1,1.0,7,34032,M,,,34
201400024987,14,3,7,640,2,1,1,1.0,7,34032,M,4333292.0,315132.0,34
201400024988,14,3,21,1530,1,2,1,1.0,7,34032,M,,,34
201400024989,14,3,22,1515,1,1,1,1.0,7,34032,M,,,34
201400024990,14,3,27,1520,1,1,1,1.0,2,34032,M,,,34
201400024991,14,3,31,2000,2,2,2,1.0,3,34032,M,,,34
201400024992,14,4,15,1350,1,1,1,1.0,7,34073,M,,,34
201400024993,14,4,15,1535,1,2,1,1.0,7,34032,M,4334118.0,319802.0,34
201400024994,14,4,21,1340,1,2,1,1.0,6,34032,M,,,34
201400024995,14,4,28,1710,1,1,1,1.0,1,34032,M,4337128.0,322308.0,34
201400024996,14,5,11,2135,5,2,9,9.0,3,34032,M,,,34
201400024997,14,5,13,1430,1,2,1,9.0,7,34032,M,,,34
201400024998,14,5,14,705,1,2,1,1.0,2,34336,M,,,34
201400024999,14,5,24,1425,1,1,1,9.0,1,34032,M,4331500.0,320551.0,34
201400025000,14,6,1,1410,1,1,1,1.0,3,34032,M,4331422.0,317957.0,34
201400025001,14,6,1,1715,1,1,1,1.0,7,34032,M,4335947.0,317568.0,34
201400025002,14,5,30,2145,5,2,3,1.0,3,34032,M,,,34
201400025003,14,6,26,1045,1,2,3,9.0,3,34032,M,,,34
201400025004,14,6,27,1040,1,2,1,1.0,7,34032,M,,,34
201400025005,14,6,29,1845,1,2,9,1.0,7,34032,M,,,34
201400025006,14,7,16,1105,1,1,1,1.0,2,34336,M,4332055.0,329397.0,34
201400025007,14,7,17,640,2,2,3,1.0,3,34336,M,,,34
201400025008,14,8,11,1505,1,1,1,1.0,2,34032,M,4334577.0,316314.0,34
201400025009,14,8,23,1415,1,2,9,9.0,3,34032,M,,,34
201400025010,14,9,1,725,1,2,6,1.0,7,34032,M,,,34
201400025011,14,9,25,1350,1,2,2,9.0,7,34032,M,,,34
201400025012,14,9,27,1120,1,1,1,1.0,1,34032,M,4333561.0,317779.0,34
201400025013,14,11,1,505,5,1,1,9.0,1,34336,M,4333379.0,328355.0,34
201400025014,14,11,14,810,1,2,1,1.0,6,34032,M,,,34
201400025015,14,11,16,2020,3,1,1,1.0,1,34037,M,,,34
201400025016,14,12,1,1100,1,2,1,1.0,7,34032,M,,,34
201400025017,14,12,4,1310,1,2,1,1.0,7,34032,M,,,34
201400025018,14,12,9,1850,4,2,1,1.0,7,34032,M,4334732.0,325377.0,34
201400025019,14,12,11,2040,5,2,1,1.0,2,34032,M,4334989.0,321841.0,34
201400025020,14,12,29,1845,5,2,1,1.0,7,34032,M,,,34
201400025021,14,1,1,230,5,2,1,2.0,7,34172,M,4360560.0,386481.0,34
201400025022,14,1,1,1400,1,2,6,1.0,3,34172,M,4365069.0,386541.0,34
201400025023,14,1,2,900,1,2,1,1.0,1,34172,M,4362031.0,382232.0,34
201400025024,14,1,2,1200,1,2,2,1.0,3,34172,M,4361026.0,385446.0,34
201400025025,14,1,4,1430,1,2,1,8.0,7,34172,M,4362013.0,382233.0,34
201400025026,14,1,6,1155,1,2,3,1.0,3,34172,M,4359742.0,386418.0,34
201400025027,14,1,6,1220,1,2,1,1.0,3,34172,M,4358961.0,385602.0,34
201400025028,14,1,7,1355,1,2,1,8.0,2,34172,M,4360663.0,389013.0,34
201400025029,14,1,7,1510,1,2,1,8.0,7,34172,M,4361880.0,381818.0,34
201400025030,14,1,8,1510,1,2,2,2.0,3,34172,M,4363433.0,384943.0,34
201400025031,14,1,8,1830,5,2,1,8.0,6,34172,M,4363501.0,386829.0,34
201400025032,14,1,8,2125,5,2,2,1.0,3,34172,M,4361553.0,385632.0,34
201400025033,14,1,9,1700,2,2,3,8.0,6,34172,M,4360616.0,386347.0,34
201400025034,14,1,9,1800,5,2,3,8.0,6,34172,M,4362842.0,388745.0,34
201400025035,14,1,11,418,5,2,1,1.0,1,34172,M,4360708.0,387452.0,34
201400025036,14,1,11,1510,1,2,1,8.0,3,34172,M,4364180.0,381293.0,34
201400025037,14,1,11,2145,5,2,3,1.0,1,34172,M,4360229.0,387010.0,34
201400025038,14,1,13,1745,4,2,1,2.0,3,34172,M,4361668.0,386163.0,34
201400025039,14,1,13,1910,5,2,1,2.0,2,34172,M,4362702.0,389023.0,34
201400025040,14,1,14,730,5,2,1,1.0,6,34198,M,,,34
201400025041,14,1,14,905,1,2,1,1.0,2,34172,M,4362306.0,386323.0,34
201400025042,14,1,15,1545,1,2,3,1.0,7,34172,M,4361989.0,389090.0,34
201400025043,14,1,16,1215,1,2,1,2.0,2,34172,M,4361106.0,387377.0,34
201400025044,14,1,16,1955,5,2,1,1.0,3,34172,M,4363673.0,386727.0,34
201400025045,14,1,17,1735,1,2,1,1.0,2,34172,M,4359688.0,389262.0,34
201400025046,14,1,18,1905,5,2,1,1.0,3,34172,M,4363051.0,382046.0,34
201400025047,14,1,18,1950,5,2,2,1.0,3,34172,M,4360008.0,386809.0,34
201400025048,14,1,18,1225,1,2,1,2.0,3,34172,M,4364229.0,385923.0,34
201400025049,14,1,18,1120,1,2,1,1.0,2,34172,M,4361386.0,382209.0,34
201400025050,14,1,19,1700,1,2,1,8.0,7,34172,M,4362543.0,387076.0,34
201400025051,14,1,20,2150,5,2,2,1.0,3,34172,M,4361632.0,384130.0,34
201400025052,14,1,23,1625,1,2,1,1.0,3,34172,M,4359783.0,390366.0,34
201400025053,14,1,23,1715,1,2,6,1.0,2,34172,M,4363672.0,383079.0,34
201400025054,14,1,24,1455,1,2,1,2.0,6,34172,M,4360747.0,384959.0,34
201400025055,14,1,24,1640,1,2,1,8.0,7,34172,M,4360499.0,387511.0,34
201400025056,14,1,24,2100,5,2,2,1.0,3,34172,M,4360325.0,386782.0,34
201400025057,14,1,25,910,1,2,3,8.0,3,34172,M,4359064.0,388473.0,34
201400025058,14,1,27,820,1,2,3,1.0,3,34172,M,4360657.0,384768.0,34
201400025059,14,1,28,2140,5,2,1,1.0,2,34172,M,4361807.0,384383.0,34
201400025060,14,1,30,1800,5,2,1,1.0,6,34172,M,4363551.0,386955.0,34
201400025061,14,1,31,1510,1,2,2,1.0,3,34172,M,4359938.0,387340.0,34
201400025062,14,2,1,147,5,2,2,1.0,3,34172,M,4360190.0,385352.0,34
201400025063,14,2,2,1445,1,1,1,1.0,5,34172,M,4361442.0,393006.0,34
201400025064,14,2,3,1125,1,2,2,1.0,6,34172,M,4361038.0,389006.0,34
201400025065,14,2,4,800,1,2,3,1.0,1,34172,M,4360590.0,389408.0,34
201400025066,14,2,4,652,2,2,2,1.0,3,34172,M,4360117.0,386772.0,34
201400025067,14,2,4,925,1,2,2,1.0,3,34172,M,4360682.0,389401.0,34
201400025068,14,2,4,1800,5,2,1,1.0,7,34172,M,4360290.0,391750.0,34
201400025069,14,2,5,930,1,2,1,8.0,3,34172,M,4364019.0,381794.0,34
201400025070,14,2,7,1650,1,2,1,1.0,1,34172,M,4363102.0,384626.0,34
201400025071,14,2,11,1404,1,2,1,1.0,6,34172,M,4360637.0,386430.0,34
201400025072,14,2,12,930,1,2,3,1.0,5,34172,M,4362835.0,385967.0,34
201400025073,14,2,12,1600,1,2,1,1.0,6,34172,M,,,34
201400025074,14,2,13,1400,1,2,1,1.0,3,34172,M,4357570.0,387117.0,34
201400025075,14,2,14,1210,1,2,1,1.0,7,34172,M,4359632.0,387647.0,34
201400025076,14,2,14,1350,1,2,3,1.0,3,34172,M,4361267.0,384468.0,34
201400025077,14,2,15,1405,1,2,3,1.0,2,34198,M,4355397.0,396730.0,34
201400025078,14,2,15,1930,5,2,1,1.0,3,34172,M,4359140.0,389110.0,34
201400025079,14,2,16,615,5,2,3,2.0,7,34172,M,4361085.0,383069.0,34
201400025080,14,2,16,1840,3,1,1,8.0,2,34129,M,4357693.0,389726.0,34
201400025081,14,2,17,850,1,2,1,1.0,2,34172,M,4362616.0,387677.0,34
201400025082,14,2,19,1200,1,2,1,1.0,6,34172,M,4359724.0,386406.0,34
201400025083,14,2,20,850,1,2,1,1.0,6,34172,M,4363319.0,387528.0,34
201400025084,14,2,20,1330,1,2,2,1.0,6,34172,M,4360743.0,386708.0,34
201400025085,14,2,21,845,1,2,1,1.0,3,34172,M,4363065.0,387885.0,34
201400025086,14,2,23,2000,5,2,1,1.0,3,34172,M,4361989.0,383239.0,34
201400025087,14,2,24,1030,1,2,3,8.0,3,34172,M,4364128.0,383473.0,34
201400025088,14,2,25,850,1,2,1,2.0,7,34172,M,4360974.0,386308.0,34
201400025089,14,2,26,1040,1,2,2,1.0,3,34172,M,4359938.0,391985.0,34
201400025090,14,2,26,1845,5,2,3,1.0,3,34172,M,4362373.0,381745.0,34
201400025091,14,2,26,2100,5,2,1,1.0,7,34172,M,4359019.0,388227.0,34
201400025092,14,2,27,1525,1,2,2,8.0,3,34172,M,4362952.0,384403.0,34
201400025093,14,2,27,1435,1,2,2,1.0,3,34172,M,4362152.0,386848.0,34
201400025094,14,2,28,2230,5,2,1,1.0,1,34172,M,4361425.0,384932.0,34
201400025095,14,3,2,455,5,2,1,1.0,7,34172,M,4361356.0,388077.0,34
201400025096,14,3,2,1045,1,2,2,1.0,1,34172,M,4359261.0,385262.0,34
201400025097,14,3,2,1635,1,2,1,1.0,2,34129,M,4356431.0,389450.0,34
201400025098,14,3,3,1235,1,2,1,1.0,3,34172,M,4360150.0,387390.0,34
201400025099,14,3,5,1525,1,2,1,1.0,7,34172,M,4361696.0,382014.0,34
201400025100,14,3,5,1155,1,2,2,1.0,1,34172,M,4362613.0,388232.0,34
201400025101,14,3,6,1800,1,2,1,1.0,3,34172,M,4358727.0,385350.0,34
201400025102,14,3,7,1330,1,2,9,1.0,3,34172,M,4361677.0,388511.0,34
201400025103,14,3,7,1840,2,2,1,1.0,7,34172,M,4361078.0,387064.0,34
201400025104,14,3,9,630,5,1,1,1.0,2,34172,M,4361035.0,382255.0,34
201400025105,14,3,10,855,1,2,9,1.0,4,34172,M,4358936.0,385707.0,34
201400025106,14,3,10,1050,1,2,1,1.0,3,34172,M,4362571.0,381302.0,34
201400025107,14,3,14,1145,1,2,1,1.0,4,34172,M,,,34
201400025108,14,3,14,2015,5,1,9,1.0,3,34198,M,4357789.0,393581.0,34
201400025109,14,3,15,1515,1,2,3,1.0,3,34172,M,4361009.0,389992.0,34
201400025110,14,3,15,2125,5,2,2,1.0,3,34172,M,4360083.0,389762.0,34
201400025111,14,3,17,1130,1,2,9,1.0,6,34129,M,4358510.0,388819.0,34
201400025112,14,3,15,1550,1,2,1,1.0,3,34172,M,,,34
201400025113,14,3,18,1145,1,2,3,1.0,6,34172,M,4360664.0,385954.0,34
201400025114,14,3,18,1650,1,2,2,1.0,1,34172,M,4362686.0,386973.0,34
201400025115,14,3,19,810,1,2,1,1.0,1,34172,M,4361332.0,383898.0,34
201400025116,14,3,19,825,1,2,1,1.0,3,34172,M,4362388.0,388871.0,34
201400025117,14,3,19,2045,5,2,1,1.0,2,34172,M,4360068.0,387941.0,34
201400025118,14,3,21,620,5,2,1,8.0,7,34172,M,4359788.0,387435.0,34
201400025119,14,3,22,1038,1,2,1,2.0,7,34172,M,4360870.0,384766.0,34
201400025120,14,3,23,1545,1,2,1,1.0,4,34172,M,4361410.0,382173.0,34
201400025121,14,3,23,2015,5,2,3,1.0,3,34172,M,4358847.0,386962.0,34
201400025122,14,3,24,725,1,2,1,1.0,2,34172,M,4361695.0,386075.0,34
201400025123,14,3,26,1045,1,2,2,1.0,7,34172,M,4360685.0,389247.0,34
201400025124,14,3,27,835,1,2,1,1.0,7,34172,M,4361031.0,385933.0,34
201400025125,14,3,28,1340,1,2,1,1.0,3,34172,M,,,34
201400025126,14,3,28,1520,1,2,1,1.0,2,34172,M,4362644.0,382293.0,34
201400025127,14,3,29,310,5,1,1,1.0,6,34129,M,4358500.0,392082.0,34
201400025128,14,3,29,1100,1,2,3,1.0,7,34172,M,4361101.0,387345.0,34
201400025129,14,3,30,1505,1,2,3,1.0,3,34172,M,4358908.0,388474.0,34
201400025130,14,3,30,1530,1,2,1,1.0,3,34172,M,4361771.0,383875.0,34
201400025131,14,3,31,800,1,2,1,1.0,3,34172,M,4359470.0,382020.0,34
201400025132,14,4,1,1920,1,2,1,1.0,3,34172,M,4359624.0,386566.0,34
201400025133,14,4,2,115,3,1,1,1.0,3,34129,M,4356017.0,392374.0,34
201400025134,14,4,1,1015,1,2,1,2.0,3,34172,M,4362474.0,385178.0,34
201400025135,14,4,1,1150,1,2,1,8.0,7,34172,M,4360841.0,387026.0,34
201400025136,14,4,4,1345,1,2,2,1.0,3,34172,M,4360830.0,390658.0,34
201400025137,14,4,4,1640,1,2,1,1.0,3,34172,M,4362058.0,385823.0,34
201400025138,14,4,6,115,5,2,1,1.0,6,34172,M,4360400.0,391670.0,34
201400025139,14,4,6,1410,1,2,1,1.0,1,34172,M,4364667.0,384442.0,34
201400025140,14,4,9,2230,5,2,4,1.0,7,34172,M,4359508.0,386185.0,34
201400025141,14,4,10,850,1,2,3,1.0,5,34172,M,4362259.0,385461.0,34
201400025142,14,4,10,910,1,2,1,1.0,5,34172,M,4361014.0,383636.0,34
201400025143,14,4,10,1700,1,2,1,1.0,4,34129,M,4356858.0,390415.0,34
201400025144,14,4,11,1300,1,2,1,1.0,7,34172,M,4362555.0,383701.0,34
201400025145,14,4,11,1450,1,2,1,1.0,7,34172,M,4360197.0,384657.0,34
201400025146,14,4,1,1115,1,2,1,1.0,7,34172,M,4360093.0,386809.0,34
201400025147,14,4,12,1455,1,2,2,1.0,3,34172,M,4360924.0,389433.0,34
201400025148,14,4,12,2320,5,2,1,1.0,6,34172,M,,,34
201400025149,14,4,13,1525,1,1,1,1.0,3,34172,M,4359270.0,382017.0,34
201400025150,14,4,14,740,1,2,1,1.0,6,34172,M,4360034.0,387829.0,34
201400025151,14,4,14,915,1,2,1,1.0,4,34172,M,4361884.0,388643.0,34
201400025152,14,4,16,1030,1,2,9,1.0,6,34172,M,4364529.0,385268.0,34
201400025153,14,4,16,1530,1,2,1,1.0,2,34172,M,4361296.0,390538.0,34
201400025154,14,4,16,1650,1,2,1,1.0,6,34172,M,4358167.0,388061.0,34
201400025155,14,4,17,825,1,2,1,1.0,6,34172,M,4359348.0,389631.0,34
201400025156,14,4,17,905,1,2,3,1.0,3,34172,M,4360120.0,388158.0,34
201400025157,14,4,17,2000,1,2,1,1.0,7,34172,M,,,34
201400025158,14,4,18,910,1,2,2,1.0,3,34172,M,4361671.0,386036.0,34
201400025159,14,4,18,1705,1,2,1,1.0,3,34172,M,4360207.0,390043.0,34
201400025160,14,4,22,1120,1,2,1,1.0,7,34172,M,,,34
201400025161,14,4,22,1400,1,2,1,2.0,2,34172,M,4358383.0,387678.0,34
201400025162,14,4,23,850,1,2,3,1.0,5,34172,M,4360493.0,385595.0,34
201400025163,14,4,24,845,1,2,1,1.0,2,34172,M,4361892.0,384769.0,34
201400025164,14,4,25,800,1,2,1,2.0,7,34172,M,4357707.0,386012.0,34
201400025165,14,4,25,1105,1,2,1,2.0,5,34172,M,4360899.0,385483.0,34
201400025166,14,4,26,1900,1,2,1,1.0,5,34172,M,4360883.0,385271.0,34
201400025167,14,4,26,2110,5,2,1,2.0,3,34129,M,4357003.0,389890.0,34
201400025168,14,4,28,1430,1,2,1,1.0,4,34172,M,4359334.0,382082.0,34
201400025169,14,4,28,1745,1,2,3,1.0,3,34172,M,4362550.0,387952.0,34
201400025170,14,5,3,1720,1,2,1,1.0,6,34172,M,4361438.0,388382.0,34
201400025171,14,5,4,2115,5,2,1,1.0,7,34172,M,4360800.0,392504.0,34
201400025172,14,5,5,825,1,1,1,1.0,7,34129,M,4358113.0,389985.0,34
201400025173,14,5,4,1130,1,1,1,1.0,7,34129,M,4355033.0,389759.0,34
201400025174,14,5,6,930,1,2,1,8.0,2,34172,M,4358419.0,384852.0,34
201400025175,14,5,6,1420,1,2,1,1.0,2,34172,M,4363650.0,384456.0,34
201400025176,14,5,6,1430,1,2,1,8.0,3,34172,M,4361484.0,389790.0,34
201400025177,14,5,8,1500,1,2,1,8.0,7,34172,M,4362638.0,388531.0,34
201400025178,14,5,9,1340,1,2,1,1.0,2,34172,M,4360850.0,386178.0,34
201400025179,14,5,9,1342,1,2,1,1.0,2,34172,M,4359518.0,383766.0,34
201400025180,14,5,9,1605,1,2,4,1.0,3,34172,M,4360475.0,388245.0,34
201400025181,14,5,10,1115,1,2,3,1.0,2,34172,M,4363070.0,382217.0,34
201400025182,14,5,11,1515,1,2,1,1.0,3,34172,M,4360539.0,386078.0,34
201400025183,14,5,12,1620,1,2,1,1.0,6,34172,M,4360501.0,386483.0,34
201400025184,14,5,14,900,1,2,1,1.0,2,34172,M,4360940.0,390907.0,34
201400025185,14,5,14,1415,1,2,1,1.0,2,34172,M,4361751.0,384322.0,34
201400025186,14,5,14,1750,1,2,2,1.0,3,34172,M,4360030.0,387822.0,34
201400025187,14,5,15,825,1,2,7,1.0,3,34172,M,4362993.0,386989.0,34
201400025188,14,5,15,1210,1,2,1,1.0,3,34172,M,4359830.0,390338.0,34
201400025189,14,5,16,2110,5,2,2,1.0,3,34172,M,,,34
201400025190,14,5,16,100,5,2,1,1.0,6,34172,M,,,34
201400025191,14,5,16,1200,1,2,3,1.0,2,34172,M,4360143.0,387382.0,34
201400025192,14,5,16,1305,1,2,1,1.0,7,34172,M,4360284.0,393776.0,34
201400025193,14,5,16,1520,1,2,1,1.0,7,34172,M,4359385.0,388996.0,34
201400025194,14,5,17,1230,1,2,1,1.0,3,34172,M,4359132.0,388489.0,34
201400025195,14,5,18,1710,1,2,1,1.0,6,34172,M,4360962.0,388083.0,34
201400025196,14,5,19,1000,1,2,1,2.0,3,34172,M,4363327.0,386025.0,34
201400025197,14,5,20,1150,1,2,1,8.0,2,34172,M,4359746.0,389284.0,34
201400025198,14,5,20,1545,1,2,1,8.0,6,34172,M,4359083.0,385729.0,34
201400025199,14,5,22,410,5,2,1,2.0,7,34172,M,4359505.0,390553.0,34
201400025200,14,5,23,130,5,2,1,1.0,7,34172,M,4360313.0,391341.0,34
201400025201,14,5,23,1305,1,2,3,1.0,3,34172,M,4361830.0,389741.0,34
201400025202,14,5,23,1850,1,2,1,8.0,3,34172,M,4358214.0,388603.0,34
201400025203,14,5,23,1550,1,2,1,1.0,6,34172,M,4363524.0,381303.0,34
201400025204,14,5,25,935,1,2,3,1.0,3,34172,M,4360032.0,386743.0,34
201400025205,14,5,25,1450,1,2,1,8.0,6,34172,M,4360019.0,384832.0,34
201400025206,14,5,25,1830,1,2,1,1.0,1,34172,M,4363969.0,381857.0,34
201400025207,14,5,27,1700,1,2,1,8.0,6,34172,M,4359260.0,388513.0,34
201400025208,14,5,27,1825,1,2,1,1.0,3,34129,M,4357159.0,390636.0,34
201400025209,14,5,28,705,1,2,1,1.0,7,34172,M,4360368.0,387878.0,34
201400025210,14,5,29,120,5,2,1,1.0,7,34172,M,4360058.0,387320.0,34
201400025211,14,5,30,1845,1,2,1,8.0,1,34172,M,4361143.0,382743.0,34
201400025212,14,5,30,2105,4,2,1,2.0,3,34172,M,4359972.0,387533.0,34
201400025213,14,6,1,1610,1,2,2,1.0,3,34172,M,4359740.0,386424.0,34
201400025214,14,6,1,2000,1,2,6,1.0,2,34172,M,4360810.0,385871.0,34
201400025215,14,6,2,800,1,2,1,1.0,6,34172,M,4361625.0,387465.0,34
201400025216,14,6,2,1700,1,2,1,1.0,3,34172,M,4362342.0,383394.0,34
201400025217,14,6,4,415,4,2,2,1.0,6,34172,M,4359927.0,389388.0,34
201400025218,14,6,5,200,3,1,1,1.0,6,34198,M,4360077.0,393828.0,34
201400025219,14,6,7,1230,1,2,1,1.0,3,34172,M,,,34
201400025220,14,6,10,2120,2,2,2,1.0,3,34172,M,4363387.0,383237.0,34
201400025221,14,6,11,1345,1,2,1,1.0,6,34172,M,4360764.0,386715.0,34
201400025222,14,6,15,100,5,2,2,1.0,3,34172,M,4362147.0,386854.0,34
201400025223,14,6,15,1930,1,2,1,1.0,6,34172,M,,,34
201400025224,14,6,16,1430,1,2,1,1.0,2,34172,M,4363178.0,384227.0,34
201400025225,14,6,16,1725,1,2,1,1.0,3,34172,M,4361460.0,382951.0,34
201400025226,14,6,17,1015,1,2,3,1.0,3,34172,M,4360089.0,389771.0,34
201400025227,14,6,20,1255,1,2,1,1.0,2,34172,M,4360750.0,389859.0,34
201400025228,14,6,20,1450,1,2,3,1.0,2,34172,M,4362511.0,384130.0,34
201400025229,14,6,23,50,5,2,6,1.0,6,34129,M,4357565.0,391142.0,34
201400025230,14,6,23,1830,1,2,1,1.0,3,34172,M,4359328.0,385189.0,34
201400025231,14,6,27,1510,1,2,3,1.0,3,34172,M,4360076.0,389752.0,34
201400025232,14,6,24,1700,1,2,1,1.0,6,34172,M,4363637.0,382704.0,34
201400025233,14,6,24,1915,1,2,1,1.0,6,34172,M,4361608.0,383604.0,34
201400025234,14,6,25,1200,1,2,1,1.0,6,34172,M,4361506.0,383061.0,34
201400025235,14,6,25,1710,1,1,1,8.0,2,34172,M,4359335.0,382061.0,34
201400025236,14,6,26,1510,1,2,1,1.0,6,34172,M,4361402.0,388305.0,34
201400025237,14,6,26,1445,1,2,1,1.0,1,34172,M,4364100.0,384640.0,34
201400025238,14,6,26,1830,1,2,6,1.0,5,34172,M,4360244.0,390093.0,34
201400025239,14,6,26,2240,5,2,2,1.0,3,34172,M,4360591.0,389405.0,34
201400025240,14,6,27,1700,1,2,3,1.0,3,34172,M,4361135.0,382801.0,34
201400025241,14,6,27,1955,1,2,1,1.0,7,34172,M,4361610.0,387481.0,34
201400025242,14,6,30,1820,1,2,1,1.0,3,34172,M,4359699.0,387777.0,34