Num_Acc,an,mois,jour,hrmn,lum,agg,int,atm,col,com,gps,lat,long,dep
201400025243,14,7,1,1420,1,2,1,8.0,3,34172,M,4362020.0,381787.0,34
201400025244,14,7,2,1830,1,1,1,1.0,3,34129,M,4357886.0,388435.0,34
201400025245,14,7,3,730,1,2,1,1.0,6,34172,M,4360189.0,388490.0,34
201400025246,14,7,4,2115,5,2,2,1.0,3,34172,M,4359742.0,386419.0,34
201400025247,14,7,5,1620,1,2,1,1.0,6,34172,M,,,34
201400025248,14,7,6,2200,3,1,1,8.0,3,34154,M,4359946.0,393972.0,34
201400025249,14,7,7,1450,1,2,1,8.0,2,34172,M,4361840.0,388678.0,34
201400025250,14,7,8,1730,1,2,3,1.0,3,34172,M,4361956.0,386062.0,34
201400025251,14,7,9,830,1,2,9,1.0,6,34172,M,,,34
201400025252,14,7,9,1130,1,2,1,1.0,6,34172,M,,,34
201400025253,14,7,10,1435,1,2,3,1.0,3,34172,M,4360274.0,387092.0,34
201400025254,14,7,11,1905,1,2,1,1.0,6,34172,M,4364134.0,383463.0,34
201400025255,14,7,12,1550,1,2,1,1.0,6,34172,M,4360825.0,386868.0,34
201400025256,14,7,13,1320,1,2,1,1.0,1,34172,M,,,34
201400025257,14,7,13,1500,1,2,2,1.0,3,34172,M,,,34
201400025258,14,7,15,1255,1,2,1,1.0,3,34172,M,4361050.0,383893.0,34
201400025259,14,7,15,1640,1,2,1,1.0,7,34172,M,4360934.0,386649.0,34
201400025260,14,7,15,1750,1,2,1,1.0,1,34172,M,4361954.0,386068.0,34
201400025261,14,7,16,911,1,2,4,1.0,6,34172,M,4361089.0,387417.0,34
201400025262,14,7,17,1600,1,2,2,1.0,3,34172,M,4360836.0,390658.0,34
201400025263,14,7,18,1630,1,2,3,1.0,3,34172,M,4361506.0,382401.0,34
201400025264,14,7,20,1350,1,2,1,1.0,6,34172,M,4361730.0,381719.0,34
201400025265,14,7,20,1740,1,2,1,1.0,3,34172,M,4360110.0,386693.0,34
201400025266,14,7,21,1300,1,2,1,1.0,2,34172,M,4359909.0,386114.0,34
201400025267,14,7,22,1340,1,2,2,1.0,3,34172,M,4358911.0,388490.0,34
201400025268,14,7,22,1630,1,2,2,1.0,1,34172,M,4362398.0,386222.0,34
201400025269,14,7,23,1445,1,2,9,1.0,3,34172,M,,,34
201400025270,14,7,23,1900,1,2,9,1.0,3,34172,M,4361077.0,384868.0,34
201400025271,14,7,24,1050,1,2,1,1.0,7,34172,M,4361015.0,387719.0,34
201400025272,14,7,26,950,1,2,3,1.0,3,34172,M,4360472.0,386953.0,34
201400025273,14,7,27,1830,1,2,2,1.0,1,34172,M,4362262.0,385458.0,34
201400025274,14,7,26,1950,1,2,2,1.0,3,34172,M,4360836.0,390659.0,34
201400025275,14,7,29,1920,1,2,6,1.0,3,34172,M,4358224.0,387979.0,34
201400025276,14,7,30,2150,3,1,1,1.0,4,34129,M,4356476.0,389455.0,34
201400025277,14,7,31,832,1,2,1,1.0,2,34172,M,4358874.0,389021.0,34
201400025278,14,7,31,1720,1,2,1,1.0,7,34172,M,4359034.0,385585.0,34
201400025279,14,8,1,545,2,1,1,1.0,6,34198,M,4357387.0,395295.0,34
201400025280,14,8,1,845,1,2,1,1.0,4,34172,M,4360896.0,385465.0,34
201400025281,14,8,1,1850,1,2,9,1.0,3,34172,M,4363506.0,384416.0,34
201400025282,14,8,5,940,1,2,2,1.0,3,34172,M,4359478.0,389056.0,34
201400025283,14,8,5,1635,1,2,1,1.0,2,34172,M,4364101.0,384663.0,34
201400025284,14,8,7,800,1,2,1,1.0,1,34172,M,,,34
201400025285,14,8,8,220,3,2,1,1.0,2,34129,M,4355549.0,389300.0,34
201400025286,14,8,8,840,1,2,3,1.0,1,34172,M,4361375.0,390579.0,34
201400025287,14,8,8,1500,1,2,1,1.0,7,34172,M,4361599.0,382031.0,34
201400025288,14,8,10,700,2,2,1,8.0,6,34172,M,4364359.0,384431.0,34
201400025289,14,8,12,1400,1,2,1,1.0,3,34172,M,4360342.0,388668.0,34
201400025290,14,8,12,1650,1,2,1,1.0,4,34172,M,4360766.0,391578.0,34
201400025291,14,8,14,540,5,2,1,1.0,7,34172,M,4363958.0,384739.0,34
201400025292,14,8,14,920,1,2,3,1.0,3,34172,M,4360051.0,387885.0,34
201400025293,14,8,14,920,1,1,1,1.0,7,34129,M,4355648.0,385463.0,34
201400025294,14,8,13,1815,1,2,1,1.0,7,34172,M,4363137.0,382218.0,34
201400025295,14,8,16,1435,1,2,1,1.0,2,34172,M,4360225.0,389520.0,34
201400025296,14,8,16,1650,1,2,2,1.0,3,34172,M,4358527.0,388212.0,34
201400025297,14,8,18,2030,2,2,2,1.0,3,34172,M,4359743.0,386414.0,34
201400025298,14,8,19,1825,1,2,1,1.0,3,34172,M,4360550.0,386483.0,34
201400025299,14,8,20,1830,1,2,1,1.0,2,34172,M,4358520.0,386000.0,34
201400025300,14,8,23,10,5,2,1,1.0,1,34172,M,4362001.0,385031.0,34
201400025301,14,8,23,1225,1,2,1,1.0,1,34172,M,4361025.0,390651.0,34
201400025302,14,8,24,1040,1,2,1,1.0,6,34172,M,4359983.0,387614.0,34
201400025303,14,8,20,1840,1,2,2,1.0,7,34172,M,4362622.0,388426.0,34
201400025304,14,8,27,1530,1,2,2,1.0,3,34172,M,4361280.0,386741.0,34
201400025305,14,8,28,855,1,2,1,1.0,2,34172,M,4360390.0,386523.0,34
201400025306,14,8,29,640,2,2,1,1.0,3,34172,M,4358527.0,388217.0,34
201400025307,14,8,29,1505,1,2,1,1.0,3,34172,M,4360045.0,387553.0,34
201400025308,14,8,29,1550,1,2,1,1.0,3,34172,M,4361005.0,383657.0,34
201400025309,14,8,29,1740,1,2,1,1.0,2,34172,M,4359818.0,388851.0,34
201400025310,14,8,29,1806,1,2,1,1.0,2,34172,M,4357693.0,387402.0,34
201400025311,14,8,31,530,5,2,1,1.0,6,34172,M,4359556.0,390526.0,34
201400025312,14,8,31,1000,1,2,1,1.0,3,34172,M,4357637.0,387419.0,34
201400025313,14,8,31,1825,1,1,1,1.0,3,34129,M,4357667.0,387323.0,34
201400025314,14,9,2,1543,1,2,1,1.0,3,34172,M,4360004.0,386708.0,34
201400025315,14,9,2,2240,5,2,5,1.0,3,34172,M,4363842.0,384762.0,34
201400025316,14,9,3,1315,1,2,3,1.0,3,34129,M,4357401.0,390525.0,34
201400025317,14,9,3,1745,1,2,1,1.0,3,34172,M,4360626.0,388403.0,34
201400025318,14,9,4,730,1,1,1,1.0,7,34129,M,4354729.0,385858.0,34
201400025319,14,9,6,610,5,2,2,1.0,1,34172,M,4359738.0,386417.0,34
201400025320,14,9,6,1050,1,2,1,1.0,3,34172,M,4362667.0,386801.0,34
201400025321,14,9,6,2000,1,2,3,1.0,3,34172,M,4361999.0,381733.0,34
201400025322,14,9,7,1545,1,2,2,1.0,3,34172,M,4362699.0,382185.0,34
201400025323,14,9,8,1425,1,2,1,8.0,7,34172,M,4358637.0,388900.0,34
201400025324,14,9,8,1935,2,2,1,2.0,7,34172,M,4360552.0,386481.0,34
201400025325,14,9,8,1940,2,2,1,2.0,7,34172,M,4360839.0,382059.0,34
201400025326,14,9,9,1715,1,2,1,1.0,4,34172,M,,,34
201400025327,14,9,9,1820,1,2,1,1.0,2,34172,M,4363658.0,384775.0,34
201400025328,14,9,7,1500,1,2,1,1.0,6,34129,M,4358439.0,390871.0,34
201400025329,14,9,10,1040,1,2,1,1.0,7,34172,M,4360847.0,386166.0,34
201400025330,14,9,6,624,2,2,1,1.0,6,34172,M,4360505.0,387922.0,34
201400025331,14,9,10,1705,1,2,1,1.0,2,34172,M,4359656.0,384526.0,34
201400025332,14,9,10,2335,3,1,1,1.0,6,34172,M,4359962.0,393942.0,34
201400025333,14,9,11,1740,1,2,2,1.0,3,34172,M,4364462.0,384165.0,34
201400025334,14,9,11,2020,5,2,3,1.0,3,34172,M,4360622.0,386361.0,34
201400025335,14,9,12,845,1,2,1,1.0,3,34172,M,4361200.0,383898.0,34
201400025336,14,9,12,2150,5,2,3,1.0,3,34172,M,4362580.0,381755.0,34
201400025337,14,9,15,1500,1,2,1,1.0,5,34172,M,4361385.0,382351.0,34
201400025338,14,9,15,1600,1,2,1,1.0,2,34172,M,4361918.0,388790.0,34
201400025339,14,9,17,905,1,2,1,8.0,6,34172,M,4360514.0,385928.0,34
201400025340,14,9,17,927,1,2,1,8.0,3,34172,M,4362602.0,388240.0,34
201400025341,14,9,17,1130,1,2,1,8.0,6,34198,M,4355173.0,396888.0,34
201400025342,14,9,17,1240,1,2,1,1.0,4,34172,M,4361950.0,386551.0,34
201400025343,14,9,17,1430,1,2,1,2.0,6,34172,M,4362093.0,385824.0,34
201400025344,14,9,17,1900,1,2,3,1.0,3,34172,M,4360318.0,389872.0,34
201400025345,14,9,17,1700,1,2,9,2.0,3,34172,M,4365042.0,386580.0,34
201400025346,14,9,18,1725,1,2,1,1.0,6,34172,M,4361926.0,388905.0,34
201400025347,14,9,22,1415,1,2,1,1.0,5,34172,M,4361986.0,386537.0,34
201400025348,14,9,22,1335,1,2,1,1.0,3,34172,M,4361364.0,383990.0,34
201400025349,14,9,22,1455,1,2,1,1.0,6,34172,M,4364589.0,384044.0,34
201400025350,14,9,22,1625,1,2,1,1.0,2,34172,M,4361518.0,387790.0,34
201400025351,14,9,23,1745,1,2,6,2.0,2,34172,M,4363743.0,383109.0,34
201400025352,14,9,23,2150,5,2,1,2.0,6,34172,M,4358895.0,389074.0,34
201400025353,14,9,25,1520,1,2,1,1.0,3,34172,M,4362499.0,385097.0,34
201400025354,14,9,26,110,5,2,1,1.0,3,34172,M,4360423.0,386509.0,34
201400025355,14,9,27,2205,5,2,1,1.0,6,34172,M,4362640.0,386644.0,34
201400025356,14,9,27,2327,5,2,1,1.0,3,34172,M,4363066.0,387884.0,34
201400025357,14,9,28,650,4,1,1,1.0,7,34129,M,4358344.0,392386.0,34
201400025358,14,10,1,425,5,2,1,1.0,7,34172,M,4359528.0,390550.0,34
201400025359,14,9,30,1950,5,2,2,1.0,1,34172,M,4361273.0,384474.0,34
201400025360,14,10,3,1950,5,2,1,1.0,3,34172,M,4357511.0,385686.0,34
201400025361,14,10,4,1950,5,2,1,1.0,3,34172,M,4359303.0,385220.0,34
201400025362,14,10,6,1955,3,2,2,2.0,3,34172,M,4362074.0,387718.0,34
201400025363,14,10,7,910,1,2,3,8.0,7,34172,M,4362193.0,390882.0,34
201400025364,14,10,8,945,1,2,3,1.0,3,34198,M,4357777.0,393554.0,34
201400025365,14,10,8,1820,2,2,1,1.0,7,34172,M,4360007.0,384062.0,34
201400025366,14,10,10,2200,5,2,3,1.0,3,34172,M,,,34
201400025367,14,10,11,1410,1,2,3,7.0,1,34172,M,4359077.0,388169.0,34
201400025368,14,10,11,1744,1,2,1,1.0,3,34172,M,4361696.0,384213.0,34
201400025369,14,10,12,740,2,2,1,8.0,4,34172,M,4360869.0,386095.0,34
201400025370,14,10,13,1810,1,2,2,1.0,3,34172,M,4362614.0,387722.0,34
201400025371,14,10,13,2020,5,2,1,1.0,7,34172,M,4360815.0,387344.0,34
201400025372,14,10,14,1740,1,2,1,1.0,7,34172,M,,,34
201400025373,14,10,17,445,5,2,2,1.0,3,34172,M,4359898.0,389375.0,34
201400025374,14,10,17,1810,1,2,1,1.0,6,34172,M,4362601.0,388270.0,34
201400025375,14,10,17,2039,5,2,6,1.0,3,34172,M,,,34
201400025376,14,10,17,2030,5,2,1,1.0,3,34198,M,,,34
201400025377,14,10,19,1710,1,2,1,1.0,7,34172,M,4361484.0,382758.0,34
201400025378,14,10,22,20,5,2,1,1.0,3,34172,M,4361996.0,385113.0,34
201400025379,14,10,24,1230,1,2,2,1.0,6,34172,M,4363455.0,387331.0,34
201400025380,14,10,24,1030,1,2,9,1.0,3,34172,M,4361228.0,384522.0,34
201400025381,14,10,24,1415,1,2,2,1.0,3,34172,M,4361220.0,390706.0,34
201400025382,14,10,26,1545,1,2,1,1.0,7,34172,M,,,34
201400025383,14,10,28,1145,1,2,1,1.0,2,34172,M,,,34
201400025384,14,10,30,1400,1,2,1,1.0,6,34172,M,4361127.0,389478.0,34
201400025385,14,10,30,1530,1,2,1,1.0,6,34172,M,4361051.0,388058.0,34
201400025386,14,10,30,1615,1,2,1,1.0,3,34172,M,4359813.0,389330.0,34
201400025387,14,11,1,930,1,2,2,8.0,6,34172,M,4361238.0,386457.0,34
201400025388,14,11,1,1710,1,2,1,8.0,3,34172,M,4362957.0,381949.0,34
201400025389,14,11,4,815,1,2,1,8.0,3,34172,M,4362894.0,388072.0,34
201400025390,14,11,5,1930,5,2,1,1.0,2,34172,M,4362697.0,389001.0,34
201400025391,14,11,6,1025,1,2,9,7.0,3,34172,M,4363233.0,385175.0,34
201400025392,14,11,7,1250,1,2,3,1.0,2,34172,M,4363744.0,382080.0,34
201400025393,14,11,7,1555,1,2,1,1.0,6,34172,M,4359158.0,385392.0,34
201400025394,14,11,8,1845,3,1,1,1.0,6,34198,M,4360068.0,393926.0,34
201400025395,14,11,10,1800,5,2,1,1.0,3,34198,M,4357042.0,394574.0,34
201400025396,14,11,10,2000,5,2,1,2.0,3,34172,M,4362509.0,381560.0,34
201400025397,14,11,11,700,1,2,1,1.0,2,34172,M,4362903.0,388061.0,34
201400025398,14,11,15,145,5,2,1,1.0,6,34172,M,4360334.0,389188.0,34
201400025399,14,11,18,2140,5,2,1,1.0,3,34172,M,4359893.0,386597.0,34
201400025400,14,11,21,325,5,2,1,1.0,1,34172,M,4360754.0,383808.0,34
201400025401,14,11,22,1630,1,1,1,8.0,3,34129,M,4358380.0,392311.0,34
201400025402,14,11,20,1445,1,2,3,1.0,3,34172,M,4361616.0,391037.0,34
201400025403,14,11,26,1515,1,1,9,2.0,3,34172,M,4358809.0,389237.0,34
201400025404,14,11,27,1510,1,2,1,8.0,4,34172,M,4358558.0,388835.0,34
201400025405,14,11,30,550,5,2,3,8.0,6,34172,M,4359147.0,388241.0,34
201400025406,14,12,2,800,1,2,2,1.0,3,34172,M,,,34
201400025407,14,12,4,1801,5,2,1,1.0,6,34172,M,4362931.0,386985.0,34
201400025408,14,12,6,710,5,2,9,3.0,6,34172,M,4361158.0,384628.0,34
201400025409,14,12,7,1750,5,2,2,1.0,1,34172,M,4360018.0,384420.0,34
201400025410,14,12,8,1450,1,2,1,8.0,3,34172,M,4361369.0,383927.0,34
201400025411,14,12,9,1740,5,2,1,1.0,3,34172,M,4359676.0,388708.0,34
201400025412,14,12,10,1830,5,2,9,1.0,2,34172,M,4359018.0,385569.0,34
201400025413,14,12,11,1810,5,2,1,1.0,6,34172,M,4360528.0,387526.0,34
201400025414,14,12,13,1720,5,2,2,8.0,3,34172,M,4360020.0,384420.0,34
201400025415,14,12,14,110,5,2,1,1.0,1,34172,M,4359530.0,388824.0,34
201400025416,14,12,14,1455,1,1,1,8.0,4,34129,M,4357480.0,392285.0,34
201400025417,14,12,16,2315,3,1,1,1.0,3,34129,M,4356356.0,386795.0,34
201400025418,14,12,16,805,1,1,1,8.0,3,34172,M,4362400.0,382486.0,34
201400025419,14,12,16,2145,5,2,1,1.0,3,34172,M,4360080.0,389757.0,34
201400025420,14,12,18,900,1,2,9,1.0,3,34172,M,4361837.0,386338.0,34
201400025421,14,12,9,1205,1,2,1,1.0,7,34172,M,4360656.0,386728.0,34
201400025422,14,12,19,750,1,2,9,1.0,6,34172,M,4360176.0,385688.0,34
201400025423,14,12,19,1420,1,2,1,1.0,5,34172,M,4360932.0,389884.0,34
201400025424,14,12,2,1730,5,2,1,1.0,6,34172,M,4361861.0,384608.0,34
201400025425,14,12,22,1400,1,1,1,1.0,5,34129,M,4358907.0,393280.0,34
201400025426,14,12,23,1855,5,2,1,1.0,6,34172,M,,,34
201400025427,14,12,24,1225,1,2,3,1.0,3,34129,M,4358820.0,393125.0,34
201400025428,14,12,26,1445,1,2,1,1.0,2,34172,M,4359076.0,389738.0,34
201400025429,14,12,27,2220,5,2,1,1.0,7,34172,M,4363751.0,381731.0,34
201400025430,14,1,3,2125,5,2,1,2.0,7,34301,M,,,34
201400025431,14,1,5,2125,3,1,1,1.0,1,34301,M,4332788.0,356664.0,34
201400025432,14,1,17,1645,1,2,1,1.0,3,34301,M,4340171.0,366161.0,34
201400025433,14,2,5,1410,1,2,3,2.0,3,34301,M,,,34
201400025434,14,2,6,1220,1,1,1,1.0,7,34108,M,4346474.0,376659.0,34
201400025435,14,2,10,734,2,2,3,1.0,7,34108,M,,,34
201400025436,14,2,11,1100,1,1,1,1.0,3,34108,M,4344670.0,376264.0,34
201400025437,14,2,17,530,3,1,1,2.0,5,34108,M,,,34
201400025438,14,2,17,1220,1,2,4,1.0,5,34301,M,,,34
201400025439,14,2,19,350,3,2,1,1.0,7,34301,M,,,34
201400025440,14,2,23,1600,1,2,2,1.0,5,34301,M,,,34
201400025441,14,2,26,1800,1,2,1,1.0,1,34301,M,4339298.0,369157.0,34
201400025442,14,3,10,45,5,2,1,1.0,2,34301,M,,,34
201400025443,14,3,7,1055,1,2,1,1.0,7,34301,M,,,34
201400025444,14,3,10,1718,1,2,1,1.0,7,34301,M,,,34
201400025445,14,3,21,2300,5,2,1,1.0,3,34301,M,,,34
201400025446,14,3,22,1500,1,2,3,1.0,3,34301,M,,,34
201400025447,14,4,2,20,5,2,1,1.0,7,34301,M,4339533.0,365990.0,34
201400025448,14,4,12,1700,1,2,1,1.0,3,34301,M,,,34
201400025449,14,4,12,1915,1,1,3,1.0,3,34108,M,4343346.0,370233.0,34
201400025450,14,4,15,1725,1,2,1,1.0,7,34301,M,,,34
201400025451,14,4,19,1715,1,2,1,1.0,1,34301,M,,,34
201400025452,14,4,23,715,1,2,3,2.0,3,34108,M,,,34
201400025453,14,5,10,1030,1,2,1,1.0,7,34301,M,4341594.0,366874.0,34
201400025454,14,5,13,1320,1,2,1,1.0,7,34301,M,4341133.0,366981.0,34
201400025455,14,5,19,1715,1,2,1,2.0,5,34301,M,4340756.0,366819.0,34
201400025456,14,5,21,1410,1,2,3,1.0,3,34301,M,4340842.0,368479.0,34
201400025457,14,5,31,1615,1,2,3,1.0,1,34301,M,,,34
201400025458,14,6,2,1315,1,2,1,1.0,4,34301,M,4339377.0,368035.0,34
201400025459,14,6,3,1315,1,1,1,1.0,1,34301,M,4335526.0,359637.0,34
201400025460,14,6,10,1815,1,2,3,1.0,3,34301,M,,,34
201400025461,14,6,11,1510,1,2,1,1.0,5,34301,M,,,34
201400025462,14,6,15,530,3,1,1,1.0,2,34301,M,4341473.0,369896.0,34
201400025463,14,6,21,1058,1,2,1,1.0,3,34301,M,,,34
201400025464,14,7,2,2030,1,2,1,1.0,2,34301,M,,,34
201400025465,14,7,5,915,1,2,1,1.0,7,34301,M,,,34
201400025466,14,7,12,1105,1,2,1,1.0,3,34301,M,,,34
201400025467,14,7,21,20,3,1,1,1.0,7,34301,M,4340787.0,370082.0,34
201400025468,14,7,27,320,3,2,1,1.0,6,34301,M,,,34
201400025469,14,8,5,2335,5,2,1,1.0,3,34301,M,,,34
201400025470,14,8,9,2340,5,2,1,1.0,3,34301,M,,,34
201400025471,14,8,12,1540,1,2,3,1.0,5,34301,M,,,34
201400025472,14,8,22,2340,5,2,1,2.0,7,34108,M,,,34
201400025473,14,8,23,350,5,2,1,1.0,7,34301,M,,,34
201400025474,14,9,3,155,3,2,1,1.0,2,34108,M,4343762.0,378247.0,34
201400025475,14,9,27,1330,1,2,3,1.0,3,34108,M,,,34
201400025476,14,9,28,100,5,2,1,1.0,7,34301,M,,,34
201400025477,14,10,2,1730,1,2,1,1.0,2,34301,M,,,34
201400025478,14,10,7,2315,3,1,1,1.0,1,34108,M,,,34
201400025479,14,10,7,2230,5,2,1,1.0,6,34301,M,,,34
201400025480,14,10,7,2030,3,1,1,1.0,2,34301,M,4341388.0,369644.0,34
201400025481,14,10,9,833,1,1,1,1.0,5,34301,M,,,34
201400025482,14,10,27,900,1,1,1,1.0,5,34108,M,,,34
201400025483,14,11,6,20,5,2,1,1.0,2,34301,M,,,34
201400025484,14,11,30,1015,1,2,1,1.0,3,34301,M,,,34
201400025485,14,12,10,30,5,2,1,1.0,2,34301,M,,,34
201400025486,14,12,20,1400,1,2,1,1.0,6,34108,M,,,34
201400025487,14,1,3,1650,1,2,1,1.0,6,35115,M,4835728.0,-120456.0,35
201400025488,14,12,2,1945,5,2,6,8.0,3,35115,M,4836579.0,-118781.0,35
201400025489,14,1,17,1810,3,1,1,8.0,3,35150,M,4836581.0,-123129.0,35
201400025490,14,1,16,715,5,2,1,1.0,3,35115,M,4835651.0,-120502.0,35
201400025491,14,1,24,1625,1,2,1,8.0,6,35115,M,4834989.0,-119589.0,35
201400025492,14,1,28,820,2,2,2,1.0,6,35115,M,4835521.0,-119221.0,35
201400025493,14,2,1,1025,1,2,6,1.0,6,35115,M,4836591.0,-118580.0,35
201400025494,14,3,21,1235,1,2,1,1.0,3,35115,M,4836239.0,-120948.0,35
201400025495,14,3,31,1623,1,2,1,1.0,3,35150,M,4836202.0,-122532.0,35
201400025496,14,5,31,1535,1,2,1,1.0,2,35150,M,4835246.0,-122539.0,35
201400025497,14,6,19,1620,1,1,1,1.0,1,35150,M,,,35
201400025498,14,7,11,1145,1,1,1,1.0,6,35115,M,4836855.0,-119248.0,35
201400025499,14,8,7,1115,1,2,1,1.0,7,35115,M,,,35
201400025500,14,9,1,440,5,2,1,1.0,6,35115,M,4835042.0,-120152.0,35
201400025501,14,9,8,1750,1,1,1,1.0,3,35150,M,,,35
201400025502,14,7,28,1730,1,2,1,1.0,6,35115,M,4836251.0,-121086.0,35
201400025503,14,9,10,1220,1,2,3,1.0,3,35115,M,4835116.0,-120098.0,35
201400025504,14,10,10,1925,2,2,2,1.0,3,35115,M,4834508.0,-119266.0,35
201400025505,14,10,10,2020,5,2,7,1.0,6,35115,M,4834497.0,-119058.0,35
201400025506,14,11,21,1930,5,2,1,1.0,3,35115,M,4835724.0,-119624.0,35
201400025507,14,12,8,945,1,2,2,3.0,3,35115,M,4835525.0,-119411.0,35
201400025508,14,6,13,2215,5,2,6,1.0,6,35115,M,4835489.0,-119862.0,35
201400025509,14,12,16,1745,5,2,1,2.0,6,35115,M,4835732.0,-119588.0,35
201400025510,14,12,27,1100,1,2,1,7.0,7,35115,M,4834850.0,-119386.0,35
201400025511,14,1,2,1920,5,2,1,1.0,7,35278,M,4814699.0,-168350.0,35
201400025512,14,1,3,1815,3,2,5,2.0,6,35238,M,4812380.0,-171757.0,35
201400025513,14,1,5,1650,1,2,1,2.0,7,35051,M,,,35
201400025514,14,1,6,940,1,1,9,8.0,7,35278,M,,,35
201400025515,14,1,6,945,1,2,3,8.0,3,35238,M,4810220.0,-166716.0,35
201400025516,14,1,7,1000,1,2,1,7.0,6,35238,M,4812660.0,-166959.0,35
201400025517,14,1,8,735,5,2,2,2.0,3,35238,M,4812470.0,-170307.0,35
201400025518,14,1,8,1150,1,2,5,8.0,2,35238,M,4808380.0,-164304.0,35
201400025519,14,1,8,1545,1,2,5,8.0,6,35238,M,4811900.0,-164996.0,35
201400025520,14,1,8,2105,5,2,3,1.0,3,35238,M,4809140.0,-166493.0,35
201400025521,14,1,9,730,3,2,1,1.0,2,35238,M,4814149.0,-167069.0,35
201400025522,14,1,9,1210,1,2,3,1.0,3,35238,M,4810660.0,-173072.0,35
201400025523,14,1,9,1325,1,2,3,1.0,3,35238,M,4808690.0,-169164.0,35
201400025524,14,1,9,1530,1,2,6,1.0,6,35238,M,4812770.0,-165209.0,35
201400025525,14,1,10,1010,1,2,5,1.0,6,35238,M,4812070.0,-171905.0,35
201400025526,14,1,10,2005,5,2,2,2.0,6,35238,M,4812480.0,-166712.0,35
201400025527,14,1,11,2105,1,2,1,1.0,6,35051,M,,,35
201400025528,14,1,13,1450,1,2,1,8.0,6,35238,M,4811030.0,-165724.0,35
201400025529,14,1,14,805,5,2,3,1.0,6,35238,M,4809410.0,-168000.0,35
201400025530,14,1,14,815,1,2,5,1.0,7,35206,M,4808000.0,-168199.0,35
201400025531,14,1,14,1401,1,2,3,1.0,4,35238,M,4812540.0,-165581.0,35
201400025532,14,1,14,1450,1,2,1,1.0,3,35051,M,,,35
201400025533,14,1,16,830,1,2,3,8.0,6,35281,M,,,35
201400025534,14,1,16,1630,1,2,6,1.0,3,35238,M,4811180.0,-164641.0,35
201400025535,14,1,17,2100,5,2,3,1.0,6,35238,M,4813200.0,-170705.0,35
201400025536,14,1,18,1415,1,2,5,1.0,4,35206,M,4808000.0,-168103.0,35
201400025537,14,1,18,1645,1,2,2,2.0,6,35238,M,4810740.0,-167912.0,35
201400025538,14,1,18,1755,3,2,1,2.0,2,35051,M,4810928.0,-159268.0,35
201400025539,14,1,18,1852,5,2,2,2.0,3,35238,M,4810510.0,-169340.0,35
201400025540,14,1,18,2005,5,2,3,2.0,3,35238,M,4812130.0,-170087.0,35
201400025541,14,1,20,520,3,2,1,5.0,4,35051,M,,,35
201400025542,14,1,20,1615,1,2,2,8.0,3,35238,M,4812260.0,-168419.0,35
201400025543,14,1,20,1630,1,2,1,1.0,7,35278,M,,,35
201400025544,14,1,20,2115,5,2,2,1.0,2,35238,M,4810510.0,-169340.0,35
201400025545,14,1,21,500,5,2,6,1.0,7,35238,M,4812770.0,-165209.0,35
201400025546,14,1,21,840,1,2,2,1.0,3,35238,M,4811200.0,-170236.0,35
201400025547,14,1,21,800,2,2,1,9.0,7,35055,M,,,35
201400025548,14,1,22,1100,1,2,5,2.0,4,35238,M,4810180.0,-168441.0,35
201400025549,14,1,23,1525,1,2,3,2.0,6,35238,M,4810610.0,-168101.0,35
201400025550,14,1,24,810,5,2,1,2.0,3,35238,M,4809490.0,-169017.0,35
201400025551,14,1,24,1201,1,2,3,2.0,6,35238,M,4812230.0,-166176.0,35
201400025552,14,1,25,1440,1,2,2,1.0,2,35238,M,4808670.0,-168047.0,35
201400025553,14,1,25,1530,1,2,1,1.0,2,35238,M,4808830.0,-166255.0,35
201400025554,14,1,29,840,1,2,5,1.0,2,35238,M,4810720.0,-171838.0,35
201400025555,14,1,29,1055,1,2,5,2.0,6,35238,M,4808050.0,-167521.0,35
201400025556,14,1,30,1620,1,2,1,1.0,6,35238,M,4812530.0,-166651.0,35
201400025557,14,1,31,810,1,2,1,5.0,3,35278,M,,,35
201400025558,14,1,31,1425,1,2,6,2.0,3,35238,M,4815490.0,-162542.0,35
201400025559,14,1,31,1845,5,2,1,2.0,6,35238,M,4811700.0,-163402.0,35
201400025560,14,1,31,1905,5,2,1,2.0,3,35238,M,4811210.0,-168783.0,35
201400025561,14,2,1,355,5,2,5,2.0,6,35238,M,4811900.0,-164996.0,35
201400025562,14,2,1,950,1,2,1,1.0,7,35278,M,,,35
201400025563,14,2,1,1018,1,2,1,1.0,6,35238,M,4812900.0,-168586.0,35
201400025564,14,2,4,815,5,2,3,2.0,6,35238,M,4809010.0,-168931.0,35