Num_Acc,an,mois,jour,hrmn,lum,agg,int,atm,col,com,gps,lat,long,dep
201400025565,14,2,4,1425,1,1,1,2.0,2,35051,M,,,35
201400025566,14,2,4,2025,5,2,1,3.0,2,35278,M,4817528.0,-169420.0,35
201400025567,14,2,5,840,1,2,3,1.0,2,35238,M,4810670.0,-172957.0,35
201400025568,14,2,5,1735,1,2,2,8.0,6,35238,M,4811280.0,-169343.0,35
201400025569,14,2,6,1330,1,1,1,8.0,7,35051,M,,,35
201400025570,14,2,7,900,1,2,1,7.0,6,35238,M,4811380.0,-169825.0,35
201400025571,14,2,9,1900,5,2,3,2.0,3,35238,M,4810610.0,-168101.0,35
201400025572,14,2,9,2200,5,2,2,2.0,3,35238,M,4810350.0,-169401.0,35
201400025573,14,2,10,1630,1,2,2,1.0,4,35238,M,4810510.0,-169812.0,35
201400025574,14,2,11,835,1,2,1,1.0,6,35238,M,4809870.0,-168109.0,35
201400025575,14,2,11,930,1,2,2,2.0,2,35238,M,4810570.0,-167398.0,35
201400025576,14,2,12,855,1,1,1,2.0,2,35278,M,,,35
201400025577,14,2,12,1650,1,2,2,8.0,3,35238,M,,,35
201400025578,14,2,13,1630,1,2,1,1.0,4,35206,M,4807980.0,-168329.0,35
201400025579,14,2,13,1840,5,2,1,1.0,6,35278,M,4814666.0,-168355.0,35
201400025580,14,2,14,815,1,2,1,3.0,6,35238,M,4812260.0,-165774.0,35
201400025581,14,2,14,2320,5,2,2,2.0,6,35238,M,4810740.0,-168037.0,35
201400025582,14,2,15,1235,1,2,5,1.0,3,35238,M,4810560.0,-166605.0,35
201400025583,14,2,15,1615,1,2,2,7.0,6,35238,M,4811260.0,-168481.0,35
201400025584,14,2,18,1255,1,2,3,1.0,3,35238,M,4812130.0,-170087.0,35
201400025585,14,2,19,830,1,2,3,1.0,3,35238,M,4810670.0,-165090.0,35
201400025586,14,2,21,1321,1,2,1,1.0,6,35051,M,4811419.0,-161766.0,35
201400025587,14,2,21,1755,1,2,1,1.0,4,35238,M,4811650.0,-171964.0,35
201400025588,14,2,23,810,1,2,1,1.0,6,35055,M,,,35
201400025589,14,2,24,2340,5,2,3,1.0,1,35238,M,4810820.0,-167520.0,35
201400025590,14,2,26,830,1,2,1,1.0,7,35238,M,4811240.0,-168632.0,35
201400025591,14,2,26,1555,1,2,1,1.0,4,35055,M,4809847.0,-162236.0,35
201400025592,14,2,27,1350,1,2,5,2.0,2,35238,M,4810750.0,-171646.0,35
201400025593,14,2,27,2220,3,2,9,1.0,7,35055,M,,,35
201400025594,14,2,28,255,5,2,2,2.0,6,35238,M,4810690.0,-167060.0,35
201400025595,14,2,28,1550,1,2,1,1.0,3,35238,M,4810030.0,-163174.0,35
201400025596,14,2,28,1745,1,2,1,2.0,1,35238,M,4811080.0,-171467.0,35
201400025597,14,3,2,715,4,2,5,1.0,6,35238,M,4810750.0,-171646.0,35
201400025598,14,3,2,1945,5,2,3,3.0,6,35238,M,4811630.0,-171190.0,35
201400025599,14,3,3,1528,1,1,1,1.0,7,35051,M,4811736.0,-157301.0,35
201400025600,14,3,3,2055,5,2,2,3.0,1,35281,M,4809631.0,-169271.0,35
201400025601,14,3,4,1130,1,2,2,1.0,3,35238,M,4812140.0,-168299.0,35
201400025602,14,3,4,1815,3,1,1,2.0,2,35278,M,,,35
201400025603,14,3,5,1630,1,2,3,1.0,2,35281,M,4806857.0,-169959.0,35
201400025604,14,3,8,2215,5,2,3,1.0,3,35281,M,4809485.0,-169721.0,35
201400025605,14,3,9,2100,5,2,2,1.0,3,35238,M,4810850.0,-169298.0,35
201400025606,14,3,7,2330,5,2,1,1.0,6,35238,M,4812560.0,-166474.0,35
201400025607,14,3,11,715,1,2,2,1.0,3,35238,M,4812450.0,-170982.0,35
201400025608,14,3,11,1350,1,2,2,1.0,3,35238,M,4809120.0,-164548.0,35
201400025609,14,3,11,1620,1,2,2,1.0,6,35238,M,4813850.0,-165858.0,35
201400025610,14,3,13,820,1,2,1,1.0,6,35238,M,4810210.0,-167354.0,35
201400025611,14,3,14,1440,1,2,1,1.0,6,35238,M,4811190.0,-169147.0,35
201400025612,14,3,15,2225,5,2,1,1.0,6,35281,M,4808651.0,-170745.0,35
201400025613,14,3,16,1445,1,2,5,1.0,7,35238,M,4810470.0,-171671.0,35
201400025614,14,3,18,1120,1,2,3,1.0,6,35238,M,4809920.0,-165274.0,35
201400025615,14,3,18,1200,1,2,2,1.0,6,35238,M,4812270.0,-168542.0,35
201400025616,14,3,19,1950,4,2,1,1.0,7,35281,M,4808191.0,-171367.0,35
201400025617,14,3,20,2145,5,2,1,1.0,6,35278,M,,,35
201400025618,14,3,20,2350,5,2,3,1.0,6,35238,M,4810980.0,-168201.0,35
201400025619,14,3,21,810,1,2,5,1.0,4,35238,M,4814220.0,-165814.0,35
201400025620,14,3,23,1800,1,2,3,7.0,6,35051,M,,,35
201400025621,14,3,27,755,1,2,1,2.0,6,35238,M,4810820.0,-169461.0,35
201400025622,14,3,28,1410,1,2,1,2.0,7,35051,M,,,35
201400025623,14,3,28,1410,1,2,5,2.0,4,35238,M,4812480.0,-171643.0,35
201400025624,14,3,28,1530,1,2,2,1.0,3,35238,M,,,35
201400025625,14,3,28,2000,1,2,2,1.0,3,35238,M,4812180.0,-166274.0,35
201400025626,14,3,29,850,1,2,2,1.0,3,35238,M,4813190.0,-163550.0,35
201400025627,14,3,29,1240,1,1,1,1.0,3,35055,M,,,35
201400025628,14,3,31,950,1,1,1,1.0,2,35051,M,4814633.0,-159206.0,35
201400025629,14,4,1,855,1,2,1,1.0,3,35051,M,4813360.0,-163000.0,35
201400025630,14,4,1,1800,1,2,3,1.0,3,35281,M,4808671.0,-171054.0,35
201400025631,14,4,2,1245,1,2,2,1.0,4,35238,M,4809410.0,-163435.0,35
201400025632,14,4,3,725,3,2,1,3.0,6,35278,M,4813650.0,-169253.0,35
201400025633,14,4,3,800,1,2,5,3.0,2,35238,M,4808100.0,-167077.0,35
201400025634,14,4,3,1420,1,2,1,1.0,4,35055,M,4808372.0,-162448.0,35
201400025635,14,4,4,1130,1,2,3,1.0,3,35238,M,4810440.0,-167792.0,35
201400025636,14,4,4,1250,1,2,2,1.0,3,35051,M,4809959.0,-160506.0,35
201400025637,14,4,4,1500,1,1,1,1.0,7,35238,M,,,35
201400025638,14,4,4,1800,1,2,6,1.0,6,35051,M,4811858.0,-160082.0,35
201400025639,14,4,5,1820,1,2,1,1.0,6,35055,M,,,35
201400025640,14,4,6,645,5,1,1,1.0,7,35238,M,,,35
201400025641,14,4,8,925,1,2,5,1.0,3,35238,M,4811930.0,-166743.0,35
201400025642,14,4,9,740,1,2,2,1.0,3,35238,M,4810790.0,-167354.0,35
201400025643,14,4,9,2020,3,2,2,1.0,3,35281,M,,,35
201400025644,14,4,10,1740,1,1,2,1.0,3,35281,M,,,35
201400025645,14,4,11,2320,5,2,1,1.0,6,35238,M,,,35
201400025646,14,4,10,2320,5,2,6,1.0,6,35238,M,4812770.0,-165209.0,35
201400025647,14,4,11,815,1,1,1,1.0,7,35278,M,,,35
201400025648,14,4,13,150,5,2,1,1.0,2,35238,M,4811550.0,-168701.0,35
201400025649,14,4,13,2055,1,1,1,1.0,6,35278,M,4816138.0,-170702.0,35
201400025650,14,4,14,745,1,2,3,1.0,7,35238,M,4811350.0,-171363.0,35
201400025651,14,4,14,1020,1,2,6,1.0,6,35238,M,4814160.0,-166379.0,35
201400025652,14,4,14,2000,1,2,6,1.0,3,35238,M,4809680.0,-163532.0,35
201400025653,14,4,15,430,3,2,1,1.0,7,35281,M,,,35
201400025654,14,4,15,905,1,2,6,1.0,2,35051,M,,,35
201400025655,14,4,15,1000,1,1,1,1.0,2,35055,M,,,35
201400025656,14,4,16,1900,1,2,1,1.0,2,35206,M,4807970.0,-168394.0,35
201400025657,14,4,16,1930,1,2,3,1.0,6,35238,M,4810640.0,-167774.0,35
201400025658,14,4,17,1305,1,1,1,1.0,6,35238,M,,,35
201400025659,14,4,17,1915,1,2,1,1.0,1,35238,M,4808440.0,-163850.0,35
201400025660,14,4,18,1215,1,2,3,1.0,3,35238,M,4810170.0,-171199.0,35
201400025661,14,4,19,1205,1,2,1,1.0,2,35238,M,4809900.0,-171416.0,35
201400025662,14,4,20,715,5,2,1,2.0,6,35278,M,,,35
201400025663,14,4,22,1635,1,1,1,1.0,6,35051,M,,,35
201400025664,14,4,23,1500,1,2,2,8.0,7,35238,M,4809450.0,-168562.0,35
201400025665,14,4,25,1445,1,2,3,1.0,6,35238,M,4812980.0,-168891.0,35
201400025666,14,4,25,1645,1,2,1,1.0,6,35238,M,4810090.0,-170700.0,35
201400025667,14,4,26,1150,1,2,1,1.0,6,35238,M,4808650.0,-166244.0,35
201400025668,14,4,26,1630,1,2,6,2.0,6,35238,M,4814220.0,-165814.0,35
201400025669,14,4,30,30,3,2,1,2.0,6,35238,M,4813920.0,-163345.0,35
201400025670,14,4,30,1530,1,2,2,1.0,3,35238,M,4810210.0,-169866.0,35
201400025671,14,5,1,1900,1,1,1,3.0,7,35051,M,,,35
201400025672,14,5,2,1630,1,2,2,1.0,6,35238,M,4809470.0,-169024.0,35
201400025673,14,5,5,1415,1,2,2,1.0,4,35238,M,4812970.0,-163073.0,35
201400025674,14,5,5,1440,1,2,1,1.0,2,35238,M,4810520.0,-171809.0,35
201400025675,14,5,5,1700,1,2,3,1.0,6,35238,M,4810510.0,-167753.0,35
201400025676,14,5,7,1350,1,2,3,1.0,6,35238,M,4810150.0,-168464.0,35
201400025677,14,5,8,1234,1,2,3,8.0,6,35238,M,4808570.0,-169373.0,35
201400025678,14,5,9,1815,1,2,2,1.0,1,35238,M,4813050.0,-170514.0,35
201400025679,14,5,10,1140,1,2,5,2.0,7,35238,M,4810490.0,-171697.0,35
201400025680,14,5,11,1810,1,2,2,1.0,3,35238,M,4812790.0,-168345.0,35
201400025681,14,5,12,450,3,1,6,1.0,7,35278,M,,,35
201400025682,14,5,12,730,1,2,1,1.0,6,35238,M,4813860.0,-165691.0,35
201400025683,14,5,11,1145,1,2,4,1.0,6,35238,M,4809070.0,-168045.0,35
201400025684,14,5,11,1130,1,2,1,1.0,6,35238,M,,,35
201400025685,14,5,13,1400,1,1,2,1.0,3,35281,M,4806843.0,-170435.0,35
201400025686,14,5,13,1450,1,2,1,2.0,7,35238,M,4811360.0,-170501.0,35
201400025687,14,5,15,825,1,2,1,1.0,2,35278,M,,,35
201400025688,14,5,17,1950,1,2,2,1.0,6,35278,M,,,35
201400025689,14,5,18,1105,1,2,1,1.0,5,35238,M,4812220.0,-168391.0,35
201400025690,14,5,19,1215,1,2,6,1.0,2,35278,M,,,35
201400025691,14,5,21,1845,1,1,1,1.0,2,35055,M,,,35
201400025692,14,5,21,2300,5,2,1,1.0,6,35238,M,4813040.0,-168933.0,35
201400025693,14,5,22,1715,1,2,1,1.0,2,35238,M,4811460.0,-171897.0,35
201400025694,14,5,23,830,1,1,1,1.0,2,35278,M,,,35
201400025695,14,5,23,825,1,1,1,1.0,5,35278,M,,,35
201400025696,14,5,23,1200,1,2,1,1.0,6,35238,M,4809900.0,-165334.0,35
201400025697,14,5,23,1130,1,2,6,7.0,5,35238,M,4811810.0,-171380.0,35
201400025698,14,5,24,1225,1,2,1,1.0,2,35238,M,,,35
201400025699,14,5,26,1610,1,2,1,8.0,4,35278,M,4813740.0,-168803.0,35
201400025700,14,5,26,1620,1,2,1,1.0,6,35238,M,4811010.0,-166401.0,35
201400025701,14,5,26,1725,1,1,9,3.0,2,35281,M,4808779.0,-170154.0,35
201400025702,14,5,27,1235,1,2,1,1.0,6,35238,M,4809910.0,-167974.0,35
201400025703,14,5,27,1405,1,2,3,1.0,3,35238,M,4810910.0,-168656.0,35
201400025704,14,5,27,1430,1,2,2,1.0,6,35238,M,4808650.0,-166777.0,35
201400025705,14,5,28,1105,1,1,1,1.0,6,35051,M,4809941.0,-161358.0,35
201400025706,14,5,28,1230,1,2,1,1.0,6,35278,M,4815522.0,-167291.0,35
201400025707,14,5,28,1735,1,2,6,3.0,3,35051,M,4812189.0,-160010.0,35
201400025708,14,5,28,1750,1,2,2,3.0,3,35238,M,4813850.0,-165858.0,35
201400025709,14,5,29,1500,1,2,2,1.0,3,35238,M,4808370.0,-167449.0,35
201400025710,14,5,29,2225,5,2,2,1.0,3,35238,M,4811260.0,-168481.0,35
201400025711,14,5,30,1340,1,2,3,1.0,2,35238,M,4810570.0,-168829.0,35
201400025712,14,5,31,2150,1,1,1,1.0,2,35278,M,4818020.0,-171957.0,35
201400025713,14,6,3,1540,1,2,1,1.0,6,35238,M,4812000.0,-165059.0,35
201400025714,14,6,4,920,1,2,6,1.0,6,35281,M,4808694.0,-170748.0,35
201400025715,14,6,4,1725,1,2,1,1.0,3,35238,M,4813270.0,-165206.0,35
201400025716,14,6,4,1835,1,1,1,1.0,2,35238,M,,,35
201400025717,14,6,5,825,1,2,6,1.0,2,35281,M,4808695.0,-170739.0,35
201400025718,14,6,5,1720,1,2,6,1.0,6,35281,M,4808698.0,-170743.0,35
201400025719,14,6,6,910,1,2,1,1.0,2,35238,M,4810180.0,-172860.0,35
201400025720,14,6,6,1325,1,2,3,1.0,6,35238,M,4808570.0,-168241.0,35
201400025721,14,6,6,1700,1,2,1,1.0,6,35238,M,4810770.0,-170200.0,35
201400025722,14,6,7,2325,5,2,2,1.0,3,35238,M,4813510.0,-165961.0,35
201400025723,14,6,8,140,4,2,2,1.0,3,35238,M,4811020.0,-167420.0,35
201400025724,14,6,9,1250,1,2,6,1.0,3,35238,M,4812910.0,-169604.0,35
201400025725,14,6,9,1545,1,2,3,1.0,3,35051,M,4810077.0,-162434.0,35
201400025726,14,6,10,1755,1,2,2,1.0,2,35238,M,4810520.0,-170410.0,35
201400025727,14,6,10,1840,1,2,2,1.0,4,35238,M,4809450.0,-168562.0,35
201400025728,14,6,10,2355,5,2,6,1.0,6,35238,M,4812130.0,-170452.0,35
201400025729,14,6,11,825,1,2,3,1.0,3,35238,M,4812580.0,-165510.0,35
201400025730,14,6,11,830,1,1,1,1.0,2,35278,M,,,35
201400025731,14,6,12,1830,1,2,5,1.0,4,35238,M,4808030.0,-167815.0,35
201400025732,14,6,13,920,1,2,2,1.0,2,35238,M,4808660.0,-167193.0,35
201400025733,14,6,13,900,1,2,5,1.0,2,35238,M,4814220.0,-165814.0,35
201400025734,14,6,14,1730,1,2,2,1.0,2,35238,M,4810890.0,-169293.0,35
201400025735,14,6,15,2025,1,2,2,1.0,3,35238,M,4811200.0,-170236.0,35
201400025736,14,6,16,50,5,2,1,1.0,6,35238,M,4811310.0,-168357.0,35
201400025737,14,6,16,820,1,2,3,1.0,7,35051,M,4810077.0,-162433.0,35
201400025738,14,6,16,820,1,2,2,1.0,4,35238,M,4809680.0,-168157.0,35
201400025739,14,6,16,1000,1,2,2,1.0,3,35238,M,4810040.0,-164993.0,35
201400025740,14,6,16,1825,1,2,6,1.0,6,35238,M,4808770.0,-164463.0,35
201400025741,14,6,17,1055,1,2,1,1.0,6,35238,M,4812720.0,-166242.0,35
201400025742,14,6,18,850,1,1,3,1.0,3,35055,M,,,35
201400025743,14,6,18,1130,1,2,1,1.0,1,35238,M,4812060.0,-169001.0,35
201400025744,14,6,19,1515,1,1,1,1.0,7,35238,M,,,35
201400025745,14,6,20,1425,1,2,5,1.0,2,35238,M,4808120.0,-166722.0,35
201400025746,14,6,21,1720,1,2,1,1.0,3,35281,M,,,35
201400025747,14,6,22,130,5,2,2,1.0,5,35238,M,4809450.0,-168562.0,35
201400025748,14,6,23,1545,1,1,3,1.0,3,35278,M,,,35
201400025749,14,6,26,2000,1,2,1,1.0,7,35238,M,4810860.0,-167691.0,35
201400025750,14,6,25,2025,1,1,1,1.0,7,35051,M,,,35
201400025751,14,6,26,50,5,2,1,1.0,6,35281,M,4807799.0,-171249.0,35
201400025752,14,6,27,945,1,1,9,1.0,7,35278,M,,,35
201400025753,14,6,27,1110,1,1,1,2.0,2,35051,M,,,35
201400025754,14,6,27,1515,1,2,3,1.0,3,35238,M,4810890.0,-167379.0,35
201400025755,14,6,27,1110,1,2,3,3.0,6,35238,M,4810670.0,-172957.0,35
201400025756,14,6,28,1200,1,2,5,2.0,6,35238,M,4811930.0,-166743.0,35
201400025757,14,6,28,1525,1,1,1,2.0,7,35278,M,,,35
201400025758,14,6,30,800,1,2,3,1.0,7,35238,M,4812640.0,-171080.0,35
201400025759,14,6,30,1445,1,2,2,1.0,3,35238,M,4809400.0,-167745.0,35
201400025760,14,6,30,1820,1,1,3,2.0,3,35281,M,4808119.0,-172723.0,35
201400025761,14,7,2,1505,1,2,5,1.0,3,35238,M,4810560.0,-166605.0,35
201400025762,14,7,2,1805,1,2,3,1.0,2,35238,M,4811630.0,-171408.0,35
201400025763,14,7,2,1920,1,2,1,1.0,1,35238,M,4809520.0,-173285.0,35
201400025764,14,7,3,830,1,2,3,1.0,3,35238,M,4810800.0,-170066.0,35
201400025765,14,7,3,1750,1,2,3,1.0,3,35238,M,4810400.0,-163625.0,35
201400025766,14,7,3,1800,1,2,1,1.0,5,35238,M,4808830.0,-164468.0,35
201400025767,14,7,3,2045,1,2,1,1.0,6,35238,M,4808760.0,-165193.0,35
201400025768,14,7,4,815,1,2,3,1.0,2,35238,M,4811030.0,-166424.0,35
201400025769,14,7,4,1745,1,2,1,1.0,4,35238,M,4811210.0,-171842.0,35
201400025770,14,7,6,1,5,2,2,3.0,3,35238,M,4809220.0,-166781.0,35
201400025771,14,7,6,2245,5,2,1,1.0,3,35051,M,4811828.0,-161112.0,35
201400025772,14,7,7,755,1,2,2,1.0,3,35238,M,4810940.0,-170760.0,35
201400025773,14,7,8,1925,1,2,1,1.0,6,35238,M,4813360.0,-163857.0,35
201400025774,14,7,8,1830,1,2,1,1.0,6,35238,M,4811620.0,-166437.0,35
201400025775,14,7,9,1215,1,2,6,1.0,3,35238,M,4808840.0,-166079.0,35
201400025776,14,7,9,2245,5,2,2,1.0,3,35238,M,4811710.0,-168085.0,35
201400025777,14,7,10,800,1,2,1,1.0,3,35238,M,4811590.0,-170907.0,35
201400025778,14,7,10,1325,1,2,3,1.0,3,35238,M,4808780.0,-168545.0,35
201400025779,14,7,10,1945,1,2,2,1.0,3,35238,M,4812540.0,-165289.0,35
201400025780,14,7,13,2230,5,2,6,1.0,3,35281,M,4808704.0,-171017.0,35
201400025781,14,7,13,2205,1,2,1,1.0,7,35238,M,4810910.0,-168632.0,35
201400025782,14,7,15,820,1,2,6,1.0,3,35055,M,4809007.0,-162327.0,35
201400025783,14,7,16,845,1,2,2,1.0,6,35238,M,4811650.0,-170992.0,35
201400025784,14,7,16,2315,5,2,2,1.0,3,35238,M,4812600.0,-168578.0,35
201400025785,14,7,17,1310,1,2,4,1.0,6,35238,M,4812990.0,-168422.0,35
201400025786,14,7,18,1700,1,2,2,1.0,6,35238,M,4811200.0,-170236.0,35
201400025787,14,7,19,1830,1,2,1,1.0,7,35238,M,,,35
201400025788,14,7,20,425,5,2,1,1.0,6,35238,M,4811640.0,-167319.0,35
201400025789,14,7,24,940,1,2,3,1.0,3,35238,M,4810910.0,-168656.0,35
201400025790,14,7,25,1815,1,2,4,1.0,4,35238,M,4811141.0,-170126.0,35
201400025791,14,7,25,1825,1,2,1,1.0,3,35238,M,4808660.0,-167163.0,35
201400025792,14,7,26,200,5,2,6,1.0,7,35238,M,4813240.0,-165662.0,35
201400025793,14,7,26,1130,1,2,1,1.0,6,35278,M,4813707.0,-169001.0,35
201400025794,14,7,26,1355,1,2,1,1.0,3,35278,M,4813844.0,-168975.0,35
201400025795,14,7,28,800,1,2,2,1.0,3,35238,M,4810350.0,-169401.0,35
201400025796,14,7,28,1030,1,2,5,1.0,7,35238,M,4808060.0,-167419.0,35
201400025797,14,7,28,1240,1,2,3,2.0,3,35238,M,4810160.0,-167281.0,35
201400025798,14,7,28,1425,1,2,2,1.0,3,35238,M,4809810.0,-165566.0,35
201400025799,14,7,28,1705,1,2,6,1.0,4,35051,M,4813660.0,-162495.0,35
201400025800,14,7,28,2105,1,2,2,1.0,3,35238,M,4810350.0,-169401.0,35
201400025801,14,7,29,845,1,2,3,1.0,3,35238,M,4810610.0,-166727.0,35
201400025802,14,7,29,1735,1,2,2,1.0,6,35281,M,4808091.0,-171546.0,35
201400025803,14,7,30,2215,4,2,1,1.0,7,35051,M,,,35
201400025804,14,7,31,1630,1,2,5,1.0,3,35238,M,4812270.0,-171925.0,35
201400025805,14,8,1,1010,1,2,1,1.0,7,35055,M,,,35
201400025806,14,8,2,1415,1,1,1,3.0,7,35278,M,,,35
201400025807,14,8,3,615,1,2,5,1.0,2,35238,M,4811100.0,-171838.0,35
201400025808,14,8,3,1930,1,2,2,1.0,3,35238,M,4809400.0,-167745.0,35
201400025809,14,8,7,2350,5,1,1,2.0,3,35055,M,,,35
201400025810,14,8,8,1645,1,2,2,2.0,2,35238,M,4812790.0,-168345.0,35
201400025811,14,8,10,950,1,2,1,2.0,6,35238,M,4809840.0,-167543.0,35
201400025812,14,8,13,347,5,2,3,2.0,7,35238,M,4812200.0,-170876.0,35
201400025813,14,8,13,440,3,1,1,1.0,7,35278,M,,,35
201400025814,14,8,13,1030,1,2,6,1.0,7,35238,M,4810540.0,-170846.0,35
201400025815,14,8,13,1045,1,2,1,1.0,7,35238,M,,,35
201400025816,14,8,13,1100,1,2,3,1.0,3,35238,M,4810910.0,-169732.0,35
201400025817,14,8,19,910,1,2,1,1.0,3,35238,M,4811540.0,-171914.0,35
201400025818,14,8,21,1055,1,2,1,1.0,6,35238,M,4811310.0,-167936.0,35
201400025819,14,8,25,1720,1,2,2,3.0,2,35238,M,4812710.0,-168651.0,35
201400025820,14,8,25,1630,1,2,1,3.0,4,35238,M,4808560.0,-169955.0,35
201400025821,14,8,25,2000,1,2,2,3.0,3,35238,M,4809470.0,-169024.0,35
201400025822,14,8,25,1950,1,2,2,3.0,3,35238,M,,,35
201400025823,14,8,27,1835,1,2,3,1.0,7,35238,M,4811630.0,-171190.0,35
201400025824,14,8,29,1510,1,1,1,1.0,3,35055,M,4808404.0,-162289.0,35
201400025825,14,8,29,1945,1,2,3,1.0,2,35238,M,4811870.0,-170463.0,35
201400025826,14,8,31,1440,1,2,2,1.0,6,35238,M,4810510.0,-169340.0,35
201400025827,14,9,3,1030,1,2,5,1.0,2,35238,M,4808070.0,-167631.0,35
201400025828,14,9,3,1120,1,2,6,1.0,3,35238,M,4809160.0,-165839.0,35
201400025829,14,9,3,1355,1,2,1,1.0,6,35238,M,4810980.0,-168253.0,35
201400025830,14,9,4,335,5,2,1,1.0,6,35238,M,4812940.0,-167974.0,35
201400025831,14,9,4,1810,1,2,1,1.0,3,35238,M,4811110.0,-165911.0,35
201400025832,14,9,5,40,3,2,1,1.0,6,35238,M,4811880.0,-163817.0,35
201400025833,14,9,5,1020,1,2,3,1.0,6,35238,M,4810440.0,-167357.0,35
201400025834,14,9,5,1800,1,2,6,1.0,7,35055,M,4808230.0,-164058.0,35
201400025835,14,9,5,1815,1,2,1,1.0,7,35281,M,,,35
201400025836,14,9,7,1210,1,2,3,1.0,7,35051,M,4810691.0,-160622.0,35
201400025837,14,9,7,1800,1,2,4,1.0,3,35238,M,4810260.0,-167860.0,35
201400025838,14,9,8,1830,1,2,1,1.0,7,35238,M,4810460.0,-169359.0,35
201400025839,14,9,8,2000,5,2,3,1.0,3,35238,M,4811830.0,-165357.0,35
201400025840,14,9,9,800,1,2,2,1.0,3,35238,M,4812850.0,-166415.0,35
201400025841,14,9,9,815,1,2,1,1.0,3,35238,M,4811020.0,-166897.0,35
201400025842,14,9,9,1425,1,2,6,1.0,4,35281,M,4808692.0,-170752.0,35
201400025843,14,9,11,840,1,1,1,1.0,3,35051,M,,,35
201400025844,14,9,11,1020,1,2,2,1.0,3,35238,M,,,35
201400025845,14,9,12,1610,1,2,5,1.0,3,35238,M,4808100.0,-166910.0,35
201400025846,14,9,12,1700,1,1,1,7.0,3,35051,M,,,35
201400025847,14,9,14,1150,1,2,2,1.0,3,35238,M,4809410.0,-163435.0,35
201400025848,14,9,15,755,1,1,1,1.0,4,35238,M,4814168.0,-166857.0,35
201400025849,14,9,15,1750,1,2,2,1.0,3,35238,M,4810990.0,-165548.0,35
201400025850,14,9,16,900,1,2,2,1.0,7,35238,M,4812790.0,-168345.0,35
201400025851,14,9,17,1344,1,2,1,1.0,6,35238,M,,,35
201400025852,14,9,18,2047,1,2,2,1.0,3,35281,M,4809634.0,-169263.0,35
201400025853,14,9,19,815,1,2,1,1.0,2,35238,M,4809130.0,-165217.0,35
201400025854,14,9,19,1215,1,2,1,1.0,6,35051,M,4811776.0,-160700.0,35
201400025855,14,9,19,1620,1,1,1,1.0,2,35278,M,4813263.0,-170803.0,35
201400025856,14,9,20,1000,1,2,1,1.0,6,35238,M,4812250.0,-167962.0,35
201400025857,14,9,25,1410,1,2,6,1.0,2,35051,M,4810114.0,-160960.0,35
201400025858,14,9,25,1435,1,2,2,1.0,6,35238,M,4811450.0,-167943.0,35
201400025859,14,9,25,1830,1,1,1,1.0,4,35051,M,4811884.0,-157252.0,35
201400025860,14,9,25,1820,1,1,1,1.0,2,35051,M,,,35
201400025861,14,9,26,1505,1,2,6,1.0,6,35238,M,4808690.0,-168234.0,35
201400025862,14,9,29,1505,1,2,1,1.0,6,35238,M,4808788.0,-168225.0,35
201400025863,14,9,26,1850,1,2,6,7.0,3,35278,M,4816160.0,-168995.0,35
201400025864,14,9,27,1155,1,2,1,1.0,2,35238,M,4811030.0,-166605.0,35
201400025865,14,9,30,839,1,1,2,5.0,4,35278,M,4816256.0,-168371.0,35
201400025866,14,10,2,815,1,1,1,1.0,5,35238,M,,,35
201400025867,14,10,2,2100,5,2,2,1.0,6,35238,M,4810350.0,-167694.0,35
201400025868,14,10,3,625,5,2,3,1.0,6,35238,M,4810930.0,-168423.0,35
201400025869,14,10,3,815,1,2,4,1.0,2,35238,M,4811460.0,-165579.0,35
201400025870,14,10,4,1500,1,2,1,3.0,7,35278,M,4814684.0,-169628.0,35
201400025871,14,10,3,1220,1,2,1,1.0,6,35238,M,4811900.0,-164860.0,35
201400025872,14,10,4,850,1,2,2,1.0,3,35238,M,4811020.0,-168021.0,35
201400025873,14,10,4,1500,1,2,3,3.0,6,35238,M,4809380.0,-168583.0,35
201400025874,14,10,4,1850,1,2,3,2.0,3,35238,M,4808350.0,-166098.0,35
201400025875,14,10,4,1940,3,2,5,1.0,2,35206,M,4808000.0,-168199.0,35
201400025876,14,10,5,1625,1,2,3,1.0,6,35238,M,4808820.0,-165610.0,35
201400025877,14,10,5,1805,1,2,3,1.0,2,35281,M,4806751.0,-171432.0,35
201400025878,14,10,6,1300,1,1,1,2.0,7,35051,M,4811974.0,-157261.0,35
201400025879,14,10,7,2015,5,2,2,1.0,3,35238,M,4809740.0,-167516.0,35
201400025880,14,10,7,2010,5,2,1,1.0,6,35051,M,4811847.0,-160398.0,35
201400025881,14,10,8,840,1,1,1,1.0,7,35051,M,4811444.0,-157094.0,35