Num_Acc,an,mois,jour,hrmn,lum,agg,int,atm,col,com,gps,lat,long,dep
201400025882,14,10,9,1400,1,2,1,2.0,3,35051,M,4810334.0,-162470.0,35
201400025883,14,10,10,820,2,1,1,1.0,4,35051,M,4814198.0,-166280.0,35
201400025884,14,10,10,1145,1,2,3,1.0,6,35238,M,4808350.0,-166098.0,35
201400025885,14,10,11,1800,1,2,5,1.0,2,35238,M,4812730.0,-171331.0,35
201400025886,14,10,11,1800,1,2,5,1.0,6,35238,M,4809920.0,-171432.0,35
201400025887,14,10,13,835,1,2,1,1.0,3,35238,M,4813480.0,-163744.0,35
201400025888,14,10,13,1350,1,2,2,1.0,6,35238,M,4811730.0,-168311.0,35
201400025889,14,10,13,1420,1,2,6,8.0,3,35238,M,4810410.0,-165012.0,35
201400025890,14,10,13,1715,1,2,5,1.0,4,35238,M,4808340.0,-164317.0,35
201400025891,14,10,14,600,3,2,5,1.0,5,35238,M,4808340.0,-164317.0,35
201400025892,14,10,14,2030,5,2,2,1.0,3,35238,M,4811620.0,-165831.0,35
201400025893,14,10,15,845,1,1,6,2.0,3,35055,M,4807819.0,-163274.0,35
201400025894,14,10,15,1935,2,2,2,2.0,6,35238,M,4810560.0,-166605.0,35
201400025895,14,10,16,755,2,2,1,2.0,6,35238,M,4812700.0,-166512.0,35
201400025896,14,10,16,850,1,2,3,1.0,6,35238,M,4810390.0,-168435.0,35
201400025897,14,10,16,1820,1,2,2,1.0,3,35238,M,4811820.0,-167633.0,35
201400025898,14,10,16,1810,1,2,3,2.0,3,35238,M,4812017.0,-163141.0,35
201400025899,14,10,16,2145,5,2,2,3.0,3,35238,M,4811200.0,-170236.0,35
201400025900,14,10,17,920,1,2,3,8.0,3,35051,M,4813102.0,-162115.0,35
201400025901,14,10,18,345,3,1,1,1.0,2,35051,M,4814799.0,-161393.0,35
201400025902,14,10,19,715,5,2,1,1.0,6,35281,M,4808817.0,-170679.0,35
201400025903,14,10,19,1945,2,2,3,1.0,2,35238,M,4810630.0,-166791.0,35
201400025904,14,10,20,1650,1,2,2,8.0,6,35238,M,4812510.0,-165670.0,35
201400025905,14,10,20,2155,3,2,5,1.0,2,35238,M,4810470.0,-171671.0,35
201400025906,14,10,21,2010,5,2,1,2.0,3,35238,M,4810240.0,-167992.0,35
201400025907,14,10,22,750,5,2,6,8.0,3,35238,M,4808770.0,-164463.0,35
201400025908,14,10,22,1210,1,2,2,1.0,3,35238,M,4810000.0,-168662.0,35
201400025909,14,10,22,1125,1,2,2,1.0,6,35238,M,4810740.0,-167784.0,35
201400025910,14,10,22,1325,1,2,6,1.0,6,35238,M,4811180.0,-164641.0,35
201400025911,14,10,22,2215,5,2,1,1.0,3,35238,M,4812710.0,-169330.0,35
201400025912,14,10,24,1350,1,2,3,8.0,3,35238,M,4808650.0,-166508.0,35
201400025913,14,10,24,1335,1,2,1,1.0,3,35238,M,4808120.0,-166324.0,35
201400025914,14,10,24,1540,1,2,3,1.0,3,35238,M,4810450.0,-171923.0,35
201400025915,14,10,24,1700,1,1,1,1.0,2,35278,M,4814091.0,-168268.0,35
201400025916,14,10,24,305,5,2,6,1.0,7,35238,M,,,35
201400025917,14,10,25,305,5,2,6,1.0,7,35238,M,4809650.0,-163701.0,35
201400025918,14,10,25,1715,1,2,1,1.0,3,35238,M,4813800.0,-165230.0,35
201400025919,14,10,30,2310,5,2,2,1.0,7,35238,M,4811010.0,-168461.0,35
201400025920,14,10,31,1215,1,2,1,1.0,6,35051,M,4811211.0,-158705.0,35
201400025921,14,11,2,1730,1,2,3,8.0,3,35051,M,4812000.0,-160641.0,35
201400025922,14,11,4,600,5,2,6,8.0,3,35281,M,4808216.0,-171123.0,35
201400025923,14,11,6,745,2,2,2,8.0,7,35238,M,,,35
201400025924,14,11,5,750,2,2,3,8.0,3,35238,M,4811740.0,-168584.0,35
201400025925,14,11,5,1330,1,2,1,2.0,4,35238,M,4810540.0,-166574.0,35
201400025926,14,11,6,820,1,2,3,8.0,7,35238,M,4811820.0,-167237.0,35
201400025927,14,11,6,1527,1,2,3,8.0,2,35238,M,4810640.0,-167774.0,35
201400025928,14,11,7,1535,1,2,6,7.0,6,35051,M,4813176.0,-159722.0,35
201400025929,14,11,7,1910,5,2,6,1.0,6,35238,M,4808390.0,-167686.0,35
201400025930,14,11,7,2010,3,2,5,1.0,4,35238,M,4809920.0,-171432.0,35
201400025931,14,11,9,1240,1,2,2,1.0,6,35238,M,4810980.0,-167782.0,35
201400025932,14,11,10,1658,1,2,1,2.0,3,35206,M,4808140.0,-168128.0,35
201400025933,14,11,10,1900,5,2,1,1.0,3,35238,M,4809100.0,-168212.0,35
201400025934,14,11,11,1135,1,1,1,2.0,1,35278,M,4814160.0,-169690.0,35
201400025935,14,11,11,1815,1,2,1,2.0,7,35238,M,,,35
201400025936,14,11,11,1720,1,2,1,2.0,6,35238,M,4811570.0,-166598.0,35
201400025937,14,11,12,814,1,2,1,1.0,7,35238,M,,,35
201400025938,14,11,12,1505,1,2,3,1.0,6,35238,M,4810620.0,-168801.0,35
201400025939,14,11,12,1629,1,1,1,1.0,4,35278,M,4815627.0,-170347.0,35
201400025940,14,11,14,1100,1,2,3,1.0,6,35238,M,4810830.0,-171281.0,35
201400025941,14,11,14,1810,5,2,1,2.0,3,35051,M,4813100.0,-162115.0,35
201400025942,14,11,14,1915,5,2,3,1.0,6,35238,M,4808550.0,-167527.0,35
201400025943,14,11,16,930,1,1,1,1.0,2,35278,M,4814005.0,-169506.0,35
201400025944,14,11,17,1130,1,2,6,8.0,6,35055,M,4809869.0,-162188.0,35
201400025945,14,11,17,1640,1,2,3,2.0,6,35238,M,4812300.0,-170599.0,35
201400025946,14,11,17,1800,5,2,1,3.0,1,35238,M,4813090.0,-163304.0,35
201400025947,14,11,18,1750,5,2,1,1.0,6,35238,M,4810880.0,-167784.0,35
201400025948,14,11,19,1145,1,2,1,1.0,2,35051,M,4812279.0,-160216.0,35
201400025949,14,11,21,825,1,2,2,1.0,3,35238,M,4811570.0,-164845.0,35
201400025950,14,11,22,1809,5,2,1,1.0,6,35238,M,,,35
201400025951,14,11,22,1810,5,2,3,1.0,3,35238,M,4811590.0,-165812.0,35
201400025952,14,11,23,1115,1,2,5,2.0,7,35238,M,4808190.0,-164664.0,35
201400025953,14,11,23,1300,1,2,2,8.0,3,35238,M,4808370.0,-167516.0,35
201400025954,14,11,24,815,1,1,1,1.0,2,35051,M,4814710.0,-161582.0,35
201400025955,14,11,25,1700,1,1,1,2.0,4,35281,M,4809005.0,-170470.0,35
201400025956,14,11,26,1110,1,2,5,8.0,2,35206,M,4808000.0,-168199.0,35
201400025957,14,11,27,345,5,2,3,8.0,6,35238,M,4810890.0,-165435.0,35
201400025958,14,11,27,1650,1,2,1,1.0,6,35238,M,4810570.0,-167765.0,35
201400025959,14,12,2,1845,5,2,3,1.0,6,35238,M,4809070.0,-168045.0,35
201400025960,14,12,3,1050,1,2,1,1.0,7,35051,M,4811422.0,-161265.0,35
201400025961,14,12,3,1850,5,2,1,8.0,4,35281,M,4809206.0,-169171.0,35
201400025962,14,12,4,1815,5,2,3,2.0,6,35238,M,4811880.0,-166839.0,35
201400025963,14,12,5,2010,5,2,2,8.0,6,35238,M,4812800.0,-165746.0,35
201400025964,14,12,5,1950,3,1,1,2.0,7,35238,M,4814160.0,-166622.0,35
201400025965,14,12,5,1830,5,2,3,2.0,3,35238,M,4810080.0,-165562.0,35
201400025966,14,12,6,1205,1,2,1,1.0,2,35238,M,4808760.0,-165212.0,35
201400025967,14,12,6,1140,1,2,3,1.0,2,35238,M,4809995.0,-165081.0,35
201400025968,14,12,6,1830,3,2,5,1.0,2,35238,M,4810780.0,-171765.0,35
201400025969,14,12,6,2330,3,2,1,1.0,6,35238,M,4811500.0,-168280.0,35
201400025970,14,12,8,1835,5,2,3,2.0,3,35238,M,4810970.0,-165635.0,35
201400025971,14,12,8,2030,5,2,2,2.0,3,35238,M,4812800.0,-165746.0,35
201400025972,14,12,9,1415,1,2,1,1.0,2,35238,M,4810240.0,-168431.0,35
201400025973,14,12,10,1725,2,2,2,8.0,5,35238,M,4812790.0,-168345.0,35
201400025974,14,12,11,1420,1,2,3,1.0,3,35238,M,4809140.0,-165733.0,35
201400025975,14,12,12,1210,1,2,5,2.0,4,35238,M,4811100.0,-171838.0,35
201400025976,14,12,12,1630,1,2,1,3.0,6,35238,M,4808530.0,-169192.0,35
201400025977,14,12,12,1730,5,2,6,2.0,6,35238,M,4809160.0,-165839.0,35
201400025978,14,12,13,10,5,2,2,2.0,3,35238,M,4810510.0,-167753.0,35
201400025979,14,12,13,600,5,2,1,2.0,6,35238,M,4810360.0,-168435.0,35
201400025980,14,12,13,1450,1,2,6,1.0,3,35055,M,4808371.0,-162444.0,35
201400025981,14,12,14,1010,1,2,2,1.0,3,35238,M,4809140.0,-166750.0,35
201400025982,14,12,14,1810,5,2,6,1.0,6,35281,M,4808681.0,-170757.0,35
201400025983,14,12,15,1830,5,2,6,2.0,6,35238,M,4809000.0,-168226.0,35
201400025984,14,12,15,1810,4,1,5,2.0,1,35238,M,4811820.0,-171529.0,35
201400025985,14,12,16,955,1,2,3,1.0,2,35238,M,4810320.0,-163462.0,35
201400025986,14,12,17,955,1,2,3,1.0,2,35238,M,4810323.0,-163457.0,35
201400025987,14,12,16,1640,1,2,1,1.0,6,35238,M,4811060.0,-166896.0,35
201400025988,14,12,16,1320,1,2,3,1.0,3,35238,M,4811930.0,-170461.0,35
201400025989,14,12,17,2145,5,2,3,2.0,7,35238,M,4810670.0,-169323.0,35
201400025990,14,12,18,640,5,2,2,2.0,3,35051,M,,,35
201400025991,14,12,18,720,5,2,2,1.0,3,35238,M,4808668.0,-167494.0,35
201400025992,14,12,19,1640,1,2,2,1.0,3,35238,M,4809820.0,-168830.0,35
201400025993,14,12,19,1200,1,2,3,8.0,3,35238,M,4813040.0,-165206.0,35
201400025994,14,12,20,645,3,1,1,1.0,6,35278,M,,,35
201400025995,14,12,20,1800,5,2,2,1.0,3,35238,M,4812720.0,-168660.0,35
201400025996,14,12,23,950,1,2,1,1.0,7,35238,M,4808710.0,-168234.0,35
201400025997,14,12,23,1450,1,2,1,1.0,7,35238,M,4810480.0,-165037.0,35
201400025998,14,12,24,720,3,1,1,1.0,2,35281,M,4807720.0,-171261.0,35
201400025999,14,12,24,2320,5,2,2,1.0,3,35238,M,4812450.0,-170982.0,35
201400026000,14,12,25,1816,5,2,1,1.0,2,35238,M,4810410.0,-163841.0,35
201400026001,14,12,27,1815,5,2,2,2.0,6,35281,M,4808342.0,-173065.0,35
201400026002,14,12,28,2020,5,2,6,1.0,7,35238,M,4810410.0,-165012.0,35
201400026003,14,12,30,1455,1,2,2,1.0,3,35238,M,4810210.0,-169866.0,35
201400026004,14,12,31,1340,1,2,3,1.0,3,35238,M,4811220.0,-164349.0,35
201400026005,14,1,3,1840,2,2,1,1.0,6,35288,M,4863987.0,-201068.0,35
201400026006,14,1,10,1643,2,2,1,1.0,6,35288,M,4863381.0,-201423.0,35
201400026007,14,1,7,1623,1,2,1,1.0,6,35288,M,4864385.0,-200848.0,35
201400026008,14,2,21,1530,1,2,1,1.0,6,35288,M,4865834.0,-198574.0,35
201400026009,14,3,15,2005,2,2,1,1.0,7,35288,M,4863823.0,-199831.0,35
201400026010,14,3,25,1755,1,2,1,1.0,6,35288,M,4865477.0,-200746.0,35
201400026011,14,4,11,1520,1,2,1,1.0,6,35288,M,4864565.0,-200841.0,35
201400026012,14,4,23,1443,1,2,1,2.0,6,35288,M,4863012.0,-200660.0,35
201400026013,14,5,9,2201,5,2,2,1.0,3,35288,M,4863312.0,-199715.0,35
201400026014,14,5,19,2030,1,1,1,3.0,7,35241,M,4861067.0,-203514.0,35
201400026015,14,5,21,1145,1,1,1,1.0,5,35288,M,4861841.0,-198646.0,35
201400026016,14,6,5,1310,1,2,1,1.0,6,35288,M,4864209.0,-200871.0,35
201400026017,14,6,4,1812,1,2,3,1.0,6,35288,M,4863343.0,-201256.0,35
201400026018,14,7,16,909,1,2,1,1.0,1,35093,M,4863296.0,-206340.0,35
201400026019,14,7,24,620,2,2,1,1.0,6,35093,M,4861707.0,-205842.0,35
201400026020,14,8,13,920,1,2,9,1.0,6,35288,M,4865619.0,-198046.0,35
201400026021,14,8,18,1745,1,1,1,1.0,7,35288,M,4862980.0,-196273.0,35
201400026022,14,10,29,1615,1,2,1,1.0,3,35093,M,4862995.0,-207569.0,35
201400026023,14,9,3,1845,1,2,6,1.0,6,35288,M,4864758.0,-200836.0,35
201400026024,14,9,19,740,1,1,1,1.0,7,35288,M,4861420.0,-198077.0,35
201400026025,14,9,22,842,1,2,3,1.0,3,35093,M,4862447.0,-206769.0,35
201400026026,14,9,25,1758,1,2,9,1.0,6,35288,M,4865769.0,-199434.0,35
201400026027,14,10,26,1052,1,2,1,1.0,6,35288,M,4863682.0,-199026.0,35
201400026028,14,10,1,1910,1,2,1,1.0,6,35093,M,4863098.0,-207207.0,35
201400026029,14,11,1,1302,1,2,6,1.0,6,35288,M,4862309.0,-199732.0,35
201400026030,14,7,2,1738,1,2,2,1.0,3,36044,M,4680400.0,171070.0,36
201400026031,14,1,17,1210,1,1,1,1.0,5,36202,M,4676520.0,167269.0,36
201400026032,14,1,19,750,2,1,6,1.0,7,36063,M,4684550.0,170895.0,36
201400026033,14,7,5,1930,1,2,1,1.0,4,36044,M,4680560.0,169176.0,36
201400026034,14,1,16,900,1,1,1,1.0,2,36202,M,4675130.0,162735.0,36
201400026035,14,1,7,800,4,2,2,8.0,3,36044,M,4679700.0,170923.0,36
201400026036,14,7,9,815,1,2,2,8.0,3,36044,M,4681030.0,169384.0,36
201400026037,14,2,7,1130,1,2,3,1.0,3,36044,M,4679420.0,171972.0,36
201400026038,14,7,11,1115,1,2,7,1.0,6,36044,M,4681220.0,169565.0,36
201400026039,14,7,14,617,2,1,1,1.0,7,36044,M,4681950.0,167272.0,36
201400026040,14,1,13,1218,1,2,1,1.0,2,36044,M,4679260.0,170005.0,36
201400026041,14,3,1,1910,1,2,1,9.0,3,36044,M,4680340.0,170850.0,36
201400026042,14,7,16,1043,1,2,6,1.0,3,36063,M,4684830.0,171017.0,36
201400026043,14,1,14,1214,1,2,1,1.0,3,36044,M,4680590.0,169676.0,36
201400026044,14,1,17,947,1,2,1,1.0,2,36044,M,4681260.0,169708.0,36
201400026045,14,1,17,1758,2,2,1,1.0,4,36044,M,4680210.0,171884.0,36
201400026046,14,7,21,1431,1,2,1,1.0,2,36044,M,4682070.0,169740.0,36
201400026047,14,7,21,1625,1,2,2,1.0,3,36044,M,4680850.0,171490.0,36
201400026048,14,7,22,210,3,2,1,1.0,7,36044,M,4680840.0,169954.0,36
201400026049,14,7,22,400,3,2,1,1.0,7,36044,M,4680560.0,169176.0,36
201400026050,14,1,18,1933,2,2,1,1.0,7,36044,M,4680240.0,169625.0,36
201400026051,14,7,22,1114,1,2,1,1.0,6,36044,M,4681670.0,171139.0,36
201400026052,14,7,23,1904,1,1,1,1.0,3,36159,M,,,36
201400026053,14,4,5,1630,1,1,1,1.0,2,36063,M,4682530.0,176546.0,36
201400026054,14,3,25,1751,1,2,3,1.0,3,36044,M,4679770.0,170590.0,36
201400026055,14,4,16,650,2,1,2,1.0,3,36044,M,4678870.0,169130.0,36
201400026056,14,7,27,1303,1,2,1,1.0,7,36044,M,4679470.0,170639.0,36
201400026057,14,6,22,2100,1,1,1,1.0,6,36057,M,4687670.0,172262.0,36
201400026058,14,1,24,1632,1,2,3,2.0,2,36044,M,4681260.0,169708.0,36
201400026059,14,7,29,2000,1,1,3,1.0,3,36063,M,4683930.0,167549.0,36
201400026060,14,5,14,750,1,2,1,1.0,1,36202,M,4681320.0,163240.0,36
201400026061,14,5,15,1855,1,2,1,1.0,6,36044,M,4681030.0,168720.0,36
201400026062,14,5,25,655,2,2,3,8.0,7,36044,M,4682420.0,169801.0,36
201400026063,14,8,6,1302,1,1,1,8.0,7,36202,M,4674280.0,161671.0,36
201400026064,14,6,2,1105,1,2,1,1.0,6,36044,M,4682690.0,168110.0,36
201400026065,14,8,8,1345,1,2,1,1.0,6,36159,M,4675900.0,172111.0,36
201400026066,14,6,25,1541,1,2,1,1.0,7,36044,M,4680220.0,167710.0,36
201400026067,14,6,30,2200,5,1,2,1.0,3,36063,M,4685320.0,171237.0,36
201400026068,14,2,4,1600,1,2,1,1.0,2,36044,M,4679880.0,170450.0,36
201400026069,14,8,10,1346,1,1,1,1.0,7,36202,M,4680880.0,163607.0,36
201400026070,14,2,6,1823,2,2,2,1.0,1,36044,M,4679350.0,169980.0,36
201400026071,14,2,6,1920,5,2,1,1.0,2,36044,M,4680690.0,167595.0,36
201400026072,14,2,9,1815,1,2,1,1.0,3,36044,M,4680700.0,169598.0,36
201400026073,14,2,11,659,3,1,1,9.0,6,36202,M,4677350.0,165272.0,36
201400026074,14,2,11,857,1,2,1,4.0,7,36044,M,,,36
201400026075,14,2,11,1045,1,2,1,1.0,6,36044,M,4681190.0,169300.0,36
201400026076,14,8,18,1225,1,2,7,1.0,2,36044,M,4681070.0,170000.0,36
201400026077,14,8,18,2315,3,1,1,1.0,7,36044,M,4680120.0,173836.0,36
201400026078,14,2,14,2105,5,2,1,8.0,3,36044,M,4680250.0,169620.0,36
201400026079,14,2,15,1805,2,2,3,9.0,3,36063,M,4682880.0,170146.0,36
201400026080,14,8,23,1015,1,2,3,1.0,3,36044,M,4679430.0,170530.0,36
201400026081,14,8,22,1650,1,2,1,1.0,3,36044,M,4681290.0,168870.0,36
201400026082,14,9,3,1720,1,2,1,1.0,3,36044,M,,,36
201400026083,14,8,26,1921,1,2,1,1.0,6,36044,M,4681440.0,170069.0,36
201400026084,14,2,20,855,1,2,1,8.0,2,36202,M,4677650.0,164919.0,36
201400026085,14,8,28,1310,1,2,1,1.0,4,36044,M,4680180.0,167150.0,36
201400026086,14,8,29,1850,1,2,1,1.0,2,36202,M,4682010.0,166970.0,36
201400026087,14,9,24,1240,1,2,1,1.0,6,36063,M,4682590.0,170776.0,36
201400026088,14,9,1,1220,1,2,3,1.0,1,36044,M,4679100.0,169407.0,36
201400026089,14,10,14,1445,1,2,1,1.0,6,36044,M,4681000.0,167560.0,36
201400026090,14,10,13,1730,1,2,1,1.0,6,36044,M,4681670.0,170930.0,36
201400026091,14,2,27,1307,1,2,1,1.0,7,36044,M,4680350.0,166350.0,36
201400026092,14,10,17,1600,1,2,1,1.0,1,36202,M,4681410.0,166120.0,36
201400026093,14,10,18,630,5,2,1,1.0,6,36044,M,4680910.0,168130.0,36
201400026094,14,10,18,2300,4,2,1,1.0,6,36044,M,4681060.0,168987.0,36
201400026095,14,10,26,1905,3,1,4,1.0,3,36063,M,4683170.0,170276.0,36
201400026096,14,10,27,1555,1,1,1,1.0,4,36202,M,4677040.0,166337.0,36
201400026097,14,10,28,2020,3,2,6,1.0,2,36044,M,4679170.0,171203.0,36
201400026098,14,11,1,1308,1,1,3,1.0,3,36063,M,4685490.0,166821.0,36
201400026099,14,11,9,2125,3,1,1,1.0,7,36159,M,,,36
201400026100,14,9,10,1639,1,2,1,1.0,2,36044,M,4680590.0,171084.0,36
201400026101,14,9,10,1445,1,2,1,1.0,2,36044,M,4681590.0,169685.0,36
201400026102,14,9,12,1120,1,2,2,1.0,3,36044,M,4681300.0,168868.0,36
201400026103,14,11,30,1338,1,2,2,1.0,3,36044,M,4678870.0,169130.0,36
201400026104,14,3,9,1904,1,2,1,1.0,2,36063,M,,,36
201400026105,14,9,17,1649,1,1,6,1.0,3,36159,M,4676220.0,167846.0,36
201400026106,14,12,17,1630,1,2,2,8.0,3,36044,M,4679630.0,169894.0,36
201400026107,14,12,18,1320,1,2,1,8.0,6,36044,M,4680740.0,167558.0,36
201400026108,14,9,17,2325,4,2,1,1.0,3,36044,M,4681230.0,169260.0,36
201400026109,14,12,22,1350,1,2,1,1.0,6,36044,M,4679780.0,170580.0,36
201400026110,14,9,18,1843,1,2,1,1.0,6,36044,M,4680870.0,167923.0,36
201400026111,14,3,14,742,1,1,1,1.0,3,36159,M,,,36
201400026112,14,3,16,1854,1,2,1,1.0,2,36044,M,4682090.0,163380.0,36
201400026113,14,3,17,930,1,1,1,5.0,4,36159,M,4679600.0,173165.0,36
201400026114,14,9,25,1210,1,2,1,1.0,2,36044,M,4680570.0,169950.0,36
201400026115,14,9,27,855,1,2,2,1.0,3,36044,M,4681880.0,169856.0,36
201400026116,14,3,21,1745,1,1,1,1.0,7,36063,M,4682000.0,172866.0,36
201400026117,14,3,21,2230,5,2,6,1.0,3,36044,M,4678800.0,170369.0,36
201400026118,14,3,23,1054,1,2,1,1.0,7,36044,M,4681850.0,170680.0,36
201400026119,14,9,29,1900,1,2,1,1.0,6,36044,M,4681600.0,169678.0,36
201400026120,14,10,3,1626,1,2,1,1.0,2,36202,M,,,36
201400026121,14,10,3,1715,1,2,1,1.0,2,36044,M,4680310.0,170348.0,36
201400026122,14,10,4,615,5,2,1,1.0,7,36044,M,4681100.0,167768.0,36
201400026123,14,3,29,1940,1,1,3,1.0,3,36159,M,4677110.0,168523.0,36
201400026124,14,10,7,935,1,1,6,8.0,3,36063,M,4685150.0,170119.0,36
201400026125,14,4,1,1050,1,2,1,1.0,2,36159,M,4676400.0,168512.0,36
201400026126,14,4,1,1350,1,2,3,1.0,3,36044,M,4680940.0,170343.0,36
201400026127,14,4,4,2230,3,2,1,1.0,7,36044,M,4680100.0,167079.0,36
201400026128,14,10,15,1845,2,2,1,1.0,3,36044,M,4681740.0,170328.0,36
201400026129,14,10,16,2025,4,2,2,2.0,3,36044,M,4680940.0,170345.0,36
201400026130,14,10,17,1550,1,1,1,1.0,7,36159,M,4671960.0,173923.0,36
201400026131,14,4,14,1952,1,1,1,1.0,6,36202,M,4677140.0,159197.0,36
201400026132,14,10,24,1910,2,2,1,1.0,6,36044,M,4680870.0,169520.0,36
201400026133,14,10,29,825,1,2,1,1.0,6,36044,M,4681820.0,168835.0,36
201400026134,14,4,19,1645,1,1,1,1.0,7,36063,M,4681030.0,175260.0,36
201400026135,14,4,19,1914,1,1,1,1.0,7,36063,M,4685700.0,166728.0,36
201400026136,14,4,25,1455,1,2,3,1.0,3,36044,M,4681820.0,169496.0,36
201400026137,14,11,7,1120,1,2,1,1.0,7,36044,M,4681670.0,170930.0,36
201400026138,14,11,7,1815,5,2,6,1.0,6,36044,M,4681830.0,168877.0,36
201400026139,14,11,10,650,3,1,6,1.0,2,36063,M,4684550.0,170895.0,36
201400026140,14,5,1,2023,1,2,3,1.0,3,36044,M,4681060.0,169742.0,36
201400026141,14,5,7,1415,1,2,3,1.0,3,36044,M,4682320.0,169765.0,36
201400026142,14,11,18,1340,1,2,1,8.0,3,36044,M,,,36
201400026143,14,11,21,1345,1,2,6,1.0,3,36044,M,4682000.0,166448.0,36
201400026144,14,11,21,1712,1,1,6,1.0,4,36044,M,4679170.0,171203.0,36
201400026145,14,5,14,1544,1,2,1,1.0,6,36202,M,4682060.0,166990.0,36
201400026146,14,12,4,1100,1,2,1,1.0,7,36044,M,4679900.0,168339.0,36
201400026147,14,5,23,857,1,2,1,1.0,2,36044,M,4681840.0,168856.0,36
201400026148,14,12,6,1155,1,2,1,1.0,7,36063,M,4682590.0,170059.0,36
201400026149,14,12,11,1820,3,2,1,1.0,3,36202,M,4677770.0,164677.0,36
201400026150,14,12,15,1830,4,2,1,1.0,6,36044,M,4681730.0,169690.0,36
201400026151,14,12,16,1420,1,2,1,1.0,3,36044,M,4682030.0,169730.0,36
201400026152,14,12,16,1745,5,2,1,1.0,1,36044,M,4680280.0,170390.0,36
201400026153,14,6,3,857,1,1,1,1.0,7,36202,M,4677420.0,164718.0,36
201400026154,14,12,17,1636,1,2,1,2.0,6,36044,M,4679540.0,166510.0,36
201400026155,14,12,17,1753,5,2,1,2.0,6,36202,M,4678080.0,165294.0,36
201400026156,14,12,18,1625,1,1,1,1.0,2,36044,M,4678870.0,166450.0,36
201400026157,14,12,19,1800,5,2,1,3.0,6,36202,M,4677640.0,164686.0,36
201400026158,14,6,6,1615,1,2,1,1.0,7,36044,M,4680480.0,171309.0,36
201400026159,14,12,22,1635,1,2,1,1.0,4,36044,M,4679850.0,172631.0,36
201400026160,14,12,23,2105,5,2,1,8.0,6,36044,M,4680530.0,169440.0,36
201400026161,14,6,10,2024,1,2,1,1.0,4,36044,M,4681090.0,169174.0,36
201400026162,14,6,13,1010,1,2,1,1.0,2,36044,M,4680430.0,170017.0,36
201400026163,14,12,30,2025,5,2,1,1.0,2,36044,M,4682250.0,169750.0,36
201400026164,14,6,23,805,1,2,6,1.0,2,36044,M,4681430.0,169660.0,36
201400026165,14,6,24,1435,1,2,4,1.0,3,36044,M,4679380.0,168757.0,36
201400026166,14,6,25,1506,1,2,1,1.0,3,36044,M,4679990.0,172341.0,36
201400026167,14,6,26,1955,1,2,6,1.0,2,36044,M,4681020.0,168780.0,36
201400026168,14,6,27,1145,1,2,1,1.0,7,36044,M,4681110.0,169630.0,36
201400026169,14,8,15,1536,1,2,1,1.0,7,36044,M,4680770.0,169413.0,36
201400026170,14,1,6,719,2,2,1,2.0,2,37233,M,,,37
201400026171,14,1,9,1825,5,2,2,1.0,3,37261,M,,,37
201400026172,14,1,15,1805,5,2,1,2.0,4,37261,M,,,37
201400026173,14,1,16,1835,5,2,1,1.0,6,37261,M,,,37
201400026174,14,1,16,1730,2,1,2,1.0,3,37261,M,,,37
201400026175,14,1,17,755,1,2,1,1.0,2,37261,M,,,37
201400026176,14,1,17,810,1,2,1,1.0,6,37233,M,,,37
201400026177,14,1,17,1130,1,2,1,1.0,2,37261,M,,,37
201400026178,14,1,21,1815,5,2,3,1.0,2,37261,M,,,37
201400026179,14,1,21,1850,5,1,1,1.0,6,37261,M,,,37
201400026180,14,1,28,1300,1,2,6,2.0,7,37261,M,,,37
201400026181,14,1,28,1400,1,2,1,1.0,5,37122,M,,,37
201400026182,14,1,28,1840,5,2,1,3.0,2,37261,M,,,37
201400026183,14,1,28,1803,5,2,1,3.0,2,37261,M,,,37
201400026184,14,1,29,900,1,2,2,2.0,3,37208,M,,,37
201400026185,14,2,3,1820,5,2,1,1.0,3,37261,M,,,37
201400026186,14,2,5,900,1,2,2,1.0,3,37261,M,,,37
201400026187,14,2,9,1820,3,1,1,2.0,7,37122,M,,,37
201400026188,14,2,9,1825,3,1,1,2.0,7,37122,M,,,37
201400026189,14,2,9,2005,5,2,3,8.0,3,37195,M,,,37
201400026190,14,2,14,1820,5,2,1,1.0,6,37261,M,,,37
201400026191,14,2,14,2027,5,2,1,1.0,3,37261,M,,,37