Num_Acc,an,mois,jour,hrmn,lum,agg,int,atm,col,com,gps,lat,long,dep
201400026192,14,2,11,1233,1,2,1,1.0,6,37261,M,,,37
201400026193,14,2,17,1125,1,2,2,1.0,1,37261,M,,,37
201400026194,14,2,21,1410,1,2,3,1.0,3,37195,M,,,37
201400026195,14,2,26,1710,1,2,1,1.0,6,37214,M,,,37
201400026196,14,2,26,1835,5,2,3,1.0,3,37261,M,,,37
201400026197,14,2,26,1940,5,2,1,2.0,4,37195,M,,,37
201400026198,14,3,5,1655,1,2,2,1.0,3,37261,M,,,37
201400026199,14,3,5,1845,1,2,2,1.0,3,37261,M,,,37
201400026200,14,3,10,2025,5,2,1,1.0,4,37233,M,,,37
201400026201,14,3,12,730,1,2,1,1.0,7,37233,M,,,37
201400026202,14,3,11,1820,1,2,1,1.0,7,37195,M,,,37
201400026203,14,3,28,1423,1,2,2,1.0,3,37261,M,,,37
201400026204,14,2,17,2345,5,2,3,1.0,3,37208,M,,,37
201400026205,14,3,8,2125,5,2,2,1.0,1,37261,M,,,37
201400026206,14,3,27,2340,5,2,1,1.0,6,37195,M,,,37
201400026207,14,4,5,350,3,1,1,1.0,6,37233,M,,,37
201400026208,14,5,10,2220,5,2,2,1.0,3,37261,M,,,37
201400026209,14,5,16,2230,5,2,1,1.0,7,37195,M,,,37
201400026210,14,5,16,2253,5,2,1,1.0,6,37261,M,,,37
201400026211,14,5,20,2255,5,2,2,2.0,3,37261,M,,,37
201400026212,14,6,7,2045,1,2,2,1.0,2,37208,M,,,37
201400026213,14,6,16,2015,1,2,1,1.0,3,37261,M,,,37
201400026214,14,6,22,5,5,2,1,1.0,2,37261,M,,,37
201400026215,14,6,28,300,5,2,1,1.0,6,37261,M,,,37
201400026216,14,8,3,15,5,2,1,8.0,6,37261,M,,,37
201400026217,14,8,8,2205,3,2,1,2.0,2,37122,M,,,37
201400026218,14,8,17,15,5,2,6,1.0,3,37261,M,,,37
201400026219,14,8,21,20,5,2,2,1.0,5,37261,M,,,37
201400026220,14,8,25,2235,3,2,9,3.0,6,37122,M,,,37
201400026221,14,8,26,50,5,2,2,2.0,3,37261,M,,,37
201400026222,14,8,25,2244,5,2,1,3.0,6,37261,M,,,37
201400026223,14,8,30,225,5,2,3,1.0,6,37261,M,,,37
201400026224,14,9,12,2000,5,2,4,1.0,2,37233,M,,,37
201400026225,14,9,18,2105,5,2,3,8.0,3,37261,M,,,37
201400026226,14,9,21,200,5,2,1,1.0,6,37261,M,,,37
201400026227,14,9,26,2055,2,2,6,1.0,7,37261,M,,,37
201400026228,14,10,4,2210,5,2,1,2.0,7,37261,M,,,37
201400026229,14,10,9,2340,5,2,1,1.0,6,37233,M,,,37
201400026230,14,10,11,2325,5,2,6,1.0,7,37261,M,,,37
201400026231,14,10,12,150,3,2,1,8.0,2,37122,M,,,37
201400026232,14,10,12,2200,5,2,1,1.0,3,37261,M,,,37
201400026233,14,10,13,2145,5,2,3,1.0,1,37261,M,,,37
201400026234,14,1,9,930,1,2,9,8.0,7,37261,M,,,37
201400026235,14,1,13,1730,2,2,2,1.0,3,37261,M,,,37
201400026236,14,1,13,1920,2,2,1,1.0,7,37214,M,,,37
201400026237,14,1,16,835,1,2,1,2.0,7,37261,M,,,37
201400026238,14,1,22,700,3,1,1,2.0,7,37195,M,,,37
201400026239,14,1,22,1055,1,2,6,2.0,3,37261,M,,,37
201400026240,14,1,26,1820,5,2,1,2.0,1,37261,M,,,37
201400026241,14,1,26,2015,5,2,1,2.0,7,37261,M,,,37
201400026242,14,1,28,800,2,2,1,8.0,7,37261,M,,,37
201400026243,14,2,3,700,3,2,1,1.0,7,37208,M,,,37
201400026244,14,2,3,800,1,2,1,1.0,7,37122,M,,,37
201400026245,14,2,7,1900,2,2,1,1.0,7,37261,M,,,37
201400026246,14,2,9,830,1,2,2,8.0,3,37261,M,,,37
201400026247,14,2,8,1045,1,2,3,1.0,3,37261,M,,,37
201400026248,14,2,12,1750,1,2,1,2.0,7,37195,M,,,37
201400026249,14,2,12,1800,1,2,2,2.0,3,37261,M,,,37
201400026250,14,2,12,1800,1,2,1,2.0,7,37261,M,,,37
201400026251,14,2,15,910,1,2,1,1.0,7,37233,M,,,37
201400026252,14,2,24,1340,1,2,1,1.0,7,37233,M,,,37
201400026253,14,3,3,1515,1,2,1,2.0,4,37122,M,,,37
201400026254,14,3,2,1630,1,2,1,1.0,3,37214,M,,,37
201400026255,14,3,4,745,1,2,1,1.0,7,37261,M,,,37
201400026256,14,3,3,1600,1,2,1,2.0,2,37261,M,,,37
201400026257,14,3,4,1015,1,2,2,1.0,3,37261,M,,,37
201400026258,14,3,5,1045,1,2,1,1.0,7,37261,M,,,37
201400026259,14,3,9,1930,3,2,1,1.0,7,37122,M,,,37
201400026260,14,3,10,1105,1,2,1,1.0,6,37233,M,,,37
201400026261,14,3,10,1215,1,2,1,1.0,7,37122,M,,,37
201400026262,14,3,21,1610,1,2,1,1.0,2,37261,M,,,37
201400026263,14,3,28,825,1,2,2,1.0,3,37261,M,,,37
201400026264,14,3,27,1925,5,2,1,2.0,7,37261,M,,,37
201400026265,14,3,28,910,1,2,1,1.0,2,37261,M,,,37
201400026266,14,3,28,1210,1,2,1,1.0,2,37261,M,,,37
201400026267,14,1,6,1612,1,2,1,2.0,2,37261,M,,,37
201400026268,14,1,7,855,1,2,1,1.0,2,37261,M,,,37
201400026269,14,1,8,840,1,2,1,1.0,6,37261,M,,,37
201400026270,14,1,13,1215,1,2,3,1.0,2,37261,M,,,37
201400026271,14,1,14,725,5,2,6,1.0,7,37261,M,,,37
201400026272,14,1,14,1235,1,2,3,1.0,3,37261,M,,,37
201400026273,14,1,17,1350,1,2,3,1.0,6,37261,M,,,37
201400026274,14,1,17,1600,1,2,6,7.0,6,37261,M,,,37
201400026275,14,1,18,1625,1,2,2,1.0,3,37261,M,,,37
201400026276,14,1,23,1435,1,2,1,1.0,4,37261,M,,,37
201400026277,14,1,23,1605,1,2,1,1.0,4,37233,M,,,37
201400026278,14,1,25,1155,1,2,6,1.0,3,37233,M,,,37
201400026279,14,1,30,1600,1,2,1,1.0,6,37261,M,,,37
201400026280,14,2,4,1320,1,1,1,1.0,3,37261,M,,,37
201400026281,14,2,5,1618,1,2,1,2.0,2,37122,M,,,37
201400026282,14,2,5,1756,2,2,1,1.0,7,37208,M,,,37
201400026283,14,2,13,845,1,2,1,1.0,6,37261,M,,,37
201400026284,14,2,13,1045,1,1,1,1.0,6,37261,M,,,37
201400026285,14,2,22,1400,1,2,6,2.0,7,37214,M,,,37
201400026286,14,2,23,1310,1,2,4,1.0,3,37261,M,,,37
201400026287,14,2,23,1830,2,2,2,1.0,3,37261,M,,,37
201400026288,14,2,11,1730,1,2,1,1.0,6,37261,M,,,37
201400026289,14,3,14,815,1,2,1,1.0,6,37261,M,,,37
201400026290,14,3,19,1820,1,2,1,1.0,4,37214,M,,,37
201400026291,14,3,27,1136,1,2,1,1.0,2,37261,M,,,37
201400026292,14,4,1,1020,1,2,3,1.0,3,37261,M,,,37
201400026293,14,3,20,800,1,2,2,1.0,3,37261,M,,,37
201400026294,14,4,5,1855,1,2,1,1.0,7,37214,M,,,37
201400026295,14,4,6,1915,1,2,1,1.0,7,37261,M,,,37
201400026296,14,4,7,505,3,2,1,1.0,6,37261,M,,,37
201400026297,14,12,8,852,1,2,1,1.0,6,37261,M,,,37
201400026298,14,3,28,1845,1,2,6,1.0,6,37233,M,,,37
201400026299,14,3,29,1800,1,2,1,1.0,4,37261,M,,,37
201400026300,14,3,28,1330,1,2,3,1.0,3,37122,M,,,37
201400026301,14,4,3,1620,1,1,1,2.0,3,37261,M,,,37
201400026302,14,4,3,1810,1,2,2,2.0,1,37214,M,,,37
201400026303,14,4,4,1900,1,2,1,1.0,7,37261,M,,,37
201400026304,14,4,5,855,1,2,3,1.0,3,37122,M,,,37
201400026305,14,4,9,1330,1,2,1,1.0,3,37261,M,,,37
201400026306,14,4,9,1855,1,2,2,1.0,3,37208,M,,,37
201400026307,14,4,9,1935,1,2,1,7.0,6,37261,M,,,37
201400026308,14,4,10,1810,1,2,1,1.0,3,37261,M,,,37
201400026309,14,4,12,1215,1,2,1,1.0,3,37261,M,,,37
201400026310,14,4,12,1200,1,2,1,1.0,3,37233,M,,,37
201400026311,14,4,16,1755,1,2,1,1.0,6,37261,M,,,37
201400026312,14,4,16,2010,1,2,2,1.0,2,37122,M,,,37
201400026313,14,5,4,1720,1,1,1,1.0,2,37261,M,,,37
201400026314,14,5,6,1010,1,2,3,1.0,3,37261,M,,,37
201400026315,14,5,10,1455,1,2,3,2.0,3,37261,M,,,37
201400026316,14,5,12,1120,1,2,2,1.0,3,37261,M,,,37
201400026317,14,5,15,1820,1,2,3,1.0,2,37233,M,,,37
201400026318,14,5,16,1610,1,2,1,1.0,6,37261,M,,,37
201400026319,14,5,16,1715,1,2,1,1.0,7,37261,M,,,37
201400026320,14,5,16,1825,1,2,2,1.0,3,37261,M,,,37
201400026321,14,5,21,1305,1,2,1,3.0,7,37195,M,,,37
201400026322,14,5,21,1830,1,2,1,3.0,3,37261,M,,,37
201400026323,14,5,22,1300,1,2,1,1.0,3,37261,M,,,37
201400026324,14,5,22,1450,1,2,1,1.0,2,37261,M,,,37
201400026325,14,5,23,900,1,1,2,1.0,3,37122,M,,,37
201400026326,14,5,27,1800,1,1,6,8.0,7,37261,M,,,37
201400026327,14,5,27,1920,1,2,1,2.0,2,37261,M,,,37
201400026328,14,6,4,1100,1,2,1,1.0,7,37261,M,,,37
201400026329,14,6,8,1525,1,2,1,1.0,7,37233,M,,,37
201400026330,14,6,9,1445,1,2,1,9.0,6,37233,M,,,37
201400026331,14,6,9,1850,1,2,1,1.0,6,37122,M,,,37
201400026332,14,1,18,1342,1,2,1,1.0,7,37261,M,,,37
201400026333,14,4,1,1850,1,2,1,1.0,7,37261,M,,,37
201400026334,14,4,3,800,2,2,1,1.0,7,37122,M,,,37
201400026335,14,4,4,800,1,2,1,2.0,5,37122,M,,,37
201400026336,14,4,14,1535,1,2,1,1.0,7,37261,M,,,37
201400026337,14,4,14,1540,1,2,2,1.0,3,37261,M,,,37
201400026338,14,4,15,1100,1,2,1,1.0,5,37214,M,,,37
201400026339,14,4,19,1920,1,2,6,1.0,2,37195,M,,,37
201400026340,14,4,26,2010,1,2,1,1.0,7,37233,M,,,37
201400026341,14,4,27,1100,1,1,1,2.0,7,37122,M,,,37
201400026342,14,5,7,1615,1,2,1,1.0,7,37261,M,,,37
201400026343,14,5,7,1340,1,2,1,1.0,5,37233,M,,,37
201400026344,14,5,8,1505,1,2,1,1.0,2,37261,M,,,37
201400026345,14,5,14,1830,1,2,3,1.0,3,37261,M,,,37
201400026346,14,5,16,1125,1,2,1,1.0,2,37261,M,,,37
201400026347,14,5,19,1400,1,2,1,1.0,2,37261,M,,,37
201400026348,14,5,20,1810,1,2,2,8.0,5,37261,M,,,37
201400026349,14,1,14,1320,1,2,2,1.0,6,37233,M,,,37
201400026350,14,4,19,915,1,2,6,1.0,3,37208,M,,,37
201400026351,14,4,20,740,1,2,2,1.0,3,37261,M,,,37
201400026352,14,5,2,634,2,1,1,8.0,7,37122,M,,,37
201400026353,14,5,5,1340,1,2,1,1.0,6,37208,M,,,37
201400026354,14,5,5,1635,1,2,3,1.0,6,37261,M,,,37
201400026355,14,5,5,1700,1,2,1,1.0,4,37261,M,,,37
201400026356,14,5,5,1753,1,2,2,1.0,3,37261,M,,,37
201400026357,14,5,11,1735,1,2,1,1.0,2,37261,M,,,37
201400026358,14,5,11,1940,1,2,1,1.0,6,37261,M,,,37
201400026359,14,5,13,1200,1,2,3,1.0,2,37233,M,,,37
201400026360,14,5,14,945,1,2,1,1.0,6,37261,M,,,37
201400026361,14,5,20,836,1,2,1,2.0,3,37261,M,,,37
201400026362,14,5,2,1222,1,2,3,1.0,3,37233,M,,,37
201400026363,14,5,23,1540,1,2,3,2.0,2,37261,M,,,37
201400026364,14,5,24,1510,1,2,3,2.0,3,37122,M,,,37
201400026365,14,5,25,655,1,2,4,1.0,3,37261,M,,,37
201400026366,14,5,26,837,1,2,1,1.0,5,37261,M,,,37
201400026367,14,5,30,1550,1,2,1,2.0,6,37261,M,,,37
201400026368,14,6,4,1439,1,2,3,1.0,3,37261,M,,,37
201400026369,14,6,6,849,1,2,1,1.0,6,37261,M,,,37
201400026370,14,6,10,1345,1,2,2,8.0,7,37261,M,,,37
201400026371,14,6,10,1400,1,2,2,1.0,3,37261,M,,,37
201400026372,14,6,17,1517,1,2,1,1.0,1,37233,M,,,37
201400026373,14,6,17,1555,1,2,2,1.0,3,37261,M,,,37
201400026374,14,6,16,1420,1,2,1,1.0,4,37233,M,,,37
201400026375,14,6,16,1730,1,2,1,1.0,2,37233,M,,,37
201400026376,14,6,18,830,1,2,6,1.0,2,37208,M,,,37
201400026377,14,6,19,800,1,2,1,1.0,2,37208,M,,,37
201400026378,14,6,22,1810,1,2,1,1.0,6,37261,M,,,37
201400026379,14,6,24,705,1,2,1,1.0,3,37261,M,,,37
201400026380,14,6,24,855,1,2,1,1.0,5,37261,M,,,37
201400026381,14,6,25,835,1,2,1,1.0,2,37214,M,,,37
201400026382,14,7,4,1540,1,2,1,1.0,6,37261,M,,,37
201400026383,14,3,4,1245,1,2,1,1.0,6,37122,M,,,37
201400026384,14,3,9,1018,1,2,1,1.0,6,37261,M,,,37
201400026385,14,3,14,1018,1,2,1,1.0,7,37261,M,,,37
201400026386,14,1,18,1550,1,2,1,1.0,6,37214,M,,,37
201400026387,14,5,28,640,2,1,1,8.0,7,37122,M,,,37
201400026388,14,5,28,645,1,2,2,1.0,3,37261,M,,,37
201400026389,14,5,28,1140,1,2,1,1.0,7,37233,M,,,37
201400026390,14,6,2,815,1,1,1,1.0,7,37261,M,,,37
201400026391,14,6,2,935,1,2,2,1.0,3,37261,M,,,37
201400026392,14,6,7,1645,1,2,1,1.0,2,37261,M,,,37
201400026393,14,6,12,1415,1,2,1,1.0,3,37261,M,,,37
201400026394,14,6,13,1355,1,2,2,1.0,6,37233,M,,,37
201400026395,14,6,20,905,1,2,1,1.0,7,37261,M,,,37
201400026396,14,6,24,1250,1,2,1,1.0,3,37195,M,,,37
201400026397,14,6,26,835,1,2,6,1.0,3,37261,M,,,37
201400026398,14,7,24,1815,1,2,1,1.0,7,37261,M,,,37
201400026399,14,8,1,910,1,2,6,1.0,3,37261,M,,,37
201400026400,14,8,1,1220,1,1,1,1.0,7,37208,M,,,37
201400026401,14,8,6,1515,1,1,1,2.0,7,37195,M,,,37
201400026402,14,8,6,1920,1,1,1,2.0,7,37195,M,,,37
201400026403,14,8,7,830,1,2,2,8.0,3,37261,M,,,37
201400026404,14,8,7,1010,1,1,1,8.0,7,37208,M,,,37
201400026405,14,8,11,1530,1,2,1,1.0,7,37122,M,,,37
201400026406,14,8,12,1600,1,1,1,2.0,7,37122,M,,,37
201400026407,14,8,12,1605,1,2,1,2.0,7,37233,M,,,37
201400026408,14,8,23,1725,1,2,1,1.0,6,37261,M,,,37
201400026409,14,8,25,815,1,2,1,1.0,7,37261,M,,,37
201400026410,14,8,26,920,1,1,1,1.0,7,37122,M,,,37
201400026411,14,9,6,630,5,2,1,1.0,7,37261,M,,,37
201400026412,14,9,1,1200,1,2,3,1.0,7,37261,M,,,37
201400026413,14,9,10,1800,1,2,1,1.0,2,37261,M,,,37
201400026414,14,9,11,1815,1,2,1,1.0,7,37261,M,,,37
201400026415,14,9,16,1725,1,2,1,1.0,7,37122,M,,,37
201400026416,14,9,12,1020,1,2,6,1.0,7,37261,M,,,37
201400026417,14,4,3,1650,1,2,1,9.0,7,37122,M,,,37
201400026418,14,4,5,355,5,2,1,1.0,6,37122,M,,,37
201400026419,14,4,8,1940,1,2,1,1.0,6,37122,M,,,37
201400026420,14,6,10,845,1,2,6,1.0,2,37214,M,,,37
201400026421,14,6,14,1720,1,2,2,1.0,1,37233,M,,,37
201400026422,14,6,15,1840,1,2,3,1.0,3,37208,M,,,37
201400026423,14,6,17,810,1,2,2,1.0,3,37261,M,,,37
201400026424,14,6,17,835,1,2,1,1.0,2,37261,M,,,37
201400026425,14,6,20,1625,1,2,1,1.0,6,37208,M,,,37
201400026426,14,6,21,1315,1,2,1,1.0,7,37261,M,,,37
201400026427,14,6,21,1400,1,2,1,1.0,6,37261,M,,,37
201400026428,14,6,22,730,1,2,2,1.0,3,37261,M,,,37
201400026429,14,6,22,940,1,2,6,1.0,3,37195,M,,,37
201400026430,14,6,26,1355,1,2,6,1.0,3,37233,M,,,37
201400026431,14,6,27,1700,1,1,1,1.0,2,37195,M,,,37
201400026432,14,7,1,855,2,2,1,1.0,4,37261,M,,,37
201400026433,14,7,1,1150,1,2,3,1.0,3,37122,M,,,37
201400026434,14,7,3,1740,1,2,2,1.0,3,37261,M,,,37
201400026435,14,7,3,1835,1,2,1,1.0,1,37261,M,,,37
201400026436,14,7,3,2030,1,2,1,1.0,3,37261,M,,,37
201400026437,14,7,4,1105,1,2,2,1.0,3,37261,M,,,37
201400026438,14,7,5,1230,1,2,3,1.0,2,37233,M,,,37
201400026439,14,5,14,745,1,2,1,2.0,7,37261,M,,,37
201400026440,14,5,2,900,2,2,3,1.0,2,37261,M,,,37
201400026441,14,7,5,1800,1,2,2,1.0,3,37261,M,,,37
201400026442,14,7,5,1645,1,1,1,1.0,4,37122,M,,,37
201400026443,14,7,6,1025,1,2,1,2.0,6,37261,M,,,37
201400026444,14,5,27,2000,1,2,1,1.0,3,37261,M,,,37
201400026445,14,7,14,1800,1,2,1,1.0,6,37261,M,,,37
201400026446,14,7,15,1655,1,2,2,1.0,3,37261,M,,,37
201400026447,14,7,7,1230,1,2,6,1.0,3,37122,M,,,37
201400026448,14,7,13,1150,1,1,1,2.0,6,37122,M,,,37
201400026449,14,6,7,1100,1,1,1,1.0,6,37214,M,,,37
201400026450,14,7,16,1922,1,1,1,1.0,6,37233,M,,,37
201400026451,14,7,22,1755,1,2,1,1.0,2,37195,M,,,37
201400026452,14,7,25,840,1,2,1,1.0,3,37261,M,,,37
201400026453,14,7,25,1010,1,1,1,1.0,6,37195,M,,,37
201400026454,14,7,31,749,1,2,3,1.0,3,37195,M,,,37
201400026455,14,8,15,1300,1,2,1,1.0,5,37233,M,,,37
201400026456,14,8,18,1130,1,2,1,8.0,3,37261,M,,,37
201400026457,14,8,21,1405,1,2,1,1.0,2,37261,M,,,37
201400026458,14,8,22,1345,1,2,1,1.0,6,37261,M,,,37
201400026459,14,8,29,1000,1,2,1,1.0,2,37261,M,,,37
201400026460,14,9,5,800,1,2,6,1.0,3,37261,M,,,37
201400026461,14,7,29,1721,1,2,1,2.0,1,37261,M,,,37
201400026462,14,9,14,1315,1,2,1,1.0,7,37122,M,,,37
201400026463,14,9,14,1350,1,1,2,1.0,6,37208,M,,,37
201400026464,14,9,14,2030,5,2,3,1.0,3,37261,M,,,37
201400026465,14,9,15,1730,1,2,1,1.0,6,37261,M,,,37
201400026466,14,9,16,940,1,2,1,1.0,6,37208,M,,,37
201400026467,14,9,16,1245,1,2,2,1.0,3,37261,M,,,37
201400026468,14,9,20,1920,1,2,6,8.0,7,37261,M,,,37
201400026469,14,9,26,1600,1,2,1,1.0,5,37261,M,,,37
201400026470,14,9,27,1825,1,2,1,1.0,4,37261,M,,,37
201400026471,14,9,29,919,1,2,1,2.0,1,37261,M,,,37
201400026472,14,10,2,1825,1,2,1,1.0,7,37261,M,,,37
201400026473,14,5,4,1800,1,2,2,1.0,7,37122,M,,,37
201400026474,14,5,15,1550,1,2,2,1.0,3,37261,M,,,37
201400026475,14,1,25,530,5,2,1,2.0,7,37261,M,,,37
201400026476,14,5,17,1005,1,2,2,1.0,3,37122,M,,,37
201400026477,14,5,21,1730,1,2,1,1.0,6,37214,M,,,37
201400026478,14,5,22,1800,1,2,1,1.0,6,37261,M,,,37
201400026479,14,7,15,1710,1,2,6,1.0,3,37261,M,,,37
201400026480,14,7,20,1540,1,2,1,1.0,3,37261,M,,,37
201400026481,14,6,3,1450,1,2,1,1.0,3,37261,M,,,37
201400026482,14,7,27,1625,1,2,2,1.0,3,37261,M,,,37
201400026483,14,7,27,1345,1,2,1,1.0,6,37214,M,,,37
201400026484,14,6,27,1515,1,2,3,1.0,2,37233,M,,,37
201400026485,14,7,28,700,1,2,3,1.0,2,37233,M,,,37
201400026486,14,7,29,735,1,2,1,1.0,6,37261,M,,,37
201400026487,14,8,2,1640,1,1,1,2.0,6,37195,M,,,37
201400026488,14,8,8,1900,1,2,2,2.0,3,37261,M,,,37
201400026489,14,8,8,2005,1,2,1,2.0,6,37122,M,,,37
201400026490,14,7,15,1530,1,2,1,1.0,7,37261,M,,,37
201400026491,14,8,13,1900,1,2,6,1.0,2,37208,M,,,37
201400026492,14,8,20,1705,1,2,3,1.0,3,37261,M,,,37
201400026493,14,8,21,835,1,2,1,1.0,7,37261,M,,,37
201400026494,14,8,26,1400,1,2,2,1.0,3,37261,M,,,37
201400026495,14,9,2,1910,1,2,1,1.0,6,37261,M,,,37
201400026496,14,9,7,1700,1,2,2,1.0,6,37261,M,,,37
201400026497,14,9,9,805,1,2,3,1.0,3,37261,M,,,37
201400026498,14,9,12,1540,1,2,1,1.0,6,37261,M,,,37
201400026499,14,9,15,815,1,2,2,1.0,3,37261,M,,,37
201400026500,14,9,19,1740,1,1,1,1.0,4,37261,M,,,37
201400026501,14,9,20,500,5,2,1,1.0,2,37122,M,,,37
201400026502,14,9,21,920,1,2,1,1.0,6,37214,M,,,37
201400026503,14,9,24,1610,1,1,1,1.0,3,37122,M,,,37
201400026504,14,9,25,1810,1,2,1,1.0,7,37214,M,,,37
201400026505,14,9,24,1610,1,1,1,1.0,2,37122,M,,,37
201400026506,14,9,26,1105,1,2,3,1.0,2,37261,M,,,37
201400026507,14,9,30,2010,3,2,1,1.0,2,37261,M,,,37
201400026508,14,10,1,1625,1,2,2,1.0,3,37261,M,,,37
201400026509,14,6,4,1440,1,2,1,1.0,7,37261,M,,,37
201400026510,14,6,6,847,1,2,1,1.0,6,37122,M,,,37
201400026511,14,1,28,2115,5,2,3,2.0,3,37261,M,,,37
201400026512,14,9,11,1920,1,1,1,1.0,7,37261,M,,,37
201400026513,14,9,18,800,1,2,3,1.0,1,37122,M,,,37
201400026514,14,9,23,1900,1,2,1,1.0,3,37261,M,,,37
201400026515,14,9,23,1425,1,2,2,1.0,3,37261,M,,,37
201400026516,14,9,25,830,1,2,1,1.0,7,37233,M,,,37
201400026517,14,9,29,1745,1,2,2,1.0,3,37233,M,,,37
201400026518,14,9,30,800,1,2,3,1.0,5,37261,M,,,37
201400026519,14,10,1,1200,1,2,3,1.0,3,37261,M,,,37
201400026520,14,10,6,840,5,2,3,1.0,3,37261,M,,,37
201400026521,14,10,7,740,1,2,1,2.0,4,37261,M,,,37
201400026522,14,10,7,1130,1,2,1,1.0,7,37261,M,,,37
201400026523,14,10,10,1510,1,2,1,1.0,7,37233,M,,,37
201400026524,14,10,10,1605,1,2,1,1.0,7,37261,M,,,37
201400026525,14,10,11,1805,1,2,1,1.0,1,37261,M,,,37
201400026526,14,10,13,1205,1,2,1,1.0,7,37261,M,,,37
201400026527,14,10,16,1930,5,2,1,2.0,7,37261,M,,,37
201400026528,14,10,17,1645,1,2,1,1.0,7,37261,M,,,37
201400026529,14,10,17,1815,1,2,1,1.0,7,37208,M,,,37
201400026530,14,10,23,2000,5,2,6,1.0,3,37261,M,,,37
201400026531,14,10,23,1815,5,2,3,1.0,3,37261,M,,,37
201400026532,14,10,12,515,5,2,1,1.0,7,37261,M,,,37
201400026533,14,7,18,935,1,2,1,1.0,7,37261,M,,,37
201400026534,14,7,20,1134,1,2,1,1.0,7,37122,M,,,37
201400026535,14,7,25,840,1,2,1,1.0,7,37122,M,,,37
201400026536,14,2,1,1745,1,2,1,1.0,3,37261,M,,,37
201400026537,14,10,2,915,1,1,2,1.0,3,37261,M,,,37
201400026538,14,10,6,1520,1,1,2,2.0,2,37214,M,,,37
201400026539,14,10,6,1540,1,2,1,3.0,7,37261,M,,,37
201400026540,14,10,7,1413,1,2,1,2.0,1,37261,M,,,37
201400026541,14,10,7,1540,1,2,1,1.0,7,37261,M,,,37
201400026542,14,10,7,1710,1,1,1,2.0,4,37195,M,,,37
201400026543,14,10,7,1810,1,2,3,2.0,3,37195,M,,,37
201400026544,14,10,3,733,1,2,3,1.0,3,37261,M,,,37
201400026545,14,10,3,939,1,2,3,1.0,2,37208,M,,,37
201400026546,14,10,3,830,1,2,1,1.0,3,37261,M,,,37
201400026547,14,10,3,1047,1,2,1,1.0,7,37122,M,,,37
201400026548,14,10,8,840,1,1,1,2.0,6,37122,M,,,37
201400026549,14,10,12,1919,3,2,3,1.0,3,37214,M,,,37
201400026550,14,10,13,1450,1,2,1,1.0,4,37122,M,,,37
201400026551,14,10,12,1940,5,2,1,8.0,7,37261,M,,,37
201400026552,14,10,18,1525,1,2,2,1.0,1,37233,M,,,37
201400026553,14,10,26,500,5,2,1,5.0,7,37261,M,,,37
201400026554,14,10,26,630,5,2,2,1.0,3,37261,M,,,37
201400026555,14,10,30,1815,5,2,3,1.0,3,37261,M,,,37
201400026556,14,11,6,1750,5,2,3,1.0,3,37261,M,,,37
201400026557,14,11,7,1037,1,2,1,1.0,2,37261,M,,,37
201400026558,14,11,11,1852,5,2,2,2.0,3,37261,M,,,37
201400026559,14,11,13,735,1,2,3,1.0,6,37122,M,,,37
201400026560,14,11,14,1027,1,1,1,2.0,7,37122,M,,,37
201400026561,14,11,18,1930,5,2,3,2.0,6,37261,M,,,37
201400026562,14,11,18,1455,1,2,1,2.0,4,37261,M,,,37
201400026563,14,11,18,1710,2,2,1,1.0,6,37233,M,,,37
201400026564,14,11,19,850,1,1,1,8.0,7,37208,M,,,37
201400026565,14,11,25,855,1,2,6,2.0,3,37233,M,,,37
201400026566,14,8,6,1610,1,2,1,2.0,6,37122,M,,,37
201400026567,14,10,3,1500,1,2,3,1.0,7,37214,M,,,37
201400026568,14,10,3,1633,1,2,1,1.0,3,37261,M,,,37
201400026569,14,10,3,1825,1,2,6,1.0,3,37261,M,,,37
201400026570,14,10,9,1820,1,2,1,1.0,2,37122,M,,,37
201400026571,14,10,10,1000,1,1,1,1.0,7,37122,M,,,37
201400026572,14,10,17,800,2,2,2,1.0,3,37233,M,,,37
201400026573,14,10,27,1805,2,2,1,1.0,3,37233,M,,,37
201400026574,14,10,27,2045,4,2,6,1.0,3,37261,M,,,37
201400026575,14,10,27,1930,5,2,3,1.0,4,37233,M,,,37
201400026576,14,10,28,1000,1,1,1,1.0,3,37195,M,,,37
201400026577,14,10,29,1045,1,2,1,1.0,6,37261,M,,,37
201400026578,14,11,2,1510,1,2,3,1.0,2,37122,M,,,37
201400026579,14,11,2,1720,2,1,9,2.0,7,37214,M,,,37
201400026580,14,11,4,730,1,2,2,1.0,3,37261,M,,,37
201400026581,14,11,9,1215,1,2,1,1.0,6,37261,M,,,37
201400026582,14,11,14,1505,1,2,1,1.0,6,37261,M,,,37
201400026583,14,11,14,1650,1,1,1,1.0,1,37122,M,,,37
201400026584,14,11,20,1745,5,2,1,1.0,7,37261,M,,,37
201400026585,14,11,26,1340,1,2,1,1.0,7,37261,M,,,37
201400026586,14,11,26,1805,5,2,3,1.0,2,37233,M,,,37
201400026587,14,11,27,1220,1,2,1,1.0,7,37261,M,,,37
201400026588,14,11,28,1210,1,2,3,1.0,3,37261,M,,,37
201400026589,14,10,4,1030,1,2,1,1.0,3,37122,M,,,37
201400026590,14,12,2,1740,2,2,6,2.0,3,37208,M,,,37
201400026591,14,12,4,1045,1,2,1,2.0,2,37261,M,,,37
201400026592,14,12,7,1910,4,2,1,2.0,6,37261,M,,,37
201400026593,14,12,9,755,5,2,1,1.0,6,37261,M,,,37
201400026594,14,12,13,1505,1,1,1,2.0,7,37214,M,,,37
201400026595,14,12,13,1740,5,2,1,1.0,6,37214,M,,,37
201400026596,14,12,14,1245,1,2,1,1.0,7,37261,M,,,37
201400026597,14,12,14,1515,1,2,1,1.0,3,37261,M,,,37
201400026598,14,12,14,1735,2,2,1,1.0,6,37233,M,,,37