Num_Acc,an,mois,jour,hrmn,lum,agg,int,atm,col,com,gps,lat,long,dep
201400026599,14,12,15,540,5,2,1,1.0,7,37261,M,,,37
201400026600,14,12,15,830,1,2,1,1.0,7,37261,M,,,37
201400026601,14,12,19,1735,3,2,1,2.0,6,37261,M,,,37
201400026602,14,12,19,1830,5,2,1,2.0,7,37122,M,,,37
201400026603,14,12,19,1955,5,2,2,2.0,3,37261,M,,,37
201400026604,14,12,19,1925,5,2,2,2.0,3,37233,M,,,37
201400026605,14,12,31,1450,1,2,1,1.0,6,37233,M,,,37
201400026606,14,10,19,2355,5,2,2,1.0,3,37261,M,,,37
201400026607,14,11,1,300,5,2,1,1.0,1,37261,M,,,37
201400026608,14,11,22,2100,5,2,6,1.0,7,37214,M,,,37
201400026609,14,12,5,2220,5,2,2,1.0,3,37122,M,,,37
201400026610,14,12,6,215,5,2,1,1.0,1,37261,M,,,37
201400026611,14,12,6,300,5,2,1,1.0,6,37261,M,,,37
201400026612,14,12,8,2140,5,2,2,1.0,6,37261,M,,,37
201400026613,14,12,10,2330,5,2,6,1.0,6,37261,M,,,37
201400026614,14,12,13,2335,5,2,1,1.0,3,37261,M,,,37
201400026615,14,12,14,340,3,2,3,8.0,6,37233,M,,,37
201400026616,14,12,17,425,3,2,1,3.0,7,37122,M,,,37
201400026617,14,12,20,2045,5,2,1,1.0,1,37122,M,,,37
201400026618,14,11,3,1645,1,2,1,2.0,7,37261,M,,,37
201400026619,14,11,4,1245,1,1,1,1.0,2,37122,M,,,37
201400026620,14,11,4,1600,1,2,1,1.0,7,37122,M,,,37
201400026621,14,11,5,1230,1,2,1,1.0,7,37261,M,,,37
201400026622,14,11,10,1415,1,2,6,1.0,3,37214,M,,,37
201400026623,14,11,17,745,1,1,1,2.0,7,37122,M,,,37
201400026624,14,11,24,500,5,2,1,1.0,7,37261,M,,,37
201400026625,14,11,27,1335,1,2,1,1.0,6,37261,M,,,37
201400026626,14,11,30,1150,1,2,1,1.0,6,37122,M,,,37
201400026627,14,2,9,35,5,2,1,1.0,6,37261,M,,,37
201400026628,14,2,3,1000,1,2,1,8.0,7,37208,M,,,37
201400026629,14,10,6,1715,1,2,1,1.0,6,37208,M,,,37
201400026630,14,10,3,1000,1,2,3,1.0,3,37233,M,,,37
201400026631,14,10,14,830,1,2,1,1.0,6,37233,M,,,37
201400026632,14,10,14,1045,1,2,1,1.0,6,37261,M,,,37
201400026633,14,11,25,1245,1,2,3,8.0,3,37122,M,,,37
201400026634,14,11,26,817,1,2,1,1.0,3,37122,M,,,37
201400026635,14,11,29,1750,5,2,2,1.0,3,37122,M,,,37
201400026636,14,11,30,1455,1,2,2,1.0,3,37261,M,,,37
201400026637,14,12,2,556,5,2,1,1.0,3,37261,M,,,37
201400026638,14,12,2,730,4,2,3,2.0,6,37261,M,,,37
201400026639,14,12,2,830,1,1,1,2.0,7,37122,M,,,37
201400026640,14,12,2,1200,1,2,1,2.0,6,37261,M,,,37
201400026641,14,12,6,1717,5,2,2,1.0,3,37261,M,,,37
201400026642,14,12,20,1036,1,2,3,1.0,3,37261,M,,,37
201400026643,14,12,23,1405,1,2,1,1.0,6,37122,M,,,37
201400026644,14,12,26,1110,1,2,1,1.0,2,37261,M,,,37
201400026645,14,12,30,1425,1,1,3,1.0,7,37122,M,,,37
201400026646,14,12,31,1027,1,2,2,1.0,6,37261,M,,,37
201400026647,14,9,17,1400,1,2,1,1.0,2,37122,M,,,37
201400026648,14,9,19,2015,2,2,1,1.0,7,37261,M,,,37
201400026649,14,9,25,1700,1,2,1,1.0,3,37261,M,,,37
201400026650,14,12,3,1820,5,2,1,2.0,6,37261,M,,,37
201400026651,14,12,9,1330,1,2,1,1.0,7,37261,M,,,37
201400026652,14,12,9,1745,2,2,1,1.0,7,37261,M,,,37
201400026653,14,1,2,2020,4,2,1,1.0,7,37261,M,,,37
201400026654,14,12,10,1700,1,2,1,8.0,7,37214,M,,,37
201400026655,14,12,12,800,2,2,1,2.0,2,37261,M,,,37
201400026656,14,12,12,1023,1,2,1,2.0,2,37261,M,,,37
201400026657,14,12,16,1630,1,2,1,8.0,2,37261,M,,,37
201400026658,14,12,16,1635,1,2,1,8.0,3,37233,M,,,37
201400026659,14,12,18,750,2,2,1,2.0,3,37122,M,,,37
201400026660,14,12,22,1840,5,2,1,1.0,7,37261,M,,,37
201400026661,14,12,23,1030,1,2,1,1.0,2,37122,M,,,37
201400026662,14,12,30,630,2,2,2,9.0,6,37261,M,,,37
201400026663,14,3,3,940,1,2,1,1.0,3,37233,M,,,37
201400026664,14,2,17,1315,1,2,1,1.0,1,37195,M,,,37
201400026665,14,10,6,2030,2,2,1,1.0,6,37261,M,,,37
201400026666,14,10,19,1635,1,1,1,1.0,7,37233,M,,,37
201400026667,14,11,6,1640,1,2,1,1.0,6,37261,M,,,37
201400026668,14,11,4,951,1,2,1,1.0,7,37261,M,,,37
201400026669,14,12,19,1749,5,2,1,1.0,4,37208,M,,,37
201400026670,14,12,19,1743,2,2,1,1.0,6,37261,M,,,37
201400026671,14,2,24,1550,1,2,3,1.0,5,37261,M,,,37
201400026672,14,10,19,1515,1,2,1,1.0,2,37261,M,,,37
201400026673,14,3,7,1515,1,2,1,1.0,2,37261,M,,,37
201400026674,14,3,9,1355,1,2,1,1.0,3,37261,M,,,37
201400026675,14,3,8,1545,1,2,1,1.0,7,37122,M,,,37
201400026676,14,3,21,1745,1,2,1,1.0,2,37233,M,,,37
201400026677,14,3,23,2245,5,2,1,1.0,7,37261,M,,,37
201400026678,14,3,24,1939,5,2,3,1.0,3,37233,M,,,37
201400026679,14,9,26,1410,1,2,4,1.0,1,37261,M,,,37
201400026680,14,4,7,1215,1,2,1,1.0,2,37195,M,,,37
201400026681,14,4,8,800,1,2,2,1.0,3,37261,M,,,37
201400026682,14,4,7,1930,1,2,1,1.0,1,37261,M,,,37
201400026683,14,4,14,1010,1,2,1,1.0,3,37261,M,,,37
201400026684,14,4,18,2042,2,2,1,1.0,6,37122,M,,,37
201400026685,14,4,20,1400,1,2,2,1.0,3,37261,M,,,37
201400026686,14,5,6,1605,1,2,1,1.0,1,37122,M,,,37
201400026687,14,5,19,1440,1,2,2,1.0,1,37233,M,,,37
201400026688,14,5,19,1430,1,2,6,1.0,6,37261,M,,,37
201400026689,14,5,29,1535,1,2,1,1.0,6,37261,M,,,37
201400026690,14,5,29,2250,5,2,1,1.0,6,37122,M,,,37
201400026691,14,6,1,625,2,2,2,1.0,3,37261,M,,,37
201400026692,14,6,8,2300,5,2,1,1.0,6,37261,M,,,37
201400026693,14,6,18,1340,1,1,1,1.0,7,37261,M,,,37
201400026694,14,7,3,855,1,2,1,1.0,6,37261,M,,,37
201400026695,14,7,19,520,3,2,1,1.0,6,37233,M,,,37
201400026696,14,8,3,1651,1,2,1,1.0,6,37208,M,,,37
201400026697,14,8,7,700,2,2,2,2.0,3,37261,M,,,37
201400026698,14,8,8,635,2,2,1,8.0,1,37261,M,,,37
201400026699,14,8,9,150,5,2,1,8.0,6,37208,M,,,37
201400026700,14,8,12,1805,1,2,1,8.0,7,37261,M,,,37
201400026701,14,8,25,1030,1,1,1,1.0,1,37122,M,,,37
201400026702,14,8,30,1930,1,2,2,1.0,3,37261,M,,,37
201400026703,14,9,5,1700,1,2,1,1.0,6,37233,M,,,37
201400026704,14,9,5,1710,1,2,1,1.0,7,37261,M,,,37
201400026705,14,9,5,1755,1,2,2,1.0,3,37208,M,,,37
201400026706,14,9,10,1925,1,2,1,1.0,6,37261,M,,,37
201400026707,14,9,15,1300,1,2,2,1.0,3,37261,M,,,37
201400026708,14,9,16,1930,1,2,1,1.0,1,37261,M,,,37
201400026709,14,9,22,1600,1,2,1,1.0,7,37261,M,,,37
201400026710,14,9,24,1245,1,2,3,1.0,3,37261,M,,,37
201400026711,14,9,23,1240,1,2,2,1.0,3,37261,M,,,37
201400026712,14,10,4,1930,5,2,1,3.0,7,37261,M,,,37
201400026713,14,10,16,1800,1,2,1,2.0,6,37261,M,,,37
201400026714,14,10,13,1020,1,2,1,1.0,7,37261,M,,,37
201400026715,14,10,22,1755,1,2,1,1.0,7,37122,M,,,37
201400026716,14,10,28,1400,1,2,1,1.0,7,37122,M,,,37
201400026717,14,10,30,805,2,2,2,1.0,7,37122,M,,,37
201400026718,14,11,3,1925,3,2,1,3.0,7,37233,M,,,37
201400026719,14,11,12,745,1,2,1,1.0,2,37261,M,,,37
201400026720,14,11,17,1240,1,2,1,8.0,2,37122,M,,,37
201400026721,14,11,21,1435,1,2,2,1.0,7,37261,M,,,37
201400026722,14,12,15,1715,1,2,9,1.0,7,37233,M,,,37
201400026723,14,8,10,1700,1,2,1,1.0,6,37261,M,,,37
201400026724,14,2,11,1620,1,2,1,1.0,6,38053,M,,,38
201400026725,14,2,24,1610,1,2,6,1.0,2,38053,M,,,38
201400026726,14,2,15,1130,1,2,1,1.0,6,38053,M,,,38
201400026727,14,3,19,1530,1,2,9,1.0,6,38053,M,,,38
201400026728,14,5,1,1830,1,2,1,2.0,6,38053,M,,,38
201400026729,14,6,15,1310,1,2,7,1.0,7,38053,M,4558525.0,527830.0,38
201400026730,14,6,13,1205,1,2,1,1.0,3,38053,M,,,38
201400026731,14,6,21,1520,1,2,2,1.0,6,38053,M,,,38
201400026732,14,6,26,1130,1,2,5,1.0,6,38053,M,,,38
201400026733,14,7,5,450,3,2,2,1.0,5,38053,M,4558446.0,528552.0,38
201400026734,14,8,18,1050,1,2,7,1.0,7,38053,M,,,38
201400026735,14,8,21,1808,1,2,9,1.0,5,38053,M,,,38
201400026736,14,8,23,220,5,2,1,1.0,7,38053,M,,,38
201400026737,14,8,24,1005,1,2,1,1.0,6,38053,M,,,38
201400026738,14,8,29,730,1,2,1,1.0,2,38053,M,,,38
201400026739,14,9,20,2150,3,1,1,1.0,6,38053,M,4560182.0,529354.0,38
201400026740,14,9,27,2320,5,1,1,1.0,3,38053,M,,,38
201400026741,14,9,20,2200,5,2,1,1.0,5,38053,M,,,38
201400026742,14,10,12,1350,1,2,1,1.0,6,38053,M,,,38
201400026743,14,10,28,1005,1,2,1,1.0,2,38053,M,,,38
201400026744,14,11,1,1955,3,2,1,1.0,6,38053,M,,,38
201400026745,14,11,29,1000,1,2,1,5.0,2,38053,M,,,38
201400026746,14,12,8,1748,5,2,1,1.0,3,38053,M,,,38
201400026747,14,12,10,416,5,2,4,1.0,6,38053,M,,,38
201400026748,14,1,8,755,2,2,1,1.0,6,38421,M,,,38
201400026749,14,1,8,1500,1,2,1,1.0,6,38185,M,,,38
201400026750,14,1,8,1745,5,2,1,1.0,1,38185,M,,,38
201400026751,14,1,10,1050,1,2,1,1.0,6,38151,M,,,38
201400026752,14,1,20,600,5,2,1,2.0,6,38185,M,,,38
201400026753,14,1,20,1150,1,2,1,1.0,6,38169,M,,,38
201400026754,14,1,21,1610,1,2,2,8.0,2,38185,M,,,38
201400026755,14,1,24,1330,1,2,1,1.0,6,38516,M,,,38
201400026756,14,1,24,1900,5,2,1,1.0,3,38169,M,,,38
201400026757,14,1,28,1750,1,2,1,1.0,6,38185,M,,,38
201400026758,14,1,31,1940,3,1,1,1.0,5,38423,M,,,38
201400026759,14,2,4,817,1,2,8,1.0,3,38179,M,,,38
201400026760,14,2,4,1745,1,2,1,1.0,1,38185,M,,,38
201400026761,14,2,8,410,5,2,1,1.0,6,38421,M,,,38
201400026762,14,2,19,1945,3,1,1,1.0,6,38229,M,,,38
201400026763,14,2,25,830,1,2,1,1.0,6,38185,M,,,38
201400026764,14,2,26,1715,1,2,1,3.0,6,38185,M,,,38
201400026765,14,2,27,820,1,2,1,1.0,6,38169,M,,,38
201400026766,14,2,28,900,1,2,1,2.0,6,38151,M,,,38
201400026767,14,3,4,1250,1,2,1,2.0,3,38485,M,,,38
201400026768,14,3,6,2105,5,2,2,1.0,3,38169,M,,,38
201400026769,14,3,6,630,5,2,1,1.0,6,38151,M,,,38
201400026770,14,3,8,1930,2,2,1,1.0,6,38185,M,,,38
201400026771,14,3,10,1530,1,2,1,1.0,6,38185,M,,,38
201400026772,14,3,10,2115,5,2,1,1.0,5,38185,M,,,38
201400026773,14,3,13,1445,1,2,1,1.0,6,38151,M,,,38
201400026774,14,3,17,808,1,2,1,1.0,6,38151,M,,,38
201400026775,14,3,28,1515,1,2,2,1.0,6,38185,M,,,38
201400026776,14,3,29,2105,5,2,1,1.0,6,38169,M,,,38
201400026777,14,3,31,640,2,2,2,1.0,3,38169,M,,,38
201400026778,14,4,2,2000,5,2,1,1.0,6,38151,M,,,38
201400026779,14,4,2,2250,4,2,1,1.0,6,38185,M,,,38
201400026780,14,4,11,1535,1,2,1,1.0,6,38185,M,,,38
201400026781,14,4,12,2115,5,2,1,1.0,6,38185,M,,,38
201400026782,14,4,13,250,5,2,1,1.0,6,38185,M,4518085.0,574244.0,38
201400026783,14,4,14,1715,1,2,1,1.0,6,38185,M,,,38
201400026784,14,4,15,1430,1,2,1,1.0,3,38185,M,,,38
201400026785,14,4,16,1037,1,2,1,1.0,6,38185,M,,,38
201400026786,14,4,18,1710,1,2,1,1.0,6,38185,M,,,38
201400026787,14,4,22,645,2,2,2,1.0,3,38185,M,,,38
201400026788,14,4,25,1515,1,2,2,1.0,3,38421,M,,,38
201400026789,14,4,26,1615,1,1,4,1.0,4,38151,M,4515167.0,569721.0,38
201400026790,14,4,27,1715,1,2,1,1.0,6,38421,M,,,38
201400026791,14,4,28,1650,1,2,1,1.0,6,38185,M,,,38
201400026792,14,5,1,1600,1,2,1,1.0,7,38423,M,,,38
201400026793,14,5,2,1340,1,2,1,2.0,6,38169,M,,,38
201400026794,14,5,3,1950,3,1,1,3.0,3,38151,M,4515906.0,570128.0,38
201400026795,14,5,3,2315,4,2,1,1.0,3,38151,M,,,38
201400026796,14,5,4,25,5,2,1,2.0,6,38151,M,,,38
201400026797,14,5,4,710,1,2,1,1.0,6,38421,M,,,38
201400026798,14,5,8,1110,1,1,1,1.0,3,38151,M,,,38
201400026799,14,5,10,1845,1,2,1,1.0,6,38151,M,,,38
201400026800,14,5,12,1615,1,2,9,1.0,2,38151,M,,,38
201400026801,14,5,13,1500,1,2,9,3.0,6,38421,M,,,38
201400026802,14,5,15,930,1,2,1,1.0,6,38516,M,,,38
201400026803,14,5,18,615,2,1,1,1.0,6,38516,M,,,38
201400026804,14,5,19,846,1,2,1,1.0,3,38421,M,,,38
201400026805,14,5,23,1140,1,2,1,1.0,6,38185,M,,,38
201400026806,14,5,23,1045,1,2,1,1.0,6,38185,M,,,38
201400026807,14,5,25,1415,1,1,1,1.0,3,38179,M,,,38
201400026808,14,5,26,1145,1,2,1,1.0,3,38185,M,,,38
201400026809,14,5,28,1700,1,2,3,1.0,3,38185,M,,,38
201400026810,14,6,3,2050,1,2,1,1.0,1,38185,M,,,38
201400026811,14,6,5,1630,1,2,1,1.0,6,38185,M,,,38
201400026812,14,6,5,1730,1,2,1,1.0,6,38185,M,,,38
201400026813,14,6,6,1415,1,2,1,1.0,3,38185,M,,,38
201400026814,14,6,11,1030,1,2,1,1.0,6,38421,M,,,38
201400026815,14,6,12,1650,1,2,3,1.0,3,38185,M,,,38
201400026816,14,6,12,1810,1,2,1,1.0,6,38185,M,,,38
201400026817,14,6,12,719,1,2,1,1.0,6,38185,M,,,38
201400026818,14,6,19,1900,1,2,2,1.0,3,38169,M,,,38
201400026819,14,6,20,655,1,2,4,1.0,6,38185,M,4521077.0,568544.0,38
201400026820,14,6,24,1245,1,2,2,1.0,3,38185,M,,,38
201400026821,14,6,28,910,1,2,1,1.0,4,38185,M,,,38
201400026822,14,6,28,1140,1,1,1,1.0,2,38151,M,4515456.0,569867.0,38
201400026823,14,6,28,1430,1,2,1,1.0,6,38185,M,,,38
201400026824,14,7,2,1650,1,2,1,1.0,6,38151,M,,,38
201400026825,14,7,5,1015,1,2,1,1.0,3,38169,M,,,38
201400026826,14,7,5,1930,1,2,1,1.0,6,38185,M,,,38
201400026827,14,7,8,440,5,1,1,2.0,3,38185,M,,,38
201400026828,14,7,8,1520,1,1,1,3.0,2,38229,M,,,38
201400026829,14,7,11,110,5,2,1,2.0,6,38185,M,,,38
201400026830,14,7,12,1610,1,2,1,2.0,3,38151,M,,,38
201400026831,14,7,13,1740,1,2,5,1.0,3,38169,M,,,38
201400026832,14,7,14,1530,1,2,2,1.0,3,38151,M,,,38
201400026833,14,7,14,2100,1,2,2,1.0,3,38185,M,,,38
201400026834,14,7,17,1215,1,2,2,1.0,1,38185,M,,,38
201400026835,14,7,17,1814,1,2,1,1.0,1,38421,M,,,38
201400026836,14,7,18,1040,1,2,1,1.0,6,38185,M,,,38
201400026837,14,7,21,1030,1,2,1,2.0,6,38185,M,,,38
201400026838,14,7,29,1320,1,2,1,2.0,3,38185,M,,,38
201400026839,14,7,30,1500,1,2,2,1.0,5,38185,M,,,38
201400026840,14,7,30,1120,1,2,1,2.0,6,38185,M,,,38
201400026841,14,7,30,1810,1,2,6,1.0,3,38516,M,,,38
201400026842,14,7,31,1115,1,2,1,1.0,7,38158,M,,,38
201400026843,14,8,5,1000,1,2,1,1.0,3,38185,M,,,38
201400026844,14,8,6,1015,1,2,1,1.0,7,38151,M,,,38
201400026845,14,8,6,1340,1,2,1,1.0,3,38185,M,,,38
201400026846,14,8,12,1505,1,2,1,1.0,7,38185,M,,,38
201400026847,14,8,18,1610,1,2,1,1.0,6,38421,M,,,38
201400026848,14,8,22,1720,1,2,2,1.0,3,38169,M,,,38
201400026849,14,8,22,1100,1,2,2,1.0,5,38185,M,,,38
201400026850,14,8,26,1630,1,2,1,2.0,6,38185,M,,,38
201400026851,14,8,31,1806,1,2,1,1.0,6,38185,M,4517140.0,570497.0,38
201400026852,14,9,1,2120,5,2,2,1.0,3,38185,M,,,38
201400026853,14,9,2,1615,1,2,1,1.0,6,38185,M,,,38
201400026854,14,9,5,1230,1,2,1,1.0,3,38185,M,,,38
201400026855,14,9,11,1215,1,2,1,1.0,6,38185,M,,,38
201400026856,14,9,16,1615,1,2,3,1.0,3,38169,M,,,38
201400026857,14,9,20,945,1,2,1,1.0,6,38185,M,,,38
201400026858,14,9,23,1945,2,2,1,1.0,6,38185,M,,,38
201400026859,14,9,25,900,1,1,1,1.0,4,38516,M,,,38
201400026860,14,9,25,1032,1,2,3,1.0,3,38185,M,,,38
201400026861,14,9,26,640,2,2,2,1.0,3,38151,M,,,38
201400026862,14,9,30,800,1,2,1,3.0,2,38151,M,,,38
201400026863,14,10,3,1302,1,2,4,1.0,3,38421,M,,,38
201400026864,14,10,5,1330,1,2,1,1.0,3,38185,M,,,38
201400026865,14,10,6,1720,1,2,1,1.0,6,38185,M,,,38
201400026866,14,10,7,850,1,2,1,1.0,6,38185,M,,,38
201400026867,14,10,9,845,1,2,1,1.0,6,38169,M,,,38
201400026868,14,10,9,1040,1,1,1,1.0,6,38179,M,,,38
201400026869,14,10,12,148,5,2,1,1.0,6,38185,M,,,38
201400026870,14,10,13,1200,1,2,1,1.0,6,38185,M,,,38
201400026871,14,10,14,710,5,2,1,1.0,6,38185,M,,,38
201400026872,14,10,16,730,3,1,1,1.0,2,38185,M,,,38
201400026873,14,10,16,1525,1,2,1,1.0,6,38185,M,,,38
201400026874,14,10,19,1235,1,2,1,1.0,1,38169,M,,,38
201400026875,14,10,19,2020,5,2,1,1.0,6,38421,M,,,38
201400026876,14,10,24,1815,1,2,1,1.0,6,38151,M,,,38
201400026877,14,10,31,1230,1,2,1,1.0,4,38151,M,,,38
201400026878,14,11,4,1835,5,2,1,2.0,6,38185,M,,,38
201400026879,14,11,4,1615,2,2,1,3.0,6,38185,M,,,38
201400026880,14,11,9,1645,1,2,1,2.0,2,38185,M,,,38
201400026881,14,11,12,1006,1,2,1,1.0,6,38185,M,,,38
201400026882,14,11,13,820,1,2,1,1.0,6,38421,M,,,38
201400026883,14,11,13,1515,1,2,1,1.0,3,38185,M,,,38
201400026884,14,11,14,1350,1,2,1,1.0,6,38185,M,,,38
201400026885,14,11,16,1010,1,2,9,8.0,6,38169,M,,,38
201400026886,14,11,17,1000,1,2,3,3.0,3,38151,M,,,38
201400026887,14,11,25,945,1,2,2,8.0,3,38169,M,,,38
201400026888,14,11,26,2300,5,2,2,1.0,3,38185,M,,,38
201400026889,14,11,27,1030,1,2,1,1.0,6,38185,M,,,38
201400026890,14,11,29,1540,1,2,1,1.0,6,38151,M,,,38
201400026891,14,12,3,1745,5,2,1,1.0,6,38185,M,,,38
201400026892,14,12,13,120,5,2,1,1.0,3,38185,M,,,38
201400026893,14,12,16,905,1,1,5,1.0,6,38151,M,4515195.0,571789.0,38
201400026894,14,12,17,1900,5,2,1,2.0,6,38185,M,,,38
201400026895,14,12,19,1130,1,2,1,1.0,6,38185,M,,,38
201400026896,14,12,23,730,1,2,2,1.0,3,38151,M,,,38
201400026897,14,12,24,1620,1,2,1,1.0,1,38185,M,,,38
201400026898,14,12,24,1020,1,2,1,1.0,3,38169,M,,,38
201400026899,14,12,27,110,5,2,2,1.0,3,38185,M,,,38
201400026900,14,3,16,932,1,2,1,1.0,6,38544,M,,,38
201400026901,14,2,8,1200,1,1,1,3.0,1,38544,M,,,38
201400026902,14,4,30,2350,5,2,3,1.0,3,38544,M,4551307.0,486573.0,38
201400026903,14,9,27,920,1,2,9,7.0,3,38544,M,,,38
201400026904,14,4,19,1900,1,2,1,1.0,7,38544,M,,,38
201400026905,14,6,3,1725,1,2,3,1.0,7,38544,M,,,38
201400026906,14,7,31,1100,1,2,1,1.0,7,38544,M,,,38
201400026907,14,8,15,1057,1,2,1,1.0,3,38544,M,,,38
201400026908,14,9,2,1600,1,2,1,1.0,5,38318,M,,,38
201400026909,14,8,22,1650,1,2,1,1.0,6,38318,M,,,38
201400026910,14,10,4,1430,1,2,2,1.0,3,38544,M,,,38
201400026911,14,10,21,2028,5,2,1,3.0,7,38544,M,,,38
201400026912,14,10,16,1040,1,2,1,2.0,1,38544,M,,,38
201400026913,14,11,21,1930,5,2,1,1.0,3,38544,M,,,38
201400026914,14,2,16,530,5,2,1,2.0,7,38563,M,,,38
201400026915,14,3,23,1531,1,2,1,1.0,6,38563,M,,,38
201400026916,14,5,26,800,1,2,1,1.0,1,38563,M,,,38
201400026917,14,6,23,2330,5,2,1,1.0,1,38563,M,,,38
201400026918,14,7,27,545,2,2,1,1.0,7,38563,M,,,38
201400026919,14,7,30,1435,1,2,1,2.0,6,38563,M,,,38
201400026920,14,12,2,1615,1,1,1,1.0,6,38563,M,,,38
201400026921,14,12,9,1620,1,2,1,1.0,6,38563,M,,,38
201400026922,14,12,11,2110,3,2,1,9.0,1,38563,M,,,38
201400026923,14,12,29,1530,1,2,1,1.0,6,38563,M,,,38
201400026924,14,12,26,720,5,2,1,1.0,6,38563,M,,,38
201400026925,14,1,12,2025,5,2,1,1.0,6,39198,M,,,39
201400026926,14,1,28,423,3,2,3,4.0,6,39198,M,,,39
201400026927,14,6,28,1825,1,1,1,2.0,5,39198,M,,,39
201400026928,14,9,9,700,2,2,1,1.0,6,39198,M,,,39
201400026929,14,10,18,1555,1,2,1,1.0,3,39198,M,,,39
201400026930,14,1,6,1500,1,2,1,1.0,6,39300,M,,,39
201400026931,14,3,9,1625,1,2,1,1.0,3,39300,M,,,39
201400026932,14,4,17,1710,1,2,1,1.0,6,39300,M,,,39
201400026933,14,6,10,1815,1,2,1,1.0,6,39300,M,,,39
201400026934,14,8,21,1710,1,2,1,1.0,6,39300,M,,,39
201400026935,14,10,15,1050,1,2,1,1.0,6,39300,M,,,39
201400026936,14,10,24,1250,1,2,9,1.0,6,39300,M,,,39
201400026937,14,12,1,1027,1,2,1,2.0,1,39300,M,,,39
201400026938,14,12,3,2350,5,2,1,1.0,6,39300,M,,,39
201400026939,14,1,9,810,2,2,3,1.0,1,40088,M,4371388.0,-106358.0,40
201400026940,14,1,10,2240,5,1,6,1.0,6,40279,M,4373329.0,-103267.0,40
201400026941,14,1,13,1705,1,2,1,1.0,6,40279,M,4372930.0,-103944.0,40
201400026942,14,1,29,735,5,2,1,3.0,6,40088,M,4371998.0,-105245.0,40
201400026943,14,2,3,1745,2,2,1,1.0,6,40088,M,4370108.0,-105404.0,40
201400026944,14,2,5,1850,5,2,3,1.0,3,40279,M,4372522.0,-106465.0,40
201400026945,14,3,16,615,3,1,1,1.0,3,40279,M,4371649.0,-108168.0,40
201400026946,14,5,10,1045,1,2,3,1.0,6,40279,M,4374539.0,-104798.0,40
201400026947,14,6,3,735,1,2,1,1.0,6,40279,M,4372234.0,-105169.0,40
201400026948,14,6,10,1000,1,2,1,1.0,6,40279,M,4372215.0,-105175.0,40
201400026949,14,7,3,1510,1,1,1,1.0,6,40279,M,4373778.0,-109760.0,40
201400026950,14,7,6,1640,1,2,6,2.0,1,40088,M,4371906.0,-104918.0,40
201400026951,14,7,8,1035,1,2,1,1.0,6,40279,M,4373070.0,-104864.0,40
201400026952,14,8,31,1615,1,1,1,1.0,1,40279,M,4371612.0,-108539.0,40
201400026953,14,9,4,1720,1,1,1,1.0,4,40279,M,,,40
201400026954,14,10,4,1942,1,1,2,1.0,3,40279,M,4373462.0,-103008.0,40
201400026955,14,10,13,1750,1,2,2,1.0,3,40088,M,4370388.0,-105280.0,40
201400026956,14,10,28,1045,1,2,1,1.0,2,40088,M,4368453.0,-108132.0,40
201400026957,14,11,22,1840,5,2,1,1.0,2,40279,M,4372550.0,-106759.0,40
201400026958,14,1,25,915,1,2,1,2.0,5,40192,M,4388265.0,-45222.0,40
201400026959,14,1,28,750,5,2,1,3.0,6,40192,M,4388953.0,-49808.0,40
201400026960,14,3,5,900,1,2,3,2.0,5,40192,M,4387855.0,-47852.0,40
201400026961,14,3,5,1425,1,2,1,1.0,2,40192,M,4389546.0,-49272.0,40
201400026962,14,3,20,1755,1,2,1,1.0,6,40192,M,4388791.0,-50517.0,40
201400026963,14,3,24,1710,1,2,3,2.0,3,40192,M,4389512.0,-50387.0,40
201400026964,14,4,9,815,1,2,1,1.0,6,40192,M,4389316.0,-50003.0,40
201400026965,14,4,11,850,1,1,1,1.0,5,40281,M,4387200.0,-51890.0,40
201400026966,14,5,16,745,1,2,1,7.0,2,40192,M,4389290.0,-50252.0,40
201400026967,14,6,12,1830,1,2,1,1.0,6,40192,M,4388820.0,-50605.0,40
201400026968,14,6,17,1800,1,2,6,1.0,3,40192,M,4390241.0,-47981.0,40
201400026969,14,7,22,852,1,2,1,1.0,6,40192,M,4389598.0,-49188.0,40
201400026970,14,8,3,405,2,2,1,1.0,6,40192,M,4389728.0,-46231.0,40
201400026971,14,9,16,1345,1,2,3,1.0,6,40192,M,4389327.0,-50847.0,40
201400026972,14,9,23,1045,1,1,1,1.0,3,40281,M,4386718.0,-48516.0,40
201400026973,14,10,23,1545,1,2,1,1.0,4,40281,M,4387190.0,-49107.0,40
201400026974,14,11,3,1520,1,2,1,1.0,3,40192,M,4390257.0,-47768.0,40
201400026975,14,11,12,526,5,2,2,3.0,3,40192,M,4388548.0,-50082.0,40
201400026976,14,11,20,845,1,2,3,1.0,3,40192,M,4389334.0,-46555.0,40
201400026977,14,11,27,1340,1,2,1,1.0,2,40192,M,4388652.0,-50020.0,40
201400026978,14,11,27,1255,1,2,2,1.0,3,40192,M,4388350.0,-48116.0,40
201400026979,14,11,29,1835,5,2,2,2.0,3,40192,M,4389209.0,-51435.0,40
201400026980,14,12,3,1810,2,2,3,2.0,3,40192,M,4389222.0,-50688.0,40
201400026981,14,12,8,815,2,2,3,1.0,3,40192,M,4389901.0,-50030.0,40
201400026982,14,12,5,1555,1,2,1,2.0,2,40281,M,4386855.0,-48014.0,40
201400026983,14,12,9,745,2,2,2,1.0,3,40281,M,4388448.0,-51477.0,40
201400026984,14,12,9,900,1,2,1,1.0,2,40192,M,4388064.0,-49618.0,40
201400026985,14,12,16,755,5,2,2,3.0,3,40192,M,4389012.0,-46626.0,40