Num_Acc,an,mois,jour,hrmn,lum,agg,int,atm,col,com,gps,lat,long,dep
201400026986,14,12,23,1500,1,2,3,1.0,3,40192,M,4389976.0,-52452.0,40
201400026987,14,1,22,819,1,2,1,2.0,3,41018,M,4759700.0,134200.0,41
201400026988,14,2,8,1650,1,2,1,1.0,2,41018,M,4758400.0,133900.0,41
201400026989,14,2,13,1845,5,1,1,1.0,2,41018,M,4760500.0,134500.0,41
201400026990,14,2,19,1206,1,2,1,1.0,1,41018,M,4760300.0,130900.0,41
201400026991,14,3,1,1117,1,2,1,1.0,6,41018,M,4758700.0,132800.0,41
201400026992,14,3,13,1800,1,1,1,1.0,2,41212,M,4755500.0,137300.0,41
201400026993,14,3,14,1720,1,2,3,7.0,2,41018,M,4756900.0,133900.0,41
201400026994,14,3,17,1047,1,2,3,1.0,3,41018,M,4759100.0,133900.0,41
201400026995,14,3,24,750,1,1,1,1.0,7,41047,M,4762100.0,135200.0,41
201400026996,14,3,28,1609,1,2,1,1.0,4,41018,M,4759600.0,134200.0,41
201400026997,14,4,4,859,1,2,1,2.0,2,41018,M,4758700.0,133400.0,41
201400026998,14,4,14,900,1,2,1,1.0,2,41018,M,4759400.0,132200.0,41
201400026999,14,4,16,1217,1,2,1,1.0,6,41018,M,4760000.0,133800.0,41
201400027000,14,4,30,1025,1,2,1,1.0,6,41018,M,4758300.0,132000.0,41
201400027001,14,5,4,715,1,2,1,1.0,7,41018,M,4759500.0,135200.0,41
201400027002,14,5,6,1405,1,2,3,1.0,4,41212,M,4757200.0,135600.0,41
201400027003,14,5,8,1120,1,2,1,2.0,7,41047,M,4761100.0,135700.0,41
201400027004,14,5,10,1825,1,2,1,2.0,2,41212,M,4756100.0,137200.0,41
201400027005,14,6,6,1750,1,2,1,1.0,3,41018,M,4756400.0,130200.0,41
201400027006,14,6,19,1015,1,2,1,1.0,6,41018,M,4759100.0,133300.0,41
201400027007,14,6,21,2035,1,2,1,1.0,6,41018,M,4758600.0,131600.0,41
201400027008,14,6,25,1859,1,2,1,1.0,6,41018,M,4759200.0,131100.0,41
201400027009,14,7,1,1335,1,2,3,1.0,5,41018,M,4760500.0,129900.0,41
201400027010,14,7,17,1558,1,2,1,1.0,2,41047,M,4760100.0,134600.0,41
201400027011,14,8,10,930,1,2,1,2.0,6,41018,M,4758100.0,132200.0,41
201400027012,14,8,18,1155,1,2,1,1.0,6,41018,M,4758100.0,134200.0,41
201400027013,14,8,29,1600,1,2,1,1.0,6,41018,M,4756900.0,133300.0,41
201400027014,14,9,2,1545,1,2,1,1.0,3,41018,M,4759100.0,134200.0,41
201400027015,14,9,3,1540,1,2,1,1.0,2,41018,M,4759000.0,135400.0,41
201400027016,14,9,5,1808,1,2,1,1.0,6,41018,M,4758700.0,132700.0,41
201400027017,14,10,23,645,5,2,2,1.0,3,41018,M,4758100.0,134300.0,41
201400027018,14,10,27,620,5,2,2,5.0,1,41018,M,4757800.0,132100.0,41
201400027019,14,10,28,1205,1,2,1,1.0,3,41295,M,4756600.0,137500.0,41
201400027020,14,11,7,1428,1,2,1,7.0,2,41018,M,4760400.0,131400.0,41
201400027021,14,11,7,2100,5,2,1,1.0,3,41018,M,4759400.0,135200.0,41
201400027022,14,11,15,1632,1,2,1,1.0,2,41018,M,4759600.0,130600.0,41
201400027023,14,12,15,1300,1,2,1,2.0,7,41018,M,4760900.0,133500.0,41
201400027024,14,1,19,1105,1,2,1,1.0,6,41018,M,4761000.0,133700.0,41
201400027025,14,2,16,2225,5,2,1,1.0,6,41018,M,4758700.0,132700.0,41
201400027026,14,3,11,950,1,2,1,1.0,7,41018,M,4755900.0,132000.0,41
201400027027,14,4,16,1100,1,2,1,1.0,7,41018,M,4760100.0,131600.0,41
201400027028,14,4,20,1920,1,2,1,1.0,3,41018,M,4760500.0,131300.0,41
201400027029,14,5,11,2310,3,2,1,2.0,7,41018,M,4758200.0,129500.0,41
201400027030,14,5,6,1108,1,2,1,1.0,3,41018,M,4758800.0,134000.0,41
201400027031,14,5,20,1725,1,1,1,3.0,5,41295,M,4761000.0,138100.0,41
201400027032,14,5,28,1215,1,2,1,1.0,6,41018,M,4760800.0,132500.0,41
201400027033,14,6,3,150,3,2,1,1.0,7,41018,M,4757900.0,132000.0,41
201400027034,14,6,2,1510,1,2,1,1.0,6,41018,M,4760000.0,132000.0,41
201400027035,14,5,22,800,1,2,2,2.0,3,41018,M,4757800.0,132000.0,41
201400027036,14,6,21,2325,5,2,1,1.0,6,41018,M,4757600.0,130200.0,41
201400027037,14,6,22,100,3,1,1,1.0,7,41018,M,4755800.0,126800.0,41
201400027038,14,7,28,2300,5,2,1,1.0,6,41018,M,4759100.0,134000.0,41
201400027039,14,6,22,2325,5,2,1,1.0,3,41018,M,4759900.0,131900.0,41
201400027040,14,8,7,1955,1,2,2,1.0,3,41018,M,4759600.0,131600.0,41
201400027041,14,8,26,1650,1,2,1,1.0,6,41295,M,4759400.0,138800.0,41
201400027042,14,8,22,910,1,2,1,1.0,2,41018,M,4758300.0,132000.0,41
201400027043,14,9,20,120,5,1,1,1.0,1,41295,M,4759300.0,135900.0,41
201400027044,14,9,23,1025,1,1,6,1.0,3,41018,M,4761400.0,133400.0,41
201400027045,14,10,10,1116,1,1,1,1.0,7,41295,M,4760100.0,137300.0,41
201400027046,14,10,11,21,3,1,1,1.0,6,41018,M,4755600.0,129500.0,41
201400027047,14,10,10,1245,1,2,1,1.0,2,41018,M,4758400.0,131900.0,41
201400027048,14,9,26,1735,1,1,1,1.0,3,41018,M,4760900.0,133800.0,41
201400027049,14,10,9,1735,1,2,1,1.0,6,41018,M,4758400.0,131700.0,41
201400027050,14,11,8,1630,1,2,1,1.0,7,41018,M,4759000.0,131600.0,41
201400027051,14,11,22,1638,1,1,1,1.0,6,41018,M,4760800.0,134100.0,41
201400027052,14,11,27,805,1,2,1,1.0,3,41018,M,4760200.0,131500.0,41
201400027053,14,11,23,1735,5,2,1,1.0,3,41212,M,4756200.0,137100.0,41
201400027054,14,12,17,1215,1,2,1,2.0,6,41295,M,4757400.0,139400.0,41
201400027055,14,12,20,2030,5,2,1,1.0,7,41018,M,4757900.0,130900.0,41
201400027056,14,12,24,2205,5,2,1,2.0,6,41295,M,4759500.0,138700.0,41
201400027057,14,1,7,1640,1,2,2,1.0,2,41269,M,4779500.0,107400.0,41
201400027058,14,2,4,1810,2,2,3,1.0,6,41269,M,4779000.0,106300.0,41
201400027059,14,2,7,1210,1,1,1,1.0,3,41269,M,4781700.0,102200.0,41
201400027060,14,2,23,1640,1,1,1,1.0,1,41226,M,4781700.0,108700.0,41
201400027061,14,3,25,1700,1,2,2,1.0,3,41269,M,4779800.0,107000.0,41
201400027062,14,4,1,1205,1,2,2,1.0,2,41269,M,4778800.0,107200.0,41
201400027063,14,6,10,1215,1,2,3,2.0,3,41269,M,4780100.0,105500.0,41
201400027064,14,6,12,1115,1,2,6,1.0,3,41226,M,4780600.0,106900.0,41
201400027065,14,7,15,515,5,2,6,1.0,3,41269,M,4777800.0,107600.0,41
201400027066,14,7,24,1440,1,2,2,1.0,6,41269,M,4781000.0,106500.0,41
201400027067,14,11,2,240,3,2,1,1.0,7,41269,M,4777900.0,107600.0,41
201400027068,14,11,3,1815,5,2,1,2.0,3,41269,M,4780700.0,106400.0,41
201400027069,14,11,12,1915,5,2,3,1.0,3,41158,M,4778800.0,103600.0,41
201400027070,14,12,18,900,1,2,3,2.0,3,41269,M,4779400.0,107200.0,41
201400027071,14,12,29,945,1,2,1,1.0,6,42095,M,4538906.0,428745.0,42
201400027072,14,1,31,1330,1,2,1,1.0,3,42316,M,4539518.0,428089.0,42
201400027073,14,2,20,1410,1,2,1,1.0,6,42316,M,4539513.0,426319.0,42
201400027074,14,3,12,1625,1,2,1,1.0,6,42044,M,4539732.0,432512.0,42
201400027075,14,5,2,555,5,2,1,2.0,1,42316,M,4539197.0,427246.0,42
201400027076,14,5,2,1205,1,2,1,1.0,1,42099,M,4538811.0,426998.0,42
201400027077,14,5,13,240,5,2,1,2.0,6,42316,M,4539531.0,426310.0,42
201400027078,14,5,7,1445,1,2,1,2.0,7,42316,M,4540271.0,426051.0,42
201400027079,14,5,16,1915,1,2,1,1.0,3,42044,M,4539440.0,430589.0,42
201400027080,14,5,20,1655,1,2,1,1.0,6,42316,M,4540723.0,425962.0,42
201400027081,14,5,23,900,1,1,1,1.0,7,42316,M,4540200.0,425483.0,42
201400027082,14,5,23,1140,1,2,1,1.0,7,42183,M,4540520.0,435946.0,42
201400027083,14,5,30,645,5,1,1,1.0,6,42044,M,4539356.0,432167.0,42
201400027084,14,6,19,745,1,1,1,1.0,6,42095,M,4538734.0,430016.0,42
201400027085,14,6,20,1530,1,2,1,1.0,6,42095,M,4538654.0,429795.0,42
201400027086,14,6,27,1925,1,2,1,1.0,3,42044,M,4539208.0,430867.0,42
201400027087,14,6,28,1210,1,2,1,1.0,3,42095,M,4539555.0,429194.0,42
201400027088,14,6,28,2320,5,2,1,3.0,1,42044,M,4539555.0,432291.0,42
201400027089,14,7,5,1755,1,2,1,1.0,6,42095,M,4538855.0,429577.0,42
201400027090,14,7,14,1900,1,2,1,1.0,3,42316,M,4541017.0,421141.0,42
201400027091,14,7,30,2215,5,2,1,1.0,3,42183,M,4540492.0,437404.0,42
201400027092,14,8,21,1700,1,1,1,1.0,1,42044,M,4539356.0,432161.0,42
201400027093,14,9,2,1755,1,1,3,1.0,3,42316,M,4540639.0,427119.0,42
201400027094,14,10,1,2325,5,2,1,1.0,6,42044,M,4540028.0,432196.0,42
201400027095,14,10,19,1445,1,2,6,1.0,3,42099,M,4538649.0,427265.0,42
201400027096,14,10,20,1230,1,2,1,1.0,2,42099,M,4538204.0,427290.0,42
201400027097,14,10,21,840,1,2,1,1.0,6,42044,M,4539741.0,432744.0,42
201400027098,14,10,30,1400,1,2,1,1.0,3,42316,M,4540598.0,426773.0,42
201400027099,14,11,2,1100,1,2,1,1.0,2,42095,M,4538700.0,428948.0,42
201400027100,14,11,1,1730,1,2,1,1.0,2,42095,M,4538985.0,428795.0,42
201400027101,14,11,18,1520,1,2,1,2.0,1,42031,M,4540403.0,423475.0,42
201400027102,14,11,22,1815,3,1,1,1.0,1,42031,M,4540498.0,422961.0,42
201400027103,14,12,13,1410,1,2,1,1.0,6,42095,M,4539110.0,429102.0,42
201400027104,14,1,30,1740,5,2,1,9.0,6,42186,M,4552484.0,460843.0,42
201400027105,14,2,5,1740,2,2,1,1.0,4,42186,M,4553094.0,461227.0,42
201400027106,14,2,28,715,1,2,3,1.0,1,42123,M,4550983.0,458054.0,42
201400027107,14,2,15,1900,5,2,1,2.0,7,42186,M,4553255.0,462834.0,42
201400027108,14,4,11,810,1,2,3,1.0,3,42186,M,4552600.0,461095.0,42
201400027109,14,5,12,1750,1,2,3,1.0,3,42186,M,4551926.0,459487.0,42
201400027110,14,5,8,1630,1,1,1,1.0,1,42259,M,4554250.0,459512.0,42
201400027111,14,5,24,1640,1,2,1,1.0,1,42186,M,4553036.0,461215.0,42
201400027112,14,5,16,750,1,2,1,7.0,6,42186,M,4552417.0,460674.0,42
201400027113,14,6,10,1630,1,2,1,1.0,6,42186,M,4552896.0,461917.0,42
201400027114,14,7,3,1350,1,1,1,1.0,7,42259,M,4556838.0,458957.0,42
201400027115,14,7,6,1950,1,2,1,2.0,1,42053,M,4553603.0,464124.0,42
201400027116,14,7,3,1300,1,2,3,1.0,3,42186,M,4553365.0,463082.0,42
201400027117,14,7,12,1035,1,2,1,8.0,6,42103,M,4550529.0,457030.0,42
201400027118,14,8,2,2200,5,2,6,9.0,2,42186,M,4552008.0,459342.0,42
201400027119,14,8,22,1325,1,2,1,1.0,2,42186,M,4552397.0,460613.0,42
201400027120,14,8,30,440,5,2,1,1.0,6,42225,M,4553898.0,456792.0,42
201400027121,14,9,17,1740,1,2,1,1.0,4,42186,M,4553091.0,461226.0,42
201400027122,14,8,31,1145,1,2,1,1.0,1,42186,M,4553006.0,462173.0,42
201400027123,14,10,6,1720,1,2,1,1.0,6,42123,M,4551509.0,458677.0,42
201400027124,14,11,7,1310,1,2,1,2.0,6,42186,M,4552952.0,461133.0,42
201400027125,14,10,29,1650,1,2,1,7.0,6,42186,M,4553131.0,462379.0,42
201400027126,14,11,13,920,1,2,1,1.0,2,42103,M,4550477.0,457002.0,42
201400027127,14,11,19,840,1,2,1,1.0,6,42103,M,4550743.0,456710.0,42
201400027128,14,12,15,1230,1,2,1,1.0,1,42123,M,4551665.0,459086.0,42
201400027129,14,11,21,1625,1,1,1,1.0,1,42225,M,4554162.0,455833.0,42
201400027130,14,1,9,2335,5,2,3,1.0,3,42187,M,4605055.0,406672.0,42
201400027131,14,1,10,1750,2,2,3,1.0,3,42187,M,4606097.0,409121.0,42
201400027132,14,1,10,1210,1,2,1,1.0,7,42187,M,4604232.0,407331.0,42
201400027133,14,1,17,750,2,2,3,2.0,3,42071,M,4603169.0,408235.0,42
201400027134,14,1,23,2155,5,2,1,2.0,6,42184,M,4605250.0,405382.0,42
201400027135,14,1,25,1700,2,1,1,2.0,4,42170,M,4604573.0,413187.0,42
201400027136,14,1,24,1300,1,2,1,2.0,7,42187,M,4604541.0,405612.0,42
201400027137,14,1,29,1735,3,1,3,1.0,3,42170,M,4605269.0,412847.0,42
201400027138,14,1,30,745,2,2,1,2.0,2,42127,M,4607653.0,403716.0,42
201400027139,14,2,2,1940,5,2,3,1.0,2,42187,M,4603256.0,405984.0,42
201400027140,14,2,4,2000,4,2,1,1.0,2,42187,M,4603268.0,406832.0,42
201400027141,14,2,6,2235,5,2,1,1.0,7,42187,M,4603867.0,407796.0,42
201400027142,14,2,10,1900,5,2,1,1.0,7,42184,M,4602714.0,402621.0,42
201400027143,14,2,10,1920,5,2,1,1.0,2,42187,M,4605054.0,406653.0,42
201400027144,14,2,15,2140,5,2,1,1.0,7,42184,M,4605778.0,405048.0,42
201400027145,14,2,18,1730,1,2,1,1.0,4,42187,M,4603837.0,406228.0,42
201400027146,14,2,20,1215,1,2,1,1.0,3,42184,M,4603984.0,403590.0,42
201400027147,14,2,21,1450,1,2,1,1.0,3,42187,M,4604360.0,407393.0,42
201400027148,14,2,22,1852,5,2,1,1.0,7,42187,M,4606710.0,407890.0,42
201400027149,14,2,26,2035,5,2,3,1.0,1,42187,M,4604576.0,407017.0,42
201400027150,14,2,28,1220,1,2,1,2.0,2,42184,M,4604447.0,405271.0,42
201400027151,14,3,8,2300,5,2,2,1.0,3,42187,M,4602474.0,405789.0,42
201400027152,14,3,20,300,3,1,1,1.0,7,42170,M,4603357.0,409938.0,42
201400027153,14,3,20,1515,1,2,1,1.0,7,42127,M,4607837.0,406642.0,42
201400027154,14,3,20,1700,1,2,1,1.0,6,42187,M,4605048.0,407407.0,42
201400027155,14,3,21,1545,1,2,1,2.0,2,42187,M,4603798.0,406050.0,42
201400027156,14,3,21,2100,5,2,3,1.0,3,42187,M,4603529.0,406343.0,42
201400027157,14,3,29,1100,1,2,1,1.0,6,42187,M,4603674.0,406618.0,42
201400027158,14,3,29,1505,1,2,1,1.0,7,42187,M,4603127.0,404676.0,42
201400027159,14,3,29,1725,1,2,1,1.0,6,42187,M,4605834.0,409415.0,42
201400027160,14,3,30,1540,1,2,3,1.0,3,42071,M,4602728.0,408521.0,42
201400027161,14,4,1,1545,1,2,3,1.0,1,42187,M,4604764.0,407423.0,42
201400027162,14,4,2,1730,1,2,1,1.0,6,42187,M,4603882.0,406208.0,42
201400027163,14,4,6,1450,1,2,1,1.0,6,42071,M,4601318.0,409650.0,42
201400027164,14,4,8,2100,5,2,1,1.0,7,42187,M,4603558.0,406522.0,42
201400027165,14,4,9,1235,1,2,1,1.0,2,42184,M,4604784.0,405143.0,42
201400027166,14,4,10,1030,1,2,1,1.0,6,42071,M,4602774.0,408509.0,42
201400027167,14,4,12,1830,1,2,2,1.0,3,42184,M,4604242.0,404899.0,42
201400027168,14,4,12,1830,1,2,6,1.0,3,42184,M,4603989.0,405233.0,42
201400027169,14,4,16,1750,1,2,1,1.0,7,42187,M,4603809.0,406890.0,42
201400027170,14,4,16,1820,1,2,1,1.0,7,42187,M,4603595.0,407057.0,42
201400027171,14,4,16,2000,1,2,3,1.0,3,42184,M,4604855.0,404534.0,42
201400027172,14,4,17,1720,1,2,1,1.0,6,42184,M,4606043.0,404575.0,42
201400027173,14,4,21,1345,1,2,1,1.0,1,42187,M,4605697.0,408317.0,42
201400027174,14,4,23,2310,5,2,1,1.0,6,42187,M,4603821.0,407522.0,42
201400027175,14,4,30,1630,1,2,1,1.0,7,42187,M,4603876.0,406191.0,42
201400027176,14,5,2,1805,1,2,3,2.0,3,42187,M,4603118.0,406733.0,42
201400027177,14,5,2,1830,1,2,1,1.0,6,42187,M,4602079.0,408114.0,42
201400027178,14,5,8,1610,1,2,1,1.0,7,42187,M,4604571.0,406151.0,42
201400027179,14,5,9,2150,5,2,1,1.0,7,42187,M,4605063.0,406677.0,42
201400027180,14,5,16,825,1,2,1,1.0,6,42127,M,4607081.0,407688.0,42
201400027181,14,5,18,1820,1,2,3,1.0,3,42127,M,4605631.0,407315.0,42
201400027182,14,5,19,1005,1,2,1,1.0,6,42187,M,4604538.0,407024.0,42
201400027183,14,5,23,820,1,2,2,1.0,3,42187,M,4603939.0,406622.0,42
201400027184,14,5,24,1015,1,2,3,1.0,6,42071,M,4602826.0,408464.0,42
201400027185,14,5,27,1120,1,2,1,1.0,7,42187,M,4604285.0,406219.0,42
201400027186,14,5,24,2125,5,2,3,1.0,3,42187,M,4605330.0,408560.0,42
201400027187,14,5,29,1920,1,2,3,1.0,3,42071,M,4602184.0,408333.0,42
201400027188,14,6,2,1835,1,2,6,1.0,7,42184,M,4606153.0,404805.0,42
201400027189,14,6,9,1945,1,2,1,1.0,6,42187,M,4603945.0,406653.0,42
201400027190,14,6,11,1550,1,2,1,1.0,1,42187,M,4604399.0,406202.0,42
201400027191,14,6,11,1810,1,2,1,1.0,7,42170,M,4602121.0,410196.0,42
201400027192,14,6,12,1920,1,2,1,3.0,7,42127,M,4606569.0,405915.0,42
201400027193,14,6,16,740,1,1,2,1.0,3,42170,M,4603384.0,411449.0,42
201400027194,14,6,16,1200,1,2,6,1.0,3,42184,M,4605719.0,404602.0,42
201400027195,14,6,17,1845,1,2,1,1.0,4,42187,M,4603602.0,405212.0,42
201400027196,14,6,20,930,1,2,2,1.0,7,42071,M,4602364.0,408767.0,42
201400027197,14,6,21,1745,1,2,1,1.0,1,42071,M,4603013.0,408347.0,42
201400027198,14,6,22,1225,1,2,1,1.0,6,42187,M,4603603.0,406379.0,42
201400027199,14,6,18,2120,5,2,1,1.0,7,42184,M,4604714.0,404864.0,42
201400027200,14,6,24,1330,1,2,3,1.0,3,42071,M,4602650.0,408241.0,42
201400027201,14,6,27,1700,1,2,3,1.0,3,42071,M,4601453.0,409307.0,42
201400027202,14,6,25,2140,1,2,1,1.0,4,42187,M,4603666.0,406665.0,42
201400027203,14,6,30,900,1,2,1,1.0,2,42187,M,4604300.0,406691.0,42
201400027204,14,7,2,1000,1,2,1,1.0,7,42170,M,4603713.0,412026.0,42
201400027205,14,7,2,1740,1,1,1,1.0,3,42170,M,4603156.0,410057.0,42
201400027206,14,7,2,1940,1,2,2,7.0,3,42184,M,4604756.0,403713.0,42
201400027207,14,7,4,915,1,2,2,1.0,3,42187,M,4606724.0,407538.0,42
201400027208,14,7,4,1755,1,2,1,1.0,1,42187,M,4603691.0,407711.0,42
201400027209,14,7,7,1450,1,2,2,2.0,3,42187,M,4604900.0,408708.0,42
201400027210,14,7,9,840,1,2,1,2.0,6,42187,M,4603395.0,406689.0,42
201400027211,14,7,15,1615,1,2,1,1.0,2,42187,M,4603666.0,406432.0,42
201400027212,14,7,16,1924,1,2,1,1.0,7,42187,M,4604964.0,407042.0,42
201400027213,14,7,27,130,5,2,1,1.0,6,42332,M,4602097.0,405396.0,42
201400027214,14,8,1,2325,5,2,1,1.0,6,42187,M,4604205.0,406041.0,42
201400027215,14,8,4,1835,1,2,2,1.0,7,42187,M,4604071.0,405571.0,42
201400027216,14,8,5,1056,1,2,2,1.0,3,42187,M,4603920.0,405447.0,42
201400027217,14,8,7,1340,1,2,1,1.0,2,42071,M,4602872.0,408837.0,42
201400027218,14,8,12,1410,1,1,1,1.0,1,42187,M,4604953.0,408552.0,42
201400027219,14,8,12,1830,1,2,1,1.0,6,42187,M,4603725.0,406381.0,42
201400027220,14,8,16,2230,5,2,1,1.0,7,42187,M,4603016.0,406274.0,42
201400027221,14,8,21,1410,1,2,3,1.0,3,42184,M,4604312.0,403246.0,42
201400027222,14,8,22,1539,1,2,3,1.0,3,42187,M,4603884.0,408423.0,42
201400027223,14,8,26,1155,1,1,1,1.0,1,42170,M,4603699.0,412417.0,42
201400027224,14,8,28,955,1,2,3,1.0,3,42071,M,4603168.0,408258.0,42
201400027225,14,8,31,1800,1,2,1,1.0,6,42187,M,4603897.0,407768.0,42
201400027226,14,9,2,1705,1,2,2,1.0,3,42187,M,4606422.0,407443.0,42
201400027227,14,9,5,2030,5,2,1,1.0,6,42184,M,4604472.0,405546.0,42
201400027228,14,9,7,1915,1,2,2,1.0,3,42187,M,4604373.0,406123.0,42
201400027229,14,9,10,1645,1,2,1,1.0,2,42187,M,4602784.0,406423.0,42
201400027230,14,9,15,1700,1,2,2,1.0,3,42187,M,4604716.0,408359.0,42
201400027231,14,9,16,1335,1,2,1,1.0,6,42187,M,4604696.0,408186.0,42
201400027232,14,9,25,800,2,2,6,2.0,7,42184,M,4604768.0,405133.0,42
201400027233,14,9,25,1535,1,2,1,1.0,2,42187,M,4605972.0,408788.0,42
201400027234,14,9,26,1650,1,2,1,1.0,6,42187,M,4604788.0,408249.0,42
201400027235,14,9,27,1100,1,2,1,1.0,7,42187,M,4605574.0,408638.0,42
201400027236,14,10,6,2228,5,2,2,2.0,3,42187,M,4604592.0,407453.0,42
201400027237,14,10,9,1053,2,2,1,1.0,7,42187,M,4603856.0,405844.0,42
201400027238,14,10,11,2000,5,2,1,1.0,7,42184,M,4604565.0,405689.0,42
201400027239,14,10,12,1220,1,2,1,3.0,7,42184,M,4604828.0,405166.0,42
201400027240,14,10,17,820,1,2,2,1.0,3,42187,M,4605621.0,407805.0,42
201400027241,14,10,18,1115,1,2,1,1.0,4,42127,M,4607103.0,404648.0,42
201400027242,14,10,18,2155,5,2,2,1.0,3,42187,M,4603001.0,407517.0,42
201400027243,14,10,18,1215,1,2,4,1.0,6,42187,M,4604249.0,405821.0,42
201400027244,14,10,20,1115,1,2,2,1.0,3,42187,M,4604845.0,406948.0,42
201400027245,14,10,21,1745,1,2,2,1.0,3,42187,M,4604353.0,406759.0,42
201400027246,14,10,27,1345,1,2,1,1.0,2,42184,M,4605976.0,405152.0,42
201400027247,14,10,27,1700,1,2,1,1.0,7,42187,M,4605315.0,407394.0,42
201400027248,14,10,28,1940,5,2,6,1.0,3,42127,M,4606299.0,406268.0,42
201400027249,14,10,29,1540,1,2,6,1.0,7,42071,M,4601911.0,409280.0,42
201400027250,14,10,29,1740,5,2,2,1.0,3,42187,M,4604908.0,407399.0,42
201400027251,14,11,3,1540,1,2,2,1.0,7,42187,M,4604020.0,408023.0,42
201400027252,14,11,4,1800,5,1,1,3.0,7,42184,M,4605315.0,406967.0,42
201400027253,14,11,8,1315,1,2,2,1.0,3,42184,M,4604555.0,404038.0,42
201400027254,14,11,9,2150,5,2,2,2.0,3,42187,M,4604572.0,407021.0,42
201400027255,14,11,16,1450,1,2,1,2.0,7,42187,M,4603989.0,405229.0,42
201400027256,14,11,20,1440,1,2,2,1.0,3,42187,M,4604078.0,405579.0,42
201400027257,14,11,21,733,1,2,1,1.0,7,42187,M,4604142.0,407765.0,42
201400027258,14,11,21,758,1,2,1,1.0,6,42187,M,4603602.0,407070.0,42
201400027259,14,11,22,1135,1,2,2,1.0,3,42187,M,4605065.0,406661.0,42
201400027260,14,11,28,1615,1,2,1,1.0,7,42187,M,4603134.0,407590.0,42
201400027261,14,11,30,545,5,2,1,3.0,6,42187,M,4603034.0,407761.0,42
201400027262,14,12,1,1400,1,2,2,6.0,6,42187,M,4604048.0,405359.0,42
201400027263,14,12,3,840,1,2,1,2.0,3,42187,M,4603925.0,404563.0,42
201400027264,14,12,6,1745,5,2,1,2.0,6,42187,M,4603779.0,407531.0,42
201400027265,14,12,9,900,1,2,1,1.0,3,42184,M,4603978.0,404986.0,42
201400027266,14,12,9,1545,1,2,1,1.0,4,42170,M,4602930.0,409511.0,42
201400027267,14,12,12,810,2,2,1,1.0,7,42187,M,4604340.0,406826.0,42
201400027268,14,12,11,1100,1,2,1,2.0,6,42187,M,4603576.0,407151.0,42
201400027269,14,12,12,1155,1,2,1,1.0,2,42187,M,4603266.0,407946.0,42
201400027270,14,12,15,1355,1,2,1,1.0,7,42187,M,4603240.0,407395.0,42
201400027271,14,12,18,800,5,2,2,3.0,3,42187,M,4602745.0,406371.0,42
201400027272,14,12,18,1155,1,2,1,1.0,2,42127,M,4607982.0,403151.0,42
201400027273,14,12,22,1545,1,1,1,1.0,6,42184,M,4605248.0,404427.0,42
201400027274,14,12,25,110,5,2,2,1.0,3,42071,M,4602354.0,408753.0,42
201400027275,14,12,26,1240,1,2,2,1.0,3,42187,M,4603573.0,405217.0,42
201400027276,14,1,16,805,1,2,1,2.0,5,42207,M,4548735.0,452588.0,42
201400027277,14,1,10,1330,1,2,1,1.0,3,42207,M,4546351.0,449021.0,42
201400027278,14,1,13,1810,5,2,1,2.0,3,42207,M,4547612.0,452903.0,42
201400027279,14,2,4,1700,1,2,1,7.0,3,42110,M,4548666.0,454562.0,42
201400027280,14,2,11,950,1,2,1,1.0,6,42207,M,4547535.0,451923.0,42
201400027281,14,2,13,1415,1,2,1,1.0,6,42207,M,4547390.0,450983.0,42
201400027282,14,2,14,1510,1,2,1,1.0,6,42110,M,4548370.0,453552.0,42
201400027283,14,1,21,955,1,2,1,8.0,6,42207,M,4547619.0,453439.0,42
201400027284,14,5,19,900,1,2,1,1.0,3,42110,M,4548657.0,454331.0,42
201400027285,14,6,16,2010,1,2,1,1.0,1,42207,M,4547350.0,451116.0,42
201400027286,14,6,13,1820,1,2,1,1.0,5,42110,M,4548744.0,454534.0,42
201400027287,14,6,18,1940,1,2,3,3.0,3,42207,M,4546369.0,450626.0,42
201400027288,14,6,26,1130,1,2,1,1.0,6,42207,M,4547245.0,451779.0,42
201400027289,14,7,19,1215,1,2,1,1.0,2,42207,M,4546677.0,449863.0,42