Num_Acc,an,mois,jour,hrmn,lum,agg,int,atm,col,com,gps,lat,long,dep
201400027290,14,8,15,1450,1,2,1,1.0,2,42110,M,4548644.0,454397.0,42
201400027291,14,9,3,830,1,2,1,1.0,3,42207,M,4547473.0,451171.0,42
201400027292,14,10,2,2030,5,2,2,1.0,3,42207,M,4547912.0,451555.0,42
201400027293,14,10,8,1755,1,1,1,1.0,1,42207,M,4549544.0,452478.0,42
201400027294,14,11,28,705,2,2,3,1.0,3,42207,M,4547222.0,450688.0,42
201400027295,14,12,17,1735,5,2,1,2.0,6,42110,M,4548378.0,453502.0,42
201400027296,14,1,3,2035,3,1,1,2.0,6,42223,M,4544525.0,433984.0,42
201400027297,14,12,8,1705,5,2,1,1.0,4,42218,M,4543962.0,437865.0,42
201400027298,14,1,7,1115,1,2,1,1.0,6,42189,M,4543116.0,433215.0,42
201400027299,14,1,7,1834,5,2,2,1.0,1,42218,M,4541563.0,439503.0,42
201400027300,14,1,9,1215,1,2,1,1.0,6,42218,M,4542205.0,441388.0,42
201400027301,14,12,16,745,5,2,3,1.0,6,42218,M,4544982.0,438880.0,42
201400027302,14,1,11,1340,1,2,3,1.0,6,42218,M,4542559.0,439120.0,42
201400027303,14,1,14,2337,5,2,2,1.0,6,42218,M,4542400.0,439748.0,42
201400027304,14,1,14,1750,5,2,1,2.0,6,42218,M,4544906.0,437969.0,42
201400027305,14,1,16,820,1,2,1,1.0,6,42218,M,4544855.0,438104.0,42
201400027306,14,1,22,1827,5,2,3,2.0,6,42218,M,4545365.0,438822.0,42
201400027307,14,1,23,740,3,2,3,1.0,3,42218,M,4547615.0,438809.0,42
201400027308,14,1,23,955,1,2,2,1.0,3,42218,M,4545359.0,439071.0,42
201400027309,14,1,26,1350,1,2,3,1.0,6,42218,M,4543895.0,438286.0,42
201400027310,14,1,30,1830,5,2,1,3.0,6,42218,M,4541849.0,439982.0,42
201400027311,14,1,31,730,2,2,3,8.0,6,42218,M,4544974.0,436479.0,42
201400027312,14,2,1,1148,1,2,1,1.0,6,42305,M,4548233.0,443131.0,42
201400027313,14,2,2,845,1,2,2,1.0,3,42218,M,4543229.0,439271.0,42
201400027314,14,2,6,235,5,2,6,1.0,6,42218,M,4544880.0,439375.0,42
201400027315,14,2,6,815,1,1,3,1.0,3,42305,M,4548118.0,443479.0,42
201400027316,14,2,11,1028,1,2,1,1.0,6,42223,M,4544434.0,433762.0,42
201400027317,14,2,10,1541,1,2,3,1.0,6,42218,M,4543775.0,438752.0,42
201400027318,14,2,20,1510,1,2,2,8.0,3,42218,M,4542388.0,439611.0,42
201400027319,14,2,20,1605,1,2,1,8.0,5,42218,M,4544498.0,439780.0,42
201400027320,14,2,21,1210,1,2,1,1.0,6,42218,M,4542461.0,442283.0,42
201400027321,14,2,23,730,2,2,1,1.0,6,42218,M,4544634.0,438004.0,42
201400027322,14,2,23,1150,1,1,1,1.0,6,42218,M,4543270.0,429423.0,42
201400027323,14,2,23,1640,1,2,3,1.0,3,42218,M,4546336.0,438039.0,42
201400027324,14,2,24,1650,1,2,2,1.0,3,42218,M,4544325.0,438600.0,42
201400027325,14,2,20,1640,1,1,1,1.0,1,42189,M,4542104.0,432341.0,42
201400027326,14,2,25,955,1,2,1,1.0,6,42218,M,4542248.0,439806.0,42
201400027327,14,2,27,1500,1,2,9,3.0,6,42218,M,4542339.0,439170.0,42
201400027328,14,3,1,1845,1,2,1,1.0,6,42218,M,4544564.0,438535.0,42
201400027329,14,3,1,2030,5,2,2,1.0,2,42218,M,4542647.0,439074.0,42
201400027330,14,3,7,1738,1,2,2,1.0,3,42218,M,4544016.0,438257.0,42
201400027331,14,3,9,530,3,1,1,1.0,6,42223,M,4544291.0,434226.0,42
201400027332,14,3,24,835,1,2,3,1.0,6,42218,M,4544118.0,440469.0,42
201400027333,14,3,24,1730,1,2,1,1.0,6,42218,M,4542510.0,438402.0,42
201400027334,14,4,3,1740,1,2,2,8.0,3,42218,M,4543424.0,441728.0,42
201400027335,14,4,4,1444,1,2,3,1.0,3,42218,M,4542860.0,437282.0,42
201400027336,14,4,8,1305,1,2,2,1.0,3,42218,M,4543904.0,440512.0,42
201400027337,14,4,14,1750,1,2,1,1.0,6,42218,M,4544287.0,437181.0,42
201400027338,14,4,14,1935,1,2,1,1.0,6,42218,M,4542535.0,441533.0,42
201400027339,14,4,15,1900,1,2,1,1.0,6,42218,M,4542116.0,439228.0,42
201400027340,14,4,15,1932,1,2,3,1.0,1,42330,M,4547174.0,436090.0,42
201400027341,14,4,16,1211,1,2,1,1.0,6,42305,M,4548211.0,443751.0,42
201400027342,14,4,16,745,1,2,1,1.0,6,42218,M,4545010.0,438393.0,42
201400027343,14,4,16,1740,1,2,1,1.0,2,42218,M,4543879.0,439693.0,42
201400027344,14,4,16,1909,1,2,1,1.0,6,42218,M,4543677.0,443728.0,42
201400027345,14,4,25,1710,1,2,1,1.0,6,42305,M,4548676.0,442860.0,42
201400027346,14,4,28,1030,1,2,2,1.0,6,42218,M,4543557.0,439345.0,42
201400027347,14,4,29,1707,1,2,1,1.0,6,42218,M,4543854.0,438738.0,42
201400027348,14,5,12,543,5,2,1,1.0,6,42218,M,4541555.0,437508.0,42
201400027349,14,4,29,1524,1,2,1,1.0,6,42218,M,4541362.0,439626.0,42
201400027350,14,4,30,1816,1,2,2,1.0,1,42218,M,4544649.0,438977.0,42
201400027351,14,5,1,1125,1,1,1,1.0,6,42189,M,4541486.0,430481.0,42
201400027352,14,5,5,1750,1,1,1,1.0,3,42218,M,4543404.0,429535.0,42
201400027353,14,5,13,1040,1,2,1,1.0,6,42218,M,4543711.0,437881.0,42
201400027354,14,5,18,1355,1,2,1,1.0,2,42189,M,4543321.0,432464.0,42
201400027355,14,5,19,1425,1,2,1,1.0,2,42218,M,4544956.0,440272.0,42
201400027356,14,5,19,1829,1,2,1,1.0,6,42218,M,4544951.0,440270.0,42
201400027357,14,5,24,930,1,2,1,1.0,3,42218,M,4543212.0,439117.0,42
201400027358,14,5,27,730,1,2,1,2.0,6,42218,M,4543532.0,441847.0,42
201400027359,14,5,27,1515,1,2,1,1.0,6,42218,M,4546262.0,439769.0,42
201400027360,14,5,27,1820,1,2,1,1.0,6,42218,M,4543964.0,439654.0,42
201400027361,14,5,27,1630,1,2,1,1.0,6,42218,M,4541124.0,438564.0,42
201400027362,14,5,30,1830,1,2,3,1.0,6,42218,M,4543819.0,438613.0,42
201400027363,14,6,1,440,5,2,1,1.0,6,42218,M,4544144.0,443531.0,42
201400027364,14,6,4,1518,1,2,1,1.0,6,42218,M,4543243.0,438766.0,42
201400027365,14,6,7,1136,1,2,3,1.0,3,42218,M,4543811.0,439603.0,42
201400027366,14,6,6,855,1,2,1,1.0,6,42275,M,4546849.0,438142.0,42
201400027367,14,6,9,1740,1,2,6,1.0,3,42189,M,4543239.0,432233.0,42
201400027368,14,6,6,1400,1,2,6,1.0,3,42218,M,4543673.0,441342.0,42
201400027369,14,6,11,1939,1,2,1,1.0,6,42218,M,4544310.0,438687.0,42
201400027370,14,6,12,1400,1,1,1,1.0,6,42330,M,4547803.0,434699.0,42
201400027371,14,6,15,750,1,2,2,1.0,3,42218,M,4542421.0,439138.0,42
201400027372,14,6,16,715,1,2,1,1.0,6,42305,M,4547979.0,443154.0,42
201400027373,14,6,19,2030,1,2,1,1.0,6,42218,M,4544194.0,440775.0,42
201400027374,14,6,19,1355,1,2,2,1.0,6,42218,M,4546609.0,439888.0,42
201400027375,14,6,21,1040,1,2,3,1.0,2,42218,M,4544811.0,438335.0,42
201400027376,14,6,21,2250,5,2,1,1.0,6,42218,M,4543440.0,437824.0,42
201400027377,14,6,23,1030,1,2,1,1.0,6,42218,M,4544180.0,438261.0,42
201400027378,14,6,23,2010,1,2,4,1.0,6,42218,M,4543591.0,441578.0,42
201400027379,14,6,25,1900,1,2,3,1.0,3,42218,M,4542392.0,437508.0,42
201400027380,14,6,27,740,1,2,1,1.0,3,42218,M,4543327.0,441580.0,42
201400027381,14,6,26,1415,1,2,1,1.0,1,42218,M,4543529.0,443095.0,42
201400027382,14,6,27,2015,1,2,1,1.0,6,42237,M,4544745.0,443686.0,42
201400027383,14,7,1,315,5,2,1,1.0,7,42218,M,4542334.0,440383.0,42
201400027384,14,7,4,1800,1,1,1,3.0,1,42218,M,4541595.0,430055.0,42
201400027385,14,7,15,1215,1,2,1,8.0,6,42218,M,4542077.0,439800.0,42
201400027386,14,7,16,1845,1,2,1,1.0,4,42218,M,4542952.0,439474.0,42
201400027387,14,7,17,1840,1,2,1,1.0,2,42218,M,4541757.0,440040.0,42
201400027388,14,7,21,910,1,2,1,3.0,6,42218,M,4541300.0,439243.0,42
201400027389,14,7,22,2230,5,2,1,1.0,6,42218,M,4543363.0,438187.0,42
201400027390,14,7,25,1655,1,2,1,3.0,6,42218,M,4543471.0,438960.0,42
201400027391,14,8,1,2150,3,2,1,3.0,3,42218,M,4541144.0,438983.0,42
201400027392,14,8,15,930,1,2,1,1.0,7,42218,M,4544602.0,436793.0,42
201400027393,14,8,23,520,5,2,2,1.0,3,42218,M,4541439.0,440083.0,42
201400027394,14,8,23,1350,1,2,2,1.0,3,42305,M,4548232.0,443815.0,42
201400027395,14,8,23,1830,1,2,2,1.0,3,42218,M,4542393.0,439615.0,42
201400027396,14,8,28,2031,2,2,1,1.0,7,42218,M,4542235.0,439223.0,42
201400027397,14,9,6,1150,1,2,1,1.0,6,42330,M,4546609.0,436948.0,42
201400027398,14,9,8,150,5,2,1,1.0,6,42218,M,4543979.0,440169.0,42
201400027399,14,9,8,1520,1,2,1,3.0,6,42218,M,4544383.0,441629.0,42
201400027400,14,9,11,1155,1,2,1,1.0,3,42218,M,4545953.0,438506.0,42
201400027401,14,9,14,2020,4,2,6,1.0,2,42218,M,4542100.0,441083.0,42
201400027402,14,9,15,1900,1,2,1,3.0,2,42218,M,4544784.0,438796.0,42
201400027403,14,9,15,830,1,1,1,1.0,5,42218,M,4544849.0,428264.0,42
201400027404,14,9,16,2110,5,2,1,1.0,3,42218,M,4544065.0,436953.0,42
201400027405,14,9,18,1150,1,2,1,1.0,6,42218,M,4543745.0,439033.0,42
201400027406,14,9,19,2255,5,2,2,1.0,3,42218,M,4543670.0,439256.0,42
201400027407,14,9,16,1610,1,2,1,1.0,6,42218,M,4545391.0,438359.0,42
201400027408,14,9,23,2335,5,2,3,1.0,6,42218,M,4543967.0,438779.0,42
201400027409,14,9,23,2100,5,2,1,1.0,6,42218,M,4542312.0,439193.0,42
201400027410,14,9,26,1630,1,1,1,1.0,6,42237,M,4545298.0,444744.0,42
201400027411,14,9,26,1835,1,2,1,1.0,6,42218,M,4544395.0,441579.0,42
201400027412,14,9,29,810,1,2,1,3.0,2,42223,M,4545272.0,433063.0,42
201400027413,14,9,29,1115,1,2,2,1.0,3,42218,M,4541619.0,439071.0,42
201400027414,14,10,2,555,5,2,2,1.0,3,42218,M,4544127.0,440476.0,42
201400027415,14,9,26,1630,1,2,1,1.0,3,42218,M,4542292.0,440930.0,42
201400027416,14,10,3,1030,1,2,1,1.0,6,42218,M,4543155.0,439559.0,42
201400027417,14,10,4,1125,1,2,3,1.0,3,42218,M,4544108.0,436966.0,42
201400027418,14,10,3,1535,1,2,1,1.0,3,42223,M,4544589.0,433669.0,42
201400027419,14,10,3,1705,1,2,1,1.0,6,42330,M,4546878.0,436559.0,42
201400027420,14,10,7,1510,1,2,2,1.0,3,42218,M,4544683.0,438375.0,42
201400027421,14,10,7,2005,2,2,1,1.0,6,42218,M,4541823.0,439610.0,42
201400027422,14,10,13,1815,1,2,2,2.0,6,42218,M,4544689.0,438638.0,42
201400027423,14,10,11,1345,1,2,8,1.0,6,42275,M,4547412.0,436796.0,42
201400027424,14,10,13,940,1,2,2,1.0,3,42218,M,4542562.0,442119.0,42
201400027425,14,10,24,354,5,2,1,1.0,7,42218,M,4545552.0,437709.0,42
201400027426,14,10,24,1710,1,2,3,1.0,3,42218,M,4540977.0,444621.0,42
201400027427,14,10,25,730,2,2,1,1.0,3,42218,M,4542597.0,441394.0,42
201400027428,14,10,25,1705,1,1,1,1.0,6,42218,M,4538949.0,447840.0,42
201400027429,14,10,26,400,5,2,1,1.0,6,42218,M,4544194.0,437713.0,42
201400027430,14,10,26,1925,5,2,3,1.0,3,42218,M,4546894.0,439408.0,42
201400027431,14,10,27,1815,5,2,1,1.0,3,42218,M,4545605.0,441430.0,42
201400027432,14,10,30,730,1,2,1,1.0,3,42305,M,4548231.0,443815.0,42
201400027433,14,10,31,1007,1,2,1,1.0,4,42218,M,4540711.0,438012.0,42
201400027434,14,10,31,1715,1,2,2,1.0,3,42218,M,4546609.0,439888.0,42
201400027435,14,11,7,1310,1,2,1,1.0,6,42218,M,4543838.0,440202.0,42
201400027436,14,11,7,1830,2,1,1,1.0,4,42330,M,4547474.0,434561.0,42
201400027437,14,11,11,1827,5,2,1,1.0,6,42218,M,4543737.0,437875.0,42
201400027438,14,11,13,140,5,2,1,1.0,6,42275,M,4546948.0,437828.0,42
201400027439,14,11,13,825,1,2,8,1.0,6,42218,M,4542300.0,439179.0,42
201400027440,14,11,15,2125,4,2,1,1.0,6,42218,M,4545240.0,436590.0,42
201400027441,14,11,26,1820,3,1,1,1.0,2,42189,M,4542798.0,435448.0,42
201400027442,14,11,27,835,1,2,1,1.0,3,42218,M,4546782.0,438349.0,42
201400027443,14,11,27,1050,1,2,2,1.0,3,42218,M,4542512.0,442060.0,42
201400027444,14,12,3,1805,5,2,1,1.0,6,42218,M,4543028.0,438966.0,42
201400027445,14,12,3,1810,5,2,1,2.0,4,42218,M,4541822.0,439994.0,42
201400027446,14,12,8,1515,1,2,2,2.0,3,42218,M,4546369.0,438176.0,42
201400027447,14,12,8,748,2,2,1,2.0,6,42218,M,4543923.0,439759.0,42
201400027448,14,12,12,1723,5,2,1,1.0,6,42218,M,4545033.0,439001.0,42
201400027449,14,12,14,1727,1,2,1,1.0,1,42237,M,4545233.0,444736.0,42
201400027450,14,12,12,1725,5,2,1,1.0,6,42189,M,4543263.0,432694.0,42
201400027451,14,12,11,1714,2,2,2,1.0,1,42218,M,4545359.0,439071.0,42
201400027452,14,12,17,1700,1,2,1,1.0,5,42218,M,4545630.0,438254.0,42
201400027453,14,12,27,1010,1,1,1,1.0,6,42330,M,4547954.0,434818.0,42
201400027454,14,12,28,555,5,2,2,4.0,6,42218,M,4541378.0,439604.0,42
201400027455,14,1,13,1750,5,2,1,2.0,6,43251,M,,,43
201400027456,14,1,16,800,1,2,1,2.0,6,43157,M,,,43
201400027457,14,1,27,2310,5,2,2,1.0,3,43157,M,,,43
201400027458,14,2,7,1350,1,2,1,1.0,4,43157,M,4504720.0,389622.0,43
201400027459,14,2,3,1115,1,2,3,1.0,2,43089,M,4505150.0,386994.0,43
201400027460,14,2,7,1945,5,2,6,1.0,3,43041,M,4504960.0,391375.0,43
201400027461,14,3,19,1210,1,1,1,1.0,1,43089,M,4505820.0,383945.0,43
201400027462,14,4,14,835,1,2,1,1.0,6,43157,M,,,43
201400027463,14,4,11,1220,1,2,1,1.0,6,43157,M,,,43
201400027464,14,5,13,1405,1,1,3,2.0,3,43157,M,4505560.0,390274.0,43
201400027465,14,5,21,1355,1,2,3,1.0,3,43157,M,4504470.0,387826.0,43
201400027466,14,6,3,1855,1,2,1,1.0,6,43041,M,4505240.0,391131.0,43
201400027467,14,6,5,1650,1,2,1,1.0,6,43157,M,4503120.0,388541.0,43
201400027468,14,6,10,1715,1,1,3,1.0,3,43041,M,4504990.0,391668.0,43
201400027469,14,6,10,2005,1,2,1,1.0,6,43157,M,4503990.0,388824.0,43
201400027470,14,6,8,2010,1,2,2,1.0,3,43157,M,,,43
201400027471,14,6,11,2020,1,2,1,1.0,6,43157,M,4505000.0,390307.0,43
201400027472,14,6,12,1035,1,2,6,1.0,3,43041,M,4505520.0,390904.0,43
201400027473,14,6,20,1725,1,2,2,1.0,3,43157,M,4504800.0,389334.0,43
201400027474,14,6,26,1150,1,1,1,1.0,6,43045,M,4505720.0,383112.0,43
201400027475,14,7,13,1445,1,2,1,1.0,6,43157,M,4504280.0,388038.0,43
201400027476,14,7,17,150,5,2,1,1.0,6,43251,M,4502990.0,387590.0,43
201400027477,14,8,6,1645,1,1,3,1.0,3,43089,M,4503560.0,386515.0,43
201400027478,14,8,16,1340,1,1,1,1.0,1,43157,M,4501580.0,388291.0,43
201400027479,14,8,29,1210,1,1,1,1.0,6,43157,M,4501930.0,388647.0,43
201400027480,14,9,2,2049,2,2,1,1.0,3,43157,M,4504390.0,388014.0,43
201400027481,14,9,13,1610,1,2,1,1.0,6,43157,M,,,43
201400027482,14,9,17,1430,1,2,1,1.0,6,43251,M,4503190.0,387828.0,43
201400027483,14,9,16,1830,2,2,1,1.0,6,43157,M,4504460.0,387998.0,43
201400027484,14,9,21,1830,5,2,1,1.0,1,43157,M,,,43
201400027485,14,9,7,1625,1,2,3,1.0,3,43046,M,4505600.0,390059.0,43
201400027486,14,9,30,1015,1,2,1,1.0,6,43157,M,,,43
201400027487,14,10,7,740,2,2,1,1.0,3,43157,M,,,43
201400027488,14,10,9,2230,5,2,1,3.0,1,43046,M,,,43
201400027489,14,10,11,1720,1,2,1,1.0,3,43251,M,,,43
201400027490,14,10,20,1140,1,2,9,1.0,6,43041,M,4504300.0,392798.0,43
201400027491,14,10,31,1045,1,2,1,1.0,6,43157,M,,,43
201400027492,14,10,30,1300,1,2,1,1.0,6,43157,M,,,43
201400027493,14,11,7,1610,1,2,1,1.0,6,43041,M,,,43
201400027494,14,11,21,2020,2,2,1,1.0,6,43089,M,4504770.0,385557.0,43
201400027495,14,12,21,1830,5,2,1,1.0,6,43041,M,4505280.0,391089.0,43
201400027496,14,4,15,1930,1,2,2,1.0,3,43157,M,,,43
201400027497,14,2,12,1735,1,2,1,1.0,7,44055,M,,,44
201400027498,14,2,21,1230,1,2,2,1.0,3,44055,M,,,44
201400027499,14,2,22,1825,1,2,1,1.0,7,44055,M,,,44
201400027500,14,2,23,1,5,2,6,1.0,7,44055,M,,,44
201400027501,14,3,7,825,1,1,1,1.0,7,44055,M,,,44
201400027502,14,3,12,840,1,2,3,1.0,6,44135,M,,,44
201400027503,14,3,17,1900,5,2,3,1.0,3,44055,M,,,44
201400027504,14,3,26,1525,1,2,3,1.0,3,44135,M,,,44
201400027505,14,3,30,1350,1,2,1,1.0,6,44132,M,,,44
201400027506,14,4,4,1720,1,2,1,7.0,6,44055,M,,,44
201400027507,14,4,8,1400,1,2,6,1.0,3,44132,M,,,44
201400027508,14,4,9,1610,1,2,1,1.0,1,44055,M,,,44
201400027509,14,4,12,1240,1,1,1,1.0,2,44055,M,,,44
201400027510,14,4,15,1900,1,2,3,1.0,3,44055,M,,,44
201400027511,14,4,16,1455,1,2,1,1.0,3,44055,M,,,44
201400027512,14,4,17,30,5,2,1,1.0,7,44132,M,,,44
201400027513,14,4,18,1740,1,2,1,1.0,4,44055,M,,,44
201400027514,14,4,20,1740,1,1,1,1.0,7,44055,M,,,44
201400027515,14,4,20,2255,5,2,1,1.0,6,44055,M,,,44
201400027516,14,4,23,1620,1,2,1,2.0,7,44132,M,,,44
201400027517,14,4,30,950,1,2,6,1.0,3,44055,M,,,44
201400027518,14,4,30,1205,1,2,2,1.0,3,44055,M,,,44
201400027519,14,5,4,1435,1,2,2,1.0,1,44055,M,,,44
201400027520,14,5,6,2240,5,2,1,1.0,6,44055,M,,,44
201400027521,14,5,8,2055,1,2,3,2.0,3,44055,M,,,44
201400027522,14,5,27,840,1,1,1,1.0,1,44132,M,,,44
201400027523,14,5,28,1845,1,2,1,1.0,2,44132,M,,,44
201400027524,14,5,30,1215,1,2,1,1.0,2,44055,M,,,44
201400027525,14,5,31,245,5,2,1,1.0,6,44055,M,,,44
201400027526,14,6,1,215,5,2,1,1.0,7,44132,M,,,44
201400027527,14,6,23,730,1,2,6,1.0,6,44055,M,,,44
201400027528,14,6,27,1615,1,2,1,1.0,6,44132,M,,,44
201400027529,14,6,29,15,5,2,2,1.0,3,44055,M,,,44
201400027530,14,7,4,755,1,1,1,1.0,7,44055,M,,,44
201400027531,14,7,10,1435,1,2,6,1.0,3,44055,M,,,44
201400027532,14,7,11,1315,1,2,9,1.0,2,44055,M,,,44
201400027533,14,7,13,810,1,2,1,2.0,2,44055,M,,,44
201400027534,14,7,13,1130,1,2,1,1.0,2,44132,M,,,44
201400027535,14,7,14,1700,1,2,1,1.0,2,44055,M,,,44
201400027536,14,7,19,1640,1,2,2,1.0,3,44055,M,,,44
201400027537,14,7,20,40,3,1,1,1.0,6,44132,M,,,44
201400027538,14,7,25,5,3,1,1,1.0,6,44055,M,,,44
201400027539,14,7,26,1140,1,2,6,1.0,3,44135,M,,,44
201400027540,14,7,27,340,5,2,6,1.0,6,44055,M,,,44
201400027541,14,7,29,2020,1,2,1,1.0,2,44055,M,,,44
201400027542,14,8,3,1835,1,2,1,1.0,3,44055,M,,,44
201400027543,14,8,19,130,5,2,6,1.0,7,44135,M,,,44
201400027544,14,9,4,1417,1,2,1,1.0,7,44055,M,,,44
201400027545,14,9,7,1025,1,2,1,1.0,2,44055,M,,,44
201400027546,14,9,15,1935,1,2,2,1.0,3,44132,M,,,44
201400027547,14,9,18,1840,1,2,2,1.0,3,44135,M,,,44
201400027548,14,9,19,1805,1,2,2,1.0,1,44055,M,,,44
201400027549,14,9,19,1425,1,2,1,1.0,6,44055,M,,,44
201400027550,14,9,19,2030,5,2,1,1.0,3,44055,M,,,44
201400027551,14,9,28,1405,1,2,1,1.0,7,44055,M,,,44
201400027552,14,10,6,2300,3,1,1,1.0,7,44132,M,,,44
201400027553,14,10,21,1710,1,2,1,1.0,3,44055,M,,,44
201400027554,14,10,23,330,5,2,1,1.0,6,44132,M,,,44
201400027555,14,10,26,345,5,2,1,1.0,7,44055,M,,,44
201400027556,14,10,30,120,5,1,1,1.0,6,44055,M,,,44
201400027557,14,10,30,1710,1,2,3,1.0,3,44055,M,,,44
201400027558,14,10,30,1900,5,2,3,1.0,6,44055,M,,,44
201400027559,14,11,1,1205,1,1,3,1.0,3,44132,M,,,44
201400027560,14,11,1,1120,1,2,1,1.0,3,44055,M,,,44
201400027561,14,11,2,1245,1,2,9,8.0,6,44055,M,,,44
201400027562,14,11,5,1452,1,2,2,1.0,3,44055,M,,,44
201400027563,14,12,4,1940,5,2,3,1.0,3,44055,M,,,44
201400027564,14,12,21,220,4,2,1,1.0,6,44055,M,,,44
201400027565,14,12,21,1820,5,2,9,1.0,3,44055,M,,,44
201400027566,14,2,2,1745,1,2,1,1.0,7,44135,M,,,44
201400027567,14,2,17,1230,1,2,1,1.0,7,44055,M,,,44
201400027568,14,2,4,440,3,1,1,4.0,7,44055,M,,,44
201400027569,14,2,18,1515,1,2,6,7.0,6,44132,M,,,44
201400027570,14,2,5,450,3,1,1,3.0,6,44055,M,,,44
201400027571,14,3,1,1430,1,2,6,1.0,6,44132,M,,,44
201400027572,14,1,6,2105,5,2,1,1.0,6,44109,M,,,44
201400027573,14,1,6,2126,5,2,1,1.0,6,44109,M,,,44
201400027574,14,1,7,1405,1,2,1,1.0,3,44109,M,,,44
201400027575,14,2,6,1650,1,2,2,1.0,6,44109,M,,,44
201400027576,14,1,9,1250,1,2,1,1.0,3,44109,M,,,44
201400027577,14,1,9,2030,5,2,1,1.0,7,44109,M,,,44
201400027578,14,1,6,720,5,2,6,3.0,3,44162,M,,,44
201400027579,14,1,9,1620,1,2,1,1.0,6,44109,M,,,44
201400027580,14,1,11,615,5,2,1,1.0,7,44109,M,,,44
201400027581,14,1,8,815,5,2,1,9.0,3,44172,M,,,44
201400027582,14,1,13,1800,2,2,1,9.0,6,44109,M,,,44
201400027583,14,1,19,1950,5,2,2,5.0,6,44109,M,,,44
201400027584,14,1,20,2000,5,2,1,1.0,6,44109,M,,,44
201400027585,14,1,21,1320,2,2,1,1.0,2,44109,M,,,44
201400027586,14,1,23,810,2,2,1,1.0,6,44190,M,,,44
201400027587,14,1,13,1450,1,2,6,1.0,6,44114,M,,,44
201400027588,14,1,14,1240,1,1,2,1.0,3,44162,M,,,44
201400027589,14,2,1,1107,1,2,1,1.0,6,44114,M,,,44
201400027590,14,2,1,1800,1,2,1,1.0,2,44109,M,,,44
201400027591,14,2,8,955,1,2,1,1.0,6,44109,M,,,44
201400027592,14,2,9,255,5,2,1,1.0,2,44109,M,,,44
201400027593,14,2,8,2155,5,2,1,1.0,3,44109,M,,,44
201400027594,14,2,10,1730,1,2,1,1.0,2,44109,M,,,44
201400027595,14,2,9,1223,1,2,1,1.0,6,44109,M,,,44
201400027596,14,2,9,1445,1,1,1,8.0,3,44114,M,,,44
201400027597,14,1,31,2020,5,2,1,3.0,3,44109,M,,,44
201400027598,14,2,9,2045,3,1,1,1.0,6,44020,M,,,44
201400027599,14,2,15,1315,1,2,1,1.0,6,44109,M,,,44
201400027600,14,2,14,1131,1,2,1,1.0,6,44190,M,,,44
201400027601,14,2,17,800,2,2,1,1.0,6,44162,M,,,44
201400027602,14,2,17,1625,1,2,1,9.0,6,44143,M,,,44
201400027603,14,2,14,2145,5,2,1,1.0,6,44109,M,,,44
201400027604,14,2,18,815,1,2,1,1.0,6,44109,M,,,44
201400027605,14,2,21,840,1,1,1,1.0,5,44047,M,,,44
201400027606,14,2,21,1645,1,2,1,1.0,6,44109,M,,,44
201400027607,14,2,22,100,5,2,1,2.0,6,44190,M,,,44
201400027608,14,2,23,700,3,2,1,1.0,3,44162,M,,,44
201400027609,14,2,23,750,1,2,1,1.0,7,44114,M,,,44
201400027610,14,2,21,955,1,1,1,9.0,2,44114,M,,,44
201400027611,14,2,25,2025,5,2,4,1.0,6,44109,M,,,44
201400027612,14,2,26,750,2,2,1,5.0,6,44162,M,,,44
201400027613,14,2,16,750,2,2,1,5.0,6,44162,M,,,44
201400027614,14,2,26,910,1,1,1,1.0,4,44109,M,,,44
201400027615,14,2,16,910,1,1,1,1.0,4,44109,M,,,44
201400027616,14,2,22,1900,2,2,1,9.0,6,44109,M,,,44
201400027617,14,2,26,2015,5,2,1,1.0,6,44109,M,,,44
201400027618,14,4,18,1400,1,2,3,1.0,3,44109,M,,,44
201400027619,14,2,26,1540,1,2,1,1.0,6,44109,M,,,44
201400027620,14,3,1,1229,1,2,1,1.0,6,44109,M,,,44
201400027621,14,3,2,1917,3,2,6,3.0,2,44114,M,,,44
201400027622,14,3,3,1135,1,2,1,8.0,3,44109,M,,,44
201400027623,14,3,5,905,1,2,1,1.0,6,44109,M,,,44
201400027624,14,3,5,1108,1,2,1,1.0,4,44109,M,,,44
201400027625,14,3,7,1600,1,2,1,1.0,6,44109,M,,,44
201400027626,14,3,8,300,5,2,1,1.0,6,44109,M,,,44
201400027627,14,3,11,22,5,2,1,1.0,7,44109,M,,,44
201400027628,14,3,14,2010,5,1,2,1.0,6,44162,M,,,44
201400027629,14,3,14,1300,1,2,6,1.0,6,44109,M,,,44
201400027630,14,3,14,1530,1,2,1,9.0,6,44109,M,,,44
201400027631,14,3,17,1310,1,2,1,1.0,5,44109,M,,,44
201400027632,14,3,18,1720,1,2,1,1.0,6,44109,M,,,44
201400027633,14,3,21,455,5,2,6,3.0,3,44109,M,,,44