Num_Acc,an,mois,jour,hrmn,lum,agg,int,atm,col,com,gps,lat,long,dep
201400027634,14,3,21,1045,1,2,1,1.0,6,44162,M,,,44
201400027635,14,3,22,2117,5,2,1,1.0,3,44109,M,,,44
201400027636,14,3,23,1450,1,2,1,2.0,6,44162,M,,,44
201400027637,14,3,24,1210,1,2,1,1.0,6,44109,M,,,44
201400027638,14,3,24,1630,1,2,6,2.0,3,44109,M,,,44
201400027639,14,3,24,2015,5,2,6,1.0,6,44109,M,,,44
201400027640,14,3,26,1425,1,2,1,1.0,6,44162,M,,,44
201400027641,14,3,28,1745,1,2,1,1.0,7,44162,M,,,44
201400027642,14,3,29,705,2,2,1,1.0,6,44109,M,,,44
201400027643,14,3,29,1510,1,2,1,1.0,6,44109,M,,,44
201400027644,14,3,31,1200,1,2,1,1.0,6,44109,M,,,44
201400027645,14,3,31,1715,1,2,1,1.0,6,44190,M,,,44
201400027646,14,4,7,1810,2,2,1,1.0,6,44109,M,,,44
201400027647,14,4,7,1935,1,2,6,1.0,3,44109,M,,,44
201400027648,14,4,8,2010,1,2,1,1.0,6,44114,M,,,44
201400027649,14,4,10,850,1,2,3,1.0,3,44109,M,,,44
201400027650,14,4,10,1310,1,2,3,1.0,5,44109,M,,,44
201400027651,14,4,10,2315,5,2,1,1.0,7,44109,M,,,44
201400027652,14,4,12,1500,1,2,1,1.0,6,44143,M,,,44
201400027653,14,4,12,2005,1,2,1,1.0,6,44109,M,,,44
201400027654,14,4,13,1750,1,2,1,1.0,6,44143,M,,,44
201400027655,14,4,15,1225,1,2,1,1.0,3,44109,M,,,44
201400027656,14,4,16,1815,1,2,1,1.0,6,44143,M,,,44
201400027657,14,4,18,950,1,2,1,1.0,6,44109,M,,,44
201400027658,14,4,19,1415,1,2,1,1.0,6,44109,M,,,44
201400027659,14,4,19,2250,5,2,1,1.0,6,44109,M,,,44
201400027660,14,4,19,600,2,2,1,1.0,6,44109,M,,,44
201400027661,14,4,21,1612,1,2,1,1.0,6,44114,M,,,44
201400027662,14,4,24,1730,1,2,1,1.0,3,44109,M,,,44
201400027663,14,4,24,2045,2,2,1,9.0,3,44109,M,,,44
201400027664,14,4,25,1950,2,2,1,1.0,6,44143,M,,,44
201400027665,14,4,26,2150,2,2,1,9.0,4,44109,M,,,44
201400027666,14,4,26,2225,5,2,1,3.0,6,44109,M,,,44
201400027667,14,4,27,1500,2,2,6,2.0,6,44109,M,,,44
201400027668,14,4,27,1110,1,2,1,2.0,6,44143,M,,,44
201400027669,14,4,27,1215,1,2,1,1.0,1,44109,M,,,44
201400027670,14,4,28,1525,1,2,1,1.0,6,44162,M,,,44
201400027671,14,4,28,1615,1,2,1,2.0,2,44162,M,,,44
201400027672,14,4,28,1435,1,2,1,1.0,6,44109,M,,,44
201400027673,14,4,29,1829,1,1,1,1.0,4,44109,M,,,44
201400027674,14,4,30,1215,1,2,1,1.0,6,44143,M,,,44
201400027675,14,5,2,2210,5,2,6,1.0,2,44109,M,,,44
201400027676,14,5,5,835,1,2,8,1.0,2,44162,M,,,44
201400027677,14,5,6,745,1,2,1,8.0,3,44162,M,,,44
201400027678,14,5,9,1810,1,2,1,1.0,3,44109,M,,,44
201400027679,14,5,9,2015,2,2,1,1.0,6,44162,M,,,44
201400027680,14,5,15,1750,1,2,1,1.0,3,44109,M,,,44
201400027681,14,5,15,2209,2,2,1,1.0,6,44143,M,,,44
201400027682,14,5,16,1520,1,2,1,1.0,6,44109,M,,,44
201400027683,14,5,18,1240,1,2,1,1.0,6,44109,M,,,44
201400027684,14,5,21,1500,1,2,1,2.0,6,44109,M,,,44
201400027685,14,5,21,1705,1,2,1,2.0,3,44162,M,,,44
201400027686,14,5,22,855,1,2,1,8.0,2,44114,M,,,44
201400027687,14,7,3,1800,1,2,1,1.0,3,44109,M,,,44
201400027688,14,5,28,1105,1,1,1,1.0,6,44162,M,,,44
201400027689,14,5,24,900,1,2,1,1.0,6,44109,M,,,44
201400027690,14,5,28,1750,1,2,2,2.0,1,44109,M,,,44
201400027691,14,5,29,2155,5,2,6,1.0,3,44162,M,,,44
201400027692,14,6,3,15,5,2,1,9.0,6,44109,M,,,44
201400027693,14,6,4,2020,1,2,1,1.0,3,44109,M,,,44
201400027694,14,6,5,1010,1,2,1,1.0,6,44109,M,,,44
201400027695,14,6,5,1950,1,2,1,9.0,6,44143,M,,,44
201400027696,14,6,6,745,1,2,1,1.0,6,44109,M,,,44
201400027697,14,6,6,1455,1,2,1,1.0,3,44109,M,,,44
201400027698,14,6,9,630,2,2,1,2.0,6,44109,M,,,44
201400027699,14,6,9,720,2,2,1,1.0,6,44109,M,,,44
201400027700,14,6,10,1720,1,2,1,1.0,6,44109,M,,,44
201400027701,14,6,12,920,1,2,1,1.0,6,44114,M,,,44
201400027702,14,6,12,925,1,2,1,1.0,6,44114,M,,,44
201400027703,14,6,13,1225,1,2,1,1.0,7,44109,M,,,44
201400027704,14,6,14,1050,1,2,1,1.0,1,44114,M,,,44
201400027705,14,6,15,1635,1,2,1,1.0,6,44109,M,,,44
201400027706,14,6,17,1405,1,2,1,1.0,6,44143,M,,,44
201400027707,14,6,15,355,5,2,1,1.0,3,44109,M,,,44
201400027708,14,6,18,1400,1,2,1,1.0,6,44109,M,,,44
201400027709,14,6,18,1823,1,2,1,9.0,2,44109,M,,,44
201400027710,14,6,18,1900,1,2,1,1.0,3,44109,M,,,44
201400027711,14,6,19,845,1,2,1,1.0,4,44114,M,,,44
201400027712,14,6,19,1755,1,2,1,1.0,3,44143,M,,,44
201400027713,14,6,19,2126,1,2,1,1.0,6,44162,M,,,44
201400027714,14,6,19,102,5,2,3,1.0,3,44109,M,,,44
201400027715,14,6,20,1400,1,2,1,1.0,6,44114,M,,,44
201400027716,14,6,20,1455,1,2,1,1.0,3,44109,M,,,44
201400027717,14,6,22,130,3,2,1,1.0,6,44109,M,,,44
201400027718,14,6,22,2340,5,2,1,1.0,6,44109,M,,,44
201400027719,14,6,23,1945,1,2,1,1.0,6,44109,M,,,44
201400027720,14,6,27,405,5,2,1,1.0,6,44109,M,,,44
201400027721,14,6,29,315,3,2,1,3.0,6,44162,M,,,44
201400027722,14,7,2,1730,1,2,1,1.0,6,44109,M,,,44
201400027723,14,7,3,5,3,2,1,1.0,2,44143,M,,,44
201400027724,14,7,3,1145,1,2,1,1.0,6,44109,M,,,44
201400027725,14,7,3,1730,1,2,1,7.0,6,44109,M,,,44
201400027726,14,7,4,1240,1,2,1,1.0,2,44109,M,,,44
201400027727,14,7,4,2050,1,2,1,2.0,6,44109,M,,,44
201400027728,14,7,4,1130,1,2,1,1.0,7,44109,M,,,44
201400027729,14,7,8,735,1,1,1,1.0,6,44109,M,,,44
201400027730,14,7,8,1045,1,2,1,1.0,6,44114,M,,,44
201400027731,14,7,9,1750,1,2,1,1.0,6,44109,M,,,44
201400027732,14,7,9,2054,1,2,3,1.0,3,44109,M,,,44
201400027733,14,7,11,1630,1,2,1,1.0,6,44109,M,,,44
201400027734,14,7,12,720,1,1,1,1.0,3,44162,M,,,44
201400027735,14,7,12,1005,1,2,2,1.0,3,44109,M,,,44
201400027736,14,7,12,1445,1,2,1,1.0,6,44109,M,,,44
201400027737,14,7,15,130,5,2,1,9.0,1,44109,M,,,44
201400027738,14,7,16,1635,1,2,2,1.0,3,44109,M,,,44
201400027739,14,7,16,1830,1,2,6,1.0,3,44109,M,,,44
201400027740,14,7,18,2155,1,2,1,1.0,6,44162,M,,,44
201400027741,14,7,19,1950,1,2,3,1.0,3,44162,M,,,44
201400027742,14,7,21,2100,1,2,1,1.0,1,44109,M,,,44
201400027743,14,7,21,1430,1,1,1,9.0,2,44162,M,,,44
201400027744,14,7,22,845,1,2,6,1.0,6,44109,M,,,44
201400027745,14,7,22,2040,1,2,1,1.0,6,44109,M,,,44
201400027746,14,7,26,945,1,2,6,9.0,3,44162,M,,,44
201400027747,14,7,30,740,1,2,3,1.0,6,44109,M,,,44
201400027748,14,7,30,1840,1,2,3,1.0,6,44109,M,,,44
201400027749,14,8,1,1130,1,2,1,1.0,6,44109,M,,,44
201400027750,14,7,25,1630,1,2,1,1.0,2,44109,M,,,44
201400027751,14,8,4,725,1,1,1,1.0,5,44020,M,,,44
201400027752,14,8,5,1235,1,2,1,1.0,6,44109,M,,,44
201400027753,14,8,9,708,1,2,1,1.0,6,44109,M,,,44
201400027754,14,8,10,235,3,2,1,1.0,6,44143,M,,,44
201400027755,14,8,11,1610,1,2,6,1.0,3,44143,M,,,44
201400027756,14,8,14,400,5,2,1,1.0,6,44109,M,,,44
201400027757,14,8,16,700,2,2,1,1.0,6,44109,M,,,44
201400027758,14,8,17,2130,2,2,1,1.0,7,44109,M,,,44
201400027759,14,8,15,335,5,2,1,1.0,3,44109,M,,,44
201400027760,14,8,24,140,5,2,1,1.0,6,44109,M,,,44
201400027761,14,8,24,140,3,2,1,1.0,6,44109,M,,,44
201400027762,14,8,26,750,1,2,1,1.0,1,44194,M,,,44
201400027763,14,8,26,2305,3,2,1,1.0,6,44109,M,,,44
201400027764,14,8,28,50,5,2,1,2.0,7,44109,M,,,44
201400027765,14,8,31,315,5,2,1,1.0,6,44109,M,,,44
201400027766,14,9,1,1935,1,2,6,1.0,3,44109,M,,,44
201400027767,14,9,4,1605,1,2,1,1.0,3,44109,M,,,44
201400027768,14,9,5,1400,1,2,1,1.0,6,44109,M,,,44
201400027769,14,9,5,2310,5,2,1,1.0,6,44109,M,,,44
201400027770,14,9,6,2210,5,2,6,1.0,7,44109,M,,,44
201400027771,14,9,9,851,1,2,1,1.0,3,44109,M,,,44
201400027772,14,9,7,800,1,2,1,1.0,6,44109,M,,,44
201400027773,14,9,6,1040,1,2,1,1.0,2,44143,M,,,44
201400027774,14,9,9,1748,1,2,1,1.0,6,44109,M,,,44
201400027775,14,9,11,1035,1,2,1,1.0,6,44109,M,,,44
201400027776,14,9,11,1230,1,2,7,9.0,6,44109,M,,,44
201400027777,14,9,11,1910,1,2,1,1.0,6,44109,M,,,44
201400027778,14,9,12,1520,1,2,3,9.0,6,44162,M,,,44
201400027779,14,9,16,900,1,2,1,1.0,7,44190,M,,,44
201400027780,14,9,16,230,5,2,1,2.0,2,44143,M,,,44
201400027781,14,9,16,1715,1,2,6,1.0,3,44109,M,,,44
201400027782,14,9,17,1505,1,2,1,1.0,6,44162,M,,,44
201400027783,14,9,17,1825,1,2,3,1.0,3,44109,M,,,44
201400027784,14,9,17,1700,1,2,1,9.0,3,44143,M,,,44
201400027785,14,9,18,455,5,2,1,1.0,6,44109,M,,,44
201400027786,14,9,18,1825,1,2,1,1.0,3,44109,M,,,44
201400027787,14,8,19,1730,1,2,1,9.0,3,44109,M,,,44
201400027788,14,9,22,1635,1,1,1,1.0,3,44109,M,,,44
201400027789,14,9,20,1220,1,2,3,1.0,3,44109,M,,,44
201400027790,14,9,25,700,2,2,1,1.0,2,44109,M,,,44
201400027791,14,9,26,30,5,2,1,1.0,6,44109,M,,,44
201400027792,14,9,29,1730,1,2,1,1.0,6,44109,M,,,44
201400027793,14,9,29,1820,1,2,1,1.0,2,44109,M,,,44
201400027794,14,9,29,1930,2,2,1,1.0,6,44109,M,,,44
201400027795,14,9,28,1015,1,2,1,1.0,6,44109,M,,,44
201400027796,14,9,30,1555,1,2,1,1.0,2,44109,M,,,44
201400027797,14,10,3,710,5,2,1,9.0,3,44109,M,,,44
201400027798,14,9,28,1825,2,2,1,9.0,6,44109,M,,,44
201400027799,14,10,5,220,5,2,1,1.0,1,44109,M,,,44
201400027800,14,10,5,1335,1,1,1,1.0,6,44009,M,,,44
201400027801,14,10,7,330,4,2,1,1.0,6,44109,M,,,44
201400027802,14,10,8,750,5,2,1,2.0,7,44109,M,,,44
201400027803,14,10,9,740,4,2,1,1.0,6,44162,M,,,44
201400027804,14,10,8,1845,1,2,1,1.0,6,44109,M,,,44
201400027805,14,10,9,645,5,2,1,1.0,6,44109,M,,,44
201400027806,14,10,11,300,5,2,1,1.0,6,44109,M,,,44
201400027807,14,10,12,240,5,2,1,1.0,2,44109,M,,,44
201400027808,14,10,14,1241,1,2,1,1.0,3,44162,M,,,44
201400027809,14,10,16,805,2,2,1,1.0,6,44114,M,,,44
201400027810,14,10,17,1920,2,1,1,1.0,2,44114,M,,,44
201400027811,14,10,20,740,2,2,1,1.0,3,44109,M,,,44
201400027812,14,10,20,1325,1,2,1,1.0,6,44162,M,,,44
201400027813,14,10,21,1700,1,2,1,1.0,3,44109,M,,,44
201400027814,14,10,21,2130,5,2,1,1.0,7,44109,M,,,44
201400027815,14,10,20,1715,1,1,1,1.0,5,44020,M,,,44
201400027816,14,10,23,1150,1,2,2,1.0,3,44109,M,,,44
201400027817,14,10,23,2250,5,2,1,1.0,3,44109,M,,,44
201400027818,14,10,25,610,5,2,1,9.0,6,44143,M,,,44
201400027819,14,10,25,1925,5,2,1,1.0,6,44109,M,,,44
201400027820,14,10,26,1205,1,2,1,1.0,7,44114,M,,,44
201400027821,14,10,27,850,1,2,1,1.0,7,44109,M,,,44
201400027822,14,10,27,1615,1,2,1,1.0,6,44109,M,,,44
201400027823,14,10,28,1700,1,2,1,9.0,6,44109,M,,,44
201400027824,14,10,28,1750,5,2,1,1.0,6,44109,M,,,44
201400027825,14,10,28,1920,3,1,1,1.0,3,44162,M,,,44
201400027826,14,10,28,2200,3,2,6,9.0,3,44109,M,,,44
201400027827,14,10,29,2050,5,2,1,1.0,2,44109,M,,,44
201400027828,14,10,30,1310,1,2,1,1.0,3,44109,M,,,44
201400027829,14,10,30,1900,5,2,1,1.0,3,44162,M,,,44
201400027830,14,10,30,1255,1,2,1,7.0,6,44109,M,,,44
201400027831,14,10,31,1710,1,2,1,1.0,3,44109,M,,,44
201400027832,14,10,30,810,1,2,1,1.0,3,44162,M,,,44
201400027833,14,11,3,1825,5,2,1,2.0,6,44109,M,,,44
201400027834,14,11,6,1715,1,2,3,4.0,3,44109,M,,,44
201400027835,14,11,11,1145,1,2,1,1.0,2,44109,M,,,44
201400027836,14,11,11,1051,1,2,1,1.0,7,44114,M,,,44
201400027837,14,11,12,935,1,2,1,1.0,6,44143,M,,,44
201400027838,14,11,12,1830,5,2,1,9.0,6,44109,M,,,44
201400027839,14,11,13,740,2,2,1,1.0,6,44162,M,,,44
201400027840,14,11,15,420,3,1,1,9.0,6,44009,M,,,44
201400027841,14,11,16,1845,5,2,1,1.0,6,44109,M,,,44
201400027842,14,11,14,2000,5,2,1,9.0,7,44109,M,,,44
201400027843,14,11,18,1220,1,2,1,1.0,6,44162,M,,,44
201400027844,14,11,20,815,1,2,1,8.0,3,44109,M,,,44
201400027845,14,11,20,830,1,2,1,1.0,3,44143,M,,,44
201400027846,14,11,21,1625,1,2,1,1.0,6,44109,M,,,44
201400027847,14,11,22,244,5,2,1,1.0,6,44109,M,,,44
201400027848,14,11,22,1545,1,2,1,1.0,3,44109,M,,,44
201400027849,14,11,22,2100,5,2,1,1.0,6,44109,M,,,44
201400027850,14,11,23,635,5,2,1,1.0,6,44109,M,,,44
201400027851,14,11,21,2230,5,2,1,9.0,2,44109,M,,,44
201400027852,14,11,21,1545,1,2,1,1.0,3,44109,M,,,44
201400027853,14,11,24,745,2,2,1,9.0,7,44109,M,,,44
201400027854,14,11,23,30,5,2,1,9.0,7,44109,M,,,44
201400027855,14,11,26,1045,1,2,1,1.0,5,44109,M,,,44
201400027856,14,11,27,1614,2,2,1,1.0,6,44109,M,,,44
201400027857,14,11,27,2330,5,2,1,1.0,6,44109,M,,,44
201400027858,14,11,28,710,3,2,1,1.0,1,44162,M,,,44
201400027859,14,11,29,1,5,2,1,1.0,1,44109,M,,,44
201400027860,14,11,29,526,5,2,6,1.0,3,44109,M,,,44
201400027861,14,11,28,1930,5,2,1,1.0,6,44109,M,,,44
201400027862,14,12,1,1645,1,2,1,8.0,3,44109,M,,,44
201400027863,14,12,3,745,2,1,1,1.0,7,44114,M,,,44
201400027864,14,12,6,1450,1,2,6,1.0,3,44109,M,,,44
201400027865,14,12,8,1655,1,2,1,1.0,6,44109,M,,,44
201400027866,14,12,5,2015,5,2,1,1.0,2,44109,M,,,44
201400027867,14,12,9,815,2,2,1,1.0,3,44109,M,,,44
201400027868,14,12,11,820,1,2,3,1.0,6,44109,M,,,44
201400027869,14,12,6,1015,1,2,9,1.0,3,44162,M,,,44
201400027870,14,12,15,1635,1,2,3,1.0,1,44162,M,,,44
201400027871,14,12,16,800,2,2,1,2.0,6,44109,M,,,44
201400027872,14,12,16,740,2,2,1,2.0,6,44162,M,,,44
201400027873,14,11,29,1730,5,2,1,1.0,6,44109,M,,,44
201400027874,14,12,23,1720,5,2,1,2.0,6,44109,M,,,44
201400027875,14,12,17,1825,5,2,1,1.0,6,44109,M,,,44
201400027876,14,12,18,830,2,2,1,2.0,6,44109,M,,,44
201400027877,14,12,18,1400,1,2,1,1.0,6,44162,M,,,44
201400027878,14,12,8,1200,1,2,1,1.0,5,44109,M,,,44
201400027879,14,11,4,1825,2,2,1,1.0,6,44109,M,,,44
201400027880,14,12,17,800,2,2,1,1.0,6,44114,M,,,44
201400027881,14,12,21,1230,1,2,1,1.0,6,44109,M,,,44
201400027882,14,12,24,2330,5,2,1,2.0,5,44109,M,,,44
201400027883,14,12,26,730,2,2,3,1.0,1,44109,M,,,44
201400027884,14,12,31,1210,1,2,1,1.0,7,44184,M,,,44
201400027885,14,1,2,1410,1,2,2,2.0,3,44184,M,,,44
201400027886,14,1,2,1820,5,2,8,1.0,3,44184,M,,,44
201400027887,14,1,7,1505,1,2,1,1.0,7,44184,M,,,44
201400027888,14,1,14,1400,1,2,9,1.0,3,44184,M,,,44
201400027889,14,1,17,1645,1,2,2,1.0,3,44184,M,,,44
201400027890,14,1,30,1520,1,2,2,1.0,7,44184,M,,,44
201400027891,14,1,31,740,1,2,1,1.0,3,44184,M,,,44
201400027892,14,2,2,1930,2,2,2,1.0,3,44184,M,,,44
201400027893,14,2,7,1650,1,2,2,2.0,3,44184,M,,,44
201400027894,14,2,7,1545,1,2,1,1.0,3,44184,M,,,44
201400027895,14,2,9,1705,2,2,1,2.0,7,44184,M,,,44
201400027896,14,2,7,2105,5,2,2,3.0,3,44184,M,,,44
201400027897,14,2,13,1700,1,2,1,1.0,1,44184,M,,,44
201400027898,14,2,18,1640,1,2,1,1.0,3,44184,M,,,44
201400027899,14,2,22,2100,5,2,3,1.0,6,44184,M,,,44
201400027900,14,2,25,1125,1,2,1,2.0,6,44184,M,,,44
201400027901,14,2,27,1335,1,2,6,1.0,2,44184,M,,,44
201400027902,14,2,27,1550,1,2,1,1.0,7,44184,M,,,44
201400027903,14,3,16,1815,1,2,1,1.0,2,44184,M,,,44
201400027904,14,3,8,1415,1,2,1,1.0,4,44184,M,,,44
201400027905,14,3,13,1410,1,2,1,1.0,2,44184,M,,,44
201400027906,14,3,20,650,2,2,1,1.0,3,44184,M,,,44
201400027907,14,3,30,909,1,2,1,1.0,7,44184,M,,,44
201400027908,14,3,31,1420,1,2,2,1.0,3,44184,M,,,44
201400027909,14,4,3,1100,1,2,2,1.0,3,44184,M,,,44
201400027910,14,4,17,1715,1,2,6,1.0,3,44184,M,,,44
201400027911,14,4,23,1750,1,2,1,1.0,3,44184,M,,,44
201400027912,14,4,27,1810,1,2,1,2.0,6,44184,M,,,44
201400027913,14,5,3,1340,1,2,1,1.0,1,44184,M,,,44
201400027914,14,5,12,2100,1,2,5,1.0,3,44184,M,,,44
201400027915,14,5,13,2030,1,2,2,1.0,3,44184,M,,,44
201400027916,14,5,14,2135,2,2,2,1.0,3,44184,M,,,44
201400027917,14,5,15,1210,1,2,1,1.0,3,44184,M,,,44
201400027918,14,5,21,1724,1,2,1,2.0,7,44184,M,,,44
201400027919,14,5,23,1100,1,2,2,1.0,3,44184,M,,,44
201400027920,14,5,26,1115,1,2,1,1.0,7,44184,M,,,44
201400027921,14,5,29,1405,1,1,1,1.0,3,44184,M,,,44
201400027922,14,6,3,2030,2,2,3,2.0,3,44184,M,,,44
201400027923,14,6,5,1730,1,2,2,1.0,3,44184,M,,,44
201400027924,14,6,6,815,1,2,1,1.0,6,44184,M,,,44
201400027925,14,6,11,857,1,2,1,1.0,5,44184,M,,,44
201400027926,14,6,15,1210,1,2,2,1.0,3,44184,M,,,44
201400027927,14,6,17,650,1,2,1,1.0,6,44184,M,,,44
201400027928,14,6,14,1300,1,2,1,1.0,7,44184,M,,,44
201400027929,14,6,18,1820,1,2,1,1.0,7,44184,M,,,44
201400027930,14,6,26,2130,2,2,3,1.0,3,44184,M,,,44
201400027931,14,6,30,1615,1,2,2,1.0,3,44184,M,,,44
201400027932,14,7,1,1540,1,2,3,1.0,3,44184,M,,,44
201400027933,14,7,4,1010,1,2,1,1.0,7,44184,M,,,44
201400027934,14,7,4,924,1,2,1,1.0,3,44184,M,,,44
201400027935,14,7,4,1425,1,2,6,1.0,3,44184,M,,,44
201400027936,14,7,5,2100,2,1,2,8.0,6,44184,M,,,44
201400027937,14,7,6,425,2,2,1,2.0,6,44184,M,,,44
201400027938,14,7,9,935,1,2,2,1.0,3,44184,M,,,44
201400027939,14,7,13,2100,2,2,6,1.0,3,44184,M,,,44
201400027940,14,7,15,1715,1,2,2,1.0,3,44184,M,,,44
201400027941,14,7,17,1110,1,2,2,1.0,3,44184,M,,,44
201400027942,14,7,16,1435,1,2,1,1.0,3,44184,M,,,44
201400027943,14,7,24,1325,1,2,1,1.0,2,44184,M,,,44
201400027944,14,7,28,530,5,2,3,1.0,3,44184,M,,,44
201400027945,14,8,1,1000,1,2,1,1.0,2,44184,M,,,44
201400027946,14,8,3,1850,1,2,1,1.0,1,44184,M,,,44
201400027947,14,8,8,50,5,2,1,2.0,7,44184,M,,,44
201400027948,14,8,9,840,1,2,2,1.0,3,44184,M,,,44
201400027949,14,8,12,1105,1,2,2,1.0,3,44184,M,,,44
201400027950,14,8,17,845,1,2,1,1.0,7,44184,M,,,44
201400027951,14,8,18,2110,2,2,6,1.0,3,44184,M,,,44
201400027952,14,8,18,1830,1,2,2,1.0,3,44184,M,,,44
201400027953,14,8,21,1955,1,2,2,1.0,3,44184,M,,,44
201400027954,14,8,23,1630,1,2,9,1.0,3,44184,M,,,44
201400027955,14,8,31,550,5,2,2,1.0,7,44184,M,,,44
201400027956,14,9,8,1700,1,2,2,1.0,3,44184,M,,,44
201400027957,14,9,16,850,1,2,1,1.0,2,44184,M,,,44
201400027958,14,9,18,940,1,2,1,1.0,3,44184,M,,,44
201400027959,14,9,18,1635,1,2,2,1.0,2,44184,M,,,44
201400027960,14,9,20,1420,1,2,1,1.0,3,44184,M,,,44
201400027961,14,9,24,640,2,2,1,1.0,3,44184,M,,,44
201400027962,14,9,26,845,2,2,2,1.0,3,44184,M,,,44
201400027963,14,9,27,1810,1,2,6,1.0,3,44184,M,,,44
201400027964,14,9,28,1605,1,2,1,1.0,1,44184,M,,,44
201400027965,14,10,1,1655,1,2,1,1.0,2,44184,M,,,44
201400027966,14,10,3,915,1,2,1,1.0,7,44184,M,,,44
201400027967,14,10,8,810,2,2,1,2.0,7,44184,M,,,44
201400027968,14,10,9,725,2,2,2,1.0,3,44184,M,,,44
201400027969,14,10,10,2240,5,2,6,1.0,3,44184,M,,,44
201400027970,14,10,11,310,5,2,1,1.0,6,44184,M,,,44
201400027971,14,10,12,505,5,2,6,1.0,3,44184,M,,,44
201400027972,14,10,13,1330,1,2,2,1.0,3,44184,M,,,44
201400027973,14,10,14,1045,1,2,1,1.0,6,44184,M,,,44
201400027974,14,10,17,1627,1,2,1,1.0,3,44184,M,,,44
201400027975,14,10,18,1425,1,2,3,1.0,3,44184,M,,,44
201400027976,14,10,25,1927,1,2,1,1.0,3,44184,M,,,44
201400027977,14,10,26,1120,1,2,1,1.0,7,44184,M,,,44
201400027978,14,10,25,1940,5,2,2,1.0,2,44184,M,,,44
201400027979,14,10,28,1735,1,2,6,1.0,3,44184,M,,,44
201400027980,14,10,29,1540,1,2,1,1.0,2,44184,M,,,44
201400027981,14,10,31,1125,1,2,6,1.0,3,44184,M,,,44
201400027982,14,11,3,1505,1,2,2,2.0,3,44184,M,,,44
201400027983,14,11,4,1000,1,2,2,1.0,3,44184,M,,,44
201400027984,14,11,7,1940,5,2,1,1.0,3,44184,M,,,44
201400027985,14,11,9,1905,2,2,3,2.0,3,44184,M,,,44
201400027986,14,11,13,2000,5,2,1,1.0,3,44184,M,,,44
201400027987,14,11,20,1650,1,2,6,1.0,3,44184,M,,,44
201400027988,14,11,20,1835,1,2,1,1.0,4,44184,M,,,44
201400027989,14,11,23,1400,1,2,2,2.0,3,44184,M,,,44
201400027990,14,11,24,1800,2,2,1,1.0,6,44184,M,,,44
201400027991,14,11,25,1845,5,2,1,2.0,3,44184,M,,,44
201400027992,14,11,30,1650,2,2,1,1.0,6,44184,M,,,44
201400027993,14,12,1,1935,5,2,2,2.0,3,44184,M,,,44
201400027994,14,12,2,610,5,2,1,1.0,7,44184,M,,,44
201400027995,14,12,4,1310,1,2,1,1.0,7,44184,M,,,44
201400027996,14,12,6,510,3,2,1,1.0,6,44184,M,,,44
201400027997,14,12,18,825,2,2,1,1.0,7,44184,M,,,44
201400027998,14,12,20,1555,1,2,1,1.0,2,44184,M,,,44
201400027999,14,12,19,1215,1,2,6,1.0,3,44184,M,,,44
201400028000,14,1,2,1140,1,1,1,8.0,7,45338,M,,,45
201400028001,14,1,7,1901,3,1,1,2.0,1,45338,M,,,45
201400028002,14,1,15,1000,1,2,1,2.0,6,45208,M,4799985.0,273369.0,45
201400028003,14,1,14,1315,1,2,1,2.0,7,45338,M,,,45
201400028004,14,1,14,1650,1,2,4,2.0,3,45208,M,4799428.0,272404.0,45
201400028005,14,1,14,1653,1,2,2,8.0,3,45338,M,4798341.0,271716.0,45
201400028006,14,1,16,1400,1,1,1,1.0,4,45004,M,4799703.0,273958.0,45
201400028007,14,1,17,1515,1,2,1,1.0,6,45208,M,4799481.0,273257.0,45
201400028008,14,1,17,1745,2,2,1,1.0,5,45208,M,4801027.0,275459.0,45
201400028009,14,1,18,1605,1,2,1,1.0,6,45208,M,4799486.0,273090.0,45
201400028010,14,1,20,2312,5,2,2,8.0,6,45004,M,4797982.0,273301.0,45
201400028011,14,1,23,1810,5,2,1,2.0,6,45004,M,4797722.0,273699.0,45
201400028012,14,1,24,856,1,2,1,2.0,6,45208,M,4799346.0,273235.0,45
201400028013,14,1,24,2042,5,2,2,1.0,3,45068,M,4801306.0,273125.0,45
201400028014,14,1,29,1120,1,1,1,2.0,6,45068,M,4803390.0,274566.0,45
201400028015,14,1,29,1230,1,2,1,2.0,6,45208,M,4800458.0,274161.0,45
201400028016,14,1,31,1806,5,2,3,1.0,1,45068,M,4800527.0,272396.0,45
201400028017,14,2,2,813,1,1,1,1.0,6,45338,M,,,45
201400028018,14,2,2,825,1,1,1,7.0,6,45338,M,,,45
201400028019,14,2,25,2250,5,2,6,1.0,2,45208,M,4799949.0,272939.0,45
201400028020,14,2,26,925,1,2,7,1.0,3,45068,M,4801305.0,273125.0,45
201400028021,14,2,26,1740,1,2,3,1.0,1,45338,M,4798328.0,270828.0,45
201400028022,14,3,1,1053,1,2,1,1.0,6,45208,M,4799550.0,273366.0,45
201400028023,14,3,9,1755,1,2,1,1.0,6,45208,M,4799783.0,273771.0,45
201400028024,14,3,14,430,3,1,1,1.0,7,45338,M,4798190.0,267721.0,45
201400028025,14,3,26,1100,1,2,2,1.0,3,45004,M,4799502.0,275474.0,45
201400028026,14,3,27,800,1,2,1,1.0,3,45208,M,4800145.0,274255.0,45
201400028027,14,3,29,1438,1,2,3,1.0,3,45338,M,4798590.0,269047.0,45
201400028028,14,3,31,1137,1,2,2,1.0,3,45338,M,4798341.0,271717.0,45
201400028029,14,4,10,940,1,2,1,7.0,2,45208,M,4799415.0,273091.0,45
201400028030,14,4,11,210,3,1,1,1.0,6,45068,M,4802524.0,274062.0,45