Num_Acc,an,mois,jour,hrmn,lum,agg,int,atm,col,com,gps,lat,long,dep
201400028031,14,4,11,1515,1,2,1,1.0,2,45068,M,4801941.0,271591.0,45
201400028032,14,4,10,830,1,2,1,1.0,6,45068,M,4802927.0,273585.0,45
201400028033,14,4,15,1845,1,2,1,1.0,3,45004,M,4798499.0,273260.0,45
201400028034,14,4,16,1000,1,2,2,1.0,3,45338,M,4798647.0,271218.0,45
201400028035,14,4,17,1845,1,2,1,1.0,3,45004,M,4796452.0,278025.0,45
201400028036,14,4,19,450,5,2,6,1.0,6,45068,M,4800903.0,272189.0,45
201400028037,14,4,19,1435,1,2,1,8.0,2,45004,M,4797581.0,274141.0,45
201400028038,14,4,19,1553,1,2,6,8.0,2,45208,M,4799906.0,272902.0,45
201400028039,14,4,23,1731,1,2,1,1.0,2,45004,M,4798401.0,275064.0,45
201400028040,14,4,27,1020,1,2,3,1.0,3,45208,M,4800249.0,273883.0,45
201400028041,14,4,28,1015,1,2,3,8.0,6,45068,M,4800637.0,273885.0,45
201400028042,14,5,5,2210,5,1,1,1.0,6,45338,M,4797116.0,271879.0,45
201400028043,14,5,15,1756,1,1,9,1.0,7,45004,M,,,45
201400028044,14,5,18,500,2,2,1,1.0,6,45208,M,4799556.0,272097.0,45
201400028045,14,5,20,917,1,2,2,1.0,3,45208,M,4799569.0,272035.0,45
201400028046,14,5,19,2000,1,2,1,1.0,6,45208,M,4799730.0,273292.0,45
201400028047,14,5,20,1228,1,2,4,1.0,2,45208,M,4799668.0,273999.0,45
201400028048,14,5,21,1818,1,2,1,2.0,3,45004,M,4796528.0,277827.0,45
201400028049,14,5,24,1645,1,2,1,8.0,3,45068,M,4802343.0,273263.0,45
201400028050,14,5,30,1707,1,1,2,1.0,5,45004,M,4798166.0,283194.0,45
201400028051,14,6,13,1530,1,2,1,1.0,6,45338,M,4798090.0,272017.0,45
201400028052,14,6,26,918,1,2,2,1.0,3,45208,M,4799831.0,274636.0,45
201400028053,14,7,7,1934,1,2,1,2.0,7,45068,M,4800846.0,273315.0,45
201400028054,14,7,7,1915,1,1,1,2.0,6,45338,M,4797812.0,271183.0,45
201400028055,14,7,12,234,3,2,1,2.0,6,45338,M,4799018.0,272462.0,45
201400028056,14,7,12,2100,1,2,2,8.0,3,45338,M,4798339.0,271717.0,45
201400028057,14,8,5,2150,1,2,3,1.0,3,45068,M,4800733.0,273444.0,45
201400028058,14,8,6,1615,1,2,1,1.0,6,45068,M,,,45
201400028059,14,8,8,1520,1,2,1,1.0,1,45338,M,4797754.0,271429.0,45
201400028060,14,8,14,1919,1,2,3,1.0,3,45004,M,4797586.0,274117.0,45
201400028061,14,8,23,2035,1,2,2,1.0,3,45068,M,4801312.0,273003.0,45
201400028062,14,8,29,1550,1,2,6,1.0,3,45068,M,4801256.0,273942.0,45
201400028063,14,8,29,1730,1,2,1,1.0,6,45004,M,4798029.0,276993.0,45
201400028064,14,8,30,1525,1,2,3,8.0,3,45004,M,,,45
201400028065,14,9,3,1730,1,2,6,1.0,3,45004,M,4796277.0,276446.0,45
201400028066,14,9,6,2230,3,1,1,1.0,6,45338,M,,,45
201400028067,14,9,11,1640,1,2,3,1.0,2,45208,M,4799798.0,273986.0,45
201400028068,14,9,13,505,5,2,2,1.0,3,45338,M,4798094.0,272309.0,45
201400028069,14,9,19,2230,5,2,2,1.0,3,45068,M,4801310.0,272999.0,45
201400028070,14,9,24,1224,1,2,1,1.0,6,45068,M,,,45
201400028071,14,9,29,758,1,2,3,2.0,6,45208,M,4800362.0,273682.0,45
201400028072,14,10,5,1049,1,2,1,3.0,3,45068,M,,,45
201400028073,14,10,7,840,2,2,1,2.0,6,45338,M,4799279.0,271936.0,45
201400028074,14,10,7,1500,1,1,1,3.0,1,45004,M,,,45
201400028075,14,10,8,1005,1,1,1,2.0,7,45004,M,4797046.0,273352.0,45
201400028076,14,10,26,1506,1,2,1,1.0,6,45068,M,4802288.0,271571.0,45
201400028077,14,10,29,1500,1,2,2,1.0,3,45338,M,4798515.0,269245.0,45
201400028078,14,11,5,722,1,1,4,1.0,3,45004,M,,,45
201400028079,14,11,17,1338,1,2,1,8.0,6,45068,M,,,45
201400028080,14,11,18,743,5,2,3,2.0,3,45208,M,4799792.0,273912.0,45
201400028081,14,11,21,1857,3,1,1,1.0,2,45338,M,4798914.0,268465.0,45
201400028082,14,11,24,1715,2,2,1,1.0,6,45208,M,4799414.0,273089.0,45
201400028083,14,11,29,1600,1,2,1,8.0,2,45338,M,4798019.0,271294.0,45
201400028084,14,11,28,1430,1,2,3,1.0,1,45208,M,4799405.0,272551.0,45
201400028085,14,12,5,151,5,2,1,1.0,6,45004,M,4797422.0,277610.0,45
201400028086,14,12,5,805,1,2,1,1.0,7,45068,M,,,45
201400028087,14,12,5,735,5,2,1,8.0,6,45208,M,4800425.0,272463.0,45
201400028088,14,12,11,833,1,2,1,2.0,6,45068,M,4802779.0,273197.0,45
201400028089,14,12,11,1649,1,2,1,1.0,1,45208,M,,,45
201400028090,14,12,13,1309,1,2,1,8.0,3,45208,M,4800493.0,272419.0,45
201400028091,14,12,15,1720,5,2,3,2.0,6,45338,M,4799067.0,270887.0,45
201400028092,14,12,15,1810,5,2,1,2.0,6,45208,M,4800104.0,273975.0,45
201400028093,14,12,17,805,5,2,1,3.0,3,45208,M,,,45
201400028094,14,12,23,1735,5,2,1,1.0,6,45338,M,,,45
201400028095,14,1,7,710,5,2,2,1.0,3,45338,M,4798994.0,269738.0,45
201400028096,14,1,3,1400,1,2,1,1.0,6,45234,M,4791035.0,192289.0,45
201400028097,14,1,8,850,1,2,1,1.0,1,45298,M,4787832.0,185754.0,45
201400028098,14,1,16,1215,1,2,1,2.0,6,45234,M,4791041.0,190062.0,45
201400028099,14,1,17,1415,1,2,1,1.0,3,45234,M,4789789.0,190679.0,45
201400028100,14,1,17,1444,1,2,6,1.0,1,45169,M,4790419.0,183584.0,45
201400028101,14,1,27,1410,1,2,1,1.0,6,45234,M,4790627.0,190775.0,45
201400028102,14,1,27,1655,1,2,1,1.0,6,45234,M,4790067.0,191599.0,45
201400028103,14,1,28,1920,5,2,6,2.0,3,45234,M,4781891.0,193823.0,45
201400028104,14,1,31,1940,5,2,2,2.0,3,45302,M,4794465.0,189242.0,45
201400028105,14,2,3,1217,1,2,2,1.0,3,45234,M,4790480.0,191347.0,45
201400028106,14,2,4,725,1,2,1,1.0,1,45234,M,4791454.0,192605.0,45
201400028107,14,2,6,824,1,2,1,1.0,3,45234,M,,,45
201400028108,14,2,12,1213,1,2,1,1.0,3,45274,M,4789095.0,194505.0,45
201400028109,14,2,13,1800,1,1,3,1.0,3,45274,M,4787656.0,198471.0,45
201400028110,14,2,7,1555,1,2,3,1.0,3,45302,M,4794978.0,188358.0,45
201400028111,14,2,17,1809,1,2,1,1.0,3,45284,M,4791289.0,194766.0,45
201400028112,14,2,21,1125,1,1,1,1.0,3,45272,M,4784936.0,194363.0,45
201400028113,14,2,21,1520,1,2,1,1.0,3,45234,M,4783946.0,192835.0,45
201400028114,14,2,26,1035,1,2,2,1.0,3,45169,M,4791598.0,184008.0,45
201400028115,14,3,2,1500,1,2,1,1.0,3,45169,M,4791884.0,182864.0,45
201400028116,14,3,12,910,1,2,1,7.0,6,45232,M,4786447.0,190018.0,45
201400028117,14,3,13,1700,1,2,1,1.0,3,45234,M,4789945.0,192408.0,45
201400028118,14,3,22,1520,1,2,3,1.0,3,45234,M,4793066.0,189553.0,45
201400028119,14,4,7,800,1,2,4,1.0,3,45234,M,4790485.0,192315.0,45
201400028120,14,4,7,1320,1,1,1,1.0,4,45235,M,4795655.0,179379.0,45
201400028121,14,4,9,1757,1,2,1,1.0,6,45234,M,4790486.0,189301.0,45
201400028122,14,4,9,2215,5,2,1,1.0,2,45234,M,4790663.0,189933.0,45
201400028123,14,4,18,1540,1,2,1,1.0,3,45284,M,4791365.0,196192.0,45
201400028124,14,4,21,1538,1,2,2,1.0,5,45234,M,,,45
201400028125,14,5,8,1405,1,2,1,1.0,2,45285,M,4791581.0,186606.0,45
201400028126,14,5,15,820,1,2,2,1.0,1,45147,M,4792133.0,190711.0,45
201400028127,14,5,23,1830,1,2,1,1.0,6,45169,M,4791923.0,182843.0,45
201400028128,14,5,29,255,5,2,1,1.0,6,45234,M,4789095.0,189558.0,45
201400028129,14,6,1,500,2,2,1,1.0,6,45232,M,4786931.0,190830.0,45
201400028130,14,6,1,1700,1,2,1,1.0,3,45284,M,4791878.0,198209.0,45
201400028131,14,5,31,1505,1,2,1,1.0,6,45234,M,4783902.0,193586.0,45
201400028132,14,6,4,1831,1,2,1,1.0,1,45075,M,,,45
201400028133,14,6,6,1830,1,2,2,1.0,3,45234,M,4784625.0,194091.0,45
201400028134,14,6,11,1825,1,2,3,1.0,5,45234,M,4789817.0,190347.0,45
201400028135,14,6,13,2245,5,2,2,1.0,3,45234,M,4788412.0,189827.0,45
201400028136,14,6,30,1825,1,2,2,1.0,5,45147,M,4792149.0,191448.0,45
201400028137,14,7,3,1615,1,2,1,1.0,6,45234,M,4790505.0,191051.0,45
201400028138,14,7,4,1205,1,2,2,2.0,3,45234,M,4789061.0,189774.0,45
201400028139,14,7,24,725,1,2,1,1.0,6,45075,M,,,45
201400028140,14,7,26,730,1,2,1,1.0,6,45232,M,4786278.0,190048.0,45
201400028141,14,7,24,1225,1,2,1,1.0,6,45147,M,4792998.0,191289.0,45
201400028142,14,7,31,1710,1,2,6,1.0,3,45302,M,4795725.0,189008.0,45
201400028143,14,8,3,1010,1,2,2,1.0,3,45234,M,4789468.0,190462.0,45
201400028144,14,8,6,1330,1,2,3,1.0,3,45285,M,4789608.0,186032.0,45
201400028145,14,8,16,525,5,2,6,1.0,6,45298,M,,,45
201400028146,14,8,22,1530,1,2,1,1.0,1,45302,M,,,45
201400028147,14,8,20,1745,1,2,3,1.0,3,45232,M,4785419.0,191702.0,45
201400028148,14,8,25,1300,1,2,2,1.0,6,45234,M,4790378.0,189445.0,45
201400028149,14,9,2,1740,1,2,3,1.0,2,45284,M,4790667.0,198479.0,45
201400028150,14,9,2,1130,1,2,1,1.0,6,45284,M,4791524.0,196889.0,45
201400028151,14,9,5,535,4,1,1,1.0,6,45232,M,4785909.0,191245.0,45
201400028152,14,9,6,1440,1,2,1,1.0,6,45234,M,4791623.0,192536.0,45
201400028153,14,9,8,1705,1,2,3,1.0,6,45284,M,4790359.0,193307.0,45
201400028154,14,9,9,2050,5,2,2,1.0,3,45234,M,4786846.0,191179.0,45
201400028155,14,9,12,1155,1,2,1,1.0,2,45147,M,4793994.0,191946.0,45
201400028156,14,9,17,1825,1,2,2,1.0,1,45285,M,4791159.0,187768.0,45
201400028157,14,9,19,1857,1,2,1,1.0,3,45234,M,4789193.0,188796.0,45
201400028158,14,9,20,1648,1,2,3,1.0,3,45234,M,4790976.0,190762.0,45
201400028159,14,9,24,1430,1,2,2,1.0,3,45234,M,4790846.0,193828.0,45
201400028160,14,9,25,810,1,2,3,1.0,2,45075,M,4789775.0,183307.0,45
201400028161,14,10,1,1755,1,2,1,1.0,6,45234,M,4789821.0,190142.0,45
201400028162,14,10,2,1310,1,2,1,1.0,1,45302,M,4795779.0,184760.0,45
201400028163,14,10,3,1118,1,2,1,1.0,3,45234,M,4790893.0,189939.0,45
201400028164,14,10,7,2030,5,2,2,2.0,3,45234,M,4789975.0,189779.0,45
201400028165,14,10,9,1150,1,2,1,1.0,3,45234,M,4791401.0,192825.0,45
201400028166,14,10,9,1230,1,2,1,1.0,6,45147,M,4792215.0,190554.0,45
201400028167,14,10,9,1705,1,2,1,1.0,6,45234,M,4788416.0,189816.0,45
201400028168,14,10,14,1552,1,2,3,1.0,3,45284,M,4790853.0,194864.0,45
201400028169,14,10,15,35,5,2,4,1.0,1,45234,M,,,45
201400028170,14,10,15,805,2,2,1,1.0,6,45075,M,,,45
201400028171,14,10,18,1130,1,2,2,1.0,6,45234,M,4790856.0,189169.0,45
201400028172,14,10,23,1950,5,2,1,1.0,3,45234,M,4790805.0,188604.0,45
201400028173,14,11,8,515,5,2,2,8.0,3,45234,M,4787953.0,190888.0,45
201400028174,14,11,8,1624,1,2,1,1.0,6,45234,M,4789969.0,192522.0,45
201400028175,14,11,10,816,1,2,1,1.0,4,45302,M,4796291.0,188884.0,45
201400028176,14,11,10,2026,5,2,3,1.0,3,45234,M,4788122.0,190338.0,45
201400028177,14,11,12,1025,1,2,1,1.0,6,45234,M,4790946.0,190423.0,45
201400028178,14,11,11,1755,2,2,1,1.0,6,45285,M,4790035.0,187249.0,45
201400028179,14,11,18,1315,1,2,1,2.0,2,45302,M,,,45
201400028180,14,11,29,1047,1,2,2,1.0,3,45234,M,,,45
201400028181,14,12,5,1815,5,2,1,1.0,6,45285,M,4791342.0,187329.0,45
201400028182,14,12,3,750,1,2,1,2.0,3,45286,M,4789254.0,191765.0,45
201400028183,14,12,15,750,2,2,1,1.0,1,45234,M,,,45
201400028184,14,12,19,802,2,2,1,2.0,6,45234,M,,,45
201400028185,14,12,20,2,3,1,1,1.0,1,45302,M,,,45
201400028186,14,1,22,1700,1,1,1,5.0,7,46042,M,,,46
201400028187,14,1,31,1515,1,1,1,1.0,1,46042,M,4448224.0,141150.0,46
201400028188,14,2,14,910,1,2,1,1.0,5,46042,M,,,46
201400028189,14,3,4,1750,1,1,2,1.0,3,46042,M,4440866.0,146861.0,46
201400028190,14,3,7,1240,1,2,7,1.0,3,46042,M,4446176.0,145223.0,46
201400028191,14,3,16,1125,1,2,1,8.0,6,46042,M,4444146.0,143539.0,46
201400028192,14,5,12,1125,1,2,1,1.0,3,46224,M,4446918.0,140576.0,46
201400028193,14,5,20,1210,1,2,7,1.0,3,46042,M,4444076.0,144300.0,46
201400028194,14,6,1,1035,1,2,1,1.0,6,46042,M,4445804.0,142525.0,46
201400028195,14,6,19,1745,1,2,1,1.0,3,46042,M,,,46
201400028196,14,7,19,1450,1,2,1,1.0,1,46042,M,4443194.0,145655.0,46
201400028197,14,9,13,1830,1,2,1,1.0,7,46042,M,4444715.0,143281.0,46
201400028198,14,8,19,1130,1,2,1,1.0,6,46042,M,4444607.0,144445.0,46
201400028199,14,8,26,2055,1,2,1,2.0,7,46042,M,4443969.0,144115.0,46
201400028200,14,10,8,745,1,1,1,1.0,7,46095,M,4451634.0,136411.0,46
201400028201,14,9,7,2125,5,1,1,1.0,7,46095,M,4450506.0,138053.0,46
201400028202,14,10,14,1450,1,2,2,1.0,7,46042,M,4444543.0,143508.0,46
201400028203,14,10,15,1745,1,2,9,1.0,3,46042,M,4446214.0,141986.0,46
201400028204,14,10,20,1425,1,2,1,1.0,1,46042,M,4443660.0,138496.0,46
201400028205,14,10,23,1355,1,2,1,1.0,2,46042,M,4445454.0,144847.0,46
201400028206,14,11,2,1120,1,2,1,1.0,6,46042,M,4444511.0,144161.0,46
201400028207,14,12,5,1900,5,2,3,2.0,3,46042,M,,,46
201400028208,14,12,12,1635,1,2,1,1.0,2,46042,M,4446302.0,142803.0,46
201400028209,14,1,9,355,5,2,3,1.0,3,47031,M,,,47
201400028210,14,1,10,830,1,2,2,1.0,3,47001,M,,,47
201400028211,14,2,10,855,1,2,2,2.0,3,47001,M,,,47
201400028212,14,2,21,1215,1,2,3,1.0,6,47001,M,,,47
201400028213,14,3,1,1830,1,2,1,1.0,1,47031,M,,,47
201400028214,14,3,6,1720,1,2,1,1.0,3,47032,M,,,47
201400028215,14,4,13,40,5,2,1,1.0,1,47001,M,,,47
201400028216,14,5,19,1700,1,2,1,1.0,3,47001,M,,,47
201400028217,14,5,20,1750,1,2,1,1.0,5,47001,M,,,47
201400028218,14,6,10,1600,1,2,1,1.0,6,47001,M,,,47
201400028219,14,7,16,1225,1,2,1,1.0,7,47001,M,,,47
201400028220,14,7,24,1840,1,2,3,1.0,3,47201,M,,,47
201400028221,14,8,2,1825,1,2,1,1.0,7,47201,M,,,47
201400028222,14,8,3,1105,1,2,1,1.0,1,47001,M,,,47
201400028223,14,8,5,1749,1,2,3,1.0,3,47031,M,,,47
201400028224,14,8,23,1120,1,1,1,1.0,1,47031,M,,,47
201400028225,14,9,16,830,1,2,3,1.0,7,47031,M,,,47
201400028226,14,9,19,755,1,2,1,1.0,6,47001,M,,,47
201400028227,14,9,23,1650,1,2,2,1.0,3,47032,M,,,47
201400028228,14,10,9,1730,1,2,6,1.0,3,47001,M,,,47
201400028229,14,10,14,1935,2,2,3,1.0,3,47001,M,,,47
201400028230,14,10,20,2135,5,2,1,1.0,2,47001,M,,,47
201400028231,14,11,10,1659,1,2,1,1.0,3,47031,M,,,47
201400028232,14,11,27,1942,5,2,2,2.0,3,47001,M,,,47
201400028233,14,12,8,1835,5,2,1,1.0,6,47201,M,,,47
201400028234,14,12,10,855,2,2,1,1.0,6,47001,M,,,47
201400028235,14,12,11,1053,1,1,1,1.0,7,47031,M,,,47
201400028236,14,12,21,1610,1,2,1,1.0,6,47001,M,,,47
201400028237,14,12,18,900,1,2,2,1.0,6,47201,M,,,47
201400028238,14,2,7,1530,1,2,6,1.0,3,47323,M,,,47
201400028239,14,4,5,1845,1,2,3,1.0,6,47323,M,,,47
201400028240,14,5,15,1305,1,1,1,1.0,7,47215,M,,,47
201400028241,14,5,20,1140,1,2,1,1.0,6,47323,M,,,47
201400028242,14,5,31,1720,1,2,2,1.0,3,47323,M,,,47
201400028243,14,6,18,1545,1,2,5,1.0,3,47323,M,,,47
201400028244,14,8,30,2325,3,1,1,1.0,7,47323,M,,,47
201400028245,14,8,31,325,5,2,3,1.0,3,47323,M,,,47
201400028246,14,10,18,1400,1,2,1,1.0,6,47323,M,,,47
201400028247,14,10,19,1110,1,2,2,1.0,1,47323,M,,,47
201400028248,14,10,22,1630,1,2,1,1.0,7,47323,M,,,47
201400028249,14,11,26,2010,3,1,1,2.0,1,47323,M,,,47
201400028250,14,12,28,1905,5,2,2,8.0,3,47323,M,,,47
201400028251,14,2,21,50,3,1,1,8.0,3,48095,M,4453344.0,349190.0,48
201400028252,14,3,16,1720,1,2,2,1.0,5,48095,M,,,48
201400028253,14,4,19,840,1,2,1,7.0,6,48095,M,4451626.0,349923.0,48
201400028254,14,5,5,1050,1,2,1,7.0,6,48095,M,,,48
201400028255,14,6,10,1625,1,2,1,1.0,6,48095,M,4451805.0,349428.0,48
201400028256,14,8,16,1713,1,1,1,1.0,5,48095,M,4450887.0,346534.0,48
201400028257,14,1,2,1315,1,1,1,1.0,1,49015,M,4749520.0,-60653.0,49
201400028258,14,1,2,1410,1,2,1,1.0,7,49007,M,4746572.0,-59497.0,49
201400028259,14,1,1,500,2,2,1,2.0,7,49007,M,4746410.0,-54268.0,49
201400028260,14,1,4,1213,1,1,1,1.0,5,49267,M,4747071.0,-45296.0,49
201400028261,14,1,6,1525,1,2,1,2.0,3,49007,M,4747993.0,-52162.0,49
201400028262,14,1,2,1620,1,2,1,2.0,1,49267,M,4746571.0,-50953.0,49
201400028263,14,1,7,1500,1,2,1,8.0,2,49007,M,4747708.0,-59949.0,49
201400028264,14,1,10,2030,5,2,2,1.0,6,49007,M,4744742.0,-54338.0,49
201400028265,14,1,11,615,2,1,1,5.0,7,49246,M,4741070.0,-51532.0,49
201400028266,14,1,11,2135,5,2,1,1.0,2,49007,M,4747152.0,-53837.0,49
201400028267,14,1,12,2325,5,2,1,2.0,3,49007,M,4746021.0,-55640.0,49
201400028268,14,1,16,755,2,2,1,2.0,6,49007,M,4748499.0,-57158.0,49
201400028269,14,1,15,1832,5,2,1,1.0,3,49007,M,4747325.0,-59651.0,49
201400028270,14,1,18,2020,5,2,1,2.0,2,49007,M,4746055.0,-53854.0,49
201400028271,14,1,17,1145,1,2,1,1.0,5,49007,M,4747548.0,-54926.0,49
201400028272,14,1,17,1130,1,1,1,2.0,5,49246,M,4742397.0,-50387.0,49
201400028273,14,1,21,1124,1,2,1,1.0,1,49007,M,4745945.0,-53284.0,49
201400028274,14,1,22,2140,5,2,1,2.0,3,49007,M,4747376.0,-58049.0,49
201400028275,14,1,28,745,2,2,1,2.0,2,49007,M,4748702.0,-57322.0,49
201400028276,14,1,27,1635,1,2,1,1.0,3,49007,M,4747513.0,-59446.0,49
201400028277,14,1,28,1503,1,2,1,1.0,6,49007,M,4747921.0,-52136.0,49
201400028278,14,2,4,1745,5,2,1,1.0,2,49007,M,4747455.0,-51977.0,49
201400028279,14,2,5,744,5,2,1,2.0,3,49007,M,4747418.0,-56712.0,49
201400028280,14,2,7,1629,1,2,1,1.0,6,49007,M,4748092.0,-57356.0,49
201400028281,14,2,10,755,2,2,1,2.0,7,49007,M,4746092.0,-53943.0,49
201400028282,14,2,10,1214,1,1,1,1.0,6,49007,M,4745446.0,-56785.0,49
201400028283,14,2,10,1420,1,2,1,1.0,7,49267,M,4746727.0,-50370.0,49
201400028284,14,2,8,1251,1,2,1,1.0,2,49007,M,4746880.0,-51990.0,49
201400028285,14,2,11,940,1,2,1,1.0,3,49007,M,4745609.0,-53374.0,49
201400028286,14,2,13,855,1,2,1,2.0,3,49007,M,4745516.0,-53592.0,49
201400028287,14,2,12,1848,5,2,1,2.0,6,49007,M,4745403.0,-56721.0,49
201400028288,14,2,10,730,5,2,2,1.0,3,49007,M,4746531.0,-55033.0,49
201400028289,14,2,11,1603,1,2,6,1.0,3,49007,M,4747694.0,-59880.0,49
201400028290,14,2,16,1123,1,2,1,1.0,6,49007,M,4748702.0,-53971.0,49
201400028291,14,2,15,445,5,2,1,1.0,7,49007,M,4744954.0,-57264.0,49
201400028292,14,2,14,850,1,1,1,1.0,3,49267,M,4746808.0,-47087.0,49
201400028293,14,2,14,1735,1,2,6,8.0,3,49007,M,4747034.0,-56923.0,49
201400028294,14,2,11,1629,1,2,1,2.0,6,49007,M,4746465.0,-54879.0,49
201400028295,14,2,15,1624,1,2,1,1.0,6,49007,M,4747366.0,-53096.0,49
201400028296,14,2,11,1615,1,1,1,1.0,2,49267,M,4746956.0,-51136.0,49
201400028297,14,2,17,1140,1,1,1,1.0,4,49353,M,4744283.0,-48347.0,49
201400028298,14,2,17,803,1,2,3,1.0,3,49007,M,4748012.0,-52598.0,49
201400028299,14,2,19,1516,1,2,2,1.0,3,49015,M,4749561.0,-58198.0,49
201400028300,14,2,19,1658,1,2,1,1.0,3,49007,M,4747199.0,-54639.0,49
201400028301,14,2,21,856,1,1,1,1.0,2,49007,M,4744948.0,-53028.0,49
201400028302,14,2,21,1838,1,2,1,1.0,6,49007,M,4744983.0,-56671.0,49
201400028303,14,2,21,1620,1,2,5,1.0,6,49007,M,4744426.0,-55158.0,49
201400028304,14,2,22,1140,1,2,1,1.0,6,49007,M,4746703.0,-55476.0,49
201400028305,14,2,26,1714,1,1,3,2.0,3,49015,M,4749404.0,-59911.0,49
201400028306,14,2,21,1645,1,2,6,1.0,6,49007,M,4748757.0,-52739.0,49
201400028307,14,2,25,823,1,2,1,1.0,6,49007,M,4747147.0,-54687.0,49
201400028308,14,2,26,2015,3,2,1,1.0,2,49007,M,4747311.0,-55689.0,49
201400028309,14,2,28,820,1,2,1,1.0,6,49007,M,4747447.0,-55388.0,49
201400028310,14,3,3,840,1,2,1,1.0,7,49267,M,4747685.0,-50580.0,49
201400028311,14,3,3,650,2,2,1,2.0,7,49007,M,4744370.0,-56324.0,49
201400028312,14,3,4,1416,1,2,1,1.0,7,49007,M,4749075.0,-52744.0,49
201400028313,14,3,8,310,5,1,1,1.0,6,49267,M,4747841.0,-50100.0,49
201400028314,14,3,4,857,1,2,1,1.0,3,49267,M,4747660.0,-50383.0,49
201400028315,14,3,15,1755,1,2,2,1.0,5,49007,M,4747113.0,-53113.0,49
201400028316,14,3,18,948,1,2,1,1.0,3,49007,M,4747650.0,-54474.0,49
201400028317,14,3,18,1105,1,2,2,1.0,3,49007,M,4747470.0,-52913.0,49
201400028318,14,3,19,2050,5,2,1,1.0,6,49007,M,4747347.0,-54210.0,49
201400028319,14,3,20,849,1,1,1,1.0,3,49246,M,4744260.0,-51300.0,49
201400028320,14,3,19,853,1,1,1,1.0,6,49267,M,4747721.0,-49601.0,49
201400028321,14,3,14,2010,5,2,1,1.0,6,49007,M,4748617.0,-53290.0,49
201400028322,14,3,6,53,5,2,1,1.0,7,49007,M,4747810.0,-52814.0,49
201400028323,14,3,12,1635,1,2,1,1.0,7,49007,M,4747211.0,-54864.0,49
201400028324,14,3,21,1336,1,2,1,1.0,3,49007,M,4747635.0,-53930.0,49
201400028325,14,3,22,900,1,2,1,2.0,7,49007,M,4746578.0,-56896.0,49
201400028326,14,3,24,900,1,1,1,1.0,6,49007,M,4746456.0,-57345.0,49
201400028327,14,3,21,1811,1,1,1,1.0,7,49267,M,4747165.0,-50961.0,49
201400028328,14,3,25,1344,1,2,1,1.0,6,49007,M,4746783.0,-55106.0,49
201400028329,14,3,27,706,1,2,6,1.0,2,49246,M,4743842.0,-50874.0,49
201400028330,14,3,27,1727,1,1,1,1.0,6,49015,M,4749486.0,-60301.0,49
201400028331,14,3,30,1342,1,2,1,1.0,6,49007,M,4748348.0,-52818.0,49
201400028332,14,3,30,1220,1,1,1,1.0,5,49267,M,4747320.0,-48908.0,49
201400028333,14,4,2,1700,1,2,1,1.0,2,49246,M,4742248.0,-52368.0,49
201400028334,14,4,3,1744,1,2,1,1.0,6,49267,M,4748525.0,-50987.0,49
201400028335,14,1,16,2248,5,2,1,1.0,6,49007,M,4747896.0,-54262.0,49
201400028336,14,4,7,1659,1,2,1,1.0,6,49007,M,4746750.0,-53564.0,49
201400028337,14,4,8,1802,1,1,1,1.0,5,49007,M,4745464.0,-56806.0,49
201400028338,14,4,8,1805,1,2,1,1.0,6,49007,M,4747601.0,-54797.0,49
201400028339,14,4,8,1052,1,2,3,9.0,3,49007,M,4747512.0,-58720.0,49
201400028340,14,4,4,1350,1,2,1,1.0,6,49007,M,4747649.0,-53289.0,49
201400028341,14,4,10,1816,1,2,1,1.0,7,49007,M,4746460.0,-55042.0,49
201400028342,14,4,1,2115,5,2,1,1.0,7,49007,M,4746639.0,-55269.0,49
201400028343,14,4,9,1510,1,2,3,1.0,3,49007,M,4747629.0,-53907.0,49
201400028344,14,4,10,1825,1,2,1,1.0,2,49267,M,4747235.0,-50043.0,49
201400028345,14,4,12,830,1,1,1,1.0,6,49267,M,4746590.0,-50075.0,49
201400028346,14,4,13,1456,1,2,1,1.0,3,49007,M,4745170.0,-54568.0,49
201400028347,14,4,13,1805,1,2,1,1.0,7,49007,M,4748960.0,-54672.0,49
201400028348,14,4,15,1616,1,2,1,1.0,6,49007,M,4749054.0,-54819.0,49
201400028349,14,4,9,2240,5,2,1,1.0,5,49007,M,4747549.0,-53464.0,49
201400028350,14,4,14,812,2,2,1,1.0,6,49267,M,4745992.0,-48674.0,49
201400028351,14,4,15,835,1,2,1,1.0,2,49007,M,4747510.0,-55540.0,49
201400028352,14,4,15,1610,1,2,6,1.0,3,49007,M,4745337.0,-52593.0,49
201400028353,14,4,15,1622,1,2,6,1.0,3,49007,M,4748339.0,-57455.0,49
201400028354,14,4,15,1938,1,2,2,1.0,3,49007,M,4745944.0,-56026.0,49