Num_Acc,an,mois,jour,hrmn,lum,agg,int,atm,col,com,gps,lat,long,dep
201400028964,14,6,25,1655,1,2,1,1.0,1,50165,M,4884600.0,-157272.0,50
201400028965,14,6,27,1915,1,2,1,2.0,7,50218,M,4883840.0,-159901.0,50
201400028966,14,6,29,1950,1,2,6,1.0,3,50218,M,4883800.0,-158499.0,50
201400028967,14,7,2,1330,1,2,3,1.0,1,50218,M,4883780.0,-156937.0,50
201400028968,14,7,2,1210,1,1,1,1.0,2,50218,M,4883680.0,-153898.0,50
201400028969,14,7,7,920,1,1,1,7.0,7,50218,M,4882610.0,-154821.0,50
201400028970,14,7,7,1155,1,1,1,1.0,3,50532,M,4880810.0,-153500.0,50
201400028971,14,7,13,1915,1,1,1,1.0,4,50532,M,4882050.0,-155251.0,50
201400028972,14,7,16,1605,1,2,1,1.0,2,50218,M,4883500.0,-159466.0,50
201400028973,14,7,28,1740,1,2,1,1.0,4,50218,M,4883750.0,-154743.0,50
201400028974,14,7,31,1830,1,2,1,1.0,2,50218,M,4881780.0,-157229.0,50
201400028975,14,8,14,945,1,2,1,2.0,2,50218,M,4883710.0,-155090.0,50
201400028976,14,8,23,1535,1,2,2,1.0,3,50218,M,4883440.0,-156302.0,50
201400028977,14,9,10,100,5,2,1,1.0,6,50165,M,4884750.0,-157800.0,50
201400028978,14,9,11,805,1,1,1,1.0,7,50532,M,4881920.0,-155097.0,50
201400028979,14,9,21,1949,1,2,6,1.0,7,50532,M,4883390.0,-157110.0,50
201400028980,14,9,25,1800,1,2,1,1.0,6,50165,M,4884500.0,-158399.0,50
201400028981,14,9,28,1525,1,2,1,1.0,6,50218,M,4883140.0,-158284.0,50
201400028982,14,9,29,1915,1,2,6,1.0,3,50165,M,4883780.0,-156637.0,50
201400028983,14,9,26,750,1,2,1,1.0,7,50081,M,4884140.0,-157131.0,50
201400028984,14,10,1,1505,1,1,6,8.0,3,50532,M,4880410.0,-154866.0,50
201400028985,14,10,1,1850,1,2,1,2.0,7,50218,M,4883780.0,-158821.0,50
201400028986,14,10,2,1020,1,2,1,1.0,7,50165,M,4884750.0,-157870.0,50
201400028987,14,10,11,1630,1,2,3,1.0,3,50218,M,4883790.0,-157818.0,50
201400028988,14,10,24,1430,1,2,1,2.0,7,50218,M,4883790.0,-157795.0,50
201400028989,14,10,23,1100,1,2,1,1.0,7,50532,M,4881610.0,-157178.0,50
201400028990,14,11,29,2150,5,2,1,1.0,6,50165,M,4883590.0,-159496.0,50
201400028991,14,11,30,1740,5,2,2,2.0,6,50218,M,4883750.0,-154669.0,50
201400028992,14,11,29,2325,5,2,1,1.0,6,50218,M,4883370.0,-159132.0,50
201400028993,14,12,2,2046,5,2,1,2.0,6,50165,M,4884820.0,-157735.0,50
201400028994,14,12,5,1545,1,2,1,1.0,6,50165,M,4885060.0,-157229.0,50
201400028995,14,12,11,1800,3,1,3,8.0,3,50532,M,4882030.0,-155216.0,50
201400028996,14,12,13,1941,5,2,1,1.0,6,50532,M,4883460.0,-157787.0,50
201400028997,14,12,30,1647,1,2,1,1.0,6,50165,M,4885180.0,-156961.0,50
201400028998,14,1,4,2020,5,2,1,2.0,7,50502,M,4911490.0,-108678.0,50
201400028999,14,1,9,745,5,2,1,1.0,5,50502,M,4910010.0,-107380.0,50
201400029000,14,1,13,1810,5,2,3,1.0,3,50502,M,4911630.0,-108866.0,50
201400029001,14,2,4,1220,1,2,2,1.0,2,50475,M,4912860.0,-109400.0,50
201400029002,14,3,3,1520,1,2,1,1.0,2,50502,M,4911640.0,-109229.0,50
201400029003,14,3,4,2120,3,1,1,1.0,7,50502,M,4909830.0,-111156.0,50
201400029004,14,3,16,1700,1,2,6,1.0,3,50502,M,4911190.0,-106992.0,50
201400029005,14,3,26,1220,1,2,1,1.0,4,50502,M,4910910.0,-107354.0,50
201400029006,14,4,20,345,5,2,1,2.0,7,50502,M,4911770.0,-108735.0,50
201400029007,14,4,22,2145,5,1,2,1.0,1,50502,M,4910720.0,-106034.0,50
201400029008,14,5,17,1345,1,2,1,1.0,6,50502,M,4911440.0,-109872.0,50
201400029009,14,5,21,1602,1,2,1,1.0,4,50502,M,4910710.0,-107059.0,50
201400029010,14,5,27,1330,1,2,2,8.0,3,50502,M,4911070.0,-105569.0,50
201400029011,14,6,11,1510,1,2,1,1.0,3,50002,M,4911180.0,-113290.0,50
201400029012,14,6,12,1655,1,1,1,1.0,3,50502,M,4910560.0,-106915.0,50
201400029013,14,6,15,605,2,2,1,1.0,6,50502,M,4909270.0,-111740.0,50
201400029014,14,7,7,825,1,2,1,7.0,6,50002,M,4911460.0,-109176.0,50
201400029015,14,7,10,1640,1,2,1,1.0,6,50502,M,4910610.0,-109371.0,50
201400029016,14,7,18,1450,1,1,1,1.0,7,50502,M,4909910.0,-111352.0,50
201400029017,14,8,2,1450,1,2,2,1.0,3,50502,M,4911310.0,-107946.0,50
201400029018,14,8,5,1050,1,2,1,1.0,3,50502,M,4911110.0,-106416.0,50
201400029019,14,8,18,910,1,2,1,1.0,7,50502,M,4910870.0,-107295.0,50
201400029020,14,8,23,1220,1,1,1,1.0,1,50002,M,4911060.0,-112306.0,50
201400029021,14,8,31,1610,1,1,3,1.0,3,50321,M,4913330.0,-106750.0,50
201400029022,14,10,27,835,1,2,3,1.0,1,50502,M,4911450.0,-105448.0,50
201400029023,14,11,7,1700,1,2,1,8.0,6,50002,M,4910730.0,-110793.0,50
201400029024,14,11,24,1430,1,1,1,8.0,7,50502,M,4911110.0,-104285.0,50
201400029025,14,11,28,1825,5,2,6,8.0,3,50502,M,4910580.0,-106877.0,50
201400029026,14,12,2,1945,5,2,1,2.0,6,50502,M,4911570.0,-109096.0,50
201400029027,14,11,28,705,5,2,1,8.0,6,50475,M,4912990.0,-109403.0,50
201400029028,14,12,7,1800,3,1,1,1.0,6,50002,M,4911350.0,-114930.0,50
201400029029,14,1,17,1538,1,2,3,1.0,6,51108,M,,,51
201400029030,14,2,13,310,3,1,1,8.0,2,51453,M,,,51
201400029031,14,2,20,810,1,2,3,1.0,6,51108,M,,,51
201400029032,14,2,22,10,5,2,4,1.0,3,51108,M,,,51
201400029033,14,3,31,2145,4,2,1,1.0,6,51242,M,,,51
201400029034,14,4,6,717,2,2,1,1.0,1,51506,M,,,51
201400029035,14,4,11,1835,1,2,2,1.0,3,51108,M,,,51
201400029036,14,4,23,1502,1,2,2,1.0,1,51108,M,,,51
201400029037,14,5,26,1500,1,1,1,8.0,3,51108,M,,,51
201400029038,14,6,7,2035,1,2,2,1.0,3,51108,M,,,51
201400029039,14,6,16,1740,1,1,1,1.0,3,51506,M,,,51
201400029040,14,6,23,1935,1,2,1,1.0,6,51108,M,,,51
201400029041,14,9,6,1808,1,2,3,1.0,3,51108,M,,,51
201400029042,14,9,10,1330,1,2,2,1.0,3,51506,M,,,51
201400029043,14,9,15,1705,1,2,1,1.0,6,51108,M,,,51
201400029044,14,10,4,1522,1,1,1,1.0,1,51108,M,,,51
201400029045,14,10,7,1440,1,2,2,2.0,1,51108,M,,,51
201400029046,14,10,20,1305,1,1,1,1.0,5,51168,M,,,51
201400029047,14,10,30,1135,1,2,3,1.0,3,51108,M,,,51
201400029048,14,11,2,830,1,2,1,1.0,6,51108,M,,,51
201400029049,14,11,4,503,5,2,2,2.0,3,51242,M,,,51
201400029050,14,11,10,1000,1,2,2,9.0,3,51108,M,,,51
201400029051,14,12,12,545,3,1,1,2.0,5,51168,M,,,51
201400029052,14,12,31,2145,5,2,1,1.0,6,51108,M,,,51
201400029053,14,3,14,1210,1,2,1,7.0,6,51230,M,,,51
201400029054,14,6,6,2030,1,2,1,1.0,6,51230,M,,,51
201400029055,14,7,8,1505,1,2,1,1.0,6,51230,M,,,51
201400029056,14,8,4,1940,1,2,2,1.0,6,51230,M,,,51
201400029057,14,12,16,815,1,2,6,2.0,6,51230,M,,,51
201400029058,14,1,7,1715,2,2,1,2.0,6,51454,M,,,51
201400029059,14,1,10,1715,5,2,1,1.0,6,51454,M,,,51
201400029060,14,1,14,915,1,2,2,2.0,5,51454,M,,,51
201400029061,14,1,15,800,5,2,1,2.0,6,51172,M,,,51
201400029062,14,1,19,430,5,2,2,1.0,3,51454,M,,,51
201400029063,14,1,28,905,1,2,1,8.0,4,51454,M,,,51
201400029064,14,2,4,1425,1,2,1,1.0,6,51454,M,,,51
201400029065,14,2,4,1920,5,2,1,1.0,2,51454,M,,,51
201400029066,14,2,10,1810,5,2,1,1.0,6,51454,M,,,51
201400029067,14,2,17,1800,5,2,1,1.0,5,51454,M,,,51
201400029068,14,2,27,1835,5,2,1,2.0,6,51172,M,,,51
201400029069,14,3,4,2220,5,2,2,1.0,3,51454,M,,,51
201400029070,14,3,8,1930,5,2,2,1.0,3,51454,M,,,51
201400029071,14,3,16,650,1,2,2,1.0,3,51454,M,,,51
201400029072,14,3,20,1805,1,2,1,1.0,2,51454,M,,,51
201400029073,14,3,21,1425,1,2,1,1.0,5,51454,M,,,51
201400029074,14,4,6,1440,1,2,1,1.0,3,51454,M,,,51
201400029075,14,4,14,835,1,2,2,1.0,3,51454,M,,,51
201400029076,14,4,24,2005,1,2,1,1.0,6,51573,M,,,51
201400029077,14,4,30,1610,1,2,1,1.0,6,51454,M,,,51
201400029078,14,5,20,2220,5,2,1,1.0,6,51172,M,,,51
201400029079,14,5,18,1815,1,2,6,1.0,6,51454,M,,,51
201400029080,14,5,31,1330,1,2,1,1.0,3,51454,M,,,51
201400029081,14,5,16,815,1,2,1,1.0,4,51454,M,,,51
201400029082,14,6,10,1000,1,2,1,1.0,6,51454,M,,,51
201400029083,14,6,19,2120,1,2,1,1.0,6,51454,M,,,51
201400029084,14,6,22,1720,1,2,1,1.0,6,51454,M,,,51
201400029085,14,6,24,1545,1,2,2,1.0,2,51454,M,,,51
201400029086,14,6,25,1900,1,2,1,1.0,3,51055,M,,,51
201400029087,14,7,3,1130,1,2,2,1.0,3,51454,M,,,51
201400029088,14,7,13,1620,1,2,1,1.0,2,51454,M,,,51
201400029089,14,7,18,1855,1,2,2,1.0,3,51454,M,,,51
201400029090,14,7,19,1300,1,2,3,1.0,3,51454,M,,,51
201400029091,14,7,31,2040,1,2,3,1.0,3,51454,M,,,51
201400029092,14,8,7,1320,1,2,1,1.0,1,51172,M,,,51
201400029093,14,8,10,2010,1,2,1,8.0,6,51573,M,,,51
201400029094,14,8,18,1240,1,2,2,1.0,1,51454,M,,,51
201400029095,14,8,22,1525,1,2,2,1.0,3,51454,M,,,51
201400029096,14,8,27,1710,1,2,1,1.0,6,51454,M,,,51
201400029097,14,8,29,910,1,2,1,1.0,7,51454,M,,,51
201400029098,14,9,3,2315,5,2,1,1.0,5,51454,M,,,51
201400029099,14,9,16,715,3,1,1,5.0,1,51058,M,,,51
201400029100,14,9,18,1730,1,2,1,1.0,3,51454,M,,,51
201400029101,14,9,23,635,5,2,3,5.0,3,51454,M,,,51
201400029102,14,9,24,1155,1,2,1,1.0,3,51454,M,,,51
201400029103,14,10,3,1120,1,2,2,1.0,3,51454,M,,,51
201400029104,14,10,8,645,5,2,1,3.0,3,51454,M,,,51
201400029105,14,10,7,1810,1,2,6,9.0,6,51454,M,,,51
201400029106,14,10,11,1905,1,2,6,1.0,3,51454,M,,,51
201400029107,14,10,13,1105,1,2,1,1.0,6,51454,M,,,51
201400029108,14,10,17,1220,1,2,1,1.0,6,51454,M,,,51
201400029109,14,11,6,1415,1,2,1,1.0,6,51454,M,,,51
201400029110,14,11,7,1910,5,2,3,1.0,1,51454,M,,,51
201400029111,14,11,25,1410,1,2,2,1.0,3,51454,M,,,51
201400029112,14,11,22,1605,1,2,1,1.0,3,51172,M,,,51
201400029113,14,12,9,840,1,2,1,8.0,1,51454,M,,,51
201400029114,14,12,14,1450,1,2,1,1.0,3,51454,M,,,51
201400029115,14,12,25,900,1,2,1,1.0,6,51454,M,,,51
201400029116,14,12,23,1905,2,2,1,8.0,2,51454,M,,,51
201400029117,14,2,18,2035,5,2,6,2.0,2,52121,M,4811473.0,514052.0,52
201400029118,14,2,20,1750,1,2,3,1.0,6,52121,M,4809724.0,514052.0,52
201400029119,14,2,21,1725,1,2,1,1.0,6,52121,M,4812670.0,513228.0,52
201400029120,14,3,27,740,1,2,2,1.0,6,52121,M,4810006.0,513809.0,52
201400029121,14,4,4,1410,1,2,3,1.0,6,52121,M,4811256.0,513995.0,52
201400029122,14,4,20,30,5,2,1,1.0,6,52121,M,4808410.0,514603.0,52
201400029123,14,4,27,1000,1,2,2,1.0,3,52121,M,4809876.0,514696.0,52
201400029124,14,6,2,855,1,2,2,1.0,3,52121,M,,,52
201400029125,14,5,30,940,1,2,1,1.0,6,52121,M,4810483.0,514275.0,52
201400029126,14,6,3,1805,1,2,1,1.0,1,52121,M,4811061.0,513163.0,52
201400029127,14,7,5,1230,1,1,1,1.0,6,52121,M,4812715.0,513956.0,52
201400029128,14,7,8,1645,1,2,6,1.0,6,52121,M,4810742.0,514779.0,52
201400029129,14,7,20,1815,1,1,1,1.0,7,52121,M,4812625.0,515383.0,52
201400029130,14,8,13,1209,1,2,1,3.0,6,52121,M,4812019.0,514304.0,52
201400029131,14,8,13,1234,1,1,1,3.0,6,52121,M,4812019.0,517400.0,52
201400029132,14,9,13,1130,1,2,1,1.0,6,52125,M,4810603.0,515831.0,52
201400029133,14,10,24,1145,1,2,1,2.0,6,52121,M,4809176.0,524708.0,52
201400029134,14,10,10,800,1,2,1,1.0,6,52121,M,4808439.0,514600.0,52
201400029135,14,12,3,1730,3,1,2,1.0,2,52121,M,4807945.0,508392.0,52
201400029136,14,12,14,1215,1,1,1,2.0,7,52121,M,4812993.0,519530.0,52
201400029137,14,12,17,745,5,2,1,2.0,6,52121,M,4811984.0,514227.0,52
201400029138,14,2,12,1010,1,2,1,1.0,6,52448,M,4863024.0,493319.0,52
201400029139,14,3,17,1610,1,2,1,1.0,6,52448,M,4864051.0,494547.0,52
201400029140,14,3,26,1620,1,2,1,1.0,3,52448,M,4862642.0,494735.0,52
201400029141,14,3,28,1000,1,2,1,1.0,3,52448,M,4864726.0,496531.0,52
201400029142,14,4,18,1555,1,2,3,1.0,3,52448,M,4863384.0,497107.0,52
201400029143,14,5,26,1730,1,2,1,1.0,6,52448,M,4864754.0,496088.0,52
201400029144,14,6,13,1410,1,2,1,1.0,3,52104,M,4866829.0,498536.0,52
201400029145,14,7,19,1800,1,2,1,1.0,6,52448,M,4863025.0,493931.0,52
201400029146,14,8,2,1345,1,2,1,8.0,7,52534,M,4866388.0,490599.0,52
201400029147,14,8,13,2155,5,2,1,1.0,6,52448,M,4864147.0,496159.0,52
201400029148,14,9,16,800,1,2,1,7.0,6,52448,M,4863909.0,494024.0,52
201400029149,14,9,29,40,3,1,1,1.0,7,52448,M,4863852.0,491926.0,52
201400029150,14,10,28,1210,1,2,1,1.0,7,52448,M,4864447.0,497771.0,52
201400029151,14,10,29,1155,1,2,1,1.0,6,52448,M,4864420.0,497301.0,52
201400029152,14,11,3,1240,1,2,1,1.0,6,52448,M,4864444.0,496341.0,52
201400029153,14,11,17,2010,5,2,2,1.0,3,52448,M,4863747.0,494336.0,52
201400029154,14,11,24,1830,3,2,1,1.0,6,52448,M,4863664.0,497673.0,52
201400029155,14,12,19,1815,5,2,1,3.0,6,52448,M,4863779.0,494735.0,52
201400029156,14,12,19,1710,3,2,1,3.0,6,52448,M,4863633.0,494742.0,52
201400029157,14,1,22,805,2,2,1,2.0,6,53130,M,4807117.0,-76425.0,53
201400029158,14,1,31,2240,5,2,2,2.0,3,53130,M,4807092.0,-77009.0,53
201400029159,14,2,20,1045,1,2,1,2.0,6,53130,M,4807227.0,-75770.0,53
201400029160,14,3,25,800,1,2,4,1.0,6,53130,M,4806770.0,-76841.0,53
201400029161,14,5,10,2015,1,1,1,1.0,6,53201,M,4804909.0,-81477.0,53
201400029162,14,5,14,1545,1,1,1,1.0,4,53130,M,4803453.0,-73906.0,53
201400029163,14,5,17,1740,1,2,3,1.0,3,53034,M,4807334.0,-69995.0,53
201400029164,14,5,28,750,1,2,3,1.0,6,53130,M,4805721.0,-74618.0,53
201400029165,14,5,28,1225,1,2,3,1.0,7,53034,M,4807421.0,-71117.0,53
201400029166,14,6,18,1815,1,2,3,1.0,2,53034,M,4807019.0,-69758.0,53
201400029167,14,7,12,2000,1,2,3,1.0,7,53034,M,4807392.0,-70539.0,53
201400029168,14,7,16,1630,1,2,3,1.0,3,53130,M,4807190.0,-75133.0,53
201400029169,14,9,4,1753,1,2,6,1.0,2,53130,M,4806858.0,-80263.0,53
201400029170,14,9,9,1810,1,1,1,7.0,2,53201,M,4807148.0,-85648.0,53
201400029171,14,9,15,1510,1,1,1,1.0,1,53034,M,4807133.0,-71180.0,53
201400029172,14,9,18,1850,1,2,1,7.0,6,53130,M,4807024.0,-78697.0,53
201400029173,14,9,18,1519,1,2,1,1.0,7,53054,M,4809281.0,-78426.0,53
201400029174,14,9,26,849,1,1,1,1.0,6,53130,M,,,53
201400029175,14,10,5,1920,2,2,1,1.0,7,53130,M,4807438.0,-79559.0,53
201400029176,14,10,17,2115,3,1,1,1.0,6,53130,M,4803661.0,-73999.0,53
201400029177,14,10,28,2105,5,2,1,5.0,6,53130,M,4806841.0,-77040.0,53
201400029178,14,10,31,1740,5,2,1,1.0,2,53130,M,4807797.0,-76964.0,53
201400029179,14,11,6,1900,5,2,3,1.0,6,53130,M,4806394.0,-76057.0,53
201400029180,14,11,12,1825,5,2,2,1.0,3,53130,M,4807840.0,-75821.0,53
201400029181,14,11,12,1855,5,2,1,8.0,6,53130,M,4805861.0,-76241.0,53
201400029182,14,12,13,1504,1,2,1,1.0,6,53130,M,4806473.0,-78914.0,53
201400029183,14,12,15,818,1,2,1,1.0,7,54263,M,,,54
201400029184,14,4,5,1615,1,2,1,1.0,6,54280,M,,,54
201400029185,14,4,11,430,5,2,1,1.0,2,54341,M,4926468.0,590800.0,54
201400029186,14,5,28,1224,1,2,3,1.0,3,54263,M,4922424.0,598184.0,54
201400029187,14,6,3,1210,1,1,1,1.0,3,54036,M,4928463.0,595882.0,54
201400029188,14,6,10,1703,1,2,1,1.0,3,54263,M,,,54
201400029189,14,4,30,1424,1,2,1,1.0,6,54036,M,,,54
201400029190,14,7,15,516,2,1,1,1.0,6,54036,M,4928038.0,595964.0,54
201400029191,14,6,29,856,1,1,1,2.0,7,54099,M,4925182.0,598413.0,54
201400029192,14,9,15,846,1,2,1,1.0,6,54280,M,,,54
201400029193,14,9,26,1156,1,1,1,1.0,1,54099,M,4924977.0,596565.0,54
201400029194,14,4,16,2030,2,2,6,1.0,1,54273,M,,,54
201400029195,14,6,3,1220,1,2,1,1.0,6,54136,M,4916908.0,585770.0,54
201400029196,14,6,10,2037,1,1,2,1.0,3,54051,M,4917603.0,596834.0,54
201400029197,14,12,8,830,1,1,1,5.0,6,54253,M,4919957.0,590347.0,54
201400029198,14,12,17,805,2,2,1,2.0,6,54136,M,4916705.0,585676.0,54
201400029199,14,3,13,1227,1,1,9,1.0,1,54159,M,,,54
201400029200,14,3,30,2045,3,1,1,1.0,7,54549,M,4864717.0,633172.0,54
201400029201,14,9,28,1730,1,2,1,1.0,7,54483,M,,,54
201400029202,14,1,14,1135,1,2,3,8.0,3,54382,M,,,54
201400029203,14,1,17,1003,1,2,3,7.0,3,54382,M,,,54
201400029204,14,2,5,2140,4,2,1,2.0,6,54382,M,4954286.0,579979.0,54
201400029205,14,11,17,1630,1,2,1,1.0,6,54323,M,,,54
201400029206,14,11,29,1630,1,1,1,1.0,6,54323,M,,,54
201400029207,14,12,10,700,2,2,8,1.0,6,54323,M,,,54
201400029208,14,2,15,730,2,2,1,1.0,2,54261,M,,,54
201400029209,14,2,17,1030,1,2,1,1.0,6,54323,M,,,54
201400029210,14,2,10,1920,2,2,1,1.0,6,54382,M,,,54
201400029211,14,3,14,1539,1,2,1,1.0,6,54321,M,,,54
201400029212,14,3,16,1400,1,2,1,1.0,6,54254,M,,,54
201400029213,14,3,21,1500,1,2,1,1.0,2,54323,M,,,54
201400029214,14,3,29,1430,1,2,1,1.0,6,54382,M,,,54
201400029215,14,3,20,1545,1,2,3,8.0,3,54382,M,,,54
201400029216,14,4,16,1045,1,2,1,1.0,6,54323,M,,,54
201400029217,14,4,30,1300,1,2,1,1.0,7,54451,M,,,54
201400029218,14,5,19,1130,1,2,1,1.0,3,54321,M,,,54
201400029219,14,5,21,1027,1,2,1,1.0,2,54323,M,,,54
201400029220,14,5,23,1825,1,1,1,3.0,6,54451,M,,,54
201400029221,14,6,12,1115,1,2,1,1.0,6,54323,M,,,54
201400029222,14,6,21,40,5,2,1,1.0,6,54323,M,,,54
201400029223,14,6,30,1400,1,2,1,1.0,6,54323,M,,,54
201400029224,14,7,12,1143,1,2,1,1.0,6,54323,M,,,54
201400029225,14,7,9,2100,2,1,1,1.0,6,54367,M,4950455.0,578583.0,54
201400029226,14,7,18,1910,1,2,1,1.0,6,54321,M,,,54
201400029227,14,7,21,1315,1,2,1,1.0,6,54321,M,,,54
201400029228,14,8,14,1700,1,2,1,1.0,6,54323,M,,,54
201400029229,14,8,28,1515,1,2,1,1.0,6,54323,M,,,54
201400029230,14,9,3,1740,1,2,1,1.0,6,54323,M,,,54
201400029231,14,9,4,2100,3,1,1,1.0,6,54367,M,4950599.0,577834.0,54
201400029232,14,9,10,520,2,2,1,1.0,6,54493,M,,,54
201400029233,14,10,3,1715,1,1,1,1.0,6,54323,M,4950565.0,575838.0,54
201400029234,14,11,3,1900,2,1,1,1.0,6,54382,M,,,54
201400029235,14,9,20,1830,1,1,1,1.0,2,54321,M,,,54
201400029236,14,11,28,1500,1,2,1,1.0,7,54382,M,,,54
201400029237,14,12,22,1815,5,2,1,8.0,1,54382,M,,,54
201400029238,14,12,23,1830,5,2,1,1.0,6,54382,M,,,54
201400029239,14,10,31,1540,1,1,1,1.0,6,54254,M,,,54
201400029240,14,12,26,2200,5,2,1,1.0,6,54321,M,,,54
201400029241,14,2,18,1825,5,2,1,1.0,6,54329,M,,,54
201400029242,14,10,14,725,2,2,3,1.0,6,54329,M,,,54
201400029243,14,1,6,750,2,2,1,1.0,6,54395,M,,,54
201400029244,14,1,6,1753,5,2,1,1.0,4,54265,M,4863928.0,618253.0,54
201400029245,14,1,7,855,1,2,2,1.0,3,54395,M,,,54
201400029246,14,1,7,1810,5,2,1,2.0,2,54395,M,,,54
201400029247,14,1,8,950,1,1,1,1.0,6,54304,M,,,54
201400029248,14,1,9,2210,5,1,1,1.0,1,54300,M,4864872.0,623882.0,54
201400029249,14,1,9,1320,1,2,1,1.0,6,54274,M,,,54
201400029250,14,1,11,1355,1,2,1,1.0,6,54547,M,,,54
201400029251,14,1,11,1745,5,2,1,1.0,3,54395,M,,,54
201400029252,14,1,11,1810,5,2,1,1.0,6,54395,M,,,54
201400029253,14,1,11,2245,5,2,1,1.0,5,54395,M,,,54
201400029254,14,1,12,1745,5,2,1,1.0,4,54395,M,,,54
201400029255,14,1,15,1600,1,2,3,1.0,3,54395,M,,,54
201400029256,14,1,17,1400,1,1,1,1.0,3,54025,M,,,54
201400029257,14,1,17,1635,1,2,2,1.0,3,54395,M,,,54
201400029258,14,1,17,1825,5,2,1,1.0,5,54526,M,,,54
201400029259,14,1,17,2005,3,2,2,1.0,6,54395,M,,,54
201400029260,14,1,17,2005,5,2,1,1.0,2,54395,M,,,54
201400029261,14,1,20,1530,1,2,2,2.0,3,54526,M,,,54
201400029262,14,1,20,1710,2,2,2,2.0,3,54395,M,,,54
201400029263,14,1,21,955,1,2,1,1.0,6,54395,M,,,54
201400029264,14,1,22,1150,1,2,2,1.0,2,54526,M,,,54
201400029265,14,1,23,740,2,2,1,2.0,6,54395,M,,,54
201400029266,14,1,23,1230,1,2,1,2.0,6,54482,M,,,54
201400029267,14,1,23,1845,5,2,1,2.0,4,54482,M,,,54
201400029268,14,1,24,833,1,2,2,1.0,7,54498,M,,,54
201400029269,14,1,24,1355,1,2,1,1.0,2,54304,M,,,54
201400029270,14,1,26,1410,1,2,3,1.0,3,54184,M,,,54
201400029271,14,1,28,720,3,1,1,5.0,6,54025,M,4866088.0,624348.0,54
201400029272,14,1,28,802,1,2,1,8.0,6,54395,M,,,54
201400029273,14,1,31,1630,1,2,1,1.0,6,54526,M,4868424.0,622832.0,54
201400029274,14,1,31,830,1,2,1,1.0,6,54357,M,,,54
201400029275,14,1,31,1055,1,1,3,7.0,6,54395,M,,,54
201400029276,14,1,31,1430,1,2,2,1.0,6,54526,M,,,54
201400029277,14,2,2,1210,1,1,1,1.0,3,54526,M,,,54
201400029278,14,2,2,1358,1,2,1,1.0,6,54482,M,,,54
201400029279,14,2,3,730,1,2,3,5.0,6,54300,M,,,54
201400029280,14,2,4,1245,1,2,1,1.0,2,54328,M,,,54
201400029281,14,2,4,1800,5,2,1,1.0,7,54395,M,,,54
201400029282,14,2,5,755,1,2,3,2.0,3,54395,M,,,54
201400029283,14,2,5,1820,5,2,5,2.0,6,54395,M,,,54
201400029284,14,2,5,1935,5,2,1,1.0,6,54395,M,,,54
201400029285,14,2,6,2130,3,2,3,1.0,2,54274,M,,,54
201400029286,14,2,7,220,5,2,2,1.0,3,54395,M,,,54
201400029287,14,2,7,1730,1,2,1,1.0,3,54547,M,,,54
201400029288,14,2,10,1227,1,2,1,2.0,6,54395,M,,,54
201400029289,14,2,6,850,1,2,1,1.0,2,54257,M,,,54
201400029290,14,2,12,1535,1,2,2,1.0,6,54395,M,,,54
201400029291,14,2,14,1750,5,2,1,1.0,2,54304,M,,,54
201400029292,14,2,14,2215,5,2,1,1.0,1,54526,M,,,54
201400029293,14,2,14,2355,5,2,1,1.0,6,54395,M,,,54
201400029294,14,2,16,1440,1,2,3,1.0,1,54578,M,,,54
201400029295,14,2,17,1950,5,2,1,1.0,2,54395,M,,,54
201400029296,14,2,19,1215,1,2,3,1.0,2,54304,M,,,54
201400029297,14,2,21,2030,5,2,3,1.0,3,54395,M,,,54
201400029298,14,2,21,800,1,2,1,2.0,1,54025,M,,,54
201400029299,14,2,21,1650,1,2,1,1.0,3,54526,M,,,54
201400029300,14,2,21,1725,1,2,1,1.0,3,54526,M,,,54
201400029301,14,2,22,1605,1,2,2,1.0,3,54578,M,,,54
201400029302,14,2,24,830,1,2,1,1.0,3,54547,M,,,54
201400029303,14,2,24,825,1,2,4,7.0,6,54498,M,,,54
201400029304,14,2,24,1445,1,2,1,1.0,6,54357,M,,,54
201400029305,14,2,24,1520,1,2,1,1.0,3,54184,M,,,54
201400029306,14,2,24,1550,1,2,1,7.0,4,54304,M,,,54
201400029307,14,2,25,740,1,2,2,1.0,3,54395,M,,,54
201400029308,14,2,25,1200,1,2,1,1.0,3,54395,M,,,54
201400029309,14,2,28,845,1,1,1,2.0,6,54304,M,,,54
201400029310,14,2,28,1355,1,2,1,2.0,2,54547,M,,,54
201400029311,14,2,28,1640,1,2,1,2.0,6,54547,M,,,54
201400029312,14,2,28,1755,1,2,1,1.0,6,54395,M,,,54
201400029313,14,3,2,1600,1,2,1,1.0,2,54339,M,,,54
201400029314,14,3,4,1730,1,2,1,1.0,3,54395,M,,,54
201400029315,14,3,5,745,1,2,2,1.0,7,54395,M,,,54
201400029316,14,3,6,1330,1,2,2,7.0,6,54395,M,,,54
201400029317,14,3,6,1700,1,2,3,1.0,6,54304,M,4868461.0,615392.0,54
201400029318,14,3,6,1738,1,2,1,1.0,2,54395,M,,,54