Num_Acc,an,mois,jour,hrmn,lum,agg,int,atm,col,com,gps,lat,long,dep
201400029319,14,3,6,1825,1,2,1,9.0,4,54498,M,,,54
201400029320,14,3,4,1900,5,2,2,1.0,3,54304,M,4867977.0,614847.0,54
201400029321,14,3,7,1430,1,2,1,1.0,6,54395,M,,,54
201400029322,14,3,10,1710,1,2,2,1.0,3,54482,M,,,54
201400029323,14,3,10,735,1,2,1,1.0,3,54395,M,,,54
201400029324,14,3,12,1150,1,2,2,1.0,3,54395,M,,,54
201400029325,14,3,17,1653,1,2,2,1.0,3,54304,M,,,54
201400029326,14,3,17,1959,5,2,1,1.0,3,54300,M,,,54
201400029327,14,3,19,745,1,2,1,1.0,6,54395,M,,,54
201400029328,14,3,18,1745,1,2,1,1.0,6,54395,M,,,54
201400029329,14,3,20,1420,1,2,6,1.0,3,54184,M,4871227.0,624778.0,54
201400029330,14,3,21,1640,1,2,1,1.0,3,54395,M,,,54
201400029331,14,3,23,140,5,2,1,1.0,2,54395,M,,,54
201400029332,14,3,24,1320,1,2,1,1.0,6,54547,M,,,54
201400029333,14,3,25,1505,1,2,2,7.0,6,54304,M,,,54
201400029334,14,3,26,1513,1,2,1,1.0,6,54395,M,,,54
201400029335,14,3,26,1732,1,2,1,1.0,4,54395,M,,,54
201400029336,14,3,27,910,1,2,1,1.0,6,54482,M,,,54
201400029337,14,3,28,1355,1,2,1,1.0,1,54395,M,,,54
201400029338,14,3,28,2000,5,2,1,1.0,2,54395,M,,,54
201400029339,14,3,29,1850,2,2,3,1.0,3,54395,M,4870333.0,618187.0,54
201400029340,14,3,29,925,1,2,2,1.0,3,54339,M,,,54
201400029341,14,3,31,2130,5,2,2,1.0,3,54526,M,,,54
201400029342,14,3,28,2130,5,2,1,1.0,3,54526,M,,,54
201400029343,14,4,1,1350,1,2,1,1.0,6,54395,M,,,54
201400029344,14,4,1,1840,1,2,2,1.0,6,54395,M,,,54
201400029345,14,4,2,1430,1,2,1,1.0,6,54304,M,,,54
201400029346,14,4,1,1440,1,2,1,1.0,6,54395,M,,,54
201400029347,14,4,4,1630,1,2,1,1.0,3,54304,M,,,54
201400029348,14,4,4,1700,1,2,1,1.0,6,54395,M,,,54
201400029349,14,4,6,1510,1,2,3,1.0,3,54025,M,,,54
201400029350,14,4,6,1730,1,2,3,1.0,3,54395,M,,,54
201400029351,14,4,8,825,1,2,1,1.0,4,54304,M,,,54
201400029352,14,4,9,1705,1,2,3,1.0,6,54395,M,,,54
201400029353,14,4,9,1740,1,2,1,1.0,2,54395,M,,,54
201400029354,14,4,10,1645,1,2,1,1.0,3,54395,M,,,54
201400029355,14,4,11,1505,1,2,1,1.0,2,54547,M,,,54
201400029356,14,4,12,1745,1,1,1,1.0,2,54025,M,4865077.0,627108.0,54
201400029357,14,4,14,925,1,2,3,1.0,3,54304,M,,,54
201400029358,14,4,15,945,1,2,3,1.0,6,54304,M,,,54
201400029359,14,4,16,1255,1,2,6,1.0,3,54547,M,,,54
201400029360,14,4,16,1300,1,1,1,1.0,6,54357,M,,,54
201400029361,14,4,16,1800,1,2,2,1.0,4,54395,M,,,54
201400029362,14,4,16,1815,1,2,2,1.0,3,54578,M,,,54
201400029363,14,4,17,740,1,2,1,1.0,2,54547,M,,,54
201400029364,14,4,19,910,1,2,2,1.0,6,54395,M,,,54
201400029365,14,4,20,1005,1,2,1,1.0,3,54547,M,,,54
201400029366,14,4,21,1155,1,2,1,1.0,6,54395,M,,,54
201400029367,14,4,22,1745,1,2,1,1.0,3,54547,M,,,54
201400029368,14,4,22,840,1,2,7,1.0,2,54395,M,,,54
201400029369,14,4,23,1100,1,2,1,1.0,6,54184,M,,,54
201400029370,14,4,24,1000,1,2,3,1.0,5,54526,M,,,54
201400029371,14,4,24,1710,1,2,1,1.0,4,54526,M,,,54
201400029372,14,4,25,1430,1,2,1,1.0,6,54304,M,,,54
201400029373,14,4,25,1610,1,2,1,1.0,3,54547,M,,,54
201400029374,14,4,25,1915,1,2,1,1.0,6,54184,M,,,54
201400029375,14,4,27,730,1,2,4,1.0,6,54547,M,,,54
201400029376,14,4,28,1540,1,2,1,1.0,2,54395,M,,,54
201400029377,14,4,28,1700,1,2,1,1.0,4,54025,M,,,54
201400029378,14,4,28,1920,2,2,2,2.0,3,54526,M,,,54
201400029379,14,4,30,1420,1,2,1,1.0,2,54395,M,,,54
201400029380,14,4,30,2121,5,2,1,1.0,3,54395,M,,,54
201400029381,14,4,30,2200,5,2,1,1.0,6,54395,M,,,54
201400029382,14,5,2,1725,1,2,1,1.0,2,54304,M,,,54
201400029383,14,5,3,1700,1,2,1,1.0,2,54547,M,,,54
201400029384,14,5,1,610,2,1,1,1.0,6,54304,M,,,54
201400029385,14,5,5,1215,1,2,6,1.0,3,54328,M,,,54
201400029386,14,5,5,1415,1,1,1,1.0,7,54300,M,4863435.0,625450.0,54
201400029387,14,5,6,1515,1,2,1,1.0,3,54184,M,,,54
201400029388,14,5,6,2110,3,1,1,1.0,7,54025,M,,,54
201400029389,14,5,11,2305,5,2,1,2.0,2,54547,M,,,54
201400029390,14,5,12,2005,1,2,2,2.0,3,54395,M,,,54
201400029391,14,5,15,1600,1,2,3,1.0,1,54395,M,,,54
201400029392,14,5,15,1620,1,2,1,1.0,6,54395,M,,,54
201400029393,14,5,16,745,1,2,1,1.0,4,54526,M,,,54
201400029394,14,5,16,1650,1,2,3,1.0,3,54274,M,,,54
201400029395,14,5,21,1830,1,2,1,1.0,4,54395,M,,,54
201400029396,14,5,22,1000,1,2,1,1.0,2,54547,M,,,54
201400029397,14,5,22,1640,1,2,2,2.0,6,54578,M,,,54
201400029398,14,5,21,1852,1,2,1,2.0,2,54547,M,,,54
201400029399,14,5,22,1839,1,2,3,1.0,1,54395,M,,,54
201400029400,14,5,29,1820,1,2,1,9.0,6,54395,M,,,54
201400029401,14,5,26,750,1,2,1,8.0,6,54395,M,,,54
201400029402,14,5,26,850,1,2,1,1.0,3,54547,M,,,54
201400029403,14,5,27,2040,1,2,1,1.0,1,54547,M,,,54
201400029404,14,5,27,2225,5,2,1,1.0,2,54482,M,,,54
201400029405,14,5,28,735,1,2,1,1.0,2,54547,M,,,54
201400029406,14,5,30,1130,1,2,1,1.0,6,54395,M,,,54
201400029407,14,6,3,420,5,2,1,1.0,1,54395,M,,,54
201400029408,14,6,4,1700,1,2,2,1.0,3,54395,M,,,54
201400029409,14,6,5,1035,1,2,1,7.0,6,54395,M,,,54
201400029410,14,6,5,1325,1,2,3,1.0,1,54357,M,,,54
201400029411,14,6,5,1910,1,2,3,1.0,3,54328,M,,,54
201400029412,14,6,7,1850,1,2,1,1.0,6,54482,M,,,54
201400029413,14,6,7,1850,1,2,1,1.0,3,54395,M,,,54
201400029414,14,6,8,1600,1,2,1,1.0,3,54395,M,,,54
201400029415,14,6,10,1945,1,2,2,1.0,3,54339,M,,,54
201400029416,14,6,11,1825,1,2,1,7.0,3,54328,M,,,54
201400029417,14,6,11,1935,1,2,1,1.0,6,54482,M,,,54
201400029418,14,6,12,1400,1,2,1,1.0,6,54395,M,,,54
201400029419,14,6,12,1415,1,2,3,1.0,2,54395,M,,,54
201400029420,14,6,12,2015,1,2,1,1.0,4,54395,M,,,54
201400029421,14,6,13,1135,1,2,2,1.0,3,54328,M,,,54
201400029422,14,6,15,2045,1,1,1,1.0,6,54578,M,,,54
201400029423,14,6,17,1745,1,2,1,1.0,4,54184,M,,,54
201400029424,14,6,19,1650,1,2,1,1.0,2,54547,M,,,54
201400029425,14,6,24,2100,2,2,1,1.0,3,54395,M,,,54
201400029426,14,6,20,1430,1,2,1,1.0,3,54395,M,,,54
201400029427,14,6,20,1248,1,2,1,1.0,6,54184,M,,,54
201400029428,14,6,20,1834,1,2,1,1.0,6,54395,M,,,54
201400029429,14,6,22,445,5,2,1,1.0,7,54395,M,,,54
201400029430,14,6,24,1100,1,2,1,1.0,3,54184,M,,,54
201400029431,14,6,25,900,1,2,1,1.0,4,54547,M,,,54
201400029432,14,6,24,1700,1,2,3,1.0,6,54526,M,,,54
201400029433,14,6,18,1105,1,2,1,1.0,6,54395,M,,,54
201400029434,14,6,30,1545,1,2,2,1.0,3,54395,M,,,54
201400029435,14,7,1,1140,1,2,1,1.0,2,54357,M,,,54
201400029436,14,7,1,2011,1,2,1,1.0,6,54578,M,,,54
201400029437,14,7,2,2025,1,2,1,1.0,6,54395,M,,,54
201400029438,14,7,5,1955,1,2,1,1.0,3,54328,M,,,54
201400029439,14,7,6,1245,1,2,1,2.0,3,54257,M,,,54
201400029440,14,7,7,1920,1,2,1,2.0,1,54547,M,,,54
201400029441,14,7,8,1405,1,2,3,1.0,6,54395,M,,,54
201400029442,14,7,8,2250,5,2,3,9.0,3,54578,M,,,54
201400029443,14,7,9,1715,1,2,2,2.0,3,54395,M,,,54
201400029444,14,7,14,1955,1,2,1,1.0,3,54357,M,,,54
201400029445,14,7,15,900,1,2,2,1.0,3,54395,M,,,54
201400029446,14,7,15,1430,1,2,1,1.0,2,54395,M,,,54
201400029447,14,7,15,2105,1,2,2,1.0,1,54395,M,,,54
201400029448,14,7,14,2,5,2,6,2.0,6,54547,M,,,54
201400029449,14,7,15,1745,1,2,3,1.0,3,54547,M,,,54
201400029450,14,7,16,910,1,2,1,1.0,6,54395,M,,,54
201400029451,14,7,17,918,1,2,2,1.0,3,54526,M,,,54
201400029452,14,7,18,1730,1,2,2,1.0,2,54526,M,,,54
201400029453,14,7,18,1755,1,2,1,7.0,6,54395,M,,,54
201400029454,14,7,19,1850,1,2,1,1.0,6,54482,M,,,54
201400029455,14,7,19,2028,1,2,1,1.0,2,54395,M,,,54
201400029456,14,7,21,1340,1,2,1,9.0,3,54395,M,,,54
201400029457,14,7,22,1810,1,2,3,1.0,3,54547,M,,,54
201400029458,14,7,22,1925,1,2,1,1.0,6,54395,M,,,54
201400029459,14,7,23,2120,5,2,2,1.0,3,54304,M,,,54
201400029460,14,7,24,1340,1,1,1,1.0,1,54025,M,,,54
201400029461,14,7,27,920,1,2,2,1.0,6,54395,M,,,54
201400029462,14,7,29,1305,1,2,1,1.0,3,54395,M,,,54
201400029463,14,7,25,1700,1,2,1,1.0,6,54395,M,,,54
201400029464,14,7,31,1150,1,2,1,1.0,2,54395,M,,,54
201400029465,14,8,1,1523,1,2,4,1.0,3,54395,M,,,54
201400029466,14,8,1,1525,1,2,1,1.0,4,54395,M,,,54
201400029467,14,8,4,730,1,2,5,1.0,3,54395,M,,,54
201400029468,14,8,5,1045,1,2,1,1.0,3,54395,M,,,54
201400029469,14,8,5,1510,1,2,1,1.0,6,54526,M,,,54
201400029470,14,8,5,1730,1,2,1,1.0,3,54395,M,,,54
201400029471,14,8,6,1130,1,2,1,1.0,6,54184,M,,,54
201400029472,14,8,6,1310,1,2,2,1.0,3,54395,M,,,54
201400029473,14,8,11,1250,1,2,2,1.0,7,54395,M,,,54
201400029474,14,8,12,1550,1,2,1,1.0,6,54395,M,,,54
201400029475,14,8,12,1843,1,2,2,1.0,6,54395,M,,,54
201400029476,14,8,13,1600,1,2,1,3.0,1,54547,M,,,54
201400029477,14,8,14,1800,1,2,1,1.0,5,54025,M,4865894.0,627002.0,54
201400029478,14,8,14,2100,2,2,1,1.0,6,54395,M,,,54
201400029479,14,8,16,520,2,2,1,1.0,2,54304,M,,,54
201400029480,14,8,21,1445,1,2,1,1.0,2,54395,M,,,54
201400029481,14,8,21,1530,1,2,1,1.0,6,54395,M,,,54
201400029482,14,8,22,1446,1,2,1,1.0,3,54395,M,,,54
201400029483,14,8,22,2245,4,2,1,1.0,6,54395,M,,,54
201400029484,14,8,23,1615,1,2,1,1.0,3,54304,M,,,54
201400029485,14,8,24,2335,5,2,1,1.0,6,54578,M,,,54
201400029486,14,8,25,1553,1,2,1,1.0,2,54184,M,,,54
201400029487,14,8,25,1623,1,2,1,1.0,3,54328,M,,,54
201400029488,14,8,25,1810,1,2,2,2.0,3,54547,M,,,54
201400029489,14,8,26,1420,1,2,1,2.0,1,54547,M,,,54
201400029490,14,8,27,952,1,2,6,1.0,3,54395,M,,,54
201400029491,14,8,27,1210,1,2,3,1.0,2,54547,M,,,54
201400029492,14,8,28,1239,1,2,2,1.0,3,54165,M,,,54
201400029493,14,8,28,1705,1,2,3,1.0,3,54395,M,,,54
201400029494,14,8,29,1540,1,2,1,1.0,6,54547,M,,,54
201400029495,14,8,29,1645,1,2,1,1.0,4,54395,M,,,54
201400029496,14,8,30,1515,1,2,1,1.0,6,54547,M,,,54
201400029497,14,9,4,318,5,2,1,1.0,6,54197,M,,,54
201400029498,14,9,7,15,5,2,1,1.0,6,54395,M,,,54
201400029499,14,9,8,1135,1,1,1,1.0,2,54257,M,4863166.0,618252.0,54
201400029500,14,9,9,1958,2,2,1,8.0,7,54395,M,,,54
201400029501,14,9,10,1025,1,2,2,1.0,3,54526,M,,,54
201400029502,14,9,10,1215,1,2,1,1.0,3,54300,M,,,54
201400029503,14,9,11,1645,1,2,1,1.0,6,54395,M,,,54
201400029504,14,9,12,100,5,2,1,9.0,6,54395,M,,,54
201400029505,14,9,12,810,1,2,2,1.0,3,54395,M,,,54
201400029506,14,9,12,1010,1,2,1,1.0,2,54395,M,,,54
201400029507,14,9,12,1730,1,2,1,1.0,3,54395,M,,,54
201400029508,14,9,13,905,1,2,1,1.0,6,54395,M,,,54
201400029509,14,9,13,2036,2,2,2,1.0,3,54578,M,,,54
201400029510,14,9,16,1610,1,2,1,1.0,2,54395,M,,,54
201400029511,14,9,17,1800,1,2,1,1.0,6,54526,M,,,54
201400029512,14,9,17,520,5,2,1,5.0,1,54300,M,4864506.0,624827.0,54
201400029513,14,9,17,1040,1,2,2,1.0,7,54526,M,,,54
201400029514,14,9,17,1035,1,2,1,1.0,6,54578,M,,,54
201400029515,14,9,18,1335,1,2,1,1.0,6,54304,M,,,54
201400029516,14,9,20,1355,1,2,1,1.0,3,54395,M,,,54
201400029517,14,9,20,1710,1,2,1,1.0,6,54395,M,,,54
201400029518,14,9,21,1045,1,2,2,2.0,3,54395,M,,,54
201400029519,14,9,22,1320,1,2,1,1.0,6,54395,M,,,54
201400029520,14,9,22,1405,1,2,1,1.0,2,54395,M,,,54
201400029521,14,9,22,1740,1,2,3,1.0,3,54304,M,,,54
201400029522,14,9,23,854,1,2,3,1.0,3,54395,M,,,54
201400029523,14,9,25,855,1,1,1,1.0,7,54165,M,,,54
201400029524,14,9,26,1350,1,2,1,1.0,3,54357,M,,,54
201400029525,14,9,26,1648,1,2,1,1.0,7,54395,M,,,54
201400029526,14,9,26,1755,1,2,1,1.0,6,54395,M,,,54
201400029527,14,9,27,1335,1,2,1,1.0,3,54395,M,,,54
201400029528,14,9,27,1845,1,2,3,1.0,6,54547,M,,,54
201400029529,14,9,29,815,1,2,1,1.0,6,54395,M,,,54
201400029530,14,9,29,1945,2,2,2,1.0,3,54395,M,,,54
201400029531,14,9,30,1007,1,2,1,1.0,2,54395,M,,,54
201400029532,14,9,30,1740,1,2,2,1.0,3,54395,M,,,54
201400029533,14,10,2,830,1,2,1,1.0,3,54304,M,,,54
201400029534,14,10,3,1655,1,2,3,1.0,6,54395,M,,,54
201400029535,14,10,4,2005,5,2,2,1.0,1,54526,M,,,54
201400029536,14,10,6,730,1,2,2,1.0,3,54395,M,,,54
201400029537,14,10,6,1240,1,2,3,1.0,3,54578,M,,,54
201400029538,14,10,6,1815,1,2,1,1.0,2,54184,M,,,54
201400029539,14,10,6,1850,1,2,1,1.0,1,54395,M,,,54
201400029540,14,10,7,1638,1,2,1,2.0,6,54395,M,,,54
201400029541,14,10,8,730,5,2,1,1.0,7,54395,M,,,54
201400029542,14,10,7,1420,1,2,1,1.0,3,54395,M,,,54
201400029543,14,10,9,1340,1,2,3,3.0,6,54482,M,,,54
201400029544,14,10,10,1145,1,2,2,1.0,3,54526,M,,,54
201400029545,14,10,10,1730,2,2,1,1.0,6,54395,M,,,54
201400029546,14,10,10,2005,5,2,2,2.0,3,54395,M,,,54
201400029547,14,10,12,455,5,2,1,5.0,6,54395,M,,,54
201400029548,14,10,12,1525,1,2,1,2.0,6,54395,M,,,54
201400029549,14,10,13,1930,2,2,1,1.0,6,54395,M,,,54
201400029550,14,10,13,735,1,2,4,2.0,6,54395,M,,,54
201400029551,14,10,13,750,1,2,1,1.0,6,54395,M,,,54
201400029552,14,10,13,1040,1,2,1,1.0,2,54395,M,,,54
201400029553,14,10,13,1530,1,2,2,1.0,6,54395,M,,,54
201400029554,14,10,13,1940,5,2,1,1.0,6,54395,M,,,54
201400029555,14,10,14,1200,1,2,1,1.0,1,54395,M,,,54
201400029556,14,10,14,1705,1,2,3,1.0,3,54578,M,,,54
201400029557,14,10,14,1730,1,2,1,1.0,6,54274,M,,,54
201400029558,14,10,15,2250,5,2,1,8.0,6,54547,M,,,54
201400029559,14,10,17,1645,1,2,2,1.0,3,54578,M,,,54
201400029560,14,10,17,1715,1,2,1,1.0,2,54328,M,,,54
201400029561,14,10,21,1215,1,2,1,1.0,5,54304,M,,,54
201400029562,14,10,21,1705,1,2,1,2.0,5,54547,M,,,54
201400029563,14,10,21,2045,5,2,1,1.0,2,54547,M,,,54
201400029564,14,10,22,1430,1,2,1,1.0,3,54547,M,,,54
201400029565,14,10,24,1015,1,2,1,1.0,6,54395,M,,,54
201400029566,14,10,25,1945,5,2,1,1.0,6,54395,M,,,54
201400029567,14,10,27,1850,5,2,1,1.0,3,54395,M,,,54
201400029568,14,10,31,600,5,2,2,1.0,3,54395,M,,,54
201400029569,14,11,2,1745,5,2,2,1.0,3,54395,M,,,54
201400029570,14,11,4,550,5,2,1,2.0,3,54304,M,,,54
201400029571,14,11,4,1205,1,2,1,3.0,2,54339,M,,,54
201400029572,14,11,4,1835,5,2,1,3.0,2,54547,M,,,54
201400029573,14,11,4,2210,5,2,2,2.0,3,54395,M,,,54
201400029574,14,11,5,1350,1,2,1,1.0,6,54395,M,,,54
201400029575,14,11,8,800,1,2,1,1.0,4,54395,M,,,54
201400029576,14,11,8,1600,1,2,1,1.0,4,54547,M,,,54
201400029577,14,11,10,1920,5,2,3,1.0,6,54395,M,,,54
201400029578,14,11,11,930,1,2,1,2.0,5,54328,M,,,54
201400029579,14,11,11,1035,1,2,1,1.0,6,54547,M,,,54
201400029580,14,11,14,830,2,2,1,5.0,3,54547,M,,,54
201400029581,14,11,14,1040,1,2,1,1.0,3,54304,M,,,54
201400029582,14,11,14,1215,1,2,1,1.0,6,54395,M,,,54
201400029583,14,11,15,2020,5,2,1,2.0,6,54395,M,,,54
201400029584,14,11,16,1910,2,2,2,2.0,3,54395,M,,,54
201400029585,14,11,18,1240,1,2,1,1.0,6,54395,M,,,54
201400029586,14,11,20,1640,2,2,3,1.0,3,54274,M,,,54
201400029587,14,11,17,1915,5,2,1,2.0,2,54395,M,,,54
201400029588,14,11,19,1220,1,2,1,1.0,6,54526,M,,,54
201400029589,14,11,24,740,1,2,1,1.0,3,54184,M,,,54
201400029590,14,11,24,1449,1,2,2,1.0,3,54395,M,,,54
201400029591,14,11,25,1700,5,2,1,1.0,6,54395,M,,,54
201400029592,14,11,25,1705,5,2,3,1.0,6,54257,M,,,54
201400029593,14,11,25,1715,5,2,3,1.0,1,54547,M,,,54
201400029594,14,11,25,1750,2,2,3,1.0,3,54357,M,,,54
201400029595,14,11,21,1300,1,2,1,1.0,6,54395,M,,,54
201400029596,14,11,28,1520,1,2,1,1.0,4,54395,M,,,54
201400029597,14,12,1,1803,5,2,2,1.0,6,54395,M,,,54
201400029598,14,12,2,1740,5,2,1,2.0,6,54395,M,,,54
201400029599,14,12,3,1540,1,2,1,1.0,3,54328,M,,,54
201400029600,14,12,5,200,5,2,1,2.0,6,54395,M,,,54
201400029601,14,12,5,1210,1,2,1,8.0,3,54304,M,,,54
201400029602,14,12,5,1415,1,2,1,1.0,4,54395,M,,,54
201400029603,14,12,6,230,5,2,1,2.0,6,54339,M,,,54
201400029604,14,12,8,750,2,2,1,1.0,6,54257,M,,,54
201400029605,14,12,8,1457,1,2,3,1.0,3,54395,M,,,54
201400029606,14,12,9,735,1,2,1,1.0,3,54339,M,,,54
201400029607,14,12,9,1415,1,2,2,1.0,6,54395,M,,,54
201400029608,14,12,10,815,1,2,3,2.0,6,54395,M,,,54
201400029609,14,12,11,1525,1,2,1,2.0,6,54395,M,,,54
201400029610,14,12,11,2210,5,1,1,2.0,7,54025,M,,,54
201400029611,14,12,12,115,5,2,1,1.0,4,54395,M,,,54
201400029612,14,12,12,745,2,2,1,1.0,6,54395,M,,,54
201400029613,14,12,12,800,1,2,1,1.0,6,54395,M,,,54
201400029614,14,12,12,845,1,2,3,1.0,3,54526,M,,,54
201400029615,14,12,12,900,1,2,1,1.0,6,54547,M,,,54
201400029616,14,12,13,1815,5,2,1,2.0,3,54300,M,,,54
201400029617,14,12,14,1655,5,2,1,2.0,6,54395,M,,,54
201400029618,14,12,15,1030,1,2,1,1.0,6,54395,M,,,54
201400029619,14,12,16,1752,5,2,1,1.0,2,54395,M,,,54
201400029620,14,12,18,650,5,2,3,8.0,6,54395,M,,,54
201400029621,14,12,18,1700,5,2,1,2.0,4,54547,M,,,54
201400029622,14,12,18,2025,5,2,3,3.0,2,54395,M,,,54
201400029623,14,12,19,733,1,2,1,2.0,1,54025,M,,,54
201400029624,14,12,20,1010,1,2,1,1.0,6,54395,M,,,54
201400029625,14,12,20,1130,1,2,1,1.0,2,54395,M,,,54
201400029626,14,12,22,1600,2,2,1,1.0,6,54395,M,,,54
201400029627,14,12,22,1610,1,2,1,1.0,2,54274,M,,,54
201400029628,14,12,23,1341,1,2,2,1.0,3,54482,M,,,54
201400029629,14,12,23,1635,5,2,1,1.0,2,54547,M,,,54
201400029630,14,12,25,1140,1,2,2,1.0,3,54395,M,,,54
201400029631,14,12,17,1320,1,2,1,2.0,3,54357,M,,,54
201400029632,14,12,19,1000,1,2,2,1.0,6,54395,M,,,54
201400029633,14,12,27,1810,3,2,3,4.0,3,54547,M,,,54
201400029634,14,1,16,1746,5,2,1,1.0,6,54431,M,4889544.0,605213.0,54
201400029635,14,9,30,1900,2,1,1,1.0,3,54431,M,,,54
201400029636,14,1,22,1205,1,2,3,1.0,6,54431,M,,,54
201400029637,14,2,3,810,1,1,1,9.0,6,54431,M,4894344.0,606345.0,54
201400029638,14,4,24,1008,1,2,1,1.0,3,54431,M,4891680.0,606452.0,54
201400029639,14,4,29,1724,1,2,1,1.0,4,54431,M,4890957.0,603888.0,54
201400029640,14,5,17,1025,1,2,4,1.0,3,54079,M,,,54
201400029641,14,5,23,855,1,1,4,1.0,2,54431,M,4892811.0,603815.0,54
201400029642,14,6,15,1240,1,1,9,1.0,7,54431,M,4894320.0,606330.0,54
201400029643,14,7,8,1550,1,1,1,1.0,1,54375,M,4889922.0,599325.0,54
201400029644,14,9,27,1710,1,1,1,1.0,7,54431,M,4893187.0,606366.0,54
201400029645,14,11,9,1650,2,1,2,2.0,3,54431,M,4891952.0,606321.0,54
201400029646,14,11,12,1658,2,2,1,8.0,6,54431,M,4890217.0,605269.0,54
201400029647,14,11,29,2250,5,1,1,1.0,6,54079,M,4886500.0,607131.0,54
201400029648,14,1,24,1320,1,2,1,1.0,6,54528,M,,,54
201400029649,14,1,28,1900,3,1,3,1.0,3,54174,M,4866724.0,585373.0,54
201400029650,14,2,7,1205,1,1,3,1.0,3,54528,M,,,54
201400029651,14,2,23,1900,5,2,2,1.0,3,54528,M,4866448.0,588879.0,54
201400029652,14,3,13,1215,1,1,3,1.0,2,54528,M,4871501.0,587560.0,54
201400029653,14,3,26,1705,1,2,3,1.0,6,54528,M,,,54
201400029654,14,4,2,850,1,2,3,1.0,6,54528,M,,,54
201400029655,14,4,16,2030,2,2,1,1.0,6,54528,M,,,54
201400029656,14,4,23,1630,1,1,1,1.0,6,54528,M,,,54
201400029657,14,5,9,1650,1,2,1,1.0,3,54528,M,,,54
201400029658,14,7,6,1525,1,2,2,1.0,3,54528,M,,,54
201400029659,14,8,23,1,3,1,1,1.0,6,54174,M,,,54
201400029660,14,10,23,1125,1,1,1,1.0,1,54528,M,4869450.0,590472.0,54
201400029661,14,12,20,2140,5,2,1,8.0,1,54167,M,,,54
201400029662,14,12,19,1720,2,1,4,2.0,1,54580,M,4946960.0,591920.0,54
201400029663,14,1,11,1130,1,1,1,1.0,7,54575,M,,,54
201400029664,14,4,1,532,2,1,1,1.0,7,54270,M,4949046.0,587095.0,54
201400029665,14,5,5,1500,1,1,1,1.0,2,54575,M,4947209.0,583587.0,54
201400029666,14,6,20,2100,1,2,1,1.0,1,54580,M,,,54
201400029667,14,6,21,1805,1,1,1,1.0,7,54575,M,4947561.0,583054.0,54
201400029668,14,6,21,945,1,2,1,1.0,2,54580,M,,,54
201400029669,14,8,16,1810,1,2,2,1.0,7,54521,M,,,54
201400029670,14,10,7,1150,1,1,1,8.0,7,54270,M,4948482.0,586614.0,54
201400029671,14,10,12,1530,1,2,2,1.0,1,54580,M,,,54
201400029672,14,10,27,2310,3,1,1,1.0,2,54525,M,4945384.0,587469.0,54
201400029673,14,12,14,910,1,1,1,1.0,4,54575,M,4948345.0,581584.0,54
201400029674,14,2,20,2135,3,1,6,1.0,6,55302,M,,,55
201400029675,14,2,27,1525,1,2,1,3.0,6,55029,M,,,55
201400029676,14,4,23,1655,1,2,1,1.0,3,55029,M,,,55
201400029677,14,4,10,1630,1,2,2,1.0,5,55476,M,,,55
201400029678,14,6,10,1312,1,2,3,1.0,3,55029,M,,,55
201400029679,14,6,20,1540,1,2,1,1.0,7,55029,M,,,55
201400029680,14,8,24,620,3,1,1,1.0,7,55186,M,,,55
201400029681,14,9,1,815,1,1,1,1.0,1,55029,M,,,55
201400029682,14,1,14,1150,1,2,1,1.0,7,55545,M,,,55
201400029683,14,4,17,1545,1,2,1,1.0,7,55545,M,,,55
201400029684,14,6,2,1515,1,2,1,1.0,1,55545,M,,,55
201400029685,14,6,4,2025,1,2,1,1.0,7,55545,M,,,55
201400029686,14,7,11,1450,1,1,1,1.0,1,55545,M,,,55
201400029687,14,9,24,1215,1,2,1,1.0,3,55545,M,,,55
201400029688,14,9,26,1300,1,2,1,1.0,7,55545,M,,,55
201400029689,14,10,4,1450,1,2,1,1.0,4,55545,M,,,55
201400029690,14,11,20,1845,5,2,2,1.0,3,55545,M,,,55
201400029691,14,12,19,1820,5,2,1,2.0,2,55545,M,,,55
201400029692,14,1,6,1700,2,2,1,1.0,3,56098,M,4776298.0,-332871.0,56
201400029693,14,1,8,830,5,2,2,8.0,3,56121,M,4774189.0,-336142.0,56
201400029694,14,1,9,1522,4,2,1,1.0,7,56121,M,4774490.0,-337776.0,56
201400029695,14,1,16,1135,2,2,1,1.0,7,56083,M,4780028.0,-326143.0,56
201400029696,14,1,16,1855,5,2,1,1.0,7,56121,M,4773284.0,-338192.0,56
201400029697,14,1,17,1051,1,2,3,1.0,7,56121,M,4773895.0,-338084.0,56
201400029698,14,1,18,1030,1,2,1,2.0,3,56121,M,4776451.0,-339831.0,56
201400029699,14,1,18,1534,1,2,1,3.0,5,56121,M,,,56
201400029700,14,1,20,805,3,1,1,1.0,5,56121,M,4773580.0,-337040.0,56
201400029701,14,1,21,638,5,2,2,1.0,3,56121,M,4775222.0,-337823.0,56
201400029702,14,1,17,1701,2,2,1,1.0,7,56121,M,4774867.0,-338759.0,56
201400029703,14,1,24,1615,1,2,1,2.0,7,56083,M,4782351.0,-324972.0,56
201400029704,14,1,24,1830,5,2,1,2.0,5,56121,M,4775452.0,-337135.0,56
201400029705,14,1,24,1850,5,2,1,1.0,3,56098,M,4776607.0,-333295.0,56
201400029706,14,1,30,1130,1,2,1,1.0,3,56098,M,4775970.0,-333101.0,56
201400029707,14,2,1,1850,5,2,1,2.0,3,56121,M,4775224.0,-337090.0,56
201400029708,14,2,4,2005,5,2,1,3.0,7,56121,M,4774711.0,-336736.0,56