Num_Acc,an,mois,jour,hrmn,lum,agg,int,atm,col,com,gps,lat,long,dep
201400029709,14,2,6,1950,5,2,1,2.0,7,56098,M,4775939.0,-332653.0,56
201400029710,14,2,8,1735,1,2,1,9.0,7,56098,M,4776697.0,-335561.0,56
201400029711,14,2,13,1705,1,2,3,1.0,3,56098,M,4776191.0,-334223.0,56
201400029712,14,2,17,1915,2,2,1,1.0,3,56121,M,4773698.0,-339749.0,56
201400029713,14,2,18,1055,1,2,3,1.0,5,56098,M,4774610.0,-336719.0,56
201400029714,14,2,20,1643,1,2,1,1.0,3,56121,M,4774680.0,-336623.0,56
201400029715,14,2,21,1815,2,1,1,1.0,5,56121,M,4773565.0,-337467.0,56
201400029716,14,2,22,1430,1,2,1,1.0,3,56121,M,4775696.0,-336329.0,56
201400029717,14,2,26,1645,1,2,1,1.0,3,56121,M,4774711.0,-336576.0,56
201400029718,14,3,3,630,3,2,1,3.0,2,56121,M,4773623.0,-337591.0,56
201400029719,14,3,4,1515,1,2,1,1.0,2,56121,M,4774301.0,-336590.0,56
201400029720,14,3,4,1555,1,2,1,2.0,3,56121,M,4774547.0,-336783.0,56
201400029721,14,3,5,1940,5,2,1,1.0,7,56098,M,4775768.0,-334060.0,56
201400029722,14,3,6,2333,4,2,1,1.0,7,56121,M,4774826.0,-336383.0,56
201400029723,14,3,8,1620,1,2,3,1.0,5,56083,M,,,56
201400029724,14,3,9,1235,1,2,1,1.0,3,56121,M,4773870.0,-336866.0,56
201400029725,14,3,11,1855,1,1,1,1.0,2,56083,M,,,56
201400029726,14,3,15,440,3,1,1,1.0,7,56121,M,4776440.0,-337975.0,56
201400029727,14,3,17,1145,1,2,1,1.0,7,56121,M,4775235.0,-336145.0,56
201400029728,14,3,22,2345,5,2,2,2.0,3,56121,M,4775136.0,-337166.0,56
201400029729,14,3,25,1750,1,2,1,2.0,6,56121,M,4774696.0,-336131.0,56
201400029730,14,3,28,435,3,1,1,1.0,7,56162,M,,,56
201400029731,14,4,5,2255,5,2,1,1.0,7,56162,M,,,56
201400029732,14,4,6,1400,1,2,2,1.0,3,56098,M,4777191.0,-333876.0,56
201400029733,14,4,6,1920,1,2,3,1.0,3,56121,M,4774191.0,-336140.0,56
201400029734,14,4,6,112,5,2,1,1.0,7,56121,M,4774616.0,-336440.0,56
201400029735,14,4,9,2025,2,2,1,1.0,7,56083,M,4780331.0,-327857.0,56
201400029736,14,4,11,845,1,1,1,1.0,3,56121,M,4774531.0,-336165.0,56
201400029737,14,4,10,1505,1,2,1,1.0,7,56121,M,4774975.0,-339433.0,56
201400029738,14,4,14,2155,5,2,1,1.0,7,56121,M,4773513.0,-339068.0,56
201400029739,14,4,15,840,1,2,9,1.0,7,56121,M,4775155.0,-337708.0,56
201400029740,14,4,15,1730,1,2,1,1.0,7,56121,M,4774982.0,-336209.0,56
201400029741,14,4,15,1930,1,2,1,1.0,7,56121,M,4775405.0,-336723.0,56
201400029742,14,4,16,1707,1,2,1,1.0,3,56083,M,4780375.0,-326800.0,56
201400029743,14,4,17,733,1,2,1,1.0,1,56121,M,4774775.0,-337797.0,56
201400029744,14,4,17,1128,1,2,1,1.0,2,56121,M,4774509.0,-337660.0,56
201400029745,14,4,17,1407,1,1,1,1.0,7,56107,M,4770636.0,-338494.0,56
201400029746,14,4,18,1815,1,1,1,1.0,5,56121,M,4775813.0,-338458.0,56
201400029747,14,4,19,1450,1,2,1,1.0,7,56121,M,4774747.0,-338288.0,56
201400029748,14,4,22,1814,1,1,1,1.0,5,56121,M,4773589.0,-337012.0,56
201400029749,14,4,23,1620,1,2,3,3.0,3,56162,M,4773664.0,-343528.0,56
201400029750,14,4,26,1210,1,2,3,1.0,3,56121,M,4774276.0,-336830.0,56
201400029751,14,5,9,1714,1,1,1,1.0,5,56098,M,,,56
201400029752,14,5,11,1645,1,2,1,1.0,2,56107,M,4770519.0,-338424.0,56
201400029753,14,5,16,1710,1,2,2,1.0,3,56098,M,4776790.0,-335128.0,56
201400029754,14,5,17,1705,1,1,1,1.0,7,56162,M,4772339.0,-348475.0,56
201400029755,14,5,19,1041,1,2,1,1.0,7,56121,M,4774722.0,-337402.0,56
201400029756,14,5,20,1616,1,2,1,1.0,7,56162,M,4773732.0,-342873.0,56
201400029757,14,5,20,1632,1,2,1,1.0,7,56121,M,4774490.0,-336364.0,56
201400029758,14,5,23,1400,1,2,1,1.0,2,56083,M,4781553.0,-324393.0,56
201400029759,14,5,25,2030,2,1,1,1.0,7,56107,M,4770717.0,-338401.0,56
201400029760,14,5,26,1350,1,2,1,1.0,7,56121,M,4775424.0,-338334.0,56
201400029761,14,5,27,1535,1,2,1,1.0,7,56107,M,4771126.0,-337581.0,56
201400029762,14,5,28,1611,1,1,1,1.0,3,56162,M,,,56
201400029763,14,5,31,450,3,1,1,1.0,2,56162,M,4773049.0,-339910.0,56
201400029764,14,6,4,1723,1,1,1,1.0,7,56098,M,4777788.0,-334360.0,56
201400029765,14,6,6,1440,1,2,1,1.0,7,56098,M,4777709.0,-334258.0,56
201400029766,14,6,6,1830,1,2,1,1.0,3,56121,M,4776410.0,-336785.0,56
201400029767,14,6,6,2215,3,2,1,1.0,7,56098,M,4776259.0,-336274.0,56
201400029768,14,6,8,1610,1,2,1,1.0,7,56107,M,4771237.0,-341561.0,56
201400029769,14,6,10,955,1,2,1,1.0,7,56098,M,4776528.0,-334828.0,56
201400029770,14,6,11,1210,1,2,3,1.0,3,56083,M,4781545.0,-324391.0,56
201400029771,14,6,11,1845,1,2,1,1.0,3,56121,M,4774154.0,-336425.0,56
201400029772,14,6,14,1050,1,2,1,1.0,7,56121,M,4774534.0,-336906.0,56
201400029773,14,6,17,2005,1,2,1,7.0,3,56121,M,4776845.0,-334424.0,56
201400029774,14,6,18,2215,3,1,1,1.0,7,56107,M,4770778.0,-341432.0,56
201400029775,14,6,19,1825,1,2,1,1.0,3,56121,M,4773236.0,-337938.0,56
201400029776,14,6,23,1015,1,2,1,1.0,7,56121,M,4774771.0,-335908.0,56
201400029777,14,6,23,1715,1,2,1,1.0,1,56107,M,4772438.0,-338259.0,56
201400029778,14,6,25,1230,1,2,1,1.0,3,56121,M,4773958.0,-337394.0,56
201400029779,14,6,26,1845,1,2,1,1.0,5,56083,M,4780602.0,-325976.0,56
201400029780,14,6,30,1140,1,2,1,1.0,7,56121,M,4776481.0,-339851.0,56
201400029781,14,7,1,1810,1,1,1,1.0,7,56162,M,4773285.0,-340405.0,56
201400029782,14,7,3,855,1,2,3,1.0,3,56121,M,4774396.0,-336376.0,56
201400029783,14,7,4,1830,1,2,6,1.0,3,56121,M,4776603.0,-340096.0,56
201400029784,14,7,4,1955,1,2,1,1.0,7,56098,M,4777623.0,-334503.0,56
201400029785,14,7,5,2215,2,1,1,1.0,7,56083,M,4779121.0,-327678.0,56
201400029786,14,7,6,655,1,2,1,1.0,7,56121,M,4774479.0,-335887.0,56
201400029787,14,7,9,1810,1,2,1,1.0,7,56121,M,4773341.0,-338566.0,56
201400029788,14,7,9,1902,1,2,2,1.0,3,56162,M,4774110.0,-343116.0,56
201400029789,14,7,10,1730,1,2,1,1.0,7,56121,M,4775927.0,-339173.0,56
201400029790,14,7,14,2125,1,1,1,1.0,7,56083,M,,,56
201400029791,14,7,18,936,1,2,1,1.0,1,56121,M,4775527.0,-335711.0,56
201400029792,14,7,21,1405,1,2,1,1.0,7,56121,M,4775768.0,-336693.0,56
201400029793,14,7,21,1750,1,2,1,1.0,3,56121,M,4775988.0,-336613.0,56
201400029794,14,7,23,1608,1,2,1,1.0,1,56162,M,4773755.0,-339992.0,56
201400029795,14,7,29,1900,1,2,1,1.0,3,56098,M,4777805.0,-334383.0,56
201400029796,14,7,30,1800,1,1,1,1.0,5,56107,M,,,56
201400029797,14,8,1,1345,1,2,1,1.0,7,56121,M,4774999.0,-338350.0,56
201400029798,14,8,3,128,5,2,1,1.0,7,56121,M,4774776.0,-336485.0,56
201400029799,14,8,4,1935,1,2,1,1.0,3,56121,M,4775859.0,-337745.0,56
201400029800,14,8,6,2215,5,2,1,1.0,7,56121,M,4775726.0,-336880.0,56
201400029801,14,8,8,1050,1,2,2,8.0,7,56121,M,4775375.0,-336246.0,56
201400029802,14,8,9,2200,5,2,1,1.0,2,56121,M,4776076.0,-338491.0,56
201400029803,14,8,10,810,1,2,1,1.0,7,56098,M,4777744.0,-334454.0,56
201400029804,14,8,10,1005,1,2,1,2.0,7,56098,M,4777382.0,-334695.0,56
201400029805,14,8,10,1055,1,2,1,1.0,7,56121,M,4776143.0,-338792.0,56
201400029806,14,8,11,1855,1,1,1,1.0,3,56083,M,4782218.0,-328953.0,56
201400029807,14,8,12,840,1,2,1,1.0,3,56162,M,4773246.0,-342572.0,56
201400029808,14,8,12,1945,1,2,1,1.0,3,56121,M,4774550.0,-336789.0,56
201400029809,14,8,4,1405,1,2,1,1.0,7,56121,M,4776426.0,-339323.0,56
201400029810,14,8,15,1309,1,1,1,1.0,7,56162,M,4770586.0,-342071.0,56
201400029811,14,8,18,1610,1,1,1,1.0,5,56098,M,,,56
201400029812,14,8,18,1800,1,2,1,1.0,3,56098,M,4777668.0,-334516.0,56
201400029813,14,8,23,1240,1,1,6,1.0,3,56121,M,4776597.0,-340058.0,56
201400029814,14,8,23,2135,5,2,1,1.0,7,56121,M,4774282.0,-336788.0,56
201400029815,14,8,25,1438,1,2,1,3.0,7,56121,M,4775570.0,-339151.0,56
201400029816,14,8,25,1437,1,1,1,3.0,7,56083,M,4782673.0,-328121.0,56
201400029817,14,8,31,2050,5,2,1,1.0,7,56121,M,4774561.0,-336304.0,56
201400029818,14,9,2,1505,1,2,1,1.0,2,56098,M,4777353.0,-334776.0,56
201400029819,14,9,4,2145,5,1,1,1.0,3,56083,M,4779995.0,-325949.0,56
201400029820,14,9,5,1435,1,2,1,1.0,6,56121,M,4775472.0,-336393.0,56
201400029821,14,9,5,1510,1,2,1,1.0,7,56098,M,4776357.0,-336091.0,56
201400029822,14,9,6,1035,1,2,1,1.0,3,56121,M,4775400.0,-336275.0,56
201400029823,14,9,7,1140,1,2,2,1.0,2,56121,M,4774542.0,-336785.0,56
201400029824,14,9,9,1353,1,2,2,1.0,3,56121,M,4774684.0,-336603.0,56
201400029825,14,9,9,1424,1,2,1,1.0,7,56121,M,4774737.0,-335913.0,56
201400029826,14,9,11,1435,1,2,1,2.0,6,56121,M,4776974.0,-340726.0,56
201400029827,14,9,11,1720,1,2,1,1.0,3,56121,M,4774770.0,-336487.0,56
201400029828,14,9,12,431,5,2,1,1.0,7,56121,M,4775889.0,-337679.0,56
201400029829,14,9,14,1238,1,2,1,1.0,7,56162,M,4773398.0,-342799.0,56
201400029830,14,9,17,1227,1,2,1,1.0,7,56107,M,4771756.0,-338365.0,56
201400029831,14,9,17,1400,1,1,1,1.0,6,56107,M,4772382.0,-338852.0,56
201400029832,14,9,19,1210,1,2,6,7.0,7,56121,M,4776318.0,-338386.0,56
201400029833,14,9,20,1410,1,2,1,1.0,3,56121,M,4777324.0,-340493.0,56
201400029834,14,9,22,847,1,2,1,1.0,5,56121,M,4775213.0,-337036.0,56
201400029835,14,9,22,1249,1,1,1,1.0,7,56162,M,,,56
201400029836,14,9,22,1548,1,2,1,1.0,7,56121,M,4775980.0,-336630.0,56
201400029837,14,9,25,1600,1,2,1,1.0,7,56121,M,4773911.0,-335648.0,56
201400029838,14,9,27,1939,2,2,1,1.0,7,56121,M,4774562.0,-336774.0,56
201400029839,14,9,27,2030,5,2,2,1.0,3,56121,M,4773753.0,-337123.0,56
201400029840,14,9,29,850,1,2,6,2.0,3,56121,M,4773644.0,-338293.0,56
201400029841,14,9,30,1211,1,2,1,1.0,7,56121,M,4775812.0,-337517.0,56
201400029842,14,10,1,1318,1,2,1,1.0,3,56121,M,4776585.0,-339709.0,56
201400029843,14,10,2,1333,1,2,2,1.0,3,56098,M,4777192.0,-333726.0,56
201400029844,14,10,3,1615,1,2,1,1.0,3,56098,M,4776969.0,-335091.0,56
201400029845,14,10,3,1840,1,1,1,1.0,2,56098,M,,,56
201400029846,14,10,5,1651,1,2,1,1.0,7,56162,M,4770205.0,-343220.0,56
201400029847,14,10,6,1209,1,2,1,1.0,2,56098,M,4776758.0,-334497.0,56
201400029848,14,10,6,1935,5,2,2,3.0,3,56121,M,4774511.0,-336109.0,56
201400029849,14,10,7,930,1,2,1,1.0,7,56083,M,4780560.0,-327474.0,56
201400029850,14,10,8,1305,1,2,1,1.0,7,56098,M,4776498.0,-331071.0,56
201400029851,14,10,9,1350,1,2,1,1.0,7,56083,M,4782239.0,-325054.0,56
201400029852,14,10,11,1020,1,2,1,1.0,3,56121,M,4775400.0,-336760.0,56
201400029853,14,10,12,855,1,2,1,1.0,7,56098,M,4776409.0,-333296.0,56
201400029854,14,10,12,1042,1,2,1,1.0,5,56083,M,4780610.0,-325967.0,56
201400029855,14,10,13,855,1,2,1,1.0,3,56121,M,4776380.0,-340080.0,56
201400029856,14,10,13,1725,1,1,2,7.0,5,56162,M,4776295.0,-342458.0,56
201400029857,14,10,14,830,2,2,3,1.0,7,56121,M,4774746.0,-339272.0,56
201400029858,14,10,16,1140,1,2,3,8.0,7,56121,M,4773918.0,-338095.0,56
201400029859,14,10,17,1410,1,2,2,1.0,3,56121,M,4774720.0,-337643.0,56
201400029860,14,10,20,1721,1,2,1,8.0,5,56083,M,4780825.0,-325620.0,56
201400029861,14,10,20,1529,1,2,1,1.0,7,56121,M,4774816.0,-338846.0,56
201400029862,14,10,25,940,1,2,1,1.0,3,56121,M,4774642.0,-337858.0,56
201400029863,14,10,25,1550,1,2,1,1.0,7,56162,M,4774262.0,-342427.0,56
201400029864,14,10,25,2120,5,2,2,1.0,3,56121,M,4774193.0,-336141.0,56
201400029865,14,10,26,1151,1,2,1,1.0,7,56083,M,4779184.0,-331065.0,56
201400029866,14,10,29,1508,1,2,1,1.0,7,56121,M,4774622.0,-336103.0,56
201400029867,14,10,30,1345,1,2,1,1.0,2,56121,M,4774418.0,-338116.0,56
201400029868,14,10,31,1055,1,2,2,1.0,3,56121,M,4774987.0,-336094.0,56
201400029869,14,11,1,835,1,2,1,1.0,3,56162,M,4770160.0,-343633.0,56
201400029870,14,11,1,1135,1,2,1,1.0,3,56121,M,4774953.0,-336595.0,56
201400029871,14,11,1,2150,3,1,1,1.0,7,56083,M,,,56
201400029872,14,11,2,1835,2,2,1,1.0,2,56098,M,4776662.0,-335639.0,56
201400029873,14,11,9,1615,1,2,1,1.0,7,56107,M,4771757.0,-338362.0,56
201400029874,14,11,10,1900,4,1,1,2.0,5,56121,M,4775929.0,-338394.0,56
201400029875,14,11,12,804,1,2,1,1.0,7,56121,M,4774912.0,-339382.0,56
201400029876,14,11,12,1530,1,2,1,2.0,7,56098,M,4776526.0,-334839.0,56
201400029877,14,11,12,1652,1,2,1,3.0,2,56121,M,4776221.0,-336675.0,56
201400029878,14,11,14,750,5,2,1,1.0,7,56098,M,4776734.0,-333944.0,56
201400029879,14,11,14,1842,2,2,1,2.0,3,56098,M,4776536.0,-335852.0,56
201400029880,14,11,15,235,5,2,1,1.0,7,56098,M,4777756.0,-333987.0,56
201400029881,14,11,16,1255,1,2,2,1.0,3,56083,M,4781058.0,-325232.0,56
201400029882,14,11,17,755,1,2,3,1.0,3,56121,M,4774307.0,-338899.0,56
201400029883,14,11,18,1341,1,2,2,1.0,3,56121,M,4775049.0,-336297.0,56
201400029884,14,11,18,1614,1,2,1,1.0,5,56083,M,4779036.0,-327686.0,56
201400029885,14,11,18,1212,1,2,1,1.0,7,56121,M,4776519.0,-337543.0,56
201400029886,14,11,19,920,1,1,1,3.0,7,56162,M,4771641.0,-341287.0,56
201400029887,14,11,19,1630,1,2,1,8.0,7,56121,M,4776940.0,-337421.0,56
201400029888,14,11,19,1845,2,2,2,1.0,3,56121,M,4774398.0,-336377.0,56
201400029889,14,11,21,1805,5,1,1,1.0,7,56121,M,4776383.0,-337923.0,56
201400029890,14,11,28,1535,1,2,1,1.0,7,56121,M,4775320.0,-337707.0,56
201400029891,14,11,30,1850,1,2,2,1.0,3,56098,M,4775617.0,-334060.0,56
201400029892,14,12,2,1840,5,2,1,1.0,7,56098,M,4777329.0,-334744.0,56
201400029893,14,12,3,1735,5,2,1,1.0,7,56121,M,4774798.0,-336503.0,56
201400029894,14,12,5,1715,5,2,1,2.0,7,56121,M,4775027.0,-335906.0,56
201400029895,14,12,5,2025,3,1,1,1.0,7,56083,M,4779663.0,-330056.0,56
201400029896,14,12,8,720,5,1,1,2.0,3,56098,M,4777797.0,-335620.0,56
201400029897,14,12,9,2130,5,2,1,2.0,7,56162,M,4773609.0,-350089.0,56
201400029898,14,12,10,340,3,2,1,2.0,7,56162,M,,,56
201400029899,14,12,10,835,1,2,1,1.0,2,56083,M,4778957.0,-327619.0,56
201400029900,14,12,12,1710,1,1,1,1.0,5,56121,M,4775101.0,-338705.0,56
201400029901,14,12,12,1820,3,1,1,2.0,2,56098,M,,,56
201400029902,14,12,12,2127,3,2,1,1.0,7,56098,M,,,56
201400029903,14,12,12,2055,5,2,1,1.0,3,56121,M,4775224.0,-337060.0,56
201400029904,14,12,15,733,5,2,1,2.0,7,56083,M,,,56
201400029905,14,12,12,1350,1,2,1,1.0,7,56098,M,4775966.0,-333066.0,56
201400029906,14,12,16,800,1,2,1,8.0,7,56121,M,4774816.0,-337460.0,56
201400029907,14,12,17,1615,1,2,1,2.0,3,56083,M,4779062.0,-327630.0,56
201400029908,14,12,18,615,5,2,3,2.0,3,56121,M,4773336.0,-338535.0,56
201400029909,14,12,18,1040,1,2,1,1.0,3,56121,M,4776445.0,-338541.0,56
201400029910,14,12,21,1648,1,2,1,1.0,1,56121,M,4773737.0,-336350.0,56
201400029911,14,12,22,1810,2,2,1,1.0,7,56098,M,,,56
201400029912,14,12,23,1005,1,2,1,1.0,7,56121,M,4774588.0,-336605.0,56
201400029913,14,12,24,1515,1,2,1,2.0,7,56121,M,4775046.0,-336301.0,56
201400029914,14,12,29,1130,1,2,1,7.0,7,56121,M,4774620.0,-339128.0,56
201400029915,14,12,29,1540,1,1,1,1.0,7,56083,M,4779939.0,-325997.0,56
201400029916,14,12,29,1609,1,1,1,1.0,2,56162,M,4772328.0,-348455.0,56
201400029917,14,12,29,1725,1,2,1,1.0,3,56083,M,4780767.0,-328892.0,56
201400029918,14,12,30,715,2,2,1,1.0,3,56098,M,4777440.0,-334667.0,56
201400029919,14,12,31,1725,1,2,1,1.0,3,56162,M,4773671.0,-342651.0,56
201400029920,14,1,23,1244,1,2,1,,6,56083,M,4780982.0,-326716.0,56
201400029921,14,8,5,930,1,1,1,1.0,5,34243,M,0.0,0.0,34
201400029922,14,9,7,1300,1,1,1,1.0,3,34152,M,0.0,0.0,34
201400029923,14,10,9,1300,1,1,1,2.0,3,34042,M,0.0,0.0,34
201400029924,14,10,18,30,3,1,1,1.0,6,34111,M,0.0,0.0,34
201400029925,14,10,23,1200,1,1,1,1.0,6,34042,M,0.0,0.0,34
201400029926,14,12,14,2000,3,1,1,2.0,3,34185,M,0.0,0.0,34
201400029927,14,1,16,2350,5,2,1,2.0,7,56260,M,4766537.0,-275618.0,56
201400029928,14,1,2,840,1,2,6,8.0,6,56260,M,4766265.0,-276209.0,56
201400029929,14,1,17,801,5,2,1,1.0,6,56260,M,,,56
201400029930,14,1,29,1650,1,2,1,1.0,6,56260,M,4766184.0,-278874.0,56
201400029931,14,2,6,1350,1,2,1,2.0,6,56260,M,4766385.0,-276738.0,56
201400029932,14,2,13,1655,1,2,1,1.0,6,56260,M,4764552.0,-277948.0,56
201400029933,14,2,20,1120,1,2,6,2.0,6,56260,M,4766272.0,-276228.0,56
201400029934,14,2,21,1655,1,2,1,1.0,6,56260,M,4766096.0,-278107.0,56
201400029935,14,2,21,1955,5,2,2,1.0,3,56260,M,4767278.0,-276781.0,56
201400029936,14,2,25,1725,1,2,1,1.0,5,56260,M,4766639.0,-275662.0,56
201400029937,14,2,24,1020,1,2,6,1.0,6,56260,M,4765592.0,-279162.0,56
201400029938,14,3,8,1110,1,2,9,1.0,3,56260,M,4765983.0,-279168.0,56
201400029939,14,4,6,1225,1,2,1,1.0,2,56260,M,4765970.0,-271856.0,56
201400029940,14,4,10,1355,1,2,1,1.0,3,56260,M,4764408.0,-277116.0,56
201400029941,14,4,25,110,5,2,1,2.0,1,56260,M,4766089.0,-275448.0,56
201400029942,14,4,30,1745,1,2,2,1.0,6,56260,M,4765627.0,-275968.0,56
201400029943,14,5,27,1355,1,2,2,1.0,6,56260,M,4766018.0,-279052.0,56
201400029944,14,5,30,1635,1,2,1,1.0,6,56260,M,4765370.0,-275945.0,56
201400029945,14,6,3,1720,1,2,1,1.0,2,56260,M,4773966.0,-337992.0,56
201400029946,14,3,14,1800,1,2,3,8.0,3,56260,M,4765109.0,-270559.0,56
201400029947,14,4,29,1830,1,2,1,8.0,6,56260,M,4767534.0,-276450.0,56
201400029948,14,5,9,1545,1,2,3,1.0,6,56260,M,4765774.0,-275989.0,56
201400029949,14,5,17,1030,1,2,6,1.0,3,56260,M,4763989.0,-276947.0,56
201400029950,14,6,11,1248,1,2,3,1.0,6,56260,M,4765948.0,-275035.0,56
201400029951,14,6,21,1,5,2,1,1.0,1,56260,M,4767400.0,-277424.0,56
201400029952,14,6,24,843,1,2,1,1.0,4,56260,M,,,56
201400029953,14,7,5,1145,1,2,9,1.0,3,56260,M,4765921.0,-277477.0,56
201400029954,14,8,22,400,5,2,2,1.0,3,56260,M,4766710.0,-273545.0,56
201400029955,14,9,7,233,5,2,1,1.0,6,56260,M,4766129.0,-275474.0,56
201400029956,14,9,5,1631,1,2,2,1.0,3,56260,M,4766138.0,-275708.0,56
201400029957,14,9,23,1535,1,2,9,1.0,6,56260,M,4765670.0,-276609.0,56
201400029958,14,12,17,2100,5,2,9,1.0,2,56260,M,4766715.0,-273548.0,56
201400029959,14,1,3,2010,5,2,1,8.0,6,56260,M,4766118.0,-275729.0,56
201400029960,14,1,22,1335,1,2,1,1.0,3,56260,M,4765986.0,-279187.0,56
201400029961,14,1,23,1531,1,2,1,1.0,6,56260,M,4765873.0,-276269.0,56
201400029962,14,2,20,1910,5,2,2,1.0,3,56260,M,4765487.0,-278819.0,56
201400029963,14,4,16,856,1,2,1,1.0,2,56260,M,4766281.0,-275045.0,56
201400029964,14,7,18,1815,1,2,1,1.0,3,56260,M,4764154.0,-275576.0,56
201400029965,14,8,13,1310,1,2,2,1.0,3,56260,M,4767639.0,-277284.0,56
201400029966,14,10,21,1410,1,2,1,1.0,6,56260,M,4766588.0,-277061.0,56
201400029967,14,11,10,1045,1,2,9,1.0,6,56260,M,4765846.0,-275509.0,56
201400029968,14,11,22,1035,1,2,1,8.0,3,56260,M,4764634.0,-276344.0,56
201400029969,14,12,19,1530,1,1,1,2.0,2,56260,M,,,56
201400029970,14,12,14,1755,5,2,3,1.0,6,56260,M,4764206.0,-277565.0,56
201400029971,14,12,29,1040,1,2,1,7.0,6,56260,M,4765939.0,-274683.0,56
201400029972,14,1,1,2200,3,1,1,2.0,1,49139,M,4749663.0,-26648.0,49
201400029973,14,2,27,800,2,1,1,3.0,1,49209,M,4761699.0,-19483.0,49
201400029974,14,5,14,1145,1,1,1,1.0,1,33291,M,0.0,0.0,33
201400029975,14,3,15,1045,1,2,1,1.0,1,33327,M,0.0,0.0,33
201400029976,14,7,14,730,2,2,1,1.0,6,33337,M,0.0,0.0,33
201400029977,14,7,29,2030,1,1,1,1.0,1,33355,M,0.0,0.0,33
201400029978,14,12,21,1845,3,1,1,1.0,5,33030,M,0.0,0.0,33
201400029979,14,1,18,2330,5,2,3,1.0,3,57638,M,4920841.0,692820.0,57
201400029980,14,4,4,2245,5,2,1,1.0,6,57227,M,,,57
201400029981,14,3,20,1630,1,2,1,1.0,3,57660,M,,,57
201400029982,14,5,12,1243,1,2,2,1.0,3,57227,M,4919478.0,689288.0,57
201400029983,14,6,6,1708,1,2,1,1.0,6,57227,M,4919198.0,690396.0,57
201400029984,14,7,10,1612,1,2,6,1.0,2,57227,M,,,57
201400029985,14,9,25,2043,5,2,2,1.0,2,57227,M,4918665.0,690250.0,57
201400029986,14,9,22,820,1,2,1,1.0,6,57660,M,4920275.0,693125.0,57
201400029987,14,10,31,1458,1,2,1,1.0,6,57227,M,,,57
201400029988,14,11,30,1350,1,2,2,1.0,3,57227,M,4918805.0,691766.0,57
201400029989,14,12,18,1730,5,2,2,2.0,3,57660,M,4920140.0,693315.0,57
201400029990,14,1,1,30,5,2,1,1.0,6,57240,M,4914859.0,681777.0,57
201400029991,14,1,20,1550,2,1,1,2.0,6,57240,M,4915199.0,678984.0,57
201400029992,14,2,25,1145,1,2,1,1.0,6,57240,M,4914275.0,679906.0,57
201400029993,14,3,2,1635,1,2,4,1.0,2,57240,M,4914908.0,679657.0,57
201400029994,14,4,1,1330,1,2,3,1.0,6,57240,M,4914611.0,680808.0,57
201400029995,14,4,17,835,1,2,1,1.0,6,57240,M,,,57
201400029996,14,5,12,855,1,2,1,1.0,6,57240,M,4914834.0,681727.0,57
201400029997,14,9,18,700,2,1,3,2.0,7,57240,M,,,57
201400029998,14,8,17,2000,1,2,2,1.0,3,57240,M,4914838.0,681857.0,57
201400029999,14,11,14,725,1,2,1,1.0,6,57240,M,4915449.0,680511.0,57
201400030000,14,1,24,1315,1,2,1,1.0,3,57283,M,4925252.0,616948.0,57
201400030001,14,1,28,1214,1,2,1,2.0,3,57143,M,4922989.0,601764.0,57
201400030002,14,2,4,1750,5,2,1,1.0,6,57491,M,4925218.0,604483.0,57
201400030003,14,8,3,120,3,1,1,8.0,7,57019,M,,,57
201400030004,14,9,23,1450,1,2,1,1.0,3,57283,M,4925170.0,617003.0,57
201400030005,14,3,2,225,5,2,1,1.0,6,57019,M,,,57
201400030006,14,4,8,1143,1,1,2,6.0,3,57019,M,,,57
201400030007,14,4,3,1549,1,1,1,1.0,3,57019,M,,,57
201400030008,14,4,25,1114,1,2,1,1.0,6,57591,M,4925454.0,609570.0,57
201400030009,14,5,16,820,1,2,2,1.0,3,57283,M,4924549.0,616435.0,57
201400030010,14,10,24,2045,3,1,1,1.0,6,57591,M,,,57
201400030011,14,1,7,1546,1,2,6,1.0,3,57447,M,4907350.0,614790.0,57
201400030012,14,1,12,43,5,2,2,5.0,6,57463,M,4911548.0,617407.0,57
201400030013,14,1,14,1405,1,2,3,1.0,1,57463,M,4911804.0,618376.0,57
201400030014,14,1,27,745,1,2,3,2.0,3,57463,M,4909570.0,623857.0,57
201400030015,14,1,28,1356,1,2,1,2.0,6,57463,M,4913621.0,616229.0,57
201400030016,14,1,30,2150,5,2,3,1.0,6,57480,M,4909408.0,616996.0,57
201400030017,14,1,31,1209,1,2,1,7.0,6,57463,M,,,57
201400030018,14,2,2,1500,1,2,1,1.0,3,57751,M,4915989.0,615916.0,57
201400030019,14,2,3,815,1,2,1,1.0,6,57751,M,,,57