Num_Acc,an,mois,jour,hrmn,lum,agg,int,atm,col,com,gps,lat,long,dep
201400030020,14,2,7,1155,1,2,1,1.0,6,57463,M,,,57
201400030021,14,2,7,1610,1,2,3,2.0,3,57463,M,4912562.0,618755.0,57
201400030022,14,2,9,1825,5,2,1,2.0,1,57463,M,,,57
201400030023,14,2,12,1345,1,2,1,1.0,4,57463,M,,,57
201400030024,14,2,12,2055,5,2,3,1.0,6,57463,M,4910066.0,617519.0,57
201400030025,14,2,15,1446,1,2,1,1.0,6,57463,M,4912404.0,616476.0,57
201400030026,14,2,17,1700,1,2,1,1.0,6,57480,M,4910642.0,615882.0,57
201400030027,14,2,18,1615,1,2,2,1.0,6,57463,M,4911165.0,617088.0,57
201400030028,14,2,20,1550,1,2,1,1.0,3,57751,M,4914895.0,614360.0,57
201400030029,14,3,1,2025,5,2,3,1.0,3,57463,M,4912288.0,618790.0,57
201400030030,14,3,3,925,1,2,3,8.0,3,57463,M,4911001.0,616721.0,57
201400030031,14,3,3,1211,1,2,1,1.0,6,57480,M,,,57
201400030032,14,3,3,2100,5,2,3,1.0,2,57480,M,4910293.0,615990.0,57
201400030033,14,3,13,940,1,2,1,7.0,2,57463,M,,,57
201400030034,14,3,15,720,1,2,3,1.0,3,57463,M,4910917.0,617499.0,57
201400030035,14,3,15,1140,1,2,1,2.0,6,57463,M,4913615.0,617271.0,57
201400030036,14,3,17,756,1,2,1,1.0,5,57463,M,,,57
201400030037,14,3,20,1020,1,2,3,1.0,3,57463,M,4913564.0,614893.0,57
201400030038,14,3,29,1300,1,2,1,1.0,3,57751,M,,,57
201400030039,14,3,28,1305,1,2,1,1.0,3,57463,M,,,57
201400030040,14,3,29,1435,1,2,1,1.0,6,57463,M,,,57
201400030041,14,3,30,1520,1,2,2,1.0,3,57463,M,4912399.0,618259.0,57
201400030042,14,4,1,115,5,2,9,1.0,6,57463,M,4911916.0,618386.0,57
201400030043,14,4,1,1550,1,2,3,1.0,6,57463,M,4911928.0,617573.0,57
201400030044,14,4,3,1605,1,2,1,1.0,6,57463,M,4910311.0,616786.0,57
201400030045,14,4,11,801,1,2,1,1.0,2,57487,M,4909375.0,613309.0,57
201400030046,14,4,17,2200,5,2,3,1.0,6,57463,M,4913802.0,614713.0,57
201400030047,14,4,19,1555,1,2,1,1.0,1,57412,M,,,57
201400030048,14,4,21,1845,1,2,3,1.0,6,57463,M,4911187.0,617104.0,57
201400030049,14,4,24,1330,1,2,1,1.0,6,57463,M,,,57
201400030050,14,4,24,1825,1,2,1,1.0,6,57480,M,,,57
201400030051,14,4,25,1735,1,2,3,1.0,3,57616,M,4912554.0,619698.0,57
201400030052,14,4,29,2035,1,2,1,1.0,3,57463,M,4910357.0,616504.0,57
201400030053,14,5,2,1015,1,2,3,1.0,6,57480,M,4910507.0,616309.0,57
201400030054,14,5,3,223,5,2,3,1.0,6,57463,M,,,57
201400030055,14,5,5,1825,1,2,1,1.0,6,57463,M,4910170.0,616702.0,57
201400030056,14,5,7,1210,1,2,4,1.0,3,57412,M,4911096.0,616190.0,57
201400030057,14,5,16,1955,1,2,1,1.0,3,57463,M,,,57
201400030058,14,5,18,20,4,2,3,1.0,3,57487,M,4909832.0,611791.0,57
201400030059,14,5,20,740,1,2,3,1.0,2,57412,M,4911056.0,612890.0,57
201400030060,14,5,21,1250,1,2,1,1.0,6,57463,M,4914448.0,616627.0,57
201400030061,14,5,21,2010,1,2,3,1.0,3,57049,M,4912128.0,614988.0,57
201400030062,14,5,22,1720,1,2,3,1.0,6,57480,M,4908618.0,615611.0,57
201400030063,14,5,23,1038,1,2,1,2.0,6,57463,M,4911857.0,620249.0,57
201400030064,14,5,25,1558,1,2,1,1.0,6,57751,M,4915036.0,616350.0,57
201400030065,14,5,30,1610,1,2,2,1.0,3,57463,M,4911273.0,621540.0,57
201400030066,14,6,2,1330,1,2,3,1.0,3,57480,M,4910157.0,614921.0,57
201400030067,14,6,3,1233,1,2,2,1.0,6,57463,M,4910067.0,618858.0,57
201400030068,14,6,8,1920,1,2,3,1.0,3,57463,M,4910052.0,618466.0,57
201400030069,14,6,12,846,1,2,1,1.0,5,57487,M,4909412.0,613573.0,57
201400030070,14,6,18,1040,1,2,1,1.0,3,57463,M,,,57
201400030071,14,6,19,1830,1,2,3,1.0,3,57463,M,4910052.0,618466.0,57
201400030072,14,6,27,1835,1,2,2,1.0,3,57480,M,4909422.0,616263.0,57
201400030073,14,7,11,1442,1,2,3,1.0,3,57480,M,4909726.0,614374.0,57
201400030074,14,7,14,1840,1,2,1,1.0,6,57412,M,,,57
201400030075,14,7,16,2210,5,2,1,1.0,3,57751,M,4914725.0,616130.0,57
201400030076,14,7,18,1320,1,2,1,1.0,3,57463,M,,,57
201400030077,14,7,18,1605,1,2,1,1.0,6,57480,M,4909014.0,614443.0,57
201400030078,14,7,19,216,5,2,1,1.0,6,57463,M,4907779.0,618361.0,57
201400030079,14,7,24,1751,1,2,1,1.0,2,57463,M,,,57
201400030080,14,8,12,740,1,2,3,1.0,3,57463,M,,,57
201400030081,14,8,13,1845,1,2,9,1.0,3,57487,M,,,57
201400030082,14,8,18,714,1,2,6,1.0,3,57751,M,4915046.0,614823.0,57
201400030083,14,8,23,2103,3,2,1,1.0,6,57463,M,4911605.0,620586.0,57
201400030084,14,8,26,1830,1,2,3,2.0,5,57463,M,4912573.0,621660.0,57
201400030085,14,8,29,1934,1,2,3,1.0,1,57463,M,4911264.0,622072.0,57
201400030086,14,8,30,1610,1,2,3,1.0,6,57463,M,4912489.0,616447.0,57
201400030087,14,9,4,1635,1,2,1,1.0,4,57463,M,4912972.0,616514.0,57
201400030088,14,9,12,1505,1,2,1,1.0,6,57463,M,,,57
201400030089,14,9,13,1754,1,2,1,1.0,3,57545,M,4913402.0,613163.0,57
201400030090,14,9,15,1720,1,2,1,1.0,5,57463,M,4911813.0,621769.0,57
201400030091,14,9,26,850,1,2,1,1.0,6,57463,M,,,57
201400030092,14,9,24,1400,1,2,1,1.0,6,57463,M,,,57
201400030093,14,9,27,1410,1,2,1,1.0,2,57447,M,4907752.0,611973.0,57
201400030094,14,9,28,2020,5,2,3,1.0,6,57463,M,4909479.0,622100.0,57
201400030095,14,9,30,1735,1,2,1,1.0,6,57463,M,,,57
201400030096,14,10,1,715,2,2,1,5.0,3,57463,M,4912319.0,618790.0,57
201400030097,14,10,2,1235,1,2,2,1.0,3,57463,M,4912526.0,618062.0,57
201400030098,14,10,3,1410,1,2,6,1.0,6,57447,M,4906431.0,613563.0,57
201400030099,14,10,9,1800,1,2,1,1.0,2,57463,M,,,57
201400030100,14,10,7,1445,1,2,1,1.0,2,57463,M,,,57
201400030101,14,10,10,1935,5,2,3,1.0,3,57480,M,4908799.0,615228.0,57
201400030102,14,10,12,1010,1,2,3,1.0,3,57463,M,,,57
201400030103,14,10,15,1850,5,2,1,3.0,2,57463,M,,,57
201400030104,14,10,16,750,1,2,2,1.0,3,57463,M,4911292.0,618423.0,57
201400030105,14,10,18,1130,1,2,1,1.0,6,57463,M,4910318.0,616517.0,57
201400030106,14,10,23,2310,5,2,3,1.0,3,57480,M,4909207.0,615570.0,57
201400030107,14,10,31,1400,1,2,2,1.0,3,57463,M,4912189.0,621839.0,57
201400030108,14,11,1,1230,1,2,1,1.0,6,57463,M,,,57
201400030109,14,11,1,1610,1,2,1,1.0,3,57642,M,4910719.0,611823.0,57
201400030110,14,11,3,830,1,2,1,8.0,6,57463,M,,,57
201400030111,14,11,6,945,1,2,2,1.0,3,57463,M,4911183.0,617095.0,57
201400030112,14,11,8,2035,5,2,3,1.0,3,57480,M,4909535.0,615843.0,57
201400030113,14,11,15,1954,5,2,3,1.0,3,57751,M,4914584.0,616240.0,57
201400030114,14,11,17,955,1,2,3,1.0,6,57412,M,4911497.0,614034.0,57
201400030115,14,11,17,1035,1,2,4,1.0,7,57463,M,4913610.0,617939.0,57
201400030116,14,11,22,2010,5,2,1,1.0,6,57751,M,,,57
201400030117,14,11,28,2120,1,2,3,1.0,6,57487,M,4909144.0,612587.0,57
201400030118,14,12,3,730,5,2,1,2.0,6,57463,M,4911556.0,617399.0,57
201400030119,14,12,5,1725,5,2,1,1.0,2,57751,M,4915045.0,618197.0,57
201400030120,14,12,7,1425,1,2,1,1.0,5,57447,M,4908627.0,613369.0,57
201400030121,14,12,11,1439,1,2,2,2.0,6,57480,M,4909825.0,616082.0,57
201400030122,14,12,11,1515,1,2,1,3.0,7,57463,M,,,57
201400030123,14,12,12,1333,1,2,6,2.0,1,57463,M,4911008.0,616390.0,57
201400030124,14,12,15,1455,1,2,9,2.0,6,57463,M,4911810.0,617974.0,57
201400030125,14,12,16,1720,5,2,1,2.0,6,57751,M,4915326.0,614428.0,57
201400030126,14,12,17,1840,5,2,1,2.0,6,57463,M,4910561.0,617936.0,57
201400030127,14,12,17,1810,5,2,3,2.0,6,57480,M,4909028.0,616636.0,57
201400030128,14,12,24,1415,1,2,2,1.0,3,57480,M,4909420.0,616263.0,57
201400030129,14,12,27,1825,5,2,6,4.0,6,57487,M,4908159.0,610889.0,57
201400030130,14,1,23,1801,5,2,1,2.0,7,57606,M,4910810.0,671859.0,57
201400030131,14,2,17,1335,1,1,1,1.0,7,57606,M,4909961.0,671478.0,57
201400030132,14,3,18,1215,1,1,6,1.0,2,57606,M,4910640.0,670841.0,57
201400030133,14,4,13,1755,1,1,1,1.0,1,57606,M,4915807.0,676634.0,57
201400030134,14,4,15,1320,1,2,1,1.0,2,57606,M,4910808.0,671532.0,57
201400030135,14,6,14,1415,1,1,1,1.0,7,57606,M,,,57
201400030136,14,6,22,2305,5,2,1,1.0,7,57606,M,4910219.0,671776.0,57
201400030137,14,7,7,2310,5,1,1,2.0,7,57336,M,4915754.0,671282.0,57
201400030138,14,7,11,1005,1,2,1,8.0,7,57336,M,4916267.0,673223.0,57
201400030139,14,1,6,1810,5,2,1,1.0,6,57630,M,,,57
201400030140,14,1,18,2055,5,1,2,1.0,3,57630,M,4874465.0,707130.0,57
201400030141,14,2,16,1931,5,2,1,1.0,6,57630,M,,,57
201400030142,14,3,30,1430,1,2,1,1.0,2,57630,M,4873737.0,705299.0,57
201400030143,14,4,3,750,1,2,1,1.0,6,57630,M,4873739.0,705787.0,57
201400030144,14,4,23,1155,1,2,1,1.0,6,57630,M,4872816.0,702772.0,57
201400030145,14,4,24,725,1,2,1,1.0,6,57630,M,,,57
201400030146,14,5,15,1221,1,2,1,1.0,6,57630,M,4873519.0,705617.0,57
201400030147,14,6,9,1535,1,2,2,1.0,3,57630,M,4873632.0,705265.0,57
201400030148,14,7,19,1020,1,1,1,1.0,7,57119,M,4872098.0,709527.0,57
201400030149,14,7,24,1720,1,2,1,1.0,7,57630,M,4873499.0,704828.0,57
201400030150,14,8,1,1230,1,2,6,1.0,3,57630,M,4871975.0,704646.0,57
201400030151,14,8,27,1716,1,2,1,2.0,3,57630,M,,,57
201400030152,14,10,2,1503,1,2,1,1.0,3,57630,M,,,57
201400030153,14,10,8,1721,1,1,1,1.0,6,57119,M,,,57
201400030154,14,9,2,825,1,2,1,1.0,6,57630,M,4873820.0,705410.0,57
201400030155,14,1,24,1857,5,2,1,1.0,3,57631,M,4910350.0,706262.0,57
201400030156,14,3,4,2040,5,2,1,1.0,3,57631,M,4911146.0,707473.0,57
201400030157,14,7,2,1030,1,1,1,7.0,3,57631,M,,,57
201400030158,14,8,9,1600,1,2,1,1.0,6,57568,M,4908713.0,708232.0,57
201400030159,14,10,18,1543,1,2,1,1.0,2,57631,M,4911472.0,707119.0,57
201400030160,14,11,5,1730,5,2,1,2.0,1,57631,M,,,57
201400030161,14,11,6,900,1,2,1,1.0,6,57631,M,4911355.0,707192.0,57
201400030162,14,1,3,1530,1,2,1,1.0,1,57306,M,4933336.0,605054.0,57
201400030163,14,1,6,1430,1,2,1,1.0,3,57672,M,4935423.0,616252.0,57
201400030164,14,1,7,1530,1,2,1,1.0,6,57672,M,4936148.0,616524.0,57
201400030165,14,1,10,2210,4,1,1,1.0,2,57221,M,4932472.0,613640.0,57
201400030166,14,1,18,1915,5,2,1,1.0,6,57012,M,4934873.0,604185.0,57
201400030167,14,1,28,1130,1,2,1,1.0,6,57757,M,4936095.0,619446.0,57
201400030168,14,1,29,1710,1,2,1,1.0,1,57221,M,,,57
201400030169,14,2,1,1340,1,2,1,1.0,6,57672,M,4936547.0,616808.0,57
201400030170,14,2,10,1815,5,2,1,1.0,6,57221,M,4931852.0,610682.0,57
201400030171,14,2,15,2255,5,2,1,2.0,6,57306,M,4934785.0,605805.0,57
201400030172,14,2,18,1325,1,1,1,1.0,6,57306,M,,,57
201400030173,14,2,28,1010,1,2,1,1.0,6,57672,M,4936638.0,615038.0,57
201400030174,14,3,9,1900,2,2,1,1.0,3,57672,M,4935470.0,611057.0,57
201400030175,14,3,11,1015,1,2,3,1.0,3,57757,M,4935916.0,619083.0,57
201400030176,14,3,20,930,1,2,1,1.0,5,57306,M,4932806.0,606660.0,57
201400030177,14,4,7,1513,1,1,1,1.0,6,57672,M,4935502.0,614259.0,57
201400030178,14,4,5,1907,1,2,1,1.0,3,57757,M,,,57
201400030179,14,4,8,1320,1,2,2,1.0,3,57508,M,4934359.0,605385.0,57
201400030180,14,4,22,700,1,2,1,2.0,7,57672,M,,,57
201400030181,14,4,23,905,1,2,1,1.0,6,57221,M,4932367.0,611875.0,57
201400030182,14,4,25,1515,1,2,1,1.0,6,57306,M,,,57
201400030183,14,4,26,230,5,2,1,1.0,6,57368,M,4934286.0,602300.0,57
201400030184,14,5,13,1730,1,2,1,1.0,3,57672,M,4936896.0,614989.0,57
201400030185,14,5,16,1710,1,2,1,1.0,3,57441,M,,,57
201400030186,14,5,16,1140,1,2,1,1.0,6,57672,M,4935999.0,617092.0,57
201400030187,14,5,22,1950,1,2,1,1.0,3,57666,M,4934658.0,612735.0,57
201400030188,14,5,31,1840,1,2,1,1.0,3,57672,M,4935584.0,616594.0,57
201400030189,14,6,3,1410,1,2,1,1.0,3,57672,M,4935426.0,616031.0,57
201400030190,14,6,5,2055,1,2,1,1.0,1,57672,M,4936184.0,617029.0,57
201400030191,14,6,10,1058,1,2,1,1.0,6,57306,M,4933345.0,607542.0,57
201400030192,14,6,12,2055,1,2,1,1.0,3,57757,M,4935938.0,619283.0,57
201400030193,14,6,21,1835,1,2,1,1.0,6,57306,M,4931308.0,607870.0,57
201400030194,14,6,23,2250,4,2,1,1.0,6,57221,M,4933441.0,613480.0,57
201400030195,14,7,6,2000,1,2,1,1.0,3,57672,M,4937292.0,616739.0,57
201400030196,14,7,8,2350,5,2,1,1.0,3,57306,M,4932598.0,605229.0,57
201400030197,14,7,15,830,1,2,1,1.0,6,57757,M,4935405.0,618105.0,57
201400030198,14,7,19,910,3,2,1,1.0,6,57666,M,4933437.0,613484.0,57
201400030199,14,7,23,1955,1,2,1,1.0,3,57672,M,4935732.0,616153.0,57
201400030200,14,7,27,2015,1,2,1,1.0,6,57012,M,4935911.0,603533.0,57
201400030201,14,8,3,2140,4,2,1,1.0,6,57368,M,4934272.0,602297.0,57
201400030202,14,8,18,2000,1,2,1,1.0,6,57221,M,4931702.0,611310.0,57
201400030203,14,8,29,1915,1,2,1,2.0,3,57672,M,4935791.0,616939.0,57
201400030204,14,9,7,1116,1,2,1,1.0,6,57672,M,4935670.0,615624.0,57
201400030205,14,9,9,1152,1,2,1,1.0,6,57672,M,4935858.0,616393.0,57
201400030206,14,9,9,1210,1,2,1,1.0,6,57672,M,4936411.0,615348.0,57
201400030207,14,9,12,1450,1,1,1,1.0,3,57306,M,,,57
201400030208,14,9,14,2010,2,2,1,1.0,3,57757,M,4934395.0,617705.0,57
201400030209,14,9,20,1800,1,2,1,1.0,3,57368,M,4934038.0,604077.0,57
201400030210,14,9,23,1635,1,2,1,1.0,6,57672,M,4935778.0,613697.0,57
201400030211,14,10,6,1251,1,2,2,1.0,3,57221,M,4931773.0,611303.0,57
201400030212,14,10,15,1918,5,2,2,2.0,3,57757,M,4936273.0,619874.0,57
201400030213,14,10,16,1150,1,2,1,1.0,6,57306,M,,,57
201400030214,14,10,23,1405,1,2,1,1.0,3,57757,M,4935002.0,620267.0,57
201400030215,14,11,4,820,1,2,1,2.0,3,57757,M,4935863.0,618398.0,57
201400030216,14,11,4,1655,5,2,1,2.0,6,57012,M,4936441.0,605118.0,57
201400030217,14,11,8,1335,1,2,1,1.0,6,57672,M,4935636.0,614882.0,57
201400030218,14,11,9,445,5,2,1,1.0,6,57672,M,4935386.0,613277.0,57
201400030219,14,11,19,1800,5,2,1,1.0,6,57306,M,4935186.0,606283.0,57
201400030220,14,11,21,25,5,2,1,1.0,6,57508,M,4934340.0,603727.0,57
201400030221,14,12,2,1805,5,2,1,1.0,3,57757,M,4935019.0,617309.0,57
201400030222,14,12,8,1218,1,1,1,2.0,6,57306,M,,,57
201400030223,14,12,10,800,2,2,1,2.0,6,57672,M,4936093.0,615717.0,57
201400030224,14,12,10,1745,5,2,1,2.0,6,57306,M,4933905.0,607893.0,57
201400030225,14,12,11,1800,5,2,1,2.0,6,57306,M,4933056.0,606289.0,57
201400030226,14,12,16,830,2,2,1,2.0,6,57306,M,4935208.0,605928.0,57
201400030227,14,12,16,1505,1,2,1,2.0,6,57672,M,4936506.0,616533.0,57
201400030228,14,12,19,1725,5,2,1,2.0,6,57757,M,4935533.0,618198.0,57
201400030229,14,12,20,2230,5,2,1,2.0,6,57306,M,4933056.0,606289.0,57
201400030230,14,1,27,1845,5,2,1,3.0,6,33447,M,0.0,0.0,33
201400030231,14,6,17,1115,1,1,1,1.0,1,33001,M,0.0,0.0,33
201400030232,14,8,5,1115,1,2,1,1.0,1,33447,M,0.0,0.0,33
201400030233,14,7,11,830,1,1,1,8.0,6,11288,M,0.0,0.0,11
201400030234,14,9,16,730,1,1,1,8.0,2,11254,M,0.0,0.0,11
201400030235,14,9,17,1715,1,1,1,1.0,3,11099,M,0.0,0.0,11
201400030236,14,9,19,2230,3,1,1,1.0,5,11418,M,4325980.0,202645.0,11
201400030237,14,11,10,1345,1,1,1,1.0,5,11397,M,0.0,0.0,11
201400030238,14,7,23,1200,1,1,1,1.0,1,57341,M,0.0,0.0,57
201400030239,14,1,6,1815,3,1,2,3.0,4,86076,M,0.0,0.0,86
201400030240,14,5,1,1250,1,2,1,2.0,7,58194,M,,,58
201400030241,14,5,6,1020,1,2,1,1.0,7,58194,M,,,58
201400030242,14,5,28,1140,1,2,1,1.0,7,58194,M,,,58
201400030243,14,6,18,1640,1,2,1,1.0,7,58194,M,,,58
201400030244,14,6,29,1135,1,2,1,2.0,7,58194,M,,,58
201400030245,14,7,26,1225,1,2,1,1.0,7,58194,M,,,58
201400030246,14,7,28,1355,1,2,1,2.0,7,58194,M,,,58
201400030247,14,8,6,945,1,2,1,1.0,7,58194,M,,,58
201400030248,14,8,17,1725,1,2,1,1.0,7,58194,M,,,58
201400030249,14,8,20,215,5,2,1,1.0,7,58194,M,,,58
201400030250,14,9,12,1258,1,2,1,1.0,7,58194,M,,,58
201400030251,14,9,17,1645,1,2,1,2.0,7,58194,M,,,58
201400030252,14,9,19,1720,1,2,1,1.0,7,58194,M,,,58
201400030253,14,9,30,730,1,2,1,1.0,7,58194,M,,,58
201400030254,14,10,26,2050,5,2,1,1.0,7,58194,M,,,58
201400030255,14,10,28,1455,1,2,1,1.0,7,58194,M,,,58
201400030256,14,11,5,1650,1,2,1,2.0,7,58194,M,,,58
201400030257,14,11,21,715,2,2,1,1.0,7,58194,M,,,58
201400030258,14,11,24,1750,2,2,1,1.0,7,58194,M,,,58
201400030259,14,11,26,1210,1,2,1,1.0,7,58194,M,,,58
201400030260,14,12,9,5,5,2,1,1.0,7,58194,M,,,58
201400030261,14,1,10,1210,1,2,1,1.0,3,58194,M,,,58
201400030262,14,1,13,1725,2,2,6,1.0,2,58194,M,,,58
201400030263,14,1,17,1555,1,2,3,1.0,3,58194,M,,,58
201400030264,14,1,21,1040,1,2,1,1.0,3,58194,M,,,58
201400030265,14,1,31,1850,5,2,2,1.0,3,58194,M,,,58
201400030266,14,2,3,1210,1,2,3,1.0,3,58194,M,,,58
201400030267,14,2,4,950,1,2,1,1.0,7,58194,M,,,58
201400030268,14,2,8,1040,1,2,1,8.0,6,58194,M,,,58
201400030269,14,2,9,835,1,2,2,2.0,3,58194,M,,,58
201400030270,14,2,10,1545,1,2,1,2.0,2,58194,M,,,58
201400030271,14,2,12,1650,1,2,1,2.0,1,58194,M,,,58
201400030272,14,2,12,1955,5,2,1,2.0,7,58194,M,,,58
201400030273,14,2,14,1850,5,2,3,1.0,3,58194,M,,,58
201400030274,14,2,15,820,1,2,1,1.0,6,58194,M,,,58
201400030275,14,2,21,1540,1,2,1,1.0,6,58194,M,,,58
201400030276,14,2,22,1140,1,2,1,1.0,3,58194,M,,,58
201400030277,14,3,5,750,1,2,1,1.0,6,58194,M,,,58
201400030278,14,3,5,1005,1,2,1,1.0,7,58194,M,,,58
201400030279,14,3,17,1000,1,2,1,1.0,7,58194,M,,,58
201400030280,14,3,14,1225,1,2,1,1.0,2,58194,M,,,58
201400030281,14,3,19,1120,1,2,1,1.0,6,58194,M,,,58
201400030282,14,3,22,10,5,2,3,3.0,3,58194,M,,,58
201400030283,14,3,19,1655,1,2,1,1.0,3,58194,M,,,58
201400030284,14,3,21,1820,1,2,1,1.0,7,58194,M,,,58
201400030285,14,3,26,2120,5,2,1,1.0,3,58194,M,,,58
201400030286,14,3,28,1800,1,2,1,1.0,6,58194,M,,,58
201400030287,14,4,4,1750,1,2,1,3.0,6,58194,M,,,58
201400030288,14,4,10,1110,1,2,1,1.0,2,58194,M,,,58
201400030289,14,4,8,1200,1,2,1,1.0,7,58194,M,,,58
201400030290,14,4,21,1940,2,2,1,1.0,2,58194,M,,,58
201400030291,14,4,23,1250,1,2,3,1.0,3,58194,M,,,58
201400030292,14,4,26,1349,1,2,1,2.0,1,58194,M,,,58
201400030293,14,4,22,820,1,2,1,1.0,7,58194,M,,,58
201400030294,14,4,14,1720,1,2,1,1.0,6,58194,M,,,58
201400030295,14,5,5,1355,1,2,1,1.0,3,58194,M,,,58
201400030296,14,5,9,750,1,2,1,1.0,6,58194,M,,,58
201400030297,14,5,9,1830,1,2,1,1.0,6,58194,M,,,58
201400030298,14,4,25,1930,1,2,3,1.0,3,58194,M,,,58
201400030299,14,5,16,855,1,2,2,1.0,6,58194,M,,,58
201400030300,14,5,17,1740,1,2,3,1.0,3,58194,M,,,58
201400030301,14,5,19,750,1,2,1,1.0,7,58194,M,,,58
201400030302,14,5,8,1250,1,2,1,1.0,6,58194,M,,,58
201400030303,14,5,20,1835,1,2,1,1.0,3,58194,M,,,58
201400030304,14,5,21,1750,1,2,1,1.0,6,58194,M,,,58
201400030305,14,5,23,750,1,2,1,7.0,4,58194,M,,,58
201400030306,14,6,6,1725,1,2,1,1.0,6,58194,M,,,58
201400030307,14,6,12,1605,1,2,1,1.0,6,58194,M,,,58
201400030308,14,6,21,600,2,2,1,1.0,7,58194,M,,,58
201400030309,14,6,23,1335,1,2,1,2.0,3,58194,M,,,58
201400030310,14,6,24,1840,1,2,1,1.0,7,58194,M,,,58
201400030311,14,6,26,755,1,2,1,1.0,7,58194,M,,,58
201400030312,14,6,26,1425,1,2,1,1.0,6,58194,M,,,58
201400030313,14,7,1,1810,1,2,2,1.0,3,58194,M,,,58
201400030314,14,7,3,445,2,2,3,1.0,3,58194,M,,,58
201400030315,14,7,10,1620,1,2,2,1.0,6,58194,M,,,58
201400030316,14,7,31,1110,1,2,2,1.0,3,58194,M,,,58
201400030317,14,8,2,1025,1,2,1,1.0,1,58194,M,,,58
201400030318,14,7,26,140,5,2,3,1.0,2,58194,M,,,58
201400030319,14,8,19,2230,5,2,2,1.0,3,58194,M,,,58
201400030320,14,8,18,1430,1,2,1,1.0,3,58194,M,,,58
201400030321,14,8,21,1735,1,2,1,1.0,2,58194,M,,,58
201400030322,14,8,21,1855,1,2,1,1.0,3,58194,M,,,58
201400030323,14,8,23,535,2,2,1,1.0,3,58194,M,,,58
201400030324,14,8,24,2035,1,2,2,1.0,3,58194,M,,,58
201400030325,14,8,26,745,1,2,1,1.0,3,58194,M,,,58
201400030326,14,9,5,1630,1,2,1,1.0,4,58194,M,,,58
201400030327,14,9,7,1300,1,2,1,1.0,7,58194,M,,,58
201400030328,14,9,9,700,1,2,9,1.0,3,58194,M,,,58
201400030329,14,9,9,1155,1,2,1,1.0,3,58194,M,,,58
201400030330,14,9,11,2050,5,2,2,1.0,3,58194,M,,,58
201400030331,14,9,23,1215,1,2,1,1.0,2,58194,M,,,58
201400030332,14,9,25,1735,1,2,1,1.0,4,58194,M,,,58
201400030333,14,9,27,1520,1,2,2,1.0,3,58194,M,,,58
201400030334,14,9,23,1220,1,2,3,1.0,6,58194,M,,,58
201400030335,14,9,28,1510,1,2,1,1.0,2,58194,M,,,58
201400030336,14,9,29,1430,1,2,6,1.0,4,58194,M,,,58
201400030337,14,9,16,1325,1,2,1,1.0,6,58194,M,,,58
201400030338,14,10,2,1600,1,2,3,1.0,6,58194,M,,,58
201400030339,14,10,6,1240,1,2,1,1.0,7,58194,M,,,58
201400030340,14,10,9,115,5,2,1,1.0,6,58194,M,,,58
201400030341,14,9,28,1955,5,2,1,1.0,2,58194,M,,,58
201400030342,14,10,16,1905,2,2,1,1.0,7,58194,M,,,58
201400030343,14,10,28,955,1,2,2,1.0,3,58194,M,,,58
201400030344,14,10,31,1325,1,2,1,1.0,6,58194,M,,,58
201400030345,14,11,4,2110,4,2,1,2.0,1,58194,M,,,58
201400030346,14,11,7,115,5,2,6,1.0,7,58194,M,,,58
201400030347,14,11,9,1815,5,2,1,2.0,3,58194,M,,,58
201400030348,14,11,11,1425,1,2,1,1.0,2,58194,M,,,58
201400030349,14,11,13,1840,5,2,2,1.0,3,58194,M,,,58
201400030350,14,11,15,1220,1,1,1,1.0,4,58194,M,,,58
201400030351,14,11,15,1715,5,2,1,3.0,6,58194,M,,,58
201400030352,14,11,18,40,5,2,1,2.0,3,58194,M,,,58
201400030353,14,11,22,1850,5,2,2,1.0,2,58194,M,,,58
201400030354,14,12,2,840,1,2,1,2.0,2,58194,M,,,58
201400030355,14,12,8,1600,1,2,2,2.0,3,58194,M,,,58
201400030356,14,12,2,1745,5,2,6,2.0,3,58194,M,,,58
201400030357,14,12,11,1120,1,2,2,1.0,4,58194,M,,,58
201400030358,14,12,17,1625,1,2,2,2.0,3,58194,M,,,58
201400030359,14,12,19,820,1,2,3,2.0,3,58194,M,,,58
201400030360,14,12,21,1755,5,2,1,1.0,6,58194,M,,,58
201400030361,14,12,20,1725,5,2,1,2.0,6,58194,M,,,58
201400030362,14,12,17,1155,1,2,3,2.0,3,58194,M,,,58
201400030363,14,9,27,1515,1,1,1,1.0,1,69133,M,0.0,0.0,69
201400030364,14,1,16,1715,1,2,1,8.0,2,95058,M,4916120.0,228560.0,95
201400030365,14,5,21,1615,1,2,1,1.0,3,95052,M,4914250.0,227990.0,95
201400030366,14,5,24,1615,1,1,1,2.0,1,60139,M,0.0,0.0,60
201400030367,14,7,25,1245,1,1,2,1.0,1,95058,M,4915560.0,229220.0,95
201400030368,14,1,23,700,2,1,1,1.0,1,95116,M,4915940.0,231790.0,95