Num_Acc,an,mois,jour,hrmn,lum,agg,int,atm,col,com,gps,lat,long,dep
201400030369,14,3,20,1145,1,2,1,1.0,6,95487,M,4914930.0,227960.0,95
201400030370,14,3,25,845,1,1,1,1.0,6,95116,M,4915950.0,233230.0,95
201400030371,14,6,1,1845,1,1,1,1.0,1,95487,M,4915450.0,225990.0,95
201400030372,14,6,12,1730,1,1,1,1.0,4,95436,M,4913070.0,225590.0,95
201400030373,14,8,6,2015,1,1,1,1.0,7,95487,M,4914870.0,224850.0,95
201400030374,14,9,18,2300,5,2,1,1.0,1,95052,M,4914360.0,228460.0,95
201400030375,14,11,5,1415,1,2,1,1.0,6,95052,M,4914340.0,228450.0,95
201400030376,14,12,12,1545,1,1,6,6.0,7,95116,M,4915880.0,231470.0,95
201400030377,14,12,23,745,5,2,1,1.0,1,95052,M,4914310.0,228140.0,95
201400030378,14,1,13,1500,1,2,1,7.0,6,95313,M,4910890.0,222240.0,95
201400030379,14,1,17,1500,1,2,6,1.0,3,95313,M,4911930.0,223180.0,95
201400030380,14,1,25,1530,1,2,1,1.0,1,95313,M,4911490.0,221680.0,95
201400030381,14,1,29,1530,1,1,1,1.0,1,95445,M,4910110.0,227540.0,95
201400030382,14,3,3,530,5,2,1,1.0,1,95313,M,4910960.0,222860.0,95
201400030383,14,3,22,45,3,1,1,1.0,6,95504,M,4910180.0,228120.0,95
201400030384,14,4,6,130,3,1,1,1.0,6,95313,M,4909320.0,221040.0,95
201400030385,14,4,27,1100,1,1,1,8.0,6,95313,M,0.0,0.0,95
201400030386,14,7,13,45,3,2,1,2.0,6,95504,M,4911980.0,229110.0,95
201400030387,14,7,15,745,1,1,1,1.0,6,95313,M,0.0,0.0,95
201400030388,14,8,23,1345,1,2,1,3.0,3,95313,M,4910980.0,222770.0,95
201400030389,14,10,10,845,1,2,1,1.0,3,95504,M,4911410.0,228670.0,95
201400030390,14,10,11,1845,1,1,1,1.0,2,95445,M,0.0,0.0,95
201400030391,14,10,16,1130,1,2,1,1.0,6,95313,M,4911280.0,222550.0,95
201400030392,14,11,2,2015,5,2,1,2.0,6,95313,M,4911230.0,221590.0,95
201400030393,14,11,6,1000,1,1,1,1.0,3,95504,M,4910140.0,227710.0,95
201400030394,14,5,27,1045,1,1,1,1.0,6,71239,M,0.0,0.0,71
201400030395,14,6,4,1200,1,2,1,2.0,1,71047,M,4662211.0,377685.0,71
201400030396,14,1,13,1440,1,2,1,1.0,2,59143,M,,,59
201400030397,14,1,25,1810,5,2,5,1.0,3,59017,M,,,59
201400030398,14,2,3,955,1,2,1,8.0,1,59143,M,,,59
201400030399,14,3,13,1825,1,1,3,1.0,3,59431,M,,,59
201400030400,14,3,12,2000,5,2,3,1.0,3,59017,M,,,59
201400030401,14,3,26,540,5,2,3,1.0,3,59017,M,,,59
201400030402,14,4,15,1130,1,1,3,1.0,3,59431,M,,,59
201400030403,14,4,15,1245,1,2,1,1.0,6,59017,M,,,59
201400030404,14,4,11,1755,1,2,3,1.0,4,59017,M,,,59
201400030405,14,4,19,1935,1,1,1,1.0,6,59431,M,,,59
201400030406,14,4,20,10,5,2,1,1.0,1,59143,M,5067299.0,290811.0,59
201400030407,14,5,22,1821,1,2,2,1.0,6,59017,M,,,59
201400030408,14,6,5,1425,1,2,3,1.0,6,59143,M,,,59
201400030409,14,7,4,2120,1,2,1,1.0,6,59317,M,,,59
201400030410,14,7,6,45,5,2,2,1.0,3,59017,M,,,59
201400030411,14,7,11,1730,1,2,3,1.0,6,59017,M,,,59
201400030412,14,8,10,2030,1,2,6,1.0,7,59017,M,,,59
201400030413,14,8,29,2040,2,2,1,1.0,3,59431,M,,,59
201400030414,14,9,6,5,5,1,1,1.0,6,59143,M,,,59
201400030415,14,9,6,850,1,2,3,1.0,3,59017,M,,,59
201400030416,14,9,9,1935,1,2,1,1.0,6,59017,M,,,59
201400030417,14,9,27,1915,1,2,1,1.0,3,59431,M,,,59
201400030418,14,10,2,1220,1,2,2,1.0,3,59017,M,,,59
201400030419,14,10,25,1715,1,2,2,1.0,3,59317,M,,,59
201400030420,14,10,30,1745,5,2,2,1.0,5,59017,M,,,59
201400030421,14,11,1,1235,1,2,1,1.0,6,59143,M,,,59
201400030422,14,11,6,1220,1,1,1,1.0,1,59143,M,,,59
201400030423,14,11,13,1730,5,2,3,1.0,3,59017,M,,,59
201400030424,14,11,3,2042,5,2,7,1.0,6,59017,M,,,59
201400030425,14,11,25,801,1,2,1,1.0,3,59017,M,,,59
201400030426,14,11,20,1220,1,2,1,1.0,6,59017,M,,,59
201400030427,14,12,15,1610,1,2,1,1.0,7,59017,M,,,59
201400030428,14,12,5,1820,1,2,3,1.0,6,59143,M,,,59
201400030429,14,3,25,1600,1,2,1,1.0,6,59041,M,,,59
201400030430,14,4,30,1700,1,2,1,1.0,7,59467,M,,,59
201400030431,14,7,3,1415,1,1,1,2.0,3,59068,M,,,59
201400030432,14,2,22,935,1,2,1,1.0,6,59043,M,,,59
201400030433,14,5,2,1405,1,2,1,1.0,6,59043,M,,,59
201400030434,14,9,12,1830,1,2,3,1.0,6,59043,M,,,59
201400030435,14,10,15,1010,1,1,1,1.0,2,59043,M,,,59
201400030436,14,10,26,400,3,1,9,1.0,6,59043,M,,,59
201400030437,14,12,12,1525,1,2,1,2.0,6,59043,M,,,59
201400030438,14,3,18,1600,1,2,2,1.0,3,59122,M,,,59
201400030439,14,4,6,530,3,1,1,1.0,6,59206,M,,,59
201400030440,14,5,20,735,1,1,1,1.0,6,59206,M,,,59
201400030441,14,4,12,1715,1,2,3,1.0,3,59122,M,,,59
201400030442,14,7,26,1700,1,2,1,1.0,6,59122,M,,,59
201400030443,14,9,4,1720,1,2,1,1.0,7,59122,M,,,59
201400030444,14,10,11,745,2,2,1,2.0,6,59122,M,,,59
201400030445,14,10,17,720,5,2,2,1.0,6,59122,M,,,59
201400030446,14,10,13,1410,1,2,1,1.0,6,59122,M,,,59
201400030447,14,11,4,1755,2,2,3,1.0,1,59122,M,,,59
201400030448,14,12,9,1700,5,2,1,8.0,7,59122,M,,,59
201400030449,14,1,3,1520,1,2,1,1.0,3,59253,M,,,59
201400030450,14,1,1,2240,5,2,1,1.0,6,59153,M,,,59
201400030451,14,1,14,1740,3,1,1,8.0,1,59153,M,,,59
201400030452,14,2,14,810,1,2,6,1.0,3,59153,M,,,59
201400030453,14,2,13,215,3,1,1,1.0,6,59253,M,,,59
201400030454,14,2,28,2045,5,2,1,2.0,3,59153,M,,,59
201400030455,14,4,3,1825,1,2,2,1.0,3,59153,M,,,59
201400030456,14,4,11,2250,5,2,1,1.0,7,59616,M,,,59
201400030457,14,1,2,930,1,2,1,1.0,3,59616,M,,,59
201400030458,14,5,16,1710,1,2,4,1.0,3,59616,M,,,59
201400030459,14,6,8,2215,5,2,1,2.0,6,59591,M,,,59
201400030460,14,7,31,1805,1,2,3,1.0,3,59253,M,,,59
201400030461,14,9,5,2215,5,2,1,1.0,7,59591,M,,,59
201400030462,14,9,20,1810,1,2,3,1.0,3,59153,M,,,59
201400030463,14,9,24,2345,5,2,1,2.0,6,59153,M,,,59
201400030464,14,10,8,1100,1,1,6,3.0,3,59253,M,,,59
201400030465,14,10,14,2325,5,2,1,1.0,6,59153,M,,,59
201400030466,14,11,17,1420,1,2,1,1.0,1,59526,M,,,59
201400030467,14,12,16,1740,5,2,2,1.0,3,59253,M,,,59
201400030468,14,1,21,1240,1,2,3,1.0,3,59172,M,,,59
201400030469,14,2,11,1555,1,2,3,1.0,6,59179,M,,,59
201400030470,14,2,22,1655,1,2,1,1.0,3,59172,M,,,59
201400030471,14,3,27,2015,3,2,1,1.0,2,59179,M,,,59
201400030472,14,2,23,1700,1,2,1,1.0,6,59632,M,,,59
201400030473,14,4,9,830,1,1,9,1.0,3,59288,M,,,59
201400030474,14,5,16,2100,1,2,3,1.0,5,59179,M,,,59
201400030475,14,5,16,2131,1,2,1,1.0,2,59361,M,,,59
201400030476,14,5,21,800,2,2,1,1.0,6,59172,M,,,59
201400030477,14,5,22,1615,1,2,3,1.0,3,59172,M,,,59
201400030478,14,6,4,2004,1,2,3,3.0,3,59205,M,,,59
201400030479,14,3,10,1510,1,1,1,1.0,2,59632,M,,,59
201400030480,14,6,14,740,1,2,3,1.0,3,59205,M,,,59
201400030481,14,6,15,615,2,2,2,1.0,3,59172,M,,,59
201400030482,14,6,16,35,5,2,2,1.0,3,59172,M,,,59
201400030483,14,6,24,1115,1,2,1,1.0,1,59632,M,,,59
201400030484,14,7,14,2205,1,2,9,1.0,6,59172,M,,,59
201400030485,14,8,3,1730,1,2,1,1.0,3,59632,M,,,59
201400030486,14,8,19,1730,1,2,1,1.0,5,59504,M,,,59
201400030487,14,8,21,2340,5,2,1,1.0,7,59361,M,,,59
201400030488,14,9,3,1030,1,2,2,1.0,3,59172,M,,,59
201400030489,14,9,15,1935,1,2,1,1.0,2,59179,M,,,59
201400030490,14,9,1,2120,5,2,1,1.0,6,59651,M,,,59
201400030491,14,10,15,1950,5,2,3,1.0,3,59172,M,,,59
201400030492,14,11,7,1630,1,2,1,1.0,6,59179,M,,,59
201400030493,14,11,28,1620,2,2,1,1.0,6,59172,M,,,59
201400030494,14,12,6,2345,5,2,2,1.0,3,59172,M,,,59
201400030495,14,12,11,1330,1,2,1,2.0,6,59361,M,,,59
201400030496,14,12,25,2120,5,2,1,1.0,6,59172,M,,,59
201400030497,14,1,1,2055,5,2,2,2.0,3,59390,M,,,59
201400030498,14,1,17,503,3,1,9,1.0,4,59165,M,,,59
201400030499,14,2,26,1740,1,1,1,2.0,3,59203,M,,,59
201400030500,14,12,8,755,2,2,1,8.0,1,59156,M,,,59
201400030501,14,3,2,1810,1,2,6,1.0,3,59654,M,,,59
201400030502,14,1,21,1855,5,2,2,1.0,2,59327,M,,,59
201400030503,14,3,18,955,1,2,6,8.0,3,59654,M,,,59
201400030504,14,3,27,1645,1,2,6,1.0,2,59178,M,,,59
201400030505,14,3,31,2155,5,2,1,1.0,1,59024,M,,,59
201400030506,14,3,26,1145,1,2,6,1.0,6,59329,M,,,59
201400030507,14,1,23,1425,1,2,1,2.0,6,59178,M,,,59
201400030508,14,4,6,1800,1,2,1,1.0,7,59486,M,,,59
201400030509,14,3,20,1430,1,2,1,1.0,6,59008,M,,,59
201400030510,14,4,15,1905,1,2,8,7.0,5,59113,M,,,59
201400030511,14,3,7,1640,1,2,4,1.0,6,59239,M,,,59
201400030512,14,4,9,740,1,2,3,7.0,3,59345,M,,,59
201400030513,14,5,5,750,1,2,1,1.0,3,59234,M,,,59
201400030514,14,4,30,1545,1,2,2,7.0,3,59569,M,,,59
201400030515,14,5,16,1955,1,2,3,1.0,3,59170,M,,,59
201400030516,14,6,11,1120,1,2,6,1.0,3,59028,M,,,59
201400030517,14,6,16,140,5,2,1,1.0,6,59314,M,,,59
201400030518,14,5,16,1745,1,2,1,7.0,6,59178,M,,,59
201400030519,14,5,15,900,1,2,1,1.0,6,59178,M,,,59
201400030520,14,5,14,1340,1,1,3,1.0,6,59654,M,,,59
201400030521,14,5,7,1245,1,2,3,1.0,3,59008,M,,,59
201400030522,14,5,15,1930,1,1,1,1.0,7,59390,M,,,59
201400030523,14,6,29,1315,1,1,1,2.0,5,59574,M,,,59
201400030524,14,7,6,25,5,2,1,1.0,6,59314,M,,,59
201400030525,14,6,12,1205,1,2,1,1.0,2,59654,M,,,59
201400030526,14,7,12,545,2,2,1,1.0,1,59390,M,,,59
201400030527,14,7,14,50,5,1,1,1.0,7,59375,M,,,59
201400030528,14,7,20,510,3,2,1,1.0,2,59569,M,,,59
201400030529,14,6,25,1150,1,2,1,1.0,6,59178,M,,,59
201400030530,14,6,27,1015,1,2,1,1.0,6,59178,M,,,59
201400030531,14,7,10,1220,1,2,1,1.0,6,59178,M,,,59
201400030532,14,7,29,1215,1,2,6,1.0,3,59178,M,,,59
201400030533,14,8,12,930,1,1,6,1.0,3,59156,M,,,59
201400030534,14,8,26,1820,1,2,1,1.0,7,59178,M,,,59
201400030535,14,8,31,1240,1,2,1,1.0,6,59008,M,,,59
201400030536,14,9,7,1825,1,1,1,1.0,1,59239,M,,,59
201400030537,14,9,11,1940,2,1,1,1.0,1,59329,M,,,59
201400030538,14,8,27,1445,1,2,1,1.0,6,59569,M,,,59
201400030539,14,9,4,755,1,2,1,1.0,6,59314,M,,,59
201400030540,14,8,20,1345,1,2,1,1.0,6,59486,M,,,59
201400030541,14,10,4,1700,1,1,6,1.0,3,59170,M,,,59
201400030542,14,10,8,1320,1,1,1,1.0,6,59574,M,,,59
201400030543,14,11,16,100,5,2,1,1.0,6,59345,M,,,59
201400030544,14,10,7,1730,1,2,1,1.0,6,59178,M,,,59
201400030545,14,10,5,1245,1,2,3,1.0,5,59178,M,,,59
201400030546,14,10,7,830,1,2,3,3.0,6,59569,M,,,59
201400030547,14,12,8,1720,3,1,1,2.0,6,59329,M,,,59
201400030548,14,12,13,1300,1,1,1,1.0,1,59569,M,,,59
201400030549,14,11,10,830,1,2,1,1.0,6,59008,M,,,59
201400030550,14,1,2,915,1,2,2,1.0,3,59183,M,,,59
201400030551,14,1,8,800,5,2,9,1.0,6,59183,M,,,59
201400030552,14,1,11,1830,5,1,9,1.0,2,59271,M,,,59
201400030553,14,1,16,1215,1,1,3,1.0,3,59588,M,,,59
201400030554,14,1,20,740,3,1,9,1.0,1,59588,M,,,59
201400030555,14,1,25,1315,1,2,1,1.0,6,59540,M,,,59
201400030556,14,2,1,30,5,2,3,3.0,3,59183,M,,,59
201400030557,14,2,1,1415,1,2,9,1.0,6,59540,M,,,59
201400030558,14,2,3,850,1,2,2,9.0,6,59271,M,,,59
201400030559,14,2,4,1030,1,2,1,1.0,6,59183,M,,,59
201400030560,14,2,15,1145,1,2,2,6.0,3,59183,M,,,59
201400030561,14,2,18,1027,1,2,1,2.0,6,59183,M,,,59
201400030562,14,1,31,830,1,2,1,1.0,7,59183,M,,,59
201400030563,14,2,23,1720,1,2,2,1.0,3,59183,M,,,59
201400030564,14,3,4,1625,1,2,9,7.0,6,59271,M,,,59
201400030565,14,3,5,1615,1,2,1,1.0,3,59155,M,,,59
201400030566,14,3,9,1130,1,2,3,1.0,3,59271,M,,,59
201400030567,14,3,14,1810,1,2,1,1.0,6,59183,M,,,59
201400030568,14,3,16,630,2,1,1,8.0,6,59183,M,,,59
201400030569,14,3,13,1105,1,2,1,1.0,6,59540,M,,,59
201400030570,14,3,19,1530,1,2,1,7.0,6,59248,M,,,59
201400030571,14,3,20,110,5,2,1,1.0,6,59273,M,,,59
201400030572,14,4,3,1110,1,2,2,1.0,3,59183,M,,,59
201400030573,14,4,12,100,3,1,1,1.0,7,59271,M,,,59
201400030574,14,4,13,330,5,2,1,1.0,6,59183,M,,,59
201400030575,14,4,13,2205,5,2,1,1.0,2,59183,M,,,59
201400030576,14,4,18,655,1,2,1,1.0,1,59183,M,,,59
201400030577,14,4,18,1640,1,2,3,1.0,6,59271,M,,,59
201400030578,14,4,26,1230,1,2,2,2.0,3,59271,M,,,59
201400030579,14,4,24,1415,1,2,1,1.0,6,59183,M,,,59
201400030580,14,5,8,900,1,2,9,2.0,2,59183,M,,,59
201400030581,14,5,14,1815,1,2,3,1.0,3,59183,M,,,59
201400030582,14,5,8,1810,1,2,3,2.0,3,59183,M,,,59
201400030583,14,6,1,1910,1,2,2,1.0,1,59183,M,,,59
201400030584,14,6,2,840,1,2,6,1.0,6,59183,M,,,59
201400030585,14,6,9,2120,1,1,1,1.0,7,59359,M,,,59
201400030586,14,6,14,1340,1,2,2,1.0,3,59273,M,,,59
201400030587,14,6,11,1335,1,2,2,1.0,3,59272,M,,,59
201400030588,14,6,21,1130,1,2,1,1.0,6,59272,M,,,59
201400030589,14,6,24,1925,1,2,1,1.0,6,59183,M,,,59
201400030590,14,7,19,130,5,2,1,2.0,6,59183,M,,,59
201400030591,14,7,30,1915,1,2,1,1.0,6,59183,M,,,59
201400030592,14,8,2,20,5,2,9,1.0,6,59183,M,,,59
201400030593,14,8,2,1425,1,2,1,1.0,6,59588,M,,,59
201400030594,14,8,11,1650,1,2,2,1.0,3,59183,M,,,59
201400030595,14,8,12,2110,1,2,1,1.0,7,59183,M,,,59
201400030596,14,8,14,2225,4,2,1,2.0,2,59155,M,,,59
201400030597,14,8,16,1240,1,2,1,1.0,6,59183,M,,,59
201400030598,14,9,6,500,5,1,3,1.0,3,59155,M,,,59
201400030599,14,8,23,910,1,2,9,1.0,6,59183,M,,,59
201400030600,14,8,16,1650,1,2,1,1.0,6,59271,M,,,59
201400030601,14,10,3,1145,1,2,9,1.0,6,59183,M,,,59
201400030602,14,10,3,1730,1,1,9,1.0,3,59183,M,,,59
201400030603,14,10,6,1335,1,2,3,1.0,3,59183,M,,,59
201400030604,14,10,12,935,1,2,2,1.0,3,59183,M,,,59
201400030605,14,10,12,2130,5,2,2,3.0,3,59155,M,,,59
201400030606,14,3,21,2130,5,2,2,3.0,3,59155,M,,,59
201400030607,14,10,8,1735,1,2,1,1.0,6,59183,M,,,59
201400030608,14,10,19,1730,1,2,9,1.0,2,59540,M,,,59
201400030609,14,10,17,1945,4,1,1,1.0,6,59155,M,,,59
201400030610,14,10,29,2155,5,2,2,1.0,3,59183,M,,,59
201400030611,14,11,1,1910,5,2,9,1.0,6,59183,M,,,59
201400030612,14,11,5,910,1,2,6,1.0,3,59131,M,,,59
201400030613,14,11,23,50,5,2,9,2.0,6,59183,M,,,59
201400030614,14,11,25,655,5,2,6,1.0,6,59183,M,,,59
201400030615,14,12,7,2010,5,2,2,1.0,3,59183,M,,,59
201400030616,14,12,6,1910,5,2,1,1.0,6,59273,M,,,59
201400030617,14,12,15,2105,5,2,2,1.0,3,59183,M,,,59
201400030618,14,12,19,2110,5,2,1,1.0,2,59272,M,,,59
201400030619,14,12,19,2345,5,2,1,1.0,2,59183,M,,,59
201400030620,14,12,24,1250,1,1,1,2.0,5,59588,M,,,59
201400030621,14,12,30,1205,1,2,1,1.0,6,59183,M,,,59
201400030622,14,4,4,30,5,2,1,1.0,7,59295,M,,,59
201400030623,14,4,6,920,1,2,1,1.0,6,59295,M,,,59
201400030624,14,4,14,2050,3,1,1,1.0,5,59295,M,,,59
201400030625,14,8,1,1205,1,1,1,1.0,5,59295,M,5069826.0,255698.0,59
201400030626,14,12,26,1900,5,2,1,1.0,3,59295,M,,,59
201400030627,14,2,7,800,2,2,1,6.0,3,59324,M,,,59
201400030628,14,4,19,730,1,2,1,1.0,6,59324,M,,,59
201400030629,14,7,18,810,1,2,1,1.0,3,59324,M,,,59
201400030630,14,7,24,1835,1,1,1,1.0,6,59104,M,,,59
201400030631,14,9,3,2200,5,1,1,1.0,6,59324,M,,,59
201400030632,14,1,3,1600,2,2,2,3.0,6,59350,M,,,59
201400030633,14,1,8,1020,1,2,2,1.0,2,59350,M,,,59
201400030634,14,1,13,1115,1,2,2,1.0,3,59378,M,,,59
201400030635,14,1,17,300,5,2,2,1.0,6,59527,M,,,59
201400030636,14,1,17,715,2,2,2,1.0,3,59350,M,,,59
201400030637,14,1,16,1220,1,2,2,1.0,6,59350,M,,,59
201400030638,14,1,13,1630,1,2,2,1.0,6,59350,M,,,59
201400030639,14,1,9,1725,5,2,2,1.0,7,59560,M,,,59
201400030640,14,1,9,1645,1,2,2,1.0,3,59368,M,,,59
201400030641,14,1,21,1215,1,2,2,8.0,6,59350,M,,,59
201400030642,14,1,26,155,5,2,4,1.0,2,59527,M,,,59
201400030643,14,1,27,1910,5,2,7,2.0,6,59350,M,,,59
201400030644,14,1,21,2110,5,2,3,1.0,6,59350,M,,,59
201400030645,14,1,16,1340,1,2,4,2.0,3,59360,M,,,59
201400030646,14,1,23,1230,1,2,2,1.0,3,59368,M,,,59
201400030647,14,2,9,650,5,2,2,1.0,3,59350,M,,,59
201400030648,14,1,26,735,2,2,2,1.0,3,59350,M,,,59
201400030649,14,2,8,2020,5,2,2,1.0,1,59350,M,,,59
201400030650,14,1,30,1935,5,2,1,1.0,6,59350,M,,,59
201400030651,14,1,21,750,2,2,3,5.0,6,59350,M,,,59
201400030652,14,2,10,1510,1,2,3,1.0,6,59350,M,,,59
201400030653,14,1,31,1130,1,2,2,1.0,6,59350,M,,,59
201400030654,14,1,24,1030,1,2,2,1.0,6,59350,M,5064210.0,309261.0,59
201400030655,14,2,8,905,1,2,2,8.0,3,59350,M,,,59
201400030656,14,2,3,1625,1,2,4,1.0,3,59350,M,,,59
201400030657,14,2,12,1230,1,2,1,1.0,6,59009,M,,,59
201400030658,14,1,19,2050,5,2,2,1.0,6,59368,M,,,59
201400030659,14,2,8,2340,5,2,5,2.0,6,59350,M,,,59
201400030660,14,1,28,1320,1,2,2,2.0,6,59328,M,,,59
201400030661,14,2,12,1030,1,2,2,7.0,3,59350,M,,,59
201400030662,14,2,11,1725,2,2,2,8.0,6,59350,M,,,59
201400030663,14,2,19,1600,1,2,1,7.0,1,59220,M,,,59
201400030664,14,2,13,1940,5,2,5,1.0,6,59378,M,,,59
201400030665,14,2,19,1705,1,2,1,1.0,3,59350,M,,,59
201400030666,14,2,16,2050,5,2,2,1.0,6,59350,M,,,59
201400030667,14,2,21,15,4,2,2,2.0,3,59350,M,,,59
201400030668,14,2,24,1510,1,2,2,8.0,6,59350,M,5064739.0,306071.0,59
201400030669,14,2,22,2100,5,1,1,1.0,6,59457,M,5067177.0,295571.0,59
201400030670,14,2,19,1205,1,2,9,1.0,7,59009,M,,,59
201400030671,14,2,19,1300,1,2,1,1.0,2,59328,M,5064461.0,303194.0,59
201400030672,14,2,22,630,5,2,1,1.0,6,59350,M,,,59
201400030673,14,2,5,2140,5,2,2,1.0,3,59350,M,,,59
201400030674,14,2,28,1500,1,2,6,2.0,6,59350,M,,,59
201400030675,14,2,25,1905,5,2,6,1.0,6,59009,M,,,59
201400030676,14,3,9,1845,2,2,3,1.0,3,59350,M,,,59
201400030677,14,3,4,1340,1,2,2,1.0,3,59350,M,,,59
201400030678,14,3,2,1005,1,2,3,1.0,6,59350,M,,,59
201400030679,14,2,26,1200,1,2,2,1.0,6,59286,M,,,59
201400030680,14,2,25,1820,2,2,2,3.0,6,59328,M,,,59
201400030681,14,3,20,1010,1,2,2,1.0,6,59360,M,,,59
201400030682,14,3,20,740,1,2,1,1.0,5,59470,M,,,59
201400030683,14,3,22,1345,1,2,9,1.0,3,59350,M,,,59
201400030684,14,3,26,1355,1,2,2,1.0,3,59350,M,,,59
201400030685,14,3,23,2130,5,2,2,1.0,3,59350,M,,,59
201400030686,14,3,27,1454,1,2,3,1.0,7,59350,M,,,59
201400030687,14,4,1,1355,1,2,1,7.0,6,59350,M,,,59
201400030688,14,3,30,700,2,2,2,1.0,6,59350,M,,,59
201400030689,14,4,3,1050,1,2,2,1.0,3,59350,M,,,59
201400030690,14,4,3,1145,1,2,2,1.0,5,59350,M,,,59
201400030691,14,4,5,1045,1,2,2,1.0,3,59009,M,,,59
201400030692,14,4,5,1837,1,2,9,1.0,5,59286,M,,,59
201400030693,14,4,1,2240,5,2,1,1.0,2,59527,M,,,59
201400030694,14,4,5,2110,3,2,1,1.0,7,59636,M,,,59
201400030695,14,3,22,125,5,2,1,1.0,6,59350,M,,,59
201400030696,14,4,10,2030,1,2,1,1.0,6,59193,M,,,59
201400030697,14,4,14,1635,1,2,1,1.0,7,59316,M,,,59
201400030698,14,3,29,1945,5,2,2,1.0,3,59378,M,,,59
201400030699,14,4,1,1730,1,2,3,1.0,2,59527,M,,,59
201400030700,14,4,15,1915,1,2,3,1.0,6,59350,M,,,59
201400030701,14,4,25,615,2,2,3,1.0,3,59350,M,,,59
201400030702,14,4,17,1540,1,1,9,1.0,3,59193,M,,,59
201400030703,14,4,25,2340,4,2,1,1.0,3,59350,M,,,59
201400030704,14,4,17,1950,1,2,2,1.0,1,59350,M,,,59
201400030705,14,4,18,2100,5,2,2,1.0,3,59009,M,,,59
201400030706,14,4,25,1055,1,2,2,1.0,7,59360,M,,,59
201400030707,14,4,30,1800,1,2,2,1.0,6,59350,M,,,59
201400030708,14,5,5,1820,1,2,1,1.0,6,59328,M,,,59
201400030709,14,5,7,1855,1,2,1,1.0,7,59350,M,,,59
201400030710,14,5,9,1118,1,2,1,1.0,2,59360,M,,,59
201400030711,14,5,6,1415,1,2,1,1.0,6,59350,M,,,59
201400030712,14,5,10,1210,1,1,9,1.0,1,59560,M,,,59
201400030713,14,5,7,2250,5,2,1,1.0,6,59009,M,,,59
201400030714,14,5,13,1405,1,2,1,2.0,5,59350,M,,,59
201400030715,14,5,5,1330,1,2,2,1.0,3,59648,M,,,59
201400030716,14,5,14,1015,1,2,2,1.0,3,59350,M,,,59
201400030717,14,5,12,1550,1,2,1,1.0,6,59350,M,,,59
201400030718,14,5,5,1605,1,2,9,1.0,7,59009,M,,,59
201400030719,14,5,19,1920,1,2,3,1.0,1,59527,M,,,59
201400030720,14,5,19,1225,1,2,2,1.0,3,59328,M,,,59
201400030721,14,5,20,1805,1,2,3,1.0,7,59378,M,,,59
201400030722,14,5,22,1510,1,2,1,1.0,7,59009,M,,,59
201400030723,14,5,24,1420,1,1,9,1.0,7,59470,M,,,59
201400030724,14,5,18,400,5,2,2,1.0,2,59328,M,,,59
201400030725,14,5,27,1755,1,2,1,1.0,1,59648,M,,,59
201400030726,14,5,31,455,2,2,3,1.0,3,59350,M,,,59
201400030727,14,5,31,330,5,2,1,1.0,6,59350,M,,,59
201400030728,14,5,23,1445,1,2,2,1.0,3,59009,M,,,59
201400030729,14,5,29,2030,1,2,2,1.0,3,59350,M,,,59
201400030730,14,5,30,2020,1,2,9,1.0,3,59386,M,,,59
201400030731,14,6,9,1834,1,2,1,1.0,1,59356,M,,,59
201400030732,14,5,30,1640,1,2,1,1.0,6,59220,M,,,59
201400030733,14,6,2,1300,1,2,2,1.0,5,59009,M,,,59
201400030734,14,6,5,820,1,2,1,1.0,2,59378,M,,,59
201400030735,14,6,6,1345,1,2,1,1.0,4,59328,M,,,59
201400030736,14,6,7,1540,1,2,2,1.0,3,59560,M,,,59
201400030737,14,6,8,1230,1,2,1,1.0,7,59350,M,,,59
201400030738,14,6,11,1855,1,2,1,1.0,3,59350,M,,,59
201400030739,14,6,4,1,5,2,4,9.0,6,59350,M,,,59
201400030740,14,6,14,1115,1,2,9,1.0,6,59350,M,,,59
201400030741,14,6,14,2035,1,2,4,1.0,1,59378,M,,,59
201400030742,14,6,14,1800,1,2,1,1.0,6,59527,M,,,59
201400030743,14,6,10,2105,2,2,1,1.0,1,59368,M,,,59
201400030744,14,6,4,1045,1,2,9,2.0,7,59350,M,,,59
201400030745,14,6,10,910,1,2,2,1.0,7,59378,M,,,59
201400030746,14,6,17,1100,1,2,2,1.0,6,59378,M,,,59
201400030747,14,6,17,1643,1,2,1,1.0,6,59457,M,,,59
201400030748,14,6,17,1645,1,2,6,1.0,6,59350,M,,,59
201400030749,14,6,17,1440,1,1,1,1.0,6,59350,M,,,59
201400030750,14,6,8,200,5,2,1,1.0,2,59356,M,,,59
201400030751,14,6,20,1029,1,2,1,1.0,6,59350,M,,,59
201400030752,14,6,22,220,5,2,1,1.0,6,59350,M,,,59
201400030753,14,6,16,2220,1,2,2,1.0,3,59350,M,,,59
201400030754,14,6,24,1300,1,2,1,1.0,3,59009,M,,,59
201400030755,14,6,25,1600,1,2,9,1.0,3,59350,M,,,59
201400030756,14,6,23,840,1,2,2,1.0,3,59350,M,,,59
201400030757,14,6,21,1455,1,2,9,1.0,1,59009,M,,,59
201400030758,14,6,20,45,5,2,1,1.0,6,59350,M,,,59
201400030759,14,6,28,1130,1,2,2,1.0,3,59350,M,,,59
201400030760,14,6,22,1330,1,2,1,1.0,6,59350,M,,,59
201400030761,14,6,28,1600,1,2,1,1.0,6,59566,M,,,59
201400030762,14,6,27,200,5,2,1,1.0,6,59350,M,,,59
201400030763,14,6,29,1750,1,2,2,1.0,3,59009,M,,,59
201400030764,14,6,27,1735,1,2,2,2.0,3,59350,M,,,59
201400030765,14,6,24,2000,2,2,2,1.0,3,59350,M,,,59
201400030766,14,6,30,2300,3,2,1,1.0,6,59636,M,,,59