Num_Acc,an,mois,jour,hrmn,lum,agg,int,atm,col,com,gps,lat,long,dep
201400030767,14,7,7,1500,1,2,1,1.0,6,59507,M,,,59
201400030768,14,7,1,735,1,2,6,1.0,3,59328,M,,,59
201400030769,14,7,2,2300,5,2,9,1.0,7,59350,M,,,59
201400030770,14,7,2,2200,1,2,1,1.0,6,59360,M,,,59
201400030771,14,7,4,2110,1,2,1,1.0,6,59378,M,,,59
201400030772,14,7,9,1825,1,2,1,2.0,6,59350,M,,,59
201400030773,14,6,22,1950,1,2,3,1.0,6,59360,M,,,59
201400030774,14,8,17,1950,1,2,1,1.0,6,59350,M,,,59
201400030775,14,7,11,300,3,2,3,3.0,6,59350,M,,,59
201400030776,14,7,15,1350,1,2,1,8.0,1,59346,M,,,59
201400030777,14,7,11,2205,5,2,9,1.0,6,59350,M,,,59
201400030778,14,5,28,1835,1,2,3,7.0,6,59350,M,,,59
201400030779,14,6,26,1025,1,2,2,1.0,3,59350,M,,,59
201400030780,14,6,27,110,5,1,6,1.0,6,59378,M,,,59
201400030781,14,7,6,1725,1,2,9,1.0,3,59360,M,,,59
201400030782,14,7,8,1150,1,2,1,1.0,2,59527,M,,,59
201400030783,14,7,16,1336,1,2,1,1.0,6,59360,M,,,59
201400030784,14,7,16,1040,1,2,5,1.0,5,59350,M,,,59
201400030785,14,7,13,2115,1,2,1,1.0,7,59350,M,,,59
201400030786,14,7,2,1645,1,2,3,1.0,3,59009,M,,,59
201400030787,14,7,16,1010,1,2,1,1.0,6,59350,M,,,59
201400030788,14,7,16,1620,1,2,6,7.0,2,59350,M,,,59
201400030789,14,7,9,1215,1,2,3,2.0,6,59368,M,,,59
201400030790,14,7,21,630,2,2,9,1.0,5,59350,M,,,59
201400030791,14,7,23,1300,1,2,1,1.0,6,59009,M,,,59
201400030792,14,5,20,1915,1,2,1,2.0,6,59350,M,,,59
201400030793,14,7,25,1630,1,2,3,1.0,5,59350,M,,,59
201400030794,14,7,27,1040,1,2,1,1.0,6,59350,M,,,59
201400030795,14,7,22,1250,1,2,9,1.0,3,59350,M,,,59
201400030796,14,7,22,1715,1,2,1,1.0,6,59350,M,,,59
201400030797,14,7,23,1345,1,2,1,1.0,3,59378,M,,,59
201400030798,14,7,30,2105,5,2,2,1.0,3,59368,M,,,59
201400030799,14,8,2,1720,1,2,1,1.0,6,59368,M,,,59
201400030800,14,8,26,1100,1,2,3,2.0,3,59350,M,,,59
201400030801,14,5,30,1752,1,2,1,1.0,6,59560,M,,,59
201400030802,14,8,4,2352,4,2,1,1.0,6,59350,M,,,59
201400030803,14,8,10,1540,1,2,9,3.0,3,59350,M,,,59
201400030804,14,7,25,1250,1,2,3,1.0,6,59009,M,,,59
201400030805,14,8,7,2050,1,2,1,1.0,7,59560,M,,,59
201400030806,14,8,18,800,1,2,1,1.0,7,59378,M,,,59
201400030807,14,7,2,1950,1,2,1,1.0,6,59193,M,,,59
201400030808,14,8,8,1425,1,2,2,2.0,3,59350,M,,,59
201400030809,14,8,20,1430,1,2,3,1.0,3,59328,M,,,59
201400030810,14,7,24,1735,1,2,2,1.0,3,59350,M,,,59
201400030811,14,8,28,1217,1,2,1,1.0,5,59350,M,,,59
201400030812,14,9,3,2200,5,2,3,1.0,2,59410,M,,,59
201400030813,14,9,8,1730,1,2,2,1.0,6,59527,M,,,59
201400030814,14,9,19,2140,5,2,1,1.0,1,59343,M,,,59
201400030815,14,9,28,615,5,2,9,1.0,6,59350,M,,,59
201400030816,14,9,26,1154,1,2,3,1.0,3,59350,M,,,59
201400030817,14,9,27,1430,1,2,1,1.0,4,59360,M,,,59
201400030818,14,9,17,810,1,2,1,1.0,3,59009,M,,,59
201400030819,14,9,24,1025,1,2,4,2.0,6,59009,M,,,59
201400030820,14,9,26,1320,1,2,9,1.0,3,59220,M,,,59
201400030821,14,9,30,1430,1,2,1,1.0,6,59009,M,,,59
201400030822,14,9,13,2110,5,2,1,1.0,6,59350,M,,,59
201400030823,14,9,27,1100,1,2,1,1.0,3,59360,M,,,59
201400030824,14,9,17,1630,1,2,2,1.0,3,59350,M,,,59
201400030825,14,9,19,745,1,2,1,1.0,3,59350,M,,,59
201400030826,14,10,8,1615,1,2,1,1.0,6,59009,M,,,59
201400030827,14,10,2,840,1,2,9,1.0,6,59350,M,,,59
201400030828,14,10,2,1040,1,2,1,1.0,3,59560,M,,,59
201400030829,14,10,5,2000,5,2,1,1.0,3,59378,M,,,59
201400030830,14,10,3,805,1,2,1,1.0,6,59350,M,,,59
201400030831,14,10,2,2020,2,2,1,1.0,7,59350,M,,,59
201400030832,14,10,4,1230,1,2,2,1.0,7,59368,M,,,59
201400030833,14,10,12,1435,1,2,2,9.0,4,59350,M,,,59
201400030834,14,10,13,1540,1,2,1,1.0,6,59350,M,,,59
201400030835,14,10,11,1555,1,2,3,1.0,3,59350,M,,,59
201400030836,14,9,25,925,1,2,1,1.0,2,59350,M,,,59
201400030837,14,10,6,1800,1,2,1,8.0,6,59350,M,,,59
201400030838,14,10,4,1500,1,2,1,9.0,3,59350,M,,,59
201400030839,14,10,21,2040,3,2,1,9.0,5,59507,M,,,59
201400030840,14,10,21,800,2,2,1,1.0,5,59009,M,,,59
201400030841,14,10,23,1720,1,2,2,1.0,3,59350,M,,,59
201400030842,14,10,27,1000,1,2,1,1.0,6,59350,M,,,59
201400030843,14,10,28,1710,1,2,9,1.0,1,59009,M,,,59
201400030844,14,11,1,2030,5,2,1,1.0,7,59009,M,,,59
201400030845,14,10,26,1505,1,2,9,1.0,3,59009,M,,,59
201400030846,14,10,31,1225,1,2,2,1.0,6,59410,M,,,59
201400030847,14,10,31,1900,5,2,2,1.0,7,59350,M,,,59
201400030848,14,11,5,830,1,2,1,7.0,6,59585,M,,,59
201400030849,14,11,3,2130,5,2,1,2.0,6,59350,M,,,59
201400030850,14,11,6,1020,1,2,1,1.0,6,59560,M,,,59
201400030851,14,11,6,2350,5,2,2,1.0,6,59350,M,,,59
201400030852,14,11,1,1130,1,2,2,1.0,3,59350,M,,,59
201400030853,14,11,6,1620,1,2,1,1.0,6,59350,M,,,59
201400030854,14,11,5,830,1,2,1,1.0,6,59360,M,,,59
201400030855,14,11,3,1335,1,2,1,1.0,6,59560,M,,,59
201400030856,14,11,10,800,1,2,1,1.0,6,59350,M,,,59
201400030857,14,11,10,1050,1,2,1,1.0,3,59328,M,,,59
201400030858,14,10,30,1920,1,2,2,1.0,3,59350,M,,,59
201400030859,14,10,31,1620,1,2,6,1.0,7,59356,M,,,59
201400030860,14,10,21,750,2,2,1,8.0,6,59350,M,,,59
201400030861,14,11,11,1420,1,2,4,1.0,6,59350,M,,,59
201400030862,14,11,12,1135,1,2,1,1.0,6,59350,M,,,59
201400030863,14,11,12,815,1,2,2,1.0,1,59350,M,,,59
201400030864,14,11,15,1454,1,1,1,1.0,3,59009,M,,,59
201400030865,14,11,16,330,5,2,1,1.0,6,59350,M,,,59
201400030866,14,11,4,725,2,2,1,2.0,3,59286,M,,,59
201400030867,14,11,15,445,5,2,1,2.0,4,59350,M,,,59
201400030868,14,11,18,1735,4,1,1,1.0,6,59196,M,,,59
201400030869,14,10,27,1700,1,2,1,1.0,7,59220,M,,,59
201400030870,14,10,11,1300,1,2,1,1.0,6,59350,M,,,59
201400030871,14,11,24,1850,5,2,9,1.0,6,59368,M,,,59
201400030872,14,11,25,440,5,2,2,9.0,2,59350,M,,,59
201400030873,14,11,21,800,1,2,1,1.0,3,59350,M,,,59
201400030874,14,11,23,1730,3,1,9,2.0,6,59560,M,,,59
201400030875,14,11,26,1000,1,2,9,1.0,6,59350,M,,,59
201400030876,14,11,26,945,1,2,1,1.0,3,59360,M,,,59
201400030877,14,11,27,1350,1,2,1,1.0,1,59350,M,,,59
201400030878,14,11,25,1245,1,2,1,1.0,6,59350,M,,,59
201400030879,14,12,1,1120,1,2,1,1.0,3,59350,M,,,59
201400030880,14,11,28,1915,1,2,3,1.0,2,59286,M,,,59
201400030881,14,12,1,810,2,2,9,9.0,6,59350,M,,,59
201400030882,14,12,3,1630,1,2,1,1.0,6,59360,M,,,59
201400030883,14,11,27,1250,1,2,3,1.0,6,59360,M,,,59
201400030884,14,12,4,1320,1,2,2,1.0,3,59360,M,,,59
201400030885,14,12,5,1835,5,2,2,2.0,6,59560,M,,,59
201400030886,14,12,6,200,5,2,1,1.0,7,59360,M,,,59
201400030887,14,12,7,1340,1,2,9,2.0,4,59368,M,,,59
201400030888,14,12,5,1715,5,2,9,5.0,7,59507,M,,,59
201400030889,14,12,12,1715,5,2,1,2.0,6,59220,M,,,59
201400030890,14,12,15,2200,5,2,9,5.0,7,59350,M,,,59
201400030891,14,12,9,2230,5,2,2,1.0,3,59350,M,,,59
201400030892,14,12,20,1345,1,2,1,1.0,3,59350,M,,,59
201400030893,14,12,18,745,2,2,1,2.0,6,59350,M,,,59
201400030894,14,12,19,1555,1,2,2,1.0,2,59648,M,,,59
201400030895,14,12,13,235,5,2,1,1.0,6,59527,M,,,59
201400030896,14,12,10,1330,1,2,1,1.0,3,59350,M,,,59
201400030897,14,12,16,1930,5,2,6,1.0,6,59009,M,,,59
201400030898,14,12,22,1820,1,2,2,1.0,1,59378,M,,,59
201400030899,14,11,28,815,2,1,2,1.0,3,59220,M,,,59
201400030900,14,12,23,1825,5,2,9,1.0,6,59560,M,,,59
201400030901,14,12,22,1930,5,2,1,1.0,6,59350,M,,,59
201400030902,14,12,24,1300,1,2,2,2.0,3,59378,M,,,59
201400030903,14,12,26,2320,5,2,1,2.0,2,59368,M,,,59
201400030904,14,12,30,1600,2,2,9,2.0,6,59350,M,,,59
201400030905,14,12,31,1200,1,2,6,1.0,1,59378,M,,,59
201400030906,14,12,28,700,5,2,9,4.0,6,59350,M,,,59
201400030907,14,12,23,1430,1,2,2,1.0,3,59350,M,,,59
201400030908,14,12,30,1450,1,1,9,1.0,7,59560,M,,,59
201400030909,14,12,31,1615,1,1,1,1.0,2,59009,M,,,59
201400030910,14,2,2,1600,1,2,1,1.0,3,59392,M,,,59
201400030911,14,3,13,2047,5,2,3,1.0,2,59514,M,,,59
201400030912,14,4,25,2015,1,2,1,1.0,6,59225,M,,,59
201400030913,14,5,24,1200,1,1,1,1.0,1,59225,M,,,59
201400030914,14,12,8,940,1,1,1,2.0,4,59291,M,,,59
201400030915,14,12,11,745,2,2,1,2.0,6,59365,M,,,59
201400030916,14,2,21,1145,1,2,1,1.0,6,59650,M,,,59
201400030917,14,1,6,2330,4,2,3,2.0,3,59512,M,,,59
201400030918,14,1,10,825,1,2,1,1.0,6,59650,M,,,59
201400030919,14,1,10,820,1,2,2,1.0,5,59646,M,,,59
201400030920,14,1,11,1850,5,2,3,1.0,5,59650,M,,,59
201400030921,14,2,26,1730,1,2,1,1.0,6,59512,M,,,59
201400030922,14,1,12,1840,5,2,6,1.0,3,59299,M,,,59
201400030923,14,1,13,1600,1,1,6,1.0,4,59339,M,,,59
201400030924,14,1,14,830,5,2,2,3.0,6,59646,M,,,59
201400030925,14,1,14,1810,5,2,1,1.0,3,59163,M,,,59
201400030926,14,1,16,2025,5,2,1,1.0,3,59163,M,,,59
201400030927,14,1,20,5,5,2,2,1.0,6,59646,M,,,59
201400030928,14,1,22,745,5,2,1,1.0,5,59163,M,,,59
201400030929,14,1,22,1720,2,2,3,8.0,1,59367,M,,,59
201400030930,14,1,24,735,1,2,1,1.0,1,59598,M,,,59
201400030931,14,1,25,1510,1,2,2,2.0,3,59339,M,,,59
201400030932,14,1,25,1925,5,2,1,8.0,6,59512,M,,,59
201400030933,14,1,27,5,5,2,1,2.0,6,59650,M,,,59
201400030934,14,1,27,1030,1,2,1,2.0,2,59650,M,,,59
201400030935,14,1,27,1400,1,1,1,2.0,7,59339,M,,,59
201400030936,14,1,27,1820,3,2,1,2.0,6,59646,M,,,59
201400030937,14,1,28,1910,5,2,1,2.0,6,59512,M,,,59
201400030938,14,1,30,2030,1,2,2,2.0,3,59512,M,,,59
201400030939,14,2,3,1810,3,2,1,1.0,1,59646,M,,,59
201400030940,14,3,8,1400,1,1,2,1.0,3,59367,M,,,59
201400030941,14,1,24,1523,1,2,2,1.0,3,59512,M,,,59
201400030942,14,3,22,1350,1,2,1,1.0,6,59512,M,,,59
201400030943,14,3,25,1720,1,2,2,1.0,6,59339,M,,,59
201400030944,14,2,6,1337,1,2,2,2.0,1,59650,M,,,59
201400030945,14,2,7,1920,5,2,1,1.0,2,59299,M,,,59
201400030946,14,2,8,540,5,2,1,2.0,6,59650,M,,,59
201400030947,14,2,10,1025,1,2,3,1.0,6,59163,M,,,59
201400030948,14,2,10,1930,5,2,2,1.0,3,59163,M,,,59
201400030949,14,5,1,1415,1,2,2,1.0,3,59512,M,,,59
201400030950,14,2,11,1515,1,2,3,2.0,6,59512,M,,,59
201400030951,14,2,12,1200,1,2,1,1.0,6,59512,M,,,59
201400030952,14,2,14,600,5,2,1,1.0,6,59367,M,,,59
201400030953,14,2,14,1630,1,2,3,3.0,6,59512,M,,,59
201400030954,14,2,16,1325,1,2,3,1.0,6,59512,M,,,59
201400030955,14,6,8,1945,1,2,1,1.0,7,59650,M,,,59
201400030956,14,7,23,2130,2,2,2,1.0,5,59650,M,,,59
201400030957,14,2,20,810,1,2,1,2.0,6,59650,M,,,59
201400030958,14,2,20,1910,5,2,3,2.0,3,59512,M,,,59
201400030959,14,2,20,2110,3,2,1,9.0,6,59299,M,,,59
201400030960,14,2,23,1530,1,2,2,1.0,3,59512,M,,,59
201400030961,14,2,25,1730,1,2,1,2.0,6,59512,M,,,59
201400030962,14,2,27,1530,1,2,1,1.0,3,59512,M,,,59
201400030963,14,3,1,1955,5,2,1,2.0,6,59512,M,,,59
201400030964,14,3,2,20,5,2,1,1.0,3,59512,M,,,59
201400030965,14,3,2,1320,1,2,1,1.0,3,59512,M,,,59
201400030966,14,3,6,1556,1,2,2,1.0,6,59512,M,,,59
201400030967,14,3,8,1915,2,2,2,1.0,3,59646,M,,,59
201400030968,14,3,11,1530,1,2,1,1.0,6,59512,M,,,59
201400030969,14,3,11,1530,1,2,1,1.0,6,59367,M,,,59
201400030970,14,3,12,1715,1,2,9,1.0,3,59650,M,,,59
201400030971,14,3,13,1530,1,2,1,2.0,2,59512,M,,,59
201400030972,14,3,13,1220,1,2,1,1.0,6,59512,M,,,59
201400030973,14,3,14,1330,1,2,1,1.0,3,59512,M,,,59
201400030974,14,3,14,1245,1,2,3,1.0,6,59512,M,,,59
201400030975,14,3,16,1740,1,2,1,1.0,6,59512,M,,,59
201400030976,14,3,17,1750,1,2,3,1.0,3,59512,M,,,59
201400030977,14,3,19,1750,1,2,2,1.0,3,59512,M,,,59
201400030978,14,3,23,1645,1,2,2,2.0,3,59367,M,,,59
201400030979,14,3,24,950,1,2,1,1.0,6,59646,M,,,59
201400030980,14,3,25,1800,1,2,1,1.0,5,59512,M,,,59
201400030981,14,3,26,1655,1,2,1,1.0,6,59512,M,,,59
201400030982,14,3,27,1110,1,2,1,1.0,6,59646,M,,,59
201400030983,14,3,27,1655,1,2,2,1.0,3,59512,M,,,59
201400030984,14,3,28,800,1,2,2,1.0,6,59512,M,,,59
201400030985,14,3,28,830,1,2,2,1.0,3,59163,M,,,59
201400030986,14,3,31,1515,1,2,3,1.0,6,59512,M,,,59
201400030987,14,3,31,1815,1,2,1,1.0,6,59650,M,,,59
201400030988,14,3,31,2105,5,2,1,1.0,6,59512,M,,,59
201400030989,14,4,1,1240,1,2,1,1.0,4,59163,M,,,59
201400030990,14,4,2,1815,1,2,1,1.0,1,59512,M,,,59
201400030991,14,4,2,2100,5,2,1,1.0,5,59512,M,,,59
201400030992,14,4,4,1845,1,2,1,1.0,2,59512,M,,,59
201400030993,14,4,8,830,1,2,9,2.0,6,59163,M,,,59
201400030994,14,4,8,1735,1,2,1,1.0,6,59512,M,,,59
201400030995,14,4,11,1045,1,1,1,1.0,6,59299,M,,,59
201400030996,14,4,12,810,1,2,2,1.0,3,59512,M,,,59
201400030997,14,4,12,1000,1,2,1,1.0,6,59512,M,,,59
201400030998,14,4,13,1600,1,2,2,1.0,3,59512,M,,,59
201400030999,14,4,14,850,1,2,1,1.0,6,59299,M,,,59
201400031000,14,4,14,1015,1,2,2,1.0,6,59512,M,,,59
201400031001,14,4,15,1100,1,2,1,1.0,3,59512,M,,,59
201400031002,14,4,15,1540,1,2,1,1.0,7,59512,M,,,59
201400031003,14,4,15,1845,1,2,1,1.0,6,59512,M,,,59
201400031004,14,4,17,1010,1,2,2,1.0,2,59512,M,,,59
201400031005,14,4,18,1145,1,2,1,1.0,6,59163,M,,,59
201400031006,14,4,18,1325,1,2,3,1.0,3,59339,M,,,59
201400031007,14,4,22,1220,1,2,3,1.0,1,59512,M,,,59
201400031008,14,4,22,1450,1,2,1,1.0,6,59512,M,,,59
201400031009,14,4,22,1430,1,2,2,1.0,1,59512,M,,,59
201400031010,14,4,23,1700,1,2,1,1.0,2,59512,M,,,59
201400031011,14,4,24,1015,1,2,2,1.0,3,59163,M,,,59
201400031012,14,4,25,730,1,2,2,2.0,3,59512,M,,,59
201400031013,14,4,26,1100,1,2,2,1.0,3,59512,M,,,59
201400031014,14,5,2,720,1,2,1,2.0,3,59650,M,,,59
201400031015,14,5,3,1710,1,2,2,1.0,2,59512,M,,,59
201400031016,14,5,3,1900,1,2,1,1.0,2,59512,M,,,59
201400031017,14,5,7,150,5,2,1,1.0,2,59650,M,,,59
201400031018,14,5,7,1745,1,2,1,1.0,3,59512,M,,,59
201400031019,14,4,19,2140,2,2,1,9.0,2,59367,M,,,59
201400031020,14,5,9,2120,1,2,2,1.0,3,59512,M,,,59
201400031021,14,5,13,1615,1,2,2,2.0,3,59512,M,,,59
201400031022,14,5,14,815,1,1,1,1.0,4,59299,M,,,59
201400031023,14,5,14,1215,1,2,1,1.0,3,59650,M,,,59
201400031024,14,5,14,1820,1,2,1,1.0,6,59163,M,,,59
201400031025,14,5,15,1715,1,2,1,1.0,3,59163,M,,,59
201400031026,14,5,19,1855,1,2,5,1.0,3,59163,M,,,59
201400031027,14,5,21,1420,1,2,1,8.0,6,59512,M,,,59
201400031028,14,5,21,1505,1,2,2,2.0,6,59512,M,,,59
201400031029,14,5,19,950,1,2,1,1.0,6,59339,M,,,59
201400031030,14,5,22,1910,1,2,1,1.0,6,59512,M,,,59
201400031031,14,5,22,2155,2,1,1,1.0,6,59646,M,,,59
201400031032,14,5,24,1225,1,2,1,1.0,5,59512,M,,,59
201400031033,14,5,25,950,1,2,1,1.0,1,59650,M,,,59
201400031034,14,5,27,225,5,2,1,1.0,6,59512,M,,,59
201400031035,14,5,27,1740,1,2,2,1.0,3,59512,M,,,59
201400031036,14,5,31,2130,1,2,1,1.0,6,59367,M,,,59
201400031037,14,6,4,855,1,2,2,2.0,6,59512,M,,,59
201400031038,14,6,5,540,2,2,3,2.0,3,59512,M,,,59
201400031039,14,6,6,1000,1,2,2,1.0,1,59646,M,,,59
201400031040,14,6,7,1120,1,2,1,1.0,6,59512,M,,,59
201400031041,14,6,9,825,1,2,2,1.0,3,59512,M,,,59
201400031042,14,6,10,850,1,2,2,1.0,6,59650,M,,,59
201400031043,14,6,10,1855,1,2,2,1.0,3,59163,M,,,59
201400031044,14,6,10,1935,1,2,1,1.0,1,59646,M,,,59
201400031045,14,6,11,755,1,2,4,1.0,6,59646,M,,,59
201400031046,14,6,12,745,1,2,1,1.0,2,59650,M,,,59
201400031047,14,6,17,2300,5,2,1,8.0,6,59512,M,,,59
201400031048,14,6,19,1700,1,2,1,1.0,6,59650,M,,,59
201400031049,14,6,19,1850,1,2,3,1.0,3,59299,M,,,59
201400031050,14,6,22,1930,1,2,1,1.0,6,59512,M,,,59
201400031051,14,6,24,750,1,2,1,1.0,6,59512,M,,,59
201400031052,14,6,24,1330,1,2,2,1.0,3,59299,M,,,59
201400031053,14,6,24,2100,1,2,1,1.0,5,59650,M,,,59
201400031054,14,6,27,1430,1,2,1,1.0,6,59512,M,,,59
201400031055,14,7,1,800,1,2,1,1.0,6,59512,M,,,59
201400031056,14,7,1,1010,1,2,1,1.0,6,59512,M,,,59
201400031057,14,7,4,1510,1,2,1,1.0,6,59512,M,,,59
201400031058,14,7,7,1700,1,2,1,1.0,6,59512,M,,,59
201400031059,14,7,9,1050,1,2,3,3.0,6,59512,M,,,59
201400031060,14,7,12,1430,1,2,1,1.0,3,59163,M,,,59
201400031061,14,7,13,1805,1,2,1,1.0,6,59512,M,,,59
201400031062,14,7,14,1330,1,2,2,1.0,6,59163,M,,,59
201400031063,14,7,13,1950,1,2,1,1.0,3,59512,M,,,59
201400031064,14,7,18,910,1,2,1,1.0,2,59163,M,,,59
201400031065,14,7,19,100,3,2,1,2.0,6,59512,M,,,59
201400031066,14,7,20,1315,1,2,2,1.0,5,59646,M,,,59
201400031067,14,7,19,1455,1,2,1,1.0,2,59512,M,,,59
201400031068,14,7,23,910,1,2,2,1.0,3,59650,M,,,59
201400031069,14,7,25,920,1,2,1,1.0,3,59650,M,,,59
201400031070,14,7,28,2330,5,2,2,1.0,3,59646,M,,,59
201400031071,14,7,30,1845,1,2,5,1.0,5,59646,M,,,59
201400031072,14,8,2,1730,1,2,2,1.0,3,59512,M,,,59
201400031073,14,8,3,1140,1,2,2,1.0,3,59512,M,,,59
201400031074,14,8,2,2000,1,2,2,1.0,6,59512,M,,,59
201400031075,14,8,5,1705,1,2,1,1.0,3,59512,M,,,59
201400031076,14,8,6,1850,1,1,6,1.0,2,59299,M,,,59
201400031077,14,8,9,725,1,2,1,1.0,6,59163,M,,,59
201400031078,14,8,10,1845,1,2,1,2.0,6,59646,M,,,59
201400031079,14,8,14,1650,1,2,1,1.0,3,59299,M,,,59
201400031080,14,8,15,600,5,2,3,1.0,6,59512,M,,,59
201400031081,14,8,20,1310,1,2,2,1.0,3,59512,M,,,59
201400031082,14,8,21,1525,1,2,1,1.0,7,59512,M,,,59
201400031083,14,8,22,1745,1,2,1,1.0,6,59650,M,,,59
201400031084,14,8,23,1835,1,2,9,2.0,2,59646,M,,,59
201400031085,14,8,27,1220,1,2,3,1.0,3,59512,M,,,59
201400031086,14,8,28,905,1,2,2,1.0,3,59512,M,,,59
201400031087,14,8,29,1640,1,2,1,1.0,2,59512,M,,,59
201400031088,14,8,30,150,5,2,2,1.0,4,59512,M,,,59
201400031089,14,8,30,1120,1,2,1,2.0,6,59299,M,,,59
201400031090,14,8,31,1220,1,2,2,1.0,7,59299,M,,,59
201400031091,14,9,1,1430,1,2,1,1.0,6,59512,M,,,59
201400031092,14,9,7,1920,1,2,1,1.0,6,59163,M,,,59
201400031093,14,9,8,1340,1,2,1,1.0,2,59650,M,,,59
201400031094,14,9,10,800,1,2,1,1.0,3,59512,M,,,59
201400031095,14,9,11,1815,1,2,2,1.0,6,59512,M,,,59
201400031096,14,9,12,1420,1,2,1,1.0,3,59512,M,,,59
201400031097,14,9,11,2035,5,2,3,1.0,3,59512,M,,,59
201400031098,14,9,13,1625,1,2,3,1.0,6,59650,M,,,59
201400031099,14,9,15,1005,1,2,2,1.0,6,59512,M,,,59
201400031100,14,9,15,1830,1,2,1,1.0,6,59512,M,,,59
201400031101,14,9,16,1335,1,2,1,1.0,3,59512,M,,,59
201400031102,14,9,17,1955,5,2,1,1.0,6,59512,M,,,59
201400031103,14,9,19,1715,1,2,1,1.0,3,59512,M,,,59
201400031104,14,9,20,1740,1,2,2,1.0,3,59650,M,,,59
201400031105,14,9,20,835,1,2,1,1.0,6,59512,M,,,59
201400031106,14,9,24,1549,1,2,1,3.0,4,59512,M,,,59
201400031107,14,9,24,1630,1,2,6,1.0,3,59512,M,,,59
201400031108,14,9,25,1325,1,2,2,1.0,5,59512,M,,,59
201400031109,14,9,25,1645,1,2,1,1.0,2,59163,M,,,59
201400031110,14,9,3,1335,1,2,1,1.0,3,59512,M,,,59
201400031111,14,9,28,1715,1,2,1,1.0,3,59512,M,,,59
201400031112,14,9,30,900,1,2,1,1.0,6,59339,M,,,59
201400031113,14,9,30,850,1,2,1,1.0,3,59299,M,,,59
201400031114,14,10,1,1530,1,2,3,1.0,3,59299,M,,,59
201400031115,14,10,1,1820,1,2,3,1.0,3,59163,M,,,59
201400031116,14,10,2,650,2,2,6,1.0,6,59646,M,,,59
201400031117,14,10,2,1330,1,2,2,1.0,3,59512,M,,,59
201400031118,14,10,4,1645,1,1,6,1.0,3,59650,M,,,59
201400031119,14,10,8,50,5,2,1,1.0,6,59512,M,,,59
201400031120,14,10,9,720,1,2,1,1.0,1,59512,M,,,59
201400031121,14,10,9,1325,1,2,3,1.0,3,59512,M,,,59
201400031122,14,10,9,1500,1,2,4,1.0,3,59163,M,,,59
201400031123,14,10,16,20,5,2,3,2.0,3,59163,M,,,59
201400031124,14,10,16,1430,1,1,1,2.0,6,59367,M,,,59
201400031125,14,10,16,1930,5,2,1,1.0,4,59299,M,,,59
201400031126,14,10,17,1300,1,2,3,1.0,3,59367,M,,,59
201400031127,14,10,17,1330,1,2,1,1.0,6,59646,M,,,59
201400031128,14,10,17,1950,5,2,1,1.0,6,59512,M,,,59
201400031129,14,10,17,1940,5,2,1,1.0,6,59512,M,,,59
201400031130,14,10,19,1000,1,2,2,1.0,3,59339,M,,,59
201400031131,14,10,19,1400,1,2,1,1.0,6,59512,M,,,59
201400031132,14,10,21,1455,1,2,2,1.0,3,59512,M,,,59
201400031133,14,10,22,2050,5,2,2,1.0,3,59512,M,,,59
201400031134,14,10,22,2010,5,2,2,1.0,3,59512,M,,,59
201400031135,14,10,25,1710,1,2,1,1.0,3,59512,M,,,59
201400031136,14,10,26,1530,1,1,1,1.0,2,59299,M,,,59
201400031137,14,10,26,1920,3,1,1,1.0,3,59299,M,,,59
201400031138,14,10,27,1830,2,2,1,1.0,6,59512,M,,,59
201400031139,14,10,27,2015,5,2,1,1.0,3,59512,M,,,59
201400031140,14,10,28,1450,1,2,1,1.0,6,59512,M,,,59
201400031141,14,10,28,1800,5,2,1,1.0,6,59512,M,,,59
201400031142,14,10,31,1830,5,2,1,1.0,6,59650,M,,,59
201400031143,14,11,3,920,1,2,2,1.0,3,59512,M,,,59
201400031144,14,11,4,845,1,2,1,1.0,4,59512,M,,,59
201400031145,14,11,4,2130,5,2,2,1.0,3,59512,M,,,59
201400031146,14,11,5,740,1,2,3,1.0,6,59512,M,,,59
201400031147,14,11,5,1545,1,2,1,1.0,6,59339,M,,,59
201400031148,14,11,5,2150,5,2,2,1.0,3,59512,M,,,59
201400031149,14,11,6,2025,5,2,3,1.0,3,59512,M,,,59
201400031150,14,11,7,1605,1,2,3,1.0,3,59512,M,,,59
201400031151,14,11,8,5,5,2,2,2.0,3,59163,M,,,59
201400031152,14,11,9,2025,5,2,2,1.0,3,59512,M,,,59
201400031153,14,11,10,755,1,2,1,1.0,6,59512,M,,,59
201400031154,14,11,12,1940,5,2,3,1.0,3,59646,M,,,59
201400031155,14,11,13,905,1,2,3,1.0,3,59512,M,,,59
201400031156,14,11,13,1710,2,2,2,1.0,3,59163,M,,,59
201400031157,14,11,18,1530,1,2,2,1.0,3,59512,M,,,59
201400031158,14,11,20,805,1,2,1,1.0,6,59512,M,,,59
201400031159,14,11,21,250,5,1,6,1.0,7,59650,M,,,59
201400031160,14,11,21,810,1,2,1,1.0,6,59650,M,,,59
201400031161,14,11,22,1130,1,2,2,1.0,3,59299,M,,,59
201400031162,14,11,26,1640,5,2,1,2.0,2,59646,M,,,59
201400031163,14,11,27,935,1,2,1,1.0,6,59646,M,,,59
201400031164,14,11,27,1430,1,2,1,1.0,3,59339,M,,,59
201400031165,14,11,28,2145,5,2,1,1.0,3,59512,M,,,59
201400031166,14,11,29,2205,5,1,1,1.0,5,59512,M,,,59
201400031167,14,11,30,1415,1,2,3,5.0,3,59163,M,,,59
201400031168,14,12,1,1530,1,2,1,1.0,6,59512,M,,,59
201400031169,14,12,1,1615,1,2,5,1.0,4,59646,M,,,59
201400031170,14,12,2,1700,5,2,1,2.0,6,59512,M,,,59
201400031171,14,12,3,805,2,2,1,1.0,2,59512,M,,,59
201400031172,14,12,5,1450,1,2,2,2.0,6,59512,M,,,59