Num_Acc,an,mois,jour,hrmn,lum,agg,int,atm,col,com,gps,lat,long,dep
201400031173,14,12,5,2030,2,2,1,2.0,2,59512,M,,,59
201400031174,14,12,8,1735,5,2,1,2.0,3,59367,M,,,59
201400031175,14,12,8,1805,3,2,6,2.0,6,59646,M,,,59
201400031176,14,12,8,2140,5,2,2,2.0,1,59512,M,,,59
201400031177,14,12,9,1705,5,2,1,1.0,6,59512,M,,,59
201400031178,14,12,12,1350,1,2,1,2.0,2,59163,M,,,59
201400031179,14,12,12,1945,5,2,1,1.0,3,59512,M,,,59
201400031180,14,12,13,1350,1,2,2,1.0,3,59512,M,,,59
201400031181,14,12,18,830,2,2,1,2.0,6,59650,M,,,59
201400031182,14,12,18,1855,5,2,2,1.0,1,59512,M,,,59
201400031183,14,12,19,1405,1,2,1,1.0,1,59512,M,,,59
201400031184,14,12,26,1915,5,2,2,1.0,3,59650,M,,,59
201400031185,14,12,23,1210,1,2,2,1.0,3,59512,M,,,59
201400031186,14,12,27,2245,5,2,1,4.0,3,59339,M,,,59
201400031187,14,12,28,1210,1,2,1,7.0,6,59512,M,,,59
201400031188,14,12,29,605,5,2,2,1.0,3,59512,M,,,59
201400031189,14,6,26,845,1,2,1,1.0,6,59526,M,,,59
201400031190,14,6,18,1100,1,2,1,1.0,6,59526,M,,,59
201400031191,14,8,9,600,3,2,1,2.0,6,59526,M,,,59
201400031192,14,10,3,1245,1,1,2,1.0,3,59284,M,,,59
201400031193,14,10,3,1615,1,2,1,1.0,6,59526,M,,,59
201400031194,14,10,24,1300,1,2,1,2.0,1,59526,M,,,59
201400031195,14,11,22,1935,3,2,1,1.0,7,59526,M,,,59
201400031196,14,1,7,750,2,2,1,1.0,6,59599,M,,,59
201400031197,14,1,10,1120,1,2,1,7.0,6,59152,M,,,59
201400031198,14,1,10,1350,1,2,1,1.0,6,59352,M,,,59
201400031199,14,1,12,450,5,2,1,1.0,6,59098,M,,,59
201400031200,14,1,15,1815,5,2,1,2.0,6,59421,M,,,59
201400031201,14,1,17,830,2,2,1,1.0,6,59421,M,,,59
201400031202,14,1,16,2015,5,2,1,8.0,2,59599,M,,,59
201400031203,14,1,21,730,5,2,3,5.0,6,59508,M,,,59
201400031204,14,1,22,1630,1,2,1,2.0,3,59599,M,,,59
201400031205,14,1,22,1730,2,2,1,2.0,6,59599,M,,,59
201400031206,14,1,24,830,1,2,1,9.0,6,59090,M,,,59
201400031207,14,1,24,840,1,2,1,8.0,6,59421,M,,,59
201400031208,14,1,27,1715,5,2,1,2.0,2,59426,M,,,59
201400031209,14,1,31,1330,1,2,3,9.0,3,59599,M,,,59
201400031210,14,2,3,1130,1,2,1,7.0,6,59599,M,,,59
201400031211,14,2,4,800,2,2,3,1.0,3,59421,M,,,59
201400031212,14,2,11,800,1,2,1,1.0,1,59279,M,,,59
201400031213,14,2,7,1215,1,2,1,2.0,3,59508,M,,,59
201400031214,14,2,21,2010,5,2,1,1.0,6,59599,M,,,59
201400031215,14,2,21,1855,5,2,1,1.0,6,59508,M,,,59
201400031216,14,2,22,140,5,1,1,1.0,7,59098,M,,,59
201400031217,14,3,2,1440,1,2,1,1.0,3,59279,M,,,59
201400031218,14,3,9,1825,1,2,1,1.0,3,59090,M,,,59
201400031219,14,3,10,1520,1,2,2,1.0,3,59599,M,,,59
201400031220,14,3,14,930,1,2,2,1.0,3,59599,M,,,59
201400031221,14,3,15,1210,1,2,1,1.0,3,59599,M,,,59
201400031222,14,3,14,1915,5,2,6,1.0,5,59090,M,,,59
201400031223,14,3,23,1135,1,2,1,1.0,6,59508,M,,,59
201400031224,14,3,25,1600,1,2,1,1.0,6,59599,M,,,59
201400031225,14,3,26,1215,1,2,2,1.0,6,59599,M,,,59
201400031226,14,3,26,2005,5,2,1,1.0,6,59599,M,,,59
201400031227,14,3,29,1645,1,1,6,1.0,3,59656,M,,,59
201400031228,14,3,30,415,5,2,3,1.0,3,59508,M,,,59
201400031229,14,4,10,1210,1,2,3,1.0,6,59599,M,,,59
201400031230,14,4,11,1540,1,2,1,1.0,6,59599,M,,,59
201400031231,14,4,15,905,1,2,1,1.0,6,59426,M,,,59
201400031232,14,4,9,1645,1,2,1,1.0,6,59599,M,,,59
201400031233,14,4,17,1400,1,2,1,1.0,6,59599,M,,,59
201400031234,14,4,17,1650,1,2,1,1.0,6,59599,M,,,59
201400031235,14,4,9,1700,1,2,1,1.0,6,59599,M,,,59
201400031236,14,4,21,1500,1,2,1,1.0,3,59279,M,,,59
201400031237,14,4,16,1015,1,2,1,1.0,6,59426,M,,,59
201400031238,14,4,26,1640,1,2,3,2.0,1,59426,M,,,59
201400031239,14,4,27,1245,1,2,2,1.0,7,59599,M,,,59
201400031240,14,5,3,1545,1,2,2,1.0,3,59421,M,,,59
201400031241,14,5,15,1530,1,2,1,1.0,6,59152,M,,,59
201400031242,14,5,16,1220,1,2,1,1.0,2,59090,M,,,59
201400031243,14,5,17,1515,1,2,2,1.0,6,59152,M,,,59
201400031244,14,5,20,1045,1,2,1,1.0,6,59599,M,,,59
201400031245,14,5,25,15,5,2,1,1.0,6,59421,M,,,59
201400031246,14,6,5,1310,1,2,2,1.0,3,59599,M,,,59
201400031247,14,6,13,1900,1,2,1,1.0,3,59599,M,,,59
201400031248,14,6,20,1835,1,2,2,1.0,3,59599,M,,,59
201400031249,14,6,23,930,1,2,1,1.0,6,59152,M,,,59
201400031250,14,6,23,1410,1,2,1,1.0,6,59599,M,,,59
201400031251,14,7,1,800,1,1,2,1.0,3,59352,M,5073019.0,305887.0,59
201400031252,14,7,4,1700,1,2,1,1.0,3,59599,M,,,59
201400031253,14,7,11,2330,5,2,1,1.0,6,59279,M,,,59
201400031254,14,7,18,835,1,2,3,1.0,1,59508,M,,,59
201400031255,14,7,19,1950,1,2,1,1.0,2,59352,M,,,59
201400031256,14,4,4,2100,3,2,3,1.0,6,59090,M,,,59
201400031257,14,7,26,1930,1,2,1,1.0,3,59599,M,,,59
201400031258,14,7,31,1645,1,2,2,1.0,5,59599,M,,,59
201400031259,14,8,2,1440,1,1,3,7.0,3,59426,M,,,59
201400031260,14,8,3,720,1,2,2,1.0,3,59599,M,,,59
201400031261,14,8,20,1330,1,2,1,1.0,6,59599,M,,,59
201400031262,14,8,24,1740,1,1,9,1.0,3,59279,M,,,59
201400031263,14,8,28,2100,5,2,1,1.0,1,59098,M,,,59
201400031264,14,9,3,1630,1,2,1,1.0,4,59599,M,,,59
201400031265,14,9,4,920,1,2,1,1.0,6,59599,M,,,59
201400031266,14,9,5,2305,5,2,1,1.0,6,59599,M,,,59
201400031267,14,9,6,1720,1,1,3,1.0,6,59090,M,,,59
201400031268,14,9,8,1000,1,2,2,1.0,6,59599,M,,,59
201400031269,14,9,25,1420,1,1,1,1.0,2,59152,M,,,59
201400031270,14,9,30,1315,1,2,2,1.0,3,59599,M,,,59
201400031271,14,9,30,1900,1,2,1,1.0,1,59279,M,,,59
201400031272,14,10,3,750,2,2,1,1.0,3,59599,M,,,59
201400031273,14,10,1,1745,1,2,1,1.0,7,59279,M,,,59
201400031274,14,10,8,657,5,2,1,2.0,6,59352,M,,,59
201400031275,14,10,9,1758,1,2,1,1.0,3,59599,M,,,59
201400031276,14,10,19,1730,1,2,1,1.0,6,59421,M,,,59
201400031277,14,10,23,740,5,2,1,1.0,1,59599,M,,,59
201400031278,14,10,30,1710,3,2,3,1.0,3,59426,M,,,59
201400031279,14,11,7,1230,1,2,1,8.0,2,59090,M,,,59
201400031280,14,11,19,2130,5,2,1,1.0,3,59152,M,,,59
201400031281,14,11,19,1730,2,2,1,1.0,6,59279,M,,,59
201400031282,14,11,23,2000,5,2,1,2.0,3,59599,M,,,59
201400031283,14,11,24,1700,2,2,1,1.0,1,59508,M,,,59
201400031284,14,11,27,1200,1,2,2,7.0,6,59279,M,,,59
201400031285,14,11,30,720,5,2,1,5.0,7,59599,M,,,59
201400031286,14,12,27,945,1,2,1,2.0,6,59599,M,,,59
201400031287,14,12,28,1235,1,2,1,9.0,6,59599,M,,,59
201400031288,14,1,10,1530,1,2,1,1.0,6,59606,M,,,59
201400031289,14,1,13,2030,5,2,9,1.0,6,59459,M,,,59
201400031290,14,1,16,1530,1,2,1,1.0,6,59606,M,,,59
201400031291,14,1,15,1925,5,2,1,1.0,6,59606,M,,,59
201400031292,14,1,20,815,1,2,6,1.0,6,59606,M,,,59
201400031293,14,1,24,915,1,1,1,1.0,1,59160,M,,,59
201400031294,14,1,28,1820,5,2,1,1.0,6,59491,M,,,59
201400031295,14,1,20,730,2,2,1,1.0,6,59112,M,,,59
201400031296,14,2,9,300,5,2,1,1.0,6,59491,M,,,59
201400031297,14,2,6,1455,1,2,1,3.0,6,59606,M,,,59
201400031298,14,1,22,1730,5,2,1,1.0,6,59613,M,,,59
201400031299,14,1,22,855,1,2,1,1.0,6,59606,M,,,59
201400031300,14,2,2,1,5,2,1,1.0,6,59606,M,,,59
201400031301,14,2,7,745,2,2,1,1.0,6,59606,M,,,59
201400031302,14,2,20,2155,5,2,1,9.0,6,59027,M,,,59
201400031303,14,2,24,1735,2,2,1,1.0,6,59491,M,,,59
201400031304,14,1,14,1155,1,2,3,1.0,6,59606,M,,,59
201400031305,14,2,15,1005,1,2,1,1.0,6,59603,M,,,59
201400031306,14,2,16,1855,5,2,2,1.0,6,59014,M,,,59
201400031307,14,2,22,1715,1,2,3,1.0,3,59079,M,,,59
201400031308,14,3,23,1400,1,2,1,1.0,1,59491,M,,,59
201400031309,14,3,29,1010,1,2,1,1.0,6,59491,M,,,59
201400031310,14,4,1,1700,1,2,1,1.0,6,59112,M,,,59
201400031311,14,4,1,1715,1,1,3,1.0,3,59032,M,,,59
201400031312,14,4,4,1800,1,2,6,1.0,6,59606,M,,,59
201400031313,14,4,11,1300,1,2,6,1.0,6,59459,M,,,59
201400031314,14,4,12,620,5,2,1,1.0,6,59383,M,,,59
201400031315,14,4,6,2100,5,2,6,1.0,6,59606,M,,,59
201400031316,14,4,18,930,1,2,1,1.0,6,59544,M,,,59
201400031317,14,4,18,1615,1,2,1,1.0,6,59606,M,,,59
201400031318,14,4,11,1730,1,2,1,1.0,2,59606,M,,,59
201400031319,14,4,18,800,1,2,1,1.0,6,59014,M,,,59
201400031320,14,4,24,1115,1,2,1,1.0,6,59606,M,,,59
201400031321,14,4,26,2335,5,2,1,1.0,6,59606,M,,,59
201400031322,14,5,7,1205,1,2,2,1.0,6,59606,M,,,59
201400031323,14,5,7,1540,1,2,1,1.0,6,59606,M,,,59
201400031324,14,4,25,1330,1,2,1,1.0,6,59606,M,,,59
201400031325,14,5,19,945,1,2,1,1.0,6,59606,M,,,59
201400031326,14,3,8,1630,1,2,3,1.0,6,59014,M,,,59
201400031327,14,5,19,1525,1,2,1,1.0,6,59447,M,,,59
201400031328,14,4,10,1835,1,1,1,1.0,6,59369,M,,,59
201400031329,14,5,23,1345,1,2,2,1.0,6,59014,M,,,59
201400031330,14,5,1,1445,1,2,1,1.0,6,59369,M,,,59
201400031331,14,2,22,2130,5,2,1,1.0,6,59606,M,,,59
201400031332,14,6,6,500,2,2,1,1.0,6,59603,M,,,59
201400031333,14,6,8,1130,1,2,1,1.0,6,59484,M,,,59
201400031334,14,5,23,1720,1,2,1,1.0,1,59479,M,,,59
201400031335,14,6,14,600,1,2,1,1.0,6,59606,M,,,59
201400031336,14,6,14,1525,1,1,3,1.0,3,59603,M,,,59
201400031337,14,6,21,2230,5,2,6,1.0,3,59606,M,,,59
201400031338,14,4,15,1745,1,2,3,1.0,6,59606,M,,,59
201400031339,14,5,5,915,1,2,1,1.0,2,59491,M,,,59
201400031340,14,6,23,1430,1,2,6,1.0,6,59606,M,,,59
201400031341,14,6,25,1925,2,2,1,2.0,2,59564,M,,,59
201400031342,14,6,28,1730,1,2,9,3.0,6,59613,M,,,59
201400031343,14,7,4,1720,1,2,3,1.0,3,59557,M,,,59
201400031344,14,7,7,1230,1,2,1,1.0,2,59484,M,,,59
201400031345,14,7,8,1840,1,2,3,1.0,6,59606,M,,,59
201400031346,14,7,10,1800,1,2,1,1.0,6,59606,M,,,59
201400031347,14,7,15,30,3,1,1,1.0,6,59544,M,,,59
201400031348,14,7,16,1600,1,2,1,1.0,6,59491,M,,,59
201400031349,14,5,23,1200,1,2,1,1.0,6,59606,M,,,59
201400031350,14,7,20,50,5,2,1,2.0,6,59606,M,,,59
201400031351,14,7,20,1630,1,2,1,1.0,6,59491,M,,,59
201400031352,14,7,21,1750,1,2,3,1.0,6,59606,M,,,59
201400031353,14,7,21,2030,1,2,1,1.0,6,59606,M,,,59
201400031354,14,7,23,1620,1,2,1,1.0,4,59606,M,,,59
201400031355,14,7,24,900,1,2,1,1.0,6,59112,M,,,59
201400031356,14,8,1,1950,1,2,1,1.0,6,59606,M,,,59
201400031357,14,8,4,1145,1,2,2,1.0,6,59484,M,,,59
201400031358,14,8,12,2115,2,2,1,1.0,6,59014,M,,,59
201400031359,14,8,16,1525,1,2,3,1.0,3,59032,M,,,59
201400031360,14,8,17,410,5,2,1,1.0,6,59032,M,,,59
201400031361,14,8,19,930,1,2,3,1.0,3,59606,M,,,59
201400031362,14,8,23,535,2,2,6,1.0,6,59383,M,,,59
201400031363,14,8,23,1830,1,2,1,1.0,6,59479,M,,,59
201400031364,14,8,26,2104,5,2,1,8.0,6,59014,M,,,59
201400031365,14,8,28,1845,1,1,1,1.0,6,59564,M,,,59
201400031366,14,9,4,1130,1,2,6,1.0,6,59606,M,,,59
201400031367,14,9,9,1540,1,2,1,1.0,6,59606,M,,,59
201400031368,14,9,17,1245,1,2,3,1.0,3,59606,M,,,59
201400031369,14,9,18,1530,1,2,3,1.0,3,59491,M,,,59
201400031370,14,9,18,2205,5,2,1,1.0,2,59606,M,,,59
201400031371,14,9,21,10,5,2,1,1.0,6,59459,M,,,59
201400031372,14,9,19,905,1,2,1,1.0,6,59014,M,,,59
201400031373,14,10,3,1715,1,2,1,1.0,1,59606,M,,,59
201400031374,14,10,3,1525,1,2,1,1.0,6,59606,M,,,59
201400031375,14,10,10,1525,1,2,2,1.0,6,59606,M,,,59
201400031376,14,10,11,1525,1,2,1,1.0,6,59606,M,,,59
201400031377,14,10,15,1210,1,2,1,1.0,6,59606,M,,,59
201400031378,14,10,17,1700,1,2,3,1.0,3,59014,M,,,59
201400031379,14,10,21,520,3,1,1,1.0,6,59557,M,,,59
201400031380,14,10,21,1105,1,2,1,1.0,6,59491,M,,,59
201400031381,14,10,30,2300,5,2,3,1.0,6,59491,M,,,59
201400031382,14,11,3,1740,1,1,1,1.0,2,59032,M,,,59
201400031383,14,11,3,1900,5,2,1,1.0,6,59491,M,,,59
201400031384,14,11,3,1940,5,2,1,1.0,6,59079,M,,,59
201400031385,14,11,6,1520,1,2,1,1.0,6,59606,M,,,59
201400031386,14,11,6,2020,5,2,3,1.0,6,59160,M,,,59
201400031387,14,11,2,1920,5,2,6,1.0,3,59606,M,,,59
201400031388,14,11,7,1800,5,2,1,2.0,6,59383,M,,,59
201400031389,14,11,10,1115,1,1,1,1.0,5,59383,M,,,59
201400031390,14,11,10,1315,1,2,1,1.0,6,59606,M,,,59
201400031391,14,11,14,1800,5,2,1,2.0,6,59491,M,,,59
201400031392,14,11,14,2230,3,2,1,1.0,6,59515,M,,,59
201400031393,14,11,15,1050,1,2,1,1.0,6,59484,M,,,59
201400031394,14,11,14,1300,1,2,6,1.0,6,59606,M,,,59
201400031395,14,11,20,220,5,2,1,1.0,6,59606,M,,,59
201400031396,14,11,20,2155,5,2,1,1.0,6,59479,M,,,59
201400031397,14,11,22,1125,1,2,2,1.0,3,59369,M,,,59
201400031398,14,11,23,530,5,2,1,1.0,1,59603,M,,,59
201400031399,14,11,26,1100,1,2,1,1.0,6,59491,M,,,59
201400031400,14,11,27,1820,5,2,2,1.0,6,59447,M,,,59
201400031401,14,12,1,1700,1,2,6,1.0,6,59544,M,,,59
201400031402,14,12,5,1850,5,2,1,1.0,6,59014,M,,,59
201400031403,14,11,30,500,5,2,1,1.0,6,59606,M,,,59
201400031404,14,12,10,715,5,2,1,1.0,6,59160,M,,,59
201400031405,14,12,10,1800,1,2,1,1.0,4,59606,M,,,59
201400031406,14,12,11,815,2,2,1,1.0,6,59014,M,,,59
201400031407,14,12,8,1135,1,2,1,1.0,6,59484,M,,,59
201400031408,14,12,9,845,1,1,1,9.0,1,59447,M,,,59
201400031409,14,12,12,1710,5,2,1,2.0,6,59447,M,,,59
201400031410,14,12,17,1145,1,2,1,1.0,6,59369,M,,,59
201400031411,14,12,19,845,1,2,1,1.0,6,59544,M,,,59
201400031412,14,12,19,1130,1,2,3,1.0,6,59014,M,,,59
201400031413,14,12,25,155,5,2,2,1.0,6,59606,M,,,59
201400031414,14,12,30,1415,1,2,1,1.0,3,59079,M,,,59
201400031415,14,2,14,1300,1,2,1,1.0,6,68112,M,4790555.0,721462.0,68
201400031416,14,4,6,1515,1,1,1,1.0,7,68188,M,4793979.0,706389.0,68
201400031417,14,5,18,1945,1,1,1,1.0,7,68274,M,4790024.0,713874.0,68
201400031418,14,6,7,1430,1,1,1,1.0,3,68188,M,4793837.0,706886.0,68
201400031419,14,6,21,1630,1,2,3,1.0,3,68112,M,4791290.0,720478.0,68
201400031420,14,6,29,530,2,1,1,3.0,6,68058,M,4792460.0,719620.0,68
201400031421,14,8,21,1045,1,2,1,1.0,7,68112,M,4790058.0,721772.0,68
201400031422,14,9,25,1645,1,2,1,1.0,6,68112,M,4791066.0,721186.0,68
201400031423,14,5,28,1445,1,1,1,7.0,1,68343,M,4788282.0,730935.0,68
201400031424,14,7,2,1630,1,1,3,1.0,6,68156,M,4790230.0,725425.0,68
201400031425,14,7,6,1545,1,2,1,1.0,3,68315,M,4789755.0,722194.0,68
201400031426,14,7,28,745,1,1,6,1.0,6,68315,M,4787240.0,724709.0,68
201400031427,14,8,13,1345,1,2,4,1.0,1,68112,M,4789786.0,722474.0,68
201400031428,14,9,10,815,1,1,1,1.0,2,68315,M,4789853.0,723338.0,68
201400031429,14,9,22,1515,1,2,1,1.0,6,68315,M,4789640.0,722301.0,68
201400031430,14,9,29,1730,1,1,1,1.0,6,68359,M,4782992.0,721824.0,68
201400031431,14,10,29,1030,1,1,3,1.0,1,68032,M,4783306.0,722348.0,68
201400031432,14,3,7,800,1,1,1,1.0,6,43040,M,4529140.0,340530.0,43
201400031433,14,3,7,1145,1,2,1,1.0,6,43040,M,4529390.0,338012.0,43
201400031434,14,4,24,2315,3,1,1,1.0,1,43188,M,4513750.0,359879.0,43
201400031435,14,7,31,1845,1,1,4,1.0,1,43074,M,,,43
201400031436,14,8,12,930,1,2,1,1.0,6,43040,M,,,43
201400031437,14,1,21,745,1,2,1,1.0,6,41194,M,4736100.0,173500.0,41
201400031438,14,1,27,1815,5,2,1,1.0,3,41194,M,4736300.0,171300.0,41
201400031439,14,2,14,500,3,1,1,2.0,1,41185,M,4737400.0,169100.0,41
201400031440,14,4,29,1945,1,2,2,1.0,3,41194,M,4735600.0,175000.0,41
201400031441,14,6,27,1400,1,2,1,1.0,5,41194,M,4737400.0,173600.0,41
201400031442,14,9,20,1730,1,1,1,8.0,6,41157,M,4741300.0,161400.0,41
201400031443,14,9,30,1745,1,2,1,1.0,3,41194,M,4736200.0,173300.0,41
201400031444,14,10,18,1415,1,1,1,1.0,3,41140,M,4743300.0,176000.0,41
201400031445,14,10,29,1300,1,2,1,1.0,5,41194,M,4735700.0,175200.0,41
201400031446,14,12,1,1615,1,1,1,2.0,5,41194,M,4739100.0,174100.0,41
201400031447,14,12,7,745,2,1,1,5.0,6,41282,M,4736000.0,181100.0,41
201400031448,14,1,7,1845,5,2,1,1.0,6,41150,M,4756200.0,145600.0,41
201400031449,14,2,14,1345,1,1,1,1.0,7,41031,M,4755300.0,139500.0,41
201400031450,14,2,27,1515,1,2,1,4.0,6,41050,M,4750200.0,146200.0,41
201400031451,14,3,24,1400,1,1,1,1.0,7,41067,M,4751600.0,147300.0,41
201400031452,14,5,30,1700,1,2,3,1.0,3,41025,M,4755000.0,154900.0,41
201400031453,14,7,10,1145,1,1,1,3.0,5,41067,M,4751700.0,144200.0,41
201400031454,14,8,6,1500,1,1,1,3.0,3,41148,M,4764300.0,142600.0,41
201400031455,14,10,22,1700,1,1,1,1.0,1,41150,M,4756700.0,144000.0,41
201400031456,14,2,27,1340,1,2,1,1.0,6,60057,M,,,60
201400031457,14,3,1,2250,5,2,1,1.0,6,60057,M,,,60
201400031458,14,3,20,850,1,2,2,1.0,3,60057,M,,,60
201400031459,14,3,30,30,5,2,1,1.0,6,60057,M,,,60
201400031460,14,4,16,1520,1,2,3,1.0,6,60057,M,,,60
201400031461,14,4,30,2140,5,2,3,1.0,6,60057,M,,,60
201400031462,14,5,16,2158,5,2,1,1.0,3,60057,M,,,60
201400031463,14,5,19,750,1,1,1,1.0,1,60057,M,,,60
201400031464,14,5,29,2015,2,2,2,1.0,1,60057,M,,,60
201400031465,14,5,30,1720,1,2,1,1.0,3,60057,M,,,60
201400031466,14,6,1,635,2,1,1,1.0,7,60057,M,,,60
201400031467,14,6,28,1152,1,2,6,1.0,3,60057,M,,,60
201400031468,14,8,22,1810,1,2,1,1.0,6,60057,M,,,60
201400031469,14,10,14,1620,1,2,2,1.0,3,60057,M,,,60
201400031470,14,10,13,705,5,2,1,2.0,3,60057,M,,,60
201400031471,14,12,20,1135,1,2,1,1.0,6,60057,M,,,60
201400031472,14,12,12,800,2,2,1,1.0,6,60057,M,,,60
201400031473,14,12,12,1025,1,2,1,2.0,6,60057,M,,,60
201400031474,14,12,20,1600,1,2,1,1.0,6,60057,M,,,60
201400031475,14,3,16,1630,1,2,1,1.0,1,22311,M,4852482.0,-224400.0,22
201400031476,14,4,20,230,3,1,1,1.0,6,22317,M,4842474.0,-225786.0,22
201400031477,14,5,11,1,3,2,1,1.0,6,22311,M,4855069.0,-223302.0,22
201400031478,14,7,26,1615,1,1,3,1.0,3,22172,M,4853747.0,-222426.0,22
201400031479,14,9,6,1530,1,1,2,1.0,3,22180,M,4844240.0,-223110.0,22
201400031480,14,9,14,1545,1,1,3,1.0,3,22172,M,4853747.0,-222424.0,22
201400031481,14,9,21,1800,1,2,1,1.0,3,22097,M,4843016.0,-217729.0,22
201400031482,14,10,10,1300,1,1,2,1.0,1,22049,M,4856409.0,-221303.0,22
201400031483,14,11,16,1215,1,2,1,1.0,3,22237,M,4853068.0,-226248.0,22
201400031484,14,12,2,1645,1,2,1,2.0,6,22172,M,4852236.0,-223413.0,22
201400031485,14,12,4,1045,1,1,1,1.0,7,22311,M,4856547.0,-224181.0,22
201400031486,14,12,19,830,4,2,9,3.0,6,22048,M,4847943.0,-215980.0,22
201400031487,14,1,17,1100,1,1,1,1.0,5,22065,M,4861872.0,-300160.0,22
201400031488,14,3,10,1615,1,1,2,1.0,2,22121,M,4863606.0,-297885.0,22
201400031489,14,4,15,800,1,2,1,1.0,6,22038,M,4854271.0,-297022.0,22
201400031490,14,5,3,2000,1,1,1,1.0,6,22177,M,4863273.0,-295448.0,22
201400031491,14,5,28,1930,1,1,1,1.0,5,22375,M,4862178.0,-297664.0,22
201400031492,14,6,6,2315,3,1,1,1.0,3,22182,M,4860368.0,-295636.0,22
201400031493,14,6,6,1700,1,1,1,1.0,4,22361,M,4860341.0,-295620.0,22
201400031494,14,7,18,2330,5,1,6,1.0,1,22121,M,4863360.0,-297679.0,22
201400031495,14,10,25,1515,1,1,1,1.0,1,22356,M,4856830.0,-289912.0,22
201400031496,14,11,4,1900,3,1,2,8.0,3,22182,M,4854568.0,-294537.0,22
201400031497,14,12,17,1100,1,1,1,2.0,1,22234,M,4848187.0,-294835.0,22
201400031498,14,1,10,725,2,2,6,1.0,6,60159,M,,,60
201400031499,14,1,27,2210,5,2,2,1.0,3,60159,M,,,60
201400031500,14,1,31,1915,5,2,1,8.0,6,60159,M,,,60
201400031501,14,2,11,1555,1,1,9,2.0,6,60159,M,,,60
201400031502,14,2,12,1720,1,2,1,2.0,2,60159,M,,,60
201400031503,14,2,12,2205,5,2,6,1.0,6,60159,M,,,60
201400031504,14,2,24,1200,1,1,6,1.0,2,60159,M,,,60
201400031505,14,3,9,1145,1,1,6,1.0,3,60665,M,,,60
201400031506,14,4,2,1745,1,2,3,1.0,3,60159,M,,,60
201400031507,14,4,8,1650,1,2,1,7.0,6,60159,M,,,60
201400031508,14,4,11,1505,1,2,1,1.0,7,60159,M,,,60
201400031509,14,4,12,1510,1,1,1,1.0,4,60665,M,,,60
201400031510,14,4,19,2300,3,1,1,1.0,7,60159,M,,,60
201400031511,14,4,23,2250,3,2,1,1.0,6,60325,M,,,60
201400031512,14,5,6,900,1,2,7,2.0,6,60159,M,,,60
201400031513,14,5,7,820,1,2,6,1.0,2,60159,M,,,60
201400031514,14,6,7,1635,1,1,1,1.0,7,60159,M,,,60
201400031515,14,6,22,1940,1,2,1,1.0,3,60159,M,,,60
201400031516,14,7,1,800,1,2,1,1.0,6,60159,M,,,60
201400031517,14,7,11,1445,1,2,1,2.0,6,60159,M,,,60
201400031518,14,7,24,810,1,2,2,1.0,6,60159,M,,,60
201400031519,14,9,13,1545,1,1,3,1.0,3,60159,M,,,60
201400031520,14,9,30,2025,5,2,1,1.0,6,60159,M,,,60
201400031521,14,10,11,1915,1,2,1,1.0,6,60159,M,,,60
201400031522,14,10,28,1705,1,2,1,1.0,6,60382,M,,,60
201400031523,14,11,5,2205,3,1,1,1.0,6,60159,M,,,60
201400031524,14,11,10,1750,3,2,3,1.0,3,60159,M,,,60
201400031525,14,11,11,915,1,1,6,7.0,2,60159,M,,,60
201400031526,14,11,23,1600,1,1,1,1.0,6,60159,M,,,60
201400031527,14,12,12,1715,5,2,1,3.0,6,60382,M,,,60
201400031528,14,12,13,600,5,2,1,1.0,6,60159,M,,,60
201400031529,14,12,13,610,5,1,6,2.0,6,60159,M,,,60
201400031530,14,12,16,1915,5,2,3,1.0,3,60382,M,,,60
201400031531,14,12,18,1310,1,1,1,8.0,6,60159,M,,,60
201400031532,14,12,20,1945,5,2,1,1.0,6,60159,M,,,60
201400031533,14,12,2,1045,1,2,2,1.0,6,60159,M,,,60
201400031534,14,1,5,1935,5,2,1,2.0,6,60175,M,,,60
201400031535,14,1,11,1910,3,1,1,1.0,1,60414,M,,,60
201400031536,14,1,27,740,5,2,1,8.0,6,60175,M,,,60
201400031537,14,2,28,2005,5,2,2,1.0,3,60463,M,,,60
201400031538,14,3,16,1400,1,2,1,1.0,6,60414,M,,,60
201400031539,14,4,1,1710,1,2,3,1.0,3,60463,M,,,60
201400031540,14,4,20,1620,1,2,4,1.0,3,60463,M,,,60
201400031541,14,4,25,410,3,1,1,8.0,6,60175,M,4925400.0,345699.0,60
201400031542,14,5,1,1740,1,2,1,1.0,6,60414,M,,,60
201400031543,14,5,7,1900,1,2,1,1.0,3,60414,M,,,60
201400031544,14,5,25,1645,1,2,1,1.0,2,60175,M,,,60
201400031545,14,5,30,1730,1,2,3,1.0,3,60175,M,,,60
201400031546,14,5,31,1840,1,2,2,1.0,1,60175,M,,,60
201400031547,14,6,3,2050,1,2,1,1.0,6,60175,M,,,60
201400031548,14,6,6,1815,1,2,1,1.0,6,60175,M,,,60
201400031549,14,6,28,1900,2,1,1,2.0,3,60463,M,,,60
201400031550,14,6,28,2130,3,1,1,3.0,3,60463,M,,,60
201400031551,14,7,1,1515,1,2,1,1.0,6,60175,M,,,60
201400031552,14,9,1,755,1,1,1,1.0,2,60175,M,,,60
201400031553,14,10,1,1145,1,2,9,1.0,3,60175,M,,,60
201400031554,14,10,8,1810,1,2,6,2.0,6,60601,M,,,60
201400031555,14,10,20,1200,1,2,2,1.0,3,60463,M,,,60
201400031556,14,10,23,1730,1,2,1,1.0,7,60175,M,,,60