Num_Acc,an,mois,jour,hrmn,lum,agg,int,atm,col,com,gps,lat,long,dep
201400031557,14,10,13,740,2,1,1,2.0,1,60175,M,,,60
201400031558,14,11,15,1505,1,2,1,1.0,6,60175,M,,,60
201400031559,14,11,13,1810,3,2,2,1.0,5,60175,M,,,60
201400031560,14,11,29,1645,1,2,2,1.0,3,60175,M,,,60
201400031561,14,11,28,1900,3,1,1,1.0,1,60175,M,,,60
201400031562,14,4,27,200,3,1,1,2.0,6,84088,M,4402201.0,505166.0,84
201400031563,14,8,23,1530,1,1,1,1.0,3,84088,M,0.0,0.0,84
201400031564,14,9,15,715,2,2,1,1.0,6,84088,M,4400886.0,506756.0,84
201400031565,14,1,29,1115,1,1,1,4.0,7,20186,M,4182848.0,908843.0,201
201400031566,14,5,28,1130,1,1,1,1.0,3,20363,M,4173766.0,910699.0,201
201400031567,14,9,3,1330,1,1,1,1.0,7,20024,M,4182590.0,909824.0,201
201400031568,14,10,11,1100,1,1,1,1.0,6,20254,M,4181400.0,924900.0,201
201400031569,14,12,28,1330,1,1,1,1.0,1,20142,M,0.0,0.0,201
201400031570,14,1,4,1900,1,1,1,1.0,3,91016,M,0.0,0.0,91
201400031571,14,3,8,1900,2,1,1,1.0,3,91414,M,0.0,0.0,91
201400031572,14,10,11,1530,1,1,1,1.0,6,91294,M,0.0,0.0,91
201400031573,14,1,5,1945,3,1,1,8.0,1,74096,M,0.0,0.0,74
201400031574,14,1,17,1715,1,1,1,1.0,6,74002,M,0.0,0.0,74
201400031575,14,1,28,1530,1,1,1,1.0,6,74182,M,0.0,0.0,74
201400031576,14,9,12,1930,1,1,1,1.0,6,74096,M,0.0,0.0,74
201400031577,14,9,21,2115,3,1,1,2.0,2,74116,M,0.0,0.0,74
201400031578,14,1,31,1215,1,2,3,2.0,3,61143,M,4844706.0,7781.0,61
201400031579,14,2,10,750,5,1,1,5.0,6,61143,M,4844504.0,6340.0,61
201400031580,14,2,21,720,2,2,3,1.0,3,61001,M,4842886.0,9440.0,61
201400031581,14,3,6,1040,1,1,1,1.0,7,61497,M,4845627.0,9128.0,61
201400031582,14,3,7,1345,1,2,2,1.0,6,61001,M,4842665.0,8390.0,61
201400031583,14,5,6,1240,1,2,1,1.0,6,61001,M,4843203.0,9515.0,61
201400031584,14,5,10,545,5,2,1,1.0,7,61077,M,4844835.0,11699.0,61
201400031585,14,5,18,200,3,1,1,1.0,7,61497,M,4846945.0,12776.0,61
201400031586,14,6,7,1910,1,2,7,1.0,3,61001,M,4843069.0,8235.0,61
201400031587,14,6,24,1610,1,2,1,1.0,6,61001,M,4842332.0,8987.0,61
201400031588,14,6,21,1045,1,1,1,1.0,6,61117,M,4842331.0,1611.0,61
201400031589,14,8,7,1930,1,2,2,1.0,3,61397,M,4842302.0,8082.0,61
201400031590,14,8,25,1325,1,2,1,2.0,6,61001,M,4843714.0,10393.0,61
201400031591,14,8,28,1050,1,2,3,1.0,3,61001,M,4844474.0,9805.0,61
201400031592,14,9,6,2210,5,2,3,1.0,1,61001,M,4842729.0,9306.0,61
201400031593,14,9,11,240,3,2,1,1.0,1,61117,M,4842554.0,6129.0,61
201400031594,14,9,11,1010,1,2,1,1.0,6,61001,M,4842852.0,9413.0,61
201400031595,14,9,10,1400,1,2,2,1.0,3,61001,M,4842729.0,8937.0,61
201400031596,14,9,25,1745,1,2,2,1.0,3,61001,M,4843333.0,9830.0,61
201400031597,14,11,14,1730,5,2,1,1.0,6,61001,M,4842335.0,8964.0,61
201400031598,14,12,3,1735,3,2,1,1.0,6,61117,M,4842887.0,6120.0,61
201400031599,14,12,4,755,5,2,3,1.0,1,61001,M,4842881.0,9438.0,61
201400031600,14,12,8,1755,5,2,3,1.0,6,61001,M,4843894.0,10012.0,61
201400031601,14,12,14,1715,5,2,1,5.0,6,61117,M,4843152.0,5897.0,61
201400031602,14,10,27,1020,1,2,1,1.0,6,61001,M,4842015.0,9455.0,61
201400031603,14,1,10,1745,5,2,2,1.0,3,61006,M,4874653.0,-2041.0,61
201400031604,14,8,18,1730,1,2,2,1.0,6,61006,M,4874920.0,-2351.0,61
201400031605,14,3,7,745,1,2,3,1.0,3,61006,M,4873483.0,-2698.0,61
201400031606,14,3,18,1040,1,2,1,1.0,6,61006,M,4874398.0,-2638.0,61
201400031607,14,7,1,850,1,2,2,1.0,3,61006,M,4874626.0,-1147.0,61
201400031608,14,8,1,1745,1,1,2,1.0,3,61006,M,4869661.0,196.0,61
201400031609,14,10,2,1250,1,2,1,1.0,6,61006,M,4876483.0,-2035.0,61
201400031610,14,10,11,1110,1,2,6,3.0,6,61006,M,4874241.0,-2011.0,61
201400031611,14,12,16,840,1,2,6,2.0,6,61006,M,4874905.0,-1488.0,61
201400031612,14,10,25,2335,5,2,6,1.0,2,61006,M,4873237.0,-3585.0,61
201400031613,14,1,13,845,1,2,2,1.0,6,61169,M,4874888.0,-56859.0,61
201400031614,14,3,11,1545,1,2,1,1.0,7,61169,M,4873284.0,-58022.0,61
201400031615,14,4,26,1405,1,2,1,2.0,2,61169,M,4875209.0,-57071.0,61
201400031616,14,8,14,1405,1,2,2,1.0,3,61169,M,4875033.0,-56817.0,61
201400031617,14,9,18,1730,1,1,1,1.0,5,61011,M,4877583.0,-56321.0,61
201400031618,14,9,20,935,1,2,6,7.0,7,61169,M,4875203.0,-57478.0,61
201400031619,14,10,2,1730,1,2,1,1.0,6,61169,M,4875076.0,-54166.0,61
201400031620,14,9,28,1625,1,1,1,1.0,7,61011,M,4876665.0,-55066.0,61
201400031621,14,10,3,815,1,2,6,1.0,3,61169,M,4874180.0,-55774.0,61
201400031622,14,10,19,1840,1,2,1,1.0,3,61169,M,4875246.0,-55841.0,61
201400031623,14,10,11,1150,1,2,4,1.0,1,61169,M,4873840.0,-56151.0,61
201400031624,14,12,13,915,1,2,1,3.0,6,61169,M,4875021.0,-56322.0,61
201400031625,14,1,30,845,2,1,1,1.0,6,16343,M,4558853.0,-17066.0,16
201400031626,14,2,16,1930,3,1,1,8.0,6,16150,M,4563449.0,-28310.0,16
201400031627,14,5,2,130,3,2,1,1.0,6,16012,M,4561816.0,-28287.0,16
201400031628,14,12,21,900,1,2,1,5.0,6,16340,M,4565866.0,-14606.0,16
201400031629,14,5,22,1245,1,1,1,1.0,6,16397,M,4588743.0,-7538.0,16
201400031630,14,8,11,1445,1,1,1,1.0,1,16142,M,4607360.0,6747.0,16
201400031631,14,10,20,2345,3,1,1,1.0,7,16185,M,4592910.0,11144.0,16
201400031632,14,4,12,1355,1,1,1,1.0,2,02359,M,0.0,0.0,02
201400031633,14,5,11,250,3,1,9,1.0,6,02257,M,0.0,0.0,02
201400031634,14,7,28,1400,1,1,1,3.0,2,02691,M,0.0,0.0,02
201400031635,14,9,16,130,3,1,1,1.0,6,02330,M,0.0,0.0,02
201400031636,14,11,2,215,3,1,1,1.0,6,02017,M,0.0,0.0,02
201400031637,14,11,21,1300,1,1,1,1.0,2,02776,M,0.0,0.0,02
201400031638,14,7,11,1615,1,2,1,1.0,4,17094,M,4608774.0,-109617.0,17
201400031639,14,7,17,1745,1,2,3,1.0,3,17193,M,0.0,0.0,17
201400031640,14,9,30,1800,1,2,2,1.0,2,17059,M,4616556.0,-102621.0,17
201400031641,14,8,1,830,1,2,1,1.0,2,17194,M,4612775.0,-98531.0,17
201400031642,14,8,4,1515,1,1,1,1.0,2,17315,M,4613548.0,-95847.0,17
201400031643,14,8,15,1030,1,2,1,1.0,6,17094,M,0.0,0.0,17
201400031644,14,10,17,2145,3,1,1,1.0,6,17373,M,4615529.0,-95894.0,17
201400031645,14,11,5,1830,2,1,1,2.0,4,17420,M,4612329.0,-104613.0,17
201400031646,14,12,30,1200,1,1,1,1.0,1,17413,M,4607779.0,-104116.0,17
201400031647,14,7,9,1600,1,1,1,2.0,2,60106,M,0.0,0.0,60
201400031648,14,8,8,1545,1,2,4,2.0,1,60451,M,0.0,0.0,60
201400031649,14,10,8,2200,3,1,1,9.0,7,60130,M,0.0,0.0,60
201400031650,14,10,19,1300,1,2,1,1.0,6,60454,M,0.0,0.0,60
201400031651,14,10,22,1215,1,2,1,1.0,3,60454,M,0.0,0.0,60
201400031652,14,11,20,1845,3,1,1,1.0,3,60130,M,0.0,0.0,60
201400031653,14,12,10,1415,1,1,1,8.0,3,60040,M,0.0,0.0,60
201400031654,14,12,27,1300,1,1,4,1.0,3,62753,M,5030856.0,279212.0,62
201400031655,14,1,8,1805,5,2,1,1.0,6,62753,M,5029886.0,280240.0,62
201400031656,14,1,9,1455,1,2,6,8.0,3,62037,M,5031030.0,275074.0,62
201400031657,14,1,9,1730,2,2,1,8.0,6,62041,M,5029547.0,276689.0,62
201400031658,14,1,11,1445,1,1,1,7.0,2,62099,M,5026566.0,279642.0,62
201400031659,14,1,30,1155,1,2,3,1.0,3,62041,M,5029049.0,275649.0,62
201400031660,14,2,6,2110,5,2,1,2.0,7,62041,M,5028805.0,277107.0,62
201400031661,14,2,11,405,5,1,1,1.0,1,62764,M,5030108.0,278400.0,62
201400031662,14,2,11,1700,2,2,8,3.0,3,62004,M,5027852.0,276431.0,62
201400031663,14,2,16,510,5,2,1,2.0,6,62004,M,5027971.0,276609.0,62
201400031664,14,2,16,925,1,1,1,8.0,6,62263,M,5026750.0,272290.0,62
201400031665,14,2,16,830,1,2,1,1.0,2,62744,M,5030046.0,276514.0,62
201400031666,14,2,26,1525,1,2,1,1.0,6,62041,M,5029110.0,278131.0,62
201400031667,14,3,14,1720,1,1,2,1.0,3,62004,M,5027184.0,274530.0,62
201400031668,14,3,28,130,5,2,9,1.0,6,62041,M,5028446.0,276428.0,62
201400031669,14,3,29,2150,5,2,1,1.0,6,62041,M,5028982.0,277376.0,62
201400031670,14,5,15,2200,5,2,1,1.0,6,62041,M,5028430.0,278507.0,62
201400031671,14,5,22,730,1,1,6,1.0,3,62753,M,5028876.0,280788.0,62
201400031672,14,6,10,755,1,2,1,1.0,7,62041,M,5028590.0,277761.0,62
201400031673,14,6,12,1650,1,2,1,1.0,6,62041,M,5028735.0,276623.0,62
201400031674,14,5,21,1000,1,1,1,1.0,2,62753,M,5030820.0,279851.0,62
201400031675,14,6,19,240,5,2,1,1.0,6,62041,M,5029502.0,276847.0,62
201400031676,14,6,27,2025,1,2,1,1.0,6,62041,M,5027981.0,278152.0,62
201400031677,14,7,1,1445,1,1,2,1.0,3,62037,M,5031187.0,272071.0,62
201400031678,14,6,24,1820,1,1,1,1.0,3,62753,M,5030819.0,278982.0,62
201400031679,14,6,11,930,1,1,2,1.0,3,62004,M,5027181.0,274527.0,62
201400031680,14,7,13,1910,1,2,1,1.0,1,62004,M,5027427.0,278347.0,62
201400031681,14,6,30,1115,1,2,1,1.0,6,62041,M,5028028.0,278169.0,62
201400031682,14,8,24,300,5,2,1,1.0,3,62037,M,5031842.0,273729.0,62
201400031683,14,9,4,1845,1,2,2,1.0,3,62041,M,5028895.0,274287.0,62
201400031684,14,9,10,1630,1,2,6,1.0,6,62041,M,5028718.0,278638.0,62
201400031685,14,9,15,1225,1,2,6,1.0,3,62753,M,5030501.0,280169.0,62
201400031686,14,9,27,1645,1,2,1,7.0,6,62041,M,5029812.0,274889.0,62
201400031687,14,10,7,1800,2,2,1,3.0,6,62041,M,5028707.0,274595.0,62
201400031688,14,10,6,820,1,2,1,1.0,6,62041,M,5029297.0,276849.0,62
201400031689,14,9,30,1015,1,2,1,1.0,6,62753,M,5030060.0,280202.0,62
201400031690,14,10,22,950,1,2,1,1.0,6,62041,M,5028797.0,277934.0,62
201400031691,14,10,17,730,2,2,1,1.0,6,62041,M,5028196.0,280629.0,62
201400031692,14,10,27,1815,3,1,1,1.0,3,62744,M,5032373.0,275289.0,62
201400031693,14,10,31,1250,1,2,1,1.0,6,62041,M,5029295.0,276850.0,62
201400031694,14,11,29,1645,2,1,2,8.0,2,62004,M,5027182.0,274529.0,62
201400031695,14,12,2,930,1,2,6,8.0,6,62041,M,5029908.0,274492.0,62
201400031696,14,12,6,1720,5,2,3,1.0,3,62753,M,5030686.0,280202.0,62
201400031697,14,12,6,1915,5,2,3,8.0,1,62099,M,5026376.0,278846.0,62
201400031698,14,12,12,1630,2,2,1,2.0,6,62041,M,5029302.0,277837.0,62
201400031699,14,12,18,2330,3,1,1,2.0,3,62037,M,5031237.0,272048.0,62
201400031700,14,12,23,220,5,2,1,1.0,6,62041,M,5026469.0,279198.0,62
201400031701,14,12,27,2210,5,2,3,2.0,3,62041,M,5029192.0,277241.0,62
201400031702,14,1,3,1320,1,1,1,1.0,1,62197,M,5049378.0,245937.0,62
201400031703,14,1,25,1540,1,1,1,1.0,1,62048,M,5051952.0,246614.0,62
201400031704,14,1,30,1855,3,2,1,8.0,6,62048,M,5051045.0,246276.0,62
201400031705,14,2,18,1118,1,2,6,1.0,5,62516,M,5056835.0,246051.0,62
201400031706,14,2,14,820,1,2,6,1.0,3,62048,M,5051439.0,247228.0,62
201400031707,14,3,6,1745,1,2,1,1.0,3,62048,M,5051009.0,246627.0,62
201400031708,14,3,16,1940,5,2,1,1.0,6,62532,M,5051898.0,249802.0,62
201400031709,14,6,2,2131,1,2,3,1.0,1,62048,M,5051652.0,245182.0,62
201400031710,14,7,4,1050,1,2,1,1.0,6,62516,M,5056553.0,247295.0,62
201400031711,14,11,27,2255,4,1,1,8.0,7,62516,M,5054801.0,251756.0,62
201400031712,14,12,1,930,1,1,2,1.0,3,62516,M,5056510.0,246318.0,62
201400031713,14,11,22,930,1,2,1,1.0,6,62570,M,5041276.0,287720.0,62
201400031714,14,1,6,915,1,2,3,1.0,3,62065,M,5040967.0,282926.0,62
201400031715,14,1,14,750,2,2,1,3.0,6,62065,M,5041388.0,282707.0,62
201400031716,14,4,21,1540,1,2,1,8.0,7,62065,M,5041661.0,282242.0,62
201400031717,14,3,29,1600,1,2,2,1.0,1,62065,M,5039899.0,283763.0,62
201400031718,14,4,6,1350,1,2,2,1.0,3,62724,M,5040368.0,291987.0,62
201400031719,14,4,9,810,2,2,1,1.0,3,62065,M,5042209.0,284186.0,62
201400031720,14,4,26,1855,1,2,3,1.0,3,62570,M,5040603.0,287845.0,62
201400031721,14,5,1,1450,1,2,1,1.0,7,62065,M,5041536.0,284398.0,62
201400031722,14,5,9,2310,5,2,2,1.0,6,62065,M,5041120.0,283092.0,62
201400031723,14,5,19,2115,5,2,1,1.0,1,62570,M,5039894.0,288276.0,62
201400031724,14,6,17,1600,1,2,2,1.0,7,62570,M,5040161.0,287138.0,62
201400031725,14,6,27,1110,1,2,3,1.0,6,62065,M,5040893.0,283042.0,62
201400031726,14,7,26,1730,1,2,6,1.0,5,62065,M,5041359.0,283368.0,62
201400031727,14,7,31,245,5,2,1,1.0,6,62570,M,5040471.0,287321.0,62
201400031728,14,8,13,1300,1,2,2,1.0,3,62065,M,5041120.0,283090.0,62
201400031729,14,8,18,955,1,2,6,1.0,2,62277,M,5038759.0,291739.0,62
201400031730,14,8,24,1955,1,2,1,1.0,3,62570,M,5041063.0,288380.0,62
201400031731,14,9,12,855,1,2,1,1.0,6,62065,M,5040017.0,283540.0,62
201400031732,14,9,20,815,1,2,2,1.0,3,62724,M,5040338.0,291408.0,62
201400031733,14,10,6,1835,1,2,2,2.0,3,62570,M,5040322.0,288051.0,62
201400031734,14,10,6,2130,3,1,1,2.0,7,62065,M,5040058.0,282493.0,62
201400031735,14,10,10,1315,1,2,1,1.0,2,62570,M,5040671.0,287922.0,62
201400031736,14,10,18,1710,1,2,1,1.0,3,62277,M,5039925.0,293681.0,62
201400031737,14,11,8,1910,5,2,4,1.0,3,62724,M,5039289.0,290450.0,62
201400031738,14,11,5,1205,1,2,1,1.0,6,62570,M,5040702.0,287956.0,62
201400031739,14,12,3,2030,5,2,6,1.0,6,62570,M,5040902.0,286089.0,62
201400031740,14,12,20,9,3,1,1,2.0,1,62065,M,5040507.0,282455.0,62
201400031741,14,4,12,940,1,2,6,1.0,2,62108,M,5041109.0,159377.0,62
201400031742,14,5,26,2045,2,2,2,3.0,3,62108,M,5041441.0,158676.0,62
201400031743,14,8,14,1530,1,2,1,1.0,6,62108,M,5040599.0,159560.0,62
201400031744,14,9,13,1330,1,2,2,1.0,3,62108,M,5041125.0,157756.0,62
201400031745,14,10,2,2340,5,2,2,1.0,6,62108,M,5040840.0,157811.0,62
201400031746,14,10,18,2040,5,2,3,1.0,3,62108,M,5040529.0,156872.0,62
201400031747,14,10,31,100,5,2,1,1.0,7,62108,M,5040949.0,156989.0,62
201400031748,14,12,16,1440,1,2,2,1.0,6,62108,M,5040650.0,156351.0,62
201400031749,14,1,5,940,1,2,1,1.0,6,62735,M,5050095.0,269621.0,62
201400031750,14,1,3,1220,1,2,1,1.0,6,62119,M,5052302.0,262779.0,62
201400031751,14,1,8,750,5,2,1,2.0,3,62119,M,5052541.0,265001.0,62
201400031752,14,1,11,1530,1,2,1,1.0,3,62330,M,5055509.0,276850.0,62
201400031753,14,1,16,750,2,2,1,2.0,6,62119,M,5052797.0,265106.0,62
201400031754,14,1,17,2020,5,2,3,2.0,1,62051,M,5051270.0,278395.0,62
201400031755,14,1,28,1900,3,1,1,2.0,7,62863,M,5051638.0,277140.0,62
201400031756,14,2,9,200,5,2,3,6.0,6,62119,M,5052995.0,264482.0,62
201400031757,14,2,15,955,1,2,3,1.0,6,62132,M,5051577.0,286156.0,62
201400031758,14,2,27,1545,1,1,1,1.0,7,62846,M,5048925.0,275856.0,62
201400031759,14,3,9,1330,1,2,3,1.0,6,62035,M,5054448.0,262286.0,62
201400031760,14,4,15,1745,1,2,1,1.0,6,62119,M,5053048.0,263781.0,62
201400031761,14,4,26,820,1,2,3,1.0,3,62119,M,5052957.0,264760.0,62
201400031762,14,5,18,2158,5,2,6,1.0,7,62132,M,5052314.0,285344.0,62
201400031763,14,5,24,1020,1,2,3,1.0,3,62119,M,5052443.0,265277.0,62
201400031764,14,5,28,1850,1,1,2,1.0,5,62863,M,5053474.0,276923.0,62
201400031765,14,5,30,810,1,2,4,1.0,3,62846,M,5048769.0,274571.0,62
201400031766,14,6,15,2000,1,2,1,1.0,6,62119,M,5052472.0,265194.0,62
201400031767,14,6,6,1345,1,1,1,1.0,6,62035,M,5055435.0,263365.0,62
201400031768,14,8,1,920,1,2,2,1.0,6,62119,M,5053097.0,263186.0,62
201400031769,14,8,16,2215,4,1,1,1.0,7,62126,M,5051357.0,269213.0,62
201400031770,14,8,11,1330,1,1,2,2.0,3,62626,M,5049701.0,273051.0,62
201400031771,14,8,12,2040,2,2,1,1.0,3,62119,M,5053169.0,265310.0,62
201400031772,14,8,12,1850,1,2,3,1.0,6,62035,M,5053872.0,261208.0,62
201400031773,14,9,8,1730,1,1,6,1.0,3,62350,M,5051119.0,261941.0,62
201400031774,14,9,15,1340,1,2,1,1.0,6,62276,M,5050936.0,280766.0,62
201400031775,14,9,30,1940,2,2,1,1.0,3,62841,M,5054139.0,260838.0,62
201400031776,14,10,6,1735,1,2,1,2.0,6,62736,M,5050207.0,269779.0,62
201400031777,14,9,26,1640,1,2,1,1.0,6,62119,M,5052133.0,263115.0,62
201400031778,14,10,8,1710,1,2,1,1.0,3,62119,M,5052073.0,264611.0,62
201400031779,14,10,14,2335,5,2,2,2.0,3,62401,M,5050882.0,280781.0,62
201400031780,14,10,30,2015,3,1,1,1.0,5,62735,M,5049606.0,270272.0,62
201400031781,14,11,2,930,1,2,2,1.0,6,62262,M,5051266.0,274741.0,62
201400031782,14,10,12,1020,1,2,6,1.0,3,62119,M,5052812.0,264251.0,62
201400031783,14,11,20,730,5,1,1,1.0,6,62276,M,5050497.0,283885.0,62
201400031784,14,11,23,645,5,2,9,8.0,6,62119,M,5053680.0,263622.0,62
201400031785,14,11,27,1735,1,2,1,8.0,6,62119,M,5053028.0,263596.0,62
201400031786,14,11,20,945,1,1,1,1.0,6,62276,M,5052311.0,282481.0,62
201400031787,14,11,7,1640,1,2,1,2.0,3,62119,M,5053523.0,263810.0,62
201400031788,14,12,7,1340,1,2,1,1.0,1,62276,M,5050880.0,281772.0,62
201400031789,14,12,27,2105,3,1,1,2.0,6,62119,M,5054017.0,265336.0,62
201400031790,14,1,11,1045,1,2,1,8.0,6,62758,M,5071785.0,165712.0,62
201400031791,14,1,13,1545,1,2,1,7.0,6,62893,M,5077788.0,161191.0,62
201400031792,14,1,25,1900,4,2,1,3.0,6,62667,M,5071599.0,159111.0,62
201400031793,14,2,3,1625,1,2,1,7.0,6,62160,M,5073424.0,159469.0,62
201400031794,14,2,4,1020,1,2,1,1.0,2,62758,M,5072267.0,164339.0,62
201400031795,14,2,26,1730,1,2,2,1.0,6,62160,M,5072624.0,160739.0,62
201400031796,14,3,5,220,5,2,1,1.0,6,62643,M,5069739.0,157896.0,62
201400031797,14,3,24,820,1,2,1,1.0,6,62160,M,5071988.0,161534.0,62
201400031798,14,5,18,1115,1,2,1,1.0,3,62758,M,5072636.0,164053.0,62
201400031799,14,4,12,1015,1,2,1,1.0,6,62160,M,5073374.0,160026.0,62
201400031800,14,5,25,215,5,2,1,1.0,7,62160,M,5071988.0,159939.0,62
201400031801,14,6,28,1740,1,2,1,1.0,1,62160,M,5072161.0,161074.0,62
201400031802,14,7,10,2130,1,2,3,8.0,3,62160,M,5072085.0,161242.0,62
201400031803,14,7,30,2115,2,2,1,1.0,2,62160,M,5072389.0,160784.0,62
201400031804,14,8,17,1250,1,2,1,8.0,6,62160,M,5072056.0,160548.0,62
201400031805,14,9,24,1230,1,2,3,1.0,3,62160,M,5071559.0,161427.0,62
201400031806,14,10,4,120,3,1,1,1.0,6,62894,M,5074407.0,160968.0,62
201400031807,14,10,6,1205,1,2,1,8.0,3,62160,M,5073401.0,159465.0,62
201400031808,14,10,28,840,1,2,2,7.0,3,62643,M,5069973.0,158917.0,62
201400031809,14,11,1,815,1,2,1,8.0,1,62160,M,5071254.0,159804.0,62
201400031810,14,10,21,1825,5,1,1,1.0,6,62160,M,5072008.0,160170.0,62
201400031811,14,12,8,1655,2,2,1,1.0,6,62160,M,5071448.0,161415.0,62
201400031812,14,12,26,1720,5,1,1,3.0,6,62160,M,4884617.0,224101.0,62
201400031813,14,1,8,1545,1,1,4,1.0,6,62445,M,5048934.0,260257.0,62
201400031814,14,2,12,755,1,1,1,1.0,5,62445,M,5049400.0,260634.0,62
201400031815,14,3,1,15,5,2,1,2.0,6,62400,M,5046772.0,256712.0,62
201400031816,14,3,20,2020,5,2,1,1.0,6,62270,M,5048166.0,250349.0,62
201400031817,14,4,10,1705,1,2,1,1.0,3,62270,M,5047271.0,251888.0,62
201400031818,14,5,1,700,1,2,1,1.0,7,62178,M,5048413.0,254839.0,62
201400031819,14,6,9,1845,1,2,3,2.0,3,62178,M,5048361.0,255528.0,62
201400031820,14,6,11,1710,1,2,3,1.0,6,62178,M,5048181.0,253714.0,62
201400031821,14,6,17,1155,1,2,1,1.0,6,62457,M,5040246.0,286915.0,62
201400031822,14,6,22,1225,1,2,3,1.0,2,62178,M,5047370.0,252811.0,62
201400031823,14,8,3,640,1,1,1,1.0,7,62445,M,5048617.0,260068.0,62
201400031824,14,9,11,1325,1,2,9,1.0,1,62178,M,5047230.0,255315.0,62
201400031825,14,9,22,1355,1,2,2,1.0,3,62178,M,5049047.0,256445.0,62
201400031826,14,10,13,1015,1,2,1,1.0,1,62270,M,5047336.0,250924.0,62
201400031827,14,11,28,1515,1,2,1,8.0,1,62400,M,5046912.0,257002.0,62
201400031828,14,12,7,1150,1,2,1,8.0,1,62377,M,5051104.0,258609.0,62
201400031829,14,12,9,1655,2,2,1,1.0,1,62178,M,5049521.0,257194.0,62
201400031830,14,12,21,1945,5,2,1,8.0,1,62178,M,5049267.0,256929.0,62
201400031831,14,5,21,1805,1,2,1,1.0,3,62178,M,5048784.0,256000.0,62
201400031832,14,1,2,1415,1,2,1,2.0,6,62193,M,5094610.0,183958.0,62
201400031833,14,1,28,1015,1,2,2,7.0,6,62193,M,5095031.0,188694.0,62
201400031834,14,1,7,820,2,2,3,1.0,6,62193,M,5093895.0,188061.0,62
201400031835,14,1,11,1300,1,2,1,7.0,6,62193,M,5094537.0,183257.0,62
201400031836,14,2,8,140,5,2,6,2.0,6,62193,M,5094704.0,192182.0,62
201400031837,14,2,6,1200,1,2,1,1.0,6,62193,M,5095594.0,183485.0,62
201400031838,14,1,29,1415,1,2,1,1.0,3,62239,M,5094219.0,180686.0,62
201400031839,14,3,20,1655,1,2,2,1.0,3,62193,M,5094683.0,184573.0,62
201400031840,14,4,1,1325,1,2,1,1.0,6,62193,M,5094705.0,185982.0,62
201400031841,14,4,8,1855,1,2,2,1.0,6,62244,M,5092664.0,186783.0,62
201400031842,14,4,20,1735,1,2,6,1.0,2,62193,M,5096546.0,184177.0,62
201400031843,14,5,2,1815,1,1,1,1.0,5,62193,M,,,62
201400031844,14,5,2,1700,1,2,3,1.0,3,62193,M,5094485.0,182703.0,62
201400031845,14,5,16,1610,1,2,3,1.0,3,62193,M,5095412.0,185689.0,62
201400031846,14,5,24,1540,1,2,1,1.0,6,62193,M,5093962.0,186102.0,62
201400031847,14,6,7,1950,1,2,2,1.0,3,62193,M,5094798.0,185126.0,62
201400031848,14,6,16,1605,1,2,2,1.0,3,62244,M,5092616.0,187568.0,62
201400031849,14,7,6,1800,1,2,1,1.0,1,62193,M,5094785.0,183356.0,62
201400031850,14,7,11,1745,1,2,1,1.0,1,62193,M,5096785.0,189659.0,62
201400031851,14,8,1,1200,1,2,1,1.0,6,62193,M,5094859.0,182673.0,62
201400031852,14,8,10,1755,1,2,4,6.0,3,62548,M,5094780.0,195119.0,62
201400031853,14,8,27,1945,2,2,1,1.0,6,62193,M,5095591.0,188420.0,62
201400031854,14,9,3,1355,1,1,1,1.0,1,62239,M,5093200.0,181081.0,62
201400031855,14,9,5,1720,1,2,1,1.0,2,62193,M,5094898.0,185413.0,62
201400031856,14,9,16,1330,1,2,1,7.0,2,62193,M,5093924.0,187505.0,62
201400031857,14,10,1,845,1,2,3,1.0,6,62193,M,5094664.0,184416.0,62
201400031858,14,10,5,200,5,2,5,1.0,6,62193,M,5094027.0,185131.0,62
201400031859,14,10,7,945,1,2,1,1.0,6,62193,M,5095481.0,189466.0,62
201400031860,14,10,12,2045,3,1,1,3.0,6,62193,M,5096060.0,190528.0,62
201400031861,14,10,16,1205,1,1,1,2.0,6,62239,M,5093823.0,181552.0,62
201400031862,14,10,26,1050,1,2,6,1.0,6,62774,M,5095903.0,182776.0,62
201400031863,14,11,16,235,5,2,1,1.0,6,62548,M,5094690.0,191618.0,62
201400031864,14,11,19,2350,5,2,6,1.0,3,62193,M,5094945.0,186175.0,62
201400031865,14,11,15,1655,2,2,1,1.0,6,62193,M,5094579.0,187437.0,62
201400031866,14,11,23,1150,1,2,2,1.0,3,62193,M,5095879.0,184687.0,62
201400031867,14,11,25,700,2,1,1,1.0,6,62774,M,5093792.0,177541.0,62