Num_Acc,an,mois,jour,hrmn,lum,agg,int,atm,col,com,gps,lat,long,dep
201400031868,14,11,28,55,3,1,1,8.0,6,62193,M,5095368.0,190603.0,62
201400031869,14,12,4,1815,5,2,2,1.0,3,62193,M,5094585.0,187656.0,62
201400031870,14,12,12,2020,3,1,3,1.0,3,62548,M,5093932.0,194061.0,62
201400031871,14,11,28,1720,5,2,1,1.0,4,62239,M,5093213.0,180687.0,62
201400031872,14,1,10,700,5,2,4,1.0,6,62215,M,5048548.0,295974.0,62
201400031873,14,1,17,1410,1,1,3,1.0,3,62215,M,5048206.0,297572.0,62
201400031874,14,2,6,1120,1,2,2,2.0,3,62413,M,5044562.0,289658.0,62
201400031875,14,1,27,1710,2,2,1,2.0,6,62413,M,5044684.0,290389.0,62
201400031876,14,2,24,15,3,1,1,1.0,2,62215,M,5048505.0,293448.0,62
201400031877,14,3,23,1350,1,2,3,2.0,3,62311,M,5047450.0,291071.0,62
201400031878,14,4,7,2140,3,1,1,8.0,2,62215,M,5047994.0,295737.0,62
201400031879,14,3,22,1515,1,2,1,7.0,1,62907,M,5047660.0,301172.0,62
201400031880,14,4,10,1630,1,2,3,1.0,3,62215,M,5049560.0,296969.0,62
201400031881,14,4,16,1730,1,2,3,1.0,5,62215,M,5050173.0,294681.0,62
201400031882,14,5,3,1600,1,2,3,1.0,3,62907,M,5048204.0,300402.0,62
201400031883,14,5,16,1430,1,2,3,1.0,1,62413,M,5044344.0,289811.0,62
201400031884,14,4,23,1625,1,2,3,1.0,2,62250,M,5045488.0,294642.0,62
201400031885,14,5,5,720,1,1,6,1.0,2,62215,M,5050504.0,295024.0,62
201400031886,14,6,8,1430,1,2,2,1.0,3,62413,M,5044334.0,288314.0,62
201400031887,14,6,7,2030,1,2,2,1.0,3,62033,M,5046370.0,287974.0,62
201400031888,14,6,10,1815,1,2,1,1.0,6,62637,M,5047081.0,298373.0,62
201400031889,14,6,10,1930,1,2,2,1.0,3,62413,M,5044151.0,288535.0,62
201400031890,14,6,20,1445,1,1,3,1.0,2,62033,M,5045311.0,287627.0,62
201400031891,14,7,4,20,5,2,2,1.0,3,62215,M,5048983.0,295486.0,62
201400031892,14,7,13,30,5,2,1,1.0,5,62215,M,5049202.0,298092.0,62
201400031893,14,7,25,1640,1,2,1,1.0,6,62250,M,5045231.0,295155.0,62
201400031894,14,7,27,215,5,2,1,1.0,6,62413,M,5044585.0,290950.0,62
201400031895,14,7,3,1850,1,1,3,1.0,3,62033,M,5045311.0,287629.0,62
201400031896,14,8,8,1310,1,2,1,2.0,6,62413,M,5044610.0,290507.0,62
201400031897,14,8,24,445,5,2,1,1.0,6,62666,M,5047165.0,288463.0,62
201400031898,14,9,10,1755,1,2,2,1.0,3,62637,M,5047139.0,299755.0,62
201400031899,14,9,12,1700,1,2,3,7.0,3,62413,M,5044455.0,290569.0,62
201400031900,14,8,28,2030,2,2,1,1.0,3,62413,M,5044076.0,288730.0,62
201400031901,14,10,10,1815,1,2,1,1.0,6,62413,M,5044473.0,290407.0,62
201400031902,14,9,6,1350,1,2,1,1.0,1,62250,M,5046529.0,294236.0,62
201400031903,14,10,7,1000,1,2,1,2.0,1,62907,M,5048448.0,301574.0,62
201400031904,14,10,21,1845,3,1,1,1.0,4,62907,M,5048591.0,298738.0,62
201400031905,14,11,6,715,2,1,1,1.0,4,62637,M,5046781.0,300227.0,62
201400031906,14,12,6,1225,1,1,6,1.0,3,62907,M,5048282.0,300278.0,62
201400031907,14,12,1,730,2,2,3,2.0,3,62666,M,5046948.0,287556.0,62
201400031908,14,12,26,1900,5,2,2,1.0,3,62215,M,5049339.0,295759.0,62
201400031909,14,12,8,1200,1,2,2,1.0,3,62427,M,5041634.0,297709.0,62
201400031910,14,11,8,425,3,2,1,1.0,6,62427,M,5043298.0,295298.0,62
201400031911,14,1,24,1245,1,2,1,1.0,6,62249,M,5041818.0,301785.0,62
201400031912,14,2,7,1545,1,2,2,1.0,6,62427,M,5041975.0,294516.0,62
201400031913,14,2,16,920,1,2,6,1.0,6,62351,M,5043062.0,291076.0,62
201400031914,14,1,20,1215,1,2,1,1.0,6,62351,M,5042522.0,290633.0,62
201400031915,14,2,23,1300,1,2,1,1.0,6,62133,M,5041981.0,291400.0,62
201400031916,14,2,11,1225,1,2,1,3.0,3,62427,M,5041643.0,297676.0,62
201400031917,14,4,11,1505,1,1,1,1.0,6,62351,M,5043736.0,292113.0,62
201400031918,14,4,19,1615,1,2,1,1.0,6,62427,M,5042066.0,294632.0,62
201400031919,14,4,17,1425,1,2,3,1.0,6,62427,M,5042047.0,294947.0,62
201400031920,14,4,22,2145,5,2,3,1.0,6,62427,M,5042082.0,295198.0,62
201400031921,14,4,5,2200,5,2,2,1.0,3,62624,M,5042019.0,299439.0,62
201400031922,14,4,28,1925,1,2,1,1.0,6,62274,M,5043229.0,299196.0,62
201400031923,14,4,11,1330,1,2,1,1.0,6,62427,M,5042800.0,294595.0,62
201400031924,14,4,23,1810,1,2,3,1.0,3,62351,M,5042110.0,289319.0,62
201400031925,14,4,10,1750,1,2,1,1.0,6,62427,M,5040091.0,296479.0,62
201400031926,14,5,23,755,1,1,2,1.0,5,62321,M,5043518.0,303552.0,62
201400031927,14,5,21,1010,1,2,1,8.0,6,62427,M,5042065.0,294668.0,62
201400031928,14,6,1,1915,1,2,1,1.0,3,62351,M,5042647.0,291976.0,62
201400031929,14,6,7,800,2,1,1,1.0,6,62274,M,5045331.0,300987.0,62
201400031930,14,6,7,1840,1,2,1,1.0,6,62427,M,5040889.0,294022.0,62
201400031931,14,6,7,1930,1,2,1,1.0,6,62427,M,5041660.0,294686.0,62
201400031932,14,6,9,1315,1,2,1,2.0,1,62497,M,5043961.0,306620.0,62
201400031933,14,5,16,1730,1,2,1,1.0,6,62249,M,5041130.0,301582.0,62
201400031934,14,6,20,850,1,2,2,1.0,3,62321,M,5044047.0,302064.0,62
201400031935,14,7,4,30,5,2,1,1.0,6,62133,M,5041984.0,290034.0,62
201400031936,14,6,24,1740,1,2,9,1.0,3,62351,M,5044439.0,290828.0,62
201400031937,14,9,12,450,3,1,1,1.0,1,62274,M,5043777.0,299384.0,62
201400031938,14,8,28,1040,1,2,1,1.0,6,62427,M,5042383.0,294464.0,62
201400031939,14,9,23,1110,1,2,3,1.0,2,62427,M,5042242.0,294593.0,62
201400031940,14,10,11,1215,1,2,6,1.0,6,62249,M,5041900.0,301467.0,62
201400031941,14,9,23,1115,1,1,9,1.0,3,62624,M,5041153.0,297914.0,62
201400031942,14,10,25,2150,5,2,1,1.0,7,62427,M,5042733.0,296336.0,62
201400031943,14,9,27,1440,1,2,1,1.0,2,62427,M,5043611.0,294519.0,62
201400031944,14,10,31,1725,2,2,2,1.0,3,62497,M,5043012.0,306067.0,62
201400031945,14,11,8,630,5,1,9,1.0,3,62321,M,5043232.0,302562.0,62
201400031946,14,10,17,2140,5,2,1,1.0,1,62133,M,5042541.0,291897.0,62
201400031947,14,11,27,1520,1,2,1,1.0,3,62497,M,5043949.0,305906.0,62
201400031948,14,12,4,1755,2,2,3,1.0,3,62249,M,5040969.0,300373.0,62
201400031949,14,11,22,730,2,2,6,1.0,2,62497,M,5044260.0,306320.0,62
201400031950,14,12,11,2225,5,2,3,1.0,1,62427,M,5042069.0,295135.0,62
201400031951,14,11,15,1345,1,2,1,1.0,2,62498,M,5044145.0,280606.0,62
201400031952,14,1,16,2120,5,2,1,1.0,6,62771,M,5041972.0,287286.0,62
201400031953,14,12,24,1700,5,2,1,3.0,3,62498,M,5042697.0,280622.0,62
201400031954,14,1,17,1910,5,2,2,2.0,3,62895,M,5049434.0,285091.0,62
201400031955,14,12,24,1455,1,2,1,3.0,2,62771,M,5042003.0,286169.0,62
201400031956,14,1,3,1035,1,2,1,2.0,6,62842,M,5047362.0,286647.0,62
201400031957,14,1,11,1130,1,2,3,1.0,3,62498,M,5043853.0,281150.0,62
201400031958,14,3,1,400,5,2,1,1.0,3,62498,M,5043999.0,279735.0,62
201400031959,14,3,8,100,5,2,1,1.0,6,62498,M,5042463.0,281566.0,62
201400031960,14,3,11,1805,1,2,1,1.0,6,62498,M,5044329.0,281983.0,62
201400031961,14,3,22,1330,1,2,2,1.0,3,62895,M,5048952.0,284093.0,62
201400031962,14,4,10,1000,1,2,1,1.0,6,62498,M,5043099.0,284011.0,62
201400031963,14,4,12,2115,5,2,1,1.0,6,62498,M,5043908.0,279584.0,62
201400031964,14,3,29,1730,1,2,2,1.0,3,62628,M,5041982.0,288644.0,62
201400031965,14,4,10,835,1,2,1,1.0,6,62498,M,5043216.0,282961.0,62
201400031966,14,5,4,1600,1,1,1,1.0,2,62628,M,5042826.0,286676.0,62
201400031967,14,5,15,1855,1,2,1,1.0,6,62498,M,5044226.0,283177.0,62
201400031968,14,5,17,1610,1,2,1,1.0,1,62842,M,5045999.0,284791.0,62
201400031969,14,5,28,1135,1,2,1,1.0,2,62842,M,5047328.0,286984.0,62
201400031970,14,5,22,1630,1,1,9,1.0,2,62895,M,5048643.0,283627.0,62
201400031971,14,3,29,700,1,2,2,1.0,3,62842,M,5045592.0,284502.0,62
201400031972,14,3,5,1325,1,2,2,1.0,3,62498,M,5044565.0,283313.0,62
201400031973,14,6,28,430,5,2,6,1.0,6,62771,M,5042392.0,284722.0,62
201400031974,14,4,25,1400,1,2,2,1.0,3,62498,M,5043984.0,281355.0,62
201400031975,14,4,19,1650,1,2,2,1.0,6,62771,M,5042080.0,285874.0,62
201400031976,14,5,25,945,1,2,1,1.0,6,62498,M,5043124.0,284176.0,62
201400031977,14,5,18,1700,1,2,1,1.0,6,62895,M,5049744.0,287248.0,62
201400031978,14,6,13,1050,1,2,1,1.0,6,62628,M,5042140.0,287125.0,62
201400031979,14,7,7,2140,2,2,1,1.0,6,62628,M,5042098.0,287501.0,62
201400031980,14,7,31,1530,1,2,1,1.0,6,62464,M,5049198.0,280909.0,62
201400031981,14,8,2,525,2,2,1,1.0,6,62498,M,5044148.0,282031.0,62
201400031982,14,8,4,1745,2,2,1,1.0,2,62498,M,5043187.0,280730.0,62
201400031983,14,8,9,2320,5,1,1,1.0,6,62628,M,5043421.0,286968.0,62
201400031984,14,8,17,45,5,2,1,1.0,6,62771,M,5042512.0,284248.0,62
201400031985,14,8,13,1935,1,2,1,1.0,6,62771,M,5039447.0,292805.0,62
201400031986,14,9,7,1715,1,2,2,1.0,3,62628,M,5042532.0,287636.0,62
201400031987,14,8,28,1000,1,2,1,1.0,6,62523,M,5044024.0,286068.0,62
201400031988,14,9,3,925,1,2,2,1.0,3,62498,M,5044309.0,283047.0,62
201400031989,14,9,22,1420,1,2,1,1.0,6,62498,M,5042520.0,281814.0,62
201400031990,14,9,15,1735,1,2,1,1.0,2,62895,M,5049490.0,285488.0,62
201400031991,14,9,17,905,1,2,1,1.0,6,62498,M,5043899.0,279561.0,62
201400031992,14,9,30,1250,1,2,3,1.0,2,62498,M,5044354.0,280371.0,62
201400031993,14,9,2,940,1,2,1,1.0,6,62498,M,5042915.0,283130.0,62
201400031994,14,10,8,610,5,2,3,8.0,7,62523,M,5043889.0,287481.0,62
201400031995,14,9,28,35,4,2,3,1.0,3,62498,M,5043852.0,281149.0,62
201400031996,14,10,9,940,1,2,1,1.0,6,62498,M,5043616.0,281586.0,62
201400031997,14,10,9,810,1,2,1,1.0,5,62498,M,5043152.0,282509.0,62
201400031998,14,11,4,1700,1,1,1,1.0,5,62573,M,5049033.0,289405.0,62
201400031999,14,10,8,1150,1,2,1,8.0,6,62842,M,5047238.0,286878.0,62
201400032000,14,10,24,1900,3,1,1,2.0,1,62573,M,5049032.0,289374.0,62
201400032001,14,11,3,1425,1,2,1,3.0,6,62498,M,5043826.0,279425.0,62
201400032002,14,12,2,750,1,2,8,1.0,6,62498,M,5043787.0,279366.0,62
201400032003,14,12,11,720,2,2,1,3.0,3,62498,M,5045139.0,281763.0,62
201400032004,14,1,6,1330,1,2,1,2.0,3,62032,M,5040840.0,275689.0,62
201400032005,14,12,20,830,1,2,1,1.0,7,62510,M,5041825.0,276976.0,62
201400032006,14,2,15,1820,1,2,1,1.0,3,62563,M,5047069.0,271862.0,62
201400032007,14,2,14,2010,2,1,1,1.0,7,62510,M,5042737.0,278882.0,62
201400032008,14,2,1,2000,5,2,1,1.0,6,62510,M,5041737.0,279310.0,62
201400032009,14,3,8,1915,2,2,1,1.0,3,62510,M,5041490.0,276370.0,62
201400032010,14,3,12,1950,1,2,1,1.0,2,62528,M,5044564.0,278790.0,62
201400032011,14,3,22,1220,1,2,1,4.0,3,62510,M,5042329.0,278520.0,62
201400032012,14,3,28,1200,1,2,1,1.0,7,62186,M,5043911.0,272657.0,62
201400032013,14,4,4,1445,1,1,1,1.0,3,62510,M,5042640.0,279120.0,62
201400032014,14,4,8,755,1,2,1,1.0,6,62510,M,5041502.0,276391.0,62
201400032015,14,4,21,2155,5,2,1,1.0,6,62510,M,5042375.0,275620.0,62
201400032016,14,4,29,740,1,2,1,1.0,6,62019,M,5042892.0,270741.0,62
201400032017,14,4,28,1345,1,2,1,1.0,6,62510,M,5042239.0,277572.0,62
201400032018,14,5,7,2130,2,2,1,1.0,1,62386,M,5044630.0,273923.0,62
201400032019,14,5,13,1430,1,2,1,1.0,3,62186,M,5044675.0,272292.0,62
201400032020,14,5,19,1715,1,2,1,1.0,7,62386,M,5044869.0,274271.0,62
201400032021,14,6,2,2100,1,2,1,1.0,6,62186,M,5044302.0,272302.0,62
201400032022,14,6,5,2310,5,2,1,1.0,5,62563,M,5046654.0,271978.0,62
201400032023,14,6,13,1930,1,2,1,1.0,3,62510,M,5042466.0,277474.0,62
201400032024,14,6,26,2105,1,2,6,1.0,3,62019,M,5042641.0,271142.0,62
201400032025,14,7,2,1505,1,2,1,1.0,3,62186,M,5045681.0,272202.0,62
201400032026,14,7,28,1215,1,2,1,1.0,7,62510,M,5042260.0,278741.0,62
201400032027,14,8,2,1625,1,2,1,1.0,3,62510,M,5042144.0,279673.0,62
201400032028,14,8,5,1820,1,1,1,1.0,6,62019,M,5043533.0,269422.0,62
201400032029,14,8,14,2345,5,2,1,1.0,3,62186,M,5045475.0,272103.0,62
201400032030,14,8,21,45,5,2,2,1.0,3,62510,M,5041494.0,276372.0,62
201400032031,14,8,30,1230,1,2,1,1.0,7,62528,M,5045780.0,279380.0,62
201400032032,14,9,15,1840,1,2,1,1.0,3,62510,M,5043710.0,277951.0,62
201400032033,14,9,17,930,1,2,1,1.0,7,62510,M,5042299.0,278303.0,62
201400032034,14,10,6,1750,1,2,1,1.0,3,62563,M,5045908.0,272217.0,62
201400032035,14,10,11,1900,1,2,1,1.0,1,62386,M,5045199.0,273276.0,62
201400032036,14,11,2,2300,5,2,1,2.0,1,62186,M,5044625.0,273070.0,62
201400032037,14,11,12,1645,1,2,1,1.0,7,62510,M,5042392.0,277777.0,62
201400032038,14,11,19,805,1,2,1,1.0,2,62186,M,5044025.0,271985.0,62
201400032039,14,11,16,1430,1,1,1,1.0,3,62510,M,5042218.0,277345.0,62
201400032040,14,12,1,700,2,2,1,1.0,3,62186,M,5044832.0,273249.0,62
201400032041,14,12,11,1850,2,2,1,1.0,7,62510,M,5042292.0,277095.0,62
201400032042,14,12,5,1730,2,2,1,1.0,3,62032,M,5040807.0,276108.0,62
201400032043,14,12,21,1855,2,2,1,1.0,7,62510,M,5041826.0,276977.0,62
201400032044,14,3,16,1700,1,2,1,1.0,6,62197,M,5048040.0,247790.0,62
201400032045,14,3,27,2305,5,2,1,1.0,6,62555,M,5050165.0,250171.0,62
201400032046,14,8,2,1320,1,1,2,1.0,3,62555,M,5049932.0,252731.0,62
201400032047,14,8,16,1805,1,1,2,1.0,5,62555,M,5049927.0,252734.0,62
201400032048,14,1,22,1600,1,2,1,2.0,1,62737,M,5045420.0,268442.0,62
201400032049,14,4,9,1720,1,2,2,1.0,3,62737,M,5044440.0,268332.0,62
201400032050,14,2,8,1935,5,2,1,1.0,6,62617,M,5048207.0,266732.0,62
201400032051,14,3,22,1710,1,2,1,1.0,6,62083,M,5045486.0,261629.0,62
201400032052,14,3,28,810,1,2,1,1.0,6,62083,M,5045744.0,262297.0,62
201400032053,14,4,13,1923,1,1,1,1.0,1,62617,M,5047052.0,268548.0,62
201400032054,14,4,21,1225,1,2,6,1.0,3,62540,M,5045093.0,257907.0,62
201400032055,14,5,15,830,1,2,1,1.0,6,62737,M,5043580.0,267638.0,62
201400032056,14,6,1,2050,2,1,1,1.0,7,62456,M,5048017.0,261554.0,62
201400032057,14,7,19,1630,1,1,1,1.0,7,62540,M,5045524.0,257303.0,62
201400032058,14,8,6,2010,1,2,1,1.0,1,62083,M,5044465.0,261390.0,62
201400032059,14,8,28,1718,1,1,1,1.0,1,62456,M,5047787.0,261071.0,62
201400032060,14,8,31,650,2,1,1,1.0,6,62617,M,5047554.0,267822.0,62
201400032061,14,8,12,900,1,2,1,1.0,6,62617,M,5046615.0,267334.0,62
201400032062,14,9,6,455,5,2,9,1.0,6,62617,M,5048016.0,266559.0,62
201400032063,14,11,3,2055,5,2,1,2.0,6,62737,M,5045067.0,268595.0,62
201400032064,14,8,23,2300,5,2,1,2.0,6,62902,M,5070778.0,222711.0,62
201400032065,14,1,13,1130,1,2,1,1.0,6,62765,M,5075731.0,226078.0,62
201400032066,14,1,17,1740,5,2,1,2.0,6,62525,M,5074244.0,224806.0,62
201400032067,14,2,4,1310,1,1,1,1.0,3,62765,M,5078719.0,225134.0,62
201400032068,14,2,20,740,2,2,1,2.0,6,62765,M,5074119.0,225767.0,62
201400032069,14,5,26,1855,1,2,1,2.0,3,62525,M,5074339.0,225011.0,62
201400032070,14,7,14,2015,1,2,1,1.0,6,62765,M,5076456.0,226095.0,62
201400032071,14,8,6,1910,1,2,1,1.0,3,62525,M,5073927.0,227180.0,62
201400032072,14,10,31,1000,1,2,1,7.0,6,62757,M,5075456.0,223821.0,62
201400032073,14,11,11,1945,5,2,2,1.0,3,62525,M,5074330.0,227452.0,62
201400032074,14,9,25,1535,1,2,1,1.0,6,62826,M,5052325.0,158057.0,62
201400032075,14,2,15,1150,1,2,2,1.0,3,62826,M,5052516.0,158554.0,62
201400032076,14,3,16,700,2,2,1,1.0,6,62826,M,5050812.0,160847.0,62
201400032077,14,4,13,1150,1,2,2,1.0,3,62826,M,5051735.0,161024.0,62
201400032078,14,4,21,430,5,2,1,1.0,6,62826,M,5050876.0,160010.0,62
201400032079,14,6,12,1220,1,2,2,1.0,6,62826,M,5052401.0,158456.0,62
201400032080,14,7,11,10,5,2,6,3.0,7,62826,M,5051209.0,161561.0,62
201400032081,14,7,22,1755,1,2,9,1.0,6,62826,M,5052246.0,158748.0,62
201400032082,14,8,10,510,5,2,2,2.0,3,62826,M,5051985.0,158246.0,62
201400032083,14,8,18,955,1,2,3,1.0,3,62826,M,5051532.0,160610.0,62
201400032084,14,8,13,755,2,2,9,1.0,2,62826,M,5050960.0,161984.0,62
201400032085,14,8,20,1525,1,2,2,1.0,1,62826,M,5051147.0,160628.0,62
201400032086,14,8,23,1425,1,2,1,1.0,6,62826,M,5051518.0,158395.0,62
201400032087,14,9,13,2000,2,2,2,1.0,3,62826,M,5051838.0,158204.0,62
201400032088,14,10,2,1210,1,2,2,1.0,4,62826,M,5052337.0,158828.0,62
201400032089,14,10,3,1030,1,2,2,1.0,6,62826,M,5052313.0,158461.0,62
201400032090,14,12,23,1130,1,2,2,2.0,1,62826,M,5052704.0,158383.0,62
201400032091,14,1,4,700,5,2,1,1.0,6,63075,M,,,63
201400032092,14,1,4,910,1,2,3,1.0,3,63113,M,4579301.0,308883.0,63
201400032093,14,1,9,1650,1,2,1,1.0,6,63113,M,,,63
201400032094,14,1,12,1734,1,2,1,1.0,3,63113,M,,,63
201400032095,14,1,10,2100,5,2,3,1.0,3,63113,M,4576969.0,310252.0,63
201400032096,14,1,25,914,1,2,1,1.0,6,63032,M,,,63
201400032097,14,1,24,100,5,2,1,1.0,2,63113,M,,,63
201400032098,14,2,1,320,3,2,1,1.0,2,63113,M,,,63
201400032099,14,1,30,1427,1,2,1,1.0,7,63308,M,,,63
201400032100,14,2,5,2045,5,2,1,1.0,6,63113,M,,,63
201400032101,14,2,8,500,5,2,2,1.0,3,63113,M,,,63
201400032102,14,2,9,550,3,1,1,4.0,1,63308,M,,,63
201400032103,14,2,14,1837,2,2,1,1.0,6,63113,M,4578176.0,311007.0,63
201400032104,14,2,21,2015,5,2,1,1.0,1,63113,M,,,63
201400032105,14,2,22,600,5,2,2,1.0,3,63113,M,,,63
201400032106,14,2,27,950,1,2,1,1.0,6,63113,M,,,63
201400032107,14,3,13,2049,5,2,1,1.0,6,63113,M,4577037.0,309161.0,63
201400032108,14,3,9,2020,5,2,2,1.0,7,63075,M,4577631.0,307324.0,63
201400032109,14,3,15,1956,2,2,2,1.0,3,63113,M,4577650.0,307510.0,63
201400032110,14,3,15,2100,5,2,1,1.0,6,63113,M,,,63
201400032111,14,3,16,1325,1,2,1,1.0,6,63075,M,4577187.0,305979.0,63
201400032112,14,3,18,1800,3,2,1,1.0,1,63113,M,,,63
201400032113,14,3,19,754,1,2,1,1.0,6,63113,M,,,63
201400032114,14,3,20,845,1,2,1,7.0,6,63113,M,,,63
201400032115,14,3,28,1710,1,2,1,1.0,1,63113,M,,,63
201400032116,14,4,2,1800,1,2,1,1.0,6,63113,M,,,63
201400032117,14,4,7,1600,1,2,1,1.0,3,63113,M,,,63
201400032118,14,4,18,1000,1,2,1,1.0,6,63113,M,,,63
201400032119,14,5,10,1730,1,1,1,1.0,1,63070,M,,,63
201400032120,14,4,24,840,1,2,1,1.0,6,63113,M,,,63
201400032121,14,4,23,1105,1,2,1,1.0,2,63113,M,4577474.0,307860.0,63
201400032122,14,5,28,1620,1,2,1,1.0,6,63070,M,,,63
201400032123,14,5,28,1620,1,2,1,1.0,6,63032,M,,,63
201400032124,14,5,28,1950,1,2,2,1.0,6,63113,M,4576941.0,309097.0,63
201400032125,14,5,17,1700,1,2,1,1.0,3,63075,M,,,63
201400032126,14,6,7,1840,1,2,1,1.0,2,63113,M,,,63
201400032127,14,6,5,1530,1,2,1,1.0,3,63113,M,,,63
201400032128,14,6,6,1629,1,2,1,1.0,6,63113,M,4580425.0,310951.0,63
201400032129,14,6,4,1810,1,2,1,1.0,6,63113,M,4579006.0,307891.0,63
201400032130,14,6,11,1210,1,2,2,1.0,3,63113,M,4578850.0,309554.0,63
201400032131,14,6,13,1810,1,2,1,1.0,6,63113,M,4578934.0,310841.0,63
201400032132,14,6,19,850,1,2,1,1.0,6,63113,M,,,63
201400032133,14,6,21,1700,1,2,1,1.0,2,63113,M,,,63
201400032134,14,6,26,815,1,2,1,1.0,3,63113,M,,,63
201400032135,14,6,19,743,1,2,1,1.0,6,63113,M,,,63
201400032136,14,7,3,1055,1,2,1,1.0,6,63113,M,,,63
201400032137,14,7,9,435,5,2,1,1.0,6,63113,M,4578693.0,310391.0,63
201400032138,14,7,12,200,5,2,3,1.0,2,63113,M,4578499.0,307794.0,63
201400032139,14,7,13,640,1,2,2,1.0,6,63113,M,4577722.0,309642.0,63
201400032140,14,7,18,1100,1,2,1,1.0,6,63113,M,,,63
201400032141,14,7,20,620,1,2,1,1.0,6,63113,M,,,63
201400032142,14,7,18,1545,1,2,1,1.0,2,63113,M,4579190.0,311632.0,63
201400032143,14,7,20,450,5,2,3,3.0,3,63113,M,4578222.0,309528.0,63
201400032144,14,7,31,1200,1,2,1,1.0,7,63113,M,,,63
201400032145,14,7,31,1940,1,2,5,1.0,6,63113,M,4578223.0,309541.0,63
201400032146,14,8,6,2214,5,2,1,1.0,6,63113,M,4576925.0,311602.0,63
201400032147,14,8,11,2000,1,2,1,1.0,6,63113,M,4581078.0,310229.0,63
201400032148,14,8,5,1215,1,2,1,1.0,3,63032,M,4573095.0,319986.0,63
201400032149,14,8,10,206,5,2,1,1.0,3,63113,M,,,63
201400032150,14,8,19,1909,1,2,1,1.0,1,63070,M,4543919.0,930408.0,63
201400032151,14,8,20,2155,5,2,1,1.0,6,63113,M,,,63
201400032152,14,8,21,1530,1,2,1,1.0,7,63070,M,,,63
201400032153,14,8,21,1430,1,2,1,1.0,3,63032,M,4575382.0,308483.0,63
201400032154,14,8,30,2140,5,2,3,1.0,3,63113,M,4579531.0,310979.0,63
201400032155,14,9,3,1820,1,2,3,1.0,3,63113,M,4578349.0,307524.0,63
201400032156,14,9,6,11,5,1,4,1.0,3,63113,M,4577886.0,312625.0,63
201400032157,14,9,7,1850,1,2,1,1.0,6,63113,M,4578440.0,309766.0,63
201400032158,14,9,5,1620,1,2,1,1.0,6,63113,M,4576474.0,309777.0,63
201400032159,14,9,19,1545,1,2,1,1.0,3,63113,M,,,63
201400032160,14,9,26,730,2,2,3,1.0,3,63113,M,4579184.0,309920.0,63
201400032161,14,9,16,730,2,2,3,1.0,3,63113,M,4579187.0,309922.0,63
201400032162,14,10,8,1220,1,2,1,1.0,6,63113,M,,,63
201400032163,14,10,10,1750,1,2,1,2.0,1,63113,M,,,63
201400032164,14,10,15,1350,1,2,1,1.0,6,63113,M,4578286.0,307136.0,63
201400032165,14,10,17,1110,1,2,2,1.0,6,63113,M,4577628.0,309007.0,63
201400032166,14,10,28,230,5,2,1,5.0,4,63113,M,,,63
201400032167,14,10,28,845,1,2,1,1.0,6,63075,M,4577523.0,306547.0,63
201400032168,14,10,30,2125,5,2,1,1.0,3,63014,M,,,63
201400032169,14,10,31,1610,1,2,1,1.0,3,63113,M,,,63
201400032170,14,10,29,730,1,2,1,1.0,3,63113,M,,,63
201400032171,14,11,4,1130,1,2,1,8.0,3,63113,M,4576862.0,307844.0,63
201400032172,14,11,22,230,5,2,1,1.0,7,63113,M,4576475.0,311023.0,63
201400032173,14,11,10,930,1,1,1,1.0,2,63113,M,,,63
201400032174,14,11,25,1945,5,2,1,8.0,1,63113,M,,,63
201400032175,14,11,23,1658,1,1,1,1.0,1,63113,M,,,63
201400032176,14,11,27,140,5,2,1,8.0,6,63014,M,,,63
201400032177,14,11,24,1745,5,2,1,1.0,6,63113,M,,,63
201400032178,14,11,28,1730,2,1,3,1.0,3,63113,M,4576224.0,309473.0,63
201400032179,14,11,30,845,1,2,1,1.0,6,63113,M,4576044.0,309377.0,63
201400032180,14,11,28,1903,5,2,1,3.0,5,63113,M,4577008.0,310802.0,63
201400032181,14,11,30,1500,1,2,1,1.0,3,63113,M,,,63
201400032182,14,11,29,1600,1,2,1,8.0,6,63113,M,4577986.0,310735.0,63
201400032183,14,10,31,2005,5,2,1,1.0,3,63113,M,,,63
201400032184,14,12,5,1350,1,2,1,1.0,6,63113,M,4579649.0,311264.0,63
201400032185,14,12,13,545,3,1,1,1.0,6,63032,M,,,63
201400032186,14,12,9,820,2,2,1,9.0,6,63113,M,,,63