Num_Acc,an,mois,jour,hrmn,lum,agg,int,atm,col,com,gps,lat,long,dep
201400032187,14,12,14,2300,5,2,2,8.0,3,63113,M,4576542.0,308225.0,63
201400032188,14,12,11,1450,1,2,1,1.0,6,63113,M,4577413.0,310210.0,63
201400032189,14,12,12,1100,1,2,3,1.0,6,63113,M,4579529.0,311038.0,63
201400032190,14,12,22,1510,1,2,2,1.0,3,63032,M,4575329.0,308799.0,63
201400032191,14,12,25,2210,5,2,2,1.0,6,63113,M,4578839.0,309554.0,63
201400032192,14,12,13,1515,1,2,1,1.0,6,63113,M,,,63
201400032193,14,1,11,1415,1,2,1,1.0,6,63069,M,4572845.0,318613.0,63
201400032194,14,1,20,800,2,2,1,2.0,6,63124,M,4573804.0,319324.0,63
201400032195,14,1,24,955,1,2,1,2.0,3,63193,M,4577631.0,320211.0,63
201400032196,14,1,24,1835,5,2,8,9.0,1,63124,M,,,63
201400032197,14,1,30,1700,1,2,2,1.0,3,63193,M,,,63
201400032198,14,1,30,2340,5,2,3,1.0,6,63124,M,4575124.0,316053.0,63
201400032199,14,2,7,800,1,2,1,1.0,7,63124,M,,,63
201400032200,14,2,11,950,1,2,2,1.0,6,63069,M,4571847.0,318444.0,63
201400032201,14,2,19,1740,1,1,1,1.0,7,63069,M,4571411.0,319372.0,63
201400032202,14,2,25,805,2,2,6,1.0,6,63069,M,4571806.0,318824.0,63
201400032203,14,3,1,1555,1,2,3,1.0,3,63124,M,4574581.0,320520.0,63
201400032204,14,3,4,950,1,1,1,2.0,2,63193,M,,,63
201400032205,14,3,9,945,1,2,1,1.0,7,63124,M,4572749.0,320242.0,63
201400032206,14,3,12,835,1,2,1,1.0,6,63124,M,4573683.0,319502.0,63
201400032207,14,4,5,1755,1,2,2,1.0,3,63124,M,,,63
201400032208,14,4,2,1700,1,2,2,1.0,2,63193,M,,,63
201400032209,14,4,4,855,1,2,2,1.0,3,63124,M,4573160.0,319991.0,63
201400032210,14,4,23,1600,1,2,3,1.0,6,63124,M,4573195.0,319330.0,63
201400032211,14,4,22,1820,1,2,1,1.0,2,63193,M,4577393.0,318013.0,63
201400032212,14,4,28,414,5,2,3,1.0,2,63124,M,4573955.0,319709.0,63
201400032213,14,4,25,1710,1,1,4,2.0,3,63124,M,4573193.0,318249.0,63
201400032214,14,4,26,1855,1,1,1,2.0,1,63124,M,4573937.0,322256.0,63
201400032215,14,4,30,1340,1,2,9,2.0,7,63124,M,4573076.0,319109.0,63
201400032216,14,5,14,1615,1,2,2,1.0,5,63193,M,,,63
201400032217,14,5,30,935,1,2,3,1.0,6,63124,M,4573149.0,319300.0,63
201400032218,14,7,5,1840,1,2,3,1.0,3,63272,M,4572757.0,314569.0,63
201400032219,14,7,7,1630,1,2,3,1.0,6,63124,M,4574640.0,316371.0,63
201400032220,14,8,2,735,1,2,2,1.0,7,63124,M,4573095.0,319986.0,63
201400032221,14,8,9,1300,1,1,1,1.0,3,63193,M,,,63
201400032222,14,8,29,2015,5,2,4,1.0,3,63124,M,4573979.0,319735.0,63
201400032223,14,9,7,1715,1,2,2,1.0,3,63124,M,4573727.0,317485.0,63
201400032224,14,9,29,1023,1,2,2,2.0,3,63124,M,4573158.0,319994.0,63
201400032225,14,10,6,815,2,2,4,1.0,6,63193,M,4576960.0,319122.0,63
201400032226,14,11,27,1400,1,2,3,1.0,3,63124,M,4574473.0,317155.0,63
201400032227,14,11,29,2055,3,2,1,1.0,1,63193,M,,,63
201400032228,14,4,17,1800,1,2,1,1.0,6,63063,M,4581772.0,311342.0,63
201400032229,14,6,2,1920,1,2,1,1.0,6,63164,M,4582413.0,314961.0,63
201400032230,14,6,18,2030,2,2,1,1.0,6,63164,M,4582721.0,314001.0,63
201400032231,14,6,21,1115,1,2,1,1.0,6,63164,M,4581786.0,315395.0,63
201400032232,14,6,20,1400,1,2,1,1.0,6,63164,M,4583329.0,315845.0,63
201400032233,14,7,10,1630,1,1,1,2.0,6,63164,M,4583721.0,313125.0,63
201400032234,14,9,13,1720,1,2,1,1.0,6,63063,M,4582863.0,310090.0,63
201400032235,14,9,25,2025,3,2,1,1.0,6,63164,M,4582834.0,315803.0,63
201400032236,14,10,24,1430,1,2,1,1.0,6,63164,M,4582484.0,314999.0,63
201400032237,14,11,23,1730,3,2,1,1.0,6,63019,M,4579541.0,316670.0,63
201400032238,14,11,21,1400,1,2,2,1.0,3,63019,M,4579164.0,316525.0,63
201400032239,14,12,5,1730,3,2,1,1.0,2,63164,M,4582294.0,313720.0,63
201400032240,14,1,12,1910,3,1,1,1.0,5,63103,M,4554343.0,345699.0,63
201400032241,14,1,24,1810,2,2,1,2.0,6,63103,M,4555104.0,345699.0,63
201400032242,14,3,17,1445,1,2,1,1.0,6,63300,M,4589436.0,311259.0,63
201400032243,14,4,12,1015,1,2,2,1.0,6,63300,M,4589167.0,311382.0,63
201400032244,14,6,19,800,1,2,6,5.0,3,63300,M,4553219.0,345699.0,63
201400032245,14,7,18,755,1,1,1,1.0,3,63300,M,4553193.0,345699.0,63
201400032246,14,7,23,1750,1,2,1,1.0,6,63300,M,4553290.0,345699.0,63
201400032247,14,8,5,1720,1,1,3,1.0,3,63300,M,4552160.0,345699.0,63
201400032248,14,8,17,1715,1,2,1,1.0,6,63212,M,4587362.0,307202.0,63
201400032249,14,10,14,1915,5,2,2,2.0,6,63300,M,4553347.0,345699.0,63
201400032250,14,11,6,1900,3,1,1,1.0,1,63245,M,4553530.0,345690.0,63
201400032251,14,11,27,735,2,2,9,8.0,6,63300,M,4589345.0,310910.0,63
201400032252,14,12,8,748,2,1,1,8.0,4,63300,M,,,63
201400032253,14,1,1,935,1,2,1,1.0,7,64102,M,,,64
201400032254,14,1,4,20,5,2,1,8.0,7,64024,M,,,64
201400032255,14,1,7,1715,2,2,3,1.0,7,64102,M,,,64
201400032256,14,1,9,1820,5,2,2,1.0,3,64140,M,,,64
201400032257,14,1,13,1730,2,2,3,1.0,3,64024,M,,,64
201400032258,14,1,15,1625,1,2,1,1.0,3,64024,M,,,64
201400032259,14,1,16,1400,1,2,1,1.0,3,64102,M,,,64
201400032260,14,1,29,1905,5,2,3,3.0,3,64024,M,,,64
201400032261,14,2,7,1628,1,2,1,1.0,6,64024,M,,,64
201400032262,14,2,7,1909,5,2,3,1.0,3,64024,M,,,64
201400032263,14,2,15,1105,1,2,1,2.0,3,64024,M,,,64
201400032264,14,2,17,1735,1,2,3,1.0,7,64024,M,,,64
201400032265,14,2,20,1335,1,2,1,1.0,1,64140,M,,,64
201400032266,14,3,7,755,1,2,3,1.0,6,64102,M,,,64
201400032267,14,3,7,2035,5,2,1,1.0,5,64102,M,,,64
201400032268,14,3,9,1710,1,2,1,1.0,2,64102,M,,,64
201400032269,14,3,10,1715,1,2,1,1.0,3,64102,M,,,64
201400032270,14,3,14,715,2,2,1,1.0,6,64024,M,,,64
201400032271,14,3,16,1,5,2,1,1.0,7,64102,M,,,64
201400032272,14,3,17,1950,5,2,3,1.0,1,64024,M,,,64
201400032273,14,3,19,2225,5,2,2,1.0,3,64102,M,,,64
201400032274,14,3,20,1739,1,2,3,1.0,5,64024,M,,,64
201400032275,14,3,25,2125,5,2,2,3.0,3,64024,M,4348104.0,-153472.0,64
201400032276,14,4,1,1120,1,2,1,1.0,6,64024,M,,,64
201400032277,14,4,5,1700,1,2,1,1.0,2,64140,M,,,64
201400032278,14,4,7,835,1,2,3,1.0,3,64102,M,,,64
201400032279,14,4,9,1155,1,2,1,1.0,6,64024,M,,,64
201400032280,14,4,12,2240,5,2,1,1.0,6,64102,M,,,64
201400032281,14,4,14,1400,1,2,1,1.0,7,64024,M,,,64
201400032282,14,4,16,1435,1,2,3,1.0,3,64024,M,,,64
201400032283,14,4,17,750,1,2,3,1.0,6,64024,M,,,64
201400032284,14,4,17,1730,1,2,3,1.0,3,64102,M,,,64
201400032285,14,4,21,1840,1,2,1,1.0,2,64102,M,,,64
201400032286,14,5,3,845,1,2,1,1.0,7,64102,M,,,64
201400032287,14,5,3,1300,1,2,1,1.0,7,64102,M,,,64
201400032288,14,5,9,952,1,2,1,1.0,1,64102,M,,,64
201400032289,14,5,13,845,1,2,1,8.0,2,64102,M,,,64
201400032290,14,5,15,1710,1,2,6,1.0,5,64102,M,,,64
201400032291,14,5,17,430,5,2,1,1.0,7,64024,M,,,64
201400032292,14,5,18,1436,1,2,1,1.0,2,64024,M,,,64
201400032293,14,5,18,2100,1,2,1,1.0,7,64024,M,,,64
201400032294,14,5,21,2309,5,2,1,8.0,6,64140,M,,,64
201400032295,14,5,27,2055,1,2,3,1.0,3,64024,M,,,64
201400032296,14,6,3,1750,1,2,3,1.0,1,64102,M,4348399.0,-147669.0,64
201400032297,14,6,4,650,2,2,6,2.0,7,64102,M,4350472.0,-144683.0,64
201400032298,14,6,5,1500,1,2,1,1.0,4,64102,M,4349885.0,-148832.0,64
201400032299,14,6,11,1540,1,2,1,1.0,2,64024,M,4349735.0,-154030.0,64
201400032300,14,6,13,2120,1,2,3,1.0,3,64024,M,4350243.0,-150713.0,64
201400032301,14,6,15,700,1,2,2,1.0,3,64102,M,4350636.0,-146724.0,64
201400032302,14,6,15,2315,5,2,1,1.0,7,64024,M,4348817.0,-152677.0,64
201400032303,14,6,17,1950,1,2,6,1.0,1,64102,M,4349379.0,-149162.0,64
201400032304,14,6,20,225,5,2,1,1.0,7,64102,M,4349820.0,-149075.0,64
201400032305,14,6,21,1740,1,2,2,1.0,3,64024,M,4349050.0,-149785.0,64
201400032306,14,6,23,935,1,2,1,1.0,7,64024,M,4349897.0,-152766.0,64
201400032307,14,6,24,1320,1,2,1,1.0,5,64102,M,4350385.0,-147428.0,64
201400032308,14,6,28,1510,1,2,1,1.0,3,64024,M,4348138.0,-151099.0,64
201400032309,14,7,1,1345,1,2,3,2.0,7,64102,M,4349428.0,-146773.0,64
201400032310,14,7,9,1210,1,2,1,8.0,3,64102,M,4350410.0,-147325.0,64
201400032311,14,7,9,1520,1,2,3,1.0,2,64024,M,4348134.0,-151099.0,64
201400032312,14,7,11,1315,1,2,1,1.0,7,64140,M,,,64
201400032313,14,7,17,2200,2,2,1,1.0,6,64102,M,4349672.0,-148275.0,64
201400032314,14,7,22,910,1,2,2,1.0,3,64102,M,4350634.0,-146724.0,64
201400032315,14,7,23,2305,5,2,6,1.0,7,64024,M,4352601.0,-151678.0,64
201400032316,14,7,26,145,5,2,1,1.0,2,64102,M,,,64
201400032317,14,7,26,555,5,2,6,8.0,7,64024,M,4348149.0,-150976.0,64
201400032318,14,7,28,1910,1,2,3,8.0,3,64024,M,,,64
201400032319,14,7,29,1530,1,2,1,1.0,2,64102,M,4348598.0,-146101.0,64
201400032320,14,8,4,120,5,2,1,8.0,7,64102,M,,,64
201400032321,14,8,6,1810,1,2,1,1.0,3,64024,M,4348039.0,-151681.0,64
201400032322,14,8,12,530,3,2,1,1.0,7,64024,M,,,64
201400032323,14,8,12,855,1,2,3,1.0,3,64024,M,,,64
201400032324,14,8,14,718,1,2,1,2.0,7,64024,M,4349814.0,-149356.0,64
201400032325,14,8,18,1645,1,2,6,1.0,4,64024,M,4349419.0,-151905.0,64
201400032326,14,8,20,1554,1,2,3,8.0,3,64102,M,4350312.0,-149458.0,64
201400032327,14,8,20,2240,5,2,1,1.0,3,64024,M,4348423.0,-150669.0,64
201400032328,14,9,2,1740,1,2,6,1.0,7,64102,M,4347848.0,-149197.0,64
201400032329,14,9,10,1000,1,2,1,1.0,7,64102,M,4347844.0,-148425.0,64
201400032330,14,9,10,1545,1,2,6,1.0,3,64102,M,4348845.0,-148269.0,64
201400032331,14,9,11,1230,1,2,3,1.0,2,64140,M,,,64
201400032332,14,9,14,1925,1,2,1,1.0,7,64102,M,4350585.0,-147130.0,64
201400032333,14,9,17,820,1,2,1,1.0,6,64102,M,,,64
201400032334,14,9,17,1225,1,1,3,1.0,2,64102,M,,,64
201400032335,14,9,26,1440,1,2,1,1.0,6,64102,M,,,64
201400032336,14,9,30,755,1,2,1,2.0,5,64024,M,4348014.0,-152274.0,64
201400032337,14,9,30,1200,1,2,3,8.0,7,64024,M,4348869.0,-153017.0,64
201400032338,14,10,1,1725,1,2,1,1.0,7,64102,M,4348493.0,-149939.0,64
201400032339,14,10,1,1835,1,2,1,1.0,6,64102,M,4350368.0,-146921.0,64
201400032340,14,10,3,2250,5,2,1,1.0,3,64102,M,4348993.0,-147141.0,64
201400032341,14,10,6,1625,1,2,1,1.0,7,64102,M,4348934.0,-147930.0,64
201400032342,14,10,7,550,5,2,1,1.0,7,64024,M,4350006.0,-150450.0,64
201400032343,14,10,11,1830,1,2,1,1.0,3,64102,M,,,64
201400032344,14,10,15,1950,2,2,3,1.0,3,64102,M,,,64
201400032345,14,10,14,1250,1,2,1,1.0,2,64024,M,4346353.0,-151093.0,64
201400032346,14,10,16,1835,1,2,1,1.0,6,64024,M,4350913.0,-149893.0,64
201400032347,14,10,17,1705,1,2,3,1.0,3,64102,M,,,64
201400032348,14,10,19,835,1,2,1,1.0,7,64102,M,4348115.0,-148824.0,64
201400032349,14,10,24,1120,1,2,1,1.0,7,64102,M,4349540.0,-147121.0,64
201400032350,14,10,24,1135,1,2,6,1.0,3,64102,M,4350116.0,-146705.0,64
201400032351,14,10,26,1405,1,2,3,1.0,3,64024,M,4350824.0,-152223.0,64
201400032352,14,10,28,1650,1,2,1,1.0,6,64102,M,4349243.0,-146514.0,64
201400032353,14,10,29,1605,1,2,1,1.0,5,64102,M,,,64
201400032354,14,10,30,1820,2,2,1,1.0,7,64102,M,4349848.0,-148048.0,64
201400032355,14,10,31,1155,1,2,3,1.0,6,64024,M,,,64
201400032356,14,11,3,1900,5,2,1,2.0,1,64102,M,4348476.0,-147644.0,64
201400032357,14,11,3,1825,5,2,1,2.0,7,64024,M,4346373.0,-152120.0,64
201400032358,14,11,8,2030,5,2,3,1.0,2,64102,M,4349464.0,-146838.0,64
201400032359,14,11,19,1322,1,2,1,1.0,3,64102,M,4348940.0,-147189.0,64
201400032360,14,11,20,1831,5,2,6,1.0,6,64024,M,4349488.0,-152821.0,64
201400032361,14,11,28,1800,2,2,1,1.0,3,64024,M,4348018.0,-152214.0,64
201400032362,14,11,30,1520,1,2,1,8.0,7,64102,M,4347864.0,-149251.0,64
201400032363,14,11,30,1740,5,2,1,2.0,7,64102,M,4350360.0,-146807.0,64
201400032364,14,12,6,2000,5,2,1,1.0,2,64102,M,,,64
201400032365,14,12,10,1900,5,2,1,2.0,4,64102,M,,,64
201400032366,14,12,12,1605,1,2,1,1.0,7,64102,M,4348938.0,-146804.0,64
201400032367,14,12,18,800,1,2,1,2.0,6,64024,M,4347704.0,-152009.0,64
201400032368,14,12,21,1110,1,2,1,1.0,7,64102,M,,,64
201400032369,14,12,26,1840,5,2,1,2.0,3,64102,M,4347821.0,-149277.0,64
201400032370,14,12,26,2310,5,2,1,1.0,2,64024,M,,,64
201400032371,14,12,31,1315,1,2,1,1.0,1,64102,M,,,64
201400032372,14,1,1,530,5,2,1,1.0,1,64125,M,,,64
201400032373,14,1,28,1155,1,2,1,1.0,3,64122,M,,,64
201400032374,14,2,7,1150,1,2,1,1.0,6,64122,M,,,64
201400032375,14,2,16,1735,1,2,1,1.0,3,64125,M,,,64
201400032376,14,3,16,445,5,2,1,1.0,3,64122,M,,,64
201400032377,14,4,4,1835,1,2,1,1.0,6,64122,M,,,64
201400032378,14,4,16,2000,1,2,6,1.0,3,64122,M,4346793.0,-154001.0,64
201400032379,14,4,23,2055,2,2,1,1.0,3,64122,M,,,64
201400032380,14,5,1,1820,1,2,1,8.0,6,64122,M,,,64
201400032381,14,5,2,1615,1,2,1,1.0,2,64122,M,,,64
201400032382,14,5,5,755,1,2,1,1.0,2,64125,M,,,64
201400032383,14,5,10,1100,1,2,6,1.0,7,64122,M,,,64
201400032384,14,5,13,1130,1,2,1,1.0,3,64122,M,,,64
201400032385,14,6,15,1035,1,2,1,1.0,2,64122,M,4347892.0,-153609.0,64
201400032386,14,6,17,515,5,2,3,1.0,7,64122,M,4349073.0,-155106.0,64
201400032387,14,6,17,1120,1,2,1,1.0,1,64122,M,4346052.0,-154719.0,64
201400032388,14,6,21,1610,1,2,1,1.0,6,64122,M,4348295.0,-155830.0,64
201400032389,14,6,22,940,1,2,1,1.0,7,64122,M,4347926.0,-155867.0,64
201400032390,14,6,27,2210,5,2,1,8.0,3,64122,M,4347646.0,-156239.0,64
201400032391,14,6,28,1555,1,2,1,1.0,7,64122,M,4348259.0,-155888.0,64
201400032392,14,6,29,430,5,2,1,9.0,6,64122,M,4348431.0,-155741.0,64
201400032393,14,7,9,357,5,2,1,1.0,6,64122,M,4347751.0,-155089.0,64
201400032394,14,7,15,235,5,2,1,1.0,6,64122,M,4346709.0,-157081.0,64
201400032395,14,7,16,1735,1,2,1,1.0,1,64125,M,4343292.0,-159592.0,64
201400032396,14,7,18,1145,1,2,1,2.0,7,64122,M,,,64
201400032397,14,7,21,950,1,2,1,1.0,3,64122,M,4347933.0,-155864.0,64
201400032398,14,7,31,1855,1,2,1,1.0,1,64125,M,,,64
201400032399,14,8,1,2240,5,2,1,1.0,5,64122,M,,,64
201400032400,14,8,3,2300,5,2,1,2.0,2,64122,M,4348338.0,-155876.0,64
201400032401,14,8,5,1500,1,2,1,1.0,2,64122,M,4348206.0,-156845.0,64
201400032402,14,7,5,1500,1,2,1,1.0,2,64122,M,4348210.0,-156598.0,64
201400032403,14,8,6,1135,1,2,1,1.0,6,64122,M,4348182.0,-155415.0,64
201400032404,14,8,9,1835,1,2,1,1.0,6,64125,M,4344571.0,-155349.0,64
201400032405,14,8,10,1335,1,2,9,1.0,3,64122,M,4346153.0,-157062.0,64
201400032406,14,8,17,1135,1,2,1,1.0,6,64122,M,4348084.0,-154533.0,64
201400032407,14,8,23,1200,1,2,1,1.0,6,64122,M,4348566.0,-155392.0,64
201400032408,14,8,28,30,5,2,1,1.0,6,64122,M,4347998.0,-155857.0,64
201400032409,14,9,1,935,1,2,1,1.0,5,64122,M,4347353.0,-154557.0,64
201400032410,14,9,3,1555,1,2,2,1.0,3,64122,M,4347389.0,-155480.0,64
201400032411,14,9,3,1925,1,2,3,1.0,3,64122,M,4346999.0,-155257.0,64
201400032412,14,9,11,1850,1,2,1,1.0,3,64122,M,4346085.0,-154862.0,64
201400032413,14,9,14,1610,1,2,1,1.0,6,64122,M,4346198.0,-157056.0,64
201400032414,14,9,17,1105,1,2,1,1.0,3,64122,M,4347841.0,-155530.0,64
201400032415,14,9,22,830,1,2,1,1.0,1,64122,M,,,64
201400032416,14,10,3,850,1,2,1,9.0,7,64122,M,4345827.0,-154739.0,64
201400032417,14,10,10,1700,1,2,1,1.0,6,64122,M,4345976.0,-154538.0,64
201400032418,14,11,1,1710,1,2,1,2.0,6,64125,M,,,64
201400032419,14,11,2,1250,1,2,1,1.0,7,64122,M,4349136.0,-155064.0,64
201400032420,14,11,5,1425,1,2,1,2.0,7,64122,M,,,64
201400032421,14,11,7,900,1,2,1,1.0,6,64122,M,4347134.0,-155533.0,64
201400032422,14,11,10,1044,1,2,2,1.0,6,64122,M,4348011.0,-156050.0,64
201400032423,14,11,15,1830,5,2,1,8.0,3,64125,M,,,64
201400032424,14,11,21,1420,1,2,1,1.0,1,64125,M,,,64
201400032425,14,12,7,1100,1,2,1,1.0,3,64122,M,4347456.0,-155726.0,64
201400032426,14,12,12,408,3,2,1,2.0,7,64125,M,4343890.0,-157741.0,64
201400032427,14,12,12,930,1,2,1,1.0,3,64122,M,4348082.0,-154532.0,64
201400032428,14,12,15,1400,1,2,1,1.0,3,64122,M,4348278.0,-154535.0,64
201400032429,14,1,2,1244,1,2,1,1.0,6,64445,M,,,64
201400032430,14,1,6,735,2,2,1,2.0,6,64129,M,,,64
201400032431,14,1,3,1527,1,2,2,2.0,3,64445,M,,,64
201400032432,14,1,7,755,1,2,1,2.0,2,64269,M,,,64
201400032433,14,1,8,750,3,1,6,1.0,6,64132,M,4328767.0,-33237.0,64
201400032434,14,1,8,842,1,2,1,1.0,6,64445,M,,,64
201400032435,14,1,8,1335,1,2,6,1.0,3,64348,M,,,64
201400032436,14,1,12,622,5,2,1,1.0,6,64445,M,,,64
201400032437,14,1,14,735,5,2,6,2.0,3,64445,M,,,64
201400032438,14,1,15,1705,1,2,1,1.0,3,64348,M,,,64
201400032439,14,1,16,810,2,2,1,2.0,6,64445,M,,,64
201400032440,14,1,16,810,2,2,1,2.0,2,64445,M,,,64
201400032441,14,1,16,1810,2,2,2,1.0,2,64445,M,,,64
201400032442,14,1,18,1740,1,2,6,2.0,2,64445,M,,,64
201400032443,14,1,18,1900,5,2,1,1.0,6,64445,M,,,64
201400032444,14,1,18,2305,5,2,1,1.0,6,64237,M,,,64
201400032445,14,1,19,1300,1,2,2,1.0,3,64284,M,,,64
201400032446,14,1,19,1620,1,2,1,1.0,6,64445,M,,,64
201400032447,14,1,20,1420,1,2,2,2.0,3,64445,M,,,64
201400032448,14,1,21,1755,2,1,1,1.0,6,64348,M,,,64
201400032449,14,1,22,1222,1,1,1,2.0,4,64348,M,,,64
201400032450,14,1,24,1115,1,2,1,2.0,3,64445,M,,,64
201400032451,14,1,24,1605,1,2,2,3.0,3,64445,M,,,64
201400032452,14,1,25,50,5,2,1,1.0,2,64445,M,,,64
201400032453,14,1,25,1030,1,2,2,3.0,3,64445,M,,,64
201400032454,14,1,27,1215,1,2,2,2.0,3,64445,M,,,64
201400032455,14,1,27,1545,1,2,6,2.0,6,64445,M,,,64
201400032456,14,1,28,1725,1,2,1,2.0,3,64348,M,,,64
201400032457,14,1,29,740,3,2,1,1.0,6,64445,M,,,64
201400032458,14,1,30,745,3,2,6,2.0,2,64129,M,,,64
201400032459,14,1,30,820,1,2,1,2.0,6,64445,M,,,64
201400032460,14,1,30,1815,2,1,1,3.0,6,64445,M,,,64
201400032461,14,2,1,1320,1,2,2,2.0,2,64445,M,,,64
201400032462,14,2,3,1915,3,2,1,2.0,6,64445,M,,,64
201400032463,14,2,4,910,1,2,2,1.0,3,64129,M,,,64
201400032464,14,2,4,1530,1,2,2,1.0,3,64348,M,,,64
201400032465,14,2,5,1235,1,2,1,1.0,4,64132,M,,,64
201400032466,14,2,5,1800,2,2,2,1.0,3,64445,M,,,64
201400032467,14,2,6,720,5,2,7,1.0,3,64445,M,,,64
201400032468,14,2,6,1530,1,2,6,1.0,2,64445,M,,,64
201400032469,14,2,7,1400,1,1,2,1.0,3,64445,M,,,64
201400032470,14,2,7,1415,1,2,1,1.0,6,64445,M,,,64
201400032471,14,2,7,1645,1,2,1,1.0,3,64445,M,,,64
201400032472,14,2,7,2255,5,2,2,1.0,3,64445,M,,,64
201400032473,14,2,8,2030,5,2,2,2.0,3,64129,M,,,64
201400032474,14,2,10,1210,1,2,1,2.0,6,64445,M,,,64
201400032475,14,2,10,1655,1,2,1,2.0,4,64445,M,,,64
201400032476,14,2,10,2055,5,2,1,3.0,5,64129,M,,,64
201400032477,14,2,11,1012,1,2,1,1.0,6,64348,M,,,64
201400032478,14,2,14,1225,1,2,1,1.0,6,64445,M,,,64
201400032479,14,2,15,630,5,2,1,2.0,6,64348,M,,,64
201400032480,14,2,16,1345,1,2,2,1.0,3,64445,M,,,64
201400032481,14,2,16,1725,1,2,1,1.0,3,64445,M,,,64
201400032482,14,2,17,1745,1,2,1,1.0,6,64445,M,,,64
201400032483,14,2,18,120,5,2,1,1.0,6,64237,M,,,64
201400032484,14,2,20,1930,5,2,1,1.0,3,64129,M,,,64
201400032485,14,2,26,1740,1,2,1,1.0,6,64445,M,,,64
201400032486,14,2,27,1655,1,2,6,2.0,2,64445,M,,,64
201400032487,14,3,3,2005,5,1,2,3.0,3,64445,M,,,64
201400032488,14,3,4,1015,1,2,6,2.0,2,64269,M,,,64
201400032489,14,3,6,1835,2,2,3,1.0,3,64445,M,,,64
201400032490,14,3,6,1840,2,2,1,1.0,4,64129,M,,,64
201400032491,14,3,7,1230,1,2,1,1.0,6,64445,M,,,64
201400032492,14,3,7,1455,1,2,6,1.0,3,64445,M,,,64
201400032493,14,3,9,1800,1,2,1,1.0,3,64445,M,,,64
201400032494,14,3,10,1040,1,2,2,1.0,3,64445,M,,,64
201400032495,14,3,10,1945,5,2,3,1.0,3,64445,M,,,64
201400032496,14,3,12,1233,1,2,1,1.0,3,64445,M,,,64
201400032497,14,3,12,1930,2,2,1,1.0,4,64445,M,,,64
201400032498,14,3,13,1845,1,2,1,1.0,2,64129,M,,,64
201400032499,14,3,13,1930,5,2,3,1.0,3,64129,M,,,64
201400032500,14,3,14,1610,1,2,1,1.0,6,64445,M,,,64
201400032501,14,3,17,1130,1,2,1,1.0,3,64445,M,,,64
201400032502,14,3,18,1355,1,2,1,1.0,2,64237,M,,,64
201400032503,14,3,19,1224,1,2,1,1.0,3,64445,M,,,64
201400032504,14,3,19,1755,1,2,1,1.0,6,64348,M,,,64
201400032505,14,3,20,830,1,2,1,1.0,6,64129,M,,,64
201400032506,14,3,20,1830,1,2,1,1.0,2,64348,M,,,64
201400032507,14,3,20,1935,5,2,1,1.0,1,64445,M,,,64
201400032508,14,3,22,1449,1,2,1,2.0,2,64445,M,,,64
201400032509,14,3,23,1750,1,2,2,1.0,3,64335,M,,,64
201400032510,14,3,25,830,1,2,1,2.0,2,64445,M,,,64
201400032511,14,3,25,2130,5,2,2,2.0,3,64129,M,,,64
201400032512,14,3,25,2325,5,2,1,2.0,6,64445,M,,,64
201400032513,14,3,26,800,1,2,6,2.0,3,64237,M,,,64
201400032514,14,3,26,900,1,2,2,2.0,2,64445,M,,,64
201400032515,14,3,28,1045,1,2,1,1.0,6,64132,M,,,64
201400032516,14,3,28,1515,1,2,3,1.0,3,64445,M,,,64
201400032517,14,3,29,1650,1,2,1,1.0,6,64335,M,,,64
201400032518,14,3,31,810,1,2,1,1.0,3,64445,M,,,64
201400032519,14,4,1,900,1,2,1,1.0,2,64445,M,,,64
201400032520,14,4,1,1448,1,2,2,1.0,3,64445,M,,,64
201400032521,14,4,1,1630,1,2,6,1.0,2,64445,M,,,64
201400032522,14,4,1,2300,5,2,2,1.0,3,64445,M,,,64
201400032523,14,4,3,1738,1,2,1,3.0,3,64348,M,,,64
201400032524,14,4,3,1900,5,2,1,3.0,5,64348,M,,,64
201400032525,14,4,4,1530,1,2,1,1.0,6,64445,M,,,64
201400032526,14,4,4,1830,1,2,1,1.0,6,64445,M,,,64
201400032527,14,4,7,1652,1,2,1,1.0,2,64348,M,,,64
201400032528,14,4,8,820,1,2,1,3.0,3,64284,M,,,64
201400032529,14,4,12,1250,1,2,1,1.0,2,64129,M,,,64
201400032530,14,4,14,1600,1,2,1,1.0,6,64445,M,,,64
201400032531,14,4,14,1718,1,2,3,1.0,6,64445,M,,,64
201400032532,14,4,15,1419,1,2,1,1.0,3,64445,M,,,64
201400032533,14,4,15,1920,1,2,1,1.0,3,64445,M,,,64
201400032534,14,4,16,1725,1,2,6,1.0,3,64445,M,,,64
201400032535,14,4,16,1850,1,2,1,1.0,7,64445,M,,,64
201400032536,14,4,17,1804,1,2,1,1.0,6,64284,M,,,64
201400032537,14,4,18,1310,1,2,1,1.0,2,64348,M,,,64
201400032538,14,4,23,1945,2,2,2,1.0,3,64445,M,,,64
201400032539,14,4,24,805,1,2,1,1.0,3,64445,M,,,64
201400032540,14,4,24,1713,1,2,3,3.0,6,64445,M,,,64
201400032541,14,4,25,1255,1,2,1,2.0,4,64445,M,,,64