Num_Acc,an,mois,jour,hrmn,lum,agg,int,atm,col,com,gps,lat,long,dep
201400032542,14,4,26,2235,5,2,1,2.0,4,64445,M,,,64
201400032543,14,4,29,855,1,2,1,1.0,3,64335,M,,,64
201400032544,14,4,30,1809,1,2,1,1.0,1,64348,M,,,64
201400032545,14,4,30,1949,1,2,1,1.0,3,64445,M,,,64
201400032546,14,5,2,1846,1,2,1,1.0,2,64284,M,,,64
201400032547,14,5,6,1725,1,2,2,1.0,3,64445,M,,,64
201400032548,14,5,6,1758,1,2,1,1.0,6,64445,M,,,64
201400032549,14,5,7,1210,1,2,1,1.0,6,64445,M,,,64
201400032550,14,5,7,1745,1,2,1,1.0,2,64445,M,,,64
201400032551,14,5,9,645,2,2,2,1.0,3,64445,M,,,64
201400032552,14,5,16,800,1,2,2,1.0,1,64445,M,,,64
201400032553,14,5,20,1715,1,2,1,1.0,4,64348,M,,,64
201400032554,14,5,20,1730,1,2,6,1.0,2,64284,M,,,64
201400032555,14,5,23,1005,1,2,2,2.0,3,64445,M,,,64
201400032556,14,6,1,1711,1,2,1,1.0,6,64348,M,4331130.0,-41307.0,64
201400032557,14,6,2,950,1,2,2,1.0,3,64445,M,4330052.0,-36035.0,64
201400032558,14,6,4,1605,1,2,1,1.0,3,64284,M,,,64
201400032559,14,6,5,2350,5,2,2,1.0,3,64445,M,4330326.0,37851.0,64
201400032560,14,6,6,1315,1,2,2,1.0,2,64445,M,4329899.0,-34915.0,64
201400032561,14,6,6,1325,1,2,6,1.0,3,64445,M,4330786.0,33841.0,64
201400032562,14,6,7,1225,1,2,1,1.0,2,64445,M,4330866.0,-35579.0,64
201400032563,14,6,10,1435,1,2,2,1.0,3,64445,M,4329655.0,-37427.0,64
201400032564,14,6,12,1810,1,2,1,1.0,3,64445,M,4330481.0,-37006.0,64
201400032565,14,6,18,1315,1,2,1,1.0,6,64348,M,4331078.0,-41219.0,64
201400032566,14,6,19,1840,1,2,1,1.0,3,64237,M,4327969.0,-38000.0,64
201400032567,14,6,20,1235,1,1,1,1.0,2,64445,M,4331502.0,-37173.0,64
201400032568,14,6,20,1245,1,2,1,1.0,6,64269,M,4329849.0,-30421.0,64
201400032569,14,6,22,1110,1,2,3,1.0,3,64445,M,4330380.0,-35091.0,64
201400032570,14,6,25,1010,1,2,1,1.0,3,64445,M,4336284.0,177156.0,64
201400032571,14,6,25,1515,1,2,2,1.0,2,64129,M,4330497.0,-39302.0,64
201400032572,14,6,27,845,1,2,1,1.0,6,64284,M,4325986.0,-39057.0,64
201400032573,14,6,27,1010,1,2,1,1.0,3,64284,M,4327341.0,-38873.0,64
201400032574,14,6,21,2135,5,2,1,1.0,6,64445,M,4329840.0,-37929.0,64
201400032575,14,7,1,1930,1,2,1,2.0,2,64445,M,4330358.0,-36484.0,64
201400032576,14,7,3,1030,1,2,1,1.0,3,64445,M,4331137.0,-36156.0,64
201400032577,14,7,3,1930,1,2,2,2.0,3,64445,M,4330679.0,-32759.0,64
201400032578,14,7,4,850,1,2,1,2.0,3,64445,M,4331870.0,-35921.0,64
201400032579,14,7,11,1720,1,2,6,1.0,6,64445,M,4331877.0,-35963.0,64
201400032580,14,7,16,1840,1,2,1,1.0,3,64445,M,4330206.0,-35475.0,64
201400032581,14,7,16,1950,1,2,1,1.0,5,64445,M,,,64
201400032582,14,7,17,1850,1,2,1,1.0,3,64348,M,4334036.0,-37984.0,64
201400032583,14,7,18,1750,1,2,1,1.0,3,64129,M,4331941.0,-37876.0,64
201400032584,14,7,19,1540,1,2,2,1.0,3,64445,M,4330866.0,-36394.0,64
201400032585,14,7,19,1905,1,2,2,1.0,3,64445,M,4330339.0,-36180.0,64
201400032586,14,7,21,1210,1,2,2,1.0,6,64445,M,4329338.0,-37064.0,64
201400032587,14,7,25,1930,1,2,1,1.0,4,64445,M,,,64
201400032588,14,7,27,2020,1,2,1,1.0,6,64132,M,4328875.0,-35357.0,64
201400032589,14,8,4,1140,1,2,1,1.0,6,64445,M,,,64
201400032590,14,8,1,1750,1,2,1,2.0,3,64445,M,4331848.0,-34537.0,64
201400032591,14,8,2,1615,1,2,1,1.0,3,64445,M,4330938.0,-36399.0,64
201400032592,14,8,3,1745,1,2,1,1.0,6,64445,M,4330613.0,-35668.0,64
201400032593,14,8,3,1930,1,2,2,1.0,3,64445,M,4330354.0,-36233.0,64
201400032594,14,8,4,1710,1,2,3,1.0,3,64445,M,4330861.0,-36388.0,64
201400032595,14,8,6,1722,1,2,1,1.0,6,64445,M,4330993.0,-33159.0,64
201400032596,14,8,8,1035,1,2,1,1.0,2,64445,M,4329925.0,-37023.0,64
201400032597,14,8,13,1400,1,2,6,2.0,3,64445,M,,,64
201400032598,14,8,18,800,1,2,2,1.0,3,64445,M,4330353.0,-36227.0,64
201400032599,14,8,23,2255,5,2,1,1.0,3,64445,M,4331069.0,-37708.0,64
201400032600,14,8,25,2320,5,2,2,1.0,3,64445,M,4329628.0,-37623.0,64
201400032601,14,8,27,1410,1,2,3,1.0,3,64132,M,4328929.0,-35454.0,64
201400032602,14,8,29,1750,1,2,6,1.0,3,64445,M,,,64
201400032603,14,8,29,2340,5,2,2,1.0,2,64284,M,4328774.0,-39073.0,64
201400032604,14,9,1,1142,1,2,2,1.0,3,64373,M,4328153.0,-36017.0,64
201400032605,14,9,4,1820,1,2,3,1.0,3,64445,M,4331793.0,-33926.0,64
201400032606,14,9,8,908,1,2,6,1.0,3,64445,M,,,64
201400032607,14,9,9,905,1,2,1,1.0,2,64129,M,,,64
201400032608,14,9,9,1005,1,2,6,1.0,6,64445,M,4331313.0,-36902.0,64
201400032609,14,9,9,1710,1,1,1,1.0,6,64335,M,,,64
201400032610,14,9,10,1632,1,2,1,1.0,6,64445,M,4330312.0,-36303.0,64
201400032611,14,9,11,1917,1,2,6,1.0,3,64445,M,4331116.0,-36244.0,64
201400032612,14,9,12,740,1,2,1,1.0,2,64348,M,4330879.0,-40840.0,64
201400032613,14,9,13,1829,1,2,1,1.0,6,64445,M,4330569.0,-35025.0,64
201400032614,14,9,15,1445,1,2,1,1.0,3,64445,M,4329434.0,-35899.0,64
201400032615,14,9,16,835,1,2,1,1.0,2,64284,M,4328426.0,-39198.0,64
201400032616,14,9,17,935,1,2,1,1.0,6,64445,M,4329983.0,-36934.0,64
201400032617,14,9,17,1010,1,1,1,1.0,5,64445,M,,,64
201400032618,14,9,19,749,1,2,1,1.0,3,64132,M,4328828.0,-35279.0,64
201400032619,14,9,19,830,1,2,1,1.0,6,64445,M,4330518.0,-37240.0,64
201400032620,14,9,19,1745,1,2,2,1.0,6,64445,M,4330026.0,-37514.0,64
201400032621,14,9,20,1608,1,2,1,1.0,2,64445,M,,,64
201400032622,14,9,21,925,1,2,1,1.0,6,64445,M,4329349.0,-37188.0,64
201400032623,14,9,22,1640,1,2,1,1.0,6,64284,M,,,64
201400032624,14,9,23,1643,1,2,1,1.0,2,64445,M,4330001.0,-37895.0,64
201400032625,14,9,24,1338,1,2,1,1.0,6,64445,M,,,64
201400032626,14,9,24,1555,1,2,1,1.0,2,64132,M,4329069.0,-35679.0,64
201400032627,14,9,24,1743,1,2,2,1.0,3,64445,M,4331102.0,-37216.0,64
201400032628,14,9,25,910,1,2,1,1.0,1,64284,M,,,64
201400032629,14,9,29,1159,1,2,1,1.0,2,64445,M,4329578.0,-36170.0,64
201400032630,14,9,25,1712,1,2,1,1.0,1,64129,M,4331799.0,-37991.0,64
201400032631,14,9,25,1955,1,2,1,1.0,3,64445,M,4329720.0,-37592.0,64
201400032632,14,9,27,5,5,2,1,1.0,5,64284,M,,,64
201400032633,14,9,27,225,5,2,1,1.0,1,64445,M,4330249.0,-36025.0,64
201400032634,14,9,28,1,5,2,1,1.0,6,64445,M,4330437.0,-36771.0,64
201400032635,14,9,29,1705,1,2,1,1.0,3,64445,M,4333198.0,-33467.0,64
201400032636,14,9,30,1000,1,2,2,1.0,5,64348,M,4333489.0,-37971.0,64
201400032637,14,10,2,742,2,2,1,5.0,3,64445,M,4330742.0,-33671.0,64
201400032638,14,10,2,1124,1,2,1,1.0,3,64445,M,4330866.0,-36390.0,64
201400032639,14,10,3,2035,5,2,1,1.0,3,64445,M,4330019.0,-37518.0,64
201400032640,14,10,4,1212,1,2,1,1.0,3,64445,M,4330777.0,-37650.0,64
201400032641,14,10,5,1818,1,2,1,1.0,3,64445,M,4329913.0,-37193.0,64
201400032642,14,10,6,1045,1,2,1,1.0,3,64445,M,4330524.0,-34612.0,64
201400032643,14,10,6,1822,1,2,1,1.0,6,64129,M,4329829.0,-39257.0,64
201400032644,14,10,7,1755,1,2,1,1.0,6,64445,M,4332257.0,-36888.0,64
201400032645,14,10,9,1819,2,2,1,2.0,3,64445,M,4330121.0,-35917.0,64
201400032646,14,10,10,1700,1,2,1,2.0,6,64445,M,4331910.0,-37865.0,64
201400032647,14,10,11,5,4,2,1,1.0,3,64445,M,,,64
201400032648,14,10,11,610,3,2,1,2.0,1,64129,M,4330078.0,-40876.0,64
201400032649,14,10,11,857,2,2,2,1.0,6,64129,M,4331510.0,-38491.0,64
201400032650,14,10,11,1303,1,2,2,1.0,3,64445,M,4331295.0,-35331.0,64
201400032651,14,10,11,1915,2,2,1,1.0,1,64445,M,,,64
201400032652,14,10,12,1155,1,2,6,1.0,3,64237,M,4327904.0,-37558.0,64
201400032653,14,10,14,937,1,2,1,1.0,1,64445,M,,,64
201400032654,14,10,15,1209,1,2,1,1.0,6,64445,M,4329919.0,-36342.0,64
201400032655,14,10,16,803,2,2,1,1.0,3,64284,M,4329322.0,-38681.0,64
201400032656,14,10,16,1229,1,2,1,1.0,3,64445,M,4331342.0,-37102.0,64
201400032657,14,10,17,745,1,2,2,1.0,3,64445,M,4330526.0,-33930.0,64
201400032658,14,10,18,700,5,2,2,1.0,3,64445,M,4332611.0,-33822.0,64
201400032659,14,10,18,2011,5,2,6,1.0,2,64445,M,4332136.0,-35855.0,64
201400032660,14,10,19,1640,1,2,2,1.0,3,64335,M,4332944.0,-41101.0,64
201400032661,14,10,22,1050,1,2,1,1.0,6,64445,M,4331070.0,-37712.0,64
201400032662,14,10,24,900,1,2,1,1.0,6,64348,M,4332881.0,-39803.0,64
201400032663,14,10,25,1149,1,2,1,1.0,6,64445,M,4330511.0,-37810.0,64
201400032664,14,10,28,1820,1,2,1,1.0,3,64445,M,,,64
201400032665,14,10,29,2000,5,1,1,1.0,1,64445,M,4331503.0,-33550.0,64
201400032666,14,10,30,1030,1,2,2,1.0,3,64445,M,4329857.0,-37055.0,64
201400032667,14,10,30,1831,5,2,1,1.0,3,64445,M,4330625.0,-35672.0,64
201400032668,14,10,31,710,1,2,3,1.0,3,64445,M,4331124.0,-35863.0,64
201400032669,14,10,31,1250,1,2,1,1.0,2,64348,M,4330937.0,-40943.0,64
201400032670,14,10,31,1321,1,2,1,1.0,3,64445,M,4330477.0,-36962.0,64
201400032671,14,11,1,745,2,2,1,1.0,6,64445,M,4330647.0,-37624.0,64
201400032672,14,11,1,1840,3,2,1,1.0,3,64335,M,4333792.0,-43342.0,64
201400032673,14,11,3,1920,5,2,2,2.0,3,64445,M,,,64
201400032674,14,11,4,1816,2,2,1,1.0,6,64445,M,4329459.0,-36506.0,64
201400032675,14,11,6,1408,1,2,2,1.0,3,64445,M,4330547.0,-37436.0,64
201400032676,14,11,6,1640,1,2,2,1.0,2,64129,M,,,64
201400032677,14,11,7,2340,5,2,1,1.0,3,64445,M,4332450.0,-37951.0,64
201400032678,14,11,9,2004,5,2,1,1.0,6,64445,M,,,64
201400032679,14,11,12,1340,1,2,1,1.0,6,64445,M,4330239.0,-36899.0,64
201400032680,14,11,12,1835,4,2,1,1.0,3,64348,M,4330211.0,-41422.0,64
201400032681,14,11,13,1131,1,2,1,1.0,3,64445,M,4329898.0,-34664.0,64
201400032682,14,11,13,1507,1,2,1,1.0,6,64129,M,4329704.0,-40425.0,64
201400032683,14,11,13,2042,5,2,1,1.0,6,64129,M,4330285.0,-39544.0,64
201400032684,14,11,15,1135,1,2,2,1.0,6,64445,M,4331123.0,-35870.0,64
201400032685,14,11,15,1920,5,2,2,1.0,3,64445,M,4330586.0,-34980.0,64
201400032686,14,11,18,1930,5,2,2,1.0,6,64445,M,4331099.0,-32412.0,64
201400032687,14,11,19,930,1,2,1,1.0,3,64445,M,4330547.0,-37438.0,64
201400032688,14,11,19,1055,1,2,1,1.0,2,64445,M,4330583.0,-33691.0,64
201400032689,14,11,19,1222,1,2,2,1.0,6,64445,M,4329937.0,-36345.0,64
201400032690,14,11,19,2030,3,2,1,1.0,3,64348,M,4330463.0,-41815.0,64
201400032691,14,11,20,1223,1,2,2,1.0,3,64445,M,4332482.0,-35740.0,64
201400032692,14,11,20,1330,1,2,2,1.0,3,64445,M,4330304.0,-35210.0,64
201400032693,14,11,22,1320,1,2,1,1.0,3,64335,M,4332766.0,-44309.0,64
201400032694,14,11,22,1602,1,2,6,1.0,3,64132,M,,,64
201400032695,14,11,25,920,1,2,1,2.0,6,64445,M,4330583.0,-34995.0,64
201400032696,14,11,25,1755,5,2,1,1.0,6,64269,M,,,64
201400032697,14,11,26,1245,1,2,1,3.0,6,64445,M,4330626.0,-35206.0,64
201400032698,14,11,27,1415,1,2,1,1.0,1,64132,M,,,64
201400032699,14,11,27,1745,1,2,1,1.0,2,64129,M,4330588.0,-39232.0,64
201400032700,14,11,27,1845,5,2,1,1.0,3,64335,M,4332490.0,-43803.0,64
201400032701,14,11,28,808,1,2,2,1.0,3,64445,M,4331877.0,-34594.0,64
201400032702,14,11,28,1750,1,2,2,1.0,3,64445,M,4331296.0,-35343.0,64
201400032703,14,11,28,1828,5,2,1,1.0,3,64445,M,4331387.0,-35769.0,64
201400032704,14,12,1,740,5,2,1,1.0,2,64445,M,4330774.0,-34013.0,64
201400032705,14,12,2,800,1,2,1,2.0,4,64335,M,,,64
201400032706,14,12,2,1400,1,2,1,1.0,6,64445,M,4330086.0,-35979.0,64
201400032707,14,12,4,735,5,2,2,1.0,3,64445,M,4332225.0,-36686.0,64
201400032708,14,12,4,1611,1,2,2,1.0,3,64445,M,4330932.0,-36360.0,64
201400032709,14,12,4,1755,5,2,1,1.0,6,64445,M,4329234.0,-36901.0,64
201400032710,14,12,5,720,5,2,2,1.0,3,64445,M,4330133.0,-36664.0,64
201400032711,14,12,5,1640,1,2,1,2.0,2,64132,M,4330633.0,-33260.0,64
201400032712,14,12,5,1725,5,2,1,2.0,6,64445,M,4329607.0,-38226.0,64
201400032713,14,12,5,1735,2,2,1,2.0,3,64445,M,4332539.0,-33277.0,64
201400032714,14,12,6,1600,1,2,1,1.0,6,64284,M,4328209.0,-38734.0,64
201400032715,14,12,7,1153,1,2,1,1.0,3,64348,M,4330946.0,-40975.0,64
201400032716,14,12,7,1325,1,2,2,1.0,3,64445,M,4330042.0,-36512.0,64
201400032717,14,12,8,954,1,2,1,2.0,3,64445,M,,,64
201400032718,14,12,9,830,1,2,1,1.0,3,64129,M,4330751.0,-38056.0,64
201400032719,14,12,9,1755,5,2,3,1.0,3,64445,M,4332870.0,-36761.0,64
201400032720,14,12,10,730,2,2,1,1.0,3,64445,M,,,64
201400032721,14,12,10,800,2,2,1,1.0,3,64284,M,4329218.0,-39647.0,64
201400032722,14,12,10,1135,1,2,1,1.0,6,64445,M,4330552.0,-37039.0,64
201400032723,14,12,10,1945,5,2,1,2.0,6,64445,M,4332985.0,-35595.0,64
201400032724,14,12,11,1810,5,2,1,1.0,3,64129,M,4330305.0,-39794.0,64
201400032725,14,12,12,140,5,2,1,1.0,3,64445,M,4330720.0,-35502.0,64
201400032726,14,12,12,1350,1,2,1,1.0,6,64445,M,4330043.0,-36531.0,64
201400032727,14,12,14,1950,5,2,1,1.0,6,64445,M,4329133.0,-37865.0,64
201400032728,14,12,15,1107,1,2,1,1.0,1,64445,M,4330251.0,-37555.0,64
201400032729,14,12,15,1850,5,2,1,1.0,3,64348,M,4331654.0,-42268.0,64
201400032730,14,12,15,1920,3,1,1,1.0,1,64335,M,,,64
201400032731,14,12,17,1805,5,2,1,2.0,6,64445,M,4329419.0,-37711.0,64
201400032732,14,12,18,1905,5,2,1,1.0,4,64284,M,,,64
201400032733,14,12,20,1400,1,2,1,2.0,3,64348,M,4330118.0,-41143.0,64
201400032734,14,12,21,1055,1,2,1,1.0,6,64445,M,4332586.0,-37962.0,64
201400032735,14,12,22,1905,3,1,1,1.0,2,64132,M,,,64
201400032736,14,12,23,835,1,2,1,1.0,3,64335,M,4330540.0,-35823.0,64
201400032737,14,12,23,1036,1,2,1,1.0,2,64445,M,4332165.0,-36230.0,64
201400032738,14,12,23,1240,1,2,1,1.0,3,64348,M,4330211.0,-41419.0,64
201400032739,14,12,24,1435,1,2,1,1.0,4,64445,M,4329698.0,-38192.0,64
201400032740,14,12,27,1720,1,2,1,3.0,3,64335,M,4332441.0,-43717.0,64
201400032741,14,12,30,2040,5,2,1,1.0,3,64445,M,4330277.0,-36973.0,64
201400032742,14,1,14,1335,1,2,1,1.0,6,64483,M,,,64
201400032743,14,1,23,1135,1,1,1,3.0,5,64545,M,,,64
201400032744,14,2,14,1800,1,2,1,8.0,6,64483,M,,,64
201400032745,14,2,18,1635,1,2,1,9.0,7,64189,M,,,64
201400032746,14,2,23,2015,5,2,1,1.0,3,64260,M,,,64
201400032747,14,2,25,1645,1,1,1,3.0,3,64545,M,,,64
201400032748,14,2,26,755,2,1,3,1.0,3,64545,M,,,64
201400032749,14,3,4,1910,2,2,1,3.0,2,64260,M,,,64
201400032750,14,3,17,1135,1,1,1,1.0,4,64545,M,,,64
201400032751,14,3,18,1600,1,1,1,8.0,2,64545,M,,,64
201400032752,14,4,11,1530,1,2,1,1.0,6,64483,M,,,64
201400032753,14,4,11,2037,5,2,1,1.0,3,64189,M,,,64
201400032754,14,4,18,1505,1,1,1,1.0,1,64545,M,,,64
201400032755,14,4,18,1815,1,2,3,1.0,3,64189,M,,,64
201400032756,14,4,19,1635,1,2,1,1.0,3,64483,M,,,64
201400032757,14,4,26,650,2,1,1,2.0,7,64545,M,,,64
201400032758,14,4,27,1450,1,2,2,8.0,3,64483,M,,,64
201400032759,14,4,30,1100,1,2,1,2.0,4,64483,M,,,64
201400032760,14,5,15,1350,1,2,1,1.0,6,64483,M,,,64
201400032761,14,5,26,925,1,1,1,2.0,2,64260,M,,,64
201400032762,14,6,3,1225,1,2,1,1.0,6,64260,M,4334918.0,-177270.0,64
201400032763,14,6,4,1125,1,2,1,1.0,2,64260,M,4335058.0,-176991.0,64
201400032764,14,6,5,1925,1,2,1,1.0,2,64483,M,4341338.0,161490.0,64
201400032765,14,6,6,815,1,2,1,1.0,3,64483,M,4339082.0,165918.0,64
201400032766,14,6,11,1015,1,2,3,1.0,3,64260,M,4335524.0,-176805.0,64
201400032767,14,6,12,1610,1,1,1,1.0,3,64545,M,4336706.0,-168692.0,64
201400032768,14,6,12,1645,1,1,1,1.0,2,64545,M,4337579.0,-167141.0,64
201400032769,14,6,14,950,1,2,6,1.0,3,64483,M,4339720.0,-164447.0,64
201400032770,14,6,15,1000,1,1,1,1.0,2,64189,M,4337323.0,-168249.0,64
201400032771,14,6,21,1705,1,1,1,1.0,1,64545,M,,,64
201400032772,14,7,7,1550,1,2,1,1.0,2,64483,M,,,64
201400032773,14,7,10,1225,1,2,1,1.0,2,64483,M,4337727.0,-167412.0,64
201400032774,14,7,11,30,3,1,1,1.0,6,64483,M,,,64
201400032775,14,7,13,1845,1,2,1,1.0,1,64483,M,4339653.0,-164593.0,64
201400032776,14,7,14,1625,1,1,1,1.0,2,64545,M,4336891.0,-168442.0,64
201400032777,14,7,15,1125,1,1,1,1.0,2,64260,M,4334995.0,-178403.0,64
201400032778,14,7,15,2005,2,1,1,1.0,3,64260,M,4335625.0,-174338.0,64
201400032779,14,7,22,155,3,1,1,1.0,6,64545,M,4336615.0,-168763.0,64
201400032780,14,7,23,1500,1,1,1,1.0,3,64483,M,,,64
201400032781,14,7,23,1825,1,1,3,1.0,3,64483,M,4340920.0,-163641.0,64
201400032782,14,7,26,1925,1,2,1,1.0,7,64260,M,4336284.0,-177156.0,64
201400032783,14,7,27,1930,1,2,1,1.0,3,64260,M,4336983.0,-177324.0,64
201400032784,14,7,29,1310,1,2,1,1.0,3,64483,M,,,64
201400032785,14,7,29,1845,1,2,6,1.0,3,64483,M,,,64
201400032786,14,7,30,1135,1,1,1,8.0,4,64545,M,,,64
201400032787,14,7,30,1620,1,2,1,1.0,1,64483,M,,,64
201400032788,14,8,1,2000,1,2,1,1.0,3,64189,M,,,64
201400032789,14,8,2,1155,1,2,1,1.0,2,64260,M,4335852.0,-177526.0,64
201400032790,14,8,7,1430,1,2,3,1.0,3,64260,M,4336857.0,-175602.0,64
201400032791,14,8,11,935,1,2,1,1.0,6,64260,M,4335298.0,-177384.0,64
201400032792,14,8,13,1520,1,2,3,1.0,3,64483,M,4339239.0,-165304.0,64
201400032793,14,8,17,1105,1,2,1,1.0,2,64483,M,,,64
201400032794,14,8,17,2030,1,1,1,1.0,1,64545,M,,,64
201400032795,14,8,22,2025,1,1,1,1.0,5,64249,M,,,64
201400032796,14,8,23,1310,1,2,1,1.0,3,64483,M,,,64
201400032797,14,8,23,2015,1,2,1,1.0,2,64483,M,,,64
201400032798,14,8,27,1715,1,2,1,1.0,5,64260,M,,,64
201400032799,14,8,28,1140,1,2,1,1.0,6,64483,M,,,64
201400032800,14,8,29,1610,1,1,1,1.0,5,64545,M,,,64
201400032801,14,9,1,1545,1,1,1,1.0,2,64483,M,,,64
201400032802,14,9,2,915,1,2,3,1.0,3,64483,M,,,64
201400032803,14,9,2,1820,1,1,1,1.0,3,64545,M,,,64
201400032804,14,9,4,1610,1,1,1,1.0,1,64260,M,,,64
201400032805,14,9,6,1740,1,2,6,1.0,3,64483,M,4339174.0,-165490.0,64
201400032806,14,9,12,920,1,1,1,1.0,2,64483,M,,,64
201400032807,14,9,12,1710,1,2,1,1.0,1,64260,M,,,64
201400032808,14,9,17,1800,1,2,1,1.0,1,64260,M,,,64
201400032809,14,9,21,1500,1,1,1,1.0,3,64545,M,,,64
201400032810,14,9,23,1145,1,2,1,1.0,6,64189,M,,,64
201400032811,14,9,23,1805,1,2,1,1.0,3,64483,M,4338968.0,-165857.0,64
201400032812,14,9,24,1700,1,2,1,1.0,3,64483,M,,,64
201400032813,14,9,25,1225,1,2,3,1.0,3,64545,M,4337797.0,-167247.0,64
201400032814,14,9,29,1505,1,2,1,1.0,6,64260,M,4335298.0,-177399.0,64
201400032815,14,10,3,1815,1,2,1,1.0,3,64483,M,4339602.0,-166021.0,64
201400032816,14,10,5,1710,1,1,1,1.0,6,64260,M,,,64
201400032817,14,10,13,1725,1,2,1,1.0,2,64483,M,,,64
201400032818,14,10,20,1610,1,2,1,1.0,2,64483,M,4339328.0,-164550.0,64
201400032819,14,10,24,845,1,2,1,1.0,7,64483,M,4330168.0,-37663.0,64
201400032820,14,10,26,310,5,2,1,1.0,6,64483,M,,,64
201400032821,14,10,30,1220,1,1,1,1.0,3,64545,M,,,64
201400032822,14,10,31,940,1,2,1,1.0,6,64260,M,,,64
201400032823,14,10,31,1525,1,2,1,1.0,5,64483,M,4340124.0,-163516.0,64
201400032824,14,11,1,1710,1,2,1,1.0,1,64260,M,4335516.0,-177446.0,64
201400032825,14,11,2,1905,5,1,1,3.0,1,64545,M,,,64
201400032826,14,11,3,1830,3,2,1,3.0,6,64260,M,,,64
201400032827,14,11,4,1655,1,2,1,1.0,6,64260,M,,,64
201400032828,14,11,5,900,1,2,1,2.0,3,64260,M,,,64
201400032829,14,11,16,1710,2,2,1,1.0,3,64483,M,,,64
201400032830,14,11,20,835,1,1,1,1.0,3,64483,M,,,64
201400032831,14,11,20,1540,1,2,1,1.0,3,64260,M,4335484.0,-177755.0,64
201400032832,14,11,21,1605,1,1,1,1.0,2,64249,M,,,64
201400032833,14,11,24,1725,1,1,1,1.0,1,64545,M,,,64
201400032834,14,12,2,1330,1,2,1,8.0,2,64260,M,4336863.0,-176402.0,64
201400032835,14,12,22,630,5,2,1,1.0,3,64483,M,,,64
201400032836,14,12,23,1630,1,1,1,9.0,1,64545,M,,,64
201400032837,14,12,31,1550,1,2,1,7.0,6,64483,M,4338622.0,-165236.0,64
201400032838,14,12,30,1645,1,2,1,1.0,3,64483,M,4338580.0,-165881.0,64
201400032839,14,12,30,1835,2,1,1,1.0,5,64483,M,,,64
201400032840,14,1,26,355,5,2,1,3.0,6,64483,M,,,64
201400032841,14,2,16,1605,1,2,3,1.0,1,64483,M,,,64
201400032842,14,2,23,1850,2,1,1,1.0,2,64249,M,,,64
201400032843,14,3,27,1215,1,1,1,1.0,6,64545,M,,,64
201400032844,14,5,5,820,1,2,1,1.0,6,64260,M,,,64
201400032845,14,6,3,1705,1,1,1,1.0,5,64545,M,4334969.0,-174281.0,64
201400032846,14,7,5,1245,1,1,1,1.0,1,64545,M,4335222.0,-170262.0,64
201400032847,14,8,17,2250,5,1,1,1.0,3,64483,M,,,64
201400032848,14,9,25,2215,5,1,1,1.0,7,64483,M,4338765.0,-165225.0,64
201400032849,14,10,2,1010,1,1,1,1.0,7,64545,M,,,64
201400032850,14,2,24,1215,1,1,1,1.0,7,65286,M,4310340.0,-6851.0,65
201400032851,14,2,28,1025,1,2,1,6.0,6,65286,M,4308937.0,-4690.0,65
201400032852,14,3,11,1345,1,2,3,1.0,3,65286,M,4309876.0,-3802.0,65
201400032853,14,3,24,1655,1,1,3,3.0,3,65286,M,4311607.0,-3292.0,65
201400032854,14,3,31,1915,1,2,2,1.0,3,65286,M,4309717.0,-3848.0,65
201400032855,14,4,6,955,1,2,1,1.0,6,65286,M,4309651.0,-4566.0,65
201400032856,14,4,14,1815,1,2,3,1.0,6,65286,M,4309375.0,-4221.0,65
201400032857,14,4,17,1615,1,2,3,1.0,6,65286,M,4309698.0,-4059.0,65
201400032858,14,4,12,1500,1,2,1,1.0,3,65286,M,4310281.0,-4329.0,65
201400032859,14,4,19,1320,1,1,1,1.0,2,65286,M,4312723.0,-2742.0,65
201400032860,14,4,24,1645,1,2,2,3.0,6,65286,M,4309349.0,-4609.0,65
201400032861,14,5,9,1734,1,2,3,1.0,3,65286,M,4310217.0,-4378.0,65
201400032862,14,5,25,330,5,2,1,1.0,1,65286,M,4308981.0,-5336.0,65
201400032863,14,5,31,935,1,2,9,1.0,5,65286,M,4311129.0,-3645.0,65
201400032864,14,6,11,925,1,2,1,1.0,6,65286,M,4309352.0,-4691.0,65
201400032865,14,6,7,1220,1,2,4,1.0,1,65286,M,4309552.0,-5574.0,65
201400032866,14,6,15,1240,1,2,1,1.0,5,65286,M,4310053.0,-4533.0,65
201400032867,14,6,23,1330,1,2,7,1.0,6,65286,M,4309675.0,-5440.0,65
201400032868,14,7,11,1730,1,2,1,1.0,5,65286,M,4310060.0,-4581.0,65
201400032869,14,8,2,1438,1,2,1,1.0,6,65286,M,4309466.0,-4610.0,65
201400032870,14,8,2,1910,1,2,1,1.0,3,65286,M,4310484.0,-4167.0,65
201400032871,14,8,8,1055,1,2,2,1.0,6,65286,M,4309459.0,-5461.0,65
201400032872,14,8,16,910,1,2,1,1.0,2,65286,M,4310279.0,-4329.0,65
201400032873,14,8,17,1925,4,2,1,1.0,6,65286,M,4309715.0,-5943.0,65
201400032874,14,8,21,1410,1,1,1,1.0,6,65286,M,4308100.0,-4172.0,65