Num_Acc,an,mois,jour,hrmn,lum,agg,int,atm,col,com,gps,lat,long,dep
201400032875,14,8,20,940,1,2,2,1.0,3,65286,M,4308784.0,-4316.0,65
201400032876,14,8,20,1115,1,2,1,1.0,2,65286,M,4308634.0,-4334.0,65
201400032877,14,9,14,2100,5,2,1,1.0,5,65286,M,4310696.0,-6496.0,65
201400032878,14,9,7,2125,5,2,6,1.0,2,65286,M,4309233.0,-4942.0,65
201400032879,14,9,9,1205,1,2,1,1.0,2,65286,M,4310585.0,-6257.0,65
201400032880,14,9,5,1540,1,2,1,1.0,2,65286,M,4308737.0,-4318.0,65
201400032881,14,9,18,1830,1,2,1,1.0,6,65286,M,4310303.0,-4307.0,65
201400032882,14,9,17,1645,1,2,1,1.0,6,65286,M,4308629.0,-4334.0,65
201400032883,14,9,24,700,2,2,1,1.0,6,65286,M,4309670.0,-5448.0,65
201400032884,14,9,10,1640,1,2,1,7.0,6,65286,M,4309425.0,-4648.0,65
201400032885,14,9,25,918,1,2,2,1.0,3,65286,M,4309594.0,-4484.0,65
201400032886,14,9,29,1615,1,2,1,1.0,6,65286,M,4310762.0,-7314.0,65
201400032887,14,10,4,1325,1,2,3,1.0,3,65286,M,,,65
201400032888,14,10,29,1920,5,2,1,1.0,6,65286,M,4310304.0,-4309.0,65
201400032889,14,11,26,1725,2,2,1,3.0,6,65286,M,4309438.0,-4612.0,65
201400032890,14,12,18,2040,3,1,1,2.0,1,65286,M,4324130.0,993.0,65
201400032891,14,1,8,1635,1,2,1,1.0,6,65440,M,4323747.0,6677.0,65
201400032892,14,1,17,740,2,1,2,1.0,3,65100,M,4326809.0,7647.0,65
201400032893,14,2,4,1355,1,2,3,1.0,3,65047,M,4326203.0,9217.0,65
201400032894,14,2,11,831,1,1,1,1.0,3,65226,M,4324465.0,-2305.0,65
201400032895,14,2,12,945,1,2,1,1.0,6,65417,M,4323281.0,9233.0,65
201400032896,14,2,18,1830,2,2,2,1.0,3,65440,M,4324720.0,7028.0,65
201400032897,14,2,24,825,1,2,1,1.0,6,65440,M,4323879.0,5976.0,65
201400032898,14,2,28,2155,3,2,4,3.0,6,65440,M,4323603.0,8382.0,65
201400032899,14,3,3,1355,1,2,1,2.0,4,65417,M,4322310.0,10273.0,65
201400032900,14,3,3,1650,1,2,1,4.0,2,65417,M,4321660.0,11038.0,65
201400032901,14,3,12,1420,1,2,1,1.0,2,65440,M,4323977.0,7383.0,65
201400032902,14,3,14,1240,1,1,6,1.0,3,65100,M,4326775.0,7069.0,65
201400032903,14,3,15,1215,1,2,2,1.0,3,65440,M,4322419.0,6840.0,65
201400032904,14,3,23,2040,5,2,3,1.0,3,65440,M,4323295.0,8667.0,65
201400032905,14,3,24,530,5,2,1,1.0,6,65440,M,4325177.0,7267.0,65
201400032906,14,3,31,2145,5,2,1,1.0,2,65440,M,4322784.0,5656.0,65
201400032907,14,4,4,900,1,2,1,1.0,3,65331,M,4321000.0,4689.0,65
201400032908,14,4,4,1605,1,2,1,1.0,2,65440,M,4323883.0,6958.0,65
201400032909,14,4,13,1805,1,2,3,1.0,3,65440,M,4323697.0,5139.0,65
201400032910,14,4,13,1935,1,1,1,1.0,2,65440,M,4323105.0,4278.0,65
201400032911,14,4,14,2010,2,2,1,1.0,3,65440,M,4323105.0,8205.0,65
201400032912,14,4,23,800,1,2,1,1.0,6,65440,M,4323154.0,5441.0,65
201400032913,14,4,24,1150,1,2,1,1.0,6,65440,M,4323956.0,7139.0,65
201400032914,14,4,26,1655,1,2,3,2.0,2,65440,M,4322410.0,5775.0,65
201400032915,14,4,29,1435,1,2,1,1.0,3,65331,M,4321644.0,5510.0,65
201400032916,14,4,19,1840,1,2,1,1.0,1,65440,M,4324141.0,6340.0,65
201400032917,14,5,5,1000,1,2,3,1.0,6,65440,M,4324112.0,5115.0,65
201400032918,14,5,9,1435,1,2,1,1.0,3,65440,M,4323160.0,8378.0,65
201400032919,14,5,14,1900,1,2,1,1.0,3,65440,M,4322526.0,6613.0,65
201400032920,14,5,17,1320,1,2,2,1.0,2,65440,M,4322922.0,8482.0,65
201400032921,14,5,22,725,1,1,6,1.0,3,65226,M,4323343.0,1712.0,65
201400032922,14,5,22,1000,1,2,1,1.0,6,65440,M,4322935.0,8815.0,65
201400032923,14,6,2,1200,1,2,2,1.0,3,65440,M,4322888.0,8304.0,65
201400032924,14,6,2,2140,1,2,2,1.0,3,65440,M,4323576.0,7797.0,65
201400032925,14,6,2,2210,5,2,1,1.0,6,65440,M,4322219.0,7024.0,65
201400032926,14,6,4,755,1,2,2,2.0,3,65433,M,4320362.0,10315.0,65
201400032927,14,6,6,1250,1,2,1,1.0,3,65440,M,4325310.0,7255.0,65
201400032928,14,6,19,1050,1,2,1,1.0,6,65440,M,4323068.0,8213.0,65
201400032929,14,6,21,1025,1,2,1,1.0,2,65417,M,4322319.0,10276.0,65
201400032930,14,6,21,1550,1,2,1,1.0,6,65440,M,4323485.0,7824.0,65
201400032931,14,6,25,1555,1,2,6,7.0,3,65433,M,4320422.0,9601.0,65
201400032932,14,7,2,1745,1,2,2,1.0,3,65440,M,4322405.0,6976.0,65
201400032933,14,7,7,10,5,2,1,2.0,6,65440,M,4323241.0,5460.0,65
201400032934,14,7,18,745,1,2,3,1.0,3,65417,M,4323028.0,9250.0,65
201400032935,14,7,19,932,1,2,2,1.0,3,65440,M,4322943.0,5185.0,65
201400032936,14,7,21,1820,1,2,4,1.0,3,65226,M,4323874.0,408.0,65
201400032937,14,8,5,1015,1,2,1,1.0,2,65417,M,4323120.0,9404.0,65
201400032938,14,8,5,1510,1,2,1,1.0,1,65251,M,4320472.0,7427.0,65
201400032939,14,8,11,850,1,2,2,1.0,3,65100,M,4325457.0,4698.0,65
201400032940,14,8,16,1805,1,2,3,1.0,6,65433,M,4320814.0,9512.0,65
201400032941,14,8,17,2105,2,1,1,1.0,6,65226,M,4324359.0,-1774.0,65
201400032942,14,8,20,1455,1,2,3,1.0,3,65440,M,4323532.0,6737.0,65
201400032943,14,9,2,905,1,2,3,1.0,3,65433,M,4321130.0,10034.0,65
201400032944,14,9,2,1340,1,1,1,1.0,6,65440,M,4323015.0,4351.0,65
201400032945,14,9,8,2105,2,2,2,1.0,2,65047,M,4324748.0,8707.0,65
201400032946,14,9,12,1705,1,2,2,1.0,6,65440,M,4323215.0,8733.0,65
201400032947,14,9,14,2055,5,1,6,1.0,3,65100,M,4326777.0,7142.0,65
201400032948,14,9,15,510,3,2,2,1.0,3,65440,M,4322454.0,6531.0,65
201400032949,14,9,17,1550,1,2,2,1.0,3,65440,M,4324884.0,6322.0,65
201400032950,14,9,21,925,1,1,1,1.0,6,65417,M,4321661.0,11038.0,65
201400032951,14,9,25,555,5,2,3,1.0,6,65417,M,4322853.0,10783.0,65
201400032952,14,9,29,1145,1,2,1,1.0,6,65440,M,4322793.0,7572.0,65
201400032953,14,10,2,1405,1,2,1,1.0,6,65440,M,4323086.0,7335.0,65
201400032954,14,10,3,1600,1,2,7,1.0,6,65440,M,4323163.0,8269.0,65
201400032955,14,10,3,1755,1,2,3,1.0,3,65417,M,4322847.0,9953.0,65
201400032956,14,10,6,1545,1,2,1,1.0,4,65440,M,4323808.0,4054.0,65
201400032957,14,10,9,750,2,2,1,2.0,3,65440,M,4323959.0,8350.0,65
201400032958,14,10,9,900,1,1,1,1.0,2,65417,M,4321950.0,10708.0,65
201400032959,14,10,12,120,5,2,1,1.0,3,65047,M,4323676.0,9061.0,65
201400032960,14,10,16,1015,1,2,1,1.0,3,65440,M,4323706.0,5046.0,65
201400032961,14,10,17,735,5,2,1,1.0,6,65440,M,4323089.0,6517.0,65
201400032962,14,10,17,1810,1,2,1,1.0,6,65440,M,4323950.0,6891.0,65
201400032963,14,10,18,1710,1,1,1,1.0,1,65100,M,4326599.0,7720.0,65
201400032964,14,10,22,1035,1,2,1,1.0,7,65251,M,4321212.0,7258.0,65
201400032965,14,10,27,1700,1,1,3,1.0,3,65226,M,4324564.0,1101.0,65
201400032966,14,10,30,900,1,2,3,1.0,6,65440,M,4323602.0,8392.0,65
201400032967,14,10,31,900,1,2,2,1.0,6,65440,M,4323134.0,8186.0,65
201400032968,14,11,1,1030,1,2,1,1.0,3,65440,M,4325097.0,7275.0,65
201400032969,14,11,3,830,1,2,2,1.0,3,65440,M,4323844.0,8188.0,65
201400032970,14,11,5,2210,5,2,2,1.0,3,65440,M,4324449.0,7333.0,65
201400032971,14,11,7,1505,1,2,4,2.0,3,65100,M,4324671.0,4217.0,65
201400032972,14,11,12,905,1,2,1,1.0,6,65417,M,4322580.0,10115.0,65
201400032973,14,11,24,1815,5,2,3,1.0,1,65433,M,4321129.0,10032.0,65
201400032974,14,11,26,940,1,2,1,3.0,3,65440,M,4324964.0,7202.0,65
201400032975,14,12,1,1650,2,2,1,2.0,3,65440,M,4323392.0,5876.0,65
201400032976,14,12,4,835,1,2,3,1.0,3,65100,M,4326180.0,5572.0,65
201400032977,14,12,9,1255,1,2,3,1.0,1,65440,M,4324345.0,7969.0,65
201400032978,14,12,13,1415,1,2,2,1.0,3,65417,M,4323035.0,10561.0,65
201400032979,14,12,19,1350,1,1,1,1.0,2,65226,M,4321612.0,2004.0,65
201400032980,14,12,27,810,2,2,1,1.0,6,65417,M,4322608.0,9963.0,65
201400032981,14,9,24,845,1,1,1,1.0,7,09294,M,4319912.0,135759.0,09
201400032982,14,1,6,1500,1,2,1,1.0,6,66136,M,4270043.0,289033.0,66
201400032983,14,1,9,1545,1,2,1,1.0,2,66136,M,4266721.0,288309.0,66
201400032984,14,1,10,755,3,2,1,1.0,3,66136,M,4272389.0,288709.0,66
201400032985,14,1,15,1030,1,1,1,1.0,3,66136,M,4267003.0,288488.0,66
201400032986,14,1,17,1210,1,1,1,1.0,2,66136,M,,,66
201400032987,14,1,18,10,5,2,1,1.0,3,66136,M,4269520.0,287865.0,66
201400032988,14,1,25,600,5,2,1,1.0,3,66136,M,4270689.0,290014.0,66
201400032989,14,1,29,1620,1,2,1,1.0,3,66136,M,4270541.0,290167.0,66
201400032990,14,1,29,1750,1,2,1,1.0,4,66136,M,4270627.0,290082.0,66
201400032991,14,1,28,1945,5,2,1,1.0,6,66136,M,4268948.0,288440.0,66
201400032992,14,1,30,1100,1,2,1,1.0,6,66136,M,4269988.0,288906.0,66
201400032993,14,2,4,2345,5,2,1,1.0,3,66136,M,4270533.0,290177.0,66
201400032994,14,2,6,1650,1,2,1,1.0,6,66136,M,4270313.0,287826.0,66
201400032995,14,2,6,1810,1,2,1,1.0,3,66136,M,4268563.0,288199.0,66
201400032996,14,2,7,745,1,2,1,1.0,3,66136,M,4268425.0,290182.0,66
201400032997,14,2,17,1400,1,2,1,1.0,3,66136,M,4268918.0,288402.0,66
201400032998,14,2,12,2015,3,2,1,1.0,1,66136,M,4268974.0,288676.0,66
201400032999,14,2,8,656,2,2,1,1.0,3,66136,M,4269596.0,291589.0,66
201400033000,14,2,8,144,5,2,1,1.0,1,66136,M,4268759.0,287397.0,66
201400033001,14,2,20,1330,1,2,2,1.0,3,66136,M,4268735.0,289789.0,66
201400033002,14,2,22,220,3,1,1,1.0,2,66136,M,,,66
201400033003,14,2,21,1800,1,2,1,1.0,1,66136,M,4270805.0,287567.0,66
201400033004,14,2,25,2045,3,2,1,1.0,4,66136,M,4267776.0,291306.0,66
201400033005,14,2,26,2223,5,2,1,1.0,2,66136,M,4269926.0,288861.0,66
201400033006,14,3,1,1620,1,2,2,1.0,3,66136,M,4271533.0,289370.0,66
201400033007,14,3,3,1528,1,1,9,1.0,6,66136,M,4266984.0,288220.0,66
201400033008,14,3,5,1751,1,2,1,1.0,6,66136,M,4270448.0,289279.0,66
201400033009,14,3,9,1240,1,2,2,1.0,3,66136,M,4268746.0,290056.0,66
201400033010,14,3,17,1615,1,1,1,1.0,2,66136,M,4267414.0,288753.0,66
201400033011,14,3,17,1820,1,2,1,1.0,6,66136,M,4269876.0,288555.0,66
201400033012,14,3,20,1025,1,2,1,1.0,6,66136,M,4269490.0,290801.0,66
201400033013,14,3,24,2045,3,1,1,1.0,6,66136,M,,,66
201400033014,14,3,28,1715,1,2,1,1.0,3,66136,M,4272559.0,288762.0,66
201400033015,14,4,1,1620,1,2,2,1.0,3,66136,M,4271753.0,288939.0,66
201400033016,14,4,3,840,1,2,1,2.0,6,66136,M,4269813.0,289297.0,66
201400033017,14,4,4,1650,1,2,1,1.0,3,66136,M,4270443.0,289256.0,66
201400033018,14,4,8,1200,1,2,3,1.0,3,66136,M,4269051.0,288546.0,66
201400033019,14,4,10,535,5,2,1,1.0,6,66136,M,4271254.0,288940.0,66
201400033020,14,4,11,1909,1,2,1,1.0,2,66136,M,4270761.0,288633.0,66
201400033021,14,4,14,930,1,2,1,1.0,3,66136,M,4270073.0,290427.0,66
201400033022,14,4,15,900,1,2,1,1.0,4,66136,M,4270546.0,290165.0,66
201400033023,14,4,11,1020,1,2,2,1.0,3,66136,M,4266341.0,288088.0,66
201400033024,14,4,15,1750,1,2,1,1.0,1,66136,M,4271092.0,289860.0,66
201400033025,14,4,14,255,3,2,1,1.0,1,66136,M,4270428.0,289732.0,66
201400033026,14,4,27,2040,5,2,1,1.0,6,66136,M,4267949.0,289861.0,66
201400033027,14,4,25,825,1,2,2,2.0,7,66136,M,4269151.0,289458.0,66
201400033028,14,5,1,1205,1,2,2,1.0,3,66136,M,4269342.0,288906.0,66
201400033029,14,5,1,2320,5,2,1,1.0,3,66136,M,4269082.0,289649.0,66
201400033030,14,5,1,515,5,2,2,1.0,3,66136,M,4271036.0,289752.0,66
201400033031,14,5,5,1000,1,2,1,1.0,2,66136,M,4270391.0,289286.0,66
201400033032,14,5,6,640,1,2,1,1.0,6,66136,M,4269863.0,292879.0,66
201400033033,14,5,13,1810,1,2,1,1.0,6,66136,M,4270261.0,290097.0,66
201400033034,14,5,15,830,1,2,1,1.0,6,66136,M,4268949.0,288463.0,66
201400033035,14,5,17,1845,1,2,2,1.0,3,66136,M,4270517.0,288992.0,66
201400033036,14,5,23,2014,1,2,1,1.0,3,66136,M,4270529.0,290173.0,66
201400033037,14,5,27,1600,1,2,2,1.0,3,66136,M,4271099.0,288621.0,66
201400033038,14,6,2,1240,1,2,1,1.0,5,66136,M,4274041.0,289192.0,66
201400033039,14,6,10,1730,1,2,1,1.0,6,66136,M,4269829.0,289180.0,66
201400033040,14,6,10,1715,1,2,1,1.0,3,66136,M,4268833.0,287485.0,66
201400033041,14,6,11,1030,1,2,1,1.0,3,66136,M,4269378.0,290087.0,66
201400033042,14,6,11,1945,1,2,1,1.0,6,66136,M,4269957.0,288681.0,66
201400033043,14,6,16,1630,1,2,1,1.0,2,66136,M,4269004.0,289996.0,66
201400033044,14,6,21,1420,1,2,1,1.0,6,66136,M,4269846.0,289680.0,66
201400033045,14,6,28,1930,1,2,1,1.0,3,66136,M,4268958.0,288440.0,66
201400033046,14,6,27,1830,1,2,1,1.0,1,66136,M,4269337.0,291482.0,66
201400033047,14,7,1,900,1,2,1,1.0,2,66136,M,4270766.0,289955.0,66
201400033048,14,7,1,1500,1,1,1,1.0,3,66136,M,4271010.0,291100.0,66
201400033049,14,7,3,10,5,2,1,1.0,3,66136,M,4270412.0,290254.0,66
201400033050,14,7,4,1415,1,1,1,1.0,3,66136,M,4266892.0,288345.0,66
201400033051,14,7,7,1300,1,1,1,3.0,6,66136,M,,,66
201400033052,14,7,7,1445,1,1,1,3.0,7,66136,M,,,66
201400033053,14,7,9,830,1,2,2,1.0,3,66136,M,4268519.0,288101.0,66
201400033054,14,7,10,1520,1,2,1,1.0,6,66136,M,4269734.0,288384.0,66
201400033055,14,7,15,1600,1,2,1,1.0,3,66136,M,4269044.0,290500.0,66
201400033056,14,7,13,1930,1,2,1,1.0,3,66136,M,4269828.0,289197.0,66
201400033057,14,7,18,1730,1,2,1,1.0,6,66136,M,4269734.0,290399.0,66
201400033058,14,7,19,1930,1,1,1,1.0,6,66136,M,,,66
201400033059,14,7,21,1720,1,2,1,1.0,3,66136,M,4268559.0,287327.0,66
201400033060,14,7,12,1710,1,2,2,1.0,3,66136,M,4270640.0,289180.0,66
201400033061,14,7,27,141,5,2,1,1.0,3,66136,M,4272249.0,289080.0,66
201400033062,14,7,25,1507,1,2,1,1.0,3,66136,M,4269596.0,288393.0,66
201400033063,14,7,29,1615,1,2,2,1.0,5,66136,M,4269441.0,288864.0,66
201400033064,14,8,2,955,1,2,1,1.0,3,66136,M,4271771.0,288739.0,66
201400033065,14,8,2,1700,1,2,1,1.0,2,66136,M,4269831.0,292849.0,66
201400033066,14,8,11,2050,2,2,1,1.0,6,66136,M,4269009.0,290530.0,66
201400033067,14,8,11,2125,2,2,1,1.0,3,66136,M,4271745.0,288747.0,66
201400033068,14,8,11,1640,1,2,1,1.0,7,66136,M,4269902.0,289072.0,66
201400033069,14,8,11,1545,1,2,1,1.0,3,66136,M,4270042.0,289014.0,66
201400033070,14,8,17,2315,3,2,1,1.0,6,66136,M,4269906.0,287405.0,66
201400033071,14,8,10,530,2,1,1,1.0,2,66136,M,,,66
201400033072,14,8,21,1400,1,2,1,1.0,3,66136,M,4270175.0,290445.0,66
201400033073,14,8,23,955,1,2,1,1.0,6,66136,M,4267435.0,288798.0,66
201400033074,14,8,27,1500,1,2,1,1.0,3,66136,M,4270089.0,289250.0,66
201400033075,14,8,25,1530,1,2,1,1.0,3,66136,M,4269507.0,290347.0,66
201400033076,14,9,1,1530,1,2,2,1.0,3,66136,M,4270188.0,289569.0,66
201400033077,14,9,2,1730,1,2,1,1.0,2,66136,M,4271329.0,290553.0,66
201400033078,14,9,5,1640,1,2,1,1.0,3,66136,M,4268415.0,288201.0,66
201400033079,14,9,6,1805,1,2,1,1.0,3,66136,M,4270198.0,289563.0,66
201400033080,14,9,7,2033,2,2,1,1.0,6,66136,M,4270161.0,289169.0,66
201400033081,14,9,9,2100,2,2,1,1.0,3,66136,M,4269663.0,290819.0,66
201400033082,14,9,10,849,1,2,1,1.0,3,66136,M,4268761.0,289965.0,66
201400033083,14,9,11,2040,2,1,1,1.0,2,66136,M,,,66
201400033084,14,9,15,1649,1,1,1,1.0,2,66136,M,,,66
201400033085,14,9,16,1300,1,1,1,1.0,2,66136,M,,,66
201400033086,14,9,23,1520,1,1,1,1.0,3,66136,M,4270448.0,290914.0,66
201400033087,14,9,25,1053,1,2,1,1.0,3,66136,M,4273285.0,289498.0,66
201400033088,14,9,26,2115,5,1,1,1.0,3,66136,M,4267786.0,291285.0,66
201400033089,14,9,28,1754,1,1,1,1.0,1,66136,M,4268780.0,290868.0,66
201400033090,14,9,29,1800,1,1,1,2.0,2,66136,M,,,66
201400033091,14,10,7,1023,1,2,1,1.0,3,66136,M,4268706.0,288737.0,66
201400033092,14,10,8,943,1,2,1,1.0,2,66136,M,4269792.0,290437.0,66
201400033093,14,10,8,857,1,2,1,1.0,6,66136,M,4269468.0,284862.0,66
201400033094,14,10,8,755,1,2,1,1.0,2,66136,M,4268687.0,290650.0,66
201400033095,14,10,8,1945,3,2,1,1.0,2,66136,M,,,66
201400033096,14,10,8,1754,1,2,1,1.0,6,66136,M,4270508.0,289426.0,66
201400033097,14,10,11,1645,1,2,1,1.0,6,66136,M,4270666.0,289196.0,66
201400033098,14,10,10,1300,1,2,2,1.0,3,66136,M,4269641.0,291027.0,66
201400033099,14,10,15,1220,1,2,1,1.0,6,66136,M,4269485.0,287884.0,66
201400033100,14,10,13,825,1,1,1,1.0,4,66136,M,4267607.0,284354.0,66
201400033101,14,10,17,2250,5,2,1,1.0,3,66136,M,4269159.0,288276.0,66
201400033102,14,10,26,1630,1,2,1,1.0,6,66136,M,4268628.0,290660.0,66
201400033103,14,10,20,2300,3,2,1,1.0,6,66136,M,4269265.0,291225.0,66
201400033104,14,10,30,30,5,2,1,1.0,6,66136,M,4270114.0,288994.0,66
201400033105,14,10,21,930,1,2,6,1.0,3,66136,M,4268154.0,289408.0,66
201400033106,14,11,4,1840,3,1,1,3.0,6,66136,M,4266956.0,288329.0,66
201400033107,14,11,6,1830,5,2,1,1.0,3,66136,M,4271710.0,289137.0,66
201400033108,14,11,10,1400,1,2,1,1.0,6,66136,M,,,66
201400033109,14,11,13,740,1,2,2,1.0,3,66136,M,4269001.0,289378.0,66
201400033110,14,11,13,1700,1,2,1,1.0,6,66136,M,4269132.0,290754.0,66
201400033111,14,11,14,1520,1,2,1,1.0,2,66136,M,4269873.0,290545.0,66
201400033112,14,11,19,1830,3,1,1,1.0,2,66136,M,,,66
201400033113,14,11,21,850,1,2,1,1.0,2,66136,M,4269852.0,290465.0,66
201400033114,14,11,22,2215,5,2,1,1.0,6,66136,M,4269062.0,290123.0,66
201400033115,14,11,27,1800,2,2,1,2.0,6,66136,M,4268054.0,290946.0,66
201400033116,14,12,1,1125,1,2,1,1.0,3,66136,M,4270203.0,288845.0,66
201400033117,14,12,1,1219,1,2,1,1.0,6,66136,M,4269183.0,288694.0,66
201400033118,14,12,2,1825,5,2,1,1.0,3,66136,M,4269946.0,288219.0,66
201400033119,14,12,3,1800,5,2,1,1.0,6,66136,M,4269793.0,288622.0,66
201400033120,14,12,3,1700,1,2,2,1.0,3,66136,M,4269506.0,292129.0,66
201400033121,14,12,4,1830,5,2,1,1.0,6,66136,M,4269012.0,289199.0,66
201400033122,14,12,10,1655,2,2,1,1.0,5,66136,M,,,66
201400033123,14,12,10,1900,3,2,1,6.0,2,66136,M,4269438.0,285127.0,66
201400033124,14,12,11,1905,2,2,3,1.0,3,66136,M,4269280.0,288581.0,66
201400033125,14,12,12,1350,1,2,1,1.0,3,66136,M,4273459.0,289016.0,66
201400033126,14,12,14,1910,2,2,1,1.0,6,66136,M,4269306.0,288628.0,66
201400033127,14,12,12,2304,5,2,1,1.0,3,66136,M,4268832.0,287486.0,66
201400033128,14,12,17,1540,1,2,1,1.0,6,66136,M,4270406.0,290919.0,66
201400033129,14,12,16,1910,5,2,1,1.0,3,66136,M,4272625.0,288024.0,66
201400033130,14,12,22,2108,5,2,1,1.0,1,66136,M,4269098.0,287262.0,66
201400033131,14,12,9,530,3,2,1,1.0,1,06054,M,4377100.0,732500.0,06
201400033132,14,1,23,955,1,2,3,8.0,3,67180,M,,,67
201400033133,14,2,1,1700,3,1,1,2.0,3,67180,M,,,67
201400033134,14,2,15,2200,3,1,1,1.0,7,67180,M,,,67
201400033135,14,3,6,1304,1,2,9,1.0,1,67180,M,,,67
201400033136,14,4,28,1006,1,2,1,2.0,6,67180,M,,,67
201400033137,14,5,11,1434,1,2,1,3.0,6,67180,M,,,67
201400033138,14,6,26,2215,2,2,1,1.0,6,67180,M,,,67
201400033139,14,7,17,1435,1,2,1,1.0,5,67180,M,,,67
201400033140,14,8,30,2150,3,1,6,1.0,6,67180,M,,,67
201400033141,14,9,6,150,5,2,1,1.0,3,67180,M,,,67
201400033142,14,9,7,1940,2,1,1,1.0,3,67180,M,,,67
201400033143,14,9,26,1915,2,2,1,1.0,7,67180,M,,,67
201400033144,14,10,1,1455,1,2,1,1.0,6,67180,M,,,67
201400033145,14,11,3,820,1,1,1,8.0,5,67180,M,,,67
201400033146,14,11,8,1825,5,2,1,8.0,6,67180,M,,,67
201400033147,14,11,11,1530,1,1,1,1.0,1,67180,M,,,67
201400033148,14,11,30,2050,3,1,1,1.0,7,67180,M,,,67
201400033149,14,10,2,2005,3,2,1,1.0,3,67180,M,,,67
201400033150,14,1,4,1145,1,2,2,2.0,3,67462,M,,,67
201400033151,14,3,19,1955,5,2,2,1.0,3,67462,M,,,67
201400033152,14,5,10,1510,1,2,1,1.0,3,67462,M,,,67
201400033153,14,6,22,245,3,1,1,1.0,6,67462,M,,,67
201400033154,14,8,7,1740,1,2,1,2.0,6,67462,M,,,67
201400033155,14,11,19,1820,5,2,1,8.0,6,67462,M,,,67
201400033156,14,1,1,412,5,2,1,2.0,6,67482,M,,,67
201400033157,14,1,3,2030,5,2,2,1.0,6,67482,M,,,67
201400033158,14,1,7,1650,5,2,1,1.0,2,67204,M,,,67
201400033159,14,1,7,2210,5,2,1,1.0,6,67482,M,,,67
201400033160,14,1,9,1655,2,2,1,1.0,6,67482,M,,,67
201400033161,14,1,9,2045,5,2,1,2.0,3,67218,M,,,67
201400033162,14,1,10,1620,1,2,1,1.0,6,67482,M,,,67
201400033163,14,1,10,1630,2,2,1,1.0,3,67482,M,,,67
201400033164,14,1,10,1800,5,2,3,1.0,3,67043,M,,,67
201400033165,14,1,10,1800,5,2,1,1.0,6,67482,M,,,67
201400033166,14,1,13,1845,5,2,2,2.0,6,67482,M,,,67
201400033167,14,1,14,1910,5,2,1,1.0,3,67482,M,,,67
201400033168,14,1,15,945,1,2,1,7.0,6,67447,M,,,67
201400033169,14,1,19,1910,5,2,2,1.0,3,67482,M,,,67
201400033170,14,1,20,1658,5,2,1,2.0,1,67218,M,,,67
201400033171,14,1,21,2035,5,2,1,1.0,2,67447,M,,,67
201400033172,14,1,22,835,1,2,1,1.0,6,67482,M,,,67
201400033173,14,1,22,1805,2,2,1,1.0,6,67482,M,,,67
201400033174,14,1,24,1310,1,2,3,1.0,6,67482,M,,,67
201400033175,14,1,26,2040,5,2,3,2.0,3,67482,M,,,67
201400033176,14,1,26,2305,5,2,3,3.0,3,67482,M,,,67
201400033177,14,1,27,1730,2,2,3,2.0,1,67482,M,,,67
201400033178,14,1,28,1550,1,2,2,1.0,6,67447,M,,,67
201400033179,14,1,30,1835,5,2,4,1.0,6,67447,M,,,67
201400033180,14,1,30,1853,1,2,2,1.0,3,67482,M,,,67
201400033181,14,1,30,2040,5,2,2,1.0,5,67447,M,,,67
201400033182,14,1,31,1355,1,2,4,7.0,5,67482,M,,,67
201400033183,14,1,31,1750,5,2,2,1.0,6,67218,M,,,67
201400033184,14,2,1,1430,1,2,1,8.0,3,67482,M,,,67
201400033185,14,2,2,445,5,2,1,2.0,7,67482,M,,,67
201400033186,14,2,2,1450,1,2,2,1.0,3,67447,M,,,67
201400033187,14,2,3,1210,1,2,3,1.0,3,67218,M,,,67
201400033188,14,2,6,1215,1,2,1,1.0,6,67482,M,,,67
201400033189,14,2,6,2215,5,2,2,1.0,3,67482,M,,,67
201400033190,14,2,8,240,5,2,1,1.0,6,67482,M,,,67
201400033191,14,2,12,2045,1,2,3,1.0,6,67482,M,,,67
201400033192,14,2,13,1220,1,2,3,2.0,6,67482,M,,,67
201400033193,14,2,13,1900,5,2,1,2.0,3,67482,M,,,67
201400033194,14,2,17,805,1,2,2,1.0,3,67447,M,,,67
201400033195,14,2,18,1410,1,2,3,1.0,3,67447,M,,,67
201400033196,14,2,19,1204,1,2,1,1.0,4,67482,M,,,67
201400033197,14,2,20,730,1,2,3,1.0,3,67482,M,,,67
201400033198,14,2,21,1315,1,2,1,1.0,6,67482,M,,,67
201400033199,14,2,21,1615,1,2,4,1.0,3,67482,M,,,67
201400033200,14,2,22,1415,1,2,2,1.0,3,67482,M,,,67
201400033201,14,2,23,1045,1,2,2,1.0,3,67482,M,,,67
201400033202,14,2,24,1000,1,2,1,1.0,3,67365,M,,,67
201400033203,14,2,24,1540,1,2,1,1.0,6,67482,M,,,67
201400033204,14,2,26,1510,1,2,3,2.0,3,67482,M,,,67