Num_Acc,an,mois,jour,hrmn,lum,agg,int,atm,col,com,gps,lat,long,dep
201400033205,14,2,28,2020,5,2,1,9.0,2,67482,M,,,67
201400033206,14,3,1,1745,1,2,1,1.0,6,67482,M,,,67
201400033207,14,3,4,1900,5,2,2,1.0,3,67482,M,,,67
201400033208,14,3,4,2100,5,2,1,1.0,6,67482,M,,,67
201400033209,14,3,6,905,1,2,2,1.0,2,67482,M,,,67
201400033210,14,3,6,1415,1,2,1,1.0,6,67482,M,,,67
201400033211,14,3,6,1750,2,2,1,1.0,6,67447,M,,,67
201400033212,14,3,6,2315,3,1,1,1.0,6,67218,M,,,67
201400033213,14,3,7,830,1,2,2,1.0,3,67482,M,,,67
201400033214,14,3,7,1725,1,2,2,1.0,3,67365,M,,,67
201400033215,14,3,7,1910,5,2,1,1.0,7,67482,M,,,67
201400033216,14,3,8,2048,5,2,1,1.0,2,67482,M,,,67
201400033217,14,3,9,1910,5,2,1,1.0,6,67482,M,,,67
201400033218,14,3,9,2332,3,2,1,1.0,2,67267,M,,,67
201400033219,14,3,10,1620,1,2,1,1.0,2,67482,M,,,67
201400033220,14,3,10,1830,5,2,3,1.0,6,67482,M,,,67
201400033221,14,3,11,820,1,2,1,1.0,3,67482,M,,,67
201400033222,14,3,11,910,1,2,2,1.0,5,67482,M,,,67
201400033223,14,3,11,1025,1,2,2,1.0,3,67365,M,,,67
201400033224,14,3,11,1943,5,2,3,1.0,5,67482,M,,,67
201400033225,14,3,12,1205,1,2,1,1.0,6,67482,M,,,67
201400033226,14,3,12,1650,1,2,1,1.0,6,67482,M,,,67
201400033227,14,3,13,1045,1,2,1,1.0,6,67218,M,,,67
201400033228,14,3,13,1600,1,2,1,1.0,2,67482,M,,,67
201400033229,14,3,13,1840,2,2,1,1.0,6,67218,M,,,67
201400033230,14,3,13,1920,1,2,2,1.0,3,67447,M,,,67
201400033231,14,3,13,2025,5,2,6,1.0,3,67482,M,,,67
201400033232,14,3,14,2310,5,2,1,1.0,6,67447,M,,,67
201400033233,14,3,15,525,5,2,2,1.0,3,67482,M,,,67
201400033234,14,3,15,1428,1,2,3,1.0,2,67482,M,,,67
201400033235,14,3,15,1450,1,2,1,1.0,6,67482,M,,,67
201400033236,14,3,16,1915,5,2,1,1.0,3,67482,M,,,67
201400033237,14,3,17,825,1,2,2,1.0,3,67043,M,,,67
201400033238,14,3,17,1600,1,2,1,1.0,6,67482,M,,,67
201400033239,14,3,17,2000,5,2,2,1.0,3,67482,M,,,67
201400033240,14,3,20,1350,1,2,1,1.0,6,67267,M,,,67
201400033241,14,3,22,945,1,2,2,2.0,6,67482,M,,,67
201400033242,14,3,24,1637,1,2,1,8.0,6,67482,M,,,67
201400033243,14,3,25,15,5,2,2,1.0,3,67482,M,,,67
201400033244,14,3,25,1330,1,2,1,1.0,6,67482,M,,,67
201400033245,14,3,26,1540,1,2,1,1.0,3,67482,M,,,67
201400033246,14,3,26,1745,1,2,1,1.0,6,67218,M,,,67
201400033247,14,3,28,820,1,2,3,1.0,3,67447,M,,,67
201400033248,14,3,28,1540,1,2,1,1.0,6,67482,M,,,67
201400033249,14,3,28,1735,1,2,1,1.0,6,67482,M,,,67
201400033250,14,3,28,2141,5,2,1,1.0,6,67218,M,,,67
201400033251,14,3,29,2100,5,2,3,1.0,3,67267,M,,,67
201400033252,14,3,30,1040,1,2,2,1.0,6,67482,M,,,67
201400033253,14,3,30,1740,1,2,1,1.0,4,67482,M,,,67
201400033254,14,4,4,345,5,2,1,1.0,6,67482,M,,,67
201400033255,14,4,5,1015,1,2,1,1.0,6,67482,M,,,67
201400033256,14,4,6,200,5,2,2,1.0,3,67482,M,,,67
201400033257,14,4,7,720,1,2,3,1.0,3,67267,M,,,67
201400033258,14,4,7,1135,1,2,2,1.0,3,67482,M,,,67
201400033259,14,4,7,2130,5,2,1,1.0,3,67482,M,,,67
201400033260,14,4,7,2215,5,2,3,1.0,2,67482,M,,,67
201400033261,14,4,8,1545,1,2,3,1.0,3,67482,M,,,67
201400033262,14,4,8,2240,5,2,2,1.0,3,67482,M,,,67
201400033263,14,4,9,1705,1,2,1,1.0,6,67482,M,,,67
201400033264,14,4,9,2145,5,2,2,1.0,2,67043,M,,,67
201400033265,14,4,10,1100,1,2,3,1.0,3,67482,M,,,67
201400033266,14,4,10,1510,1,2,1,1.0,3,67482,M,,,67
201400033267,14,4,10,2030,5,2,1,1.0,6,67482,M,,,67
201400033268,14,4,11,1220,1,2,2,1.0,3,67482,M,,,67
201400033269,14,4,11,1825,1,2,1,1.0,3,67482,M,,,67
201400033270,14,4,12,1855,1,2,4,1.0,3,67482,M,,,67
201400033271,14,4,13,1615,1,2,1,1.0,6,67482,M,,,67
201400033272,14,4,14,1700,1,1,3,1.0,3,67482,M,,,67
201400033273,14,4,15,745,1,2,2,1.0,3,67218,M,,,67
201400033274,14,4,15,1845,1,2,1,1.0,3,67482,M,,,67
201400033275,14,4,16,1625,1,1,1,1.0,6,67482,M,,,67
201400033276,14,4,16,1835,1,2,1,1.0,3,67482,M,,,67
201400033277,14,4,17,1120,1,2,1,1.0,5,67482,M,,,67
201400033278,14,4,17,1605,1,2,1,1.0,5,67482,M,,,67
201400033279,14,4,19,1530,1,2,1,1.0,4,67043,M,,,67
201400033280,14,4,20,1600,1,2,1,1.0,3,67482,M,,,67
201400033281,14,4,22,845,1,2,1,1.0,6,67482,M,,,67
201400033282,14,4,22,915,1,2,2,1.0,3,67267,M,,,67
201400033283,14,4,24,1730,1,2,1,1.0,5,67447,M,,,67
201400033284,14,4,29,1600,1,2,1,1.0,3,67482,M,,,67
201400033285,14,4,29,1655,1,2,1,1.0,6,67482,M,,,67
201400033286,14,4,29,2100,2,2,2,1.0,3,67482,M,,,67
201400033287,14,4,30,1630,1,2,1,1.0,6,67482,M,,,67
201400033288,14,5,3,1050,1,2,1,1.0,3,67482,M,,,67
201400033289,14,5,6,945,1,2,1,1.0,3,67447,M,,,67
201400033290,14,5,6,1210,1,2,2,1.0,6,67482,M,,,67
201400033291,14,5,6,1650,1,2,1,1.0,3,67482,M,,,67
201400033292,14,5,11,137,5,2,1,2.0,6,67482,M,,,67
201400033293,14,5,13,2057,1,2,3,1.0,1,67482,M,,,67
201400033294,14,5,14,1750,1,2,3,1.0,3,67482,M,,,67
201400033295,14,5,14,1815,1,2,1,1.0,6,67482,M,,,67
201400033296,14,5,15,1640,1,2,1,1.0,1,67482,M,,,67
201400033297,14,5,15,1740,1,2,1,1.0,3,67267,M,,,67
201400033298,14,5,16,920,1,2,2,1.0,3,67482,M,,,67
201400033299,14,5,17,1515,1,2,2,1.0,6,67482,M,,,67
201400033300,14,5,17,1522,1,2,1,1.0,3,67482,M,,,67
201400033301,14,5,17,1813,1,2,1,1.0,6,67482,M,,,67
201400033302,14,5,19,815,1,2,3,1.0,3,67482,M,,,67
201400033303,14,5,19,1200,1,2,3,1.0,3,67447,M,,,67
201400033304,14,5,19,1625,1,2,3,1.0,3,67482,M,,,67
201400033305,14,5,21,1410,1,2,1,1.0,3,67482,M,,,67
201400033306,14,5,21,2050,2,2,1,1.0,6,67482,M,,,67
201400033307,14,5,21,1840,1,2,1,1.0,1,67482,M,,,67
201400033308,14,5,22,1745,1,2,1,1.0,4,67267,M,,,67
201400033309,14,5,23,1430,1,2,1,1.0,6,67482,M,,,67
201400033310,14,5,23,1820,1,2,1,1.0,3,67482,M,,,67
201400033311,14,5,23,1915,1,2,7,1.0,3,67482,M,,,67
201400033312,14,5,24,615,2,2,1,1.0,6,67482,M,,,67
201400033313,14,5,26,1340,1,2,1,1.0,6,67482,M,,,67
201400033314,14,5,28,2250,5,2,1,1.0,6,67482,M,,,67
201400033315,14,5,25,1415,1,2,3,1.0,3,67482,M,,,67
201400033316,14,5,30,1630,1,2,2,1.0,3,67482,M,,,67
201400033317,14,5,31,10,5,2,1,1.0,6,67482,M,,,67
201400033318,14,6,3,1830,1,2,1,1.0,7,67482,M,,,67
201400033319,14,6,5,2000,1,2,2,1.0,6,67482,M,,,67
201400033320,14,6,6,1210,1,2,1,1.0,3,67482,M,,,67
201400033321,14,6,9,1020,1,2,3,1.0,6,67482,M,,,67
201400033322,14,6,9,1330,1,2,1,1.0,6,67482,M,,,67
201400033323,14,6,9,2215,5,2,1,1.0,6,67482,M,,,67
201400033324,14,6,10,945,1,2,2,1.0,3,67482,M,,,67
201400033325,14,6,10,1620,1,2,1,1.0,3,67482,M,,,67
201400033326,14,6,10,2045,1,2,2,1.0,3,67482,M,,,67
201400033327,14,6,11,915,1,2,2,1.0,3,67204,M,,,67
201400033328,14,6,12,840,1,2,1,1.0,3,67482,M,,,67
201400033329,14,6,12,1625,1,2,2,1.0,6,67043,M,,,67
201400033330,14,6,13,1425,1,2,1,1.0,6,67482,M,,,67
201400033331,14,6,13,1610,1,2,2,1.0,3,67482,M,,,67
201400033332,14,6,15,1930,1,2,1,1.0,5,67482,M,,,67
201400033333,14,6,16,10,5,2,2,1.0,3,67482,M,,,67
201400033334,14,6,17,2327,5,2,1,1.0,6,67482,M,,,67
201400033335,14,6,18,1200,1,2,1,1.0,3,67482,M,,,67
201400033336,14,6,18,1410,1,2,2,1.0,3,67218,M,,,67
201400033337,14,6,19,1615,1,2,1,1.0,6,67482,M,,,67
201400033338,14,6,20,1555,1,2,1,1.0,6,67482,M,,,67
201400033339,14,6,20,1620,1,2,1,1.0,6,67482,M,,,67
201400033340,14,6,20,2344,5,2,1,1.0,3,67482,M,,,67
201400033341,14,6,20,1835,1,2,3,1.0,3,67482,M,,,67
201400033342,14,6,21,111,5,2,2,1.0,3,67482,M,,,67
201400033343,14,6,22,155,5,2,1,1.0,3,67482,M,,,67
201400033344,14,6,22,305,5,2,2,1.0,7,67482,M,,,67
201400033345,14,6,22,1636,1,2,3,1.0,3,67218,M,,,67
201400033346,14,6,23,1624,1,2,2,1.0,6,67447,M,,,67
201400033347,14,6,23,2010,1,1,1,1.0,5,67482,M,,,67
201400033348,14,6,24,945,1,2,6,1.0,3,67482,M,,,67
201400033349,14,6,25,1930,1,2,1,1.0,6,67482,M,,,67
201400033350,14,6,26,750,1,2,2,1.0,3,67482,M,,,67
201400033351,14,6,28,100,5,2,1,1.0,3,67043,M,,,67
201400033352,14,6,28,505,2,2,1,1.0,6,67482,M,,,67
201400033353,14,6,28,1345,1,2,1,2.0,6,67482,M,,,67
201400033354,14,6,30,1350,1,2,3,1.0,4,67447,M,,,67
201400033355,14,7,1,1915,1,2,1,1.0,3,67267,M,,,67
201400033356,14,7,3,1838,1,2,1,1.0,6,67482,M,,,67
201400033357,14,7,3,1850,1,2,3,1.0,6,67043,M,,,67
201400033358,14,7,4,1710,1,2,3,1.0,3,67482,M,,,67
201400033359,14,7,7,1330,1,2,1,1.0,3,67482,M,,,67
201400033360,14,7,9,1615,1,2,1,1.0,6,67482,M,,,67
201400033361,14,7,10,1120,1,2,1,1.0,3,67482,M,,,67
201400033362,14,7,12,1540,1,2,2,1.0,3,67447,M,,,67
201400033363,14,7,14,15,5,2,1,3.0,6,67482,M,,,67
201400033364,14,7,17,1350,1,2,3,1.0,3,67482,M,,,67
201400033365,14,7,17,1750,1,2,1,1.0,2,67447,M,,,67
201400033366,14,7,18,1320,1,2,2,1.0,6,67482,M,,,67
201400033367,14,7,18,1550,1,2,1,1.0,5,67204,M,,,67
201400033368,14,7,19,1435,1,2,3,1.0,3,67482,M,,,67
201400033369,14,7,19,1700,1,2,2,1.0,3,67482,M,,,67
201400033370,14,7,19,2110,1,2,1,1.0,6,67482,M,,,67
201400033371,14,7,20,1747,1,2,6,1.0,3,67267,M,,,67
201400033372,14,7,21,1700,1,2,1,1.0,4,67482,M,,,67
201400033373,14,7,22,250,3,2,1,1.0,6,67482,M,,,67
201400033374,14,7,22,1527,1,2,1,1.0,6,67218,M,,,67
201400033375,14,7,22,1650,1,2,1,1.0,3,67482,M,,,67
201400033376,14,7,22,2230,5,2,1,1.0,3,67482,M,,,67
201400033377,14,7,24,1900,1,2,1,1.0,3,67482,M,,,67
201400033378,14,7,24,1852,1,2,1,1.0,6,67482,M,,,67
201400033379,14,7,27,520,1,2,1,1.0,6,67482,M,,,67
201400033380,14,7,28,1700,1,2,1,1.0,3,67482,M,,,67
201400033381,14,7,29,1050,1,2,1,3.0,3,67482,M,,,67
201400033382,14,7,31,750,1,2,3,1.0,3,67482,M,,,67
201400033383,14,8,1,1220,1,2,1,1.0,4,67365,M,,,67
201400033384,14,8,1,2000,1,2,2,1.0,3,67482,M,,,67
201400033385,14,8,1,2015,1,2,2,1.0,3,67447,M,,,67
201400033386,14,8,1,2315,5,2,1,1.0,3,67482,M,,,67
201400033387,14,8,2,350,5,2,3,1.0,7,67482,M,,,67
201400033388,14,8,3,2100,2,2,2,1.0,3,67482,M,,,67
201400033389,14,8,4,850,1,2,1,1.0,3,67482,M,,,67
201400033390,14,8,4,1553,1,2,2,1.0,3,67482,M,,,67
201400033391,14,8,5,1730,1,2,1,1.0,6,67482,M,,,67
201400033392,14,8,7,40,5,2,2,1.0,3,67482,M,,,67
201400033393,14,8,10,2200,5,2,2,1.0,3,67043,M,,,67
201400033394,14,8,11,1400,1,2,1,1.0,2,67482,M,,,67
201400033395,14,8,13,1515,1,2,1,1.0,4,67043,M,,,67
201400033396,14,8,14,1730,1,2,1,1.0,6,67482,M,,,67
201400033397,14,8,16,600,2,2,1,1.0,6,67482,M,,,67
201400033398,14,8,16,1120,1,2,2,1.0,6,67482,M,,,67
201400033399,14,8,19,1310,1,2,3,1.0,3,67482,M,,,67
201400033400,14,8,19,1605,1,2,1,1.0,6,67482,M,,,67
201400033401,14,8,21,725,1,2,1,1.0,3,67218,M,,,67
201400033402,14,8,21,1245,1,2,2,1.0,3,67482,M,,,67
201400033403,14,8,22,1030,1,1,1,1.0,6,67482,M,,,67
201400033404,14,8,25,1735,1,2,1,1.0,3,67482,M,,,67
201400033405,14,8,25,1820,1,2,1,1.0,6,67447,M,,,67
201400033406,14,8,27,1000,1,2,1,2.0,2,67482,M,,,67
201400033407,14,8,29,920,1,2,1,1.0,2,67482,M,,,67
201400033408,14,8,30,325,5,2,1,2.0,2,67482,M,,,67
201400033409,14,9,2,1530,1,2,1,1.0,2,67482,M,,,67
201400033410,14,9,4,1855,1,2,1,1.0,3,67482,M,,,67
201400033411,14,9,6,255,5,2,2,1.0,1,67482,M,,,67
201400033412,14,9,8,35,5,2,3,1.0,3,67482,M,,,67
201400033413,14,9,8,1045,1,2,1,7.0,3,67482,M,,,67
201400033414,14,9,8,1845,1,2,2,1.0,3,67482,M,,,67
201400033415,14,9,9,1800,1,2,1,1.0,1,67218,M,,,67
201400033416,14,9,11,845,1,2,3,1.0,3,67482,M,,,67
201400033417,14,9,12,1120,1,2,2,2.0,3,67482,M,,,67
201400033418,14,9,12,1615,1,2,1,2.0,2,67043,M,,,67
201400033419,14,9,18,1725,1,2,1,1.0,2,67482,M,,,67
201400033420,14,9,18,2113,5,2,1,1.0,3,67365,M,,,67
201400033421,14,9,19,747,1,2,1,1.0,3,67218,M,,,67
201400033422,14,9,19,1035,1,2,2,1.0,3,67482,M,,,67
201400033423,14,9,19,1000,1,2,2,1.0,3,67482,M,,,67
201400033424,14,9,19,1630,1,2,1,1.0,6,67482,M,,,67
201400033425,14,9,19,1635,1,2,2,1.0,6,67482,M,,,67
201400033426,14,9,21,1710,1,2,3,3.0,6,67482,M,,,67
201400033427,14,9,20,225,5,2,3,1.0,6,67482,M,,,67
201400033428,14,9,22,326,4,2,1,1.0,6,67482,M,,,67
201400033429,14,9,23,1835,1,2,1,1.0,3,67482,M,,,67
201400033430,14,9,25,1450,1,2,1,1.0,6,67482,M,,,67
201400033431,14,9,26,315,5,2,1,1.0,6,67482,M,,,67
201400033432,14,9,26,1530,1,2,3,1.0,6,67043,M,,,67
201400033433,14,9,28,1630,1,2,9,1.0,6,67267,M,,,67
201400033434,14,9,29,845,1,2,1,1.0,5,67482,M,,,67
201400033435,14,9,30,655,2,2,3,3.0,6,67482,M,,,67
201400033436,14,9,30,1830,1,2,2,1.0,3,67218,M,,,67
201400033437,14,10,1,1300,1,2,1,1.0,6,67482,M,,,67
201400033438,14,10,1,1720,1,2,1,1.0,5,67447,M,,,67
201400033439,14,10,7,1620,2,2,1,1.0,1,67482,M,,,67
201400033440,14,10,7,1700,1,2,1,1.0,6,67482,M,,,67
201400033441,14,10,9,2215,5,2,3,2.0,3,67043,M,,,67
201400033442,14,10,10,1905,5,2,2,2.0,1,67482,M,,,67
201400033443,14,10,13,1900,5,2,1,1.0,6,67482,M,,,67
201400033444,14,10,13,1203,1,2,1,2.0,6,67482,M,,,67
201400033445,14,10,14,1120,1,2,1,1.0,3,67482,M,,,67
201400033446,14,10,15,1930,5,2,3,2.0,3,67482,M,,,67
201400033447,14,10,16,1730,1,2,2,2.0,6,67482,M,,,67
201400033448,14,10,16,1925,5,2,1,1.0,3,67482,M,,,67
201400033449,14,10,17,2115,5,2,3,1.0,3,67365,M,,,67
201400033450,14,10,21,759,1,2,1,1.0,6,67482,M,,,67
201400033451,14,10,21,1830,3,2,1,3.0,6,67218,M,,,67
201400033452,14,10,25,45,3,2,1,1.0,6,67447,M,,,67
201400033453,14,10,25,2215,5,2,3,1.0,6,67482,M,,,67
201400033454,14,10,28,935,1,2,4,1.0,6,67482,M,,,67
201400033455,14,10,30,930,1,2,1,1.0,3,67482,M,,,67
201400033456,14,10,31,640,3,2,1,1.0,6,67204,M,,,67
201400033457,14,10,31,1915,4,2,1,1.0,3,67482,M,,,67
201400033458,14,11,1,110,5,2,1,1.0,6,67482,M,,,67
201400033459,14,11,2,1400,1,2,2,1.0,3,67218,M,,,67
201400033460,14,11,3,1620,1,2,3,2.0,6,67482,M,,,67
201400033461,14,11,3,1918,5,2,2,1.0,6,67482,M,,,67
201400033462,14,11,4,1930,5,2,1,3.0,6,67482,M,,,67
201400033463,14,11,5,1245,1,2,2,2.0,6,67482,M,,,67
201400033464,14,11,5,1630,2,2,6,3.0,2,67482,M,,,67
201400033465,14,11,6,2105,5,2,3,1.0,3,67482,M,,,67
201400033466,14,11,7,1530,1,2,1,2.0,6,67482,M,,,67
201400033467,14,11,7,1600,1,2,2,1.0,3,67447,M,,,67
201400033468,14,11,7,1925,4,2,4,1.0,6,67482,M,,,67
201400033469,14,11,8,410,5,2,1,1.0,6,67482,M,,,67
201400033470,14,11,12,1708,5,2,1,2.0,3,67482,M,,,67
201400033471,14,11,13,1455,1,2,1,1.0,6,67482,M,,,67
201400033472,14,11,14,1025,1,2,1,1.0,6,67482,M,,,67
201400033473,14,11,14,1525,1,2,2,1.0,1,67218,M,,,67
201400033474,14,11,14,1715,5,2,1,1.0,6,67482,M,,,67
201400033475,14,11,14,1750,5,2,2,1.0,3,67482,M,,,67
201400033476,14,11,15,55,5,2,1,5.0,3,67482,M,,,67
201400033477,14,11,15,440,5,2,1,5.0,6,67482,M,,,67
201400033478,14,11,15,1615,2,2,1,2.0,3,67482,M,,,67
201400033479,14,11,15,1645,5,2,1,3.0,3,67482,M,,,67
201400033480,14,11,16,110,5,2,3,1.0,3,67482,M,,,67
201400033481,14,11,17,1820,5,2,3,2.0,3,67482,M,,,67
201400033482,14,11,18,855,1,2,2,1.0,3,67482,M,,,67
201400033483,14,11,18,1310,1,2,1,1.0,6,67482,M,,,67
201400033484,14,11,19,1150,1,2,3,1.0,6,67482,M,,,67
201400033485,14,11,19,1210,1,2,1,1.0,6,67482,M,,,67
201400033486,14,11,19,1715,5,2,1,1.0,6,67218,M,,,67
201400033487,14,11,20,835,1,1,3,1.0,6,67482,M,,,67
201400033488,14,11,23,1930,5,2,3,2.0,6,67482,M,,,67
201400033489,14,11,24,755,1,2,4,1.0,6,67482,M,,,67
201400033490,14,11,24,1750,5,2,3,1.0,3,67447,M,,,67
201400033491,14,11,26,756,1,2,1,1.0,6,67482,M,,,67
201400033492,14,11,27,1630,2,2,2,1.0,3,67482,M,,,67
201400033493,14,11,27,1915,5,2,1,2.0,1,67482,M,,,67
201400033494,14,11,28,1720,5,2,1,1.0,6,67482,M,,,67
201400033495,14,11,29,100,5,2,1,1.0,2,67043,M,,,67
201400033496,14,11,30,445,5,2,1,1.0,6,67482,M,,,67
201400033497,14,12,2,750,2,2,1,2.0,4,67043,M,,,67
201400033498,14,12,2,1730,5,2,1,2.0,6,67043,M,,,67
201400033499,14,12,3,720,1,2,2,2.0,3,67482,M,,,67
201400033500,14,12,3,1815,5,2,1,1.0,6,67218,M,,,67
201400033501,14,12,4,228,5,2,1,1.0,6,67218,M,,,67
201400033502,14,12,4,829,1,2,3,1.0,6,67482,M,,,67
201400033503,14,12,6,1254,1,2,1,2.0,6,67482,M,,,67
201400033504,14,12,9,715,5,2,1,2.0,6,67482,M,,,67
201400033505,14,12,9,1745,5,2,2,1.0,2,67482,M,,,67
201400033506,14,12,10,2230,5,1,6,2.0,7,67218,M,,,67
201400033507,14,12,10,2245,5,2,2,2.0,3,67482,M,,,67
201400033508,14,12,11,720,5,2,2,2.0,3,67482,M,,,67
201400033509,14,12,13,1735,5,2,1,2.0,6,67482,M,,,67
201400033510,14,12,14,1840,3,2,2,1.0,3,67482,M,,,67
201400033511,14,12,15,1615,1,2,1,1.0,3,67482,M,,,67
201400033512,14,12,15,1715,5,2,3,1.0,6,67482,M,,,67
201400033513,14,12,15,1900,5,2,1,1.0,3,67482,M,,,67
201400033514,14,12,16,820,1,2,1,2.0,4,67043,M,,,67
201400033515,14,12,16,936,1,2,2,2.0,3,67447,M,,,67
201400033516,14,12,16,1100,1,2,1,1.0,6,67482,M,,,67
201400033517,14,12,16,1735,5,2,1,2.0,6,67482,M,,,67
201400033518,14,12,16,1735,5,2,1,2.0,6,67482,M,,,67
201400033519,14,12,16,1750,5,2,3,2.0,3,67482,M,,,67
201400033520,14,12,17,2330,5,2,3,8.0,2,67447,M,,,67
201400033521,14,12,18,1835,5,2,1,1.0,3,67482,M,,,67
201400033522,14,12,18,2240,5,2,3,1.0,3,67267,M,,,67
201400033523,14,12,19,1145,1,2,1,1.0,6,67482,M,,,67
201400033524,14,12,20,1945,5,2,2,1.0,3,67482,M,,,67
201400033525,14,12,22,1800,5,2,6,1.0,3,67204,M,,,67
201400033526,14,12,23,1033,1,2,2,1.0,3,67482,M,,,67
201400033527,14,12,24,1440,1,2,3,1.0,3,67482,M,,,67
201400033528,14,12,24,1655,5,2,3,1.0,3,67482,M,,,67
201400033529,14,12,24,1915,5,2,1,1.0,2,67482,M,,,67
201400033530,14,12,27,1720,5,2,1,2.0,6,67482,M,,,67
201400033531,14,12,27,1820,5,2,1,2.0,6,67482,M,,,67
201400033532,14,12,27,2055,5,2,2,4.0,3,67482,M,,,67
201400033533,14,12,28,310,5,2,3,4.0,6,67482,M,,,67
201400033534,14,12,30,105,5,2,1,4.0,1,67482,M,,,67
201400033535,14,1,15,1809,3,2,1,1.0,6,68066,M,4809069.0,736008.0,68
201400033536,14,1,16,1720,5,2,2,1.0,6,68066,M,4807136.0,734989.0,68
201400033537,14,1,21,1736,5,2,1,1.0,6,68066,M,4808102.0,736415.0,68
201400033538,14,1,10,1530,1,2,1,1.0,3,68066,M,4806916.0,736301.0,68
201400033539,14,1,26,547,5,2,1,1.0,6,68066,M,4809607.0,736831.0,68
201400033540,14,2,3,1117,1,2,1,1.0,3,68066,M,4807731.0,733689.0,68
201400033541,14,2,7,1200,1,2,3,1.0,3,68066,M,4808079.0,733428.0,68
201400033542,14,2,18,2359,5,2,1,1.0,5,68066,M,4807775.0,736992.0,68
201400033543,14,2,21,1558,1,2,3,1.0,3,68066,M,4808128.0,735816.0,68
201400033544,14,3,20,1748,1,2,9,1.0,3,68066,M,4809435.0,737381.0,68
201400033545,14,3,20,1541,1,2,2,1.0,3,68066,M,4807743.0,733596.0,68
201400033546,14,3,27,1604,1,2,2,1.0,6,68066,M,4807295.0,736014.0,68
201400033547,14,4,12,1215,1,2,1,1.0,6,68066,M,4808176.0,736378.0,68
201400033548,14,4,24,1850,1,2,1,1.0,3,68066,M,4808703.0,732906.0,68
201400033549,14,4,29,1030,1,2,1,1.0,6,68066,M,4808976.0,734581.0,68
201400033550,14,5,7,1556,1,2,1,1.0,6,68066,M,4808865.0,737146.0,68
201400033551,14,5,7,1146,1,2,2,1.0,6,68066,M,4808096.0,734671.0,68
201400033552,14,5,10,1002,1,2,1,1.0,2,68066,M,4809426.0,736206.0,68
201400033553,14,5,14,1744,1,2,6,1.0,3,68066,M,4811043.0,737689.0,68
201400033554,14,6,6,820,1,2,2,1.0,7,68066,M,4808019.0,736455.0,68
201400033555,14,7,15,905,1,2,3,1.0,4,68066,M,4807212.0,733265.0,68
201400033556,14,7,25,815,1,2,1,1.0,6,68066,M,4808305.0,733321.0,68
201400033557,14,7,17,1905,1,1,6,1.0,3,68066,M,4809575.0,737535.0,68
201400033558,14,8,4,1130,1,2,2,1.0,3,68066,M,4808024.0,736461.0,68
201400033559,14,9,7,1605,1,1,1,1.0,6,68066,M,4805116.0,740105.0,68
201400033560,14,8,8,753,1,2,3,1.0,2,68066,M,4810281.0,737528.0,68
201400033561,14,9,16,925,1,1,1,1.0,3,68066,M,4809559.0,736876.0,68
201400033562,14,10,6,1740,1,2,5,1.0,3,68066,M,4807411.0,735247.0,68
201400033563,14,10,3,1717,1,2,1,1.0,6,68066,M,,,68
201400033564,14,10,9,1740,1,2,5,2.0,6,68066,M,4807418.0,735262.0,68
201400033565,14,10,13,810,1,2,2,1.0,6,68066,M,4807863.0,735942.0,68
201400033566,14,10,16,1829,1,2,1,1.0,4,68066,M,4808519.0,736167.0,68
201400033567,14,10,31,1545,1,2,3,1.0,3,68066,M,4806700.0,734325.0,68
201400033568,14,11,3,825,1,1,6,1.0,6,68066,M,4809557.0,736874.0,68
201400033569,14,11,4,1830,5,2,1,2.0,3,68066,M,4807721.0,734795.0,68
201400033570,14,11,10,1717,5,2,2,2.0,6,68066,M,4807699.0,736433.0,68
201400033571,14,11,16,1910,5,2,1,2.0,1,68066,M,4807602.0,734908.0,68
201400033572,14,11,10,1720,3,1,2,2.0,6,68066,M,4807447.0,733392.0,68
201400033573,14,12,5,1710,5,1,1,5.0,6,68066,M,4809496.0,736417.0,68
201400033574,14,12,16,550,5,2,3,1.0,3,68066,M,4808744.0,732702.0,68
201400033575,14,12,22,1755,5,1,1,1.0,6,68066,M,4809333.0,735722.0,68
201400033576,14,4,11,2153,5,2,2,1.0,3,68066,M,4807780.0,732693.0,68
201400033577,14,4,26,1800,1,2,1,1.0,3,68066,M,4807721.0,733681.0,68
201400033578,14,4,29,1839,1,2,3,1.0,6,68066,M,4807013.0,732648.0,68
201400033579,14,5,15,1820,1,1,1,1.0,3,68066,M,4805106.0,740118.0,68
201400033580,14,9,14,448,5,1,1,1.0,6,68066,M,,,68
201400033581,14,10,7,1843,5,2,1,2.0,6,68066,M,4809097.0,737590.0,68
201400033582,14,10,12,615,2,2,1,1.0,6,68066,M,4806885.0,736506.0,68
201400033583,14,10,24,2,5,1,1,1.0,6,68066,M,,,68
201400033584,14,10,30,919,1,2,1,1.0,6,68066,M,,,68
201400033585,14,11,12,1745,3,2,1,2.0,6,68066,M,4808556.0,733514.0,68
201400033586,14,11,20,1220,1,2,3,1.0,3,68066,M,4808071.0,733421.0,68
201400033587,14,1,6,1710,5,2,1,1.0,6,68224,M,4775454.0,730996.0,68
201400033588,14,1,14,1735,5,2,1,2.0,6,68224,M,4774637.0,734318.0,68
201400033589,14,1,15,730,2,2,1,1.0,6,68224,M,4776067.0,736388.0,68
201400033590,14,1,17,1305,1,2,6,1.0,3,68224,M,4774044.0,732040.0,68
201400033591,14,1,27,1120,1,2,6,1.0,3,68056,M,4772298.0,731923.0,68
201400033592,14,1,28,1415,1,2,6,1.0,6,68224,M,4772782.0,734774.0,68