Num_Acc,an,mois,jour,hrmn,lum,agg,int,atm,col,com,gps,lat,long,dep
201400033593,14,1,30,1825,5,2,1,1.0,6,68224,M,4774771.0,730970.0,68
201400033594,14,1,31,1423,1,2,1,1.0,6,68224,M,4774446.0,733210.0,68
201400033595,14,2,6,1140,1,2,1,1.0,3,68224,M,4775874.0,735043.0,68
201400033596,14,2,9,1825,2,2,2,1.0,6,68224,M,4775973.0,734419.0,68
201400033597,14,2,12,2035,5,2,1,1.0,6,68224,M,4774641.0,731255.0,68
201400033598,14,2,12,945,1,2,1,1.0,2,68224,M,4774426.0,733315.0,68
201400033599,14,2,12,1205,1,2,6,1.0,3,68224,M,4775770.0,732043.0,68
201400033600,14,2,14,1705,1,2,2,1.0,3,68224,M,4775009.0,732750.0,68
201400033601,14,2,20,815,1,2,2,1.0,3,68224,M,4775008.0,734565.0,68
201400033602,14,2,20,1625,1,2,1,1.0,6,68224,M,4775777.0,736135.0,68
201400033603,14,2,21,2057,4,1,1,1.0,6,68224,M,4777273.0,737545.0,68
201400033604,14,2,22,900,1,2,1,1.0,6,68224,M,4777250.0,731885.0,68
201400033605,14,2,26,758,1,1,1,2.0,4,68224,M,4777239.0,738045.0,68
201400033606,14,3,10,1200,1,2,6,1.0,3,68224,M,4773799.0,729545.0,68
201400033607,14,3,13,1105,1,2,1,1.0,6,68224,M,4774958.0,730648.0,68
201400033608,14,3,14,2000,3,2,1,1.0,6,68224,M,4775282.0,734644.0,68
201400033609,14,3,25,1620,1,2,1,1.0,6,68256,M,4777013.0,730431.0,68
201400033610,14,3,26,1952,5,2,6,1.0,4,68224,M,4775959.0,732432.0,68
201400033611,14,3,28,1825,1,2,1,1.0,6,68224,M,4775720.0,734463.0,68
201400033612,14,3,30,1330,1,1,1,1.0,7,68224,M,4774836.0,727664.0,68
201400033613,14,3,30,2035,5,2,1,1.0,6,68271,M,4774273.0,735885.0,68
201400033614,14,4,7,1128,1,2,1,1.0,6,68224,M,4776156.0,735696.0,68
201400033615,14,4,14,1210,1,2,1,1.0,6,68224,M,4774119.0,733957.0,68
201400033616,14,4,14,1230,1,2,1,1.0,3,68224,M,4777518.0,732013.0,68
201400033617,14,4,19,1456,1,2,1,1.0,6,68271,M,4774643.0,735717.0,68
201400033618,14,4,20,2005,1,2,1,1.0,2,68224,M,4773533.0,729202.0,68
201400033619,14,4,22,2205,5,2,5,1.0,3,68224,M,4775245.0,734677.0,68
201400033620,14,4,26,2220,5,2,1,3.0,6,68224,M,4774922.0,732638.0,68
201400033621,14,4,30,2205,4,2,2,1.0,3,68224,M,4777161.0,731387.0,68
201400033622,14,5,9,1425,1,2,1,1.0,6,68256,M,4776607.0,731580.0,68
201400033623,14,5,10,1645,1,2,6,1.0,6,68224,M,4777174.0,733124.0,68
201400033624,14,5,15,1645,1,2,2,1.0,6,68224,M,4774498.0,733920.0,68
201400033625,14,5,25,2025,1,2,1,1.0,6,68224,M,4775254.0,733318.0,68
201400033626,14,5,31,1630,1,2,6,1.0,4,68224,M,4774335.0,733386.0,68
201400033627,14,6,7,1222,1,2,2,1.0,6,68224,M,4777634.0,732930.0,68
201400033628,14,6,11,820,1,2,6,1.0,6,68056,M,4772954.0,732114.0,68
201400033629,14,6,12,955,1,2,2,1.0,3,68224,M,4774494.0,733463.0,68
201400033630,14,6,12,1031,1,2,3,1.0,3,68224,M,4775001.0,732859.0,68
201400033631,14,6,14,1300,1,2,6,1.0,3,68224,M,4777843.0,733383.0,68
201400033632,14,6,18,1735,1,2,1,1.0,6,68224,M,4773951.0,733141.0,68
201400033633,14,6,20,1700,1,2,6,1.0,2,68224,M,4773752.0,728834.0,68
201400033634,14,6,20,915,1,2,1,1.0,6,68256,M,4777504.0,729627.0,68
201400033635,14,6,23,200,5,2,6,1.0,7,68224,M,4773138.0,730766.0,68
201400033636,14,6,28,1305,1,2,2,1.0,6,68224,M,,,68
201400033637,14,7,1,1940,1,2,3,1.0,6,68224,M,4775153.0,734087.0,68
201400033638,14,7,4,1515,1,2,1,1.0,6,68224,M,,,68
201400033639,14,7,11,1220,1,2,3,1.0,6,68224,M,4775424.0,735349.0,68
201400033640,14,7,11,1540,1,2,1,3.0,2,68224,M,4774759.0,732596.0,68
201400033641,14,7,18,25,5,2,1,1.0,6,68224,M,4774839.0,732479.0,68
201400033642,14,7,19,1827,1,2,1,1.0,6,68224,M,4775246.0,733757.0,68
201400033643,14,8,1,7,5,2,2,1.0,3,68224,M,4775668.0,733801.0,68
201400033644,14,8,6,1406,1,2,1,1.0,6,68224,M,4775831.0,733443.0,68
201400033645,14,8,7,1840,1,2,2,1.0,3,68224,M,4774501.0,734514.0,68
201400033646,14,8,14,1852,1,2,9,1.0,7,68224,M,,,68
201400033647,14,8,15,2106,5,2,3,3.0,3,68224,M,4775333.0,730893.0,68
201400033648,14,8,24,150,5,2,2,2.0,3,68224,M,4775229.0,732812.0,68
201400033649,14,8,24,1845,1,2,1,1.0,1,68056,M,4772671.0,732136.0,68
201400033650,14,8,30,1530,1,1,1,1.0,3,68224,M,4777355.0,736230.0,68
201400033651,14,8,30,1800,1,2,1,1.0,3,68056,M,4772584.0,732058.0,68
201400033652,14,9,6,1840,1,2,1,1.0,6,68224,M,4776317.0,734647.0,68
201400033653,14,9,8,756,1,2,1,1.0,6,68224,M,4777061.0,732091.0,68
201400033654,14,9,11,1630,1,2,1,1.0,6,68056,M,,,68
201400033655,14,9,12,1534,1,2,3,1.0,6,68056,M,4772246.0,731877.0,68
201400033656,14,9,12,2040,3,1,1,2.0,1,68056,M,4770908.0,734290.0,68
201400033657,14,9,13,1742,1,2,1,1.0,6,68224,M,,,68
201400033658,14,9,18,1342,1,2,1,1.0,6,68224,M,4774152.0,734475.0,68
201400033659,14,9,19,1435,1,2,1,1.0,6,68224,M,4774329.0,731535.0,68
201400033660,14,9,21,2140,5,2,1,2.0,6,68224,M,,,68
201400033661,14,9,24,1355,1,1,1,1.0,3,68224,M,4777295.0,734777.0,68
201400033662,14,9,28,1330,1,2,3,1.0,6,68224,M,4775891.0,734506.0,68
201400033663,14,10,3,1622,1,2,1,1.0,3,68224,M,4775392.0,734180.0,68
201400033664,14,10,3,1755,1,2,1,1.0,6,68224,M,,,68
201400033665,14,10,4,1107,1,2,1,1.0,6,68224,M,4774907.0,732590.0,68
201400033666,14,10,7,1615,1,2,1,1.0,3,68224,M,4774604.0,733558.0,68
201400033667,14,10,10,2045,5,2,2,1.0,6,68224,M,,,68
201400033668,14,10,17,5,5,2,3,2.0,3,68224,M,,,68
201400033669,14,10,18,1720,1,2,3,1.0,3,68224,M,4773961.0,730191.0,68
201400033670,14,10,19,130,5,2,2,1.0,3,68224,M,,,68
201400033671,14,10,19,1835,5,2,1,1.0,2,68224,M,,,68
201400033672,14,10,27,830,1,2,3,1.0,3,68271,M,,,68
201400033673,14,11,4,745,2,2,1,1.0,6,68224,M,,,68
201400033674,14,11,4,1810,5,2,3,1.0,6,68224,M,4773580.0,730681.0,68
201400033675,14,11,8,1145,1,2,3,1.0,2,68256,M,4776641.0,730105.0,68
201400033676,14,11,8,1600,1,2,1,1.0,3,68056,M,,,68
201400033677,14,11,12,1753,5,2,2,3.0,3,68224,M,,,68
201400033678,14,11,12,1848,5,2,3,3.0,3,68224,M,4776088.0,732391.0,68
201400033679,14,11,18,735,2,2,1,1.0,6,68224,M,,,68
201400033680,14,11,25,1315,1,2,1,1.0,6,68224,M,,,68
201400033681,14,11,26,1725,5,2,1,1.0,6,68224,M,4775087.0,730741.0,68
201400033682,14,11,29,1450,1,2,1,8.0,6,68224,M,,,68
201400033683,14,11,29,1745,3,2,1,1.0,6,68224,M,4774736.0,734633.0,68
201400033684,14,12,11,1706,5,2,1,2.0,6,68224,M,4774237.0,732387.0,68
201400033685,14,12,13,1500,1,2,1,1.0,1,68224,M,,,68
201400033686,14,12,14,1825,4,2,1,2.0,6,68224,M,,,68
201400033687,14,12,15,1817,5,1,1,2.0,2,68224,M,4773028.0,728449.0,68
201400033688,14,12,16,305,5,2,3,1.0,3,68224,M,,,68
201400033689,14,12,22,655,2,2,2,1.0,3,68224,M,,,68
201400033690,14,12,24,1510,1,2,1,1.0,6,68224,M,,,68
201400033691,14,1,7,1540,1,2,3,1.0,2,68149,M,4759372.0,758655.0,68
201400033692,14,2,21,2346,5,2,2,2.0,3,68297,M,4759857.0,755510.0,68
201400033693,14,3,17,940,1,2,3,1.0,6,68297,M,4759651.0,755333.0,68
201400033694,14,3,30,10,3,1,1,1.0,1,68297,M,4759657.0,756155.0,68
201400033695,14,4,17,1615,1,2,3,1.0,3,68297,M,4757849.0,754736.0,68
201400033696,14,4,15,1500,1,2,2,1.0,3,68149,M,4758525.0,758271.0,68
201400033697,14,4,27,1205,1,2,3,1.0,3,68297,M,4757794.0,757116.0,68
201400033698,14,5,10,1138,1,2,1,1.0,6,68297,M,4758720.0,756262.0,68
201400033699,14,6,17,1901,1,2,3,8.0,2,68297,M,4758857.0,756950.0,68
201400033700,14,6,22,2300,5,2,1,1.0,6,68297,M,4759808.0,755480.0,68
201400033701,14,9,14,334,5,2,1,1.0,6,68149,M,4758097.0,757827.0,68
201400033702,14,10,8,1430,1,2,1,1.0,3,68297,M,4758559.0,756320.0,68
201400033703,14,10,9,2200,5,2,1,2.0,6,68297,M,4758282.0,756669.0,68
201400033704,14,10,10,1840,1,2,2,1.0,3,68297,M,4761283.0,753695.0,68
201400033705,14,11,8,930,1,2,3,1.0,3,68297,M,4760365.0,754493.0,68
201400033706,14,12,19,2325,5,2,2,2.0,3,68297,M,,,68
201400033707,14,8,20,2018,3,2,6,1.0,3,68297,M,4759188.0,754380.0,68
201400033708,14,11,18,700,5,2,1,1.0,1,68297,M,4758489.0,752305.0,68
201400033709,14,1,16,1720,5,2,1,3.0,6,68166,M,4779872.0,733638.0,68
201400033710,14,1,24,1622,1,2,3,1.0,1,68376,M,4781655.0,730882.0,68
201400033711,14,10,12,310,5,2,1,8.0,6,68376,M,4781146.0,733686.0,68
201400033712,14,7,15,2225,5,2,1,1.0,1,68376,M,4779900.0,731494.0,68
201400033713,14,12,5,1040,1,2,1,1.0,6,68166,M,4779340.0,732303.0,68
201400033714,14,1,7,1815,5,2,1,1.0,6,69029,M,,,69
201400033715,14,1,7,1845,5,2,3,1.0,2,69029,M,,,69
201400033716,14,1,27,2110,3,1,1,1.0,6,69271,M,,,69
201400033717,14,2,17,1330,1,2,1,1.0,6,69029,M,,,69
201400033718,14,3,6,1805,1,2,1,1.0,6,69029,M,,,69
201400033719,14,4,5,1120,1,2,1,1.0,6,69029,M,,,69
201400033720,14,4,9,1840,1,2,2,1.0,6,69271,M,,,69
201400033721,14,4,10,2115,5,2,1,1.0,6,69029,M,,,69
201400033722,14,4,11,2000,1,2,1,1.0,2,69029,M,,,69
201400033723,14,4,17,835,1,1,3,1.0,6,69029,M,,,69
201400033724,14,5,5,2230,5,2,2,1.0,6,69271,M,,,69
201400033725,14,6,22,2010,1,2,2,1.0,6,69266,M,,,69
201400033726,14,6,24,1955,1,2,2,1.0,3,69266,M,,,69
201400033727,14,7,28,1425,1,2,3,3.0,6,69029,M,,,69
201400033728,14,9,5,1805,1,2,3,1.0,6,69271,M,,,69
201400033729,14,9,11,835,1,2,1,1.0,2,69271,M,,,69
201400033730,14,9,12,1920,1,2,3,1.0,6,69029,M,,,69
201400033731,14,11,3,1020,1,2,1,2.0,3,69271,M,,,69
201400033732,14,11,8,1750,5,2,2,1.0,6,69029,M,,,69
201400033733,14,12,12,845,1,2,1,1.0,3,69029,M,,,69
201400033734,14,12,24,100,5,2,6,1.0,6,69029,M,,,69
201400033735,14,11,25,2049,5,2,1,1.0,1,69271,M,,,69
201400033736,14,12,31,1102,1,2,2,1.0,6,69029,M,,,69
201400033737,14,1,7,1200,1,1,9,1.0,2,69034,M,,,69
201400033738,14,1,23,815,1,2,1,1.0,5,69034,M,,,69
201400033739,14,1,27,1755,2,2,1,1.0,1,69034,M,,,69
201400033740,14,2,14,45,5,2,1,2.0,6,69034,M,,,69
201400033741,14,2,27,1345,1,2,1,1.0,6,69034,M,,,69
201400033742,14,3,6,1220,1,2,1,1.0,6,69034,M,,,69
201400033743,14,3,14,1650,1,2,1,1.0,1,69034,M,,,69
201400033744,14,3,18,845,1,2,4,1.0,3,69034,M,,,69
201400033745,14,3,25,1320,1,2,1,2.0,6,69034,M,,,69
201400033746,14,3,26,1740,1,2,1,1.0,6,69034,M,,,69
201400033747,14,3,31,1050,1,2,4,1.0,3,69034,M,,,69
201400033748,14,4,19,1650,1,2,1,1.0,1,69034,M,,,69
201400033749,14,4,20,2045,5,2,1,2.0,6,69034,M,,,69
201400033750,14,4,22,745,1,2,1,5.0,1,69034,M,,,69
201400033751,14,4,22,2050,2,2,1,1.0,3,69034,M,,,69
201400033752,14,5,12,1350,1,2,1,1.0,6,69034,M,,,69
201400033753,14,4,30,715,1,2,3,2.0,3,69034,M,,,69
201400033754,14,5,27,1925,1,2,1,1.0,6,69034,M,,,69
201400033755,14,5,30,1200,1,2,3,1.0,3,69034,M,,,69
201400033756,14,6,3,1745,1,2,1,1.0,3,69034,M,,,69
201400033757,14,6,6,1335,1,2,1,1.0,3,69034,M,,,69
201400033758,14,6,7,1255,1,2,1,1.0,6,69034,M,,,69
201400033759,14,6,12,920,1,2,1,1.0,2,69034,M,,,69
201400033760,14,6,20,1805,1,2,1,1.0,6,69034,M,,,69
201400033761,14,6,13,1240,1,2,1,1.0,3,69034,M,,,69
201400033762,14,6,6,1200,1,2,1,1.0,3,69034,M,,,69
201400033763,14,6,29,2130,1,2,1,1.0,2,69034,M,,,69
201400033764,14,7,6,1850,1,2,1,3.0,4,69034,M,,,69
201400033765,14,7,10,1940,1,2,1,1.0,6,69034,M,,,69
201400033766,14,7,15,900,1,2,1,1.0,6,69034,M,,,69
201400033767,14,8,1,1800,1,2,3,1.0,6,69034,M,,,69
201400033768,14,8,3,1150,1,2,1,1.0,6,69034,M,,,69
201400033769,14,8,12,1220,1,2,1,1.0,6,69034,M,,,69
201400033770,14,10,20,1840,5,2,1,1.0,3,69034,M,,,69
201400033771,14,8,26,430,5,2,1,1.0,3,69034,M,,,69
201400033772,14,8,26,2015,5,2,2,1.0,3,69034,M,,,69
201400033773,14,9,16,1645,1,2,1,1.0,6,69034,M,,,69
201400033774,14,9,26,1230,1,2,2,1.0,1,69034,M,,,69
201400033775,14,9,27,1435,1,2,1,1.0,2,69034,M,,,69
201400033776,14,9,27,2045,5,2,1,1.0,7,69034,M,,,69
201400033777,14,9,24,145,5,2,1,1.0,2,69034,M,,,69
201400033778,14,10,1,1820,1,2,1,1.0,3,69034,M,,,69
201400033779,14,10,5,150,5,2,1,1.0,6,69034,M,,,69
201400033780,14,10,9,825,1,2,1,1.0,6,69034,M,,,69
201400033781,14,10,11,1110,1,2,1,1.0,3,69034,M,,,69
201400033782,14,10,14,1700,1,2,1,8.0,6,69034,M,,,69
201400033783,14,12,5,630,5,1,1,1.0,6,69034,M,,,69
201400033784,14,10,17,1225,1,2,1,1.0,4,69034,M,,,69
201400033785,14,10,19,2200,4,2,1,1.0,6,69034,M,,,69
201400033786,14,10,20,1610,1,2,3,1.0,3,69034,M,,,69
201400033787,14,10,22,1125,1,2,1,1.0,6,69034,M,,,69
201400033788,14,12,25,1240,1,2,1,2.0,2,69034,M,,,69
201400033789,14,10,25,905,1,2,1,1.0,6,69034,M,,,69
201400033790,14,10,30,1030,1,2,2,1.0,3,69034,M,,,69
201400033791,14,11,3,1900,4,2,1,3.0,6,69034,M,,,69
201400033792,14,11,11,245,5,2,1,1.0,2,69034,M,,,69
201400033793,14,11,15,840,1,2,1,2.0,3,69034,M,,,69
201400033794,14,12,9,2100,5,2,1,1.0,3,69034,M,,,69
201400033795,14,12,12,1410,1,2,1,1.0,3,69034,M,,,69
201400033796,14,12,14,1724,5,2,1,1.0,3,69034,M,,,69
201400033797,14,1,2,755,3,2,1,3.0,6,69091,M,,,69
201400033798,14,1,7,1515,1,1,1,6.0,6,69091,M,,,69
201400033799,14,1,13,1800,4,2,1,2.0,3,69096,M,,,69
201400033800,14,1,24,1750,3,2,1,2.0,2,69091,M,,,69
201400033801,14,1,28,1540,1,2,6,1.0,3,69091,M,,,69
201400033802,14,2,1,1900,5,2,1,2.0,6,69091,M,,,69
201400033803,14,2,11,645,5,2,1,1.0,3,69091,M,,,69
201400033804,14,2,22,1515,1,2,1,1.0,3,69091,M,,,69
201400033805,14,2,27,1910,5,2,1,1.0,3,69096,M,,,69
201400033806,14,3,1,1230,1,2,3,1.0,3,69096,M,,,69
201400033807,14,3,1,1500,1,2,3,1.0,3,69096,M,,,69
201400033808,14,3,15,1945,5,2,5,1.0,6,69091,M,,,69
201400033809,14,3,20,1600,1,2,1,1.0,6,69091,M,,,69
201400033810,14,3,27,750,1,2,1,1.0,6,69091,M,,,69
201400033811,14,4,5,935,1,2,5,1.0,3,69091,M,,,69
201400033812,14,4,6,1850,1,2,1,1.0,6,69091,M,,,69
201400033813,14,5,8,1200,1,2,9,1.0,1,69091,M,,,69
201400033814,14,5,11,1100,1,2,3,1.0,3,69091,M,,,69
201400033815,14,5,16,1105,1,2,3,1.0,3,69091,M,,,69
201400033816,14,5,18,1710,1,2,1,1.0,7,69091,M,,,69
201400033817,14,5,22,1355,1,1,1,3.0,6,69091,M,,,69
201400033818,14,5,26,1035,1,2,1,1.0,6,69091,M,,,69
201400033819,14,6,10,830,1,2,1,1.0,3,69096,M,,,69
201400033820,14,6,12,1255,1,2,1,1.0,7,69091,M,,,69
201400033821,14,6,13,1630,1,2,3,1.0,6,69091,M,,,69
201400033822,14,6,22,1545,1,2,1,1.0,2,69091,M,,,69
201400033823,14,6,23,1620,1,2,9,2.0,6,69096,M,,,69
201400033824,14,7,2,810,1,1,1,2.0,6,69091,M,,,69
201400033825,14,7,3,1030,1,2,9,1.0,6,69091,M,,,69
201400033826,14,8,2,1620,1,2,9,1.0,5,69096,M,,,69
201400033827,14,8,20,2210,5,2,3,2.0,1,69091,M,,,69
201400033828,14,8,24,2300,5,2,1,1.0,6,69091,M,,,69
201400033829,14,9,3,850,1,2,1,1.0,6,69091,M,,,69
201400033830,14,9,6,1520,1,1,2,1.0,3,69091,M,,,69
201400033831,14,9,10,2005,1,2,1,1.0,6,69091,M,,,69
201400033832,14,9,15,1020,1,2,1,1.0,6,69091,M,,,69
201400033833,14,9,16,2325,5,2,2,1.0,1,69091,M,,,69
201400033834,14,9,18,1500,1,2,3,1.0,6,69091,M,,,69
201400033835,14,9,19,750,1,2,6,8.0,2,69096,M,,,69
201400033836,14,9,24,1520,1,2,1,2.0,1,69091,M,,,69
201400033837,14,10,22,1350,1,1,1,1.0,6,69091,M,,,69
201400033838,14,10,29,1550,1,1,1,1.0,6,69091,M,,,69
201400033839,14,11,1,1800,2,2,1,1.0,6,69096,M,,,69
201400033840,14,11,11,1520,1,2,1,2.0,7,69091,M,,,69
201400033841,14,11,16,25,5,2,1,2.0,6,69091,M,,,69
201400033842,14,11,20,1425,1,2,1,1.0,1,69091,M,,,69
201400033843,14,11,21,730,1,2,1,1.0,2,69091,M,,,69
201400033844,14,11,23,1300,1,2,1,1.0,6,69091,M,,,69
201400033845,14,11,27,2205,5,2,4,1.0,2,69091,M,,,69
201400033846,14,11,20,1730,1,2,9,8.0,6,69091,M,,,69
201400033847,14,12,4,1350,1,2,6,2.0,2,69091,M,,,69
201400033848,14,12,2,1740,2,2,1,2.0,3,69091,M,,,69
201400033849,14,12,12,1040,1,2,1,1.0,6,69091,M,,,69
201400033850,14,12,24,920,1,2,1,1.0,4,69091,M,,,69
201400033851,14,12,31,1200,1,2,1,1.0,1,69091,M,,,69
201400033852,14,1,8,1345,1,2,1,1.0,6,69149,M,,,69
201400033853,14,1,14,745,2,2,3,2.0,6,69202,M,,,69
201400033854,14,1,14,755,1,2,1,1.0,3,69149,M,,,69
201400033855,14,1,18,1500,1,2,3,8.0,3,69142,M,,,69
201400033856,14,1,30,945,1,2,1,1.0,6,69149,M,,,69
201400033857,14,1,23,1950,5,2,3,2.0,6,69149,M,,,69
201400033858,14,2,5,1830,5,2,1,1.0,4,69152,M,,,69
201400033859,14,2,6,1440,1,2,1,1.0,1,69149,M,,,69
201400033860,14,2,14,100,5,2,3,2.0,3,69149,M,,,69
201400033861,14,2,19,1420,1,2,1,1.0,4,69142,M,,,69
201400033862,14,2,28,2120,3,2,1,1.0,3,69149,M,,,69
201400033863,14,3,14,1150,1,2,1,1.0,6,69202,M,,,69
201400033864,14,3,15,1040,1,2,1,1.0,6,69149,M,,,69
201400033865,14,3,17,1725,1,2,1,1.0,6,69149,M,,,69
201400033866,14,3,20,2148,5,2,1,1.0,1,69142,M,,,69
201400033867,14,3,24,650,1,2,3,1.0,3,69142,M,,,69
201400033868,14,3,17,800,1,2,1,1.0,2,69152,M,,,69
201400033869,14,3,31,805,1,2,1,1.0,3,69152,M,,,69
201400033870,14,3,20,1605,1,2,3,1.0,3,69202,M,,,69
201400033871,14,4,4,2013,5,2,7,1.0,2,69202,M,,,69
201400033872,14,4,2,750,1,2,1,1.0,3,69149,M,,,69
201400033873,14,4,7,540,5,2,1,1.0,6,69142,M,,,69
201400033874,14,4,9,1755,1,2,1,1.0,3,69149,M,,,69
201400033875,14,4,22,715,1,2,1,1.0,6,69149,M,,,69
201400033876,14,4,23,2015,1,2,1,1.0,2,69202,M,,,69
201400033877,14,4,24,805,1,2,3,1.0,3,69149,M,,,69
201400033878,14,4,24,1120,1,2,1,1.0,6,69149,M,,,69
201400033879,14,5,1,1755,1,2,3,1.0,3,69149,M,,,69
201400033880,14,5,6,1550,1,2,1,1.0,3,69202,M,,,69
201400033881,14,5,8,1650,1,2,1,1.0,2,69202,M,,,69
201400033882,14,5,12,745,1,2,1,1.0,6,69202,M,,,69
201400033883,14,5,14,1230,1,2,1,1.0,6,69202,M,,,69
201400033884,14,5,17,25,5,2,1,1.0,1,69149,M,,,69
201400033885,14,5,19,1730,1,2,1,1.0,3,69152,M,,,69
201400033886,14,5,22,850,1,2,1,1.0,6,69149,M,,,69
201400033887,14,5,27,730,1,2,2,2.0,3,69142,M,,,69
201400033888,14,6,8,1130,1,2,1,1.0,6,69142,M,,,69
201400033889,14,6,20,750,1,2,3,1.0,1,69149,M,,,69
201400033890,14,9,22,1305,1,2,1,1.0,6,69149,M,,,69
201400033891,14,6,24,1000,1,2,1,1.0,6,69152,M,,,69
201400033892,14,7,3,405,3,2,1,1.0,6,69152,M,,,69
201400033893,14,7,7,1425,1,2,1,3.0,2,69142,M,,,69
201400033894,14,7,7,2140,2,2,1,8.0,6,69142,M,,,69
201400033895,14,7,10,915,1,2,1,8.0,1,69202,M,,,69
201400033896,14,7,11,1715,1,2,9,1.0,1,69152,M,,,69
201400033897,14,7,27,1310,1,2,1,1.0,6,69149,M,,,69
201400033898,14,7,27,2315,4,2,1,1.0,2,69142,M,,,69
201400033899,14,7,30,15,5,2,1,1.0,6,69202,M,,,69
201400033900,14,7,30,1830,1,2,1,1.0,1,69149,M,,,69
201400033901,14,8,8,30,5,2,2,1.0,3,69142,M,,,69
201400033902,14,8,10,1300,1,2,1,1.0,3,69149,M,,,69
201400033903,14,8,21,922,1,2,1,1.0,3,69149,M,,,69
201400033904,14,8,22,1720,1,2,1,1.0,6,69202,M,,,69
201400033905,14,8,28,830,1,2,1,1.0,2,69149,M,,,69
201400033906,14,9,2,1110,1,2,4,1.0,3,69202,M,,,69
201400033907,14,9,2,1330,1,2,2,1.0,3,69152,M,,,69
201400033908,14,9,4,750,1,2,2,1.0,3,69149,M,,,69
201400033909,14,9,18,1145,1,2,2,1.0,6,69149,M,,,69
201400033910,14,9,18,1625,1,2,1,1.0,6,69152,M,,,69
201400033911,14,9,23,1225,1,2,1,1.0,6,69149,M,,,69
201400033912,14,10,2,1125,1,2,1,1.0,3,69202,M,,,69
201400033913,14,10,7,1541,1,2,1,2.0,2,69152,M,,,69
201400033914,14,10,7,1238,1,2,1,8.0,2,69142,M,,,69
201400033915,14,10,11,1710,1,2,1,1.0,3,69202,M,,,69
201400033916,14,10,13,1834,2,2,1,8.0,3,69142,M,,,69
201400033917,14,10,7,815,1,2,2,8.0,3,69142,M,,,69
201400033918,14,10,25,1225,1,2,3,1.0,3,69149,M,,,69
201400033919,14,10,30,1735,2,2,1,1.0,3,69202,M,,,69
201400033920,14,10,31,1625,1,2,1,1.0,3,69149,M,,,69
201400033921,14,11,2,5,5,2,1,1.0,2,69152,M,,,69
201400033922,14,11,3,600,5,2,1,2.0,1,69149,M,,,69
201400033923,14,11,3,910,1,2,1,1.0,2,69202,M,,,69
201400033924,14,11,4,1550,1,1,1,3.0,3,69149,M,,,69
201400033925,14,11,8,925,1,2,1,1.0,6,69149,M,,,69
201400033926,14,11,8,920,1,2,1,1.0,7,69202,M,,,69
201400033927,14,11,4,2000,5,2,2,3.0,3,69149,M,,,69
201400033928,14,11,15,1210,1,2,1,8.0,6,69149,M,,,69
201400033929,14,11,18,1045,1,2,1,1.0,4,69152,M,,,69
201400033930,14,11,18,1518,1,2,1,2.0,6,69149,M,,,69
201400033931,14,11,21,1515,1,2,2,1.0,3,69152,M,,,69
201400033932,14,11,29,1712,5,2,1,1.0,6,69149,M,,,69
201400033933,14,12,4,745,1,2,2,1.0,3,69202,M,,,69
201400033934,14,12,9,1910,5,2,2,1.0,7,69149,M,,,69
201400033935,14,12,10,1730,5,2,1,2.0,3,69202,M,,,69
201400033936,14,12,17,2100,5,2,1,2.0,2,69202,M,,,69
201400033937,14,12,18,1900,5,2,2,1.0,3,69149,M,,,69
201400033938,14,12,19,1424,1,2,1,9.0,6,69202,M,,,69
201400033939,14,12,19,1930,5,2,2,8.0,1,69202,M,,,69
201400033940,14,12,20,1900,5,2,1,1.0,3,69202,M,,,69
201400033941,14,12,21,1415,1,2,1,1.0,6,69149,M,,,69
201400033942,14,12,22,1515,1,2,1,1.0,6,69152,M,,,69
201400033943,14,1,17,1938,5,2,6,2.0,3,69256,M,,,69
201400033944,14,2,4,1226,1,2,4,1.0,6,69256,M,,,69
201400033945,14,2,8,1845,5,2,6,1.0,6,69256,M,,,69
201400033946,14,2,9,45,5,2,1,1.0,6,69256,M,,,69
201400033947,14,2,20,1350,1,2,1,1.0,6,69256,M,,,69
201400033948,14,2,22,1620,1,2,2,1.0,6,69256,M,,,69
201400033949,14,3,4,1209,1,2,3,1.0,3,69256,M,,,69
201400033950,14,3,12,1525,1,2,3,1.0,6,69256,M,,,69
201400033951,14,4,15,1900,1,2,1,1.0,6,69256,M,,,69
201400033952,14,4,21,1730,1,2,3,3.0,6,69256,M,,,69
201400033953,14,4,24,1030,1,2,3,1.0,3,69256,M,,,69
201400033954,14,5,2,1730,1,2,1,1.0,6,69256,M,,,69
201400033955,14,5,5,830,1,2,2,1.0,6,69256,M,,,69
201400033956,14,5,6,1500,1,2,1,8.0,6,69256,M,,,69
201400033957,14,5,7,2040,1,2,2,1.0,6,69256,M,,,69
201400033958,14,5,7,2310,3,2,1,1.0,6,69256,M,,,69
201400033959,14,5,8,2155,5,2,1,1.0,6,69256,M,,,69
201400033960,14,5,4,615,2,2,1,1.0,6,69256,M,,,69
201400033961,14,5,13,1155,1,2,3,1.0,6,69256,M,,,69
201400033962,14,5,13,1705,1,2,1,1.0,6,69256,M,,,69
201400033963,14,5,18,2220,5,2,2,1.0,3,69256,M,,,69
201400033964,14,6,1,120,5,2,3,1.0,6,69256,M,,,69
201400033965,14,6,2,2100,1,2,1,1.0,6,69256,M,,,69
201400033966,14,6,6,2130,2,2,1,1.0,6,69256,M,,,69