Num_Acc,an,mois,jour,hrmn,lum,agg,int,atm,col,com,gps,lat,long,dep
201400033967,14,6,24,1930,1,2,1,1.0,6,69256,M,,,69
201400033968,14,7,1,1350,1,2,3,1.0,3,69256,M,,,69
201400033969,14,7,16,2025,1,2,3,1.0,6,69256,M,,,69
201400033970,14,7,17,1622,1,2,2,1.0,3,69256,M,,,69
201400033971,14,6,18,1245,1,2,1,1.0,6,69256,M,,,69
201400033972,14,7,24,2120,1,2,6,1.0,1,69256,M,,,69
201400033973,14,8,1,905,1,2,2,1.0,6,69256,M,,,69
201400033974,14,8,10,1445,1,2,1,1.0,6,69256,M,,,69
201400033975,14,9,6,1945,1,2,2,1.0,3,69256,M,,,69
201400033976,14,9,12,1445,1,2,2,1.0,3,69256,M,,,69
201400033977,14,10,24,1326,1,2,3,1.0,6,69256,M,,,69
201400033978,14,10,26,1815,5,2,1,1.0,5,69256,M,,,69
201400033979,14,11,6,2230,5,2,2,1.0,3,69256,M,,,69
201400033980,14,11,8,1945,5,2,2,1.0,5,69256,M,,,69
201400033981,14,11,26,1215,1,2,3,2.0,6,69256,M,,,69
201400033982,14,11,28,655,5,2,2,1.0,6,69256,M,,,69
201400033983,14,11,24,1916,5,2,1,1.0,6,69256,M,,,69
201400033984,14,11,28,1950,5,2,2,1.0,6,69256,M,,,69
201400033985,14,12,9,2005,5,2,1,1.0,7,69256,M,,,69
201400033986,14,12,26,1140,1,2,2,1.0,6,69256,M,,,69
201400033987,14,1,2,1957,5,2,3,1.0,6,69259,M,,,69
201400033988,14,1,5,1820,5,2,1,1.0,6,69259,M,,,69
201400033989,14,1,9,1105,1,2,1,6.0,4,69199,M,,,69
201400033990,14,1,10,1750,5,2,3,1.0,1,69259,M,,,69
201400033991,14,1,18,2207,5,2,2,1.0,3,69259,M,,,69
201400033992,14,1,21,1645,1,2,1,8.0,6,69259,M,,,69
201400033993,14,1,24,705,2,2,1,3.0,5,69199,M,,,69
201400033994,14,1,26,1510,1,2,2,8.0,3,69276,M,,,69
201400033995,14,1,29,1050,1,2,1,1.0,6,69259,M,,,69
201400033996,14,2,4,1205,1,2,1,1.0,6,69276,M,,,69
201400033997,14,2,8,1505,1,2,1,2.0,6,69259,M,,,69
201400033998,14,2,11,1605,1,2,4,1.0,3,69259,M,,,69
201400033999,14,2,11,1710,1,2,1,1.0,2,69259,M,,,69
201400034000,14,2,12,1123,1,2,1,1.0,6,69199,M,,,69
201400034001,14,2,15,1015,1,2,3,1.0,2,69259,M,,,69
201400034002,14,2,19,1320,1,2,1,1.0,5,69259,M,,,69
201400034003,14,2,20,710,2,2,1,1.0,6,69259,M,,,69
201400034004,14,2,24,2010,5,2,1,1.0,1,69259,M,,,69
201400034005,14,2,21,730,1,2,6,3.0,2,69259,M,,,69
201400034006,14,2,21,1835,3,2,1,2.0,5,69199,M,,,69
201400034007,14,2,25,1440,1,2,1,1.0,2,69259,M,,,69
201400034008,14,2,27,725,2,2,1,1.0,6,69199,M,,,69
201400034009,14,3,5,2035,5,2,1,1.0,6,69259,M,,,69
201400034010,14,4,12,2000,1,2,1,1.0,6,69259,M,,,69
201400034011,14,3,8,1718,1,2,1,1.0,6,69259,M,,,69
201400034012,14,3,26,2040,5,2,2,1.0,3,69259,M,,,69
201400034013,14,3,25,725,1,2,1,1.0,2,69259,M,,,69
201400034014,14,3,26,1730,1,2,1,1.0,3,69259,M,,,69
201400034015,14,3,27,1640,1,2,1,1.0,1,69276,M,,,69
201400034016,14,3,27,1750,1,2,1,1.0,6,69259,M,,,69
201400034017,14,4,3,1655,1,2,1,1.0,6,69259,M,,,69
201400034018,14,4,4,1840,1,2,1,1.0,1,69199,M,,,69
201400034019,14,4,15,1100,1,2,1,1.0,6,69259,M,,,69
201400034020,14,4,17,800,1,2,3,2.0,3,69199,M,,,69
201400034021,14,4,18,830,1,2,3,8.0,1,69259,M,,,69
201400034022,14,4,19,1700,1,2,1,1.0,5,69259,M,,,69
201400034023,14,4,20,2220,5,2,5,2.0,3,69259,M,,,69
201400034024,14,4,22,710,2,2,2,8.0,1,69259,M,,,69
201400034025,14,3,5,1445,1,2,1,1.0,3,69199,M,,,69
201400034026,14,4,28,1935,1,2,1,1.0,6,69199,M,,,69
201400034027,14,4,29,850,1,2,3,1.0,3,69259,M,,,69
201400034028,14,4,26,1300,1,2,2,1.0,7,69259,M,,,69
201400034029,14,4,30,1630,1,2,1,1.0,2,69199,M,,,69
201400034030,14,5,1,1400,1,2,3,1.0,6,69259,M,,,69
201400034031,14,5,1,2235,5,2,1,3.0,6,69259,M,,,69
201400034032,14,5,6,1405,1,2,1,1.0,2,69259,M,,,69
201400034033,14,5,6,1140,1,2,1,1.0,3,69259,M,,,69
201400034034,14,5,12,445,5,1,1,1.0,1,69276,M,,,69
201400034035,14,5,15,1655,1,2,1,1.0,3,69276,M,,,69
201400034036,14,5,17,1750,1,2,1,1.0,3,69199,M,,,69
201400034037,14,5,17,1730,1,2,3,1.0,1,69199,M,,,69
201400034038,14,5,20,1400,1,2,1,1.0,6,69259,M,,,69
201400034039,14,5,21,1030,1,2,1,1.0,2,69259,M,,,69
201400034040,14,5,22,1635,1,2,2,1.0,3,69199,M,,,69
201400034041,14,5,26,1700,1,2,1,1.0,6,69259,M,,,69
201400034042,14,5,26,2025,2,2,2,2.0,3,69259,M,,,69
201400034043,14,5,26,1020,1,2,1,1.0,6,69259,M,,,69
201400034044,14,4,24,1140,1,2,1,1.0,6,69199,M,,,69
201400034045,14,6,18,1650,1,2,1,1.0,4,69259,M,,,69
201400034046,14,6,19,1421,1,2,1,1.0,3,69259,M,,,69
201400034047,14,6,14,750,1,2,1,1.0,7,69199,M,,,69
201400034048,14,6,14,2145,1,2,1,1.0,6,69276,M,,,69
201400034049,14,6,5,1720,1,2,1,1.0,6,69259,M,,,69
201400034050,14,6,21,940,1,2,2,1.0,6,69259,M,,,69
201400034051,14,6,23,930,1,1,1,1.0,7,69259,M,,,69
201400034052,14,6,17,1550,1,2,1,1.0,6,69199,M,,,69
201400034053,14,6,24,1703,1,2,1,1.0,6,69199,M,,,69
201400034054,14,6,26,1640,1,2,3,1.0,6,69199,M,,,69
201400034055,14,6,30,1110,1,2,1,1.0,6,69290,M,,,69
201400034056,14,7,3,1250,1,2,5,1.0,1,69259,M,,,69
201400034057,14,7,4,1640,1,2,1,1.0,6,69199,M,,,69
201400034058,14,7,7,2030,1,2,1,2.0,5,69259,M,,,69
201400034059,14,7,8,1550,1,2,1,1.0,2,69259,M,,,69
201400034060,14,7,8,1925,1,2,1,1.0,3,69259,M,,,69
201400034061,14,7,9,2250,5,2,1,2.0,1,69259,M,,,69
201400034062,14,7,9,1315,1,2,1,1.0,6,69259,M,,,69
201400034063,14,7,12,2344,5,2,1,1.0,6,69259,M,,,69
201400034064,14,7,23,640,1,2,1,1.0,3,69199,M,,,69
201400034065,14,7,26,2115,1,2,1,1.0,6,69259,M,,,69
201400034066,14,7,25,2130,5,2,2,1.0,2,69259,M,,,69
201400034067,14,7,26,1555,1,2,1,1.0,2,69259,M,,,69
201400034068,14,7,30,1650,1,2,1,1.0,3,69259,M,,,69
201400034069,14,7,31,2000,1,2,1,1.0,3,69199,M,,,69
201400034070,14,8,2,1735,1,2,4,1.0,3,69259,M,,,69
201400034071,14,8,11,1630,1,2,1,1.0,5,69259,M,,,69
201400034072,14,8,12,1915,1,2,1,1.0,2,69290,M,,,69
201400034073,14,8,16,1500,1,2,1,1.0,6,69259,M,,,69
201400034074,14,8,20,1325,1,2,3,1.0,3,69259,M,,,69
201400034075,14,8,26,1245,1,2,3,2.0,3,69259,M,,,69
201400034076,14,8,24,1520,1,2,1,1.0,3,69259,M,,,69
201400034077,14,8,29,745,1,2,1,1.0,5,69259,M,,,69
201400034078,14,9,1,1830,1,1,1,1.0,6,69259,M,,,69
201400034079,14,9,3,1210,1,2,1,1.0,6,69259,M,,,69
201400034080,14,9,7,1020,1,2,2,1.0,3,69388,M,,,69
201400034081,14,9,8,1940,2,2,1,1.0,6,69199,M,,,69
201400034082,14,9,10,1515,1,2,1,1.0,6,69259,M,,,69
201400034083,14,9,15,1150,1,2,3,1.0,2,69199,M,,,69
201400034084,14,9,15,1720,1,2,1,1.0,1,69259,M,,,69
201400034085,14,9,19,1315,1,2,1,2.0,2,69259,M,,,69
201400034086,14,9,19,1140,1,2,1,2.0,6,69259,M,,,69
201400034087,14,9,15,1330,1,1,1,1.0,6,69276,M,,,69
201400034088,14,9,26,1328,1,2,2,1.0,5,69199,M,,,69
201400034089,14,9,27,350,5,2,1,1.0,6,69259,M,,,69
201400034090,14,9,28,1830,1,2,1,1.0,6,69276,M,,,69
201400034091,14,10,6,2000,5,2,1,1.0,6,69259,M,,,69
201400034092,14,10,6,1750,1,2,1,1.0,6,69199,M,,,69
201400034093,14,10,7,1930,5,2,1,2.0,6,69259,M,,,69
201400034094,14,10,9,1750,2,2,2,3.0,3,69276,M,,,69
201400034095,14,10,9,1830,5,2,3,3.0,6,69259,M,,,69
201400034096,14,10,17,650,2,2,1,2.0,2,69259,M,,,69
201400034097,14,10,28,2250,5,2,1,1.0,7,69259,M,,,69
201400034098,14,10,28,1720,2,2,1,1.0,6,69259,M,,,69
201400034099,14,10,24,1720,1,2,1,1.0,6,69259,M,,,69
201400034100,14,10,31,1545,1,2,1,1.0,5,69199,M,,,69
201400034101,14,10,30,1900,5,2,3,1.0,3,69199,M,,,69
201400034102,14,11,3,1900,5,2,1,2.0,4,69290,M,,,69
201400034103,14,11,3,1430,1,2,2,3.0,3,69199,M,,,69
201400034104,14,11,3,1035,1,2,3,1.0,3,69276,M,,,69
201400034105,14,11,4,1725,5,2,1,3.0,2,69199,M,,,69
201400034106,14,11,5,810,1,2,1,2.0,2,69259,M,,,69
201400034107,14,11,5,930,1,2,1,2.0,3,69199,M,,,69
201400034108,14,11,5,1150,1,2,1,2.0,3,69259,M,,,69
201400034109,14,11,8,2312,5,2,3,1.0,3,69199,M,,,69
201400034110,14,11,10,1620,1,2,1,1.0,6,69259,M,,,69
201400034111,14,11,17,820,1,2,1,1.0,2,69199,M,,,69
201400034112,14,11,18,1630,1,2,1,2.0,6,69259,M,,,69
201400034113,14,11,20,915,1,2,1,1.0,3,69199,M,,,69
201400034114,14,11,21,1930,5,2,1,1.0,2,69290,M,,,69
201400034115,14,11,21,1350,1,2,1,1.0,5,69259,M,,,69
201400034116,14,11,24,1500,1,2,2,1.0,3,69259,M,,,69
201400034117,14,12,1,750,2,2,0,2.0,3,69199,M,,,69
201400034118,14,12,1,630,1,2,0,2.0,3,69259,M,,,69
201400034119,14,11,30,1900,5,2,1,1.0,4,69259,M,,,69
201400034120,14,12,4,1700,5,2,1,1.0,6,69259,M,,,69
201400034121,14,12,6,1120,1,2,1,1.0,3,69259,M,,,69
201400034122,14,12,6,440,5,2,2,1.0,4,69199,M,,,69
201400034123,14,12,7,200,5,2,1,1.0,1,69259,M,,,69
201400034124,14,12,9,1305,1,2,1,1.0,6,69259,M,,,69
201400034125,14,12,11,2215,5,2,1,2.0,4,69259,M,,,69
201400034126,14,12,14,2200,5,2,1,1.0,6,69259,M,,,69
201400034127,14,12,20,1345,1,2,1,1.0,1,69199,M,,,69
201400034128,14,12,20,1300,1,2,1,2.0,6,69259,M,,,69
201400034129,14,12,18,2125,5,2,2,9.0,3,69259,M,,,69
201400034130,14,12,18,1020,1,2,1,3.0,6,69259,M,,,69
201400034131,14,12,21,1715,5,2,1,1.0,2,69199,M,,,69
201400034132,14,12,23,715,2,2,1,5.0,6,69259,M,,,69
201400034133,14,12,23,920,1,2,1,1.0,6,69259,M,,,69
201400034134,14,12,30,2300,5,2,2,1.0,3,69259,M,,,69
201400034135,14,1,7,1100,1,2,1,1.0,3,69264,M,,,69
201400034136,14,1,24,905,1,1,3,3.0,3,69013,M,,,69
201400034137,14,1,28,830,1,2,2,1.0,3,69264,M,,,69
201400034138,14,2,7,2030,5,2,3,1.0,6,69264,M,,,69
201400034139,14,2,22,1740,1,2,1,1.0,3,69264,M,,,69
201400034140,14,4,17,1723,1,2,1,1.0,1,69092,M,,,69
201400034141,14,5,18,1330,1,2,1,1.0,2,69013,M,,,69
201400034142,14,5,22,1055,1,2,3,1.0,2,69092,M,,,69
201400034143,14,5,30,2125,2,2,1,1.0,5,69264,M,,,69
201400034144,14,5,24,1540,1,1,2,1.0,3,69013,M,,,69
201400034145,14,6,7,1230,1,2,1,1.0,6,69264,M,,,69
201400034146,14,6,17,810,1,2,1,1.0,3,69264,M,,,69
201400034147,14,4,1,1450,1,2,1,1.0,6,69264,M,,,69
201400034148,14,6,27,1005,1,2,2,1.0,6,69264,M,,,69
201400034149,14,7,2,820,1,1,1,2.0,1,69013,M,,,69
201400034150,14,7,8,1630,1,2,1,1.0,6,69264,M,,,69
201400034151,14,9,9,655,2,1,1,8.0,1,69013,M,,,69
201400034152,14,9,3,1455,1,2,1,1.0,6,69264,M,,,69
201400034153,14,10,1,1935,2,2,2,1.0,6,69264,M,,,69
201400034154,14,8,11,1140,1,2,6,1.0,6,69264,M,,,69
201400034155,14,10,18,2010,5,2,2,1.0,1,69264,M,,,69
201400034156,14,10,11,1620,1,2,1,1.0,6,69264,M,,,69
201400034157,14,11,6,1730,5,2,6,2.0,3,69264,M,,,69
201400034158,14,11,5,1300,1,2,1,9.0,3,69264,M,,,69
201400034159,14,1,2,2020,5,2,2,1.0,2,69266,M,,,69
201400034160,14,1,6,1920,5,2,1,1.0,6,69266,M,,,69
201400034161,14,1,8,1840,5,2,1,1.0,6,69266,M,,,69
201400034162,14,1,9,830,1,2,1,1.0,6,69266,M,,,69
201400034163,14,1,20,2005,5,2,2,8.0,3,69266,M,,,69
201400034164,14,1,22,2100,5,2,4,1.0,3,69266,M,,,69
201400034165,14,1,24,745,1,2,1,2.0,6,69266,M,,,69
201400034166,14,2,1,1310,1,2,4,2.0,6,69266,M,,,69
201400034167,14,2,4,1515,1,2,1,1.0,6,69266,M,,,69
201400034168,14,2,7,530,5,2,2,3.0,6,69266,M,,,69
201400034169,14,2,10,1930,5,2,2,3.0,6,69266,M,,,69
201400034170,14,2,10,1915,5,2,4,3.0,6,69266,M,,,69
201400034171,14,2,17,720,1,2,2,1.0,6,69266,M,,,69
201400034172,14,2,24,1205,1,2,1,1.0,6,69266,M,,,69
201400034173,14,2,27,1230,1,2,2,1.0,6,69266,M,,,69
201400034174,14,2,23,1730,1,2,1,1.0,6,69266,M,,,69
201400034175,14,2,12,1600,1,2,3,1.0,6,69266,M,,,69
201400034176,14,3,10,1730,1,2,1,1.0,3,69266,M,,,69
201400034177,14,3,23,1420,1,2,3,1.0,6,69266,M,,,69
201400034178,14,3,19,150,5,2,3,1.0,6,69266,M,,,69
201400034179,14,3,13,1718,1,2,2,1.0,3,69266,M,,,69
201400034180,14,3,14,1710,1,2,2,1.0,3,69266,M,,,69
201400034181,14,3,22,2040,5,2,2,1.0,6,69266,M,,,69
201400034182,14,3,25,1950,5,2,1,1.0,6,69266,M,,,69
201400034183,14,3,27,1745,1,2,2,1.0,6,69266,M,,,69
201400034184,14,3,29,1000,1,2,2,1.0,6,69266,M,,,69
201400034185,14,4,1,1815,1,2,1,1.0,6,69266,M,,,69
201400034186,14,4,3,1630,1,2,1,1.0,6,69266,M,,,69
201400034187,14,4,10,810,1,2,1,1.0,6,69266,M,,,69
201400034188,14,4,12,755,1,2,1,1.0,6,69266,M,,,69
201400034189,14,4,15,740,1,2,6,1.0,3,69266,M,,,69
201400034190,14,4,15,2230,5,2,1,1.0,6,69266,M,,,69
201400034191,14,4,14,1820,1,2,2,1.0,6,69266,M,,,69
201400034192,14,4,15,1230,1,2,1,1.0,6,69266,M,,,69
201400034193,14,4,19,1020,1,2,1,1.0,6,69266,M,,,69
201400034194,14,4,19,1630,1,2,3,1.0,6,69266,M,,,69
201400034195,14,4,20,720,1,2,1,1.0,2,69266,M,,,69
201400034196,14,4,27,510,5,2,2,2.0,6,69266,M,,,69
201400034197,14,5,3,1145,1,2,2,1.0,6,69266,M,,,69
201400034198,14,5,7,2150,5,2,2,1.0,6,69266,M,,,69
201400034199,14,5,11,1730,1,2,1,1.0,6,69266,M,,,69
201400034200,14,5,15,1110,1,2,1,1.0,6,69266,M,,,69
201400034201,14,5,19,2200,5,2,2,1.0,6,69266,M,,,69
201400034202,14,5,24,1440,1,2,3,1.0,6,69266,M,,,69
201400034203,14,5,25,1125,1,2,1,1.0,6,69266,M,,,69
201400034204,14,5,29,1637,1,2,1,1.0,6,69266,M,,,69
201400034205,14,5,29,1715,1,2,3,1.0,3,69266,M,,,69
201400034206,14,5,28,2120,4,2,1,1.0,6,69266,M,,,69
201400034207,14,6,3,1825,1,2,1,1.0,6,69266,M,,,69
201400034208,14,6,8,130,4,2,2,1.0,3,69266,M,,,69
201400034209,14,6,15,1525,1,2,1,1.0,6,69266,M,,,69
201400034210,14,6,16,1235,1,2,2,1.0,6,69266,M,,,69
201400034211,14,6,16,1630,1,2,3,7.0,3,69266,M,,,69
201400034212,14,6,20,1415,1,2,2,1.0,3,69266,M,,,69
201400034213,14,6,21,1030,1,2,2,1.0,6,69266,M,,,69
201400034214,14,6,23,1700,1,2,3,1.0,1,69266,M,,,69
201400034215,14,6,26,2320,5,2,1,1.0,2,69266,M,,,69
201400034216,14,6,28,1345,1,2,3,1.0,3,69266,M,,,69
201400034217,14,6,30,2130,1,2,3,1.0,3,69266,M,,,69
201400034218,14,7,1,1825,1,2,1,1.0,6,69266,M,,,69
201400034219,14,7,3,1610,1,2,2,1.0,6,69266,M,,,69
201400034220,14,7,5,1417,1,2,6,1.0,6,69266,M,,,69
201400034221,14,7,17,1050,1,2,2,1.0,3,69266,M,,,69
201400034222,14,7,22,1540,1,2,2,8.0,3,69266,M,,,69
201400034223,14,7,24,635,1,2,3,1.0,7,69266,M,,,69
201400034224,14,7,24,700,1,2,3,1.0,6,69266,M,,,69
201400034225,14,7,27,2055,1,2,1,1.0,1,69266,M,,,69
201400034226,14,8,3,710,2,2,1,1.0,6,69266,M,,,69
201400034227,14,7,20,1440,1,2,4,3.0,3,69266,M,,,69
201400034228,14,8,11,1845,1,2,1,1.0,6,69266,M,,,69
201400034229,14,8,12,1525,1,2,2,1.0,3,69266,M,,,69
201400034230,14,8,20,1700,1,2,6,1.0,6,69266,M,,,69
201400034231,14,8,28,1600,1,2,2,1.0,3,69266,M,,,69
201400034232,14,8,23,2210,5,2,2,1.0,6,69266,M,,,69
201400034233,14,8,26,1110,1,2,3,1.0,3,69266,M,,,69
201400034234,14,8,27,1020,1,2,2,1.0,6,69266,M,,,69
201400034235,14,8,31,2055,5,2,2,1.0,3,69266,M,,,69
201400034236,14,9,5,1900,1,2,1,1.0,7,69266,M,,,69
201400034237,14,9,13,2205,3,2,1,1.0,1,69266,M,,,69
201400034238,14,9,6,1020,1,2,1,1.0,4,69266,M,,,69
201400034239,14,9,17,2000,5,2,3,1.0,3,69266,M,,,69
201400034240,14,9,27,1425,1,2,1,1.0,3,69266,M,,,69
201400034241,14,9,29,2230,5,2,2,1.0,3,69266,M,,,69
201400034242,14,9,24,2000,5,2,1,2.0,3,69266,M,,,69
201400034243,14,9,24,1620,1,2,2,1.0,7,69266,M,,,69
201400034244,14,10,3,1700,1,2,3,1.0,4,69266,M,,,69
201400034245,14,10,4,2200,5,2,1,1.0,6,69266,M,,,69
201400034246,14,10,7,1505,1,2,2,2.0,3,69266,M,,,69
201400034247,14,10,7,1140,1,2,1,1.0,6,69266,M,,,69
201400034248,14,10,6,1700,1,2,1,1.0,6,69266,M,,,69
201400034249,14,10,10,143,5,2,1,3.0,6,69266,M,,,69
201400034250,14,10,18,1255,1,2,2,1.0,6,69266,M,,,69
201400034251,14,10,19,1330,1,2,1,1.0,6,69266,M,,,69
201400034252,14,10,23,750,1,2,3,1.0,3,69266,M,,,69
201400034253,14,10,23,1415,1,2,2,1.0,3,69266,M,,,69
201400034254,14,10,26,430,5,2,3,1.0,6,69266,M,,,69
201400034255,14,10,8,1925,5,2,1,1.0,2,69266,M,,,69
201400034256,14,10,23,1015,1,2,1,1.0,6,69266,M,,,69
201400034257,14,10,27,815,1,2,3,1.0,3,69266,M,,,69
201400034258,14,11,2,1650,1,2,3,1.0,6,69266,M,,,69
201400034259,14,3,15,2105,5,2,2,1.0,3,69266,M,,,69
201400034260,14,11,7,1410,1,2,1,2.0,6,69266,M,,,69
201400034261,14,11,10,940,1,2,1,2.0,6,69266,M,,,69
201400034262,14,10,11,1835,2,2,2,1.0,6,69386,M,,,69
201400034263,14,11,12,1505,1,2,6,2.0,6,69266,M,,,69
201400034264,14,11,15,1650,1,2,3,1.0,3,69266,M,,,69
201400034265,14,11,17,1700,1,2,1,1.0,7,69266,M,,,69
201400034266,14,11,12,1655,2,2,2,8.0,6,69266,M,,,69
201400034267,14,11,19,1820,5,2,1,1.0,6,69266,M,,,69
201400034268,14,11,21,1610,1,2,3,1.0,6,69266,M,,,69
201400034269,14,11,25,1045,1,2,2,1.0,3,69029,M,,,69
201400034270,14,12,1,1708,5,2,1,1.0,6,69266,M,,,69
201400034271,14,12,2,1700,5,2,1,1.0,6,69266,M,,,69
201400034272,14,12,3,1120,1,2,1,1.0,6,69266,M,,,69
201400034273,14,12,2,1815,5,2,6,2.0,6,69266,M,,,69
201400034274,14,12,7,1840,3,2,2,8.0,6,69266,M,,,69
201400034275,14,11,28,1350,1,2,1,1.0,6,69266,M,,,69
201400034276,14,12,8,1953,5,2,1,1.0,6,69266,M,,,69
201400034277,14,12,9,938,1,2,1,1.0,3,69266,M,,,69
201400034278,14,12,10,1820,5,2,2,2.0,6,69266,M,,,69
201400034279,14,12,16,1810,5,2,3,1.0,6,69266,M,,,69
201400034280,14,12,17,1635,1,2,1,3.0,6,69266,M,,,69
201400034281,14,12,18,1945,5,2,3,2.0,6,69266,M,,,69
201400034282,14,12,17,1800,5,2,2,3.0,6,69266,M,,,69
201400034283,14,12,15,1700,4,2,1,1.0,6,69266,M,,,69
201400034284,14,12,16,2300,5,2,1,2.0,6,69266,M,,,69
201400034285,14,12,27,1940,5,2,2,1.0,6,69266,M,,,69
201400034286,14,12,28,100,5,2,2,2.0,6,69266,M,,,69
201400034287,14,12,17,2245,5,2,1,3.0,3,69266,M,,,69
201400034288,14,1,6,1500,1,2,3,1.0,1,69275,M,,,69
201400034289,14,1,27,725,2,2,2,8.0,6,69275,M,,,69
201400034290,14,1,31,1930,5,2,1,1.0,6,69275,M,,,69
201400034291,14,2,11,2130,5,2,6,1.0,6,69275,M,,,69
201400034292,14,3,24,1655,1,2,1,8.0,6,69275,M,,,69
201400034293,14,4,1,2100,5,2,2,1.0,6,69275,M,,,69
201400034294,14,4,11,1615,1,2,1,8.0,6,69275,M,,,69
201400034295,14,4,14,930,1,2,1,1.0,6,69275,M,,,69
201400034296,14,4,26,2142,5,2,2,3.0,6,69275,M,,,69
201400034297,14,5,25,1640,1,2,1,1.0,6,69275,M,,,69
201400034298,14,6,8,330,5,2,1,1.0,6,69275,M,,,69
201400034299,14,6,25,1605,1,2,1,1.0,6,69275,M,,,69
201400034300,14,7,5,1800,1,2,2,1.0,6,69275,M,,,69
201400034301,14,8,22,1635,1,2,3,1.0,6,69275,M,,,69
201400034302,14,10,1,745,1,2,1,1.0,3,69275,M,,,69
201400034303,14,9,11,1740,1,2,6,1.0,2,69275,M,,,69
201400034304,14,10,2,1000,1,2,4,1.0,1,69275,M,,,69
201400034305,14,10,9,1405,1,2,1,1.0,3,69275,M,,,69
201400034306,14,11,5,1305,1,2,1,2.0,6,69275,M,,,69
201400034307,14,11,5,1855,5,2,3,1.0,6,69275,M,,,69
201400034308,14,11,12,1000,1,2,1,2.0,7,69275,M,,,69
201400034309,14,11,19,1935,5,2,3,2.0,3,69275,M,,,69
201400034310,14,12,9,1750,5,2,1,1.0,5,69275,M,,,69
201400034311,14,12,16,1850,5,2,3,1.0,6,69275,M,,,69
201400034312,14,2,11,2330,5,2,3,2.0,6,69282,M,,,69
201400034313,14,3,7,10,5,2,6,1.0,2,69282,M,,,69
201400034314,14,3,8,1950,5,2,6,1.0,6,69282,M,,,69
201400034315,14,5,26,1335,1,2,3,1.0,6,69282,M,,,69
201400034316,14,5,28,2055,1,2,2,1.0,6,69282,M,,,69
201400034317,14,11,5,1125,1,2,3,2.0,6,69282,M,,,69
201400034318,14,11,5,1800,2,2,3,2.0,6,69282,M,,,69
201400034319,14,11,28,1930,5,2,1,1.0,6,69282,M,,,69
201400034320,14,11,29,1250,1,2,4,1.0,6,69282,M,,,69
201400034321,14,12,22,1815,3,2,6,5.0,6,69282,M,,,69
201400034322,14,12,30,15,5,2,1,1.0,6,69282,M,,,69
201400034323,14,2,4,1745,5,2,3,2.0,3,69286,M,,,69
201400034324,14,2,4,1730,1,2,1,7.0,6,69286,M,,,69
201400034325,14,2,22,1045,1,2,9,1.0,3,69286,M,,,69
201400034326,14,2,26,830,1,1,1,3.0,3,69286,M,,,69
201400034327,14,3,29,1745,1,2,1,1.0,2,69286,M,,,69
201400034328,14,4,7,1345,1,2,1,1.0,2,69286,M,,,69
201400034329,14,4,14,715,1,2,1,1.0,6,69286,M,,,69
201400034330,14,5,4,2120,5,2,2,1.0,1,69286,M,,,69
201400034331,14,7,9,1750,1,2,1,1.0,2,69286,M,,,69
201400034332,14,5,20,1835,1,2,1,1.0,3,69286,M,,,69
201400034333,14,7,3,2115,2,2,1,1.0,6,69286,M,,,69
201400034334,14,6,1,1245,1,2,1,1.0,4,69286,M,,,69
201400034335,14,6,3,1400,1,2,1,1.0,6,69286,M,,,69
201400034336,14,6,6,1617,1,2,1,1.0,6,69286,M,,,69
201400034337,14,6,21,915,1,2,1,1.0,2,69286,M,,,69
201400034338,14,6,23,1340,1,2,1,1.0,2,69286,M,,,69
201400034339,14,7,17,745,1,1,3,7.0,3,69286,M,,,69
201400034340,14,7,31,1750,1,2,1,1.0,6,69286,M,,,69
201400034341,14,10,17,1755,1,1,2,1.0,3,69286,M,,,69
201400034342,14,8,4,1945,1,2,1,3.0,7,69286,M,,,69
201400034343,14,8,7,815,1,2,1,1.0,3,69286,M,,,69
201400034344,14,8,8,930,1,2,1,1.0,1,69286,M,,,69
201400034345,14,9,11,1515,1,2,1,1.0,4,69286,M,,,69
201400034346,14,11,6,815,1,2,1,1.0,3,69286,M,,,69
201400034347,14,10,26,830,1,2,1,1.0,6,69286,M,,,69
201400034348,14,12,22,1900,3,2,1,5.0,6,69286,M,,,69
201400034349,14,12,23,1040,1,2,1,1.0,4,69286,M,,,69
201400034350,14,1,11,1756,5,2,2,1.0,6,69290,M,,,69
201400034351,14,1,12,105,3,2,1,1.0,6,69290,M,,,69
201400034352,14,1,17,1050,1,2,3,1.0,6,69290,M,,,69
201400034353,14,1,25,2015,5,2,1,1.0,3,69290,M,,,69
201400034354,14,2,3,730,1,2,1,1.0,6,69290,M,,,69
201400034355,14,2,5,1105,1,2,1,1.0,6,69290,M,,,69
201400034356,14,2,7,1810,5,2,2,2.0,3,69290,M,,,69
201400034357,14,2,18,1745,1,2,6,1.0,3,69290,M,,,69
201400034358,14,2,19,1405,1,2,2,1.0,6,69290,M,,,69
201400034359,14,3,1,940,1,2,1,2.0,6,69290,M,,,69
201400034360,14,3,12,817,1,2,5,1.0,7,69290,M,,,69
201400034361,14,3,8,1940,5,2,1,1.0,6,69290,M,,,69
201400034362,14,4,1,1030,1,1,1,1.0,6,69290,M,,,69
201400034363,14,4,14,1855,1,2,1,1.0,6,69290,M,,,69
201400034364,14,4,20,700,2,2,1,1.0,6,69290,M,,,69
201400034365,14,4,22,1800,1,2,1,1.0,6,69290,M,,,69
201400034366,14,4,28,1055,1,2,1,1.0,6,69290,M,,,69
201400034367,14,4,30,1500,1,2,2,1.0,3,69290,M,,,69
201400034368,14,5,18,1810,1,2,2,1.0,6,69290,M,,,69
201400034369,14,5,12,1258,1,2,3,1.0,6,69290,M,,,69
201400034370,14,4,25,1450,1,2,2,1.0,2,69290,M,,,69
201400034371,14,5,30,1250,1,2,2,1.0,1,69290,M,,,69
201400034372,14,5,19,1805,1,2,1,1.0,6,69290,M,,,69