Num_Acc,an,mois,jour,hrmn,lum,agg,int,atm,col,com,gps,lat,long,dep
201400034373,14,5,30,1700,1,2,2,7.0,3,69290,M,,,69
201400034374,14,6,17,815,1,2,2,1.0,5,69290,M,,,69
201400034375,14,6,21,425,5,2,1,1.0,6,69290,M,,,69
201400034376,14,6,22,1340,1,2,2,1.0,3,69290,M,,,69
201400034377,14,7,1,2010,1,2,2,1.0,1,69290,M,,,69
201400034378,14,7,15,2010,1,2,1,1.0,6,69290,M,,,69
201400034379,14,8,1,1210,1,2,1,1.0,6,69290,M,,,69
201400034380,14,8,5,1935,1,2,1,1.0,6,69290,M,,,69
201400034381,14,8,20,1715,1,2,1,1.0,6,69290,M,,,69
201400034382,14,8,28,1000,1,2,2,1.0,3,69290,M,,,69
201400034383,14,9,6,1650,1,2,9,1.0,6,69290,M,,,69
201400034384,14,9,8,1715,1,2,1,1.0,6,69290,M,,,69
201400034385,14,9,12,1930,1,2,3,1.0,7,69290,M,,,69
201400034386,14,9,13,1430,1,2,1,1.0,3,69290,M,,,69
201400034387,14,9,16,2100,5,2,2,1.0,1,69290,M,,,69
201400034388,14,9,24,1510,1,2,3,2.0,7,69290,M,,,69
201400034389,14,9,26,2030,5,2,2,1.0,3,69290,M,,,69
201400034390,14,9,28,1220,1,2,1,1.0,7,69290,M,,,69
201400034391,14,10,4,2250,5,2,1,1.0,3,69290,M,,,69
201400034392,14,10,2,2120,5,2,1,1.0,7,69290,M,,,69
201400034393,14,10,21,1710,1,2,1,1.0,1,69290,M,,,69
201400034394,14,10,23,2007,5,2,1,1.0,6,69029,M,,,69
201400034395,14,10,27,815,1,2,2,1.0,3,69290,M,,,69
201400034396,14,10,28,1935,5,2,3,1.0,6,69290,M,,,69
201400034397,14,11,5,2314,5,2,1,8.0,5,69290,M,,,69
201400034398,14,11,6,1035,1,2,2,1.0,3,69290,M,,,69
201400034399,14,11,7,630,5,2,1,1.0,1,69290,M,,,69
201400034400,14,11,7,1130,1,2,1,1.0,2,69290,M,,,69
201400034401,14,10,29,1740,5,2,2,1.0,6,69290,M,,,69
201400034402,14,11,9,2300,5,2,1,2.0,6,69290,M,,,69
201400034403,14,11,8,1015,1,2,2,5.0,3,69290,M,,,69
201400034404,14,11,18,700,5,2,1,2.0,6,69290,M,,,69
201400034405,14,12,8,1730,5,2,1,2.0,6,69283,M,,,69
201400034406,14,12,10,850,1,2,2,1.0,3,69290,M,,,69
201400034407,14,12,18,1750,4,2,1,2.0,6,69290,M,,,69
201400034408,14,12,20,50,5,2,2,2.0,3,69290,M,,,69
201400034409,14,4,15,715,2,1,1,7.0,4,70285,M,,,70
201400034410,14,8,12,1730,1,2,3,1.0,2,70285,M,,,70
201400034411,14,10,14,1945,5,2,1,1.0,1,70285,M,,,70
201400034412,14,10,18,1850,2,2,6,1.0,6,70285,M,,,70
201400034413,14,12,11,640,5,2,3,2.0,1,70285,M,,,70
201400034414,14,1,4,1200,1,2,1,1.0,1,70550,M,,,70
201400034415,14,1,6,1510,1,2,3,1.0,3,70550,M,,,70
201400034416,14,1,15,1525,1,2,1,1.0,7,70550,M,,,70
201400034417,14,1,17,730,5,2,1,2.0,6,70550,M,,,70
201400034418,14,1,17,1925,5,2,6,1.0,3,70550,M,,,70
201400034419,14,1,27,735,5,1,6,2.0,3,70550,M,,,70
201400034420,14,2,11,1210,1,2,3,1.0,6,70550,M,,,70
201400034421,14,2,18,1740,1,1,1,1.0,4,70550,M,,,70
201400034422,14,2,28,1800,2,2,1,1.0,2,70550,M,,,70
201400034423,14,2,24,1505,1,2,1,1.0,7,70550,M,,,70
201400034424,14,3,10,950,1,2,6,1.0,3,70513,M,,,70
201400034425,14,4,5,2220,5,2,1,1.0,3,70550,M,,,70
201400034426,14,4,11,1315,1,2,1,1.0,3,70550,M,,,70
201400034427,14,5,19,1220,1,1,1,1.0,3,70388,M,,,70
201400034428,14,5,25,700,2,2,1,1.0,6,70550,M,,,70
201400034429,14,5,27,1905,1,2,3,1.0,3,70550,M,,,70
201400034430,14,6,23,1350,1,2,1,1.0,2,70550,M,,,70
201400034431,14,7,17,915,1,2,1,1.0,3,70207,M,,,70
201400034432,14,7,20,1130,1,2,1,1.0,7,70550,M,,,70
201400034433,14,8,14,1520,1,2,1,3.0,3,70550,M,,,70
201400034434,14,9,21,600,5,2,1,2.0,1,70388,M,,,70
201400034435,14,10,20,1905,5,1,1,3.0,1,70261,M,,,70
201400034436,14,10,22,1150,1,2,1,1.0,1,70513,M,,,70
201400034437,14,11,7,1750,5,2,1,1.0,6,70550,M,,,70
201400034438,14,12,3,750,2,2,1,1.0,7,70513,M,,,70
201400034439,14,12,18,750,2,2,1,2.0,6,70550,M,,,70
201400034440,14,1,3,1020,1,2,1,1.0,6,71076,M,4680935.0,484272.0,71
201400034441,14,1,8,1800,5,2,1,1.0,6,71445,M,4677251.0,486858.0,71
201400034442,14,1,14,1920,5,2,1,1.0,6,71076,M,4677670.0,485467.0,71
201400034443,14,1,11,1430,1,2,9,1.0,3,71076,M,4679174.0,484968.0,71
201400034444,14,2,3,1710,1,2,1,1.0,6,71475,M,4676923.0,482673.0,71
201400034445,14,2,9,1917,3,1,1,1.0,1,71445,M,4678502.0,490862.0,71
201400034446,14,2,9,1810,2,2,1,6.0,3,71076,M,4680258.0,486134.0,71
201400034447,14,3,4,1655,1,2,1,1.0,6,71118,M,4679514.0,481596.0,71
201400034448,14,3,16,1700,1,2,9,1.0,3,71076,M,4678251.0,486241.0,71
201400034449,14,3,17,1935,2,2,1,1.0,2,71076,M,4678672.0,486683.0,71
201400034450,14,4,1,1415,1,2,1,1.0,6,71118,M,4679662.0,481104.0,71
201400034451,14,4,2,1450,1,2,1,1.0,6,71076,M,4679837.0,485556.0,71
201400034452,14,4,8,1915,1,1,9,1.0,3,71475,M,,,71
201400034453,14,4,15,1040,1,2,9,1.0,6,71076,M,,,71
201400034454,14,4,16,925,1,2,4,1.0,3,71445,M,,,71
201400034455,14,5,14,1840,1,2,1,8.0,1,71475,M,4676772.0,482139.0,71
201400034456,14,5,15,1540,1,2,9,1.0,6,71076,M,4677496.0,483686.0,71
201400034457,14,6,4,925,1,1,1,2.0,6,71445,M,,,71
201400034458,14,6,25,840,1,2,1,1.0,4,71445,M,,,71
201400034459,14,6,26,2110,1,2,3,1.0,3,71076,M,4678950.0,483410.0,71
201400034460,14,6,4,1015,1,2,1,2.0,6,71076,M,4677957.0,484680.0,71
201400034461,14,7,17,1940,1,2,3,1.0,4,71076,M,4678040.0,485668.0,71
201400034462,14,7,18,1335,1,2,1,1.0,6,71076,M,4678381.0,484682.0,71
201400034463,14,7,25,1700,1,2,6,1.0,3,71076,M,4681031.0,485373.0,71
201400034464,14,7,23,1805,1,2,1,1.0,6,71076,M,,,71
201400034465,14,8,22,1015,1,2,1,1.0,6,71076,M,4678593.0,484119.0,71
201400034466,14,9,1,1900,1,2,1,1.0,6,71076,M,4678041.0,485675.0,71
201400034467,14,9,6,1915,1,2,1,1.0,1,71076,M,4680013.0,486339.0,71
201400034468,14,9,11,1710,1,2,9,1.0,3,71076,M,,,71
201400034469,14,9,23,1830,1,2,1,1.0,3,71076,M,4677735.0,484778.0,71
201400034470,14,10,8,1550,1,2,1,1.0,2,71076,M,4679139.0,484977.0,71
201400034471,14,10,11,130,5,2,2,2.0,6,71076,M,4677810.0,485119.0,71
201400034472,14,10,11,1445,1,2,1,1.0,6,71445,M,4677608.0,488741.0,71
201400034473,14,10,23,2125,3,1,1,2.0,6,71445,M,4676150.0,487785.0,71
201400034474,14,10,24,1640,1,2,1,1.0,2,71475,M,4676301.0,484254.0,71
201400034475,14,10,24,1835,5,2,1,1.0,5,71445,M,4677603.0,488792.0,71
201400034476,14,10,15,1720,1,2,1,1.0,6,71445,M,4677567.0,488974.0,71
201400034477,14,11,21,905,1,2,3,1.0,6,71475,M,4677398.0,482576.0,71
201400034478,14,11,27,945,1,2,1,2.0,6,71076,M,4678005.0,484914.0,71
201400034479,14,12,5,2005,5,2,1,1.0,1,71076,M,,,71
201400034480,14,12,27,1545,1,2,1,1.0,6,71076,M,4679971.0,484947.0,71
201400034481,14,1,3,1135,1,2,1,2.0,6,71153,M,,,71
201400034482,14,2,4,1315,1,2,2,1.0,6,71153,M,4679638.0,442919.0,71
201400034483,14,2,4,1320,1,2,9,1.0,6,71153,M,4680604.0,442796.0,71
201400034484,14,3,12,1555,1,2,9,1.0,1,71153,M,,,71
201400034485,14,4,1,945,1,2,1,1.0,6,71153,M,,,71
201400034486,14,4,30,1750,1,2,9,1.0,6,71059,M,,,71
201400034487,14,8,24,1710,1,2,1,1.0,6,71153,M,4681161.0,442517.0,71
201400034488,14,9,7,845,3,2,1,1.0,6,71309,M,,,71
201400034489,14,9,12,1235,1,2,9,1.0,6,71153,M,,,71
201400034490,14,11,17,745,1,1,9,2.0,6,71540,M,,,71
201400034491,14,12,9,1935,5,2,1,1.0,2,71153,M,,,71
201400034492,14,1,6,755,2,2,1,1.0,3,71270,M,4632031.0,483155.0,71
201400034493,14,2,8,2145,5,2,2,1.0,5,71270,M,,,71
201400034494,14,2,15,1115,1,2,2,1.0,3,71270,M,4627805.0,477667.0,71
201400034495,14,2,23,1630,1,2,2,1.0,3,71105,M,4630759.0,481778.0,71
201400034496,14,3,28,1945,5,2,1,1.0,6,71270,M,4632015.0,483511.0,71
201400034497,14,3,31,1146,1,1,1,1.0,3,71270,M,4630406.0,483127.0,71
201400034498,14,4,15,1715,1,2,1,1.0,6,71270,M,,,71
201400034499,14,5,1,2355,5,2,1,2.0,6,71270,M,4629013.0,481311.0,71
201400034500,14,5,5,1715,1,2,1,1.0,6,71270,M,4635592.0,483572.0,71
201400034501,14,7,20,2055,2,2,6,2.0,6,71497,M,,,71
201400034502,14,8,4,2225,5,1,6,1.0,1,71270,M,4628468.0,478140.0,71
201400034503,14,8,14,1445,1,2,1,1.0,3,71270,M,,,71
201400034504,14,9,8,1750,1,2,6,1.0,3,71270,M,4631925.0,481441.0,71
201400034505,14,9,20,2030,3,2,1,1.0,6,71105,M,,,71
201400034506,14,10,12,305,5,2,1,1.0,6,71270,M,4632826.0,484309.0,71
201400034507,14,10,25,205,5,2,1,1.0,6,71270,M,4630737.0,483570.0,71
201400034508,14,10,24,930,1,2,1,1.0,6,71270,M,4630301.0,482555.0,71
201400034509,14,11,29,1915,5,2,1,8.0,3,71497,M,,,71
201400034510,14,12,6,2150,3,1,1,1.0,3,71497,M,,,71
201400034511,14,3,7,1530,1,1,1,1.0,5,71040,M,,,71
201400034512,14,3,15,1640,1,2,1,1.0,3,71306,M,4666953.0,435590.0,71
201400034513,14,6,7,1035,1,2,1,1.0,3,71306,M,4666965.0,436654.0,71
201400034514,14,6,17,1825,1,2,5,1.0,1,71486,M,,,71
201400034515,14,6,26,1845,1,2,1,1.0,6,71306,M,,,71
201400034516,14,6,29,1600,1,1,1,1.0,1,71040,M,4670110.0,439377.0,71
201400034517,14,7,2,1610,1,2,1,1.0,7,71306,M,4667725.0,436881.0,71
201400034518,14,9,23,1625,1,2,1,1.0,6,71306,M,4668126.0,436348.0,71
201400034519,14,10,9,735,2,1,1,1.0,1,71040,M,,,71
201400034520,14,11,2,510,5,2,1,1.0,7,71306,M,4669092.0,435474.0,71
201400034521,14,11,1,1700,1,2,1,7.0,6,71306,M,,,71
201400034522,14,11,8,640,4,2,1,1.0,7,71306,M,4667607.0,436952.0,71
201400034523,14,11,7,1550,1,2,1,1.0,6,71306,M,4667160.0,436462.0,71
201400034524,14,1,16,2325,5,2,2,1.0,3,72181,M,,,72
201400034525,14,1,28,1808,5,2,1,2.0,7,72181,M,,,72
201400034526,14,2,4,815,1,1,1,1.0,1,72181,M,4801743.0,14158.0,72
201400034527,14,3,2,420,5,2,1,1.0,2,72181,M,,,72
201400034528,14,3,20,1400,1,2,1,1.0,6,72181,M,,,72
201400034529,14,3,29,1240,1,2,1,1.0,3,72003,M,,,72
201400034530,14,4,4,520,5,2,1,1.0,6,72181,M,,,72
201400034531,14,5,5,1725,1,2,2,1.0,3,72181,M,,,72
201400034532,14,5,31,1340,1,2,1,1.0,2,72181,M,,,72
201400034533,14,5,22,615,2,2,1,2.0,3,72181,M,,,72
201400034534,14,6,14,1220,1,2,6,1.0,3,72181,M,,,72
201400034535,14,6,12,1014,1,2,1,1.0,6,72181,M,,,72
201400034536,14,6,16,2100,1,2,1,7.0,2,72181,M,,,72
201400034537,14,6,27,1145,1,2,1,1.0,6,72181,M,,,72
201400034538,14,9,13,145,5,2,2,1.0,3,72181,M,,,72
201400034539,14,9,25,1300,1,2,1,1.0,5,72181,M,,,72
201400034540,14,10,12,2010,5,2,1,2.0,6,72181,M,,,72
201400034541,14,10,18,1400,1,2,2,1.0,3,72181,M,,,72
201400034542,14,11,15,500,5,2,1,1.0,6,72181,M,,,72
201400034543,14,3,8,1203,1,2,2,1.0,3,73008,M,4570580.0,591080.0,73
201400034544,14,3,4,1110,1,2,6,1.0,6,73008,M,4569000.0,590940.0,73
201400034545,14,4,8,1300,1,2,3,1.0,3,73008,M,4568790.0,591250.0,73
201400034546,14,3,20,1620,1,2,1,1.0,6,73008,M,4571620.0,588780.0,73
201400034547,14,4,30,1050,1,2,1,1.0,6,73008,M,4568820.0,591460.0,73
201400034548,14,7,4,1855,1,2,9,2.0,7,73008,M,4568100.0,591280.0,73
201400034549,14,7,19,1610,1,2,1,1.0,7,73008,M,4570600.0,592540.0,73
201400034550,14,11,25,1730,5,2,1,1.0,3,73008,M,4571210.0,591860.0,73
201400034551,14,11,18,1955,5,2,1,3.0,6,73008,M,4569490.0,590500.0,73
201400034552,14,3,27,748,1,2,3,1.0,3,73011,M,4566240.0,636560.0,73
201400034553,14,4,15,1200,1,2,2,1.0,1,73011,M,4567430.0,638830.0,73
201400034554,14,10,23,1605,1,1,1,1.0,2,73011,M,,,73
201400034555,14,12,5,1740,5,2,9,1.0,5,73011,M,4567055.0,639127.0,73
201400034556,14,1,9,1800,5,2,2,1.0,3,73065,M,4556290.0,590810.0,73
201400034557,14,1,18,915,1,2,1,1.0,6,73065,M,4556960.0,592240.0,73
201400034558,14,2,14,1950,5,2,1,1.0,2,73031,M,4557130.0,594040.0,73
201400034559,14,3,25,1355,1,2,6,1.0,6,73031,M,4557420.0,593700.0,73
201400034560,14,4,7,925,1,2,1,1.0,3,73065,M,4557490.0,590640.0,73
201400034561,14,5,13,1630,1,1,1,8.0,1,73065,M,4559290.0,591380.0,73
201400034562,14,5,25,1255,1,2,1,1.0,6,73065,M,4560070.0,591770.0,73
201400034563,14,6,11,1430,1,2,4,1.0,3,73065,M,4556290.0,590820.0,73
201400034564,14,6,30,1745,1,2,3,1.0,6,73065,M,4556290.0,590820.0,73
201400034565,14,6,21,1650,1,2,2,1.0,3,73065,M,4559970.0,591620.0,73
201400034566,14,7,15,1250,1,2,1,1.0,6,73065,M,4556380.0,591470.0,73
201400034567,14,7,19,1615,1,2,3,1.0,1,73065,M,4556260.0,592510.0,73
201400034568,14,7,18,1845,1,2,1,1.0,3,73065,M,4556760.0,593770.0,73
201400034569,14,7,29,1820,1,2,1,3.0,1,73065,M,,,73
201400034570,14,11,1,2150,5,2,6,1.0,1,73065,M,4556870.0,589230.0,73
201400034571,14,11,3,1130,1,2,1,1.0,1,73065,M,4559887.0,589461.0,73
201400034572,14,11,21,1745,5,2,6,1.0,6,73222,M,4557986.0,592256.0,73
201400034573,14,12,13,1630,2,1,1,1.0,4,73065,M,4558994.0,589975.0,73
201400034574,14,1,8,1345,1,2,1,1.0,3,74010,M,,,74
201400034575,14,1,17,920,1,2,1,1.0,6,74010,M,,,74
201400034576,14,1,23,1235,1,2,1,2.0,6,74010,M,,,74
201400034577,14,1,24,2220,5,2,6,1.0,2,74010,M,,,74
201400034578,14,2,2,1742,2,1,6,1.0,6,74010,M,,,74
201400034579,14,2,7,1815,5,2,3,3.0,6,74010,M,,,74
201400034580,14,2,12,2056,5,2,2,1.0,2,74010,M,,,74
201400034581,14,2,13,308,5,2,6,3.0,6,74010,M,,,74
201400034582,14,2,27,1915,5,2,1,2.0,6,74010,M,,,74
201400034583,14,2,28,955,1,2,6,1.0,6,74010,M,,,74
201400034584,14,3,8,1622,1,2,1,1.0,6,74010,M,,,74
201400034585,14,3,8,925,1,2,1,1.0,6,74093,M,,,74
201400034586,14,3,11,1610,1,2,6,1.0,6,74010,M,,,74
201400034587,14,3,31,1055,1,2,1,1.0,6,74010,M,,,74
201400034588,14,4,9,802,1,2,6,1.0,3,74093,M,,,74
201400034589,14,4,7,955,1,1,1,1.0,2,74093,M,,,74
201400034590,14,4,15,1055,1,2,6,1.0,3,74093,M,,,74
201400034591,14,4,17,1845,1,2,6,1.0,1,74010,M,,,74
201400034592,14,4,24,1932,1,2,4,2.0,6,74010,M,,,74
201400034593,14,4,24,1725,1,2,1,1.0,6,74010,M,,,74
201400034594,14,5,3,1126,1,2,6,1.0,6,74093,M,,,74
201400034595,14,5,6,1925,1,2,1,2.0,3,74010,M,,,74
201400034596,14,5,19,1720,1,2,1,1.0,6,74010,M,,,74
201400034597,14,5,26,2010,2,2,6,1.0,6,74010,M,,,74
201400034598,14,5,29,2010,1,2,1,1.0,6,74010,M,,,74
201400034599,14,5,30,1200,1,2,6,1.0,6,74010,M,,,74
201400034600,14,6,11,1000,1,2,1,1.0,6,74010,M,,,74
201400034601,14,6,11,1120,1,2,3,1.0,6,74010,M,,,74
201400034602,14,6,18,1530,1,2,1,1.0,6,74010,M,,,74
201400034603,14,6,22,1856,1,2,1,1.0,6,74010,M,,,74
201400034604,14,6,23,603,1,1,1,1.0,1,74010,M,,,74
201400034605,14,6,30,2200,2,2,1,1.0,3,74010,M,,,74
201400034606,14,7,17,1740,1,2,1,1.0,3,74010,M,,,74
201400034607,14,7,25,1746,1,2,1,1.0,6,74010,M,,,74
201400034608,14,7,29,1300,1,2,2,2.0,6,74010,M,,,74
201400034609,14,7,31,845,1,2,1,1.0,1,74010,M,,,74
201400034610,14,8,3,7,5,2,1,3.0,6,74010,M,,,74
201400034611,14,8,8,1505,1,2,9,1.0,6,74093,M,,,74
201400034612,14,8,20,1225,1,2,1,1.0,6,74010,M,,,74
201400034613,14,9,9,1015,1,1,1,1.0,5,74010,M,,,74
201400034614,14,10,10,830,1,1,6,2.0,7,74093,M,,,74
201400034615,14,10,10,800,2,2,1,2.0,6,74010,M,,,74
201400034616,14,10,11,1120,1,2,3,2.0,3,74010,M,,,74
201400034617,14,10,14,1555,1,2,3,1.0,6,74093,M,,,74
201400034618,14,10,28,2230,5,2,3,1.0,3,74010,M,,,74
201400034619,14,11,8,2020,5,2,1,1.0,7,74010,M,,,74
201400034620,14,11,18,1745,5,2,1,1.0,6,74010,M,,,74
201400034621,14,11,21,1825,5,2,3,1.0,3,74010,M,,,74
201400034622,14,12,11,1737,3,2,1,2.0,6,74093,M,,,74
201400034623,14,12,19,1610,1,2,1,1.0,6,74093,M,,,74
201400034624,14,12,29,1710,5,2,3,4.0,6,74010,M,,,74
201400034625,14,1,17,600,5,2,1,3.0,6,74012,M,,,74
201400034626,14,2,11,1130,1,2,2,1.0,6,74012,M,,,74
201400034627,14,3,15,1415,1,2,1,1.0,3,74012,M,,,74
201400034628,14,3,15,1445,1,2,1,1.0,7,74305,M,,,74
201400034629,14,4,11,2050,3,2,1,1.0,6,74133,M,,,74
201400034630,14,4,14,1725,1,2,3,1.0,6,74008,M,,,74
201400034631,14,4,16,1040,1,2,1,1.0,3,74012,M,,,74
201400034632,14,4,16,1500,1,2,1,1.0,6,74012,M,,,74
201400034633,14,4,24,745,1,2,1,1.0,6,74012,M,,,74
201400034634,14,5,18,1005,1,2,1,1.0,6,74305,M,,,74
201400034635,14,6,18,650,1,2,3,1.0,3,74012,M,,,74
201400034636,14,7,7,2140,5,1,1,3.0,3,74118,M,,,74
201400034637,14,8,1,1635,1,2,1,1.0,6,74012,M,,,74
201400034638,14,9,1,320,5,2,1,2.0,6,74012,M,,,74
201400034639,14,8,29,1130,1,2,3,1.0,6,74012,M,,,74
201400034640,14,9,3,910,1,2,1,1.0,3,74133,M,,,74
201400034641,14,9,16,1640,1,2,1,1.0,6,74305,M,,,74
201400034642,14,9,17,1600,1,2,1,1.0,3,74012,M,,,74
201400034643,14,9,11,1520,1,2,6,1.0,3,74012,M,,,74
201400034644,14,9,25,920,1,2,3,1.0,6,74305,M,,,74
201400034645,14,9,1,1530,1,2,1,1.0,5,74008,M,,,74
201400034646,14,9,23,750,1,2,3,7.0,6,74012,M,,,74
201400034647,14,10,19,530,3,2,1,1.0,7,74118,M,,,74
201400034648,14,10,26,1305,1,2,1,1.0,3,74012,M,,,74
201400034649,14,11,27,2000,5,2,3,1.0,3,74012,M,,,74
201400034650,14,11,26,1645,2,2,2,1.0,3,74012,M,,,74
201400034651,14,12,9,940,1,2,3,9.0,3,74012,M,,,74
201400034652,14,1,7,1415,1,2,3,7.0,6,74281,M,,,74
201400034653,14,1,7,1630,1,2,3,1.0,3,74281,M,,,74
201400034654,14,1,31,1830,5,2,1,1.0,6,74218,M,,,74
201400034655,14,2,19,707,5,2,1,1.0,6,74119,M,,,74
201400034656,14,3,9,1848,5,2,1,1.0,3,74200,M,,,74
201400034657,14,3,17,2325,5,2,1,1.0,6,74200,M,,,74
201400034658,14,3,28,956,1,2,1,1.0,6,74200,M,,,74
201400034659,14,4,17,1325,1,2,1,1.0,6,74281,M,,,74
201400034660,14,4,28,1500,1,2,1,2.0,3,74281,M,,,74
201400034661,14,5,11,1550,1,2,1,6.0,6,74281,M,,,74
201400034662,14,5,14,1215,1,2,2,8.0,6,74281,M,,,74
201400034663,14,5,18,910,1,2,1,1.0,5,74281,M,,,74
201400034664,14,5,19,1900,1,2,1,1.0,3,74281,M,,,74
201400034665,14,5,22,2145,5,2,2,3.0,3,74218,M,,,74
201400034666,14,5,26,1710,1,2,6,1.0,3,74281,M,4635784.0,645133.0,74
201400034667,14,5,21,1920,1,2,1,1.0,3,74281,M,,,74
201400034668,14,5,18,845,1,2,1,1.0,1,74218,M,,,74
201400034669,14,6,1,1320,1,2,1,1.0,1,74172,M,,,74
201400034670,14,5,28,1640,1,2,1,1.0,6,74119,M,,,74
201400034671,14,6,10,1305,1,2,1,1.0,6,74281,M,,,74
201400034672,14,6,30,1700,1,1,2,7.0,3,74119,M,,,74
201400034673,14,6,29,1825,1,2,1,1.0,3,74281,M,,,74
201400034674,14,7,4,1840,1,1,1,3.0,2,74281,M,,,74
201400034675,14,7,11,1720,1,2,3,1.0,6,74281,M,,,74
201400034676,14,7,17,1225,1,2,1,1.0,2,74281,M,,,74
201400034677,14,7,23,2100,2,1,1,1.0,7,74281,M,,,74
201400034678,14,7,4,1840,1,2,1,2.0,6,74013,M,,,74
201400034679,14,9,10,1420,1,1,1,1.0,6,74281,M,,,74
201400034680,14,10,15,540,5,2,1,2.0,3,74119,M,,,74
201400034681,14,10,17,1835,1,2,1,1.0,3,74119,M,,,74
201400034682,14,10,30,1825,5,2,2,1.0,3,74281,M,,,74
201400034683,14,11,1,236,5,2,1,1.0,1,74218,M,,,74
201400034684,14,12,16,1955,5,2,1,1.0,7,74200,M,,,74
201400034685,14,12,23,950,1,2,3,7.0,3,74281,M,,,74
201400034686,14,2,7,730,5,2,1,3.0,6,76476,M,4948816.0,56804.0,76
201400034687,14,3,4,1110,1,2,3,1.0,3,76329,M,4955060.0,49110.0,76
201400034688,14,6,5,1735,1,1,3,1.0,3,76384,M,4950141.0,53322.0,76
201400034689,14,9,13,1215,1,1,1,1.0,7,76384,M,4952416.0,52698.0,76
201400034690,14,10,19,1850,1,2,1,1.0,6,76114,M,4956520.0,46287.0,76
201400034691,14,1,4,100,5,2,1,1.0,6,76217,M,4992637.0,108696.0,76
201400034692,14,1,10,1040,1,1,3,1.0,2,76545,M,4990151.0,111889.0,76
201400034693,14,1,14,1025,1,1,1,7.0,2,76545,M,4990720.0,110435.0,76
201400034694,14,1,18,950,1,2,6,1.0,3,76026,M,4988172.0,112622.0,76
201400034695,14,1,21,930,1,1,2,1.0,3,76565,M,4989578.0,107429.0,76
201400034696,14,2,3,1035,1,2,2,1.0,6,76217,M,4992463.0,107519.0,76
201400034697,14,2,7,1910,5,2,3,1.0,6,76026,M,4988058.0,113001.0,76
201400034698,14,2,12,1005,1,2,2,1.0,6,76217,M,4992021.0,107700.0,76
201400034699,14,2,19,1530,1,2,2,1.0,3,76217,M,4991527.0,109412.0,76
201400034700,14,2,21,2010,3,1,1,1.0,6,76414,M,4989634.0,114004.0,76
201400034701,14,3,6,2230,5,2,1,1.0,6,76217,M,4990834.0,108016.0,76
201400034702,14,3,8,1945,3,1,1,1.0,6,76217,M,4990825.0,105670.0,76
201400034703,14,3,9,1455,1,1,2,1.0,3,76217,M,4993147.0,111199.0,76
201400034704,14,3,17,1805,1,1,1,1.0,5,76565,M,4988682.0,108612.0,76
201400034705,14,3,27,2100,5,1,1,1.0,6,76545,M,4990266.0,111677.0,76
201400034706,14,3,28,1355,1,2,1,1.0,6,76217,M,4991327.0,107187.0,76
201400034707,14,4,5,340,5,2,1,1.0,6,76545,M,4989264.0,111632.0,76
201400034708,14,4,9,1005,1,2,2,1.0,3,76217,M,4991466.0,106443.0,76
201400034709,14,4,10,1550,1,2,1,1.0,6,76217,M,4992293.0,107654.0,76
201400034710,14,4,25,1340,1,1,1,8.0,4,76324,M,4993162.0,114376.0,76
201400034711,14,6,7,1315,1,2,1,1.0,7,76217,M,4992878.0,107916.0,76
201400034712,14,6,14,1655,1,2,3,1.0,3,76026,M,4988671.0,112243.0,76
201400034713,14,6,15,1220,1,1,1,1.0,4,76707,M,4987182.0,110126.0,76
201400034714,14,6,19,2229,2,2,3,1.0,3,76217,M,4992452.0,109064.0,76
201400034715,14,6,20,1200,1,2,3,1.0,3,76217,M,4992948.0,108421.0,76
201400034716,14,6,26,1115,1,1,1,1.0,2,76217,M,4991098.0,108467.0,76
201400034717,14,6,29,1530,1,2,1,1.0,1,76565,M,4988934.0,106809.0,76
201400034718,14,7,4,1255,1,2,1,1.0,7,76217,M,4992732.0,109665.0,76
201400034719,14,7,16,145,3,1,1,1.0,6,76217,M,4992042.0,105118.0,76
201400034720,14,7,22,2145,1,2,1,1.0,6,76565,M,4988280.0,106786.0,76
201400034721,14,7,24,1500,1,1,1,1.0,7,76565,M,4987142.0,108389.0,76
201400034722,14,8,2,1900,1,2,1,1.0,3,76565,M,4987427.0,106889.0,76
201400034723,14,8,3,145,5,2,6,5.0,3,76217,M,4991130.0,107573.0,76
201400034724,14,8,3,1620,1,2,5,1.0,3,76217,M,4992275.0,107319.0,76
201400034725,14,8,7,1655,1,1,1,1.0,3,76565,M,4988682.0,108612.0,76
201400034726,14,8,8,1915,1,2,1,1.0,6,76217,M,4992891.0,110164.0,76
201400034727,14,8,10,1750,1,2,1,1.0,3,76217,M,4992921.0,110249.0,76
201400034728,14,8,10,1720,1,2,1,1.0,2,76217,M,4992697.0,108293.0,76
201400034729,14,8,30,1515,1,2,1,2.0,3,76565,M,4986700.0,107107.0,76
201400034730,14,9,7,1840,1,1,2,1.0,3,76565,M,4988272.0,109026.0,76
201400034731,14,10,4,1120,1,1,2,1.0,3,76217,M,4993146.0,111198.0,76
201400034732,14,10,7,1815,1,2,1,1.0,6,76217,M,4992201.0,107684.0,76
201400034733,14,10,18,1659,1,2,1,1.0,6,76217,M,4992197.0,108025.0,76
201400034734,14,11,1,540,5,2,1,1.0,6,76217,M,4990908.0,106391.0,76