Num_Acc,an,mois,jour,hrmn,lum,agg,int,atm,col,com,gps,lat,long,dep
201400034735,14,11,2,1200,1,1,3,1.0,6,76349,M,4989242.0,104000.0,76
201400034736,14,11,14,2000,5,2,3,1.0,2,76217,M,4992462.0,108085.0,76
201400034737,14,11,15,450,5,2,1,8.0,6,76565,M,4989979.0,107577.0,76
201400034738,14,11,24,915,1,1,2,1.0,3,76707,M,4986236.0,111086.0,76
201400034739,14,11,25,1739,4,2,1,1.0,2,76565,M,4989992.0,107730.0,76
201400034740,14,11,26,905,1,2,3,8.0,6,76217,M,4992729.0,108591.0,76
201400034741,14,12,9,1155,1,1,3,1.0,1,76137,M,4993580.0,116468.0,76
201400034742,14,12,9,1745,3,2,1,1.0,6,76217,M,4992645.0,108046.0,76
201400034743,14,12,15,1720,5,2,1,2.0,3,76217,M,4992656.0,109614.0,76
201400034744,14,12,19,800,2,2,3,2.0,3,76217,M,4992719.0,108458.0,76
201400034745,14,12,21,840,2,1,1,1.0,6,76565,M,4987818.0,109487.0,76
201400034746,14,2,13,2140,5,2,2,1.0,3,76231,M,4929014.0,100280.0,76
201400034747,14,4,4,840,1,1,1,1.0,1,76640,M,4926176.0,106035.0,76
201400034748,14,4,5,1750,1,1,4,9.0,3,76486,M,4932174.0,99545.0,76
201400034749,14,4,9,1140,1,2,2,1.0,3,76640,M,4927702.0,103222.0,76
201400034750,14,8,12,750,1,1,1,1.0,6,76705,M,4933407.0,109849.0,76
201400034751,14,11,10,1830,5,2,1,1.0,3,76231,M,4928997.0,100961.0,76
201400034752,14,11,12,845,1,2,3,1.0,6,76178,M,4930834.0,103582.0,76
201400034753,14,11,14,2100,5,2,1,1.0,1,76231,M,4929144.0,99824.0,76
201400034754,14,11,1,1810,2,1,1,1.0,5,76231,M,4927609.0,99697.0,76
201400034755,14,11,16,1205,1,2,3,1.0,6,76640,M,4927705.0,104560.0,76
201400034756,14,11,26,1115,1,1,1,8.0,3,76231,M,4928612.0,97000.0,76
201400034757,14,12,9,1710,3,2,1,2.0,1,76231,M,4928651.0,96874.0,76
201400034758,14,12,18,802,2,2,3,2.0,6,76231,M,4929094.0,100710.0,76
201400034759,14,1,7,1835,5,2,3,1.0,6,76259,M,4976055.0,36655.0,76
201400034760,14,2,12,1645,1,2,4,3.0,6,76259,M,4975228.0,39469.0,76
201400034761,14,6,8,1110,1,2,2,1.0,3,76259,M,4975857.0,36456.0,76
201400034762,14,7,14,1400,1,2,2,1.0,3,76259,M,4975422.0,37302.0,76
201400034763,14,8,16,1000,1,2,1,1.0,3,76259,M,4974923.0,40327.0,76
201400034764,14,8,31,20,5,2,4,1.0,2,76259,M,4976209.0,38130.0,76
201400034765,14,9,28,335,5,2,2,1.0,6,76259,M,4975276.0,39630.0,76
201400034766,14,10,13,818,1,1,1,2.0,1,76259,M,4974952.0,42904.0,76
201400034767,14,11,5,1720,1,2,1,8.0,6,76259,M,4975816.0,36781.0,76
201400034768,14,11,15,1102,1,2,4,1.0,6,76259,M,4975773.0,36368.0,76
201400034769,14,1,1,120,5,2,1,1.0,6,76351,M,4950311.0,18054.0,76
201400034770,14,1,1,500,5,2,3,1.0,3,76351,M,4948964.0,14250.0,76
201400034771,14,1,3,1420,1,2,3,1.0,6,76351,M,4952358.0,10433.0,76
201400034772,14,1,5,905,1,2,1,1.0,6,76351,M,4950186.0,18534.0,76
201400034773,14,1,7,2230,5,2,3,2.0,7,76351,M,4949219.0,11182.0,76
201400034774,14,1,8,2245,5,2,3,2.0,6,76351,M,4951558.0,11275.0,76
201400034775,14,1,9,840,1,2,1,1.0,6,76447,M,4954330.0,18948.0,76
201400034776,14,1,9,1750,5,2,3,1.0,6,76351,M,4949230.0,10887.0,76
201400034777,14,1,10,430,5,2,6,2.0,6,76351,M,4948559.0,13668.0,76
201400034778,14,1,10,1115,1,2,1,1.0,2,76351,M,4949119.0,14080.0,76
201400034779,14,1,11,430,5,2,2,2.0,7,76351,M,4949180.0,11787.0,76
201400034780,14,1,11,1615,1,2,2,1.0,6,76351,M,4950708.0,14612.0,76
201400034781,14,1,11,1810,2,2,1,1.0,6,76351,M,4950578.0,12619.0,76
201400034782,14,1,14,1145,1,2,2,1.0,6,76351,M,4951541.0,10533.0,76
201400034783,14,1,15,25,3,1,1,2.0,6,76351,M,4947693.0,17498.0,76
201400034784,14,1,15,1655,1,2,3,1.0,3,76351,M,4949570.0,13142.0,76
201400034785,14,1,16,1220,1,2,2,1.0,6,76351,M,4951845.0,11660.0,76
201400034786,14,1,17,815,1,2,1,1.0,6,76351,M,4950247.0,16961.0,76
201400034787,14,1,17,1155,1,2,3,1.0,7,76351,M,4948875.0,10088.0,76
201400034788,14,1,17,2015,5,2,2,1.0,6,76351,M,4950925.0,15845.0,76
201400034789,14,1,20,2220,5,2,2,1.0,3,76351,M,4951854.0,11261.0,76
201400034790,14,1,26,145,5,2,3,1.0,7,76351,M,4950904.0,13524.0,76
201400034791,14,1,29,1030,1,2,1,2.0,6,76351,M,4948579.0,13852.0,76
201400034792,14,1,29,1715,1,1,1,1.0,6,76351,M,4950242.0,18957.0,76
201400034793,14,1,29,1815,5,2,1,1.0,5,76351,M,4950258.0,18909.0,76
201400034794,14,1,30,1250,1,2,3,1.0,3,76351,M,4948321.0,15257.0,76
201400034795,14,2,4,1500,1,2,1,1.0,6,76351,M,4949235.0,12548.0,76
201400034796,14,2,6,2130,5,2,2,1.0,6,76351,M,4949114.0,10528.0,76
201400034797,14,2,7,1015,1,2,2,1.0,3,76351,M,4950037.0,16682.0,76
201400034798,14,2,7,1830,3,1,1,1.0,6,76296,M,4951825.0,25042.0,76
201400034799,14,2,11,1325,1,2,3,1.0,6,76351,M,4948569.0,13162.0,76
201400034800,14,2,12,2100,5,1,1,2.0,6,76341,M,4950264.0,19467.0,76
201400034801,14,2,16,1300,1,2,5,1.0,7,76447,M,4954545.0,19036.0,76
201400034802,14,2,18,1905,5,2,2,1.0,6,76351,M,4949402.0,11168.0,76
201400034803,14,2,18,2350,5,2,1,1.0,6,76351,M,4949341.0,13554.0,76
201400034804,14,2,19,1710,1,2,1,1.0,6,76351,M,4949014.0,12654.0,76
201400034805,14,2,20,1910,2,2,3,1.0,3,76351,M,4948529.0,12713.0,76
201400034806,14,2,21,2035,5,2,2,1.0,3,76351,M,4949249.0,14845.0,76
201400034807,14,2,21,2125,5,2,2,1.0,3,76351,M,4950243.0,17268.0,76
201400034808,14,2,25,720,2,2,3,3.0,3,76351,M,4949556.0,9774.0,76
201400034809,14,2,27,2015,3,1,1,1.0,2,76447,M,4952521.0,18751.0,76
201400034810,14,2,28,1700,1,2,3,1.0,3,76351,M,4948929.0,14909.0,76
201400034811,14,2,28,1820,1,2,2,2.0,3,76351,M,4950738.0,15333.0,76
201400034812,14,3,1,1750,1,2,1,1.0,1,76351,M,4950272.0,17542.0,76
201400034813,14,3,2,1210,1,2,6,1.0,2,76305,M,4950550.0,23356.0,76
201400034814,14,3,2,1520,1,1,1,1.0,3,76481,M,4955615.0,12383.0,76
201400034815,14,3,5,826,1,2,3,1.0,3,76351,M,4950795.0,12812.0,76
201400034816,14,3,7,945,1,2,3,1.0,3,76351,M,4950003.0,13071.0,76
201400034817,14,3,7,1445,1,2,2,1.0,6,76351,M,4949198.0,12453.0,76
201400034818,14,3,8,1410,1,1,1,1.0,3,76481,M,4953117.0,10352.0,76
201400034819,14,3,9,1600,1,2,3,1.0,6,76351,M,4951119.0,9476.0,76
201400034820,14,3,10,755,1,2,3,1.0,3,76481,M,4954605.0,11928.0,76
201400034821,14,3,10,1355,1,1,1,1.0,3,76305,M,4945791.0,20890.0,76
201400034822,14,3,12,912,1,2,2,1.0,7,76351,M,4951394.0,12985.0,76
201400034823,14,3,13,945,1,2,2,1.0,3,76351,M,4949589.0,12685.0,76
201400034824,14,3,15,2330,5,2,3,1.0,6,76351,M,4950046.0,13847.0,76
201400034825,14,3,16,1835,1,1,1,1.0,7,76351,M,4952953.0,10326.0,76
201400034826,14,3,18,150,5,2,3,1.0,6,76351,M,4950141.0,17465.0,76
201400034827,14,3,18,1440,1,2,3,1.0,6,76351,M,4947893.0,15728.0,76
201400034828,14,3,19,1930,5,2,3,1.0,3,76351,M,4951059.0,18244.0,76
201400034829,14,3,20,1500,1,1,1,1.0,2,76447,M,4954085.0,21415.0,76
201400034830,14,3,20,1625,1,2,1,1.0,6,76351,M,4951028.0,13125.0,76
201400034831,14,3,21,1200,1,2,3,1.0,3,76351,M,4948756.0,13525.0,76
201400034832,14,3,24,2120,3,1,1,1.0,6,76351,M,4952455.0,17822.0,76
201400034833,14,3,25,1810,1,1,6,2.0,3,76351,M,4950342.0,19227.0,76
201400034834,14,3,25,2150,5,2,2,2.0,3,76351,M,4951110.0,12873.0,76
201400034835,14,3,26,742,1,2,1,2.0,6,76351,M,4950977.0,13733.0,76
201400034836,14,3,26,2150,5,2,2,1.0,3,76351,M,4947702.0,14136.0,76
201400034837,14,3,31,830,1,2,3,2.0,3,76351,M,4951623.0,12000.0,76
201400034838,14,3,31,1635,1,2,2,1.0,6,76351,M,4952256.0,8852.0,76
201400034839,14,3,31,2040,2,2,3,1.0,6,76351,M,4949378.0,10096.0,76
201400034840,14,4,1,835,1,2,2,1.0,6,76351,M,4950237.0,16301.0,76
201400034841,14,4,4,1500,1,2,2,1.0,7,76351,M,4951096.0,9914.0,76
201400034842,14,4,5,2010,5,2,1,1.0,6,76351,M,4949840.0,11743.0,76
201400034843,14,4,7,2340,5,2,2,2.0,5,76351,M,4949531.0,10099.0,76
201400034844,14,4,8,1950,1,1,2,1.0,7,76351,M,4952252.0,8849.0,76
201400034845,14,4,9,2300,5,2,2,1.0,6,76351,M,4948752.0,10945.0,76
201400034846,14,4,10,1230,1,2,3,1.0,3,76351,M,4948964.0,9772.0,76
201400034847,14,4,12,1605,1,2,3,1.0,7,76351,M,4950044.0,16642.0,76
201400034848,14,4,13,710,2,2,1,1.0,2,76351,M,4949157.0,12668.0,76
201400034849,14,4,14,1410,1,2,3,1.0,3,76351,M,4950015.0,10420.0,76
201400034850,14,4,14,1420,1,2,3,1.0,5,76351,M,4952706.0,13003.0,76
201400034851,14,4,16,1840,1,2,1,1.0,6,76351,M,4949659.0,9327.0,76
201400034852,14,4,17,1810,1,2,1,2.0,1,76481,M,4954590.0,10857.0,76
201400034853,14,4,18,1805,1,2,2,1.0,5,76351,M,4950095.0,14541.0,76
201400034854,14,4,23,1920,1,2,3,2.0,7,76447,M,4954574.0,19424.0,76
201400034855,14,4,24,220,5,2,1,1.0,7,76351,M,4949381.0,13702.0,76
201400034856,14,4,25,1638,1,2,1,1.0,6,76351,M,4949037.0,12759.0,76
201400034857,14,4,26,2030,5,2,1,1.0,4,76447,M,4954318.0,18199.0,76
201400034858,14,4,27,1735,1,2,1,2.0,7,76351,M,4949141.0,12569.0,76
201400034859,14,4,27,2130,1,2,1,2.0,6,76351,M,4949597.0,14594.0,76
201400034860,14,5,3,1440,1,2,6,1.0,4,76447,M,,,76
201400034861,14,5,3,1650,1,2,3,1.0,6,76351,M,4949819.0,11298.0,76
201400034862,14,5,7,1550,1,2,1,1.0,6,76351,M,4952083.0,7499.0,76
201400034863,14,5,7,2205,5,2,1,1.0,7,76351,M,4947816.0,13201.0,76
201400034864,14,5,8,1618,1,2,1,2.0,7,76351,M,4949236.0,10681.0,76
201400034865,14,5,9,2000,1,2,2,1.0,3,76351,M,4950001.0,12995.0,76
201400034866,14,5,10,1430,1,1,4,1.0,6,76341,M,4950222.0,19408.0,76
201400034867,14,5,11,1650,1,2,1,1.0,3,76351,M,4949692.0,13144.0,76
201400034868,14,5,12,1410,1,2,4,1.0,6,76305,M,4950772.0,23183.0,76
201400034869,14,5,13,750,1,2,1,2.0,3,76351,M,4949020.0,15828.0,76
201400034870,14,5,15,940,1,1,3,1.0,3,76447,M,4954773.0,20833.0,76
201400034871,14,5,15,1300,1,2,2,1.0,2,76351,M,4951342.0,16956.0,76
201400034872,14,5,17,1340,1,2,5,1.0,3,76351,M,4950897.0,10830.0,76
201400034873,14,5,19,1355,1,2,1,1.0,6,76351,M,4949184.0,12519.0,76
201400034874,14,5,20,1925,1,2,1,1.0,6,76351,M,4952294.0,11350.0,76
201400034875,14,5,25,1100,1,2,1,1.0,6,76351,M,4950922.0,13433.0,76
201400034876,14,5,26,1030,1,2,2,1.0,6,76351,M,4952139.0,16039.0,76
201400034877,14,5,26,1700,1,2,2,1.0,6,76351,M,4949556.0,9440.0,76
201400034878,14,5,27,1150,1,2,1,1.0,7,76351,M,4949468.0,12071.0,76
201400034879,14,5,30,1015,1,2,1,1.0,6,76447,M,4954700.0,18090.0,76
201400034880,14,5,31,1515,1,2,3,1.0,2,76351,M,4951352.0,16006.0,76
201400034881,14,6,1,2250,5,2,1,1.0,7,76351,M,4949873.0,15103.0,76
201400034882,14,6,4,2320,5,1,1,1.0,7,76305,M,4945791.0,20931.0,76
201400034883,14,6,6,1815,1,2,1,1.0,6,76552,M,4950243.0,8617.0,76
201400034884,14,6,8,320,5,2,2,1.0,3,76351,M,4949487.0,11124.0,76
201400034885,14,6,8,1810,1,2,1,1.0,7,76481,M,4954386.0,12173.0,76
201400034886,14,6,10,1430,1,2,1,1.0,6,76351,M,4949464.0,12051.0,76
201400034887,14,6,11,1740,1,2,1,1.0,6,76351,M,4950327.0,17855.0,76
201400034888,14,6,11,1810,1,2,1,1.0,5,76351,M,4949853.0,15736.0,76
201400034889,14,6,14,1825,1,2,1,1.0,2,76351,M,4949764.0,13131.0,76
201400034890,14,6,17,1933,1,2,2,1.0,3,76351,M,4949771.0,13742.0,76
201400034891,14,6,18,1000,1,2,1,1.0,7,76351,M,4949088.0,15998.0,76
201400034892,14,6,19,1605,1,2,3,1.0,3,76351,M,4949603.0,14681.0,76
201400034893,14,6,24,1100,1,2,1,1.0,6,76351,M,4951651.0,11872.0,76
201400034894,14,6,24,1505,1,2,9,1.0,6,76351,M,4949422.0,10942.0,76
201400034895,14,6,24,2210,5,2,2,1.0,3,76351,M,4950141.0,15000.0,76
201400034896,14,6,26,45,5,1,1,1.0,7,76341,M,4951171.0,19659.0,76
201400034897,14,6,26,1200,1,2,3,8.0,7,76351,M,4949899.0,11996.0,76
201400034898,14,6,28,1420,1,2,1,1.0,3,76351,M,4950714.0,12222.0,76
201400034899,14,6,28,2020,1,2,4,1.0,7,76351,M,4951052.0,13751.0,76
201400034900,14,6,29,1010,1,2,3,3.0,3,76351,M,4950242.0,17470.0,76
201400034901,14,6,30,1100,1,1,4,1.0,6,76351,M,4946882.0,18075.0,76
201400034902,14,7,1,1750,1,2,1,1.0,7,76351,M,4950181.0,17637.0,76
201400034903,14,7,2,25,5,2,2,1.0,6,76351,M,4949946.0,12060.0,76
201400034904,14,7,3,1800,1,2,3,1.0,3,76351,M,4950709.0,17929.0,76
201400034905,14,7,3,2255,5,2,3,1.0,3,76351,M,4951711.0,9147.0,76
201400034906,14,7,6,1810,1,1,1,1.0,6,76305,M,4948646.0,21124.0,76
201400034907,14,7,10,1235,1,2,1,1.0,6,76351,M,4949567.0,9659.0,76
201400034908,14,7,12,110,5,2,1,1.0,7,76481,M,4955620.0,12268.0,76
201400034909,14,7,13,1935,1,2,1,1.0,6,76351,M,4949630.0,10834.0,76
201400034910,14,7,17,30,5,1,1,1.0,6,76351,M,4953198.0,9746.0,76
201400034911,14,7,17,1415,1,2,1,1.0,2,76351,M,4949016.0,15804.0,76
201400034912,14,7,20,450,5,2,1,1.0,6,76351,M,4949546.0,9911.0,76
201400034913,14,7,22,1515,1,2,2,1.0,3,76351,M,4948982.0,11943.0,76
201400034914,14,7,22,2250,5,2,1,1.0,1,76552,M,4951445.0,8690.0,76
201400034915,14,7,26,2342,5,2,2,1.0,3,76351,M,4948954.0,11647.0,76
201400034916,14,7,30,2000,1,2,4,1.0,2,76351,M,4950463.0,17748.0,76
201400034917,14,7,31,820,1,2,1,1.0,6,76351,M,4949952.0,16481.0,76
201400034918,14,8,1,1420,1,2,2,1.0,6,76305,M,4952351.0,22374.0,76
201400034919,14,8,1,1750,1,2,4,1.0,3,76351,M,4949579.0,13017.0,76
201400034920,14,8,2,155,5,2,1,1.0,6,76351,M,4950243.0,17154.0,76
201400034921,14,8,2,2350,5,2,1,1.0,6,76341,M,4951353.0,18610.0,76
201400034922,14,8,7,1345,1,1,1,1.0,7,76447,M,4952351.0,19553.0,76
201400034923,14,8,13,1915,1,2,2,1.0,3,76341,M,4951081.0,18823.0,76
201400034924,14,8,15,1620,1,2,1,1.0,6,76447,M,4952950.0,18942.0,76
201400034925,14,8,15,1610,1,2,2,1.0,3,76351,M,4948732.0,10738.0,76
201400034926,14,8,20,1930,1,2,2,1.0,6,76351,M,4949668.0,13444.0,76
201400034927,14,8,23,550,2,2,1,1.0,3,76351,M,4949088.0,12957.0,76
201400034928,14,8,25,50,5,2,6,2.0,2,76351,M,4949392.0,14782.0,76
201400034929,14,8,28,1400,1,2,1,1.0,2,76351,M,4949350.0,11200.0,76
201400034930,14,8,29,1550,1,2,3,1.0,2,76351,M,4949998.0,12774.0,76
201400034931,14,8,30,715,1,2,1,1.0,6,76351,M,4951942.0,10830.0,76
201400034932,14,9,2,1540,1,2,1,1.0,6,76351,M,4948700.0,14546.0,76
201400034933,14,9,9,2010,2,2,2,1.0,3,76351,M,4950225.0,16047.0,76
201400034934,14,9,10,1845,1,2,4,1.0,5,76552,M,4950532.0,8530.0,76
201400034935,14,9,11,1350,1,2,1,1.0,3,76351,M,4949185.0,13280.0,76
201400034936,14,9,12,740,1,2,6,1.0,7,76447,M,4953423.0,18497.0,76
201400034937,14,9,12,1335,1,2,3,1.0,2,76351,M,4949838.0,14888.0,76
201400034938,14,9,15,1135,1,2,3,1.0,6,76351,M,4949733.0,16344.0,76
201400034939,14,9,18,816,1,2,1,1.0,6,76351,M,4951079.0,10168.0,76
201400034940,14,9,19,957,1,2,2,1.0,6,76351,M,4949993.0,12993.0,76
201400034941,14,9,24,1730,1,2,1,1.0,3,76351,M,4949474.0,17593.0,76
201400034942,14,9,26,1335,1,2,2,1.0,6,76351,M,4949172.0,9924.0,76
201400034943,14,9,27,1620,1,2,3,1.0,6,76351,M,4950772.0,13292.0,76
201400034944,14,9,30,1750,1,2,6,1.0,3,76351,M,4948697.0,11453.0,76
201400034945,14,10,1,2345,5,2,1,1.0,7,76351,M,4949091.0,16043.0,76
201400034946,14,10,2,1040,1,2,1,1.0,3,76351,M,,,76
201400034947,14,10,3,1135,1,2,4,1.0,6,76351,M,4951188.0,10720.0,76
201400034948,14,10,3,1835,1,2,2,1.0,7,76351,M,4947703.0,14162.0,76
201400034949,14,10,4,515,5,2,1,1.0,6,76351,M,4951532.0,11368.0,76
201400034950,14,10,7,809,1,2,2,1.0,7,76351,M,4952408.0,12292.0,76
201400034951,14,10,7,826,1,2,6,8.0,6,76341,M,4951151.0,19944.0,76
201400034952,14,10,7,1740,1,2,2,1.0,3,76351,M,4951332.0,16946.0,76
201400034953,14,10,8,800,5,2,3,2.0,6,76351,M,4952701.0,12996.0,76
201400034954,14,10,9,243,5,2,1,1.0,6,76305,M,4949715.0,23457.0,76
201400034955,14,10,10,400,5,1,1,1.0,6,76341,M,4951062.0,19816.0,76
201400034956,14,10,10,1730,1,2,1,1.0,6,76351,M,4949218.0,9600.0,76
201400034957,14,10,14,1710,1,2,3,1.0,3,76341,M,4951376.0,19475.0,76
201400034958,14,10,15,725,2,2,1,1.0,5,76351,M,4949609.0,17961.0,76
201400034959,14,10,15,1240,1,2,1,2.0,4,76351,M,4950813.0,12802.0,76
201400034960,14,10,16,815,1,2,1,1.0,7,76351,M,4949010.0,15777.0,76
201400034961,14,10,16,1005,1,2,1,1.0,6,76351,M,4951331.0,10083.0,76
201400034962,14,10,18,115,3,1,1,1.0,7,76351,M,4952448.0,17435.0,76
201400034963,14,10,19,1140,1,2,1,1.0,7,76341,M,4951687.0,20113.0,76
201400034964,14,10,19,1550,1,2,3,1.0,6,76351,M,4951557.0,17270.0,76
201400034965,14,10,19,2010,5,2,3,1.0,3,76351,M,4952415.0,12843.0,76
201400034966,14,10,22,1000,1,2,2,1.0,3,76351,M,4949299.0,11438.0,76
201400034967,14,10,22,1340,1,2,1,1.0,6,76447,M,4954313.0,19165.0,76
201400034968,14,10,22,1707,1,2,3,1.0,6,76351,M,4949735.0,16342.0,76
201400034969,14,10,27,1755,2,2,3,1.0,3,76296,M,4951799.0,25696.0,76
201400034970,14,10,27,1920,5,2,2,1.0,3,76351,M,4949898.0,14324.0,76
201400034971,14,10,28,1755,2,2,1,1.0,3,76351,M,4952876.0,9349.0,76
201400034972,14,10,30,1320,1,2,1,1.0,6,76351,M,4952670.0,11630.0,76
201400034973,14,11,1,1200,1,2,1,1.0,7,76552,M,4951439.0,8690.0,76
201400034974,14,11,2,2000,5,2,1,3.0,3,76341,M,4950488.0,19957.0,76
201400034975,14,11,1,2125,5,2,1,1.0,6,76351,M,4949238.0,11705.0,76
201400034976,14,11,4,1215,1,2,3,1.0,3,76552,M,4950214.0,8922.0,76
201400034977,14,11,4,1740,2,2,6,1.0,6,76447,M,4953463.0,17836.0,76
201400034978,14,11,6,800,1,2,1,2.0,7,76351,M,4950991.0,10938.0,76
201400034979,14,11,5,2100,5,2,1,1.0,6,76351,M,4950016.0,13377.0,76
201400034980,14,11,6,2030,3,1,1,1.0,6,76305,M,4949571.0,19560.0,76
201400034981,14,11,7,1805,5,2,1,1.0,7,76341,M,4950831.0,20138.0,76
201400034982,14,11,8,210,5,2,6,1.0,6,76351,M,4949142.0,13305.0,76
201400034983,14,11,15,1659,1,2,3,1.0,6,76351,M,4951718.0,9763.0,76
201400034984,14,11,9,1815,3,1,1,1.0,1,76447,M,4953905.0,16804.0,76
201400034985,14,11,9,1920,5,2,2,1.0,6,76296,M,4951840.0,26385.0,76
201400034986,14,11,10,1810,5,2,1,1.0,6,76351,M,4949785.0,13956.0,76
201400034987,14,11,10,2250,5,2,1,1.0,1,76552,M,4950183.0,8930.0,76
201400034988,14,11,12,1250,1,2,2,1.0,6,76351,M,4949119.0,10334.0,76
201400034989,14,11,13,1300,1,2,3,1.0,3,76351,M,4951535.0,12166.0,76
201400034990,14,11,14,1545,1,2,2,1.0,6,76351,M,4949724.0,9789.0,76
201400034991,14,11,17,735,2,2,4,2.0,6,76351,M,4950138.0,19141.0,76
201400034992,14,11,18,835,1,2,1,1.0,6,76351,M,4949295.0,14969.0,76
201400034993,14,11,19,1800,5,2,3,1.0,6,76351,M,4949531.0,10345.0,76
201400034994,14,11,21,1500,1,2,3,1.0,3,76351,M,4948967.0,14247.0,76
201400034995,14,11,25,720,2,2,2,2.0,6,76351,M,4952102.0,16000.0,76
201400034996,14,11,25,1205,1,1,1,2.0,3,76305,M,4945569.0,23526.0,76
201400034997,14,11,26,1845,5,2,3,1.0,6,76552,M,4951150.0,8440.0,76
201400034998,14,11,26,1915,2,2,1,1.0,2,76481,M,4953433.0,10430.0,76
201400034999,14,11,26,2037,5,2,1,1.0,1,76351,M,4950672.0,11976.0,76
201400035000,14,11,27,22,5,2,2,1.0,3,76351,M,4949587.0,11908.0,76
201400035001,14,12,2,1505,1,2,2,1.0,3,76351,M,4948780.0,10179.0,76
201400035002,14,12,3,1750,5,2,2,1.0,3,76351,M,4950961.0,12765.0,76
201400035003,14,12,4,2205,5,2,3,1.0,3,76351,M,4948528.0,12817.0,76
201400035004,14,12,5,450,5,1,1,1.0,6,76351,M,4952439.0,16225.0,76
201400035005,14,12,5,1655,2,2,1,1.0,4,76351,M,4950425.0,14528.0,76
201400035006,14,12,6,450,5,1,3,1.0,5,76351,M,4948316.0,16784.0,76
201400035007,14,12,6,2115,5,2,1,1.0,7,76305,M,4950189.0,22189.0,76
201400035008,14,12,7,1530,1,1,1,2.0,6,76351,M,4952006.0,19097.0,76
201400035009,14,12,9,1740,2,2,2,1.0,3,76351,M,4950847.0,17326.0,76
201400035010,14,12,11,1800,5,1,1,2.0,5,76341,M,4950755.0,19589.0,76
201400035011,14,12,12,1830,5,2,3,1.0,6,76351,M,4952288.0,11354.0,76
201400035012,14,12,13,1035,1,2,3,1.0,6,76351,M,4949004.0,10331.0,76
201400035013,14,12,13,1550,1,2,2,1.0,3,76351,M,4948863.0,10599.0,76
201400035014,14,12,15,1755,5,2,3,1.0,6,76351,M,4949330.0,10940.0,76
201400035015,14,12,15,1850,5,2,2,2.0,3,76351,M,4951970.0,7724.0,76
201400035016,14,12,15,2010,5,1,1,1.0,6,76305,M,4950081.0,23259.0,76
201400035017,14,12,16,1800,5,2,3,9.0,3,76552,M,4950559.0,8704.0,76
201400035018,14,12,17,1900,5,2,2,2.0,6,76351,M,4949852.0,11792.0,76
201400035019,14,12,19,1345,1,2,3,3.0,6,76351,M,4949081.0,14115.0,76
201400035020,14,12,19,1400,1,2,1,2.0,5,76305,M,4950895.0,21412.0,76
201400035021,14,12,19,2110,5,2,2,1.0,3,76351,M,4950724.0,12614.0,76
201400035022,14,12,25,510,5,2,1,1.0,3,76351,M,4950241.0,16479.0,76
201400035023,14,12,26,950,1,1,3,1.0,6,76481,M,4954964.0,11092.0,76
201400035024,14,12,27,5,5,1,1,3.0,6,76305,M,4948669.0,20879.0,76
201400035025,14,12,29,1955,5,2,1,1.0,6,76351,M,4949415.0,9548.0,76
201400035026,14,12,31,1715,1,2,1,1.0,6,76351,M,4952333.0,10958.0,76
201400035027,14,1,1,100,3,1,1,2.0,6,76005,M,4939782.0,114029.0,76
201400035028,14,1,6,1820,5,2,3,2.0,6,76157,M,4946151.0,104257.0,76
201400035029,14,12,27,1950,5,2,6,2.0,3,76497,M,4938701.0,102813.0,76
201400035030,14,10,30,1610,1,1,1,1.0,2,76498,M,4943387.0,106456.0,76
201400035031,14,1,9,750,2,2,1,2.0,6,76498,M,4941885.0,106241.0,76
201400035032,14,1,11,1110,1,2,4,1.0,2,76540,M,4943635.0,110077.0,76
201400035033,14,1,15,515,5,2,2,1.0,3,76216,M,4946897.0,104422.0,76
201400035034,14,1,11,2130,5,2,2,1.0,1,76410,M,4948236.0,104275.0,76
201400035035,14,1,14,1628,1,2,3,1.0,6,76540,M,4943799.0,110570.0,76
201400035036,14,1,11,1615,1,2,2,1.0,3,76474,M,4948055.0,105041.0,76
201400035037,14,1,11,2315,5,2,1,1.0,6,76599,M,4943260.0,115477.0,76
201400035038,14,1,14,205,5,2,6,1.0,6,76540,M,4943966.0,113171.0,76
201400035039,14,1,13,1835,5,2,1,1.0,6,76108,M,4945704.0,110779.0,76
201400035040,14,1,15,240,5,2,2,1.0,3,76540,M,4943255.0,108945.0,76
201400035041,14,1,14,2050,5,2,2,1.0,3,76322,M,4941147.0,104147.0,76
201400035042,14,12,16,1325,1,1,1,1.0,5,76497,M,4936415.0,103850.0,76
201400035043,14,1,17,530,5,2,2,1.0,2,76540,M,4943600.0,109000.0,76