Num_Acc,an,mois,jour,hrmn,lum,agg,int,atm,col,com,gps,lat,long,dep
201400035044,14,1,16,800,5,2,6,2.0,2,76108,M,4948187.0,110935.0,76
201400035045,14,1,16,1710,1,2,3,1.0,3,76681,M,4940513.0,111028.0,76
201400035046,14,1,16,645,2,2,2,1.0,3,76540,M,4943867.0,110778.0,76
201400035047,14,1,20,800,5,2,2,1.0,4,76540,M,4944468.0,109215.0,76
201400035048,14,1,18,720,5,2,3,2.0,2,76540,M,4943639.0,110057.0,76
201400035049,14,1,22,1820,5,2,2,3.0,3,76457,M,4934485.0,93244.0,76
201400035050,14,1,16,810,1,1,1,1.0,2,76108,M,4946848.0,113330.0,76
201400035051,14,1,18,955,1,2,1,1.0,6,76575,M,4939602.0,106255.0,76
201400035052,14,1,23,1310,1,2,3,3.0,7,76540,M,4944597.0,110840.0,76
201400035053,14,1,23,1250,1,2,3,1.0,3,76319,M,4936829.0,101434.0,76
201400035054,14,1,11,755,2,2,2,1.0,3,76540,M,4943460.0,107642.0,76
201400035055,14,1,2,1130,1,1,6,1.0,3,76484,M,4934613.0,107703.0,76
201400035056,14,1,24,815,1,2,2,2.0,3,76540,M,4944013.0,108944.0,76
201400035057,14,1,26,625,5,2,4,1.0,5,76540,M,4943645.0,110040.0,76
201400035058,14,1,25,1540,1,2,1,1.0,5,76540,M,4944580.0,113120.0,76
201400035059,14,1,25,1800,5,2,4,1.0,4,76540,M,4943275.0,110825.0,76
201400035060,14,1,29,745,5,2,2,3.0,6,76540,M,4945161.0,110695.0,76
201400035061,14,1,28,1225,1,2,3,1.0,3,76322,M,4940204.0,106518.0,76
201400035062,14,1,30,845,1,2,5,1.0,4,76681,M,4942140.0,109250.0,76
201400035063,14,2,2,240,5,2,2,1.0,3,76540,M,4943880.0,108009.0,76
201400035064,14,2,5,830,1,2,4,1.0,6,76402,M,4952717.0,104306.0,76
201400035065,14,2,5,1850,5,2,1,2.0,6,76540,M,4944119.0,108436.0,76
201400035066,14,2,5,1030,1,2,2,1.0,3,76540,M,4943652.0,113388.0,76
201400035067,14,2,6,2055,5,2,1,9.0,2,76540,M,4944082.0,113269.0,76
201400035068,14,1,29,815,5,2,1,3.0,6,76540,M,4943041.0,108603.0,76
201400035069,14,2,8,915,1,2,1,2.0,6,76540,M,4943887.0,108905.0,76
201400035070,14,2,7,755,2,2,2,1.0,3,76540,M,4943014.0,109069.0,76
201400035071,14,2,10,1730,1,2,2,1.0,3,76540,M,4946077.0,113569.0,76
201400035072,14,2,24,1410,1,2,2,1.0,2,76157,M,4944074.0,103848.0,76
201400035073,14,2,20,1745,1,2,3,1.0,6,76410,M,4948564.0,104158.0,76
201400035074,14,2,26,1340,1,2,2,2.0,3,76540,M,4942715.0,108357.0,76
201400035075,14,2,19,2025,5,2,6,1.0,6,76322,M,4939912.0,103766.0,76
201400035076,14,2,20,2000,3,1,1,9.0,4,76497,M,,,76
201400035077,14,2,25,715,2,2,2,1.0,6,76540,M,4942960.0,108540.0,76
201400035078,14,2,12,1200,1,2,2,1.0,3,76575,M,4939046.0,109069.0,76
201400035079,14,2,12,710,5,2,3,9.0,6,76575,M,4939715.0,107400.0,76
201400035080,14,2,12,1340,1,2,3,1.0,3,76108,M,4946535.0,111519.0,76
201400035081,14,2,13,2150,5,2,1,1.0,1,76322,M,4939964.0,106351.0,76
201400035082,14,2,14,1710,1,2,2,2.0,3,76498,M,4941672.0,107024.0,76
201400035083,14,2,16,1320,1,2,1,1.0,6,76540,M,4942994.0,108028.0,76
201400035084,14,2,17,710,5,2,1,2.0,6,76410,M,4947868.0,103526.0,76
201400035085,14,2,17,1815,5,2,1,1.0,3,76540,M,4943665.0,107823.0,76
201400035086,14,2,14,820,2,2,3,2.0,3,76681,M,4941570.0,109464.0,76
201400035087,14,2,11,608,5,2,3,2.0,3,76540,M,4943463.0,111784.0,76
201400035088,14,2,14,850,1,2,1,1.0,6,76108,M,4945323.0,110388.0,76
201400035089,14,2,16,1310,1,2,3,1.0,6,76540,M,4943222.0,108451.0,76
201400035090,14,2,17,1330,1,2,1,1.0,6,76575,M,4940016.0,107281.0,76
201400035091,14,2,17,1525,1,2,1,1.0,2,76103,M,4941822.0,113089.0,76
201400035092,14,2,7,1345,1,2,2,2.0,3,76540,M,4944020.0,108946.0,76
201400035093,14,2,12,1320,1,2,1,1.0,4,76322,M,4941534.0,104519.0,76
201400035094,14,2,16,2225,5,2,2,2.0,3,76451,M,4947099.0,107654.0,76
201400035095,14,2,20,600,3,2,1,2.0,6,76108,M,4946157.0,111126.0,76
201400035096,14,2,20,830,2,1,4,2.0,2,76497,M,4937557.0,104720.0,76
201400035097,14,2,28,840,1,2,1,2.0,1,76540,M,4944736.0,106828.0,76
201400035098,14,3,5,1700,1,2,4,1.0,3,76322,M,4941443.0,105077.0,76
201400035099,14,3,4,1000,1,2,3,1.0,2,76540,M,4943500.0,110477.0,76
201400035100,14,2,27,800,2,2,1,1.0,6,76540,M,4942944.0,107353.0,76
201400035101,14,3,7,1915,3,2,1,2.0,4,76497,M,4937680.0,104826.0,76
201400035102,14,3,9,815,1,2,2,1.0,3,76540,M,4944899.0,106690.0,76
201400035103,14,3,9,1800,1,2,6,1.0,3,76108,M,4948301.0,113278.0,76
201400035104,14,3,12,150,5,2,2,1.0,2,76540,M,4942964.0,109287.0,76
201400035105,14,3,12,1215,1,2,2,1.0,2,76540,M,4945071.0,105700.0,76
201400035106,14,3,6,1640,1,2,2,1.0,3,76484,M,4934284.0,109007.0,76
201400035107,14,3,13,1030,1,2,6,1.0,2,76108,M,4947767.0,110062.0,76
201400035108,14,3,9,1550,1,2,3,1.0,2,76540,M,4943587.0,107736.0,76
201400035109,14,3,14,1830,1,1,1,1.0,4,76319,M,4934478.0,101335.0,76
201400035110,14,3,13,1120,1,2,1,1.0,6,76474,M,4948140.0,104938.0,76
201400035111,14,3,16,1900,2,2,2,1.0,3,76498,M,4941392.0,107385.0,76
201400035112,14,3,19,1640,1,2,2,1.0,3,76322,M,4940800.0,104584.0,76
201400035113,14,3,15,1815,2,2,2,1.0,3,76429,M,4941618.0,113370.0,76
201400035114,14,3,22,1300,1,2,3,1.0,3,76599,M,4943588.0,115239.0,76
201400035115,14,3,21,2320,5,2,1,1.0,3,76540,M,4943911.0,108806.0,76
201400035116,14,3,22,2030,5,2,3,1.0,5,76319,M,4936479.0,101198.0,76
201400035117,14,3,4,1145,1,2,1,1.0,3,76497,M,4937240.0,104389.0,76
201400035118,14,3,20,1820,1,2,2,1.0,3,76575,M,4939476.0,107352.0,76
201400035119,14,3,25,940,1,2,4,1.0,6,76540,M,4944627.0,112709.0,76
201400035120,14,3,26,950,1,2,1,1.0,3,76157,M,4945725.0,104418.0,76
201400035121,14,3,24,800,1,2,1,1.0,4,76498,M,4943464.0,106935.0,76
201400035122,14,3,7,720,1,2,1,1.0,3,76540,M,4944234.0,110705.0,76
201400035123,14,3,28,1155,1,2,6,1.0,5,76322,M,4940511.0,104316.0,76
201400035124,14,3,27,815,1,2,1,1.0,6,76681,M,4940593.0,109779.0,76
201400035125,14,3,29,1840,1,2,1,1.0,3,76681,M,4940574.0,109812.0,76
201400035126,14,3,19,640,5,1,1,1.0,3,76319,M,4935488.0,103092.0,76
201400035127,14,4,4,2000,1,1,1,1.0,2,76575,M,4939264.0,111137.0,76
201400035128,14,4,2,1630,1,2,1,1.0,6,76319,M,4935544.0,100806.0,76
201400035129,14,4,9,1520,1,2,1,1.0,6,76498,M,4942756.0,106701.0,76
201400035130,14,4,5,1510,1,1,1,1.0,2,76575,M,4938547.0,110994.0,76
201400035131,14,3,2,2335,5,2,6,2.0,3,76498,M,4941629.0,105468.0,76
201400035132,14,4,13,1815,1,2,2,1.0,3,76575,M,4937492.0,110265.0,76
201400035133,14,4,6,1840,1,2,1,1.0,4,76540,M,4943561.0,109523.0,76
201400035134,14,4,12,1630,1,2,6,1.0,6,76575,M,4938811.0,107226.0,76
201400035135,14,4,15,1815,1,2,1,1.0,2,76540,M,4944010.0,108106.0,76
201400035136,14,4,14,940,1,2,1,1.0,6,76498,M,4942732.0,106527.0,76
201400035137,14,4,17,840,1,2,2,1.0,3,76540,M,4944917.0,104782.0,76
201400035138,14,4,23,940,1,2,1,1.0,7,76540,M,4944167.0,113208.0,76
201400035139,14,4,21,645,1,2,3,1.0,5,76410,M,4947549.0,104822.0,76
201400035140,14,4,20,600,5,2,1,9.0,6,76681,M,4940799.0,107611.0,76
201400035141,14,5,3,1905,1,2,1,1.0,6,76540,M,4944640.0,109321.0,76
201400035142,14,5,5,2115,1,2,3,1.0,4,76540,M,4943791.0,107931.0,76
201400035143,14,5,9,745,1,2,2,9.0,2,76540,M,4944628.0,107117.0,76
201400035144,14,4,25,1725,1,1,1,1.0,1,76484,M,4936195.0,111056.0,76
201400035145,14,5,9,1330,1,2,1,1.0,6,76366,M,4950184.0,104289.0,76
201400035146,14,5,16,1610,1,2,1,1.0,7,76681,M,4940379.0,111101.0,76
201400035147,14,5,17,1,5,2,3,1.0,6,76540,M,4942790.0,108978.0,76
201400035148,14,5,3,2010,1,1,1,1.0,7,76322,M,4941325.0,104268.0,76
201400035149,14,5,24,200,5,2,9,1.0,6,76540,M,4943961.0,109289.0,76
201400035150,14,5,24,330,3,1,6,1.0,6,76005,M,4940852.0,112136.0,76
201400035151,14,5,10,310,3,1,1,1.0,6,76157,M,4946329.0,101959.0,76
201400035152,14,4,15,1945,1,2,3,1.0,3,76457,M,4934266.0,95361.0,76
201400035153,14,4,19,1155,1,2,1,1.0,6,76108,M,4947338.0,111261.0,76
201400035154,14,4,22,840,1,1,1,1.0,3,76319,M,4936413.0,103852.0,76
201400035155,14,4,18,2010,1,2,6,1.0,7,76575,M,4938714.0,108434.0,76
201400035156,14,4,27,1405,1,2,2,1.0,3,76103,M,4942241.0,112589.0,76
201400035157,14,5,9,1402,1,2,3,1.0,3,76540,M,4943513.0,110522.0,76
201400035158,14,5,4,730,1,2,2,1.0,3,76540,M,4943791.0,110211.0,76
201400035159,14,6,5,700,1,1,1,1.0,6,76575,M,4937282.0,111573.0,76
201400035160,14,5,28,1615,1,2,5,2.0,7,76540,M,4944722.0,109376.0,76
201400035161,14,5,22,1535,1,2,2,1.0,6,76540,M,4944389.0,109620.0,76
201400035162,14,6,4,1700,1,2,2,1.0,6,76322,M,4940663.0,104985.0,76
201400035163,14,6,4,1615,1,2,2,2.0,2,76540,M,4942600.0,110548.0,76
201400035164,14,6,5,1915,1,2,1,1.0,2,76497,M,4938508.0,102181.0,76
201400035165,14,5,5,2130,1,2,1,1.0,6,76498,M,4942672.0,106863.0,76
201400035166,14,6,6,1900,1,1,1,1.0,1,76402,M,4952647.0,106961.0,76
201400035167,14,6,8,1840,1,2,6,1.0,2,76451,M,4946904.0,109001.0,76
201400035168,14,6,10,810,1,1,1,1.0,4,76498,M,4942729.0,105608.0,76
201400035169,14,5,28,1210,1,2,1,3.0,7,76540,M,4943876.0,108916.0,76
201400035170,14,6,9,1755,1,2,3,1.0,1,76575,M,4939666.0,107309.0,76
201400035171,14,6,3,1400,1,2,1,1.0,2,76216,M,4945521.0,105605.0,76
201400035172,14,6,10,1430,1,2,1,1.0,6,76575,M,4939420.0,106912.0,76
201400035173,14,5,15,725,1,2,2,1.0,3,76575,M,4938102.0,110745.0,76
201400035174,14,6,12,1715,1,2,1,1.0,7,76540,M,4943676.0,107993.0,76
201400035175,14,6,13,1345,1,2,2,1.0,2,76095,M,4945616.0,110721.0,76
201400035176,14,6,14,1100,1,2,5,1.0,3,76322,M,4941611.0,105394.0,76
201400035177,14,5,28,1800,1,2,1,1.0,6,76540,M,4944283.0,108933.0,76
201400035178,14,5,18,1750,1,2,3,1.0,3,76540,M,4944084.0,108839.0,76
201400035179,14,6,13,1345,1,2,3,1.0,3,76681,M,4939929.0,109975.0,76
201400035180,14,6,20,755,1,2,3,1.0,6,76540,M,4944262.0,107672.0,76
201400035181,14,6,20,1745,1,2,1,1.0,6,76575,M,4939075.0,109696.0,76
201400035182,14,5,14,1950,1,2,2,1.0,3,76451,M,4946097.0,108643.0,76
201400035183,14,6,22,2105,1,1,1,1.0,1,76497,M,4939648.0,103262.0,76
201400035184,14,6,17,815,1,2,6,1.0,6,76103,M,4942412.0,112452.0,76
201400035185,14,6,24,1300,1,2,3,1.0,6,76474,M,4948787.0,104887.0,76
201400035186,14,6,26,1500,1,2,1,1.0,6,76103,M,4941669.0,113120.0,76
201400035187,14,6,27,1540,1,2,1,2.0,1,76103,M,4942647.0,111276.0,76
201400035188,14,6,7,1530,1,2,1,1.0,6,76540,M,4944689.0,106930.0,76
201400035189,14,7,1,1605,1,1,1,1.0,6,76540,M,4945453.0,105240.0,76
201400035190,14,7,2,1845,1,1,1,1.0,4,76681,M,4940011.0,111116.0,76
201400035191,14,7,2,1915,1,2,6,1.0,7,76322,M,4940838.0,103820.0,76
201400035192,14,7,3,732,1,2,1,1.0,6,76540,M,4944700.0,106160.0,76
201400035193,14,6,27,1500,1,2,2,1.0,6,76540,M,4943179.0,107378.0,76
201400035194,14,7,5,145,5,1,1,1.0,7,76157,M,4944788.0,104618.0,76
201400035195,14,7,3,1900,1,2,3,1.0,6,76474,M,4948920.0,104926.0,76
201400035196,14,7,6,2300,5,2,6,1.0,6,76498,M,4942345.0,105422.0,76
201400035197,14,7,11,1500,1,2,1,1.0,6,76540,M,4944203.0,109055.0,76
201400035198,14,7,12,1530,1,1,1,1.0,2,76540,M,4944971.0,105987.0,76
201400035199,14,7,12,1730,1,2,5,1.0,6,76540,M,4944618.0,109504.0,76
201400035200,14,7,4,1645,1,2,1,2.0,6,76484,M,4936205.0,109926.0,76
201400035201,14,7,18,1615,1,2,1,1.0,6,76540,M,4943501.0,109390.0,76
201400035202,14,7,21,1700,1,2,2,1.0,3,76540,M,4944355.0,109816.0,76
201400035203,14,7,20,1625,1,2,1,1.0,6,76575,M,4939393.0,106993.0,76
201400035204,14,7,26,1830,1,2,1,1.0,7,76497,M,4937945.0,101331.0,76
201400035205,14,7,26,2140,1,2,1,1.0,6,76540,M,4943699.0,109704.0,76
201400035206,14,8,1,1920,1,2,6,1.0,6,76497,M,4938721.0,102800.0,76
201400035207,14,8,3,1855,1,2,3,1.0,6,76540,M,4944999.0,113845.0,76
201400035208,14,8,1,720,1,2,2,1.0,3,76540,M,4944824.0,109186.0,76
201400035209,14,8,1,2010,1,2,1,1.0,6,76540,M,4945485.0,112870.0,76
201400035210,14,8,4,2155,1,2,3,1.0,6,76575,M,4938267.0,110604.0,76
201400035211,14,8,9,1530,1,1,1,1.0,7,76497,M,4936871.0,104126.0,76
201400035212,14,8,11,1610,1,2,1,1.0,6,76540,M,4943088.0,108191.0,76
201400035213,14,8,11,1400,1,1,1,1.0,6,76486,M,4933635.0,101292.0,76
201400035214,14,8,12,2230,5,2,1,1.0,6,76108,M,4945924.0,110583.0,76
201400035215,14,8,13,1605,1,2,2,1.0,3,76322,M,4941099.0,103176.0,76
201400035216,14,8,15,450,5,1,6,2.0,6,76484,M,4934577.0,107699.0,76
201400035217,14,8,11,1835,1,2,2,1.0,2,76497,M,4939118.0,102325.0,76
201400035218,14,8,19,1015,1,2,1,1.0,2,76540,M,4942592.0,108234.0,76
201400035219,14,6,24,2320,5,2,2,1.0,3,76540,M,4943880.0,108012.0,76
201400035220,14,7,25,1230,1,2,2,1.0,3,76322,M,4941020.0,103087.0,76
201400035221,14,7,30,955,1,2,3,1.0,6,76540,M,4942764.0,107426.0,76
201400035222,14,8,14,930,1,1,1,1.0,1,76319,M,4934514.0,101129.0,76
201400035223,14,8,6,1730,1,2,2,1.0,2,76540,M,4942825.0,109304.0,76
201400035224,14,8,23,2105,2,2,1,1.0,6,76540,M,4943756.0,109630.0,76
201400035225,14,8,23,1800,1,2,1,1.0,6,76103,M,4941932.0,112995.0,76
201400035226,14,6,12,830,1,2,1,1.0,7,76484,M,4935583.0,111376.0,76
201400035227,14,8,27,2015,1,1,1,1.0,6,76319,M,4934431.0,97379.0,76
201400035228,14,9,3,2224,5,2,1,1.0,6,76231,M,4928706.0,101648.0,76
201400035229,14,9,6,35,5,2,1,1.0,7,76540,M,4943270.0,110789.0,76
201400035230,14,9,6,2005,1,2,4,1.0,2,76540,M,4945048.0,105912.0,76
201400035231,14,8,13,1700,1,2,2,1.0,3,76319,M,4935304.0,101005.0,76
201400035232,14,7,16,1605,1,2,3,1.0,3,76540,M,4942531.0,108793.0,76
201400035233,14,9,13,1530,1,2,3,1.0,4,76103,M,4942820.0,111711.0,76
201400035234,14,8,1,1320,1,2,3,1.0,6,76497,M,4938659.0,102810.0,76
201400035235,14,8,25,1410,1,2,3,2.0,3,76540,M,4943497.0,110516.0,76
201400035236,14,9,16,1615,1,2,1,1.0,2,76216,M,4946935.0,105033.0,76
201400035237,14,9,9,1610,1,2,7,1.0,3,76131,M,4935232.0,93043.0,76
201400035238,14,9,1,1350,1,2,1,1.0,3,76497,M,4939540.0,102439.0,76
201400035239,14,9,17,1510,1,2,4,1.0,6,76451,M,4947077.0,109152.0,76
201400035240,14,9,21,230,5,2,3,1.0,4,76540,M,4945115.0,105707.0,76
201400035241,14,9,18,1530,1,2,2,1.0,7,76681,M,4941454.0,109152.0,76
201400035242,14,9,21,715,2,2,3,2.0,2,76540,M,4944774.0,110216.0,76
201400035243,14,9,10,1705,1,2,2,1.0,3,76681,M,4941665.0,107597.0,76
201400035244,14,9,27,2155,5,2,6,1.0,1,76498,M,4942367.0,105890.0,76
201400035245,14,9,27,1625,1,2,2,1.0,3,76540,M,4943588.0,109035.0,76
201400035246,14,9,28,1900,1,1,1,1.0,1,76410,M,4947330.0,103411.0,76
201400035247,14,9,27,1750,1,2,1,1.0,3,76540,M,4944429.0,109418.0,76
201400035248,14,9,23,700,1,1,5,1.0,5,76157,M,4944502.0,99188.0,76
201400035249,14,9,19,1520,1,2,1,1.0,6,76157,M,4945455.0,103293.0,76
201400035250,14,9,16,1500,1,2,1,1.0,1,76157,M,4946424.0,104043.0,76
201400035251,14,8,24,1700,1,2,1,1.0,7,76575,M,4938610.0,107096.0,76
201400035252,14,9,27,1740,1,2,2,1.0,3,76540,M,4943810.0,109179.0,76
201400035253,14,10,1,840,1,2,3,1.0,6,76451,M,4946417.0,107396.0,76
201400035254,14,9,22,1603,1,2,1,1.0,6,76540,M,4943788.0,109656.0,76
201400035255,14,10,3,1400,1,2,1,1.0,7,76681,M,4941483.0,108880.0,76
201400035256,14,10,7,805,2,2,3,2.0,7,76540,M,4942559.0,107366.0,76
201400035257,14,10,7,1240,1,2,2,1.0,3,76095,M,4946268.0,112997.0,76
201400035258,14,10,10,850,1,2,1,1.0,6,76497,M,4938766.0,102716.0,76
201400035259,14,10,7,1920,2,2,4,1.0,2,76451,M,4945352.0,108553.0,76
201400035260,14,10,13,1445,1,2,2,1.0,3,76402,M,4952487.0,103522.0,76
201400035261,14,10,8,745,4,2,2,3.0,6,76322,M,4940699.0,104533.0,76
201400035262,14,10,11,1710,1,2,1,1.0,6,76484,M,4936170.0,110042.0,76
201400035263,14,10,12,1420,1,2,1,1.0,1,76540,M,4945479.0,113591.0,76
201400035264,14,10,17,2330,5,2,1,1.0,6,76540,M,4944269.0,108982.0,76
201400035265,14,10,26,315,5,2,2,1.0,3,76540,M,4943461.0,107644.0,76
201400035266,14,10,25,1540,1,2,6,1.0,7,76575,M,4936764.0,110569.0,76
201400035267,14,10,29,1025,1,2,2,1.0,3,76540,M,4943896.0,107981.0,76
201400035268,14,10,28,1320,1,2,6,1.0,3,76575,M,4937281.0,109784.0,76
201400035269,14,10,30,1400,1,2,3,1.0,3,76322,M,4939937.0,105697.0,76
201400035270,14,11,5,105,5,1,1,1.0,2,76717,M,4938864.0,100733.0,76
201400035271,14,11,2,35,5,2,2,1.0,6,76498,M,4943279.0,106078.0,76
201400035272,14,10,16,1200,1,2,6,1.0,3,76540,M,4943724.0,106676.0,76
201400035273,14,11,5,955,1,2,1,1.0,6,76540,M,4944943.0,106881.0,76
201400035274,14,10,16,740,2,2,1,2.0,6,76540,M,4943066.0,108622.0,76
201400035275,14,10,31,1700,1,2,3,1.0,6,76540,M,4943591.0,108410.0,76
201400035276,14,10,31,2050,5,2,2,1.0,2,76681,M,4942113.0,110678.0,76
201400035277,14,10,24,1415,1,1,1,2.0,3,76540,M,4945245.0,105521.0,76
201400035278,14,11,6,1700,1,2,3,1.0,3,76322,M,4940204.0,103919.0,76
201400035279,14,11,13,1930,5,2,3,1.0,3,76540,M,4943563.0,107718.0,76
201400035280,14,11,13,1400,1,2,1,1.0,6,76451,M,4945778.0,106442.0,76
201400035281,14,11,9,840,1,2,1,2.0,6,76575,M,4937691.0,110713.0,76
201400035282,14,10,22,1345,1,2,2,1.0,3,76402,M,4952487.0,103524.0,76
201400035283,14,11,12,1220,1,2,2,1.0,6,76429,M,4940833.0,114591.0,76
201400035284,14,11,14,825,1,2,3,1.0,3,76540,M,4945109.0,113830.0,76
201400035285,14,11,14,945,1,2,1,2.0,1,76540,M,4945316.0,109817.0,76
201400035286,14,11,13,1705,1,2,1,1.0,3,76216,M,4946993.0,105015.0,76
201400035287,14,11,18,1340,1,1,1,2.0,3,76410,M,4948719.0,102478.0,76
201400035288,14,11,17,730,5,2,1,1.0,4,76540,M,4943478.0,107250.0,76
201400035289,14,11,20,115,5,1,2,1.0,3,76681,M,4942145.0,110661.0,76
201400035290,14,11,20,1715,1,2,3,1.0,3,76540,M,4944177.0,108091.0,76
201400035291,14,11,22,1800,5,2,2,1.0,6,76540,M,4944710.0,109352.0,76
201400035292,14,11,23,430,5,2,1,2.0,6,76410,M,4948025.0,102961.0,76
201400035293,14,11,24,1550,1,1,1,1.0,3,76322,M,4941828.0,104832.0,76
201400035294,14,11,24,1825,5,2,2,1.0,6,76451,M,4946592.0,107079.0,76
201400035295,14,11,20,1700,5,2,3,1.0,6,76540,M,4944261.0,107670.0,76
201400035296,14,11,25,1415,1,2,2,1.0,3,76540,M,4943459.0,107641.0,76
201400035297,14,9,24,1710,1,2,1,2.0,6,76498,M,4942520.0,105659.0,76
201400035298,14,11,26,1600,1,2,1,9.0,6,76484,M,4934176.0,109618.0,76
201400035299,14,11,25,1615,1,2,6,1.0,2,76497,M,4939652.0,103099.0,76
201400035300,14,11,18,2100,5,2,3,1.0,3,76540,M,4944230.0,110803.0,76
201400035301,14,11,30,2040,5,2,1,1.0,2,76322,M,4941495.0,104403.0,76
201400035302,14,11,28,850,1,2,1,1.0,3,76216,M,4946704.0,105130.0,76
201400035303,14,11,28,1330,1,2,1,3.0,1,76319,M,4934962.0,102560.0,76
201400035304,14,12,1,820,1,2,2,1.0,6,76540,M,4944449.0,109937.0,76
201400035305,14,12,3,1725,5,2,2,1.0,6,76681,M,4942046.0,108963.0,76
201400035306,14,12,5,1750,5,2,1,1.0,6,76322,M,4940899.0,105054.0,76
201400035307,14,12,9,1755,5,2,1,2.0,6,76322,M,4940899.0,105117.0,76
201400035308,14,12,15,1425,1,2,3,1.0,6,76540,M,4944576.0,107807.0,76
201400035309,14,12,16,1820,5,2,2,1.0,5,76540,M,4945278.0,105659.0,76
201400035310,14,12,18,1710,1,2,1,1.0,6,76575,M,4938638.0,107095.0,76
201400035311,14,12,18,1930,5,2,2,8.0,3,76095,M,4946211.0,112257.0,76
201400035312,14,12,12,740,5,2,3,2.0,3,76540,M,4945871.0,113511.0,76
201400035313,14,12,13,1610,1,2,6,2.0,3,76322,M,4940519.0,104306.0,76
201400035314,14,12,18,1630,1,2,2,1.0,7,76540,M,4944729.0,109509.0,76
201400035315,14,12,16,1655,2,2,1,1.0,6,76322,M,4941357.0,105582.0,76
201400035316,14,12,27,615,5,2,2,2.0,3,76540,M,4943464.0,110588.0,76
201400035317,14,1,11,1500,1,2,1,1.0,6,77108,M,,,77
201400035318,14,1,15,900,1,2,1,1.0,6,77108,M,,,77
201400035319,14,1,15,2035,5,2,1,2.0,2,77108,M,,,77
201400035320,14,1,16,1725,2,2,1,2.0,3,77108,M,,,77
201400035321,14,1,20,1825,5,2,1,1.0,6,77108,M,,,77
201400035322,14,12,30,1530,1,2,1,1.0,6,77108,M,,,77
201400035323,14,1,25,505,5,2,1,3.0,6,77479,M,,,77
201400035324,14,1,30,1300,1,2,3,1.0,3,77108,M,,,77
201400035325,14,2,8,1545,1,2,1,2.0,1,77108,M,,,77
201400035326,14,2,15,1520,1,2,2,1.0,3,77108,M,,,77
201400035327,14,2,16,1830,5,2,1,1.0,6,77108,M,,,77
201400035328,14,3,4,1150,1,2,1,1.0,6,77479,M,,,77
201400035329,14,3,6,915,1,2,1,1.0,6,77479,M,,,77
201400035330,14,3,24,800,1,2,1,1.0,3,77108,M,,,77
201400035331,14,3,26,1215,1,2,9,8.0,4,77108,M,,,77
201400035332,14,4,5,1845,1,2,3,1.0,3,77055,M,,,77
201400035333,14,4,16,1110,1,1,1,1.0,2,77108,M,,,77
201400035334,14,4,16,1920,1,2,1,1.0,6,77108,M,,,77
201400035335,14,4,19,2300,5,2,3,1.0,6,77108,M,,,77
201400035336,14,4,21,705,1,2,1,1.0,6,77108,M,,,77
201400035337,14,4,25,2100,2,1,1,1.0,7,77363,M,,,77
201400035338,14,4,26,1515,1,2,1,2.0,4,77108,M,,,77
201400035339,14,4,29,1750,1,2,1,3.0,6,77108,M,,,77
201400035340,14,5,4,1420,1,1,1,1.0,3,77517,M,,,77
201400035341,14,5,8,1730,1,2,3,2.0,3,77479,M,,,77
201400035342,14,5,10,1400,1,2,1,2.0,2,77108,M,,,77
201400035343,14,5,16,900,1,2,1,1.0,3,77108,M,,,77
201400035344,14,5,17,2320,3,1,3,1.0,3,77517,M,,,77
201400035345,14,5,30,845,1,2,9,1.0,6,77108,M,,,77
201400035346,14,5,28,1750,1,2,1,2.0,1,77108,M,,,77
201400035347,14,6,4,1520,1,2,9,2.0,6,77055,M,,,77
201400035348,14,6,5,1735,1,2,1,1.0,2,77108,M,,,77
201400035349,14,6,7,1600,1,2,1,1.0,1,77108,M,,,77
201400035350,14,6,8,1430,1,2,1,1.0,7,77139,M,,,77
201400035351,14,6,23,25,5,2,3,1.0,3,77108,M,,,77
201400035352,14,6,23,900,1,2,1,1.0,3,77108,M,,,77
201400035353,14,7,2,1945,1,2,1,1.0,6,77139,M,,,77
201400035354,14,7,4,1805,1,1,2,1.0,3,77517,M,,,77
201400035355,14,7,30,1110,1,2,9,1.0,3,77108,M,,,77
201400035356,14,7,26,1750,1,2,1,1.0,6,77108,M,,,77
201400035357,14,8,29,1145,1,2,1,1.0,2,77055,M,,,77
201400035358,14,8,31,1945,1,2,1,1.0,2,77108,M,,,77
201400035359,14,9,3,1040,1,2,1,1.0,6,77108,M,,,77