Num_Acc,an,mois,jour,hrmn,lum,agg,int,atm,col,com,gps,lat,long,dep
201400035360,14,9,20,1655,1,2,1,1.0,6,77108,M,,,77
201400035361,14,9,27,940,1,2,2,1.0,3,77139,M,,,77
201400035362,14,9,30,1700,1,2,1,1.0,6,77108,M,,,77
201400035363,14,10,13,1255,1,2,1,1.0,6,77108,M,,,77
201400035364,14,10,18,810,1,2,1,1.0,6,77108,M,,,77
201400035365,14,11,5,1505,1,2,1,1.0,6,77108,M,,,77
201400035366,14,10,29,1505,1,2,1,1.0,6,77108,M,,,77
201400035367,14,11,12,1625,1,2,1,1.0,6,77108,M,,,77
201400035368,14,11,28,1145,1,2,2,8.0,3,77108,M,,,77
201400035369,14,12,10,1730,1,2,6,1.0,1,77139,M,,,77
201400035370,14,12,8,2010,5,2,3,1.0,5,77108,M,,,77
201400035371,14,12,12,1810,3,2,1,3.0,1,77108,M,,,77
201400035372,14,12,10,800,5,2,1,1.0,6,77108,M,,,77
201400035373,14,12,27,2000,3,1,6,2.0,1,77132,M,,,77
201400035374,14,1,22,815,2,2,9,5.0,6,77268,M,,,77
201400035375,14,1,17,1135,1,2,1,1.0,7,77018,M,,,77
201400035376,14,1,15,1300,1,2,1,2.0,3,77131,M,,,77
201400035377,14,1,22,1750,3,1,2,2.0,3,77400,M,,,77
201400035378,14,1,25,205,3,1,1,1.0,6,77070,M,,,77
201400035379,14,2,1,1725,1,2,3,1.0,2,77042,M,,,77
201400035380,14,2,5,1035,1,2,1,8.0,5,77131,M,,,77
201400035381,14,2,14,2015,5,1,1,8.0,6,77400,M,,,77
201400035382,14,2,15,1450,1,1,1,8.0,4,77131,M,,,77
201400035383,14,3,2,1820,1,2,1,1.0,2,77131,M,,,77
201400035384,14,3,14,1310,1,2,9,1.0,1,77131,M,,,77
201400035385,14,3,29,1240,1,2,2,1.0,5,77131,M,,,77
201400035386,14,4,7,1700,1,2,1,1.0,7,77131,M,,,77
201400035387,14,4,9,650,1,1,2,1.0,3,77042,M,,,77
201400035388,14,4,17,1520,1,2,2,7.0,6,77070,M,,,77
201400035389,14,4,28,1810,1,2,1,1.0,2,77131,M,,,77
201400035390,14,5,5,1345,1,2,1,1.0,1,77320,M,,,77
201400035391,14,5,11,2050,2,1,1,2.0,2,77070,M,,,77
201400035392,14,5,13,1935,1,2,3,1.0,3,77131,M,,,77
201400035393,14,5,8,1605,1,2,1,2.0,2,77131,M,,,77
201400035394,14,5,20,1620,1,1,2,1.0,3,77371,M,,,77
201400035395,14,6,2,1220,1,2,2,1.0,5,77281,M,,,77
201400035396,14,6,15,1255,1,2,3,1.0,3,77131,M,,,77
201400035397,14,6,15,1740,1,1,1,7.0,7,77028,M,,,77
201400035398,14,6,26,1645,1,2,2,1.0,7,77320,M,,,77
201400035399,14,7,1,1755,1,1,2,1.0,7,77371,M,,,77
201400035400,14,7,8,1445,1,1,1,2.0,7,77400,M,,,77
201400035401,14,7,10,825,1,1,9,2.0,7,77131,M,,,77
201400035402,14,7,20,400,3,1,1,3.0,2,77320,M,,,77
201400035403,14,7,21,1335,1,1,1,1.0,7,77013,M,,,77
201400035404,14,7,30,1815,1,1,1,1.0,3,77070,M,,,77
201400035405,14,8,30,645,2,1,1,1.0,7,77371,M,,,77
201400035406,14,9,12,1740,1,2,3,7.0,6,77131,M,,,77
201400035407,14,10,12,1445,1,2,1,2.0,6,77320,M,,,77
201400035408,14,10,13,1750,1,1,1,1.0,2,77131,M,,,77
201400035409,14,10,24,1610,1,1,6,1.0,5,77131,M,,,77
201400035410,14,10,31,1605,1,1,3,7.0,3,77371,M,,,77
201400035411,14,11,2,2155,5,1,2,2.0,3,77281,M,,,77
201400035412,14,11,9,220,3,1,1,1.0,7,77070,M,,,77
201400035413,14,11,10,2025,5,2,2,1.0,3,77042,M,,,77
201400035414,14,11,19,1930,3,1,1,5.0,5,77433,M,,,77
201400035415,14,12,8,1125,1,2,1,2.0,3,77131,M,,,77
201400035416,14,12,17,1945,5,2,2,2.0,3,77042,M,,,77
201400035417,14,12,31,600,3,1,1,1.0,6,77131,M,,,77
201400035418,14,2,23,1700,1,1,1,1.0,2,77186,M,,,77
201400035419,14,2,23,1710,1,1,1,1.0,5,77186,M,,,77
201400035420,14,3,25,800,2,1,1,1.0,6,77186,M,,,77
201400035421,14,4,1,1950,2,1,1,1.0,5,77186,M,,,77
201400035422,14,5,12,1055,1,1,1,1.0,5,77186,M,,,77
201400035423,14,5,14,1525,1,1,2,1.0,3,77186,M,,,77
201400035424,14,5,17,2310,3,1,6,1.0,7,77186,M,,,77
201400035425,14,5,18,2210,3,1,1,1.0,6,77186,M,,,77
201400035426,14,6,15,1620,1,1,1,1.0,3,77186,M,,,77
201400035427,14,7,8,1615,1,1,1,1.0,6,77186,M,,,77
201400035428,14,8,6,835,2,1,1,2.0,7,77186,M,,,77
201400035429,14,8,15,810,1,1,1,1.0,3,77186,M,,,77
201400035430,14,8,29,1900,1,1,2,1.0,3,77186,M,,,77
201400035431,14,9,6,2335,3,1,1,1.0,1,77186,M,,,77
201400035432,14,9,7,1510,1,1,2,7.0,3,77186,M,,,77
201400035433,14,9,13,1450,1,1,6,1.0,6,77186,M,,,77
201400035434,14,10,2,1815,1,1,5,1.0,3,77186,M,,,77
201400035435,14,10,7,1845,1,1,1,1.0,3,77186,M,,,77
201400035436,14,10,23,2130,3,1,1,1.0,6,77186,M,,,77
201400035437,14,11,1,1610,1,2,1,1.0,2,77014,M,,,77
201400035438,14,11,8,1440,1,1,1,1.0,3,77186,M,,,77
201400035439,14,12,16,1655,5,2,2,1.0,7,77186,M,,,77
201400035440,14,12,19,2345,5,2,1,1.0,6,77014,M,,,77
201400035441,14,12,31,2345,5,2,1,1.0,6,77014,M,,,77
201400035442,14,3,7,920,1,2,1,1.0,6,77058,M,,,77
201400035443,14,3,27,2200,3,1,1,1.0,2,77438,M,,,77
201400035444,14,4,10,655,2,2,1,1.0,3,77237,M,,,77
201400035445,14,5,3,1300,1,2,1,1.0,3,77059,M,,,77
201400035446,14,6,27,1000,1,2,1,1.0,4,77243,M,,,77
201400035447,14,10,16,1640,1,2,1,8.0,6,77058,M,,,77
201400035448,14,11,27,1705,5,2,1,9.0,2,77058,M,,,77
201400035449,14,1,21,1950,5,2,1,2.0,2,77513,M,,,77
201400035450,14,1,28,1730,5,2,1,8.0,6,77284,M,,,77
201400035451,14,2,21,2015,5,2,1,2.0,2,77284,M,,,77
201400035452,14,3,3,1945,5,2,6,2.0,3,77284,M,,,77
201400035453,14,3,21,1810,1,2,1,1.0,6,77284,M,,,77
201400035454,14,3,26,1643,1,2,1,8.0,6,77284,M,,,77
201400035455,14,3,30,430,3,1,1,1.0,1,77335,M,,,77
201400035456,14,4,3,1840,1,1,1,1.0,1,77276,M,,,77
201400035457,14,4,25,1910,1,2,1,1.0,6,77284,M,,,77
201400035458,14,5,12,1335,1,2,1,2.0,5,77475,M,,,77
201400035459,14,5,16,1815,1,1,1,1.0,6,77335,M,,,77
201400035460,14,5,22,2020,2,2,1,3.0,4,77475,M,,,77
201400035461,14,5,22,2120,2,2,1,2.0,4,77284,M,,,77
201400035462,14,5,23,1850,1,1,2,1.0,6,77335,M,,,77
201400035463,14,5,28,1045,1,2,1,1.0,7,77284,M,,,77
201400035464,14,5,30,1850,1,2,1,1.0,3,77284,M,,,77
201400035465,14,6,4,900,1,2,1,2.0,6,77284,M,,,77
201400035466,14,6,24,600,1,1,1,1.0,1,77284,M,,,77
201400035467,14,6,27,1515,1,2,1,7.0,4,77284,M,,,77
201400035468,14,7,3,1325,1,2,3,7.0,1,77284,M,,,77
201400035469,14,7,11,15,5,2,1,2.0,2,77284,M,,,77
201400035470,14,7,12,2100,1,1,1,1.0,7,77276,M,,,77
201400035471,14,7,17,1430,1,2,1,1.0,2,77284,M,,,77
201400035472,14,7,22,1755,1,2,6,1.0,6,77284,M,,,77
201400035473,14,7,31,1835,1,2,1,1.0,6,77284,M,,,77
201400035474,14,7,31,1950,1,2,1,1.0,6,77284,M,,,77
201400035475,14,8,25,955,1,2,1,2.0,7,77284,M,,,77
201400035476,14,9,12,2140,5,2,1,1.0,3,77284,M,,,77
201400035477,14,11,15,1415,1,1,6,1.0,2,77513,M,4856572.0,251211.0,77
201400035478,14,11,19,2035,5,2,1,1.0,2,77369,M,,,77
201400035479,14,1,4,1809,4,2,1,1.0,6,77288,M,4831506.0,239191.0,77
201400035480,14,1,6,810,1,2,1,1.0,1,77188,M,,,77
201400035481,14,2,10,1625,1,2,1,1.0,1,77407,M,,,77
201400035482,14,2,11,1635,1,1,1,1.0,5,77306,M,4835504.0,241309.0,77
201400035483,14,2,26,905,1,2,1,8.0,6,77288,M,,,77
201400035484,14,2,7,1105,1,2,1,8.0,7,77288,M,,,77
201400035485,14,3,17,1005,1,1,3,1.0,6,77389,M,,,77
201400035486,14,3,16,2320,5,1,9,1.0,3,77152,M,,,77
201400035487,14,3,19,1545,1,2,1,1.0,6,77288,M,,,77
201400035488,14,3,20,1400,1,1,2,1.0,3,77487,M,,,77
201400035489,14,3,30,650,5,2,1,1.0,6,77152,M,,,77
201400035490,14,3,25,1425,1,2,3,1.0,6,77152,M,,,77
201400035491,14,4,4,2310,5,2,2,1.0,2,77487,M,,,77
201400035492,14,4,5,2200,3,2,1,1.0,6,77288,M,,,77
201400035493,14,4,10,710,1,1,1,1.0,3,77288,M,,,77
201400035494,14,4,11,1955,1,1,3,1.0,3,77394,M,,,77
201400035495,14,5,6,1710,1,2,1,1.0,6,77394,M,,,77
201400035496,14,5,9,1850,1,2,2,1.0,5,77285,M,,,77
201400035497,14,5,3,2127,5,2,9,1.0,6,77152,M,,,77
201400035498,14,6,16,745,1,2,3,1.0,3,77096,M,,,77
201400035499,14,5,24,1615,1,1,1,1.0,3,77378,M,,,77
201400035500,14,7,2,1850,1,2,1,1.0,3,77152,M,,,77
201400035501,14,7,9,1820,1,2,3,2.0,3,77288,M,,,77
201400035502,14,7,22,1240,1,1,2,1.0,3,77306,M,,,77
201400035503,14,8,1,1720,1,2,1,1.0,2,77288,M,,,77
201400035504,14,8,4,1000,1,2,3,1.0,3,77288,M,,,77
201400035505,14,8,21,2135,2,2,1,1.0,3,77288,M,,,77
201400035506,14,9,11,1925,1,1,1,1.0,3,77389,M,,,77
201400035507,14,9,23,1600,1,2,1,1.0,2,77487,M,,,77
201400035508,14,9,27,1930,1,2,2,1.0,3,77285,M,,,77
201400035509,14,10,2,2111,3,2,1,1.0,6,77152,M,,,77
201400035510,14,10,27,2010,3,1,1,1.0,1,77394,M,,,77
201400035511,14,11,1,1910,3,1,1,1.0,5,77152,M,,,77
201400035512,14,11,1,2030,5,1,1,1.0,2,77518,M,,,77
201400035513,14,11,17,1715,5,2,1,1.0,6,77285,M,,,77
201400035514,14,9,29,830,1,2,1,1.0,6,77288,M,,,77
201400035515,14,12,2,710,5,2,1,5.0,6,77288,M,,,77
201400035516,14,12,7,700,3,1,1,5.0,6,77518,M,,,77
201400035517,14,12,15,1730,5,2,1,2.0,6,77288,M,,,77
201400035518,14,12,15,1610,1,1,2,2.0,3,77269,M,,,77
201400035519,14,12,22,1810,5,2,3,1.0,3,77288,M,,,77
201400035520,14,7,3,1550,1,2,6,1.0,6,77445,M,,,77
201400035521,14,1,6,1722,4,1,9,2.0,2,77067,M,,,77
201400035522,14,1,7,1825,4,2,2,2.0,3,77326,M,,,77
201400035523,14,1,8,1930,3,1,3,2.0,3,77450,M,,,77
201400035524,14,1,13,730,5,2,3,1.0,6,77445,M,,,77
201400035525,14,7,17,600,1,2,3,1.0,7,77296,M,,,77
201400035526,14,2,21,1735,1,2,2,1.0,7,77122,M,,,77
201400035527,14,2,28,1810,1,1,1,2.0,2,77114,M,,,77
201400035528,14,3,2,1625,1,2,6,1.0,7,77122,M,,,77
201400035529,14,3,4,957,1,2,1,1.0,7,77445,M,,,77
201400035530,14,3,3,510,5,1,1,2.0,6,77053,M,,,77
201400035531,14,3,7,1150,1,2,1,1.0,6,77445,M,,,77
201400035532,14,3,12,1300,1,2,2,1.0,3,77251,M,,,77
201400035533,14,3,13,900,1,1,3,1.0,5,77450,M,,,77
201400035534,14,3,14,1520,1,2,3,7.0,6,77251,M,,,77
201400035535,14,3,23,405,3,2,2,1.0,3,77296,M,,,77
201400035536,14,4,23,1735,1,2,1,1.0,7,77067,M,,,77
201400035537,14,5,12,215,5,1,6,1.0,6,77251,M,,,77
201400035538,14,3,29,1245,1,2,6,7.0,3,77122,M,,,77
201400035539,14,6,1,125,3,2,1,1.0,7,77053,M,,,77
201400035540,14,5,30,1610,1,2,1,1.0,6,77296,M,,,77
201400035541,14,6,24,640,2,2,1,1.0,7,77445,M,,,77
201400035542,14,7,29,2230,5,2,2,8.0,1,77296,M,,,77
201400035543,14,7,11,1550,1,2,2,8.0,6,77495,M,,,77
201400035544,14,8,22,2220,5,2,2,1.0,1,77296,M,,,77
201400035545,14,8,28,1200,1,2,3,2.0,6,77445,M,,,77
201400035546,14,9,21,1330,1,2,6,8.0,7,77251,M,,,77
201400035547,14,9,24,1223,1,2,2,1.0,3,77445,M,,,77
201400035548,14,9,24,1800,1,1,1,1.0,3,77067,M,,,77
201400035549,14,9,28,535,5,2,1,1.0,7,77114,M,,,77
201400035550,14,9,29,2017,3,1,1,1.0,5,77114,M,,,77
201400035551,14,10,6,240,3,1,1,1.0,6,77067,M,,,77
201400035552,14,10,13,1950,5,2,2,1.0,1,77122,M,,,77
201400035553,14,10,19,507,3,1,1,5.0,7,77296,M,,,77
201400035554,14,10,26,200,5,2,6,1.0,7,77326,M,,,77
201400035555,14,10,8,1500,1,2,1,1.0,6,77122,M,,,77
201400035556,14,11,26,1910,3,2,1,1.0,7,77122,M,,,77
201400035557,14,12,4,1645,5,1,1,1.0,6,77053,M,,,77
201400035558,14,12,15,1610,5,1,1,8.0,6,77251,M,,,77
201400035559,14,12,17,2035,3,1,1,2.0,2,77450,M,,,77
201400035560,14,12,16,1830,5,2,6,8.0,6,77053,M,,,77
201400035561,14,6,11,1856,1,2,1,1.0,2,77122,M,,,77
201400035562,14,7,26,556,2,2,1,1.0,7,77445,M,,,77
201400035563,14,6,14,1035,1,1,2,2.0,5,77495,M,,,77
201400035564,14,2,11,1645,1,2,1,1.0,1,77172,M,,,77
201400035565,14,2,1,1725,1,2,1,1.0,6,77482,M,,,77
201400035566,14,3,11,1435,2,1,1,5.0,6,77482,M,,,77
201400035567,14,3,28,1920,2,1,1,1.0,1,77482,M,,,77
201400035568,14,3,30,128,3,1,1,1.0,7,77482,M,,,77
201400035569,14,4,9,1450,1,1,1,1.0,1,77172,M,,,77
201400035570,14,9,3,830,1,1,1,1.0,7,77210,M,,,77
201400035571,14,9,7,55,5,2,1,1.0,1,77305,M,,,77
201400035572,14,12,13,1955,5,2,1,1.0,7,77305,M,,,77
201400035573,14,12,8,700,3,1,2,5.0,3,77210,M,,,77
201400035574,14,12,16,1600,1,2,1,1.0,6,77305,M,,,77
201400035575,14,12,19,1203,1,1,1,6.0,2,77210,M,,,77
201400035576,14,3,7,1745,1,1,1,1.0,4,77079,M,,,77
201400035577,14,5,26,1430,1,1,1,2.0,3,77166,M,,,77
201400035578,14,6,13,1920,1,2,1,1.0,3,77166,M,,,77
201400035579,14,6,28,1240,1,2,1,2.0,6,77463,M,,,77
201400035580,14,10,17,1530,1,1,1,1.0,5,77516,M,,,77
201400035581,14,4,22,1725,1,2,1,3.0,7,77333,M,,,77
201400035582,14,7,19,925,1,1,6,1.0,6,77216,M,,,77
201400035583,14,9,18,1510,1,2,6,2.0,7,77333,M,,,77
201400035584,14,9,22,630,5,2,1,1.0,6,77458,M,,,77
201400035585,14,11,17,910,1,1,1,8.0,6,77431,M,,,77
201400035586,14,11,18,1810,5,2,1,2.0,6,77333,M,,,77
201400035587,14,9,14,1550,1,2,1,1.0,6,77333,M,,,77
201400035588,14,1,9,1845,5,2,1,1.0,6,77083,M,,,77
201400035589,14,1,14,955,1,2,1,1.0,6,77258,M,,,77
201400035590,14,1,17,1800,4,2,1,1.0,6,77083,M,,,77
201400035591,14,2,6,830,1,2,1,2.0,6,77083,M,,,77
201400035592,14,2,14,935,1,2,2,1.0,6,77146,M,,,77
201400035593,14,2,24,1545,1,2,1,1.0,6,77083,M,,,77
201400035594,14,3,9,2035,2,2,3,1.0,3,77468,M,,,77
201400035595,14,3,12,825,1,2,3,1.0,6,77083,M,,,77
201400035596,14,3,23,555,5,2,1,1.0,6,77146,M,,,77
201400035597,14,3,29,1440,1,1,1,1.0,6,77169,M,,,77
201400035598,14,4,14,1105,1,2,2,1.0,6,77258,M,,,77
201400035599,14,4,23,1640,1,2,1,1.0,6,77337,M,,,77
201400035600,14,4,27,235,5,1,1,1.0,2,77337,M,,,77
201400035601,14,5,3,2100,2,2,1,1.0,7,77258,M,,,77
201400035602,14,5,5,2340,5,2,1,1.0,6,77258,M,,,77
201400035603,14,5,9,1650,1,2,1,1.0,6,77337,M,,,77
201400035604,14,5,22,1502,1,2,1,1.0,6,77337,M,,,77
201400035605,14,5,28,1237,1,2,1,1.0,6,77121,M,,,77
201400035606,14,6,5,745,1,2,2,1.0,1,77468,M,,,77
201400035607,14,6,8,1640,1,2,2,1.0,3,77083,M,,,77
201400035608,14,6,9,1750,1,1,2,1.0,3,77169,M,,,77
201400035609,14,6,16,1900,1,2,1,1.0,7,77083,M,,,77
201400035610,14,6,24,1800,1,1,6,1.0,3,77468,M,,,77
201400035611,14,7,15,1515,1,2,1,1.0,6,77258,M,,,77
201400035612,14,7,24,800,1,1,3,1.0,2,77468,M,,,77
201400035613,14,8,3,1030,1,2,1,1.0,6,77468,M,,,77
201400035614,14,8,20,1318,1,2,3,1.0,3,77337,M,,,77
201400035615,14,8,20,1120,1,2,1,1.0,6,77083,M,,,77
201400035616,14,9,5,1325,1,2,2,1.0,6,77083,M,,,77
201400035617,14,9,7,1720,1,2,1,1.0,6,77337,M,,,77
201400035618,14,9,9,1815,1,2,1,1.0,1,77083,M,,,77
201400035619,14,9,12,1835,1,2,2,1.0,3,77083,M,,,77
201400035620,14,9,22,720,2,1,1,1.0,7,77121,M,,,77
201400035621,14,10,7,915,1,2,1,1.0,6,77169,M,,,77
201400035622,14,10,23,10,5,2,1,1.0,7,77169,M,,,77
201400035623,14,10,22,2230,5,2,3,1.0,5,77468,M,,,77
201400035624,14,10,27,2125,5,2,1,1.0,6,77121,M,,,77
201400035625,14,11,4,1335,1,2,3,1.0,3,77468,M,,,77
201400035626,14,11,6,1315,1,2,1,1.0,7,77258,M,,,77
201400035627,14,11,12,1155,1,2,1,1.0,6,77258,M,,,77
201400035628,14,11,21,1755,3,1,1,1.0,3,77121,M,,,77
201400035629,14,12,6,2040,5,2,3,1.0,6,77468,M,,,77
201400035630,14,12,11,1950,5,2,3,1.0,3,77258,M,,,77
201400035631,14,12,12,1700,1,2,1,1.0,6,77337,M,,,77
201400035632,14,12,16,25,5,2,6,1.0,3,77083,M,,,77
201400035633,14,12,23,2050,5,2,1,1.0,6,77468,M,,,77
201400035634,14,11,29,2320,3,1,1,1.0,7,77374,M,,,77
201400035635,14,2,2,125,3,1,9,9.0,2,77374,M,4847360.0,241535.0,77
201400035636,14,12,23,1715,2,2,1,1.0,1,77390,M,,,77
201400035637,14,2,7,750,2,2,1,1.0,6,77373,M,,,77
201400035638,14,2,7,730,2,2,1,3.0,6,77373,M,,,77
201400035639,14,2,12,846,1,2,1,1.0,6,77350,M,,,77
201400035640,14,3,7,1131,1,1,1,1.0,1,77350,M,4845421.0,239494.0,77
201400035641,14,3,11,1635,1,1,1,1.0,6,77350,M,,,77
201400035642,14,4,3,1605,1,2,1,1.0,6,77373,M,,,77
201400035643,14,4,26,525,5,2,1,1.0,7,77373,M,,,77
201400035644,14,5,31,1740,1,1,1,1.0,7,77350,M,,,77
201400035645,14,5,31,2015,1,2,2,1.0,3,77350,M,,,77
201400035646,14,5,8,1725,1,1,2,2.0,3,77373,M,,,77
201400035647,14,6,12,1620,1,1,1,1.0,3,77373,M,,,77
201400035648,14,6,13,1410,1,1,1,1.0,3,77373,M,,,77
201400035649,14,8,27,1520,1,2,1,1.0,6,77390,M,,,77
201400035650,14,8,30,1420,1,2,3,1.0,3,77373,M,,,77
201400035651,14,9,21,249,3,2,1,1.0,6,77374,M,,,77
201400035652,14,10,7,1540,1,1,6,1.0,3,77374,M,,,77
201400035653,14,10,19,1725,1,2,9,1.0,3,77390,M,,,77
201400035654,14,10,2,915,1,2,1,1.0,3,77390,M,,,77
201400035655,14,11,26,1425,1,2,1,8.0,6,77350,M,,,77
201400035656,14,11,20,1340,1,2,6,1.0,6,77350,M,,,77
201400035657,14,12,1,1745,5,2,1,2.0,6,77373,M,,,77
201400035658,14,11,29,2315,5,2,6,1.0,6,77373,M,,,77
201400035659,14,1,15,1730,3,1,1,2.0,1,77368,M,,,77
201400035660,14,2,4,730,3,2,1,1.0,6,77379,M,,,77
201400035661,14,3,12,1405,1,1,1,1.0,1,77379,M,,,77
201400035662,14,6,4,935,1,2,3,2.0,3,77260,M,,,77
201400035663,14,10,19,1615,1,2,1,1.0,3,77403,M,,,77
201400035664,14,12,17,1715,2,2,1,2.0,6,77379,M,,,77
201400035665,14,2,10,2210,3,1,1,1.0,2,77514,M,,,77
201400035666,14,3,8,1300,1,1,9,1.0,5,77123,M,,,77
201400035667,14,3,3,1950,5,2,2,2.0,6,77294,M,,,77
201400035668,14,6,17,1900,1,2,1,1.0,6,77214,M,,,77
201400035669,14,6,20,1620,1,2,1,1.0,6,77294,M,,,77
201400035670,14,6,30,1720,1,1,1,1.0,3,77294,M,,,77
201400035671,14,7,13,1520,1,2,1,8.0,6,77514,M,,,77
201400035672,14,8,3,2105,3,1,1,2.0,7,77462,M,,,77
201400035673,14,8,6,515,3,1,1,1.0,2,77294,M,,,77
201400035674,14,10,17,2155,5,2,2,1.0,3,77292,M,,,77
201400035675,14,10,16,905,1,1,1,8.0,4,77514,M,,,77
201400035676,14,10,15,1630,1,2,3,2.0,6,77294,M,,,77
201400035677,14,11,6,2045,3,1,1,8.0,5,77118,M,,,77
201400035678,14,11,4,1640,1,2,9,1.0,3,77514,M,,,77
201400035679,14,11,10,835,1,1,1,1.0,2,77123,M,,,77
201400035680,14,10,9,835,1,2,2,1.0,6,77514,M,,,77
201400035681,14,12,6,1045,1,2,1,1.0,6,77514,M,,,77
201400035682,14,12,15,1235,1,2,1,1.0,6,77294,M,,,77
201400035683,14,2,22,1130,1,2,1,1.0,3,78126,M,,,78
201400035684,14,4,23,1320,1,2,3,1.0,3,78126,M,,,78
201400035685,14,6,4,1615,1,2,1,1.0,4,78126,M,,,78
201400035686,14,6,14,715,1,2,3,1.0,3,78126,M,,,78
201400035687,14,8,16,1110,1,2,2,1.0,6,78126,M,,,78
201400035688,14,10,30,1933,5,2,4,1.0,3,78092,M,,,78
201400035689,14,11,8,1755,5,2,4,1.0,3,78126,M,,,78
201400035690,14,12,26,1015,1,2,1,1.0,6,78015,M,,,78
201400035691,14,1,17,730,3,2,1,1.0,4,78172,M,,,78
201400035692,14,9,4,1005,1,1,1,1.0,4,78138,M,,,78
201400035693,14,1,30,1515,1,2,1,1.0,6,78172,M,,,78
201400035694,14,3,12,1443,1,2,2,7.0,3,78138,M,,,78
201400035695,14,3,17,1908,2,1,1,1.0,6,78005,M,,,78
201400035696,14,5,15,2130,2,1,1,1.0,2,78015,M,,,78
201400035697,14,9,17,1810,1,2,1,1.0,6,78172,M,,,78
201400035698,14,9,29,2230,5,2,2,1.0,3,78172,M,,,78
201400035699,14,9,29,1850,5,2,1,1.0,7,78382,M,,,78
201400035700,14,10,7,1520,1,1,3,1.0,7,78015,M,,,78
201400035701,14,10,11,2130,5,2,1,1.0,7,78172,M,,,78
201400035702,14,6,19,850,1,2,1,8.0,4,78168,M,,,78
201400035703,14,6,20,1655,1,2,1,1.0,3,78397,M,,,78
201400035704,14,6,30,1140,1,2,1,1.0,3,78168,M,,,78
201400035705,14,1,6,820,2,2,1,9.0,2,78208,M,,,78
201400035706,14,1,7,830,1,2,1,1.0,6,78168,M,,,78
201400035707,14,1,16,1604,1,2,1,1.0,6,78383,M,,,78
201400035708,14,1,29,1815,5,2,6,2.0,3,78383,M,,,78
201400035709,14,2,4,1940,5,2,1,1.0,1,78208,M,,,78
201400035710,14,2,8,2325,5,2,2,6.0,3,78208,M,,,78
201400035711,14,2,16,1,5,1,3,1.0,3,78168,M,,,78
201400035712,14,3,10,935,1,2,1,1.0,6,78644,M,,,78
201400035713,14,3,20,820,1,2,1,7.0,1,78208,M,,,78
201400035714,14,2,3,730,5,2,6,9.0,3,78383,M,,,78
201400035715,14,1,28,1505,1,2,1,1.0,6,78168,M,,,78
201400035716,14,4,25,915,1,2,1,2.0,3,78208,M,,,78
201400035717,14,2,3,1735,2,2,3,1.0,2,78383,M,,,78
201400035718,14,3,8,2210,5,2,5,1.0,3,78383,M,,,78
201400035719,14,1,30,815,1,2,6,1.0,3,78208,M,,,78
201400035720,14,5,20,1108,1,2,1,1.0,6,78168,M,,,78
201400035721,14,6,19,1735,1,2,1,1.0,6,78383,M,,,78
201400035722,14,6,21,1530,1,2,2,1.0,3,78397,M,,,78
201400035723,14,4,30,1155,1,2,2,7.0,3,78490,M,,,78
201400035724,14,6,28,1010,1,2,6,1.0,2,78383,M,,,78
201400035725,14,7,8,1500,1,2,1,2.0,1,78208,M,,,78
201400035726,14,7,14,1430,1,1,1,1.0,3,78208,M,,,78
201400035727,14,7,16,2000,1,2,1,1.0,6,78168,M,,,78
201400035728,14,5,1,1000,1,2,1,2.0,6,78383,M,,,78
201400035729,14,8,7,1420,1,2,1,3.0,3,78644,M,,,78
201400035730,14,9,19,2330,5,2,1,1.0,3,78644,M,,,78
201400035731,14,10,6,820,1,1,1,1.0,1,78397,M,,,78
201400035732,14,10,16,2020,5,2,1,2.0,6,78168,M,,,78
201400035733,14,5,19,825,1,2,1,1.0,3,78168,M,,,78
201400035734,14,12,4,1720,5,2,1,1.0,6,78383,M,,,78
201400035735,14,12,7,1900,5,2,2,2.0,3,78383,M,,,78
201400035736,14,6,10,1718,1,2,6,1.0,2,78208,M,,,78
201400035737,14,1,2,800,2,2,3,1.0,6,78297,M,,,78
201400035738,14,1,24,900,1,2,3,2.0,3,78423,M,,,78
201400035739,14,1,16,825,5,2,2,3.0,6,78423,M,,,78
201400035740,14,1,22,825,1,2,2,2.0,3,78297,M,,,78
201400035741,14,2,9,413,3,2,3,8.0,6,78688,M,,,78
201400035742,14,2,24,1215,1,2,4,1.0,6,78297,M,,,78
201400035743,14,3,19,2100,5,2,1,1.0,7,78423,M,,,78
201400035744,14,3,25,2110,4,2,1,1.0,6,78423,M,,,78
201400035745,14,3,20,926,1,2,1,1.0,3,78688,M,,,78
201400035746,14,1,30,1305,1,1,1,1.0,2,78423,M,,,78
201400035747,14,5,3,2210,5,2,1,1.0,6,78297,M,,,78
201400035748,14,2,13,1300,1,2,2,8.0,6,78297,M,,,78
201400035749,14,5,15,1240,1,2,1,1.0,2,78423,M,,,78
201400035750,14,5,20,850,1,2,1,1.0,6,78423,M,,,78
201400035751,14,6,2,950,1,2,1,1.0,2,78297,M,,,78
201400035752,14,6,2,845,1,2,1,1.0,2,78423,M,,,78
201400035753,14,6,11,1750,1,2,2,1.0,3,78423,M,,,78
201400035754,14,6,16,1705,1,2,1,1.0,6,78423,M,,,78
201400035755,14,6,24,825,1,2,1,1.0,6,78297,M,,,78
201400035756,14,7,21,1605,1,2,2,1.0,5,78423,M,,,78
201400035757,14,9,14,1955,1,2,1,1.0,6,78688,M,,,78
201400035758,14,10,24,805,1,2,6,1.0,3,78423,M,,,78
201400035759,14,10,30,1505,1,2,1,1.0,5,78297,M,,,78
201400035760,14,11,1,1740,2,2,3,1.0,3,78297,M,,,78
201400035761,14,11,1,1810,1,2,2,1.0,3,78688,M,,,78
201400035762,14,11,18,930,1,2,1,2.0,3,78297,M,,,78
201400035763,14,11,27,1810,5,2,1,9.0,6,78297,M,,,78
201400035764,14,12,10,730,5,2,3,2.0,3,78688,M,,,78