Num_Acc,an,mois,jour,hrmn,lum,agg,int,atm,col,com,gps,lat,long,dep
201400035765,14,12,15,1920,5,2,1,2.0,2,78297,M,,,78
201400035766,14,12,20,1950,3,1,1,1.0,3,78688,M,,,78
201400035767,14,1,13,740,5,2,1,1.0,3,78311,M,,,78
201400035768,14,1,15,1900,5,2,1,2.0,2,78311,M,,,78
201400035769,14,1,24,1745,5,2,1,8.0,2,78311,M,,,78
201400035770,14,3,15,1830,1,2,4,1.0,1,78124,M,,,78
201400035771,14,4,23,1935,1,2,1,1.0,6,78124,M,,,78
201400035772,14,7,6,2145,1,2,1,1.0,3,78311,M,,,78
201400035773,14,7,15,1800,1,2,3,1.0,3,78124,M,,,78
201400035774,14,3,12,1610,1,2,1,1.0,3,78311,M,,,78
201400035775,14,6,11,1015,1,2,3,1.0,6,78311,M,,,78
201400035776,14,7,26,1025,1,2,1,1.0,2,78311,M,,,78
201400035777,14,8,1,1845,1,2,1,1.0,3,78311,M,,,78
201400035778,14,8,29,730,1,2,3,1.0,3,78311,M,,,78
201400035779,14,10,11,2015,5,2,1,1.0,6,78311,M,,,78
201400035780,14,10,23,810,5,2,1,1.0,6,78124,M,,,78
201400035781,14,11,21,1805,5,2,1,1.0,3,78311,M,,,78
201400035782,14,12,8,2045,5,2,3,1.0,6,78311,M,,,78
201400035783,14,3,3,1500,1,1,1,2.0,1,78358,M,,,78
201400035784,14,4,30,1830,1,2,1,2.0,6,78358,M,,,78
201400035785,14,6,2,930,1,2,1,1.0,5,78358,M,,,78
201400035786,14,9,5,10,3,2,1,1.0,6,78358,M,,,78
201400035787,14,9,28,1114,1,2,1,1.0,3,78396,M,,,78
201400035788,14,12,20,1355,1,1,1,1.0,7,78358,M,,,78
201400035789,14,12,24,1225,1,2,1,9.0,2,78358,M,,,78
201400035790,14,1,13,1830,5,2,1,2.0,3,78361,M,,,78
201400035791,14,1,17,1830,5,2,1,1.0,1,78327,M,,,78
201400035792,14,1,24,1100,1,2,1,2.0,2,78267,M,,,78
201400035793,14,2,3,800,2,2,2,1.0,6,78362,M,,,78
201400035794,14,2,11,755,1,2,1,1.0,6,78314,M,,,78
201400035795,14,2,20,830,1,2,3,2.0,6,78531,M,,,78
201400035796,14,3,14,1730,1,2,1,1.0,6,78361,M,,,78
201400035797,14,3,18,1420,1,1,1,1.0,6,78531,M,,,78
201400035798,14,5,9,1205,1,2,1,1.0,6,78362,M,,,78
201400035799,14,5,17,1715,1,2,1,1.0,1,78361,M,,,78
201400035800,14,5,31,1800,1,2,1,1.0,6,78335,M,,,78
201400035801,14,6,20,1305,1,2,3,1.0,3,78361,M,,,78
201400035802,14,6,20,2235,5,2,1,1.0,6,78361,M,,,78
201400035803,14,6,21,1445,1,2,1,1.0,3,78314,M,,,78
201400035804,14,6,27,1000,1,2,1,1.0,6,78531,M,,,78
201400035805,14,7,8,1025,1,2,1,8.0,6,78361,M,,,78
201400035806,14,7,15,1725,1,2,3,1.0,3,78267,M,,,78
201400035807,14,7,23,1940,1,2,1,1.0,6,78361,M,,,78
201400035808,14,8,8,1250,1,2,1,8.0,6,78118,M,,,78
201400035809,14,9,2,735,1,2,1,1.0,3,78335,M,,,78
201400035810,14,9,13,200,5,2,1,1.0,7,78362,M,,,78
201400035811,14,9,16,2000,1,2,2,1.0,3,78267,M,,,78
201400035812,14,10,1,1310,1,2,1,1.0,6,78118,M,,,78
201400035813,14,10,1,1905,1,1,1,1.0,1,78531,M,,,78
201400035814,14,10,3,1020,1,2,1,1.0,3,78361,M,,,78
201400035815,14,10,3,1010,1,2,1,1.0,6,78361,M,,,78
201400035816,14,10,27,730,1,1,1,1.0,1,78335,M,,,78
201400035817,14,11,2,610,5,2,1,1.0,6,78361,M,,,78
201400035818,14,11,10,1725,5,2,1,1.0,6,78362,M,,,78
201400035819,14,11,26,1730,4,2,1,2.0,6,78267,M,,,78
201400035820,14,12,4,1530,1,2,1,1.0,6,78354,M,,,78
201400035821,14,12,23,2010,5,2,6,1.0,3,78361,M,,,78
201400035822,14,12,30,1450,1,2,2,1.0,3,78361,M,,,78
201400035823,14,1,6,830,1,2,3,1.0,6,78372,M,,,78
201400035824,14,4,10,900,1,2,1,1.0,7,78372,M,,,78
201400035825,14,7,3,1110,1,2,1,1.0,3,78502,M,,,78
201400035826,14,8,30,1900,1,1,1,1.0,7,78224,M,,,78
201400035827,14,9,10,1720,1,2,1,1.0,6,78502,M,,,78
201400035828,14,4,30,1015,1,1,2,1.0,3,78350,M,,,78
201400035829,14,2,2,1620,1,2,3,1.0,3,78372,M,,,78
201400035830,14,12,21,1645,2,2,1,1.0,1,78224,M,,,78
201400035831,14,1,9,1830,5,2,2,1.0,2,78401,M,,,78
201400035832,14,5,13,845,1,2,1,8.0,3,78403,M,,,78
201400035833,14,3,10,1553,1,1,1,1.0,7,78638,M,,,78
201400035834,14,12,16,1210,1,1,3,1.0,3,78609,M,,,78
201400035835,14,8,11,1115,1,2,2,1.0,6,78440,M,,,78
201400035836,14,4,17,1228,1,2,1,1.0,6,78401,M,,,78
201400035837,14,6,23,1540,1,2,1,1.0,6,78440,M,,,78
201400035838,14,6,15,625,1,2,1,1.0,6,78401,M,,,78
201400035839,14,12,27,730,3,1,1,2.0,6,78261,M,,,78
201400035840,14,1,11,1850,5,2,2,1.0,6,78401,M,,,78
201400035841,14,1,14,2025,5,2,1,1.0,3,78401,M,,,78
201400035842,14,1,13,1815,5,2,1,1.0,3,78440,M,,,78
201400035843,14,1,8,755,2,2,1,1.0,6,78440,M,,,78
201400035844,14,3,14,1720,1,2,1,1.0,1,78029,M,,,78
201400035845,14,3,25,1800,2,2,1,2.0,6,78440,M,,,78
201400035846,14,4,25,1220,1,2,1,2.0,3,78440,M,,,78
201400035847,14,4,27,1740,1,1,2,2.0,3,78440,M,,,78
201400035848,14,3,4,800,2,2,1,1.0,6,78440,M,,,78
201400035849,14,2,6,1830,5,2,1,1.0,6,78440,M,,,78
201400035850,14,8,11,1255,1,1,1,1.0,4,78238,M,,,78
201400035851,14,5,20,1438,1,2,1,1.0,1,78401,M,,,78
201400035852,14,6,5,1650,1,2,1,1.0,6,78401,M,,,78
201400035853,14,5,28,1550,1,2,1,8.0,3,78401,M,,,78
201400035854,14,8,12,1835,1,1,1,1.0,3,78227,M,,,78
201400035855,14,11,16,1430,1,2,1,1.0,6,78299,M,,,78
201400035856,14,10,29,1505,1,1,1,1.0,4,78440,M,,,78
201400035857,14,10,30,2030,5,2,1,1.0,3,78440,M,,,78
201400035858,14,11,26,850,1,2,1,2.0,3,78401,M,,,78
201400035859,14,9,9,1730,1,2,1,1.0,2,78440,M,,,78
201400035860,14,5,12,2230,2,2,1,1.0,3,78440,M,,,78
201400035861,14,5,16,1600,1,2,1,1.0,6,78440,M,,,78
201400035862,14,5,16,1600,1,2,1,1.0,2,78440,M,,,78
201400035863,14,3,11,2010,5,2,1,1.0,1,78440,M,,,78
201400035864,14,2,24,1800,2,2,1,1.0,3,78403,M,,,78
201400035865,14,10,7,1340,1,2,1,2.0,2,78440,M,,,78
201400035866,14,7,2,2200,1,2,2,1.0,3,78261,M,,,78
201400035867,14,7,22,2325,5,2,9,1.0,6,78440,M,,,78
201400035868,14,9,14,525,5,2,1,1.0,6,78440,M,,,78
201400035869,14,4,1,1130,1,2,1,1.0,4,78440,M,,,78
201400035870,14,11,12,1040,1,2,1,1.0,6,78029,M,,,78
201400035871,14,12,10,2055,5,1,1,1.0,6,78440,M,,,78
201400035872,14,10,9,1220,1,2,1,1.0,6,78440,M,,,78
201400035873,14,12,23,2245,5,2,1,2.0,3,78401,M,,,78
201400035874,14,5,29,1045,1,2,1,1.0,6,78238,M,,,78
201400035875,14,6,21,1730,1,2,2,1.0,6,78238,M,,,78
201400035876,14,10,6,947,1,1,4,1.0,6,78401,M,,,78
201400035877,14,1,30,1230,1,2,2,1.0,1,78401,M,,,78
201400035878,14,11,4,800,1,2,1,1.0,6,78299,M,,,78
201400035879,14,5,12,1110,1,2,1,1.0,2,78440,M,,,78
201400035880,14,6,11,1120,1,1,3,1.0,2,78238,M,,,78
201400035881,14,4,3,1820,1,2,1,1.0,6,78440,M,,,78
201400035882,14,8,17,2130,5,2,3,8.0,1,78029,M,,,78
201400035883,14,11,12,645,2,2,1,9.0,7,78238,M,,,78
201400035884,14,11,21,1359,1,2,1,1.0,3,78401,M,,,78
201400035885,14,9,18,635,2,2,2,1.0,3,78440,M,,,78
201400035886,14,2,2,1820,5,2,2,1.0,6,78440,M,,,78
201400035887,14,9,15,1750,1,2,6,1.0,2,78029,M,,,78
201400035888,14,10,23,745,2,2,1,1.0,2,78440,M,,,78
201400035889,14,6,20,1425,1,2,1,1.0,7,78440,M,,,78
201400035890,14,1,14,745,2,2,1,2.0,6,78440,M,,,78
201400035891,14,9,5,1410,1,2,1,1.0,3,78440,M,,,78
201400035892,14,1,5,1030,1,2,1,1.0,5,78490,M,,,78
201400035893,14,2,12,1040,1,2,1,1.0,6,78165,M,,,78
201400035894,14,2,9,1030,1,1,6,1.0,2,78490,M,,,78
201400035895,14,3,20,1320,1,1,1,1.0,7,78490,M,,,78
201400035896,14,4,4,810,1,2,1,1.0,6,78490,M,,,78
201400035897,14,4,5,2100,5,2,1,1.0,7,78490,M,,,78
201400035898,14,6,4,1020,1,2,6,2.0,1,78490,M,,,78
201400035899,14,6,28,1535,1,1,1,2.0,1,78490,M,,,78
201400035900,14,7,3,1940,1,2,1,1.0,6,78490,M,,,78
201400035901,14,7,8,2100,1,2,1,1.0,5,78490,M,,,78
201400035902,14,7,12,1710,1,2,1,1.0,6,78674,M,,,78
201400035903,14,9,4,1530,1,1,1,1.0,1,78490,M,,,78
201400035904,14,9,4,2245,5,2,1,1.0,2,78490,M,,,78
201400035905,14,8,31,1120,1,1,1,1.0,2,78490,M,,,78
201400035906,14,9,18,1600,1,2,1,1.0,6,78490,M,,,78
201400035907,14,9,26,1850,1,2,1,1.0,6,78490,M,,,78
201400035908,14,9,27,1030,1,2,2,1.0,6,78165,M,,,78
201400035909,14,11,25,2200,5,2,6,3.0,6,78490,M,,,78
201400035910,14,12,12,1910,5,2,1,3.0,2,78165,M,,,78
201400035911,14,1,10,1630,1,1,1,1.0,2,78672,M,,,78
201400035912,14,1,12,20,5,1,6,5.0,6,78498,M,,,78
201400035913,14,1,13,753,5,2,2,1.0,6,78672,M,,,78
201400035914,14,1,24,1645,1,2,1,1.0,2,78624,M,,,78
201400035915,14,1,28,450,5,2,1,1.0,7,78498,M,,,78
201400035916,14,1,30,1200,1,2,2,1.0,3,78498,M,,,78
201400035917,14,2,2,600,3,1,1,1.0,7,78624,M,,,78
201400035918,14,2,4,1245,1,2,1,1.0,3,78498,M,,,78
201400035919,14,2,24,1005,1,1,1,1.0,1,78624,M,,,78
201400035920,14,2,7,925,1,1,1,1.0,3,78498,M,,,78
201400035921,14,3,3,1815,1,2,1,1.0,6,78643,M,,,78
201400035922,14,3,8,1125,1,2,1,1.0,6,78498,M,,,78
201400035923,14,3,6,1255,1,2,2,1.0,1,78123,M,,,78
201400035924,14,2,25,800,1,2,3,2.0,2,78498,M,,,78
201400035925,14,3,12,2055,3,2,1,1.0,6,78123,M,,,78
201400035926,14,3,18,1945,2,1,1,1.0,3,78624,M,,,78
201400035927,14,3,10,845,1,2,6,1.0,6,78498,M,,,78
201400035928,14,3,21,1950,5,2,2,1.0,4,78498,M,,,78
201400035929,14,4,2,920,1,2,4,1.0,2,78498,M,,,78
201400035930,14,4,11,1615,1,2,1,1.0,1,78498,M,,,78
201400035931,14,4,22,1705,1,2,2,2.0,2,78498,M,,,78
201400035932,14,4,23,815,1,2,1,1.0,3,78498,M,,,78
201400035933,14,4,2,1550,1,2,2,1.0,3,78643,M,,,78
201400035934,14,5,5,1145,1,1,1,1.0,6,78643,M,,,78
201400035935,14,5,15,1100,1,2,1,1.0,6,78123,M,,,78
201400035936,14,5,10,1740,1,2,9,2.0,3,78123,M,,,78
201400035937,14,4,30,1935,1,2,2,1.0,6,78498,M,,,78
201400035938,14,4,8,1200,1,2,1,1.0,6,78498,M,,,78
201400035939,14,5,25,100,5,1,2,1.0,5,78498,M,,,78
201400035940,14,1,2,2135,1,1,6,1.0,6,78672,M,,,78
201400035941,14,6,2,1545,1,2,2,1.0,3,78498,M,,,78
201400035942,14,2,28,1750,1,1,1,2.0,1,78624,M,,,78
201400035943,14,7,3,2000,1,1,1,1.0,1,78624,M,,,78
201400035944,14,6,8,1800,1,2,1,1.0,3,78498,M,,,78
201400035945,14,5,29,1915,1,2,6,1.0,6,78643,M,,,78
201400035946,14,6,20,700,1,1,1,1.0,6,78123,M,,,78
201400035947,14,6,22,225,3,1,1,1.0,7,78643,M,,,78
201400035948,14,7,1,1100,1,2,1,1.0,2,78624,M,,,78
201400035949,14,7,1,1815,1,2,1,1.0,7,78123,M,,,78
201400035950,14,7,31,445,5,1,2,1.0,3,78123,M,,,78
201400035951,14,6,25,1100,1,2,1,1.0,4,78498,M,,,78
201400035952,14,7,17,1413,1,2,2,1.0,3,78498,M,,,78
201400035953,14,7,29,1410,1,2,2,1.0,6,78123,M,,,78
201400035954,14,8,17,1800,1,2,1,1.0,7,78672,M,,,78
201400035955,14,8,22,1800,1,2,1,2.0,2,78642,M,,,78
201400035956,14,8,31,1640,1,2,1,1.0,6,78643,M,,,78
201400035957,14,10,21,1400,1,1,1,2.0,1,78498,M,,,78
201400035958,14,9,11,800,1,2,1,1.0,6,78498,M,,,78
201400035959,14,9,10,900,1,2,6,1.0,6,78643,M,,,78
201400035960,14,9,23,1605,1,2,3,1.0,6,78498,M,,,78
201400035961,14,9,26,1655,1,2,2,1.0,4,78498,M,,,78
201400035962,14,10,20,2330,5,1,1,1.0,2,78123,M,,,78
201400035963,14,11,4,1700,1,1,1,1.0,6,78123,M,,,78
201400035964,14,10,23,1855,5,2,2,1.0,3,78498,M,,,78
201400035965,14,10,4,5,5,2,1,1.0,6,78498,M,,,78
201400035966,14,10,7,1415,1,2,3,1.0,1,78498,M,,,78
201400035967,14,9,26,1605,1,2,2,1.0,3,78672,M,,,78
201400035968,14,10,14,1340,1,2,4,9.0,7,78498,M,,,78
201400035969,14,11,10,845,1,2,1,1.0,6,78498,M,,,78
201400035970,14,11,15,2240,5,2,3,1.0,7,78498,M,,,78
201400035971,14,11,19,1720,1,2,1,1.0,7,78498,M,,,78
201400035972,14,11,23,1950,5,2,2,1.0,3,78123,M,,,78
201400035973,14,11,24,815,1,1,1,1.0,7,78123,M,,,78
201400035974,14,12,6,2155,3,1,1,1.0,6,78672,M,,,78
201400035975,14,11,22,1942,3,2,1,2.0,6,78624,M,,,78
201400035976,14,11,25,825,1,2,1,1.0,6,78498,M,,,78
201400035977,14,12,31,125,5,2,3,1.0,6,78123,M,,,78
201400035978,14,1,2,825,1,2,1,1.0,6,78517,M,,,78
201400035979,14,1,5,1200,1,1,1,1.0,7,78517,M,,,78
201400035980,14,2,1,1703,1,2,1,1.0,3,78517,M,,,78
201400035981,14,4,27,720,1,1,1,2.0,6,78517,M,,,78
201400035982,14,5,12,1610,1,2,4,1.0,3,78486,M,,,78
201400035983,14,6,21,1640,1,2,2,1.0,3,78517,M,,,78
201400035984,14,8,14,1545,1,1,4,8.0,3,78486,M,,,78
201400035985,14,8,15,1705,1,1,6,1.0,7,78269,M,,,78
201400035986,14,8,31,1130,1,1,1,1.0,2,78220,M,,,78
201400035987,14,9,6,2015,2,2,1,1.0,1,78517,M,,,78
201400035988,14,9,26,915,1,2,3,1.0,6,78517,M,,,78
201400035989,14,9,26,1825,1,1,3,1.0,3,78220,M,,,78
201400035990,14,10,1,210,3,1,1,1.0,3,78517,M,,,78
201400035991,14,11,14,1825,4,2,1,2.0,6,78517,M,,,78
201400035992,14,12,6,1110,1,2,1,7.0,6,78517,M,,,78
201400035993,14,12,23,1655,5,2,1,2.0,6,78517,M,,,78
201400035994,14,2,3,945,1,2,9,9.0,6,78545,M,,,78
201400035995,14,6,4,1950,1,2,6,7.0,6,78242,M,,,78
201400035996,14,6,12,815,1,2,1,1.0,3,78073,M,,,78
201400035997,14,10,14,1212,1,2,7,1.0,6,78242,M,,,78
201400035998,14,11,12,730,3,2,1,1.0,6,78545,M,,,78
201400035999,14,11,24,1800,5,2,1,1.0,1,78242,M,,,78
201400036000,14,12,12,1750,5,2,1,2.0,6,78545,M,,,78
201400036001,14,12,15,1725,5,2,9,2.0,6,78545,M,,,78
201400036002,14,1,8,810,4,2,1,1.0,6,78551,M,,,78
201400036003,14,1,31,1620,1,1,2,8.0,3,78551,M,,,78
201400036004,14,2,2,1555,1,1,2,1.0,3,78551,M,,,78
201400036005,14,2,5,1245,1,2,7,1.0,3,78551,M,,,78
201400036006,14,11,14,2145,5,2,1,1.0,6,78551,M,,,78
201400036007,14,4,1,1710,1,2,1,1.0,6,78551,M,,,78
201400036008,14,4,13,530,5,1,1,1.0,6,78133,M,,,78
201400036009,14,5,10,1545,1,2,1,1.0,7,78551,M,,,78
201400036010,14,5,31,1750,1,2,1,1.0,6,78551,M,,,78
201400036011,14,7,9,152,3,1,1,1.0,6,78551,M,,,78
201400036012,14,7,12,1130,1,2,1,1.0,6,78481,M,,,78
201400036013,14,7,15,1600,1,1,1,8.0,2,78551,M,,,78
201400036014,14,7,25,2330,5,1,1,1.0,3,78551,M,,,78
201400036015,14,8,29,1830,1,2,1,1.0,6,78551,M,,,78
201400036016,14,9,2,1455,1,2,1,1.0,2,78551,M,,,78
201400036017,14,10,3,1356,1,1,1,1.0,2,78551,M,,,78
201400036018,14,10,12,1815,2,1,1,1.0,3,78551,M,,,78
201400036019,14,10,23,1640,1,2,1,1.0,5,78551,M,,,78
201400036020,14,11,30,1200,1,2,1,1.0,6,78551,M,,,78
201400036021,14,11,27,1730,5,1,1,1.0,7,78251,M,,,78
201400036022,14,12,8,1810,5,2,1,1.0,7,78551,M,,,78
201400036023,14,12,19,1730,5,2,1,2.0,2,78586,M,,,78
201400036024,14,1,30,2120,5,2,2,1.0,2,78586,M,,,78
201400036025,14,2,4,1330,1,2,1,1.0,6,78586,M,,,78
201400036026,14,3,12,1230,1,2,1,1.0,7,78586,M,,,78
201400036027,14,4,4,1440,1,2,3,1.0,3,78586,M,,,78
201400036028,14,2,15,25,5,2,1,1.0,1,78586,M,,,78
201400036029,14,3,25,1645,1,2,3,2.0,6,78586,M,,,78
201400036030,14,4,8,900,1,2,1,1.0,6,78586,M,,,78
201400036031,14,5,31,1850,1,2,1,1.0,7,78586,M,,,78
201400036032,14,6,6,1150,1,2,1,1.0,3,78586,M,,,78
201400036033,14,6,10,1335,1,2,2,3.0,3,78586,M,,,78
201400036034,14,8,9,2240,5,2,1,1.0,6,78586,M,,,78
201400036035,14,9,23,1740,1,2,3,7.0,1,78586,M,,,78
201400036036,14,9,10,1740,1,2,3,1.0,3,78586,M,,,78
201400036037,14,9,3,1120,1,2,3,1.0,6,78586,M,,,78
201400036038,14,10,1,1155,1,2,1,1.0,7,78586,M,,,78
201400036039,14,10,12,25,5,2,3,1.0,3,78586,M,,,78
201400036040,14,11,9,1742,5,2,3,1.0,3,78586,M,,,78
201400036041,14,11,16,1350,1,2,1,2.0,1,78586,M,,,78
201400036042,14,11,18,810,1,2,3,2.0,6,78586,M,,,78
201400036043,14,11,12,1155,1,2,1,1.0,6,78586,M,,,78
201400036044,14,11,25,1631,1,2,1,1.0,6,78586,M,,,78
201400036045,14,12,10,1910,5,2,1,2.0,6,78586,M,,,78
201400036046,14,2,11,710,2,2,1,1.0,6,78621,M,,,78
201400036047,14,2,14,805,1,2,1,2.0,3,78621,M,,,78
201400036048,14,3,31,1720,1,2,1,1.0,2,78621,M,,,78
201400036049,14,3,19,1845,1,2,1,1.0,2,78621,M,,,78
201400036050,14,4,8,1550,1,2,1,1.0,6,78621,M,,,78
201400036051,14,3,8,1250,1,2,1,1.0,4,78621,M,,,78
201400036052,14,5,1,615,1,2,1,1.0,6,78621,M,,,78
201400036053,14,5,7,1545,1,2,2,2.0,3,78621,M,,,78
201400036054,14,5,11,1915,1,2,1,2.0,5,78621,M,,,78
201400036055,14,5,16,1030,1,2,1,1.0,2,78621,M,,,78
201400036056,14,5,8,1725,1,2,1,1.0,6,78621,M,,,78
201400036057,14,6,14,1910,1,2,1,1.0,2,78621,M,,,78
201400036058,14,7,2,800,1,1,1,1.0,2,78621,M,,,78
201400036059,14,6,26,200,5,1,1,1.0,6,78621,M,,,78
201400036060,14,7,26,200,5,1,1,1.0,6,78621,M,,,78
201400036061,14,9,16,955,1,2,1,1.0,6,78621,M,,,78
201400036062,14,10,9,1755,1,2,3,1.0,2,78621,M,,,78
201400036063,14,10,27,1147,1,2,1,1.0,2,78621,M,,,78
201400036064,14,12,22,1915,3,2,1,2.0,2,78322,M,,,78
201400036065,14,3,11,700,1,2,1,1.0,3,78640,M,,,78
201400036066,14,3,17,1355,1,2,3,8.0,2,78640,M,,,78
201400036067,14,12,17,920,1,2,1,3.0,7,78640,M,,,78
201400036068,14,2,14,1525,1,2,1,2.0,6,78640,M,,,78
201400036069,14,3,19,1820,1,2,1,1.0,3,78686,M,,,78
201400036070,14,4,1,900,1,2,4,1.0,3,78686,M,,,78
201400036071,14,4,9,1845,1,1,1,1.0,2,78640,M,,,78
201400036072,14,12,10,1526,1,2,1,1.0,7,78640,M,,,78
201400036073,14,6,13,1715,1,2,1,1.0,6,78640,M,,,78
201400036074,14,7,5,1510,1,2,1,1.0,3,78640,M,,,78
201400036075,14,8,25,1915,1,2,4,8.0,6,78640,M,,,78
201400036076,14,12,9,2140,5,2,2,1.0,6,78686,M,,,78
201400036077,14,8,29,1620,1,2,1,1.0,6,78686,M,,,78
201400036078,14,9,4,1500,1,2,1,1.0,6,78640,M,,,78
201400036079,14,9,9,1415,1,2,2,1.0,3,78640,M,,,78
201400036080,14,9,13,1750,1,2,1,1.0,6,78640,M,,,78
201400036081,14,9,22,515,3,2,1,8.0,7,78640,M,,,78
201400036082,14,10,24,1750,1,1,1,1.0,3,78640,M,,,78
201400036083,14,12,13,1730,4,1,1,2.0,4,78640,M,,,78
201400036084,14,12,19,1930,2,2,2,1.0,3,78686,M,,,78
201400036085,14,10,14,837,1,2,1,1.0,3,78646,M,,,78
201400036086,14,1,5,2005,5,2,5,2.0,3,78646,M,,,78
201400036087,14,1,6,1630,1,2,1,2.0,6,78646,M,,,78
201400036088,14,12,30,1615,1,2,1,1.0,2,78646,M,,,78
201400036089,14,6,19,2325,3,2,2,1.0,3,78646,M,,,78
201400036090,14,9,30,1110,1,2,9,1.0,6,78158,M,,,78
201400036091,14,8,9,805,1,2,1,1.0,6,78646,M,,,78
201400036092,14,9,8,625,2,2,1,1.0,3,78646,M,,,78
201400036093,14,9,9,1250,1,2,1,1.0,6,78646,M,,,78
201400036094,14,1,19,1340,1,2,2,1.0,6,78646,M,,,78
201400036095,14,1,15,1035,1,2,3,2.0,6,78646,M,,,78
201400036096,14,1,11,1825,5,2,3,1.0,6,78646,M,,,78
201400036097,14,1,9,1725,2,2,1,1.0,3,78646,M,,,78
201400036098,14,1,24,2230,1,2,1,1.0,6,78158,M,,,78
201400036099,14,1,29,1730,5,2,2,2.0,7,78646,M,,,78
201400036100,14,1,29,1835,5,2,1,2.0,3,78646,M,,,78
201400036101,14,2,6,1105,1,2,3,2.0,5,78646,M,,,78
201400036102,14,2,7,1530,1,2,1,1.0,6,78646,M,,,78
201400036103,14,2,21,1715,1,2,1,1.0,6,78646,M,,,78
201400036104,14,10,31,1525,1,2,2,1.0,3,78646,M,,,78
201400036105,14,10,14,1810,1,2,2,1.0,2,78646,M,,,78
201400036106,14,3,6,1245,1,2,3,1.0,2,78646,M,,,78
201400036107,14,3,11,1745,1,2,1,1.0,5,78646,M,,,78
201400036108,14,3,10,1325,1,2,1,1.0,3,78646,M,,,78
201400036109,14,10,23,730,5,2,3,1.0,3,78158,M,,,78
201400036110,14,3,13,1430,1,1,1,1.0,6,78158,M,,,78
201400036111,14,3,16,1005,1,2,3,1.0,3,78646,M,,,78
201400036112,14,3,16,1640,1,2,1,1.0,2,78646,M,,,78
201400036113,14,3,21,1215,1,2,2,1.0,6,78646,M,,,78
201400036114,14,10,14,1400,1,2,2,1.0,6,78646,M,,,78
201400036115,14,4,9,1345,1,2,2,1.0,2,78646,M,,,78
201400036116,14,4,24,1935,2,2,2,1.0,6,78646,M,,,78
201400036117,14,11,3,830,4,2,1,1.0,5,78158,M,,,78
201400036118,14,11,21,1250,1,2,1,1.0,7,78646,M,,,78
201400036119,14,5,12,2145,5,2,3,1.0,3,78646,M,,,78
201400036120,14,12,4,1855,5,2,2,1.0,3,78646,M,,,78
201400036121,14,12,19,1650,2,2,1,2.0,6,78646,M,,,78
201400036122,14,6,22,355,5,2,6,1.0,6,78646,M,,,78
201400036123,14,8,1,1355,1,2,1,1.0,6,78646,M,,,78
201400036124,14,9,23,1503,1,2,1,1.0,3,78646,M,,,78
201400036125,14,6,19,755,1,2,1,9.0,3,78646,M,,,78
201400036126,14,5,24,1240,1,2,1,1.0,3,78158,M,,,78
201400036127,14,10,6,710,2,2,1,1.0,3,78158,M,,,78
201400036128,14,10,11,1520,1,2,1,1.0,6,78158,M,,,78
201400036129,14,10,16,1100,1,2,1,1.0,6,78646,M,,,78
201400036130,14,11,4,1200,1,2,1,1.0,1,78646,M,,,78
201400036131,14,11,8,1105,1,2,2,1.0,6,78646,M,,,78
201400036132,14,11,17,1315,1,2,1,1.0,2,78646,M,,,78
201400036133,14,7,15,1530,1,2,1,1.0,6,78646,M,,,78
201400036134,14,11,27,2320,5,2,1,1.0,6,78646,M,,,78
201400036135,14,11,28,840,1,2,1,1.0,6,78158,M,,,78
201400036136,14,12,8,1530,1,2,3,1.0,3,78158,M,,,78
201400036137,14,12,27,2100,5,1,3,2.0,3,78646,M,0.0,345699.0,78
201400036138,14,7,7,700,2,2,3,1.0,7,78646,M,,,78
201400036139,14,1,23,830,1,2,3,1.0,6,78418,M,,,78
201400036140,14,1,6,1520,1,2,1,1.0,6,78418,M,,,78
201400036141,14,3,19,750,1,2,2,1.0,6,78650,M,,,78
201400036142,14,5,5,715,1,1,2,1.0,3,78418,M,,,78
201400036143,14,6,4,1800,1,2,1,1.0,6,78418,M,,,78
201400036144,14,8,11,1945,1,2,9,9.0,3,78418,M,,,78
201400036145,14,9,12,1655,1,2,3,1.0,6,78190,M,,,78
201400036146,14,9,13,1130,1,2,1,1.0,2,78146,M,,,78
201400036147,14,11,5,2150,5,2,3,1.0,3,78190,M,,,78
201400036148,14,1,1,1250,1,2,1,1.0,6,79191,M,,,79
201400036149,14,1,23,1940,3,2,1,1.0,3,79191,M,,,79
201400036150,14,1,27,1535,1,2,2,8.0,3,79191,M,,,79
201400036151,14,2,2,1540,1,2,2,1.0,6,79191,M,,,79
201400036152,14,2,17,1949,1,2,2,1.0,3,79191,M,,,79
201400036153,14,2,19,1950,5,2,2,1.0,6,79191,M,,,79
201400036154,14,2,26,2115,3,2,1,1.0,7,79191,M,,,79
201400036155,14,3,13,1020,1,2,1,1.0,1,79191,M,,,79
201400036156,14,3,28,2020,3,2,1,1.0,6,79191,M,,,79
201400036157,14,5,2,1330,1,2,2,1.0,3,79191,M,,,79
201400036158,14,2,7,1740,1,2,4,8.0,1,79191,M,,,79
201400036159,14,6,5,2230,5,2,1,1.0,6,79191,M,,,79
201400036160,14,7,9,1800,1,2,1,1.0,6,79191,M,,,79
201400036161,14,8,20,1140,1,2,4,1.0,3,79191,M,,,79
201400036162,14,9,6,1850,1,1,4,1.0,3,79191,M,,,79
201400036163,14,9,22,1035,1,2,1,1.0,3,79081,M,,,79
201400036164,14,9,23,1815,1,2,1,1.0,2,79191,M,,,79
201400036165,14,3,9,1200,1,2,1,1.0,3,79191,M,,,79
201400036166,14,10,3,645,5,2,2,1.0,3,79191,M,,,79
201400036167,14,11,8,1525,1,2,2,1.0,3,79191,M,,,79
201400036168,14,11,10,746,2,2,1,1.0,1,79191,M,,,79
201400036169,14,3,19,1000,1,2,1,1.0,6,79191,M,,,79
201400036170,14,10,29,1715,1,2,2,1.0,3,79191,M,,,79
201400036171,14,11,17,1745,5,2,1,1.0,3,79191,M,,,79