Num_Acc,an,mois,jour,hrmn,lum,agg,int,atm,col,com,gps,lat,long,dep
201400036172,14,4,9,2159,5,2,2,1.0,3,79191,M,,,79
201400036173,14,4,24,1800,1,2,1,1.0,7,79191,M,,,79
201400036174,14,5,2,1838,1,2,1,1.0,6,79191,M,,,79
201400036175,14,5,13,1344,1,2,9,1.0,3,79191,M,,,79
201400036176,14,5,14,1710,1,2,3,1.0,3,79191,M,,,79
201400036177,14,5,23,1955,1,2,6,8.0,1,79191,M,,,79
201400036178,14,6,20,1800,1,2,1,1.0,6,79191,M,,,79
201400036179,14,9,10,750,1,2,1,1.0,3,79191,M,,,79
201400036180,14,9,27,1135,1,2,1,1.0,3,79191,M,,,79
201400036181,14,10,9,1525,1,2,9,1.0,1,79191,M,,,79
201400036182,14,10,18,2340,4,2,1,1.0,7,79191,M,,,79
201400036183,14,11,6,730,5,2,4,1.0,3,79191,M,,,79
201400036184,14,11,6,905,1,2,3,1.0,3,79191,M,,,79
201400036185,14,11,6,1235,1,2,6,1.0,7,79191,M,,,79
201400036186,14,11,11,2235,5,2,2,2.0,3,79191,M,,,79
201400036187,14,11,12,1055,1,2,1,2.0,7,79191,M,,,79
201400036188,14,11,24,2115,5,2,1,2.0,6,79191,M,,,79
201400036189,14,11,26,713,3,2,1,5.0,3,79081,M,,,79
201400036190,14,11,27,1650,1,2,1,1.0,6,79191,M,,,79
201400036191,14,12,11,1005,1,2,1,1.0,7,79191,M,,,79
201400036192,14,12,15,1740,2,2,1,2.0,7,79191,M,,,79
201400036193,14,1,14,1815,5,2,2,8.0,3,79329,M,,,79
201400036194,14,1,15,1755,5,2,1,2.0,7,79329,M,,,79
201400036195,14,1,16,1034,1,2,9,2.0,2,79329,M,,,79
201400036196,14,2,14,828,1,2,1,2.0,2,79329,M,,,79
201400036197,14,3,13,1640,1,2,1,1.0,6,79329,M,,,79
201400036198,14,3,17,655,2,2,1,5.0,1,79329,M,,,79
201400036199,14,3,21,720,1,2,1,2.0,6,79329,M,,,79
201400036200,14,3,21,750,1,2,2,3.0,3,79300,M,,,79
201400036201,14,3,9,2330,3,1,3,,7,79259,M,,,79
201400036202,14,3,28,1713,1,2,2,1.0,6,79329,M,,,79
201400036203,14,4,4,800,1,1,2,8.0,3,79259,M,,,79
201400036204,14,4,10,745,1,2,6,1.0,2,79329,M,,,79
201400036205,14,4,11,1445,1,2,2,1.0,3,79329,M,,,79
201400036206,14,4,18,1800,1,2,2,1.0,3,79300,M,,,79
201400036207,14,4,23,1400,1,2,1,8.0,3,79329,M,,,79
201400036208,14,5,14,915,1,2,1,1.0,3,79300,M,,,79
201400036209,14,5,16,515,5,2,3,1.0,3,79329,M,,,79
201400036210,14,5,31,2118,2,2,1,1.0,6,79329,M,,,79
201400036211,14,5,31,2250,5,2,1,1.0,7,79329,M,,,79
201400036212,14,6,25,515,3,1,3,1.0,3,79259,M,,,79
201400036213,14,6,26,1005,1,2,2,1.0,3,79329,M,,,79
201400036214,14,6,30,1822,1,1,3,8.0,3,79329,M,,,79
201400036215,14,7,7,905,1,2,1,1.0,3,79329,M,,,79
201400036216,14,8,7,1310,1,2,1,1.0,3,79329,M,,,79
201400036217,14,8,27,1755,1,2,2,1.0,3,79329,M,,,79
201400036218,14,9,11,1555,1,2,8,1.0,7,79329,M,,,79
201400036219,14,9,12,1610,1,2,2,1.0,3,79329,M,,,79
201400036220,14,10,2,1700,1,2,1,1.0,2,79329,M,,,79
201400036221,14,10,6,1720,1,2,1,2.0,7,79259,M,,,79
201400036222,14,10,30,1645,1,2,1,1.0,7,79329,M,,,79
201400036223,14,11,7,1003,1,2,2,1.0,3,79329,M,,,79
201400036224,14,11,18,1845,3,2,2,1.0,3,79329,M,,,79
201400036225,14,12,9,945,1,2,2,1.0,1,79329,M,,,79
201400036226,14,12,10,1754,5,2,1,1.0,6,79329,M,,,79
201400036227,14,12,16,1755,5,2,1,2.0,6,79329,M,,,79
201400036228,14,12,17,1225,1,2,1,2.0,4,79259,M,,,79
201400036229,14,1,6,2225,5,2,1,2.0,6,80001,M,,,80
201400036230,14,5,15,1740,1,2,1,1.0,6,80001,M,5009826.0,185082.0,80
201400036231,14,5,19,1830,1,2,1,1.0,1,80001,M,5011022.0,184249.0,80
201400036232,14,6,10,2030,1,1,1,1.0,7,80001,M,5008363.0,184765.0,80
201400036233,14,6,13,1100,1,2,1,1.0,6,80001,M,5010714.0,183486.0,80
201400036234,14,6,10,1605,1,2,1,1.0,6,80001,M,5010249.0,182721.0,80
201400036235,14,8,14,1625,1,2,1,1.0,6,80001,M,,,80
201400036236,14,9,14,145,5,2,6,1.0,6,80001,M,5010988.0,184454.0,80
201400036237,14,10,16,1015,1,2,1,1.0,2,80001,M,5010626.0,184627.0,80
201400036238,14,10,27,900,1,2,1,1.0,3,80001,M,5010536.0,184005.0,80
201400036239,14,11,6,1755,5,2,1,8.0,6,80001,M,5011616.0,182756.0,80
201400036240,14,11,9,1910,5,2,6,2.0,3,80001,M,5010034.0,185678.0,80
201400036241,14,12,20,955,1,2,1,2.0,1,80001,M,5010492.0,179898.0,80
201400036242,14,12,21,1635,1,2,6,8.0,6,80001,M,5010401.0,182780.0,80
201400036243,14,1,4,1500,1,2,1,7.0,2,80021,M,4989273.0,227456.0,80
201400036244,14,1,3,1715,2,2,2,2.0,2,80021,M,4987370.0,228758.0,80
201400036245,14,1,4,1555,1,2,1,1.0,2,80256,M,,,80
201400036246,14,1,7,1005,1,2,1,1.0,2,80021,M,,,80
201400036247,14,1,7,1520,1,2,6,1.0,3,80021,M,4989088.0,227686.0,80
201400036248,14,1,8,1225,1,2,1,1.0,3,80021,M,4987220.0,229508.0,80
201400036249,14,1,8,2120,5,2,2,1.0,1,80021,M,4988978.0,229015.0,80
201400036250,14,1,8,1735,3,1,6,1.0,4,80379,M,,,80
201400036251,14,1,12,940,1,2,3,1.0,3,80021,M,4991036.0,225753.0,80
201400036252,14,1,11,1730,5,2,2,1.0,3,80021,M,4991164.0,229767.0,80
201400036253,14,1,14,1825,5,2,1,1.0,4,80021,M,4988521.0,228034.0,80
201400036254,14,1,13,815,1,2,1,1.0,6,80021,M,4987370.0,231259.0,80
201400036255,14,1,13,1500,1,2,1,1.0,2,80021,M,4987461.0,227026.0,80
201400036256,14,1,14,1710,1,2,3,1.0,2,80021,M,4987659.0,230594.0,80
201400036257,14,1,14,1700,1,2,1,1.0,6,80021,M,4987764.0,228646.0,80
201400036258,14,1,14,800,4,1,1,2.0,4,80489,M,,,80
201400036259,14,1,14,740,2,2,6,1.0,5,80021,M,4990748.0,230173.0,80
201400036260,14,1,15,800,2,2,1,8.0,6,80021,M,4989496.0,229907.0,80
201400036261,14,1,15,1330,1,1,1,2.0,2,80021,M,,,80
201400036262,14,1,16,920,1,2,1,3.0,4,80021,M,4987888.0,233628.0,80
201400036263,14,1,17,1115,1,2,1,1.0,6,80021,M,4989139.0,229906.0,80
201400036264,14,1,21,1930,5,2,1,1.0,6,80021,M,4989628.0,230288.0,80
201400036265,14,1,21,1710,2,2,6,1.0,3,80021,M,4988665.0,227861.0,80
201400036266,14,1,20,745,5,2,6,1.0,2,80021,M,4990748.0,230172.0,80
201400036267,14,1,27,1635,1,2,1,1.0,6,80021,M,4990043.0,226912.0,80
201400036268,14,1,25,1810,5,2,1,1.0,6,80021,M,4989111.0,230662.0,80
201400036269,14,1,29,1430,1,2,1,2.0,7,80021,M,4989570.0,229022.0,80
201400036270,14,1,28,1215,1,2,1,1.0,1,80021,M,4988980.0,232790.0,80
201400036271,14,2,3,820,1,2,1,1.0,2,80021,M,4991813.0,229264.0,80
201400036272,14,2,4,1325,1,2,6,1.0,3,80021,M,4987546.0,228191.0,80
201400036273,14,2,5,1020,1,2,3,1.0,3,80021,M,4987442.0,226778.0,80
201400036274,14,2,5,1435,1,2,1,1.0,2,80021,M,4988664.0,228837.0,80
201400036275,14,2,9,700,3,1,1,1.0,6,80131,M,4985105.0,237726.0,80
201400036276,14,2,9,530,3,1,1,1.0,6,80164,M,,,80
201400036277,14,2,7,1435,1,2,2,1.0,6,80021,M,4988951.0,230702.0,80
201400036278,14,2,7,900,1,2,1,2.0,3,80021,M,4989152.0,230715.0,80
201400036279,14,2,6,740,2,2,1,1.0,6,80021,M,4990343.0,227481.0,80
201400036280,14,2,6,1115,1,1,1,1.0,4,80724,M,,,80
201400036281,14,2,17,2345,4,1,1,1.0,7,80724,M,,,80
201400036282,14,2,11,1800,5,2,1,1.0,2,80261,M,,,80
201400036283,14,2,15,1034,1,2,6,1.0,7,80674,M,4991234.0,233837.0,80
201400036284,14,2,12,805,1,2,3,1.0,3,80021,M,4987220.0,232219.0,80
201400036285,14,2,12,1110,1,2,2,1.0,5,80021,M,4989452.0,230925.0,80
201400036286,14,2,19,410,5,2,1,1.0,7,80725,M,,,80
201400036287,14,2,17,1750,1,2,1,1.0,3,80021,M,4988522.0,228499.0,80
201400036288,14,2,18,1900,4,2,1,1.0,6,80021,M,4988130.0,230473.0,80
201400036289,14,2,17,930,1,1,1,1.0,3,80021,M,4990352.0,230714.0,80
201400036290,14,2,20,1850,5,2,1,3.0,6,80021,M,4989454.0,230920.0,80
201400036291,14,2,20,1920,5,2,1,2.0,6,80021,M,4988561.0,228573.0,80
201400036292,14,2,20,1955,3,1,1,1.0,7,80021,M,,,80
201400036293,14,2,26,1940,4,1,1,1.0,7,80379,M,,,80
201400036294,14,2,26,1330,1,2,1,1.0,5,80021,M,4988233.0,230449.0,80
201400036295,14,2,25,1725,1,2,3,1.0,3,80021,M,4987333.0,231854.0,80
201400036296,14,2,23,736,2,2,1,1.0,6,80021,M,4987931.0,229635.0,80
201400036297,14,3,7,2035,5,2,1,1.0,6,80021,M,4989064.0,230629.0,80
201400036298,14,3,12,1425,1,2,2,1.0,3,80489,M,4986691.0,235138.0,80
201400036299,14,3,12,840,1,2,1,1.0,2,80021,M,4990518.0,230141.0,80
201400036300,14,3,5,1830,2,2,1,2.0,3,80021,M,4988687.0,227837.0,80
201400036301,14,3,9,1955,5,2,1,1.0,6,80021,M,4988835.0,228957.0,80
201400036302,14,3,15,2230,5,2,3,1.0,3,80021,M,4990752.0,232079.0,80
201400036303,14,3,16,1520,1,2,1,1.0,6,80021,M,4988366.0,225657.0,80
201400036304,14,3,18,1315,1,2,1,1.0,6,80021,M,4988989.0,230579.0,80
201400036305,14,3,13,815,1,2,1,5.0,2,80725,M,4986664.0,225902.0,80
201400036306,14,3,18,1720,1,2,3,1.0,3,80021,M,4990175.0,230014.0,80
201400036307,14,3,22,1525,1,2,1,1.0,5,80379,M,,,80
201400036308,14,3,22,1920,2,2,1,1.0,3,80021,M,4987582.0,232861.0,80
201400036309,14,3,28,1345,1,2,6,1.0,3,80021,M,,,80
201400036310,14,3,28,1200,1,2,1,1.0,6,80021,M,4990187.0,227905.0,80
201400036311,14,3,26,850,1,2,6,1.0,3,80021,M,4989840.0,229058.0,80
201400036312,14,3,26,1950,5,2,1,1.0,2,80021,M,4987402.0,228875.0,80
201400036313,14,4,2,2030,5,2,1,1.0,6,80021,M,4990616.0,231772.0,80
201400036314,14,4,4,715,1,2,1,1.0,6,80021,M,4988122.0,230473.0,80
201400036315,14,4,4,1830,1,2,5,1.0,3,80021,M,4989790.0,229547.0,80
201400036316,14,4,4,1000,1,2,1,1.0,6,80021,M,4988878.0,229794.0,80
201400036317,14,4,9,1845,1,2,1,1.0,3,80021,M,4991055.0,231119.0,80
201400036318,14,4,8,1744,1,2,1,1.0,6,80021,M,4987108.0,231697.0,80
201400036319,14,4,11,1425,1,2,1,1.0,2,80021,M,4990347.0,227623.0,80
201400036320,14,4,11,745,1,2,1,1.0,3,80164,M,4988744.0,233796.0,80
201400036321,14,4,11,1935,1,2,1,1.0,3,80256,M,,,80
201400036322,14,4,14,1930,1,2,1,1.0,2,80021,M,4989354.0,228564.0,80
201400036323,14,4,14,1840,1,2,1,1.0,2,80489,M,4986679.0,235493.0,80
201400036324,14,4,15,1915,1,2,1,1.0,6,80021,M,4987081.0,231036.0,80
201400036325,14,4,15,1025,1,2,1,1.0,6,80021,M,4989449.0,229891.0,80
201400036326,14,4,15,1215,1,2,1,1.0,3,80021,M,4989231.0,230772.0,80
201400036327,14,4,16,1830,1,2,1,1.0,3,80021,M,4989125.0,231188.0,80
201400036328,14,4,17,1220,1,2,1,1.0,3,80021,M,4988811.0,228020.0,80
201400036329,14,4,18,1935,1,2,3,1.0,3,80021,M,4987299.0,232228.0,80
201400036330,14,4,23,1805,1,2,1,1.0,4,80489,M,4987325.0,235076.0,80
201400036331,14,4,30,1350,1,2,1,1.0,2,80021,M,4989381.0,229302.0,80
201400036332,14,5,1,1615,1,2,1,3.0,6,80021,M,4987854.0,231213.0,80
201400036333,14,5,3,1440,1,2,2,1.0,3,80021,M,4988537.0,229704.0,80
201400036334,14,5,6,1645,1,2,1,2.0,6,80021,M,4990905.0,232595.0,80
201400036335,14,5,6,1730,1,2,6,3.0,3,80021,M,4988547.0,231223.0,80
201400036336,14,5,6,1440,1,2,1,2.0,2,80021,M,4989546.0,228536.0,80
201400036337,14,5,11,2025,1,2,1,1.0,6,80021,M,4991906.0,230489.0,80
201400036338,14,5,16,1110,1,2,1,1.0,2,80021,M,4987939.0,229704.0,80
201400036339,14,5,16,2115,1,2,2,1.0,3,80021,M,4988858.0,230297.0,80
201400036340,14,5,17,1140,1,2,3,1.0,3,80724,M,,,80
201400036341,14,5,19,1340,1,2,1,1.0,3,80021,M,4990395.0,227877.0,80
201400036342,14,5,20,1200,1,2,1,1.0,3,80021,M,4990965.0,229826.0,80
201400036343,14,5,22,930,1,2,1,1.0,4,80131,M,,,80
201400036344,14,5,23,1535,1,2,1,2.0,2,80021,M,4988189.0,230458.0,80
201400036345,14,5,26,1340,1,2,3,2.0,3,80021,M,4989736.0,229782.0,80
201400036346,14,5,27,1320,1,2,1,1.0,2,80021,M,4990204.0,228424.0,80
201400036347,14,5,31,1410,1,2,1,1.0,3,80131,M,4986088.0,238132.0,80
201400036348,14,6,5,845,1,2,3,1.0,3,80021,M,4989266.0,228475.0,80
201400036349,14,6,5,1850,1,2,1,1.0,2,80021,M,4991161.0,229887.0,80
201400036350,14,6,9,655,1,2,1,1.0,6,80021,M,4991156.0,225143.0,80
201400036351,14,6,9,1415,1,2,1,8.0,6,80021,M,4988817.0,231594.0,80
201400036352,14,6,6,855,1,1,1,1.0,4,80131,M,,,80
201400036353,14,6,11,730,1,2,1,1.0,6,80021,M,4991010.0,231662.0,80
201400036354,14,6,13,2210,5,2,1,1.0,1,80379,M,4986542.0,239104.0,80
201400036355,14,6,19,1420,1,2,1,1.0,2,80674,M,4990258.0,232124.0,80
201400036356,14,6,19,1735,1,2,1,1.0,2,80021,M,4987758.0,231250.0,80
201400036357,14,6,20,1330,1,2,1,1.0,3,80021,M,4987933.0,229644.0,80
201400036358,14,6,20,1945,1,2,2,1.0,3,80021,M,4991054.0,231119.0,80
201400036359,14,6,22,1825,1,1,1,1.0,6,80379,M,,,80
201400036360,14,6,24,2216,5,2,1,1.0,1,80021,M,,,80
201400036361,14,6,27,1635,1,2,1,1.0,6,80021,M,4991186.0,231795.0,80
201400036362,14,6,27,2335,5,2,1,1.0,7,80021,M,4989249.0,230543.0,80
201400036363,14,6,29,1400,1,2,2,3.0,3,80021,M,4991164.0,230264.0,80
201400036364,14,6,29,1559,1,2,2,2.0,3,80021,M,4989444.0,230922.0,80
201400036365,14,6,30,820,1,1,1,1.0,4,80131,M,,,80
201400036366,14,7,1,1525,1,2,3,1.0,3,80021,M,4990414.0,226570.0,80
201400036367,14,7,5,2130,1,2,1,1.0,4,80021,M,4990318.0,231589.0,80
201400036368,14,7,12,1450,1,2,2,1.0,3,80021,M,4989523.0,229762.0,80
201400036369,14,7,15,1650,1,2,1,1.0,3,80021,M,4991273.0,230266.0,80
201400036370,14,7,10,1240,1,2,1,1.0,2,80021,M,4989914.0,228962.0,80
201400036371,14,7,16,1155,1,2,1,1.0,1,80021,M,4990987.0,225889.0,80
201400036372,14,7,9,1525,1,2,1,2.0,2,80021,M,4987579.0,231345.0,80
201400036373,14,7,9,1825,1,2,2,2.0,3,80021,M,4989644.0,229288.0,80
201400036374,14,7,7,1715,1,2,1,1.0,2,80021,M,4988829.0,229447.0,80
201400036375,14,7,3,1110,1,2,1,1.0,3,80489,M,4986786.0,236661.0,80
201400036376,14,7,3,820,1,2,1,1.0,6,80164,M,4988749.0,234414.0,80
201400036377,14,7,7,1715,1,2,1,1.0,6,80725,M,4987185.0,225795.0,80
201400036378,14,7,17,1725,1,2,1,1.0,6,80021,M,4988365.0,228255.0,80
201400036379,14,7,22,1700,1,2,1,1.0,2,80021,M,4990295.0,230455.0,80
201400036380,14,7,25,2225,5,2,3,1.0,3,80021,M,4988357.0,232459.0,80
201400036381,14,7,30,1700,1,2,1,1.0,6,80021,M,4991469.0,231977.0,80
201400036382,14,7,31,1205,1,2,1,1.0,3,80021,M,4989229.0,230774.0,80
201400036383,14,8,2,2050,1,2,1,1.0,2,80021,M,4990453.0,230210.0,80
201400036384,14,8,1,1705,1,2,1,1.0,3,80021,M,4990797.0,226422.0,80
201400036385,14,8,3,2010,1,2,1,1.0,6,80021,M,4989820.0,226308.0,80
201400036386,14,8,4,2135,2,2,1,1.0,3,80021,M,4990848.0,230443.0,80
201400036387,14,8,7,1740,1,2,1,1.0,3,80021,M,4991309.0,230256.0,80
201400036388,14,8,7,1750,1,2,3,1.0,3,80702,M,4983764.0,230980.0,80
201400036389,14,8,24,1850,1,2,1,1.0,1,80489,M,4986443.0,235258.0,80
201400036390,14,8,19,1730,1,2,1,1.0,3,80725,M,4986576.0,224039.0,80
201400036391,14,8,22,1010,1,2,1,1.0,6,80702,M,4983177.0,231585.0,80
201400036392,14,8,25,2120,5,2,1,3.0,6,80021,M,4987624.0,232476.0,80
201400036393,14,8,26,1630,1,2,1,1.0,5,80021,M,4992447.0,230531.0,80
201400036394,14,8,27,1855,1,2,1,1.0,7,80021,M,4992441.0,229182.0,80
201400036395,14,8,27,1220,1,2,1,1.0,3,80021,M,4992816.0,228703.0,80
201400036396,14,8,26,2015,1,2,1,1.0,3,80021,M,4989516.0,229932.0,80
201400036397,14,8,28,1305,1,2,2,2.0,3,80021,M,4990148.0,228413.0,80
201400036398,14,8,29,2100,2,2,1,1.0,2,80021,M,4989246.0,230225.0,80
201400036399,14,8,31,1855,1,2,1,1.0,3,80021,M,4991062.0,231361.0,80
201400036400,14,9,1,1015,1,2,1,1.0,2,80021,M,4994021.0,228105.0,80
201400036401,14,9,2,1715,1,2,1,1.0,6,80021,M,4990782.0,231768.0,80
201400036402,14,9,4,2155,5,2,3,1.0,3,80021,M,4990500.0,228930.0,80
201400036403,14,9,5,10,5,2,1,1.0,6,80021,M,4990050.0,226918.0,80
201400036404,14,9,7,1910,1,2,6,1.0,3,80021,M,4989082.0,227681.0,80
201400036405,14,9,8,845,1,2,1,1.0,7,80021,M,4989741.0,229769.0,80
201400036406,14,9,11,820,1,2,1,1.0,2,80021,M,4991050.0,229361.0,80
201400036407,14,9,13,1640,1,2,1,1.0,7,80021,M,4988798.0,230354.0,80
201400036408,14,9,13,1615,1,1,1,1.0,2,80164,M,4990308.0,235942.0,80
201400036409,14,9,16,2120,2,2,1,1.0,6,80021,M,4987793.0,227151.0,80
201400036410,14,9,17,1740,1,2,1,1.0,7,80021,M,4991057.0,231188.0,80
201400036411,14,9,18,2040,2,2,3,3.0,3,80021,M,4990616.0,228596.0,80
201400036412,14,9,18,1715,1,2,3,1.0,3,80021,M,4989953.0,230456.0,80
201400036413,14,9,19,1845,1,2,1,1.0,7,80021,M,4990595.0,230101.0,80
201400036414,14,9,22,900,1,2,4,1.0,3,80021,M,4988836.0,231259.0,80
201400036415,14,9,22,920,1,2,1,1.0,2,80021,M,4987911.0,230088.0,80
201400036416,14,9,24,1830,1,1,1,3.0,7,80674,M,4990478.0,235142.0,80
201400036417,14,9,24,2145,5,2,6,1.0,3,80021,M,4987560.0,228180.0,80
201400036418,14,9,26,2235,5,2,3,1.0,3,80021,M,4990080.0,229872.0,80
201400036419,14,9,26,820,1,2,1,1.0,7,80021,M,4991060.0,231363.0,80
201400036420,14,9,28,2105,5,2,1,1.0,2,80489,M,4987117.0,235548.0,80
201400036421,14,9,27,2135,5,2,1,1.0,3,80021,M,4988752.0,231464.0,80
201400036422,14,9,30,1820,1,1,1,1.0,4,80379,M,4986831.0,239199.0,80
201400036423,14,9,30,1555,1,2,1,1.0,2,80021,M,4990357.0,227157.0,80
201400036424,14,10,1,1020,1,2,3,1.0,3,80021,M,4987776.0,231238.0,80
201400036425,14,10,1,1505,1,2,1,1.0,7,80021,M,4989436.0,229693.0,80
201400036426,14,10,1,1850,1,2,1,1.0,7,80021,M,4991423.0,228035.0,80
201400036427,14,10,1,2020,5,1,1,1.0,3,80021,M,4990672.0,226811.0,80
201400036428,14,10,2,815,1,2,1,1.0,7,80021,M,4987754.0,227081.0,80
201400036429,14,10,3,1955,4,2,1,1.0,7,80021,M,4991537.0,225288.0,80
201400036430,14,10,3,1545,1,2,1,1.0,7,80021,M,4988541.0,228754.0,80
201400036431,14,10,4,950,1,2,1,1.0,3,80021,M,4990721.0,231792.0,80
201400036432,14,10,6,1710,1,2,1,2.0,3,80021,M,4990677.0,231848.0,80
201400036433,14,10,8,1425,1,2,1,2.0,7,80021,M,4987505.0,230639.0,80
201400036434,14,10,8,1845,1,2,1,2.0,3,80021,M,4992063.0,225974.0,80
201400036435,14,10,13,1135,1,2,1,1.0,3,80021,M,4988526.0,226713.0,80
201400036436,14,10,17,1210,1,2,1,1.0,1,80021,M,4993158.0,226524.0,80
201400036437,14,10,18,105,3,1,1,1.0,7,80131,M,4983915.0,233899.0,80
201400036438,14,10,19,2345,5,2,1,1.0,3,80021,M,4991158.0,225033.0,80
201400036439,14,10,21,1530,1,2,3,1.0,3,80021,M,4987135.0,228522.0,80
201400036440,14,10,25,1530,1,1,1,1.0,1,80725,M,4985908.0,225440.0,80
201400036441,14,11,4,920,1,2,1,1.0,6,80021,M,4988587.0,231597.0,80
201400036442,14,11,4,1135,1,2,1,1.0,3,80160,M,4985915.0,233860.0,80
201400036443,14,11,5,1730,1,2,1,1.0,7,80021,M,4987444.0,226728.0,80
201400036444,14,11,6,1445,1,2,2,1.0,3,80021,M,4990320.0,231531.0,80
201400036445,14,11,8,2145,5,2,1,1.0,7,80021,M,4989671.0,230059.0,80
201400036446,14,11,7,1715,2,2,1,1.0,7,80160,M,4986019.0,234378.0,80
201400036447,14,11,12,1255,1,2,6,1.0,3,80021,M,4990579.0,227142.0,80
201400036448,14,11,13,725,2,2,1,1.0,3,80021,M,4989281.0,231817.0,80
201400036449,14,11,13,1710,1,2,3,1.0,1,80021,M,4990713.0,229007.0,80
201400036450,14,11,13,1700,2,2,2,1.0,3,80021,M,4989251.0,228449.0,80
201400036451,14,11,17,1835,5,2,1,2.0,7,80021,M,,,80
201400036452,14,11,18,2305,5,2,1,1.0,2,80725,M,4986931.0,223988.0,80
201400036453,14,11,19,810,2,1,1,5.0,4,80702,M,4985934.0,230695.0,80
201400036454,14,11,19,1300,1,2,6,1.0,3,80021,M,4988667.0,227884.0,80
201400036455,14,11,21,1600,2,2,1,1.0,1,80725,M,4987086.0,226074.0,80
201400036456,14,11,23,1905,5,2,1,1.0,7,80021,M,4988203.0,231706.0,80
201400036457,14,11,23,1445,1,2,1,1.0,3,80021,M,4990696.0,231896.0,80
201400036458,14,11,25,730,5,2,1,1.0,7,80021,M,4991305.0,231333.0,80
201400036459,14,11,25,1750,5,2,1,1.0,7,80021,M,4988179.0,231724.0,80
201400036460,14,11,26,950,1,2,1,1.0,2,80021,M,4990355.0,231205.0,80
201400036461,14,11,29,1415,1,2,1,1.0,4,80379,M,4986612.0,237923.0,80
201400036462,14,11,27,755,2,2,1,1.0,3,80021,M,4991162.0,229666.0,80
201400036463,14,11,30,1725,5,2,1,1.0,2,80021,M,4988977.0,230568.0,80
201400036464,14,12,2,1500,1,2,1,2.0,7,80021,M,4988575.0,229582.0,80
201400036465,14,12,3,1135,1,2,1,1.0,7,80261,M,4986271.0,227963.0,80
201400036466,14,12,6,1505,1,2,1,1.0,2,80021,M,4989005.0,230588.0,80
201400036467,14,12,5,1740,5,2,1,2.0,7,80379,M,4986522.0,237899.0,80
201400036468,14,12,5,1720,5,2,1,2.0,7,80021,M,4989105.0,230680.0,80
201400036469,14,12,9,815,1,2,3,1.0,7,80021,M,4987890.0,231536.0,80
201400036470,14,12,10,2250,5,2,3,2.0,3,80021,M,4990336.0,231392.0,80
201400036471,14,12,12,2020,5,2,1,2.0,3,80021,M,4986911.0,233433.0,80
201400036472,14,12,12,1355,1,2,2,2.0,3,80021,M,4990257.0,230268.0,80
201400036473,14,12,12,2230,5,2,1,2.0,7,80021,M,4990859.0,231734.0,80
201400036474,14,12,18,1530,1,2,1,1.0,3,80021,M,4988000.0,228378.0,80
201400036475,14,12,21,1650,1,2,1,1.0,7,80021,M,4989520.0,230760.0,80
201400036476,14,12,19,1820,2,2,3,1.0,7,80021,M,4989197.0,229069.0,80
201400036477,14,12,19,955,1,2,1,1.0,2,80021,M,4990347.0,230646.0,80
201400036478,14,12,23,1740,5,2,1,1.0,1,80021,M,4990849.0,226216.0,80
201400036479,14,12,28,1510,1,2,3,1.0,3,80021,M,4988089.0,231329.0,80
201400036480,14,12,27,2140,5,2,1,1.0,7,80021,M,4988962.0,228170.0,80
201400036481,14,12,29,850,1,2,3,1.0,7,80021,M,4989474.0,230926.0,80
201400036482,14,1,23,900,1,2,2,2.0,3,81004,M,,,81
201400036483,14,3,18,1600,1,2,1,8.0,6,81004,M,4392979.0,214740.0,81
201400036484,14,3,28,850,1,2,1,1.0,2,81004,M,4393700.0,216703.0,81
201400036485,14,4,17,1505,1,2,3,1.0,3,81004,M,4395040.0,212732.0,81
201400036486,14,5,30,1600,1,2,1,1.0,3,81004,M,4392000.0,214026.0,81
201400036487,14,6,5,525,3,1,1,1.0,6,81004,M,4395120.0,212327.0,81
201400036488,14,7,19,6,5,2,2,1.0,1,81004,M,,,81
201400036489,14,7,19,1530,1,1,1,1.0,1,81004,M,4391880.0,230896.0,81
201400036490,14,10,4,1119,1,2,2,1.0,6,81004,M,4393850.0,218484.0,81
201400036491,14,10,7,200,5,2,1,1.0,3,81004,M,4393330.0,214662.0,81
201400036492,14,3,5,2325,5,2,1,1.0,7,81060,M,4404280.0,215971.0,81
201400036493,14,3,8,2200,5,2,2,1.0,3,81060,M,4405300.0,214312.0,81
201400036494,14,7,25,525,5,2,1,1.0,6,81060,M,4405412.0,215885.0,81
201400036495,14,7,29,1903,1,2,7,1.0,6,81033,M,4403960.0,215066.0,81
201400036496,14,10,29,930,1,2,8,1.0,6,81060,M,4405320.0,215898.0,81