Num_Acc,an,mois,jour,hrmn,lum,agg,int,atm,col,com,gps,lat,long,dep
201400036497,14,12,6,120,5,2,0,2.0,6,81060,M,,,81
201400036498,14,12,12,1910,5,2,1,1.0,7,81060,M,,,81
201400036499,14,1,10,1100,1,1,1,1.0,2,81065,M,4358880.0,219311.0,81
201400036500,14,1,19,150,3,1,1,1.0,6,81065,M,4363500.0,222524.0,81
201400036501,14,2,9,810,2,2,1,1.0,6,81065,M,,,81
201400036502,14,3,17,300,3,1,1,1.0,7,81065,M,4361950.0,229680.0,81
201400036503,14,4,2,1600,1,1,1,1.0,5,81065,M,4359650.0,221927.0,81
201400036504,14,4,12,1400,1,2,1,1.0,6,81065,M,4361549.0,223686.0,81
201400036505,14,5,20,1045,1,1,1,6.0,1,81065,M,4366250.0,222647.0,81
201400036506,14,8,12,1720,1,1,1,1.0,3,81065,M,4364670.0,218528.0,81
201400036507,14,9,19,1555,1,2,1,1.0,3,81065,M,4362310.0,225188.0,81
201400036508,14,9,25,30,5,2,3,1.0,3,81065,M,4360320.0,225386.0,81
201400036509,14,11,22,1045,1,2,3,1.0,6,81065,M,4359540.0,226387.0,81
201400036510,14,12,18,1640,2,2,1,3.0,7,81065,M,4361650.0,226905.0,81
201400036511,14,6,14,1655,1,2,1,1.0,6,81021,M,4348260.0,237590.0,81
201400036512,14,7,30,1500,1,2,2,1.0,3,81021,M,4350050.0,236651.0,81
201400036513,14,9,25,920,1,1,3,1.0,3,81163,M,4346430.0,236332.0,81
201400036514,14,9,20,1855,1,2,3,1.0,3,81163,M,4349370.0,238818.0,81
201400036515,14,12,1,1745,3,2,1,1.0,6,81021,M,,,81
201400036516,14,1,10,1129,1,1,1,2.0,1,82033,M,,,82
201400036517,14,2,21,1710,1,1,1,2.0,4,82033,M,,,82
201400036518,14,2,19,1940,2,1,1,1.0,2,82033,M,,,82
201400036519,14,4,22,910,1,2,2,2.0,2,82033,M,4404620.0,109975.0,82
201400036520,14,5,5,1515,1,1,1,1.0,3,82033,M,,,82
201400036521,14,8,10,2140,2,2,6,1.0,3,82033,M,,,82
201400036522,14,8,18,1910,1,1,1,1.0,3,82033,M,,,82
201400036523,14,9,28,1450,1,2,3,1.0,3,82033,M,,,82
201400036524,14,9,29,1735,1,2,1,1.0,6,82033,M,,,82
201400036525,14,10,21,1305,1,1,1,1.0,1,82033,M,,,82
201400036526,14,11,21,305,5,2,2,1.0,6,82033,M,,,82
201400036527,14,10,10,1125,1,2,1,2.0,2,82033,M,,,82
201400036528,14,11,14,1145,1,2,1,1.0,2,82033,M,,,82
201400036529,14,12,7,2050,3,1,1,1.0,7,82033,M,,,82
201400036530,14,1,3,915,1,2,3,2.0,3,82121,M,,,82
201400036531,14,1,3,1641,1,1,1,1.0,6,82121,M,,,82
201400036532,14,1,14,1020,1,2,6,3.0,3,82121,M,,,82
201400036533,14,1,15,755,5,2,1,1.0,6,82121,M,,,82
201400036534,14,1,20,1710,1,2,5,1.0,6,82121,M,,,82
201400036535,14,1,21,1645,1,2,1,7.0,6,82121,M,,,82
201400036536,14,12,13,1348,1,1,1,1.0,7,82121,M,,,82
201400036537,14,2,11,1900,5,2,2,3.0,1,82121,M,,,82
201400036538,14,2,20,1830,1,2,1,1.0,2,82121,M,,,82
201400036539,14,3,3,1045,1,2,1,1.0,6,82121,M,,,82
201400036540,14,3,5,955,1,2,1,1.0,2,82121,M,,,82
201400036541,14,3,8,140,5,2,1,1.0,7,82121,M,,,82
201400036542,14,3,13,1340,1,2,3,1.0,3,82121,M,,,82
201400036543,14,3,14,1950,5,2,1,1.0,6,82121,M,,,82
201400036544,14,3,10,1830,1,1,3,1.0,3,82121,M,,,82
201400036545,14,3,17,900,1,2,2,1.0,6,82121,M,,,82
201400036546,14,3,16,730,3,1,1,1.0,6,82121,M,,,82
201400036547,14,3,18,1655,1,2,1,1.0,6,82121,M,,,82
201400036548,14,3,12,1405,1,2,1,1.0,1,82121,M,,,82
201400036549,14,3,30,725,2,1,1,6.0,6,82121,M,,,82
201400036550,14,4,3,1550,1,2,1,2.0,6,82121,M,4401630.0,135487.0,82
201400036551,14,3,30,1845,1,1,1,1.0,6,82121,M,,,82
201400036552,14,4,6,655,2,1,1,1.0,6,82121,M,4403260.0,141396.0,82
201400036553,14,4,15,1730,1,1,1,1.0,4,82121,M,,,82
201400036554,14,4,26,20,3,1,1,2.0,6,82121,M,,,82
201400036555,14,5,4,520,5,2,1,1.0,2,82121,M,4400730.0,134364.0,82
201400036556,14,5,7,1500,1,1,1,1.0,1,82121,M,4404900.0,129708.0,82
201400036557,14,5,28,1755,1,1,1,1.0,3,82121,M,,,82
201400036558,14,6,9,1850,1,2,9,1.0,3,82121,M,,,82
201400036559,14,6,21,1455,1,1,1,1.0,1,82121,M,,,82
201400036560,14,7,4,1130,1,2,1,1.0,7,82121,M,,,82
201400036561,14,7,15,15,5,2,1,1.0,3,82121,M,,,82
201400036562,14,8,6,1730,1,1,1,1.0,6,82121,M,,,82
201400036563,14,8,7,1630,1,2,6,1.0,3,82121,M,,,82
201400036564,14,8,19,1650,1,2,1,1.0,3,82121,M,,,82
201400036565,14,9,1,1545,1,1,1,1.0,7,82121,M,,,82
201400036566,14,9,1,1930,1,1,3,1.0,3,82121,M,4400280.0,135576.0,82
201400036567,14,9,11,1750,1,2,6,1.0,2,82121,M,,,82
201400036568,14,10,7,820,1,2,3,1.0,3,82121,M,,,82
201400036569,14,10,12,125,5,2,3,1.0,3,82121,M,,,82
201400036570,14,10,10,1536,1,2,6,1.0,6,82121,M,,,82
201400036571,14,10,11,1910,5,2,3,1.0,3,82121,M,,,82
201400036572,14,11,4,1540,1,2,1,1.0,6,82121,M,,,82
201400036573,14,11,16,1445,1,1,3,2.0,3,82121,M,,,82
201400036574,14,11,18,1250,1,2,1,1.0,2,82121,M,,,82
201400036575,14,11,18,735,3,1,1,1.0,2,82121,M,,,82
201400036576,14,11,22,1600,1,2,1,1.0,6,82121,M,,,82
201400036577,14,11,28,746,5,2,3,1.0,3,82121,M,,,82
201400036578,14,11,30,1910,5,2,1,1.0,3,82121,M,,,82
201400036579,14,10,4,2120,5,2,1,1.0,6,82121,M,,,82
201400036580,14,12,7,1330,1,2,6,1.0,3,82121,M,,,82
201400036581,14,12,9,1815,3,1,8,1.0,3,82121,M,,,82
201400036582,14,12,21,1745,5,2,1,1.0,6,82121,M,,,82
201400036583,14,12,19,1550,1,1,1,2.0,1,82121,M,,,82
201400036584,14,12,29,1050,1,2,6,7.0,6,82121,M,,,82
201400036585,14,1,20,725,2,2,1,1.0,3,83050,M,,,83
201400036586,14,1,20,1700,1,2,6,1.0,3,83050,M,4353028.0,647558.0,83
201400036587,14,1,28,2025,5,2,1,1.0,2,83141,M,,,83
201400036588,14,2,4,1740,5,2,6,2.0,3,83050,M,4353035.0,647561.0,83
201400036589,14,2,5,1645,1,2,1,1.0,4,83050,M,4353059.0,645648.0,83
201400036590,14,2,13,820,1,2,3,1.0,3,83050,M,,,83
201400036591,14,3,11,2025,5,2,1,1.0,7,83050,M,4353535.0,646523.0,83
201400036592,14,3,23,1650,1,2,3,1.0,6,83050,M,,,83
201400036593,14,4,16,1352,1,2,1,1.0,6,83050,M,4352974.0,646789.0,83
201400036594,14,4,29,1722,1,2,1,1.0,6,83050,M,,,83
201400036595,14,5,4,1010,1,2,1,1.0,3,83050,M,,,83
201400036596,14,5,8,1310,1,2,2,1.0,3,83050,M,4353082.0,647995.0,83
201400036597,14,4,22,1240,1,2,1,1.0,1,83050,M,,,83
201400036598,14,6,7,1410,1,2,1,1.0,5,83050,M,4352090.0,646998.0,83
201400036599,14,6,19,1640,1,2,9,1.0,6,83050,M,4353439.0,645690.0,83
201400036600,14,6,20,1800,1,2,1,1.0,3,83050,M,,,83
201400036601,14,7,8,1804,1,1,1,1.0,2,83141,M,,,83
201400036602,14,7,11,1800,1,2,1,1.0,6,83141,M,4350169.0,648379.0,83
201400036603,14,8,21,900,1,2,4,1.0,3,83050,M,,,83
201400036604,14,9,3,1125,1,2,3,1.0,6,83050,M,4353533.0,646350.0,83
201400036605,14,9,6,1400,1,2,3,9.0,6,83141,M,4350091.0,648584.0,83
201400036606,14,9,20,1535,1,2,6,1.0,3,83141,M,,,83
201400036607,14,9,26,840,1,2,1,7.0,6,83050,M,,,83
201400036608,14,10,22,813,1,2,6,1.0,3,83050,M,,,83
201400036609,14,10,22,1145,1,2,1,1.0,6,83050,M,4353717.0,646609.0,83
201400036610,14,10,26,1540,1,2,1,1.0,6,83050,M,,,83
201400036611,14,11,15,1805,4,1,1,8.0,1,83050,M,,,83
201400036612,14,11,9,1620,1,2,3,2.0,3,83050,M,4353236.0,646326.0,83
201400036613,14,12,6,1635,2,2,1,8.0,7,83050,M,4353138.0,646992.0,83
201400036614,14,12,4,850,1,2,9,1.0,3,83050,M,4353185.0,647297.0,83
201400036615,14,11,27,1700,5,2,6,3.0,6,83050,M,4353159.0,647400.0,83
201400036616,14,12,4,1650,1,2,1,2.0,6,83050,M,,,83
201400036617,14,12,13,530,5,2,6,1.0,7,83050,M,4352346.0,646198.0,83
201400036618,14,12,18,1215,1,2,4,1.0,3,83050,M,4352912.0,648550.0,83
201400036619,14,12,23,1825,5,2,3,1.0,1,83050,M,4352255.0,646467.0,83
201400036620,14,12,31,1030,1,2,6,1.0,3,83050,M,4353147.0,647380.0,83
201400036621,14,12,16,2215,5,2,6,1.0,3,83061,M,4343476.0,675402.0,83
201400036622,14,1,23,1650,1,1,1,1.0,7,83118,M,4345530.0,682708.0,83
201400036623,14,2,11,915,1,2,6,2.0,2,83061,M,,,83
201400036624,14,2,22,1035,1,2,1,1.0,7,83118,M,,,83
201400036625,14,3,1,920,1,2,1,1.0,6,83118,M,,,83
201400036626,14,2,1,1730,1,2,1,1.0,7,83061,M,,,83
201400036627,14,3,25,1445,1,1,1,1.0,7,83061,M,4342027.0,674406.0,83
201400036628,14,2,9,955,1,2,1,1.0,6,83118,M,4342766.0,678165.0,83
201400036629,14,4,1,821,1,1,1,1.0,6,83118,M,4345432.0,680515.0,83
201400036630,14,4,1,1650,1,2,3,1.0,6,83061,M,,,83
201400036631,14,4,5,1408,1,1,1,1.0,6,83061,M,,,83
201400036632,14,4,9,1740,1,2,1,1.0,6,83061,M,,,83
201400036633,14,4,15,1140,1,1,1,1.0,2,83118,M,4343041.0,679880.0,83
201400036634,14,4,15,2150,5,2,6,1.0,3,83061,M,4343235.0,674949.0,83
201400036635,14,5,12,1735,1,2,1,1.0,2,83118,M,4342785.0,676628.0,83
201400036636,14,5,18,1517,1,1,1,1.0,3,83061,M,,,83
201400036637,14,5,14,1536,1,2,1,1.0,7,83061,M,4342942.0,676025.0,83
201400036638,14,6,6,1555,1,1,1,1.0,6,83118,M,4345027.0,682097.0,83
201400036639,14,6,15,1704,1,1,1,1.0,6,83061,M,,,83
201400036640,14,5,23,1455,1,2,1,1.0,6,83061,M,,,83
201400036641,14,6,22,835,1,1,1,1.0,3,83061,M,,,83
201400036642,14,7,2,1125,1,1,1,1.0,7,83061,M,,,83
201400036643,14,5,18,829,1,2,1,1.0,6,83061,M,,,83
201400036644,14,7,3,2300,3,1,1,1.0,7,83107,M,,,83
201400036645,14,5,18,1730,1,1,1,1.0,1,83061,M,,,83
201400036646,14,7,9,1657,1,2,2,1.0,1,83061,M,,,83
201400036647,14,7,22,140,5,2,6,1.0,6,83061,M,,,83
201400036648,14,6,11,855,1,2,4,1.0,2,83118,M,4342821.0,679097.0,83
201400036649,14,7,30,1845,1,2,1,1.0,7,83118,M,4341716.0,680760.0,83
201400036650,14,8,15,1655,1,2,1,1.0,1,83061,M,,,83
201400036651,14,8,31,1026,1,1,1,1.0,6,83061,M,,,83
201400036652,14,9,9,1130,1,2,1,1.0,3,83061,M,,,83
201400036653,14,9,20,1445,1,1,1,1.0,5,83061,M,,,83
201400036654,14,9,25,1230,1,1,1,1.0,3,83118,M,,,83
201400036655,14,10,4,1310,1,1,1,1.0,6,83118,M,,,83
201400036656,14,10,19,1740,1,2,1,1.0,6,83061,M,4343163.0,676223.0,83
201400036657,14,9,25,1440,1,2,3,1.0,3,83118,M,4342909.0,677154.0,83
201400036658,14,10,3,1025,1,2,1,1.0,6,83118,M,4342312.0,674543.0,83
201400036659,14,10,3,1430,1,2,1,1.0,3,83061,M,,,83
201400036660,14,11,7,1125,1,2,1,1.0,6,83118,M,4342342.0,674604.0,83
201400036661,14,11,13,1030,1,2,1,1.0,6,83061,M,,,83
201400036662,14,10,10,1615,1,2,3,1.0,6,83118,M,,,83
201400036663,14,12,1,1843,4,2,1,2.0,6,83118,M,,,83
201400036664,14,12,13,1050,1,1,1,8.0,6,83061,M,,,83
201400036665,14,12,17,915,1,2,1,1.0,6,83118,M,,,83
201400036666,14,1,17,1615,1,2,1,1.0,6,83069,M,4310904.0,612490.0,83
201400036667,14,1,25,1215,1,2,3,1.0,3,83069,M,4311707.0,612773.0,83
201400036668,14,2,4,1725,1,1,1,8.0,3,83069,M,,,83
201400036669,14,2,6,1735,2,2,1,1.0,3,83069,M,,,83
201400036670,14,2,8,530,3,1,1,1.0,6,83069,M,,,83
201400036671,14,2,23,1030,1,1,9,1.0,3,83069,M,,,83
201400036672,14,2,28,700,5,1,1,1.0,6,83069,M,,,83
201400036673,14,4,2,1330,1,2,1,1.0,3,83069,M,,,83
201400036674,14,8,12,2330,3,1,1,1.0,7,83069,M,,,83
201400036675,14,3,29,1505,1,1,1,6.0,1,83034,M,4308688.0,609127.0,83
201400036676,14,1,12,1110,1,1,1,1.0,5,83069,M,,,83
201400036677,14,4,8,1930,1,2,1,1.0,1,83069,M,,,83
201400036678,14,4,15,830,1,2,1,1.0,6,83069,M,,,83
201400036679,14,4,18,525,3,1,1,1.0,6,83069,M,,,83
201400036680,14,4,22,1,5,2,1,1.0,7,83069,M,,,83
201400036681,14,4,26,1440,1,2,1,1.0,6,83069,M,,,83
201400036682,14,5,4,1120,1,1,1,1.0,5,83069,M,,,83
201400036683,14,5,9,315,3,1,1,1.0,6,83069,M,,,83
201400036684,14,4,17,1640,1,2,1,6.0,2,83069,M,,,83
201400036685,14,5,18,500,5,2,6,1.0,6,83034,M,,,83
201400036686,14,5,18,1210,1,1,1,1.0,6,83069,M,,,83
201400036687,14,5,30,1330,1,2,1,7.0,2,83069,M,,,83
201400036688,14,6,8,320,5,2,6,1.0,7,83069,M,,,83
201400036689,14,6,23,1700,1,2,2,1.0,3,83069,M,,,83
201400036690,14,6,28,520,5,1,1,1.0,7,83034,M,,,83
201400036691,14,7,21,1350,1,2,1,1.0,3,83069,M,,,83
201400036692,14,7,25,1130,1,1,1,1.0,3,83069,M,,,83
201400036693,14,7,23,1850,1,2,1,1.0,3,83069,M,,,83
201400036694,14,7,26,2040,3,1,1,1.0,5,83034,M,,,83
201400036695,14,7,29,1935,1,2,1,6.0,6,83069,M,4311782.0,620269.0,83
201400036696,14,8,1,1535,1,2,1,1.0,3,83069,M,,,83
201400036697,14,7,31,650,2,2,1,1.0,6,83069,M,4304180.0,613313.0,83
201400036698,14,8,21,1840,1,2,1,1.0,2,83069,M,,,83
201400036699,14,9,10,845,1,1,1,1.0,6,83069,M,4307791.0,612662.0,83
201400036700,14,9,22,1845,1,1,2,1.0,3,83069,M,,,83
201400036701,14,9,25,1500,1,1,1,1.0,3,83069,M,,,83
201400036702,14,9,27,437,5,2,1,1.0,1,83069,M,4310220.0,614273.0,83
201400036703,14,11,5,1830,5,2,1,1.0,6,83069,M,4311912.0,612964.0,83
201400036704,14,11,22,1755,5,1,1,1.0,4,83069,M,,,83
201400036705,14,7,14,2320,3,1,1,1.0,5,83069,M,,,83
201400036706,14,1,2,1755,5,2,1,1.0,3,83129,M,,,83
201400036707,14,1,10,1615,1,2,3,1.0,3,83123,M,,,83
201400036708,14,1,3,1145,1,2,1,1.0,6,83129,M,,,83
201400036709,14,1,14,1845,5,2,9,1.0,6,83129,M,,,83
201400036710,14,1,13,1010,1,2,6,1.0,3,83009,M,4314192.0,574802.0,83
201400036711,14,1,21,1640,1,2,9,7.0,6,83123,M,,,83
201400036712,14,2,5,1815,5,2,1,8.0,6,83129,M,,,83
201400036713,14,2,7,2135,5,2,1,1.0,6,83129,M,,,83
201400036714,14,2,11,700,1,2,6,1.0,6,83129,M,,,83
201400036715,14,2,11,1400,1,2,1,1.0,6,83009,M,4313940.0,576669.0,83
201400036716,14,2,20,820,1,2,1,7.0,6,83123,M,,,83
201400036717,14,2,22,420,5,2,1,1.0,6,83129,M,,,83
201400036718,14,2,23,845,1,1,6,1.0,2,83009,M,,,83
201400036719,14,3,1,440,3,2,1,1.0,6,83123,M,,,83
201400036720,14,3,8,1915,5,2,1,1.0,3,83009,M,4313531.0,575329.0,83
201400036721,14,3,10,1800,1,2,3,1.0,3,83009,M,4313739.0,575224.0,83
201400036722,14,3,12,1400,1,2,6,1.0,6,83129,M,,,83
201400036723,14,3,24,1435,1,2,1,1.0,2,83129,M,,,83
201400036724,14,3,25,1730,1,2,1,1.0,2,83129,M,4311268.0,581237.0,83
201400036725,14,3,28,830,1,2,6,1.0,3,83129,M,,,83
201400036726,14,4,14,1620,1,2,1,1.0,3,83129,M,,,83
201400036727,14,4,12,830,1,2,6,1.0,3,83129,M,,,83
201400036728,14,4,19,1935,1,2,3,1.0,6,83129,M,,,83
201400036729,14,4,19,1810,1,2,1,1.0,3,83123,M,4313836.0,580433.0,83
201400036730,14,4,20,2155,5,2,1,1.0,1,83123,M,4312751.0,579937.0,83
201400036731,14,4,29,1500,1,2,1,1.0,3,83129,M,4309256.0,582339.0,83
201400036732,14,5,4,320,5,2,1,1.0,6,83123,M,,,83
201400036733,14,5,15,1210,1,2,1,1.0,2,83129,M,,,83
201400036734,14,6,3,1820,1,2,1,1.0,6,83129,M,,,83
201400036735,14,6,7,2345,5,2,6,1.0,3,83129,M,,,83
201400036736,14,6,11,2330,5,2,1,1.0,6,83009,M,,,83
201400036737,14,6,12,955,1,2,1,1.0,1,83129,M,4310954.0,584296.0,83
201400036738,14,6,19,635,2,2,3,1.0,3,83129,M,4311203.0,581309.0,83
201400036739,14,6,24,1410,1,1,1,1.0,3,83123,M,4314335.0,577472.0,83
201400036740,14,7,1,1330,1,2,1,1.0,1,83123,M,,,83
201400036741,14,7,6,1115,1,2,1,1.0,6,83123,M,4311639.0,580343.0,83
201400036742,14,7,17,1740,1,2,1,1.0,1,83009,M,,,83
201400036743,14,8,1,40,5,2,1,1.0,3,83009,M,4313824.0,575145.0,83
201400036744,14,8,1,1640,1,2,1,1.0,6,83123,M,4312126.0,580494.0,83
201400036745,14,8,4,2030,1,2,6,1.0,3,83129,M,4309837.0,582774.0,83
201400036746,14,8,9,1855,1,2,3,1.0,6,83129,M,,,83
201400036747,14,8,18,1410,1,2,1,1.0,5,83009,M,4313822.0,575144.0,83
201400036748,14,8,23,2140,5,2,1,1.0,2,83009,M,,,83
201400036749,14,8,29,2330,3,2,3,1.0,1,83123,M,,,83
201400036750,14,9,4,855,1,2,1,1.0,3,83129,M,4311270.0,584247.0,83
201400036751,14,9,6,1925,1,2,1,1.0,6,83009,M,4313661.0,575888.0,83
201400036752,14,9,21,945,1,2,1,1.0,2,83129,M,,,83
201400036753,14,9,27,6,5,2,1,1.0,6,83123,M,,,83
201400036754,14,10,2,1305,1,2,6,1.0,2,83129,M,,,83
201400036755,14,10,1,1400,1,1,1,1.0,6,83009,M,4313749.0,574594.0,83
201400036756,14,10,3,1700,1,2,1,1.0,2,83123,M,,,83
201400036757,14,10,7,1955,4,2,3,1.0,3,83009,M,0.0,0.0,83
201400036758,14,10,16,800,1,2,1,1.0,7,83123,M,4311924.0,581170.0,83
201400036759,14,10,23,1220,1,2,1,1.0,3,83123,M,4311859.0,579752.0,83
201400036760,14,10,29,120,3,2,1,1.0,6,83123,M,4313778.0,581009.0,83
201400036761,14,11,2,900,1,2,6,1.0,3,83129,M,,,83
201400036762,14,11,3,900,1,2,1,1.0,6,83129,M,,,83
201400036763,14,11,7,1815,5,2,1,1.0,6,83009,M,,,83
201400036764,14,11,9,355,5,2,1,2.0,6,83009,M,4313962.0,575322.0,83
201400036765,14,11,6,1150,1,2,1,1.0,3,83129,M,,,83
201400036766,14,11,12,1330,1,2,3,8.0,7,83123,M,,,83
201400036767,14,11,6,1550,1,2,1,1.0,6,83129,M,,,83
201400036768,14,11,16,2350,5,2,1,1.0,7,83123,M,,,83
201400036769,14,11,15,2315,5,2,1,1.0,5,83129,M,,,83
201400036770,14,12,9,1320,1,2,1,1.0,6,83129,M,4309685.0,583821.0,83
201400036771,14,12,14,1450,1,2,1,1.0,7,83129,M,4311496.0,584887.0,83
201400036772,14,12,17,2030,5,2,1,1.0,2,83129,M,4310888.0,582159.0,83
201400036773,14,12,23,1710,5,2,1,1.0,6,83123,M,4312001.0,580250.0,83
201400036774,14,12,31,1440,1,2,1,1.0,3,83129,M,,,83
201400036775,14,1,2,1550,1,2,2,1.0,3,83126,M,,,83
201400036776,14,1,24,1820,3,2,1,1.0,3,83126,M,,,83
201400036777,14,1,30,1600,1,2,1,3.0,1,83126,M,,,83
201400036778,14,2,11,850,1,2,1,1.0,6,83126,M,,,83
201400036779,14,2,13,1825,3,2,6,1.0,6,83126,M,4312037.0,585307.0,83
201400036780,14,2,20,1555,1,2,6,7.0,3,83126,M,4310128.0,589182.0,83
201400036781,14,3,9,1545,1,2,2,1.0,3,83126,M,4310012.0,588523.0,83
201400036782,14,3,14,745,1,2,3,1.0,6,83126,M,4310191.0,587629.0,83
201400036783,14,3,22,2030,5,2,1,2.0,5,83126,M,4310101.0,588286.0,83
201400036784,14,3,26,1925,5,2,1,1.0,1,83126,M,,,83
201400036785,14,4,4,1735,1,2,1,1.0,6,83126,M,,,83
201400036786,14,4,4,1322,1,2,1,1.0,6,83126,M,,,83
201400036787,14,4,12,2155,5,2,3,1.0,3,83126,M,,,83
201400036788,14,5,5,100,5,2,6,1.0,6,83126,M,4310235.0,589714.0,83
201400036789,14,5,16,1633,1,2,1,1.0,3,83126,M,,,83
201400036790,14,7,3,1927,1,2,1,1.0,2,83126,M,4310060.0,588798.0,83
201400036791,14,7,3,830,2,2,1,7.0,2,83126,M,4311628.0,587264.0,83
201400036792,14,7,4,150,5,2,1,1.0,7,83126,M,,,83
201400036793,14,7,19,2015,1,2,1,1.0,3,83126,M,,,83
201400036794,14,7,31,1115,1,2,1,1.0,6,83126,M,4310996.0,586005.0,83
201400036795,14,9,2,835,1,2,2,1.0,3,83126,M,4311227.0,586601.0,83
201400036796,14,9,6,1805,1,2,1,1.0,7,83126,M,4309551.0,586559.0,83
201400036797,14,9,14,1430,1,2,1,1.0,1,83126,M,4308863.0,585968.0,83
201400036798,14,10,6,950,1,2,1,1.0,3,83126,M,4311787.0,585451.0,83
201400036799,14,10,16,1102,1,2,1,1.0,2,83126,M,4308508.0,586651.0,83
201400036800,14,10,29,1240,1,2,1,1.0,1,83126,M,,,83
201400036801,14,10,31,2310,5,2,1,1.0,6,83126,M,4309855.0,589745.0,83
201400036802,14,11,2,2020,5,2,1,1.0,7,83126,M,4309343.0,590645.0,83
201400036803,14,12,16,1805,3,2,1,1.0,6,83153,M,4307457.0,590955.0,83
201400036804,14,12,17,1130,1,2,1,1.0,6,83126,M,,,83
201400036805,14,12,13,940,1,2,1,1.0,3,83126,M,,,83
201400036806,14,1,1,140,5,2,1,1.0,5,83137,M,,,83
201400036807,14,1,3,1915,5,2,1,1.0,6,83137,M,4314087.0,591053.0,83
201400036808,14,1,15,35,5,2,1,1.0,6,83137,M,4311639.0,596452.0,83
201400036809,14,1,8,815,1,2,1,1.0,3,83137,M,4312674.0,597668.0,83
201400036810,14,1,9,1635,1,2,1,1.0,6,83137,M,4312031.0,593215.0,83
201400036811,14,1,10,2020,5,2,1,1.0,6,83137,M,4312786.0,591431.0,83
201400036812,14,1,15,1650,1,2,1,1.0,6,83137,M,,,83
201400036813,14,1,16,730,5,2,1,3.0,6,83137,M,4312216.0,593675.0,83
201400036814,14,1,16,1845,5,2,3,3.0,6,83137,M,4312412.0,595209.0,83
201400036815,14,1,17,1535,1,2,1,1.0,6,83062,M,4314117.0,603166.0,83
201400036816,14,1,20,1845,3,1,1,8.0,6,83062,M,4314294.0,602258.0,83
201400036817,14,1,20,2300,5,2,2,1.0,3,83062,M,,,83
201400036818,14,1,21,835,1,2,1,1.0,2,83144,M,4313623.0,600015.0,83
201400036819,14,1,21,1600,1,2,3,1.0,6,83144,M,4313152.0,598848.0,83
201400036820,14,1,17,830,1,2,1,2.0,6,83137,M,,,83
201400036821,14,1,25,1120,1,2,1,1.0,4,83098,M,4311025.0,601658.0,83
201400036822,14,1,27,1430,1,2,1,1.0,3,83144,M,,,83
201400036823,14,1,18,1900,4,2,2,8.0,7,83137,M,4312034.0,594908.0,83
201400036824,14,1,24,1830,5,2,1,1.0,3,83137,M,,,83
201400036825,14,2,8,1145,1,1,1,1.0,2,83062,M,,,83
201400036826,14,2,13,1655,1,2,1,1.0,2,83098,M,,,83
201400036827,14,2,12,1745,1,2,1,1.0,3,83137,M,,,83
201400036828,14,2,15,1405,1,2,1,8.0,6,83137,M,,,83
201400036829,14,1,21,1115,1,2,1,1.0,4,83137,M,,,83
201400036830,14,1,29,1930,5,2,1,1.0,6,83137,M,4311242.0,593203.0,83
201400036831,14,2,5,1500,1,2,1,2.0,2,83137,M,,,83
201400036832,14,2,16,1420,1,2,1,1.0,7,83137,M,4314426.0,590624.0,83
201400036833,14,2,22,1105,1,2,1,1.0,6,83137,M,,,83
201400036834,14,2,20,1945,5,1,4,1.0,2,83137,M,4314589.0,591237.0,83
201400036835,14,2,28,700,1,2,1,1.0,3,83062,M,4314451.0,603323.0,83
201400036836,14,3,10,900,1,2,1,1.0,6,83137,M,4312418.0,592704.0,83
201400036837,14,2,23,1445,1,2,2,1.0,3,83137,M,,,83
201400036838,14,3,5,1818,1,2,1,1.0,3,83137,M,4312082.0,594030.0,83
201400036839,14,2,27,1715,1,2,1,1.0,3,83137,M,,,83
201400036840,14,3,4,1620,1,2,1,1.0,3,83144,M,4313493.0,598100.0,83
201400036841,14,3,7,1820,2,2,1,1.0,6,83062,M,4313841.0,603308.0,83
201400036842,14,3,8,650,3,2,1,1.0,6,83144,M,,,83
201400036843,14,3,12,1605,1,2,9,1.0,6,83137,M,,,83
201400036844,14,3,14,1220,1,2,1,1.0,3,83137,M,,,83
201400036845,14,3,14,2020,5,2,3,1.0,3,83137,M,,,83
201400036846,14,3,17,1410,1,2,1,1.0,3,83090,M,4313189.0,587548.0,83
201400036847,14,3,18,1415,1,2,1,1.0,2,83062,M,4312406.0,601432.0,83
201400036848,14,3,23,220,5,2,3,1.0,3,83137,M,4313286.0,598182.0,83
201400036849,14,3,21,1330,1,2,2,1.0,3,83137,M,4312917.0,594551.0,83
201400036850,14,3,24,2000,5,2,3,1.0,3,83137,M,,,83
201400036851,14,3,21,1200,1,2,1,1.0,6,83137,M,,,83
201400036852,14,3,23,1715,1,2,1,6.0,5,83062,M,4312788.0,602201.0,83
201400036853,14,3,25,1005,1,2,1,1.0,2,83144,M,,,83
201400036854,14,3,28,1515,1,2,1,1.0,5,83144,M,4313772.0,598085.0,83
201400036855,14,3,27,830,1,2,1,1.0,6,83137,M,4312882.0,591484.0,83
201400036856,14,4,1,1415,1,2,1,1.0,3,83062,M,4312491.0,600766.0,83
201400036857,14,4,1,1600,1,1,1,8.0,3,83062,M,4313556.0,602321.0,83