Num_Acc,an,mois,jour,hrmn,lum,agg,int,atm,col,com,gps,lat,long,dep
201400036858,14,4,3,1340,1,2,7,1.0,6,83137,M,,,83
201400036859,14,4,3,2230,5,2,1,1.0,3,83137,M,,,83
201400036860,14,3,31,1145,1,2,1,1.0,3,83137,M,4310805.0,593996.0,83
201400036861,14,4,9,1200,1,2,1,1.0,6,83137,M,4312793.0,592244.0,83
201400036862,14,4,7,1330,1,2,3,1.0,6,83137,M,,,83
201400036863,14,4,12,530,3,1,1,1.0,6,83090,M,,,83
201400036864,14,4,11,1805,1,2,3,1.0,2,83062,M,4314118.0,602991.0,83
201400036865,14,4,5,1320,1,2,6,1.0,3,83090,M,4312724.0,587767.0,83
201400036866,14,4,8,1730,1,2,1,1.0,6,83137,M,,,83
201400036867,14,4,17,1110,1,2,1,1.0,6,83137,M,,,83
201400036868,14,4,19,925,1,2,9,2.0,4,83137,M,4312443.0,593739.0,83
201400036869,14,4,20,500,5,2,9,1.0,6,83137,M,,,83
201400036870,14,4,18,1230,1,2,1,1.0,3,83090,M,,,83
201400036871,14,4,18,1705,1,2,1,1.0,1,83137,M,,,83
201400036872,14,4,19,1845,1,2,1,1.0,5,83137,M,4312870.0,598047.0,83
201400036873,14,4,18,1240,1,2,1,1.0,3,83137,M,,,83
201400036874,14,4,19,1955,1,1,3,1.0,1,83090,M,,,83
201400036875,14,4,27,1515,1,2,1,1.0,6,83137,M,4312133.0,593821.0,83
201400036876,14,4,27,2225,5,2,3,1.0,3,83137,M,4312125.0,589361.0,83
201400036877,14,4,29,1500,1,2,1,1.0,6,83098,M,4311484.0,593879.0,83
201400036878,14,5,3,1650,1,2,1,1.0,6,83137,M,4313027.0,593779.0,83
201400036879,14,4,30,1030,1,1,1,1.0,4,83090,M,,,83
201400036880,14,4,26,1500,1,2,2,1.0,3,83137,M,4312848.0,592445.0,83
201400036881,14,4,27,720,1,2,1,1.0,6,83137,M,,,83
201400036882,14,5,7,1530,1,2,1,1.0,6,83137,M,4312754.0,592919.0,83
201400036883,14,5,13,1440,1,2,1,1.0,5,83137,M,4312821.0,592462.0,83
201400036884,14,5,18,630,1,2,2,1.0,3,83137,M,,,83
201400036885,14,5,16,810,1,2,1,1.0,3,83062,M,4301332.0,601714.0,83
201400036886,14,5,17,1800,1,1,1,1.0,6,83144,M,4314162.0,601561.0,83
201400036887,14,5,17,2215,5,2,2,1.0,3,83144,M,4313468.0,597899.0,83
201400036888,14,5,19,1000,1,2,1,2.0,3,83144,M,4313252.0,598212.0,83
201400036889,14,5,15,1900,1,1,3,1.0,2,83144,M,,,83
201400036890,14,5,22,1,5,2,2,1.0,1,83137,M,4312670.0,592888.0,83
201400036891,14,5,21,1435,1,2,1,1.0,1,83098,M,,,83
201400036892,14,5,11,1645,1,1,1,1.0,3,83090,M,,,83
201400036893,14,5,26,830,1,2,1,1.0,6,83137,M,4313191.0,591887.0,83
201400036894,14,5,28,825,1,1,1,1.0,1,83062,M,4314115.0,601977.0,83
201400036895,14,5,28,2015,1,2,1,1.0,2,83137,M,4312021.0,589001.0,83
201400036896,14,6,2,1415,1,2,9,1.0,2,83137,M,,,83
201400036897,14,5,24,2048,5,2,1,1.0,2,83137,M,4312704.0,594221.0,83
201400036898,14,6,2,1950,1,2,1,1.0,3,83137,M,4310921.0,593126.0,83
201400036899,14,6,3,1500,1,2,1,1.0,6,83137,M,4312520.0,592833.0,83
201400036900,14,5,4,25,5,2,1,1.0,6,83137,M,4312123.0,593139.0,83
201400036901,14,5,6,1645,1,2,1,1.0,2,83137,M,4315989.0,592426.0,83
201400036902,14,5,13,830,1,1,1,1.0,3,83090,M,,,83
201400036903,14,5,18,1530,1,2,2,1.0,3,83137,M,4312952.0,591289.0,83
201400036904,14,6,7,1945,1,2,3,1.0,3,83137,M,,,83
201400036905,14,5,27,1900,1,2,1,1.0,2,83144,M,,,83
201400036906,14,5,30,2000,2,2,1,1.0,6,83137,M,4314303.0,588622.0,83
201400036907,14,6,11,1730,1,2,1,1.0,3,83062,M,,,83
201400036908,14,6,17,1450,1,2,1,1.0,3,83137,M,4312196.0,593908.0,83
201400036909,14,6,13,1830,1,1,1,1.0,3,83137,M,,,83
201400036910,14,6,18,715,1,2,6,1.0,3,83137,M,4313522.0,597742.0,83
201400036911,14,6,18,1815,1,2,1,1.0,3,83137,M,4312765.0,592433.0,83
201400036912,14,6,19,1245,1,1,1,1.0,3,83090,M,,,83
201400036913,14,6,20,1630,1,1,6,1.0,3,83090,M,,,83
201400036914,14,6,23,620,1,2,2,1.0,3,83137,M,4312326.0,595512.0,83
201400036915,14,6,27,700,1,2,1,1.0,1,83137,M,4313532.0,593391.0,83
201400036916,14,6,22,1930,1,1,1,1.0,5,83090,M,,,83
201400036917,14,7,6,1120,1,2,4,1.0,3,83137,M,,,83
201400036918,14,7,7,1350,1,2,1,1.0,4,83137,M,4312147.0,594073.0,83
201400036919,14,7,10,245,5,2,1,1.0,6,83137,M,4312409.0,593780.0,83
201400036920,14,7,10,1026,1,2,1,1.0,6,83144,M,4313614.0,598611.0,83
201400036921,14,7,15,855,1,2,3,1.0,6,83137,M,4312927.0,592899.0,83
201400036922,14,6,26,1630,1,2,1,1.0,3,83137,M,,,83
201400036923,14,7,12,1515,1,1,1,7.0,5,83090,M,,,83
201400036924,14,7,16,1150,1,2,2,1.0,3,83062,M,4312784.0,592229.0,83
201400036925,14,7,17,1620,1,2,1,1.0,2,83144,M,4313763.0,601028.0,83
201400036926,14,7,21,1900,1,1,1,1.0,7,83062,M,4314670.0,603497.0,83
201400036927,14,7,9,1255,1,2,1,1.0,6,83137,M,4312344.0,593054.0,83
201400036928,14,7,15,1740,1,2,3,1.0,1,83137,M,4311517.0,593851.0,83
201400036929,14,6,28,540,2,2,1,1.0,7,83062,M,4313594.0,602504.0,83
201400036930,14,7,23,1425,1,2,3,1.0,5,83144,M,4313544.0,599840.0,83
201400036931,14,7,25,1730,1,2,1,1.0,6,83137,M,4312392.0,595149.0,83
201400036932,14,7,28,57,5,2,2,1.0,3,83062,M,,,83
201400036933,14,8,1,1830,1,2,1,1.0,1,83062,M,4312926.0,603991.0,83
201400036934,14,8,3,1345,1,2,1,1.0,6,83137,M,4313374.0,591461.0,83
201400036935,14,8,5,1845,1,2,1,1.0,6,83137,M,,,83
201400036936,14,8,5,1850,1,2,1,1.0,3,83137,M,4312877.0,598170.0,83
201400036937,14,8,7,1015,1,2,1,1.0,7,83137,M,,,83
201400036938,14,8,7,1100,1,2,3,1.0,3,83137,M,4312125.0,589361.0,83
201400036939,14,8,8,1730,1,1,1,1.0,6,83144,M,4313647.0,598147.0,83
201400036940,14,8,9,1630,1,2,1,1.0,6,83098,M,,,83
201400036941,14,8,13,1620,1,2,1,1.0,4,83090,M,,,83
201400036942,14,8,15,1140,1,2,3,1.0,3,83137,M,,,83
201400036943,14,8,11,1440,1,2,1,1.0,3,83137,M,,,83
201400036944,14,8,16,750,1,2,1,1.0,7,83137,M,,,83
201400036945,14,7,31,1035,1,2,5,1.0,6,83137,M,,,83
201400036946,14,8,12,1530,1,1,1,1.0,3,83090,M,,,83
201400036947,14,8,20,450,5,2,1,1.0,3,83137,M,4312163.0,594117.0,83
201400036948,14,8,22,1720,1,2,1,1.0,3,83137,M,,,83
201400036949,14,8,23,1415,1,2,1,1.0,3,83137,M,,,83
201400036950,14,8,26,118,5,2,1,1.0,1,83137,M,4312461.0,593776.0,83
201400036951,14,8,26,1820,1,2,1,1.0,6,83137,M,4314420.0,590634.0,83
201400036952,14,8,27,940,1,2,4,1.0,3,83062,M,,,83
201400036953,14,8,22,750,1,2,1,1.0,7,83090,M,,,83
201400036954,14,8,27,2035,4,2,1,1.0,6,83137,M,4312813.0,592911.0,83
201400036955,14,8,28,1855,1,1,4,1.0,2,83062,M,,,83
201400036956,14,8,27,1755,1,2,1,1.0,3,83137,M,4311770.0,593594.0,83
201400036957,14,9,3,1445,1,2,1,1.0,3,83062,M,,,83
201400036958,14,8,28,1915,1,2,2,1.0,2,83137,M,,,83
201400036959,14,9,6,50,4,1,1,1.0,6,83062,M,4313881.0,602134.0,83
201400036960,14,9,7,1600,1,2,6,1.0,6,83137,M,4313143.0,588191.0,83
201400036961,14,9,1,1340,1,2,1,1.0,3,83137,M,,,83
201400036962,14,9,11,1910,1,2,1,1.0,2,83137,M,,,83
201400036963,14,8,20,1630,1,2,1,1.0,6,83137,M,,,83
201400036964,14,9,11,1835,1,1,1,1.0,4,83090,M,,,83
201400036965,14,9,12,745,1,2,3,1.0,3,83137,M,,,83
201400036966,14,9,14,1610,1,2,3,1.0,3,83137,M,4312848.0,591575.0,83
201400036967,14,9,14,1710,1,2,3,1.0,3,83062,M,,,83
201400036968,14,9,17,1152,1,2,1,1.0,6,83144,M,4313815.0,598449.0,83
201400036969,14,9,16,620,2,2,5,1.0,2,83137,M,4312747.0,591975.0,83
201400036970,14,9,16,2123,5,2,1,1.0,7,83062,M,,,83
201400036971,14,9,17,1305,1,2,1,1.0,6,83137,M,4312278.0,593426.0,83
201400036972,14,9,18,1830,1,2,2,1.0,1,83137,M,,,83
201400036973,14,9,19,1800,1,1,1,8.0,6,83137,M,,,83
201400036974,14,9,6,1145,1,2,1,1.0,2,83137,M,4312138.0,593868.0,83
201400036975,14,9,13,945,1,2,1,7.0,7,83137,M,4313925.0,591114.0,83
201400036976,14,9,22,810,1,2,1,1.0,2,83137,M,4310696.0,593507.0,83
201400036977,14,9,23,1615,1,2,1,1.0,3,83090,M,0.0,0.0,83
201400036978,14,9,13,830,1,1,1,1.0,1,83090,M,,,83
201400036979,14,9,13,1830,1,2,1,1.0,6,83090,M,,,83
201400036980,14,9,14,1620,1,2,2,1.0,3,83137,M,4312440.0,592612.0,83
201400036981,14,9,25,1730,1,2,1,1.0,6,83137,M,4313142.0,591813.0,83
201400036982,14,10,4,255,5,2,6,1.0,7,83144,M,4313713.0,600321.0,83
201400036983,14,10,6,1030,1,2,1,1.0,6,83062,M,4313098.0,602391.0,83
201400036984,14,10,8,835,1,2,1,1.0,6,83137,M,4312336.0,595507.0,83
201400036985,14,10,8,1705,1,1,1,1.0,6,83090,M,,,83
201400036986,14,10,21,1545,1,2,1,1.0,6,83137,M,4312219.0,593676.0,83
201400036987,14,10,27,1510,1,2,1,1.0,6,83144,M,4313759.0,598751.0,83
201400036988,14,10,17,715,1,2,6,1.0,3,83144,M,4313551.0,597786.0,83
201400036989,14,10,23,2052,5,2,1,1.0,2,83098,M,,,83
201400036990,14,10,2,1905,2,2,1,1.0,6,83144,M,4314005.0,601631.0,83
201400036991,14,10,18,900,1,1,1,1.0,6,83144,M,,,83
201400036992,14,8,16,500,5,2,6,1.0,7,83098,M,,,83
201400036993,14,10,19,155,5,2,1,1.0,6,83137,M,,,83
201400036994,14,10,14,1045,1,1,3,8.0,3,83090,M,,,83
201400036995,14,10,29,1615,1,2,1,1.0,6,83137,M,4313592.0,590815.0,83
201400036996,14,11,1,1705,1,2,1,1.0,2,83137,M,,,83
201400036997,14,11,3,1050,1,2,1,2.0,3,83137,M,4312694.0,589469.0,83
201400036998,14,11,5,1445,1,2,1,1.0,6,83090,M,0.0,0.0,83
201400036999,14,11,7,755,1,2,1,1.0,4,83137,M,4312414.0,589606.0,83
201400037000,14,11,9,830,1,1,1,2.0,1,83090,M,4312274.0,586278.0,83
201400037001,14,10,16,2130,5,2,1,1.0,3,83137,M,,,83
201400037002,14,11,12,1640,1,2,1,1.0,2,83137,M,4312945.0,588173.0,83
201400037003,14,11,13,1820,4,2,3,1.0,5,83062,M,,,83
201400037004,14,11,16,1350,1,2,3,1.0,3,83090,M,,,83
201400037005,14,11,17,845,1,2,1,2.0,7,83144,M,4313791.0,598288.0,83
201400037006,14,11,19,2310,5,2,3,1.0,2,83137,M,,,83
201400037007,14,11,2,2330,5,2,2,1.0,3,83137,M,,,83
201400037008,14,11,23,1710,5,2,1,1.0,7,83137,M,4313191.0,592253.0,83
201400037009,14,11,20,900,1,2,3,1.0,3,83137,M,,,83
201400037010,14,11,20,1000,1,1,1,1.0,6,83090,M,,,83
201400037011,14,11,27,855,1,1,1,2.0,3,83137,M,4312663.0,589796.0,83
201400037012,14,11,29,2000,5,2,1,2.0,3,83137,M,4312315.0,592895.0,83
201400037013,14,12,2,1220,1,2,1,1.0,1,83144,M,4312933.0,598990.0,83
201400037014,14,12,8,1325,1,2,1,1.0,6,83137,M,4312134.0,594222.0,83
201400037015,14,12,10,835,1,2,1,1.0,6,83137,M,4312652.0,593590.0,83
201400037016,14,12,5,940,1,2,1,2.0,6,83062,M,4312576.0,601604.0,83
201400037017,14,12,8,1520,1,2,1,1.0,3,83137,M,,,83
201400037018,14,12,29,1920,5,2,3,1.0,7,83137,M,,,83
201400037019,14,12,11,1450,1,2,1,1.0,3,83137,M,4312496.0,589662.0,83
201400037020,14,12,12,1345,1,2,2,1.0,6,83144,M,4313608.0,598320.0,83
201400037021,14,12,18,720,1,2,1,1.0,6,83137,M,,,83
201400037022,14,12,19,1920,3,2,2,1.0,3,83137,M,4312226.0,595555.0,83
201400037023,14,12,26,1520,1,2,1,1.0,3,83137,M,4312316.0,592898.0,83
201400037024,14,12,29,1100,1,1,1,1.0,1,83090,M,,,83
201400037025,14,12,31,1820,5,2,1,2.0,3,83062,M,4312254.0,598616.0,83
201400037026,14,12,23,925,1,2,4,1.0,6,83137,M,4310685.0,593557.0,83
201400037027,14,12,12,1855,5,2,1,8.0,6,83137,M,,,83
201400037028,14,12,30,1630,1,2,3,1.0,3,83137,M,,,83
201400037029,14,1,26,120,5,2,1,1.0,6,83137,M,,,83
201400037030,14,10,22,1745,1,2,1,1.0,6,84007,M,,,84
201400037031,14,1,10,850,1,2,1,1.0,6,84007,M,,,84
201400037032,14,1,13,635,5,2,1,1.0,6,84007,M,,,84
201400037033,14,1,16,805,1,2,9,1.0,5,84007,M,,,84
201400037034,14,1,18,2038,5,2,2,3.0,3,84007,M,,,84
201400037035,14,1,18,1030,1,2,1,1.0,6,84007,M,,,84
201400037036,14,1,16,600,2,2,2,2.0,3,84007,M,,,84
201400037037,14,2,23,525,2,2,1,1.0,2,84007,M,,,84
201400037038,14,2,18,1500,1,2,1,1.0,6,84007,M,,,84
201400037039,14,3,12,1045,1,2,1,1.0,5,84007,M,,,84
201400037040,14,1,14,2055,5,2,7,2.0,3,84007,M,,,84
201400037041,14,3,19,1830,1,1,1,9.0,6,84007,M,,,84
201400037042,14,2,16,1905,5,2,1,1.0,3,84007,M,,,84
201400037043,14,3,16,845,1,2,1,1.0,7,84007,M,,,84
201400037044,14,3,26,1043,1,2,1,1.0,6,84007,M,,,84
201400037045,14,3,31,2058,5,2,1,9.0,6,84007,M,,,84
201400037046,14,4,5,1420,1,2,2,1.0,3,84007,M,4393397.0,483164.0,84
201400037047,14,4,9,1500,1,2,1,1.0,3,84007,M,,,84
201400037048,14,4,26,600,2,2,9,1.0,6,84007,M,,,84
201400037049,14,5,4,2015,1,1,1,1.0,2,84007,M,4389493.0,490034.0,84
201400037050,14,5,5,2300,5,2,1,1.0,2,84007,M,,,84
201400037051,14,6,23,1010,1,2,1,1.0,3,84007,M,,,84
201400037052,14,7,10,27,5,2,1,1.0,6,84007,M,,,84
201400037053,14,7,25,1900,1,1,1,3.0,2,84007,M,4389839.0,489739.0,84
201400037054,14,7,2,1710,1,2,2,1.0,3,84007,M,,,84
201400037055,14,9,4,2257,5,2,3,1.0,3,84007,M,4393874.0,482238.0,84
201400037056,14,9,27,445,5,2,2,1.0,3,84007,M,,,84
201400037057,14,9,24,1525,1,2,6,2.0,3,84007,M,,,84
201400037058,14,10,10,1430,1,2,1,1.0,3,84007,M,,,84
201400037059,14,10,11,2240,5,1,1,1.0,7,84007,M,4392464.0,485017.0,84
201400037060,14,10,30,1515,1,2,6,1.0,3,84007,M,,,84
201400037061,14,11,17,1916,5,2,1,1.0,6,84007,M,,,84
201400037062,14,10,21,1833,3,2,2,1.0,3,84007,M,,,84
201400037063,14,12,12,545,5,2,5,1.0,3,84007,M,,,84
201400037064,14,12,25,2110,5,2,1,1.0,3,84007,M,,,84
201400037065,14,12,26,510,5,2,1,1.0,6,84007,M,,,84
201400037066,14,2,20,1420,1,2,1,1.0,6,84031,M,,,84
201400037067,14,7,31,40,5,2,1,1.0,6,84031,M,,,84
201400037068,14,8,17,1500,1,2,1,1.0,1,84031,M,,,84
201400037069,14,10,28,1650,2,2,1,1.0,7,84031,M,,,84
201400037070,14,11,20,2200,3,1,1,8.0,6,84031,M,,,84
201400037071,14,11,25,655,2,1,1,3.0,6,84080,M,,,84
201400037072,14,1,30,1420,1,1,1,2.0,6,84035,M,,,84
201400037073,14,2,11,1730,2,1,1,1.0,2,84035,M,,,84
201400037074,14,2,13,650,2,1,1,1.0,6,84035,M,,,84
201400037075,14,3,7,2140,5,2,1,1.0,1,84035,M,,,84
201400037076,14,5,23,1650,1,2,6,1.0,3,84035,M,,,84
201400037077,14,6,5,820,1,1,2,1.0,3,84035,M,,,84
201400037078,14,8,14,1538,1,1,2,1.0,5,84035,M,4386384.0,504315.0,84
201400037079,14,8,16,500,2,2,3,1.0,3,84035,M,,,84
201400037080,14,1,11,2240,5,2,3,1.0,1,84087,M,,,84
201400037081,14,3,12,1015,1,2,1,1.0,3,84087,M,,,84
201400037082,14,5,6,1400,1,1,1,1.0,1,84087,M,,,84
201400037083,14,5,10,1645,1,1,3,1.0,3,84087,M,4415928.0,479732.0,84
201400037084,14,7,21,1555,1,2,1,1.0,2,84087,M,4413660.0,481154.0,84
201400037085,14,7,28,1820,1,1,3,1.0,3,84087,M,,,84
201400037086,14,8,15,1040,1,2,8,9.0,6,84087,M,,,84
201400037087,14,9,9,1615,1,1,6,1.0,3,84087,M,,,84
201400037088,14,10,23,2140,3,1,1,1.0,5,84087,M,,,84
201400037089,14,11,7,1815,5,2,4,1.0,3,84087,M,4414554.0,480357.0,84
201400037090,14,11,19,2225,3,1,1,1.0,1,84087,M,,,84
201400037091,14,11,19,1140,1,2,1,1.0,6,84087,M,4413814.0,480463.0,84
201400037092,14,12,11,1650,1,1,3,1.0,3,84087,M,,,84
201400037093,14,1,3,1630,1,2,1,2.0,6,85191,M,4670104.0,-143187.0,85
201400037094,14,1,4,2115,5,2,2,2.0,3,85191,M,4665795.0,-144987.0,85
201400037095,14,1,6,1040,1,2,1,1.0,6,85191,M,4669962.0,-142037.0,85
201400037096,14,1,6,730,5,2,3,2.0,2,85191,M,4666650.0,-143017.0,85
201400037097,14,1,7,1520,1,2,2,1.0,7,85191,M,4666886.0,-144603.0,85
201400037098,14,1,14,1945,4,1,1,1.0,2,85191,M,4669327.0,-147431.0,85
201400037099,14,1,14,2045,3,2,1,1.0,6,85191,M,4667214.0,-140706.0,85
201400037100,14,1,20,855,1,2,6,2.0,6,85191,M,4668131.0,-143549.0,85
201400037101,14,1,24,830,2,2,1,3.0,6,85191,M,4666119.0,-140125.0,85
201400037102,14,1,25,1506,1,2,1,1.0,6,85191,M,4666105.0,-140214.0,85
201400037103,14,1,27,1240,1,2,1,2.0,2,85191,M,4667981.0,-141744.0,85
201400037104,14,1,27,1840,5,2,1,1.0,6,85191,M,4667065.0,-141577.0,85
201400037105,14,1,28,935,1,1,1,8.0,1,85191,M,4662042.0,-140884.0,85
201400037106,14,2,4,1900,5,2,1,3.0,6,85191,M,4668165.0,-143663.0,85
201400037107,14,2,12,1312,1,2,1,1.0,1,85191,M,4667419.0,-143062.0,85
201400037108,14,2,13,735,5,2,1,3.0,6,85191,M,4665888.0,-143428.0,85
201400037109,14,2,17,755,5,2,1,1.0,3,85191,M,4665972.0,-144077.0,85
201400037110,14,2,22,830,1,2,1,2.0,6,85191,M,4667964.0,-142161.0,85
201400037111,14,2,26,400,5,2,1,1.0,6,85191,M,4666949.0,-143654.0,85
201400037112,14,3,13,1600,1,2,6,1.0,2,85191,M,4668980.0,-142991.0,85
201400037113,14,3,18,2200,5,2,2,1.0,3,85191,M,4669066.0,-142984.0,85
201400037114,14,3,18,1005,1,2,1,1.0,6,85191,M,4666400.0,-144604.0,85
201400037115,14,3,13,945,1,1,9,1.0,3,85191,M,4669478.0,-142987.0,85
201400037116,14,3,28,49,3,1,1,2.0,6,85191,M,4669521.0,-148024.0,85
201400037117,14,3,29,1210,1,1,1,1.0,1,85191,M,4668003.0,-140779.0,85
201400037118,14,4,9,1040,1,2,1,1.0,6,85191,M,4667296.0,-141938.0,85
201400037119,14,4,17,1730,1,2,2,1.0,6,85191,M,4667127.0,-142034.0,85
201400037120,14,4,22,800,1,1,1,1.0,2,85191,M,4668674.0,-145607.0,85
201400037121,14,4,25,2110,1,2,2,1.0,3,85191,M,4667137.0,-142117.0,85
201400037122,14,4,24,1345,1,2,1,1.0,6,85191,M,4667270.0,-144298.0,85
201400037123,14,5,8,1142,1,2,1,1.0,3,85191,M,4664601.0,-141799.0,85
201400037124,14,5,10,900,1,2,2,1.0,3,85191,M,4664693.0,-141470.0,85
201400037125,14,5,13,930,1,2,6,1.0,3,85191,M,4665973.0,-144076.0,85
201400037126,14,5,18,15,5,2,1,1.0,7,85191,M,4668322.0,-143179.0,85
201400037127,14,5,20,950,1,2,1,1.0,6,85191,M,4667541.0,-142523.0,85
201400037128,14,6,5,1530,1,2,2,1.0,3,85191,M,4668366.0,-142807.0,85
201400037129,14,6,13,845,1,2,1,1.0,6,85191,M,4666948.0,-142889.0,85
201400037130,14,6,13,1605,1,2,2,1.0,6,85191,M,4668356.0,-142813.0,85
201400037131,14,6,28,1355,1,2,1,3.0,1,85191,M,4667559.0,-141621.0,85
201400037132,14,7,2,1220,1,2,1,1.0,6,85191,M,4666832.0,-143618.0,85
201400037133,14,7,2,1445,1,1,3,1.0,6,85191,M,4663845.0,-142599.0,85
201400037134,14,7,4,1325,1,2,1,1.0,6,85191,M,4666996.0,-140954.0,85
201400037135,14,7,8,2100,1,2,1,1.0,3,85191,M,4668044.0,-143017.0,85
201400037136,14,7,22,1000,1,2,2,1.0,6,85191,M,4666868.0,-143473.0,85
201400037137,14,8,3,525,3,1,1,1.0,1,85191,M,4669102.0,-141666.0,85
201400037138,14,8,8,1620,1,1,1,3.0,3,85191,M,4669819.0,-142141.0,85
201400037139,14,8,15,1510,1,1,1,1.0,5,85191,M,4669135.0,-142453.0,85
201400037140,14,8,15,1315,1,2,6,1.0,3,85191,M,4669045.0,-142915.0,85
201400037141,14,9,5,1540,1,2,1,1.0,6,85191,M,4666772.0,-142756.0,85
201400037142,14,9,12,1350,1,2,1,1.0,6,85191,M,4667521.0,-142659.0,85
201400037143,14,9,19,1040,1,2,1,1.0,3,85191,M,4666764.0,-142791.0,85
201400037144,14,10,7,820,1,2,2,2.0,1,85191,M,4666112.0,-140219.0,85
201400037145,14,10,15,1850,1,1,1,1.0,6,85191,M,4667493.0,-148663.0,85
201400037146,14,11,3,1620,1,2,1,1.0,6,85191,M,4667239.0,-143749.0,85
201400037147,14,11,12,1945,5,2,1,1.0,6,85191,M,4667214.0,-143492.0,85
201400037148,14,11,29,1510,1,1,1,1.0,2,85191,M,4670150.0,-143977.0,85
201400037149,14,1,28,1243,1,1,1,1.0,7,85166,M,4656094.0,-181258.0,85
201400037150,14,1,29,1230,1,1,1,3.0,6,85060,M,4651370.0,-172843.0,85
201400037151,14,1,29,1525,1,2,2,1.0,3,85166,M,4650939.0,-176876.0,85
201400037152,14,2,3,910,1,2,1,1.0,6,85194,M,4649486.0,-177606.0,85
201400037153,14,2,2,5,5,1,6,1.0,3,85166,M,4651538.0,-175912.0,85
201400037154,14,1,31,1530,1,2,6,1.0,3,85166,M,4651340.0,-177665.0,85
201400037155,14,2,7,1020,1,2,1,1.0,6,85166,M,4650942.0,-176876.0,85
201400037156,14,2,10,2205,5,2,6,1.0,3,85166,M,4651522.0,-175875.0,85
201400037157,14,2,11,1625,1,1,1,1.0,1,85166,M,4656101.0,-181226.0,85
201400037158,14,2,16,515,4,2,1,1.0,7,85166,M,4654306.0,-179741.0,85
201400037159,14,2,16,2055,5,2,3,1.0,1,85166,M,4653643.0,-177275.0,85
201400037160,14,2,17,910,1,2,1,1.0,6,85194,M,4650447.0,-178892.0,85
201400037161,14,2,14,2050,5,1,1,8.0,7,85166,M,4653264.0,-177387.0,85
201400037162,14,2,24,1910,5,2,1,1.0,2,85194,M,4650662.0,-180121.0,85
201400037163,14,2,25,1915,2,1,1,1.0,1,85060,M,4649248.0,-174992.0,85
201400037164,14,2,28,740,5,2,6,1.0,3,85166,M,4651393.0,-179617.0,85
201400037165,14,3,1,1000,1,2,2,1.0,6,85194,M,4650526.0,-178765.0,85
201400037166,14,3,6,1425,1,1,1,1.0,1,85166,M,4656229.0,-181405.0,85
201400037167,14,3,12,1930,1,2,1,5.0,6,85166,M,4654236.0,-179798.0,85
201400037168,14,3,9,1520,1,1,6,1.0,3,85166,M,4651551.0,-175891.0,85
201400037169,14,3,13,1525,1,2,1,1.0,3,85194,M,4650074.0,-179669.0,85
201400037170,14,3,14,1720,1,2,1,1.0,3,85194,M,4649023.0,-177209.0,85
201400037171,14,3,20,840,1,2,1,6.0,6,85060,M,4648731.0,-174273.0,85
201400037172,14,3,30,1630,1,2,1,1.0,6,85194,M,4649386.0,-179223.0,85
201400037173,14,4,3,1035,1,2,1,2.0,7,85194,M,4648922.0,-176793.0,85
201400037174,14,4,6,1455,1,2,2,1.0,3,85194,M,4649546.0,-178413.0,85
201400037175,14,4,10,1355,1,2,1,1.0,2,85166,M,4651328.0,-177890.0,85
201400037176,14,4,23,1010,1,2,1,1.0,3,85166,M,4653078.0,-177415.0,85
201400037177,14,4,24,750,1,2,1,1.0,6,85166,M,4651343.0,-177667.0,85
201400037178,14,4,14,1915,1,2,1,1.0,6,85194,M,4649552.0,-178414.0,85
201400037179,14,5,2,2220,5,2,1,1.0,2,85194,M,4649775.0,-177980.0,85
201400037180,14,5,17,935,1,2,3,1.0,3,85166,M,4651719.0,-177599.0,85
201400037181,14,5,17,1520,1,2,1,1.0,3,85166,M,4650857.0,-177715.0,85
201400037182,14,5,16,900,1,2,1,1.0,3,85166,M,4651578.0,-175585.0,85
201400037183,14,5,20,1445,1,2,1,1.0,6,85194,M,4649767.0,-177716.0,85
201400037184,14,6,4,750,1,2,1,1.0,1,85166,M,4651742.0,-177342.0,85
201400037185,14,6,7,110,3,1,1,1.0,6,85060,M,4650314.0,-173017.0,85
201400037186,14,6,11,1900,1,1,1,1.0,1,85060,M,4647463.0,-175266.0,85
201400037187,14,7,15,1700,1,2,1,1.0,5,85060,M,4646419.0,-173020.0,85
201400037188,14,7,22,1210,1,2,1,1.0,3,85060,M,4648163.0,-171614.0,85
201400037189,14,7,31,215,5,2,2,1.0,3,85194,M,4650583.0,-178530.0,85
201400037190,14,8,1,1950,1,2,1,1.0,6,85166,M,4651542.0,-179068.0,85
201400037191,14,8,1,1135,1,2,1,1.0,6,85194,M,4650099.0,-178568.0,85
201400037192,14,8,11,1650,1,2,3,1.0,3,85060,M,4649975.0,-174636.0,85
201400037193,14,8,13,1930,1,1,1,1.0,3,85166,M,4658706.0,-182909.0,85
201400037194,14,8,15,1945,1,1,1,1.0,1,85060,M,4646749.0,-173680.0,85