Num_Acc,an,mois,jour,hrmn,lum,agg,int,atm,col,com,gps,lat,long,dep
201400037195,14,8,20,1355,1,2,1,1.0,6,85194,M,4650359.0,-178791.0,85
201400037196,14,8,21,1130,1,2,1,1.0,6,85194,M,4649727.0,-178195.0,85
201400037197,14,8,31,1610,1,2,1,1.0,6,85060,M,4650382.0,-173827.0,85
201400037198,14,8,30,1750,1,2,2,1.0,6,85166,M,4651933.0,-178092.0,85
201400037199,14,9,4,750,1,1,1,7.0,6,85166,M,4651418.0,-179012.0,85
201400037200,14,9,7,1600,1,2,4,1.0,3,85194,M,4650302.0,-179723.0,85
201400037201,14,9,12,1940,1,2,2,1.0,3,85194,M,4649111.0,-176242.0,85
201400037202,14,9,12,2130,5,2,3,1.0,6,85166,M,4651720.0,-177599.0,85
201400037203,14,9,18,1643,1,2,1,1.0,1,85166,M,4652338.0,-178220.0,85
201400037204,14,9,19,1045,1,2,1,1.0,5,85194,M,4650207.0,-177702.0,85
201400037205,14,10,1,930,1,2,3,1.0,3,85194,M,4649852.0,-178133.0,85
201400037206,14,10,3,1600,1,1,3,1.0,3,85166,M,4657191.0,-182286.0,85
201400037207,14,10,17,1240,1,2,1,1.0,6,85194,M,4650486.0,-177764.0,85
201400037208,14,10,17,1545,1,2,2,1.0,3,85194,M,4649510.0,-178085.0,85
201400037209,14,10,22,925,1,2,1,1.0,6,85194,M,4649155.0,-176928.0,85
201400037210,14,10,26,945,1,2,5,1.0,6,85194,M,4649608.0,-177752.0,85
201400037211,14,11,16,1850,1,2,6,3.0,6,85194,M,4649317.0,-176243.0,85
201400037212,14,11,14,1625,1,2,2,7.0,3,85060,M,4650352.0,-174292.0,85
201400037213,14,11,16,2100,5,2,1,2.0,6,85194,M,4649737.0,-178668.0,85
201400037214,14,12,10,735,5,2,1,2.0,3,85166,M,4650900.0,-176903.0,85
201400037215,14,11,22,1745,4,1,1,1.0,7,85060,M,4650901.0,-168614.0,85
201400037216,14,2,6,1025,1,2,1,1.0,6,86066,M,,,86
201400037217,14,2,20,2135,5,2,1,1.0,3,86066,M,,,86
201400037218,14,2,24,1530,1,2,1,1.0,6,86066,M,,,86
201400037219,14,3,18,1040,1,2,1,1.0,6,86066,M,,,86
201400037220,14,3,18,1910,2,2,1,1.0,6,86066,M,,,86
201400037221,14,3,21,1440,1,2,1,1.0,6,86066,M,,,86
201400037222,14,3,24,1655,1,2,1,1.0,6,86066,M,,,86
201400037223,14,3,26,2000,5,2,6,1.0,3,86066,M,,,86
201400037224,14,4,5,1345,1,2,4,1.0,3,86066,M,,,86
201400037225,14,4,6,1300,1,2,1,1.0,5,86066,M,,,86
201400037226,14,4,23,1505,1,2,3,1.0,3,86066,M,,,86
201400037227,14,5,5,1800,1,2,1,1.0,3,86066,M,,,86
201400037228,14,5,7,2125,5,2,1,1.0,3,86066,M,,,86
201400037229,14,7,3,2040,1,2,1,1.0,7,86066,M,4680726.0,54303.0,86
201400037230,14,7,8,1555,1,2,1,1.0,6,86066,M,4681442.0,54384.0,86
201400037231,14,8,6,1635,1,1,6,1.0,2,86066,M,,,86
201400037232,14,8,6,1750,1,2,1,1.0,6,86066,M,,,86
201400037233,14,9,11,853,1,2,1,1.0,6,86066,M,4680088.0,52811.0,86
201400037234,14,9,20,1945,1,2,1,3.0,6,86066,M,,,86
201400037235,14,9,26,1809,1,2,1,1.0,6,86066,M,,,86
201400037236,14,10,4,1955,5,2,3,8.0,3,86066,M,4681437.0,53516.0,86
201400037237,14,10,5,1716,1,2,1,1.0,1,86066,M,,,86
201400037238,14,10,11,1900,1,1,1,1.0,6,86066,M,,,86
201400037239,14,10,13,2020,2,2,1,1.0,6,86066,M,,,86
201400037240,14,11,27,820,1,2,2,5.0,1,86066,M,,,86
201400037241,14,12,6,1740,5,2,1,1.0,6,86066,M,,,86
201400037242,14,12,9,1535,1,2,3,2.0,3,86066,M,,,86
201400037243,14,12,26,1950,5,2,2,2.0,6,86066,M,,,86
201400037244,14,1,5,2155,3,1,2,1.0,3,86041,M,,,86
201400037245,14,1,6,1800,5,2,3,2.0,3,86194,M,,,86
201400037246,14,1,6,1920,5,2,1,2.0,3,86194,M,,,86
201400037247,14,1,6,1925,3,1,1,2.0,6,86214,M,,,86
201400037248,14,1,7,745,5,2,1,8.0,6,86194,M,,,86
201400037249,14,1,7,1855,5,2,1,1.0,3,86194,M,,,86
201400037250,14,1,8,1430,1,2,1,1.0,6,86194,M,,,86
201400037251,14,1,10,715,5,2,3,1.0,3,86194,M,,,86
201400037252,14,1,11,2140,5,2,1,1.0,3,86194,M,,,86
201400037253,14,1,13,755,5,2,1,3.0,6,86194,M,,,86
201400037254,14,1,13,810,2,2,1,2.0,6,86194,M,,,86
201400037255,14,1,14,1840,5,1,1,1.0,3,86194,M,,,86
201400037256,14,1,15,1815,5,2,1,2.0,2,86041,M,,,86
201400037257,14,1,17,1655,1,2,2,1.0,7,86194,M,,,86
201400037258,14,1,19,1222,5,2,1,1.0,6,86158,M,,,86
201400037259,14,1,20,1720,1,2,2,1.0,3,86194,M,,,86
201400037260,14,1,20,1810,3,1,1,1.0,3,86158,M,,,86
201400037261,14,1,23,800,1,2,1,1.0,3,86194,M,,,86
201400037262,14,1,31,1635,1,2,3,1.0,6,86194,M,,,86
201400037263,14,2,3,730,3,1,1,1.0,6,86194,M,,,86
201400037264,14,2,4,1255,1,2,1,1.0,2,86194,M,,,86
201400037265,14,2,5,740,3,1,1,2.0,4,86157,M,,,86
201400037266,14,2,6,1535,1,2,1,1.0,6,86194,M,,,86
201400037267,14,2,7,1155,1,2,1,1.0,4,86194,M,,,86
201400037268,14,2,7,1415,1,2,6,1.0,3,86194,M,,,86
201400037269,14,2,7,1655,1,2,1,2.0,1,86194,M,,,86
201400037270,14,2,7,1700,1,2,1,2.0,1,86194,M,,,86
201400037271,14,2,11,1755,1,2,3,2.0,5,86194,M,,,86
201400037272,14,2,13,1950,5,2,1,1.0,5,86194,M,,,86
201400037273,14,2,16,355,5,2,1,2.0,6,86194,M,,,86
201400037274,14,2,17,825,1,2,1,1.0,6,86194,M,,,86
201400037275,14,2,18,240,5,2,1,1.0,6,86133,M,,,86
201400037276,14,2,18,1730,1,2,1,1.0,2,86194,M,,,86
201400037277,14,2,20,2045,5,2,1,1.0,3,86194,M,,,86
201400037278,14,2,22,1610,1,2,1,2.0,2,86194,M,,,86
201400037279,14,2,22,1710,1,2,1,2.0,3,86194,M,,,86
201400037280,14,2,23,715,5,2,1,1.0,6,86194,M,,,86
201400037281,14,2,24,905,1,2,3,1.0,6,86194,M,,,86
201400037282,14,3,3,1015,1,2,1,3.0,6,86194,M,,,86
201400037283,14,3,7,1320,1,2,1,1.0,5,86194,M,,,86
201400037284,14,3,8,1939,4,2,1,1.0,6,86194,M,,,86
201400037285,14,3,10,400,5,2,1,1.0,3,86194,M,,,86
201400037286,14,3,10,851,1,2,6,1.0,3,86194,M,,,86
201400037287,14,3,11,1230,1,2,3,1.0,3,86194,M,,,86
201400037288,14,3,12,1710,1,2,1,1.0,3,86158,M,,,86
201400037289,14,3,14,800,1,2,1,1.0,6,86088,M,,,86
201400037290,14,3,14,745,1,2,6,1.0,6,86214,M,,,86
201400037291,14,3,14,1145,1,2,1,1.0,6,86194,M,,,86
201400037292,14,3,14,1615,1,2,1,1.0,6,86194,M,,,86
201400037293,14,3,16,1035,1,2,2,1.0,3,86041,M,,,86
201400037294,14,3,17,925,1,2,1,5.0,2,86194,M,,,86
201400037295,14,3,20,810,1,1,1,1.0,2,86194,M,,,86
201400037296,14,3,21,240,5,2,1,1.0,6,86194,M,,,86
201400037297,14,3,21,1710,1,2,1,1.0,6,86214,M,,,86
201400037298,14,3,22,1115,1,1,1,1.0,6,86157,M,,,86
201400037299,14,3,23,1735,1,2,1,1.0,6,86157,M,,,86
201400037300,14,3,25,1425,1,2,1,2.0,6,86194,M,,,86
201400037301,14,3,26,1120,1,2,1,1.0,6,86194,M,,,86
201400037302,14,3,26,1650,1,2,1,1.0,4,86194,M,,,86
201400037303,14,3,28,1415,1,2,1,1.0,6,86194,M,,,86
201400037304,14,3,28,1825,1,2,3,1.0,3,86194,M,,,86
201400037305,14,3,29,1645,1,2,1,1.0,3,86194,M,,,86
201400037306,14,3,29,2315,3,1,2,1.0,3,86027,M,,,86
201400037307,14,4,1,1710,1,2,2,1.0,3,86194,M,,,86
201400037308,14,4,3,1308,1,2,6,3.0,7,86214,M,,,86
201400037309,14,4,3,1734,1,2,1,2.0,6,86041,M,,,86
201400037310,14,4,3,1915,1,1,1,1.0,2,86194,M,,,86
201400037311,14,4,4,2145,5,2,2,1.0,3,86194,M,,,86
201400037312,14,4,5,520,5,2,6,1.0,6,86194,M,,,86
201400037313,14,4,6,600,3,1,1,2.0,1,86158,M,,,86
201400037314,14,4,7,1740,1,2,1,1.0,3,86194,M,,,86
201400037315,14,4,8,755,1,2,3,1.0,3,86194,M,,,86
201400037316,14,4,8,2150,5,2,2,1.0,6,86194,M,,,86
201400037317,14,4,9,1320,1,2,1,1.0,2,86194,M,,,86
201400037318,14,4,10,1830,1,2,1,1.0,6,86194,M,,,86
201400037319,14,4,11,305,3,1,1,1.0,7,86133,M,4651544.0,29959.0,86
201400037320,14,4,13,2200,5,2,2,1.0,6,86194,M,,,86
201400037321,14,4,14,1805,1,2,3,1.0,6,86194,M,,,86
201400037322,14,4,16,1215,1,2,3,1.0,3,86194,M,,,86
201400037323,14,4,16,1545,1,2,1,1.0,2,86194,M,,,86
201400037324,14,4,25,1840,1,2,1,1.0,6,86194,M,,,86
201400037325,14,4,27,10,4,2,1,2.0,2,86194,M,,,86
201400037326,14,4,28,850,1,2,1,8.0,1,86194,M,,,86
201400037327,14,4,29,1020,1,1,1,3.0,2,86088,M,,,86
201400037328,14,4,29,2055,2,2,1,1.0,6,86214,M,,,86
201400037329,14,5,4,1545,1,2,1,1.0,6,86194,M,,,86
201400037330,14,5,5,1455,1,2,2,1.0,3,86194,M,,,86
201400037331,14,5,5,1855,1,2,2,1.0,3,86194,M,,,86
201400037332,14,5,7,400,3,2,1,1.0,6,86214,M,,,86
201400037333,14,5,7,1000,1,1,1,1.0,3,86194,M,,,86
201400037334,14,5,7,2225,5,2,1,1.0,3,86194,M,,,86
201400037335,14,5,8,1025,1,1,1,1.0,3,86157,M,,,86
201400037336,14,5,9,200,5,2,1,1.0,6,86194,M,,,86
201400037337,14,5,12,1210,1,2,1,1.0,4,86194,M,,,86
201400037338,14,5,12,1745,1,2,1,1.0,4,86214,M,,,86
201400037339,14,5,14,1250,1,2,2,1.0,3,86194,M,,,86
201400037340,14,5,14,2145,4,2,2,1.0,6,86194,M,,,86
201400037341,14,5,18,1215,1,2,2,1.0,3,86041,M,,,86
201400037342,14,5,22,1800,1,2,6,8.0,3,86194,M,,,86
201400037343,14,5,22,1840,1,2,1,3.0,6,86194,M,,,86
201400037344,14,5,23,1435,1,1,1,2.0,6,86214,M,,,86
201400037345,14,5,23,1710,1,1,1,8.0,7,86194,M,,,86
201400037346,14,5,27,2010,1,2,1,1.0,3,86194,M,,,86
201400037347,14,5,28,1930,1,2,1,1.0,6,86194,M,,,86
201400037348,14,6,2,1840,1,2,1,1.0,5,86194,M,,,86
201400037349,14,6,2,1840,1,2,1,1.0,2,86194,M,,,86
201400037350,14,6,3,150,3,1,1,1.0,6,86158,M,,,86
201400037351,14,6,3,1605,1,2,1,1.0,2,86194,M,4660170.0,31606.0,86
201400037352,14,6,3,2020,1,2,2,1.0,3,86041,M,,,86
201400037353,14,6,4,630,2,1,1,2.0,6,86194,M,,,86
201400037354,14,6,6,1506,1,2,1,1.0,6,86194,M,4658921.0,38256.0,86
201400037355,14,6,6,1635,1,2,4,1.0,6,86194,M,4658775.0,37736.0,86
201400037356,14,6,7,1830,1,2,2,1.0,3,86194,M,,,86
201400037357,14,6,8,1830,1,2,1,1.0,4,86194,M,4656888.0,32198.0,86
201400037358,14,6,8,1810,1,2,1,1.0,3,86194,M,,,86
201400037359,14,6,10,2005,1,2,3,1.0,3,86214,M,4656504.0,35980.0,86
201400037360,14,6,12,930,1,2,3,1.0,3,86194,M,4659119.0,35555.0,86
201400037361,14,6,14,2255,5,2,1,1.0,6,86194,M,4659072.0,34664.0,86
201400037362,14,6,13,1545,1,2,2,1.0,4,86157,M,,,86
201400037363,14,6,17,1340,1,2,2,1.0,3,86194,M,,,86
201400037364,14,6,17,1850,1,1,1,1.0,4,86157,M,,,86
201400037365,14,6,20,1805,1,2,6,1.0,3,86194,M,,,86
201400037366,14,6,20,2025,2,2,1,1.0,3,86041,M,,,86
201400037367,14,6,21,225,5,2,1,1.0,7,86194,M,,,86
201400037368,14,6,23,845,1,2,1,3.0,6,86158,M,4663384.0,30182.0,86
201400037369,14,6,25,1915,1,2,1,1.0,2,86194,M,,,86
201400037370,14,6,23,1750,1,1,1,1.0,4,86158,M,,,86
201400037371,14,7,3,705,1,2,2,1.0,3,86194,M,,,86
201400037372,14,7,7,1040,1,2,3,1.0,6,86041,M,4660576.0,36927.0,86
201400037373,14,7,8,1700,1,1,1,3.0,6,86194,M,,,86
201400037374,14,7,11,1245,1,2,1,1.0,6,86158,M,4663403.0,33031.0,86
201400037375,14,7,12,35,3,1,1,1.0,6,86194,M,,,86
201400037376,14,7,22,1500,1,2,3,1.0,1,86194,M,4657781.0,34280.0,86
201400037377,14,7,22,1750,1,2,6,1.0,3,86194,M,4656714.0,34418.0,86
201400037378,14,7,23,1630,1,2,3,1.0,6,86194,M,4658577.0,34215.0,86
201400037379,14,7,26,1720,1,2,1,1.0,6,86041,M,4659651.0,35189.0,86
201400037380,14,7,27,850,1,1,1,1.0,5,86157,M,,,86
201400037381,14,7,27,1845,1,2,1,1.0,6,86194,M,4656469.0,33809.0,86
201400037382,14,7,29,1430,1,2,3,1.0,1,86158,M,4662358.0,31613.0,86
201400037383,14,7,30,1820,1,2,1,1.0,2,86194,M,,,86
201400037384,14,8,5,1435,1,2,2,1.0,3,86194,M,,,86
201400037385,14,8,5,1745,1,2,1,1.0,6,86194,M,,,86
201400037386,14,8,6,1700,1,2,1,1.0,7,86194,M,,,86
201400037387,14,8,6,1810,1,2,2,1.0,3,86194,M,,,86
201400037388,14,8,10,1925,1,2,1,1.0,6,86194,M,,,86
201400037389,14,8,18,1620,1,1,3,1.0,4,86157,M,,,86
201400037390,14,8,19,1050,1,1,1,1.0,6,86088,M,,,86
201400037391,14,8,19,2205,5,2,1,1.0,2,86194,M,,,86
201400037392,14,8,22,1040,1,2,2,1.0,3,86194,M,,,86
201400037393,14,8,22,1215,1,2,3,1.0,3,86194,M,,,86
201400037394,14,8,23,1900,1,2,1,1.0,4,86194,M,,,86
201400037395,14,8,24,923,1,1,1,1.0,6,86157,M,,,86
201400037396,14,8,29,730,1,1,2,1.0,3,86194,M,,,86
201400037397,14,8,29,1120,1,2,6,1.0,3,86194,M,,,86
201400037398,14,8,29,1240,1,2,2,1.0,3,86194,M,,,86
201400037399,14,8,29,1630,1,2,1,1.0,6,86194,M,,,86
201400037400,14,8,29,1815,1,1,2,1.0,3,86041,M,,,86
201400037401,14,8,31,1725,1,2,2,1.0,3,86194,M,4658547.0,37470.0,86
201400037402,14,9,2,905,1,2,1,1.0,4,86194,M,,,86
201400037403,14,9,4,1230,1,2,2,1.0,3,86194,M,4659252.0,32864.0,86
201400037404,14,9,6,1400,1,1,2,1.0,3,86157,M,,,86
201400037405,14,9,6,1450,1,2,2,1.0,3,86194,M,4658950.0,34225.0,86
201400037406,14,9,7,200,5,2,1,1.0,7,86194,M,,,86
201400037407,14,9,10,1115,1,2,2,1.0,3,86194,M,,,86
201400037408,14,9,11,850,1,2,3,7.0,3,86194,M,4658183.0,35925.0,86
201400037409,14,9,12,1155,1,1,2,1.0,6,86194,M,,,86
201400037410,14,9,12,2320,3,1,1,1.0,6,86157,M,,,86
201400037411,14,9,17,1845,1,2,3,1.0,6,86194,M,4656703.0,37636.0,86
201400037412,14,9,18,2130,5,1,1,1.0,6,86133,M,,,86
201400037413,14,9,20,2125,3,1,1,8.0,6,86158,M,,,86
201400037414,14,9,21,630,2,2,3,1.0,4,86194,M,,,86
201400037415,14,9,22,615,2,2,2,1.0,3,86194,M,,,86
201400037416,14,9,23,745,1,2,1,1.0,3,86194,M,,,86
201400037417,14,9,24,425,5,2,1,1.0,6,86194,M,,,86
201400037418,14,9,25,1210,1,2,1,1.0,2,86194,M,,,86
201400037419,14,9,26,350,5,2,1,1.0,6,86194,M,,,86
201400037420,14,9,26,905,1,2,1,1.0,3,86041,M,,,86
201400037421,14,9,27,735,2,1,1,1.0,1,86194,M,,,86
201400037422,14,9,27,900,1,1,1,1.0,2,86041,M,,,86
201400037423,14,9,27,1855,1,2,2,1.0,6,86041,M,4659835.0,35210.0,86
201400037424,14,9,28,115,5,2,1,1.0,6,86194,M,4658850.0,35044.0,86
201400037425,14,9,28,255,3,2,1,1.0,6,86158,M,4663664.0,31229.0,86
201400037426,14,9,29,935,1,2,6,2.0,1,86194,M,4656175.0,37363.0,86
201400037427,14,10,1,1550,1,2,2,1.0,1,86194,M,4656726.0,38785.0,86
201400037428,14,10,3,755,1,2,1,1.0,6,86194,M,4658555.0,33037.0,86
201400037429,14,10,6,1305,1,1,1,2.0,2,86194,M,4657062.0,32464.0,86
201400037430,14,10,6,2005,5,2,1,6.0,6,86194,M,4658894.0,36010.0,86
201400037431,14,10,8,1400,1,2,6,1.0,2,86194,M,4657636.0,37432.0,86
201400037432,14,10,11,1320,1,2,1,1.0,6,86194,M,4658756.0,37434.0,86
201400037433,14,10,13,800,1,2,3,1.0,2,86194,M,,,86
201400037434,14,10,13,1755,1,2,2,1.0,2,86214,M,,,86
201400037435,14,10,16,1430,1,2,1,1.0,3,86194,M,4659420.0,33347.0,86
201400037436,14,10,18,1020,1,2,1,1.0,2,86041,M,4659940.0,34367.0,86
201400037437,14,10,23,1240,1,2,1,1.0,2,86194,M,4658959.0,34640.0,86
201400037438,14,10,23,1750,1,2,1,1.0,1,86158,M,4661954.0,31121.0,86
201400037439,14,10,24,1330,1,2,3,1.0,3,86194,M,4658772.0,34903.0,86
201400037440,14,10,24,2210,5,2,1,1.0,6,86214,M,,,86
201400037441,14,10,26,1845,1,2,1,1.0,3,86194,M,4657850.0,37890.0,86
201400037442,14,10,25,2210,5,2,2,1.0,3,86194,M,,,86
201400037443,14,10,28,1910,5,2,3,1.0,6,86194,M,4658196.0,35521.0,86
201400037444,14,10,29,1555,1,2,2,1.0,5,86157,M,,,86
201400037445,14,10,29,1800,1,2,1,1.0,6,86041,M,4659876.0,36131.0,86
201400037446,14,11,3,740,1,2,1,1.0,6,86194,M,,,86
201400037447,14,11,3,1745,5,2,1,2.0,6,86194,M,,,86
201400037448,14,11,4,2100,5,2,1,1.0,6,86194,M,,,86
201400037449,14,11,5,815,1,2,2,1.0,6,86194,M,,,86
201400037450,14,11,5,820,1,2,1,1.0,6,86194,M,,,86
201400037451,14,11,6,930,1,2,3,1.0,1,86194,M,,,86
201400037452,14,11,8,1830,5,2,2,1.0,1,86194,M,,,86
201400037453,14,11,10,750,1,2,1,1.0,3,86194,M,,,86
201400037454,14,11,10,1855,3,1,1,1.0,6,86158,M,,,86
201400037455,14,11,14,1340,1,2,1,2.0,6,86194,M,,,86
201400037456,14,11,14,1345,1,2,1,2.0,6,86194,M,,,86
201400037457,14,11,16,1020,1,1,1,1.0,7,86158,M,,,86
201400037458,14,11,16,1550,1,2,1,1.0,4,86194,M,,,86
201400037459,14,11,17,1900,5,2,1,2.0,3,86194,M,,,86
201400037460,14,11,24,1810,3,1,1,2.0,3,86194,M,,,86
201400037461,14,11,26,800,5,2,3,1.0,3,86194,M,,,86
201400037462,14,11,26,1040,1,2,1,1.0,6,86041,M,,,86
201400037463,14,11,26,2015,5,2,1,1.0,6,86194,M,4657354.0,37143.0,86
201400037464,14,11,28,1820,5,2,1,1.0,3,86194,M,,,86
201400037465,14,11,28,2010,5,2,3,1.0,3,86194,M,,,86
201400037466,14,11,30,140,3,1,1,1.0,6,86158,M,,,86
201400037467,14,12,2,1950,5,2,1,2.0,6,86157,M,,,86
201400037468,14,12,3,610,5,2,1,8.0,2,86194,M,,,86
201400037469,14,12,4,1845,3,2,3,2.0,6,86041,M,4659490.0,35572.0,86
201400037470,14,12,6,1350,1,2,1,1.0,3,86194,M,4656368.0,36657.0,86
201400037471,14,12,9,720,3,2,1,9.0,6,86214,M,,,86
201400037472,14,12,9,740,3,1,1,9.0,6,86133,M,,,86
201400037473,14,12,9,745,5,2,1,9.0,7,86194,M,,,86
201400037474,14,12,9,820,2,2,1,9.0,6,86214,M,,,86
201400037475,14,12,9,900,1,2,1,1.0,7,86194,M,,,86
201400037476,14,12,9,1815,5,2,2,1.0,5,86194,M,,,86
201400037477,14,12,12,2005,3,2,1,2.0,6,86214,M,,,86
201400037478,14,12,11,2010,3,1,1,2.0,4,86214,M,,,86
201400037479,14,12,14,720,2,2,1,2.0,6,86194,M,4658317.0,33511.0,86
201400037480,14,12,14,950,1,2,1,2.0,6,86194,M,,,86
201400037481,14,12,15,930,1,2,1,1.0,6,86194,M,,,86
201400037482,14,12,16,935,1,2,1,1.0,6,86194,M,,,86
201400037483,14,12,18,2115,5,2,1,2.0,4,86194,M,4657595.0,35379.0,86
201400037484,14,12,20,535,3,1,1,1.0,2,86157,M,4656296.0,41477.0,86
201400037485,14,12,21,615,3,1,1,1.0,6,86041,M,,,86
201400037486,14,12,22,1100,1,2,1,1.0,6,86194,M,,,86
201400037487,14,12,23,1750,5,2,1,1.0,3,86194,M,4658462.0,35134.0,86
201400037488,14,12,25,1850,3,2,3,1.0,3,86157,M,,,86
201400037489,14,12,31,1205,1,2,1,1.0,2,86194,M,4656736.0,35929.0,86
201400037490,14,1,2,1223,1,1,1,1.0,7,87085,M,,,87
201400037491,14,1,7,1811,5,2,1,1.0,6,87085,M,,,87
201400037492,14,1,8,1438,1,2,1,1.0,6,87085,M,,,87
201400037493,14,1,10,1647,1,2,1,1.0,5,87050,M,,,87
201400037494,14,1,12,1119,1,2,2,1.0,1,87085,M,,,87
201400037495,14,1,13,1724,1,2,1,1.0,6,87085,M,,,87
201400037496,14,1,13,1704,1,2,1,1.0,6,87085,M,,,87
201400037497,14,1,13,1544,1,2,3,1.0,3,87113,M,,,87
201400037498,14,1,14,1635,1,2,3,1.0,3,87085,M,,,87
201400037499,14,1,14,1752,5,2,1,1.0,6,87085,M,,,87
201400037500,14,1,16,533,3,1,1,2.0,6,87085,M,,,87
201400037501,14,1,17,1805,5,2,1,1.0,6,87085,M,,,87
201400037502,14,1,17,1611,1,2,1,1.0,6,87085,M,,,87
201400037503,14,1,22,750,2,1,1,1.0,4,87085,M,,,87
201400037504,14,1,22,950,1,2,2,1.0,5,87085,M,,,87
201400037505,14,1,22,1603,1,2,1,2.0,2,87085,M,,,87
201400037506,14,1,23,928,1,2,1,2.0,6,87085,M,,,87
201400037507,14,1,24,737,2,2,1,2.0,3,87075,M,,,87
201400037508,14,1,25,1255,1,2,2,2.0,6,87085,M,,,87
201400037509,14,1,26,2003,5,2,1,2.0,6,87085,M,,,87
201400037510,14,1,28,844,1,1,1,2.0,4,87085,M,,,87
201400037511,14,1,30,757,5,2,1,2.0,6,87085,M,,,87
201400037512,14,1,30,1730,1,2,1,1.0,3,87113,M,,,87
201400037513,14,2,1,2211,5,2,1,1.0,6,87085,M,,,87
201400037514,14,2,5,806,2,2,1,2.0,6,87085,M,,,87
201400037515,14,2,7,1924,5,2,1,2.0,3,87085,M,,,87
201400037516,14,2,9,1401,1,2,3,2.0,3,87085,M,,,87
201400037517,14,2,10,1325,1,2,2,2.0,6,87085,M,,,87
201400037518,14,2,10,1206,1,2,1,2.0,6,87085,M,,,87
201400037519,14,2,10,1925,5,2,2,1.0,3,87085,M,,,87
201400037520,14,2,12,1939,5,2,3,2.0,3,87085,M,,,87
201400037521,14,2,13,650,5,2,1,2.0,6,87085,M,,,87
201400037522,14,2,15,821,1,1,1,2.0,6,87048,M,,,87
201400037523,14,2,15,1204,1,1,1,1.0,6,87114,M,,,87
201400037524,14,2,15,1859,5,2,1,1.0,6,87085,M,,,87
201400037525,14,2,16,1525,1,1,1,2.0,6,87085,M,,,87
201400037526,14,2,17,835,1,1,1,1.0,4,87085,M,,,87
201400037527,14,2,18,1635,1,2,1,1.0,6,87085,M,,,87
201400037528,14,2,19,1753,1,2,1,1.0,2,87050,M,,,87
201400037529,14,2,20,1140,1,2,3,1.0,3,87085,M,,,87
201400037530,14,2,22,1107,1,2,3,1.0,6,87085,M,,,87
201400037531,14,2,24,855,1,2,1,1.0,3,87085,M,,,87
201400037532,14,2,24,1216,1,2,2,1.0,6,87085,M,,,87
201400037533,14,2,26,834,1,2,1,2.0,6,87085,M,,,87
201400037534,14,2,26,1751,1,2,1,1.0,4,87085,M,,,87
201400037535,14,3,5,1209,1,2,1,1.0,6,87085,M,,,87
201400037536,14,3,6,1235,1,2,1,1.0,1,87085,M,,,87
201400037537,14,3,8,1433,1,2,3,1.0,5,87085,M,,,87
201400037538,14,3,11,650,2,2,1,1.0,6,87085,M,,,87
201400037539,14,3,11,822,1,2,1,1.0,4,87085,M,,,87
201400037540,14,3,13,1012,1,2,1,1.0,3,87085,M,,,87
201400037541,14,3,13,1409,1,2,1,1.0,6,87085,M,,,87
201400037542,14,3,13,1758,1,2,1,1.0,2,87085,M,,,87
201400037543,14,3,14,825,1,2,1,1.0,6,87085,M,,,87
201400037544,14,3,14,1410,1,2,1,1.0,3,87085,M,,,87
201400037545,14,3,16,1628,1,2,1,1.0,6,87085,M,,,87
201400037546,14,3,15,1329,1,2,3,1.0,2,87085,M,,,87
201400037547,14,3,18,755,1,2,1,1.0,3,87050,M,,,87
201400037548,14,3,18,749,1,2,2,1.0,3,87050,M,,,87
201400037549,14,3,18,1210,1,2,1,1.0,6,87085,M,,,87
201400037550,14,3,19,1139,1,2,1,1.0,6,87085,M,,,87
201400037551,14,3,19,1705,1,2,3,1.0,3,87113,M,,,87
201400037552,14,3,21,128,5,2,1,2.0,6,87085,M,,,87
201400037553,14,3,22,1900,1,2,7,1.0,3,87085,M,,,87
201400037554,14,3,23,1758,1,2,3,1.0,3,87085,M,,,87
201400037555,14,3,24,618,5,2,1,1.0,6,87085,M,,,87
201400037556,14,3,24,1726,1,2,1,1.0,6,87085,M,,,87
201400037557,14,3,26,1734,1,2,2,1.0,6,87085,M,,,87
201400037558,14,3,29,1619,1,2,3,1.0,3,87085,M,,,87
201400037559,14,3,30,716,5,2,2,1.0,6,87085,M,,,87
201400037560,14,3,31,722,1,1,1,1.0,6,87065,M,,,87
201400037561,14,4,1,1838,1,2,1,1.0,6,87085,M,,,87
201400037562,14,4,3,1257,1,2,1,2.0,3,87085,M,,,87
201400037563,14,4,3,1905,1,2,1,1.0,6,87085,M,,,87
201400037564,14,4,3,1946,2,2,3,1.0,3,87085,M,,,87
201400037565,14,4,5,2234,5,2,2,1.0,3,87085,M,,,87
201400037566,14,4,9,822,1,2,3,1.0,3,87085,M,,,87
201400037567,14,4,9,1230,1,2,3,1.0,2,87065,M,,,87
201400037568,14,4,9,1756,1,2,1,1.0,6,87085,M,,,87
201400037569,14,4,10,902,1,2,1,1.0,1,87114,M,,,87
201400037570,14,4,13,1001,1,2,1,1.0,1,87085,M,,,87
201400037571,14,4,13,1140,1,1,3,1.0,3,87085,M,,,87
201400037572,14,4,15,1833,1,2,9,1.0,3,87085,M,,,87
201400037573,14,4,15,1955,1,2,2,1.0,3,87085,M,,,87
201400037574,14,4,16,804,1,2,9,1.0,3,87085,M,,,87
201400037575,14,4,16,900,1,2,1,1.0,6,87085,M,,,87
201400037576,14,4,16,1228,1,2,3,1.0,3,87085,M,,,87
201400037577,14,4,16,1746,1,2,2,1.0,3,87085,M,,,87