Num_Acc,an,mois,jour,hrmn,lum,agg,int,atm,col,com,gps,lat,long,dep
201400037578,14,4,17,707,1,2,2,1.0,2,87085,M,,,87
201400037579,14,4,18,2317,5,2,1,1.0,6,87085,M,,,87
201400037580,14,4,19,1905,1,2,1,1.0,5,87085,M,,,87
201400037581,14,4,20,1120,1,2,1,1.0,6,87085,M,,,87
201400037582,14,4,22,1545,1,2,1,1.0,6,87085,M,,,87
201400037583,14,4,22,1611,1,2,3,1.0,3,87085,M,,,87
201400037584,14,4,23,1208,1,2,1,1.0,6,87085,M,,,87
201400037585,14,4,23,1950,1,2,1,2.0,2,87085,M,,,87
201400037586,14,4,24,1920,1,2,2,2.0,3,87085,M,,,87
201400037587,14,4,26,133,5,2,1,2.0,1,87085,M,,,87
201400037588,14,4,26,1202,1,2,3,2.0,3,87085,M,,,87
201400037589,14,4,26,2032,1,2,1,2.0,6,87085,M,,,87
201400037590,14,4,27,1955,1,1,1,2.0,6,87085,M,,,87
201400037591,14,4,28,1150,1,2,1,2.0,3,87050,M,,,87
201400037592,14,4,29,2049,2,2,3,3.0,6,87085,M,,,87
201400037593,14,4,30,1845,1,2,3,1.0,3,87085,M,,,87
201400037594,14,4,30,1944,1,2,1,1.0,2,87085,M,,,87
201400037595,14,5,2,926,1,2,1,2.0,2,87085,M,,,87
201400037596,14,5,3,1717,1,2,3,1.0,3,87085,M,,,87
201400037597,14,5,4,1333,5,2,3,1.0,6,87085,M,,,87
201400037598,14,5,5,1714,1,2,2,1.0,3,87085,M,,,87
201400037599,14,5,7,751,1,2,2,1.0,6,87085,M,,,87
201400037600,14,5,7,1505,1,2,1,1.0,6,87085,M,,,87
201400037601,14,5,7,1623,1,2,3,1.0,3,87085,M,,,87
201400037602,14,5,8,2016,1,2,1,1.0,6,87085,M,,,87
201400037603,14,5,12,1331,1,2,2,2.0,3,87085,M,,,87
201400037604,14,5,16,1645,1,2,1,1.0,6,87085,M,,,87
201400037605,14,5,19,845,1,2,1,2.0,4,87085,M,,,87
201400037606,14,5,20,1758,1,2,3,1.0,3,87085,M,,,87
201400037607,14,5,22,25,5,2,1,2.0,6,87085,M,,,87
201400037608,14,5,22,1611,1,2,2,1.0,3,87085,M,,,87
201400037609,14,5,23,747,1,1,2,1.0,6,87050,M,,,87
201400037610,14,5,25,624,2,2,2,2.0,3,87085,M,,,87
201400037611,14,5,25,1622,1,2,2,2.0,3,87075,M,,,87
201400037612,14,5,26,1235,1,2,3,2.0,4,87085,M,,,87
201400037613,14,5,27,2056,2,2,3,1.0,3,87085,M,,,87
201400037614,14,5,30,1439,1,2,3,1.0,2,87085,M,,,87
201400037615,14,5,30,2206,5,2,2,1.0,3,87085,M,,,87
201400037616,14,5,31,2156,1,2,3,1.0,6,87085,M,,,87
201400037617,14,6,2,1350,1,2,1,1.0,2,87085,M,,,87
201400037618,14,6,2,1704,1,2,1,1.0,3,87085,M,,,87
201400037619,14,6,4,820,1,2,3,2.0,3,87085,M,,,87
201400037620,14,6,4,1120,1,2,1,2.0,6,87085,M,,,87
201400037621,14,6,4,1152,1,2,2,2.0,2,87085,M,,,87
201400037622,14,6,5,1806,1,1,1,1.0,2,87065,M,,,87
201400037623,14,6,5,1824,1,2,3,1.0,2,87085,M,,,87
201400037624,14,6,6,2000,1,2,3,1.0,3,87085,M,,,87
201400037625,14,6,8,1900,1,2,1,1.0,6,87085,M,,,87
201400037626,14,6,10,847,1,2,3,1.0,6,87085,M,,,87
201400037627,14,6,10,1301,1,2,1,1.0,6,87085,M,,,87
201400037628,14,6,10,2017,1,2,1,1.0,6,87065,M,,,87
201400037629,14,6,11,1535,1,2,3,1.0,3,87114,M,,,87
201400037630,14,6,12,854,1,2,9,1.0,3,87065,M,,,87
201400037631,14,6,12,1627,1,2,3,1.0,3,87065,M,,,87
201400037632,14,6,12,1620,1,2,1,1.0,6,87085,M,,,87
201400037633,14,6,14,1705,1,1,3,1.0,2,87085,M,,,87
201400037634,14,6,15,1951,1,2,1,1.0,6,87085,M,,,87
201400037635,14,6,16,1315,1,2,1,1.0,6,87085,M,,,87
201400037636,14,6,17,814,1,2,3,1.0,3,87085,M,,,87
201400037637,14,6,17,1213,1,2,3,1.0,5,87085,M,,,87
201400037638,14,6,19,827,1,2,3,1.0,2,87085,M,,,87
201400037639,14,6,19,1610,1,1,2,1.0,5,87050,M,,,87
201400037640,14,6,22,1803,1,1,1,1.0,5,87085,M,,,87
201400037641,14,6,24,1730,1,2,1,1.0,2,87085,M,,,87
201400037642,14,6,24,1846,1,2,1,1.0,6,87085,M,,,87
201400037643,14,6,24,2201,2,2,1,1.0,6,87085,M,,,87
201400037644,14,6,28,1233,1,2,1,1.0,6,87085,M,,,87
201400037645,14,6,30,1805,1,2,2,1.0,3,87085,M,,,87
201400037646,14,7,1,1145,1,2,1,1.0,3,87085,M,,,87
201400037647,14,7,1,1654,1,2,1,1.0,6,87085,M,,,87
201400037648,14,7,1,1648,1,2,1,1.0,6,87085,M,,,87
201400037649,14,7,2,755,1,2,1,1.0,4,87085,M,,,87
201400037650,14,7,5,2035,1,2,1,1.0,6,87085,M,,,87
201400037651,14,7,7,927,1,2,2,1.0,6,87085,M,,,87
201400037652,14,7,7,1133,1,2,2,1.0,3,87085,M,,,87
201400037653,14,7,8,1614,1,2,1,1.0,3,87085,M,,,87
201400037654,14,7,9,1228,1,2,3,1.0,3,87114,M,,,87
201400037655,14,7,10,1716,1,2,1,1.0,6,87085,M,,,87
201400037656,14,7,12,2016,1,2,1,1.0,6,87085,M,,,87
201400037657,14,7,13,1609,1,1,1,2.0,6,87085,M,,,87
201400037658,14,7,15,1630,1,2,1,2.0,6,87085,M,,,87
201400037659,14,7,16,1009,1,1,1,1.0,6,87085,M,,,87
201400037660,14,7,16,1636,1,2,3,1.0,3,87085,M,,,87
201400037661,14,7,16,2040,1,2,1,1.0,6,87085,M,,,87
201400037662,14,7,17,1030,1,2,1,1.0,6,87085,M,,,87
201400037663,14,7,18,813,1,2,1,1.0,6,87085,M,,,87
201400037664,14,7,19,1155,1,1,1,1.0,6,87085,M,,,87
201400037665,14,7,20,1041,1,1,1,1.0,6,87114,M,,,87
201400037666,14,7,21,959,1,2,2,1.0,3,87085,M,,,87
201400037667,14,7,21,1453,1,2,1,1.0,2,87085,M,,,87
201400037668,14,7,22,1810,1,1,1,1.0,6,87085,M,,,87
201400037669,14,7,22,2004,1,2,2,1.0,3,87085,M,,,87
201400037670,14,7,23,1,5,2,1,1.0,3,87114,M,,,87
201400037671,14,7,25,1145,1,2,2,1.0,3,87085,M,,,87
201400037672,14,7,25,1842,1,2,3,1.0,2,87085,M,,,87
201400037673,14,7,28,833,1,1,1,2.0,6,87085,M,,,87
201400037674,14,7,28,1155,1,2,3,1.0,6,87085,M,,,87
201400037675,14,7,28,1640,1,2,1,1.0,1,87085,M,,,87
201400037676,14,7,31,1245,1,2,2,1.0,6,87085,M,,,87
201400037677,14,8,1,1340,1,2,1,1.0,3,87085,M,,,87
201400037678,14,8,1,1345,1,2,1,1.0,3,87085,M,,,87
201400037679,14,8,2,2148,2,1,2,1.0,6,87050,M,,,87
201400037680,14,8,3,2030,1,1,1,2.0,6,87085,M,,,87
201400037681,14,8,4,1248,1,1,1,1.0,3,87114,M,,,87
201400037682,14,8,4,1558,1,2,1,1.0,6,87085,M,,,87
201400037683,14,8,5,1552,1,1,1,1.0,1,87075,M,,,87
201400037684,14,8,6,1831,1,2,1,2.0,6,87085,M,,,87
201400037685,14,8,7,942,1,2,3,2.0,4,87085,M,,,87
201400037686,14,8,7,1620,1,2,1,1.0,3,87085,M,,,87
201400037687,14,8,8,1310,1,1,1,2.0,6,87085,M,,,87
201400037688,14,8,9,834,1,2,1,1.0,6,87085,M,,,87
201400037689,14,8,10,1435,1,1,1,2.0,6,87075,M,,,87
201400037690,14,8,11,2252,5,2,1,1.0,6,87085,M,,,87
201400037691,14,8,13,1505,1,2,2,1.0,6,87075,M,,,87
201400037692,14,8,14,1610,1,2,1,2.0,6,87085,M,,,87
201400037693,14,8,14,1958,2,1,1,1.0,6,87085,M,,,87
201400037694,14,8,14,2108,1,2,3,1.0,3,87085,M,,,87
201400037695,14,8,16,1051,1,1,1,1.0,6,87048,M,,,87
201400037696,14,8,18,1216,1,2,1,1.0,6,87085,M,,,87
201400037697,14,8,18,2041,1,2,3,1.0,3,87085,M,,,87
201400037698,14,8,19,1205,1,2,1,1.0,6,87085,M,,,87
201400037699,14,8,20,1839,1,2,1,1.0,6,87085,M,,,87
201400037700,14,8,21,956,1,2,1,1.0,6,87085,M,,,87
201400037701,14,8,22,1435,1,1,1,1.0,2,87085,M,,,87
201400037702,14,8,23,1142,1,1,1,3.0,4,87085,M,,,87
201400037703,14,8,23,1325,1,1,1,1.0,4,87050,M,,,87
201400037704,14,8,23,1301,1,2,1,1.0,6,87085,M,,,87
201400037705,14,8,23,1517,1,2,1,1.0,6,87085,M,,,87
201400037706,14,8,23,1227,1,2,1,1.0,6,87085,M,,,87
201400037707,14,8,24,414,5,2,1,1.0,6,87085,M,,,87
201400037708,14,8,24,1357,1,2,1,1.0,2,87085,M,,,87
201400037709,14,8,24,1420,1,2,1,1.0,2,87085,M,,,87
201400037710,14,8,25,2030,1,2,2,1.0,3,87085,M,,,87
201400037711,14,8,27,1426,1,2,1,1.0,4,87085,M,,,87
201400037712,14,8,27,1640,1,2,1,1.0,6,87085,M,,,87
201400037713,14,8,29,1321,1,2,3,1.0,3,87075,M,,,87
201400037714,14,8,29,1500,1,2,1,1.0,2,87085,M,,,87
201400037715,14,8,30,1201,1,2,1,1.0,3,87085,M,,,87
201400037716,14,8,30,2033,1,2,1,1.0,1,87113,M,,,87
201400037717,14,9,1,1012,1,2,1,1.0,6,87085,M,,,87
201400037718,14,9,1,1936,1,2,1,1.0,6,87085,M,,,87
201400037719,14,9,1,2126,5,2,1,1.0,1,87065,M,,,87
201400037720,14,9,3,2152,5,2,1,1.0,1,87085,M,,,87
201400037721,14,9,4,1726,1,2,1,1.0,6,87085,M,,,87
201400037722,14,9,5,1544,1,2,1,1.0,6,87085,M,,,87
201400037723,14,9,6,1153,1,2,3,1.0,3,87113,M,,,87
201400037724,14,9,7,723,2,2,1,1.0,6,87085,M,,,87
201400037725,14,9,8,1709,1,2,1,1.0,3,87085,M,,,87
201400037726,14,9,9,844,1,2,3,1.0,3,87085,M,,,87
201400037727,14,9,9,1757,1,2,1,1.0,2,87085,M,,,87
201400037728,14,9,10,1045,1,2,1,1.0,6,87085,M,,,87
201400037729,14,9,10,1810,1,2,1,1.0,6,87085,M,,,87
201400037730,14,9,10,1826,1,2,1,2.0,6,87085,M,,,87
201400037731,14,9,11,2353,5,2,1,1.0,3,87085,M,,,87
201400037732,14,9,13,1618,1,2,1,1.0,6,87085,M,,,87
201400037733,14,9,17,1054,1,2,1,1.0,6,87085,M,,,87
201400037734,14,9,17,1616,1,2,1,1.0,7,87085,M,,,87
201400037735,14,9,18,814,1,2,3,1.0,3,87085,M,,,87
201400037736,14,9,22,1408,1,2,1,1.0,6,87085,M,,,87
201400037737,14,9,22,1529,1,2,1,1.0,6,87114,M,,,87
201400037738,14,9,23,1137,1,2,1,1.0,3,87085,M,,,87
201400037739,14,9,25,1008,1,2,1,1.0,2,87085,M,,,87
201400037740,14,9,25,1210,1,2,1,1.0,6,87085,M,,,87
201400037741,14,9,25,1512,1,2,3,1.0,3,87085,M,,,87
201400037742,14,9,26,806,1,2,3,1.0,3,87085,M,,,87
201400037743,14,9,26,1027,1,2,1,1.0,6,87085,M,,,87
201400037744,14,9,27,1440,1,2,3,1.0,3,87114,M,,,87
201400037745,14,9,27,1925,1,2,1,1.0,1,87048,M,,,87
201400037746,14,9,28,810,1,2,1,1.0,6,87114,M,,,87
201400037747,14,9,29,914,1,1,1,2.0,6,87085,M,,,87
201400037748,14,9,29,842,1,2,1,3.0,4,87085,M,,,87
201400037749,14,9,30,1014,1,2,1,1.0,6,87085,M,,,87
201400037750,14,10,1,745,2,2,1,5.0,6,87085,M,,,87
201400037751,14,10,1,1721,1,2,1,1.0,6,87085,M,,,87
201400037752,14,10,2,2043,5,2,3,1.0,3,87085,M,,,87
201400037753,14,10,3,700,4,2,1,1.0,6,87085,M,,,87
201400037754,14,10,3,925,1,2,1,1.0,6,87113,M,,,87
201400037755,14,10,3,2231,5,2,3,1.0,3,87085,M,,,87
201400037756,14,10,3,2258,5,2,1,1.0,6,87085,M,,,87
201400037757,14,10,5,1040,1,2,3,2.0,3,87085,M,,,87
201400037758,14,10,6,1802,1,2,1,2.0,6,87085,M,,,87
201400037759,14,10,6,2131,3,1,1,1.0,6,87075,M,,,87
201400037760,14,10,7,745,2,2,1,2.0,6,87085,M,,,87
201400037761,14,10,7,915,1,2,1,1.0,5,87085,M,,,87
201400037762,14,10,8,2211,5,2,1,1.0,6,87085,M,,,87
201400037763,14,10,9,329,5,2,1,3.0,6,87085,M,,,87
201400037764,14,10,9,759,2,2,1,2.0,6,87085,M,,,87
201400037765,14,10,10,356,5,2,1,2.0,6,87085,M,,,87
201400037766,14,10,10,1353,1,2,3,1.0,3,87085,M,,,87
201400037767,14,10,12,1836,1,2,3,1.0,3,87085,M,,,87
201400037768,14,10,13,1452,1,2,1,1.0,6,87085,M,,,87
201400037769,14,10,14,1407,1,2,3,1.0,3,87085,M,,,87
201400037770,14,10,17,104,5,1,1,2.0,6,87075,M,,,87
201400037771,14,10,17,927,1,2,2,1.0,6,87085,M,,,87
201400037772,14,10,17,1054,1,2,2,1.0,3,87085,M,,,87
201400037773,14,10,17,1638,1,2,2,1.0,3,87085,M,,,87
201400037774,14,10,18,1650,1,2,1,1.0,6,87075,M,,,87
201400037775,14,10,18,2302,5,2,3,1.0,3,87085,M,,,87
201400037776,14,10,19,1336,1,2,1,1.0,3,87085,M,,,87
201400037777,14,10,19,1755,1,2,2,1.0,3,87085,M,,,87
201400037778,14,10,19,2007,5,2,1,1.0,2,87085,M,,,87
201400037779,14,10,21,1536,1,2,2,1.0,6,87085,M,,,87
201400037780,14,10,21,2308,5,2,1,1.0,2,87085,M,,,87
201400037781,14,10,22,2215,5,2,1,1.0,3,87085,M,,,87
201400037782,14,10,23,730,5,2,1,1.0,6,87085,M,,,87
201400037783,14,10,23,1526,1,2,1,1.0,6,87065,M,,,87
201400037784,14,10,23,1633,1,2,1,1.0,2,87085,M,,,87
201400037785,14,10,24,1520,1,2,3,1.0,3,87085,M,,,87
201400037786,14,10,25,1813,1,1,1,2.0,2,87085,M,,,87
201400037787,14,10,26,100,3,1,1,5.0,6,87065,M,,,87
201400037788,14,10,28,1137,1,1,1,1.0,3,87085,M,,,87
201400037789,14,10,29,1436,1,1,1,1.0,6,87085,M,,,87
201400037790,14,10,29,2103,5,2,3,1.0,3,87085,M,,,87
201400037791,14,10,30,2029,5,2,1,1.0,6,87085,M,,,87
201400037792,14,10,30,2052,5,2,1,1.0,1,87065,M,,,87
201400037793,14,10,31,1827,3,1,1,1.0,7,87075,M,,,87
201400037794,14,11,3,555,5,1,1,2.0,2,87085,M,,,87
201400037795,14,11,3,842,1,2,1,1.0,3,87085,M,,,87
201400037796,14,11,3,606,5,1,1,1.0,6,87085,M,,,87
201400037797,14,11,6,1859,5,2,1,1.0,2,87085,M,,,87
201400037798,14,11,7,1612,1,1,2,2.0,2,87050,M,,,87
201400037799,14,11,7,1732,1,2,1,1.0,2,87085,M,,,87
201400037800,14,11,7,2249,4,1,1,2.0,1,87085,M,,,87
201400037801,14,11,9,1833,5,2,1,1.0,1,87085,M,,,87
201400037802,14,11,10,1210,1,2,1,1.0,6,87085,M,,,87
201400037803,14,11,10,2215,5,2,2,1.0,3,87085,M,,,87
201400037804,14,11,11,1218,1,2,1,1.0,6,87085,M,,,87
201400037805,14,11,12,812,1,2,3,2.0,3,87085,M,,,87
201400037806,14,11,13,946,1,2,2,1.0,3,87085,M,,,87
201400037807,14,11,13,1338,1,2,2,1.0,3,87085,M,,,87
201400037808,14,11,13,1644,1,2,1,1.0,6,87085,M,,,87
201400037809,14,11,14,1351,1,2,1,2.0,3,87085,M,,,87
201400037810,14,11,15,858,1,2,2,1.0,3,87075,M,,,87
201400037811,14,11,15,2050,5,2,1,2.0,6,87085,M,,,87
201400037812,14,11,15,2114,5,2,2,2.0,3,87085,M,,,87
201400037813,14,11,16,1255,1,1,1,2.0,6,87075,M,,,87
201400037814,14,11,17,1540,1,2,1,2.0,2,87085,M,,,87
201400037815,14,11,18,740,2,2,1,2.0,6,87085,M,,,87
201400037816,14,11,18,1233,1,1,1,2.0,6,87085,M,,,87
201400037817,14,11,18,1804,5,2,3,2.0,4,87085,M,,,87
201400037818,14,11,19,1638,1,1,1,1.0,2,87085,M,,,87
201400037819,14,11,20,1701,1,2,1,1.0,6,87085,M,,,87
201400037820,14,11,20,2144,5,2,1,1.0,6,87085,M,,,87
201400037821,14,11,21,1854,5,2,2,1.0,3,87065,M,,,87
201400037822,14,11,26,1208,1,2,1,1.0,3,87085,M,,,87
201400037823,14,11,28,1100,1,2,9,1.0,3,87085,M,,,87
201400037824,14,11,28,1340,1,2,1,1.0,6,87085,M,,,87
201400037825,14,12,2,1318,1,1,3,1.0,3,87075,M,,,87
201400037826,14,12,3,900,1,2,3,1.0,1,87085,M,,,87
201400037827,14,12,3,1331,1,2,1,1.0,7,87085,M,,,87
201400037828,14,12,5,1317,1,2,1,1.0,6,87085,M,,,87
201400037829,14,12,5,1623,1,2,1,2.0,2,87085,M,,,87
201400037830,14,12,7,411,3,2,1,2.0,6,87085,M,,,87
201400037831,14,12,8,1825,3,2,1,2.0,4,87085,M,,,87
201400037832,14,12,9,1330,1,2,2,1.0,3,87113,M,,,87
201400037833,14,12,10,1328,1,2,1,2.0,1,87085,M,,,87
201400037834,14,12,10,1754,5,1,1,2.0,4,87085,M,,,87
201400037835,14,12,10,2100,3,1,1,2.0,6,87085,M,,,87
201400037836,14,12,11,235,5,2,1,2.0,6,87085,M,,,87
201400037837,14,12,15,1036,1,1,1,2.0,6,87085,M,,,87
201400037838,14,12,13,2041,5,2,2,1.0,3,87085,M,,,87
201400037839,14,12,15,1021,1,2,1,1.0,6,87085,M,,,87
201400037840,14,12,17,2048,3,1,1,2.0,1,87075,M,,,87
201400037841,14,12,16,1901,1,2,1,1.0,6,87085,M,,,87
201400037842,14,12,17,1809,5,2,1,2.0,3,87085,M,,,87
201400037843,14,12,18,746,1,1,1,2.0,6,87085,M,,,87
201400037844,14,12,18,1930,5,2,1,2.0,2,87085,M,,,87
201400037845,14,12,19,1205,1,2,1,2.0,6,87075,M,,,87
201400037846,14,12,19,1503,1,1,1,2.0,6,87085,M,,,87
201400037847,14,12,19,1939,5,2,1,1.0,6,87085,M,,,87
201400037848,14,12,22,1307,1,1,1,1.0,4,87085,M,,,87
201400037849,14,12,22,2121,5,2,3,1.0,3,87085,M,,,87
201400037850,14,12,23,1445,1,2,3,1.0,3,87113,M,,,87
201400037851,14,12,23,1416,1,2,1,1.0,4,87075,M,,,87
201400037852,14,12,23,1931,4,1,1,1.0,3,87050,M,,,87
201400037853,14,12,24,1414,1,2,1,1.0,6,87085,M,,,87
201400037854,14,1,4,1045,1,2,1,3.0,6,88209,M,4819693.0,643834.0,88
201400037855,14,1,5,5,5,2,1,3.0,6,88160,M,4815705.0,645440.0,88
201400037856,14,1,17,1355,1,2,1,1.0,6,88160,M,4818373.0,644134.0,88
201400037857,14,1,22,915,1,2,1,1.0,7,88160,M,4817501.0,644224.0,88
201400037858,14,1,22,1745,5,2,1,1.0,2,88160,M,4814967.0,645764.0,88
201400037859,14,1,24,1310,1,2,1,1.0,1,88160,M,4818510.0,646225.0,88
201400037860,14,1,29,1035,1,2,1,1.0,6,88160,M,4817333.0,644678.0,88
201400037861,14,2,3,1800,3,2,2,1.0,3,88209,M,4819772.0,641140.0,88
201400037862,14,2,11,1230,1,2,2,1.0,3,88160,M,4819059.0,645996.0,88
201400037863,14,2,28,405,5,2,1,2.0,7,88160,M,4816129.0,645068.0,88
201400037864,14,3,11,1505,1,2,1,1.0,6,88160,M,4819730.0,646676.0,88
201400037865,14,3,15,1010,1,2,3,1.0,4,88160,M,4817083.0,644989.0,88
201400037866,14,3,19,1010,1,2,6,1.0,3,88160,M,4818300.0,646751.0,88
201400037867,14,3,21,1957,3,1,1,2.0,1,88160,M,4814214.0,645295.0,88
201400037868,14,3,26,1645,1,2,1,1.0,6,88160,M,4816578.0,645066.0,88
201400037869,14,4,1,1812,1,1,3,1.0,3,88209,M,4820569.0,641858.0,88
201400037870,14,4,5,1107,1,2,3,1.0,3,88209,M,4819758.0,643772.0,88
201400037871,14,4,8,1045,1,2,1,1.0,6,88160,M,4817613.0,645120.0,88
201400037872,14,4,17,1330,1,1,3,1.0,1,88160,M,4817133.0,651942.0,88
201400037873,14,4,25,1410,1,2,1,1.0,3,88209,M,4819954.0,643099.0,88
201400037874,14,4,25,1720,1,2,6,1.0,5,88160,M,4817458.0,643401.0,88
201400037875,14,4,27,522,5,2,1,2.0,7,88160,M,4818826.0,643354.0,88
201400037876,14,5,21,1835,1,2,1,1.0,2,88209,M,4818973.0,644282.0,88
201400037877,14,6,11,1805,1,2,1,1.0,6,88160,M,4816782.0,644520.0,88
201400037878,14,6,22,1748,1,2,1,1.0,7,88209,M,4819088.0,641537.0,88
201400037879,14,7,6,710,1,2,3,1.0,3,88160,M,4819216.0,645711.0,88
201400037880,14,7,9,1235,1,2,1,1.0,6,88160,M,4817239.0,644247.0,88
201400037881,14,8,9,1110,1,1,2,1.0,3,88209,M,4819771.0,641134.0,88
201400037882,14,9,8,805,1,2,1,1.0,6,88209,M,4818445.0,642278.0,88
201400037883,14,9,10,1645,1,2,3,1.0,3,88087,M,4817057.0,643496.0,88
201400037884,14,9,12,1725,1,2,1,1.0,6,88160,M,4817794.0,644802.0,88
201400037885,14,9,30,107,5,2,1,1.0,1,88160,M,4818683.0,644170.0,88
201400037886,14,11,15,1000,1,2,9,1.0,6,88160,M,,,88
201400037887,14,11,18,810,1,2,1,9.0,6,88160,M,4818802.0,644237.0,88
201400037888,14,1,30,750,2,2,3,1.0,2,88415,M,4801142.0,660755.0,88
201400037889,14,2,26,1615,1,2,1,2.0,6,88383,M,4802215.0,658812.0,88
201400037890,14,6,14,1030,1,1,1,1.0,3,88409,M,4801332.0,665213.0,88
201400037891,14,4,13,1710,1,2,1,1.0,5,88383,M,4801908.0,657230.0,88
201400037892,14,4,22,2005,1,2,2,1.0,3,88383,M,4801266.0,658576.0,88
201400037893,14,7,3,1319,1,2,9,1.0,6,88409,M,4802316.0,666213.0,88
201400037894,14,7,19,1425,1,1,1,1.0,1,88429,M,,,88
201400037895,14,2,14,2230,3,1,1,1.0,2,88429,M,4805840.0,659146.0,88
201400037896,14,8,23,1500,1,1,1,3.0,1,88462,M,4802070.0,666598.0,88
201400037897,14,8,26,1545,1,2,1,2.0,2,88415,M,4802136.0,660815.0,88
201400037898,14,9,4,1000,1,1,1,1.0,1,88415,M,4801582.0,662046.0,88
201400037899,14,9,1,1550,1,2,1,1.0,3,88383,M,4801642.0,658537.0,88
201400037900,14,9,20,1800,1,2,1,1.0,2,88415,M,,,88
201400037901,14,10,8,125,3,1,1,8.0,6,88462,M,,,88
201400037902,14,10,4,1330,1,2,1,1.0,3,88415,M,,,88
201400037903,14,11,13,1818,5,2,4,1.0,3,88462,M,,,88
201400037904,14,3,22,340,3,1,1,1.0,6,88429,M,4807665.0,659380.0,88
201400037905,14,4,13,1710,1,1,1,1.0,5,88383,M,4801908.0,657230.0,88
201400037906,14,7,6,1813,1,2,1,1.0,7,88415,M,4801584.0,662059.0,88
201400037907,14,1,10,1310,1,2,1,1.0,5,88413,M,4828127.0,691194.0,88
201400037908,14,1,19,2145,5,2,1,1.0,6,88413,M,4829060.0,694465.0,88
201400037909,14,1,16,1205,1,2,1,1.0,6,88413,M,4828535.0,693956.0,88
201400037910,14,1,27,1800,4,2,1,1.0,6,88413,M,4828227.0,696808.0,88
201400037911,14,1,25,1430,1,2,1,1.0,6,88413,M,4827366.0,694512.0,88
201400037912,14,3,16,1750,1,2,1,1.0,7,88428,M,4831579.0,686533.0,88
201400037913,14,2,15,825,1,2,1,2.0,6,88413,M,4828579.0,694327.0,88
201400037914,14,3,11,1900,5,2,2,1.0,3,88424,M,4826773.0,698263.0,88
201400037915,14,3,25,1105,1,2,1,1.0,6,88413,M,4829055.0,695084.0,88
201400037916,14,4,13,1040,1,2,1,1.0,7,88413,M,4828243.0,691649.0,88
201400037917,14,4,11,1745,1,1,1,1.0,5,88463,M,4822169.0,690224.0,88
201400037918,14,3,28,1800,1,2,3,1.0,6,88413,M,4828470.0,694063.0,88
201400037919,14,5,6,1610,1,1,3,1.0,3,88424,M,4826269.0,696307.0,88
201400037920,14,5,17,1400,1,2,3,1.0,3,88413,M,4827742.0,695039.0,88
201400037921,14,5,28,735,1,1,1,1.0,7,88413,M,4827435.0,694467.0,88
201400037922,14,6,15,1150,1,2,3,1.0,3,88413,M,4828026.0,695159.0,88
201400037923,14,6,14,1525,1,2,1,1.0,6,88413,M,4828632.0,692761.0,88
201400037924,14,6,27,1650,1,2,1,1.0,6,88413,M,4828199.0,695784.0,88
201400037925,14,6,1,1105,1,2,3,1.0,6,88413,M,4828807.0,695270.0,88
201400037926,14,5,18,1038,1,2,1,1.0,6,88413,M,4828846.0,694983.0,88
201400037927,14,6,6,755,1,2,1,1.0,2,88413,M,4829161.0,695119.0,88
201400037928,14,7,18,825,1,2,3,1.0,3,88413,M,4828588.0,696524.0,88
201400037929,14,8,25,1650,1,1,1,1.0,1,88463,M,4824322.0,689418.0,88
201400037930,14,8,30,2100,3,2,1,1.0,6,88413,M,,,88
201400037931,14,8,30,1340,1,2,1,1.0,6,88413,M,4828697.0,695042.0,88
201400037932,14,9,15,1845,1,2,3,1.0,6,88413,M,4827226.0,695281.0,88
201400037933,14,10,4,2220,5,2,1,1.0,2,88413,M,4816556.0,657080.0,88
201400037934,14,10,18,1440,1,1,1,1.0,6,88463,M,,,88
201400037935,14,12,6,215,3,1,1,2.0,1,88519,M,,,88
201400037936,14,12,15,1050,1,1,1,1.0,7,88463,M,4823710.0,689762.0,88
201400037937,14,12,6,2000,5,2,1,1.0,6,88413,M,4833740.0,689147.0,88
201400037938,14,1,23,1220,1,1,3,2.0,2,89024,M,4777572.0,355804.0,89
201400037939,14,2,21,1415,1,2,1,1.0,6,89024,M,4780027.0,356823.0,89
201400037940,14,3,20,1750,1,2,3,1.0,3,89024,M,4780959.0,358450.0,89
201400037941,14,3,22,940,1,1,3,1.0,1,89346,M,4780149.0,350820.0,89
201400037942,14,4,22,1215,1,2,2,1.0,3,89024,M,4780109.0,358127.0,89
201400037943,14,5,6,935,1,2,2,1.0,6,89024,M,4779529.0,356429.0,89
201400037944,14,5,24,2040,2,1,1,1.0,6,89346,M,4779993.0,351417.0,89
201400037945,14,5,29,545,5,2,1,1.0,3,89346,M,4780610.0,353350.0,89
201400037946,14,6,8,330,3,1,1,1.0,6,89024,M,4781858.0,355994.0,89
201400037947,14,6,25,730,1,2,1,1.0,4,89024,M,,,89
201400037948,14,8,2,2125,1,2,1,1.0,7,89024,M,4780901.0,355926.0,89
201400037949,14,8,1,1650,1,2,2,1.0,3,89024,M,4778803.0,357507.0,89
201400037950,14,9,22,720,1,2,2,1.0,3,89024,M,4780719.0,358360.0,89
201400037951,14,9,28,1700,1,2,1,1.0,3,89024,M,4779692.0,355212.0,89
201400037952,14,1,22,745,2,2,1,1.0,6,89387,M,4819635.0,327639.0,89
201400037953,14,1,28,745,5,1,1,1.0,6,89387,M,4819350.0,331269.0,89