Num_Acc,an,mois,jour,hrmn,lum,agg,int,atm,col,com,gps,lat,long,dep
201400037954,14,1,29,1915,5,2,2,1.0,3,89387,M,4818966.0,329416.0,89
201400037955,14,2,11,1845,5,2,1,1.0,6,89387,M,4819826.0,330685.0,89
201400037956,14,2,27,1545,1,1,1,2.0,1,89387,M,,,89
201400037957,14,4,7,1055,1,2,1,1.0,6,89387,M,4820056.0,328173.0,89
201400037958,14,5,6,1345,1,2,1,1.0,1,89387,M,,,89
201400037959,14,5,14,2215,5,2,1,1.0,6,89287,M,4817894.0,324656.0,89
201400037960,14,6,6,1324,1,1,1,1.0,1,89236,M,4817767.0,329740.0,89
201400037961,14,7,4,1725,1,1,1,1.0,5,89387,M,4817030.0,327595.0,89
201400037962,14,7,11,1320,1,1,1,8.0,1,89387,M,4817052.0,327634.0,89
201400037963,14,8,29,1100,1,2,9,1.0,6,89342,M,4822756.0,326669.0,89
201400037964,14,10,1,2030,3,1,1,1.0,7,89127,M,,,89
201400037965,14,10,11,1030,1,2,1,1.0,2,89387,M,4818789.0,330435.0,89
201400037966,14,10,26,1620,1,2,2,1.0,1,89387,M,4819949.0,329396.0,89
201400037967,14,11,17,1620,1,2,1,1.0,6,89387,M,4819815.0,330487.0,89
201400037968,14,11,24,1730,5,2,1,1.0,6,89387,M,4819738.0,327688.0,89
201400037969,14,11,24,1915,5,1,6,1.0,3,89387,M,4817418.0,329391.0,89
201400037970,14,1,3,1629,1,2,1,1.0,7,90010,M,,,90
201400037971,14,1,3,1912,5,2,1,1.0,6,90010,M,,,90
201400037972,14,1,4,1836,5,2,1,2.0,2,90008,M,,,90
201400037973,14,1,5,1000,1,2,1,2.0,6,90010,M,,,90
201400037974,14,1,5,1810,5,2,1,1.0,6,90010,M,,,90
201400037975,14,1,6,1938,5,2,1,1.0,2,90010,M,,,90
201400037976,14,1,8,1725,5,2,1,1.0,3,90010,M,,,90
201400037977,14,1,8,1930,5,2,1,1.0,2,90010,M,,,90
201400037978,14,1,9,1215,1,2,1,1.0,2,90032,M,,,90
201400037979,14,1,10,1051,1,2,1,1.0,6,90010,M,,,90
201400037980,14,1,10,1623,1,2,3,1.0,3,90010,M,,,90
201400037981,14,1,12,1900,5,2,3,1.0,1,90010,M,,,90
201400037982,14,1,22,1825,5,2,1,1.0,4,90008,M,,,90
201400037983,14,1,15,2050,5,2,1,2.0,3,90010,M,,,90
201400037984,14,1,22,1825,1,2,1,1.0,4,90032,M,,,90
201400037985,14,1,27,1459,1,2,1,2.0,2,90001,M,,,90
201400037986,14,1,31,804,1,2,3,5.0,5,90076,M,,,90
201400037987,14,1,31,1002,1,2,2,1.0,3,90010,M,,,90
201400037988,14,1,31,1410,1,2,1,1.0,4,90010,M,,,90
201400037989,14,2,4,1200,1,2,1,2.0,6,90010,M,,,90
201400037990,14,2,5,848,1,2,1,1.0,3,90010,M,,,90
201400037991,14,2,5,1623,1,2,3,1.0,5,90010,M,,,90
201400037992,14,2,14,1105,1,2,1,1.0,2,90010,M,,,90
201400037993,14,2,15,1120,1,2,3,3.0,3,90010,M,,,90
201400037994,14,2,19,1840,5,2,3,1.0,1,90075,M,,,90
201400037995,14,2,22,930,1,2,1,1.0,6,90010,M,,,90
201400037996,14,2,22,1825,5,2,1,2.0,2,90010,M,,,90
201400037997,14,2,24,1435,1,2,1,1.0,6,90010,M,,,90
201400037998,14,2,24,1930,5,2,1,2.0,7,90099,M,,,90
201400037999,14,2,26,843,1,2,1,2.0,6,90010,M,,,90
201400038000,14,3,1,1710,1,2,1,1.0,6,90039,M,,,90
201400038001,14,3,3,1904,2,2,1,1.0,2,90099,M,,,90
201400038002,14,3,13,1110,1,2,1,1.0,6,90032,M,,,90
201400038003,14,3,15,1030,1,2,3,1.0,3,90010,M,,,90
201400038004,14,3,15,1912,5,2,1,2.0,6,90010,M,,,90
201400038005,14,3,18,1653,1,2,1,1.0,1,90010,M,,,90
201400038006,14,3,25,1839,1,2,2,1.0,3,90010,M,,,90
201400038007,14,3,28,1400,1,2,2,1.0,3,90010,M,,,90
201400038008,14,4,9,1015,1,2,7,1.0,6,90010,M,,,90
201400038009,14,4,10,1217,1,2,1,1.0,3,90010,M,,,90
201400038010,14,4,10,1727,1,2,1,1.0,6,90099,M,,,90
201400038011,14,4,11,1749,1,2,1,1.0,2,90032,M,,,90
201400038012,14,4,16,900,1,2,3,1.0,5,90010,M,,,90
201400038013,14,4,16,1750,1,2,1,1.0,7,90010,M,,,90
201400038014,14,4,17,1712,1,2,2,1.0,3,90010,M,,,90
201400038015,14,4,18,940,1,2,1,2.0,2,90010,M,,,90
201400038016,14,4,18,1310,1,2,1,1.0,6,90010,M,,,90
201400038017,14,4,20,300,5,2,1,1.0,6,90010,M,,,90
201400038018,14,4,20,446,5,2,7,1.0,3,90010,M,,,90
201400038019,14,4,23,800,1,2,1,2.0,4,90010,M,,,90
201400038020,14,4,23,1829,1,2,1,1.0,3,90010,M,,,90
201400038021,14,4,24,12,5,2,1,1.0,6,90099,M,,,90
201400038022,14,4,29,749,1,2,1,1.0,6,90099,M,,,90
201400038023,14,5,1,225,5,2,2,1.0,3,90010,M,,,90
201400038024,14,5,1,2025,2,2,5,2.0,3,90010,M,,,90
201400038025,14,5,3,1420,1,2,1,1.0,6,90099,M,,,90
201400038026,14,5,9,2145,5,2,3,2.0,6,90008,M,,,90
201400038027,14,5,10,1805,1,2,1,1.0,2,90029,M,,,90
201400038028,14,5,15,1630,1,2,1,1.0,6,90032,M,,,90
201400038029,14,5,24,1615,1,2,1,1.0,3,90099,M,,,90
201400038030,14,5,29,1823,1,2,1,1.0,3,90099,M,,,90
201400038031,14,5,31,1325,1,2,1,1.0,7,90032,M,,,90
201400038032,14,6,3,1715,1,2,1,1.0,6,90010,M,,,90
201400038033,14,6,7,1630,1,2,1,1.0,2,90010,M,,,90
201400038034,14,6,8,1150,1,2,2,1.0,3,90010,M,,,90
201400038035,14,6,8,1940,1,2,1,1.0,3,90010,M,,,90
201400038036,14,6,9,2035,1,2,1,1.0,6,90010,M,,,90
201400038037,14,6,10,1730,1,2,1,1.0,6,90010,M,,,90
201400038038,14,6,10,2227,5,2,1,1.0,6,90010,M,,,90
201400038039,14,6,11,1910,1,2,1,1.0,6,90099,M,,,90
201400038040,14,6,19,1015,1,2,3,1.0,3,90010,M,,,90
201400038041,14,6,19,1720,1,2,1,1.0,2,90032,M,,,90
201400038042,14,6,22,1747,1,2,1,1.0,3,90010,M,,,90
201400038043,14,6,23,810,1,1,4,1.0,3,90039,M,,,90
201400038044,14,6,25,1215,1,2,6,1.0,2,90010,M,,,90
201400038045,14,6,25,1841,1,2,1,1.0,6,90010,M,,,90
201400038046,14,7,3,845,1,2,6,1.0,3,90010,M,,,90
201400038047,14,7,4,1745,1,2,1,1.0,4,90010,M,,,90
201400038048,14,7,5,1650,1,2,1,1.0,2,90010,M,,,90
201400038049,14,7,7,2300,5,2,1,2.0,7,90010,M,,,90
201400038050,14,7,16,1843,1,2,1,1.0,1,90010,M,,,90
201400038051,14,7,25,1230,1,2,2,1.0,3,90010,M,,,90
201400038052,14,8,3,1245,1,2,1,2.0,2,90010,M,,,90
201400038053,14,8,3,1935,1,2,2,8.0,3,90010,M,,,90
201400038054,14,8,7,1300,1,2,1,1.0,3,90010,M,,,90
201400038055,14,8,9,1250,1,2,2,1.0,3,90010,M,,,90
201400038056,14,8,13,2322,3,2,1,1.0,6,90010,M,,,90
201400038057,14,8,21,1000,1,2,1,1.0,2,90010,M,,,90
201400038058,14,8,30,1825,1,2,1,1.0,4,90001,M,,,90
201400038059,14,8,31,1229,1,2,1,1.0,3,90010,M,,,90
201400038060,14,8,31,2030,5,2,1,2.0,6,90099,M,,,90
201400038061,14,9,1,1645,1,2,8,1.0,6,90010,M,,,90
201400038062,14,9,2,1059,1,2,1,1.0,6,90032,M,,,90
201400038063,14,9,2,1100,1,2,1,1.0,4,90032,M,,,90
201400038064,14,9,2,1356,1,2,1,1.0,2,90010,M,,,90
201400038065,14,9,13,1000,1,2,3,8.0,1,90010,M,,,90
201400038066,14,9,16,805,1,2,1,5.0,6,90010,M,,,90
201400038067,14,9,16,1823,1,2,1,1.0,2,90010,M,,,90
201400038068,14,9,20,1545,1,2,1,1.0,6,90010,M,,,90
201400038069,14,9,23,1212,1,2,1,1.0,3,90010,M,,,90
201400038070,14,9,23,1445,1,2,1,1.0,4,90010,M,,,90
201400038071,14,9,23,1915,1,2,1,1.0,3,90010,M,,,90
201400038072,14,9,25,1755,1,2,1,1.0,2,90010,M,,,90
201400038073,14,9,26,1905,2,2,1,1.0,3,90001,M,,,90
201400038074,14,9,30,1510,1,2,1,1.0,7,90010,M,,,90
201400038075,14,10,1,1320,1,2,1,1.0,6,90010,M,,,90
201400038076,14,10,2,1657,1,2,1,1.0,6,90010,M,,,90
201400038077,14,10,5,1544,1,2,1,1.0,6,90075,M,,,90
201400038078,14,10,6,1955,5,2,1,1.0,6,90099,M,,,90
201400038079,14,10,7,1345,1,2,3,3.0,3,90010,M,,,90
201400038080,14,10,7,1415,1,2,1,1.0,2,90032,M,,,90
201400038081,14,10,7,2100,5,2,1,8.0,1,90039,M,,,90
201400038082,14,10,8,800,1,2,1,2.0,6,90010,M,,,90
201400038083,14,10,9,1817,1,2,3,3.0,3,90029,M,,,90
201400038084,14,10,11,1020,1,2,1,2.0,2,90010,M,,,90
201400038085,14,10,14,1916,1,2,1,1.0,6,90010,M,,,90
201400038086,14,10,16,649,3,2,6,2.0,6,90010,M,,,90
201400038087,14,10,20,1615,1,2,1,1.0,6,90010,M,,,90
201400038088,14,10,21,1110,1,2,1,2.0,1,90010,M,,,90
201400038089,14,10,21,1905,5,2,1,2.0,4,90099,M,,,90
201400038090,14,10,24,1530,1,2,3,1.0,2,90010,M,,,90
201400038091,14,10,28,1101,1,2,1,1.0,3,90010,M,,,90
201400038092,14,10,31,1725,2,2,1,1.0,6,90008,M,,,90
201400038093,14,11,3,919,1,2,1,2.0,1,90010,M,,,90
201400038094,14,11,8,1517,1,1,1,1.0,4,90032,M,,,90
201400038095,14,11,12,1945,5,2,1,2.0,6,90010,M,,,90
201400038096,14,11,13,805,1,2,1,8.0,7,90010,M,,,90
201400038097,14,11,15,1915,5,2,1,2.0,3,90076,M,,,90
201400038098,14,11,17,1315,1,2,1,1.0,6,90008,M,,,90
201400038099,14,11,17,1830,5,2,1,8.0,4,90099,M,,,90
201400038100,14,11,18,945,1,2,5,1.0,7,90099,M,,,90
201400038101,14,11,18,1745,5,2,1,2.0,3,90010,M,,,90
201400038102,14,11,19,800,1,2,2,1.0,2,90010,M,,,90
201400038103,14,11,20,1330,1,2,1,1.0,6,90010,M,,,90
201400038104,14,11,23,1655,1,2,1,1.0,3,90032,M,,,90
201400038105,14,12,2,1703,3,2,1,2.0,6,90010,M,,,90
201400038106,14,12,3,1720,5,2,3,1.0,6,90010,M,,,90
201400038107,14,12,8,1213,1,2,1,3.0,1,90010,M,,,90
201400038108,14,12,12,1637,2,2,2,2.0,3,90010,M,,,90
201400038109,14,12,13,1430,1,2,1,1.0,4,90001,M,,,90
201400038110,14,12,16,1820,5,2,1,2.0,3,90010,M,,,90
201400038111,14,12,18,1825,5,2,1,2.0,6,90010,M,,,90
201400038112,14,12,29,1445,1,2,1,4.0,7,90039,M,,,90
201400038113,14,1,1,640,5,2,1,2.0,2,91552,M,,,91
201400038114,14,1,7,930,1,2,1,1.0,6,91425,M,,,91
201400038115,14,1,7,1720,5,1,1,2.0,3,91425,M,,,91
201400038116,14,1,9,915,1,2,1,1.0,4,91425,M,,,91
201400038117,14,1,9,1125,1,1,1,1.0,2,91457,M,,,91
201400038118,14,1,19,1215,1,1,1,1.0,2,91339,M,,,91
201400038119,14,1,22,2150,5,1,1,1.0,2,91339,M,,,91
201400038120,14,1,23,710,5,2,1,2.0,1,91347,M,,,91
201400038121,14,1,27,1618,2,2,1,1.0,3,91021,M,,,91
201400038122,14,1,28,750,1,2,1,1.0,3,91103,M,,,91
201400038123,14,2,5,1715,1,2,2,2.0,1,91021,M,,,91
201400038124,14,2,12,1340,1,2,2,1.0,3,91103,M,,,91
201400038125,14,2,19,1925,5,2,1,1.0,3,91552,M,,,91
201400038126,14,3,3,1435,1,2,3,2.0,5,91347,M,,,91
201400038127,14,3,7,1610,1,2,1,1.0,3,91339,M,,,91
201400038128,14,3,9,1700,1,2,1,1.0,5,91339,M,,,91
201400038129,14,3,12,1245,1,2,1,1.0,6,91021,M,,,91
201400038130,14,3,14,845,1,2,1,1.0,3,91425,M,,,91
201400038131,14,3,16,1245,1,2,1,1.0,2,91339,M,,,91
201400038132,14,3,26,1900,1,2,1,1.0,1,91021,M,,,91
201400038133,14,3,31,1810,1,2,1,1.0,2,91021,M,,,91
201400038134,14,4,5,1230,1,2,1,1.0,4,91021,M,,,91
201400038135,14,4,9,1259,1,1,1,1.0,2,91425,M,,,91
201400038136,14,4,10,1840,1,2,1,1.0,2,91552,M,,,91
201400038137,14,4,14,1920,1,2,1,1.0,6,91552,M,,,91
201400038138,14,4,16,825,1,2,1,1.0,2,91425,M,,,91
201400038139,14,4,17,830,1,2,1,1.0,2,91347,M,,,91
201400038140,14,4,17,1140,1,2,1,1.0,2,91103,M,,,91
201400038141,14,4,18,5,3,1,1,1.0,2,91339,M,,,91
201400038142,14,5,3,1315,1,1,1,1.0,3,91425,M,,,91
201400038143,14,5,5,1140,1,2,1,1.0,2,91425,M,,,91
201400038144,14,5,10,1402,1,2,1,1.0,1,91552,M,,,91
201400038145,14,5,20,810,1,2,1,1.0,6,91103,M,,,91
201400038146,14,5,20,835,1,2,1,1.0,2,91021,M,,,91
201400038147,14,5,22,1230,1,2,1,1.0,6,91103,M,,,91
201400038148,14,5,31,1815,1,2,1,1.0,6,91103,M,,,91
201400038149,14,6,1,1220,1,1,1,1.0,3,91339,M,,,91
201400038150,14,6,4,1235,1,1,6,2.0,3,91103,M,,,91
201400038151,14,6,7,1850,1,2,1,1.0,2,91339,M,,,91
201400038152,14,6,7,2000,1,2,1,1.0,3,91333,M,,,91
201400038153,14,6,8,1700,1,1,6,1.0,3,91457,M,,,91
201400038154,14,6,11,835,1,2,1,1.0,2,91425,M,,,91
201400038155,14,6,11,1220,1,2,1,1.0,3,91103,M,,,91
201400038156,14,6,16,1500,1,2,1,1.0,4,91339,M,,,91
201400038157,14,6,16,2255,5,2,2,1.0,3,91347,M,,,91
201400038158,14,6,17,1715,1,2,1,1.0,6,91103,M,,,91
201400038159,14,6,18,1240,1,2,1,1.0,4,91339,M,,,91
201400038160,14,6,19,1625,1,2,1,1.0,2,91103,M,,,91
201400038161,14,6,19,1720,1,2,2,1.0,1,91347,M,,,91
201400038162,14,6,23,1230,1,2,1,1.0,3,91339,M,,,91
201400038163,14,6,25,805,1,2,2,1.0,3,91333,M,,,91
201400038164,14,6,26,730,1,2,1,1.0,3,91021,M,,,91
201400038165,14,6,28,930,1,2,1,2.0,6,91103,M,,,91
201400038166,14,7,12,1050,1,2,1,1.0,3,91339,M,,,91
201400038167,14,7,12,1500,1,2,1,1.0,3,91425,M,,,91
201400038168,14,7,18,1145,1,2,1,1.0,4,91552,M,,,91
201400038169,14,7,21,2215,3,1,1,1.0,1,91021,M,,,91
201400038170,14,7,24,1510,1,1,1,1.0,2,91425,M,,,91
201400038171,14,7,24,1730,1,2,1,1.0,3,91021,M,,,91
201400038172,14,7,27,1335,1,2,1,1.0,3,91103,M,,,91
201400038173,14,7,29,530,2,2,1,1.0,3,91103,M,,,91
201400038174,14,7,29,1800,1,2,1,1.0,5,91021,M,,,91
201400038175,14,8,12,200,3,1,1,1.0,6,91021,M,,,91
201400038176,14,8,12,1530,1,2,2,1.0,5,91103,M,,,91
201400038177,14,8,19,1810,1,2,1,1.0,6,91021,M,,,91
201400038178,14,9,4,1910,1,1,1,1.0,2,91021,M,,,91
201400038179,14,9,6,1850,1,2,1,1.0,2,91425,M,,,91
201400038180,14,9,12,1655,1,2,1,1.0,6,91021,M,,,91
201400038181,14,9,16,1010,1,2,1,1.0,2,91339,M,,,91
201400038182,14,9,27,1520,1,2,1,1.0,2,91425,M,,,91
201400038183,14,9,30,1735,1,2,1,1.0,3,91103,M,,,91
201400038184,14,10,3,1210,1,2,1,1.0,5,91425,M,,,91
201400038185,14,10,3,1335,1,2,1,1.0,2,91339,M,,,91
201400038186,14,10,4,1140,1,2,6,1.0,3,91103,M,,,91
201400038187,14,10,6,2030,5,2,1,2.0,2,91339,M,,,91
201400038188,14,10,7,1848,1,2,1,1.0,6,91021,M,,,91
201400038189,14,10,13,1120,1,2,1,1.0,1,91339,M,,,91
201400038190,14,10,14,620,1,2,1,1.0,2,91103,M,,,91
201400038191,14,10,18,1705,1,2,1,1.0,1,91339,M,,,91
201400038192,14,10,19,1050,1,2,1,1.0,6,91333,M,,,91
201400038193,14,10,19,1435,1,2,1,1.0,6,91457,M,,,91
201400038194,14,10,26,1625,1,2,3,1.0,3,91347,M,,,91
201400038195,14,10,24,700,5,2,1,1.0,3,91347,M,,,91
201400038196,14,10,27,2340,5,2,1,1.0,6,91021,M,,,91
201400038197,14,10,31,1530,1,2,1,1.0,3,91103,M,,,91
201400038198,14,11,7,345,5,1,1,1.0,3,91103,M,,,91
201400038199,14,11,8,550,5,2,1,1.0,6,91103,M,,,91
201400038200,14,11,8,1900,5,2,1,1.0,6,91021,M,,,91
201400038201,14,11,9,1445,1,2,1,1.0,2,91021,M,,,91
201400038202,14,11,12,1825,5,2,1,1.0,2,91425,M,,,91
201400038203,14,11,14,915,1,2,1,2.0,1,91021,M,,,91
201400038204,14,11,16,1245,1,1,1,2.0,6,91103,M,,,91
201400038205,14,11,16,1415,1,2,1,1.0,7,91103,M,,,91
201400038206,14,11,17,2030,3,2,1,2.0,5,91425,M,,,91
201400038207,14,11,19,500,5,2,1,5.0,2,91103,M,,,91
201400038208,14,11,28,850,1,2,1,1.0,3,91339,M,,,91
201400038209,14,11,29,1240,1,2,2,1.0,3,91103,M,,,91
201400038210,14,12,4,1,5,2,1,1.0,1,91021,M,,,91
201400038211,14,12,4,1330,1,2,1,1.0,2,91339,M,,,91
201400038212,14,12,4,1810,5,2,1,1.0,6,91552,M,,,91
201400038213,14,12,5,435,5,2,1,1.0,7,91425,M,,,91
201400038214,14,12,5,1945,5,2,1,1.0,2,91347,M,,,91
201400038215,14,12,6,1415,1,2,1,1.0,2,91339,M,,,91
201400038216,14,12,9,810,1,2,1,9.0,7,91347,M,,,91
201400038217,14,12,9,2030,5,2,1,1.0,7,91103,M,,,91
201400038218,14,12,10,1910,5,2,1,2.0,6,91457,M,,,91
201400038219,14,12,11,1050,1,2,1,1.0,4,91425,M,,,91
201400038220,14,12,14,1450,1,2,1,8.0,1,91021,M,,,91
201400038221,14,12,15,800,5,2,1,1.0,1,91425,M,,,91
201400038222,14,12,15,1820,5,2,1,2.0,6,91347,M,,,91
201400038223,14,12,17,815,5,2,1,2.0,6,91339,M,,,91
201400038224,14,12,17,1054,1,2,1,2.0,6,91552,M,,,91
201400038225,14,12,18,1345,1,2,2,1.0,1,91339,M,,,91
201400038226,14,12,20,1920,3,2,1,1.0,2,91425,M,,,91
201400038227,14,12,30,1138,1,2,1,1.0,1,91425,M,,,91
201400038228,14,12,30,1030,1,2,2,1.0,6,91021,M,,,91
201400038229,14,2,9,1400,1,2,1,1.0,2,91027,M,,,91
201400038230,14,2,20,1745,1,2,1,1.0,6,91027,M,,,91
201400038231,14,1,4,1635,1,1,2,1.0,6,91027,M,,,91
201400038232,14,5,25,745,1,1,1,1.0,2,91479,M,,,91
201400038233,14,6,9,2115,1,2,3,1.0,1,91027,M,,,91
201400038234,14,9,30,1830,5,2,1,1.0,2,91479,M,,,91
201400038235,14,7,10,1040,1,2,1,1.0,6,91479,M,,,91
201400038236,14,10,10,1650,1,2,1,1.0,6,91027,M,,,91
201400038237,14,11,2,1650,1,2,1,1.0,2,91027,M,,,91
201400038238,14,11,6,725,2,2,2,1.0,3,91027,M,,,91
201400038239,14,11,19,2210,5,2,1,1.0,5,91027,M,,,91
201400038240,14,11,19,1840,5,1,1,1.0,3,91479,M,,,91
201400038241,14,11,18,725,5,2,1,1.0,5,91027,M,,,91
201400038242,14,12,3,835,1,2,1,2.0,6,91027,M,,,91
201400038243,14,12,21,2105,4,2,1,1.0,4,91479,M,,,91
201400038244,14,1,15,820,2,2,6,2.0,3,91114,M,,,91
201400038245,14,1,15,1535,1,2,1,2.0,2,91114,M,,,91
201400038246,14,1,16,935,1,2,6,2.0,6,91114,M,,,91
201400038247,14,1,21,1540,1,2,1,1.0,2,91631,M,,,91
201400038248,14,1,21,1910,4,2,1,1.0,3,91114,M,,,91
201400038249,14,1,30,820,2,2,2,1.0,1,91114,M,,,91
201400038250,14,2,2,1835,5,2,6,1.0,6,91215,M,,,91
201400038251,14,2,3,645,2,2,6,1.0,3,91097,M,,,91
201400038252,14,2,8,1530,1,2,1,1.0,2,91114,M,,,91
201400038253,14,2,10,1015,1,2,1,1.0,2,91114,M,,,91
201400038254,14,2,11,1700,1,2,6,1.0,3,91114,M,,,91
201400038255,14,2,15,1920,5,2,1,1.0,1,91114,M,,,91
201400038256,14,2,26,2030,5,2,1,1.0,2,91114,M,,,91
201400038257,14,2,27,1135,1,2,1,3.0,2,91114,M,,,91
201400038258,14,3,2,1115,1,2,1,1.0,6,91114,M,,,91
201400038259,14,3,1,1715,1,2,1,1.0,1,91514,M,,,91
201400038260,14,3,10,935,1,2,1,1.0,2,91114,M,,,91
201400038261,14,3,9,2140,5,2,1,1.0,3,91114,M,,,91
201400038262,14,3,14,1710,1,2,1,1.0,3,91097,M,,,91
201400038263,14,3,30,1845,1,2,1,1.0,3,91215,M,,,91
201400038264,14,4,1,1030,1,2,1,1.0,2,91215,M,,,91
201400038265,14,4,18,1550,1,2,1,1.0,3,91114,M,,,91
201400038266,14,5,17,1120,1,2,1,1.0,5,91114,M,,,91
201400038267,14,5,18,1100,1,2,1,1.0,2,91514,M,,,91
201400038268,14,5,21,1755,1,2,1,2.0,2,91114,M,,,91
201400038269,14,5,29,2000,1,2,1,1.0,6,91114,M,,,91
201400038270,14,6,5,1510,1,2,1,1.0,2,91114,M,,,91
201400038271,14,6,13,1950,1,2,3,1.0,1,91114,M,,,91
201400038272,14,6,15,1845,1,2,1,1.0,3,91114,M,,,91
201400038273,14,6,18,750,1,2,1,1.0,2,91114,M,,,91
201400038274,14,6,23,1410,1,2,1,1.0,6,91114,M,,,91
201400038275,14,6,5,1635,1,2,1,1.0,1,91114,M,,,91
201400038276,14,6,5,1950,1,2,1,1.0,6,91114,M,,,91
201400038277,14,6,30,2050,1,2,1,1.0,2,91514,M,,,91
201400038278,14,7,2,1730,1,2,4,1.0,3,91215,M,,,91
201400038279,14,7,6,1310,1,2,1,2.0,2,91114,M,,,91
201400038280,14,7,7,740,1,2,1,1.0,4,91114,M,,,91
201400038281,14,7,13,945,1,2,1,2.0,6,91114,M,,,91
201400038282,14,7,21,730,1,2,3,8.0,4,91114,M,,,91
201400038283,14,8,3,900,1,2,1,1.0,6,91631,M,,,91
201400038284,14,8,6,1545,1,2,1,2.0,2,91114,M,,,91
201400038285,14,8,11,1750,1,2,1,1.0,2,91114,M,,,91
201400038286,14,8,18,900,1,2,1,1.0,2,91114,M,,,91
201400038287,14,8,22,1900,1,2,3,1.0,3,91114,M,,,91
201400038288,14,8,30,930,1,2,1,1.0,6,91114,M,,,91
201400038289,14,8,31,1600,1,2,1,1.0,2,91114,M,,,91
201400038290,14,9,19,920,1,2,3,1.0,3,91514,M,,,91
201400038291,14,9,24,830,1,2,3,1.0,1,91114,M,,,91
201400038292,14,9,30,1340,1,2,1,1.0,3,91114,M,,,91
201400038293,14,10,6,840,1,1,9,1.0,5,91514,M,,,91
201400038294,14,10,9,745,1,2,1,2.0,6,91514,M,,,91
201400038295,14,10,12,145,3,1,1,1.0,6,91514,M,,,91
201400038296,14,10,12,1330,1,2,1,1.0,3,91514,M,,,91
201400038297,14,10,13,1545,1,2,3,1.0,6,91215,M,,,91
201400038298,14,10,14,1210,1,2,1,1.0,2,91514,M,,,91
201400038299,14,10,15,810,1,2,1,1.0,6,91215,M,,,91
201400038300,14,10,19,2255,5,2,1,1.0,7,91114,M,,,91
201400038301,14,11,4,830,1,2,3,1.0,1,91114,M,,,91
201400038302,14,11,4,1000,1,2,6,1.0,1,91114,M,,,91
201400038303,14,11,5,1120,1,2,1,1.0,5,91114,M,,,91
201400038304,14,11,12,815,2,2,2,1.0,3,91097,M,,,91
201400038305,14,11,14,1300,1,2,1,1.0,6,91114,M,,,91
201400038306,14,12,11,900,1,1,1,1.0,2,91514,M,,,91
201400038307,14,12,13,1520,1,1,1,1.0,2,91114,M,,,91
201400038308,14,12,26,1130,1,2,6,1.0,3,91097,M,,,91
201400038309,14,12,26,1740,5,2,1,1.0,2,91097,M,,,91
201400038310,14,12,30,1200,1,2,1,1.0,2,91114,M,,,91
201400038311,14,11,18,1640,1,2,1,9.0,1,91174,M,,,91
201400038312,14,12,15,1425,1,2,6,9.0,2,91174,M,,,91
201400038313,14,11,14,1310,1,2,6,1.0,3,91174,M,,,91
201400038314,14,12,16,1825,5,2,1,1.0,1,91174,M,,,91
201400038315,14,12,17,1850,5,2,1,1.0,6,91174,M,,,91
201400038316,14,10,6,1010,1,2,1,1.0,3,91174,M,,,91
201400038317,14,10,4,2050,5,2,1,1.0,6,91174,M,,,91
201400038318,14,2,11,1700,1,2,1,2.0,6,91174,M,,,91
201400038319,14,10,26,2025,3,2,9,1.0,6,91174,M,,,91
201400038320,14,2,22,1430,1,2,1,1.0,3,91174,M,,,91
201400038321,14,12,12,1310,1,2,1,2.0,3,91174,M,,,91
201400038322,14,2,21,1040,1,2,1,1.0,6,91174,M,,,91
201400038323,14,11,12,1920,5,2,6,1.0,1,91174,M,,,91
201400038324,14,2,21,1540,1,2,1,1.0,1,91174,M,,,91
201400038325,14,3,10,820,1,2,2,1.0,2,91174,M,,,91
201400038326,14,3,14,820,1,2,6,1.0,3,91174,M,,,91
201400038327,14,3,29,1800,1,2,1,1.0,6,91174,M,,,91
201400038328,14,2,28,240,5,2,1,1.0,6,91174,M,,,91
201400038329,14,2,21,1950,5,2,1,1.0,6,91174,M,,,91
201400038330,14,4,4,1945,1,2,1,1.0,6,91174,M,,,91
201400038331,14,2,14,1625,1,2,9,1.0,6,91174,M,,,91
201400038332,14,4,30,1255,1,2,9,1.0,6,91174,M,,,91
201400038333,14,4,25,1915,1,2,1,1.0,3,91174,M,,,91
201400038334,14,3,12,2145,5,2,1,1.0,6,91174,M,,,91
201400038335,14,3,9,1215,1,2,1,1.0,2,91174,M,,,91
201400038336,14,5,15,1520,1,2,1,1.0,6,91174,M,,,91
201400038337,14,5,16,1600,1,2,1,1.0,2,91174,M,,,91
201400038338,14,6,5,1950,1,2,1,1.0,3,91174,M,,,91
201400038339,14,3,2,1230,1,2,1,1.0,6,91174,M,,,91
201400038340,14,5,26,1235,1,2,6,2.0,2,91174,M,,,91
201400038341,14,6,11,1725,1,2,1,1.0,2,91174,M,,,91
201400038342,14,4,22,1115,1,2,3,1.0,3,91174,M,,,91
201400038343,14,4,25,1740,1,2,3,1.0,5,91174,M,,,91
201400038344,14,4,1,1710,1,2,1,1.0,3,91174,M,,,91
201400038345,14,7,11,1550,1,2,1,1.0,2,91174,M,,,91
201400038346,14,7,31,1855,1,2,1,1.0,4,91174,M,,,91
201400038347,14,8,27,1120,1,2,1,1.0,6,91174,M,,,91
201400038348,14,6,28,1040,1,2,6,1.0,3,91174,M,,,91
201400038349,14,4,12,1610,1,2,1,1.0,1,91174,M,,,91
201400038350,14,5,15,1855,1,2,1,1.0,6,91174,M,,,91
201400038351,14,6,27,1720,1,2,3,9.0,3,91174,M,,,91
201400038352,14,9,8,1815,1,2,1,1.0,3,91174,M,,,91
201400038353,14,9,9,1440,1,2,1,1.0,6,91174,M,,,91
201400038354,14,10,11,1640,1,2,1,1.0,6,91174,M,,,91
201400038355,14,9,29,2023,5,2,1,2.0,6,91174,M,,,91