Num_Acc,an,mois,jour,hrmn,lum,agg,int,atm,col,com,gps,lat,long,dep
201400038356,14,9,30,1520,1,2,2,1.0,3,91174,M,,,91
201400038357,14,9,29,2030,5,2,6,2.0,3,91174,M,,,91
201400038358,14,10,28,1445,1,2,1,1.0,3,91174,M,,,91
201400038359,14,9,4,1700,1,2,1,1.0,3,91174,M,,,91
201400038360,14,9,25,1245,1,2,1,1.0,2,91174,M,,,91
201400038361,14,1,4,1540,1,2,2,1.0,3,91657,M,,,91
201400038362,14,1,7,1605,1,2,1,1.0,6,91657,M,,,91
201400038363,14,1,6,1327,1,2,1,2.0,2,91201,M,,,91
201400038364,14,1,12,1805,5,2,2,1.0,3,91657,M,,,91
201400038365,14,1,14,730,5,2,1,1.0,6,91657,M,,,91
201400038366,14,1,27,1225,1,2,1,2.0,3,91657,M,,,91
201400038367,14,1,28,1845,5,2,1,2.0,6,91657,M,,,91
201400038368,14,2,9,1150,1,2,1,1.0,3,91201,M,,,91
201400038369,14,2,9,820,1,2,1,1.0,6,91201,M,,,91
201400038370,14,3,3,1950,2,2,1,1.0,2,91201,M,,,91
201400038371,14,3,6,850,1,2,1,1.0,6,91201,M,,,91
201400038372,14,3,8,1630,1,2,1,1.0,6,91201,M,,,91
201400038373,14,3,27,1845,2,2,1,1.0,4,91657,M,,,91
201400038374,14,2,22,1540,1,2,2,1.0,6,91657,M,,,91
201400038375,14,4,2,2250,5,2,2,1.0,3,91201,M,,,91
201400038376,14,6,4,2040,1,2,1,1.0,3,91201,M,,,91
201400038377,14,6,8,2230,5,2,1,1.0,6,91201,M,,,91
201400038378,14,6,23,1150,1,2,2,1.0,2,91657,M,,,91
201400038379,14,7,1,2220,5,2,1,9.0,6,91657,M,,,91
201400038380,14,7,18,1835,1,2,1,1.0,6,91657,M,,,91
201400038381,14,3,2,1050,1,2,1,1.0,6,91657,M,,,91
201400038382,14,7,30,621,2,2,1,1.0,6,91201,M,,,91
201400038383,14,8,22,1330,1,2,2,1.0,1,91201,M,,,91
201400038384,14,2,27,1015,1,2,1,1.0,2,91201,M,,,91
201400038385,14,11,28,1350,1,2,2,1.0,6,91657,M,,,91
201400038386,14,3,15,315,5,2,2,9.0,3,91657,M,,,91
201400038387,14,3,20,1930,2,2,2,1.0,2,91657,M,,,91
201400038388,14,3,22,1945,5,2,1,2.0,3,91201,M,,,91
201400038389,14,3,28,720,2,2,1,1.0,6,91657,M,,,91
201400038390,14,4,9,1715,1,2,1,1.0,6,91201,M,,,91
201400038391,14,4,11,1850,1,2,2,9.0,1,91657,M,,,91
201400038392,14,4,23,1615,1,2,1,1.0,4,91201,M,,,91
201400038393,14,4,30,915,1,2,1,1.0,4,91201,M,,,91
201400038394,14,4,30,1350,1,2,1,1.0,6,91201,M,,,91
201400038395,14,6,28,1745,2,2,2,2.0,4,91201,M,,,91
201400038396,14,5,13,1435,1,2,2,2.0,3,91201,M,,,91
201400038397,14,5,16,420,5,2,1,1.0,6,91201,M,,,91
201400038398,14,6,15,1530,1,2,1,1.0,6,91201,M,,,91
201400038399,14,6,13,735,1,2,1,1.0,1,91201,M,,,91
201400038400,14,9,4,1000,1,2,1,1.0,6,91201,M,,,91
201400038401,14,9,15,1810,1,2,1,1.0,6,91201,M,,,91
201400038402,14,7,14,1345,1,2,2,1.0,2,91657,M,,,91
201400038403,14,7,26,1125,1,2,1,1.0,3,91201,M,,,91
201400038404,14,7,28,915,1,2,1,1.0,6,91657,M,,,91
201400038405,14,8,3,1645,1,2,1,1.0,3,91201,M,,,91
201400038406,14,8,22,950,1,2,1,1.0,6,91201,M,,,91
201400038407,14,9,11,1928,1,2,1,1.0,6,91201,M,,,91
201400038408,14,9,15,945,1,2,1,1.0,3,91657,M,,,91
201400038409,14,9,16,840,1,2,2,1.0,3,91657,M,,,91
201400038410,14,9,16,1530,1,2,1,1.0,2,91201,M,,,91
201400038411,14,9,26,830,1,2,1,1.0,3,91201,M,,,91
201400038412,14,9,29,845,1,2,1,2.0,4,91201,M,,,91
201400038413,14,9,30,1845,1,2,1,1.0,6,91201,M,,,91
201400038414,14,10,30,600,5,2,1,1.0,3,91657,M,,,91
201400038415,14,11,4,910,1,2,1,2.0,3,91201,M,,,91
201400038416,14,11,13,1115,1,2,1,1.0,1,91657,M,,,91
201400038417,14,11,15,900,1,2,1,1.0,1,91201,M,,,91
201400038418,14,11,17,1810,5,2,1,1.0,6,91201,M,,,91
201400038419,14,12,23,835,1,2,2,2.0,3,91657,M,,,91
201400038420,14,1,7,815,2,1,1,2.0,7,91433,M,,,91
201400038421,14,1,9,2049,5,2,1,1.0,7,91223,M,,,91
201400038422,14,1,10,1805,4,2,6,1.0,3,91223,M,,,91
201400038423,14,1,12,1245,1,1,1,1.0,2,91433,M,,,91
201400038424,14,1,13,1245,1,2,1,1.0,6,91223,M,,,91
201400038425,14,1,13,1455,1,1,1,1.0,6,91223,M,,,91
201400038426,14,1,15,1305,1,1,1,2.0,6,91223,M,,,91
201400038427,14,1,15,1705,2,2,1,3.0,6,91223,M,,,91
201400038428,14,1,16,805,1,1,1,2.0,4,91223,M,,,91
201400038429,14,1,18,1020,1,2,1,1.0,6,91223,M,,,91
201400038430,14,1,19,630,3,1,6,2.0,6,91433,M,,,91
201400038431,14,1,24,1350,1,1,1,1.0,5,91223,M,,,91
201400038432,14,1,25,1150,1,2,1,1.0,7,91223,M,,,91
201400038433,14,1,25,1700,1,2,1,2.0,2,91223,M,,,91
201400038434,14,1,30,1825,5,2,1,1.0,6,91223,M,,,91
201400038435,14,2,3,1450,1,1,1,1.0,6,91223,M,,,91
201400038436,14,2,4,1710,1,2,1,1.0,7,91469,M,,,91
201400038437,14,2,6,1120,1,2,1,2.0,7,91223,M,,,91
201400038438,14,2,10,1530,1,1,9,1.0,2,91223,M,,,91
201400038439,14,2,13,815,2,2,1,3.0,6,91223,M,,,91
201400038440,14,2,16,150,5,2,1,1.0,6,91223,M,,,91
201400038441,14,2,16,1800,2,2,2,1.0,6,91223,M,,,91
201400038442,14,2,18,410,5,2,1,1.0,7,91223,M,,,91
201400038443,14,2,23,1210,1,2,2,1.0,3,91223,M,,,91
201400038444,14,3,2,1000,1,2,1,1.0,7,91433,M,,,91
201400038445,14,3,3,755,2,1,1,1.0,7,91223,M,,,91
201400038446,14,3,6,1050,1,2,1,1.0,2,91223,M,,,91
201400038447,14,3,7,1420,1,2,1,1.0,5,91223,M,,,91
201400038448,14,3,14,1500,1,2,1,1.0,6,91223,M,,,91
201400038449,14,3,18,1355,1,2,3,1.0,4,91223,M,,,91
201400038450,14,3,22,1400,1,1,1,1.0,7,91433,M,,,91
201400038451,14,3,25,720,1,2,1,2.0,6,91223,M,,,91
201400038452,14,3,29,1255,1,2,1,1.0,2,91433,M,,,91
201400038453,14,4,3,1100,2,2,9,1.0,3,91433,M,,,91
201400038454,14,4,7,840,1,1,1,1.0,2,91223,M,,,91
201400038455,14,4,11,945,1,2,3,1.0,1,91223,M,,,91
201400038456,14,4,11,1750,1,1,1,1.0,1,91223,M,,,91
201400038457,14,4,16,920,1,1,2,1.0,5,91223,M,,,91
201400038458,14,4,18,1805,1,1,1,1.0,6,91223,M,,,91
201400038459,14,4,25,1650,1,2,1,1.0,2,91223,M,,,91
201400038460,14,4,27,1040,1,1,1,2.0,7,91223,M,,,91
201400038461,14,4,29,1805,1,2,3,2.0,3,91433,M,,,91
201400038462,14,5,15,840,1,2,1,1.0,2,91223,M,,,91
201400038463,14,5,16,1700,1,1,1,1.0,7,91433,M,,,91
201400038464,14,5,18,1845,1,2,1,1.0,6,91223,M,,,91
201400038465,14,5,21,1020,1,1,1,3.0,2,91223,M,,,91
201400038466,14,5,27,1757,1,2,1,1.0,6,91223,M,,,91
201400038467,14,5,30,950,1,2,3,1.0,1,91223,M,,,91
201400038468,14,5,30,2030,1,1,1,1.0,5,91223,M,,,91
201400038469,14,6,4,1705,1,1,1,3.0,7,91223,M,,,91
201400038470,14,6,14,1515,1,2,1,1.0,6,91223,M,,,91
201400038471,14,6,14,1724,1,1,1,1.0,7,91433,M,,,91
201400038472,14,6,17,930,1,2,1,1.0,6,91223,M,,,91
201400038473,14,6,20,830,1,2,1,1.0,6,91223,M,,,91
201400038474,14,6,24,655,1,1,3,1.0,3,91469,M,,,91
201400038475,14,6,26,710,1,2,1,1.0,6,91223,M,,,91
201400038476,14,6,27,2015,1,2,1,1.0,6,91223,M,,,91
201400038477,14,6,29,535,5,2,1,1.0,6,91223,M,,,91
201400038478,14,6,29,730,1,1,6,2.0,7,91433,M,,,91
201400038479,14,6,29,1705,1,1,1,1.0,7,91223,M,,,91
201400038480,14,7,5,1815,1,2,1,1.0,6,91223,M,,,91
201400038481,14,7,6,1635,1,2,7,1.0,2,91223,M,,,91
201400038482,14,7,18,1120,1,1,2,1.0,3,91223,M,,,91
201400038483,14,7,27,1445,1,2,4,1.0,2,91223,M,,,91
201400038484,14,7,27,1650,1,2,1,1.0,7,91433,M,,,91
201400038485,14,7,28,1900,1,2,1,1.0,6,91223,M,,,91
201400038486,14,8,1,1500,1,1,1,1.0,7,91433,M,,,91
201400038487,14,8,2,1645,1,1,1,1.0,2,91223,M,,,91
201400038488,14,8,6,1050,1,2,1,2.0,6,91223,M,,,91
201400038489,14,8,6,1110,1,2,1,2.0,7,91223,M,,,91
201400038490,14,8,8,1640,1,1,1,3.0,6,91433,M,,,91
201400038491,14,8,11,1815,1,1,2,1.0,3,91223,M,,,91
201400038492,14,8,17,1820,1,1,1,1.0,3,91223,M,,,91
201400038493,14,8,23,1105,1,1,1,1.0,3,91433,M,,,91
201400038494,14,8,26,1255,1,2,1,2.0,2,91223,M,,,91
201400038495,14,9,1,1640,1,1,1,1.0,3,91223,M,,,91
201400038496,14,9,4,1845,1,1,1,1.0,6,91223,M,,,91
201400038497,14,9,10,1143,1,2,1,1.0,6,91223,M,,,91
201400038498,14,9,12,1445,1,2,1,1.0,2,91223,M,,,91
201400038499,14,9,15,2055,2,2,1,1.0,2,91223,M,,,91
201400038500,14,9,23,1205,1,1,1,1.0,3,91223,M,,,91
201400038501,14,9,26,230,3,1,6,1.0,6,91433,M,,,91
201400038502,14,9,27,1015,1,2,3,1.0,6,91223,M,,,91
201400038503,14,9,29,830,1,2,1,2.0,6,91223,M,,,91
201400038504,14,10,4,1135,1,2,1,1.0,6,91223,M,,,91
201400038505,14,10,4,1700,1,2,1,1.0,7,91223,M,,,91
201400038506,14,10,8,1120,1,1,1,2.0,7,91223,M,,,91
201400038507,14,10,14,2230,3,1,1,1.0,7,91433,M,,,91
201400038508,14,10,24,1725,1,2,1,1.0,7,91469,M,,,91
201400038509,14,10,31,1725,1,2,1,1.0,6,91433,M,,,91
201400038510,14,11,1,2120,3,2,1,1.0,2,91223,M,,,91
201400038511,14,11,4,1600,1,2,1,1.0,6,91223,M,,,91
201400038512,14,11,12,700,5,2,3,1.0,6,91223,M,,,91
201400038513,14,11,12,1235,1,2,1,1.0,6,91223,M,,,91
201400038514,14,11,25,620,3,1,1,2.0,7,91223,M,,,91
201400038515,14,11,26,1925,3,1,1,1.0,7,91223,M,,,91
201400038516,14,12,2,1010,1,2,1,2.0,6,91223,M,,,91
201400038517,14,12,11,630,3,1,1,1.0,6,91469,M,,,91
201400038518,14,12,11,1345,1,1,1,1.0,6,91433,M,,,91
201400038519,14,12,13,1943,5,2,1,1.0,4,91223,M,,,91
201400038520,14,12,14,1135,1,1,2,5.0,3,91223,M,,,91
201400038521,14,12,16,1610,1,2,2,1.0,2,91223,M,,,91
201400038522,14,12,17,835,2,2,4,2.0,1,91223,M,,,91
201400038523,14,12,19,1740,1,2,2,1.0,6,91223,M,,,91
201400038524,14,12,26,655,3,1,1,1.0,6,91223,M,,,91
201400038525,14,1,30,2050,5,2,3,1.0,3,91521,M,,,91
201400038526,14,1,27,2040,5,2,3,1.0,6,91228,M,,,91
201400038527,14,1,30,1600,1,2,1,1.0,6,91521,M,,,91
201400038528,14,2,5,1130,1,2,1,1.0,3,91228,M,,,91
201400038529,14,2,22,1240,1,2,1,1.0,6,91228,M,,,91
201400038530,14,2,11,1920,5,2,4,2.0,5,91228,M,,,91
201400038531,14,2,22,150,5,2,1,1.0,7,91521,M,,,91
201400038532,14,5,13,825,1,2,1,1.0,6,91228,M,,,91
201400038533,14,7,31,1415,1,2,1,1.0,6,91521,M,,,91
201400038534,14,11,14,1700,1,2,1,1.0,6,91521,M,,,91
201400038535,14,4,14,1025,1,2,1,1.0,6,91228,M,,,91
201400038536,14,7,24,2055,2,2,6,1.0,3,91182,M,,,91
201400038537,14,1,1,1840,2,2,1,2.0,3,91286,M,,,91
201400038538,14,1,8,2140,5,2,1,1.0,1,91286,M,,,91
201400038539,14,1,22,1800,2,2,1,2.0,2,91326,M,,,91
201400038540,14,1,31,1220,1,2,1,1.0,6,91434,M,,,91
201400038541,14,2,5,1240,1,2,1,1.0,6,91687,M,,,91
201400038542,14,2,6,825,2,2,1,1.0,3,91687,M,,,91
201400038543,14,2,24,745,2,2,1,1.0,1,91687,M,,,91
201400038544,14,2,19,1800,1,2,2,1.0,3,91434,M,,,91
201400038545,14,2,20,1345,1,2,1,1.0,3,91434,M,,,91
201400038546,14,2,26,1915,2,2,2,1.0,3,91326,M,,,91
201400038547,14,2,8,1500,1,2,1,2.0,6,91687,M,,,91
201400038548,14,3,6,1710,1,2,1,1.0,6,91687,M,,,91
201400038549,14,3,19,1835,1,2,1,1.0,6,91326,M,,,91
201400038550,14,3,21,1830,1,2,1,1.0,6,91326,M,,,91
201400038551,14,3,23,140,5,2,2,1.0,3,91286,M,,,91
201400038552,14,4,2,1530,1,2,1,1.0,6,91434,M,,,91
201400038553,14,4,6,1520,1,2,1,1.0,6,91286,M,,,91
201400038554,14,2,23,1845,2,2,1,1.0,6,91326,M,,,91
201400038555,14,3,31,815,2,2,2,1.0,3,91434,M,,,91
201400038556,14,3,20,2110,2,2,1,1.0,3,91326,M,,,91
201400038557,14,4,24,1545,1,2,1,1.0,6,91434,M,,,91
201400038558,14,4,1,1500,1,2,2,1.0,1,91687,M,,,91
201400038559,14,3,26,650,1,2,3,1.0,5,91326,M,,,91
201400038560,14,4,16,2045,2,2,3,1.0,3,91434,M,,,91
201400038561,14,5,11,140,5,2,1,1.0,1,91326,M,,,91
201400038562,14,5,23,1600,1,2,1,1.0,3,91286,M,,,91
201400038563,14,5,26,1230,1,2,1,1.0,2,91286,M,,,91
201400038564,14,5,29,1050,1,2,1,1.0,6,91326,M,,,91
201400038565,14,5,7,950,1,2,1,1.0,7,91687,M,,,91
201400038566,14,6,9,2200,5,2,2,1.0,3,91687,M,,,91
201400038567,14,6,18,1245,1,2,2,1.0,3,91326,M,,,91
201400038568,14,6,19,435,5,2,1,1.0,6,91687,M,,,91
201400038569,14,6,14,2250,5,2,1,1.0,6,91326,M,,,91
201400038570,14,6,25,1500,1,2,1,1.0,2,91687,M,,,91
201400038571,14,6,27,1830,1,2,1,1.0,6,91687,M,,,91
201400038572,14,7,4,1925,1,2,1,1.0,6,91286,M,,,91
201400038573,14,7,12,1825,1,2,1,1.0,6,91687,M,,,91
201400038574,14,7,19,1655,1,2,1,1.0,5,91687,M,,,91
201400038575,14,7,23,1330,1,2,2,1.0,3,91434,M,,,91
201400038576,14,8,16,2015,1,2,1,1.0,2,91687,M,,,91
201400038577,14,8,23,1020,1,2,1,1.0,4,91687,M,,,91
201400038578,14,9,2,1150,1,2,1,1.0,6,91286,M,,,91
201400038579,14,9,5,1335,1,2,1,1.0,6,91286,M,,,91
201400038580,14,9,12,1830,1,2,1,1.0,1,91687,M,,,91
201400038581,14,9,15,1955,1,2,2,1.0,3,91434,M,,,91
201400038582,14,9,22,1500,1,2,1,1.0,6,91687,M,,,91
201400038583,14,9,26,1425,1,2,1,1.0,3,91326,M,,,91
201400038584,14,10,4,1250,1,2,1,1.0,6,91687,M,,,91
201400038585,14,10,10,1330,1,2,1,1.0,6,91286,M,,,91
201400038586,14,10,14,745,1,2,1,1.0,3,91326,M,,,91
201400038587,14,10,14,1840,1,2,1,1.0,6,91326,M,,,91
201400038588,14,10,19,1113,1,2,1,1.0,6,91286,M,,,91
201400038589,14,10,17,1900,1,2,1,1.0,6,91286,M,,,91
201400038590,14,10,18,1540,1,2,1,1.0,6,91326,M,,,91
201400038591,14,10,26,1930,1,2,1,1.0,3,91326,M,,,91
201400038592,14,10,11,1100,1,2,3,1.0,3,91687,M,,,91
201400038593,14,11,3,1220,1,2,1,1.0,5,91286,M,,,91
201400038594,14,11,10,1730,3,2,1,1.0,6,91687,M,,,91
201400038595,14,11,11,1800,1,2,1,1.0,6,91687,M,,,91
201400038596,14,11,21,740,1,2,1,1.0,6,91687,M,,,91
201400038597,14,11,24,1025,1,2,1,1.0,6,91434,M,,,91
201400038598,14,11,24,930,1,2,1,1.0,1,91326,M,,,91
201400038599,14,11,16,1650,1,2,7,3.0,6,91687,M,,,91
201400038600,14,11,28,1520,1,2,1,1.0,2,91687,M,,,91
201400038601,14,12,14,1932,2,2,1,1.0,2,91286,M,,,91
201400038602,14,12,21,1050,1,2,1,1.0,6,91687,M,,,91
201400038603,14,7,2,1840,1,2,1,1.0,6,91286,M,,,91
201400038604,14,2,11,1440,1,2,2,1.0,3,91161,M,,,91
201400038605,14,2,26,1125,1,2,1,1.0,2,91161,M,,,91
201400038606,14,2,28,845,1,2,1,2.0,2,91345,M,,,91
201400038607,14,3,3,1835,5,2,3,8.0,3,91345,M,,,91
201400038608,14,3,4,1400,1,2,1,1.0,6,91345,M,,,91
201400038609,14,3,7,1443,1,2,1,1.0,3,91161,M,,,91
201400038610,14,3,12,710,1,2,3,1.0,3,91345,M,,,91
201400038611,14,3,13,1625,1,2,3,7.0,3,91345,M,,,91
201400038612,14,3,21,1100,1,2,3,8.0,2,91345,M,,,91
201400038613,14,3,23,1700,1,1,1,8.0,5,91161,M,,,91
201400038614,14,3,29,1800,1,2,1,1.0,3,91345,M,,,91
201400038615,14,4,14,1825,1,2,3,1.0,3,91345,M,,,91
201400038616,14,4,16,1935,1,2,1,1.0,2,91345,M,,,91
201400038617,14,5,5,1850,1,2,6,1.0,3,91345,M,,,91
201400038618,14,5,20,1330,1,2,1,3.0,2,91345,M,,,91
201400038619,14,5,26,805,1,2,2,2.0,3,91345,M,,,91
201400038620,14,5,7,1220,1,2,1,1.0,6,91345,M,,,91
201400038621,14,6,3,1200,1,2,1,1.0,3,91161,M,,,91
201400038622,14,6,12,830,1,2,6,1.0,2,91161,M,,,91
201400038623,14,6,16,1410,1,2,1,1.0,6,91345,M,,,91
201400038624,14,6,16,1924,1,2,3,1.0,3,91161,M,,,91
201400038625,14,6,18,1015,1,2,1,1.0,6,91161,M,,,91
201400038626,14,9,4,630,2,2,6,9.0,2,91161,M,,,91
201400038627,14,9,10,815,1,2,3,1.0,3,91161,M,,,91
201400038628,14,9,10,1800,1,1,1,1.0,6,91161,M,,,91
201400038629,14,9,19,900,1,2,6,1.0,3,91161,M,,,91
201400038630,14,9,29,1500,1,2,6,1.0,3,91161,M,,,91
201400038631,14,10,26,1404,1,1,1,1.0,3,91161,M,,,91
201400038632,14,11,4,1030,1,2,3,1.0,3,91161,M,,,91
201400038633,14,11,4,1243,1,2,2,1.0,3,91161,M,,,91
201400038634,14,11,13,2025,3,1,6,1.0,1,91161,M,,,91
201400038635,14,12,9,2025,5,2,2,1.0,1,91345,M,,,91
201400038636,14,12,10,710,5,2,1,2.0,6,91345,M,,,91
201400038637,14,12,15,1900,5,2,1,2.0,3,91161,M,,,91
201400038638,14,12,19,1650,1,2,6,2.0,6,91345,M,,,91
201400038639,14,1,23,2008,5,2,3,2.0,1,91345,M,,,91
201400038640,14,1,2,1645,1,2,1,1.0,6,91377,M,,,91
201400038641,14,1,18,415,3,2,1,1.0,6,91377,M,,,91
201400038642,14,1,29,805,5,2,1,1.0,3,91377,M,,,91
201400038643,14,2,7,1716,1,2,1,1.0,6,91377,M,,,91
201400038644,14,3,2,1225,1,2,1,1.0,6,91377,M,,,91
201400038645,14,3,10,1245,1,2,1,1.0,3,91377,M,,,91
201400038646,14,4,9,800,1,2,1,1.0,3,91377,M,,,91
201400038647,14,4,9,1240,1,2,1,1.0,3,91689,M,,,91
201400038648,14,5,16,1820,1,2,1,1.0,6,91377,M,,,91
201400038649,14,6,4,855,1,2,1,1.0,2,91377,M,,,91
201400038650,14,6,10,1340,1,2,1,1.0,3,91377,M,,,91
201400038651,14,6,21,1920,1,2,1,1.0,6,91377,M,,,91
201400038652,14,8,20,1215,1,2,1,1.0,6,91377,M,,,91
201400038653,14,9,5,2145,5,2,1,1.0,3,91377,M,,,91
201400038654,14,9,26,1730,1,2,1,1.0,3,91377,M,,,91
201400038655,14,11,3,1915,3,2,1,1.0,6,91377,M,,,91
201400038656,14,11,16,1125,1,2,1,1.0,6,91377,M,,,91
201400038657,14,12,13,615,5,1,1,3.0,3,91689,M,,,91
201400038658,14,12,29,1620,1,2,1,1.0,6,91377,M,,,91
201400038659,14,10,20,1840,5,2,1,1.0,3,91377,M,,,91
201400038660,14,10,21,1409,1,2,1,1.0,3,91377,M,,,91
201400038661,14,1,13,1830,5,2,1,2.0,3,91191,M,,,91
201400038662,14,12,30,2335,3,1,1,2.0,6,91421,M,,,91
201400038663,14,12,25,240,3,1,1,2.0,2,91421,M,,,91
201400038664,14,1,11,830,1,1,1,2.0,6,91421,M,,,91
201400038665,14,1,11,1050,1,1,1,1.0,6,91421,M,,,91
201400038666,14,12,7,500,5,1,1,1.0,2,91421,M,,,91
201400038667,14,1,12,1110,1,2,1,1.0,3,91421,M,,,91
201400038668,14,1,16,740,2,2,1,2.0,6,91691,M,,,91
201400038669,14,1,21,1700,1,2,1,1.0,6,91421,M,,,91
201400038670,14,1,23,830,1,2,1,1.0,6,91421,M,,,91
201400038671,14,2,4,2215,3,1,1,1.0,2,91421,M,,,91
201400038672,14,1,30,1640,1,2,5,1.0,3,91691,M,,,91
201400038673,14,1,21,1705,5,2,7,1.0,6,91421,M,,,91
201400038674,14,2,19,1140,1,2,1,2.0,6,91421,M,,,91
201400038675,14,2,20,1415,1,2,1,2.0,6,91421,M,,,91
201400038676,14,2,21,915,1,2,1,1.0,6,91421,M,,,91
201400038677,14,2,24,1435,1,2,3,1.0,1,91691,M,,,91
201400038678,14,2,27,905,1,2,3,2.0,3,91691,M,,,91
201400038679,14,3,9,1743,1,2,1,1.0,2,91691,M,,,91
201400038680,14,3,12,1755,1,2,1,1.0,6,91421,M,,,91
201400038681,14,3,14,1312,1,1,1,1.0,3,91421,M,,,91
201400038682,14,3,20,1415,1,2,1,1.0,2,91421,M,,,91
201400038683,14,3,21,1730,1,2,1,1.0,6,91421,M,,,91
201400038684,14,3,24,1845,1,2,3,1.0,3,91691,M,,,91
201400038685,14,3,31,1650,1,2,1,1.0,6,91421,M,,,91
201400038686,14,2,20,950,1,2,1,1.0,2,91691,M,,,91
201400038687,14,4,5,1525,1,2,1,1.0,6,91691,M,,,91
201400038688,14,4,9,1255,1,2,1,1.0,2,91691,M,,,91
201400038689,14,3,14,2010,2,2,1,1.0,6,91691,M,,,91
201400038690,14,5,28,750,1,2,1,1.0,6,91421,M,,,91
201400038691,14,6,2,700,1,2,3,1.0,6,91691,M,,,91
201400038692,14,6,4,1330,1,2,5,2.0,3,91421,M,,,91
201400038693,14,6,16,2315,5,2,1,1.0,3,91421,M,,,91
201400038694,14,6,16,1600,1,2,1,1.0,1,91421,M,,,91
201400038695,14,6,20,1630,1,2,1,1.0,2,91421,M,,,91
201400038696,14,6,21,1625,1,2,1,1.0,2,91691,M,,,91
201400038697,14,3,5,1450,1,2,1,1.0,6,91691,M,,,91
201400038698,14,6,27,2150,5,2,1,2.0,2,91691,M,,,91
201400038699,14,6,25,1420,1,2,1,1.0,1,91421,M,,,91
201400038700,14,7,1,2340,5,2,1,1.0,3,91691,M,,,91
201400038701,14,7,2,1825,1,2,1,1.0,2,91421,M,,,91
201400038702,14,7,5,2045,1,1,1,1.0,1,91421,M,,,91
201400038703,14,7,10,1240,1,2,1,1.0,2,91421,M,,,91
201400038704,14,8,5,255,3,1,1,1.0,2,91421,M,,,91
201400038705,14,8,5,1030,1,1,1,1.0,3,91421,M,,,91
201400038706,14,8,21,1740,1,2,1,1.0,3,91191,M,,,91
201400038707,14,8,24,845,1,2,1,1.0,6,91691,M,,,91
201400038708,14,8,25,2040,2,1,3,2.0,3,91421,M,,,91
201400038709,14,9,1,730,1,2,1,1.0,4,91691,M,,,91
201400038710,14,9,23,735,1,1,1,1.0,2,91421,M,,,91
201400038711,14,9,21,1130,1,2,1,1.0,6,91691,M,,,91
201400038712,14,9,24,805,1,2,2,1.0,3,91421,M,,,91
201400038713,14,9,30,830,1,2,1,2.0,6,91691,M,,,91
201400038714,14,9,30,635,5,2,1,2.0,7,91691,M,,,91
201400038715,14,9,28,1920,2,1,1,1.0,4,91421,M,,,91
201400038716,14,10,5,1840,1,1,1,1.0,6,91421,M,,,91
201400038717,14,10,15,1930,5,2,1,2.0,6,91191,M,,,91
201400038718,14,10,16,2100,5,2,3,2.0,2,91421,M,,,91
201400038719,14,10,26,1735,2,2,1,1.0,3,91421,M,,,91
201400038720,14,10,29,1820,3,2,2,1.0,3,91421,M,,,91
201400038721,14,10,30,1255,1,2,1,1.0,2,91421,M,,,91
201400038722,14,10,30,1800,2,2,3,1.0,3,91421,M,,,91
201400038723,14,10,31,1925,5,2,1,1.0,6,91691,M,,,91
201400038724,14,9,21,2130,3,1,1,1.0,5,91421,M,,,91
201400038725,14,11,5,1835,5,2,1,1.0,6,91191,M,,,91
201400038726,14,11,14,1700,2,2,1,2.0,3,91691,M,,,91
201400038727,14,11,14,2200,3,2,1,2.0,7,91421,M,,,91
201400038728,14,10,18,1000,1,2,1,1.0,6,91421,M,,,91
201400038729,14,11,18,810,1,2,1,1.0,6,91421,M,,,91
201400038730,14,11,17,2040,3,2,1,2.0,1,91421,M,,,91
201400038731,14,11,23,645,2,1,1,1.0,6,91421,M,,,91
201400038732,14,11,27,1720,2,2,1,2.0,6,91691,M,,,91
201400038733,14,12,16,1640,2,2,3,1.0,6,91691,M,,,91
201400038734,14,12,26,1835,5,2,1,2.0,6,91191,M,,,91
201400038735,14,1,7,845,2,2,1,1.0,6,91477,M,,,91
201400038736,14,1,8,2220,5,2,1,1.0,6,91471,M,,,91
201400038737,14,1,14,820,1,2,1,2.0,6,91122,M,,,91
201400038738,14,1,16,820,2,2,1,3.0,6,91122,M,,,91
201400038739,14,1,16,1840,2,2,1,1.0,6,91645,M,,,91
201400038740,14,1,22,1330,1,2,1,2.0,6,91692,M,,,91
201400038741,14,1,24,815,2,2,2,2.0,3,91122,M,,,91
201400038742,14,1,31,750,2,2,1,5.0,6,91064,M,,,91
201400038743,14,2,25,2145,5,2,1,1.0,6,91064,M,,,91
201400038744,14,2,27,1720,1,2,1,1.0,6,91471,M,,,91
201400038745,14,12,26,2240,5,2,2,1.0,3,91477,M,,,91
201400038746,14,3,3,1645,1,2,1,8.0,3,91477,M,,,91
201400038747,14,2,22,2040,5,2,1,1.0,2,91692,M,,,91
201400038748,14,2,14,1515,1,2,6,1.0,6,91692,M,,,91
201400038749,14,8,29,1525,1,2,6,1.0,3,91692,M,,,91
201400038750,14,3,10,1830,1,2,1,1.0,2,91471,M,,,91
201400038751,14,8,26,1045,1,2,1,1.0,6,91477,M,,,91
201400038752,14,3,20,810,1,2,3,1.0,3,91645,M,,,91
201400038753,14,3,26,2030,2,2,1,1.0,2,91692,M,,,91
201400038754,14,4,1,800,1,2,3,1.0,6,91477,M,,,91
201400038755,14,4,8,1330,1,1,3,1.0,3,91477,M,,,91
201400038756,14,3,19,1010,1,2,1,1.0,3,91477,M,,,91
201400038757,14,4,9,1905,1,2,1,1.0,6,91122,M,,,91
201400038758,14,4,30,1500,1,2,1,8.0,6,91477,M,,,91
201400038759,14,5,6,1810,1,2,1,1.0,1,91477,M,,,91
201400038760,14,4,29,1715,1,2,1,1.0,6,91471,M,,,91
201400038761,14,5,19,1840,1,2,1,1.0,3,91477,M,,,91