Num_Acc,an,mois,jour,hrmn,lum,agg,int,atm,col,com,gps,lat,long,dep
201400038762,14,5,24,2350,3,1,1,2.0,6,91692,M,,,91
201400038763,14,6,16,1755,1,2,1,1.0,6,91064,M,,,91
201400038764,14,6,17,1645,1,2,1,1.0,6,91471,M,,,91
201400038765,14,6,19,444,5,2,3,1.0,3,91692,M,,,91
201400038766,14,7,6,1800,1,2,2,1.0,3,91122,M,,,91
201400038767,14,8,20,1445,1,2,3,1.0,3,91064,M,,,91
201400038768,14,3,7,1210,1,2,1,1.0,6,91692,M,,,91
201400038769,14,4,11,1025,1,1,1,1.0,2,91477,M,,,91
201400038770,14,6,26,1430,1,1,1,1.0,2,91477,M,,,91
201400038771,14,6,8,2030,1,2,1,1.0,6,91692,M,,,91
201400038772,14,7,8,1540,1,2,6,1.0,1,91692,M,,,91
201400038773,14,5,24,1100,1,2,1,1.0,2,91692,M,,,91
201400038774,14,3,19,710,1,2,1,1.0,1,91471,M,,,91
201400038775,14,8,25,1350,1,2,1,2.0,7,91471,M,,,91
201400038776,14,9,11,840,1,1,1,1.0,2,91477,M,,,91
201400038777,14,8,1,840,1,2,6,1.0,3,91477,M,,,91
201400038778,14,3,29,820,1,2,1,1.0,3,91645,M,,,91
201400038779,14,5,15,905,1,2,3,1.0,6,91477,M,,,91
201400038780,14,9,30,2330,5,2,2,1.0,3,91471,M,,,91
201400038781,14,9,30,915,1,2,1,1.0,3,91645,M,,,91
201400038782,14,5,16,2035,1,2,3,1.0,3,91122,M,,,91
201400038783,14,10,2,1200,1,2,1,1.0,3,91471,M,,,91
201400038784,14,3,30,1600,1,1,6,1.0,3,91692,M,,,91
201400038785,14,6,11,1900,1,2,1,1.0,2,91692,M,,,91
201400038786,14,5,31,1540,1,2,1,1.0,3,91471,M,,,91
201400038787,14,10,7,1825,1,2,1,2.0,6,91064,M,,,91
201400038788,14,10,14,1400,1,2,2,1.0,3,91477,M,,,91
201400038789,14,10,13,1315,1,2,6,1.0,2,91692,M,,,91
201400038790,14,10,16,750,2,2,2,2.0,3,91477,M,,,91
201400038791,14,10,23,1500,1,2,1,1.0,6,91477,M,,,91
201400038792,14,10,26,1740,5,2,1,1.0,1,91471,M,,,91
201400038793,14,10,31,1600,1,2,2,1.0,1,91692,M,,,91
201400038794,14,11,5,1800,5,2,3,1.0,4,91645,M,,,91
201400038795,14,11,12,1225,1,2,1,1.0,6,91645,M,,,91
201400038796,14,11,14,2215,4,2,1,1.0,6,91477,M,,,91
201400038797,14,11,4,1315,1,1,9,1.0,2,91064,M,,,91
201400038798,14,11,21,1735,5,2,1,1.0,6,91645,M,,,91
201400038799,14,11,16,940,1,2,3,2.0,3,91312,M,,,91
201400038800,14,11,29,120,5,2,1,1.0,6,91477,M,,,91
201400038801,14,8,19,1250,1,2,1,1.0,6,91471,M,,,91
201400038802,14,9,12,850,1,2,1,1.0,6,91692,M,,,91
201400038803,14,9,17,1830,1,2,1,1.0,3,91692,M,,,91
201400038804,14,12,3,945,1,2,1,2.0,6,91064,M,,,91
201400038805,14,12,4,910,1,2,1,8.0,6,91477,M,,,91
201400038806,14,12,15,1920,5,2,1,2.0,6,91312,M,,,91
201400038807,14,12,19,1340,1,2,1,8.0,6,91477,M,,,91
201400038808,14,12,23,1515,1,2,1,8.0,3,91471,M,,,91
201400038809,14,12,31,2045,5,1,1,1.0,3,91692,M,,,91
201400038810,14,11,4,810,1,2,1,1.0,6,91692,M,,,91
201400038811,14,12,13,1515,1,2,1,1.0,6,91471,M,,,91
201400038812,14,12,14,1605,1,2,2,1.0,6,91312,M,,,91
201400038813,14,1,7,950,1,2,1,1.0,6,91549,M,,,91
201400038814,14,1,15,700,5,2,1,2.0,6,91570,M,,,91
201400038815,14,1,17,1145,1,2,1,7.0,6,91549,M,,,91
201400038816,14,1,30,2100,5,2,1,1.0,3,91216,M,,,91
201400038817,14,2,11,820,1,2,1,1.0,6,91570,M,,,91
201400038818,14,3,5,1120,1,2,1,1.0,6,91549,M,,,91
201400038819,14,3,27,820,1,2,6,1.0,3,91549,M,,,91
201400038820,14,5,3,1630,1,2,1,1.0,1,91549,M,,,91
201400038821,14,5,18,1235,1,2,1,1.0,6,91549,M,,,91
201400038822,14,5,21,840,1,2,1,2.0,6,91549,M,,,91
201400038823,14,6,21,2030,1,2,2,1.0,3,91549,M,,,91
201400038824,14,6,22,725,1,2,3,1.0,3,91570,M,,,91
201400038825,14,7,3,2030,1,2,2,1.0,3,91549,M,,,91
201400038826,14,7,4,1920,1,2,1,1.0,6,91549,M,,,91
201400038827,14,7,18,1825,1,2,2,1.0,3,91549,M,,,91
201400038828,14,8,15,1415,1,2,1,1.0,6,91216,M,,,91
201400038829,14,9,1,830,1,2,3,1.0,3,91216,M,,,91
201400038830,14,9,9,820,1,1,1,1.0,6,91549,M,,,91
201400038831,14,9,16,1540,1,2,3,7.0,1,91549,M,,,91
201400038832,14,9,22,810,1,2,1,1.0,6,91549,M,,,91
201400038833,14,9,27,1750,1,2,1,1.0,3,91549,M,,,91
201400038834,14,10,2,1255,1,2,1,1.0,3,91549,M,,,91
201400038835,14,10,2,920,1,2,3,1.0,3,91549,M,,,91
201400038836,14,10,7,635,2,2,1,3.0,3,91216,M,,,91
201400038837,14,10,15,620,5,2,1,1.0,3,91216,M,,,91
201400038838,14,10,16,715,5,2,1,2.0,6,91549,M,,,91
201400038839,14,10,17,950,1,2,6,2.0,3,91549,M,,,91
201400038840,14,10,18,2000,5,2,1,1.0,6,91549,M,,,91
201400038841,14,11,6,1745,5,2,1,1.0,1,91549,M,,,91
201400038842,14,11,12,1625,1,2,1,1.0,1,91549,M,,,91
201400038843,14,12,6,1400,1,2,1,1.0,3,91549,M,,,91
201400038844,14,12,15,825,1,2,3,2.0,6,91667,M,,,91
201400038845,14,12,16,1610,1,2,1,1.0,6,91549,M,,,91
201400038846,14,1,8,1100,1,2,3,1.0,2,91589,M,,,91
201400038847,14,12,30,1025,1,2,1,9.0,6,91589,M,,,91
201400038848,14,1,15,1625,1,2,1,1.0,2,91432,M,,,91
201400038849,14,12,30,1550,1,2,6,1.0,3,91432,M,,,91
201400038850,14,1,9,759,2,2,1,1.0,3,91589,M,,,91
201400038851,14,1,12,2035,5,2,2,1.0,3,91589,M,,,91
201400038852,14,1,9,820,2,2,1,1.0,6,91589,M,,,91
201400038853,14,1,25,1920,5,2,1,1.0,3,91589,M,,,91
201400038854,14,2,15,2240,3,2,1,1.0,2,91589,M,,,91
201400038855,14,3,8,1625,1,2,1,1.0,2,91589,M,,,91
201400038856,14,3,14,2030,2,2,1,1.0,6,91589,M,,,91
201400038857,14,3,25,728,2,2,3,1.0,3,91432,M,,,91
201400038858,14,3,21,245,3,1,1,1.0,6,91432,M,,,91
201400038859,14,3,28,840,1,2,1,1.0,6,91589,M,,,91
201400038860,14,3,3,2110,5,2,2,1.0,3,91589,M,,,91
201400038861,14,3,4,740,2,2,1,1.0,1,91589,M,,,91
201400038862,14,4,13,1755,1,2,1,1.0,6,91432,M,,,91
201400038863,14,4,19,1330,1,2,2,1.0,3,91432,M,,,91
201400038864,14,4,29,925,1,2,1,1.0,6,91589,M,,,91
201400038865,14,4,29,935,1,2,3,1.0,3,91589,M,,,91
201400038866,14,5,7,1930,1,2,1,1.0,3,91589,M,,,91
201400038867,14,3,23,2240,5,2,2,1.0,3,91589,M,,,91
201400038868,14,5,7,1220,1,2,1,1.0,2,91589,M,,,91
201400038869,14,5,14,2030,1,2,2,1.0,3,91589,M,,,91
201400038870,14,6,10,2330,5,2,1,1.0,3,91589,M,,,91
201400038871,14,7,3,1840,1,2,1,1.0,6,91432,M,,,91
201400038872,14,5,19,1725,1,2,3,1.0,3,91589,M,,,91
201400038873,14,5,24,1145,1,2,2,1.0,3,91589,M,,,91
201400038874,14,6,4,800,1,2,3,1.0,6,91589,M,,,91
201400038875,14,7,18,1425,1,2,2,1.0,3,91432,M,,,91
201400038876,14,7,1,1800,1,2,1,1.0,2,91589,M,,,91
201400038877,14,7,1,1635,1,2,1,1.0,3,91589,M,,,91
201400038878,14,7,20,415,5,2,1,2.0,6,91432,M,,,91
201400038879,14,7,28,2110,2,1,1,3.0,6,91432,M,,,91
201400038880,14,6,18,1700,1,2,1,1.0,6,91589,M,,,91
201400038881,14,8,5,715,1,2,1,1.0,3,91432,M,,,91
201400038882,14,9,22,803,1,2,2,1.0,6,91589,M,,,91
201400038883,14,9,4,2020,1,2,2,1.0,1,91589,M,,,91
201400038884,14,9,5,1610,1,2,1,1.0,5,91589,M,,,91
201400038885,14,10,29,2205,5,2,2,1.0,3,91432,M,,,91
201400038886,14,9,23,950,1,2,3,1.0,3,91589,M,,,91
201400038887,14,9,26,1900,5,2,1,1.0,3,91432,M,,,91
201400038888,14,10,10,810,2,2,1,1.0,6,91432,M,,,91
201400038889,14,10,11,2345,5,2,2,1.0,1,91589,M,,,91
201400038890,14,10,12,1950,2,2,1,1.0,7,91589,M,,,91
201400038891,14,10,16,1513,1,2,1,1.0,6,91589,M,,,91
201400038892,14,12,2,1350,1,2,1,1.0,6,91589,M,,,91
201400038893,14,12,10,1830,2,2,1,2.0,2,91589,M,,,91
201400038894,14,12,15,2150,3,1,1,2.0,6,91689,M,,,91
201400038895,14,11,9,1605,2,2,2,1.0,2,91589,M,,,91
201400038896,14,11,15,1250,1,2,3,1.0,2,91589,M,,,91
201400038897,14,11,18,1745,5,2,2,1.0,6,91432,M,,,91
201400038898,14,12,3,850,1,2,2,2.0,3,91432,M,,,91
201400038899,14,12,4,1420,1,2,6,1.0,3,91432,M,,,91
201400038900,14,12,13,1050,1,1,1,8.0,6,91161,M,,,91
201400038901,14,12,12,800,5,2,1,1.0,6,91432,M,,,91
201400038902,14,12,26,1332,1,2,3,8.0,3,91589,M,,,91
201400038903,14,12,5,1625,2,2,1,1.0,3,91432,M,,,91
201400038904,14,12,17,855,2,2,2,8.0,3,91589,M,,,91
201400038905,14,12,28,555,2,2,1,1.0,6,91589,M,,,91
201400038906,14,1,7,2030,1,2,1,1.0,3,92002,M,,,92
201400038907,14,1,26,1940,5,2,3,3.0,6,92002,M,,,92
201400038908,14,1,31,1005,1,2,1,1.0,6,92014,M,,,92
201400038909,14,2,10,1640,1,2,1,1.0,6,92002,M,,,92
201400038910,14,2,11,2240,5,2,3,2.0,3,92002,M,,,92
201400038911,14,2,26,2335,5,2,6,1.0,3,92002,M,,,92
201400038912,14,3,22,1613,1,2,2,7.0,6,92002,M,,,92
201400038913,14,3,26,1400,1,2,3,1.0,6,92002,M,,,92
201400038914,14,4,11,1420,1,2,1,1.0,6,92014,M,,,92
201400038915,14,4,14,1407,1,2,2,1.0,3,92002,M,,,92
201400038916,14,4,19,1840,1,2,4,1.0,3,92002,M,,,92
201400038917,14,5,10,1300,1,2,1,1.0,3,92002,M,,,92
201400038918,14,6,5,1915,1,2,1,1.0,2,92014,M,,,92
201400038919,14,6,14,1145,1,2,2,1.0,3,92002,M,,,92
201400038920,14,6,24,1037,1,2,2,1.0,3,92014,M,,,92
201400038921,14,6,26,850,1,2,1,1.0,3,92002,M,,,92
201400038922,14,6,29,1750,1,2,3,8.0,3,92002,M,,,92
201400038923,14,7,4,1519,1,2,2,1.0,6,92002,M,,,92
201400038924,14,8,27,1115,1,2,3,1.0,7,92002,M,,,92
201400038925,14,9,10,1010,1,2,1,1.0,6,92014,M,,,92
201400038926,14,9,15,1730,1,2,1,1.0,6,92002,M,,,92
201400038927,14,9,26,2045,5,2,1,1.0,2,92014,M,,,92
201400038928,14,10,14,945,1,2,1,7.0,6,92002,M,,,92
201400038929,14,10,22,2315,5,2,1,1.0,2,92014,M,,,92
201400038930,14,10,23,1135,1,2,1,1.0,6,92002,M,,,92
201400038931,14,10,23,2120,5,2,1,1.0,3,92002,M,,,92
201400038932,14,10,27,1930,5,2,1,1.0,2,92014,M,,,92
201400038933,14,10,31,610,5,2,3,1.0,3,92014,M,,,92
201400038934,14,11,2,2200,5,2,2,2.0,1,92002,M,,,92
201400038935,14,11,9,45,5,2,2,1.0,3,92002,M,,,92
201400038936,14,11,14,2245,5,2,1,2.0,6,92002,M,,,92
201400038937,14,11,18,1320,1,2,1,1.0,6,92002,M,,,92
201400038938,14,11,28,1328,1,2,1,1.0,6,92002,M,,,92
201400038939,14,12,4,1945,5,2,3,1.0,6,92002,M,,,92
201400038940,14,12,7,1625,1,2,3,2.0,6,92014,M,,,92
201400038941,14,12,7,1720,5,2,1,2.0,6,92002,M,,,92
201400038942,14,12,12,809,2,2,2,3.0,6,92002,M,,,92
201400038943,14,12,17,1250,1,2,1,2.0,6,92014,M,,,92
201400038944,14,12,21,1800,5,2,1,1.0,6,92002,M,,,92
201400038945,14,1,1,1938,5,2,3,2.0,6,92009,M,,,92
201400038946,14,1,3,2000,5,2,1,1.0,2,92004,M,,,92
201400038947,14,1,5,1610,1,2,1,1.0,6,92004,M,,,92
201400038948,14,1,5,2315,5,2,2,2.0,3,92004,M,,,92
201400038949,14,1,7,1430,1,2,1,1.0,2,92004,M,,,92
201400038950,14,1,9,910,1,2,1,1.0,6,92004,M,,,92
201400038951,14,1,9,1340,1,2,1,2.0,7,92004,M,,,92
201400038952,14,1,15,1635,1,2,2,2.0,3,92009,M,,,92
201400038953,14,1,15,1945,5,1,1,1.0,6,92004,M,,,92
201400038954,14,1,20,824,1,2,2,1.0,3,92004,M,,,92
201400038955,14,1,20,920,1,2,1,1.0,3,92004,M,,,92
201400038956,14,1,19,2045,2,2,1,1.0,6,92004,M,,,92
201400038957,14,1,21,1220,1,2,1,1.0,6,92004,M,,,92
201400038958,14,1,22,1000,1,2,2,2.0,3,92004,M,,,92
201400038959,14,1,22,1905,5,2,1,2.0,6,92004,M,,,92
201400038960,14,1,23,1815,1,2,1,2.0,1,92009,M,,,92
201400038961,14,1,27,1650,1,2,1,2.0,6,92009,M,,,92
201400038962,14,2,5,1930,5,2,1,2.0,6,92004,M,,,92
201400038963,14,2,6,1820,5,2,1,2.0,6,92009,M,,,92
201400038964,14,2,7,810,4,2,1,1.0,7,92004,M,,,92
201400038965,14,2,7,2210,1,2,1,1.0,6,92004,M,,,92
201400038966,14,2,9,550,5,2,1,1.0,6,92004,M,,,92
201400038967,14,2,10,1647,1,2,1,1.0,6,92004,M,,,92
201400038968,14,2,11,1730,1,2,2,2.0,6,92009,M,,,92
201400038969,14,2,11,1725,1,2,1,2.0,3,92004,M,,,92
201400038970,14,2,12,745,2,2,1,1.0,2,92004,M,,,92
201400038971,14,2,12,1340,1,2,1,1.0,6,92004,M,,,92
201400038972,14,2,13,2300,5,2,1,1.0,3,92004,M,,,92
201400038973,14,2,14,1730,1,2,1,1.0,6,92004,M,,,92
201400038974,14,2,16,2310,5,2,3,1.0,2,92004,M,,,92
201400038975,14,2,19,1810,3,2,1,1.0,6,92004,M,,,92
201400038976,14,2,20,1050,1,2,1,2.0,6,92004,M,,,92
201400038977,14,2,26,1715,1,2,3,1.0,6,92004,M,,,92
201400038978,14,3,5,1000,1,2,1,2.0,2,92004,M,,,92
201400038979,14,3,6,1545,1,2,3,1.0,3,92004,M,,,92
201400038980,14,3,6,1845,5,2,1,1.0,7,92004,M,,,92
201400038981,14,3,9,1025,1,2,2,1.0,3,92009,M,,,92
201400038982,14,3,11,735,1,2,3,1.0,6,92004,M,,,92
201400038983,14,3,12,830,1,2,1,1.0,3,92004,M,,,92
201400038984,14,3,17,2210,5,2,3,1.0,3,92004,M,,,92
201400038985,14,3,18,1200,1,2,1,1.0,5,92004,M,,,92
201400038986,14,3,19,750,1,2,1,1.0,6,92004,M,,,92
201400038987,14,3,20,1820,1,2,1,1.0,3,92004,M,,,92
201400038988,14,3,21,850,1,2,2,2.0,6,92004,M,,,92
201400038989,14,3,28,1700,1,2,1,1.0,6,92004,M,,,92
201400038990,14,3,28,1825,1,2,1,1.0,6,92009,M,,,92
201400038991,14,3,30,345,5,2,1,1.0,1,92004,M,,,92
201400038992,14,4,6,855,1,2,2,1.0,3,92004,M,,,92
201400038993,14,4,9,800,1,2,1,1.0,6,92009,M,,,92
201400038994,14,4,9,1300,1,2,1,1.0,3,92004,M,,,92
201400038995,14,4,9,1815,1,2,2,1.0,3,92004,M,,,92
201400038996,14,4,11,1535,1,2,1,1.0,2,92004,M,,,92
201400038997,14,4,15,1855,1,2,1,1.0,2,92004,M,,,92
201400038998,14,4,19,1648,1,2,2,2.0,3,92009,M,,,92
201400038999,14,4,21,600,5,2,1,2.0,3,92004,M,,,92
201400039000,14,4,26,1955,1,2,2,1.0,3,92009,M,,,92
201400039001,14,4,27,100,5,2,3,1.0,3,92004,M,,,92
201400039002,14,4,29,945,1,2,1,1.0,6,92004,M,,,92
201400039003,14,4,30,800,1,2,3,1.0,2,92004,M,,,92
201400039004,14,4,30,2125,5,2,1,1.0,2,92004,M,,,92
201400039005,14,5,5,1830,1,2,2,1.0,6,92004,M,,,92
201400039006,14,5,7,730,1,2,1,1.0,1,92004,M,,,92
201400039007,14,5,7,900,1,2,1,2.0,2,92009,M,,,92
201400039008,14,5,12,2105,2,2,2,3.0,7,92004,M,,,92
201400039009,14,5,11,620,5,2,1,1.0,7,92004,M,,,92
201400039010,14,5,17,1350,1,2,1,1.0,2,92004,M,,,92
201400039011,14,5,17,1815,1,2,1,1.0,3,92009,M,,,92
201400039012,14,5,21,1935,1,2,1,2.0,6,92004,M,,,92
201400039013,14,5,21,1940,3,2,1,2.0,2,92004,M,,,92
201400039014,14,5,20,2015,1,2,2,2.0,3,92004,M,,,92
201400039015,14,5,23,1545,1,2,1,1.0,6,92004,M,,,92
201400039016,14,5,23,1755,1,2,1,1.0,6,92004,M,,,92
201400039017,14,5,28,1720,1,2,1,1.0,2,92004,M,,,92
201400039018,14,6,2,1100,1,2,1,1.0,7,92004,M,,,92
201400039019,14,6,2,1530,1,2,1,1.0,6,92004,M,,,92
201400039020,14,6,2,1700,1,2,1,1.0,6,92004,M,,,92
201400039021,14,6,2,1910,1,2,3,1.0,6,92004,M,,,92
201400039022,14,6,4,1450,1,2,1,2.0,6,92004,M,,,92
201400039023,14,6,7,2130,1,2,2,1.0,6,92004,M,,,92
201400039024,14,6,9,2215,3,2,2,2.0,3,92009,M,,,92
201400039025,14,6,12,1050,1,2,1,1.0,7,92004,M,,,92
201400039026,14,6,12,1630,1,2,1,1.0,6,92004,M,,,92
201400039027,14,6,15,1915,1,2,3,1.0,6,92004,M,,,92
201400039028,14,6,17,727,1,2,2,1.0,3,92004,M,,,92
201400039029,14,6,17,1915,1,2,2,1.0,3,92004,M,,,92
201400039030,14,6,18,1350,1,2,1,1.0,6,92004,M,,,92
201400039031,14,6,19,2100,1,2,2,1.0,3,92004,M,,,92
201400039032,14,6,21,1510,1,2,1,1.0,6,92004,M,,,92
201400039033,14,6,22,210,5,2,1,1.0,2,92004,M,,,92
201400039034,14,6,23,834,1,2,2,1.0,3,92009,M,,,92
201400039035,14,6,23,915,1,2,1,1.0,2,92004,M,,,92
201400039036,14,6,25,1820,1,2,1,1.0,1,92004,M,,,92
201400039037,14,6,26,1815,1,2,1,1.0,6,92009,M,,,92
201400039038,14,7,2,1845,1,2,3,1.0,2,92004,M,,,92
201400039039,14,7,3,825,1,2,2,1.0,6,92004,M,,,92
201400039040,14,7,4,1500,1,2,1,1.0,7,92009,M,,,92
201400039041,14,7,6,2007,1,2,1,1.0,6,92004,M,,,92
201400039042,14,7,11,2040,1,2,9,1.0,6,92004,M,,,92
201400039043,14,7,13,1015,1,2,3,1.0,6,92004,M,,,92
201400039044,14,7,18,900,1,2,1,1.0,4,92004,M,,,92
201400039045,14,7,19,1830,1,2,1,1.0,7,92004,M,,,92
201400039046,14,7,21,1310,1,2,1,1.0,6,92004,M,,,92
201400039047,14,7,22,730,1,2,2,1.0,3,92004,M,,,92
201400039048,14,7,24,1710,1,2,2,1.0,3,92004,M,,,92
201400039049,14,7,24,1810,1,2,1,1.0,6,92004,M,,,92
201400039050,14,7,25,1005,1,2,1,1.0,3,92004,M,,,92
201400039051,14,7,30,950,1,2,3,1.0,1,92004,M,,,92
201400039052,14,8,3,1920,1,2,3,1.0,3,92004,M,,,92
201400039053,14,8,4,914,1,2,2,2.0,3,92004,M,,,92
201400039054,14,8,5,1540,1,2,2,1.0,3,92004,M,,,92
201400039055,14,8,7,1945,1,2,1,1.0,2,92004,M,,,92
201400039056,14,8,9,1410,1,2,1,1.0,7,92004,M,,,92
201400039057,14,8,14,2050,5,2,1,2.0,3,92004,M,,,92
201400039058,14,8,20,1730,1,2,1,1.0,2,92004,M,,,92
201400039059,14,8,22,540,3,2,1,1.0,2,92004,M,,,92
201400039060,14,8,25,1415,1,2,2,3.0,3,92009,M,,,92
201400039061,14,9,3,1300,1,2,1,1.0,6,92004,M,,,92
201400039062,14,9,3,2245,5,2,1,1.0,1,92004,M,,,92
201400039063,14,9,5,2050,2,2,1,1.0,7,92004,M,,,92
201400039064,14,9,8,945,1,2,3,1.0,2,92004,M,,,92
201400039065,14,9,12,630,2,2,4,1.0,2,92004,M,,,92
201400039066,14,9,12,1510,1,2,3,1.0,3,92004,M,,,92
201400039067,14,9,16,1440,1,2,2,1.0,6,92004,M,,,92
201400039068,14,9,19,1215,1,2,1,1.0,3,92004,M,,,92
201400039069,14,9,20,2300,5,2,1,1.0,6,92004,M,,,92
201400039070,14,9,24,2130,5,2,4,2.0,3,92004,M,,,92
201400039071,14,9,25,941,1,2,2,1.0,3,92004,M,,,92
201400039072,14,10,3,850,1,2,1,1.0,6,92004,M,,,92
201400039073,14,10,3,900,1,2,1,1.0,6,92004,M,,,92
201400039074,14,10,3,930,1,2,1,1.0,2,92004,M,,,92
201400039075,14,10,6,1220,1,2,2,1.0,6,92009,M,,,92
201400039076,14,10,7,1000,1,2,1,2.0,2,92004,M,,,92
201400039077,14,10,8,1055,1,2,2,2.0,3,92004,M,,,92
201400039078,14,10,8,1230,1,2,1,2.0,3,92004,M,,,92
201400039079,14,10,8,1650,1,2,1,1.0,6,92004,M,,,92
201400039080,14,10,11,1030,1,2,4,1.0,3,92004,M,,,92
201400039081,14,10,11,1550,1,2,1,1.0,3,92004,M,,,92
201400039082,14,10,16,2250,5,2,1,2.0,6,92004,M,,,92
201400039083,14,10,19,1750,1,2,1,1.0,7,92004,M,,,92
201400039084,14,10,23,930,1,2,1,1.0,6,92004,M,,,92
201400039085,14,10,23,1820,1,2,1,1.0,3,92004,M,,,92
201400039086,14,10,24,2045,5,2,1,1.0,6,92004,M,,,92
201400039087,14,10,25,602,5,2,1,1.0,2,92004,M,,,92
201400039088,14,10,30,635,5,2,1,1.0,7,92004,M,,,92
201400039089,14,11,3,2235,5,2,1,2.0,2,92004,M,,,92
201400039090,14,11,4,2015,5,2,1,1.0,3,92004,M,,,92
201400039091,14,11,12,1730,5,2,2,1.0,3,92004,M,,,92
201400039092,14,11,19,955,1,2,1,2.0,7,92004,M,,,92
201400039093,14,11,23,1840,5,2,2,1.0,3,92004,M,,,92
201400039094,14,11,25,1615,1,2,2,1.0,6,92004,M,,,92
201400039095,14,11,26,2140,5,2,3,1.0,3,92004,M,,,92
201400039096,14,11,26,2150,5,2,3,1.0,3,92009,M,,,92
201400039097,14,11,27,955,1,2,2,1.0,3,92004,M,,,92
201400039098,14,11,28,1500,1,2,2,1.0,3,92004,M,,,92
201400039099,14,12,1,835,1,2,1,1.0,3,92004,M,,,92
201400039100,14,12,1,1350,1,2,3,1.0,3,92004,M,,,92
201400039101,14,12,3,1825,5,2,2,1.0,6,92009,M,,,92
201400039102,14,12,6,1450,1,2,1,1.0,6,92004,M,,,92
201400039103,14,12,9,1145,1,2,1,1.0,7,92004,M,,,92
201400039104,14,12,12,1915,5,2,2,1.0,3,92009,M,,,92
201400039105,14,12,12,845,1,2,1,2.0,1,92004,M,,,92
201400039106,14,12,12,1100,1,2,1,1.0,6,92004,M,,,92
201400039107,14,12,12,1500,1,2,1,2.0,7,92004,M,,,92
201400039108,14,12,16,755,5,2,1,2.0,6,92009,M,,,92
201400039109,14,12,19,1845,5,2,1,1.0,6,92004,M,,,92
201400039110,14,12,21,1805,5,2,1,1.0,3,92004,M,,,92
201400039111,14,12,23,1915,5,2,2,1.0,3,92004,M,,,92
201400039112,14,12,26,1100,1,2,2,2.0,3,92004,M,,,92
201400039113,14,12,27,2035,5,2,1,2.0,6,92004,M,,,92
201400039114,14,1,4,1535,1,2,1,1.0,2,92007,M,,,92
201400039115,14,1,10,1550,1,2,1,1.0,2,92007,M,,,92
201400039116,14,2,4,1840,2,2,1,1.0,3,92007,M,,,92
201400039117,14,2,5,2100,5,2,3,1.0,3,92007,M,,,92
201400039118,14,2,15,30,5,2,1,1.0,6,92007,M,,,92
201400039119,14,2,26,2030,5,2,2,1.0,1,92007,M,,,92
201400039120,14,3,3,1135,1,2,3,1.0,3,92007,M,,,92
201400039121,14,3,20,1200,1,2,1,1.0,3,92007,M,,,92
201400039122,14,3,22,1740,1,2,2,1.0,3,92007,M,,,92
201400039123,14,3,23,1415,1,2,2,1.0,3,92007,M,,,92
201400039124,14,3,23,1850,2,2,3,1.0,2,92007,M,,,92
201400039125,14,4,1,2025,1,2,3,1.0,3,92007,M,,,92
201400039126,14,4,11,1810,1,2,2,1.0,6,92007,M,,,92
201400039127,14,4,10,1820,1,2,1,1.0,6,92007,M,,,92
201400039128,14,4,12,655,2,2,2,1.0,3,92007,M,,,92
201400039129,14,4,13,1305,1,2,2,1.0,3,92007,M,,,92
201400039130,14,4,15,2040,1,2,1,1.0,3,92007,M,,,92
201400039131,14,4,30,5,5,2,1,2.0,7,92007,M,,,92
201400039132,14,5,8,1530,1,2,1,3.0,6,92007,M,,,92
201400039133,14,6,2,1630,1,2,4,1.0,7,92007,M,,,92
201400039134,14,6,10,1900,1,2,3,1.0,3,92007,M,,,92
201400039135,14,6,11,1845,1,2,2,7.0,3,92007,M,,,92
201400039136,14,6,13,1320,1,2,3,1.0,3,92007,M,,,92
201400039137,14,6,19,1350,1,2,1,1.0,6,92007,M,,,92
201400039138,14,6,21,2140,2,2,1,1.0,6,92007,M,,,92
201400039139,14,7,6,2135,1,2,4,1.0,3,92007,M,,,92
201400039140,14,7,15,945,1,2,2,1.0,3,92007,M,,,92
201400039141,14,7,18,1600,1,2,1,1.0,6,92007,M,,,92
201400039142,14,8,13,1300,1,2,2,1.0,3,92007,M,,,92
201400039143,14,9,6,1105,1,2,6,1.0,6,92007,M,,,92
201400039144,14,9,12,1000,1,2,1,1.0,6,92007,M,,,92
201400039145,14,9,13,1750,1,2,2,1.0,2,92007,M,,,92
201400039146,14,9,16,1645,1,2,4,1.0,3,92007,M,,,92
201400039147,14,9,17,1730,1,2,2,1.0,3,92007,M,,,92
201400039148,14,9,27,2045,3,2,2,1.0,6,92007,M,,,92
201400039149,14,10,1,1915,2,2,2,1.0,3,92007,M,,,92
201400039150,14,10,3,1630,1,2,2,1.0,3,92007,M,,,92
201400039151,14,10,5,1215,1,2,1,8.0,3,92007,M,,,92
201400039152,14,10,10,1620,1,2,3,1.0,3,92007,M,,,92
201400039153,14,10,13,1625,1,2,1,1.0,3,92007,M,,,92
201400039154,14,11,3,845,1,2,3,1.0,5,92007,M,,,92
201400039155,14,11,22,2010,3,2,1,1.0,6,92007,M,,,92
201400039156,14,11,25,1420,1,2,1,8.0,2,92007,M,,,92
201400039157,14,1,2,1720,2,2,2,1.0,6,92012,M,,,92
201400039158,14,1,3,1845,2,2,1,1.0,6,92012,M,,,92
201400039159,14,1,8,2015,5,2,2,2.0,3,92012,M,,,92
201400039160,14,1,8,1000,1,2,1,1.0,6,92012,M,,,92
201400039161,14,1,11,1715,2,2,2,1.0,6,92012,M,,,92
201400039162,14,1,18,1920,5,2,2,1.0,6,92012,M,,,92
201400039163,14,1,20,1350,1,2,2,2.0,6,92012,M,,,92
201400039164,14,1,22,1000,1,2,1,1.0,4,92012,M,,,92
201400039165,14,1,22,1910,5,2,2,3.0,6,92012,M,,,92
201400039166,14,1,23,915,1,2,2,1.0,6,92012,M,,,92
201400039167,14,1,29,1005,1,2,1,2.0,3,92012,M,,,92
201400039168,14,2,1,1140,1,2,1,8.0,6,92012,M,,,92