Num_Acc,an,mois,jour,hrmn,lum,agg,int,atm,col,com,gps,lat,long,dep
201400039169,14,2,1,1335,1,2,3,1.0,6,92012,M,,,92
201400039170,14,2,3,2018,2,2,2,1.0,3,92012,M,,,92
201400039171,14,2,5,1410,1,2,1,2.0,2,92012,M,,,92
201400039172,14,2,6,825,1,2,1,1.0,3,92012,M,,,92
201400039173,14,2,6,1710,1,2,2,1.0,3,92012,M,,,92
201400039174,14,2,8,2010,5,2,2,1.0,3,92012,M,,,92
201400039175,14,2,10,1615,1,2,1,1.0,3,92012,M,,,92
201400039176,14,2,12,1725,2,2,1,2.0,6,92012,M,,,92
201400039177,14,2,14,1415,1,2,1,1.0,7,92012,M,,,92
201400039178,14,2,19,1805,2,2,2,1.0,3,92012,M,,,92
201400039179,14,2,20,1209,1,2,1,1.0,6,92012,M,,,92
201400039180,14,2,26,1800,1,2,2,1.0,3,92012,M,,,92
201400039181,14,2,27,1430,1,2,1,2.0,7,92012,M,,,92
201400039182,14,2,27,1930,5,2,1,2.0,6,92012,M,,,92
201400039183,14,2,27,1920,5,2,1,2.0,6,92012,M,,,92
201400039184,14,3,1,1905,2,2,3,1.0,6,92012,M,,,92
201400039185,14,3,2,945,1,2,2,1.0,6,92012,M,,,92
201400039186,14,3,3,1045,1,2,1,1.0,7,92012,M,,,92
201400039187,14,3,4,955,1,2,2,1.0,2,92012,M,,,92
201400039188,14,3,6,850,1,2,1,7.0,2,92012,M,,,92
201400039189,14,3,7,1330,1,2,2,1.0,6,92012,M,,,92
201400039190,14,3,8,1835,2,2,1,1.0,6,92012,M,,,92
201400039191,14,3,10,1730,1,2,1,1.0,3,92012,M,,,92
201400039192,14,3,11,1035,1,2,3,1.0,6,92012,M,,,92
201400039193,14,3,13,1345,1,2,1,1.0,3,92012,M,,,92
201400039194,14,3,15,1525,1,2,1,1.0,2,92012,M,,,92
201400039195,14,3,20,1355,1,2,3,1.0,3,92012,M,,,92
201400039196,14,3,25,1715,1,2,1,2.0,7,92012,M,,,92
201400039197,14,3,27,1350,1,2,1,1.0,5,92012,M,,,92
201400039198,14,3,28,2015,5,2,6,1.0,6,92012,M,,,92
201400039199,14,3,30,2213,3,2,1,1.0,3,92012,M,,,92
201400039200,14,3,31,855,1,2,7,1.0,6,92012,M,,,92
201400039201,14,3,31,1020,1,2,1,1.0,3,92012,M,,,92
201400039202,14,3,31,1300,1,2,1,1.0,6,92012,M,,,92
201400039203,14,4,1,1620,1,2,1,1.0,3,92012,M,,,92
201400039204,14,4,3,1130,1,2,1,1.0,2,92012,M,,,92
201400039205,14,4,6,900,1,2,2,1.0,7,92012,M,,,92
201400039206,14,4,8,1343,1,2,2,1.0,3,92012,M,,,92
201400039207,14,4,11,335,5,2,1,1.0,3,92012,M,,,92
201400039208,14,4,11,2046,5,2,1,1.0,7,92012,M,,,92
201400039209,14,4,15,925,1,2,1,1.0,3,92012,M,,,92
201400039210,14,4,18,1340,1,2,1,1.0,3,92012,M,,,92
201400039211,14,4,22,1145,1,2,1,1.0,6,92012,M,,,92
201400039212,14,4,23,1445,1,2,1,1.0,7,92012,M,,,92
201400039213,14,4,26,939,1,2,1,9.0,6,92012,M,,,92
201400039214,14,4,29,2015,1,2,1,2.0,7,92012,M,,,92
201400039215,14,5,2,1339,1,2,2,1.0,6,92012,M,,,92
201400039216,14,5,3,1200,1,2,1,1.0,2,92012,M,,,92
201400039217,14,5,5,1820,1,2,1,1.0,5,92012,M,,,92
201400039218,14,5,6,1415,1,2,1,1.0,3,92012,M,,,92
201400039219,14,5,6,2145,5,2,2,2.0,7,92012,M,,,92
201400039220,14,5,6,1510,1,2,1,1.0,6,92012,M,,,92
201400039221,14,4,30,1615,1,2,1,1.0,7,92012,M,,,92
201400039222,14,5,7,1820,1,2,1,1.0,3,92012,M,,,92
201400039223,14,5,9,1210,1,2,2,1.0,7,92012,M,,,92
201400039224,14,5,12,1150,1,2,4,1.0,2,92012,M,,,92
201400039225,14,5,13,1245,1,2,1,1.0,3,92012,M,,,92
201400039226,14,5,13,1705,1,2,1,2.0,6,92012,M,,,92
201400039227,14,5,14,1810,1,2,1,1.0,6,92012,M,,,92
201400039228,14,5,15,2000,5,2,2,1.0,6,92012,M,,,92
201400039229,14,5,17,1130,1,2,1,1.0,2,92012,M,,,92
201400039230,14,5,20,1545,1,2,3,1.0,3,92012,M,,,92
201400039231,14,5,21,325,5,2,1,2.0,7,92012,M,,,92
201400039232,14,5,22,1200,1,2,2,1.0,2,92012,M,,,92
201400039233,14,5,22,1950,1,2,1,1.0,2,92012,M,,,92
201400039234,14,5,25,1920,1,2,4,1.0,6,92012,M,,,92
201400039235,14,5,26,840,1,2,1,2.0,6,92012,M,,,92
201400039236,14,5,27,1415,1,2,3,1.0,6,92012,M,,,92
201400039237,14,5,28,855,1,2,1,1.0,6,92012,M,,,92
201400039238,14,5,28,1420,1,2,2,1.0,3,92012,M,,,92
201400039239,14,5,28,1520,1,2,1,8.0,6,92012,M,,,92
201400039240,14,5,31,1607,1,2,1,1.0,3,92012,M,,,92
201400039241,14,6,3,1140,1,2,1,1.0,6,92012,M,,,92
201400039242,14,6,3,2140,2,2,3,1.0,3,92012,M,,,92
201400039243,14,6,5,1545,1,2,1,1.0,7,92012,M,,,92
201400039244,14,6,6,1215,1,2,3,7.0,3,92012,M,,,92
201400039245,14,6,8,1745,1,2,1,1.0,6,92012,M,,,92
201400039246,14,6,10,830,1,2,2,8.0,3,92012,M,,,92
201400039247,14,6,13,800,1,2,1,1.0,2,92012,M,,,92
201400039248,14,6,13,1515,1,2,2,1.0,6,92012,M,,,92
201400039249,14,6,13,1655,1,2,1,1.0,2,92012,M,,,92
201400039250,14,6,14,1345,1,2,1,1.0,7,92012,M,,,92
201400039251,14,6,14,1500,1,2,1,1.0,6,92012,M,,,92
201400039252,14,6,15,1400,1,2,6,1.0,2,92012,M,,,92
201400039253,14,6,15,1805,1,2,6,1.0,3,92012,M,,,92
201400039254,14,6,17,700,1,2,3,1.0,3,92012,M,,,92
201400039255,14,6,17,1535,1,2,1,1.0,2,92012,M,,,92
201400039256,14,6,20,900,1,2,1,1.0,7,92012,M,,,92
201400039257,14,6,21,1550,1,2,6,1.0,3,92012,M,,,92
201400039258,14,6,21,1820,1,2,2,1.0,3,92012,M,,,92
201400039259,14,6,24,810,1,2,4,1.0,6,92012,M,,,92
201400039260,14,6,24,1845,1,2,1,1.0,7,92012,M,,,92
201400039261,14,6,26,2115,1,2,2,2.0,7,92012,M,,,92
201400039262,14,6,28,2300,5,2,1,3.0,6,92012,M,,,92
201400039263,14,6,30,1650,1,2,4,1.0,3,92012,M,,,92
201400039264,14,7,1,850,1,2,3,1.0,7,92012,M,,,92
201400039265,14,7,4,10,5,2,1,1.0,6,92012,M,,,92
201400039266,14,7,6,225,5,2,1,1.0,3,92012,M,,,92
201400039267,14,7,7,740,1,2,1,1.0,2,92012,M,,,92
201400039268,14,7,9,1425,1,2,2,3.0,3,92012,M,,,92
201400039269,14,7,12,1000,1,2,3,1.0,3,92012,M,,,92
201400039270,14,7,16,1840,1,2,2,1.0,3,92012,M,,,92
201400039271,14,7,16,2030,1,2,2,1.0,6,92012,M,,,92
201400039272,14,7,17,1025,1,2,1,7.0,6,92012,M,,,92
201400039273,14,7,19,1810,1,2,1,1.0,2,92012,M,,,92
201400039274,14,7,22,1350,1,2,3,1.0,6,92012,M,,,92
201400039275,14,7,23,1525,1,2,2,1.0,3,92012,M,,,92
201400039276,14,7,23,1920,1,2,9,1.0,3,92012,M,,,92
201400039277,14,7,30,2255,5,2,1,1.0,2,92012,M,,,92
201400039278,14,8,2,750,1,2,2,1.0,3,92012,M,,,92
201400039279,14,8,2,1855,1,2,1,1.0,6,92012,M,,,92
201400039280,14,8,10,1750,1,2,2,1.0,4,92012,M,,,92
201400039281,14,8,14,745,1,2,3,1.0,3,92012,M,,,92
201400039282,14,8,14,1900,1,2,1,2.0,3,92012,M,,,92
201400039283,14,8,15,1850,1,2,3,1.0,3,92012,M,,,92
201400039284,14,8,16,730,1,2,9,1.0,1,92012,M,,,92
201400039285,14,8,26,1140,1,2,2,2.0,3,92012,M,,,92
201400039286,14,8,27,1715,1,2,1,1.0,3,92012,M,,,92
201400039287,14,8,28,1440,1,2,1,1.0,3,92012,M,,,92
201400039288,14,8,30,1121,1,2,1,1.0,3,92012,M,,,92
201400039289,14,8,31,2250,5,2,2,1.0,3,92012,M,,,92
201400039290,14,9,4,915,1,2,2,1.0,3,92012,M,,,92
201400039291,14,9,6,1715,1,2,1,1.0,7,92012,M,,,92
201400039292,14,9,6,2120,5,2,1,1.0,6,92012,M,,,92
201400039293,14,9,8,1110,1,2,1,1.0,3,92012,M,,,92
201400039294,14,9,8,2050,5,2,1,1.0,2,92012,M,,,92
201400039295,14,9,9,1350,1,2,2,1.0,3,92012,M,,,92
201400039296,14,9,11,1055,1,2,1,1.0,6,92012,M,,,92
201400039297,14,9,11,1240,1,2,1,1.0,7,92012,M,,,92
201400039298,14,9,12,855,1,2,1,1.0,3,92012,M,,,92
201400039299,14,9,15,1250,1,2,2,1.0,2,92012,M,,,92
201400039300,14,9,18,1600,1,2,1,1.0,4,92012,M,,,92
201400039301,14,9,22,1600,1,2,6,1.0,2,92012,M,,,92
201400039302,14,9,23,1115,1,2,2,1.0,3,92012,M,,,92
201400039303,14,9,23,1215,1,2,1,1.0,3,92012,M,,,92
201400039304,14,9,23,1515,1,2,1,1.0,4,92012,M,,,92
201400039305,14,9,23,2135,5,2,1,1.0,2,92012,M,,,92
201400039306,14,9,27,2320,5,2,1,1.0,6,92012,M,,,92
201400039307,14,9,27,1845,1,2,2,1.0,6,92012,M,,,92
201400039308,14,9,29,920,1,2,1,2.0,6,92012,M,,,92
201400039309,14,10,3,825,1,2,1,1.0,2,92012,M,,,92
201400039310,14,10,6,815,1,2,1,1.0,1,92012,M,,,92
201400039311,14,10,7,2335,5,2,1,1.0,6,92012,M,,,92
201400039312,14,10,8,1220,1,2,1,1.0,2,92012,M,,,92
201400039313,14,10,8,1225,1,2,6,1.0,7,92012,M,,,92
201400039314,14,10,9,720,2,2,1,1.0,3,92012,M,,,92
201400039315,14,10,15,1810,1,2,1,8.0,6,92012,M,,,92
201400039316,14,9,29,920,1,2,6,2.0,6,92012,M,,,92
201400039317,14,10,17,1245,1,2,6,1.0,3,92012,M,,,92
201400039318,14,10,20,1000,1,2,1,1.0,3,92012,M,,,92
201400039319,14,10,20,2300,5,2,2,1.0,3,92012,M,,,92
201400039320,14,10,21,1745,1,2,1,1.0,2,92012,M,,,92
201400039321,14,10,22,1015,1,2,1,1.0,6,92012,M,,,92
201400039322,14,10,27,1035,1,2,2,1.0,3,92012,M,,,92
201400039323,14,10,27,1150,1,2,2,1.0,6,92012,M,,,92
201400039324,14,10,27,1410,1,2,1,1.0,3,92012,M,,,92
201400039325,14,10,28,1820,1,2,1,1.0,6,92012,M,,,92
201400039326,14,10,29,1530,1,2,2,1.0,7,92012,M,,,92
201400039327,14,10,31,1115,1,2,1,1.0,3,92012,M,,,92
201400039328,14,10,31,1225,1,2,2,1.0,3,92012,M,,,92
201400039329,14,11,1,1740,1,2,1,1.0,3,92012,M,,,92
201400039330,14,11,1,2025,5,2,3,1.0,7,92012,M,,,92
201400039331,14,11,4,1200,1,2,1,1.0,3,92012,M,,,92
201400039332,14,11,7,2030,5,2,1,1.0,7,92012,M,,,92
201400039333,14,11,14,2030,5,2,6,1.0,6,92012,M,,,92
201400039334,14,11,15,1334,1,2,1,1.0,2,92012,M,,,92
201400039335,14,11,17,58,5,2,2,1.0,3,92012,M,,,92
201400039336,14,11,17,1400,1,2,2,1.0,3,92012,M,,,92
201400039337,14,11,17,1810,5,2,1,3.0,7,92012,M,,,92
201400039338,14,11,21,1011,1,2,3,1.0,6,92012,M,,,92
201400039339,14,11,21,2135,5,2,1,1.0,3,92012,M,,,92
201400039340,14,11,22,1853,5,2,1,1.0,4,92012,M,,,92
201400039341,14,11,21,2028,5,2,1,1.0,3,92012,M,,,92
201400039342,14,11,25,1920,5,2,1,1.0,6,92012,M,,,92
201400039343,14,11,26,855,1,2,1,2.0,3,92012,M,,,92
201400039344,14,11,26,1930,5,2,1,1.0,6,92012,M,,,92
201400039345,14,11,26,1945,5,2,3,2.0,3,92012,M,,,92
201400039346,14,11,27,50,5,2,2,2.0,7,92012,M,,,92
201400039347,14,11,28,948,1,2,3,1.0,3,92012,M,,,92
201400039348,14,11,30,1705,1,2,2,1.0,3,92012,M,,,92
201400039349,14,12,5,1600,1,2,2,1.0,6,92012,M,,,92
201400039350,14,12,5,1905,5,2,1,1.0,6,92012,M,,,92
201400039351,14,12,6,750,5,2,2,1.0,3,92012,M,,,92
201400039352,14,12,9,1815,5,2,1,1.0,6,92012,M,,,92
201400039353,14,12,9,2005,5,2,1,1.0,2,92012,M,,,92
201400039354,14,12,10,1000,1,2,1,1.0,6,92012,M,,,92
201400039355,14,12,10,1530,1,2,1,1.0,6,92012,M,,,92
201400039356,14,12,11,1730,5,2,1,2.0,6,92012,M,,,92
201400039357,14,12,11,1800,5,2,2,1.0,6,92012,M,,,92
201400039358,14,12,12,300,5,2,1,2.0,6,92012,M,,,92
201400039359,14,12,12,910,1,2,2,2.0,3,92012,M,,,92
201400039360,14,12,12,1930,5,2,1,2.0,3,92012,M,,,92
201400039361,14,12,12,1940,5,2,2,2.0,3,92012,M,,,92
201400039362,14,12,13,1650,5,2,1,4.0,6,92012,M,,,92
201400039363,14,12,13,2300,5,2,2,2.0,3,92012,M,,,92
201400039364,14,12,14,1325,1,2,1,1.0,3,92012,M,,,92
201400039365,14,12,14,1930,5,2,2,1.0,3,92012,M,,,92
201400039366,14,12,15,2015,5,2,1,2.0,2,92012,M,,,92
201400039367,14,12,18,1045,1,2,3,1.0,3,92012,M,,,92
201400039368,14,12,19,1115,1,2,1,2.0,6,92012,M,,,92
201400039369,14,12,19,2000,5,2,2,1.0,3,92012,M,,,92
201400039370,14,12,26,1710,5,2,1,1.0,3,92012,M,,,92
201400039371,14,12,27,1305,1,2,1,2.0,2,92012,M,,,92
201400039372,14,12,28,305,5,2,1,1.0,6,92076,M,,,92
201400039373,14,12,30,1948,5,2,1,1.0,2,92012,M,,,92
201400039374,14,1,1,2210,5,2,1,2.0,6,92019,M,,,92
201400039375,14,1,20,1325,1,2,1,2.0,7,92071,M,,,92
201400039376,14,2,6,2235,5,2,2,1.0,6,92019,M,,,92
201400039377,14,2,11,2055,5,2,5,2.0,6,92019,M,,,92
201400039378,14,2,22,2120,4,2,1,1.0,6,92071,M,,,92
201400039379,14,3,6,1705,1,2,2,7.0,6,92019,M,,,92
201400039380,14,3,14,1900,5,2,6,1.0,2,92019,M,,,92
201400039381,14,3,15,1940,5,2,2,1.0,6,92032,M,,,92
201400039382,14,3,17,1240,1,2,1,1.0,6,92032,M,,,92
201400039383,14,3,29,1015,1,2,1,1.0,2,92019,M,,,92
201400039384,14,4,4,700,2,2,2,1.0,6,92071,M,,,92
201400039385,14,4,11,1000,1,2,1,1.0,2,92071,M,,,92
201400039386,14,4,12,1220,1,2,1,1.0,6,92071,M,,,92
201400039387,14,4,26,1645,1,2,2,1.0,6,92032,M,,,92
201400039388,14,5,3,2105,5,2,1,1.0,6,92071,M,,,92
201400039389,14,5,19,130,3,1,3,1.0,3,92019,M,,,92
201400039390,14,5,24,1900,2,2,6,2.0,6,92032,M,,,92
201400039391,14,5,27,820,1,2,2,1.0,6,92032,M,,,92
201400039392,14,6,6,1745,1,2,1,1.0,6,92071,M,,,92
201400039393,14,6,18,1000,1,2,2,1.0,3,92019,M,,,92
201400039394,14,6,24,930,1,2,3,1.0,3,92019,M,,,92
201400039395,14,7,9,1345,1,2,1,1.0,2,92019,M,,,92
201400039396,14,7,17,2130,2,2,1,1.0,5,92032,M,,,92
201400039397,14,7,19,1850,1,2,1,1.0,1,92032,M,,,92
201400039398,14,8,12,1825,1,2,1,1.0,6,92071,M,,,92
201400039399,14,8,14,1450,1,2,1,1.0,2,92019,M,,,92
201400039400,14,8,19,850,1,2,1,1.0,6,92071,M,,,92
201400039401,14,8,22,1000,1,2,1,1.0,6,92032,M,,,92
201400039402,14,8,24,1030,1,2,2,1.0,6,92019,M,,,92
201400039403,14,9,12,1215,1,2,2,1.0,3,92071,M,,,92
201400039404,14,9,20,10,5,2,1,1.0,3,92032,M,,,92
201400039405,14,9,27,1547,1,2,3,1.0,6,92071,M,,,92
201400039406,14,10,4,2040,2,1,1,1.0,7,92019,M,,,92
201400039407,14,10,13,850,1,2,1,1.0,3,92019,M,,,92
201400039408,14,10,29,1300,1,2,2,1.0,6,92019,M,,,92
201400039409,14,11,8,1603,1,2,2,1.0,6,92019,M,,,92
201400039410,14,12,3,910,2,2,1,2.0,7,92019,M,,,92
201400039411,14,12,9,1830,5,2,6,8.0,6,92019,M,,,92
201400039412,14,12,10,820,1,2,1,1.0,6,92071,M,,,92
201400039413,14,12,16,1115,1,2,1,3.0,3,92019,M,,,92
201400039414,14,12,26,1455,1,2,1,1.0,3,92019,M,,,92
201400039415,14,1,4,2030,5,2,1,2.0,3,92023,M,,,92
201400039416,14,1,10,640,5,2,2,1.0,6,92023,M,,,92
201400039417,14,1,14,1400,1,2,3,1.0,3,92023,M,,,92
201400039418,14,1,15,750,5,2,1,2.0,6,92023,M,,,92
201400039419,14,1,17,1455,1,2,1,1.0,3,92023,M,,,92
201400039420,14,1,17,1705,1,2,9,1.0,3,92060,M,,,92
201400039421,14,1,25,1015,1,2,1,1.0,7,92023,M,,,92
201400039422,14,1,28,1945,5,2,1,2.0,1,92060,M,,,92
201400039423,14,2,5,725,2,2,6,1.0,3,92060,M,,,92
201400039424,14,2,9,1910,5,2,1,1.0,3,92023,M,,,92
201400039425,14,2,7,1515,1,2,1,1.0,1,92023,M,,,92
201400039426,14,2,8,2030,5,2,2,1.0,3,92023,M,,,92
201400039427,14,2,11,17,5,2,1,1.0,6,92023,M,,,92
201400039428,14,2,13,755,2,2,1,3.0,2,92023,M,,,92
201400039429,14,2,13,815,2,2,1,3.0,6,92023,M,,,92
201400039430,14,2,22,1050,1,2,3,1.0,2,92023,M,,,92
201400039431,14,2,22,1445,1,2,1,1.0,2,92023,M,,,92
201400039432,14,2,24,1020,1,2,1,1.0,6,92023,M,,,92
201400039433,14,3,1,1345,1,2,1,1.0,4,92023,M,,,92
201400039434,14,3,5,845,1,2,1,1.0,6,92023,M,,,92
201400039435,14,3,10,1940,5,2,1,1.0,3,92023,M,,,92
201400039436,14,3,12,1127,1,2,1,1.0,6,92060,M,,,92
201400039437,14,3,13,1230,1,2,3,1.0,1,92023,M,,,92
201400039438,14,3,20,1115,1,2,2,1.0,3,92060,M,,,92
201400039439,14,3,27,1845,1,2,1,1.0,6,92023,M,,,92
201400039440,14,4,4,1306,1,2,1,1.0,7,92023,M,,,92
201400039441,14,4,8,1020,1,2,1,1.0,3,92060,M,,,92
201400039442,14,5,8,2240,5,2,6,2.0,7,92060,M,,,92
201400039443,14,5,9,930,1,2,2,1.0,3,92023,M,,,92
201400039444,14,5,14,1425,1,2,1,1.0,6,92023,M,,,92
201400039445,14,5,19,930,1,2,1,1.0,6,92023,M,,,92
201400039446,14,5,21,1925,2,2,2,3.0,3,92023,M,,,92
201400039447,14,5,27,1530,1,2,1,9.0,7,92023,M,,,92
201400039448,14,5,23,1500,1,2,3,1.0,3,92023,M,,,92
201400039449,14,6,6,905,1,2,1,1.0,6,92023,M,,,92
201400039450,14,5,29,1230,1,2,1,1.0,6,92023,M,,,92
201400039451,14,5,26,1700,1,2,1,1.0,6,92023,M,,,92
201400039452,14,6,3,2005,1,2,3,1.0,3,92060,M,,,92
201400039453,14,6,6,2025,1,2,3,1.0,3,92023,M,,,92
201400039454,14,6,13,905,1,2,1,1.0,6,92023,M,,,92
201400039455,14,6,22,1625,1,2,2,1.0,3,92023,M,,,92
201400039456,14,6,19,2250,5,2,6,1.0,7,92023,M,,,92
201400039457,14,6,20,1100,1,2,1,1.0,7,92023,M,,,92
201400039458,14,6,20,2040,1,2,2,1.0,7,92023,M,,,92
201400039459,14,6,25,110,5,2,1,1.0,3,92060,M,,,92
201400039460,14,6,25,1620,1,2,3,1.0,3,92023,M,,,92
201400039461,14,6,28,220,5,2,2,1.0,6,92023,M,,,92
201400039462,14,7,7,1945,1,2,2,2.0,3,92023,M,,,92
201400039463,14,7,8,1640,1,2,3,1.0,7,92023,M,,,92
201400039464,14,7,8,1420,1,2,1,1.0,6,92023,M,,,92
201400039465,14,7,9,1945,2,2,2,2.0,7,92023,M,,,92
201400039466,14,7,12,1325,1,2,3,1.0,3,92060,M,,,92
201400039467,14,7,15,2345,5,2,1,1.0,3,92023,M,,,92
201400039468,14,7,18,50,5,2,3,1.0,3,92060,M,,,92
201400039469,14,7,17,1555,1,2,1,1.0,3,92023,M,,,92
201400039470,14,7,17,1645,1,2,1,1.0,7,92023,M,,,92
201400039471,14,7,21,1750,1,2,3,1.0,3,92023,M,,,92
201400039472,14,7,23,950,1,2,1,1.0,1,92023,M,,,92
201400039473,14,7,25,1145,1,2,1,1.0,6,92023,M,,,92
201400039474,14,8,4,1220,1,2,1,1.0,6,92023,M,,,92
201400039475,14,8,11,1130,1,2,1,1.0,3,92023,M,,,92
201400039476,14,8,16,655,1,2,1,1.0,6,92023,M,,,92
201400039477,14,8,26,1945,1,2,3,1.0,3,92023,M,,,92
201400039478,14,8,28,1345,1,2,1,2.0,3,92060,M,,,92
201400039479,14,9,5,1740,1,2,3,1.0,3,92060,M,,,92
201400039480,14,9,13,1825,1,2,1,1.0,6,92060,M,,,92
201400039481,14,9,18,817,1,2,2,1.0,3,92023,M,,,92
201400039482,14,9,16,850,1,2,3,1.0,6,92023,M,,,92
201400039483,14,9,19,1700,1,2,1,1.0,3,92023,M,,,92
201400039484,14,9,23,1555,1,2,1,1.0,6,92060,M,,,92
201400039485,14,9,25,1915,1,2,1,1.0,2,92023,M,,,92
201400039486,14,9,26,2045,5,2,1,1.0,7,92060,M,,,92
201400039487,14,9,29,1050,1,2,1,8.0,7,92023,M,,,92
201400039488,14,9,29,1545,1,2,3,1.0,3,92023,M,,,92
201400039489,14,10,3,1545,1,2,1,1.0,2,92023,M,,,92
201400039490,14,10,6,2350,5,2,1,1.0,6,92023,M,,,92
201400039491,14,10,7,730,4,2,2,3.0,6,92023,M,,,92
201400039492,14,10,8,900,1,2,1,2.0,7,92023,M,,,92
201400039493,14,10,9,1810,1,2,3,1.0,6,92060,M,,,92
201400039494,14,10,11,1815,1,2,1,1.0,2,92023,M,,,92
201400039495,14,10,11,1950,5,2,1,1.0,3,92023,M,,,92
201400039496,14,10,16,1110,1,2,1,1.0,6,92023,M,,,92
201400039497,14,10,13,1550,1,2,2,1.0,3,92060,M,,,92
201400039498,14,10,11,1750,1,2,1,2.0,3,92060,M,,,92
201400039499,14,10,16,1050,1,2,1,1.0,2,92023,M,,,92
201400039500,14,10,31,2123,5,2,2,1.0,3,92023,M,,,92
201400039501,14,11,3,1200,1,2,3,1.0,3,92060,M,,,92
201400039502,14,11,3,2020,5,2,3,2.0,3,92023,M,,,92
201400039503,14,11,6,1930,5,2,1,1.0,3,92023,M,,,92
201400039504,14,11,7,1240,1,2,1,1.0,3,92023,M,,,92
201400039505,14,11,10,1625,1,2,1,1.0,7,92023,M,,,92
201400039506,14,11,8,2015,5,2,1,1.0,7,92023,M,,,92
201400039507,14,11,16,1430,1,2,1,2.0,7,92023,M,,,92
201400039508,14,11,15,1130,1,2,5,1.0,5,92023,M,,,92
201400039509,14,11,18,1635,1,2,1,1.0,6,92023,M,,,92
201400039510,14,11,19,910,1,2,1,5.0,7,92060,M,,,92
201400039511,14,11,22,1810,5,2,1,1.0,6,92023,M,,,92
201400039512,14,11,22,1230,1,2,1,1.0,2,92023,M,,,92
201400039513,14,11,25,1955,5,2,1,1.0,6,92023,M,,,92
201400039514,14,12,3,1950,5,2,1,1.0,2,92023,M,,,92
201400039515,14,12,5,1612,1,2,1,1.0,3,92023,M,,,92
201400039516,14,12,8,1120,1,2,3,2.0,2,92060,M,,,92
201400039517,14,12,10,1645,5,2,2,1.0,7,92060,M,,,92
201400039518,14,12,11,1710,5,2,2,8.0,3,92023,M,,,92
201400039519,14,12,12,1840,5,2,2,2.0,3,92023,M,,,92
201400039520,14,12,13,1735,5,2,1,2.0,6,92023,M,,,92
201400039521,14,12,15,830,2,2,3,1.0,6,92023,M,,,92
201400039522,14,12,15,1745,5,2,3,1.0,6,92023,M,,,92
201400039523,14,12,28,2350,5,2,1,1.0,3,92023,M,,,92
201400039524,14,12,26,1310,1,2,7,1.0,6,92060,M,,,92
201400039525,14,12,28,1545,1,2,3,1.0,7,92060,M,,,92
201400039526,14,1,2,1035,1,2,2,1.0,7,92024,M,,,92
201400039527,14,1,10,837,1,2,1,1.0,6,92024,M,,,92
201400039528,14,1,11,1525,1,2,2,1.0,6,92024,M,,,92
201400039529,14,1,13,2020,5,2,1,1.0,2,92024,M,,,92
201400039530,14,1,13,1750,1,2,2,1.0,6,92024,M,,,92
201400039531,14,1,16,840,5,2,3,2.0,6,92024,M,,,92
201400039532,14,1,18,1130,1,2,1,1.0,3,92024,M,,,92
201400039533,14,1,18,1305,1,2,2,1.0,6,92024,M,,,92
201400039534,14,1,18,2110,5,2,2,1.0,3,92024,M,,,92
201400039535,14,1,20,1148,1,2,1,1.0,6,92024,M,,,92
201400039536,14,1,22,1510,1,2,1,2.0,3,92024,M,,,92
201400039537,14,1,25,1920,5,2,2,1.0,1,92024,M,,,92
201400039538,14,1,29,1336,1,2,2,2.0,5,92024,M,,,92
201400039539,14,1,29,1340,1,2,1,1.0,2,92024,M,,,92
201400039540,14,1,25,2345,5,2,2,1.0,3,92024,M,,,92
201400039541,14,2,1,1040,1,2,2,1.0,3,92024,M,,,92
201400039542,14,2,5,2050,1,2,3,1.0,3,92024,M,,,92
201400039543,14,2,9,2010,5,2,2,1.0,3,92024,M,,,92
201400039544,14,2,13,1920,1,2,3,1.0,6,92024,M,,,92
201400039545,14,2,15,1345,1,2,3,1.0,3,92024,M,,,92
201400039546,14,2,19,1225,1,2,1,1.0,7,92024,M,,,92
201400039547,14,2,19,1540,1,2,1,1.0,6,92024,M,,,92
201400039548,14,2,27,1840,5,2,1,1.0,6,92024,M,,,92
201400039549,14,3,3,915,1,2,2,1.0,6,92024,M,,,92
201400039550,14,3,6,710,1,2,3,1.0,3,92024,M,,,92
201400039551,14,3,8,2120,5,2,1,1.0,5,92024,M,,,92
201400039552,14,3,11,930,1,2,2,1.0,3,92024,M,,,92
201400039553,14,3,7,1800,1,2,1,1.0,2,92024,M,,,92
201400039554,14,3,12,1900,1,2,1,1.0,6,92024,M,,,92
201400039555,14,3,16,1515,1,2,1,1.0,6,92024,M,,,92
201400039556,14,3,22,1540,1,2,1,1.0,6,92024,M,,,92
201400039557,14,3,27,1800,1,2,1,2.0,7,92024,M,,,92
201400039558,14,3,27,910,1,2,2,1.0,3,92024,M,,,92
201400039559,14,4,2,1235,1,2,2,1.0,3,92024,M,,,92
201400039560,14,3,12,810,1,2,1,1.0,6,92024,M,,,92
201400039561,14,4,15,2020,1,2,1,9.0,6,92024,M,,,92
201400039562,14,4,18,1650,1,2,1,1.0,6,92024,M,,,92
201400039563,14,4,28,1620,1,2,2,1.0,2,92024,M,,,92
201400039564,14,4,30,1745,1,2,1,1.0,3,92024,M,,,92
201400039565,14,5,1,2310,5,2,2,2.0,7,92024,M,,,92
201400039566,14,5,2,530,5,2,2,1.0,3,92024,M,,,92
201400039567,14,5,2,1305,1,2,1,1.0,3,92024,M,,,92
201400039568,14,5,7,920,1,2,1,1.0,6,92024,M,,,92
201400039569,14,5,9,2010,1,2,1,1.0,5,92024,M,,,92
201400039570,14,5,9,1945,5,2,2,1.0,3,92024,M,,,92
201400039571,14,5,10,630,5,2,3,1.0,3,92024,M,,,92
201400039572,14,5,16,1600,1,2,1,1.0,6,92024,M,,,92
201400039573,14,5,16,1945,1,2,2,1.0,3,92024,M,,,92
201400039574,14,5,20,1240,1,2,1,1.0,6,92024,M,,,92