Num_Acc,an,mois,jour,hrmn,lum,agg,int,atm,col,com,gps,lat,long,dep
201400039575,14,5,21,830,1,2,2,2.0,1,92024,M,,,92
201400039576,14,5,24,1250,1,2,1,2.0,2,92024,M,,,92
201400039577,14,5,27,2050,1,2,1,1.0,7,92024,M,,,92
201400039578,14,6,2,1440,1,2,1,1.0,3,92024,M,,,92
201400039579,14,6,2,1910,1,2,3,1.0,4,92024,M,,,92
201400039580,14,6,5,1330,1,2,2,1.0,6,92024,M,,,92
201400039581,14,6,6,1830,1,2,4,1.0,3,92024,M,,,92
201400039582,14,6,7,2000,1,2,1,1.0,1,92024,M,,,92
201400039583,14,6,11,1700,1,2,1,1.0,3,92024,M,,,92
201400039584,14,6,13,640,1,2,2,1.0,6,92024,M,,,92
201400039585,14,6,14,1700,1,2,1,2.0,6,92024,M,,,92
201400039586,14,6,19,1350,1,2,1,1.0,6,92024,M,,,92
201400039587,14,5,20,1850,1,2,1,3.0,3,92024,M,,,92
201400039588,14,6,24,1940,1,2,3,1.0,6,92024,M,,,92
201400039589,14,6,24,1020,1,2,3,1.0,3,92024,M,,,92
201400039590,14,6,25,1800,1,2,1,1.0,6,92024,M,,,92
201400039591,14,6,26,1700,1,2,3,1.0,6,92024,M,,,92
201400039592,14,6,27,1500,1,2,2,1.0,6,92024,M,,,92
201400039593,14,6,27,2015,1,2,1,1.0,2,92024,M,,,92
201400039594,14,6,30,1345,1,2,2,1.0,3,92024,M,,,92
201400039595,14,7,15,845,1,1,1,1.0,6,92024,M,,,92
201400039596,14,7,24,1920,1,2,1,1.0,3,92024,M,,,92
201400039597,14,7,25,1025,1,2,1,1.0,6,92024,M,,,92
201400039598,14,7,31,2345,5,2,2,1.0,2,92024,M,,,92
201400039599,14,8,1,740,1,2,6,1.0,6,92024,M,,,92
201400039600,14,8,2,1630,1,2,1,1.0,3,92024,M,,,92
201400039601,14,8,6,1640,1,2,2,1.0,2,92024,M,,,92
201400039602,14,8,19,1640,1,2,3,1.0,3,92024,M,,,92
201400039603,14,8,19,1840,1,2,2,1.0,3,92024,M,,,92
201400039604,14,8,27,950,1,2,2,1.0,7,92024,M,,,92
201400039605,14,8,31,1815,1,2,2,1.0,2,92024,M,,,92
201400039606,14,9,3,1445,1,2,1,1.0,6,92024,M,,,92
201400039607,14,9,6,1045,1,2,3,1.0,3,92024,M,,,92
201400039608,14,9,11,1740,1,2,1,1.0,6,92024,M,,,92
201400039609,14,9,12,1255,1,1,2,1.0,6,92024,M,,,92
201400039610,14,9,14,445,5,2,1,1.0,2,92024,M,,,92
201400039611,14,9,15,1445,5,2,1,1.0,6,92024,M,,,92
201400039612,14,9,20,1930,5,2,1,1.0,6,92024,M,,,92
201400039613,14,9,23,1135,1,2,2,1.0,2,92024,M,,,92
201400039614,14,9,28,1600,1,2,2,1.0,3,92024,M,,,92
201400039615,14,9,24,1000,1,2,2,1.0,3,92024,M,,,92
201400039616,14,10,2,950,1,2,2,1.0,2,92024,M,,,92
201400039617,14,10,17,1230,1,2,9,1.0,6,92024,M,,,92
201400039618,14,10,19,1245,1,2,1,1.0,6,92024,M,,,92
201400039619,14,10,20,245,5,2,3,1.0,6,92024,M,,,92
201400039620,14,10,22,915,1,2,2,1.0,6,92024,M,,,92
201400039621,14,10,18,1940,5,2,2,1.0,7,92024,M,,,92
201400039622,14,10,27,1420,1,2,4,1.0,3,92024,M,,,92
201400039623,14,10,28,1530,1,2,1,1.0,6,92024,M,,,92
201400039624,14,11,4,1555,1,2,1,1.0,6,92024,M,,,92
201400039625,14,11,5,1210,1,2,3,1.0,6,92024,M,,,92
201400039626,14,11,12,1245,1,2,1,1.0,2,92024,M,,,92
201400039627,14,11,12,1410,1,2,2,1.0,6,92024,M,,,92
201400039628,14,11,13,1205,1,2,1,1.0,6,92024,M,,,92
201400039629,14,11,18,935,1,2,1,1.0,4,92024,M,,,92
201400039630,14,11,14,1540,1,2,2,2.0,3,92024,M,,,92
201400039631,14,11,29,2010,5,2,1,1.0,4,92024,M,,,92
201400039632,14,12,5,1105,1,2,1,1.0,3,92024,M,,,92
201400039633,14,12,14,1445,1,2,3,2.0,6,92024,M,,,92
201400039634,14,12,17,1900,5,2,1,1.0,2,92024,M,,,92
201400039635,14,12,19,1325,1,2,3,1.0,7,92024,M,,,92
201400039636,14,12,26,950,1,2,3,1.0,2,92024,M,,,92
201400039637,14,12,29,2000,5,2,1,1.0,6,92024,M,,,92
201400039638,14,12,30,1650,5,2,1,1.0,7,92024,M,,,92
201400039639,14,1,9,1830,5,2,1,2.0,6,92025,M,,,92
201400039640,14,1,9,1900,5,2,2,1.0,6,92025,M,,,92
201400039641,14,1,10,805,2,2,1,1.0,3,92025,M,,,92
201400039642,14,1,11,1511,1,2,2,1.0,3,92025,M,,,92
201400039643,14,1,14,1710,1,2,1,1.0,6,92025,M,,,92
201400039644,14,1,14,2020,5,2,1,1.0,2,92025,M,,,92
201400039645,14,1,16,750,5,2,1,2.0,6,92025,M,,,92
201400039646,14,1,16,1700,1,2,1,1.0,6,92025,M,,,92
201400039647,14,1,20,1140,1,2,1,1.0,6,92025,M,,,92
201400039648,14,1,21,1837,1,2,1,9.0,6,92025,M,,,92
201400039649,14,1,24,1040,1,2,2,1.0,6,92025,M,,,92
201400039650,14,1,24,1950,5,2,1,1.0,6,92025,M,,,92
201400039651,14,1,25,1920,5,2,1,1.0,6,92025,M,,,92
201400039652,14,2,1,1720,1,2,1,1.0,6,92025,M,,,92
201400039653,14,2,6,740,5,2,1,1.0,6,92025,M,,,92
201400039654,14,2,10,1745,1,2,1,1.0,6,92025,M,,,92
201400039655,14,2,13,1330,1,2,1,9.0,6,92025,M,,,92
201400039656,14,2,15,1945,5,2,1,1.0,3,92025,M,,,92
201400039657,14,2,20,1030,1,2,2,1.0,3,92025,M,,,92
201400039658,14,2,20,1200,1,2,1,2.0,6,92025,M,,,92
201400039659,14,2,21,1955,5,2,2,1.0,3,92025,M,,,92
201400039660,14,2,22,1546,1,2,1,1.0,2,92025,M,,,92
201400039661,14,2,24,1200,1,2,1,1.0,3,92025,M,,,92
201400039662,14,2,24,2033,5,2,1,1.0,3,92025,M,,,92
201400039663,14,2,26,1550,1,2,1,1.0,2,92025,M,,,92
201400039664,14,2,27,1910,5,2,1,2.0,3,92025,M,,,92
201400039665,14,2,27,1950,5,2,2,3.0,6,92025,M,,,92
201400039666,14,2,28,1100,1,2,1,1.0,6,92025,M,,,92
201400039667,14,3,3,1250,1,2,1,1.0,6,92025,M,,,92
201400039668,14,3,6,1725,1,2,2,1.0,6,92025,M,,,92
201400039669,14,3,8,2130,5,2,1,1.0,7,92025,M,,,92
201400039670,14,3,9,845,1,2,1,1.0,6,92025,M,,,92
201400039671,14,3,15,1157,1,2,1,1.0,6,92025,M,,,92
201400039672,14,3,15,2100,5,2,1,1.0,6,92025,M,,,92
201400039673,14,3,17,1450,1,2,1,1.0,6,92025,M,,,92
201400039674,14,3,19,935,1,2,1,1.0,6,92025,M,,,92
201400039675,14,3,19,1225,1,2,1,1.0,3,92025,M,,,92
201400039676,14,3,21,1120,1,2,1,1.0,6,92025,M,,,92
201400039677,14,3,23,735,1,2,1,1.0,6,92025,M,,,92
201400039678,14,3,25,1430,1,1,1,2.0,2,92025,M,,,92
201400039679,14,3,28,910,1,2,2,1.0,3,92025,M,,,92
201400039680,14,3,28,1645,1,2,1,1.0,3,92025,M,,,92
201400039681,14,3,29,1504,1,2,1,1.0,4,92025,M,,,92
201400039682,14,4,1,530,5,2,1,1.0,6,92025,M,,,92
201400039683,14,4,2,205,5,1,1,1.0,6,92025,M,,,92
201400039684,14,4,3,1305,1,2,1,1.0,7,92025,M,,,92
201400039685,14,4,6,1630,1,2,3,1.0,6,92025,M,,,92
201400039686,14,4,8,1135,1,1,3,1.0,3,92025,M,,,92
201400039687,14,4,9,1830,1,2,3,1.0,5,92025,M,,,92
201400039688,14,4,12,530,2,2,1,1.0,6,92025,M,,,92
201400039689,14,4,14,40,5,2,9,1.0,7,92025,M,,,92
201400039690,14,4,15,1910,1,2,1,1.0,7,92025,M,,,92
201400039691,14,4,18,1055,1,2,1,1.0,2,92025,M,,,92
201400039692,14,3,14,1415,1,2,1,1.0,7,92025,M,,,92
201400039693,14,4,23,1500,1,2,1,1.0,6,92025,M,,,92
201400039694,14,4,28,1330,1,2,1,1.0,6,92025,M,,,92
201400039695,14,5,1,2205,5,2,1,1.0,3,92025,M,,,92
201400039696,14,5,3,1105,1,2,9,1.0,3,92025,M,,,92
201400039697,14,5,13,1345,1,2,1,1.0,5,92025,M,,,92
201400039698,14,5,16,1435,1,2,1,1.0,3,92025,M,,,92
201400039699,14,5,17,1620,1,2,1,1.0,6,92025,M,,,92
201400039700,14,5,18,1644,1,2,1,1.0,7,92025,M,,,92
201400039701,14,5,19,1610,1,2,1,1.0,6,92025,M,,,92
201400039702,14,5,21,555,5,2,3,2.0,1,92025,M,,,92
201400039703,14,5,24,1950,1,2,1,9.0,6,92025,M,,,92
201400039704,14,5,27,1745,1,2,1,1.0,3,92025,M,,,92
201400039705,14,5,28,1825,1,2,1,2.0,6,92025,M,,,92
201400039706,14,6,4,740,1,2,1,1.0,6,92025,M,,,92
201400039707,14,6,4,2025,1,2,1,1.0,6,92025,M,,,92
201400039708,14,6,5,1710,1,2,1,1.0,6,92025,M,,,92
201400039709,14,6,7,900,1,2,3,1.0,3,92025,M,,,92
201400039710,14,6,7,1300,1,2,1,1.0,1,92025,M,,,92
201400039711,14,6,11,1120,1,2,2,1.0,2,92025,M,,,92
201400039712,14,6,12,1940,1,2,1,1.0,6,92025,M,,,92
201400039713,14,6,16,935,1,2,3,1.0,3,92025,M,,,92
201400039714,14,6,17,847,1,2,1,1.0,6,92025,M,,,92
201400039715,14,6,18,1415,1,2,1,1.0,2,92025,M,,,92
201400039716,14,6,18,1910,1,2,1,1.0,2,92025,M,,,92
201400039717,14,6,19,1650,1,2,3,1.0,2,92025,M,,,92
201400039718,14,6,20,1730,1,2,1,1.0,3,92025,M,,,92
201400039719,14,6,20,1900,1,2,1,1.0,2,92025,M,,,92
201400039720,14,6,25,1425,1,2,1,1.0,6,92025,M,,,92
201400039721,14,7,2,1600,1,2,2,1.0,3,92025,M,,,92
201400039722,14,7,3,1706,1,2,2,1.0,3,92025,M,,,92
201400039723,14,7,8,1500,1,2,1,2.0,4,92025,M,,,92
201400039724,14,7,11,1620,1,2,2,1.0,3,92025,M,,,92
201400039725,14,7,11,2115,2,2,1,1.0,1,92025,M,,,92
201400039726,14,7,13,1640,1,2,1,2.0,6,92025,M,,,92
201400039727,14,7,17,1910,1,2,1,1.0,3,92025,M,,,92
201400039728,14,7,15,1910,1,2,2,1.0,3,92025,M,,,92
201400039729,14,7,25,1525,1,2,1,1.0,6,92025,M,,,92
201400039730,14,7,26,1345,1,2,1,1.0,6,92025,M,,,92
201400039731,14,7,20,1535,1,1,1,1.0,3,92025,M,,,92
201400039732,14,7,28,1535,1,1,1,1.0,3,92025,M,,,92
201400039733,14,8,7,1220,1,2,1,2.0,3,92025,M,,,92
201400039734,14,8,12,910,1,2,2,1.0,3,92025,M,,,92
201400039735,14,1,3,1825,5,2,1,1.0,2,92025,M,,,92
201400039736,14,8,12,1925,1,2,2,1.0,3,92025,M,,,92
201400039737,14,8,17,1431,1,2,1,1.0,3,92025,M,,,92
201400039738,14,8,21,826,1,2,2,1.0,3,92025,M,,,92
201400039739,14,8,21,1931,1,2,1,1.0,2,92025,M,,,92
201400039740,14,8,25,1446,1,2,2,2.0,2,92025,M,,,92
201400039741,14,8,26,2011,1,2,2,2.0,3,92025,M,,,92
201400039742,14,8,26,751,1,2,1,1.0,2,92025,M,,,92
201400039743,14,9,1,1545,1,2,1,1.0,5,92025,M,,,92
201400039744,14,9,2,2000,1,2,1,1.0,2,92025,M,,,92
201400039745,14,9,7,1613,1,2,2,1.0,3,92025,M,,,92
201400039746,14,9,11,830,1,2,1,1.0,6,92025,M,,,92
201400039747,14,9,12,930,1,2,1,1.0,6,92025,M,,,92
201400039748,14,9,13,1120,1,2,1,1.0,2,92025,M,,,92
201400039749,14,9,16,825,1,2,2,1.0,3,92025,M,,,92
201400039750,14,9,16,1145,1,2,1,1.0,7,92025,M,,,92
201400039751,14,9,22,910,1,2,1,1.0,2,92025,M,,,92
201400039752,14,9,22,1700,1,2,2,1.0,6,92025,M,,,92
201400039753,14,9,23,1045,1,2,9,1.0,6,92025,M,,,92
201400039754,14,9,24,1225,1,2,2,1.0,6,92025,M,,,92
201400039755,14,9,26,1635,1,2,2,1.0,3,92025,M,,,92
201400039756,14,9,26,2100,4,2,2,1.0,3,92025,M,,,92
201400039757,14,9,27,900,1,2,1,1.0,2,92025,M,,,92
201400039758,14,9,28,2005,2,2,2,1.0,3,92025,M,,,92
201400039759,14,9,29,2140,5,2,2,1.0,3,92025,M,,,92
201400039760,14,9,30,805,1,2,1,1.0,3,92025,M,,,92
201400039761,14,9,30,1145,1,2,1,1.0,4,92025,M,,,92
201400039762,14,10,1,700,5,2,2,1.0,3,92025,M,,,92
201400039763,14,10,1,1310,1,2,1,1.0,6,92025,M,,,92
201400039764,14,10,2,915,1,2,1,1.0,3,92025,M,,,92
201400039765,14,10,3,1450,1,2,1,1.0,6,92025,M,,,92
201400039766,14,10,3,2010,5,2,4,1.0,3,92025,M,,,92
201400039767,14,10,6,935,1,2,1,1.0,3,92025,M,,,92
201400039768,14,10,10,1950,3,2,1,1.0,2,92025,M,,,92
201400039769,14,10,12,1852,1,2,1,2.0,3,92025,M,,,92
201400039770,14,10,14,650,5,2,2,1.0,3,92025,M,,,92
201400039771,14,10,15,1334,1,2,1,2.0,2,92025,M,,,92
201400039772,14,10,15,1850,5,2,1,1.0,2,92025,M,,,92
201400039773,14,10,17,1820,1,2,2,1.0,3,92025,M,,,92
201400039774,14,10,17,1750,1,2,1,1.0,4,92025,M,,,92
201400039775,14,10,18,2000,5,2,1,1.0,2,92025,M,,,92
201400039776,14,10,20,1815,1,2,1,1.0,2,92025,M,,,92
201400039777,14,10,21,1509,1,2,1,1.0,3,92025,M,,,92
201400039778,14,10,22,1625,1,2,1,1.0,3,92025,M,,,92
201400039779,14,11,3,1435,1,2,1,2.0,6,92025,M,,,92
201400039780,14,11,5,1110,1,2,1,1.0,2,92025,M,,,92
201400039781,14,11,5,1518,1,2,2,1.0,6,92025,M,,,92
201400039782,14,11,8,10,5,2,1,1.0,6,92025,M,,,92
201400039783,14,10,26,730,1,2,1,2.0,3,92025,M,,,92
201400039784,14,11,9,1440,1,2,2,1.0,6,92025,M,,,92
201400039785,14,11,12,1211,1,2,2,1.0,3,92025,M,,,92
201400039786,14,11,12,1240,1,2,2,1.0,1,92025,M,,,92
201400039787,14,11,12,2000,5,2,1,1.0,3,92025,M,,,92
201400039788,14,11,15,1935,5,2,1,1.0,6,92025,M,,,92
201400039789,14,11,7,1613,2,2,1,2.0,7,92025,M,,,92
201400039790,14,11,18,2000,5,2,1,1.0,6,92025,M,,,92
201400039791,14,11,19,2010,5,2,2,1.0,3,92025,M,,,92
201400039792,14,11,19,815,1,2,1,1.0,3,92025,M,,,92
201400039793,14,11,21,2115,5,2,2,1.0,5,92025,M,,,92
201400039794,14,11,22,1150,1,2,9,1.0,6,92025,M,,,92
201400039795,14,11,23,1300,1,2,1,1.0,3,92025,M,,,92
201400039796,14,11,26,530,5,2,1,1.0,3,92025,M,,,92
201400039797,14,11,7,830,1,2,1,1.0,6,92025,M,,,92
201400039798,14,12,4,724,2,2,1,1.0,2,92025,M,,,92
201400039799,14,12,8,710,4,2,1,1.0,7,92025,M,,,92
201400039800,14,12,8,1430,1,2,1,2.0,2,92025,M,,,92
201400039801,14,12,8,1935,3,2,1,1.0,7,92025,M,,,92
201400039802,14,12,12,730,5,2,2,2.0,3,92025,M,,,92
201400039803,14,12,12,1300,1,2,2,1.0,3,92025,M,,,92
201400039804,14,12,12,1645,2,2,4,1.0,3,92025,M,,,92
201400039805,14,12,17,840,1,2,1,3.0,6,92025,M,,,92
201400039806,14,12,18,910,1,2,1,1.0,7,92025,M,,,92
201400039807,14,12,19,1310,1,2,1,1.0,6,92025,M,,,92
201400039808,14,12,23,820,1,2,2,1.0,3,92025,M,,,92
201400039809,14,12,23,900,1,2,3,1.0,6,92025,M,,,92
201400039810,14,12,24,1635,2,2,1,2.0,6,92025,M,,,92
201400039811,14,12,26,555,5,2,1,1.0,1,92025,M,,,92
201400039812,14,12,30,1450,1,2,1,1.0,2,92025,M,,,92
201400039813,14,1,1,2050,5,2,3,2.0,3,92026,M,,,92
201400039814,14,1,2,800,2,2,1,1.0,2,92026,M,,,92
201400039815,14,1,6,750,2,2,2,2.0,6,92026,M,,,92
201400039816,14,1,9,1220,1,2,2,8.0,6,92026,M,,,92
201400039817,14,1,9,2055,5,2,1,1.0,2,92026,M,,,92
201400039818,14,1,14,2020,5,2,2,1.0,3,92026,M,,,92
201400039819,14,1,15,1000,1,2,2,1.0,6,92026,M,,,92
201400039820,14,1,16,2000,5,2,2,3.0,3,92026,M,,,92
201400039821,14,1,22,1130,1,2,1,2.0,3,92026,M,,,92
201400039822,14,1,23,2015,5,2,3,8.0,6,92026,M,,,92
201400039823,14,1,25,1310,1,2,1,1.0,6,92026,M,,,92
201400039824,14,1,22,1800,5,2,1,8.0,7,92026,M,,,92
201400039825,14,1,27,840,3,2,1,1.0,2,92026,M,,,92
201400039826,14,1,31,1050,1,2,1,1.0,6,92026,M,,,92
201400039827,14,2,6,2035,5,2,1,1.0,3,92026,M,,,92
201400039828,14,2,11,900,1,2,3,1.0,6,92026,M,,,92
201400039829,14,2,7,1925,5,2,6,1.0,3,92026,M,,,92
201400039830,14,2,13,1910,5,2,1,8.0,4,92026,M,,,92
201400039831,14,2,6,1325,1,2,1,2.0,3,92026,M,,,92
201400039832,14,3,1,1500,1,2,1,1.0,6,92026,M,,,92
201400039833,14,2,23,1300,1,2,1,1.0,3,92026,M,,,92
201400039834,14,2,27,1915,5,2,2,2.0,6,92026,M,,,92
201400039835,14,3,11,1915,5,2,1,1.0,6,92026,M,,,92
201400039836,14,3,11,1900,5,2,1,1.0,4,92026,M,,,92
201400039837,14,3,6,900,1,2,1,1.0,6,92026,M,,,92
201400039838,14,3,6,1835,2,2,1,1.0,3,92026,M,,,92
201400039839,14,3,12,1515,1,2,1,1.0,3,92026,M,,,92
201400039840,14,3,18,1215,1,2,1,1.0,3,92026,M,,,92
201400039841,14,3,16,1710,1,2,1,1.0,2,92026,M,,,92
201400039842,14,3,19,2015,5,2,3,1.0,3,92026,M,,,92
201400039843,14,3,26,950,1,2,3,1.0,2,92026,M,,,92
201400039844,14,3,27,1430,1,2,1,1.0,6,92026,M,,,92
201400039845,14,3,28,840,1,2,1,1.0,6,92026,M,,,92
201400039846,14,3,25,2015,2,2,1,8.0,7,92026,M,,,92
201400039847,14,3,19,810,1,2,1,8.0,7,92026,M,,,92
201400039848,14,4,1,840,1,2,1,1.0,3,92026,M,,,92
201400039849,14,4,6,350,5,2,3,1.0,3,92026,M,,,92
201400039850,14,4,1,1145,1,2,3,1.0,2,92026,M,,,92
201400039851,14,4,11,1700,1,2,1,1.0,6,92026,M,,,92
201400039852,14,4,14,955,1,2,1,1.0,2,92026,M,,,92
201400039853,14,4,16,840,1,2,3,1.0,3,92026,M,,,92
201400039854,14,4,15,2105,5,2,1,1.0,6,92026,M,,,92
201400039855,14,3,31,1840,1,2,1,1.0,6,92026,M,,,92
201400039856,14,4,17,1940,1,2,1,1.0,2,92026,M,,,92
201400039857,14,4,24,1758,1,2,1,1.0,6,92026,M,,,92
201400039858,14,4,29,2115,5,2,1,2.0,7,92026,M,,,92
201400039859,14,4,29,930,1,2,1,1.0,7,92026,M,,,92
201400039860,14,5,8,730,1,2,1,1.0,6,92026,M,,,92
201400039861,14,4,29,735,1,2,2,1.0,7,92026,M,,,92
201400039862,14,4,27,1720,1,2,1,1.0,2,92026,M,,,92
201400039863,14,5,14,2005,1,2,1,1.0,2,92026,M,,,92
201400039864,14,5,17,1800,1,2,1,1.0,3,92026,M,,,92
201400039865,14,5,15,1400,1,2,1,1.0,3,92026,M,,,92
201400039866,14,5,21,1010,1,2,6,2.0,2,92026,M,,,92
201400039867,14,5,23,2005,1,2,2,1.0,3,92026,M,,,92
201400039868,14,5,29,1900,1,2,1,1.0,7,92026,M,,,92
201400039869,14,5,27,800,1,2,1,1.0,3,92026,M,,,92
201400039870,14,5,22,2040,2,2,1,8.0,3,92026,M,,,92
201400039871,14,5,18,1730,1,2,1,1.0,7,92026,M,,,92
201400039872,14,6,11,1045,1,2,1,1.0,3,92026,M,,,92
201400039873,14,6,15,1545,1,2,2,1.0,1,92026,M,,,92
201400039874,14,6,13,1515,1,2,1,1.0,3,92026,M,,,92
201400039875,14,6,14,2030,1,2,3,1.0,3,92026,M,,,92
201400039876,14,6,2,2100,2,2,3,8.0,3,92026,M,,,92
201400039877,14,6,18,1810,1,2,1,1.0,3,92026,M,,,92
201400039878,14,6,14,1500,1,2,1,1.0,7,92026,M,,,92
201400039879,14,6,26,1740,1,2,1,1.0,3,92026,M,,,92
201400039880,14,6,23,1400,1,2,1,1.0,6,92026,M,,,92
201400039881,14,6,27,1240,1,2,3,1.0,6,92026,M,,,92
201400039882,14,7,2,1930,1,2,1,1.0,6,92026,M,,,92
201400039883,14,7,5,315,5,2,6,1.0,3,92026,M,,,92
201400039884,14,7,6,1935,1,2,2,1.0,6,92026,M,,,92
201400039885,14,7,7,1418,1,2,1,1.0,5,92026,M,,,92
201400039886,14,7,16,1835,1,2,3,1.0,3,92026,M,,,92
201400039887,14,7,19,1930,1,2,1,1.0,6,92026,M,,,92
201400039888,14,7,23,1855,1,2,3,1.0,3,92026,M,,,92
201400039889,14,7,24,1750,1,2,1,1.0,6,92026,M,,,92
201400039890,14,7,27,1910,1,2,1,1.0,2,92026,M,,,92
201400039891,14,7,31,1850,1,2,6,1.0,3,92026,M,,,92
201400039892,14,7,25,1720,1,2,3,1.0,6,92026,M,,,92
201400039893,14,8,27,2305,5,2,3,1.0,3,92026,M,,,92
201400039894,14,9,8,850,1,2,1,1.0,2,92026,M,,,92
201400039895,14,9,17,1130,1,2,2,1.0,3,92026,M,,,92
201400039896,14,9,20,930,1,2,1,1.0,7,92026,M,,,92
201400039897,14,9,19,850,1,2,3,8.0,7,92026,M,,,92
201400039898,14,9,17,1050,1,2,3,1.0,6,92026,M,,,92
201400039899,14,9,25,1905,1,2,1,1.0,6,92026,M,,,92
201400039900,14,9,28,1820,1,2,1,1.0,5,92026,M,,,92
201400039901,14,10,5,1935,5,2,1,1.0,3,92026,M,,,92
201400039902,14,10,8,750,2,2,1,2.0,7,92026,M,,,92
201400039903,14,10,9,1730,1,2,1,1.0,3,92026,M,,,92
201400039904,14,10,25,225,5,2,2,1.0,3,92026,M,,,92
201400039905,14,10,24,1805,4,2,1,2.0,7,92026,M,,,92
201400039906,14,10,28,1650,1,2,1,8.0,7,92026,M,,,92
201400039907,14,10,30,945,1,2,1,1.0,6,92026,M,,,92
201400039908,14,11,11,435,5,2,1,1.0,7,92026,M,,,92
201400039909,14,11,13,840,1,2,2,1.0,6,92026,M,,,92
201400039910,14,11,14,1520,1,2,1,8.0,2,92026,M,,,92
201400039911,14,11,18,1245,1,2,1,1.0,3,92026,M,,,92
201400039912,14,11,21,2115,5,2,1,1.0,5,92026,M,,,92
201400039913,14,12,4,2130,5,2,3,9.0,1,92026,M,,,92
201400039914,14,12,5,2232,5,2,1,1.0,7,92026,M,,,92
201400039915,14,12,7,2045,5,2,2,2.0,3,92026,M,,,92
201400039916,14,12,9,805,5,2,1,1.0,6,92026,M,,,92
201400039917,14,12,10,1830,5,2,1,1.0,6,92026,M,,,92
201400039918,14,12,12,750,5,2,3,2.0,6,92026,M,,,92
201400039919,14,12,15,935,1,2,1,2.0,6,92026,M,,,92
201400039920,14,12,13,1710,5,2,2,1.0,3,92026,M,,,92
201400039921,14,12,16,1715,5,2,2,1.0,3,92026,M,,,92
201400039922,14,12,19,540,5,2,1,1.0,7,92026,M,,,92
201400039923,14,1,8,1650,1,2,2,1.0,3,92035,M,,,92
201400039924,14,12,2,1235,1,2,3,1.0,3,92035,M,,,92
201400039925,14,12,5,1735,5,2,1,1.0,6,92035,M,,,92
201400039926,14,12,6,1800,5,2,1,1.0,6,92035,M,,,92
201400039927,14,12,12,1935,5,2,2,3.0,6,92035,M,,,92
201400039928,14,12,15,1800,5,2,1,2.0,2,92035,M,,,92
201400039929,14,1,15,1225,1,2,5,2.0,5,92035,M,,,92
201400039930,14,1,17,900,1,2,2,1.0,3,92035,M,,,92
201400039931,14,1,19,2030,5,2,1,1.0,3,92035,M,,,92
201400039932,14,1,18,1020,1,2,1,1.0,6,92035,M,,,92
201400039933,14,1,21,1820,5,2,5,1.0,3,92035,M,,,92
201400039934,14,2,7,1615,1,2,3,1.0,3,92035,M,,,92
201400039935,14,2,9,830,1,2,1,1.0,6,92035,M,,,92
201400039936,14,2,9,1300,1,2,1,1.0,2,92035,M,,,92
201400039937,14,2,11,1005,1,2,1,1.0,7,92035,M,,,92
201400039938,14,2,10,1,5,2,2,1.0,3,92035,M,,,92
201400039939,14,3,12,1055,1,2,5,1.0,6,92035,M,,,92
201400039940,14,3,14,1052,1,2,1,1.0,6,92035,M,,,92
201400039941,14,4,8,1140,1,2,2,1.0,6,92035,M,,,92
201400039942,14,4,3,2045,1,2,3,1.0,7,92035,M,,,92
201400039943,14,4,17,1305,1,2,1,1.0,6,92035,M,,,92
201400039944,14,3,20,820,1,2,5,1.0,2,92035,M,,,92
201400039945,14,3,20,1725,1,2,5,1.0,6,92035,M,,,92
201400039946,14,4,22,1830,1,2,1,1.0,7,92035,M,,,92
201400039947,14,3,4,930,1,2,4,1.0,6,92035,M,,,92
201400039948,14,4,10,850,1,2,1,1.0,6,92035,M,,,92
201400039949,14,4,25,1725,1,2,1,1.0,6,92035,M,,,92
201400039950,14,5,8,1130,1,2,3,1.0,2,92035,M,,,92
201400039951,14,5,18,1825,1,2,3,1.0,6,92035,M,,,92
201400039952,14,5,30,1628,1,2,5,1.0,3,92035,M,,,92
201400039953,14,6,3,955,1,2,5,1.0,3,92035,M,,,92
201400039954,14,6,1,40,5,2,5,1.0,3,92035,M,,,92
201400039955,14,6,6,2000,5,2,1,1.0,6,92035,M,,,92
201400039956,14,6,7,2030,1,2,4,1.0,7,92035,M,,,92
201400039957,14,6,2,1230,1,2,5,1.0,6,92035,M,,,92
201400039958,14,6,21,930,1,2,3,1.0,2,92035,M,,,92
201400039959,14,6,23,1230,1,2,6,1.0,6,92035,M,,,92
201400039960,14,6,27,1045,1,2,2,1.0,6,92035,M,,,92
201400039961,14,7,22,1115,1,2,1,1.0,6,92035,M,,,92
201400039962,14,8,5,2154,5,2,1,1.0,3,92035,M,,,92
201400039963,14,8,7,905,1,2,1,2.0,3,92035,M,,,92
201400039964,14,8,29,830,1,2,1,2.0,4,92035,M,,,92
201400039965,14,9,19,2005,2,2,2,1.0,3,92035,M,,,92
201400039966,14,9,26,1735,1,2,1,1.0,2,92035,M,,,92
201400039967,14,9,23,1055,1,2,1,1.0,6,92035,M,,,92
201400039968,14,10,3,2100,5,2,6,1.0,7,92035,M,,,92
201400039969,14,9,30,1235,1,2,2,1.0,6,92035,M,,,92
201400039970,14,10,30,2035,5,2,1,1.0,6,92035,M,,,92
201400039971,14,11,6,1910,5,2,7,1.0,3,92035,M,,,92
201400039972,14,10,21,815,1,2,6,1.0,3,92035,M,,,92
201400039973,14,11,26,2138,3,2,1,1.0,6,92035,M,,,92
201400039974,14,11,4,825,1,2,2,1.0,3,92035,M,,,92
201400039975,14,11,5,745,2,2,5,1.0,1,92035,M,,,92
201400039976,14,12,15,900,2,2,3,1.0,6,92035,M,,,92
201400039977,14,11,8,1710,1,2,5,1.0,6,92035,M,,,92
201400039978,14,11,13,855,1,2,3,1.0,3,92035,M,,,92
201400039979,14,1,13,810,2,2,2,1.0,6,92036,M,,,92
201400039980,14,1,13,1825,5,2,1,1.0,6,92036,M,,,92
201400039981,14,1,17,948,1,2,3,1.0,3,92036,M,,,92