Num_Acc,an,mois,jour,hrmn,lum,agg,int,atm,col,com,gps,lat,long,dep
201400039982,14,1,28,1300,1,2,1,1.0,6,92036,M,,,92
201400039983,14,1,30,715,1,2,6,1.0,6,92036,M,,,92
201400039984,14,1,31,1345,1,2,1,1.0,2,92036,M,,,92
201400039985,14,1,31,2105,5,2,3,2.0,3,92036,M,,,92
201400039986,14,2,1,2015,5,1,1,1.0,2,92036,M,,,92
201400039987,14,2,2,2235,5,2,1,1.0,6,92036,M,,,92
201400039988,14,2,3,2055,5,2,1,1.0,7,92036,M,,,92
201400039989,14,2,4,1810,5,2,3,1.0,6,92036,M,,,92
201400039990,14,2,7,1905,5,2,1,1.0,6,92036,M,,,92
201400039991,14,2,15,2340,5,2,1,1.0,7,92036,M,,,92
201400039992,14,3,3,1720,1,2,1,1.0,7,92036,M,,,92
201400039993,14,3,8,1520,1,2,1,1.0,6,92036,M,,,92
201400039994,14,3,9,1840,1,2,1,1.0,7,92036,M,,,92
201400039995,14,3,13,1205,1,2,1,1.0,7,92036,M,,,92
201400039996,14,3,17,1430,1,2,2,1.0,3,92036,M,,,92
201400039997,14,3,20,1300,1,2,3,1.0,6,92036,M,,,92
201400039998,14,3,23,1925,5,2,1,1.0,6,92036,M,,,92
201400039999,14,4,2,1600,1,2,1,1.0,6,92036,M,,,92
201400040000,14,4,3,1400,1,2,2,1.0,6,92036,M,,,92
201400040001,14,4,7,1720,1,2,1,1.0,6,92036,M,,,92
201400040002,14,4,8,910,1,2,1,1.0,6,92036,M,,,92
201400040003,14,4,9,1310,1,2,2,1.0,7,92036,M,,,92
201400040004,14,4,27,1352,1,2,1,1.0,6,92036,M,,,92
201400040005,14,4,27,1715,1,2,1,1.0,7,92036,M,,,92
201400040006,14,5,3,1745,1,2,1,1.0,6,92036,M,,,92
201400040007,14,5,6,1810,1,2,3,1.0,1,92036,M,,,92
201400040008,14,5,7,1225,1,2,3,3.0,7,92036,M,,,92
201400040009,14,5,29,1430,1,2,2,1.0,7,92036,M,,,92
201400040010,14,6,7,1355,1,2,3,1.0,7,92036,M,,,92
201400040011,14,6,7,1550,1,2,3,1.0,3,92036,M,,,92
201400040012,14,6,8,2020,1,2,1,1.0,6,92036,M,,,92
201400040013,14,6,12,1130,1,2,1,1.0,2,92036,M,,,92
201400040014,14,6,16,1455,1,2,6,1.0,6,92036,M,,,92
201400040015,14,6,17,2305,5,2,1,1.0,6,92036,M,,,92
201400040016,14,6,20,2030,1,2,3,2.0,6,92036,M,,,92
201400040017,14,6,24,1135,1,1,2,1.0,6,92036,M,,,92
201400040018,14,6,27,1045,1,2,1,1.0,2,92036,M,,,92
201400040019,14,6,29,1045,1,2,2,2.0,7,92036,M,,,92
201400040020,14,6,30,1810,1,2,6,1.0,6,92036,M,,,92
201400040021,14,7,1,1945,1,2,1,1.0,7,92036,M,,,92
201400040022,14,7,2,1550,1,2,1,1.0,2,92036,M,,,92
201400040023,14,7,2,1550,1,2,1,1.0,4,92036,M,,,92
201400040024,14,7,6,645,1,2,3,1.0,7,92036,M,,,92
201400040025,14,7,6,1405,1,2,6,3.0,7,92036,M,,,92
201400040026,14,7,7,920,1,2,3,1.0,2,92036,M,,,92
201400040027,14,7,9,2200,5,2,2,1.0,6,92036,M,,,92
201400040028,14,7,15,1710,1,2,1,1.0,7,92036,M,,,92
201400040029,14,7,18,1725,1,2,3,1.0,6,92036,M,,,92
201400040030,14,7,21,1005,1,2,4,1.0,6,92036,M,,,92
201400040031,14,7,25,1810,1,2,3,1.0,6,92036,M,,,92
201400040032,14,7,28,1650,1,2,1,1.0,6,92036,M,,,92
201400040033,14,7,29,1215,1,2,3,1.0,1,92036,M,,,92
201400040034,14,8,1,1315,1,2,1,1.0,7,92036,M,,,92
201400040035,14,8,1,1720,1,2,2,1.0,7,92036,M,,,92
201400040036,14,8,17,20,5,2,1,1.0,6,92036,M,,,92
201400040037,14,8,21,1520,1,2,1,1.0,6,92036,M,,,92
201400040038,14,8,23,2135,5,2,2,1.0,1,92036,M,,,92
201400040039,14,9,3,1120,1,2,2,1.0,6,92036,M,,,92
201400040040,14,9,4,1300,1,2,1,1.0,6,92036,M,,,92
201400040041,14,9,5,610,2,2,2,1.0,3,92036,M,,,92
201400040042,14,9,10,135,5,2,2,1.0,3,92036,M,,,92
201400040043,14,9,12,930,1,2,1,1.0,6,92036,M,,,92
201400040044,14,9,19,1540,1,2,3,1.0,3,92036,M,,,92
201400040045,14,9,20,1825,1,2,1,3.0,7,92036,M,,,92
201400040046,14,9,21,1405,1,2,6,1.0,2,92036,M,,,92
201400040047,14,9,22,1920,1,2,9,1.0,3,92036,M,,,92
201400040048,14,10,1,820,1,2,1,1.0,7,92036,M,,,92
201400040049,14,10,1,825,1,2,1,1.0,6,92036,M,,,92
201400040050,14,10,1,2015,1,2,1,1.0,2,92036,M,,,92
201400040051,14,10,8,1150,1,2,2,1.0,6,92036,M,,,92
201400040052,14,10,10,1615,1,2,1,1.0,6,92036,M,,,92
201400040053,14,10,19,125,5,2,2,1.0,3,92036,M,,,92
201400040054,14,10,27,1445,1,2,1,1.0,2,92036,M,,,92
201400040055,14,10,27,1750,1,2,1,1.0,7,92036,M,,,92
201400040056,14,11,5,1300,1,2,1,1.0,6,92036,M,,,92
201400040057,14,11,6,1730,2,2,2,1.0,6,92036,M,,,92
201400040058,14,11,10,1950,5,2,3,1.0,6,92036,M,,,92
201400040059,14,11,12,1350,1,2,6,1.0,2,92036,M,,,92
201400040060,14,11,12,1700,1,2,2,1.0,3,92036,M,,,92
201400040061,14,11,13,1745,5,2,1,1.0,6,92036,M,,,92
201400040062,14,11,13,1940,5,2,6,1.0,2,92036,M,,,92
201400040063,14,11,17,1230,1,2,1,2.0,7,92036,M,,,92
201400040064,14,11,17,2150,5,2,2,1.0,7,92036,M,,,92
201400040065,14,11,21,1405,1,2,3,1.0,3,92036,M,,,92
201400040066,14,11,21,1525,1,2,3,1.0,6,92036,M,,,92
201400040067,14,11,26,1810,5,2,3,2.0,3,92036,M,,,92
201400040068,14,12,3,1800,5,2,2,1.0,1,92036,M,,,92
201400040069,14,12,4,915,1,2,1,1.0,2,92036,M,,,92
201400040070,14,12,7,1730,2,2,2,2.0,7,92036,M,,,92
201400040071,14,12,8,735,5,2,2,1.0,7,92036,M,,,92
201400040072,14,12,9,1600,1,2,1,1.0,6,92036,M,,,92
201400040073,14,12,12,1820,5,2,1,2.0,6,92036,M,,,92
201400040074,14,12,13,1140,1,2,1,3.0,1,92036,M,,,92
201400040075,14,12,24,945,1,2,3,1.0,6,92036,M,,,92
201400040076,14,12,24,1845,5,2,4,2.0,6,92036,M,,,92
201400040077,14,12,24,1900,5,2,1,2.0,2,92036,M,,,92
201400040078,14,12,25,2140,5,2,2,1.0,6,92036,M,,,92
201400040079,14,12,30,1630,1,2,1,1.0,6,92036,M,,,92
201400040080,14,3,28,1130,1,2,4,1.0,6,92020,M,,,92
201400040081,14,1,6,1815,3,2,3,1.0,3,92040,M,,,92
201400040082,14,1,8,1730,5,2,2,1.0,1,92040,M,,,92
201400040083,14,1,16,840,1,2,1,3.0,3,92040,M,,,92
201400040084,14,1,16,2230,5,2,1,1.0,6,92040,M,,,92
201400040085,14,1,14,850,1,2,3,8.0,3,92040,M,,,92
201400040086,14,11,17,2000,5,2,6,1.0,6,92040,M,,,92
201400040087,14,1,16,915,1,2,1,2.0,3,92040,M,,,92
201400040088,14,11,17,2020,5,2,1,2.0,3,92040,M,,,92
201400040089,14,11,18,2030,5,2,3,2.0,2,92040,M,,,92
201400040090,14,11,24,900,1,2,1,2.0,6,92040,M,,,92
201400040091,14,11,27,2315,5,2,1,1.0,2,92040,M,,,92
201400040092,14,1,20,1630,1,2,6,2.0,6,92040,M,,,92
201400040093,14,1,27,1450,1,2,1,6.0,3,92040,M,,,92
201400040094,14,12,3,1815,4,2,2,1.0,6,92040,M,,,92
201400040095,14,12,11,750,2,2,1,8.0,1,92040,M,,,92
201400040096,14,12,13,2045,5,2,2,1.0,3,92040,M,,,92
201400040097,14,12,15,1810,4,2,6,2.0,7,92040,M,,,92
201400040098,14,12,17,1740,5,2,1,2.0,7,92040,M,,,92
201400040099,14,1,31,1535,1,2,1,1.0,6,92040,M,,,92
201400040100,14,2,4,1140,1,2,1,1.0,6,92040,M,,,92
201400040101,14,2,3,2100,3,2,2,1.0,3,92040,M,,,92
201400040102,14,2,15,1300,1,2,1,1.0,6,92040,M,,,92
201400040103,14,2,13,1230,1,2,1,2.0,6,92040,M,,,92
201400040104,14,2,14,1050,1,2,1,2.0,1,92040,M,,,92
201400040105,14,2,26,1615,1,2,1,1.0,7,92040,M,,,92
201400040106,14,3,4,905,1,2,3,1.0,2,92040,M,,,92
201400040107,14,3,13,945,1,2,1,1.0,4,92040,M,,,92
201400040108,14,3,7,945,1,2,7,1.0,3,92040,M,,,92
201400040109,14,4,1,1945,1,2,1,1.0,2,92040,M,,,92
201400040110,14,4,11,1830,1,2,1,1.0,6,92040,M,,,92
201400040111,14,3,26,815,1,2,1,1.0,3,92040,M,,,92
201400040112,14,3,26,830,1,2,3,1.0,3,92040,M,,,92
201400040113,14,3,28,1940,5,2,1,1.0,5,92040,M,,,92
201400040114,14,4,15,1320,1,2,3,1.0,6,92040,M,,,92
201400040115,14,4,30,1310,1,2,3,1.0,3,92040,M,,,92
201400040116,14,5,6,1145,1,2,1,1.0,7,92040,M,,,92
201400040117,14,4,11,1845,1,2,1,1.0,6,92040,M,,,92
201400040118,14,5,15,1420,1,2,1,1.0,3,92040,M,,,92
201400040119,14,4,5,1350,1,2,3,1.0,6,92040,M,,,92
201400040120,14,5,18,900,1,2,1,1.0,6,92040,M,,,92
201400040121,14,4,9,2230,5,2,1,1.0,6,92040,M,,,92
201400040122,14,3,31,948,1,2,1,1.0,7,92040,M,,,92
201400040123,14,4,25,2150,5,2,1,2.0,3,92040,M,,,92
201400040124,14,4,30,1455,1,2,1,1.0,6,92040,M,,,92
201400040125,14,5,9,950,1,2,3,1.0,2,92040,M,,,92
201400040126,14,5,14,1420,1,2,1,1.0,3,92040,M,,,92
201400040127,14,5,26,2050,1,2,3,1.0,6,92040,M,,,92
201400040128,14,6,6,1345,1,2,1,1.0,6,92040,M,,,92
201400040129,14,5,22,740,1,2,2,1.0,6,92040,M,,,92
201400040130,14,6,18,1300,1,2,2,1.0,4,92040,M,,,92
201400040131,14,6,25,1920,1,2,1,1.0,6,92040,M,,,92
201400040132,14,6,19,955,1,2,3,1.0,6,92040,M,,,92
201400040133,14,6,14,1410,1,2,1,1.0,6,92040,M,,,92
201400040134,14,7,4,1515,1,2,1,1.0,6,92040,M,,,92
201400040135,14,6,25,700,1,2,3,1.0,3,92040,M,,,92
201400040136,14,6,17,910,1,2,1,1.0,6,92040,M,,,92
201400040137,14,6,2,2020,1,2,2,1.0,6,92040,M,,,92
201400040138,14,7,2,1838,1,2,1,1.0,3,92040,M,,,92
201400040139,14,6,3,540,2,2,2,1.0,3,92040,M,,,92
201400040140,14,6,24,1710,1,2,1,1.0,5,92040,M,,,92
201400040141,14,6,28,940,1,2,2,1.0,7,92040,M,,,92
201400040142,14,6,7,1515,1,2,6,1.0,3,92040,M,,,92
201400040143,14,8,7,1300,1,2,2,3.0,6,92040,M,,,92
201400040144,14,8,8,110,4,2,1,1.0,2,92040,M,,,92
201400040145,14,7,24,1030,1,2,1,1.0,6,92040,M,,,92
201400040146,14,7,5,1310,1,2,1,2.0,3,92040,M,,,92
201400040147,14,1,2,1700,2,2,3,1.0,7,92040,M,,,92
201400040148,14,7,24,2015,1,2,1,1.0,3,92040,M,,,92
201400040149,14,9,2,820,1,2,3,1.0,6,92040,M,,,92
201400040150,14,9,16,1010,1,2,3,1.0,3,92040,M,,,92
201400040151,14,9,17,730,1,2,6,1.0,2,92040,M,,,92
201400040152,14,9,20,1720,1,2,1,1.0,6,92040,M,,,92
201400040153,14,9,30,1645,1,2,1,1.0,6,92040,M,,,92
201400040154,14,9,27,2100,3,2,1,1.0,3,92040,M,,,92
201400040155,14,9,23,1000,1,2,1,1.0,2,92040,M,,,92
201400040156,14,9,24,1825,1,2,3,1.0,6,92040,M,,,92
201400040157,14,9,25,1415,1,2,3,1.0,3,92040,M,,,92
201400040158,14,10,1,1000,1,2,1,1.0,3,92040,M,,,92
201400040159,14,10,11,743,5,1,1,2.0,6,92040,M,,,92
201400040160,14,9,8,845,1,2,3,1.0,2,92040,M,,,92
201400040161,14,9,11,1745,1,2,1,1.0,6,92040,M,,,92
201400040162,14,10,22,850,1,2,1,1.0,7,92040,M,,,92
201400040163,14,10,17,915,1,2,2,2.0,7,92040,M,,,92
201400040164,14,10,18,1440,1,2,1,1.0,5,92040,M,,,92
201400040165,14,10,6,1705,1,2,3,1.0,3,92040,M,,,92
201400040166,14,10,8,900,1,2,1,1.0,3,92040,M,,,92
201400040167,14,10,2,925,1,2,3,1.0,5,92040,M,,,92
201400040168,14,10,28,1310,1,2,3,1.0,3,92040,M,,,92
201400040169,14,11,12,1850,5,2,2,1.0,3,92040,M,,,92
201400040170,14,10,23,810,1,2,1,1.0,6,92040,M,,,92
201400040171,14,10,27,2325,5,2,3,1.0,3,92040,M,,,92
201400040172,14,10,29,1900,5,2,1,1.0,3,92040,M,,,92
201400040173,14,10,30,2110,5,2,3,1.0,3,92040,M,,,92
201400040174,14,10,31,2155,5,2,3,1.0,7,92040,M,,,92
201400040175,14,11,3,1630,1,2,2,2.0,2,92040,M,,,92
201400040176,14,11,7,750,1,2,1,2.0,6,92040,M,,,92
201400040177,14,11,13,920,1,2,1,1.0,2,92040,M,,,92
201400040178,14,12,18,1000,1,2,1,1.0,3,92040,M,,,92
201400040179,14,12,18,1540,1,2,3,1.0,6,92040,M,,,92
201400040180,14,12,19,1640,1,2,1,1.0,6,92040,M,,,92
201400040181,14,12,9,1700,2,2,1,1.0,6,92040,M,,,92
201400040182,14,11,7,805,5,2,2,1.0,3,92040,M,,,92
201400040183,14,11,14,1535,1,2,1,2.0,7,92040,M,,,92
201400040184,14,10,8,820,1,2,2,1.0,2,92044,M,,,92
201400040185,14,1,3,1005,1,2,2,1.0,6,92044,M,,,92
201400040186,14,1,26,1520,1,2,1,2.0,6,92044,M,,,92
201400040187,14,1,28,1155,1,2,1,1.0,3,92044,M,,,92
201400040188,14,1,30,1545,1,2,1,1.0,6,92044,M,,,92
201400040189,14,2,8,715,5,2,1,2.0,3,92044,M,,,92
201400040190,14,2,12,1925,5,2,2,2.0,6,92044,M,,,92
201400040191,14,2,12,2045,5,2,1,2.0,6,92044,M,,,92
201400040192,14,3,1,2210,5,2,2,1.0,3,92044,M,,,92
201400040193,14,3,1,2250,5,2,1,1.0,6,92044,M,,,92
201400040194,14,3,5,1815,2,2,3,1.0,6,92044,M,,,92
201400040195,14,3,7,2015,5,2,1,1.0,6,92044,M,,,92
201400040196,14,3,7,2030,5,2,2,1.0,3,92044,M,,,92
201400040197,14,3,11,1230,1,2,1,1.0,2,92044,M,,,92
201400040198,14,3,13,1020,1,2,1,1.0,6,92044,M,,,92
201400040199,14,4,2,935,1,2,1,1.0,6,92044,M,,,92
201400040200,14,4,19,245,5,2,1,1.0,6,92044,M,,,92
201400040201,14,4,29,1410,1,2,2,9.0,3,92044,M,,,92
201400040202,14,5,3,1940,1,2,1,1.0,6,92044,M,,,92
201400040203,14,5,9,905,1,2,9,8.0,6,92044,M,,,92
201400040204,14,5,19,900,1,2,2,1.0,6,92044,M,,,92
201400040205,14,5,21,945,1,2,1,2.0,2,92044,M,,,92
201400040206,14,5,21,1145,1,2,2,1.0,6,92044,M,,,92
201400040207,14,6,2,1745,1,2,2,1.0,6,92044,M,,,92
201400040208,14,5,31,1925,1,2,2,1.0,3,92044,M,,,92
201400040209,14,6,17,2300,5,2,1,1.0,3,92044,M,,,92
201400040210,14,6,20,1345,1,2,1,1.0,3,92044,M,,,92
201400040211,14,6,24,1325,1,2,1,1.0,6,92044,M,,,92
201400040212,14,6,24,2145,2,2,1,1.0,6,92044,M,,,92
201400040213,14,4,2,930,1,2,2,1.0,6,92044,M,,,92
201400040214,14,6,25,1830,1,2,1,1.0,2,92044,M,,,92
201400040215,14,6,30,2000,1,2,3,1.0,2,92044,M,,,92
201400040216,14,7,3,845,1,2,1,1.0,6,92044,M,,,92
201400040217,14,7,3,2245,2,2,1,1.0,7,92044,M,,,92
201400040218,14,7,4,835,1,2,1,1.0,7,92044,M,,,92
201400040219,14,7,10,1815,1,2,1,1.0,6,92044,M,,,92
201400040220,14,7,12,1715,1,2,2,1.0,6,92044,M,,,92
201400040221,14,7,17,1750,1,2,3,1.0,7,92044,M,,,92
201400040222,14,7,18,1145,1,2,3,1.0,3,92044,M,,,92
201400040223,14,7,18,1750,1,2,1,1.0,6,92044,M,,,92
201400040224,14,7,25,1940,1,2,2,1.0,6,92044,M,,,92
201400040225,14,7,28,1810,1,2,1,1.0,2,92044,M,,,92
201400040226,14,7,28,1945,1,2,2,1.0,2,92044,M,,,92
201400040227,14,8,14,2335,5,2,2,1.0,6,92044,M,,,92
201400040228,14,8,17,2030,2,2,1,1.0,2,92044,M,,,92
201400040229,14,9,2,1430,1,2,2,1.0,6,92044,M,,,92
201400040230,14,9,3,800,1,2,1,1.0,6,92044,M,,,92
201400040231,14,9,7,1920,1,2,1,1.0,3,92044,M,,,92
201400040232,14,8,18,1910,1,2,1,1.0,6,92044,M,,,92
201400040233,14,9,23,1125,1,2,1,1.0,6,92044,M,,,92
201400040234,14,9,24,905,1,2,1,1.0,6,92044,M,,,92
201400040235,14,9,30,2130,2,2,1,1.0,6,92044,M,,,92
201400040236,14,10,2,1630,1,2,1,1.0,6,92044,M,,,92
201400040237,14,10,2,1955,5,2,1,1.0,6,92044,M,,,92
201400040238,14,10,2,2030,2,2,2,1.0,7,92044,M,,,92
201400040239,14,10,3,830,1,2,2,1.0,3,92044,M,,,92
201400040240,14,10,12,1310,1,2,1,1.0,5,92044,M,,,92
201400040241,14,10,13,1750,2,2,1,1.0,7,92044,M,,,92
201400040242,14,10,14,120,5,2,2,1.0,7,92044,M,,,92
201400040243,14,10,23,1425,1,2,2,1.0,3,92044,M,,,92
201400040244,14,10,25,920,1,2,2,1.0,6,92044,M,,,92
201400040245,14,10,30,1005,1,2,5,1.0,7,92044,M,,,92
201400040246,14,11,3,1755,2,2,2,1.0,6,92044,M,,,92
201400040247,14,11,14,1330,1,2,1,1.0,2,92044,M,,,92
201400040248,14,11,15,1805,2,2,2,1.0,3,92044,M,,,92
201400040249,14,11,12,1145,1,2,1,1.0,6,92044,M,,,92
201400040250,14,11,25,1335,1,2,1,1.0,6,92044,M,,,92
201400040251,14,11,28,730,1,2,2,1.0,6,92044,M,,,92
201400040252,14,11,28,2135,5,2,1,1.0,6,92044,M,,,92
201400040253,14,11,29,1745,2,2,2,1.0,6,92044,M,,,92
201400040254,14,11,30,1930,1,2,1,1.0,2,92044,M,,,92
201400040255,14,12,5,1155,1,2,2,1.0,6,92044,M,,,92
201400040256,14,12,10,1815,1,2,1,1.0,6,92044,M,,,92
201400040257,14,12,11,2305,5,2,2,1.0,3,92044,M,,,92
201400040258,14,12,12,450,5,2,2,1.0,3,92044,M,,,92
201400040259,14,12,18,1005,1,2,2,1.0,6,92044,M,,,92
201400040260,14,12,13,1005,1,2,2,1.0,6,92044,M,,,92
201400040261,14,12,18,520,1,2,2,1.0,3,92044,M,,,92
201400040262,14,12,18,830,1,2,2,1.0,6,92044,M,,,92
201400040263,14,12,24,1510,1,2,1,1.0,6,92044,M,,,92
201400040264,14,1,10,920,1,2,2,1.0,3,92048,M,,,92
201400040265,14,8,31,545,5,2,6,1.0,6,92048,M,,,92
201400040266,14,11,1,640,5,2,1,1.0,7,92048,M,,,92
201400040267,14,1,21,1950,5,2,2,1.0,3,92048,M,,,92
201400040268,14,1,27,830,1,2,3,1.0,6,92048,M,,,92
201400040269,14,1,31,245,5,2,2,5.0,6,92048,M,,,92
201400040270,14,1,14,800,1,2,1,1.0,6,92048,M,,,92
201400040271,14,2,28,1200,1,1,1,1.0,6,92048,M,,,92
201400040272,14,3,8,1220,1,2,1,1.0,6,92048,M,,,92
201400040273,14,2,27,1800,1,2,6,1.0,7,92048,M,,,92
201400040274,14,3,30,920,1,2,1,1.0,6,92048,M,,,92
201400040275,14,4,7,1800,1,1,1,1.0,7,92048,M,,,92
201400040276,14,4,14,1800,2,2,1,1.0,6,92048,M,,,92
201400040277,14,4,22,1745,1,2,2,1.0,3,92048,M,,,92
201400040278,14,4,16,1545,1,2,2,1.0,6,92048,M,,,92
201400040279,14,5,15,1730,2,1,1,1.0,6,92048,M,,,92
201400040280,14,5,16,1625,1,2,9,1.0,3,92048,M,,,92
201400040281,14,5,23,1240,1,2,2,1.0,6,92048,M,,,92
201400040282,14,6,9,1100,1,2,1,1.0,6,92048,M,,,92
201400040283,14,6,10,1730,1,2,3,2.0,7,92048,M,,,92
201400040284,14,6,11,1120,1,1,1,1.0,6,92048,M,,,92
201400040285,14,6,17,1626,1,2,3,1.0,6,92048,M,,,92
201400040286,14,6,23,820,1,2,9,1.0,6,92048,M,,,92
201400040287,14,6,23,1000,1,2,1,1.0,5,92048,M,,,92
201400040288,14,8,1,1445,1,1,9,1.0,6,92048,M,,,92
201400040289,14,8,6,1425,1,2,9,1.0,6,92048,M,,,92
201400040290,14,8,7,1515,1,2,2,2.0,3,92048,M,,,92
201400040291,14,8,8,1240,1,2,1,2.0,6,92048,M,,,92
201400040292,14,8,17,1400,1,2,6,1.0,6,92048,M,,,92
201400040293,14,8,20,1640,1,2,1,1.0,6,92048,M,,,92
201400040294,14,9,5,1850,1,2,3,1.0,6,92048,M,,,92
201400040295,14,9,26,855,1,2,1,1.0,3,92048,M,,,92
201400040296,14,9,29,1205,1,2,6,2.0,7,92048,M,,,92
201400040297,14,10,2,1950,5,1,1,2.0,6,92048,M,,,92
201400040298,14,10,4,2320,5,2,3,2.0,6,92048,M,,,92
201400040299,14,10,3,1150,1,2,3,1.0,3,92048,M,,,92
201400040300,14,10,15,1720,1,2,2,2.0,6,92048,M,,,92
201400040301,14,10,18,1100,1,2,3,1.0,6,92048,M,,,92
201400040302,14,10,19,1215,1,2,7,1.0,3,92048,M,,,92
201400040303,14,11,28,1740,2,2,1,2.0,6,92048,M,,,92
201400040304,14,1,2,935,1,2,2,2.0,7,92049,M,,,92
201400040305,14,1,3,240,5,2,6,1.0,7,92020,M,,,92
201400040306,14,1,7,2140,5,2,1,1.0,2,92020,M,,,92
201400040307,14,1,8,747,2,2,2,1.0,1,92049,M,,,92
201400040308,14,1,12,40,5,2,2,5.0,6,92049,M,,,92
201400040309,14,1,12,220,5,2,2,5.0,3,92049,M,,,92
201400040310,14,1,12,1410,1,2,1,8.0,2,92049,M,,,92
201400040311,14,1,14,1055,1,2,1,1.0,6,92020,M,,,92
201400040312,14,1,14,1640,1,2,1,1.0,6,92020,M,,,92
201400040313,14,1,21,1015,1,2,2,2.0,6,92049,M,,,92
201400040314,14,1,23,720,5,2,1,1.0,6,92049,M,,,92
201400040315,14,1,23,800,1,2,1,1.0,6,92020,M,,,92
201400040316,14,1,31,1540,1,2,2,1.0,1,92020,M,,,92
201400040317,14,2,4,1000,1,2,1,1.0,2,92049,M,,,92
201400040318,14,2,4,2000,5,2,2,1.0,6,92020,M,,,92
201400040319,14,2,7,1200,1,2,1,1.0,1,92020,M,,,92
201400040320,14,2,7,1800,2,2,2,1.0,3,92049,M,,,92
201400040321,14,2,9,2110,5,2,1,1.0,6,92049,M,,,92
201400040322,14,2,13,850,1,2,2,1.0,6,92020,M,,,92
201400040323,14,2,17,1545,1,2,1,1.0,1,92020,M,,,92
201400040324,14,2,25,1925,5,2,3,1.0,3,92049,M,,,92
201400040325,14,2,26,1515,1,2,1,1.0,2,92049,M,,,92
201400040326,14,3,2,1345,1,2,1,1.0,6,92049,M,,,92
201400040327,14,3,3,1110,1,2,1,2.0,6,92020,M,,,92
201400040328,14,3,8,920,1,2,1,1.0,6,92020,M,,,92
201400040329,14,3,10,1320,1,1,2,1.0,3,92049,M,,,92
201400040330,14,3,12,820,1,2,1,1.0,6,92049,M,,,92
201400040331,14,3,14,1045,1,2,2,1.0,2,92049,M,,,92
201400040332,14,3,16,2030,5,2,9,1.0,3,92020,M,,,92
201400040333,14,3,17,1050,1,2,4,1.0,3,92020,M,,,92
201400040334,14,3,17,2010,5,2,2,1.0,3,92049,M,,,92
201400040335,14,3,19,1805,1,2,9,1.0,5,92020,M,,,92
201400040336,14,3,20,835,1,2,1,1.0,2,92049,M,,,92
201400040337,14,3,21,710,2,2,1,2.0,3,92049,M,,,92
201400040338,14,3,26,755,1,2,1,1.0,6,92049,M,,,92
201400040339,14,3,28,1625,1,2,2,1.0,6,92049,M,,,92
201400040340,14,3,30,1125,1,2,4,1.0,2,92049,M,,,92
201400040341,14,4,3,1515,1,2,1,1.0,6,92049,M,,,92
201400040342,14,4,9,855,1,2,1,1.0,3,92020,M,,,92
201400040343,14,4,10,900,1,2,1,1.0,3,92020,M,,,92
201400040344,14,4,10,1310,1,2,1,1.0,6,92049,M,,,92
201400040345,14,4,11,1430,1,2,1,1.0,6,92049,M,,,92
201400040346,14,4,12,1135,1,2,2,1.0,3,92020,M,,,92
201400040347,14,4,13,1410,1,2,1,1.0,3,92020,M,,,92
201400040348,14,4,18,1955,1,2,2,1.0,3,92049,M,,,92
201400040349,14,4,22,1745,1,2,1,2.0,6,92049,M,,,92
201400040350,14,4,22,1755,1,2,1,1.0,4,92049,M,,,92
201400040351,14,4,26,125,5,2,1,1.0,2,92049,M,,,92
201400040352,14,4,29,1800,1,2,1,1.0,4,92049,M,,,92
201400040353,14,5,2,1510,1,2,1,2.0,6,92049,M,,,92
201400040354,14,5,5,1450,1,2,2,1.0,3,92020,M,,,92
201400040355,14,5,16,855,1,2,3,1.0,6,92049,M,,,92
201400040356,14,5,16,1455,1,2,2,1.0,3,92049,M,,,92
201400040357,14,5,16,2120,2,2,2,1.0,3,92049,M,,,92
201400040358,14,5,17,200,5,2,1,1.0,2,92049,M,,,92
201400040359,14,5,17,1630,1,2,2,1.0,3,92020,M,,,92
201400040360,14,5,19,1100,1,2,1,1.0,6,92020,M,,,92
201400040361,14,5,22,700,1,2,1,1.0,1,92020,M,,,92
201400040362,14,5,26,1205,1,2,3,2.0,6,92049,M,,,92
201400040363,14,5,30,1550,1,2,1,1.0,6,92020,M,,,92
201400040364,14,6,1,1705,1,2,1,1.0,3,92020,M,,,92
201400040365,14,6,3,1635,1,2,1,1.0,6,92049,M,,,92
201400040366,14,6,5,2105,2,2,2,1.0,3,92049,M,,,92
201400040367,14,6,6,745,1,2,1,1.0,3,92049,M,,,92
201400040368,14,6,7,1530,1,2,1,1.0,6,92049,M,,,92
201400040369,14,6,8,25,5,2,1,1.0,2,92049,M,,,92
201400040370,14,6,12,920,1,2,2,1.0,3,92020,M,,,92
201400040371,14,6,13,2340,5,2,2,1.0,4,92049,M,,,92
201400040372,14,6,18,1920,1,2,1,1.0,3,92049,M,,,92
201400040373,14,6,19,1450,1,2,1,1.0,6,92049,M,,,92
201400040374,14,6,20,2130,5,2,3,1.0,2,92020,M,,,92
201400040375,14,6,26,820,1,2,1,1.0,7,92049,M,,,92
201400040376,14,6,26,1820,1,2,1,1.0,6,92020,M,,,92
201400040377,14,6,26,2245,5,2,1,1.0,7,92049,M,,,92
201400040378,14,6,29,1540,1,2,1,1.0,2,92049,M,,,92
201400040379,14,6,30,1800,1,2,1,1.0,3,92049,M,,,92
201400040380,14,7,3,830,1,2,1,1.0,3,92049,M,,,92
201400040381,14,7,3,1255,1,2,1,1.0,6,92049,M,,,92
201400040382,14,7,3,1920,1,2,3,1.0,3,92049,M,,,92
201400040383,14,7,7,1940,1,2,1,2.0,6,92049,M,,,92
201400040384,14,7,10,340,5,2,6,2.0,6,92049,M,,,92
201400040385,14,7,10,855,1,2,6,1.0,6,92049,M,,,92
201400040386,14,7,10,835,1,2,1,3.0,3,92020,M,,,92
201400040387,14,7,16,1005,1,2,1,1.0,6,92020,M,,,92
201400040388,14,7,16,1215,1,2,7,1.0,2,92020,M,,,92