Num_Acc,an,mois,jour,hrmn,lum,agg,int,atm,col,com,gps,lat,long,dep
201400040389,14,7,16,1930,1,2,1,1.0,2,92049,M,,,92
201400040390,14,7,18,1640,1,1,1,1.0,6,92049,M,,,92
201400040391,14,7,24,625,1,2,1,1.0,6,92020,M,,,92
201400040392,14,7,25,600,1,2,1,1.0,1,92020,M,,,92
201400040393,14,7,28,800,1,2,6,1.0,6,92020,M,,,92
201400040394,14,7,30,1225,1,2,2,1.0,1,92049,M,,,92
201400040395,14,8,1,2020,1,2,1,1.0,7,92049,M,,,92
201400040396,14,8,3,1330,1,2,1,1.0,6,92020,M,,,92
201400040397,14,8,4,1955,1,2,2,1.0,6,92020,M,,,92
201400040398,14,8,8,926,1,2,1,2.0,6,92049,M,,,92
201400040399,14,8,11,1845,1,2,1,2.0,6,92020,M,,,92
201400040400,14,8,21,745,1,2,4,1.0,6,92049,M,,,92
201400040401,14,9,2,945,1,2,1,1.0,6,92020,M,,,92
201400040402,14,9,4,1750,1,2,3,1.0,1,92049,M,,,92
201400040403,14,9,6,1700,1,2,2,1.0,3,92020,M,,,92
201400040404,14,9,8,1255,1,2,2,1.0,3,92049,M,,,92
201400040405,14,9,10,1800,1,2,2,1.0,6,92020,M,,,92
201400040406,14,9,12,755,1,2,2,1.0,3,92049,M,,,92
201400040407,14,9,20,1540,1,2,2,1.0,3,92049,M,,,92
201400040408,14,9,26,1655,1,2,3,1.0,6,92020,M,,,92
201400040409,14,9,27,1310,1,2,2,1.0,3,92049,M,,,92
201400040410,14,10,7,650,5,2,1,2.0,3,92049,M,,,92
201400040411,14,10,8,945,1,2,3,3.0,6,92020,M,,,92
201400040412,14,10,8,1425,1,2,2,1.0,3,92020,M,,,92
201400040413,14,10,8,1830,1,2,2,2.0,3,92049,M,,,92
201400040414,14,10,11,1630,1,2,1,1.0,6,92020,M,,,92
201400040415,14,10,13,1145,1,2,1,1.0,3,92020,M,,,92
201400040416,14,10,18,1236,1,2,1,1.0,3,92049,M,,,92
201400040417,14,10,20,820,1,2,2,1.0,6,92020,M,,,92
201400040418,14,10,21,640,5,2,2,1.0,1,92049,M,,,92
201400040419,14,10,21,905,1,2,1,1.0,6,92049,M,,,92
201400040420,14,10,23,1800,2,2,2,1.0,2,92049,M,,,92
201400040421,14,10,28,910,1,2,1,1.0,7,92049,M,,,92
201400040422,14,10,29,830,1,2,1,1.0,6,92020,M,,,92
201400040423,14,10,30,1055,1,2,1,1.0,7,92049,M,,,92
201400040424,14,11,3,825,1,2,1,8.0,3,92049,M,,,92
201400040425,14,11,4,850,1,2,1,1.0,3,92020,M,,,92
201400040426,14,11,9,1325,1,2,1,1.0,3,92049,M,,,92
201400040427,14,11,11,1230,1,2,2,1.0,2,92020,M,,,92
201400040428,14,11,14,1905,2,2,2,1.0,7,92049,M,,,92
201400040429,14,11,15,1410,1,2,1,1.0,2,92049,M,,,92
201400040430,14,11,16,1325,1,2,1,2.0,6,92049,M,,,92
201400040431,14,11,17,2100,5,2,1,2.0,3,92049,M,,,92
201400040432,14,11,18,850,1,2,1,2.0,6,92049,M,,,92
201400040433,14,11,18,1945,5,2,1,2.0,3,92049,M,,,92
201400040434,14,11,22,1430,1,2,2,1.0,3,92049,M,,,92
201400040435,14,11,23,1810,5,2,2,1.0,6,92020,M,,,92
201400040436,14,11,23,2040,5,2,1,1.0,2,92020,M,,,92
201400040437,14,11,24,917,1,2,1,2.0,2,92049,M,,,92
201400040438,14,11,27,850,1,2,1,1.0,6,92049,M,,,92
201400040439,14,11,27,1900,5,2,1,1.0,3,92020,M,,,92
201400040440,14,11,29,1720,2,2,1,1.0,6,92020,M,,,92
201400040441,14,12,4,905,1,2,1,8.0,6,92020,M,,,92
201400040442,14,12,4,1410,1,2,1,8.0,1,92020,M,,,92
201400040443,14,12,4,1745,5,2,1,1.0,6,92049,M,,,92
201400040444,14,12,4,1800,5,2,1,1.0,6,92049,M,,,92
201400040445,14,12,5,1530,1,2,1,1.0,6,92020,M,,,92
201400040446,14,12,11,1800,5,2,1,1.0,6,92020,M,,,92
201400040447,14,12,11,1925,5,2,1,1.0,6,92049,M,,,92
201400040448,14,12,12,1425,1,2,1,1.0,6,92020,M,,,92
201400040449,14,12,15,1443,5,2,1,2.0,6,92020,M,,,92
201400040450,14,12,23,1045,1,2,1,2.0,6,92020,M,,,92
201400040451,14,12,24,810,1,2,4,3.0,6,92020,M,,,92
201400040452,14,12,22,2330,5,2,2,1.0,6,92049,M,,,92
201400040453,14,12,30,1205,1,2,6,1.0,6,92020,M,,,92
201400040454,14,3,11,430,1,2,1,1.0,6,92020,M,,,92
201400040455,14,1,6,1045,1,2,1,8.0,6,92050,M,,,92
201400040456,14,1,7,1210,1,2,1,9.0,3,92050,M,,,92
201400040457,14,1,13,850,1,2,1,8.0,2,92050,M,,,92
201400040458,14,1,10,1340,1,2,1,8.0,1,92050,M,,,92
201400040459,14,1,20,1310,1,2,1,2.0,4,92050,M,,,92
201400040460,14,1,21,825,1,2,4,8.0,6,92050,M,,,92
201400040461,14,1,29,1230,1,2,1,1.0,6,92050,M,,,92
201400040462,14,2,6,1900,5,2,1,1.0,4,92050,M,,,92
201400040463,14,2,7,1805,2,2,1,1.0,3,92050,M,,,92
201400040464,14,2,7,1225,1,2,3,1.0,3,92050,M,,,92
201400040465,14,2,10,1920,5,2,1,1.0,3,92050,M,,,92
201400040466,14,2,12,1825,5,2,1,3.0,3,92050,M,,,92
201400040467,14,2,20,1155,1,2,2,2.0,7,92050,M,,,92
201400040468,14,2,20,2035,5,2,2,1.0,3,92050,M,,,92
201400040469,14,2,24,1255,1,2,1,1.0,3,92050,M,,,92
201400040470,14,2,26,1335,1,2,1,1.0,2,92050,M,,,92
201400040471,14,3,3,1205,1,2,2,2.0,1,92050,M,,,92
201400040472,14,3,3,900,1,2,2,2.0,6,92050,M,,,92
201400040473,14,3,6,1005,1,2,1,7.0,6,92050,M,,,92
201400040474,14,3,11,1900,5,1,1,8.0,2,92050,M,,,92
201400040475,14,3,13,2005,5,2,3,9.0,1,92050,M,,,92
201400040476,14,3,11,1403,1,2,1,1.0,2,92050,M,,,92
201400040477,14,3,14,1345,1,2,3,1.0,3,92050,M,,,92
201400040478,14,3,17,20,5,2,2,1.0,3,92050,M,,,92
201400040479,14,3,10,905,1,2,1,9.0,6,92050,M,,,92
201400040480,14,3,22,1508,1,2,1,7.0,2,92050,M,,,92
201400040481,14,3,23,1520,1,2,1,2.0,6,92050,M,,,92
201400040482,14,3,26,620,2,2,2,8.0,6,92050,M,,,92
201400040483,14,3,26,1735,1,2,1,9.0,7,92050,M,,,92
201400040484,14,3,26,1930,2,2,1,9.0,2,92050,M,,,92
201400040485,14,3,28,1830,1,2,3,9.0,4,92050,M,,,92
201400040486,14,3,31,1710,1,2,1,9.0,6,92050,M,,,92
201400040487,14,4,1,1610,1,2,1,9.0,2,92050,M,,,92
201400040488,14,4,8,1020,1,2,1,9.0,2,92050,M,,,92
201400040489,14,4,11,1545,1,2,1,1.0,6,92050,M,,,92
201400040490,14,4,14,1215,1,2,3,9.0,6,92050,M,,,92
201400040491,14,4,16,1025,1,2,3,7.0,3,92050,M,,,92
201400040492,14,4,24,1120,1,2,6,9.0,6,92050,M,,,92
201400040493,14,4,27,2200,5,2,1,1.0,3,92050,M,,,92
201400040494,14,4,30,1105,1,2,1,9.0,7,92050,M,,,92
201400040495,14,5,2,915,1,2,2,8.0,3,92050,M,,,92
201400040496,14,5,3,1530,1,2,1,2.0,3,92050,M,,,92
201400040497,14,5,3,1345,1,2,3,7.0,3,92050,M,,,92
201400040498,14,5,5,950,1,2,1,9.0,3,92050,M,,,92
201400040499,14,5,6,1455,1,2,2,9.0,6,92050,M,,,92
201400040500,14,5,9,2150,5,2,1,1.0,3,92050,M,,,92
201400040501,14,5,9,900,1,2,2,9.0,5,92050,M,,,92
201400040502,14,4,15,1820,1,1,1,7.0,6,92050,M,,,92
201400040503,14,5,16,745,1,2,2,1.0,3,92050,M,,,92
201400040504,14,5,10,58,5,2,2,1.0,3,92050,M,,,92
201400040505,14,5,11,100,5,2,1,9.0,7,92050,M,,,92
201400040506,14,5,14,1710,1,2,3,9.0,3,92050,M,,,92
201400040507,14,5,14,1810,1,2,3,9.0,3,92050,M,,,92
201400040508,14,5,14,1930,1,2,1,7.0,6,92050,M,,,92
201400040509,14,5,15,1745,1,2,1,9.0,1,92050,M,,,92
201400040510,14,5,16,1600,1,2,3,7.0,3,92050,M,,,92
201400040511,14,5,17,845,1,2,3,9.0,6,92050,M,,,92
201400040512,14,5,18,1300,1,2,1,9.0,3,92050,M,,,92
201400040513,14,5,20,705,1,2,6,9.0,3,92050,M,,,92
201400040514,14,5,23,1840,1,2,1,9.0,3,92050,M,,,92
201400040515,14,5,27,1500,1,2,1,9.0,6,92050,M,,,92
201400040516,14,6,3,1240,1,2,1,8.0,6,92050,M,,,92
201400040517,14,6,6,930,1,2,6,9.0,2,92050,M,,,92
201400040518,14,6,6,1445,1,2,1,9.0,1,92050,M,,,92
201400040519,14,6,6,1735,1,2,1,9.0,3,92050,M,,,92
201400040520,14,6,21,1240,1,2,1,1.0,3,92050,M,,,92
201400040521,14,6,12,1810,1,2,1,1.0,4,92050,M,,,92
201400040522,14,6,13,1140,1,2,1,1.0,7,92050,M,,,92
201400040523,14,6,14,1500,1,2,1,1.0,6,92050,M,,,92
201400040524,14,6,24,1445,1,2,1,1.0,6,92050,M,,,92
201400040525,14,6,26,1130,1,2,1,1.0,6,92050,M,,,92
201400040526,14,6,17,845,1,2,1,1.0,7,92050,M,,,92
201400040527,14,6,30,1540,1,2,6,9.0,6,92050,M,,,92
201400040528,14,7,4,1750,1,2,1,1.0,3,92050,M,,,92
201400040529,14,7,9,1930,1,1,1,3.0,3,92050,M,,,92
201400040530,14,7,11,1520,1,2,1,1.0,2,92050,M,,,92
201400040531,14,7,15,1515,1,2,3,8.0,1,92050,M,,,92
201400040532,14,7,21,1910,1,2,1,1.0,2,92050,M,,,92
201400040533,14,7,18,940,1,2,1,1.0,2,92050,M,,,92
201400040534,14,7,18,1410,1,2,3,1.0,3,92050,M,,,92
201400040535,14,7,18,1410,1,2,3,1.0,7,92050,M,,,92
201400040536,14,7,22,1725,1,2,1,1.0,2,92050,M,,,92
201400040537,14,7,24,105,5,2,1,9.0,6,92050,M,,,92
201400040538,14,7,28,750,1,2,1,9.0,3,92050,M,,,92
201400040539,14,7,30,1830,1,2,3,1.0,3,92050,M,,,92
201400040540,14,7,30,1900,1,2,3,7.0,3,92050,M,,,92
201400040541,14,8,2,955,1,2,1,1.0,7,92050,M,,,92
201400040542,14,8,19,345,5,2,1,9.0,7,92050,M,,,92
201400040543,14,8,23,310,5,2,1,2.0,7,92050,M,,,92
201400040544,14,8,28,1350,1,2,1,1.0,2,92050,M,,,92
201400040545,14,8,11,2040,1,2,1,9.0,2,92050,M,,,92
201400040546,14,9,3,1420,1,2,2,9.0,3,92050,M,,,92
201400040547,14,9,15,1750,1,2,1,9.0,1,92050,M,,,92
201400040548,14,9,17,1835,1,2,1,7.0,6,92050,M,,,92
201400040549,14,9,19,1155,1,2,1,1.0,6,92050,M,,,92
201400040550,14,9,19,1015,1,2,1,1.0,2,92050,M,,,92
201400040551,14,9,19,2100,5,2,1,1.0,6,92050,M,,,92
201400040552,14,9,20,210,5,2,1,9.0,6,92050,M,,,92
201400040553,14,9,25,1320,1,2,2,9.0,3,92050,M,,,92
201400040554,14,9,24,2020,1,2,1,2.0,6,92050,M,,,92
201400040555,14,10,2,1400,1,2,4,1.0,3,92050,M,,,92
201400040556,14,9,30,1,5,2,1,8.0,3,92050,M,,,92
201400040557,14,10,2,1120,1,2,3,1.0,2,92050,M,,,92
201400040558,14,10,2,1530,1,2,1,2.0,7,92050,M,,,92
201400040559,14,10,9,1545,1,2,1,1.0,4,92050,M,,,92
201400040560,14,10,10,1210,1,2,1,9.0,2,92050,M,,,92
201400040561,14,10,10,730,1,2,1,9.0,6,92050,M,,,92
201400040562,14,10,15,2220,5,2,1,1.0,1,92050,M,,,92
201400040563,14,10,19,1335,1,2,3,9.0,2,92050,M,,,92
201400040564,14,10,26,340,5,2,1,1.0,2,92050,M,,,92
201400040565,14,10,26,1750,1,2,3,9.0,3,92050,M,,,92
201400040566,14,10,28,1635,1,2,1,9.0,6,92050,M,,,92
201400040567,14,10,29,935,1,2,3,8.0,6,92050,M,,,92
201400040568,14,10,30,1240,1,2,3,9.0,6,92050,M,,,92
201400040569,14,10,31,1710,2,2,1,1.0,2,92050,M,,,92
201400040570,14,10,29,930,1,2,1,2.0,1,92050,M,,,92
201400040571,14,11,3,1800,5,2,2,3.0,6,92050,M,,,92
201400040572,14,10,30,1530,1,2,1,1.0,1,92050,M,,,92
201400040573,14,11,4,1945,5,2,1,9.0,3,92050,M,,,92
201400040574,14,9,27,2100,5,2,1,9.0,7,92050,M,,,92
201400040575,14,9,11,110,1,2,1,1.0,2,92050,M,,,92
201400040576,14,11,12,1940,5,2,4,9.0,6,92050,M,,,92
201400040577,14,9,17,1920,2,2,1,1.0,3,92050,M,,,92
201400040578,14,11,17,1815,5,2,2,2.0,6,92050,M,,,92
201400040579,14,11,18,1845,5,2,1,2.0,3,92050,M,,,92
201400040580,14,10,29,2045,5,2,1,1.0,1,92050,M,,,92
201400040581,14,11,20,1755,5,2,2,2.0,6,92050,M,,,92
201400040582,14,11,22,2215,5,2,3,1.0,2,92050,M,,,92
201400040583,14,11,30,1940,5,2,3,2.0,7,92050,M,,,92
201400040584,14,11,28,855,1,2,3,9.0,3,92050,M,,,92
201400040585,14,11,28,1815,5,2,1,9.0,6,92050,M,,,92
201400040586,14,12,1,2200,5,2,6,2.0,3,92050,M,,,92
201400040587,14,10,17,1400,1,2,1,9.0,2,92050,M,,,92
201400040588,14,12,2,1400,1,2,1,9.0,6,92050,M,,,92
201400040589,14,12,9,1125,1,2,6,1.0,6,92050,M,,,92
201400040590,14,12,9,1720,5,2,1,1.0,3,92050,M,,,92
201400040591,14,12,16,900,1,2,1,8.0,3,92050,M,,,92
201400040592,14,12,11,1405,1,2,3,8.0,6,92050,M,,,92
201400040593,14,12,17,410,5,2,1,3.0,6,92050,M,,,92
201400040594,14,12,15,1210,1,2,2,1.0,2,92050,M,,,92
201400040595,14,12,10,1305,1,2,2,1.0,1,92050,M,,,92
201400040596,14,12,24,1420,1,2,1,1.0,1,92050,M,,,92
201400040597,14,12,31,1945,5,2,1,1.0,6,92050,M,,,92
201400040598,14,1,6,840,1,2,1,1.0,3,92051,M,,,92
201400040599,14,1,7,1620,1,2,1,1.0,4,92051,M,,,92
201400040600,14,1,8,1440,1,2,2,1.0,3,92051,M,,,92
201400040601,14,2,28,940,1,2,1,1.0,2,92051,M,,,92
201400040602,14,12,11,1400,1,2,1,1.0,2,92051,M,,,92
201400040603,14,12,13,1610,1,2,1,2.0,2,92051,M,,,92
201400040604,14,1,17,2010,5,2,1,1.0,6,92051,M,,,92
201400040605,14,1,18,1610,1,2,1,1.0,6,92051,M,,,92
201400040606,14,1,19,1925,5,2,1,1.0,6,92051,M,,,92
201400040607,14,1,15,950,1,2,2,1.0,7,92051,M,,,92
201400040608,14,2,3,1220,1,2,1,1.0,6,92051,M,,,92
201400040609,14,2,2,1425,1,2,1,1.0,6,92051,M,,,92
201400040610,14,2,3,1410,1,2,1,1.0,2,92051,M,,,92
201400040611,14,2,4,1145,1,2,2,1.0,3,92051,M,,,92
201400040612,14,2,7,1230,1,2,1,1.0,6,92051,M,,,92
201400040613,14,2,10,1740,1,2,1,1.0,6,92051,M,,,92
201400040614,14,1,28,1715,2,2,1,2.0,6,92051,M,,,92
201400040615,14,2,11,1800,2,2,1,2.0,6,92051,M,,,92
201400040616,14,2,12,1745,2,2,1,3.0,2,92051,M,,,92
201400040617,14,2,9,2020,5,2,1,8.0,6,92051,M,,,92
201400040618,14,2,10,1045,1,2,1,1.0,7,92051,M,,,92
201400040619,14,2,14,1755,2,2,2,1.0,6,92051,M,,,92
201400040620,14,2,24,900,1,2,2,1.0,6,92051,M,,,92
201400040621,14,2,22,1755,1,2,1,1.0,3,92051,M,,,92
201400040622,14,2,28,1625,1,2,1,2.0,2,92051,M,,,92
201400040623,14,3,4,855,1,2,2,1.0,6,92051,M,,,92
201400040624,14,3,5,930,1,2,2,1.0,3,92051,M,,,92
201400040625,14,3,6,1305,1,2,2,1.0,6,92051,M,,,92
201400040626,14,3,8,1550,1,2,1,1.0,6,92051,M,,,92
201400040627,14,2,5,1338,1,2,2,1.0,3,92051,M,,,92
201400040628,14,3,10,940,1,2,1,1.0,7,92051,M,,,92
201400040629,14,3,11,1330,1,2,1,1.0,3,92051,M,,,92
201400040630,14,3,11,1530,1,2,1,1.0,3,92051,M,,,92
201400040631,14,4,25,710,2,2,1,3.0,6,92051,M,,,92
201400040632,14,3,18,930,1,2,1,1.0,3,92051,M,,,92
201400040633,14,3,21,1640,1,2,1,1.0,1,92051,M,,,92
201400040634,14,3,25,1000,1,2,1,2.0,1,92051,M,,,92
201400040635,14,4,1,1005,1,2,6,1.0,3,92051,M,,,92
201400040636,14,4,1,1250,1,2,1,1.0,6,92051,M,,,92
201400040637,14,4,2,2030,5,2,1,1.0,2,92051,M,,,92
201400040638,14,4,5,1515,1,2,1,1.0,2,92051,M,,,92
201400040639,14,4,5,1540,1,2,6,1.0,1,92051,M,,,92
201400040640,14,4,1,1945,1,2,1,1.0,7,92051,M,,,92
201400040641,14,4,9,1010,1,2,1,1.0,6,92051,M,,,92
201400040642,14,4,14,1915,1,2,2,1.0,3,92051,M,,,92
201400040643,14,4,22,2055,2,2,1,1.0,6,92051,M,,,92
201400040644,14,4,26,140,5,2,1,1.0,6,92051,M,,,92
201400040645,14,4,26,250,5,2,1,1.0,1,92051,M,,,92
201400040646,14,3,18,1400,1,2,1,1.0,6,92051,M,,,92
201400040647,14,4,7,2300,5,1,3,1.0,3,92051,M,,,92
201400040648,14,4,5,2005,5,2,1,1.0,6,92051,M,,,92
201400040649,14,5,9,2210,2,2,1,1.0,2,92051,M,,,92
201400040650,14,5,15,1425,1,2,1,1.0,2,92051,M,,,92
201400040651,14,5,15,1555,1,2,2,1.0,6,92051,M,,,92
201400040652,14,5,16,945,1,2,5,1.0,6,92051,M,,,92
201400040653,14,5,21,930,1,2,2,2.0,3,92051,M,,,92
201400040654,14,5,25,150,5,2,2,2.0,7,92051,M,,,92
201400040655,14,5,27,1855,1,2,3,1.0,3,92051,M,,,92
201400040656,14,5,29,1420,1,2,1,1.0,6,92051,M,,,92
201400040657,14,6,4,1020,1,2,2,2.0,3,92051,M,,,92
201400040658,14,4,17,2235,5,2,1,1.0,7,92051,M,,,92
201400040659,14,5,17,1830,1,2,1,1.0,6,92051,M,,,92
201400040660,14,6,11,905,1,2,1,1.0,6,92051,M,,,92
201400040661,14,5,14,1210,1,2,3,1.0,6,92051,M,,,92
201400040662,14,6,13,1530,1,2,1,1.0,2,92051,M,,,92
201400040663,14,6,14,1200,1,2,1,1.0,6,92051,M,,,92
201400040664,14,6,16,1420,1,2,1,1.0,2,92051,M,,,92
201400040665,14,6,6,2251,5,2,2,1.0,3,92051,M,,,92
201400040666,14,6,17,900,1,2,3,1.0,3,92051,M,,,92
201400040667,14,6,17,1650,1,2,2,1.0,6,92051,M,,,92
201400040668,14,6,20,1050,1,2,1,1.0,4,92051,M,,,92
201400040669,14,6,20,1845,1,2,1,1.0,6,92051,M,,,92
201400040670,14,6,6,1330,1,2,1,1.0,7,92051,M,,,92
201400040671,14,6,19,1253,1,2,1,1.0,6,92051,M,,,92
201400040672,14,6,15,35,5,2,1,1.0,7,92051,M,,,92
201400040673,14,6,23,1355,1,2,1,1.0,2,92051,M,,,92
201400040674,14,6,22,2200,2,2,1,1.0,6,92051,M,,,92
201400040675,14,6,23,2020,1,2,1,1.0,6,92051,M,,,92
201400040676,14,6,26,920,1,2,1,1.0,3,92051,M,,,92
201400040677,14,6,12,1730,1,2,1,1.0,6,92051,M,,,92
201400040678,14,7,1,2000,1,2,2,7.0,6,92051,M,,,92
201400040679,14,7,3,920,1,2,1,1.0,6,92051,M,,,92
201400040680,14,7,3,2010,1,2,1,1.0,6,92051,M,,,92
201400040681,14,7,4,1845,1,2,1,8.0,2,92051,M,,,92
201400040682,14,7,4,920,1,2,1,1.0,3,92051,M,,,92
201400040683,14,7,14,950,1,2,1,8.0,3,92051,M,,,92
201400040684,14,7,17,1655,1,2,1,1.0,3,92051,M,,,92
201400040685,14,7,18,1110,1,2,3,1.0,6,92051,M,,,92
201400040686,14,7,21,1225,1,2,3,1.0,3,92051,M,,,92
201400040687,14,6,19,1850,1,2,1,1.0,5,92051,M,,,92
201400040688,14,7,27,1040,1,2,3,1.0,3,92051,M,,,92
201400040689,14,7,30,1850,1,2,1,1.0,2,92051,M,,,92
201400040690,14,3,16,335,5,2,1,1.0,5,92051,M,,,92
201400040691,14,7,30,1920,1,2,2,1.0,2,92051,M,,,92
201400040692,14,7,7,720,1,2,1,1.0,3,92051,M,,,92
201400040693,14,8,8,1100,1,2,2,2.0,3,92051,M,,,92
201400040694,14,8,9,1745,1,2,3,1.0,6,92051,M,,,92
201400040695,14,8,10,1235,1,2,1,1.0,6,92051,M,,,92
201400040696,14,8,27,1425,1,2,3,1.0,3,92051,M,,,92
201400040697,14,9,3,1240,1,2,1,1.0,6,92051,M,,,92
201400040698,14,9,17,1655,1,2,1,1.0,3,92051,M,,,92
201400040699,14,9,18,830,1,2,1,1.0,2,92051,M,,,92
201400040700,14,9,25,1700,1,2,1,1.0,3,92051,M,,,92
201400040701,14,9,23,1310,1,2,1,1.0,6,92051,M,,,92
201400040702,14,9,29,1445,1,2,1,1.0,7,92051,M,,,92
201400040703,14,10,6,2220,5,2,6,2.0,6,92051,M,,,92
201400040704,14,10,7,910,1,2,1,1.0,6,92051,M,,,92
201400040705,14,10,8,1210,1,2,1,8.0,6,92051,M,,,92
201400040706,14,10,12,2005,5,2,1,2.0,7,92051,M,,,92
201400040707,14,10,14,1040,1,2,1,1.0,3,92051,M,,,92
201400040708,14,10,15,840,1,2,1,1.0,6,92051,M,,,92
201400040709,14,10,15,1635,1,2,1,2.0,3,92051,M,,,92
201400040710,14,10,15,1733,1,2,1,1.0,6,92051,M,,,92
201400040711,14,10,16,825,1,2,1,1.0,6,92051,M,,,92
201400040712,14,10,16,1605,1,2,9,1.0,7,92051,M,,,92
201400040713,14,10,17,2105,5,2,2,1.0,5,92051,M,,,92
201400040714,14,10,18,1250,1,2,1,1.0,3,92051,M,,,92
201400040715,14,10,19,410,5,2,1,1.0,6,92051,M,,,92
201400040716,14,10,18,1300,1,2,2,1.0,7,92051,M,,,92
201400040717,14,10,21,1020,1,2,1,1.0,3,92051,M,,,92
201400040718,14,10,24,1745,2,2,1,2.0,6,92051,M,,,92
201400040719,14,10,29,1855,5,2,1,1.0,6,92051,M,,,92
201400040720,14,10,30,940,1,2,3,1.0,3,92051,M,,,92
201400040721,14,11,2,950,1,2,3,1.0,3,92051,M,,,92
201400040722,14,10,27,1035,1,2,1,1.0,7,92051,M,,,92
201400040723,14,11,5,2030,5,2,1,1.0,2,92051,M,,,92
201400040724,14,11,9,1550,1,2,6,1.0,3,92051,M,,,92
201400040725,14,11,21,820,1,2,1,1.0,2,92051,M,,,92
201400040726,14,11,17,1000,1,2,1,1.0,3,92051,M,,,92
201400040727,14,11,26,1045,1,2,1,1.0,6,92051,M,,,92
201400040728,14,11,29,1825,2,2,1,1.0,1,92051,M,,,92
201400040729,14,11,29,1305,1,2,2,1.0,7,92051,M,,,92
201400040730,14,12,2,1730,5,2,1,8.0,2,92051,M,,,92
201400040731,14,12,3,1505,1,2,3,1.0,5,92051,M,,,92
201400040732,14,11,18,2040,5,2,6,8.0,2,92051,M,,,92
201400040733,14,12,12,1915,5,2,3,2.0,6,92051,M,,,92
201400040734,14,12,17,2320,5,2,2,2.0,7,92051,M,,,92
201400040735,14,12,19,940,1,2,1,1.0,3,92051,M,,,92
201400040736,14,12,16,2340,5,2,2,1.0,3,92051,M,,,92
201400040737,14,12,23,1345,1,2,2,1.0,6,92051,M,,,92
201400040738,14,12,31,815,1,2,2,1.0,6,92051,M,,,92
201400040739,14,1,12,1305,1,2,3,8.0,3,92062,M,,,92
201400040740,14,1,13,850,1,2,3,8.0,6,92062,M,,,92
201400040741,14,1,14,940,1,2,1,8.0,3,92062,M,,,92
201400040742,14,1,15,1507,1,2,1,1.0,6,92062,M,,,92
201400040743,14,1,25,1720,2,2,1,1.0,6,92062,M,,,92
201400040744,14,1,28,1505,1,1,3,1.0,2,92062,M,,,92
201400040745,14,2,9,2345,5,2,3,1.0,1,92062,M,,,92
201400040746,14,2,12,1720,5,2,1,3.0,6,92062,M,,,92
201400040747,14,2,19,1430,1,2,1,1.0,6,92062,M,,,92
201400040748,14,2,19,910,1,2,1,8.0,6,92062,M,,,92
201400040749,14,2,18,800,5,2,1,2.0,6,92062,M,,,92
201400040750,14,3,7,1750,1,2,3,1.0,6,92062,M,,,92
201400040751,14,3,26,1230,1,2,7,1.0,6,92062,M,,,92
201400040752,14,4,5,940,1,2,3,1.0,6,92062,M,,,92
201400040753,14,4,5,1520,1,2,3,1.0,2,92062,M,,,92
201400040754,14,4,12,1705,1,2,3,1.0,6,92062,M,,,92
201400040755,14,4,25,840,1,2,1,3.0,3,92062,M,,,92
201400040756,14,5,17,1705,1,2,1,1.0,6,92062,M,,,92
201400040757,14,6,3,1105,1,2,1,1.0,6,92062,M,,,92
201400040758,14,6,15,1030,1,2,3,1.0,6,92062,M,,,92
201400040759,14,6,18,1750,1,2,1,1.0,6,92062,M,,,92
201400040760,14,6,25,25,5,2,3,1.0,3,92062,M,,,92
201400040761,14,7,2,1205,1,2,1,1.0,3,92062,M,,,92
201400040762,14,7,2,1930,1,2,1,1.0,2,92062,M,,,92
201400040763,14,7,8,915,1,2,3,2.0,5,92062,M,,,92
201400040764,14,7,22,30,5,2,3,1.0,3,92062,M,,,92
201400040765,14,7,23,1140,1,2,1,1.0,3,92062,M,,,92
201400040766,14,7,30,2010,1,2,1,1.0,6,92062,M,,,92
201400040767,14,8,16,1040,1,2,3,1.0,1,92062,M,,,92
201400040768,14,8,8,1615,1,2,3,1.0,7,92062,M,,,92
201400040769,14,9,5,1045,1,2,3,1.0,2,92062,M,,,92
201400040770,14,9,13,1615,1,2,1,1.0,2,92062,M,,,92
201400040771,14,9,14,1946,5,2,3,1.0,1,92062,M,,,92
201400040772,14,9,15,1810,1,2,3,1.0,6,92062,M,,,92
201400040773,14,9,15,1715,1,2,1,1.0,1,92062,M,,,92
201400040774,14,9,17,1405,1,2,3,1.0,7,92062,M,,,92
201400040775,14,9,23,1140,1,2,1,1.0,6,92062,M,,,92
201400040776,14,9,25,1600,1,2,3,1.0,3,92062,M,,,92
201400040777,14,9,26,1020,1,2,3,1.0,5,92062,M,,,92
201400040778,14,10,22,1925,5,2,1,1.0,6,92062,M,,,92
201400040779,14,10,27,1410,1,2,1,1.0,2,92062,M,,,92
201400040780,14,10,23,810,2,2,1,1.0,2,92062,M,,,92
201400040781,14,10,23,1300,1,2,1,1.0,7,92062,M,,,92
201400040782,14,10,24,1850,5,2,1,8.0,2,92062,M,,,92
201400040783,14,10,31,2325,5,2,3,1.0,3,92050,M,,,92
201400040784,14,11,4,1045,1,2,3,1.0,3,92062,M,,,92
201400040785,14,11,5,1730,5,2,1,1.0,3,92062,M,,,92
201400040786,14,11,14,2150,5,2,1,1.0,2,92062,M,,,92
201400040787,14,12,12,1125,1,2,3,2.0,7,92062,M,,,92
201400040788,14,12,13,1220,1,2,3,5.0,2,92062,M,,,92
201400040789,14,1,12,1455,1,2,1,1.0,7,92063,M,,,92
201400040790,14,1,13,850,1,2,1,1.0,2,92063,M,,,92
201400040791,14,1,14,2035,2,2,1,1.0,7,92063,M,4805216.0,201220.0,92
201400040792,14,1,16,745,4,2,3,2.0,3,92063,M,,,92
201400040793,14,1,16,945,1,2,1,2.0,6,92063,M,,,92
201400040794,14,1,17,1,5,2,2,2.0,1,92063,M,,,92