Num_Acc,an,mois,jour,hrmn,lum,agg,int,atm,col,com,gps,lat,long,dep
201400040795,14,1,17,920,1,2,1,1.0,1,92063,M,,,92
201400040796,14,1,21,2000,3,2,1,1.0,7,92063,M,,,92
201400040797,14,1,24,810,2,2,1,2.0,7,92063,M,,,92
201400040798,14,1,25,1300,1,2,2,1.0,3,92063,M,,,92
201400040799,14,1,29,1540,1,2,1,8.0,6,92063,M,,,92
201400040800,14,1,29,1130,1,2,1,2.0,6,92063,M,,,92
201400040801,14,1,30,1330,1,2,1,1.0,6,92063,M,,,92
201400040802,14,2,3,905,1,2,1,1.0,7,92063,M,,,92
201400040803,14,2,4,755,1,2,1,1.0,6,92063,M,,,92
201400040804,14,2,5,830,2,2,2,3.0,1,92063,M,,,92
201400040805,14,2,7,1735,1,2,1,1.0,6,92063,M,,,92
201400040806,14,2,11,855,1,2,1,1.0,7,92063,M,,,92
201400040807,14,2,11,1050,1,2,1,2.0,6,92063,M,,,92
201400040808,14,2,13,800,2,2,1,3.0,6,92063,M,,,92
201400040809,14,2,13,1100,1,2,1,2.0,1,92063,M,,,92
201400040810,14,2,18,730,2,2,1,1.0,3,92063,M,,,92
201400040811,14,2,18,1630,1,2,1,1.0,2,92063,M,,,92
201400040812,14,3,1,1405,1,2,1,1.0,6,92063,M,,,92
201400040813,14,3,6,1655,1,2,1,1.0,6,92063,M,,,92
201400040814,14,3,11,1320,1,2,3,1.0,6,92063,M,,,92
201400040815,14,3,21,740,1,2,1,1.0,6,92063,M,,,92
201400040816,14,3,22,1940,2,2,2,1.0,3,92063,M,,,92
201400040817,14,3,29,330,5,2,1,1.0,6,92063,M,,,92
201400040818,14,4,2,1810,1,2,1,1.0,2,92063,M,,,92
201400040819,14,4,2,245,4,2,3,1.0,3,92063,M,,,92
201400040820,14,4,3,1525,1,2,1,1.0,6,92063,M,,,92
201400040821,14,4,9,1940,1,2,1,1.0,6,92063,M,,,92
201400040822,14,4,10,2030,2,2,1,1.0,6,92063,M,,,92
201400040823,14,4,10,1915,1,2,1,1.0,2,92063,M,,,92
201400040824,14,4,16,1450,1,2,1,1.0,7,92063,M,,,92
201400040825,14,4,22,730,1,2,3,1.0,1,92063,M,,,92
201400040826,14,4,23,1420,1,2,2,1.0,3,92063,M,,,92
201400040827,14,4,23,1850,1,2,1,1.0,6,92063,M,,,92
201400040828,14,4,25,1025,1,2,1,2.0,2,92063,M,,,92
201400040829,14,5,1,1925,1,2,3,1.0,3,92063,M,,,92
201400040830,14,5,4,1745,1,2,1,1.0,6,92063,M,,,92
201400040831,14,5,5,950,1,2,1,1.0,6,92063,M,,,92
201400040832,14,5,6,157,5,2,2,1.0,6,92063,M,,,92
201400040833,14,5,6,1620,1,2,1,1.0,6,92063,M,,,92
201400040834,14,5,10,1120,1,2,1,2.0,7,92063,M,,,92
201400040835,14,5,10,1505,1,2,1,8.0,2,92063,M,,,92
201400040836,14,5,13,1915,2,2,1,1.0,6,92063,M,,,92
201400040837,14,5,16,800,1,2,3,1.0,3,92063,M,,,92
201400040838,14,5,16,1645,1,2,3,1.0,3,92063,M,,,92
201400040839,14,5,20,1615,1,2,2,1.0,3,92063,M,,,92
201400040840,14,5,22,1145,1,2,1,2.0,7,92063,M,,,92
201400040841,14,5,29,1600,1,2,1,1.0,6,92063,M,,,92
201400040842,14,5,31,1200,1,2,1,1.0,6,92063,M,,,92
201400040843,14,6,2,815,1,2,1,1.0,3,92063,M,,,92
201400040844,14,6,3,1016,1,2,1,1.0,6,92063,M,,,92
201400040845,14,6,12,1050,1,2,3,1.0,3,92063,M,,,92
201400040846,14,6,17,2040,1,2,1,1.0,6,92063,M,,,92
201400040847,14,6,22,1710,1,2,1,1.0,6,92063,M,,,92
201400040848,14,6,24,1855,1,2,1,1.0,6,92063,M,,,92
201400040849,14,6,28,210,5,2,1,1.0,6,92063,M,,,92
201400040850,14,7,2,1708,1,2,1,1.0,6,92063,M,,,92
201400040851,14,7,2,1810,1,2,2,1.0,3,92063,M,,,92
201400040852,14,7,6,1915,1,2,1,2.0,7,92063,M,,,92
201400040853,14,7,13,1250,1,2,1,1.0,6,92063,M,,,92
201400040854,14,7,19,1630,1,2,1,1.0,6,92063,M,,,92
201400040855,14,7,22,1150,1,1,1,1.0,6,92063,M,,,92
201400040856,14,7,24,1825,1,2,2,1.0,3,92063,M,,,92
201400040857,14,7,28,1850,1,2,1,1.0,3,92063,M,,,92
201400040858,14,8,4,710,1,2,1,3.0,7,92063,M,,,92
201400040859,14,8,12,1345,1,2,6,2.0,3,92063,M,,,92
201400040860,14,8,12,2015,2,2,1,1.0,3,92063,M,,,92
201400040861,14,8,16,1110,1,2,1,1.0,6,92063,M,,,92
201400040862,14,8,25,210,5,2,1,1.0,6,92063,M,,,92
201400040863,14,8,29,855,1,2,1,1.0,6,92063,M,,,92
201400040864,14,9,7,2125,5,2,1,1.0,2,92063,M,,,92
201400040865,14,9,8,1954,2,2,1,1.0,6,92063,M,,,92
201400040866,14,9,8,1305,1,2,1,1.0,6,92063,M,,,92
201400040867,14,9,9,814,1,2,1,1.0,3,92063,M,,,92
201400040868,14,9,9,1730,1,2,1,1.0,7,92063,M,,,92
201400040869,14,9,11,745,1,2,1,1.0,6,92063,M,,,92
201400040870,14,9,12,800,1,2,1,1.0,6,92063,M,,,92
201400040871,14,9,16,845,1,2,2,1.0,3,92063,M,,,92
201400040872,14,9,19,940,1,2,1,1.0,6,92063,M,,,92
201400040873,14,9,20,1930,1,2,1,2.0,2,92063,M,,,92
201400040874,14,9,26,2115,4,2,1,1.0,7,92063,M,,,92
201400040875,14,9,27,1815,2,2,1,1.0,6,92063,M,,,92
201400040876,14,9,29,2125,5,2,1,1.0,6,92063,M,,,92
201400040877,14,10,1,815,1,2,1,1.0,2,92063,M,,,92
201400040878,14,10,4,2010,5,2,3,1.0,3,92063,M,,,92
201400040879,14,10,7,810,1,2,2,1.0,6,92063,M,,,92
201400040880,14,10,8,1730,1,2,3,1.0,3,92063,M,,,92
201400040881,14,10,27,1607,1,2,2,1.0,1,92063,M,,,92
201400040882,14,10,28,1705,1,2,1,1.0,3,92063,M,,,92
201400040883,14,10,29,1640,1,2,1,1.0,7,92063,M,,,92
201400040884,14,10,31,1840,5,2,1,1.0,3,92063,M,,,92
201400040885,14,11,1,1515,1,2,1,1.0,6,92063,M,,,92
201400040886,14,11,6,2135,5,2,2,1.0,3,92063,M,,,92
201400040887,14,11,7,805,1,2,1,2.0,6,92063,M,,,92
201400040888,14,11,7,910,1,2,1,1.0,2,92063,M,,,92
201400040889,14,11,12,955,1,2,2,1.0,1,92063,M,,,92
201400040890,14,11,14,1555,1,2,3,2.0,7,92063,M,,,92
201400040891,14,11,17,1300,1,2,1,1.0,6,92063,M,,,92
201400040892,14,11,22,1710,2,2,1,1.0,6,92063,M,,,92
201400040893,14,11,25,1730,2,2,1,1.0,3,92063,M,,,92
201400040894,14,11,27,1740,2,2,1,1.0,6,92063,M,,,92
201400040895,14,11,29,1855,5,2,1,1.0,3,92063,M,,,92
201400040896,14,12,2,1915,3,2,1,2.0,6,92063,M,,,92
201400040897,14,12,3,1900,5,2,1,1.0,2,92063,M,,,92
201400040898,14,12,8,1110,1,2,4,2.0,5,92063,M,,,92
201400040899,14,12,9,900,1,2,1,1.0,7,92063,M,,,92
201400040900,14,12,17,1015,1,2,6,1.0,3,92063,M,,,92
201400040901,14,12,18,930,1,2,1,2.0,7,92063,M,,,92
201400040902,14,12,18,1910,5,2,3,1.0,6,92063,M,,,92
201400040903,14,12,25,2230,5,2,1,1.0,6,92063,M,,,92
201400040904,14,1,5,1115,1,2,1,1.0,6,92064,M,,,92
201400040905,14,1,6,748,5,2,1,2.0,3,92033,M,,,92
201400040906,14,1,12,15,5,2,1,1.0,7,92064,M,,,92
201400040907,14,1,14,1725,1,2,9,1.0,6,92064,M,,,92
201400040908,14,1,14,1820,5,2,1,1.0,7,92064,M,,,92
201400040909,14,1,22,1700,1,2,1,1.0,3,92064,M,,,92
201400040910,14,1,31,1030,1,2,1,7.0,2,92064,M,,,92
201400040911,14,2,2,1845,5,2,1,1.0,7,92064,M,,,92
201400040912,14,2,3,855,1,1,1,1.0,7,92064,M,,,92
201400040913,14,2,5,2045,5,2,1,1.0,2,92064,M,,,92
201400040914,14,2,9,1215,1,2,3,1.0,6,92076,M,,,92
201400040915,14,2,14,1220,1,2,2,1.0,3,92064,M,,,92
201400040916,14,2,17,1300,1,2,1,1.0,7,92064,M,,,92
201400040917,14,2,17,1830,5,2,1,1.0,6,92064,M,,,92
201400040918,14,2,19,2145,5,2,1,1.0,4,92064,M,,,92
201400040919,14,2,27,210,5,2,1,1.0,7,92064,M,,,92
201400040920,14,2,27,2235,5,2,1,2.0,7,92064,M,,,92
201400040921,14,3,9,2110,5,2,4,1.0,3,92064,M,,,92
201400040922,14,3,14,2245,3,2,1,1.0,2,92064,M,,,92
201400040923,14,3,15,925,1,2,1,1.0,7,92064,M,,,92
201400040924,14,3,21,2020,5,2,1,1.0,4,92064,M,,,92
201400040925,14,3,22,1915,2,2,1,1.0,6,92076,M,,,92
201400040926,14,3,23,210,5,2,1,1.0,6,92064,M,,,92
201400040927,14,3,29,1945,5,2,1,1.0,7,92064,M,,,92
201400040928,14,4,4,1140,1,2,1,1.0,6,92033,M,,,92
201400040929,14,4,8,1715,1,2,1,1.0,7,92064,M,,,92
201400040930,14,4,14,1815,1,2,1,1.0,1,92033,M,,,92
201400040931,14,4,16,1410,1,2,6,1.0,3,92064,M,,,92
201400040932,14,4,23,1720,1,1,1,1.0,2,92047,M,,,92
201400040933,14,4,24,1250,1,2,6,1.0,2,92033,M,,,92
201400040934,14,4,26,1215,1,2,1,2.0,3,92047,M,,,92
201400040935,14,4,28,1345,1,2,1,1.0,4,92064,M,,,92
201400040936,14,5,9,1215,1,2,1,1.0,6,92064,M,,,92
201400040937,14,5,13,1650,1,2,1,8.0,2,92064,M,,,92
201400040938,14,5,16,1,5,2,1,1.0,3,92064,M,,,92
201400040939,14,5,16,1900,1,2,1,7.0,6,92033,M,,,92
201400040940,14,5,19,1400,1,2,9,1.0,3,92064,M,,,92
201400040941,14,5,19,1720,1,2,1,1.0,6,92072,M,,,92
201400040942,14,5,22,1650,1,2,1,1.0,3,92064,M,,,92
201400040943,14,5,24,1505,1,2,1,1.0,3,92064,M,,,92
201400040944,14,6,5,1805,1,2,3,1.0,7,92033,M,,,92
201400040945,14,6,6,855,1,2,1,1.0,2,92033,M,,,92
201400040946,14,6,14,2000,1,2,2,1.0,3,92064,M,,,92
201400040947,14,6,15,2000,1,2,1,1.0,3,92064,M,,,92
201400040948,14,6,19,1910,1,2,1,1.0,3,92064,M,,,92
201400040949,14,6,17,1648,1,2,3,1.0,7,92064,M,,,92
201400040950,14,6,24,1625,1,2,3,1.0,6,92064,M,,,92
201400040951,14,6,30,2325,5,2,1,1.0,3,92064,M,,,92
201400040952,14,7,1,915,1,2,1,1.0,6,92064,M,,,92
201400040953,14,7,2,1915,1,2,4,1.0,3,92033,M,,,92
201400040954,14,7,4,900,1,2,1,1.0,6,92064,M,,,92
201400040955,14,7,5,920,1,2,6,2.0,7,92076,M,,,92
201400040956,14,7,8,840,1,2,1,2.0,3,92033,M,,,92
201400040957,14,7,11,1750,1,2,9,1.0,3,92064,M,,,92
201400040958,14,7,19,1040,1,2,1,1.0,6,92033,M,,,92
201400040959,14,7,19,2005,1,2,1,1.0,4,92064,M,,,92
201400040960,14,7,21,902,1,2,1,1.0,2,92064,M,,,92
201400040961,14,7,28,1445,1,2,1,1.0,3,92064,M,,,92
201400040962,14,8,5,940,1,2,1,1.0,7,92064,M,,,92
201400040963,14,8,24,1230,1,2,1,1.0,3,92064,M,,,92
201400040964,14,8,25,1930,1,2,1,2.0,7,92064,M,,,92
201400040965,14,8,27,855,1,2,1,1.0,6,92033,M,,,92
201400040966,14,8,27,950,1,2,1,1.0,2,92064,M,,,92
201400040967,14,8,28,1140,1,2,1,1.0,6,92047,M,,,92
201400040968,14,9,9,1300,1,2,1,1.0,6,92022,M,,,92
201400040969,14,9,10,1725,1,2,1,1.0,3,92076,M,,,92
201400040970,14,9,13,105,5,2,1,1.0,6,92033,M,,,92
201400040971,14,9,15,1530,1,2,3,1.0,5,92064,M,,,92
201400040972,14,9,23,830,1,2,1,1.0,3,92064,M,,,92
201400040973,14,9,25,815,1,2,3,1.0,3,92076,M,,,92
201400040974,14,10,1,855,1,2,3,1.0,6,92033,M,,,92
201400040975,14,10,6,1740,2,2,6,3.0,3,92064,M,,,92
201400040976,14,9,9,1300,1,2,1,1.0,6,92022,M,,,92
201400040977,14,10,15,650,5,2,1,9.0,3,92064,M,,,92
201400040978,14,10,22,1840,2,2,1,1.0,3,92064,M,,,92
201400040979,14,10,27,2010,5,2,1,1.0,3,92064,M,,,92
201400040980,14,10,30,2210,5,2,9,1.0,1,92076,M,,,92
201400040981,14,11,5,1130,1,2,3,1.0,3,92064,M,,,92
201400040982,14,11,6,1500,1,2,1,1.0,2,92064,M,,,92
201400040983,14,11,9,1925,5,2,1,1.0,3,92064,M,,,92
201400040984,14,11,13,2020,5,2,1,1.0,3,92064,M,,,92
201400040985,14,11,18,2350,5,2,1,8.0,6,92047,M,,,92
201400040986,14,11,21,1546,1,2,1,1.0,3,92064,M,,,92
201400040987,14,11,27,830,1,2,1,1.0,6,92064,M,,,92
201400040988,14,11,30,1320,1,2,1,1.0,3,92033,M,,,92
201400040989,14,12,4,1445,1,2,1,1.0,6,92064,M,,,92
201400040990,14,12,5,1600,1,2,9,1.0,6,92064,M,,,92
201400040991,14,12,6,930,1,2,1,1.0,7,92064,M,,,92
201400040992,14,12,6,5,5,2,9,1.0,3,92076,M,,,92
201400040993,14,12,7,1027,1,2,1,1.0,2,92064,M,,,92
201400040994,14,12,7,2005,5,2,9,2.0,3,92064,M,,,92
201400040995,14,12,8,1100,1,2,3,2.0,6,92064,M,,,92
201400040996,14,12,9,1515,1,2,1,1.0,6,92033,M,,,92
201400040997,14,12,9,1850,5,2,1,1.0,3,92047,M,,,92
201400040998,14,12,10,840,1,2,3,2.0,6,92064,M,,,92
201400040999,14,12,14,2040,5,2,7,1.0,6,92064,M,,,92
201400041000,14,12,15,2000,5,2,1,2.0,1,92047,M,,,92
201400041001,14,12,16,1505,1,2,1,1.0,5,92064,M,,,92
201400041002,14,12,20,1700,5,2,3,2.0,2,92064,M,,,92
201400041003,14,12,29,2020,5,2,3,2.0,7,92064,M,,,92
201400041004,14,1,14,1155,1,2,3,1.0,3,92072,M,,,92
201400041005,14,1,15,1753,5,2,2,2.0,3,92022,M,,,92
201400041006,14,1,22,1235,1,2,1,2.0,3,92022,M,,,92
201400041007,14,1,25,1855,5,2,1,1.0,6,92077,M,,,92
201400041008,14,1,28,2253,5,2,1,3.0,6,92072,M,,,92
201400041009,14,1,30,1130,1,2,2,1.0,3,92077,M,,,92
201400041010,14,2,1,2030,5,2,1,1.0,3,92022,M,,,92
201400041011,14,2,3,1310,1,2,1,1.0,3,92072,M,,,92
201400041012,14,2,7,830,1,2,1,1.0,3,92072,M,,,92
201400041013,14,2,4,1030,1,2,1,1.0,6,92072,M,,,92
201400041014,14,2,21,2230,5,2,1,1.0,3,92072,M,,,92
201400041015,14,3,3,1150,1,2,1,2.0,6,92022,M,,,92
201400041016,14,3,6,1640,1,2,1,1.0,6,92072,M,,,92
201400041017,14,3,7,740,1,2,1,1.0,6,92072,M,,,92
201400041018,14,3,14,2005,5,2,2,1.0,3,92077,M,,,92
201400041019,14,3,20,1245,1,2,1,1.0,6,92077,M,,,92
201400041020,14,3,23,515,2,2,2,1.0,3,92022,M,,,92
201400041021,14,3,25,552,5,2,1,3.0,6,92072,M,,,92
201400041022,14,4,3,1357,1,2,1,1.0,3,92072,M,,,92
201400041023,14,4,3,1505,1,2,6,1.0,3,92072,M,,,92
201400041024,14,4,14,314,5,2,1,1.0,6,92077,M,,,92
201400041025,14,4,11,1340,1,2,1,1.0,6,92022,M,,,92
201400041026,14,4,12,1955,2,2,1,1.0,3,92022,M,,,92
201400041027,14,4,15,1400,1,2,3,1.0,3,92072,M,,,92
201400041028,14,4,16,1440,1,2,1,1.0,3,92022,M,,,92
201400041029,14,4,22,1805,1,2,2,1.0,1,92072,M,,,92
201400041030,14,4,26,2325,5,2,1,1.0,6,92072,M,,,92
201400041031,14,4,27,1225,1,2,1,1.0,7,92022,M,,,92
201400041032,14,5,4,1000,1,2,1,1.0,1,92077,M,,,92
201400041033,14,5,6,2220,5,2,1,2.0,6,92072,M,,,92
201400041034,14,5,8,1405,1,2,1,2.0,5,92048,M,,,92
201400041035,14,5,20,920,1,2,1,1.0,6,92072,M,,,92
201400041036,14,5,21,905,1,2,1,2.0,3,92072,M,,,92
201400041037,14,5,25,1300,1,2,2,1.0,3,92072,M,,,92
201400041038,14,5,27,1810,1,2,1,1.0,6,92072,M,,,92
201400041039,14,5,28,1915,1,2,1,2.0,6,92072,M,,,92
201400041040,14,6,4,1100,1,2,1,2.0,3,92077,M,,,92
201400041041,14,6,4,1945,1,2,1,1.0,6,92072,M,,,92
201400041042,14,6,6,720,1,2,2,1.0,1,92072,M,,,92
201400041043,14,6,8,1550,1,2,1,1.0,6,92072,M,,,92
201400041044,14,6,11,1800,1,2,2,1.0,3,92022,M,,,92
201400041045,14,6,11,1924,1,2,1,1.0,3,92072,M,,,92
201400041046,14,6,19,1440,1,2,2,1.0,3,92072,M,,,92
201400041047,14,6,15,105,5,2,1,1.0,6,92022,M,,,92
201400041048,14,6,18,1800,1,2,1,1.0,6,92022,M,,,92
201400041049,14,6,19,1810,1,2,1,1.0,3,92072,M,,,92
201400041050,14,6,18,900,1,2,1,1.0,6,92072,M,,,92
201400041051,14,6,22,445,5,2,1,1.0,6,92022,M,,,92
201400041052,14,6,23,840,1,2,1,1.0,6,92022,M,,,92
201400041053,14,7,10,1845,1,2,1,2.0,3,92072,M,,,92
201400041054,14,7,20,1034,1,2,1,1.0,6,92072,M,,,92
201400041055,14,7,22,2045,1,2,2,1.0,3,92022,M,,,92
201400041056,14,7,24,1210,1,2,1,1.0,2,92072,M,,,92
201400041057,14,8,6,1930,1,2,1,2.0,6,92072,M,,,92
201400041058,14,8,19,1735,1,2,2,1.0,3,92072,M,,,92
201400041059,14,8,27,920,1,2,2,1.0,6,92022,M,,,92
201400041060,14,8,30,1050,1,2,1,1.0,3,92022,M,,,92
201400041061,14,7,6,225,5,2,1,1.0,7,92022,M,,,92
201400041062,14,9,12,1700,1,2,1,1.0,6,92072,M,,,92
201400041063,14,9,14,1300,1,2,1,1.0,2,92072,M,,,92
201400041064,14,9,17,1605,1,2,1,1.0,6,92072,M,,,92
201400041065,14,9,19,1635,1,2,1,1.0,2,92072,M,,,92
201400041066,14,9,21,1430,1,2,1,2.0,6,92072,M,,,92
201400041067,14,9,23,2220,1,2,2,1.0,6,92072,M,,,92
201400041068,14,9,26,1255,1,2,2,1.0,6,92022,M,,,92
201400041069,14,9,27,1000,1,2,1,1.0,7,92072,M,,,92
201400041070,14,9,28,2000,1,2,1,1.0,4,92072,M,,,92
201400041071,14,10,5,1945,1,2,1,1.0,6,92072,M,,,92
201400041072,14,10,6,2225,5,2,1,2.0,2,92022,M,,,92
201400041073,14,10,13,1520,1,2,1,1.0,3,92072,M,,,92
201400041074,14,10,16,920,1,2,1,2.0,6,92072,M,,,92
201400041075,14,10,18,1700,1,2,1,1.0,7,92077,M,,,92
201400041076,14,10,18,1950,5,2,1,1.0,6,92072,M,,,92
201400041077,14,10,28,1105,1,2,3,1.0,6,92022,M,,,92
201400041078,14,11,4,1725,2,2,1,1.0,6,92077,M,,,92
201400041079,14,11,5,1110,1,2,1,1.0,6,92022,M,,,92
201400041080,14,11,10,955,1,2,3,1.0,3,92072,M,,,92
201400041081,14,11,13,1452,1,2,1,1.0,6,92072,M,,,92
201400041082,14,11,14,1740,5,2,1,2.0,6,92072,M,,,92
201400041083,14,11,17,1700,5,2,1,2.0,6,92072,M,,,92
201400041084,14,11,20,1035,1,2,1,1.0,3,92072,M,,,92
201400041085,14,11,21,915,1,2,1,1.0,7,92022,M,,,92
201400041086,14,11,25,1715,2,2,1,1.0,3,92077,M,,,92
201400041087,14,11,30,1815,5,2,3,2.0,3,92022,M,,,92
201400041088,14,12,2,2150,5,2,1,2.0,6,92072,M,,,92
201400041089,14,12,8,1625,1,2,1,8.0,3,92072,M,,,92
201400041090,14,12,10,1130,1,2,1,1.0,6,92077,M,,,92
201400041091,14,12,10,2015,3,2,1,2.0,6,92022,M,,,92
201400041092,14,12,15,1445,1,2,1,2.0,3,92072,M,,,92
201400041093,14,12,16,1015,1,2,1,1.0,3,92022,M,,,92
201400041094,14,12,18,925,1,2,1,1.0,6,92077,M,,,92
201400041095,14,12,18,2230,5,2,1,1.0,6,92072,M,,,92
201400041096,14,12,19,910,1,2,1,1.0,3,92022,M,,,92
201400041097,14,12,29,1045,1,2,1,1.0,6,92022,M,,,92
201400041098,14,12,30,2320,5,2,3,1.0,1,92072,M,,,92
201400041099,14,1,15,2130,5,2,1,2.0,2,92073,M,,,92
201400041100,14,1,19,1020,1,2,1,1.0,6,92073,M,,,92
201400041101,14,1,25,155,5,2,1,2.0,2,92073,M,,,92
201400041102,14,1,28,1550,1,2,1,1.0,2,92073,M,,,92
201400041103,14,1,28,1945,5,2,1,1.0,6,92073,M,,,92
201400041104,14,2,7,850,1,2,1,1.0,6,92073,M,,,92
201400041105,14,2,7,1710,1,2,1,1.0,2,92073,M,,,92
201400041106,14,2,10,1035,1,2,1,1.0,7,92073,M,,,92
201400041107,14,2,13,1330,1,2,3,2.0,6,92073,M,,,92
201400041108,14,2,21,1030,1,2,1,1.0,6,92073,M,,,92
201400041109,14,2,28,1140,1,2,1,2.0,7,92073,M,,,92
201400041110,14,2,28,1605,1,2,1,3.0,2,92073,M,,,92
201400041111,14,3,13,800,1,2,1,1.0,6,92073,M,,,92
201400041112,14,3,14,850,1,2,3,1.0,1,92073,M,,,92
201400041113,14,3,18,930,1,2,1,1.0,6,92073,M,,,92
201400041114,14,3,23,1745,1,2,1,1.0,7,92073,M,,,92
201400041115,14,3,28,1005,1,2,1,1.0,6,92073,M,,,92
201400041116,14,4,1,920,1,2,1,1.0,3,92073,M,,,92
201400041117,14,4,12,1025,1,2,1,1.0,6,92073,M,,,92
201400041118,14,4,17,205,5,2,1,1.0,7,92073,M,,,92
201400041119,14,5,11,1445,1,2,1,1.0,2,92073,M,,,92
201400041120,14,5,15,1200,1,2,3,1.0,2,92073,M,,,92
201400041121,14,5,19,1315,1,2,1,1.0,6,92073,M,,,92
201400041122,14,5,19,1920,1,2,1,1.0,6,92073,M,,,92
201400041123,14,5,22,1910,1,2,3,7.0,1,92073,M,,,92
201400041124,14,5,25,310,5,2,3,1.0,7,92073,M,,,92
201400041125,14,5,26,630,2,2,1,1.0,6,92073,M,,,92
201400041126,14,5,27,1200,1,2,5,1.0,2,92073,M,,,92
201400041127,14,5,27,1330,1,2,3,1.0,6,92073,M,,,92
201400041128,14,5,30,2140,2,2,2,1.0,3,92073,M,,,92
201400041129,14,5,31,2115,2,2,1,1.0,5,92073,M,,,92
201400041130,14,6,3,1600,1,2,3,1.0,3,92073,M,,,92
201400041131,14,6,14,1315,1,2,1,1.0,6,92073,M,,,92
201400041132,14,6,14,1420,1,2,2,1.0,6,92073,M,,,92
201400041133,14,6,16,920,1,2,1,1.0,5,92073,M,,,92
201400041134,14,6,17,1615,1,2,1,1.0,3,92073,M,,,92
201400041135,14,6,17,2017,5,2,3,1.0,3,92073,M,,,92
201400041136,14,6,18,1435,1,2,1,1.0,6,92073,M,,,92
201400041137,14,6,24,850,1,2,2,1.0,2,92073,M,,,92
201400041138,14,6,27,205,5,2,1,1.0,1,92073,M,,,92
201400041139,14,7,15,655,1,2,3,1.0,2,92073,M,,,92
201400041140,14,7,17,850,1,2,3,1.0,7,92073,M,,,92
201400041141,14,7,20,2355,5,2,3,1.0,3,92073,M,,,92
201400041142,14,7,22,1530,1,2,1,1.0,3,92073,M,,,92
201400041143,14,7,24,2045,1,2,3,1.0,3,92073,M,,,92
201400041144,14,7,25,1020,1,2,1,1.0,7,92073,M,,,92
201400041145,14,7,31,1445,1,2,9,1.0,2,92073,M,,,92
201400041146,14,8,7,1400,1,2,1,8.0,2,92073,M,,,92
201400041147,14,8,11,1945,1,2,1,2.0,7,92073,M,,,92
201400041148,14,8,24,1935,1,2,3,1.0,3,92073,M,,,92
201400041149,14,8,25,730,1,2,3,3.0,6,92073,M,,,92
201400041150,14,9,9,2340,5,2,1,1.0,2,92050,M,,,92
201400041151,14,9,11,1220,1,2,1,1.0,7,92073,M,,,92
201400041152,14,9,17,845,1,2,1,1.0,5,92073,M,,,92
201400041153,14,9,19,955,1,2,1,1.0,6,92073,M,,,92
201400041154,14,9,22,1830,1,2,1,1.0,3,92073,M,,,92
201400041155,14,9,24,225,5,2,1,1.0,7,92073,M,,,92
201400041156,14,9,28,2200,5,2,3,1.0,7,92073,M,,,92
201400041157,14,9,30,830,1,2,1,1.0,7,92073,M,,,92
201400041158,14,9,30,1815,1,2,1,1.0,3,92073,M,,,92
201400041159,14,10,2,1745,1,2,1,1.0,2,92073,M,,,92
201400041160,14,10,11,1615,1,2,1,1.0,7,92073,M,,,92
201400041161,14,10,15,800,1,2,6,1.0,3,92073,M,,,92
201400041162,14,10,19,1340,1,2,2,1.0,6,92073,M,,,92
201400041163,14,11,5,835,1,2,1,1.0,6,92073,M,,,92
201400041164,14,11,11,2300,5,2,4,1.0,1,92073,M,,,92
201400041165,14,11,12,1735,5,2,1,1.0,6,92073,M,,,92
201400041166,14,11,16,145,5,2,2,1.0,3,92073,M,,,92
201400041167,14,11,22,1450,1,2,1,1.0,3,92073,M,,,92
201400041168,14,11,24,945,1,2,3,1.0,7,92073,M,,,92
201400041169,14,11,26,1130,1,2,1,1.0,7,92073,M,,,92
201400041170,14,11,26,1355,1,2,1,8.0,7,92073,M,,,92
201400041171,14,11,27,1750,5,2,1,1.0,6,92073,M,,,92
201400041172,14,11,30,1825,5,2,3,2.0,2,92073,M,,,92
201400041173,14,12,5,1630,1,2,3,1.0,3,92073,M,,,92
201400041174,14,12,9,1050,1,2,1,1.0,7,92073,M,,,92
201400041175,14,12,9,1800,2,2,1,1.0,6,92073,M,,,92
201400041176,14,12,18,1810,5,2,2,1.0,3,92073,M,,,92
201400041177,14,1,3,2000,5,2,1,1.0,3,92046,M,,,92
201400041178,14,2,8,2200,5,2,2,1.0,1,92075,M,,,92
201400041179,14,2,14,800,1,2,2,3.0,3,92075,M,,,92
201400041180,14,2,18,925,1,2,3,1.0,6,92046,M,,,92
201400041181,14,2,25,1800,2,2,1,1.0,6,92075,M,,,92
201400041182,14,2,27,1332,1,2,1,1.0,3,92075,M,,,92
201400041183,14,3,5,2335,5,2,5,1.0,1,92075,M,,,92
201400041184,14,3,7,300,5,2,3,1.0,6,92046,M,,,92
201400041185,14,3,11,1655,1,2,2,1.0,6,92075,M,,,92
201400041186,14,3,17,1810,1,2,2,1.0,6,92046,M,,,92
201400041187,14,3,25,950,1,2,2,2.0,3,92046,M,,,92
201400041188,14,3,26,2120,5,2,3,1.0,3,92046,M,,,92
201400041189,14,3,27,1135,1,2,1,1.0,6,92075,M,,,92
201400041190,14,3,30,1825,1,2,1,1.0,6,92075,M,,,92
201400041191,14,4,11,1745,1,2,3,1.0,7,92075,M,,,92
201400041192,14,4,16,655,2,2,1,1.0,1,92046,M,,,92
201400041193,14,4,24,345,5,2,1,1.0,6,92046,M,,,92
201400041194,14,4,25,818,2,2,2,3.0,6,92046,M,,,92
201400041195,14,4,27,1430,1,2,3,1.0,3,92046,M,,,92
201400041196,14,5,3,230,5,2,1,1.0,3,92075,M,,,92
201400041197,14,5,5,730,1,2,2,1.0,3,92046,M,,,92
201400041198,14,5,9,430,3,2,2,1.0,7,92075,M,,,92
201400041199,14,5,11,1150,1,2,1,1.0,7,92075,M,,,92
201400041200,14,5,16,1410,1,2,1,1.0,3,92075,M,,,92
201400041201,14,5,17,1115,1,2,1,1.0,6,92046,M,,,92