Num_Acc,an,mois,jour,hrmn,lum,agg,int,atm,col,com,gps,lat,long,dep
201400041202,14,5,18,220,5,2,1,1.0,6,92046,M,,,92
201400041203,14,5,21,250,5,2,1,2.0,6,92046,M,,,92
201400041204,14,5,21,830,1,2,3,2.0,3,92046,M,,,92
201400041205,14,5,24,1655,1,2,3,2.0,3,92075,M,,,92
201400041206,14,5,27,1045,1,2,2,1.0,1,92075,M,,,92
201400041207,14,5,28,955,1,2,1,1.0,7,92075,M,,,92
201400041208,14,6,5,1015,1,2,1,1.0,6,92046,M,,,92
201400041209,14,6,8,1720,1,2,1,1.0,7,92046,M,,,92
201400041210,14,6,11,1615,1,2,6,1.0,6,92075,M,,,92
201400041211,14,6,12,854,1,2,1,1.0,3,92046,M,,,92
201400041212,14,6,18,1720,1,2,3,1.0,6,92046,M,,,92
201400041213,14,6,23,845,1,2,3,1.0,3,92046,M,,,92
201400041214,14,6,25,1400,1,2,1,1.0,2,92075,M,,,92
201400041215,14,6,26,800,1,2,3,1.0,7,92075,M,,,92
201400041216,14,6,30,645,1,2,3,1.0,3,92075,M,,,92
201400041217,14,7,7,2325,5,2,3,1.0,3,92046,M,,,92
201400041218,14,7,11,1430,1,2,6,1.0,3,92075,M,,,92
201400041219,14,7,15,1440,1,2,7,1.0,3,92046,M,,,92
201400041220,14,7,23,1300,1,2,3,1.0,3,92046,M,,,92
201400041221,14,8,1,1215,1,2,2,1.0,6,92046,M,,,92
201400041222,14,8,12,1225,1,2,3,1.0,3,92075,M,,,92
201400041223,14,8,14,1950,1,2,1,1.0,6,92075,M,,,92
201400041224,14,8,20,1840,1,2,3,1.0,6,92046,M,,,92
201400041225,14,8,22,915,1,2,1,1.0,3,92075,M,,,92
201400041226,14,8,31,510,5,2,1,1.0,6,92046,M,,,92
201400041227,14,9,20,2230,5,2,3,1.0,2,92046,M,,,92
201400041228,14,9,23,1150,1,2,6,1.0,2,92046,M,,,92
201400041229,14,9,24,1155,1,2,2,1.0,6,92046,M,,,92
201400041230,14,9,25,1040,1,2,3,1.0,3,92046,M,,,92
201400041231,14,9,24,1230,1,2,1,1.0,6,92046,M,,,92
201400041232,14,10,2,910,1,2,1,1.0,3,92075,M,,,92
201400041233,14,10,5,1830,2,2,1,1.0,6,92075,M,,,92
201400041234,14,10,8,1135,1,2,1,2.0,6,92075,M,,,92
201400041235,14,10,14,905,1,2,1,1.0,6,92075,M,,,92
201400041236,14,10,15,935,1,2,1,1.0,6,92046,M,,,92
201400041237,14,10,16,100,5,2,1,2.0,6,92075,M,,,92
201400041238,14,10,18,828,2,2,2,1.0,7,92075,M,,,92
201400041239,14,10,20,1940,5,2,2,8.0,7,92046,M,,,92
201400041240,14,10,22,1220,2,2,1,1.0,6,92046,M,,,92
201400041241,14,11,3,1625,1,2,1,2.0,7,92075,M,,,92
201400041242,14,11,10,1323,1,2,2,1.0,7,92046,M,,,92
201400041243,14,11,12,1930,5,2,4,1.0,6,92075,M,,,92
201400041244,14,11,17,825,2,2,1,1.0,7,92075,M,,,92
201400041245,14,11,20,140,5,2,3,1.0,3,92075,M,,,92
201400041246,14,11,26,1810,5,2,3,6.0,7,92046,M,,,92
201400041247,14,11,27,1650,2,2,1,2.0,3,92075,M,,,92
201400041248,14,12,3,1545,1,2,1,1.0,7,92046,M,,,92
201400041249,14,12,5,1540,1,2,1,1.0,7,92075,M,,,92
201400041250,14,12,5,1630,1,2,1,1.0,7,92075,M,,,92
201400041251,14,12,5,940,1,2,2,1.0,3,92046,M,,,92
201400041252,14,12,17,2020,5,2,2,2.0,3,92075,M,,,92
201400041253,14,12,12,920,1,2,3,1.0,7,92046,M,,,92
201400041254,14,12,18,825,2,2,2,1.0,7,92046,M,,,92
201400041255,14,12,18,1200,1,2,1,1.0,3,92075,M,,,92
201400041256,14,12,18,845,1,2,1,1.0,7,92046,M,,,92
201400041257,14,12,24,1505,1,2,6,1.0,3,92075,M,,,92
201400041258,14,1,22,2000,5,2,1,2.0,6,92078,M,,,92
201400041259,14,1,24,1340,1,2,1,1.0,6,92078,M,,,92
201400041260,14,2,14,1055,1,2,2,2.0,3,92078,M,,,92
201400041261,14,2,18,1540,1,2,1,1.0,6,92078,M,,,92
201400041262,14,3,6,1135,1,2,1,1.0,6,92078,M,,,92
201400041263,14,3,11,1730,1,2,2,1.0,6,92078,M,,,92
201400041264,14,4,22,1010,1,2,1,1.0,3,92078,M,,,92
201400041265,14,5,3,2312,5,2,3,1.0,3,92078,M,,,92
201400041266,14,5,5,1420,1,2,1,7.0,2,92078,M,,,92
201400041267,14,5,11,1115,1,2,1,1.0,3,92078,M,,,92
201400041268,14,5,22,610,2,2,1,1.0,6,92078,M,,,92
201400041269,14,5,23,940,1,2,2,1.0,3,92078,M,,,92
201400041270,14,6,5,1650,1,2,1,1.0,6,92078,M,,,92
201400041271,14,6,7,1700,1,2,1,1.0,6,92078,M,,,92
201400041272,14,7,12,1930,1,2,1,1.0,3,92078,M,,,92
201400041273,14,7,13,1350,1,2,1,1.0,2,92078,M,,,92
201400041274,14,7,27,1845,1,2,1,1.0,3,92078,M,,,92
201400041275,14,8,10,1500,1,2,1,3.0,2,92078,M,,,92
201400041276,14,8,24,240,5,2,1,1.0,6,92078,M,,,92
201400041277,14,9,5,1250,1,2,1,1.0,7,92078,M,,,92
201400041278,14,9,8,1518,1,2,1,1.0,6,92078,M,,,92
201400041279,14,9,9,1245,1,2,1,1.0,7,92078,M,,,92
201400041280,14,9,29,1635,1,2,2,1.0,7,92078,M,,,92
201400041281,14,10,10,745,2,2,1,1.0,7,92078,M,,,92
201400041282,14,10,20,1625,1,2,1,2.0,6,92078,M,,,92
201400041283,14,11,8,1335,1,2,3,1.0,3,92078,M,,,92
201400041284,14,11,21,855,1,2,3,2.0,7,92078,M,,,92
201400041285,14,12,1,2030,5,2,1,2.0,7,92078,M,,,92
201400041286,14,12,9,1530,1,2,3,1.0,3,92078,M,,,92
201400041287,14,12,20,1235,1,2,1,1.0,5,92078,M,,,92
201400041288,14,1,24,810,2,2,1,2.0,6,92026,M,,,92
201400041289,14,2,9,1110,1,2,1,1.0,2,92026,M,,,92
201400041290,14,2,13,1825,4,2,1,1.0,7,92062,M,,,92
201400041291,14,3,5,1042,1,2,1,7.0,6,92062,M,,,92
201400041292,14,3,14,118,5,2,1,1.0,6,92026,M,,,92
201400041293,14,3,16,1615,1,2,1,1.0,5,92026,M,,,92
201400041294,14,4,9,1643,1,2,1,1.0,6,92026,M,,,92
201400041295,14,4,15,1005,1,2,1,1.0,6,92062,M,,,92
201400041296,14,4,16,840,1,2,1,1.0,2,92062,M,,,92
201400041297,14,4,18,850,1,2,1,1.0,2,92062,M,,,92
201400041298,14,4,24,2005,2,2,2,1.0,3,92026,M,,,92
201400041299,14,4,26,1510,1,2,1,2.0,7,92062,M,,,92
201400041300,14,6,5,740,1,2,1,1.0,2,92026,M,,,92
201400041301,14,6,14,950,1,2,2,1.0,3,92062,M,,,92
201400041302,14,6,17,715,5,2,1,1.0,6,92026,M,,,92
201400041303,14,6,27,1740,1,2,1,1.0,7,92062,M,,,92
201400041304,14,6,29,1450,1,2,1,1.0,7,92062,M,,,92
201400041305,14,6,30,1110,1,2,1,1.0,2,92062,M,,,92
201400041306,14,7,3,1735,1,2,1,1.0,5,92062,M,,,92
201400041307,14,8,4,945,1,2,1,2.0,5,92062,M,,,92
201400041308,14,9,16,1515,1,2,1,1.0,6,92026,M,,,92
201400041309,14,9,22,1920,1,2,1,1.0,6,92026,M,,,92
201400041310,14,10,18,1325,1,2,2,1.0,3,92026,M,,,92
201400041311,14,10,20,725,3,2,1,1.0,7,92062,M,,,92
201400041312,14,10,29,910,1,2,9,1.0,3,92062,M,,,92
201400041313,14,11,2,620,5,2,1,1.0,2,92062,M,,,92
201400041314,14,11,6,1900,5,2,1,1.0,3,92062,M,,,92
201400041315,14,11,12,1240,1,2,3,1.0,2,92026,M,,,92
201400041316,14,11,10,1728,5,2,1,1.0,7,92062,M,,,92
201400041317,14,11,15,1129,1,2,1,1.0,6,92062,M,,,92
201400041318,14,11,18,800,1,2,4,2.0,3,92062,M,,,92
201400041319,14,12,1,2030,4,2,1,1.0,3,92026,M,,,92
201400041320,14,12,29,1810,2,2,1,1.0,2,92062,M,,,92
201400041321,14,1,3,1325,1,2,3,1.0,6,93001,M,,,93
201400041322,14,1,3,1935,5,2,3,1.0,3,93001,M,,,93
201400041323,14,1,6,2040,5,2,2,1.0,3,93001,M,,,93
201400041324,14,1,10,1800,5,2,3,1.0,3,93001,M,,,93
201400041325,14,1,12,525,5,2,1,5.0,6,93001,M,,,93
201400041326,14,1,11,1630,1,2,1,1.0,3,93001,M,,,93
201400041327,14,1,16,915,1,2,1,2.0,6,93001,M,,,93
201400041328,14,1,23,1145,1,2,1,1.0,2,93001,M,,,93
201400041329,14,2,1,1500,1,2,2,1.0,3,93001,M,,,93
201400041330,14,2,3,915,1,2,9,1.0,4,93001,M,,,93
201400041331,14,2,13,1850,5,2,1,1.0,2,93001,M,,,93
201400041332,14,2,14,1625,1,2,1,8.0,2,93001,M,,,93
201400041333,14,2,20,110,5,1,1,1.0,6,93001,M,,,93
201400041334,14,3,3,2050,5,2,2,1.0,3,93001,M,,,93
201400041335,14,3,10,1920,5,2,1,1.0,6,93001,M,,,93
201400041336,14,3,11,1530,1,2,2,1.0,1,93001,M,,,93
201400041337,14,3,13,1649,1,2,1,1.0,3,93001,M,,,93
201400041338,14,3,15,1100,1,2,1,1.0,6,93001,M,,,93
201400041339,14,3,17,920,1,2,2,1.0,6,93001,M,,,93
201400041340,14,3,17,1845,1,2,1,1.0,6,93001,M,,,93
201400041341,14,3,18,1110,1,1,1,1.0,6,93001,M,,,93
201400041342,14,3,18,1930,5,2,1,1.0,3,93001,M,,,93
201400041343,14,3,25,940,1,2,2,2.0,3,93001,M,,,93
201400041344,14,4,1,930,1,2,1,1.0,3,93001,M,,,93
201400041345,14,4,3,1845,2,2,1,1.0,6,93001,M,,,93
201400041346,14,4,7,840,1,2,1,1.0,4,93001,M,,,93
201400041347,14,4,9,1200,1,2,1,1.0,6,93001,M,,,93
201400041348,14,4,11,1335,1,2,1,1.0,6,93001,M,,,93
201400041349,14,4,14,230,5,2,1,1.0,6,93001,M,,,93
201400041350,14,4,17,1755,1,2,1,1.0,6,93001,M,,,93
201400041351,14,4,19,2335,5,2,1,1.0,3,93001,M,,,93
201400041352,14,4,20,2245,5,2,2,1.0,3,93001,M,,,93
201400041353,14,4,25,1500,1,2,1,1.0,3,93001,M,,,93
201400041354,14,4,26,1825,1,2,3,2.0,3,93001,M,,,93
201400041355,14,4,28,1235,1,2,8,1.0,6,93001,M,,,93
201400041356,14,4,28,1440,1,2,1,1.0,3,93001,M,,,93
201400041357,14,4,29,1930,1,2,1,2.0,2,93001,M,,,93
201400041358,14,5,5,840,1,2,1,1.0,6,93001,M,,,93
201400041359,14,5,6,1530,1,2,1,1.0,6,93001,M,,,93
201400041360,14,5,9,1950,1,2,1,1.0,6,93001,M,,,93
201400041361,14,5,14,730,1,2,1,1.0,3,93001,M,,,93
201400041362,14,5,14,1605,1,2,1,1.0,3,93001,M,,,93
201400041363,14,5,14,1735,1,2,1,1.0,3,93001,M,,,93
201400041364,14,5,15,1230,1,2,1,1.0,6,93001,M,,,93
201400041365,14,5,16,949,1,2,2,1.0,1,93001,M,,,93
201400041366,14,5,22,1306,1,2,1,1.0,6,93001,M,,,93
201400041367,14,5,23,350,5,2,2,1.0,3,93001,M,,,93
201400041368,14,5,24,1010,1,2,1,8.0,3,93001,M,,,93
201400041369,14,5,26,1450,1,2,1,2.0,3,93001,M,,,93
201400041370,14,5,28,1530,1,2,1,8.0,3,93001,M,,,93
201400041371,14,5,29,1900,1,2,1,8.0,6,93001,M,,,93
201400041372,14,5,30,1330,1,2,1,1.0,3,93001,M,,,93
201400041373,14,5,30,1615,1,2,1,1.0,7,93001,M,,,93
201400041374,14,5,31,1340,1,2,6,1.0,4,93001,M,,,93
201400041375,14,6,4,1020,1,1,1,2.0,7,93001,M,,,93
201400041376,14,6,5,455,5,2,2,1.0,3,93001,M,,,93
201400041377,14,6,6,1730,1,2,1,1.0,3,93001,M,,,93
201400041378,14,6,6,1750,1,2,1,1.0,6,93001,M,,,93
201400041379,14,6,7,2255,5,2,1,1.0,3,93001,M,,,93
201400041380,14,6,8,1440,1,2,1,1.0,2,93001,M,,,93
201400041381,14,6,9,2030,1,2,2,1.0,3,93001,M,,,93
201400041382,14,6,13,234,5,2,2,1.0,3,93001,M,,,93
201400041383,14,6,14,150,5,2,2,1.0,3,93001,M,,,93
201400041384,14,6,16,1915,1,2,2,1.0,3,93001,M,,,93
201400041385,14,6,17,1700,1,2,1,1.0,6,93001,M,,,93
201400041386,14,6,19,1830,1,2,1,1.0,5,93001,M,,,93
201400041387,14,6,19,2150,2,2,1,1.0,2,93001,M,,,93
201400041388,14,6,23,1545,1,2,1,1.0,2,93001,M,,,93
201400041389,14,6,24,1250,1,2,1,1.0,5,93001,M,,,93
201400041390,14,7,2,1355,1,2,1,1.0,6,93001,M,,,93
201400041391,14,7,2,1615,1,2,3,1.0,3,93001,M,,,93
201400041392,14,7,3,1405,1,2,1,1.0,6,93001,M,,,93
201400041393,14,7,5,2213,5,2,1,1.0,6,93001,M,,,93
201400041394,14,7,6,1730,1,2,1,1.0,3,93001,M,,,93
201400041395,14,7,2,118,5,2,1,1.0,6,93001,M,,,93
201400041396,14,7,10,1115,1,2,1,2.0,6,93001,M,,,93
201400041397,14,7,10,1705,1,2,3,1.0,3,93001,M,,,93
201400041398,14,7,15,1225,1,2,1,1.0,6,93001,M,,,93
201400041399,14,7,16,1910,1,2,1,1.0,3,93001,M,,,93
201400041400,14,7,20,1625,1,2,2,1.0,3,93001,M,,,93
201400041401,14,7,20,1815,1,2,1,1.0,7,93001,M,,,93
201400041402,14,7,20,2115,1,2,1,1.0,6,93001,M,,,93
201400041403,14,7,21,2145,1,2,2,1.0,1,93001,M,,,93
201400041404,14,7,22,55,5,2,3,1.0,3,93001,M,,,93
201400041405,14,7,30,1100,1,2,1,1.0,6,93001,M,,,93
201400041406,14,8,4,1110,1,2,1,1.0,6,93001,M,,,93
201400041407,14,8,5,1350,1,2,1,1.0,6,93001,M,,,93
201400041408,14,8,12,1320,1,2,1,1.0,2,93001,M,,,93
201400041409,14,8,13,2245,5,2,3,8.0,3,93001,M,,,93
201400041410,14,8,13,1800,1,2,1,1.0,6,93001,M,,,93
201400041411,14,8,14,1430,1,2,1,1.0,2,93001,M,,,93
201400041412,14,8,19,1030,1,2,2,1.0,3,93001,M,,,93
201400041413,14,8,19,1910,1,2,1,1.0,6,93001,M,,,93
201400041414,14,8,22,1810,1,2,2,2.0,3,93001,M,,,93
201400041415,14,8,25,1945,2,2,1,3.0,2,93001,M,,,93
201400041416,14,8,26,1610,1,2,1,1.0,3,93001,M,,,93
201400041417,14,8,26,2340,5,2,1,2.0,2,93001,M,,,93
201400041418,14,8,27,1345,1,2,1,1.0,6,93001,M,,,93
201400041419,14,8,27,1510,1,2,1,1.0,6,93001,M,,,93
201400041420,14,8,29,850,1,2,1,1.0,1,93001,M,,,93
201400041421,14,8,29,1150,1,2,1,1.0,6,93001,M,,,93
201400041422,14,8,30,355,5,2,2,1.0,2,93001,M,,,93
201400041423,14,9,1,1430,1,2,1,1.0,6,93001,M,,,93
201400041424,14,9,4,1710,1,2,1,1.0,6,93001,M,,,93
201400041425,14,9,5,1050,1,2,2,1.0,6,93001,M,,,93
201400041426,14,9,15,732,1,2,9,1.0,3,93001,M,,,93
201400041427,14,9,16,700,5,2,1,1.0,6,93001,M,,,93
201400041428,14,9,16,1630,1,2,1,1.0,6,93001,M,,,93
201400041429,14,9,16,1730,1,2,1,1.0,6,93001,M,,,93
201400041430,14,9,18,915,1,2,1,1.0,2,93001,M,,,93
201400041431,14,9,18,1745,1,2,1,1.0,2,93001,M,,,93
201400041432,14,9,24,1745,1,2,1,1.0,6,93001,M,,,93
201400041433,14,9,27,2015,5,2,1,1.0,3,93001,M,,,93
201400041434,14,10,1,1715,1,2,1,1.0,6,93001,M,,,93
201400041435,14,10,2,1730,1,2,1,1.0,6,93001,M,,,93
201400041436,14,10,8,900,1,2,2,3.0,3,93001,M,,,93
201400041437,14,10,8,1010,1,2,1,3.0,6,93001,M,,,93
201400041438,14,10,9,1840,1,2,1,1.0,3,93001,M,,,93
201400041439,14,10,15,30,5,2,1,1.0,6,93001,M,,,93
201400041440,14,10,15,1150,1,2,3,2.0,6,93001,M,,,93
201400041441,14,10,15,1450,1,2,1,2.0,6,93001,M,,,93
201400041442,14,10,18,1615,1,2,1,1.0,6,93001,M,,,93
201400041443,14,10,21,1425,1,2,1,1.0,6,93001,M,,,93
201400041444,14,10,22,2020,5,2,2,1.0,3,93001,M,,,93
201400041445,14,10,23,1230,1,2,1,1.0,3,93001,M,,,93
201400041446,14,10,26,830,1,2,3,1.0,3,93001,M,,,93
201400041447,14,10,30,940,1,2,1,1.0,3,93001,M,,,93
201400041448,14,11,1,2105,5,2,1,1.0,3,93001,M,,,93
201400041449,14,11,5,900,1,2,4,1.0,3,93001,M,,,93
201400041450,14,11,6,625,5,2,1,1.0,6,93001,M,,,93
201400041451,14,11,7,750,2,2,2,2.0,6,93001,M,,,93
201400041452,14,11,8,2034,5,2,1,1.0,2,93001,M,,,93
201400041453,14,11,10,2340,5,2,3,1.0,2,93001,M,,,93
201400041454,14,11,14,800,1,2,2,1.0,3,93001,M,,,93
201400041455,14,11,16,625,5,2,2,1.0,3,93001,M,,,93
201400041456,14,11,19,955,1,2,3,8.0,3,93001,M,,,93
201400041457,14,11,19,1810,5,2,1,1.0,6,93001,M,,,93
201400041458,14,11,19,1950,5,2,1,1.0,3,93001,M,,,93
201400041459,14,11,19,2045,5,2,1,1.0,6,93001,M,,,93
201400041460,14,11,27,945,1,2,4,9.0,3,93001,M,,,93
201400041461,14,12,8,1355,1,2,3,2.0,3,93001,M,,,93
201400041462,14,12,11,1840,5,2,0,1.0,1,93001,M,,,93
201400041463,14,12,15,1910,3,2,4,2.0,3,93001,M,,,93
201400041464,14,12,19,1110,1,2,0,2.0,6,93001,M,,,93
201400041465,14,12,20,1000,1,2,2,1.0,3,93001,M,,,93
201400041466,14,12,20,1940,5,2,2,2.0,3,93001,M,,,93
201400041467,14,12,21,710,5,2,2,1.0,3,93001,M,,,93
201400041468,14,12,24,1800,4,2,0,2.0,6,93001,M,,,93
201400041469,14,12,26,1530,1,2,0,1.0,3,93001,M,,,93
201400041470,14,12,31,1525,1,2,0,1.0,6,93001,M,,,93
201400041471,14,1,1,110,5,2,1,2.0,3,93005,M,,,93
201400041472,14,12,16,810,2,2,0,2.0,3,93005,M,,,93
201400041473,14,1,5,125,5,2,3,1.0,2,93005,M,,,93
201400041474,14,1,4,1325,1,2,6,1.0,1,93071,M,,,93
201400041475,14,1,7,900,1,2,2,1.0,3,93005,M,,,93
201400041476,14,1,7,930,1,2,1,1.0,6,93005,M,,,93
201400041477,14,1,7,1800,2,2,1,2.0,5,93005,M,,,93
201400041478,14,1,9,1630,1,2,1,2.0,2,93005,M,,,93
201400041479,14,2,2,2020,5,2,1,1.0,2,93071,M,,,93
201400041480,14,1,11,1150,1,2,1,1.0,2,93005,M,,,93
201400041481,14,2,8,1506,1,2,2,1.0,3,93071,M,,,93
201400041482,14,1,13,1140,1,2,1,1.0,2,93005,M,,,93
201400041483,14,2,17,1520,1,2,2,1.0,3,93071,M,,,93
201400041484,14,1,14,750,5,2,1,2.0,6,93005,M,,,93
201400041485,14,1,15,1000,1,2,1,2.0,6,93005,M,,,93
201400041486,14,1,15,1140,1,2,1,2.0,2,93005,M,,,93
201400041487,14,1,15,2100,5,2,1,2.0,2,93005,M,,,93
201400041488,14,1,18,1500,1,2,6,1.0,3,93005,M,,,93
201400041489,14,3,12,1920,5,2,1,1.0,2,93071,M,,,93
201400041490,14,1,18,1850,5,2,1,1.0,3,93005,M,,,93
201400041491,14,3,28,1315,1,1,1,1.0,6,93071,M,,,93
201400041492,14,1,19,1100,1,2,1,1.0,2,93005,M,,,93
201400041493,14,4,1,1715,1,2,1,1.0,6,93071,M,,,93
201400041494,14,1,22,1330,1,2,1,1.0,3,93005,M,,,93
201400041495,14,4,3,825,1,2,1,1.0,6,93071,M,,,93
201400041496,14,1,28,2330,5,2,1,2.0,6,93005,M,,,93
201400041497,14,4,6,728,1,2,1,1.0,6,93071,M,,,93
201400041498,14,1,31,1615,1,1,1,1.0,7,93005,M,,,93
201400041499,14,4,10,1020,1,2,1,1.0,6,93071,M,,,93
201400041500,14,4,10,1145,1,2,3,1.0,6,93071,M,,,93
201400041501,14,2,2,1505,1,2,1,1.0,3,93005,M,,,93
201400041502,14,4,10,1347,1,2,1,1.0,6,93071,M,,,93
201400041503,14,2,3,1135,1,2,1,1.0,2,93005,M,,,93
201400041504,14,4,13,1440,1,2,1,1.0,1,93071,M,,,93
201400041505,14,2,6,1500,1,2,1,2.0,1,93005,M,,,93
201400041506,14,4,19,1835,1,2,1,1.0,2,93071,M,,,93
201400041507,14,4,26,2020,2,2,7,8.0,3,93071,M,,,93
201400041508,14,2,8,2110,5,2,1,8.0,2,93005,M,,,93
201400041509,14,5,13,2045,2,2,1,1.0,6,93071,M,,,93
201400041510,14,2,10,325,5,2,1,1.0,3,93005,M,,,93
201400041511,14,2,13,810,2,2,1,3.0,6,93005,M,,,93
201400041512,14,2,13,1305,1,2,6,2.0,6,93005,M,,,93
201400041513,14,3,3,915,1,2,3,2.0,6,93005,M,,,93
201400041514,14,3,4,1305,1,2,1,1.0,3,93005,M,,,93
201400041515,14,3,4,1835,5,2,1,1.0,2,93005,M,,,93
201400041516,14,3,8,1540,1,2,1,1.0,2,93005,M,,,93
201400041517,14,3,10,1620,1,2,1,1.0,3,93005,M,,,93
201400041518,14,3,12,1110,1,2,1,1.0,3,93005,M,,,93
201400041519,14,3,16,1600,1,2,3,1.0,1,93005,M,,,93
201400041520,14,3,16,1920,1,2,1,1.0,3,93005,M,,,93
201400041521,14,3,18,1340,1,2,1,1.0,2,93005,M,,,93
201400041522,14,3,24,2200,5,2,1,1.0,6,93005,M,,,93
201400041523,14,3,24,1335,1,2,1,1.0,3,93005,M,,,93
201400041524,14,3,27,1520,1,2,1,1.0,6,93005,M,,,93
201400041525,14,3,27,1913,5,2,1,1.0,3,93005,M,,,93
201400041526,14,3,28,1715,1,2,4,1.0,3,93005,M,,,93
201400041527,14,4,3,2030,2,2,2,1.0,3,93005,M,,,93
201400041528,14,4,5,2240,5,2,1,1.0,4,93005,M,,,93
201400041529,14,4,10,830,1,2,6,1.0,6,93005,M,,,93
201400041530,14,4,11,1755,1,2,1,1.0,6,93005,M,,,93
201400041531,14,4,13,300,4,2,1,1.0,1,93005,M,,,93
201400041532,14,4,14,1734,1,2,1,1.0,6,93005,M,,,93
201400041533,14,4,16,1030,1,2,2,1.0,1,93005,M,,,93
201400041534,14,4,19,1045,1,2,1,1.0,2,93005,M,,,93
201400041535,14,4,26,155,5,2,1,1.0,3,93005,M,,,93
201400041536,14,4,29,2000,2,2,3,2.0,3,93005,M,,,93
201400041537,14,5,2,1700,1,2,1,1.0,4,93005,M,,,93
201400041538,14,5,3,1920,1,2,6,1.0,6,93005,M,,,93
201400041539,14,5,4,1500,1,2,3,1.0,3,93005,M,,,93
201400041540,14,5,5,1430,1,2,1,1.0,3,93005,M,,,93
201400041541,14,5,5,2335,5,2,1,1.0,3,93005,M,,,93
201400041542,14,5,7,1610,1,2,1,2.0,6,93005,M,,,93
201400041543,14,5,8,2105,5,2,1,2.0,7,93005,M,,,93
201400041544,14,5,9,1730,1,2,2,1.0,3,93005,M,,,93
201400041545,14,5,9,1800,1,2,3,1.0,6,93005,M,,,93
201400041546,14,5,12,1638,1,2,1,2.0,6,93005,M,,,93
201400041547,14,5,17,255,5,2,2,1.0,3,93005,M,,,93
201400041548,14,5,18,1955,1,2,3,7.0,6,93005,M,,,93
201400041549,14,5,19,1945,1,2,1,1.0,6,93005,M,,,93
201400041550,14,5,19,2000,1,2,2,1.0,6,93005,M,,,93
201400041551,14,5,19,2230,5,2,3,1.0,3,93005,M,,,93
201400041552,14,5,22,2220,5,2,1,1.0,6,93005,M,,,93
201400041553,14,5,24,1610,1,2,1,1.0,6,93005,M,,,93
201400041554,14,5,25,1018,1,2,1,1.0,6,93005,M,,,93
201400041555,14,6,2,40,5,2,3,8.0,6,93005,M,,,93
201400041556,14,6,5,2300,5,2,2,1.0,5,93005,M,,,93
201400041557,14,6,6,915,1,2,1,1.0,2,93005,M,,,93
201400041558,14,6,6,1620,1,2,1,1.0,6,93005,M,,,93
201400041559,14,6,6,1900,1,2,1,1.0,6,93005,M,,,93
201400041560,14,6,7,2015,1,2,1,1.0,6,93005,M,,,93
201400041561,14,6,10,1210,1,2,3,2.0,3,93005,M,,,93
201400041562,14,6,11,2002,1,2,1,1.0,6,93005,M,,,93
201400041563,14,6,13,1605,1,2,1,1.0,2,93005,M,,,93
201400041564,14,6,15,850,1,2,4,1.0,1,93005,M,,,93
201400041565,14,6,15,1750,1,1,6,1.0,6,93005,M,,,93
201400041566,14,6,18,1920,1,2,2,1.0,3,93005,M,,,93
201400041567,14,6,21,2050,1,2,1,1.0,6,93005,M,,,93
201400041568,14,6,24,1300,1,2,2,1.0,3,93005,M,,,93
201400041569,14,6,26,1825,1,2,1,1.0,6,93005,M,,,93
201400041570,14,7,1,1700,1,2,1,1.0,6,93005,M,,,93
201400041571,14,7,1,1720,1,2,2,1.0,7,93005,M,,,93
201400041572,14,7,1,1635,1,2,1,1.0,6,93005,M,,,93
201400041573,14,7,4,1650,1,2,1,1.0,6,93005,M,,,93
201400041574,14,7,8,1624,1,2,2,1.0,3,93005,M,,,93
201400041575,14,7,9,1900,1,2,3,3.0,2,93005,M,,,93
201400041576,14,7,13,120,5,2,3,1.0,4,93005,M,,,93
201400041577,14,7,17,800,1,2,1,1.0,7,93005,M,,,93
201400041578,14,7,19,1025,1,2,1,1.0,6,93005,M,,,93
201400041579,14,7,20,550,2,2,6,2.0,6,93005,M,,,93
201400041580,14,7,23,2355,5,2,1,1.0,3,93005,M,,,93
201400041581,14,7,24,1755,1,2,3,1.0,6,93005,M,,,93
201400041582,14,7,26,35,5,2,1,1.0,6,93005,M,,,93
201400041583,14,7,28,1200,1,2,3,1.0,3,93005,M,,,93
201400041584,14,7,28,1410,1,2,1,1.0,3,93005,M,,,93
201400041585,14,7,30,1330,1,2,1,1.0,1,93005,M,,,93
201400041586,14,7,31,1740,1,2,3,1.0,1,93005,M,,,93
201400041587,14,8,1,1607,1,2,1,1.0,2,93005,M,,,93
201400041588,14,8,1,2050,2,2,1,1.0,7,93005,M,,,93
201400041589,14,8,6,1,5,2,1,1.0,2,93005,M,,,93
201400041590,14,8,6,2135,1,2,1,1.0,2,93005,M,,,93
201400041591,14,8,8,1915,1,2,3,1.0,3,93005,M,,,93
201400041592,14,8,9,1800,1,2,3,1.0,6,93005,M,,,93
201400041593,14,8,11,105,5,2,1,1.0,6,93005,M,,,93
201400041594,14,8,12,1420,1,2,2,2.0,3,93005,M,,,93
201400041595,14,8,15,1750,1,2,1,1.0,7,93005,M,,,93
201400041596,14,8,20,1900,1,2,2,1.0,3,93005,M,,,93
201400041597,14,7,28,1855,1,2,1,1.0,6,93005,M,,,93
201400041598,14,8,26,1450,1,2,1,1.0,6,93005,M,,,93
201400041599,14,9,6,1200,1,2,1,1.0,6,93005,M,,,93
201400041600,14,9,8,2325,5,2,3,1.0,1,93005,M,,,93
201400041601,14,9,10,850,1,2,2,1.0,3,93005,M,,,93
201400041602,14,9,12,1600,1,2,3,1.0,3,93005,M,,,93
201400041603,14,9,13,1225,1,2,1,1.0,3,93005,M,,,93
201400041604,14,9,13,1855,1,2,1,1.0,3,93005,M,,,93
201400041605,14,9,13,1850,1,2,1,1.0,2,93005,M,,,93
201400041606,14,9,18,110,5,2,9,2.0,6,93005,M,,,93
201400041607,14,9,24,2200,5,2,6,1.0,3,93005,M,,,93
201400041608,14,10,6,1815,2,2,2,2.0,3,93005,M,,,93