Num_Acc,an,mois,jour,hrmn,lum,agg,int,atm,col,com,gps,lat,long,dep
201400041609,14,10,8,1030,1,2,1,3.0,6,93005,M,,,93
201400041610,14,10,8,1440,1,2,1,2.0,6,93005,M,,,93
201400041611,14,10,8,2350,5,2,1,8.0,6,93005,M,,,93
201400041612,14,10,8,1400,1,1,4,2.0,6,93005,M,,,93
201400041613,14,10,11,915,1,2,1,3.0,4,93005,M,,,93
201400041614,14,10,13,1740,1,2,1,1.0,6,93005,M,,,93
201400041615,14,10,14,1755,1,2,1,1.0,6,93005,M,,,93
201400041616,14,10,14,1835,1,2,1,1.0,3,93005,M,,,93
201400041617,14,10,15,1820,2,2,6,2.0,6,93005,M,,,93
201400041618,14,10,17,2100,5,2,1,2.0,3,93005,M,,,93
201400041619,14,10,18,1130,1,2,2,1.0,3,93005,M,,,93
201400041620,14,10,18,1340,1,2,5,1.0,1,93005,M,,,93
201400041621,14,10,21,1630,1,2,1,2.0,6,93005,M,,,93
201400041622,14,10,22,1725,1,2,2,1.0,6,93005,M,,,93
201400041623,14,10,25,1550,1,2,1,1.0,6,93005,M,,,93
201400041624,14,10,26,1645,1,2,1,1.0,2,93005,M,,,93
201400041625,14,10,31,2105,5,2,3,1.0,1,93005,M,,,93
201400041626,14,11,6,840,1,2,2,9.0,6,93005,M,,,93
201400041627,14,11,7,1720,5,2,2,1.0,3,93005,M,,,93
201400041628,14,11,7,2005,5,2,2,1.0,3,93005,M,,,93
201400041629,14,11,14,1700,2,2,1,2.0,2,93005,M,,,93
201400041630,14,11,14,500,5,2,6,2.0,3,93005,M,,,93
201400041631,14,11,15,820,1,2,1,1.0,6,93005,M,,,93
201400041632,14,11,17,2050,4,2,2,2.0,2,93005,M,,,93
201400041633,14,11,27,830,1,2,6,2.0,6,93005,M,,,93
201400041634,14,11,30,1205,1,2,2,8.0,1,93005,M,,,93
201400041635,14,12,1,900,1,2,0,1.0,4,93005,M,,,93
201400041636,14,12,1,1600,1,2,0,8.0,6,93005,M,,,93
201400041637,14,12,4,1645,2,2,0,1.0,6,93005,M,,,93
201400041638,14,12,6,1705,2,2,0,1.0,3,93005,M,,,93
201400041639,14,12,6,1915,5,2,0,1.0,2,93005,M,,,93
201400041640,14,12,7,1800,5,2,0,2.0,3,93005,M,,,93
201400041641,14,12,8,1305,1,2,6,2.0,2,93005,M,,,93
201400041642,14,12,8,1330,1,2,0,2.0,1,93005,M,,,93
201400041643,14,12,9,840,1,2,2,9.0,7,93005,M,,,93
201400041644,14,12,9,1120,1,2,3,1.0,2,93005,M,,,93
201400041645,14,12,11,1735,1,2,1,1.0,6,93005,M,,,93
201400041646,14,12,12,1220,1,2,0,2.0,6,93005,M,,,93
201400041647,14,12,14,1430,1,2,6,1.0,3,93005,M,,,93
201400041648,14,12,15,2055,5,2,1,2.0,3,93005,M,,,93
201400041649,14,12,18,1415,1,2,1,8.0,2,93005,M,,,93
201400041650,14,12,25,2230,5,2,1,1.0,6,93005,M,,,93
201400041651,14,12,26,2110,5,2,6,2.0,6,93005,M,,,93
201400041652,14,12,27,2240,5,2,1,2.0,6,93005,M,,,93
201400041653,14,12,29,1230,1,2,1,1.0,5,93005,M,,,93
201400041654,14,12,30,2240,5,2,1,1.0,1,93005,M,,,93
201400041655,14,1,1,1430,1,2,1,1.0,1,93007,M,,,93
201400041656,14,1,2,1525,1,2,1,1.0,3,93007,M,,,93
201400041657,14,1,5,2115,5,2,2,2.0,3,93007,M,,,93
201400041658,14,1,18,1645,2,2,1,1.0,3,93007,M,,,93
201400041659,14,1,23,1700,5,2,1,2.0,6,93007,M,,,93
201400041660,14,1,25,1650,1,2,1,1.0,3,93007,M,,,93
201400041661,14,1,27,600,5,2,1,2.0,6,93007,M,,,93
201400041662,14,2,1,830,2,2,1,2.0,6,93007,M,,,93
201400041663,14,2,3,1630,1,2,1,1.0,4,93007,M,,,93
201400041664,14,2,5,1425,1,2,3,2.0,3,93007,M,,,93
201400041665,14,2,7,1530,1,2,1,1.0,6,93007,M,,,93
201400041666,14,2,7,1555,1,2,1,1.0,6,93007,M,,,93
201400041667,14,2,8,1050,1,2,2,2.0,3,93007,M,,,93
201400041668,14,2,9,1300,1,2,1,1.0,6,93007,M,,,93
201400041669,14,2,19,1915,5,2,1,1.0,2,93007,M,,,93
201400041670,14,2,11,1310,1,2,3,1.0,1,93007,M,,,93
201400041671,14,2,12,1830,5,2,1,2.0,2,93007,M,,,93
201400041672,14,2,27,910,1,2,2,3.0,3,93007,M,,,93
201400041673,14,3,1,1440,1,2,2,1.0,3,93007,M,,,93
201400041674,14,3,9,1140,1,2,9,1.0,6,93007,M,,,93
201400041675,14,3,11,1820,1,2,1,1.0,3,93007,M,,,93
201400041676,14,3,27,1625,1,2,1,1.0,6,93007,M,,,93
201400041677,14,4,5,1640,1,2,3,1.0,3,93007,M,,,93
201400041678,14,4,17,1030,1,2,1,1.0,3,93007,M,,,93
201400041679,14,4,17,1545,1,2,1,1.0,6,93007,M,,,93
201400041680,14,4,20,2309,5,2,2,1.0,3,93007,M,,,93
201400041681,14,4,24,1325,1,2,2,1.0,3,93007,M,,,93
201400041682,14,5,2,1350,1,2,3,2.0,3,93007,M,,,93
201400041683,14,5,2,1925,1,2,2,1.0,3,93007,M,,,93
201400041684,14,5,3,1715,1,2,1,1.0,6,93007,M,,,93
201400041685,14,5,5,1335,1,2,1,1.0,6,93007,M,,,93
201400041686,14,5,8,1810,1,2,2,2.0,3,93007,M,,,93
201400041687,14,5,13,1650,1,2,2,2.0,2,93007,M,,,93
201400041688,14,5,15,835,1,2,1,1.0,5,93007,M,,,93
201400041689,14,5,22,1925,1,2,1,1.0,7,93007,M,,,93
201400041690,14,6,7,1600,1,2,2,1.0,2,93007,M,,,93
201400041691,14,6,21,1405,1,2,3,7.0,5,93007,M,,,93
201400041692,14,6,27,1650,1,2,3,1.0,1,93007,M,,,93
201400041693,14,6,30,1545,1,2,1,1.0,6,93007,M,,,93
201400041694,14,6,30,1740,1,2,1,1.0,6,93007,M,,,93
201400041695,14,7,1,110,5,2,1,1.0,3,93007,M,,,93
201400041696,14,7,10,1732,1,2,1,1.0,7,93007,M,,,93
201400041697,14,8,4,2205,5,2,3,1.0,4,93007,M,,,93
201400041698,14,8,16,1820,1,2,3,1.0,3,93007,M,,,93
201400041699,14,9,25,830,1,2,1,1.0,7,93007,M,,,93
201400041700,14,9,25,1900,2,2,1,1.0,7,93007,M,,,93
201400041701,14,9,25,2000,3,2,3,1.0,1,93007,M,,,93
201400041702,14,10,3,945,1,2,2,1.0,6,93007,M,,,93
201400041703,14,10,3,1400,1,2,3,1.0,2,93007,M,,,93
201400041704,14,10,4,1850,2,2,1,1.0,7,93007,M,,,93
201400041705,14,10,7,905,1,2,1,1.0,3,93007,M,,,93
201400041706,14,10,23,1505,1,2,3,1.0,3,93007,M,,,93
201400041707,14,10,24,1242,1,2,1,1.0,6,93007,M,,,93
201400041708,14,11,3,2100,5,2,3,2.0,1,93007,M,,,93
201400041709,14,11,18,1655,2,2,1,2.0,7,93007,M,,,93
201400041710,14,11,20,1750,5,2,1,2.0,6,93007,M,,,93
201400041711,14,11,21,1030,1,2,1,1.0,2,93007,M,,,93
201400041712,14,11,26,1045,1,2,1,8.0,6,93007,M,,,93
201400041713,14,11,28,1355,1,2,1,1.0,6,93007,M,,,93
201400041714,14,12,2,1650,2,2,1,8.0,3,93007,M,,,93
201400041715,14,12,5,2155,5,2,1,2.0,6,93007,M,,,93
201400041716,14,12,10,1247,1,2,0,2.0,6,93007,M,,,93
201400041717,14,12,16,1230,1,2,0,1.0,6,93007,M,,,93
201400041718,14,12,17,740,3,2,8,3.0,6,93007,M,,,93
201400041719,14,12,22,1720,5,2,3,1.0,3,93007,M,,,93
201400041720,14,12,28,2138,5,2,1,1.0,3,93007,M,,,93
201400041721,14,12,30,1110,1,2,1,1.0,2,93007,M,,,93
201400041722,14,1,1,430,5,2,6,2.0,7,93008,M,,,93
201400041723,14,1,3,1900,5,2,1,1.0,6,93008,M,,,93
201400041724,14,1,6,1230,1,2,9,2.0,1,93008,M,,,93
201400041725,14,1,13,1630,1,2,9,1.0,3,93008,M,,,93
201400041726,14,1,15,1800,5,2,1,2.0,6,93008,M,,,93
201400041727,14,1,17,1220,1,2,9,1.0,7,93008,M,,,93
201400041728,14,1,21,1725,5,2,9,1.0,6,93008,M,,,93
201400041729,14,1,25,828,5,2,1,3.0,4,93008,M,,,93
201400041730,14,1,27,1339,1,2,3,8.0,3,93008,M,,,93
201400041731,14,2,2,530,5,2,1,1.0,6,93008,M,,,93
201400041732,14,2,2,2237,5,2,1,1.0,5,93008,M,,,93
201400041733,14,2,8,1620,1,2,1,1.0,3,93008,M,,,93
201400041734,14,2,11,1930,5,2,6,2.0,3,93008,M,,,93
201400041735,14,2,21,225,5,2,6,2.0,6,93008,M,,,93
201400041736,14,2,23,1550,1,2,6,2.0,2,93008,M,,,93
201400041737,14,3,4,715,1,2,1,1.0,2,93008,M,,,93
201400041738,14,3,25,1750,1,2,3,8.0,3,93008,M,,,93
201400041739,14,4,3,1250,1,2,1,1.0,6,93008,M,,,93
201400041740,14,4,19,20,4,2,2,1.0,3,93008,M,,,93
201400041741,14,5,2,2155,5,2,1,1.0,3,93008,M,,,93
201400041742,14,5,7,1245,1,2,1,2.0,7,93008,M,,,93
201400041743,14,5,18,2055,1,2,1,1.0,1,93008,M,,,93
201400041744,14,5,26,1925,1,2,0,1.0,5,93008,M,,,93
201400041745,14,5,27,1850,1,2,1,1.0,1,93008,M,,,93
201400041746,14,5,31,550,2,2,1,1.0,3,93008,M,,,93
201400041747,14,6,8,1850,1,2,1,1.0,6,93008,M,,,93
201400041748,14,6,12,900,1,2,0,1.0,3,93008,M,,,93
201400041749,14,6,15,1835,1,2,2,1.0,3,93008,M,,,93
201400041750,14,6,18,1935,1,2,3,1.0,2,93008,M,,,93
201400041751,14,6,21,1910,1,2,1,1.0,3,93008,M,,,93
201400041752,14,6,21,2210,2,2,3,1.0,6,93008,M,,,93
201400041753,14,7,29,1500,1,2,1,8.0,3,93053,M,,,93
201400041754,14,6,28,1830,1,2,1,2.0,3,93008,M,,,93
201400041755,14,7,4,930,1,2,1,2.0,2,93008,M,,,93
201400041756,14,7,4,2240,5,2,1,1.0,3,93008,M,,,93
201400041757,14,7,16,1620,1,2,2,1.0,3,93008,M,,,93
201400041758,14,7,18,1545,1,2,1,1.0,6,93008,M,,,93
201400041759,14,7,21,1315,1,2,6,9.0,4,93008,M,,,93
201400041760,14,7,26,1300,1,2,3,1.0,6,93008,M,,,93
201400041761,14,7,27,1105,1,2,1,1.0,6,93008,M,,,93
201400041762,14,8,3,2110,2,2,3,2.0,3,93008,M,,,93
201400041763,14,8,16,1120,1,2,1,1.0,2,93008,M,,,93
201400041764,14,8,28,200,5,2,1,1.0,2,93008,M,,,93
201400041765,14,8,29,2250,5,2,1,1.0,7,93008,M,,,93
201400041766,14,9,8,20,5,2,3,1.0,4,93008,M,,,93
201400041767,14,9,18,1350,1,2,6,7.0,6,93008,M,,,93
201400041768,14,9,18,1700,1,2,1,1.0,3,93008,M,,,93
201400041769,14,9,20,2030,5,2,3,2.0,2,93008,M,,,93
201400041770,14,9,22,1151,1,2,1,1.0,4,93008,M,,,93
201400041771,14,9,27,1940,5,2,1,1.0,6,93008,M,,,93
201400041772,14,9,29,845,1,2,1,3.0,3,93008,M,,,93
201400041773,14,10,2,740,2,2,1,1.0,2,93008,M,,,93
201400041774,14,10,3,830,1,2,1,7.0,3,93008,M,,,93
201400041775,14,10,3,1100,1,2,1,1.0,3,93008,M,,,93
201400041776,14,10,5,200,5,2,6,2.0,7,93008,M,,,93
201400041777,14,10,6,1515,1,2,1,1.0,2,93008,M,,,93
201400041778,14,10,6,2030,5,2,1,2.0,7,93008,M,,,93
201400041779,14,10,7,945,1,2,1,2.0,6,93008,M,,,93
201400041780,14,10,7,1420,1,2,1,2.0,6,93008,M,,,93
201400041781,14,10,9,1400,1,2,1,1.0,6,93008,M,,,93
201400041782,14,10,11,1850,5,2,1,1.0,6,93008,M,,,93
201400041783,14,10,20,355,5,2,3,1.0,6,93008,M,,,93
201400041784,14,10,20,1520,1,2,1,1.0,3,93008,M,,,93
201400041785,14,10,22,1140,1,2,1,1.0,3,93008,M,,,93
201400041786,14,10,29,2115,5,2,1,1.0,6,93008,M,,,93
201400041787,14,11,4,1255,1,2,1,1.0,2,93008,M,,,93
201400041788,14,11,4,1750,5,2,1,1.0,6,93008,M,,,93
201400041789,14,11,4,1845,5,2,1,1.0,6,93008,M,,,93
201400041790,14,11,7,1605,1,2,1,1.0,6,93008,M,,,93
201400041791,14,11,7,2009,5,2,1,1.0,6,93008,M,,,93
201400041792,14,11,11,1515,1,2,4,1.0,5,93008,M,,,93
201400041793,14,11,16,2330,5,2,1,2.0,7,93008,M,,,93
201400041794,14,12,3,720,5,2,6,2.0,3,93008,M,,,93
201400041795,14,12,6,145,5,2,0,1.0,1,93008,M,,,93
201400041796,14,12,12,500,5,2,3,2.0,2,93008,M,,,93
201400041797,14,12,13,1206,1,2,1,2.0,2,93008,M,,,93
201400041798,14,12,14,2250,5,2,1,2.0,6,93008,M,,,93
201400041799,14,12,14,550,5,2,3,1.0,3,93008,M,,,93
201400041800,14,12,17,1940,5,2,1,1.0,3,93008,M,,,93
201400041801,14,12,22,1130,1,2,1,1.0,3,93008,M,,,93
201400041802,14,12,25,1240,1,2,2,1.0,3,93008,M,,,93
201400041803,14,12,25,1620,1,2,1,2.0,1,93008,M,,,93
201400041804,14,12,28,2005,5,2,0,1.0,6,93008,M,,,93
201400041805,14,12,29,1810,5,2,0,2.0,4,93008,M,,,93
201400041806,14,12,20,1310,1,2,9,1.0,3,93008,M,,,93
201400041807,14,12,27,2030,5,2,1,2.0,2,93008,M,,,93
201400041808,14,1,3,1140,1,2,1,1.0,6,93057,M,,,93
201400041809,14,1,5,1255,1,2,1,1.0,3,93010,M,,,93
201400041810,14,1,9,1130,1,2,2,8.0,3,93010,M,,,93
201400041811,14,1,9,1755,5,2,3,1.0,1,93010,M,,,93
201400041812,14,1,29,1810,5,2,1,8.0,6,93010,M,,,93
201400041813,14,2,1,1425,1,2,1,1.0,6,93010,M,,,93
201400041814,14,2,10,1730,1,2,1,8.0,6,93010,M,,,93
201400041815,14,2,14,1110,1,2,1,2.0,6,93057,M,,,93
201400041816,14,2,19,1610,1,2,5,1.0,3,93010,M,,,93
201400041817,14,3,1,640,5,2,6,2.0,3,93010,M,,,93
201400041818,14,3,7,730,1,1,1,1.0,3,93010,M,,,93
201400041819,14,3,8,1950,5,2,1,1.0,1,93057,M,,,93
201400041820,14,3,9,1555,1,2,1,1.0,6,93010,M,,,93
201400041821,14,3,10,935,1,2,1,1.0,1,93057,M,,,93
201400041822,14,3,12,1435,1,2,3,1.0,1,93010,M,,,93
201400041823,14,3,11,1740,1,2,1,1.0,1,93010,M,,,93
201400041824,14,3,13,1700,1,2,1,1.0,2,93010,M,,,93
201400041825,14,3,16,1255,1,2,1,1.0,4,93010,M,,,93
201400041826,14,3,20,1020,1,2,1,1.0,2,93010,M,,,93
201400041827,14,3,24,245,5,2,1,1.0,3,93010,M,,,93
201400041828,14,3,24,1345,1,2,1,1.0,6,93010,M,,,93
201400041829,14,3,26,1620,1,2,0,1.0,6,93010,M,,,93
201400041830,14,3,26,1750,1,2,1,1.0,6,93010,M,,,93
201400041831,14,4,2,1245,1,2,8,1.0,6,93010,M,,,93
201400041832,14,4,4,1445,1,2,3,1.0,3,93057,M,,,93
201400041833,14,4,7,35,5,2,1,1.0,2,93057,M,,,93
201400041834,14,4,14,1909,1,2,8,1.0,6,93010,M,,,93
201400041835,14,4,12,800,1,2,9,1.0,3,93010,M,,,93
201400041836,14,4,19,1820,1,2,1,1.0,6,93010,M,,,93
201400041837,14,4,23,1310,1,2,1,1.0,6,93010,M,,,93
201400041838,14,4,30,845,1,2,1,1.0,6,93057,M,,,93
201400041839,14,5,3,1600,1,2,1,1.0,3,93010,M,,,93
201400041840,14,5,15,1810,1,2,1,1.0,6,93010,M,,,93
201400041841,14,5,16,1150,1,2,1,1.0,7,93010,M,,,93
201400041842,14,5,20,1205,1,2,4,1.0,6,93057,M,,,93
201400041843,14,5,25,625,1,2,3,1.0,3,93057,M,,,93
201400041844,14,5,26,1209,1,2,1,2.0,3,93010,M,,,93
201400041845,14,6,10,1240,1,2,1,2.0,3,93010,M,,,93
201400041846,14,6,25,1845,1,1,1,1.0,2,93010,M,,,93
201400041847,14,6,30,845,1,2,2,1.0,3,93010,M,,,93
201400041848,14,6,30,1355,1,2,5,1.0,3,93010,M,,,93
201400041849,14,7,6,1015,1,2,2,2.0,7,93010,M,,,93
201400041850,14,7,11,1605,1,2,3,2.0,3,93010,M,,,93
201400041851,14,7,13,900,1,2,1,3.0,2,93010,M,,,93
201400041852,14,7,14,1915,1,2,1,1.0,6,93010,M,,,93
201400041853,14,7,17,750,1,2,3,1.0,6,93057,M,,,93
201400041854,14,7,19,1525,1,2,2,1.0,3,93057,M,,,93
201400041855,14,7,19,2025,1,2,3,2.0,3,93010,M,,,93
201400041856,14,7,22,1819,1,2,1,1.0,5,93010,M,,,93
201400041857,14,7,25,1800,1,1,3,1.0,1,93010,M,,,93
201400041858,14,7,27,1800,1,2,3,1.0,3,93057,M,,,93
201400041859,14,7,28,1845,1,2,1,1.0,6,93010,M,,,93
201400041860,14,8,5,1450,1,2,1,1.0,3,93010,M,,,93
201400041861,14,8,6,1910,1,2,3,1.0,6,93057,M,,,93
201400041862,14,8,15,1245,1,2,1,1.0,3,93057,M,,,93
201400041863,14,8,20,1600,1,2,8,1.0,6,93010,M,,,93
201400041864,14,8,27,920,1,2,3,2.0,1,93010,M,,,93
201400041865,14,9,1,1315,1,2,1,1.0,6,93057,M,,,93
201400041866,14,9,10,1215,1,2,2,1.0,1,93057,M,,,93
201400041867,14,9,12,1845,1,2,1,1.0,3,93010,M,,,93
201400041868,14,9,15,1615,1,2,1,1.0,6,93010,M,,,93
201400041869,14,9,17,825,1,2,1,9.0,3,93057,M,,,93
201400041870,14,9,17,1035,1,2,1,1.0,2,93010,M,,,93
201400041871,14,9,19,2035,3,2,1,1.0,5,93010,M,,,93
201400041872,14,9,27,1140,1,2,1,1.0,6,93010,M,,,93
201400041873,14,9,27,1940,5,2,4,1.0,6,93010,M,,,93
201400041874,14,9,29,745,2,2,1,2.0,6,93010,M,,,93
201400041875,14,9,8,1350,1,2,1,1.0,6,93010,M,,,93
201400041876,14,10,6,1700,1,2,1,2.0,7,93057,M,,,93
201400041877,14,10,7,1730,1,2,1,1.0,6,93010,M,,,93
201400041878,14,10,8,715,5,2,4,3.0,6,93010,M,,,93
201400041879,14,10,11,2135,5,2,0,1.0,6,93010,M,,,93
201400041880,14,10,15,1400,1,2,1,2.0,4,93010,M,,,93
201400041881,14,10,18,1735,1,2,9,1.0,3,93010,M,,,93
201400041882,14,10,31,1,5,2,2,1.0,3,93010,M,,,93
201400041883,14,11,1,20,5,2,1,1.0,4,93057,M,,,93
201400041884,14,11,5,825,1,2,1,1.0,2,93010,M,,,93
201400041885,14,11,5,1750,5,2,1,1.0,1,93057,M,,,93
201400041886,14,11,7,1700,5,2,2,1.0,3,93057,M,,,93
201400041887,14,11,9,1810,5,2,3,1.0,3,93057,M,,,93
201400041888,14,11,10,1245,1,2,1,8.0,3,93010,M,,,93
201400041889,14,11,11,1500,1,2,1,1.0,6,93010,M,,,93
201400041890,14,11,12,1530,1,2,3,1.0,3,93057,M,,,93
201400041891,14,11,17,1705,5,2,9,2.0,3,93057,M,,,93
201400041892,14,11,8,130,5,2,2,1.0,3,93057,M,,,93
201400041893,14,11,20,830,1,2,1,1.0,3,93057,M,,,93
201400041894,14,11,21,1815,1,2,3,1.0,3,93010,M,,,93
201400041895,14,11,24,830,1,2,9,1.0,6,93010,M,,,93
201400041896,14,11,26,1630,5,2,1,8.0,6,93057,M,,,93
201400041897,14,11,27,1840,5,2,1,1.0,7,93010,M,,,93
201400041898,14,11,30,1715,1,2,1,1.0,2,93010,M,,,93
201400041899,14,12,2,1915,5,2,0,1.0,2,93057,M,,,93
201400041900,14,12,8,800,2,2,1,1.0,6,93010,M,,,93
201400041901,14,12,15,1325,1,2,1,2.0,3,93010,M,,,93
201400041902,14,12,15,1630,3,2,4,2.0,3,93010,M,,,93
201400041903,14,12,17,1120,1,2,1,2.0,1,93010,M,,,93
201400041904,14,12,23,30,5,2,2,1.0,3,93010,M,,,93
201400041905,14,12,23,600,2,2,3,1.0,3,93057,M,,,93
201400041906,14,12,24,1512,1,2,0,2.0,3,93057,M,,,93
201400041907,14,12,25,2040,5,2,9,1.0,1,93010,M,,,93
201400041908,14,12,25,2005,5,2,1,1.0,3,93010,M,,,93
201400041909,14,12,26,1940,5,2,1,2.0,1,93010,M,,,93
201400041910,14,12,30,1850,5,2,0,1.0,2,93010,M,,,93
201400041911,14,1,1,1745,5,2,3,2.0,3,93047,M,,,93
201400041912,14,1,7,815,2,2,1,1.0,6,93047,M,,,93
201400041913,14,1,7,1715,5,2,1,2.0,6,93014,M,,,93
201400041914,14,1,8,940,1,2,1,1.0,6,93014,M,,,93
201400041915,14,1,9,1250,1,2,1,2.0,6,93014,M,,,93
201400041916,14,1,16,610,2,2,5,2.0,1,93014,M,,,93
201400041917,14,1,18,1215,1,2,2,1.0,3,93047,M,,,93
201400041918,14,1,23,1520,1,2,7,2.0,3,93014,M,,,93
201400041919,14,1,25,1635,1,2,2,1.0,3,93047,M,,,93
201400041920,14,1,27,2245,5,2,2,8.0,3,93047,M,,,93
201400041921,14,2,6,1940,5,2,1,1.0,6,93014,M,,,93
201400041922,14,2,12,1915,5,2,2,2.0,3,93047,M,,,93
201400041923,14,2,12,2220,5,2,2,2.0,3,93047,M,,,93
201400041924,14,2,27,1345,1,2,9,2.0,3,93014,M,,,93
201400041925,14,2,28,845,1,2,2,2.0,6,93014,M,,,93
201400041926,14,3,2,1250,1,2,3,1.0,3,93047,M,,,93
201400041927,14,3,8,1320,1,2,3,1.0,3,93047,M,,,93
201400041928,14,3,19,1020,1,2,1,1.0,1,93047,M,,,93
201400041929,14,3,19,1340,1,2,1,1.0,6,93014,M,,,93
201400041930,14,3,19,1555,1,2,2,1.0,3,93047,M,,,93
201400041931,14,3,28,915,1,2,3,1.0,2,93047,M,,,93
201400041932,14,3,28,1650,1,2,3,1.0,6,93047,M,,,93
201400041933,14,4,1,1620,1,2,2,1.0,3,93014,M,,,93
201400041934,14,4,1,2016,2,2,2,1.0,3,93014,M,,,93
201400041935,14,4,4,1340,1,2,1,1.0,2,93047,M,,,93
201400041936,14,4,11,1400,1,2,2,1.0,3,93047,M,,,93
201400041937,14,4,11,1400,1,2,2,1.0,3,93047,M,,,93
201400041938,14,4,17,1745,1,2,3,1.0,7,93047,M,,,93
201400041939,14,4,17,1715,1,2,2,1.0,6,93014,M,,,93
201400041940,14,4,19,1255,1,2,1,1.0,2,93014,M,,,93
201400041941,14,4,25,1805,1,2,1,1.0,3,93014,M,,,93
201400041942,14,4,26,1100,1,2,2,3.0,6,93047,M,,,93
201400041943,14,4,30,1920,1,2,1,1.0,2,93047,M,,,93
201400041944,14,5,3,1425,1,2,3,1.0,3,93047,M,,,93
201400041945,14,5,13,1420,1,2,3,3.0,5,93014,M,,,93
201400041946,14,5,16,1320,1,2,1,1.0,6,93014,M,,,93
201400041947,14,5,16,1700,1,2,9,1.0,3,93047,M,,,93
201400041948,14,5,17,1440,1,2,6,1.0,3,93047,M,,,93
201400041949,14,5,24,1910,1,1,1,2.0,7,93014,M,,,93
201400041950,14,7,28,1330,1,2,1,1.0,3,93014,M,,,93
201400041951,14,6,10,1520,1,2,2,2.0,3,93047,M,,,93
201400041952,14,6,13,2130,2,2,2,1.0,3,93047,M,,,93
201400041953,14,5,29,250,5,2,3,1.0,3,93047,M,,,93
201400041954,14,6,2,1530,1,2,1,1.0,2,93014,M,,,93
201400041955,14,6,11,2245,5,2,5,1.0,3,93047,M,,,93
201400041956,14,6,17,1700,1,2,1,1.0,6,93014,M,,,93
201400041957,14,6,22,225,5,2,1,1.0,1,93014,M,,,93
201400041958,14,7,2,1710,1,2,1,1.0,2,93014,M,,,93
201400041959,14,7,3,2015,1,2,1,1.0,3,93014,M,,,93
201400041960,14,7,7,1920,1,2,2,2.0,3,93014,M,,,93
201400041961,14,7,17,1130,1,2,1,1.0,7,93014,M,,,93
201400041962,14,7,16,2300,5,2,3,1.0,6,93047,M,,,93
201400041963,14,8,4,1745,1,2,1,1.0,6,93014,M,,,93
201400041964,14,8,18,2150,4,2,1,1.0,6,93047,M,,,93
201400041965,14,8,20,1705,1,2,1,1.0,6,93047,M,,,93
201400041966,14,9,4,1700,1,2,3,1.0,3,93047,M,,,93
201400041967,14,9,4,2030,5,2,1,1.0,3,93014,M,,,93
201400041968,14,9,9,1700,1,2,1,1.0,3,93014,M,,,93
201400041969,14,9,12,1510,1,2,3,1.0,4,93047,M,,,93
201400041970,14,9,15,2000,1,2,3,1.0,1,93047,M,,,93
201400041971,14,9,18,915,1,2,2,1.0,3,93047,M,,,93
201400041972,14,9,22,1100,1,2,1,1.0,6,93047,M,,,93
201400041973,14,9,29,750,1,2,1,2.0,3,93047,M,,,93
201400041974,14,10,4,1415,1,2,1,1.0,3,93047,M,,,93
201400041975,14,10,18,1218,1,2,5,1.0,3,93047,M,,,93
201400041976,14,10,22,1640,1,2,1,1.0,6,93047,M,,,93
201400041977,14,10,26,1555,1,2,2,1.0,3,93047,M,,,93
201400041978,14,10,26,1700,1,2,2,1.0,3,93047,M,,,93
201400041979,14,10,31,1655,1,2,2,1.0,3,93047,M,,,93
201400041980,14,11,3,1100,1,2,1,1.0,6,93047,M,,,93
201400041981,14,11,15,2020,5,2,2,1.0,3,93047,M,,,93
201400041982,14,11,16,850,1,2,3,2.0,3,93047,M,,,93
201400041983,14,11,16,1835,5,2,1,2.0,2,93047,M,,,93
201400041984,14,11,17,950,1,2,1,8.0,6,93047,M,,,93
201400041985,14,11,18,2035,5,2,0,2.0,1,93047,M,,,93
201400041986,14,11,23,1930,5,2,0,1.0,1,93014,M,,,93
201400041987,14,11,26,1925,5,2,1,2.0,3,93047,M,,,93
201400041988,14,11,27,845,1,2,1,5.0,1,93014,M,,,93
201400041989,14,11,28,920,1,1,0,1.0,7,93014,M,,,93
201400041990,14,12,1,1800,5,2,1,2.0,6,93014,M,,,93
201400041991,14,12,1,2157,5,2,6,2.0,6,93014,M,,,93
201400041992,14,12,2,1750,5,2,0,2.0,6,93047,M,,,93
201400041993,14,12,2,1735,5,2,1,2.0,1,93014,M,,,93
201400041994,14,12,3,1620,1,2,1,1.0,7,93014,M,,,93
201400041995,14,12,4,1835,5,2,1,2.0,2,93047,M,,,93
201400041996,14,12,7,1815,5,2,1,2.0,1,93014,M,,,93
201400041997,14,12,12,1650,2,2,1,6.0,2,93047,M,,,93
201400041998,14,12,17,1100,1,2,3,2.0,3,93047,M,,,93
201400041999,14,12,29,1330,1,2,1,1.0,5,93047,M,,,93
201400042000,14,12,31,2149,5,2,3,1.0,5,93014,M,,,93
201400042001,14,1,1,1830,5,2,2,2.0,3,93013,M,,,93
201400042002,14,1,4,2300,5,2,2,1.0,3,93027,M,,,93
201400042003,14,1,5,1345,1,2,1,1.0,3,93013,M,,,93
201400042004,14,1,6,1640,1,2,1,1.0,3,93013,M,,,93
201400042005,14,1,8,830,1,2,1,1.0,2,93013,M,,,93
201400042006,14,1,9,345,5,2,1,8.0,6,93030,M,,,93
201400042007,14,1,11,1450,1,2,1,1.0,3,93013,M,,,93
201400042008,14,1,14,1825,2,2,1,1.0,2,93027,M,,,93
201400042009,14,1,15,1900,5,2,1,2.0,3,93027,M,,,93
201400042010,14,1,18,2040,3,2,1,1.0,2,93027,M,,,93
201400042011,14,1,21,1420,1,2,1,1.0,5,93027,M,,,93
201400042012,14,1,25,1050,1,2,2,2.0,2,93027,M,,,93
201400042013,14,2,3,1740,2,2,2,1.0,3,93027,M,,,93
201400042014,14,2,5,730,2,2,1,8.0,6,93013,M,,,93