Num_Acc,an,mois,jour,hrmn,lum,agg,int,atm,col,com,gps,lat,long,dep
201400042015,14,2,13,1815,3,2,1,3.0,1,93030,M,,,93
201400042016,14,2,15,1445,1,2,2,1.0,5,93027,M,,,93
201400042017,14,2,20,1015,1,2,1,2.0,6,93013,M,,,93
201400042018,14,2,13,1915,5,2,1,2.0,6,93013,M,,,93
201400042019,14,2,22,1755,1,2,9,1.0,6,93030,M,,,93
201400042020,14,2,26,1824,2,2,1,1.0,7,93027,M,,,93
201400042021,14,2,27,2100,5,2,2,2.0,3,93027,M,,,93
201400042022,14,3,7,1700,1,2,1,1.0,6,93030,M,,,93
201400042023,14,3,8,615,2,1,6,1.0,7,93027,M,,,93
201400042024,14,3,10,1835,1,2,3,1.0,6,93027,M,,,93
201400042025,14,3,29,1440,1,2,3,1.0,3,93027,M,,,93
201400042026,14,3,25,820,1,2,3,2.0,3,93027,M,,,93
201400042027,14,4,1,1425,1,2,1,1.0,3,93027,M,,,93
201400042028,14,4,2,815,1,2,1,1.0,2,93013,M,,,93
201400042029,14,4,5,908,1,2,3,1.0,2,93013,M,,,93
201400042030,14,4,7,1455,1,2,1,1.0,2,93027,M,,,93
201400042031,14,4,8,2216,5,2,2,1.0,3,93027,M,,,93
201400042032,14,4,12,1540,1,1,1,1.0,4,93013,M,,,93
201400042033,14,4,16,1610,1,2,1,1.0,6,93013,M,,,93
201400042034,14,4,16,1645,1,2,1,1.0,6,93027,M,,,93
201400042035,14,4,23,1834,1,2,1,1.0,6,93013,M,,,93
201400042036,14,4,27,2025,2,2,3,1.0,2,93013,M,,,93
201400042037,14,4,28,1200,1,2,1,1.0,2,93013,M,,,93
201400042038,14,4,30,720,1,2,1,1.0,3,93013,M,,,93
201400042039,14,5,2,1705,1,2,1,1.0,1,93013,M,,,93
201400042040,14,5,2,1615,1,2,1,1.0,6,93013,M,,,93
201400042041,14,5,3,2040,2,2,3,1.0,2,93027,M,,,93
201400042042,14,5,5,740,1,2,2,1.0,6,93013,M,,,93
201400042043,14,5,5,1010,1,2,1,1.0,6,93013,M,,,93
201400042044,14,5,8,1410,1,2,1,2.0,6,93027,M,,,93
201400042045,14,5,8,1654,1,1,1,3.0,2,93027,M,,,93
201400042046,14,5,10,1155,1,2,1,2.0,3,93027,M,,,93
201400042047,14,5,15,1010,1,2,1,1.0,6,93013,M,,,93
201400042048,14,5,17,1340,1,2,1,1.0,6,93027,M,,,93
201400042049,14,5,18,2050,2,2,5,1.0,3,93013,M,,,93
201400042050,14,5,21,2300,5,2,1,2.0,6,93030,M,,,93
201400042051,14,5,30,703,1,2,3,1.0,3,93013,M,,,93
201400042052,14,6,3,1830,1,2,2,1.0,3,93030,M,,,93
201400042053,14,4,30,1810,1,2,1,8.0,2,93027,M,,,93
201400042054,14,6,12,815,1,2,1,1.0,3,93027,M,,,93
201400042055,14,6,15,155,5,2,1,1.0,6,93030,M,,,93
201400042056,14,6,15,1505,1,2,2,1.0,3,93027,M,,,93
201400042057,14,6,16,1730,1,2,1,1.0,3,93013,M,,,93
201400042058,14,6,23,852,1,2,1,1.0,1,93027,M,,,93
201400042059,14,7,5,950,1,2,1,2.0,4,93027,M,,,93
201400042060,14,6,6,1720,1,2,1,7.0,3,93027,M,,,93
201400042061,14,7,8,755,1,2,1,2.0,6,93027,M,,,93
201400042062,14,7,13,330,5,2,1,1.0,2,93013,M,,,93
201400042063,14,7,18,1711,1,2,3,1.0,3,93027,M,,,93
201400042064,14,7,18,1949,1,2,1,1.0,6,93027,M,,,93
201400042065,14,7,22,300,5,2,1,1.0,3,93027,M,,,93
201400042066,14,7,22,855,1,2,3,1.0,3,93027,M,,,93
201400042067,14,7,28,440,5,2,1,3.0,6,93027,M,,,93
201400042068,14,8,5,15,5,2,1,1.0,6,93027,M,,,93
201400042069,14,9,16,920,1,2,2,1.0,3,93027,M,,,93
201400042070,14,9,17,1230,1,2,3,1.0,2,93027,M,,,93
201400042071,14,8,9,1322,1,2,1,1.0,6,93027,M,,,93
201400042072,14,8,10,230,5,2,1,2.0,4,93027,M,,,93
201400042073,14,6,17,1855,1,2,6,1.0,3,93027,M,,,93
201400042074,14,6,19,1900,1,2,1,7.0,3,93013,M,,,93
201400042075,14,6,21,2035,1,2,1,1.0,6,93027,M,,,93
201400042076,14,6,24,1115,1,2,1,1.0,3,93027,M,,,93
201400042077,14,7,1,1900,1,1,1,1.0,7,93027,M,,,93
201400042078,14,7,7,2030,1,2,1,2.0,3,93013,M,,,93
201400042079,14,8,7,1540,1,2,2,3.0,3,93027,M,,,93
201400042080,14,8,7,1710,1,2,1,1.0,7,93027,M,,,93
201400042081,14,8,8,824,1,2,2,2.0,3,93027,M,,,93
201400042082,14,8,8,1345,1,2,1,2.0,4,93030,M,,,93
201400042083,14,8,11,1900,1,1,3,1.0,1,93013,M,,,93
201400042084,14,8,14,2120,5,2,1,3.0,6,93013,M,,,93
201400042085,14,8,19,2245,5,2,3,1.0,3,93030,M,,,93
201400042086,14,8,24,545,5,2,1,1.0,6,93027,M,,,93
201400042087,14,9,5,840,1,2,1,1.0,2,93027,M,,,93
201400042088,14,9,8,2015,2,2,1,1.0,7,93030,M,,,93
201400042089,14,9,11,815,1,2,1,1.0,6,93027,M,,,93
201400042090,14,9,14,1508,1,2,1,1.0,7,93027,M,,,93
201400042091,14,9,15,1420,1,2,1,1.0,6,93013,M,,,93
201400042092,14,9,16,1725,1,2,1,1.0,1,93030,M,,,93
201400042093,14,9,17,1720,1,2,1,1.0,6,93027,M,,,93
201400042094,14,9,19,810,1,2,1,1.0,6,93030,M,,,93
201400042095,14,9,27,1620,1,2,1,1.0,6,93013,M,,,93
201400042096,14,9,28,1000,1,2,6,1.0,4,93027,M,,,93
201400042097,14,10,1,1945,3,2,1,1.0,6,93013,M,,,93
201400042098,14,10,7,1210,1,2,1,8.0,7,93027,M,,,93
201400042099,14,10,10,42,5,2,1,1.0,2,93013,M,,,93
201400042100,14,10,10,1620,1,2,1,1.0,3,93027,M,,,93
201400042101,14,10,11,2240,5,2,1,1.0,1,93027,M,,,93
201400042102,14,10,15,1620,1,2,1,2.0,6,93013,M,,,93
201400042103,14,10,20,740,1,2,2,1.0,3,93027,M,,,93
201400042104,14,10,20,1415,1,2,1,1.0,6,93013,M,,,93
201400042105,14,10,26,1450,1,2,1,1.0,6,93027,M,,,93
201400042106,14,10,27,1925,2,2,2,1.0,2,93030,M,,,93
201400042107,14,10,28,1105,1,2,1,1.0,6,93027,M,,,93
201400042108,14,10,29,1010,1,2,1,1.0,6,93013,M,,,93
201400042109,14,11,3,2005,5,2,5,2.0,6,93013,M,,,93
201400042110,14,11,4,45,5,2,1,3.0,2,93027,M,,,93
201400042111,14,11,5,1650,1,2,1,1.0,3,93027,M,,,93
201400042112,14,11,6,800,1,2,2,1.0,3,93013,M,,,93
201400042113,14,11,8,2055,5,2,2,1.0,6,93027,M,,,93
201400042114,14,11,13,815,1,2,1,1.0,6,93027,M,,,93
201400042115,14,11,13,1250,1,2,1,1.0,7,93013,M,,,93
201400042116,14,11,15,515,5,2,1,2.0,6,93027,M,,,93
201400042117,14,11,16,1815,5,1,0,2.0,6,93027,M,,,93
201400042118,14,11,24,930,1,2,3,1.0,7,93013,M,,,93
201400042119,14,11,26,1800,5,2,0,2.0,6,93027,M,,,93
201400042120,14,11,27,1212,1,2,0,2.0,7,93027,M,,,93
201400042121,14,12,2,2055,5,2,1,8.0,4,93030,M,,,93
201400042122,14,12,6,1110,1,2,1,1.0,6,93027,M,,,93
201400042123,14,12,7,1840,5,2,0,2.0,6,93027,M,,,93
201400042124,14,12,9,1905,5,2,0,2.0,1,93027,M,,,93
201400042125,14,12,10,2055,5,2,2,2.0,3,93027,M,,,93
201400042126,14,12,15,858,1,2,0,3.0,5,93013,M,,,93
201400042127,14,12,17,755,5,2,1,2.0,6,93027,M,,,93
201400042128,14,12,27,2215,5,2,0,2.0,2,93027,M,,,93
201400042129,14,1,3,800,2,2,1,1.0,6,93029,M,,,93
201400042130,14,1,21,1338,1,2,2,1.0,3,93029,M,,,93
201400042131,14,2,9,1655,1,2,1,1.0,6,93029,M,,,93
201400042132,14,2,20,1725,1,2,1,2.0,3,93029,M,,,93
201400042133,14,3,5,1155,1,2,1,1.0,6,93029,M,,,93
201400042134,14,3,7,2100,5,2,1,1.0,2,93029,M,,,93
201400042135,14,3,8,1255,1,2,1,1.0,1,93029,M,,,93
201400042136,14,3,17,1750,1,2,1,1.0,6,93029,M,,,93
201400042137,14,3,19,940,1,2,1,1.0,2,93029,M,,,93
201400042138,14,3,27,1450,1,2,9,1.0,3,93029,M,,,93
201400042139,14,4,3,2215,5,2,1,1.0,6,93029,M,,,93
201400042140,14,4,4,1910,1,2,3,1.0,3,93029,M,,,93
201400042141,14,4,8,2015,3,2,1,1.0,2,93029,M,,,93
201400042142,14,4,9,1245,1,2,2,1.0,3,93029,M,,,93
201400042143,14,4,11,845,1,2,1,1.0,6,93029,M,,,93
201400042144,14,4,18,1745,1,2,3,1.0,3,93029,M,,,93
201400042145,14,4,18,2123,5,2,1,1.0,6,93029,M,,,93
201400042146,14,4,20,1545,1,2,1,1.0,6,93029,M,,,93
201400042147,14,4,26,2210,5,2,3,2.0,3,93029,M,,,93
201400042148,14,4,29,1800,1,2,3,2.0,3,93029,M,,,93
201400042149,14,5,5,1330,1,2,1,1.0,6,93029,M,,,93
201400042150,14,5,15,1640,1,2,1,1.0,6,93029,M,,,93
201400042151,14,5,15,1930,1,2,2,1.0,3,93029,M,,,93
201400042152,14,5,18,2235,5,2,1,1.0,3,93029,M,,,93
201400042153,14,5,19,1340,1,2,1,1.0,2,93029,M,,,93
201400042154,14,6,6,1015,1,2,1,1.0,3,93029,M,,,93
201400042155,14,6,7,1705,1,2,1,1.0,2,93029,M,,,93
201400042156,14,6,12,540,1,2,2,1.0,2,93029,M,,,93
201400042157,14,6,11,1330,1,2,8,1.0,6,93029,M,,,93
201400042158,14,6,17,1920,1,2,3,1.0,1,93029,M,,,93
201400042159,14,6,18,1015,1,2,3,1.0,1,93029,M,,,93
201400042160,14,6,24,2240,5,2,1,1.0,1,93029,M,,,93
201400042161,14,7,5,1355,1,2,1,2.0,3,93029,M,,,93
201400042162,14,7,8,300,5,2,1,2.0,6,93029,M,,,93
201400042163,14,7,22,1845,1,2,3,1.0,1,93029,M,,,93
201400042164,14,7,26,1945,1,2,1,1.0,3,93029,M,,,93
201400042165,14,7,31,1055,1,2,1,1.0,7,93029,M,,,93
201400042166,14,8,6,1100,1,2,2,2.0,3,93029,M,,,93
201400042167,14,8,23,1330,1,2,1,1.0,6,93029,M,,,93
201400042168,14,8,24,2030,3,2,1,1.0,3,93029,M,,,93
201400042169,14,8,25,1550,1,2,2,2.0,3,93029,M,,,93
201400042170,14,8,26,1735,1,2,1,1.0,6,93029,M,,,93
201400042171,14,9,2,740,1,2,1,1.0,2,93029,M,,,93
201400042172,14,9,4,855,1,2,2,1.0,3,93029,M,,,93
201400042173,14,9,4,1955,5,2,1,1.0,2,93029,M,,,93
201400042174,14,9,6,1910,1,2,1,1.0,2,93029,M,,,93
201400042175,14,9,10,1125,1,2,1,1.0,2,93029,M,,,93
201400042176,14,9,11,2113,5,2,2,1.0,3,93029,M,,,93
201400042177,14,9,12,705,2,2,1,1.0,6,93029,M,,,93
201400042178,14,9,12,840,1,2,1,1.0,6,93029,M,,,93
201400042179,14,9,15,1510,1,2,2,1.0,3,93029,M,,,93
201400042180,14,9,18,1800,1,2,1,1.0,6,93029,M,,,93
201400042181,14,9,23,1030,1,2,3,1.0,3,93029,M,,,93
201400042182,14,9,23,1625,1,2,1,1.0,6,93029,M,,,93
201400042183,14,9,29,1630,1,2,1,1.0,6,93029,M,,,93
201400042184,14,9,29,1600,1,2,1,1.0,2,93029,M,,,93
201400042185,14,9,30,445,5,2,1,8.0,6,93029,M,,,93
201400042186,14,9,30,2150,5,2,2,1.0,3,93029,M,,,93
201400042187,14,10,1,2105,5,2,2,1.0,3,93029,M,,,93
201400042188,14,10,1,2330,5,2,0,1.0,3,93029,M,,,93
201400042189,14,10,2,1530,1,2,6,1.0,3,93029,M,,,93
201400042190,14,10,10,945,1,2,2,1.0,6,93029,M,,,93
201400042191,14,10,12,2010,5,2,3,9.0,3,93029,M,,,93
201400042192,14,10,13,1710,1,2,1,1.0,6,93029,M,,,93
201400042193,14,10,15,1713,1,2,1,2.0,2,93029,M,,,93
201400042194,14,10,17,1645,1,2,0,1.0,2,93029,M,,,93
201400042195,14,10,20,820,1,2,1,1.0,1,93029,M,,,93
201400042196,14,10,21,1500,1,2,3,3.0,6,93029,M,,,93
201400042197,14,10,28,600,5,2,3,1.0,3,93029,M,,,93
201400042198,14,11,5,1015,1,2,1,1.0,1,93029,M,,,93
201400042199,14,11,14,906,1,2,1,2.0,6,93029,M,,,93
201400042200,14,11,14,1825,5,2,1,2.0,6,93029,M,,,93
201400042201,14,11,18,1845,5,2,3,2.0,3,93029,M,,,93
201400042202,14,11,25,750,2,2,3,1.0,6,93029,M,,,93
201400042203,14,11,28,855,1,2,1,1.0,7,93029,M,,,93
201400042204,14,12,7,1410,1,2,1,2.0,6,93029,M,,,93
201400042205,14,12,10,1855,5,2,0,1.0,1,93029,M,,,93
201400042206,14,12,12,910,1,2,1,2.0,3,93029,M,,,93
201400042207,14,12,20,1545,1,2,0,1.0,3,93029,M,,,93
201400042208,14,12,24,1915,5,2,2,2.0,6,93029,M,,,93
201400042209,14,1,4,1250,1,2,1,1.0,2,93031,M,,,93
201400042210,14,1,8,840,1,2,1,1.0,2,93031,M,,,93
201400042211,14,1,10,745,4,2,1,1.0,3,93031,M,,,93
201400042212,14,1,10,2320,5,2,2,1.0,3,93031,M,,,93
201400042213,14,1,15,1240,1,2,1,2.0,7,93079,M,,,93
201400042214,14,1,15,2014,5,2,6,2.0,3,93031,M,,,93
201400042215,14,1,16,1345,1,2,4,2.0,4,93031,M,,,93
201400042216,14,1,18,1445,1,2,3,1.0,3,93031,M,,,93
201400042217,14,1,22,1300,1,2,1,8.0,2,93031,M,,,93
201400042218,14,1,24,1900,3,2,8,1.0,6,93031,M,,,93
201400042219,14,2,1,2215,5,2,2,1.0,3,93031,M,,,93
201400042220,14,2,6,1755,5,2,3,1.0,3,93031,M,,,93
201400042221,14,2,7,1425,1,2,1,1.0,3,93079,M,,,93
201400042222,14,2,12,1200,1,2,1,1.0,7,93031,M,,,93
201400042223,14,2,16,1745,1,2,3,1.0,1,93031,M,,,93
201400042224,14,2,21,1910,4,2,2,1.0,3,93031,M,,,93
201400042225,14,2,23,1130,1,2,2,1.0,1,93031,M,,,93
201400042226,14,2,24,550,5,2,1,1.0,3,93031,M,,,93
201400042227,14,2,26,550,5,2,1,1.0,6,93031,M,,,93
201400042228,14,2,27,1430,1,2,6,2.0,3,93031,M,,,93
201400042229,14,3,4,1440,1,2,3,1.0,3,93079,M,,,93
201400042230,14,3,5,1815,1,2,3,1.0,6,93031,M,,,93
201400042231,14,3,6,1800,1,2,2,1.0,6,93031,M,,,93
201400042232,14,3,23,1248,1,2,1,1.0,3,93079,M,,,93
201400042233,14,3,27,1140,1,2,1,1.0,6,93079,M,,,93
201400042234,14,3,29,625,2,2,1,1.0,2,93031,M,,,93
201400042235,14,4,1,1955,2,2,1,1.0,6,93031,M,,,93
201400042236,14,4,2,900,1,2,1,1.0,2,93031,M,,,93
201400042237,14,4,2,1445,1,2,6,1.0,6,93079,M,,,93
201400042238,14,4,4,735,1,2,1,1.0,3,93031,M,,,93
201400042239,14,4,5,1400,1,2,3,1.0,6,93031,M,,,93
201400042240,14,4,22,1130,1,2,1,1.0,6,93031,M,,,93
201400042241,14,4,24,1915,1,2,1,1.0,6,93031,M,,,93
201400042242,14,5,5,1810,1,2,1,1.0,6,93031,M,,,93
201400042243,14,5,8,1830,1,2,1,2.0,1,93031,M,,,93
201400042244,14,5,13,1350,1,2,2,2.0,3,93031,M,,,93
201400042245,14,5,17,40,5,2,9,1.0,3,93031,M,,,93
201400042246,14,5,18,1910,1,2,8,1.0,6,93031,M,,,93
201400042247,14,5,23,805,1,2,3,1.0,3,93031,M,,,93
201400042248,14,5,29,1205,1,2,1,1.0,3,93031,M,,,93
201400042249,14,5,30,1205,1,2,1,1.0,6,93031,M,,,93
201400042250,14,5,31,20,5,2,9,1.0,6,93031,M,,,93
201400042251,14,6,2,1030,1,2,1,1.0,3,93031,M,,,93
201400042252,14,6,4,700,2,2,1,3.0,7,93031,M,,,93
201400042253,14,6,6,2000,1,2,2,1.0,6,93031,M,,,93
201400042254,14,6,8,30,5,2,1,1.0,6,93031,M,,,93
201400042255,14,6,10,1540,1,2,1,3.0,7,93031,M,,,93
201400042256,14,6,16,1150,1,2,1,1.0,6,93079,M,,,93
201400042257,14,6,16,1605,1,2,1,1.0,2,93031,M,,,93
201400042258,14,6,17,1645,1,2,1,1.0,3,93031,M,,,93
201400042259,14,6,19,900,1,2,1,1.0,2,93031,M,,,93
201400042260,14,6,21,2220,3,2,1,1.0,1,93079,M,,,93
201400042261,14,6,22,1730,1,2,1,1.0,6,93079,M,,,93
201400042262,14,6,24,755,2,2,1,7.0,6,93031,M,,,93
201400042263,14,6,25,2125,2,2,9,1.0,3,93079,M,,,93
201400042264,14,6,26,1825,1,2,1,1.0,6,93031,M,,,93
201400042265,14,6,30,2050,1,2,1,1.0,6,93031,M,,,93
201400042266,14,7,13,1930,1,2,3,8.0,3,93031,M,,,93
201400042267,14,7,26,1410,1,2,1,1.0,3,93031,M,,,93
201400042268,14,7,28,1930,2,2,1,8.0,6,93031,M,,,93
201400042269,14,7,30,1630,1,2,1,1.0,3,93031,M,,,93
201400042270,14,8,1,120,5,2,3,1.0,2,93079,M,,,93
201400042271,14,8,6,915,1,2,2,3.0,3,93031,M,,,93
201400042272,14,8,9,1845,1,2,1,1.0,6,93031,M,,,93
201400042273,14,8,10,1300,1,2,1,2.0,2,93031,M,,,93
201400042274,14,8,13,120,5,2,2,2.0,7,93079,M,,,93
201400042275,14,8,18,2310,3,2,9,1.0,3,93031,M,,,93
201400042276,14,8,19,1535,1,1,1,1.0,3,93031,M,,,93
201400042277,14,8,20,2240,5,2,2,1.0,3,93031,M,,,93
201400042278,14,9,2,1420,1,2,1,1.0,5,93079,M,,,93
201400042279,14,9,2,1715,1,2,1,1.0,3,93031,M,,,93
201400042280,14,9,8,700,1,2,2,1.0,3,93031,M,,,93
201400042281,14,9,16,1140,1,2,1,1.0,6,93031,M,,,93
201400042282,14,9,16,1405,1,2,1,1.0,3,93031,M,,,93
201400042283,14,9,21,1140,1,2,3,2.0,2,93031,M,,,93
201400042284,14,9,23,805,1,2,3,1.0,4,93031,M,,,93
201400042285,14,9,25,1320,1,2,2,1.0,3,93031,M,,,93
201400042286,14,9,26,1145,1,2,1,1.0,6,93031,M,,,93
201400042287,14,9,26,1530,1,2,1,1.0,6,93079,M,,,93
201400042288,14,9,27,1740,1,2,1,1.0,3,93031,M,,,93
201400042289,14,9,29,1625,1,2,1,1.0,6,93031,M,,,93
201400042290,14,9,30,655,2,2,4,1.0,3,93031,M,,,93
201400042291,14,10,2,1130,1,2,1,1.0,6,93031,M,,,93
201400042292,14,10,4,1640,1,2,3,1.0,2,93079,M,,,93
201400042293,14,10,9,915,1,2,1,8.0,3,93031,M,,,93
201400042294,14,10,10,1040,1,2,2,1.0,2,93031,M,,,93
201400042295,14,10,11,1600,1,2,2,1.0,6,93031,M,,,93
201400042296,14,10,12,1950,2,2,1,2.0,6,93031,M,,,93
201400042297,14,10,14,1915,5,2,1,1.0,6,93031,M,,,93
201400042298,14,10,17,935,1,2,2,1.0,3,93031,M,,,93
201400042299,14,10,29,1915,5,2,2,1.0,3,93031,M,,,93
201400042300,14,10,30,1715,2,2,6,1.0,3,93031,M,,,93
201400042301,14,11,3,1815,5,2,1,3.0,5,93031,M,,,93
201400042302,14,11,6,815,1,2,2,1.0,6,93031,M,,,93
201400042303,14,11,9,1243,1,2,1,1.0,6,93031,M,,,93
201400042304,14,11,10,1734,5,2,1,1.0,3,93031,M,,,93
201400042305,14,11,17,705,5,2,3,2.0,3,93031,M,,,93
201400042306,14,11,20,2000,5,2,1,2.0,6,93031,M,,,93
201400042307,14,11,22,500,5,2,4,1.0,6,93031,M,,,93
201400042308,14,11,26,1845,3,2,1,2.0,6,93031,M,,,93
201400042309,14,11,28,835,1,2,1,1.0,7,93031,M,,,93
201400042310,14,12,2,635,5,2,3,2.0,1,93031,M,,,93
201400042311,14,12,3,1830,5,2,2,1.0,1,93031,M,,,93
201400042312,14,12,6,1245,1,2,0,1.0,6,93031,M,,,93
201400042313,14,12,12,1820,5,2,0,2.0,6,93031,M,,,93
201400042314,14,12,12,1900,5,2,6,3.0,6,93079,M,,,93
201400042315,14,12,15,1850,5,2,2,2.0,6,93031,M,,,93
201400042316,14,12,18,1845,5,2,3,1.0,6,93079,M,,,93
201400042317,14,12,18,2015,5,2,1,1.0,3,93079,M,,,93
201400042318,14,12,22,1540,1,2,2,1.0,3,93031,M,,,93
201400042319,14,1,14,1725,2,2,3,1.0,6,93032,M,,,93
201400042320,14,1,24,1850,5,2,1,1.0,3,93032,M,,,93
201400042321,14,2,3,1855,3,2,1,1.0,6,93032,M,,,93
201400042322,14,2,25,2010,3,2,1,2.0,2,93032,M,,,93
201400042323,14,3,1,1445,1,2,1,1.0,6,93032,M,,,93
201400042324,14,3,10,1615,1,2,1,1.0,2,93032,M,,,93
201400042325,14,3,10,1505,1,2,1,1.0,6,93032,M,,,93
201400042326,14,3,30,45,5,2,1,1.0,3,93032,M,,,93
201400042327,14,4,3,1045,1,2,1,1.0,2,93032,M,,,93
201400042328,14,4,7,1700,1,2,1,1.0,6,93032,M,,,93
201400042329,14,4,12,1255,1,2,1,1.0,6,93032,M,,,93
201400042330,14,5,6,745,1,2,2,2.0,3,93032,M,,,93
201400042331,14,5,10,1830,1,2,1,8.0,3,93032,M,,,93
201400042332,14,5,10,1950,1,2,3,2.0,3,93032,M,,,93
201400042333,14,5,19,830,1,2,1,1.0,6,93032,M,,,93
201400042334,14,5,24,2130,2,2,1,8.0,6,93032,M,,,93
201400042335,14,6,4,2015,1,2,1,1.0,6,93032,M,,,93
201400042336,14,6,13,1700,1,2,1,1.0,6,93032,M,,,93
201400042337,14,6,14,915,1,2,1,1.0,3,93032,M,,,93
201400042338,14,6,19,940,1,2,1,1.0,2,93032,M,,,93
201400042339,14,6,22,2050,1,2,1,1.0,2,93032,M,,,93
201400042340,14,6,26,1150,1,2,2,1.0,3,93032,M,,,93
201400042341,14,7,1,2135,1,2,1,1.0,6,93032,M,,,93
201400042342,14,7,15,1350,1,2,2,1.0,3,93032,M,,,93
201400042343,14,7,23,2035,1,2,1,1.0,3,93032,M,,,93
201400042344,14,7,28,1810,1,2,1,1.0,6,93032,M,,,93
201400042345,14,8,2,2205,5,2,9,1.0,3,93032,M,,,93
201400042346,14,8,14,1450,1,2,1,1.0,6,93032,M,,,93
201400042347,14,8,26,1415,1,2,1,2.0,2,93032,M,,,93
201400042348,14,8,27,1400,1,2,1,1.0,2,93032,M,,,93
201400042349,14,9,2,2210,5,2,1,1.0,7,93032,M,,,93
201400042350,14,9,7,1,5,2,2,1.0,3,93032,M,,,93
201400042351,14,9,7,840,1,2,1,1.0,6,93032,M,,,93
201400042352,14,9,7,2140,5,2,1,1.0,2,93032,M,,,93
201400042353,14,9,9,925,1,2,1,1.0,6,93032,M,,,93
201400042354,14,9,10,1010,1,2,1,1.0,5,93032,M,,,93
201400042355,14,9,12,2030,5,2,1,1.0,2,93032,M,,,93
201400042356,14,9,17,855,1,2,1,1.0,6,93032,M,,,93
201400042357,14,10,1,1752,1,2,2,1.0,3,93032,M,,,93
201400042358,14,10,14,1810,1,2,2,1.0,3,93032,M,,,93
201400042359,14,10,24,1745,1,2,1,2.0,6,93032,M,,,93
201400042360,14,10,31,1225,1,2,1,1.0,2,93032,M,,,93
201400042361,14,11,6,1715,2,2,1,1.0,7,93032,M,,,93
201400042362,14,11,7,1455,1,2,2,1.0,6,93032,M,,,93
201400042363,14,11,9,125,5,2,1,1.0,6,93032,M,,,93
201400042364,14,11,10,1750,5,2,2,1.0,3,93032,M,,,93
201400042365,14,11,12,1450,1,2,3,1.0,3,93032,M,,,93
201400042366,14,12,1,1920,5,2,1,2.0,3,93032,M,,,93
201400042367,14,12,3,1740,5,2,1,1.0,3,93032,M,,,93
201400042368,14,12,9,735,2,2,1,9.0,3,93032,M,,,93
201400042369,14,12,16,345,5,2,0,8.0,6,93032,M,,,93
201400042370,14,1,8,1800,5,2,1,1.0,6,93006,M,,,93
201400042371,14,1,10,1650,1,2,2,1.0,6,93006,M,,,93
201400042372,14,1,12,1305,1,2,1,8.0,6,93045,M,,,93
201400042373,14,1,12,1920,5,2,1,1.0,3,93045,M,,,93
201400042374,14,1,13,950,1,2,1,1.0,3,93006,M,,,93
201400042375,14,1,13,2050,5,2,1,1.0,3,93063,M,,,93
201400042376,14,1,19,1945,5,2,3,1.0,3,93045,M,,,93
201400042377,14,1,20,930,1,2,1,1.0,7,93061,M,,,93
201400042378,14,1,23,930,1,2,1,1.0,6,93006,M,,,93
201400042379,14,1,27,1805,3,2,1,1.0,1,93006,M,,,93
201400042380,14,2,1,1715,1,2,9,1.0,6,93063,M,,,93
201400042381,14,2,3,1905,5,2,1,1.0,3,93045,M,,,93
201400042382,14,2,6,1500,1,2,1,2.0,7,93006,M,,,93
201400042383,14,2,8,1700,1,2,2,1.0,6,93006,M,,,93
201400042384,14,2,9,1840,5,2,3,1.0,5,93006,M,,,93
201400042385,14,2,20,1644,1,2,1,2.0,7,93006,M,,,93
201400042386,14,2,28,1340,1,2,1,2.0,2,93063,M,,,93
201400042387,14,2,28,2050,5,2,1,2.0,4,93063,M,,,93
201400042388,14,3,3,1250,1,2,1,1.0,6,93006,M,,,93
201400042389,14,3,4,905,1,2,5,1.0,3,93063,M,,,93
201400042390,14,3,5,1335,1,2,4,1.0,7,93063,M,,,93
201400042391,14,3,6,2250,5,2,3,1.0,6,93061,M,,,93
201400042392,14,3,9,1850,2,2,1,1.0,3,93063,M,,,93
201400042393,14,3,11,1940,3,2,1,1.0,7,93063,M,,,93
201400042394,14,3,14,1700,1,2,1,1.0,2,93045,M,,,93
201400042395,14,3,22,1040,1,2,2,2.0,3,93045,M,,,93
201400042396,14,3,24,1835,1,2,2,1.0,6,93045,M,,,93
201400042397,14,3,25,820,1,2,2,2.0,3,93006,M,,,93
201400042398,14,3,25,1830,1,2,1,1.0,3,93061,M,,,93
201400042399,14,4,5,500,5,2,1,1.0,6,93063,M,,,93
201400042400,14,4,7,1230,1,2,1,1.0,3,93045,M,,,93
201400042401,14,4,9,500,5,2,4,1.0,6,93045,M,,,93
201400042402,14,4,14,1730,1,2,1,1.0,6,93006,M,,,93
201400042403,14,4,14,1800,1,2,2,1.0,3,93045,M,,,93
201400042404,14,4,17,830,1,2,1,1.0,7,93061,M,,,93
201400042405,14,4,18,1300,1,2,2,1.0,3,93063,M,,,93
201400042406,14,4,27,1600,1,2,9,1.0,5,93061,M,,,93
201400042407,14,4,28,600,1,2,9,8.0,6,93063,M,,,93
201400042408,14,4,28,1810,1,2,1,1.0,6,93006,M,,,93
201400042409,14,4,29,1825,1,2,2,1.0,6,93061,M,,,93
201400042410,14,5,4,730,2,2,1,1.0,6,93063,M,,,93
201400042411,14,5,4,1845,1,2,2,1.0,1,93006,M,,,93
201400042412,14,5,12,1120,1,2,1,1.0,6,93063,M,,,93
201400042413,14,5,14,1915,1,2,1,1.0,6,93045,M,,,93
201400042414,14,5,15,1505,1,2,3,1.0,3,93045,M,,,93
201400042415,14,5,16,933,1,2,2,1.0,3,93063,M,,,93
201400042416,14,5,17,1315,1,2,1,1.0,6,93063,M,,,93
201400042417,14,5,17,1600,1,2,1,1.0,3,93006,M,,,93
201400042418,14,5,19,1915,1,2,3,1.0,3,93006,M,,,93
201400042419,14,5,23,1010,1,2,2,1.0,3,93006,M,,,93
201400042420,14,5,24,1745,1,2,4,2.0,6,93006,M,,,93
201400042421,14,5,26,2030,1,2,1,1.0,3,93006,M,,,93