Num_Acc,an,mois,jour,hrmn,lum,agg,int,atm,col,com,gps,lat,long,dep
201400042422,14,5,31,2015,1,2,2,1.0,3,93006,M,,,93
201400042423,14,6,5,1655,1,2,3,1.0,3,93063,M,,,93
201400042424,14,6,9,2212,5,2,2,1.0,3,93045,M,,,93
201400042425,14,6,10,1220,1,2,1,2.0,2,93063,M,,,93
201400042426,14,6,13,840,1,2,1,1.0,6,93006,M,,,93
201400042427,14,6,14,1,5,2,1,1.0,6,93045,M,,,93
201400042428,14,6,19,930,1,2,1,1.0,6,93006,M,,,93
201400042429,14,6,19,1055,1,2,1,1.0,6,93045,M,,,93
201400042430,14,6,23,1425,1,2,2,1.0,5,93006,M,,,93
201400042431,14,6,27,1740,1,2,2,1.0,3,93061,M,,,93
201400042432,14,6,28,1304,1,2,1,9.0,6,93045,M,,,93
201400042433,14,6,28,2220,5,2,3,2.0,7,93006,M,,,93
201400042434,14,7,7,1900,1,2,9,3.0,2,93006,M,,,93
201400042435,14,7,8,1257,1,2,1,1.0,6,93061,M,,,93
201400042436,14,7,8,1200,1,2,2,1.0,6,93006,M,,,93
201400042437,14,7,22,2310,5,2,3,1.0,3,93045,M,,,93
201400042438,14,7,30,1850,2,2,2,1.0,3,93063,M,,,93
201400042439,14,8,2,2045,2,2,3,8.0,3,93006,M,,,93
201400042440,14,8,4,1245,1,2,1,1.0,3,93006,M,,,93
201400042441,14,8,7,1415,1,2,2,3.0,3,93063,M,,,93
201400042442,14,8,9,1410,1,2,1,1.0,7,93061,M,,,93
201400042443,14,8,24,2020,5,2,1,1.0,3,93006,M,,,93
201400042444,14,8,31,650,1,2,2,1.0,3,93006,M,,,93
201400042445,14,9,11,1315,1,2,1,1.0,6,93045,M,,,93
201400042446,14,9,11,2035,5,2,1,1.0,3,93063,M,,,93
201400042447,14,9,18,830,1,2,1,1.0,2,93006,M,,,93
201400042448,14,9,20,1600,1,2,1,1.0,3,93006,M,,,93
201400042449,14,9,23,1200,1,2,1,1.0,6,93045,M,,,93
201400042450,14,9,24,2013,5,2,3,2.0,3,93063,M,,,93
201400042451,14,9,28,1830,1,2,1,1.0,3,93006,M,,,93
201400042452,14,9,29,1310,1,2,1,1.0,3,93006,M,,,93
201400042453,14,9,30,1430,1,2,1,1.0,3,93063,M,,,93
201400042454,14,10,3,1605,1,2,1,1.0,6,93063,M,,,93
201400042455,14,10,6,2000,5,2,1,2.0,3,93006,M,,,93
201400042456,14,10,19,2015,5,2,1,1.0,3,93006,M,,,93
201400042457,14,10,23,1330,1,2,2,1.0,1,93061,M,,,93
201400042458,14,10,23,505,5,2,1,1.0,7,93006,M,,,93
201400042459,14,10,28,2010,5,2,2,1.0,3,93063,M,,,93
201400042460,14,10,29,2210,5,2,1,1.0,6,93061,M,,,93
201400042461,14,10,31,1230,1,2,1,1.0,3,93006,M,,,93
201400042462,14,10,31,1230,1,2,1,1.0,3,93061,M,,,93
201400042463,14,10,31,1625,1,2,1,1.0,6,93061,M,,,93
201400042464,14,11,2,1530,1,2,1,1.0,3,93006,M,,,93
201400042465,14,11,3,1135,1,2,1,8.0,6,93045,M,,,93
201400042466,14,11,5,1650,1,2,5,1.0,6,93063,M,,,93
201400042467,14,11,8,1330,1,2,1,1.0,2,93063,M,,,93
201400042468,14,11,27,2357,5,2,6,1.0,3,93045,M,,,93
201400042469,14,11,30,2200,5,2,1,2.0,1,93045,M,,,93
201400042470,14,12,1,1715,5,2,1,2.0,2,93063,M,,,93
201400042471,14,12,7,1000,1,2,9,1.0,6,93061,M,,,93
201400042472,14,12,8,1945,5,2,1,1.0,4,93063,M,,,93
201400042473,14,12,13,2315,5,2,3,2.0,3,93063,M,,,93
201400042474,14,12,14,1150,1,2,0,1.0,2,93006,M,,,93
201400042475,14,12,16,1830,5,2,1,1.0,2,93006,M,,,93
201400042476,14,12,19,1150,1,2,1,2.0,6,93045,M,,,93
201400042477,14,12,19,1610,5,2,1,3.0,3,93063,M,,,93
201400042478,14,4,11,1745,1,2,1,1.0,6,93063,M,,,93
201400042479,14,5,5,2355,5,2,1,1.0,6,93045,M,,,93
201400042480,14,11,6,2115,5,2,1,1.0,6,93061,M,,,93
201400042481,14,8,11,2013,5,2,3,2.0,3,93063,M,,,93
201400042482,14,11,16,1725,5,1,1,3.0,6,93045,M,,,93
201400042483,14,11,16,20,5,1,3,2.0,3,93063,M,,,93
201400042484,14,8,17,505,5,2,1,1.0,6,93045,M,,,93
201400042485,14,8,17,2250,5,2,2,1.0,2,93063,M,,,93
201400042486,14,8,23,230,5,2,2,1.0,3,93063,M,,,93
201400042487,14,9,4,1930,1,2,1,1.0,2,93063,M,,,93
201400042488,14,9,9,845,1,2,1,1.0,6,93063,M,,,93
201400042489,14,9,9,2215,5,2,4,1.0,6,93045,M,,,93
201400042490,14,11,18,2120,5,2,1,1.0,3,93063,M,,,93
201400042491,14,11,22,1915,5,2,4,1.0,6,93045,M,,,93
201400042492,14,11,25,830,1,2,3,8.0,7,93063,M,,,93
201400042493,14,1,3,1345,1,2,1,8.0,4,93046,M,,,93
201400042494,14,1,6,2300,5,2,4,1.0,6,93015,M,,,93
201400042495,14,1,8,1317,1,2,3,1.0,3,93074,M,,,93
201400042496,14,1,15,1930,5,2,2,2.0,6,93046,M,,,93
201400042497,14,1,12,1130,1,2,4,1.0,3,93015,M,,,93
201400042498,14,1,22,1350,1,2,1,1.0,3,93074,M,,,93
201400042499,14,1,23,845,1,2,1,2.0,3,93046,M,,,93
201400042500,14,1,26,1732,5,2,1,3.0,4,93046,M,,,93
201400042501,14,2,3,650,5,2,2,1.0,1,93074,M,,,93
201400042502,14,2,3,800,2,1,1,1.0,6,93074,M,,,93
201400042503,14,2,8,1502,1,2,1,1.0,6,93046,M,,,93
201400042504,14,2,13,1650,1,2,1,8.0,6,93074,M,,,93
201400042505,14,2,25,945,1,2,1,2.0,7,93046,M,,,93
201400042506,14,2,28,1030,1,2,1,2.0,6,93046,M,,,93
201400042507,14,3,1,120,5,2,1,2.0,6,93046,M,,,93
201400042508,14,3,5,1730,1,2,1,1.0,3,93046,M,,,93
201400042509,14,3,6,1545,1,2,2,1.0,3,93046,M,,,93
201400042510,14,3,16,1650,1,2,3,1.0,3,93074,M,,,93
201400042511,14,3,16,1540,1,2,1,1.0,6,93046,M,,,93
201400042512,14,3,17,1240,1,2,1,1.0,6,93046,M,,,93
201400042513,14,3,17,1820,1,2,1,1.0,6,93046,M,,,93
201400042514,14,3,18,1400,1,2,1,1.0,3,93046,M,,,93
201400042515,14,3,23,2016,5,2,3,1.0,7,93046,M,,,93
201400042516,14,3,24,1504,1,2,1,1.0,3,93046,M,,,93
201400042517,14,3,26,1215,1,2,2,1.0,3,93046,M,,,93
201400042518,14,3,29,1531,1,1,1,1.0,2,93046,M,,,93
201400042519,14,3,31,820,1,2,2,1.0,6,93046,M,,,93
201400042520,14,4,1,1725,1,2,1,1.0,6,93074,M,,,93
201400042521,14,4,5,1330,1,2,1,1.0,2,93046,M,,,93
201400042522,14,4,12,1115,1,2,1,1.0,2,93046,M,,,93
201400042523,14,4,26,2250,5,2,2,2.0,3,93046,M,,,93
201400042524,14,4,23,2150,5,2,8,2.0,2,93046,M,,,93
201400042525,14,4,30,2210,5,2,1,8.0,2,93046,M,,,93
201400042526,14,5,2,1505,1,2,5,1.0,3,93046,M,,,93
201400042527,14,5,4,2310,5,2,1,1.0,2,93046,M,,,93
201400042528,14,5,9,2310,5,2,1,1.0,2,93074,M,,,93
201400042529,14,5,10,1300,1,2,1,3.0,3,93046,M,,,93
201400042530,14,5,4,905,1,2,3,1.0,2,93046,M,,,93
201400042531,14,5,14,1415,1,2,1,7.0,2,93046,M,,,93
201400042532,14,5,15,2130,5,2,1,1.0,6,93046,M,,,93
201400042533,14,5,16,2335,3,2,2,1.0,3,93046,M,,,93
201400042534,14,5,19,820,1,2,2,1.0,6,93046,M,,,93
201400042535,14,5,21,2050,5,2,1,3.0,3,93046,M,,,93
201400042536,14,5,22,620,1,2,1,1.0,6,93015,M,,,93
201400042537,14,5,22,1920,1,2,1,1.0,6,93046,M,,,93
201400042538,14,5,28,1020,1,2,1,2.0,2,93074,M,,,93
201400042539,14,5,31,2200,5,2,2,1.0,1,93074,M,,,93
201400042540,14,6,2,829,1,2,1,1.0,6,93046,M,,,93
201400042541,14,6,2,1620,1,2,1,1.0,7,93046,M,,,93
201400042542,14,6,2,1805,1,2,6,1.0,3,93015,M,,,93
201400042543,14,6,6,900,1,2,6,7.0,6,93046,M,,,93
201400042544,14,6,13,2105,5,2,2,1.0,3,93046,M,,,93
201400042545,14,6,16,735,1,1,1,1.0,2,93074,M,,,93
201400042546,14,6,23,730,1,2,1,1.0,3,93046,M,,,93
201400042547,14,6,26,1530,1,2,2,1.0,3,93074,M,,,93
201400042548,14,6,27,1150,1,2,1,1.0,6,93046,M,,,93
201400042549,14,6,30,1753,1,2,6,1.0,3,93046,M,,,93
201400042550,14,7,3,620,1,2,2,1.0,3,93046,M,,,93
201400042551,14,7,21,1545,1,2,1,2.0,6,93046,M,,,93
201400042552,14,7,26,610,1,2,1,1.0,6,93015,M,,,93
201400042553,14,7,28,1550,1,2,1,1.0,6,93046,M,,,93
201400042554,14,8,5,2225,5,2,2,1.0,3,93015,M,,,93
201400042555,14,8,6,1510,1,2,1,2.0,6,93074,M,,,93
201400042556,14,8,8,2150,5,2,1,2.0,3,93046,M,,,93
201400042557,14,8,14,1540,1,2,5,1.0,3,93046,M,,,93
201400042558,14,8,18,2030,2,2,5,1.0,1,93074,M,,,93
201400042559,14,8,30,13,5,2,2,1.0,1,93046,M,,,93
201400042560,14,9,1,330,5,2,3,1.0,7,93046,M,,,93
201400042561,14,9,1,2015,2,2,2,1.0,3,93046,M,,,93
201400042562,14,9,3,2210,5,2,2,1.0,3,93046,M,,,93
201400042563,14,8,7,1150,1,2,2,1.0,6,93046,M,,,93
201400042564,14,9,12,1735,1,2,3,1.0,3,93074,M,,,93
201400042565,14,9,16,1110,1,2,1,1.0,3,93074,M,,,93
201400042566,14,9,12,1555,1,2,1,1.0,6,93046,M,,,93
201400042567,14,9,17,2050,5,2,3,1.0,1,93015,M,,,93
201400042568,14,9,18,1945,2,1,1,1.0,2,93074,M,,,93
201400042569,14,9,21,705,5,2,2,2.0,1,93046,M,,,93
201400042570,14,9,23,800,1,2,3,1.0,6,93074,M,,,93
201400042571,14,9,24,1835,1,2,2,1.0,2,93074,M,,,93
201400042572,14,9,25,1845,2,2,2,1.0,3,93046,M,,,93
201400042573,14,9,26,850,1,1,1,1.0,3,93074,M,,,93
201400042574,14,9,26,1840,1,2,1,1.0,2,93074,M,,,93
201400042575,14,9,28,1030,1,1,2,1.0,3,93074,M,,,93
201400042576,14,10,9,830,1,2,1,1.0,7,93046,M,,,93
201400042577,14,10,10,1000,1,2,1,1.0,3,93046,M,,,93
201400042578,14,10,12,2340,5,2,1,2.0,2,93046,M,,,93
201400042579,14,10,14,1200,1,2,1,1.0,6,93046,M,,,93
201400042580,14,10,15,2035,5,2,3,2.0,3,93046,M,,,93
201400042581,14,10,17,840,1,2,2,2.0,1,93046,M,,,93
201400042582,14,10,30,1515,1,2,2,1.0,3,93046,M,,,93
201400042583,14,10,31,2000,3,2,3,1.0,1,93046,M,,,93
201400042584,14,11,1,1545,1,2,2,1.0,6,93046,M,,,93
201400042585,14,11,3,2140,5,2,2,2.0,3,93046,M,,,93
201400042586,14,11,15,1350,1,2,1,9.0,6,93015,M,,,93
201400042587,14,11,16,450,5,2,9,2.0,6,93046,M,,,93
201400042588,14,11,16,1835,5,2,2,2.0,3,93046,M,,,93
201400042589,14,11,19,1540,1,2,1,1.0,6,93046,M,,,93
201400042590,14,11,20,1150,1,2,1,1.0,6,93046,M,,,93
201400042591,14,11,25,1932,5,2,7,1.0,3,93046,M,,,93
201400042592,14,11,26,1220,1,2,2,1.0,3,93046,M,,,93
201400042593,14,11,27,540,3,1,1,5.0,6,93074,M,,,93
201400042594,14,11,29,1315,1,2,6,1.0,3,93074,M,,,93
201400042595,14,11,29,1410,1,2,2,1.0,2,93046,M,,,93
201400042596,14,12,2,1400,1,2,3,2.0,6,93046,M,,,93
201400042597,14,12,2,1830,5,2,7,8.0,6,93046,M,,,93
201400042598,14,12,4,805,2,2,6,1.0,2,93046,M,,,93
201400042599,14,12,4,2020,5,2,2,1.0,6,93046,M,,,93
201400042600,14,12,5,1425,1,2,2,1.0,4,93074,M,,,93
201400042601,14,12,5,1200,1,2,1,8.0,4,93046,M,,,93
201400042602,14,12,6,800,2,2,8,1.0,3,93046,M,,,93
201400042603,14,12,7,635,5,2,0,5.0,6,93046,M,,,93
201400042604,14,12,9,750,2,1,1,9.0,6,93046,M,,,93
201400042605,14,12,10,1200,1,2,3,8.0,3,93046,M,,,93
201400042606,14,12,10,1735,5,2,1,2.0,1,93074,M,,,93
201400042607,14,12,11,705,2,2,1,8.0,6,93046,M,,,93
201400042608,14,12,16,1530,1,2,2,1.0,3,93046,M,,,93
201400042609,14,12,16,1630,1,1,1,1.0,3,93046,M,,,93
201400042610,14,12,19,1830,5,2,3,2.0,2,93046,M,,,93
201400042611,14,12,19,2115,5,2,0,8.0,1,93046,M,,,93
201400042612,14,12,21,1343,1,2,1,8.0,2,93046,M,,,93
201400042613,14,12,24,1450,1,2,3,2.0,6,93074,M,,,93
201400042614,14,12,26,745,5,2,9,9.0,3,93046,M,,,93
201400042615,14,12,30,1000,1,1,1,9.0,5,93074,M,,,93
201400042616,14,1,5,2200,3,2,2,2.0,3,93048,M,,,93
201400042617,14,1,6,1955,5,2,1,2.0,6,93048,M,,,93
201400042618,14,1,9,1835,3,2,3,8.0,3,93048,M,,,93
201400042619,14,1,11,525,5,2,5,2.0,3,93048,M,,,93
201400042620,14,1,12,2315,5,2,2,2.0,3,93048,M,,,93
201400042621,14,1,16,1300,1,2,1,2.0,6,93048,M,,,93
201400042622,14,1,18,1645,1,2,1,1.0,2,93048,M,,,93
201400042623,14,1,21,750,5,2,1,8.0,6,93048,M,,,93
201400042624,14,1,23,2040,5,2,2,1.0,3,93048,M,,,93
201400042625,14,1,28,750,2,2,2,1.0,2,93048,M,,,93
201400042626,14,2,4,1610,1,2,1,1.0,7,93048,M,,,93
201400042627,14,2,5,2040,5,2,2,2.0,1,93048,M,,,93
201400042628,14,2,10,1440,1,2,1,1.0,2,93048,M,,,93
201400042629,14,2,12,1045,1,2,1,1.0,6,93048,M,,,93
201400042630,14,2,12,1900,5,2,8,2.0,6,93048,M,,,93
201400042631,14,2,12,1855,5,2,9,3.0,6,93048,M,,,93
201400042632,14,2,14,630,5,2,2,1.0,3,93048,M,,,93
201400042633,14,2,15,1845,5,2,8,2.0,6,93048,M,,,93
201400042634,14,2,17,1140,1,2,3,1.0,3,93048,M,,,93
201400042635,14,3,4,1430,1,2,1,1.0,6,93048,M,,,93
201400042636,14,3,6,1855,5,2,1,1.0,6,93048,M,,,93
201400042637,14,3,8,1115,1,2,2,1.0,3,93048,M,,,93
201400042638,14,3,16,1810,1,2,1,1.0,6,93048,M,,,93
201400042639,14,3,18,1400,1,2,1,1.0,3,93048,M,,,93
201400042640,14,3,18,1410,1,2,2,1.0,6,93048,M,,,93
201400042641,14,3,18,1725,1,2,2,1.0,6,93048,M,,,93
201400042642,14,3,22,1830,1,2,1,1.0,2,93048,M,,,93
201400042643,14,3,23,1416,1,2,1,2.0,4,93048,M,,,93
201400042644,14,3,22,1915,5,2,1,1.0,1,93048,M,,,93
201400042645,14,3,27,830,1,2,1,1.0,6,93048,M,,,93
201400042646,14,3,31,2115,3,2,6,1.0,2,93048,M,,,93
201400042647,14,4,5,1930,1,2,1,1.0,6,93048,M,,,93
201400042648,14,4,11,905,1,2,1,1.0,6,93048,M,,,93
201400042649,14,4,14,1950,1,2,1,1.0,3,93048,M,,,93
201400042650,14,4,16,1400,1,2,2,1.0,3,93048,M,,,93
201400042651,14,4,18,1900,1,2,2,1.0,3,93048,M,,,93
201400042652,14,4,22,1405,1,2,1,1.0,5,93048,M,,,93
201400042653,14,4,30,1215,1,2,1,1.0,6,93048,M,,,93
201400042654,14,5,5,1700,1,2,1,1.0,7,93048,M,,,93
201400042655,14,5,9,1700,1,2,1,1.0,6,93048,M,,,93
201400042656,14,5,16,1400,1,2,3,1.0,1,93048,M,,,93
201400042657,14,5,16,1800,1,2,1,1.0,6,93048,M,,,93
201400042658,14,5,20,1540,1,2,1,1.0,6,93048,M,,,93
201400042659,14,5,24,1520,1,2,2,3.0,1,93048,M,,,93
201400042660,14,5,26,1700,1,2,1,1.0,6,93048,M,,,93
201400042661,14,5,28,1840,1,2,3,2.0,3,93048,M,,,93
201400042662,14,5,30,1915,1,2,1,1.0,6,93048,M,,,93
201400042663,14,6,1,1720,1,2,2,1.0,3,93048,M,,,93
201400042664,14,6,6,1830,1,2,1,1.0,6,93048,M,,,93
201400042665,14,6,8,1510,1,2,1,1.0,6,93048,M,,,93
201400042666,14,6,9,1825,1,2,1,1.0,3,93048,M,,,93
201400042667,14,6,11,1900,1,2,1,1.0,6,93048,M,,,93
201400042668,14,6,12,1400,1,2,1,1.0,6,93048,M,,,93
201400042669,14,6,13,1310,1,2,2,1.0,3,93048,M,,,93
201400042670,14,6,17,945,1,2,2,1.0,3,93048,M,,,93
201400042671,14,6,20,1415,1,2,3,1.0,3,93048,M,,,93
201400042672,14,6,20,1800,1,1,1,1.0,2,93048,M,,,93
201400042673,14,6,21,1405,1,2,1,1.0,3,93048,M,,,93
201400042674,14,6,21,2340,5,2,1,1.0,2,93048,M,,,93
201400042675,14,6,22,1150,1,2,2,1.0,1,93048,M,,,93
201400042676,14,6,23,1815,1,2,1,1.0,6,93048,M,,,93
201400042677,14,6,24,900,1,2,1,1.0,6,93048,M,,,93
201400042678,14,6,28,1200,1,2,3,1.0,3,93048,M,,,93
201400042679,14,6,30,1500,1,2,1,1.0,2,93048,M,,,93
201400042680,14,7,3,2030,1,2,1,1.0,3,93048,M,,,93
201400042681,14,7,15,1030,1,2,1,1.0,6,93048,M,,,93
201400042682,14,7,15,1405,1,2,1,1.0,3,93048,M,,,93
201400042683,14,7,16,1935,1,2,1,1.0,2,93048,M,,,93
201400042684,14,7,17,1015,1,2,2,1.0,6,93048,M,,,93
201400042685,14,7,17,1700,1,2,1,1.0,6,93048,M,,,93
201400042686,14,7,21,1740,1,2,3,1.0,6,93048,M,,,93
201400042687,14,8,1,810,1,2,1,1.0,6,93048,M,,,93
201400042688,14,8,18,1815,1,2,1,1.0,6,93048,M,,,93
201400042689,14,8,25,1840,1,2,2,2.0,3,93048,M,,,93
201400042690,14,9,9,830,1,2,2,1.0,1,93048,M,,,93
201400042691,14,9,9,1520,1,2,1,1.0,2,93048,M,,,93
201400042692,14,9,10,1010,1,2,2,1.0,6,93048,M,,,93
201400042693,14,9,11,1242,1,2,9,1.0,6,93048,M,,,93
201400042694,14,9,16,310,5,2,0,1.0,6,93048,M,,,93
201400042695,14,9,17,1705,1,2,3,1.0,7,93048,M,,,93
201400042696,14,10,6,1810,1,2,2,2.0,6,93048,M,,,93
201400042697,14,10,6,1845,5,2,1,3.0,6,93048,M,,,93
201400042698,14,10,7,850,1,2,2,1.0,3,93048,M,,,93
201400042699,14,10,8,2010,5,2,9,3.0,1,93048,M,,,93
201400042700,14,10,10,1800,1,2,3,1.0,6,93048,M,,,93
201400042701,14,10,18,1605,1,2,3,1.0,6,93048,M,,,93
201400042702,14,10,21,950,1,2,1,8.0,6,93048,M,,,93
201400042703,14,10,23,1850,5,2,1,1.0,6,93048,M,,,93
201400042704,14,10,31,1140,1,2,2,1.0,3,93048,M,,,93
201400042705,14,11,3,1830,5,2,1,3.0,3,93048,M,,,93
201400042706,14,11,12,1715,1,2,2,8.0,6,93048,M,,,93
201400042707,14,11,17,1720,5,2,1,2.0,3,93048,M,,,93
201400042708,14,11,25,1540,1,2,3,1.0,3,93048,M,,,93
201400042709,14,11,29,2045,5,2,2,1.0,3,93048,M,,,93
201400042710,14,12,9,1730,2,2,1,1.0,3,93048,M,,,93
201400042711,14,12,9,2000,5,2,1,1.0,3,93048,M,,,93
201400042712,14,12,13,300,5,2,1,2.0,1,93048,M,,,93
201400042713,14,12,17,1740,5,2,1,2.0,6,93048,M,,,93
201400042714,14,12,21,2310,5,2,9,1.0,6,93048,M,,,93
201400042715,14,12,27,2045,5,2,2,2.0,3,93048,M,,,93
201400042716,14,12,30,1745,3,1,0,1.0,6,93050,M,,,93
201400042717,14,1,12,250,5,2,1,5.0,6,93049,M,,,93
201400042718,14,1,6,845,1,2,1,1.0,6,93050,M,,,93
201400042719,14,1,13,1920,5,2,2,2.0,3,93050,M,,,93
201400042720,14,1,18,550,2,2,2,1.0,3,93050,M,,,93
201400042721,14,1,19,300,5,2,1,2.0,6,93050,M,,,93
201400042722,14,1,31,1020,1,2,1,1.0,6,93050,M,,,93
201400042723,14,1,22,1630,1,2,1,2.0,6,93050,M,,,93
201400042724,14,1,23,1155,1,2,1,1.0,7,93050,M,,,93
201400042725,14,1,28,1205,1,2,2,8.0,6,93050,M,,,93
201400042726,14,1,28,1725,5,2,1,2.0,6,93050,M,,,93
201400042727,14,2,20,25,5,2,1,1.0,6,93050,M,,,93
201400042728,14,2,16,730,2,2,2,1.0,3,93050,M,,,93
201400042729,14,2,4,1530,1,2,3,1.0,6,93050,M,,,93
201400042730,14,2,12,2130,5,2,2,2.0,1,93050,M,,,93
201400042731,14,2,21,800,1,2,2,1.0,3,93049,M,,,93
201400042732,14,2,27,1230,1,2,2,3.0,3,93049,M,,,93
201400042733,14,2,27,1332,1,2,1,2.0,2,93050,M,,,93
201400042734,14,2,28,1900,5,2,1,1.0,3,93050,M,,,93
201400042735,14,2,28,2230,5,2,1,2.0,6,93050,M,,,93
201400042736,14,3,10,1655,1,2,1,1.0,6,93050,M,,,93
201400042737,14,3,22,555,2,2,2,1.0,3,93050,M,,,93
201400042738,14,3,23,340,5,2,1,1.0,6,93050,M,,,93
201400042739,14,4,12,140,5,2,2,1.0,3,93050,M,,,93
201400042740,14,4,1,1440,1,2,6,1.0,3,93050,M,,,93
201400042741,14,4,1,810,1,2,1,1.0,2,93049,M,,,93
201400042742,14,4,2,1705,1,2,1,1.0,6,93049,M,,,93
201400042743,14,4,2,1805,1,2,1,1.0,3,93050,M,,,93
201400042744,14,4,9,800,1,2,3,1.0,3,93049,M,,,93
201400042745,14,4,9,1110,1,2,3,1.0,3,93050,M,,,93
201400042746,14,4,27,450,5,2,1,1.0,6,93050,M,,,93
201400042747,14,4,28,1715,1,2,1,1.0,7,93049,M,,,93
201400042748,14,5,1,1835,1,2,2,3.0,3,93050,M,,,93
201400042749,14,5,5,830,1,2,1,1.0,3,93049,M,,,93
201400042750,14,5,5,1320,1,2,9,1.0,3,93049,M,,,93
201400042751,14,5,8,1330,1,2,1,1.0,3,93050,M,,,93
201400042752,14,5,26,925,1,2,2,2.0,6,93050,M,,,93
201400042753,14,5,29,10,5,2,3,1.0,3,93049,M,,,93
201400042754,14,6,4,1530,1,2,1,8.0,2,93050,M,,,93
201400042755,14,6,16,1725,1,2,1,1.0,6,93050,M,,,93
201400042756,14,6,18,1705,1,2,2,1.0,2,93050,M,,,93
201400042757,14,6,21,1855,1,2,1,1.0,1,93050,M,,,93
201400042758,14,6,22,1130,1,2,3,1.0,3,93050,M,,,93
201400042759,14,6,24,1030,1,2,9,1.0,6,93050,M,,,93
201400042760,14,6,25,600,1,2,1,1.0,6,93050,M,,,93
201400042761,14,7,2,1500,1,2,1,1.0,1,93049,M,,,93
201400042762,14,7,3,910,1,2,1,1.0,3,93050,M,,,93
201400042763,14,7,6,1825,1,2,1,2.0,5,93050,M,,,93
201400042764,14,7,21,2310,5,2,1,1.0,3,93050,M,,,93
201400042765,14,7,23,1935,1,2,1,1.0,7,93050,M,,,93
201400042766,14,7,30,1800,1,2,1,1.0,6,93049,M,,,93
201400042767,14,8,1,310,5,2,1,1.0,3,93050,M,,,93
201400042768,14,8,15,1600,1,2,1,1.0,7,93050,M,,,93
201400042769,14,8,22,1730,1,2,1,1.0,6,93050,M,,,93
201400042770,14,9,14,800,1,2,1,1.0,6,93050,M,,,93
201400042771,14,8,26,2230,5,2,1,2.0,6,93050,M,,,93
201400042772,14,9,1,930,1,2,1,7.0,2,93050,M,,,93
201400042773,14,9,1,1625,1,2,1,1.0,6,93050,M,,,93
201400042774,14,9,1,1710,1,1,1,1.0,5,93050,M,,,93
201400042775,14,9,30,1905,1,2,1,1.0,1,93050,M,,,93
201400042776,14,9,20,1250,1,2,2,1.0,3,93050,M,,,93
201400042777,14,9,26,1850,2,2,1,1.0,6,93049,M,,,93
201400042778,14,10,3,1035,1,2,2,1.0,3,93050,M,,,93
201400042779,14,10,5,1815,1,2,1,1.0,5,93050,M,,,93
201400042780,14,10,5,1900,1,2,1,1.0,1,93050,M,,,93
201400042781,14,10,6,815,1,2,1,1.0,3,93050,M,,,93
201400042782,14,10,8,700,4,2,3,2.0,7,93049,M,,,93
201400042783,14,10,17,1700,1,2,1,1.0,2,93050,M,,,93
201400042784,14,10,20,920,1,2,2,1.0,3,93049,M,,,93
201400042785,14,10,22,910,1,2,1,1.0,2,93050,M,,,93
201400042786,14,10,24,2215,5,2,1,1.0,2,93050,M,,,93
201400042787,14,11,5,920,1,2,3,1.0,3,93050,M,,,93
201400042788,14,11,11,630,4,2,2,1.0,1,93050,M,,,93
201400042789,14,11,7,815,1,2,2,3.0,6,93049,M,,,93
201400042790,14,11,8,2215,5,2,1,1.0,7,93050,M,,,93
201400042791,14,11,14,1240,1,2,2,3.0,6,93050,M,,,93
201400042792,14,11,15,1215,1,2,1,2.0,2,93049,M,,,93
201400042793,14,11,18,1800,5,2,3,2.0,6,93050,M,,,93
201400042794,14,11,19,735,1,2,1,5.0,6,93050,M,,,93
201400042795,14,11,20,1130,1,2,0,1.0,6,93050,M,,,93
201400042796,14,11,25,835,1,2,1,1.0,6,93050,M,,,93
201400042797,14,12,3,1920,5,2,1,1.0,1,93050,M,,,93
201400042798,14,12,5,850,2,2,1,1.0,2,93049,M,,,93
201400042799,14,12,9,645,5,2,2,1.0,3,93050,M,,,93
201400042800,14,12,9,1745,2,2,1,1.0,1,93049,M,,,93
201400042801,14,12,16,835,1,2,1,2.0,6,93050,M,,,93
201400042802,14,12,17,715,5,2,0,3.0,6,93050,M,,,93
201400042803,14,1,7,2000,3,2,1,2.0,2,93051,M,,,93
201400042804,14,1,9,1230,1,2,2,1.0,6,93033,M,,,93
201400042805,14,1,15,1025,1,2,2,2.0,7,93051,M,,,93
201400042806,14,1,24,1415,1,2,1,1.0,6,93033,M,,,93
201400042807,14,1,24,1700,2,2,1,1.0,5,93051,M,,,93
201400042808,14,1,26,2020,5,2,1,3.0,3,93051,M,,,93
201400042809,14,1,28,2230,5,2,2,2.0,3,93051,M,,,93
201400042810,14,2,2,44,5,2,1,1.0,6,93051,M,,,93
201400042811,14,2,13,1035,1,2,1,2.0,6,93051,M,,,93
201400042812,14,2,15,40,5,2,1,1.0,4,93051,M,,,93
201400042813,14,2,16,1930,5,2,6,1.0,2,93051,M,,,93
201400042814,14,2,19,740,1,2,1,2.0,6,93051,M,,,93
201400042815,14,2,24,730,1,2,3,1.0,3,93051,M,,,93
201400042816,14,3,2,1215,1,2,1,1.0,3,93051,M,,,93
201400042817,14,3,5,1705,1,2,1,1.0,2,93051,M,,,93
201400042818,14,3,7,730,4,2,1,1.0,3,93051,M,,,93
201400042819,14,3,10,1345,1,2,3,1.0,2,93051,M,,,93
201400042820,14,3,10,1620,1,2,1,1.0,6,93051,M,,,93
201400042821,14,3,11,1950,5,2,1,1.0,2,93051,M,,,93
201400042822,14,3,15,1510,1,2,2,1.0,3,93051,M,,,93
201400042823,14,3,16,50,5,2,1,1.0,6,93051,M,,,93
201400042824,14,3,16,1620,1,2,6,1.0,6,93051,M,,,93
201400042825,14,3,17,1145,1,2,1,1.0,2,93051,M,,,93
201400042826,14,3,22,1325,1,2,1,1.0,5,93051,M,,,93
201400042827,14,3,24,1700,1,2,2,1.0,3,93051,M,,,93
201400042828,14,3,25,1745,2,2,1,2.0,6,93051,M,,,93