Num_Acc,an,mois,jour,hrmn,lum,agg,int,atm,col,com,gps,lat,long,dep
201400042829,14,3,27,2100,4,2,1,1.0,3,93051,M,,,93
201400042830,14,3,29,1305,1,2,1,1.0,5,93033,M,,,93
201400042831,14,4,6,1800,1,2,1,1.0,7,93051,M,,,93
201400042832,14,4,11,2015,5,2,1,1.0,2,93051,M,,,93
201400042833,14,4,15,1950,1,2,1,1.0,6,93051,M,,,93
201400042834,14,4,15,2240,5,2,2,1.0,6,93051,M,,,93
201400042835,14,5,3,2000,1,2,3,1.0,3,93051,M,,,93
201400042836,14,5,7,1650,1,2,2,2.0,3,93051,M,,,93
201400042837,14,5,8,1520,1,2,1,3.0,1,93051,M,,,93
201400042838,14,5,12,1325,1,2,1,2.0,3,93033,M,,,93
201400042839,14,5,19,1630,1,2,1,1.0,6,93051,M,,,93
201400042840,14,5,23,1247,1,2,2,1.0,3,93051,M,,,93
201400042841,14,5,24,1845,1,2,1,1.0,4,93051,M,,,93
201400042842,14,6,2,2130,2,2,1,1.0,6,93051,M,,,93
201400042843,14,6,4,1605,1,2,1,8.0,6,93051,M,,,93
201400042844,14,6,5,800,1,2,3,1.0,6,93051,M,,,93
201400042845,14,6,19,1805,1,2,3,1.0,6,93051,M,,,93
201400042846,14,6,20,925,1,2,4,1.0,6,93051,M,,,93
201400042847,14,6,21,2320,5,2,9,1.0,3,93051,M,,,93
201400042848,14,6,28,1004,1,2,1,2.0,2,93051,M,,,93
201400042849,14,7,5,320,5,2,1,1.0,6,93051,M,,,93
201400042850,14,7,8,1717,1,2,4,1.0,2,93051,M,,,93
201400042851,14,7,16,1030,1,1,1,1.0,2,93051,M,,,93
201400042852,14,7,19,1745,1,2,1,1.0,6,93051,M,,,93
201400042853,14,7,21,130,5,2,1,8.0,6,93051,M,,,93
201400042854,14,7,22,1400,1,1,1,1.0,3,93051,M,,,93
201400042855,14,7,27,900,1,2,3,1.0,3,93051,M,,,93
201400042856,14,7,28,1255,1,2,1,1.0,6,93051,M,,,93
201400042857,14,7,30,2325,5,2,2,1.0,7,93051,M,,,93
201400042858,14,7,31,1845,1,2,1,1.0,6,93051,M,,,93
201400042859,14,8,2,1200,1,2,6,1.0,2,93051,M,,,93
201400042860,14,8,18,1525,1,2,2,1.0,3,93051,M,,,93
201400042861,14,9,1,1900,1,2,1,1.0,3,93051,M,,,93
201400042862,14,9,1,1310,1,2,1,1.0,1,93051,M,,,93
201400042863,14,9,6,2115,4,2,1,1.0,3,93051,M,,,93
201400042864,14,9,11,800,1,2,1,1.0,6,93051,M,,,93
201400042865,14,9,13,445,5,2,1,1.0,6,93051,M,,,93
201400042866,14,9,18,2125,5,2,1,1.0,2,93051,M,,,93
201400042867,14,9,19,800,1,2,2,1.0,3,93051,M,,,93
201400042868,14,9,25,2315,5,2,2,1.0,3,93051,M,,,93
201400042869,14,9,29,845,1,2,2,3.0,6,93051,M,,,93
201400042870,14,9,29,840,1,2,1,2.0,2,93051,M,,,93
201400042871,14,9,29,945,1,2,1,2.0,2,93051,M,,,93
201400042872,14,10,2,1940,2,2,2,1.0,3,93051,M,,,93
201400042873,14,10,6,2245,5,2,6,2.0,7,93051,M,,,93
201400042874,14,10,8,1535,1,2,1,2.0,7,93033,M,,,93
201400042875,14,10,19,2145,5,2,1,1.0,6,93051,M,,,93
201400042876,14,10,20,1907,5,2,1,2.0,6,93051,M,,,93
201400042877,14,10,27,1620,1,2,6,1.0,3,93051,M,,,93
201400042878,14,11,22,2145,5,2,2,1.0,2,93033,M,,,93
201400042879,14,11,26,555,5,2,1,2.0,1,93051,M,,,93
201400042880,14,11,27,1810,5,2,1,1.0,6,93051,M,,,93
201400042881,14,12,11,1700,5,2,1,1.0,3,93051,M,,,93
201400042882,14,12,17,820,2,2,1,3.0,7,93051,M,,,93
201400042883,14,12,20,1030,1,2,3,8.0,3,93051,M,,,93
201400042884,14,12,22,1720,5,2,1,2.0,6,93051,M,,,93
201400042885,14,12,23,1700,5,2,1,1.0,3,93051,M,,,93
201400042886,14,12,30,1510,1,2,1,8.0,6,93051,M,,,93
201400042887,14,1,3,1340,1,2,1,1.0,1,93053,M,,,93
201400042888,14,1,13,1745,5,2,1,1.0,6,93053,M,,,93
201400042889,14,1,26,530,5,2,3,1.0,6,93053,M,,,93
201400042890,14,2,5,1550,1,2,1,8.0,6,93053,M,,,93
201400042891,14,2,8,600,5,2,1,2.0,6,93053,M,,,93
201400042892,14,2,8,1330,1,2,4,8.0,5,93053,M,,,93
201400042893,14,2,8,2230,5,2,1,1.0,6,93053,M,,,93
201400042894,14,2,16,1355,1,2,1,1.0,7,93053,M,,,93
201400042895,14,2,18,240,5,2,1,1.0,6,93053,M,,,93
201400042896,14,2,19,1100,1,2,6,1.0,3,93053,M,,,93
201400042897,14,2,20,500,5,2,1,2.0,6,93053,M,,,93
201400042898,14,2,23,1300,1,2,3,1.0,2,93053,M,,,93
201400042899,14,2,25,1750,2,2,1,8.0,1,93053,M,,,93
201400042900,14,3,6,1455,1,2,2,1.0,1,93053,M,,,93
201400042901,14,3,15,1245,1,2,1,1.0,6,93053,M,,,93
201400042902,14,3,20,830,1,2,3,1.0,3,93053,M,,,93
201400042903,14,3,6,1345,1,2,1,1.0,3,93008,M,,,93
201400042904,14,3,28,1530,1,2,1,1.0,5,93053,M,,,93
201400042905,14,3,30,2320,5,2,1,1.0,3,93053,M,,,93
201400042906,14,4,2,2130,5,2,1,1.0,7,93053,M,,,93
201400042907,14,4,9,1430,1,2,2,1.0,3,93053,M,,,93
201400042908,14,4,21,1920,2,2,1,1.0,6,93053,M,,,93
201400042909,14,5,9,1005,1,2,1,1.0,2,93053,M,,,93
201400042910,14,5,14,2055,2,2,1,1.0,6,93053,M,,,93
201400042911,14,5,15,815,1,2,9,1.0,2,93053,M,,,93
201400042912,14,5,23,1845,1,2,1,8.0,6,93053,M,,,93
201400042913,14,5,28,1750,1,2,6,2.0,3,93053,M,,,93
201400042914,14,5,30,1530,1,2,1,1.0,3,93053,M,,,93
201400042915,14,6,1,1720,1,2,1,1.0,6,93053,M,,,93
201400042916,14,6,15,2030,1,2,1,1.0,7,93053,M,,,93
201400042917,14,6,17,1750,1,2,1,1.0,6,93053,M,,,93
201400042918,14,6,24,1500,1,2,5,9.0,3,93053,M,,,93
201400042919,14,7,1,1945,1,2,3,1.0,6,93053,M,,,93
201400042920,14,7,3,900,1,2,1,1.0,6,93053,M,,,93
201400042921,14,7,8,940,1,2,1,2.0,3,93053,M,,,93
201400042922,14,7,12,20,5,2,1,1.0,2,93053,M,,,93
201400042923,14,7,12,1030,1,2,1,8.0,3,93053,M,,,93
201400042924,14,7,23,2235,5,2,7,1.0,3,93053,M,,,93
201400042925,14,7,28,2245,5,2,1,1.0,4,93053,M,,,93
201400042926,14,8,16,1520,1,2,8,1.0,2,93053,M,,,93
201400042927,14,8,28,135,5,2,1,1.0,3,93053,M,,,93
201400042928,14,8,29,1750,1,2,1,1.0,4,93053,M,,,93
201400042929,14,9,4,1335,1,2,1,1.0,2,93053,M,,,93
201400042930,14,9,9,2225,5,2,2,1.0,2,93053,M,,,93
201400042931,14,9,12,710,1,2,1,1.0,3,93053,M,,,93
201400042932,14,9,18,820,1,2,4,1.0,6,93053,M,,,93
201400042933,14,9,26,1700,1,2,4,1.0,3,93053,M,,,93
201400042934,14,10,7,735,5,2,1,2.0,6,93053,M,,,93
201400042935,14,10,7,1410,1,2,1,2.0,1,93053,M,,,93
201400042936,14,10,7,1740,1,2,3,1.0,3,93053,M,,,93
201400042937,14,10,20,950,1,2,3,1.0,2,93053,M,,,93
201400042938,14,11,1,1950,5,2,2,1.0,3,93053,M,,,93
201400042939,14,11,8,1000,1,2,1,1.0,2,93053,M,,,93
201400042940,14,11,26,1605,1,2,3,8.0,6,93053,M,,,93
201400042941,14,11,26,1600,5,2,6,2.0,6,93053,M,,,93
201400042942,14,11,26,2140,5,2,0,2.0,2,93053,M,,,93
201400042943,14,11,28,300,5,2,1,2.0,3,93053,M,,,93
201400042944,14,11,28,1630,1,2,1,1.0,6,93053,M,,,93
201400042945,14,11,28,2205,5,2,1,1.0,2,93053,M,,,93
201400042946,14,12,1,1430,1,2,3,1.0,6,93053,M,,,93
201400042947,14,12,18,1950,5,2,1,1.0,7,93053,M,,,93
201400042948,14,12,21,600,5,2,2,1.0,3,93053,M,,,93
201400042949,14,12,24,1750,5,2,0,2.0,2,93053,M,,,93
201400042950,14,12,31,855,1,2,0,1.0,3,93053,M,,,93
201400042951,14,1,4,1915,5,2,1,2.0,1,93055,M,,,93
201400042952,14,1,11,1020,1,2,1,8.0,6,93055,M,,,93
201400042953,14,1,12,2000,3,2,1,1.0,3,93055,M,,,93
201400042954,14,1,17,1900,5,2,1,8.0,3,93055,M,,,93
201400042955,14,1,21,940,1,2,1,8.0,7,93055,M,,,93
201400042956,14,1,23,1930,4,2,1,2.0,2,93055,M,,,93
201400042957,14,1,27,1420,1,2,1,1.0,6,93055,M,,,93
201400042958,14,2,3,1445,1,2,1,1.0,7,93055,M,,,93
201400042959,14,2,12,2010,5,2,1,2.0,7,93055,M,,,93
201400042960,14,2,17,1640,1,2,1,1.0,6,93055,M,,,93
201400042961,14,3,6,730,2,2,1,1.0,1,93055,M,,,93
201400042962,14,2,28,1220,1,2,1,2.0,6,93055,M,,,93
201400042963,14,3,10,1630,1,2,1,1.0,3,93055,M,,,93
201400042964,14,3,13,1700,1,2,1,1.0,6,93055,M,,,93
201400042965,14,4,8,910,1,2,1,1.0,3,93055,M,,,93
201400042966,14,4,8,1900,1,2,1,1.0,7,93055,M,,,93
201400042967,14,4,12,800,1,2,1,1.0,6,93055,M,,,93
201400042968,14,4,12,2005,3,2,1,1.0,6,93055,M,,,93
201400042969,14,5,9,1820,1,2,1,1.0,6,93055,M,,,93
201400042970,14,5,17,2245,5,2,3,1.0,3,93055,M,,,93
201400042971,14,5,19,725,1,2,1,1.0,6,93055,M,,,93
201400042972,14,5,23,1630,1,2,1,2.0,3,93055,M,,,93
201400042973,14,6,17,2010,1,2,1,1.0,6,93055,M,,,93
201400042974,14,6,9,210,5,2,3,3.0,6,93055,M,,,93
201400042975,14,6,11,900,1,2,1,1.0,6,93055,M,,,93
201400042976,14,6,18,630,2,2,1,1.0,1,93055,M,,,93
201400042977,14,6,24,1300,1,2,1,1.0,3,93055,M,,,93
201400042978,14,6,25,1300,1,2,1,1.0,6,93055,M,,,93
201400042979,14,6,28,1920,1,2,1,3.0,7,93055,M,,,93
201400042980,14,7,1,1215,1,2,1,1.0,2,93055,M,,,93
201400042981,14,7,9,2300,4,2,1,3.0,2,93055,M,,,93
201400042982,14,7,10,1300,1,2,1,2.0,7,93055,M,,,93
201400042983,14,7,11,650,1,2,1,3.0,6,93055,M,,,93
201400042984,14,7,15,1555,1,2,1,1.0,6,93055,M,,,93
201400042985,14,7,17,1005,1,2,1,1.0,6,93055,M,,,93
201400042986,14,8,4,2200,5,2,1,1.0,6,93055,M,,,93
201400042987,14,8,13,845,1,2,1,1.0,6,93055,M,,,93
201400042988,14,8,26,1725,1,2,2,1.0,3,93055,M,,,93
201400042989,14,8,27,1725,1,2,2,1.0,6,93055,M,,,93
201400042990,14,9,3,930,1,2,1,1.0,6,93055,M,,,93
201400042991,14,9,3,2320,5,2,1,1.0,6,93055,M,,,93
201400042992,14,9,4,1825,1,2,1,1.0,4,93055,M,,,93
201400042993,14,9,5,2005,5,2,3,1.0,3,93055,M,,,93
201400042994,14,9,9,900,1,2,1,1.0,2,93055,M,,,93
201400042995,14,9,10,1120,1,2,4,1.0,3,93055,M,,,93
201400042996,14,9,12,1955,2,2,1,1.0,6,93055,M,,,93
201400042997,14,9,14,245,5,2,3,1.0,3,93055,M,,,93
201400042998,14,9,16,845,1,2,1,1.0,3,93055,M,,,93
201400042999,14,9,17,930,1,2,1,1.0,3,93055,M,,,93
201400043000,14,9,24,1825,2,2,1,2.0,3,93055,M,,,93
201400043001,14,10,13,905,1,2,1,8.0,6,93055,M,,,93
201400043002,14,10,13,1330,1,2,1,1.0,3,93055,M,,,93
201400043003,14,10,19,1330,1,2,1,1.0,5,93055,M,,,93
201400043004,14,10,20,1530,1,2,1,2.0,2,93055,M,,,93
201400043005,14,10,21,1720,1,2,1,2.0,6,93055,M,,,93
201400043006,14,10,27,1930,5,2,1,1.0,6,93055,M,,,93
201400043007,14,11,8,1650,1,2,1,1.0,6,93055,M,,,93
201400043008,14,11,9,1825,5,2,1,1.0,6,93055,M,,,93
201400043009,14,11,14,1845,3,2,1,2.0,6,93055,M,,,93
201400043010,14,11,17,1705,4,2,0,2.0,6,93055,M,,,93
201400043011,14,11,18,1720,5,2,1,2.0,7,93055,M,,,93
201400043012,14,11,27,915,1,2,1,8.0,6,93055,M,,,93
201400043013,14,12,1,915,2,2,3,8.0,1,93055,M,,,93
201400043014,14,12,23,2340,5,2,0,1.0,3,93055,M,,,93
201400043015,14,12,27,1840,5,2,4,2.0,1,93055,M,,,93
201400043016,14,12,31,1745,5,2,9,1.0,3,93055,M,,,93
201400043017,14,1,3,1450,1,2,2,1.0,3,93077,M,,,93
201400043018,14,1,3,1815,5,2,2,1.0,3,93077,M,,,93
201400043019,14,1,8,720,5,2,1,1.0,6,93062,M,,,93
201400043020,14,1,8,827,1,2,2,1.0,3,93077,M,,,93
201400043021,14,1,9,1030,1,2,2,8.0,3,93062,M,,,93
201400043022,14,1,9,1450,1,2,1,2.0,6,93062,M,,,93
201400043023,14,1,9,1820,5,2,5,2.0,6,93077,M,,,93
201400043024,14,1,9,1919,5,2,3,1.0,3,93062,M,,,93
201400043025,14,1,10,805,2,2,4,5.0,3,93077,M,,,93
201400043026,14,1,16,1819,5,2,2,9.0,6,93077,M,,,93
201400043027,14,1,16,2015,5,2,1,2.0,6,93077,M,,,93
201400043028,14,1,18,2130,5,2,2,1.0,3,93077,M,,,93
201400043029,14,1,25,1210,1,2,1,1.0,2,93077,M,,,93
201400043030,14,1,27,1811,5,2,1,1.0,3,93077,M,,,93
201400043031,14,1,28,1345,1,2,1,2.0,6,93077,M,,,93
201400043032,14,1,28,1640,1,2,1,1.0,3,93077,M,,,93
201400043033,14,1,29,1840,5,2,1,1.0,6,93077,M,,,93
201400043034,14,1,30,1710,1,2,2,1.0,3,93077,M,,,93
201400043035,14,2,3,1640,1,2,1,1.0,6,93077,M,,,93
201400043036,14,2,8,2039,5,2,2,1.0,3,93062,M,,,93
201400043037,14,2,11,945,1,2,2,1.0,3,93077,M,,,93
201400043038,14,2,12,836,1,2,2,1.0,6,93062,M,,,93
201400043039,14,2,14,1935,5,2,2,1.0,3,93062,M,,,93
201400043040,14,2,18,1540,1,2,2,8.0,3,93077,M,,,93
201400043041,14,2,18,2115,5,2,1,1.0,2,93077,M,,,93
201400043042,14,2,23,1815,2,2,2,1.0,3,93077,M,,,93
201400043043,14,2,25,1455,1,2,2,2.0,3,93077,M,,,93
201400043044,14,2,28,1700,1,2,1,1.0,3,93077,M,,,93
201400043045,14,3,1,1335,1,2,1,1.0,3,93077,M,,,93
201400043046,14,3,7,1305,1,2,1,1.0,2,93077,M,,,93
201400043047,14,3,11,1700,1,2,2,1.0,3,93062,M,,,93
201400043048,14,3,14,1035,1,2,6,1.0,3,93062,M,,,93
201400043049,14,3,16,1300,1,2,2,1.0,3,93062,M,,,93
201400043050,14,3,16,1830,2,2,1,1.0,3,93077,M,,,93
201400043051,14,3,17,1525,1,1,2,1.0,3,93077,M,,,93
201400043052,14,3,18,1835,2,2,3,1.0,2,93077,M,,,93
201400043053,14,3,22,1030,1,2,1,2.0,2,93062,M,,,93
201400043054,14,3,25,1945,5,2,1,2.0,7,93077,M,,,93
201400043055,14,3,29,30,4,2,1,1.0,7,93077,M,,,93
201400043056,14,3,31,1225,1,2,1,1.0,2,93062,M,,,93
201400043057,14,4,1,1830,1,2,3,1.0,6,93077,M,,,93
201400043058,14,4,3,1445,1,2,2,1.0,3,93062,M,,,93
201400043059,14,4,9,1505,1,2,2,1.0,3,93062,M,,,93
201400043060,14,4,15,1415,1,2,2,1.0,3,93077,M,,,93
201400043061,14,4,21,1858,1,2,3,2.0,3,93077,M,,,93
201400043062,14,4,27,1545,1,2,2,1.0,3,93077,M,,,93
201400043063,14,4,29,1330,1,2,1,1.0,6,93062,M,,,93
201400043064,14,4,30,1550,1,2,3,1.0,2,93062,M,,,93
201400043065,14,5,5,815,1,2,2,1.0,6,93062,M,,,93
201400043066,14,5,15,1540,1,2,1,1.0,6,93062,M,,,93
201400043067,14,5,16,1225,1,2,2,1.0,6,93062,M,,,93
201400043068,14,5,24,530,2,2,1,1.0,6,93077,M,,,93
201400043069,14,5,28,1539,1,2,3,1.0,3,93077,M,,,93
201400043070,14,6,17,1440,1,2,1,1.0,4,93062,M,,,93
201400043071,14,6,19,1210,1,2,1,1.0,6,93062,M,,,93
201400043072,14,6,22,40,5,2,1,1.0,6,93077,M,,,93
201400043073,14,7,7,1140,1,2,1,1.0,6,93062,M,,,93
201400043074,14,7,11,2220,5,2,1,1.0,3,93077,M,,,93
201400043075,14,7,16,1130,1,2,3,1.0,3,93062,M,,,93
201400043076,14,7,22,925,1,2,1,1.0,2,93062,M,,,93
201400043077,14,7,24,1220,1,2,6,1.0,6,93062,M,,,93
201400043078,14,7,25,2255,5,2,1,1.0,7,93077,M,,,93
201400043079,14,7,26,1000,1,2,1,1.0,3,93077,M,,,93
201400043080,14,7,26,1505,1,2,1,1.0,2,93077,M,,,93
201400043081,14,7,28,2010,2,2,1,1.0,6,93062,M,,,93
201400043082,14,8,3,2300,5,2,2,1.0,3,93077,M,,,93
201400043083,14,8,4,845,1,2,7,1.0,3,93062,M,,,93
201400043084,14,8,5,2350,5,2,1,1.0,3,93077,M,,,93
201400043085,14,8,10,1705,1,2,6,2.0,7,93062,M,,,93
201400043086,14,8,25,2125,5,2,1,2.0,3,93077,M,,,93
201400043087,14,9,11,1710,1,2,7,1.0,6,93062,M,,,93
201400043088,14,9,14,2150,5,2,1,1.0,4,93077,M,,,93
201400043089,14,9,18,945,1,2,1,1.0,6,93062,M,,,93
201400043090,14,9,18,2306,5,2,2,1.0,3,93077,M,,,93
201400043091,14,9,19,1745,1,2,1,1.0,3,93077,M,,,93
201400043092,14,9,20,1035,1,2,1,1.0,6,93062,M,,,93
201400043093,14,9,25,1245,1,2,1,1.0,3,93077,M,,,93
201400043094,14,10,2,1925,1,2,1,1.0,7,93077,M,,,93
201400043095,14,10,3,930,1,2,5,1.0,3,93077,M,,,93
201400043096,14,10,7,25,5,2,1,2.0,3,93062,M,,,93
201400043097,14,10,8,725,2,2,9,2.0,3,93077,M,,,93
201400043098,14,10,11,1020,1,2,1,1.0,6,93077,M,,,93
201400043099,14,10,11,1320,1,2,1,1.0,2,93062,M,,,93
201400043100,14,10,12,1200,1,2,1,1.0,6,93062,M,,,93
201400043101,14,10,18,935,1,2,2,1.0,1,93062,M,,,93
201400043102,14,10,23,2020,5,2,5,1.0,3,93062,M,,,93
201400043103,14,11,1,200,5,2,1,1.0,6,93077,M,,,93
201400043104,14,11,3,820,1,2,3,8.0,7,93062,M,,,93
201400043105,14,11,4,845,1,2,1,1.0,3,93062,M,,,93
201400043106,14,11,4,820,1,2,1,2.0,6,93077,M,,,93
201400043107,14,11,14,800,1,2,1,1.0,6,93062,M,,,93
201400043108,14,11,20,805,1,2,2,1.0,6,93077,M,,,93
201400043109,14,11,24,950,1,2,3,2.0,3,93062,M,,,93
201400043110,14,11,25,1935,5,2,2,2.0,6,93062,M,,,93
201400043111,14,11,27,720,2,2,1,2.0,6,93077,M,,,93
201400043112,14,11,28,850,1,2,1,1.0,3,93062,M,,,93
201400043113,14,12,5,1140,1,2,3,1.0,3,93077,M,,,93
201400043114,14,12,10,2145,5,2,1,1.0,7,93077,M,,,93
201400043115,14,12,14,2235,5,2,3,5.0,3,93077,M,,,93
201400043116,14,12,22,1630,2,2,2,1.0,3,93077,M,,,93
201400043117,14,1,9,1145,1,2,1,8.0,6,93064,M,,,93
201400043118,14,1,9,1915,5,2,1,1.0,3,93064,M,,,93
201400043119,14,1,13,1025,1,2,1,9.0,6,93064,M,,,93
201400043120,14,1,17,1310,1,2,1,1.0,3,93064,M,,,93
201400043121,14,1,22,2000,5,2,2,2.0,1,93064,M,,,93
201400043122,14,1,24,800,2,2,3,8.0,6,93064,M,,,93
201400043123,14,1,27,1910,5,2,1,8.0,6,93064,M,,,93
201400043124,14,1,30,1455,1,2,1,1.0,6,93064,M,,,93
201400043125,14,2,20,2305,5,2,5,2.0,3,93064,M,,,93
201400043126,14,2,24,2100,5,2,1,1.0,3,93064,M,,,93
201400043127,14,3,18,758,1,2,2,1.0,3,93064,M,,,93
201400043128,14,3,21,1600,1,2,2,1.0,6,93064,M,,,93
201400043129,14,3,25,1320,1,2,1,2.0,6,93064,M,,,93
201400043130,14,4,5,1740,1,2,1,1.0,1,93064,M,,,93
201400043131,14,4,15,1725,1,2,1,1.0,2,93064,M,,,93
201400043132,14,4,16,1950,2,2,1,7.0,2,93064,M,,,93
201400043133,14,4,25,1200,1,2,1,2.0,6,93064,M,,,93
201400043134,14,4,30,725,1,2,1,1.0,6,93064,M,,,93
201400043135,14,4,30,1545,1,2,1,1.0,6,93064,M,,,93
201400043136,14,5,5,345,5,2,2,1.0,3,93064,M,,,93
201400043137,14,3,10,820,1,2,1,1.0,6,93064,M,,,93
201400043138,14,3,21,1610,1,2,1,1.0,6,93064,M,,,93
201400043139,14,3,24,1610,1,2,1,1.0,6,93064,M,,,93
201400043140,14,5,20,1255,1,2,1,2.0,2,93064,M,,,93
201400043141,14,5,24,1600,1,1,8,2.0,6,93064,M,,,93
201400043142,14,5,31,2210,5,2,2,1.0,1,93064,M,,,93
201400043143,14,6,6,715,1,2,2,1.0,3,93064,M,,,93
201400043144,14,6,13,1905,1,2,1,1.0,4,93064,M,,,93
201400043145,14,6,16,1605,1,2,1,1.0,2,93064,M,,,93
201400043146,14,6,21,1625,1,2,1,1.0,6,93064,M,,,93
201400043147,14,6,22,1600,1,2,1,1.0,2,93064,M,,,93
201400043148,14,6,26,830,1,2,1,1.0,3,93064,M,,,93
201400043149,14,6,30,700,1,2,1,1.0,4,93064,M,,,93
201400043150,14,7,2,1340,1,2,1,1.0,6,93064,M,,,93
201400043151,14,7,6,710,1,2,2,1.0,3,93064,M,,,93
201400043152,14,7,9,1530,1,2,1,3.0,6,93064,M,,,93
201400043153,14,7,21,834,1,2,1,1.0,6,93064,M,,,93
201400043154,14,8,2,1945,1,2,1,2.0,6,93064,M,,,93
201400043155,14,8,10,420,5,2,4,2.0,6,93064,M,,,93
201400043156,14,8,15,1210,1,2,1,1.0,6,93064,M,,,93
201400043157,14,8,20,1200,1,2,1,1.0,6,93064,M,,,93
201400043158,14,8,20,1655,1,2,1,1.0,6,93064,M,,,93
201400043159,14,9,3,1115,1,2,1,1.0,6,93064,M,,,93
201400043160,14,9,3,1745,1,2,1,1.0,6,93064,M,,,93
201400043161,14,9,9,1230,1,2,1,1.0,6,93064,M,,,93
201400043162,14,10,1,450,5,2,1,1.0,2,93064,M,,,93
201400043163,14,10,3,40,5,2,5,1.0,6,93064,M,,,93
201400043164,14,10,7,2015,5,2,2,1.0,3,93064,M,,,93
201400043165,14,10,9,1740,1,2,1,1.0,6,93064,M,,,93
201400043166,14,11,12,1600,1,2,3,1.0,6,93064,M,,,93
201400043167,14,11,19,1555,1,2,1,8.0,3,93064,M,,,93
201400043168,14,11,20,2125,5,2,1,1.0,3,93064,M,,,93
201400043169,14,11,21,1745,2,2,9,1.0,3,93064,M,,,93
201400043170,14,11,26,1240,1,2,1,2.0,6,93064,M,,,93
201400043171,14,12,3,2030,5,2,3,1.0,6,93064,M,,,93
201400043172,14,12,9,1315,1,2,1,8.0,6,93064,M,,,93
201400043173,14,12,15,1325,1,2,2,8.0,6,93064,M,,,93
201400043174,14,12,19,2200,5,2,0,1.0,1,93064,M,,,93
201400043175,14,12,20,40,5,2,0,1.0,6,93064,M,,,93
201400043176,14,12,28,350,5,2,0,6.0,6,93064,M,,,93
201400043177,14,1,2,1815,5,2,2,1.0,6,93066,M,,,93
201400043178,14,1,2,2325,5,2,1,1.0,2,93066,M,,,93
201400043179,14,1,3,1721,2,2,1,1.0,3,93001,M,,,93
201400043180,14,1,3,2230,5,2,1,1.0,3,93066,M,,,93
201400043181,14,1,5,1335,1,2,1,1.0,6,93066,M,,,93
201400043182,14,1,5,1432,1,2,8,1.0,6,93066,M,,,93
201400043183,14,1,6,1040,1,2,3,1.0,6,93066,M,,,93
201400043184,14,1,10,840,1,2,1,1.0,1,93066,M,,,93
201400043185,14,1,10,1700,1,2,1,1.0,6,93066,M,,,93
201400043186,14,1,14,1230,1,2,1,1.0,6,93066,M,,,93
201400043187,14,1,16,1800,5,2,1,2.0,2,93066,M,,,93
201400043188,14,1,18,1245,1,1,1,1.0,3,93066,M,,,93
201400043189,14,1,18,1545,1,2,4,1.0,3,93066,M,,,93
201400043190,14,1,19,545,5,2,1,2.0,5,93066,M,,,93
201400043191,14,1,25,1515,1,2,2,1.0,3,93039,M,,,93
201400043192,14,1,27,1850,5,2,1,1.0,3,93066,M,,,93
201400043193,14,1,28,950,1,2,1,1.0,3,93066,M,,,93
201400043194,14,1,29,634,5,2,3,2.0,6,93066,M,,,93
201400043195,14,1,30,1700,1,1,2,1.0,3,93066,M,,,93
201400043196,14,1,31,1630,1,2,1,1.0,6,93066,M,,,93
201400043197,14,1,31,1930,5,2,1,1.0,6,93066,M,,,93
201400043198,14,2,3,1640,1,2,1,1.0,6,93066,M,,,93
201400043199,14,2,4,1745,2,2,1,1.0,3,93066,M,,,93
201400043200,14,2,4,1915,5,2,1,1.0,6,93066,M,,,93
201400043201,14,2,5,905,1,2,1,1.0,3,93066,M,,,93
201400043202,14,2,7,1920,5,2,4,1.0,3,93066,M,,,93
201400043203,14,2,7,2050,5,2,3,1.0,3,93066,M,,,93
201400043204,14,2,9,305,5,2,1,1.0,5,93066,M,,,93
201400043205,14,2,9,1030,1,2,1,1.0,6,93039,M,,,93
201400043206,14,2,10,1440,1,2,1,1.0,3,93066,M,,,93
201400043207,14,2,10,1900,5,2,9,1.0,3,93066,M,,,93
201400043208,14,2,11,1450,1,2,4,2.0,6,93066,M,,,93
201400043209,14,2,14,915,1,2,1,2.0,6,93039,M,,,93
201400043210,14,2,14,845,1,2,3,2.0,3,93066,M,,,93
201400043211,14,2,15,2220,5,2,9,1.0,2,93066,M,,,93
201400043212,14,2,17,1845,5,2,1,1.0,6,93066,M,,,93
201400043213,14,3,1,140,5,2,7,1.0,3,93066,M,,,93
201400043214,14,3,3,630,5,2,1,2.0,2,93066,M,,,93
201400043215,14,3,3,1200,1,2,1,2.0,2,93066,M,,,93
201400043216,14,3,7,2200,5,2,1,1.0,6,93066,M,,,93
201400043217,14,3,8,530,5,2,1,1.0,3,93066,M,,,93
201400043218,14,3,8,2200,5,2,1,1.0,5,93066,M,,,93
201400043219,14,3,8,1340,1,2,1,1.0,6,93066,M,,,93
201400043220,14,3,10,1130,1,2,2,1.0,3,93066,M,,,93
201400043221,14,3,12,915,1,1,1,1.0,2,93066,M,,,93
201400043222,14,3,12,1940,5,2,1,1.0,2,93066,M,,,93
201400043223,14,3,14,410,4,2,1,1.0,6,93066,M,,,93
201400043224,14,3,14,1530,1,2,1,1.0,3,93066,M,,,93
201400043225,14,3,16,1545,1,2,1,1.0,6,93066,M,,,93
201400043226,14,3,16,2045,5,2,3,1.0,6,93066,M,,,93
201400043227,14,3,18,1050,1,2,1,1.0,3,93066,M,,,93
201400043228,14,3,19,1115,1,2,1,1.0,6,93066,M,,,93
201400043229,14,3,20,1520,1,2,2,1.0,6,93066,M,,,93
201400043230,14,3,21,855,1,2,1,2.0,2,93066,M,,,93
201400043231,14,3,22,915,1,2,1,8.0,6,93066,M,,,93
201400043232,14,3,25,1700,1,2,1,2.0,6,93066,M,,,93
201400043233,14,3,29,1530,1,2,2,1.0,3,93066,M,,,93
201400043234,14,3,29,1545,1,2,1,1.0,6,93066,M,,,93
201400043235,14,3,30,1430,1,2,1,1.0,6,93066,M,,,93