Num_Acc,an,mois,jour,hrmn,lum,agg,int,atm,col,com,gps,lat,long,dep
201400043236,14,4,2,1945,2,2,1,1.0,6,93066,M,,,93
201400043237,14,4,6,1205,1,2,1,1.0,2,93066,M,,,93
201400043238,14,4,8,1000,1,2,1,1.0,3,93066,M,,,93
201400043239,14,4,8,1900,1,2,4,1.0,6,93066,M,,,93
201400043240,14,4,9,1820,1,2,1,1.0,2,93066,M,,,93
201400043241,14,4,10,1055,1,2,1,1.0,6,93066,M,,,93
201400043242,14,4,11,700,2,2,4,1.0,3,93066,M,,,93
201400043243,14,4,14,1930,1,2,1,1.0,3,93066,M,,,93
201400043244,14,4,17,1410,1,2,1,1.0,3,93066,M,,,93
201400043245,14,4,18,1145,1,2,1,1.0,6,93066,M,,,93
201400043246,14,4,18,1715,1,2,3,1.0,3,93066,M,,,93
201400043247,14,4,20,1300,1,2,1,1.0,2,93066,M,,,93
201400043248,14,4,22,1300,1,2,1,1.0,6,93066,M,,,93
201400043249,14,4,22,1300,1,2,1,1.0,3,93066,M,,,93
201400043250,14,4,23,1900,1,2,1,1.0,2,93066,M,,,93
201400043251,14,4,26,2345,5,2,6,1.0,6,93066,M,,,93
201400043252,14,4,29,1650,1,2,1,2.0,2,93066,M,,,93
201400043253,14,4,30,1015,1,2,1,1.0,2,93066,M,,,93
201400043254,14,5,3,1945,1,2,1,1.0,6,93066,M,,,93
201400043255,14,5,5,1849,1,2,1,1.0,6,93066,M,,,93
201400043256,14,5,5,1920,1,2,1,1.0,6,93066,M,,,93
201400043257,14,5,9,2155,5,2,1,1.0,2,93066,M,,,93
201400043258,14,5,12,1550,1,2,2,2.0,3,93066,M,,,93
201400043259,14,5,12,2115,5,2,3,8.0,1,93066,M,,,93
201400043260,14,5,13,1125,1,2,3,1.0,6,93066,M,,,93
201400043261,14,5,13,1730,1,2,1,2.0,6,93066,M,,,93
201400043262,14,5,13,1730,1,2,1,1.0,2,93066,M,,,93
201400043263,14,5,13,1745,1,2,1,1.0,1,93066,M,,,93
201400043264,14,5,14,1807,1,2,1,1.0,6,93066,M,,,93
201400043265,14,5,15,2250,5,2,2,1.0,3,93066,M,,,93
201400043266,14,5,16,950,1,2,3,1.0,6,93066,M,,,93
201400043267,14,5,17,850,1,2,1,1.0,1,93066,M,,,93
201400043268,14,5,18,1945,1,2,1,1.0,4,93066,M,,,93
201400043269,14,5,23,1320,1,2,1,1.0,3,93066,M,,,93
201400043270,14,5,26,2020,1,2,1,2.0,3,93066,M,,,93
201400043271,14,5,28,1650,1,2,2,2.0,3,93066,M,,,93
201400043272,14,5,29,1115,1,2,2,1.0,5,93066,M,,,93
201400043273,14,5,30,530,2,2,2,1.0,3,93066,M,,,93
201400043274,14,6,4,1615,1,2,1,2.0,6,93039,M,,,93
201400043275,14,6,4,1735,1,2,1,2.0,2,93066,M,,,93
201400043276,14,6,4,1740,1,2,1,1.0,6,93066,M,,,93
201400043277,14,6,6,1725,1,2,1,1.0,2,93066,M,,,93
201400043278,14,6,9,635,2,2,2,2.0,1,93066,M,,,93
201400043279,14,6,9,1630,1,2,1,2.0,6,93066,M,,,93
201400043280,14,6,11,2130,5,2,1,1.0,1,93066,M,,,93
201400043281,14,6,11,2350,5,2,1,1.0,7,93066,M,,,93
201400043282,14,6,13,45,5,2,1,1.0,6,93066,M,,,93
201400043283,14,6,13,1145,1,2,1,1.0,3,93066,M,,,93
201400043284,14,6,13,1510,1,2,1,1.0,3,93066,M,,,93
201400043285,14,6,14,1500,1,2,2,1.0,3,93066,M,,,93
201400043286,14,6,15,2030,1,2,2,1.0,7,93066,M,,,93
201400043287,14,6,18,1935,1,2,1,1.0,6,93066,M,,,93
201400043288,14,6,20,2000,1,2,2,1.0,3,93066,M,,,93
201400043289,14,6,26,245,3,2,1,1.0,6,93066,M,,,93
201400043290,14,6,26,820,1,1,1,1.0,7,93066,M,,,93
201400043291,14,6,26,1745,1,2,1,1.0,1,93066,M,,,93
201400043292,14,7,1,930,1,2,1,1.0,3,93066,M,,,93
201400043293,14,7,2,900,1,2,1,1.0,3,93066,M,,,93
201400043294,14,7,3,1545,1,2,4,1.0,6,93066,M,,,93
201400043295,14,7,4,1830,1,2,3,8.0,3,93066,M,,,93
201400043296,14,7,9,1745,1,2,1,3.0,3,93066,M,,,93
201400043297,14,7,10,2255,5,2,1,1.0,5,93066,M,,,93
201400043298,14,7,16,1700,1,2,1,1.0,6,93066,M,,,93
201400043299,14,7,21,2140,5,2,1,1.0,1,93066,M,,,93
201400043300,14,7,22,2040,1,2,4,1.0,2,93039,M,,,93
201400043301,14,7,26,2100,1,2,1,1.0,6,93066,M,,,93
201400043302,14,7,22,2040,5,2,1,1.0,3,93066,M,,,93
201400043303,14,7,31,1130,1,2,1,1.0,6,93066,M,,,93
201400043304,14,8,4,1900,2,2,1,1.0,3,93066,M,,,93
201400043305,14,8,5,1610,1,2,1,1.0,3,93066,M,,,93
201400043306,14,8,12,1315,1,2,1,8.0,2,93066,M,,,93
201400043307,14,8,12,2040,1,2,1,1.0,2,93066,M,,,93
201400043308,14,8,14,1055,1,2,1,1.0,6,93066,M,,,93
201400043309,14,8,22,2245,5,2,1,2.0,6,93066,M,,,93
201400043310,14,8,23,1704,1,2,1,1.0,3,93066,M,,,93
201400043311,14,8,24,250,5,2,2,1.0,6,93066,M,,,93
201400043312,14,8,25,1700,1,2,1,2.0,2,93066,M,,,93
201400043313,14,8,26,1920,1,2,5,2.0,3,93066,M,,,93
201400043314,14,8,28,2015,1,2,1,1.0,6,93066,M,,,93
201400043315,14,8,31,430,3,2,1,9.0,6,93066,M,,,93
201400043316,14,9,4,600,3,2,1,1.0,6,93066,M,,,93
201400043317,14,9,4,1740,1,2,1,1.0,3,93066,M,,,93
201400043318,14,9,6,1820,1,2,1,1.0,6,93066,M,,,93
201400043319,14,9,7,1710,1,2,1,1.0,2,93066,M,,,93
201400043320,14,9,8,635,2,2,2,1.0,3,93066,M,,,93
201400043321,14,9,10,1110,1,2,1,1.0,1,93066,M,,,93
201400043322,14,9,6,1730,1,2,1,1.0,6,93066,M,,,93
201400043323,14,9,12,1420,1,2,1,1.0,4,93066,M,,,93
201400043324,14,9,16,1220,1,2,1,1.0,6,93066,M,,,93
201400043325,14,9,16,1730,1,2,1,1.0,2,93066,M,,,93
201400043326,14,9,19,1705,1,2,1,1.0,6,93066,M,,,93
201400043327,14,9,21,530,5,2,1,2.0,6,93066,M,,,93
201400043328,14,9,21,1620,1,2,1,1.0,3,93066,M,,,93
201400043329,14,9,22,945,1,2,1,1.0,2,93066,M,,,93
201400043330,14,9,22,1810,1,2,1,1.0,1,93039,M,,,93
201400043331,14,9,25,910,1,2,1,1.0,3,93066,M,,,93
201400043332,14,9,25,1800,1,2,9,1.0,6,93066,M,,,93
201400043333,14,9,25,1920,5,2,1,1.0,5,93066,M,,,93
201400043334,14,9,26,1600,1,2,1,1.0,1,93066,M,,,93
201400043335,14,9,27,1750,1,2,9,1.0,6,93066,M,,,93
201400043336,14,9,29,1500,1,2,1,1.0,6,93066,M,,,93
201400043337,14,9,29,1750,1,2,2,1.0,3,93066,M,,,93
201400043338,14,9,30,1540,1,2,1,1.0,3,93039,M,,,93
201400043339,14,9,30,1855,1,2,2,1.0,6,93066,M,,,93
201400043340,14,10,2,2000,5,2,1,1.0,6,93066,M,,,93
201400043341,14,10,5,700,4,2,2,1.0,3,93066,M,,,93
201400043342,14,10,6,1340,1,2,1,1.0,6,93066,M,,,93
201400043343,14,10,6,1930,5,2,2,2.0,3,93066,M,,,93
201400043344,14,10,7,800,1,2,1,8.0,3,93066,M,,,93
201400043345,14,10,7,1100,1,2,1,2.0,6,93066,M,,,93
201400043346,14,10,7,825,1,2,3,1.0,4,93066,M,,,93
201400043347,14,10,9,900,1,2,1,1.0,5,93066,M,,,93
201400043348,14,10,10,1614,1,2,1,1.0,1,93066,M,,,93
201400043349,14,10,10,1945,5,2,1,1.0,6,93066,M,,,93
201400043350,14,10,12,1935,5,2,1,2.0,2,93066,M,,,93
201400043351,14,10,14,1020,1,2,3,1.0,3,93066,M,,,93
201400043352,14,10,15,1345,1,2,1,2.0,3,93066,M,,,93
201400043353,14,10,22,1630,1,2,1,1.0,2,93066,M,,,93
201400043354,14,10,24,1145,1,2,2,1.0,3,93066,M,,,93
201400043355,14,10,29,1235,5,2,1,1.0,2,93066,M,,,93
201400043356,14,10,30,1220,1,1,1,1.0,6,93066,M,,,93
201400043357,14,10,31,800,1,1,4,1.0,3,93066,M,,,93
201400043358,14,11,1,1145,1,2,1,1.0,6,93066,M,,,93
201400043359,14,11,2,1730,5,2,5,1.0,6,93066,M,,,93
201400043360,14,10,31,2040,5,2,1,1.0,1,93066,M,,,93
201400043361,14,11,3,2100,5,2,6,3.0,3,93066,M,,,93
201400043362,14,11,4,1400,1,2,1,1.0,6,93066,M,,,93
201400043363,14,11,4,1150,1,2,1,1.0,3,93066,M,,,93
201400043364,14,11,5,1035,1,2,1,1.0,6,93066,M,,,93
201400043365,14,11,5,1745,5,2,1,1.0,3,93066,M,,,93
201400043366,14,11,7,1900,4,2,1,1.0,6,93066,M,,,93
201400043367,14,11,7,2040,4,2,1,1.0,2,93066,M,,,93
201400043368,14,11,10,1605,1,2,1,1.0,3,93066,M,,,93
201400043369,14,11,11,1235,1,2,1,1.0,6,93039,M,,,93
201400043370,14,11,11,1345,1,2,5,1.0,3,93066,M,,,93
201400043371,14,11,13,740,1,2,1,1.0,4,93039,M,,,93
201400043372,14,11,14,930,1,2,1,2.0,6,93066,M,,,93
201400043373,14,11,14,1400,1,2,5,2.0,2,93066,M,,,93
201400043374,14,11,16,350,5,2,2,1.0,3,93066,M,,,93
201400043375,14,11,19,1100,1,2,1,1.0,3,93066,M,,,93
201400043376,14,11,19,1300,1,2,2,1.0,6,93066,M,,,93
201400043377,14,11,20,735,5,2,1,8.0,3,93066,M,,,93
201400043378,14,11,21,800,1,2,1,8.0,3,93066,M,,,93
201400043379,14,11,21,1230,1,2,1,1.0,6,93066,M,,,93
201400043380,14,11,22,1310,1,2,1,9.0,4,93066,M,,,93
201400043381,14,11,23,1520,1,2,1,1.0,6,93066,M,,,93
201400043382,14,11,28,550,5,2,1,1.0,2,93066,M,,,93
201400043383,14,11,30,1545,1,2,1,1.0,3,93066,M,,,93
201400043384,14,11,29,1920,5,2,2,1.0,3,93066,M,,,93
201400043385,14,12,1,2050,5,2,2,2.0,3,93066,M,,,93
201400043386,14,12,2,550,3,2,1,8.0,2,93066,M,,,93
201400043387,14,12,7,1430,1,2,0,2.0,2,93066,M,,,93
201400043388,14,12,8,640,5,2,1,8.0,6,93066,M,,,93
201400043389,14,12,9,2000,5,2,4,1.0,2,93066,M,,,93
201400043390,14,12,11,850,1,2,3,1.0,2,93066,M,,,93
201400043391,14,12,11,1605,1,2,1,2.0,3,93066,M,,,93
201400043392,14,12,12,1340,1,2,1,2.0,6,93066,M,,,93
201400043393,14,12,12,1615,1,2,2,2.0,3,93066,M,,,93
201400043394,14,12,16,1615,1,2,8,1.0,6,93066,M,,,93
201400043395,14,12,16,1615,1,2,3,1.0,1,93066,M,,,93
201400043396,14,12,18,1900,5,2,1,2.0,3,93066,M,,,93
201400043397,14,12,18,2000,5,2,6,1.0,3,93066,M,,,93
201400043398,14,12,19,1245,1,2,1,2.0,6,93066,M,,,93
201400043399,14,12,20,2045,5,2,0,2.0,6,93066,M,,,93
201400043400,14,12,24,5,4,2,0,1.0,2,93066,M,,,93
201400043401,14,12,26,945,1,2,1,1.0,5,93066,M,,,93
201400043402,14,12,29,1910,5,2,0,2.0,6,93066,M,,,93
201400043403,14,1,1,1,5,2,6,2.0,3,93070,M,,,93
201400043404,14,1,14,810,2,2,3,2.0,1,93070,M,,,93
201400043405,14,1,16,1015,1,2,3,2.0,6,93070,M,,,93
201400043406,14,1,23,1615,1,2,1,2.0,6,93070,M,,,93
201400043407,14,1,28,930,1,2,1,2.0,3,93070,M,,,93
201400043408,14,2,1,800,2,2,1,3.0,6,93070,M,,,93
201400043409,14,2,13,1540,1,2,2,1.0,3,93070,M,,,93
201400043410,14,2,21,1910,5,2,1,1.0,6,93070,M,,,93
201400043411,14,3,1,530,5,2,3,2.0,3,93070,M,,,93
201400043412,14,3,10,1655,1,2,1,1.0,6,93070,M,,,93
201400043413,14,3,28,800,1,2,1,1.0,6,93070,M,,,93
201400043414,14,3,31,1200,1,2,1,1.0,6,93070,M,,,93
201400043415,14,3,31,1700,1,2,6,1.0,3,93070,M,,,93
201400043416,14,4,9,945,1,2,1,1.0,3,93070,M,,,93
201400043417,14,4,16,2005,1,2,1,1.0,2,93070,M,,,93
201400043418,14,4,17,1045,1,2,1,1.0,6,93070,M,,,93
201400043419,14,4,17,1735,1,2,1,1.0,3,93070,M,,,93
201400043420,14,4,24,1900,1,2,1,1.0,6,93070,M,,,93
201400043421,14,4,29,1900,2,2,1,2.0,3,93070,M,,,93
201400043422,14,4,30,600,2,2,1,1.0,6,93070,M,,,93
201400043423,14,5,5,740,1,2,1,1.0,3,93070,M,,,93
201400043424,14,5,11,1105,1,2,1,1.0,6,93070,M,,,93
201400043425,14,5,14,1415,1,2,1,1.0,5,93070,M,,,93
201400043426,14,5,15,1030,1,2,1,1.0,3,93070,M,,,93
201400043427,14,5,16,1105,1,2,1,1.0,3,93070,M,,,93
201400043428,14,5,16,1400,1,2,1,7.0,6,93070,M,,,93
201400043429,14,5,16,1700,1,2,1,1.0,3,93070,M,,,93
201400043430,14,5,18,1600,1,2,3,1.0,3,93070,M,,,93
201400043431,14,5,19,1425,1,2,1,1.0,1,93070,M,,,93
201400043432,14,5,10,955,1,2,2,1.0,3,93070,M,,,93
201400043433,14,5,20,1850,1,2,1,2.0,2,93070,M,,,93
201400043434,14,5,22,1815,1,2,1,1.0,3,93070,M,,,93
201400043435,14,5,25,2005,1,2,1,1.0,6,93070,M,,,93
201400043436,14,6,3,1915,1,2,1,1.0,3,93070,M,,,93
201400043437,14,6,5,55,5,2,1,1.0,6,93070,M,,,93
201400043438,14,6,7,1255,1,2,3,1.0,3,93070,M,,,93
201400043439,14,6,9,2100,1,2,1,1.0,3,93070,M,,,93
201400043440,14,6,11,1450,1,2,1,1.0,6,93070,M,,,93
201400043441,14,6,12,805,1,2,1,1.0,6,93070,M,,,93
201400043442,14,6,17,1305,1,2,1,1.0,5,93070,M,,,93
201400043443,14,6,17,825,1,2,1,1.0,3,93070,M,,,93
201400043444,14,6,19,830,1,2,3,1.0,3,93070,M,,,93
201400043445,14,6,18,800,1,2,1,1.0,3,93070,M,,,93
201400043446,14,6,21,2027,1,2,1,1.0,6,93070,M,,,93
201400043447,14,7,4,815,1,2,1,1.0,3,93070,M,,,93
201400043448,14,7,5,555,1,2,1,2.0,1,93070,M,,,93
201400043449,14,7,6,1030,1,2,1,2.0,6,93070,M,,,93
201400043450,14,7,7,1340,1,2,1,8.0,2,93070,M,,,93
201400043451,14,7,9,1430,1,2,1,2.0,3,93070,M,,,93
201400043452,14,7,10,1310,1,1,1,2.0,3,93070,M,,,93
201400043453,14,7,16,1240,1,2,1,1.0,3,93070,M,,,93
201400043454,14,7,16,1615,1,2,1,1.0,6,93070,M,,,93
201400043455,14,7,22,840,1,2,1,1.0,3,93070,M,,,93
201400043456,14,8,1,1500,1,2,2,1.0,6,93070,M,,,93
201400043457,14,8,20,1905,1,2,1,1.0,2,93070,M,,,93
201400043458,14,8,22,1430,1,2,1,1.0,3,93070,M,,,93
201400043459,14,8,25,2030,5,2,1,2.0,2,93070,M,,,93
201400043460,14,8,27,1515,1,2,9,8.0,2,93070,M,,,93
201400043461,14,9,1,1155,1,2,4,1.0,6,93070,M,,,93
201400043462,14,9,8,1120,1,2,1,1.0,3,93070,M,,,93
201400043463,14,9,9,1950,1,2,1,1.0,3,93070,M,,,93
201400043464,14,9,12,855,1,2,1,1.0,6,93070,M,,,93
201400043465,14,9,17,2010,2,2,1,1.0,6,93070,M,,,93
201400043466,14,9,19,1020,1,2,2,1.0,3,93070,M,,,93
201400043467,14,9,23,1840,1,2,1,1.0,1,93070,M,,,93
201400043468,14,9,25,1730,1,2,1,1.0,3,93070,M,,,93
201400043469,14,9,27,1445,1,2,1,1.0,6,93070,M,,,93
201400043470,14,10,14,1940,5,2,1,1.0,6,93070,M,,,93
201400043471,14,10,20,2025,5,2,1,1.0,6,93070,M,,,93
201400043472,14,10,20,1740,1,2,1,8.0,2,93070,M,,,93
201400043473,14,10,23,1430,1,2,1,1.0,3,93070,M,,,93
201400043474,14,10,24,830,2,2,1,1.0,3,93070,M,,,93
201400043475,14,10,24,1225,1,2,1,8.0,3,93070,M,,,93
201400043476,14,10,28,2238,5,2,1,1.0,3,93070,M,,,93
201400043477,14,10,29,935,1,2,1,1.0,6,93070,M,,,93
201400043478,14,10,30,1810,1,2,1,1.0,6,93070,M,,,93
201400043479,14,10,31,1815,2,2,1,1.0,3,93070,M,,,93
201400043480,14,11,5,1830,5,2,1,1.0,1,93070,M,,,93
201400043481,14,11,6,1640,1,2,3,1.0,3,93070,M,,,93
201400043482,14,11,8,945,1,2,1,1.0,6,93070,M,,,93
201400043483,14,11,8,1510,5,2,1,1.0,3,93070,M,,,93
201400043484,14,11,13,1900,5,2,3,1.0,2,93070,M,,,93
201400043485,14,11,14,1755,5,2,1,2.0,6,93070,M,,,93
201400043486,14,11,20,1715,5,2,1,1.0,5,93070,M,,,93
201400043487,14,11,21,1535,1,2,1,1.0,5,93070,M,,,93
201400043488,14,11,26,1115,1,2,1,1.0,6,93070,M,,,93
201400043489,14,11,28,2125,5,2,1,1.0,1,93070,M,,,93
201400043490,14,12,5,915,1,2,1,1.0,3,93070,M,,,93
201400043491,14,12,12,1345,1,2,3,2.0,1,93070,M,,,93
201400043492,14,12,12,2335,5,2,1,3.0,3,93070,M,,,93
201400043493,14,12,16,1740,4,2,1,1.0,6,93070,M,,,93
201400043494,14,12,30,1245,1,2,9,1.0,1,93070,M,,,93
201400043495,14,1,23,1150,1,2,1,1.0,7,93071,M,,,93
201400043496,14,1,23,1650,1,2,1,2.0,5,93071,M,,,93
201400043497,14,1,23,1710,1,2,1,2.0,6,93071,M,,,93
201400043498,14,3,4,1750,1,2,1,1.0,3,93071,M,,,93
201400043499,14,3,6,1435,1,2,5,1.0,3,93071,M,,,93
201400043500,14,3,8,1020,1,2,3,1.0,3,93071,M,,,93
201400043501,14,3,8,1720,1,2,1,1.0,3,93071,M,,,93
201400043502,14,5,17,1224,1,2,1,1.0,3,93071,M,,,93
201400043503,14,5,19,1745,1,2,1,1.0,6,93071,M,,,93
201400043504,14,5,23,1810,1,2,1,1.0,6,93071,M,,,93
201400043505,14,5,23,950,1,2,2,1.0,3,93071,M,,,93
201400043506,14,5,27,2345,5,2,1,1.0,2,93071,M,,,93
201400043507,14,6,6,2100,1,2,1,1.0,3,93071,M,,,93
201400043508,14,6,21,905,1,2,1,7.0,6,93071,M,,,93
201400043509,14,6,21,1550,1,2,6,1.0,2,93071,M,,,93
201400043510,14,6,25,815,1,2,2,1.0,3,93071,M,,,93
201400043511,14,6,27,1640,1,2,1,1.0,6,93071,M,,,93
201400043512,14,7,4,2020,1,2,2,1.0,3,93071,M,,,93
201400043513,14,7,9,1730,1,2,1,3.0,6,93071,M,,,93
201400043514,14,8,22,1830,1,2,3,1.0,3,93071,M,,,93
201400043515,14,8,24,2003,2,2,1,1.0,6,93071,M,,,93
201400043516,14,8,27,1850,1,2,1,1.0,6,93071,M,,,93
201400043517,14,9,13,910,1,2,1,1.0,6,93071,M,,,93
201400043518,14,9,15,930,1,2,3,1.0,3,93071,M,,,93
201400043519,14,9,19,1810,1,2,1,1.0,3,93071,M,,,93
201400043520,14,9,23,1230,1,2,1,1.0,4,93071,M,,,93
201400043521,14,9,23,1630,1,2,3,1.0,3,93071,M,,,93
201400043522,14,9,29,650,2,2,2,2.0,3,93071,M,,,93
201400043523,14,9,29,825,1,2,1,2.0,6,93071,M,,,93
201400043524,14,10,7,730,5,2,3,2.0,2,93071,M,,,93
201400043525,14,10,9,730,5,2,3,1.0,3,93071,M,,,93
201400043526,14,10,9,1600,1,2,5,1.0,3,93071,M,,,93
201400043527,14,10,10,845,1,2,2,1.0,6,93071,M,,,93
201400043528,14,10,25,1230,1,2,1,1.0,3,93071,M,,,93
201400043529,14,10,25,1635,1,2,1,1.0,6,93071,M,,,93
201400043530,14,10,27,1600,1,2,1,1.0,6,93071,M,,,93
201400043531,14,11,14,840,1,2,3,1.0,5,93071,M,,,93
201400043532,14,11,19,1900,5,2,2,1.0,6,93071,M,,,93
201400043533,14,11,21,1740,5,2,1,1.0,6,93071,M,,,93
201400043534,14,11,25,1100,1,2,3,2.0,7,93071,M,,,93
201400043535,14,11,26,2328,5,2,2,1.0,3,93071,M,,,93
201400043536,14,12,2,1839,5,2,0,2.0,3,93071,M,,,93
201400043537,14,12,5,1800,5,2,1,1.0,2,93071,M,,,93
201400043538,14,12,11,1740,5,2,0,1.0,6,93071,M,,,93
201400043539,14,12,15,1518,1,2,3,1.0,3,93071,M,,,93
201400043540,14,10,10,750,1,2,3,1.0,6,93072,M,,,93
201400043541,14,10,13,1710,1,2,2,1.0,5,93072,M,,,93
201400043542,14,10,25,1935,5,2,1,1.0,3,93072,M,,,93
201400043543,14,11,2,1835,5,2,1,1.0,3,93059,M,,,93
201400043544,14,11,2,545,5,2,1,1.0,6,93072,M,,,93
201400043545,14,11,7,830,2,2,2,2.0,3,93059,M,,,93
201400043546,14,11,25,1800,5,2,1,1.0,3,93059,M,,,93
201400043547,14,11,28,1305,1,2,1,8.0,6,93072,M,,,93
201400043548,14,12,2,930,1,2,1,1.0,3,93072,M,,,93
201400043549,14,12,12,2310,5,2,0,3.0,3,93072,M,,,93
201400043550,14,12,18,825,1,2,1,2.0,6,93072,M,,,93
201400043551,14,1,8,1100,1,2,1,1.0,3,93072,M,,,93
201400043552,14,1,8,830,1,2,1,1.0,6,93072,M,,,93
201400043553,14,1,31,1440,1,2,9,1.0,3,93059,M,,,93
201400043554,14,2,6,1710,1,2,1,1.0,3,93059,M,,,93
201400043555,14,2,5,1640,1,2,0,8.0,6,93072,M,,,93
201400043556,14,2,13,1230,1,2,2,2.0,6,93072,M,,,93
201400043557,14,3,16,2015,5,2,1,1.0,6,93072,M,,,93
201400043558,14,3,6,930,1,2,1,1.0,6,93072,M,,,93
201400043559,14,3,8,1330,1,2,1,1.0,2,93059,M,,,93
201400043560,14,4,1,830,1,2,1,1.0,6,93059,M,,,93
201400043561,14,5,10,2000,1,2,1,2.0,6,93059,M,,,93
201400043562,14,5,9,1620,1,2,1,1.0,2,93072,M,,,93
201400043563,14,6,29,1700,1,2,1,2.0,4,93059,M,,,93
201400043564,14,5,28,1005,1,2,1,1.0,6,93072,M,,,93
201400043565,14,1,6,1620,1,2,1,1.0,3,93072,M,,,93
201400043566,14,7,11,1215,1,2,1,2.0,6,93059,M,,,93
201400043567,14,7,20,730,1,1,1,2.0,6,93072,M,,,93
201400043568,14,7,24,1815,1,2,1,1.0,6,93059,M,,,93
201400043569,14,7,24,1900,1,2,1,1.0,3,93072,M,,,93
201400043570,14,8,6,2220,5,2,1,1.0,3,93072,M,,,93
201400043571,14,6,12,850,1,2,1,1.0,6,93072,M,,,93
201400043572,14,6,13,1220,1,2,1,1.0,6,93072,M,,,93
201400043573,14,6,19,740,1,2,2,1.0,6,93072,M,,,93
201400043574,14,4,21,1740,1,2,1,1.0,6,93059,M,,,93
201400043575,14,7,11,925,1,2,3,2.0,3,93072,M,,,93
201400043576,14,9,9,1510,1,2,1,1.0,7,93072,M,,,93
201400043577,14,7,21,1510,1,2,1,8.0,4,93072,M,,,93
201400043578,14,9,15,1300,1,2,3,1.0,2,93072,M,,,93
201400043579,14,8,9,1420,1,2,1,1.0,6,93059,M,,,93
201400043580,14,8,28,730,2,2,4,1.0,6,93072,M,,,93
201400043581,14,6,27,1627,1,2,2,1.0,3,93072,M,,,93
201400043582,14,1,3,2150,4,2,2,1.0,3,93073,M,,,93
201400043583,14,1,7,1900,5,2,2,8.0,3,93078,M,,,93
201400043584,14,1,19,1350,1,2,2,1.0,3,93078,M,,,93
201400043585,14,1,20,1830,3,2,1,1.0,6,93078,M,,,93
201400043586,14,1,22,1845,5,2,3,2.0,2,93078,M,,,93
201400043587,14,1,23,907,1,2,1,1.0,1,93078,M,,,93
201400043588,14,1,26,2305,5,2,9,2.0,3,93073,M,,,93
201400043589,14,1,27,1740,2,2,2,8.0,3,93073,M,,,93
201400043590,14,1,27,1825,5,2,1,2.0,2,93078,M,,,93
201400043591,14,1,29,1225,1,2,1,2.0,2,93078,M,,,93
201400043592,14,1,30,1925,5,2,1,1.0,3,93078,M,,,93
201400043593,14,1,31,1350,1,2,1,1.0,2,93073,M,,,93
201400043594,14,2,7,1515,1,2,1,1.0,2,93073,M,,,93
201400043595,14,2,12,1707,1,1,6,2.0,3,93078,M,,,93
201400043596,14,2,14,730,2,2,1,2.0,5,93078,M,,,93
201400043597,14,2,18,1650,1,2,1,1.0,6,93078,M,,,93
201400043598,14,3,4,2245,5,2,1,1.0,6,93078,M,,,93
201400043599,14,3,11,1535,1,2,1,1.0,3,93073,M,,,93
201400043600,14,3,14,1650,1,2,2,1.0,6,93073,M,,,93
201400043601,14,3,29,1930,2,2,1,1.0,7,93073,M,,,93
201400043602,14,3,29,2225,5,2,2,1.0,3,93073,M,,,93
201400043603,14,4,10,1240,1,2,1,1.0,3,93073,M,,,93
201400043604,14,4,12,1800,1,2,6,1.0,3,93078,M,,,93
201400043605,14,4,14,1830,1,2,1,1.0,6,93073,M,,,93
201400043606,14,4,20,1220,1,2,5,1.0,5,93073,M,,,93
201400043607,14,4,21,1730,1,2,1,1.0,6,93078,M,,,93
201400043608,14,5,12,1410,1,1,0,2.0,2,93078,M,,,93
201400043609,14,5,14,2205,5,2,3,1.0,1,93078,M,,,93
201400043610,14,5,15,1930,1,2,1,1.0,2,93078,M,,,93
201400043611,14,5,17,1840,1,1,6,1.0,2,93078,M,,,93
201400043612,14,5,17,1958,1,2,2,1.0,3,93078,M,,,93
201400043613,14,5,21,1245,1,2,1,2.0,1,93073,M,,,93
201400043614,14,5,25,1520,1,2,1,1.0,2,93078,M,,,93
201400043615,14,5,25,1750,1,2,1,1.0,3,93073,M,,,93
201400043616,14,6,3,1540,1,2,1,1.0,2,93078,M,,,93
201400043617,14,6,6,355,5,2,1,1.0,6,93078,M,,,93
201400043618,14,6,6,1800,1,2,1,1.0,6,93073,M,,,93
201400043619,14,6,11,1710,1,2,1,1.0,1,93078,M,,,93
201400043620,14,6,6,1515,1,2,1,1.0,6,93078,M,,,93
201400043621,14,6,13,1200,1,2,1,1.0,6,93073,M,,,93
201400043622,14,6,13,1645,1,2,1,1.0,1,93078,M,,,93
201400043623,14,6,20,1550,1,2,1,1.0,6,93078,M,,,93
201400043624,14,6,21,1645,1,2,1,1.0,6,93073,M,,,93
201400043625,14,6,23,1155,1,2,1,1.0,6,93078,M,,,93
201400043626,14,6,25,900,1,2,1,1.0,3,93073,M,,,93
201400043627,14,6,27,1410,1,2,5,1.0,3,93073,M,,,93
201400043628,14,7,6,1240,1,2,1,2.0,6,93078,M,,,93
201400043629,14,7,15,1420,1,2,2,1.0,6,93078,M,,,93
201400043630,14,7,15,1730,1,2,1,1.0,6,93073,M,,,93
201400043631,14,7,19,1500,1,2,1,1.0,3,93073,M,,,93
201400043632,14,7,20,1610,1,2,1,1.0,3,93078,M,,,93
201400043633,14,7,23,2005,1,2,2,9.0,3,93073,M,,,93
201400043634,14,8,3,1415,1,2,3,1.0,3,93078,M,,,93
201400043635,14,8,5,1840,1,2,1,1.0,6,93078,M,,,93
201400043636,14,8,12,1840,1,2,6,1.0,3,93073,M,,,93
201400043637,14,8,26,1405,1,2,1,1.0,3,93078,M,,,93
201400043638,14,8,30,1005,1,2,4,1.0,3,93078,M,,,93
201400043639,14,9,3,1515,1,2,1,1.0,2,93073,M,,,93
201400043640,14,9,17,1810,1,2,9,1.0,1,93073,M,,,93
201400043641,14,9,25,1800,1,2,1,1.0,6,93073,M,,,93