Num_Acc,an,mois,jour,hrmn,lum,agg,int,atm,col,com,gps,lat,long,dep
201400043642,14,9,27,1600,1,2,2,1.0,2,93078,M,,,93
201400043643,14,9,30,915,1,2,3,5.0,3,93078,M,,,93
201400043644,14,10,3,1650,1,2,1,1.0,6,93073,M,,,93
201400043645,14,10,13,805,1,2,1,1.0,6,93073,M,,,93
201400043646,14,10,14,1120,1,2,6,1.0,2,93078,M,,,93
201400043647,14,10,14,1415,1,2,6,1.0,2,93073,M,,,93
201400043648,14,10,18,1030,1,2,2,1.0,3,93073,M,,,93
201400043649,14,10,21,1135,1,2,6,1.0,3,93073,M,,,93
201400043650,14,10,22,1630,1,2,3,1.0,2,93078,M,,,93
201400043651,14,11,5,1800,5,2,1,2.0,2,93078,M,,,93
201400043652,14,11,12,1850,3,2,1,1.0,6,93078,M,,,93
201400043653,14,11,13,1755,5,2,1,1.0,4,93078,M,,,93
201400043654,14,11,14,2200,5,2,0,1.0,1,93078,M,,,93
201400043655,14,11,19,1810,3,2,1,1.0,4,93073,M,,,93
201400043656,14,11,21,905,1,2,2,1.0,5,93078,M,,,93
201400043657,14,11,22,1300,1,2,1,1.0,2,93078,M,,,93
201400043658,14,11,25,1340,1,2,1,1.0,6,93078,M,,,93
201400043659,14,12,4,1,5,2,1,1.0,1,93073,M,,,93
201400043660,14,12,4,1840,5,2,0,1.0,1,93078,M,,,93
201400043661,14,12,8,700,5,2,0,1.0,6,93078,M,,,93
201400043662,14,12,14,925,1,2,6,5.0,2,93078,M,,,93
201400043663,14,12,16,1110,1,2,1,1.0,6,93073,M,,,93
201400043664,14,12,16,1100,1,2,3,1.0,6,93073,M,,,93
201400043665,14,12,16,2045,5,2,0,1.0,6,93073,M,,,93
201400043666,14,12,17,830,1,2,0,3.0,6,93078,M,,,93
201400043667,14,1,3,1800,5,2,1,8.0,3,94002,M,4878920.0,242573.0,94
201400043668,14,1,21,1830,5,2,1,1.0,2,94002,M,4879400.0,242547.0,94
201400043669,14,1,24,1550,1,2,3,1.0,2,94002,M,4881470.0,241663.0,94
201400043670,14,1,28,1905,5,2,1,2.0,3,94002,M,4881100.0,241417.0,94
201400043671,14,2,13,1815,5,2,2,1.0,3,94002,M,4880110.0,242196.0,94
201400043672,14,2,14,1045,1,2,1,2.0,6,94002,M,4879480.0,242830.0,94
201400043673,14,2,20,1945,5,2,3,2.0,3,94002,M,4880940.0,241012.0,94
201400043674,14,2,20,2215,3,2,1,1.0,3,94046,M,4880420.0,243702.0,94
201400043675,14,3,5,2150,5,2,2,1.0,3,94002,M,4880020.0,242254.0,94
201400043676,14,3,17,1430,1,2,1,1.0,3,94002,M,4877870.0,242445.0,94
201400043677,14,4,21,330,5,2,3,1.0,3,94002,M,4879910.0,242437.0,94
201400043678,14,4,29,1740,1,2,2,2.0,3,94002,M,4881530.0,241500.0,94
201400043679,14,4,29,1950,2,2,3,3.0,3,94002,M,4880340.0,241314.0,94
201400043680,14,5,11,1610,1,2,2,2.0,2,94002,M,4879830.0,242051.0,94
201400043681,14,5,12,1610,1,2,2,1.0,6,94002,M,4880390.0,242315.0,94
201400043682,14,5,28,2000,2,2,1,2.0,2,94002,M,4878120.0,241902.0,94
201400043683,14,6,19,915,1,2,3,1.0,3,94002,M,4878470.0,242143.0,94
201400043684,14,7,2,1145,1,2,1,1.0,2,94002,M,4879590.0,242627.0,94
201400043685,14,7,19,2000,1,2,3,1.0,3,94002,M,4880380.0,242016.0,94
201400043686,14,7,21,1345,1,2,3,1.0,2,94002,M,4881470.0,241663.0,94
201400043687,14,7,29,1710,1,2,3,1.0,2,94002,M,4878080.0,242886.0,94
201400043688,14,8,6,1830,1,2,2,2.0,3,94002,M,4880020.0,242254.0,94
201400043689,14,8,21,1115,1,2,3,1.0,3,94002,M,4880480.0,241948.0,94
201400043690,14,8,22,1245,1,2,2,1.0,3,94002,M,4881030.0,241690.0,94
201400043691,14,8,27,1340,1,2,3,1.0,3,94002,M,4880710.0,241254.0,94
201400043692,14,9,11,1130,1,2,2,1.0,6,94002,M,4879920.0,242531.0,94
201400043693,14,9,15,1300,1,2,3,1.0,1,94002,M,4878080.0,242886.0,94
201400043694,14,9,18,820,1,2,3,1.0,6,94002,M,4879040.0,242578.0,94
201400043695,14,10,18,1335,1,2,1,1.0,6,94002,M,,,94
201400043696,14,10,22,140,5,2,1,1.0,6,94002,M,,,94
201400043697,14,11,16,2315,5,2,1,9.0,6,94002,M,,,94
201400043698,14,11,19,1420,1,2,1,1.0,6,94002,M,,,94
201400043699,14,12,1,2215,5,2,3,1.0,3,94002,M,,,94
201400043700,14,12,3,600,2,2,3,2.0,3,94002,M,,,94
201400043701,14,12,10,2110,5,2,9,2.0,6,94002,M,,,94
201400043702,14,12,14,2055,5,2,9,1.0,2,94002,M,,,94
201400043703,14,12,17,1900,5,2,1,2.0,2,94002,M,,,94
201400043704,14,12,18,800,2,2,1,1.0,6,94002,M,,,94
201400043705,14,10,2,850,1,2,1,1.0,3,94044,M,,,94
201400043706,14,10,3,1030,1,2,1,1.0,6,94004,M,,,94
201400043707,14,5,30,1845,1,2,3,1.0,6,94048,M,4873560.0,255661.0,94
201400043708,14,10,8,900,1,2,9,2.0,6,94044,M,,,94
201400043709,14,10,11,1830,2,2,1,1.0,6,94004,M,,,94
201400043710,14,12,30,1110,1,2,3,9.0,4,94071,M,,,94
201400043711,14,10,12,2105,5,2,1,1.0,6,94004,M,4875280.0,250658.0,94
201400043712,14,10,16,1800,1,2,1,1.0,3,94004,M,,,94
201400043713,14,10,18,1500,1,2,1,1.0,1,94044,M,,,94
201400043714,14,10,19,710,5,2,1,1.0,6,94070,M,,,94
201400043715,14,10,19,507,5,2,6,1.0,7,94071,M,,,94
201400043716,14,10,20,830,1,1,2,1.0,4,94048,M,4872750.0,253934.0,94
201400043717,14,10,27,1820,2,2,1,1.0,2,94044,M,,,94
201400043718,14,10,30,1540,1,2,3,1.0,3,94044,M,,,94
201400043719,14,10,31,740,1,2,3,1.0,1,94044,M,,,94
201400043720,14,1,1,440,3,2,1,8.0,6,94075,M,4872150.0,253957.0,94
201400043721,14,11,5,1935,5,2,1,1.0,1,94048,M,4872780.0,254830.0,94
201400043722,14,11,6,750,2,2,1,1.0,3,94071,M,,,94
201400043723,14,11,6,936,1,2,1,1.0,2,94047,M,,,94
201400043724,14,7,31,1430,1,2,3,1.0,7,94044,M,4874770.0,247358.0,94
201400043725,14,1,7,630,5,2,1,1.0,3,94004,M,4875290.0,250791.0,94
201400043726,14,11,9,145,5,2,3,1.0,6,94075,M,4873350.0,252114.0,94
201400043727,14,1,9,1710,2,2,3,8.0,6,94071,M,4876410.0,252565.0,94
201400043728,14,11,11,1350,1,2,3,1.0,6,94044,M,,,94
201400043729,14,1,14,1000,1,2,1,8.0,6,94071,M,4877330.0,253010.0,94
201400043730,14,1,17,2035,5,2,2,1.0,3,94004,M,4874880.0,251285.0,94
201400043731,14,1,17,2155,5,2,1,1.0,1,94004,M,4875110.0,251744.0,94
201400043732,14,11,19,1910,5,2,1,1.0,6,94071,M,,,94
201400043733,14,1,19,1225,1,2,1,1.0,6,94044,M,4874760.0,247390.0,94
201400043734,14,1,12,1235,1,2,6,1.0,1,94004,M,4875230.0,251971.0,94
201400043735,14,11,23,545,5,2,1,1.0,7,94004,M,4875590.0,250480.0,94
201400043736,14,1,23,1145,1,2,6,1.0,6,94044,M,4874230.0,249130.0,94
201400043737,14,11,25,1140,1,2,1,2.0,1,94044,M,,,94
201400043738,14,1,25,1830,5,2,2,1.0,3,94044,M,4874480.0,251175.0,94
201400043739,14,11,29,1230,1,2,1,1.0,6,94004,M,,,94
201400043740,14,11,29,1320,1,2,1,1.0,5,94071,M,,,94
201400043741,14,12,2,1850,5,2,1,2.0,3,94071,M,,,94
201400043742,14,2,3,1630,1,2,1,1.0,6,94044,M,4875090.0,249002.0,94
201400043743,14,2,6,1220,1,2,2,1.0,2,94044,M,4874480.0,251175.0,94
201400043744,14,12,5,805,2,2,1,1.0,6,94044,M,,,94
201400043745,14,12,9,2125,5,2,3,1.0,7,94071,M,,,94
201400043746,14,2,10,1720,1,2,1,1.0,6,94044,M,4874950.0,247908.0,94
201400043747,14,10,12,110,5,2,2,1.0,3,94004,M,4874690.0,251012.0,94
201400043748,14,12,10,2000,5,2,6,1.0,6,94004,M,,,94
201400043749,14,12,10,910,1,2,3,2.0,3,94075,M,,,94
201400043750,14,2,11,1735,1,2,3,2.0,3,94044,M,4874300.0,249078.0,94
201400043751,14,12,2,715,5,2,3,2.0,5,94004,M,,,94
201400043752,14,2,14,1625,1,2,3,1.0,3,94004,M,4875440.0,250600.0,94
201400043753,14,2,15,140,5,2,1,1.0,6,94075,M,4873240.0,252217.0,94
201400043754,14,12,17,715,5,2,1,3.0,6,94071,M,,,94
201400043755,14,12,17,815,5,2,1,3.0,6,94004,M,,,94
201400043756,14,12,19,1230,1,2,9,8.0,3,94004,M,,,94
201400043757,14,2,21,930,1,1,3,1.0,2,94004,M,4875440.0,250600.0,94
201400043758,14,12,21,35,3,1,1,2.0,7,94056,M,,,94
201400043759,14,12,22,1435,1,2,1,1.0,6,94044,M,,,94
201400043760,14,12,23,1310,1,2,2,2.0,7,94044,M,,,94
201400043761,14,12,24,1816,4,2,2,3.0,6,94075,M,,,94
201400043762,14,12,26,1745,2,2,2,2.0,1,94044,M,4874480.0,251175.0,94
201400043763,14,3,13,1850,5,2,1,1.0,7,94075,M,4871710.0,252721.0,94
201400043764,14,3,1,1955,5,2,2,1.0,3,94075,M,4871380.0,253767.0,94
201400043765,14,3,2,1730,1,2,4,1.0,3,94071,M,4877290.0,250091.0,94
201400043766,14,4,2,810,1,2,1,1.0,3,94004,M,4875120.0,250713.0,94
201400043767,14,3,5,1215,1,2,3,1.0,6,94044,M,4874400.0,250489.0,94
201400043768,14,3,7,1630,1,2,2,1.0,7,94075,M,4871380.0,253767.0,94
201400043769,14,3,7,1645,1,2,1,1.0,6,94071,M,4877530.0,251105.0,94
201400043770,14,3,8,1600,1,2,1,1.0,4,94070,M,4872490.0,257071.0,94
201400043771,14,11,14,1815,2,2,1,1.0,6,94071,M,,,94
201400043772,14,3,14,1600,1,2,1,1.0,6,94004,M,4875750.0,250496.0,94
201400043773,14,3,14,2100,5,2,4,1.0,3,94004,M,4875160.0,250682.0,94
201400043774,14,3,15,1000,1,2,3,1.0,3,94075,M,4872750.0,253101.0,94
201400043775,14,3,17,1800,1,2,3,1.0,3,94004,M,4874410.0,250506.0,94
201400043776,14,3,21,1800,2,2,3,1.0,6,94056,M,4869700.0,254836.0,94
201400043777,14,3,31,1510,1,2,3,1.0,3,94044,M,4874310.0,250190.0,94
201400043778,14,3,27,800,1,2,3,1.0,4,94044,M,4873960.0,249243.0,94
201400043779,14,5,24,1155,1,2,6,1.0,7,94071,M,4876350.0,253620.0,94
201400043780,14,4,8,735,1,2,4,1.0,3,94044,M,4875600.0,248378.0,94
201400043781,14,4,9,1330,1,2,2,1.0,2,94004,M,4874480.0,251175.0,94
201400043782,14,4,10,810,1,2,4,1.0,3,94071,M,4878090.0,251377.0,94
201400043783,14,10,14,924,1,2,1,1.0,7,94047,M,,,94
201400043784,14,11,21,2105,5,2,2,1.0,1,94004,M,,,94
201400043785,14,12,4,730,1,2,3,1.0,3,94075,M,,,94
201400043786,14,4,14,1025,1,2,3,1.0,6,94071,M,4877130.0,251965.0,94
201400043787,14,4,15,245,5,2,1,1.0,6,94047,M,4870920.0,254065.0,94
201400043788,14,4,22,1940,1,2,1,1.0,6,94070,M,4871910.0,256771.0,94
201400043789,14,4,25,1025,1,2,1,8.0,7,94047,M,4870480.0,253506.0,94
201400043790,14,4,25,1525,1,2,6,8.0,6,94044,M,4875140.0,249047.0,94
201400043791,14,4,28,1745,1,2,3,1.0,2,94070,M,4872500.0,257010.0,94
201400043792,14,7,16,125,5,2,6,1.0,6,94044,M,4875660.0,248331.0,94
201400043793,14,5,2,850,1,2,1,1.0,3,94004,M,4875010.0,251585.0,94
201400043794,14,5,2,950,1,2,1,1.0,2,94044,M,4874770.0,248224.0,94
201400043795,14,3,25,815,2,2,4,2.0,2,94071,M,4876430.0,252552.0,94
201400043796,14,5,7,1350,1,2,1,1.0,3,94071,M,4877470.0,251223.0,94
201400043797,14,5,18,1030,1,2,1,1.0,3,94071,M,4877490.0,251244.0,94
201400043798,14,5,19,855,1,1,2,1.0,2,94056,M,4869620.0,255411.0,94
201400043799,14,5,23,1850,2,2,3,2.0,2,94071,M,4877630.0,251127.0,94
201400043800,14,6,2,1000,1,2,1,1.0,2,94075,M,4872870.0,252841.0,94
201400043801,14,6,4,1230,1,2,1,2.0,2,94044,M,4874320.0,251300.0,94
201400043802,14,5,26,910,1,2,1,2.0,6,94004,M,4875280.0,250658.0,94
201400043803,14,6,7,240,5,2,1,1.0,6,94071,M,4876600.0,252512.0,94
201400043804,14,8,26,1740,1,2,2,1.0,3,94044,M,4875400.0,248557.0,94
201400043805,14,10,16,2200,5,2,2,3.0,3,94004,M,4874690.0,251012.0,94
201400043806,14,11,26,1245,1,2,1,2.0,6,94071,M,,,94
201400043807,14,6,12,405,5,2,1,1.0,6,94048,M,4872760.0,254068.0,94
201400043808,14,6,18,930,1,2,1,1.0,4,94004,M,4875090.0,250729.0,94
201400043809,14,6,19,1300,1,2,1,1.0,5,94075,M,4872770.0,253055.0,94
201400043810,14,6,24,750,1,2,1,1.0,6,94075,M,4872730.0,253461.0,94
201400043811,14,6,28,2343,5,2,5,2.0,6,94071,M,4877460.0,251093.0,94
201400043812,14,6,29,45,3,2,1,2.0,6,94004,M,4875610.0,250472.0,94
201400043813,14,7,2,1230,1,2,1,1.0,2,94044,M,4875200.0,248629.0,94
201400043814,14,3,17,2120,5,2,2,1.0,1,94004,M,4874690.0,251012.0,94
201400043815,14,7,4,1240,1,2,5,2.0,2,94071,M,4877460.0,251093.0,94
201400043816,14,7,5,930,1,2,1,2.0,3,94044,M,4875160.0,248654.0,94
201400043817,14,8,7,1440,1,2,3,1.0,6,94071,M,4876340.0,252607.0,94
201400043818,14,9,17,1830,1,2,1,1.0,6,94044,M,4874050.0,248462.0,94
201400043819,14,10,17,2100,3,2,6,1.0,6,94070,M,4871520.0,257465.0,94
201400043820,14,12,7,1745,5,2,7,2.0,3,94004,M,,,94
201400043821,14,7,14,1420,1,2,3,1.0,4,94004,M,4875510.0,250528.0,94
201400043822,14,7,15,825,1,2,4,1.0,1,94071,M,4877230.0,252856.0,94
201400043823,14,7,17,1945,1,2,1,1.0,6,94044,M,4875460.0,248459.0,94
201400043824,14,7,17,2000,1,2,1,1.0,6,94044,M,4875140.0,248873.0,94
201400043825,14,7,25,700,1,2,1,1.0,7,94004,M,4875620.0,250472.0,94
201400043826,14,7,25,1230,1,2,1,1.0,6,94044,M,4875720.0,247172.0,94
201400043827,14,7,26,1015,1,2,1,1.0,6,94071,M,4876740.0,253014.0,94
201400043828,14,7,26,1640,1,2,1,1.0,6,94071,M,4877030.0,251752.0,94
201400043829,14,7,29,1205,1,2,2,1.0,3,94004,M,4874480.0,251175.0,94
201400043830,14,8,7,1210,1,2,2,1.0,3,94047,M,4870260.0,254151.0,94
201400043831,14,7,18,740,1,2,2,1.0,2,94071,M,4875900.0,253009.0,94
201400043832,14,7,18,1400,1,2,6,1.0,2,94004,M,4875310.0,250360.0,94
201400043833,14,8,19,1600,1,2,1,1.0,6,94075,M,4871480.0,252721.0,94
201400043834,14,9,9,1915,1,2,2,1.0,2,94048,M,4872750.0,253934.0,94
201400043835,14,9,11,1605,1,2,2,1.0,2,94047,M,4870270.0,254485.0,94
201400043836,14,9,11,1930,2,2,3,1.0,2,94075,M,4872740.0,253583.0,94
201400043837,14,9,12,740,1,2,2,1.0,3,94044,M,4875230.0,249218.0,94
201400043838,14,12,19,1930,2,2,3,2.0,2,94071,M,,,94
201400043839,14,9,15,700,2,1,1,1.0,2,94070,M,4871980.0,256595.0,94
201400043840,14,9,23,1500,1,2,2,1.0,3,94044,M,4875400.0,248557.0,94
201400043841,14,9,25,815,1,2,3,1.0,3,94071,M,4877900.0,251179.0,94
201400043842,14,9,30,1,5,2,2,1.0,4,94048,M,4872750.0,253934.0,94
201400043843,14,1,1,2200,5,2,1,2.0,3,94017,M,4880890.0,254096.0,94
201400043844,14,1,3,1620,1,2,6,1.0,6,94017,M,4881960.0,251124.0,94
201400043845,14,1,7,1200,1,2,2,1.0,6,94017,M,4881130.0,254383.0,94
201400043846,14,1,8,815,1,2,2,1.0,3,94017,M,4881170.0,250929.0,94
201400043847,14,1,10,1545,1,2,2,1.0,6,94017,M,4881370.0,251025.0,94
201400043848,14,1,11,2350,3,2,1,5.0,4,94017,M,4880790.0,252513.0,94
201400043849,14,1,17,725,2,2,1,1.0,2,94017,M,4883090.0,249301.0,94
201400043850,14,1,18,1120,1,2,1,1.0,6,94017,M,4881220.0,251004.0,94
201400043851,14,1,18,1610,1,2,1,1.0,1,94017,M,4882250.0,249785.0,94
201400043852,14,1,20,2100,5,2,1,1.0,3,94017,M,4881660.0,253869.0,94
201400043853,14,1,22,650,5,2,1,1.0,4,94017,M,4880920.0,254738.0,94
201400043854,14,1,24,740,2,2,1,1.0,6,94017,M,4880770.0,253583.0,94
201400043855,14,1,25,905,1,2,3,1.0,6,94017,M,4882470.0,251001.0,94
201400043856,14,1,26,2100,5,2,6,8.0,3,94017,M,4880870.0,254957.0,94
201400043857,14,1,27,2135,5,2,2,2.0,3,94017,M,4882610.0,252115.0,94
201400043858,14,2,2,610,5,2,1,1.0,1,94017,M,4881070.0,254145.0,94
201400043859,14,2,2,2305,5,2,2,1.0,3,94017,M,4881370.0,251025.0,94
201400043860,14,2,3,1250,1,2,1,1.0,6,94017,M,4880550.0,255047.0,94
201400043861,14,2,4,1000,1,2,6,1.0,3,94017,M,4881120.0,253645.0,94
201400043862,14,2,4,1130,1,2,1,1.0,6,94017,M,4881570.0,248975.0,94
201400043863,14,2,8,135,5,2,2,1.0,3,94017,M,4881350.0,251128.0,94
201400043864,14,2,17,900,1,2,1,1.0,6,94017,M,4882210.0,249328.0,94
201400043865,14,2,17,1510,1,2,3,1.0,3,94017,M,4882960.0,249314.0,94
201400043866,14,2,28,900,1,2,1,2.0,6,94017,M,4881810.0,250970.0,94
201400043867,14,3,2,1620,1,2,3,1.0,6,94017,M,4881470.0,251892.0,94
201400043868,14,3,8,2030,5,2,3,1.0,3,94017,M,4881280.0,251415.0,94
201400043869,14,3,9,1840,2,2,3,1.0,6,94017,M,4881210.0,251154.0,94
201400043870,14,3,10,1750,1,2,1,1.0,6,94017,M,4881470.0,250768.0,94
201400043871,14,3,11,1430,1,2,1,1.0,6,94017,M,4881020.0,253915.0,94
201400043872,14,3,15,1050,1,2,3,1.0,6,94017,M,4882470.0,251001.0,94
201400043873,14,3,15,2005,5,2,4,1.0,4,94017,M,4881110.0,251915.0,94
201400043874,14,3,16,845,1,2,1,1.0,3,94017,M,4881770.0,250827.0,94
201400043875,14,3,18,1335,1,2,1,1.0,6,94017,M,4882760.0,249416.0,94
201400043876,14,3,19,1025,1,2,1,1.0,6,94017,M,4881750.0,250908.0,94
201400043877,14,3,19,1840,2,2,1,1.0,6,94017,M,4882620.0,250496.0,94
201400043878,14,3,19,2210,4,2,1,1.0,4,94017,M,4881250.0,251492.0,94
201400043879,14,2,20,1750,2,2,2,2.0,3,94017,M,4881170.0,253644.0,94
201400043880,14,3,21,1200,1,2,1,1.0,1,94017,M,4882160.0,249903.0,94
201400043881,14,3,22,145,5,2,1,1.0,3,94017,M,4881500.0,250666.0,94
201400043882,14,3,25,1035,1,2,1,1.0,3,94017,M,4880910.0,254817.0,94
201400043883,14,3,25,2200,5,2,1,1.0,6,94017,M,4881320.0,251251.0,94
201400043884,14,4,3,840,1,2,2,1.0,1,94017,M,4882710.0,251794.0,94
201400043885,14,4,6,1,5,2,2,1.0,3,94017,M,4882160.0,248962.0,94
201400043886,14,4,13,1910,1,2,6,1.0,2,94017,M,4881620.0,251225.0,94
201400043887,14,4,15,1635,1,2,6,1.0,3,94017,M,4881170.0,253644.0,94
201400043888,14,4,16,1800,1,2,1,1.0,6,94017,M,4880950.0,253940.0,94
201400043889,14,4,18,1720,1,2,1,1.0,1,94017,M,4881410.0,250912.0,94
201400043890,14,4,20,335,5,2,2,1.0,3,94017,M,4883060.0,249313.0,94
201400043891,14,4,22,1800,1,2,3,2.0,3,94017,M,4881400.0,248054.0,94
201400043892,14,4,23,1730,1,2,1,1.0,6,94017,M,4882350.0,250933.0,94
201400043893,14,4,26,1300,1,2,2,2.0,3,94017,M,4882350.0,251027.0,94
201400043894,14,4,29,1735,1,2,3,2.0,3,94017,M,4880510.0,254700.0,94
201400043895,14,5,3,1900,1,2,3,1.0,3,94017,M,4881490.0,249462.0,94
201400043896,14,4,30,805,1,2,1,1.0,6,94017,M,4881040.0,253646.0,94
201400043897,14,5,11,1645,1,2,2,2.0,3,94017,M,4882170.0,249883.0,94
201400043898,14,5,13,2000,1,2,1,1.0,4,94017,M,4881630.0,250134.0,94
201400043899,14,5,16,1905,1,2,2,1.0,3,94017,M,4882170.0,249883.0,94
201400043900,14,5,19,1900,1,2,2,1.0,3,94017,M,4881930.0,252699.0,94
201400043901,14,5,24,1930,1,2,4,1.0,2,94017,M,4880800.0,252491.0,94
201400043902,14,5,25,1545,1,2,3,1.0,2,94017,M,4882470.0,250001.0,94
201400043903,14,6,4,1200,1,2,6,2.0,6,94017,M,4881630.0,251180.0,94
201400043904,14,6,8,1520,1,2,2,1.0,6,94017,M,4881080.0,251020.0,94
201400043905,14,6,10,1700,1,2,1,1.0,6,94017,M,4881290.0,251392.0,94
201400043906,14,6,14,325,5,2,2,1.0,3,94017,M,4882370.0,249643.0,94
201400043907,14,6,20,835,1,2,1,1.0,3,94017,M,4881800.0,251162.0,94
201400043908,14,6,26,1525,1,2,2,1.0,3,94017,M,4882000.0,248437.0,94
201400043909,14,6,28,1020,1,2,1,1.0,6,94017,M,4881880.0,252072.0,94
201400043910,14,6,30,1500,1,2,1,1.0,6,94017,M,4881240.0,251166.0,94
201400043911,14,7,3,730,1,2,3,1.0,3,94017,M,4881930.0,252699.0,94
201400043912,14,7,6,1820,1,2,1,2.0,4,94017,M,4881040.0,253646.0,94
201400043913,14,7,18,1650,1,2,1,1.0,6,94017,M,4881320.0,251262.0,94
201400043914,14,7,20,400,5,2,3,1.0,3,94017,M,4881630.0,250200.0,94
201400043915,14,7,21,2110,1,2,2,1.0,1,94017,M,4882000.0,248437.0,94
201400043916,14,7,23,1910,1,2,1,1.0,3,94017,M,4881630.0,250166.0,94
201400043917,14,7,24,1515,1,2,1,1.0,6,94017,M,4882030.0,248478.0,94
201400043918,14,7,24,1800,1,2,3,1.0,6,94017,M,4881390.0,250965.0,94
201400043919,14,7,30,1810,1,2,1,1.0,2,94017,M,4881780.0,249436.0,94
201400043920,14,8,3,35,5,2,2,2.0,3,94017,M,4882010.0,248467.0,94
201400043921,14,8,7,230,5,1,2,1.0,2,94017,M,4882010.0,248400.0,94
201400043922,14,8,7,1130,1,2,1,2.0,3,94017,M,4881380.0,253732.0,94
201400043923,14,8,14,1845,1,2,4,1.0,2,94017,M,4882010.0,248467.0,94
201400043924,14,8,21,1710,1,2,1,1.0,4,94017,M,4881040.0,253646.0,94
201400043925,14,8,25,1850,1,2,2,1.0,6,94017,M,4881350.0,251128.0,94
201400043926,14,8,28,1400,1,2,2,1.0,3,94017,M,4881130.0,255658.0,94
201400043927,14,9,1,1305,1,2,2,1.0,3,94017,M,4883060.0,249313.0,94
201400043928,14,9,5,1105,1,2,1,1.0,3,94017,M,4881310.0,251300.0,94
201400043929,14,9,6,1840,2,2,1,1.0,3,94017,M,4882390.0,249720.0,94
201400043930,14,9,9,1700,1,2,1,1.0,6,94017,M,4880580.0,252362.0,94
201400043931,14,9,11,850,1,2,1,1.0,4,94017,M,4882720.0,251701.0,94
201400043932,14,9,12,5,4,2,1,1.0,1,94017,M,4882710.0,250790.0,94
201400043933,14,9,18,800,1,2,3,1.0,4,94017,M,4881570.0,250409.0,94
201400043934,14,9,29,855,1,2,1,1.0,3,94017,M,4881160.0,253719.0,94
201400043935,14,10,3,720,1,2,1,2.0,3,94017,M,,,94
201400043936,14,10,4,740,1,2,2,1.0,3,94017,M,,,94
201400043937,14,10,10,2120,5,2,1,1.0,6,94017,M,,,94
201400043938,14,10,16,2020,2,2,6,2.0,3,94017,M,,,94
201400043939,14,10,22,1915,5,2,1,1.0,6,94017,M,,,94
201400043940,14,10,23,1450,1,2,1,1.0,6,94017,M,,,94
201400043941,14,10,23,1700,1,2,2,1.0,3,94017,M,,,94
201400043942,14,10,25,2140,5,1,1,1.0,1,94017,M,,,94
201400043943,14,10,25,2225,5,2,1,1.0,3,94017,M,,,94
201400043944,14,10,27,1130,1,2,1,1.0,4,94017,M,,,94
201400043945,14,11,3,620,2,2,1,1.0,3,94017,M,,,94
201400043946,14,11,5,1500,1,2,1,1.0,6,94017,M,,,94
201400043947,14,11,15,1340,1,2,1,1.0,6,94017,M,,,94
201400043948,14,11,26,1040,1,2,1,1.0,2,94017,M,,,94
201400043949,14,11,27,1555,1,2,1,1.0,6,94017,M,,,94
201400043950,14,12,1,1755,2,2,2,2.0,3,94017,M,,,94
201400043951,14,12,6,1800,1,2,1,1.0,6,94017,M,,,94
201400043952,14,12,9,2130,5,2,6,1.0,6,94017,M,,,94
201400043953,14,12,10,1000,1,2,1,2.0,6,94017,M,,,94
201400043954,14,12,12,1754,5,2,2,3.0,3,94017,M,,,94
201400043955,14,12,21,1925,5,2,1,1.0,6,94017,M,,,94
201400043956,14,12,25,2100,5,2,2,1.0,3,94017,M,,,94
201400043957,14,12,28,1730,2,2,1,1.0,3,94017,M,,,94
201400043958,14,12,30,1020,1,2,1,1.0,6,94017,M,,,94
201400043959,14,1,3,1140,1,2,2,1.0,3,94018,M,4882410.0,241993.0,94
201400043960,14,1,6,923,1,2,3,2.0,1,94018,M,4882000.0,240460.0,94
201400043961,14,3,8,430,5,2,3,1.0,7,94018,M,4882480.0,241503.0,94
201400043962,14,10,31,2115,5,2,1,1.0,2,94069,M,,,94
201400043963,14,1,31,840,1,2,3,1.0,3,94018,M,4882000.0,240460.0,94
201400043964,14,2,10,1143,1,2,3,1.0,3,94018,M,4882260.0,241749.0,94
201400043965,14,2,11,1550,1,2,1,2.0,7,94018,M,4882200.0,240242.0,94
201400043966,14,2,14,1945,5,2,2,1.0,3,94069,M,4882010.0,242334.0,94
201400043967,14,3,3,1350,1,2,1,2.0,3,94069,M,4881530.0,246228.0,94
201400043968,14,3,3,1830,2,2,3,2.0,1,94018,M,4882310.0,241122.0,94
201400043969,14,3,9,1750,1,2,1,1.0,3,94018,M,4881810.0,241240.0,94
201400043970,14,3,11,2120,5,2,2,1.0,3,94018,M,4882380.0,240460.0,94
201400043971,14,3,23,210,5,2,1,1.0,3,94018,M,4882480.0,241045.0,94