Num_Acc,an,mois,jour,hrmn,lum,agg,int,atm,col,com,gps,lat,long,dep
201400043972,14,3,25,1730,1,2,2,2.0,1,94069,M,4881500.0,246302.0,94
201400043973,14,4,6,945,1,1,1,1.0,6,94069,M,4882240.0,241975.0,94
201400043974,14,4,16,1935,1,2,2,1.0,3,94069,M,4882310.0,243063.0,94
201400043975,14,4,25,710,2,2,2,3.0,3,94069,M,4881780.0,241954.0,94
201400043976,14,4,25,1800,1,2,3,1.0,2,94069,M,4881730.0,241950.0,94
201400043977,14,4,26,1510,1,2,1,2.0,6,94018,M,4881980.0,241400.0,94
201400043978,14,5,6,835,1,2,2,2.0,2,94018,M,4882100.0,240151.0,94
201400043979,14,5,12,1320,1,2,1,2.0,3,94069,M,4881610.0,246068.0,94
201400043980,14,5,16,1845,1,2,2,1.0,6,94018,M,4882510.0,240610.0,94
201400043981,14,5,23,2030,1,2,1,1.0,6,94018,M,4881840.0,241139.0,94
201400043982,14,6,3,845,1,2,2,1.0,2,94069,M,4882410.0,242286.0,94
201400043983,14,6,14,1130,1,2,2,1.0,2,94018,M,4882100.0,240129.0,94
201400043984,14,6,27,1200,1,2,1,1.0,6,94018,M,4882050.0,241958.0,94
201400043985,14,6,30,1815,1,2,1,1.0,6,94069,M,4881810.0,242168.0,94
201400043986,14,7,11,1010,1,2,3,1.0,2,94018,M,4881940.0,241146.0,94
201400043987,14,7,12,1925,1,2,1,1.0,6,94069,M,4881800.0,242732.0,94
201400043988,14,8,10,730,2,2,1,8.0,6,94018,M,4882030.0,241307.0,94
201400043989,14,9,22,1720,1,2,2,1.0,3,94069,M,4882410.0,242286.0,94
201400043990,14,9,26,1155,1,2,1,1.0,6,94018,M,4882000.0,240756.0,94
201400043991,14,9,28,1520,1,2,1,1.0,6,94069,M,4881800.0,244696.0,94
201400043992,14,10,3,810,1,2,2,1.0,6,94018,M,,,94
201400043993,14,10,3,1815,1,2,2,1.0,3,94069,M,,,94
201400043994,14,10,4,1220,1,2,1,1.0,1,94069,M,,,94
201400043995,14,10,8,1340,1,2,3,1.0,3,94018,M,,,94
201400043996,14,10,12,1245,1,2,1,1.0,4,94018,M,,,94
201400043997,14,10,13,1850,1,2,1,1.0,5,94069,M,,,94
201400043998,14,10,14,1823,1,2,1,1.0,6,94018,M,,,94
201400043999,14,10,17,830,1,2,3,8.0,3,94018,M,,,94
201400044000,14,10,21,850,1,2,3,1.0,3,94018,M,,,94
201400044001,14,10,27,930,1,2,1,8.0,2,94018,M,,,94
201400044002,14,11,3,1830,5,2,1,3.0,6,94069,M,,,94
201400044003,14,11,4,2015,5,2,3,1.0,6,94069,M,,,94
201400044004,14,11,7,1000,1,2,3,8.0,2,94018,M,,,94
201400044005,14,11,9,1703,2,2,2,8.0,1,94018,M,,,94
201400044006,14,11,11,1610,1,2,1,1.0,7,94069,M,,,94
201400044007,14,11,13,930,1,2,1,1.0,3,94069,M,,,94
201400044008,14,11,13,2325,5,2,3,1.0,3,94069,M,,,94
201400044009,14,11,16,930,1,2,2,2.0,3,94018,M,,,94
201400044010,14,11,17,1615,2,2,2,2.0,6,94018,M,,,94
201400044011,14,11,17,1845,5,2,2,2.0,3,94018,M,,,94
201400044012,14,11,18,755,2,2,1,2.0,6,94069,M,,,94
201400044013,14,12,17,2130,5,2,1,2.0,3,94018,M,,,94
201400044014,14,12,18,1745,5,2,1,1.0,6,94018,M,,,94
201400044015,14,12,23,1330,1,2,1,2.0,1,94018,M,,,94
201400044016,14,12,29,2350,5,2,6,1.0,3,94018,M,,,94
201400044017,14,1,1,107,5,2,2,2.0,3,94019,M,4880270.0,253855.0,94
201400044018,14,1,2,2215,5,2,2,1.0,3,94079,M,4883280.0,254420.0,94
201400044019,14,1,3,1450,1,2,6,1.0,6,94055,M,4879200.0,255507.0,94
201400044020,14,1,10,2130,5,2,1,1.0,3,94060,M,4879020.0,257585.0,94
201400044021,14,1,17,1020,1,2,2,1.0,6,94059,M,4880510.0,257228.0,94
201400044022,14,1,23,1748,5,2,3,3.0,3,94019,M,4879630.0,253349.0,94
201400044023,14,1,25,1750,5,2,1,1.0,6,94017,M,4880570.0,255407.0,94
201400044024,14,1,30,1625,1,2,1,1.0,6,94079,M,4883100.0,254794.0,94
201400044025,14,1,30,1835,5,2,3,1.0,6,94055,M,4878730.0,254399.0,94
201400044026,14,1,31,940,2,2,1,5.0,2,94019,M,4880290.0,253803.0,94
201400044027,14,1,31,1605,1,2,2,1.0,3,94079,M,4882920.0,254691.0,94
201400044028,14,2,2,1000,1,2,6,1.0,3,94059,M,4881610.0,256187.0,94
201400044029,14,2,8,2005,5,2,3,2.0,3,94055,M,4878130.0,252979.0,94
201400044030,14,2,9,2155,5,2,3,1.0,3,94060,M,4878860.0,257524.0,94
201400044031,14,2,10,1930,5,2,3,1.0,2,94079,M,4883320.0,253542.0,94
201400044032,14,2,16,845,1,2,4,1.0,1,94019,M,4880170.0,254012.0,94
201400044033,14,3,6,1910,5,2,1,1.0,2,94055,M,4879350.0,255466.0,94
201400044034,14,3,9,1215,1,2,1,1.0,2,94059,M,4880660.0,257467.0,94
201400044035,14,3,9,1645,1,2,3,1.0,3,94055,M,4878080.0,252588.0,94
201400044036,14,3,10,905,1,2,2,1.0,6,94079,M,4882740.0,254230.0,94
201400044037,14,3,13,1200,1,2,2,7.0,6,94079,M,4883000.0,254485.0,94
201400044038,14,3,14,1855,5,2,6,1.0,6,94019,M,4878680.0,253059.0,94
201400044039,14,3,15,1205,1,2,1,1.0,3,94059,M,4880440.0,258926.0,94
201400044040,14,3,23,2215,5,2,2,1.0,3,94060,M,4878190.0,257019.0,94
201400044041,14,3,27,2135,5,2,3,1.0,3,94055,M,4878650.0,253077.0,94
201400044042,14,3,28,1955,5,2,2,1.0,3,94079,M,4882550.0,253523.0,94
201400044043,14,4,4,650,3,2,6,1.0,3,94079,M,4882350.0,254491.0,94
201400044044,14,4,4,1705,1,2,1,8.0,6,94060,M,4878020.0,257685.0,94
201400044045,14,4,14,1710,1,2,6,1.0,3,94019,M,4879370.0,255914.0,94
201400044046,14,4,19,1945,1,2,3,1.0,3,94079,M,4882900.0,255517.0,94
201400044047,14,4,22,1710,1,2,1,3.0,3,94055,M,4879050.0,253425.0,94
201400044048,14,5,9,1510,1,1,1,1.0,5,94053,M,4878120.0,256346.0,94
201400044049,14,4,26,2035,5,2,3,2.0,4,94060,M,4877970.0,258045.0,94
201400044050,14,5,10,250,5,2,2,1.0,3,94019,M,4880270.0,253855.0,94
201400044051,14,5,16,2035,2,2,4,1.0,1,94019,M,4878760.0,252065.0,94
201400044052,14,5,22,1813,1,2,3,1.0,4,94019,M,4879890.0,255895.0,94
201400044053,14,5,26,1505,1,2,2,2.0,3,94079,M,4883230.0,254490.0,94
201400044054,14,5,26,1630,1,1,1,2.0,2,94060,M,4878160.0,256768.0,94
201400044055,14,5,26,1730,1,2,1,1.0,4,94055,M,4879290.0,255391.0,94
201400044056,14,5,31,1620,1,2,3,1.0,6,94019,M,4879830.0,255373.0,94
201400044057,14,6,6,1815,1,2,2,1.0,3,94079,M,4882930.0,255088.0,94
201400044058,14,6,11,1915,1,2,3,1.0,3,94059,M,4881350.0,257206.0,94
201400044059,14,6,12,1210,1,2,2,1.0,6,94019,M,4880520.0,253205.0,94
201400044060,14,6,13,1910,1,2,1,1.0,3,94079,M,4882280.0,255007.0,94
201400044061,14,6,13,1930,1,2,2,1.0,3,94079,M,4882280.0,255958.0,94
201400044062,14,6,14,1200,1,2,3,1.0,2,94079,M,4882500.0,254068.0,94
201400044063,14,6,21,1030,1,2,1,1.0,1,94079,M,4882350.0,255322.0,94
201400044064,14,6,21,1130,1,2,2,1.0,3,94055,M,4879070.0,254916.0,94
201400044065,14,6,22,1945,1,2,2,1.0,3,94079,M,4883500.0,254715.0,94
201400044066,14,6,25,1700,1,2,6,1.0,3,94019,M,4880520.0,253205.0,94
201400044067,14,6,29,100,5,2,1,2.0,1,94060,M,4878040.0,257572.0,94
201400044068,14,7,3,2045,2,2,1,1.0,6,94019,M,4880510.0,253439.0,94
201400044069,14,7,4,1747,1,2,3,1.0,3,94055,M,4878090.0,252418.0,94
201400044070,14,7,6,1140,1,1,1,3.0,6,94060,M,4877890.0,258494.0,94
201400044071,14,7,19,1205,1,2,3,1.0,3,94055,M,4878470.0,252785.0,94
201400044072,14,7,25,1915,1,2,1,1.0,4,94019,M,4879540.0,252898.0,94
201400044073,14,7,28,1725,1,2,3,1.0,3,94019,M,4879700.0,253357.0,94
201400044074,14,8,7,1910,2,2,3,1.0,2,94053,M,4877680.0,255106.0,94
201400044075,14,8,8,2000,1,2,3,2.0,6,94079,M,4883100.0,254052.0,94
201400044076,14,8,11,1505,1,2,2,1.0,3,94059,M,4881810.0,255838.0,94
201400044077,14,8,13,155,5,2,1,1.0,6,94055,M,4878480.0,253808.0,94
201400044078,14,8,27,920,1,2,5,1.0,3,94059,M,4880840.0,257754.0,94
201400044079,14,8,28,1900,1,1,1,1.0,5,94053,M,4877920.0,255699.0,94
201400044080,14,8,29,2200,5,2,2,1.0,2,94079,M,4883280.0,254420.0,94
201400044081,14,8,30,1800,1,2,1,1.0,6,94079,M,4882300.0,254917.0,94
201400044082,14,9,4,840,1,2,3,1.0,3,94055,M,4878090.0,251956.0,94
201400044083,14,9,10,2110,5,2,2,1.0,3,94060,M,4878000.0,257810.0,94
201400044084,14,9,12,1820,1,2,6,1.0,3,94019,M,4879910.0,254084.0,94
201400044085,14,9,19,735,1,2,2,1.0,3,94055,M,4879060.0,255007.0,94
201400044086,14,9,26,1650,1,2,1,1.0,3,94060,M,4879360.0,256661.0,94
201400044087,14,10,2,1150,1,2,1,1.0,3,94079,M,,,94
201400044088,14,10,2,1400,1,2,4,1.0,3,94059,M,,,94
201400044089,14,10,3,1225,1,2,1,1.0,6,94079,M,,,94
201400044090,14,10,13,1600,1,2,1,1.0,3,94019,M,,,94
201400044091,14,10,14,1800,1,2,2,1.0,6,94079,M,,,94
201400044092,14,10,16,1330,1,2,1,8.0,6,94053,M,,,94
201400044093,14,10,18,1924,5,2,1,1.0,6,94019,M,,,94
201400044094,14,10,21,655,2,2,2,1.0,1,94055,M,,,94
201400044095,14,11,1,615,1,2,2,1.0,3,94060,M,,,94
201400044096,14,11,4,900,1,2,2,8.0,6,94019,M,,,94
201400044097,14,11,4,1550,1,2,1,1.0,2,94060,M,,,94
201400044098,14,11,15,2335,5,2,1,1.0,7,94060,M,,,94
201400044099,14,11,16,1150,1,2,1,2.0,6,94059,M,,,94
201400044100,14,11,12,1115,1,2,1,1.0,2,94053,M,,,94
201400044101,14,11,13,1800,2,2,5,1.0,3,94019,M,,,94
201400044102,14,11,13,2115,5,2,5,1.0,3,94060,M,,,94
201400044103,14,11,16,1730,2,2,1,9.0,6,94019,M,,,94
201400044104,14,11,20,800,1,2,1,1.0,6,94079,M,,,94
201400044105,14,11,26,1700,2,2,1,1.0,6,94019,M,,,94
201400044106,14,11,26,1905,2,2,6,2.0,6,94079,M,,,94
201400044107,14,11,28,1000,1,2,1,1.0,6,94019,M,,,94
201400044108,14,11,30,1330,1,2,1,1.0,6,94019,M,,,94
201400044109,14,11,23,1000,1,2,1,1.0,1,94055,M,,,94
201400044110,14,11,5,815,1,2,2,1.0,6,94019,M,,,94
201400044111,14,12,5,1400,1,2,1,1.0,6,94079,M,,,94
201400044112,14,12,5,1410,1,2,1,1.0,6,94019,M,,,94
201400044113,14,12,10,1750,2,2,1,2.0,6,94079,M,,,94
201400044114,14,12,11,630,5,2,2,8.0,3,94079,M,,,94
201400044115,14,12,12,1800,5,2,3,2.0,6,94055,M,,,94
201400044116,14,12,13,1200,1,2,1,2.0,6,94079,M,,,94
201400044117,14,12,16,1210,1,2,1,8.0,6,94079,M,,,94
201400044118,14,12,18,1115,1,2,1,2.0,6,94079,M,,,94
201400044119,14,12,20,1710,2,2,1,2.0,5,94055,M,,,94
201400044120,14,12,26,2010,5,2,1,2.0,2,94055,M,,,94
201400044121,14,12,24,1810,5,2,5,2.0,6,94060,M,,,94
201400044122,14,4,18,2310,5,2,2,1.0,5,94054,M,4874510.0,238857.0,94
201400044123,14,4,19,700,1,2,1,1.0,6,94022,M,4875890.0,242334.0,94
201400044124,14,12,30,1120,1,2,1,1.0,2,94022,M,,,94
201400044125,14,4,20,1850,1,2,6,1.0,3,94022,M,4876130.0,240324.0,94
201400044126,14,2,11,1632,1,2,3,2.0,3,94054,M,4874020.0,238877.0,94
201400044127,14,1,6,1150,1,2,1,1.0,6,94022,M,4876380.0,242154.0,94
201400044128,14,4,24,315,5,2,2,1.0,6,94022,M,4876870.0,242064.0,94
201400044129,14,4,25,1255,1,2,3,2.0,6,94022,M,4876150.0,241123.0,94
201400044130,14,4,26,1310,1,1,3,2.0,3,94054,M,4874760.0,238928.0,94
201400044131,14,8,16,1330,1,2,3,1.0,6,94073,M,4877280.0,240001.0,94
201400044132,14,12,10,750,2,2,2,2.0,6,94054,M,,,94
201400044133,14,12,10,1810,3,2,1,2.0,2,94054,M,,,94
201400044134,14,1,13,1900,5,2,1,2.0,4,94073,M,4876740.0,240349.0,94
201400044135,14,12,11,1630,2,2,9,2.0,6,94022,M,,,94
201400044136,14,1,17,735,2,2,2,1.0,3,94022,M,4875760.0,240998.0,94
201400044137,14,5,22,1500,1,2,2,1.0,3,94022,M,4876870.0,242064.0,94
201400044138,14,5,4,1330,1,2,1,1.0,6,94022,M,4876690.0,241545.0,94
201400044139,14,4,13,100,5,2,1,1.0,2,94022,M,4876840.0,241382.0,94
201400044140,14,8,26,1540,1,2,1,1.0,6,94054,M,4874460.0,240815.0,94
201400044141,14,12,17,1915,5,2,1,2.0,3,94022,M,,,94
201400044142,14,6,20,1952,1,2,5,1.0,6,94054,M,4874490.0,240764.0,94
201400044143,14,5,6,1705,1,2,6,1.0,6,94054,M,4874470.0,240753.0,94
201400044144,14,5,7,1635,1,2,2,2.0,3,94054,M,4874950.0,238923.0,94
201400044145,14,1,22,1230,1,2,2,1.0,6,94022,M,4876930.0,242225.0,94
201400044146,14,12,20,655,5,2,2,1.0,3,94022,M,,,94
201400044147,14,1,22,1745,5,2,1,2.0,6,94022,M,4876520.0,243297.0,94
201400044148,14,1,23,900,1,2,3,1.0,6,94022,M,4876350.0,240313.0,94
201400044149,14,12,22,730,2,2,3,1.0,3,94022,M,,,94
201400044150,14,8,1,1857,1,2,3,1.0,3,94022,M,4875810.0,241168.0,94
201400044151,14,8,6,2215,5,2,3,9.0,6,94022,M,4876110.0,241697.0,94
201400044152,14,12,25,645,5,2,1,1.0,3,94022,M,,,94
201400044153,14,5,6,1925,1,2,2,1.0,6,94022,M,4875490.0,241155.0,94
201400044154,14,9,4,855,1,2,1,1.0,6,94022,M,4876340.0,240186.0,94
201400044155,14,12,28,930,1,2,1,1.0,7,94054,M,,,94
201400044156,14,9,15,1145,1,2,1,1.0,6,94022,M,4877050.0,242666.0,94
201400044157,14,12,28,1710,5,2,2,1.0,3,94022,M,,,94
201400044158,14,9,5,1130,1,2,3,1.0,6,94022,M,4877210.0,240666.0,94
201400044159,14,9,5,1925,1,2,3,1.0,3,94022,M,4876130.0,240324.0,94
201400044160,14,12,29,2000,5,2,3,2.0,1,94054,M,,,94
201400044161,14,9,26,945,1,2,2,1.0,3,94022,M,4877150.0,240905.0,94
201400044162,14,9,27,1220,1,1,2,1.0,2,94073,M,4877270.0,240008.0,94
201400044163,14,5,16,1530,1,2,1,1.0,3,94054,M,4874970.0,240395.0,94
201400044164,14,5,17,1525,1,2,1,1.0,6,94054,M,4875050.0,241376.0,94
201400044165,14,10,23,1200,1,2,2,8.0,3,94054,M,,,94
201400044166,14,5,20,1525,1,2,6,2.0,6,94054,M,4874490.0,240764.0,94
201400044167,14,12,1,545,5,2,1,2.0,6,94022,M,,,94
201400044168,14,2,7,1210,1,2,3,1.0,6,94022,M,4876640.0,240407.0,94
201400044169,14,5,27,1728,1,2,1,1.0,6,94022,M,4876780.0,241667.0,94
201400044170,14,9,19,1845,1,2,1,1.0,3,94022,M,4876470.0,240515.0,94
201400044171,14,2,16,1250,1,2,1,1.0,3,94022,M,4877420.0,239903.0,94
201400044172,14,9,25,1215,1,2,1,1.0,6,94022,M,4876740.0,241643.0,94
201400044173,14,2,20,2110,5,2,2,1.0,3,94073,M,4877280.0,240001.0,94
201400044174,14,10,1,1630,1,2,1,1.0,4,94022,M,,,94
201400044175,14,10,1,1705,1,2,3,1.0,3,94022,M,,,94
201400044176,14,2,24,850,1,2,3,1.0,2,94054,M,4874620.0,238251.0,94
201400044177,14,6,10,1910,1,2,2,1.0,6,94022,M,4876440.0,240536.0,94
201400044178,14,10,3,1300,1,2,1,1.0,6,94022,M,,,94
201400044179,14,10,4,1600,1,2,1,1.0,5,94022,M,,,94
201400044180,14,2,27,1535,1,1,2,3.0,2,94022,M,4877340.0,240927.0,94
201400044181,14,2,28,1025,1,2,3,8.0,2,94073,M,4877280.0,240001.0,94
201400044182,14,10,8,2200,5,2,3,3.0,3,94054,M,,,94
201400044183,14,2,11,1536,1,2,2,1.0,6,94022,M,4876440.0,240536.0,94
201400044184,14,6,17,1400,1,2,3,1.0,3,94022,M,4876240.0,240668.0,94
201400044185,14,10,10,1320,1,2,3,1.0,1,94054,M,,,94
201400044186,14,10,11,1230,1,2,1,8.0,6,94054,M,,,94
201400044187,14,3,5,1615,1,2,2,1.0,3,94078,M,4873300.0,245064.0,94
201400044188,14,3,7,1145,1,2,3,1.0,3,94054,M,4874620.0,241311.0,94
201400044189,14,10,14,1748,1,2,1,1.0,7,94022,M,,,94
201400044190,14,6,21,1625,1,2,3,1.0,6,94022,M,4876440.0,240996.0,94
201400044191,14,6,22,2100,1,2,1,1.0,3,94054,M,4874570.0,241048.0,94
201400044192,14,10,16,905,1,2,2,1.0,3,94022,M,,,94
201400044193,14,3,8,2050,5,2,6,1.0,3,94054,M,4874490.0,240787.0,94
201400044194,14,6,23,1800,1,2,3,1.0,3,94054,M,4874680.0,240713.0,94
201400044195,14,3,11,1645,1,2,2,1.0,6,94022,M,4876460.0,240984.0,94
201400044196,14,10,20,2033,3,1,1,8.0,3,94022,M,,,94
201400044197,14,3,16,1354,1,2,2,1.0,3,94022,M,4877420.0,241535.0,94
201400044198,14,7,2,1720,1,2,2,1.0,6,94054,M,4874760.0,241784.0,94
201400044199,14,3,19,830,1,2,3,1.0,6,94022,M,4876550.0,240925.0,94
201400044200,14,7,3,2055,1,2,1,1.0,3,94073,M,4875880.0,240394.0,94
201400044201,14,7,7,1913,1,2,1,2.0,3,94022,M,4876980.0,240882.0,94
201400044202,14,3,23,2040,5,2,1,1.0,3,94054,M,4875040.0,240626.0,94
201400044203,14,11,6,1030,1,2,1,1.0,3,94022,M,,,94
201400044204,14,11,7,1200,1,2,1,1.0,3,94022,M,,,94
201400044205,14,11,12,1745,4,2,2,1.0,3,94054,M,,,94
201400044206,14,7,22,815,1,2,1,1.0,3,94054,M,4874430.0,240067.0,94
201400044207,14,11,15,950,1,2,3,2.0,6,94054,M,,,94
201400044208,14,7,26,1755,1,2,1,1.0,6,94022,M,4877090.0,240297.0,94
201400044209,14,4,14,1425,1,2,1,1.0,2,94022,M,4876960.0,240881.0,94
201400044210,14,8,1,1200,1,2,2,1.0,6,94022,M,4876790.0,241737.0,94
201400044211,14,1,2,1405,1,2,3,1.0,3,94028,M,4879310.0,245009.0,94
201400044212,14,1,14,2006,5,2,2,1.0,6,94028,M,4879640.0,245763.0,94
201400044213,14,1,13,800,5,2,2,1.0,6,94028,M,4879070.0,246289.0,94
201400044214,14,1,15,650,5,2,3,1.0,2,94028,M,4880510.0,246646.0,94
201400044215,14,1,19,1105,1,2,1,1.0,6,94028,M,4877510.0,243983.0,94
201400044216,14,1,21,1530,1,2,1,1.0,3,94011,M,4876240.0,247570.0,94
201400044217,14,1,22,1740,5,2,1,1.0,6,94028,M,4876630.0,247405.0,94
201400044218,14,1,27,1550,1,2,1,1.0,6,94011,M,4876800.0,248550.0,94
201400044219,14,2,3,855,1,2,1,1.0,5,94028,M,4877010.0,246227.0,94
201400044220,14,2,1,2240,5,2,1,1.0,6,94028,M,4878340.0,244697.0,94
201400044221,14,2,6,845,1,2,1,1.0,2,94011,M,4876130.0,249681.0,94
201400044222,14,2,8,1155,1,2,3,2.0,6,94028,M,4879760.0,246400.0,94
201400044223,14,2,8,1525,1,2,3,1.0,6,94028,M,4879980.0,245218.0,94
201400044224,14,2,8,1730,2,2,3,1.0,6,94011,M,4876620.0,248998.0,94
201400044225,14,2,11,2110,3,2,3,1.0,7,94028,M,4880010.0,245581.0,94
201400044226,14,2,12,1915,5,2,3,2.0,6,94028,M,4878540.0,245282.0,94
201400044227,14,2,14,745,5,2,1,1.0,3,94011,M,4876000.0,248017.0,94
201400044228,14,2,14,1425,1,2,2,1.0,1,94028,M,4878780.0,246212.0,94
201400044229,14,2,19,1115,1,2,5,1.0,2,94028,M,4879940.0,245092.0,94
201400044230,14,2,25,915,1,2,1,1.0,2,94028,M,4879760.0,245825.0,94
201400044231,14,2,25,1150,1,2,1,2.0,6,94028,M,4877820.0,246475.0,94
201400044232,14,2,25,2215,5,2,4,1.0,3,94011,M,4877580.0,248012.0,94
201400044233,14,2,26,1830,5,2,2,1.0,3,94028,M,4876810.0,247283.0,94
201400044234,14,2,27,1105,1,2,1,2.0,2,94011,M,4876780.0,248833.0,94
201400044235,14,3,3,1330,1,2,1,2.0,5,94074,M,4876510.0,246343.0,94
201400044236,14,2,27,1720,2,2,1,2.0,3,94028,M,4879910.0,245290.0,94
201400044237,14,3,12,1810,1,2,1,1.0,2,94028,M,4877840.0,245829.0,94
201400044238,14,3,14,1630,1,2,1,1.0,6,94028,M,4878380.0,245984.0,94
201400044239,14,3,18,800,1,2,2,1.0,6,94028,M,4877790.0,246676.0,94
201400044240,14,3,17,1055,1,2,2,1.0,3,94068,M,4879210.0,249709.0,94
201400044241,14,3,20,920,1,2,3,1.0,3,94028,M,4879040.0,246340.0,94
201400044242,14,3,24,340,5,2,3,1.0,6,94028,M,4879900.0,245343.0,94
201400044243,14,3,21,1710,1,2,3,1.0,3,94028,M,4878400.0,245172.0,94
201400044244,14,3,22,1645,1,2,3,1.0,3,94028,M,4876950.0,246032.0,94
201400044245,14,3,25,1145,1,2,1,1.0,2,94028,M,4879750.0,245627.0,94
201400044246,14,3,26,1130,1,2,1,1.0,3,94028,M,4877860.0,245793.0,94
201400044247,14,3,29,1640,1,2,6,1.0,2,94011,M,4876820.0,248795.0,94
201400044248,14,3,30,2345,5,2,6,1.0,7,94028,M,4877460.0,243934.0,94
201400044249,14,3,31,1340,1,2,1,1.0,6,94028,M,4878750.0,245070.0,94
201400044250,14,4,3,855,1,1,3,1.0,6,94028,M,4880170.0,244864.0,94
201400044251,14,4,3,1340,1,2,1,1.0,6,94028,M,4877180.0,246006.0,94
201400044252,14,4,6,1520,1,2,1,1.0,6,94028,M,4878250.0,244633.0,94
201400044253,14,4,9,1445,1,2,1,1.0,1,94028,M,4879800.0,246455.0,94
201400044254,14,4,11,1240,1,2,1,1.0,6,94028,M,4878980.0,245255.0,94
201400044255,14,4,16,1730,1,2,2,1.0,3,94011,M,4876680.0,248421.0,94
201400044256,14,4,15,820,1,2,1,7.0,6,94011,M,4876750.0,248561.0,94
201400044257,14,4,15,850,1,2,2,1.0,2,94011,M,4878230.0,249514.0,94
201400044258,14,4,15,1030,1,2,1,1.0,6,94028,M,4878010.0,246624.0,94
201400044259,14,4,19,1200,1,2,2,1.0,4,94011,M,4876850.0,248811.0,94
201400044260,14,4,19,530,5,2,3,1.0,6,94028,M,4879900.0,245343.0,94
201400044261,14,4,23,1555,1,2,3,1.0,1,94011,M,4877310.0,249053.0,94
201400044262,14,4,25,1250,1,2,1,1.0,6,94028,M,4878950.0,246126.0,94
201400044263,14,4,27,1615,1,2,6,1.0,6,94011,M,4876300.0,247949.0,94
201400044264,14,4,26,1930,1,2,1,1.0,2,94011,M,4875850.0,248147.0,94
201400044265,14,5,7,1230,1,2,1,1.0,6,94028,M,4877380.0,246326.0,94
201400044266,14,5,9,1640,1,2,1,1.0,5,94028,M,4880160.0,244876.0,94
201400044267,14,5,16,1740,1,2,3,1.0,2,94028,M,4879130.0,246041.0,94
201400044268,14,5,17,1440,1,2,3,1.0,2,94028,M,4879470.0,245970.0,94
201400044269,14,5,18,1940,1,2,1,1.0,6,94028,M,4878070.0,244556.0,94
201400044270,14,5,23,645,1,2,3,1.0,6,94028,M,4877300.0,243482.0,94
201400044271,14,5,7,820,1,2,1,1.0,2,94028,M,4878380.0,244709.0,94
201400044272,14,5,27,805,1,2,6,1.0,3,94028,M,4877460.0,243934.0,94
201400044273,14,6,1,1750,1,2,2,1.0,3,94011,M,4878230.0,249514.0,94
201400044274,14,6,3,2145,3,2,1,1.0,6,94011,M,4878020.0,249307.0,94
201400044275,14,6,1,1520,1,2,3,1.0,2,94011,M,4877020.0,247616.0,94
201400044276,14,6,4,1330,1,2,1,1.0,2,94028,M,4878940.0,244375.0,94
201400044277,14,6,7,2240,5,2,1,1.0,6,94028,M,4877770.0,244186.0,94
201400044278,14,6,10,815,1,2,1,1.0,2,94028,M,4877240.0,243990.0,94
201400044279,14,6,12,1815,1,2,3,1.0,3,94028,M,4878770.0,245059.0,94
201400044280,14,6,12,1200,1,2,1,1.0,3,94028,M,4878460.0,244815.0,94
201400044281,14,6,12,1155,1,2,1,1.0,6,94028,M,4877260.0,243371.0,94
201400044282,14,6,12,930,1,2,2,1.0,6,94028,M,4877300.0,243498.0,94
201400044283,14,6,13,1320,1,2,1,1.0,2,94028,M,4878330.0,245295.0,94
201400044284,14,6,13,1136,1,2,1,1.0,2,94028,M,4880560.0,245882.0,94
201400044285,14,6,22,1850,1,2,3,1.0,2,94011,M,4877310.0,249053.0,94
201400044286,14,6,23,910,1,2,2,1.0,6,94028,M,4879380.0,246114.0,94
201400044287,14,6,23,1745,1,2,3,1.0,2,94028,M,4879740.0,246428.0,94
201400044288,14,6,20,1715,1,2,1,1.0,2,94028,M,4877940.0,243138.0,94
201400044289,14,6,24,1445,1,2,1,1.0,5,94011,M,4876170.0,249594.0,94
201400044290,14,6,25,1610,1,2,1,1.0,2,94068,M,4878440.0,249520.0,94
201400044291,14,6,25,1240,1,2,1,1.0,6,94028,M,4878940.0,244536.0,94
201400044292,14,6,25,2240,3,2,2,1.0,3,94028,M,4879160.0,246199.0,94
201400044293,14,6,26,920,1,2,1,1.0,3,94028,M,4877660.0,242983.0,94
201400044294,14,6,27,2015,1,2,1,1.0,3,94011,M,4876260.0,249467.0,94
201400044295,14,6,29,555,2,2,3,1.0,3,94028,M,4878610.0,245591.0,94
201400044296,14,6,27,1110,1,2,1,1.0,3,94028,M,4878080.0,243754.0,94
201400044297,14,6,17,1345,1,2,3,1.0,6,94028,M,4878150.0,246484.0,94