Num_Acc,an,mois,jour,hrmn,lum,agg,int,atm,col,com,gps,lat,long,dep
201400044298,14,7,3,1630,1,2,1,1.0,2,94028,M,4878700.0,244177.0,94
201400044299,14,7,3,900,1,2,1,2.0,2,94028,M,4879950.0,246718.0,94
201400044300,14,7,4,1630,1,2,4,1.0,5,94028,M,4878250.0,245985.0,94
201400044301,14,7,15,1515,1,2,3,1.0,3,94011,M,4877380.0,248750.0,94
201400044302,14,7,16,1730,1,2,3,1.0,2,94028,M,4877120.0,246121.0,94
201400044303,14,7,16,1900,1,2,3,1.0,6,94028,M,4877440.0,246859.0,94
201400044304,14,7,18,1400,1,2,1,1.0,3,94028,M,4879270.0,244637.0,94
201400044305,14,7,26,2015,1,2,3,1.0,6,94028,M,4878480.0,246974.0,94
201400044306,14,8,1,1740,1,2,2,1.0,6,94028,M,4878260.0,245829.0,94
201400044307,14,8,6,2020,1,2,1,2.0,6,94028,M,4878470.0,245844.0,94
201400044308,14,8,10,1245,1,2,3,3.0,6,94028,M,4878830.0,246396.0,94
201400044309,14,8,18,2035,1,2,3,1.0,1,94028,M,4877400.0,245772.0,94
201400044310,14,8,23,1159,1,2,1,1.0,1,94028,M,4878860.0,245132.0,94
201400044311,14,8,26,1110,1,2,1,1.0,4,94028,M,4878260.0,246130.0,94
201400044312,14,9,7,1955,5,2,2,1.0,6,94028,M,4877430.0,246757.0,94
201400044313,14,9,12,1445,1,2,1,1.0,6,94028,M,4878040.0,245503.0,94
201400044314,14,9,11,1630,1,2,2,1.0,6,94028,M,4879360.0,246103.0,94
201400044315,14,9,13,1435,1,2,2,1.0,2,94028,M,4878020.0,243770.0,94
201400044316,14,9,18,1800,1,2,3,1.0,3,94028,M,4879980.0,245218.0,94
201400044317,14,9,12,1825,1,2,1,1.0,3,94011,M,4876720.0,248509.0,94
201400044318,14,9,23,1610,1,2,1,1.0,6,94022,M,4877030.0,242560.0,94
201400044319,14,9,26,1555,1,2,3,1.0,2,94011,M,4876840.0,248774.0,94
201400044320,14,9,28,1040,1,2,3,1.0,6,94028,M,4877460.0,246883.0,94
201400044321,14,10,1,1700,1,2,1,1.0,6,94028,M,,,94
201400044322,14,10,5,815,1,2,1,1.0,2,94028,M,,,94
201400044323,14,10,14,1010,1,2,1,1.0,6,94028,M,,,94
201400044324,14,10,16,840,1,2,1,1.0,6,94028,M,,,94
201400044325,14,10,19,50,5,2,1,1.0,6,94011,M,,,94
201400044326,14,10,20,1615,1,2,1,1.0,6,94028,M,,,94
201400044327,14,10,27,1315,1,2,1,7.0,6,94028,M,,,94
201400044328,14,11,1,1840,5,2,1,1.0,3,94011,M,,,94
201400044329,14,11,5,1840,5,2,1,1.0,6,94028,M,,,94
201400044330,14,11,6,1340,1,2,1,1.0,3,94028,M,,,94
201400044331,14,11,8,1630,1,2,1,1.0,6,94011,M,,,94
201400044332,14,11,17,815,2,2,1,2.0,6,94011,M,,,94
201400044333,14,11,18,1745,3,2,3,1.0,3,94028,M,4877810.0,243828.0,94
201400044334,14,11,19,1830,1,2,1,1.0,6,94011,M,,,94
201400044335,14,11,21,850,1,2,1,1.0,6,94011,M,,,94
201400044336,14,11,25,1350,1,2,1,1.0,3,94011,M,,,94
201400044337,14,11,28,1330,1,2,1,1.0,6,94028,M,,,94
201400044338,14,11,27,1815,5,2,1,1.0,6,94028,M,,,94
201400044339,14,11,28,1715,1,2,1,1.0,2,94028,M,,,94
201400044340,14,12,1,1130,1,2,1,1.0,2,94028,M,,,94
201400044341,14,12,1,1330,1,2,6,1.0,3,94028,M,4877460.0,243934.0,94
201400044342,14,12,5,2310,5,2,1,1.0,6,94028,M,,,94
201400044343,14,12,6,1100,1,2,6,1.0,6,94028,M,4879390.0,245618.0,94
201400044344,14,12,6,1445,1,2,1,1.0,2,94028,M,,,94
201400044345,14,12,6,1635,1,2,1,1.0,6,94011,M,,,94
201400044346,14,12,8,2015,5,2,1,2.0,1,94028,M,,,94
201400044347,14,12,10,1040,1,2,1,1.0,3,94028,M,,,94
201400044348,14,12,10,1845,3,2,1,1.0,5,94028,M,,,94
201400044349,14,12,13,1330,1,2,1,2.0,6,94011,M,,,94
201400044350,14,12,16,1300,1,2,1,1.0,6,94028,M,,,94
201400044351,14,12,17,1515,1,2,1,1.0,4,94028,M,4877720.0,243850.0,94
201400044352,14,12,17,2120,5,2,1,1.0,6,94011,M,,,94
201400044353,14,12,17,1030,1,2,6,1.0,2,94028,M,4877420.0,243882.0,94
201400044354,14,12,22,950,1,2,1,1.0,2,94011,M,,,94
201400044355,14,12,20,610,2,2,1,1.0,6,94028,M,,,94
201400044356,14,12,28,1,5,2,6,1.0,3,94028,M,4877460.0,243934.0,94
201400044357,14,12,31,2045,5,2,1,1.0,1,94028,M,,,94
201400044358,14,1,13,1750,5,2,2,2.0,6,94033,M,4885050.0,248847.0,94
201400044359,14,1,14,1255,1,2,2,1.0,2,94033,M,4884960.0,245635.0,94
201400044360,14,2,5,2205,5,2,3,8.0,1,94033,M,4885840.0,248136.0,94
201400044361,14,2,6,855,1,2,1,8.0,1,94033,M,4884810.0,249065.0,94
201400044362,14,2,12,1920,5,2,2,2.0,3,94033,M,4885270.0,247136.0,94
201400044363,14,2,14,1550,1,2,1,1.0,6,94033,M,4885290.0,245938.0,94
201400044364,14,3,5,1650,1,2,5,1.0,3,94033,M,4885250.0,246553.0,94
201400044365,14,3,12,915,1,2,1,1.0,6,94033,M,4884940.0,245746.0,94
201400044366,14,3,14,1100,1,2,1,1.0,6,94033,M,4885320.0,248278.0,94
201400044367,14,3,14,1330,1,2,4,1.0,2,94033,M,4885390.0,249347.0,94
201400044368,14,3,18,1205,1,2,1,1.0,3,94033,M,4884620.0,247312.0,94
201400044369,14,3,18,1900,5,2,6,1.0,3,94033,M,4884400.0,247905.0,94
201400044370,14,3,27,1330,1,2,1,1.0,6,94033,M,4886070.0,248127.0,94
201400044371,14,3,27,1430,1,2,1,1.0,6,94033,M,4885350.0,247536.0,94
201400044372,14,3,31,815,1,2,3,1.0,1,94033,M,4885160.0,247348.0,94
201400044373,14,4,5,230,5,2,2,1.0,6,94033,M,4884900.0,245990.0,94
201400044374,14,4,8,1222,1,2,3,1.0,1,94033,M,4885240.0,246286.0,94
201400044375,14,4,8,1830,1,2,1,1.0,6,94033,M,4885190.0,245636.0,94
201400044376,14,4,11,2220,5,2,2,1.0,1,94033,M,4884730.0,248498.0,94
201400044377,14,4,16,1940,2,2,1,1.0,7,94033,M,4885490.0,246185.0,94
201400044378,14,5,7,1020,1,2,3,1.0,3,94033,M,4884600.0,247885.0,94
201400044379,14,5,14,1430,1,2,6,1.0,4,94033,M,4885250.0,249075.0,94
201400044380,14,5,28,1610,1,2,2,1.0,3,94033,M,4885160.0,247348.0,94
201400044381,14,6,1,1820,1,2,2,1.0,7,94033,M,4884760.0,248781.0,94
201400044382,14,6,5,1750,1,2,1,1.0,6,94033,M,4885420.0,249423.0,94
201400044383,14,6,6,1640,1,2,1,1.0,3,94033,M,4885360.0,246988.0,94
201400044384,14,6,7,1850,1,2,1,1.0,6,94033,M,4884730.0,248125.0,94
201400044385,14,6,18,1115,1,2,5,1.0,2,94033,M,4884630.0,247262.0,94
201400044386,14,6,18,1820,1,2,5,1.0,1,94033,M,4885590.0,245761.0,94
201400044387,14,7,6,1020,1,2,2,3.0,3,94033,M,4885120.0,247431.0,94
201400044388,14,7,18,1900,1,2,6,1.0,2,94033,M,4885250.0,249075.0,94
201400044389,14,7,25,1125,1,2,1,1.0,6,94033,M,4885360.0,246991.0,94
201400044390,14,8,1,2010,1,2,2,1.0,6,94033,M,4885390.0,249347.0,94
201400044391,14,8,6,855,1,2,3,2.0,6,94033,M,4884600.0,247532.0,94
201400044392,14,8,24,1205,1,2,2,1.0,7,94033,M,4884520.0,246806.0,94
201400044393,14,8,26,1300,1,2,1,2.0,7,94033,M,4885380.0,249356.0,94
201400044394,14,9,7,1405,1,2,1,1.0,6,94033,M,4885910.0,247718.0,94
201400044395,14,9,8,1645,1,2,3,1.0,6,94033,M,4885250.0,246553.0,94
201400044396,14,9,16,1645,1,2,2,1.0,2,94033,M,4885210.0,249452.0,94
201400044397,14,9,23,2135,5,2,1,1.0,3,94033,M,4885970.0,249050.0,94
201400044398,14,9,23,1030,1,2,1,1.0,2,94033,M,4885220.0,246372.0,94
201400044399,14,9,29,1600,1,2,2,1.0,3,94033,M,4884530.0,245116.0,94
201400044400,14,10,7,835,1,1,3,9.0,6,94033,M,,,94
201400044401,14,10,28,945,1,2,1,1.0,7,94033,M,,,94
201400044402,14,10,25,2005,5,2,1,1.0,6,94033,M,,,94
201400044403,14,11,4,2040,4,2,3,1.0,3,94033,M,,,94
201400044404,14,11,5,1200,1,2,1,1.0,5,94033,M,,,94
201400044405,14,11,6,1420,1,2,1,1.0,7,94033,M,,,94
201400044406,14,11,19,1440,1,2,9,1.0,6,94033,M,,,94
201400044407,14,12,2,1930,5,2,1,2.0,6,94033,M,,,94
201400044408,14,12,9,1350,1,2,1,1.0,6,94033,M,,,94
201400044409,14,12,12,940,1,2,1,2.0,6,94033,M,,,94
201400044410,14,12,11,1830,4,2,1,2.0,6,94033,M,,,94
201400044411,14,12,12,2130,5,2,1,3.0,6,94033,M,,,94
201400044412,14,12,17,910,1,2,1,2.0,6,94033,M,,,94
201400044413,14,12,19,945,1,2,1,1.0,3,94033,M,,,94
201400044414,14,12,22,1230,1,2,1,1.0,6,94033,M,,,94
201400044415,14,12,31,1830,5,2,1,1.0,7,94033,M,,,94
201400044416,14,1,6,1730,1,2,2,1.0,3,94043,M,4880810.0,235728.0,94
201400044417,14,1,7,800,1,2,1,1.0,4,94003,M,4881040.0,233868.0,94
201400044418,14,1,7,2145,5,2,1,2.0,6,94016,M,4879020.0,233828.0,94
201400044419,14,1,9,845,1,2,1,2.0,3,94003,M,4880280.0,232443.0,94
201400044420,14,1,10,1705,1,2,3,1.0,3,94043,M,4880560.0,234836.0,94
201400044421,14,1,16,1710,2,2,4,1.0,1,94016,M,4878920.0,232534.0,94
201400044422,14,1,18,2100,5,2,2,1.0,7,94037,M,4881350.0,234264.0,94
201400044423,14,1,19,1040,1,1,1,1.0,6,94043,M,4881470.0,236086.0,94
201400044424,14,1,20,1010,1,2,4,8.0,1,94037,M,4881090.0,233895.0,94
201400044425,14,1,20,1315,1,2,1,2.0,6,94043,M,4881150.0,235148.0,94
201400044426,14,1,22,1255,1,2,3,1.0,6,94016,M,4879620.0,232188.0,94
201400044427,14,1,24,800,2,2,1,8.0,2,94016,M,4878550.0,232882.0,94
201400044428,14,1,28,1350,1,2,3,8.0,1,94076,M,4878160.0,236402.0,94
201400044429,14,2,5,1630,1,2,4,2.0,1,94016,M,4878690.0,232957.0,94
201400044430,14,2,7,2030,5,2,1,1.0,6,94076,M,4880250.0,236389.0,94
201400044431,14,2,11,720,2,2,3,1.0,6,94003,M,4880970.0,232253.0,94
201400044432,14,2,11,1545,1,2,3,2.0,7,94003,M,4879940.0,233293.0,94
201400044433,14,2,11,1725,2,2,3,2.0,6,94003,M,4880130.0,234640.0,94
201400044434,14,2,12,45,5,2,2,2.0,3,94041,M,4880400.0,237119.0,94
201400044435,14,2,13,1950,5,2,3,1.0,6,94003,M,4880850.0,233148.0,94
201400044436,14,2,19,1625,1,2,2,1.0,6,94076,M,4878700.0,236190.0,94
201400044437,14,2,22,610,5,2,2,2.0,3,94076,M,4878740.0,235420.0,94
201400044438,14,2,22,1655,1,2,1,1.0,6,94037,M,4881560.0,234897.0,94
201400044439,14,2,23,1805,1,1,3,1.0,3,94076,M,4878230.0,236701.0,94
201400044440,14,2,23,1815,2,2,4,8.0,6,94076,M,4879820.0,235495.0,94
201400044441,14,2,27,1715,1,1,3,2.0,3,94043,M,4881000.0,236259.0,94
201400044442,14,3,1,2350,5,2,6,2.0,7,94016,M,4879090.0,233505.0,94
201400044443,14,3,5,950,1,2,1,1.0,3,94003,M,4880330.0,233483.0,94
201400044444,14,3,6,850,1,2,6,1.0,6,94043,M,4881560.0,236054.0,94
201400044445,14,3,12,2230,5,2,2,1.0,3,94076,M,4878860.0,236828.0,94
201400044446,14,3,13,1900,5,2,2,1.0,3,94043,M,4881460.0,236089.0,94
201400044447,14,3,15,1130,1,2,1,1.0,6,94003,M,4880720.0,233525.0,94
201400044448,14,3,16,1130,1,2,1,1.0,6,94003,M,4880140.0,233971.0,94
201400044449,14,3,20,325,5,2,2,1.0,6,94076,M,4879590.0,236833.0,94
201400044450,14,3,20,1000,1,1,2,1.0,3,94016,M,4879260.0,233676.0,94
201400044451,14,3,21,1005,1,2,3,2.0,2,94076,M,4879910.0,235514.0,94
201400044452,14,3,22,1000,1,2,2,1.0,3,94016,M,4879620.0,232188.0,94
201400044453,14,3,22,1505,1,2,1,1.0,2,94003,M,4880820.0,233237.0,94
201400044454,14,3,25,1050,1,2,1,2.0,6,94043,M,4881240.0,236144.0,94
201400044455,14,3,29,1015,1,2,3,1.0,6,94076,M,4879120.0,236941.0,94
201400044456,14,3,30,1245,1,2,2,1.0,3,94076,M,4879590.0,236833.0,94
201400044457,14,3,31,845,1,2,1,1.0,6,94076,M,4878780.0,236885.0,94
201400044458,14,3,31,1210,1,2,1,1.0,6,94076,M,4879070.0,236667.0,94
201400044459,14,3,31,1225,1,2,1,1.0,7,94016,M,4879550.0,234324.0,94
201400044460,14,4,1,1645,1,2,1,1.0,3,94016,M,4878830.0,231887.0,94
201400044461,14,4,2,1105,1,2,3,1.0,3,94043,M,4881510.0,236073.0,94
201400044462,14,4,5,2030,5,2,1,1.0,6,94003,M,4880280.0,232442.0,94
201400044463,14,4,9,1855,1,2,1,1.0,3,94076,M,4880580.0,236360.0,94
201400044464,14,4,11,815,1,2,2,1.0,3,94076,M,4880550.0,235988.0,94
201400044465,14,4,14,920,1,2,3,1.0,2,94076,M,4880700.0,236322.0,94
201400044466,14,4,14,1030,1,2,1,1.0,6,94076,M,4878670.0,236080.0,94
201400044467,14,4,15,1100,1,2,5,1.0,6,94003,M,4880960.0,232648.0,94
201400044468,14,4,15,1740,1,2,3,1.0,3,94037,M,4881290.0,234675.0,94
201400044469,14,4,17,820,2,1,2,1.0,1,94016,M,4879680.0,233113.0,94
201400044470,14,4,19,2025,2,2,3,1.0,1,94076,M,4880520.0,236198.0,94
201400044471,14,4,21,1725,1,2,1,1.0,1,94043,M,4880830.0,235524.0,94
201400044472,14,4,25,1310,1,2,3,2.0,3,94037,M,4881640.0,233961.0,94
201400044473,14,5,6,830,1,2,1,2.0,2,94003,M,4880370.0,232480.0,94
201400044474,14,5,6,1730,1,2,1,1.0,6,94076,M,4880290.0,235771.0,94
201400044475,14,5,10,2245,5,2,1,1.0,6,94037,M,4881560.0,234142.0,94
201400044476,14,5,11,50,5,2,4,1.0,3,94016,M,4878690.0,232957.0,94
201400044477,14,5,14,1150,1,2,3,1.0,2,94076,M,4880410.0,235866.0,94
201400044478,14,5,15,1155,1,2,2,1.0,3,94076,M,4878740.0,235420.0,94
201400044479,14,5,16,1230,1,2,2,1.0,6,94043,M,4880610.0,234973.0,94
201400044480,14,5,21,1030,1,2,1,3.0,6,94003,M,4880680.0,233665.0,94
201400044481,14,5,21,1214,1,2,1,2.0,6,94003,M,4880190.0,234340.0,94
201400044482,14,5,22,840,1,2,1,1.0,3,94043,M,4880730.0,235426.0,94
201400044483,14,5,23,2055,2,2,2,8.0,6,94016,M,4879720.0,232227.0,94
201400044484,14,5,26,835,1,2,3,2.0,3,94003,M,4880660.0,234040.0,94
201400044485,14,5,26,1440,1,2,1,2.0,6,94043,M,4880960.0,235849.0,94
201400044486,14,5,29,1451,1,2,1,1.0,6,94076,M,4880290.0,237050.0,94
201400044487,14,5,31,1500,1,2,2,1.0,6,94043,M,4881220.0,235797.0,94
201400044488,14,6,4,830,1,2,1,2.0,3,94076,M,4879490.0,236499.0,94
201400044489,14,6,5,935,1,2,3,1.0,3,94037,M,4881650.0,233795.0,94
201400044490,14,6,7,1620,1,2,2,1.0,3,94016,M,4879060.0,232244.0,94
201400044491,14,6,8,1150,1,2,2,1.0,3,94076,M,4879500.0,235434.0,94
201400044492,14,6,10,750,1,2,3,1.0,3,94003,M,4880150.0,232393.0,94
201400044493,14,6,12,835,1,2,3,1.0,3,94016,M,4878670.0,232365.0,94
201400044494,14,6,12,1900,1,2,1,1.0,6,94076,M,4879650.0,235465.0,94
201400044495,14,6,18,1755,1,2,1,1.0,3,94003,M,4880190.0,232407.0,94
201400044496,14,6,20,1010,1,2,1,1.0,6,94076,M,4878790.0,236682.0,94
201400044497,14,6,21,1655,1,2,1,1.0,2,94043,M,4880850.0,236263.0,94
201400044498,14,6,24,935,1,2,1,1.0,3,94076,M,4879890.0,236690.0,94
201400044499,14,6,24,2117,1,2,3,1.0,1,94076,M,4878510.0,236255.0,94
201400044500,14,6,25,1110,1,2,3,1.0,2,94076,M,4879890.0,236699.0,94
201400044501,14,6,25,2000,1,2,3,1.0,3,94076,M,4880260.0,235716.0,94
201400044502,14,6,26,1225,1,2,3,1.0,3,94076,M,4879890.0,236699.0,94
201400044503,14,6,26,1555,1,2,1,1.0,6,94076,M,4879290.0,236595.0,94
201400044504,14,6,30,1550,1,2,3,1.0,6,94016,M,4878900.0,233174.0,94
201400044505,14,6,30,2145,1,2,1,1.0,3,94076,M,4879960.0,235520.0,94
201400044506,14,7,1,705,1,1,1,8.0,3,94016,M,4879670.0,234299.0,94
201400044507,14,7,1,1345,1,2,3,1.0,2,94016,M,4879050.0,232711.0,94
201400044508,14,7,3,1115,1,2,2,1.0,3,94043,M,4881460.0,236089.0,94
201400044509,14,7,3,1800,1,2,2,1.0,2,94003,M,4880440.0,233814.0,94
201400044510,14,7,3,1910,1,2,3,7.0,2,94016,M,4879620.0,232188.0,94
201400044511,14,7,8,410,5,2,2,2.0,3,94043,M,4881280.0,236131.0,94
201400044512,14,7,13,1900,1,2,1,2.0,6,94076,M,4880530.0,236362.0,94
201400044513,14,7,15,1835,1,2,1,1.0,6,94076,M,4879390.0,236313.0,94
201400044514,14,7,17,715,1,1,3,1.0,7,94076,M,4880120.0,236865.0,94
201400044515,14,7,17,2135,5,2,3,1.0,6,94043,M,4880760.0,236307.0,94
201400044516,14,7,20,210,5,2,3,1.0,3,94016,M,4879770.0,234316.0,94
201400044517,14,7,26,2220,5,2,2,1.0,3,94016,M,4879060.0,232244.0,94
201400044518,14,7,30,830,1,2,1,1.0,3,94043,M,4880930.0,236237.0,94
201400044519,14,7,31,1545,1,2,1,1.0,6,94037,M,4881580.0,234385.0,94
201400044520,14,8,1,730,1,2,1,1.0,3,94043,M,4880960.0,236226.0,94
201400044521,14,8,5,1820,1,2,1,1.0,2,94076,M,4879030.0,236479.0,94
201400044522,14,8,8,2154,2,2,2,2.0,6,94003,M,4880700.0,233593.0,94
201400044523,14,8,11,2200,5,2,3,2.0,3,94076,M,4878510.0,236218.0,94
201400044524,14,8,12,1915,1,2,1,1.0,1,94043,M,4881140.0,235804.0,94
201400044525,14,8,24,1250,1,2,1,1.0,3,94016,M,4879560.0,234321.0,94
201400044526,14,8,25,815,1,2,1,2.0,4,94043,M,4881570.0,235652.0,94
201400044527,14,8,25,1000,1,2,2,2.0,3,94076,M,4879600.0,236857.0,94
201400044528,14,8,25,1700,1,2,1,3.0,6,94016,M,4878770.0,233004.0,94
201400044529,14,8,26,1245,1,2,3,2.0,3,94076,M,4880580.0,236553.0,94
201400044530,14,9,1,2020,2,2,3,1.0,1,94043,M,4880860.0,235025.0,94
201400044531,14,9,6,1035,1,2,1,1.0,6,94003,M,4880100.0,233161.0,94
201400044532,14,9,7,1105,1,1,3,1.0,3,94076,M,4879330.0,235400.0,94
201400044533,14,9,10,730,2,2,1,1.0,6,94016,M,4879260.0,234385.0,94
201400044534,14,9,10,930,1,2,1,1.0,6,94076,M,4879680.0,236797.0,94
201400044535,14,9,10,1650,1,2,2,1.0,3,94043,M,4880470.0,234478.0,94
201400044536,14,9,10,2315,5,2,3,1.0,6,94016,M,4878590.0,232902.0,94
201400044537,14,9,11,800,1,2,1,1.0,3,94076,M,4880150.0,236475.0,94
201400044538,14,9,17,2045,5,2,2,1.0,2,94003,M,4881010.0,232675.0,94
201400044539,14,9,22,1850,1,2,3,8.0,1,94003,M,4880440.0,233814.0,94
201400044540,14,9,25,830,1,2,1,1.0,2,94003,M,4880670.0,232596.0,94
201400044541,14,9,26,135,5,2,2,1.0,3,94043,M,4880500.0,234494.0,94
201400044542,14,9,29,800,1,2,1,2.0,6,94016,M,4879980.0,232328.0,94
201400044543,14,9,30,1900,1,2,1,1.0,3,94076,M,4879890.0,236690.0,94
201400044544,14,10,3,1100,1,2,1,1.0,6,94043,M,,,94
201400044545,14,10,6,1830,2,2,1,3.0,3,94043,M,,,94
201400044546,14,10,6,1840,2,2,1,3.0,2,94016,M,,,94
201400044547,14,10,6,2315,5,2,1,1.0,6,94037,M,,,94
201400044548,14,10,7,1500,1,2,1,1.0,2,94016,M,,,94
201400044549,14,10,8,1255,1,2,2,2.0,6,94016,M,,,94
201400044550,14,10,8,2000,3,2,1,3.0,6,94076,M,,,94
201400044551,14,10,8,2200,5,2,2,3.0,3,94037,M,,,94
201400044552,14,10,9,1850,1,2,1,1.0,6,94076,M,,,94
201400044553,14,10,9,1955,5,2,1,1.0,7,94076,M,,,94
201400044554,14,10,10,820,1,2,1,1.0,3,94016,M,,,94
201400044555,14,10,15,1145,1,1,1,2.0,7,94043,M,,,94
201400044556,14,10,15,1805,1,2,1,2.0,3,94076,M,,,94
201400044557,14,10,17,2350,5,2,2,2.0,3,94003,M,,,94
201400044558,14,10,17,1230,1,2,1,1.0,6,94003,M,,,94
201400044559,14,10,17,1340,1,2,2,1.0,3,94037,M,,,94
201400044560,14,10,17,1950,5,2,1,1.0,6,94037,M,,,94
201400044561,14,10,18,1415,1,2,1,1.0,3,94016,M,,,94
201400044562,14,10,20,1902,5,1,2,2.0,3,94076,M,,,94
201400044563,14,10,23,1355,1,2,1,1.0,3,94076,M,,,94
201400044564,14,10,23,2000,5,2,2,1.0,3,94037,M,,,94
201400044565,14,10,25,1650,1,2,1,1.0,7,94076,M,,,94
201400044566,14,11,3,650,2,2,1,8.0,1,94003,M,,,94
201400044567,14,11,3,1540,1,2,1,2.0,7,94076,M,,,94
201400044568,14,11,3,2030,5,2,1,2.0,6,94037,M,,,94
201400044569,14,11,5,1755,5,1,1,1.0,6,94076,M,,,94
201400044570,14,11,6,625,5,2,2,8.0,3,94037,M,,,94
201400044571,14,11,6,1550,1,2,2,1.0,6,94076,M,,,94
201400044572,14,11,7,930,1,2,1,2.0,6,94043,M,,,94
201400044573,14,11,8,1535,1,2,1,1.0,3,94043,M,,,94
201400044574,14,11,8,2245,5,2,1,1.0,2,94076,M,,,94
201400044575,14,11,9,1325,1,2,1,8.0,7,94043,M,,,94
201400044576,14,11,10,1800,2,2,3,1.0,6,94076,M,,,94
201400044577,14,11,12,40,5,2,1,2.0,4,94076,M,,,94
201400044578,14,11,12,1120,1,2,2,1.0,3,94016,M,,,94
201400044579,14,11,13,755,2,2,1,1.0,3,94003,M,,,94
201400044580,14,11,14,825,1,2,1,2.0,3,94016,M,,,94
201400044581,14,11,15,1145,1,2,4,1.0,3,94076,M,,,94
201400044582,14,11,20,1629,1,2,1,8.0,7,94043,M,,,94
201400044583,14,11,20,2145,5,2,1,2.0,1,94043,M,,,94
201400044584,14,11,24,1930,5,2,3,1.0,1,94076,M,,,94
201400044585,14,11,26,945,1,2,1,1.0,3,94037,M,,,94
201400044586,14,11,26,1105,1,2,1,2.0,6,94016,M,,,94
201400044587,14,11,27,1805,5,2,1,1.0,6,94076,M,,,94
201400044588,14,11,28,35,5,2,1,1.0,2,94076,M,,,94
201400044589,14,12,2,1450,1,2,1,1.0,2,94037,M,,,94
201400044590,14,12,2,1640,2,2,1,2.0,1,94076,M,,,94
201400044591,14,12,3,1805,5,2,3,1.0,3,94003,M,,,94
201400044592,14,12,4,1450,1,2,4,8.0,6,94003,M,,,94
201400044593,14,12,7,915,1,2,1,1.0,2,94076,M,,,94
201400044594,14,12,8,1850,5,2,1,1.0,6,94076,M,,,94
201400044595,14,12,11,1700,5,2,8,1.0,6,94076,M,,,94
201400044596,14,12,16,710,3,2,1,1.0,3,94043,M,,,94
201400044597,14,12,17,1745,5,2,1,2.0,7,94003,M,,,94
201400044598,14,12,19,2015,5,2,1,8.0,6,94043,M,,,94
201400044599,14,12,23,925,1,2,1,1.0,3,94016,M,,,94
201400044600,14,12,24,1040,1,2,1,1.0,2,94043,M,,,94
201400044601,14,12,25,1820,5,2,1,1.0,7,94003,M,,,94
201400044602,14,12,26,1530,1,2,2,1.0,3,94076,M,,,94
201400044603,14,12,27,1400,1,2,1,1.0,3,94076,M,,,94
201400044604,14,12,30,1045,1,2,2,1.0,6,94076,M,,,94
201400044605,14,5,28,145,5,2,2,1.0,3,94043,M,4881440.0,235976.0,94
201400044606,14,1,1,1905,5,2,1,2.0,6,94021,M,4877000.0,236452.0,94
201400044607,14,1,3,1800,5,2,1,1.0,6,94038,M,4876630.0,232278.0,94
201400044608,14,1,8,855,1,2,3,1.0,2,94065,M,4874500.0,236028.0,94
201400044609,14,1,10,1145,1,1,3,8.0,2,94065,M,4875220.0,235469.0,94
201400044610,14,1,10,1730,5,1,3,1.0,3,94073,M,4875400.0,238634.0,94
201400044611,14,1,12,125,5,2,6,5.0,2,94073,M,4875410.0,237463.0,94
201400044612,14,1,13,810,2,2,1,8.0,6,94073,M,4875850.0,236897.0,94
201400044613,14,1,17,750,1,2,1,1.0,2,94034,M,4875770.0,232940.0,94
201400044614,14,1,17,850,1,2,3,1.0,3,94021,M,4876460.0,235222.0,94
201400044615,14,1,19,1735,2,2,1,1.0,2,94038,M,4878110.0,232773.0,94
201400044616,14,1,22,850,1,2,2,1.0,6,94038,M,4876720.0,231910.0,94
201400044617,14,1,22,1500,1,2,2,2.0,3,94038,M,4877930.0,236698.0,94
201400044618,14,1,22,1945,5,2,2,2.0,6,94073,M,4875810.0,240416.0,94
201400044619,14,1,25,700,5,1,2,2.0,1,94021,M,4876290.0,235387.0,94
201400044620,14,1,28,710,5,2,3,1.0,3,94073,M,4876940.0,240219.0,94
201400044621,14,1,28,1730,2,2,1,2.0,6,94021,M,4876200.0,236254.0,94
201400044622,14,1,29,1405,1,2,1,2.0,2,94073,M,4876120.0,239976.0,94
201400044623,14,1,31,1940,5,2,3,1.0,3,94034,M,4875540.0,232091.0,94
201400044624,14,2,1,915,1,1,1,2.0,6,94073,M,4875360.0,237623.0,94
201400044625,14,2,2,2045,5,2,1,1.0,3,94076,M,4878710.0,236687.0,94
201400044626,14,2,4,2130,5,2,3,1.0,3,94021,M,4877010.0,233589.0,94
201400044627,14,2,5,800,1,2,3,1.0,1,94073,M,4876990.0,239257.0,94
201400044628,14,2,5,1000,1,2,3,2.0,6,94065,M,4875550.0,236833.0,94