Num_Acc,an,mois,jour,hrmn,lum,agg,int,atm,col,com,gps,lat,long,dep
201400044629,14,2,7,1715,1,2,3,1.0,2,94034,M,4875310.0,231901.0,94
201400044630,14,2,10,1455,1,2,3,1.0,6,94038,M,4877670.0,233672.0,94
201400044631,14,2,12,800,1,2,2,1.0,7,94073,M,4875230.0,238742.0,94
201400044632,14,2,14,2020,5,2,2,1.0,6,94073,M,4876600.0,239054.0,94
201400044633,14,2,15,550,5,2,1,1.0,6,94034,M,4876660.0,231888.0,94
201400044634,14,2,17,1215,1,1,3,1.0,6,94038,M,4877850.0,233519.0,94
201400044635,14,2,19,1125,1,2,1,1.0,6,94065,M,4875610.0,236316.0,94
201400044636,14,2,20,655,5,2,1,2.0,3,94034,M,4875510.0,232244.0,94
201400044637,14,2,20,1455,1,2,3,2.0,2,94034,M,4875420.0,232463.0,94
201400044638,14,2,25,1000,1,2,3,1.0,6,94034,M,4875440.0,232245.0,94
201400044639,14,2,26,2322,5,2,1,1.0,2,94021,M,4876550.0,233814.0,94
201400044640,14,3,6,750,1,1,1,1.0,6,94065,M,4875350.0,236441.0,94
201400044641,14,3,11,1455,1,2,1,1.0,3,94073,M,4875770.0,239025.0,94
201400044642,14,3,13,745,1,1,1,1.0,3,94021,M,4875960.0,236562.0,94
201400044643,14,3,13,1650,1,2,1,1.0,2,94021,M,4876310.0,235760.0,94
201400044644,14,3,14,840,1,2,1,1.0,6,94065,M,4875950.0,236063.0,94
201400044645,14,3,23,1630,1,2,3,1.0,3,94034,M,4875930.0,233108.0,94
201400044646,14,3,27,1640,1,2,3,1.0,6,94034,M,4875960.0,232513.0,94
201400044647,14,3,28,15,5,2,3,1.0,3,94073,M,4876330.0,239959.0,94
201400044648,14,3,28,1630,1,2,3,1.0,6,94073,M,4875710.0,238841.0,94
201400044649,14,3,29,1340,1,2,3,1.0,2,94065,M,4874900.0,235125.0,94
201400044650,14,3,30,1035,1,1,1,1.0,3,94021,M,4877560.0,236735.0,94
201400044651,14,4,2,1139,1,2,3,1.0,6,94073,M,4876940.0,240219.0,94
201400044652,14,4,2,2225,5,1,3,1.0,1,94065,M,4875720.0,236112.0,94
201400044653,14,4,3,1108,1,2,3,1.0,6,94038,M,4878010.0,233517.0,94
201400044654,14,4,3,1750,1,1,1,1.0,6,94021,M,4875990.0,235010.0,94
201400044655,14,4,4,1640,1,2,1,1.0,6,94073,M,4877140.0,239418.0,94
201400044656,14,4,5,1750,1,2,1,1.0,2,94065,M,4875390.0,236721.0,94
201400044657,14,4,6,1944,2,2,1,1.0,6,94073,M,4876810.0,237286.0,94
201400044658,14,4,8,750,1,2,6,1.0,2,94065,M,4875330.0,234756.0,94
201400044659,14,4,8,1830,1,2,1,1.0,3,94034,M,4875310.0,231260.0,94
201400044660,14,4,10,1610,1,2,6,1.0,3,94065,M,4875860.0,234900.0,94
201400044661,14,4,12,1345,1,2,2,1.0,3,94034,M,4875470.0,232061.0,94
201400044662,14,4,15,1100,1,2,2,1.0,3,94021,M,4876320.0,235520.0,94
201400044663,14,4,15,1625,1,1,2,1.0,2,94073,M,4875400.0,238634.0,94
201400044664,14,4,15,1845,1,2,2,1.0,1,94038,M,4877840.0,234072.0,94
201400044665,14,4,18,2110,5,2,2,1.0,1,94034,M,4875910.0,232432.0,94
201400044666,14,4,27,2245,5,2,1,1.0,7,94021,M,4875840.0,234381.0,94
201400044667,14,4,28,1730,1,2,2,1.0,3,94073,M,4875940.0,239661.0,94
201400044668,14,4,30,1050,1,2,1,7.0,2,94073,M,4876440.0,236820.0,94
201400044669,14,4,30,1200,1,2,3,1.0,3,94073,M,4876940.0,240219.0,94
201400044670,14,5,1,2300,5,1,2,2.0,3,94073,M,4877280.0,240001.0,94
201400044671,14,5,2,2100,5,2,6,1.0,3,94034,M,4876100.0,231840.0,94
201400044672,14,5,3,1650,1,2,1,1.0,1,94034,M,4876600.0,231858.0,94
201400044673,14,5,3,2215,5,2,1,1.0,3,94065,M,4875230.0,235243.0,94
201400044674,14,5,5,1530,1,2,1,1.0,2,94073,M,4876710.0,239381.0,94
201400044675,14,5,6,1100,1,2,1,1.0,3,94065,M,4875390.0,236592.0,94
201400044676,14,5,6,1925,1,2,1,1.0,6,94038,M,4876540.0,232904.0,94
201400044677,14,5,12,1740,1,2,3,1.0,3,94073,M,4876390.0,236824.0,94
201400044678,14,5,14,2145,5,2,3,1.0,3,94073,M,4877030.0,238068.0,94
201400044679,14,5,16,1805,1,2,1,1.0,6,94034,M,4875440.0,231366.0,94
201400044680,14,5,17,1430,1,2,1,1.0,2,94073,M,4875160.0,236910.0,94
201400044681,14,5,18,815,1,2,1,7.0,1,94021,M,4877170.0,235966.0,94
201400044682,14,5,19,855,1,2,1,1.0,3,94073,M,4876810.0,237286.0,94
201400044683,14,5,19,1810,1,2,2,1.0,2,94021,M,4876980.0,235089.0,94
201400044684,14,5,22,1800,1,2,1,1.0,2,94021,M,4876280.0,236813.0,94
201400044685,14,5,22,1815,1,1,1,1.0,3,94073,M,4874980.0,237003.0,94
201400044686,14,5,24,1550,1,1,1,2.0,6,94073,M,4875500.0,237514.0,94
201400044687,14,5,26,1700,1,2,3,2.0,2,94034,M,4875540.0,231349.0,94
201400044688,14,5,27,1130,1,2,6,1.0,3,94081,M,4877940.0,236720.0,94
201400044689,14,5,28,2150,5,2,3,2.0,6,94038,M,4877880.0,235696.0,94
201400044690,14,6,3,1310,1,2,6,1.0,6,94021,M,4876890.0,236763.0,94
201400044691,14,6,3,2005,1,2,2,1.0,3,94038,M,4877630.0,233996.0,94
201400044692,14,6,4,1000,1,2,3,2.0,7,94073,M,4876600.0,239054.0,94
201400044693,14,6,4,2020,2,2,2,1.0,3,94073,M,4876600.0,239054.0,94
201400044694,14,6,7,1642,1,2,3,1.0,4,94065,M,4875740.0,234474.0,94
201400044695,14,6,8,1355,1,2,4,1.0,6,94038,M,4877610.0,235806.0,94
201400044696,14,6,13,945,1,2,3,1.0,6,94073,M,4876940.0,240219.0,94
201400044697,14,6,13,1220,1,2,1,1.0,3,94038,M,4877090.0,232572.0,94
201400044698,14,6,16,1130,1,2,2,1.0,3,94021,M,4876130.0,235554.0,94
201400044699,14,6,18,1345,1,2,1,1.0,6,94065,M,4874890.0,236878.0,94
201400044700,14,6,18,1700,1,2,2,1.0,6,94073,M,4876380.0,239370.0,94
201400044701,14,6,19,1115,1,2,1,1.0,2,94021,M,4875880.0,234872.0,94
201400044702,14,6,19,1655,1,2,3,1.0,3,94038,M,4877910.0,233120.0,94
201400044703,14,6,23,715,1,2,2,1.0,3,94038,M,4877110.0,234986.0,94
201400044704,14,6,27,1710,1,2,1,1.0,3,94065,M,4875380.0,235886.0,94
201400044705,14,6,28,1655,1,2,1,2.0,5,94073,M,4875400.0,236938.0,94
201400044706,14,6,29,1715,1,2,1,1.0,7,94073,M,4875370.0,237605.0,94
201400044707,14,6,30,1340,1,2,1,1.0,6,94038,M,4877960.0,233525.0,94
201400044708,14,7,5,550,2,2,1,2.0,6,94065,M,4875660.0,234543.0,94
201400044709,14,7,8,1650,1,2,3,2.0,2,94065,M,4875740.0,234474.0,94
201400044710,14,7,16,830,1,1,1,1.0,7,94065,M,4875390.0,236810.0,94
201400044711,14,7,16,1810,1,2,3,1.0,3,94038,M,4877820.0,236400.0,94
201400044712,14,7,18,905,1,2,3,1.0,3,94038,M,4877920.0,233062.0,94
201400044713,14,7,20,2030,2,2,1,1.0,3,94076,M,4877950.0,236720.0,94
201400044714,14,7,21,753,1,2,3,1.0,3,94021,M,4876680.0,234937.0,94
201400044715,14,7,21,1225,1,2,2,1.0,3,94073,M,4876600.0,239054.0,94
201400044716,14,7,21,2030,1,2,2,1.0,3,94021,M,4877130.0,236571.0,94
201400044717,14,7,24,1450,1,2,1,1.0,2,94021,M,4876050.0,234174.0,94
201400044718,14,7,31,1915,1,2,2,1.0,3,94073,M,4876600.0,239054.0,94
201400044719,14,8,2,2045,2,2,1,1.0,6,94073,M,4875770.0,239049.0,94
201400044720,14,8,3,1420,1,2,3,1.0,3,94073,M,4874790.0,236930.0,94
201400044721,14,8,7,1530,1,2,3,2.0,3,94065,M,4874500.0,236028.0,94
201400044722,14,8,9,400,5,1,1,2.0,6,94073,M,4875340.0,237768.0,94
201400044723,14,8,10,2145,3,2,2,1.0,3,94065,M,4874850.0,236861.0,94
201400044724,14,8,12,1928,2,2,4,2.0,3,94021,M,4876240.0,235830.0,94
201400044725,14,8,21,920,1,2,6,1.0,3,94073,M,4876970.0,238482.0,94
201400044726,14,8,22,615,2,2,1,1.0,6,94073,M,4875030.0,236907.0,94
201400044727,14,8,23,150,5,1,1,2.0,6,94073,M,4875340.0,237020.0,94
201400044728,14,8,23,1040,1,1,1,1.0,6,94073,M,4874950.0,237005.0,94
201400044729,14,8,23,1510,1,2,2,1.0,6,94021,M,4876880.0,236786.0,94
201400044730,14,8,25,715,1,2,6,2.0,4,94021,M,4877290.0,233931.0,94
201400044731,14,8,25,2125,5,2,2,3.0,3,94038,M,4877390.0,235186.0,94
201400044732,14,8,29,745,2,2,2,1.0,2,94065,M,4874200.0,235272.0,94
201400044733,14,9,1,2240,5,2,2,1.0,1,94021,M,4877460.0,235474.0,94
201400044734,14,9,4,1910,2,2,3,1.0,7,94038,M,4877490.0,234775.0,94
201400044735,14,9,8,1250,1,1,2,1.0,3,94021,M,4876130.0,235554.0,94
201400044736,14,9,8,1625,1,2,2,1.0,6,94038,M,4877940.0,236720.0,94
201400044737,14,9,10,610,2,2,4,1.0,6,94073,M,4875400.0,238634.0,94
201400044738,14,9,11,1000,1,2,1,1.0,3,94073,M,4875850.0,237044.0,94
201400044739,14,9,12,1650,1,1,1,1.0,3,94073,M,4875360.0,236941.0,94
201400044740,14,9,13,1600,1,2,3,1.0,6,94034,M,4875490.0,231794.0,94
201400044741,14,9,13,1625,1,2,6,1.0,3,94038,M,4877940.0,236720.0,94
201400044742,14,9,15,845,1,2,2,1.0,2,94073,M,4876010.0,239858.0,94
201400044743,14,9,16,1420,1,2,2,1.0,2,94021,M,4876360.0,234992.0,94
201400044744,14,9,16,1910,1,2,3,1.0,3,94073,M,4876940.0,240219.0,94
201400044745,14,9,17,2015,5,1,1,1.0,3,94065,M,4875460.0,234779.0,94
201400044746,14,9,18,630,2,1,3,1.0,3,94065,M,4874700.0,235669.0,94
201400044747,14,9,19,845,1,2,2,1.0,6,94038,M,4876720.0,231910.0,94
201400044748,14,9,19,1400,1,2,1,1.0,5,94073,M,4876090.0,240189.0,94
201400044749,14,9,21,1140,1,2,1,2.0,3,94021,M,4876440.0,236805.0,94
201400044750,14,9,24,750,1,2,2,1.0,6,94038,M,4876720.0,231910.0,94
201400044751,14,9,24,1130,1,2,2,1.0,6,94038,M,4877460.0,235474.0,94
201400044752,14,9,29,1030,1,2,1,1.0,2,94021,M,4876980.0,233756.0,94
201400044753,14,10,3,1845,1,2,1,1.0,7,94073,M,,,94
201400044754,14,10,14,1530,1,2,1,1.0,2,94065,M,,,94
201400044755,14,10,18,910,1,2,3,1.0,3,94065,M,,,94
201400044756,14,10,18,1700,5,2,9,1.0,3,94073,M,,,94
201400044757,14,10,20,1010,1,2,2,1.0,3,94065,M,,,94
201400044758,14,10,24,1320,1,2,1,1.0,6,94021,M,,,94
201400044759,14,10,24,1800,2,2,1,2.0,6,94073,M,,,94
201400044760,14,10,28,405,2,1,1,9.0,3,94021,M,,,94
201400044761,14,10,30,1830,5,2,9,1.0,2,94038,M,,,94
201400044762,14,11,3,910,1,2,1,1.0,3,94038,M,,,94
201400044763,14,11,4,1730,5,2,1,1.0,3,94073,M,,,94
201400044764,14,11,6,945,1,2,1,1.0,6,94021,M,,,94
201400044765,14,11,9,1200,1,1,1,2.0,7,94073,M,4875360.0,237619.0,94
201400044766,14,11,15,1015,1,1,1,8.0,3,94065,M,,,94
201400044767,14,11,17,1013,1,2,1,1.0,6,94038,M,,,94
201400044768,14,11,18,1345,1,2,1,2.0,6,94034,M,,,94
201400044769,14,11,18,1530,1,1,1,8.0,3,94021,M,,,94
201400044770,14,11,21,1725,2,2,9,1.0,7,94065,M,,,94
201400044771,14,11,22,1745,2,2,9,1.0,6,94073,M,,,94
201400044772,14,11,22,2213,5,2,9,1.0,3,94065,M,,,94
201400044773,14,11,23,1240,1,2,1,1.0,6,94038,M,,,94
201400044774,14,11,23,1918,5,2,1,1.0,5,94021,M,,,94
201400044775,14,11,24,1830,5,2,3,1.0,6,94065,M,,,94
201400044776,14,11,26,1830,5,2,1,1.0,3,94021,M,,,94
201400044777,14,11,26,1940,5,2,1,1.0,6,94038,M,,,94
201400044778,14,11,28,1310,1,2,1,1.0,6,94073,M,,,94
201400044779,14,11,30,1630,2,1,1,1.0,6,94073,M,4875380.0,237299.0,94
201400044780,14,12,3,1100,1,1,9,2.0,2,94073,M,,,94
201400044781,14,12,5,2107,5,2,2,1.0,3,94038,M,,,94
201400044782,14,12,6,1730,5,2,1,1.0,1,94038,M,4876910.0,232121.0,94
201400044783,14,12,7,1500,1,1,9,2.0,6,94073,M,4875370.0,237616.0,94
201400044784,14,12,9,715,2,2,1,1.0,6,94034,M,,,94
201400044785,14,12,9,725,1,2,1,1.0,6,94065,M,,,94
201400044786,14,12,11,1920,2,2,1,1.0,3,94065,M,,,94
201400044787,14,12,12,2025,5,2,1,3.0,2,94073,M,,,94
201400044788,14,12,16,1000,1,2,1,2.0,2,94065,M,,,94
201400044789,14,12,16,2345,5,2,2,1.0,1,94038,M,,,94
201400044790,14,12,17,930,1,2,1,2.0,6,94038,M,,,94
201400044791,14,12,17,1905,5,1,9,1.0,2,94065,M,,,94
201400044792,14,12,18,900,1,1,6,9.0,3,94038,M,,,94
201400044793,14,12,22,1455,1,2,3,1.0,3,94065,M,,,94
201400044794,14,12,28,1705,2,2,1,1.0,3,94038,M,,,94
201400044795,14,12,28,2325,5,2,1,1.0,4,94021,M,,,94
201400044796,14,12,29,1655,2,1,9,1.0,3,94073,M,,,94
201400044797,14,12,30,2240,5,2,2,1.0,3,94038,M,,,94
201400044798,14,12,31,1500,1,2,2,1.0,6,94038,M,,,94
201400044799,14,1,10,805,2,2,2,1.0,3,94041,M,4881060.0,237997.0,94
201400044800,14,1,10,1445,1,2,4,1.0,3,94041,M,4880750.0,238375.0,94
201400044801,14,1,7,25,5,2,1,2.0,7,94041,M,4880990.0,239947.0,94
201400044802,14,1,9,630,3,2,2,8.0,7,94041,M,4881680.0,238569.0,94
201400044803,14,1,21,1720,5,2,1,1.0,6,94041,M,4880840.0,237370.0,94
201400044804,14,1,10,1015,1,2,1,1.0,7,94041,M,4881760.0,237352.0,94
201400044805,14,1,29,925,1,2,3,2.0,2,94041,M,4881750.0,240446.0,94
201400044806,14,8,11,2351,5,2,3,1.0,3,94041,M,4882240.0,239257.0,94
201400044807,14,2,1,2150,5,2,2,1.0,3,94041,M,4881580.0,238303.0,94
201400044808,14,2,3,2250,5,2,3,1.0,3,94041,M,4881130.0,238396.0,94
201400044809,14,2,5,720,5,2,1,8.0,6,94041,M,4881240.0,240279.0,94
201400044810,14,2,5,1410,1,2,2,1.0,3,94041,M,4880680.0,237496.0,94
201400044811,14,2,11,1725,2,2,3,2.0,6,94041,M,4880930.0,238645.0,94
201400044812,14,2,12,940,1,2,2,1.0,3,94041,M,4881980.0,239822.0,94
201400044813,14,2,14,830,1,2,1,2.0,6,94041,M,4881270.0,238596.0,94
201400044814,14,2,14,1515,1,2,3,1.0,2,94041,M,4881350.0,238517.0,94
201400044815,14,2,25,138,3,2,1,1.0,3,94041,M,4881840.0,237063.0,94
201400044816,14,1,23,1130,1,2,1,8.0,2,94041,M,4880910.0,238565.0,94
201400044817,14,8,24,1310,1,2,2,1.0,3,94041,M,4881950.0,239793.0,94
201400044818,14,3,2,1340,1,2,3,1.0,3,94076,M,4879910.0,235514.0,94
201400044819,14,3,7,1,5,2,3,1.0,2,94041,M,4882510.0,238877.0,94
201400044820,14,3,8,30,5,1,1,1.0,2,94041,M,4881130.0,238300.0,94
201400044821,14,8,28,1800,1,2,1,1.0,3,94041,M,4881770.0,237561.0,94
201400044822,14,3,13,740,1,2,3,1.0,6,94041,M,4881360.0,238909.0,94
201400044823,14,10,28,930,1,2,1,2.0,3,94041,M,,,94
201400044824,14,3,19,2010,5,2,1,1.0,6,94041,M,4881790.0,240244.0,94
201400044825,14,11,3,1910,5,2,1,3.0,2,94041,M,,,94
201400044826,14,11,9,1835,5,2,1,1.0,1,94041,M,,,94
201400044827,14,1,31,1445,1,2,2,1.0,3,94041,M,4881810.0,239797.0,94
201400044828,14,3,21,1010,1,2,2,2.0,2,94041,M,4881290.0,237038.0,94
201400044829,14,11,29,2315,5,2,1,1.0,3,94041,M,,,94
201400044830,14,3,25,1700,1,2,2,2.0,6,94041,M,4880500.0,237036.0,94
201400044831,14,9,4,940,1,2,3,1.0,3,94041,M,4881360.0,238909.0,94
201400044832,14,3,28,1750,1,1,1,9.0,3,94041,M,4881900.0,239473.0,94
201400044833,14,2,4,2000,5,2,2,1.0,3,94041,M,4881310.0,239362.0,94
201400044834,14,3,28,1715,1,2,1,1.0,6,94041,M,4881330.0,238539.0,94
201400044835,14,3,31,2305,5,2,1,1.0,3,94041,M,4881460.0,240801.0,94
201400044836,14,9,7,1,5,2,2,1.0,3,94041,M,4881930.0,239261.0,94
201400044837,14,2,7,920,1,2,3,1.0,6,94041,M,4881480.0,237465.0,94
201400044838,14,4,5,1350,1,2,1,1.0,6,94041,M,4880380.0,238400.0,94
201400044839,14,9,9,830,1,2,1,1.0,3,94041,M,4881690.0,238597.0,94
201400044840,14,4,9,2320,5,2,1,1.0,6,94041,M,4881420.0,238990.0,94
201400044841,14,4,8,810,1,2,1,1.0,7,94041,M,4881070.0,239835.0,94
201400044842,14,2,11,1855,5,2,3,2.0,6,94041,M,4881460.0,240712.0,94
201400044843,14,4,26,1820,1,2,1,2.0,2,94041,M,4881740.0,239661.0,94
201400044844,14,9,15,1345,1,2,2,1.0,3,94041,M,4881760.0,239862.0,94
201400044845,14,9,17,1400,1,2,2,1.0,2,94041,M,4881730.0,236691.0,94
201400044846,14,5,8,2010,2,2,2,2.0,3,94041,M,4881880.0,239914.0,94
201400044847,14,5,7,1510,1,2,3,3.0,6,94041,M,4881180.0,239078.0,94
201400044848,14,5,12,2200,5,1,3,1.0,7,94041,M,4881340.0,240900.0,94
201400044849,14,9,19,1745,1,2,1,1.0,3,94041,M,4881490.0,240171.0,94
201400044850,14,5,18,810,1,2,2,1.0,3,94041,M,4881380.0,239543.0,94
201400044851,14,5,16,1020,1,2,3,1.0,3,94041,M,4882240.0,239257.0,94
201400044852,14,9,20,1915,2,2,3,2.0,6,94041,M,4880720.0,239106.0,94
201400044853,14,5,19,1810,1,2,1,1.0,3,94041,M,4881210.0,238564.0,94
201400044854,14,9,21,405,5,2,3,2.0,3,94041,M,4881810.0,239797.0,94
201400044855,14,9,24,1750,1,2,1,1.0,6,94041,M,4880720.0,237464.0,94
201400044856,14,2,26,800,1,2,3,8.0,6,94041,M,4880860.0,238745.0,94
201400044857,14,2,26,1340,1,2,3,1.0,1,94041,M,4881330.0,238834.0,94
201400044858,14,2,28,1740,1,2,1,2.0,2,94041,M,4881330.0,238834.0,94
201400044859,14,9,27,1925,1,2,5,1.0,3,94041,M,4881760.0,238157.0,94
201400044860,14,6,12,2045,2,2,6,7.0,1,94041,M,4880530.0,238881.0,94
201400044861,14,3,2,1004,1,2,1,1.0,6,94041,M,4881750.0,237421.0,94
201400044862,14,10,2,1805,1,2,7,1.0,6,94041,M,,,94
201400044863,14,7,16,1025,1,2,2,1.0,6,94041,M,4881520.0,237563.0,94
201400044864,14,7,18,1620,1,2,1,7.0,6,94041,M,4881350.0,238517.0,94
201400044865,14,7,18,2045,1,2,2,1.0,6,94041,M,4881400.0,240747.0,94
201400044866,14,7,19,1120,1,2,3,1.0,3,94041,M,4881760.0,239862.0,94
201400044867,14,7,30,1505,1,2,3,1.0,3,94041,M,4880830.0,238308.0,94
201400044868,14,10,14,820,1,2,1,1.0,1,94041,M,,,94
201400044869,14,8,1,1745,1,2,2,1.0,2,94041,M,4881730.0,236691.0,94
201400044870,14,10,16,1330,1,2,1,1.0,3,94041,M,,,94
201400044871,14,8,14,925,1,2,1,1.0,6,94041,M,4881310.0,237765.0,94
201400044872,14,10,19,130,5,2,9,1.0,6,94041,M,,,94
201400044873,14,10,27,1800,5,2,1,1.0,7,94041,M,,,94
201400044874,14,10,27,1750,5,2,1,1.0,6,94041,M,,,94
201400044875,14,9,18,2310,5,2,2,1.0,6,94041,M,4881580.0,237275.0,94
201400044876,14,10,31,1730,2,2,1,1.0,2,94041,M,,,94
201400044877,14,10,15,1320,1,2,1,2.0,6,94041,M,,,94
201400044878,14,11,8,1800,5,2,1,1.0,3,94041,M,,,94
201400044879,14,4,12,2010,2,2,2,1.0,3,94041,M,4881290.0,237038.0,94
201400044880,14,11,10,1935,5,2,1,1.0,3,94041,M,,,94
201400044881,14,4,14,1528,1,2,1,1.0,1,94041,M,4881010.0,240358.0,94
201400044882,14,11,6,1900,5,2,1,1.0,2,94041,M,,,94
201400044883,14,11,19,2135,5,2,2,1.0,1,94041,M,,,94
201400044884,14,10,10,910,1,2,1,1.0,6,94041,M,,,94
201400044885,14,12,3,1815,5,2,3,1.0,1,94041,M,,,94
201400044886,14,4,28,1735,1,2,1,1.0,6,94041,M,4880720.0,237601.0,94
201400044887,14,12,8,1835,5,1,2,2.0,6,94041,M,,,94
201400044888,14,12,2,1720,5,2,1,2.0,6,94041,M,,,94
201400044889,14,12,12,2250,5,2,6,2.0,7,94041,M,,,94
201400044890,14,5,3,1430,1,2,1,1.0,6,94041,M,4881290.0,238876.0,94
201400044891,14,12,19,1755,5,2,1,2.0,2,94041,M,,,94
201400044892,14,12,20,1710,5,2,3,2.0,1,94041,M,,,94
201400044893,14,12,5,820,1,2,8,1.0,6,94041,M,,,94
201400044894,14,12,28,635,5,2,1,1.0,5,94041,M,,,94
201400044895,14,12,15,630,5,2,2,1.0,3,94041,M,,,94
201400044896,14,5,22,1840,1,2,1,8.0,6,94041,M,4881380.0,236958.0,94
201400044897,14,5,22,1805,1,2,1,1.0,6,94041,M,4881720.0,237205.0,94
201400044898,14,5,23,1225,1,2,1,2.0,6,94041,M,4881210.0,238737.0,94
201400044899,14,5,23,2100,1,2,1,1.0,6,94041,M,4881630.0,239259.0,94
201400044900,14,12,22,1820,5,2,1,1.0,5,94041,M,,,94
201400044901,14,12,27,1020,1,2,1,1.0,2,94041,M,,,94
201400044902,14,12,28,2230,5,2,1,1.0,2,94041,M,,,94
201400044903,14,6,6,1800,1,2,3,1.0,3,94041,M,4881740.0,238089.0,94
201400044904,14,6,9,420,3,2,1,1.0,2,94041,M,4882010.0,239659.0,94
201400044905,14,6,16,1230,1,2,1,1.0,3,94041,M,4881550.0,240099.0,94
201400044906,14,6,20,2015,1,2,3,1.0,3,94041,M,4880560.0,238441.0,94
201400044907,14,6,28,2015,1,2,6,3.0,3,94041,M,4881460.0,240209.0,94
201400044908,14,7,2,1700,1,2,1,1.0,3,94041,M,4881110.0,238338.0,94
201400044909,14,7,9,1820,1,2,1,2.0,3,94041,M,4880500.0,239426.0,94
201400044910,14,7,9,2320,5,2,2,2.0,3,94041,M,4881060.0,237997.0,94
201400044911,14,7,12,1200,1,2,2,1.0,2,94041,M,4880340.0,238290.0,94
201400044912,14,7,24,1737,1,2,1,1.0,2,94041,M,4881230.0,238612.0,94
201400044913,14,7,24,2100,1,2,3,1.0,2,94041,M,4881160.0,238713.0,94
201400044914,14,7,25,1325,1,2,2,1.0,3,94041,M,4881520.0,237563.0,94
201400044915,14,7,27,1930,1,2,1,1.0,6,94041,M,4881400.0,238959.0,94
201400044916,14,3,24,1200,1,2,1,1.0,3,94046,M,4881130.0,242284.0,94
201400044917,14,12,5,1240,1,2,1,1.0,6,94046,M,,,94
201400044918,14,11,5,1815,5,2,2,1.0,3,94046,M,,,94
201400044919,14,2,11,1830,5,2,3,3.0,3,94046,M,4880180.0,243239.0,94
201400044920,14,1,22,1830,2,2,2,2.0,3,94046,M,4880860.0,245077.0,94
201400044921,14,8,21,1030,1,2,2,1.0,3,94046,M,4880990.0,244349.0,94
201400044922,14,6,19,1620,1,2,3,1.0,6,94046,M,4880270.0,242871.0,94
201400044923,14,6,20,1920,1,2,2,1.0,3,94046,M,4880990.0,244589.0,94
201400044924,14,6,28,1045,1,2,1,1.0,6,94046,M,4880720.0,243823.0,94
201400044925,14,10,14,1530,1,2,1,1.0,3,94046,M,,,94
201400044926,14,1,16,725,2,2,1,2.0,6,94046,M,4880020.0,242860.0,94
201400044927,14,11,29,1700,2,2,2,1.0,3,94046,M,,,94
201400044928,14,1,27,1745,1,2,2,2.0,2,94046,M,4880710.0,242547.0,94
201400044929,14,10,1,1100,1,2,2,1.0,3,94046,M,,,94
201400044930,14,10,15,1715,1,2,1,2.0,2,94046,M,,,94
201400044931,14,12,7,1855,5,2,3,2.0,3,94046,M,,,94
201400044932,14,4,5,1730,1,2,3,1.0,3,94046,M,4881280.0,242766.0,94
201400044933,14,4,4,1615,1,2,2,1.0,6,94046,M,4881140.0,244011.0,94
201400044934,14,4,9,1730,1,2,3,1.0,3,94046,M,4881370.0,242138.0,94
201400044935,14,2,26,1730,1,2,2,1.0,3,94046,M,4881010.0,243742.0,94
201400044936,14,4,30,1635,1,2,1,1.0,6,94046,M,4879160.0,243484.0,94
201400044937,14,12,9,1825,5,2,2,1.0,6,94046,M,,,94
201400044938,14,5,16,1730,1,2,4,1.0,2,94046,M,4879850.0,243354.0,94
201400044939,14,6,6,1035,1,2,1,1.0,6,94046,M,4880990.0,243307.0,94
201400044940,14,9,1,1510,1,2,2,1.0,3,94046,M,4881330.0,244977.0,94
201400044941,14,7,7,2050,1,2,3,2.0,2,94046,M,4879360.0,243245.0,94
201400044942,14,4,7,1800,1,2,1,1.0,3,94046,M,4881350.0,244366.0,94
201400044943,14,4,7,2340,3,2,2,1.0,3,94046,M,4881000.0,245556.0,94
201400044944,14,7,19,1730,1,2,2,1.0,6,94046,M,4880590.0,245522.0,94
201400044945,14,2,24,1210,1,1,1,1.0,6,94046,M,4881540.0,243110.0,94
201400044946,14,7,11,850,1,2,1,1.0,2,94046,M,4881490.0,242216.0,94
201400044947,14,8,5,2320,5,2,2,1.0,6,94046,M,4880660.0,244335.0,94
201400044948,14,1,16,1025,1,2,3,2.0,3,94046,M,4881000.0,244282.0,94
201400044949,14,10,27,1855,5,2,1,1.0,3,94046,M,,,94
201400044950,14,4,9,1245,1,2,3,1.0,6,94046,M,4879330.0,243441.0,94
201400044951,14,5,23,1050,1,2,3,1.0,6,94046,M,4881240.0,242824.0,94
201400044952,14,7,21,2130,2,2,2,1.0,3,94046,M,4881090.0,243473.0,94
201400044953,14,2,17,850,1,2,2,1.0,3,94046,M,4881010.0,243742.0,94