Num_Acc,an,mois,jour,hrmn,lum,agg,int,atm,col,com,gps,lat,long,dep
201400044954,14,10,1,1910,1,2,3,1.0,3,94046,M,,,94
201400044955,14,9,28,1020,1,2,2,1.0,6,94046,M,4880830.0,243614.0,94
201400044956,14,10,7,935,1,2,1,2.0,3,94046,M,,,94
201400044957,14,1,20,1840,5,2,1,2.0,6,94046,M,4881430.0,242098.0,94
201400044958,14,11,18,1345,1,2,1,1.0,6,94046,M,,,94
201400044959,14,4,12,1940,2,2,3,1.0,3,94046,M,4881430.0,242366.0,94
201400044960,14,7,16,1055,1,2,1,1.0,1,94046,M,4880340.0,243351.0,94
201400044961,14,11,24,1630,1,2,1,1.0,2,94046,M,,,94
201400044962,14,4,15,1930,2,2,2,1.0,3,94046,M,4880660.0,244335.0,94
201400044963,14,12,5,855,1,2,1,1.0,4,94046,M,,,94
201400044964,14,7,4,1330,1,2,1,2.0,7,94046,M,4879270.0,243455.0,94
201400044965,14,1,18,1805,2,2,3,1.0,6,94046,M,4879430.0,243415.0,94
201400044966,14,6,4,2120,2,2,5,1.0,3,94046,M,4880660.0,244335.0,94
201400044967,14,12,18,1805,5,2,1,2.0,6,94046,M,,,94
201400044968,14,12,15,925,1,2,1,1.0,6,94046,M,,,94
201400044969,14,12,22,1840,5,2,1,1.0,3,94046,M,,,94
201400044970,14,12,23,1710,5,2,1,1.0,6,94046,M,,,94
201400044971,14,3,6,1310,1,1,2,1.0,3,94046,M,4880450.0,243247.0,94
201400044972,14,6,13,10,3,2,2,1.0,3,94046,M,4881340.0,244671.0,94
201400044973,14,3,26,1230,1,2,1,1.0,3,94046,M,4880980.0,242380.0,94
201400044974,14,9,27,1740,1,2,2,1.0,3,94046,M,4880740.0,244340.0,94
201400044975,14,12,30,1100,1,2,3,1.0,6,94046,M,,,94
201400044976,14,1,26,1035,1,2,3,1.0,6,94046,M,4879950.0,243261.0,94
201400044977,14,6,6,1035,1,2,1,1.0,6,94046,M,4880990.0,243307.0,94
201400044978,14,6,9,1550,1,2,2,2.0,3,94046,M,4880580.0,244087.0,94
201400044979,14,6,10,1550,1,2,3,1.0,6,94046,M,4881090.0,242637.0,94
201400044980,14,9,16,1005,1,2,3,1.0,3,94046,M,4881280.0,242195.0,94
201400044981,14,4,21,1515,1,2,1,1.0,2,94046,M,4880740.0,242529.0,94
201400044982,14,3,12,1450,1,2,2,1.0,3,94046,M,4880930.0,243682.0,94
201400044983,14,9,27,2115,5,2,1,1.0,2,94046,M,4880830.0,243647.0,94
201400044984,14,8,7,1900,1,2,1,1.0,6,94046,M,4880990.0,244484.0,94
201400044985,14,5,2,1315,1,2,1,1.0,6,94046,M,4879740.0,243980.0,94
201400044986,14,10,2,1630,1,2,1,1.0,2,94046,M,,,94
201400044987,14,9,11,1020,1,2,3,1.0,6,94046,M,4880280.0,242852.0,94
201400044988,14,10,6,1510,1,2,1,1.0,2,94046,M,,,94
201400044989,14,6,24,1950,1,2,3,1.0,3,94046,M,4880230.0,243484.0,94
201400044990,14,6,20,1905,1,2,1,1.0,3,94046,M,4881640.0,241960.0,94
201400044991,14,11,10,1140,1,2,1,1.0,6,94046,M,,,94
201400044992,14,11,11,2000,5,2,1,1.0,6,94046,M,,,94
201400044993,14,11,17,810,1,2,1,1.0,6,94046,M,,,94
201400044994,14,11,26,2125,5,2,2,1.0,3,94046,M,,,94
201400044995,14,11,27,2240,5,2,1,1.0,6,94046,M,,,94
201400044996,14,6,11,1150,1,2,1,1.0,3,94042,M,4882010.0,247534.0,94
201400044997,14,6,11,2110,1,2,1,1.0,2,94042,M,4881350.0,246556.0,94
201400044998,14,1,3,1310,1,2,2,1.0,3,94052,M,4883560.0,249382.0,94
201400044999,14,6,12,1940,1,2,2,1.0,6,94052,M,4883820.0,248499.0,94
201400045000,14,6,13,5,5,2,1,1.0,3,94052,M,4883640.0,247554.0,94
201400045001,14,11,27,1925,3,2,1,1.0,3,94052,M,,,94
201400045002,14,2,8,1525,1,2,1,1.0,2,94058,M,4885070.0,249366.0,94
201400045003,14,11,28,1010,1,2,1,1.0,2,94058,M,,,94
201400045004,14,1,11,100,5,2,2,2.0,6,94042,M,4882020.0,246704.0,94
201400045005,14,12,5,1505,1,2,1,8.0,6,94058,M,,,94
201400045006,14,12,7,1820,5,2,1,2.0,6,94042,M,,,94
201400045007,14,12,8,2020,5,2,9,2.0,3,94058,M,,,94
201400045008,14,12,9,800,2,2,4,1.0,7,94052,M,,,94
201400045009,14,5,22,2240,5,2,2,1.0,3,94042,M,4881500.0,246302.0,94
201400045010,14,1,15,1450,1,2,1,2.0,6,94058,M,4883990.0,249677.0,94
201400045011,14,12,9,1910,5,2,1,1.0,6,94058,M,,,94
201400045012,14,6,24,1745,1,2,2,1.0,6,94058,M,4884320.0,250342.0,94
201400045013,14,6,25,1325,1,2,2,1.0,2,94052,M,4883920.0,248942.0,94
201400045014,14,6,27,640,1,2,2,1.0,6,94015,M,4884440.0,252589.0,94
201400045015,14,1,18,1100,1,2,2,1.0,3,94052,M,4883770.0,248763.0,94
201400045016,14,12,13,730,5,2,1,3.0,6,94052,M,,,94
201400045017,14,6,27,1915,1,2,1,1.0,3,94042,M,4882010.0,247732.0,94
201400045018,14,6,28,1650,1,2,1,2.0,2,94052,M,4883790.0,247774.0,94
201400045019,14,12,14,1810,5,2,1,5.0,6,94058,M,,,94
201400045020,14,12,15,835,2,2,5,2.0,6,94042,M,,,94
201400045021,14,6,29,1710,1,2,3,1.0,1,94042,M,4882010.0,247841.0,94
201400045022,14,12,17,1530,1,2,1,3.0,3,94058,M,,,94
201400045023,14,1,22,2010,5,2,4,2.0,4,94058,M,4884110.0,249848.0,94
201400045024,14,12,19,845,1,2,1,1.0,3,94052,M,,,94
201400045025,14,7,3,325,5,2,5,1.0,2,94042,M,4881500.0,246302.0,94
201400045026,14,7,3,1222,1,2,3,1.0,3,94058,M,4883480.0,250678.0,94
201400045027,14,9,1,1350,1,2,2,1.0,3,94058,M,4883260.0,250601.0,94
201400045028,14,12,20,1905,5,2,3,1.0,6,94058,M,,,94
201400045029,14,7,4,1930,1,1,1,1.0,6,94058,M,4884070.0,250512.0,94
201400045030,14,1,27,1520,1,2,3,1.0,1,94015,M,4882940.0,251760.0,94
201400045031,14,1,29,740,2,2,3,2.0,1,94015,M,4883740.0,251847.0,94
201400045032,14,7,8,1655,1,2,1,1.0,6,94058,M,4884380.0,250271.0,94
201400045033,14,1,30,825,1,2,3,1.0,6,94058,M,4885010.0,250043.0,94
201400045034,14,10,23,1835,2,2,2,1.0,3,94042,M,,,94
201400045035,14,7,14,2110,1,2,2,1.0,6,94058,M,4884320.0,250342.0,94
201400045036,14,7,15,935,1,2,2,1.0,2,94042,M,4882020.0,246704.0,94
201400045037,14,2,4,1735,1,2,3,1.0,6,94015,M,4883840.0,251868.0,94
201400045038,14,2,4,2010,5,2,2,1.0,6,94058,M,4885010.0,249456.0,94
201400045039,14,2,4,1915,5,2,5,1.0,2,94042,M,4882020.0,246727.0,94
201400045040,14,7,18,1545,1,2,1,1.0,3,94058,M,4885140.0,250652.0,94
201400045041,14,2,12,1220,1,2,1,1.0,3,94058,M,4883460.0,250406.0,94
201400045042,14,2,15,1720,1,2,1,8.0,2,94052,M,4882890.0,246649.0,94
201400045043,14,2,16,1345,1,2,2,1.0,6,94052,M,4883830.0,249350.0,94
201400045044,14,2,22,11,5,2,3,1.0,3,94052,M,4883710.0,247655.0,94
201400045045,14,2,23,1430,1,2,2,1.0,3,94052,M,4883340.0,248929.0,94
201400045046,14,2,24,1215,1,2,2,1.0,6,94052,M,4883560.0,249382.0,94
201400045047,14,8,14,1600,1,2,2,1.0,3,94058,M,4883720.0,251366.0,94
201400045048,14,3,4,1315,1,2,1,1.0,6,94042,M,4881790.0,246652.0,94
201400045049,14,3,5,1125,1,2,3,1.0,6,94052,M,4883710.0,248458.0,94
201400045050,14,8,20,1620,1,2,1,8.0,3,94058,M,4885170.0,250792.0,94
201400045051,14,8,24,1440,1,2,3,1.0,2,94042,M,4881770.0,246766.0,94
201400045052,14,3,10,1705,1,2,2,1.0,6,94052,M,4883560.0,249370.0,94
201400045053,14,3,10,2150,5,2,2,1.0,3,94058,M,4884680.0,249687.0,94
201400045054,14,8,27,1100,1,2,2,1.0,1,94015,M,4883950.0,252342.0,94
201400045055,14,9,1,910,1,2,3,1.0,3,94052,M,4883650.0,248214.0,94
201400045056,14,3,17,850,1,2,1,1.0,6,94052,M,4883310.0,248464.0,94
201400045057,14,3,18,1300,1,2,1,1.0,2,94052,M,4883130.0,249299.0,94
201400045058,14,9,3,1750,1,2,3,1.0,3,94042,M,4882010.0,247721.0,94
201400045059,14,3,19,1245,1,2,2,1.0,2,94042,M,4882020.0,246704.0,94
201400045060,14,3,20,1850,2,2,3,1.0,6,94058,M,4884340.0,250368.0,94
201400045061,14,9,8,1305,1,2,3,1.0,4,94042,M,4881350.0,246541.0,94
201400045062,14,3,25,1300,1,2,1,2.0,1,94015,M,4883280.0,252850.0,94
201400045063,14,9,10,700,2,2,1,1.0,6,94052,M,4883650.0,248614.0,94
201400045064,14,3,25,1855,2,2,2,9.0,3,94058,M,4883720.0,251099.0,94
201400045065,14,3,26,1640,1,2,1,1.0,6,94042,M,4882230.0,246486.0,94
201400045066,14,9,12,1225,1,2,3,1.0,3,94058,M,4885240.0,251143.0,94
201400045067,14,3,28,1500,1,2,2,1.0,3,94042,M,4881980.0,246439.0,94
201400045068,14,3,28,1700,1,2,1,1.0,6,94042,M,4881280.0,246665.0,94
201400045069,14,3,29,2100,5,2,2,1.0,3,94052,M,4884130.0,248278.0,94
201400045070,14,9,16,1740,1,2,1,1.0,3,94052,M,4883830.0,248972.0,94
201400045071,14,9,18,1330,1,2,2,1.0,5,94015,M,4883250.0,253156.0,94
201400045072,14,4,3,825,1,2,3,1.0,3,94052,M,4884190.0,248377.0,94
201400045073,14,4,4,1155,1,2,1,1.0,3,94052,M,4883630.0,248267.0,94
201400045074,14,4,4,1605,1,2,2,1.0,3,94058,M,4883510.0,250128.0,94
201400045075,14,9,21,1440,1,2,3,8.0,2,94052,M,4883600.0,248814.0,94
201400045076,14,9,22,745,1,2,3,1.0,3,94042,M,4882410.0,246895.0,94
201400045077,14,4,5,1550,1,2,2,1.0,3,94052,M,4883830.0,249251.0,94
201400045078,14,9,23,815,1,2,1,1.0,3,94058,M,4884770.0,249658.0,94
201400045079,14,4,8,800,1,2,2,1.0,6,94015,M,4883890.0,253766.0,94
201400045080,14,4,8,1810,1,2,1,1.0,6,94058,M,4885110.0,250501.0,94
201400045081,14,9,26,1145,1,2,2,1.0,6,94058,M,4884320.0,250342.0,94
201400045082,14,9,27,1210,1,2,3,1.0,6,94052,M,4883410.0,249282.0,94
201400045083,14,4,10,1505,1,2,3,1.0,3,94058,M,4885130.0,251081.0,94
201400045084,14,9,28,1140,1,2,1,1.0,2,94042,M,4881770.0,246676.0,94
201400045085,14,4,14,1720,1,2,2,1.0,3,94033,M,4884740.0,247877.0,94
201400045086,14,4,18,2130,5,2,2,1.0,1,94042,M,4882010.0,247721.0,94
201400045087,14,4,19,2305,5,2,2,1.0,3,94015,M,4884520.0,251317.0,94
201400045088,14,4,20,1715,1,2,2,1.0,3,94052,M,4883600.0,247144.0,94
201400045089,14,10,8,920,1,2,1,3.0,6,94042,M,,,94
201400045090,14,10,8,1230,1,2,9,1.0,6,94042,M,,,94
201400045091,14,10,9,915,1,2,1,1.0,3,94042,M,,,94
201400045092,14,10,10,1325,1,2,1,1.0,3,94042,M,,,94
201400045093,14,10,14,50,5,2,1,1.0,3,94042,M,,,94
201400045094,14,10,14,1745,1,2,3,1.0,6,94058,M,,,94
201400045095,14,5,16,1148,1,2,1,1.0,3,94015,M,4883280.0,252902.0,94
201400045096,14,4,30,1325,1,2,1,1.0,3,94052,M,4884590.0,249026.0,94
201400045097,14,5,1,2015,5,2,5,2.0,2,94042,M,4882010.0,247438.0,94
201400045098,14,10,17,2310,5,2,1,1.0,3,94052,M,,,94
201400045099,14,10,19,1720,1,2,6,1.0,3,94042,M,,,94
201400045100,14,10,20,940,1,2,1,1.0,6,94058,M,,,94
201400045101,14,10,21,710,5,2,2,8.0,6,94015,M,,,94
201400045102,14,10,21,820,2,2,3,8.0,3,94052,M,,,94
201400045103,14,5,6,320,5,2,2,1.0,3,94052,M,4883560.0,249382.0,94
201400045104,14,5,6,820,1,2,1,2.0,6,94058,M,4883490.0,250471.0,94
201400045105,14,5,12,1145,1,2,2,1.0,3,94058,M,4883530.0,249785.0,94
201400045106,14,10,30,1600,1,2,3,1.0,2,94015,M,,,94
201400045107,14,10,31,1400,1,2,1,1.0,6,94015,M,,,94
201400045108,14,10,31,1938,5,2,1,1.0,4,94015,M,,,94
201400045109,14,5,16,1750,1,2,2,1.0,3,94058,M,4884610.0,250723.0,94
201400045110,14,11,3,745,1,2,2,1.0,3,94058,M,,,94
201400045111,14,11,4,850,1,2,3,1.0,6,94052,M,,,94
201400045112,14,11,4,1216,1,1,1,1.0,6,94052,M,,,94
201400045113,14,5,22,906,1,2,1,1.0,3,94058,M,4884390.0,250422.0,94
201400045114,14,11,5,1250,1,2,1,1.0,3,94052,M,,,94
201400045115,14,5,22,1800,1,2,1,1.0,3,94052,M,4883610.0,247494.0,94
201400045116,14,11,6,920,1,2,2,1.0,2,94052,M,4883550.0,249405.0,94
201400045117,14,5,23,2230,5,2,6,2.0,4,94058,M,4884930.0,249598.0,94
201400045118,14,5,26,845,1,2,1,2.0,2,94052,M,4883830.0,249046.0,94
201400045119,14,5,30,935,1,2,7,1.0,3,94058,M,4884920.0,249601.0,94
201400045120,14,5,30,1805,1,2,1,1.0,3,94052,M,4883380.0,247199.0,94
201400045121,14,6,1,1830,1,2,3,1.0,6,94058,M,4884100.0,251193.0,94
201400045122,14,6,4,945,1,2,2,3.0,3,94042,M,4882170.0,247289.0,94
201400045123,14,6,5,1630,1,2,1,1.0,6,94058,M,4883800.0,251000.0,94
201400045124,14,6,7,655,1,2,3,1.0,4,94042,M,4882080.0,246426.0,94
201400045125,14,1,8,800,1,2,2,1.0,6,94068,M,4880710.0,250902.0,94
201400045126,14,1,11,605,5,2,2,8.0,3,94068,M,4879830.0,251686.0,94
201400045127,14,1,14,1820,5,2,1,1.0,2,94068,M,4879820.0,247825.0,94
201400045128,14,1,16,1730,5,2,1,2.0,3,94068,M,4880610.0,250888.0,94
201400045129,14,1,17,740,5,2,2,1.0,3,94068,M,4878790.0,250264.0,94
201400045130,14,1,20,1250,1,1,2,1.0,3,94068,M,4879570.0,248825.0,94
201400045131,14,1,21,1010,1,2,1,1.0,3,94068,M,4880020.0,250490.0,94
201400045132,14,1,22,1330,1,2,2,1.0,5,94068,M,4879800.0,249172.0,94
201400045133,14,1,23,1050,1,2,1,1.0,6,94068,M,4879430.0,249563.0,94
201400045134,14,1,23,1940,5,2,1,2.0,6,94068,M,4880100.0,247209.0,94
201400045135,14,2,10,1400,1,2,2,1.0,3,94068,M,4879210.0,249709.0,94
201400045136,14,2,12,1855,5,2,1,2.0,6,94068,M,4880140.0,249420.0,94
201400045137,14,2,17,955,1,2,2,1.0,3,94068,M,4880850.0,246420.0,94
201400045138,14,3,1,2320,5,2,5,2.0,3,94068,M,4879790.0,250284.0,94
201400045139,14,3,4,1645,1,2,3,1.0,6,94068,M,4880110.0,247218.0,94
201400045140,14,3,6,1228,1,2,5,1.0,3,94068,M,4879640.0,250671.0,94
201400045141,14,3,8,915,1,2,3,1.0,3,94068,M,4880440.0,250859.0,94
201400045142,14,3,11,955,1,2,1,1.0,2,94068,M,4879890.0,247380.0,94
201400045143,14,3,11,1845,5,2,1,1.0,3,94068,M,4880530.0,248330.0,94
201400045144,14,3,11,1925,5,2,2,1.0,3,94068,M,4880440.0,248612.0,94
201400045145,14,3,12,1640,1,2,3,1.0,2,94068,M,4878770.0,249142.0,94
201400045146,14,3,14,1845,1,2,4,1.0,3,94068,M,4878980.0,248443.0,94
201400045147,14,3,19,1850,5,2,3,1.0,3,94068,M,4879910.0,249964.0,94
201400045148,14,3,21,835,1,2,3,1.0,3,94068,M,4880410.0,247175.0,94
201400045149,14,4,2,1355,1,2,3,1.0,3,94068,M,4879670.0,250588.0,94
201400045150,14,4,5,1438,1,2,1,1.0,3,94068,M,4880110.0,247009.0,94
201400045151,14,4,8,1640,1,2,3,1.0,6,94068,M,4881250.0,247316.0,94
201400045152,14,4,11,1800,1,2,2,1.0,3,94068,M,4878720.0,248853.0,94
201400045153,14,4,12,1954,5,2,1,1.0,6,94068,M,4881010.0,249588.0,94
201400045154,14,4,12,1715,1,2,1,1.0,6,94068,M,4879220.0,251777.0,94
201400045155,14,4,22,1215,1,2,2,1.0,3,94068,M,4880570.0,249662.0,94
201400045156,14,4,26,1235,1,2,1,2.0,3,94068,M,4879160.0,251914.0,94
201400045157,14,5,4,1825,1,2,1,1.0,6,94068,M,4880510.0,251402.0,94
201400045158,14,4,26,2205,5,2,2,2.0,3,94068,M,4879850.0,251062.0,94
201400045159,14,5,15,1345,1,2,2,1.0,2,94068,M,4878910.0,249526.0,94
201400045160,14,5,17,1730,1,2,1,1.0,3,94068,M,4879780.0,250110.0,94
201400045161,14,5,18,1855,1,2,3,1.0,3,94068,M,4879630.0,247501.0,94
201400045162,14,5,22,2044,2,2,2,1.0,3,94068,M,4880220.0,249207.0,94
201400045163,14,5,24,1840,1,2,1,1.0,3,94068,M,4879840.0,250155.0,94
201400045164,14,6,2,1845,1,2,3,1.0,2,94068,M,4880420.0,248690.0,94
201400045165,14,6,12,1650,1,2,6,1.0,6,94068,M,4880210.0,249255.0,94
201400045166,14,6,13,1415,1,2,1,1.0,3,94068,M,4878610.0,249217.0,94
201400045167,14,6,17,1555,1,2,3,1.0,6,94068,M,4880320.0,248540.0,94
201400045168,14,6,18,1740,1,2,1,1.0,6,94068,M,4880830.0,250926.0,94
201400045169,14,6,19,1615,1,2,4,1.0,2,94068,M,4879900.0,247347.0,94
201400045170,14,6,27,1330,1,2,3,1.0,3,94068,M,4879070.0,249622.0,94
201400045171,14,6,27,2245,5,2,2,1.0,3,94068,M,4879360.0,250889.0,94
201400045172,14,7,4,1350,1,2,2,2.0,3,94068,M,4879430.0,250640.0,94
201400045173,14,7,4,1455,1,2,1,1.0,3,94068,M,4880860.0,250938.0,94
201400045174,14,7,10,925,1,2,2,3.0,2,94068,M,4881330.0,247878.0,94
201400045175,14,7,12,1625,1,2,2,1.0,3,94068,M,4879410.0,247711.0,94
201400045176,14,7,18,1310,1,2,1,1.0,3,94068,M,4880470.0,250869.0,94
201400045177,14,7,22,1710,1,2,2,1.0,3,94068,M,4879240.0,249157.0,94
201400045178,14,7,24,1200,1,2,2,1.0,3,94068,M,4878920.0,251750.0,94
201400045179,14,8,1,1720,1,2,2,1.0,3,94068,M,4879360.0,250889.0,94
201400045180,14,8,15,1448,1,2,1,1.0,6,94068,M,4878750.0,248074.0,94
201400045181,14,8,17,45,5,2,2,1.0,3,94068,M,4880390.0,250823.0,94
201400045182,14,8,23,1825,1,2,2,2.0,3,94068,M,4881100.0,246932.0,94
201400045183,14,8,28,1242,1,2,1,1.0,6,94068,M,4880330.0,248519.0,94
201400045184,14,8,31,945,1,2,2,1.0,3,94068,M,4878920.0,251750.0,94
201400045185,14,9,1,1500,1,2,3,1.0,3,94068,M,4880380.0,250936.0,94
201400045186,14,9,1,1915,1,2,1,1.0,3,94068,M,4881160.0,246897.0,94
201400045187,14,9,5,1325,1,2,2,1.0,3,94068,M,4880220.0,249207.0,94
201400045188,14,9,12,1625,1,2,2,1.0,3,94068,M,4880590.0,247293.0,94
201400045189,14,9,12,1905,1,2,2,1.0,3,94068,M,4880260.0,248458.0,94
201400045190,14,9,14,1700,1,2,2,1.0,6,94068,M,4879710.0,250493.0,94
201400045191,14,9,16,1100,1,2,2,1.0,3,94068,M,4879210.0,249709.0,94
201400045192,14,9,18,1000,1,2,2,1.0,3,94068,M,4878710.0,250547.0,94
201400045193,14,9,19,1950,5,2,1,1.0,5,94068,M,4880890.0,247240.0,94
201400045194,14,9,21,1240,1,2,4,2.0,3,94068,M,4880600.0,251194.0,94
201400045195,14,9,22,1130,1,2,2,1.0,3,94068,M,4879890.0,250714.0,94
201400045196,14,9,22,1120,1,2,1,1.0,6,94068,M,4880510.0,247744.0,94
201400045197,14,9,26,1810,1,2,5,1.0,3,94068,M,4879270.0,249745.0,94
201400045198,14,9,27,30,5,2,1,1.0,6,94068,M,4880300.0,250736.0,94
201400045199,14,10,3,900,1,2,1,1.0,6,94068,M,,,94
201400045200,14,10,10,750,1,2,9,1.0,3,94068,M,,,94
201400045201,14,10,10,1540,1,2,2,1.0,3,94068,M,,,94
201400045202,14,10,10,1910,5,2,2,1.0,3,94068,M,,,94
201400045203,14,10,13,1750,1,2,2,1.0,3,94068,M,,,94
201400045204,14,10,17,1215,1,2,2,2.0,3,94068,M,,,94
201400045205,14,10,21,1020,1,2,3,1.0,3,94068,M,,,94
201400045206,14,10,22,955,1,2,2,1.0,3,94068,M,,,94
201400045207,14,10,23,1825,5,2,2,1.0,3,94068,M,,,94
201400045208,14,10,28,1225,1,2,1,1.0,6,94068,M,,,94
201400045209,14,10,29,1235,1,2,2,1.0,3,94068,M,,,94
201400045210,14,11,3,910,1,2,1,1.0,4,94068,M,,,94
201400045211,14,11,12,1900,5,2,1,1.0,6,94068,M,,,94
201400045212,14,11,13,730,2,2,2,1.0,3,94068,M,,,94
201400045213,14,11,14,2205,5,2,2,1.0,3,94068,M,,,94
201400045214,14,11,17,1750,5,2,9,2.0,6,94068,M,,,94
201400045215,14,11,19,1410,1,2,1,1.0,6,94068,M,,,94
201400045216,14,11,21,1150,1,2,1,1.0,3,94068,M,,,94
201400045217,14,11,21,1720,5,2,2,1.0,3,94068,M,,,94
201400045218,14,11,22,1630,1,2,1,1.0,3,94068,M,,,94
201400045219,14,11,24,900,1,2,2,1.0,3,94068,M,,,94
201400045220,14,11,25,1920,5,2,1,1.0,4,94068,M,,,94
201400045221,14,11,27,1220,1,2,1,8.0,3,94068,M,,,94
201400045222,14,12,1,1925,5,2,9,2.0,3,94068,M,,,94
201400045223,14,12,3,1800,5,2,2,1.0,6,94068,M,,,94
201400045224,14,12,4,2045,5,2,2,1.0,3,94068,M,,,94
201400045225,14,12,8,1855,5,2,2,1.0,6,94068,M,,,94
201400045226,14,12,13,1740,5,2,1,2.0,6,94068,M,,,94
201400045227,14,12,13,1840,5,2,2,2.0,3,94068,M,,,94
201400045228,14,12,17,925,1,2,1,2.0,6,94068,M,,,94
201400045229,14,12,17,1520,1,2,4,2.0,3,94068,M,,,94
201400045230,14,12,17,1840,5,2,1,2.0,6,94068,M,,,94
201400045231,14,12,19,1130,1,2,1,2.0,5,94068,M,,,94
201400045232,14,12,23,1800,5,2,1,1.0,3,94068,M,,,94
201400045233,14,12,29,1100,1,2,2,1.0,3,94068,M,,,94
201400045234,14,1,16,1640,1,2,3,1.0,3,94068,M,4880400.0,247162.0,94
201400045235,14,1,20,1645,2,2,2,1.0,3,94068,M,4879360.0,250889.0,94
201400045236,14,1,22,2000,5,2,4,2.0,5,94068,M,4880440.0,247175.0,94
201400045237,14,1,26,225,5,2,2,1.0,3,94068,M,4879330.0,249783.0,94
201400045238,14,3,15,100,5,2,3,1.0,3,94068,M,4879890.0,251734.0,94
201400045239,14,3,22,15,5,2,4,1.0,3,94068,M,4880840.0,247122.0,94
201400045240,14,5,8,1,5,2,2,1.0,3,94068,M,4878600.0,249524.0,94
201400045241,14,5,9,1745,1,2,1,1.0,2,94068,M,4878820.0,249525.0,94
201400045242,14,6,6,2330,5,2,4,1.0,3,94068,M,4879900.0,247347.0,94
201400045243,14,7,7,1650,1,2,1,1.0,3,94068,M,4879570.0,249104.0,94
201400045244,14,7,12,1120,1,2,1,1.0,6,94068,M,4880810.0,251179.0,94
201400045245,14,7,16,1800,1,2,1,1.0,3,94068,M,4880710.0,247545.0,94
201400045246,14,7,25,1820,1,2,1,1.0,1,94068,M,4879390.0,251320.0,94
201400045247,14,8,3,1700,1,2,1,9.0,6,94068,M,4878710.0,248415.0,94
201400045248,14,8,20,935,1,2,2,1.0,4,94068,M,4879450.0,248569.0,94
201400045249,14,8,23,1605,1,2,6,1.0,3,94068,M,4880210.0,249255.0,94
201400045250,14,9,20,2335,5,2,1,1.0,6,94068,M,4879160.0,251392.0,94
201400045251,14,9,24,135,5,2,6,1.0,6,94068,M,4879420.0,249579.0,94
201400045252,14,10,5,740,1,2,1,1.0,6,94068,M,,,94
201400045253,14,10,20,1900,5,2,1,2.0,6,94068,M,,,94
201400045254,14,10,30,1310,1,2,3,1.0,2,94068,M,,,94
201400045255,14,11,17,730,1,2,1,1.0,6,94068,M,,,94
201400045256,14,11,18,1015,1,2,1,1.0,6,94068,M,,,94
201400045257,14,11,18,2105,3,2,1,2.0,6,94068,M,,,94
201400045258,14,11,28,1,5,2,2,1.0,3,94068,M,,,94
201400045259,14,12,7,515,5,1,4,1.0,6,94068,M,,,94
201400045260,14,12,12,1910,5,2,1,3.0,6,94068,M,,,94
201400045261,14,1,2,1950,5,2,4,1.0,3,94078,M,4872970.0,244687.0,94
201400045262,14,12,23,130,5,2,2,1.0,3,94077,M,,,94
201400045263,14,12,23,1850,5,2,2,2.0,3,94078,M,,,94
201400045264,14,12,24,1135,1,2,4,8.0,7,94078,M,4872560.0,244481.0,94
201400045265,14,4,7,900,1,2,1,8.0,7,94078,M,4872770.0,244570.0,94
201400045266,14,1,10,1808,5,2,1,1.0,3,94074,M,4872780.0,247430.0,94
201400045267,14,4,25,1900,1,2,3,1.0,6,94078,M,4873340.0,246183.0,94
201400045268,14,8,3,700,5,2,1,1.0,2,94078,M,4874980.0,244557.0,94
201400045269,14,5,23,730,1,2,1,1.0,6,94074,M,4875030.0,246288.0,94
201400045270,14,1,15,1630,5,2,2,2.0,3,94077,M,4873070.0,242584.0,94
201400045271,14,1,15,2100,5,2,1,2.0,6,94078,M,4873020.0,244687.0,94
201400045272,14,1,16,1805,3,2,1,2.0,6,94074,M,4874240.0,246594.0,94
201400045273,14,6,29,600,1,2,5,2.0,4,94078,M,4874590.0,244647.0,94
201400045274,14,1,19,14,5,2,1,2.0,6,94078,M,4874420.0,244670.0,94
201400045275,14,7,13,1245,1,2,2,2.0,2,94078,M,4873560.0,244665.0,94
201400045276,14,1,21,850,1,2,3,2.0,3,94077,M,4873540.0,244146.0,94
201400045277,14,1,25,935,1,2,3,2.0,5,94074,M,4876620.0,244147.0,94
201400045278,14,6,19,922,1,2,3,1.0,3,94077,M,4872930.0,241032.0,94
201400045279,14,11,1,630,5,2,1,1.0,2,94078,M,4874240.0,244661.0,94
201400045280,14,1,31,1640,1,2,3,1.0,7,94078,M,4875200.0,245107.0,94
201400045281,14,2,2,550,5,2,1,1.0,6,94074,M,4876820.0,244096.0,94