Num_Acc,an,mois,jour,hrmn,lum,agg,int,atm,col,com,gps,lat,long,dep
201400045282,14,12,15,1850,5,2,3,2.0,6,94074,M,,,94
201400045283,14,1,28,940,1,2,3,1.0,3,94078,M,4873550.0,244867.0,94
201400045284,14,1,28,1220,1,2,2,1.0,3,94077,M,4873520.0,242301.0,94
201400045285,14,2,3,1635,1,1,1,1.0,1,94078,M,4872810.0,247275.0,94
201400045286,14,2,6,720,4,2,1,1.0,5,94074,M,4875890.0,245136.0,94
201400045287,14,2,7,930,1,2,3,1.0,6,94078,M,4874800.0,243578.0,94
201400045288,14,6,28,40,5,2,3,1.0,5,94078,M,4873860.0,245274.0,94
201400045289,14,2,18,1405,1,2,1,1.0,6,94077,M,4873720.0,242390.0,94
201400045290,14,2,21,1840,2,2,1,1.0,6,94078,M,4874650.0,245269.0,94
201400045291,14,2,22,820,1,2,1,2.0,6,94078,M,4872880.0,244851.0,94
201400045292,14,3,4,1340,1,2,3,1.0,3,94078,M,4876050.0,244291.0,94
201400045293,14,3,6,955,1,2,6,1.0,2,94078,M,4872710.0,245032.0,94
201400045294,14,3,14,30,5,2,1,1.0,6,94078,M,4873040.0,244686.0,94
201400045295,14,3,14,1650,1,2,1,1.0,6,94078,M,4873830.0,244474.0,94
201400045296,14,3,15,1850,2,2,3,1.0,1,94078,M,4873850.0,246040.0,94
201400045297,14,3,18,700,1,2,1,1.0,6,94074,M,4874490.0,246979.0,94
201400045298,14,3,19,1730,1,2,1,1.0,6,94078,M,4875110.0,244622.0,94
201400045299,14,3,20,840,1,2,2,1.0,3,94078,M,4873140.0,245860.0,94
201400045300,14,3,22,2115,5,2,1,1.0,7,94078,M,4872610.0,244454.0,94
201400045301,14,3,22,2055,5,2,3,1.0,4,94078,M,4872410.0,244478.0,94
201400045302,14,3,24,1010,1,2,1,1.0,2,94078,M,4873510.0,247205.0,94
201400045303,14,3,25,1608,1,2,1,2.0,2,94074,M,4874430.0,246490.0,94
201400045304,14,3,28,1300,1,2,1,1.0,6,94078,M,4873040.0,244686.0,94
201400045305,14,4,1,1105,1,2,3,1.0,4,94001,M,4872070.0,241752.0,94
201400045306,14,4,10,1050,1,2,2,1.0,6,94078,M,4873300.0,245064.0,94
201400045307,14,4,10,1340,1,2,1,1.0,6,94078,M,4874880.0,243404.0,94
201400045308,14,4,11,1150,1,2,1,1.0,2,94078,M,4873360.0,244892.0,94
201400045309,14,4,11,1645,1,2,3,1.0,2,94077,M,4872860.0,243063.0,94
201400045310,14,4,14,1135,1,2,2,1.0,2,94078,M,4873560.0,244665.0,94
201400045311,14,4,17,1839,1,2,2,1.0,3,94077,M,4873170.0,241310.0,94
201400045312,14,4,20,1750,1,2,1,1.0,6,94001,M,4872210.0,242094.0,94
201400045313,14,4,24,50,5,2,1,1.0,6,94001,M,4872370.0,241407.0,94
201400045314,14,4,26,1300,1,2,3,2.0,3,94078,M,4873550.0,246538.0,94
201400045315,14,4,26,1635,1,2,3,2.0,2,94078,M,4874590.0,244662.0,94
201400045316,14,4,27,510,5,2,1,1.0,1,94078,M,4873450.0,244685.0,94
201400045317,14,4,29,650,1,2,2,1.0,2,94077,M,4873110.0,242235.0,94
201400045318,14,5,1,1800,1,2,2,2.0,3,94077,M,4873530.0,242518.0,94
201400045319,14,3,5,1050,1,2,3,1.0,7,94074,M,4874270.0,246582.0,94
201400045320,14,5,5,2040,2,2,3,1.0,3,94078,M,4873220.0,244684.0,94
201400045321,14,5,6,635,2,2,1,2.0,6,94078,M,4873080.0,244684.0,94
201400045322,14,5,10,2135,5,2,2,1.0,2,94074,M,4874900.0,245546.0,94
201400045323,14,5,12,1911,1,2,6,1.0,5,94077,M,4873670.0,241259.0,94
201400045324,14,5,13,1015,1,2,3,8.0,2,94078,M,4876040.0,244276.0,94
201400045325,14,5,13,2005,1,2,1,1.0,6,94078,M,4872860.0,244624.0,94
201400045326,14,5,14,1145,1,2,3,1.0,6,94078,M,4873110.0,244682.0,94
201400045327,14,5,15,1420,1,2,2,1.0,2,94078,M,4873560.0,244680.0,94
201400045328,14,5,16,821,1,2,2,1.0,2,94078,M,4874200.0,246597.0,94
201400045329,14,5,19,1315,1,2,2,1.0,2,94077,M,4873290.0,240359.0,94
201400045330,14,5,24,1550,1,2,1,2.0,6,94078,M,4874870.0,243522.0,94
201400045331,14,5,26,700,1,2,1,8.0,6,94074,M,4874020.0,246781.0,94
201400045332,14,5,29,1930,1,2,1,1.0,2,94074,M,4876270.0,244237.0,94
201400045333,14,6,10,235,4,2,3,2.0,3,94078,M,4875940.0,244307.0,94
201400045334,14,6,5,1915,1,2,2,1.0,5,94078,M,4873310.0,245131.0,94
201400045335,14,6,14,1420,1,2,1,1.0,6,94078,M,4872920.0,244766.0,94
201400045336,14,6,14,2050,1,2,3,1.0,2,94078,M,4873220.0,244684.0,94
201400045337,14,6,15,1500,1,2,1,1.0,6,94074,M,4874230.0,246718.0,94
201400045338,14,6,19,1740,1,2,3,1.0,2,94078,M,4873410.0,244872.0,94
201400045339,14,6,21,1640,1,2,1,1.0,7,94074,M,4875100.0,246776.0,94
201400045340,14,6,24,1730,1,2,3,1.0,2,94078,M,4874680.0,245273.0,94
201400045341,14,6,30,1245,1,2,1,1.0,2,94078,M,4872730.0,244524.0,94
201400045342,14,7,1,1645,1,2,1,1.0,6,94078,M,4873110.0,244754.0,94
201400045343,14,7,1,1850,1,2,4,1.0,1,94078,M,4872350.0,244978.0,94
201400045344,14,7,3,940,1,2,4,9.0,3,94078,M,4872970.0,244687.0,94
201400045345,14,7,5,545,2,2,4,2.0,2,94078,M,4875520.0,244426.0,94
201400045346,14,7,9,1750,1,2,3,3.0,6,94078,M,4875260.0,244806.0,94
201400045347,14,7,9,1650,1,2,1,3.0,7,94078,M,4874680.0,243682.0,94
201400045348,14,7,19,1120,1,2,4,1.0,2,94077,M,4873400.0,240557.0,94
201400045349,14,7,28,1715,1,2,1,1.0,5,94078,M,4873830.0,244682.0,94
201400045350,14,7,30,1540,1,2,1,1.0,2,94074,M,4874090.0,246732.0,94
201400045351,14,7,31,945,1,2,3,1.0,2,94078,M,4873300.0,244681.0,94
201400045352,14,7,31,1825,1,2,1,1.0,3,94077,M,4872910.0,242933.0,94
201400045353,14,7,31,2015,1,2,1,1.0,2,94078,M,4873020.0,244687.0,94
201400045354,14,8,1,2300,5,2,3,1.0,2,94078,M,4873300.0,244893.0,94
201400045355,14,8,6,1245,1,2,5,2.0,5,94078,M,4874640.0,244640.0,94
201400045356,14,8,9,15,5,2,6,2.0,3,94077,M,4873100.0,241842.0,94
201400045357,14,8,13,1525,1,2,2,1.0,3,94077,M,4873110.0,241990.0,94
201400045358,14,8,30,2215,5,2,4,1.0,4,94078,M,4875520.0,244426.0,94
201400045359,14,9,1,1620,1,2,3,1.0,3,94078,M,4872970.0,244687.0,94
201400045360,14,9,2,1450,1,1,3,1.0,2,94078,M,4875940.0,244324.0,94
201400045361,14,9,3,822,1,2,2,1.0,6,94077,M,4873450.0,241169.0,94
201400045362,14,9,4,855,1,2,3,1.0,3,94078,M,4872970.0,244687.0,94
201400045363,14,9,7,1105,1,2,1,1.0,2,94078,M,4875890.0,244334.0,94
201400045364,14,9,10,1415,1,2,3,1.0,6,94077,M,4872990.0,244022.0,94
201400045365,14,9,22,1645,1,2,3,1.0,3,94078,M,4873300.0,244681.0,94
201400045366,14,9,23,2300,5,2,6,1.0,2,94078,M,4874910.0,245326.0,94
201400045367,14,9,24,1050,1,2,2,1.0,3,94077,M,4873240.0,241667.0,94
201400045368,14,10,1,1800,1,2,1,1.0,6,94074,M,,,94
201400045369,14,10,4,2000,5,2,1,1.0,6,94074,M,,,94
201400045370,14,10,6,605,2,2,1,1.0,6,94078,M,4873020.0,244687.0,94
201400045371,14,10,6,1555,1,2,2,1.0,2,94074,M,,,94
201400045372,14,10,6,1800,2,2,1,3.0,6,94074,M,,,94
201400045373,14,10,6,1858,5,2,1,3.0,1,94078,M,,,94
201400045374,14,10,8,915,1,2,3,3.0,3,94074,M,4876690.0,244128.0,94
201400045375,14,10,11,720,5,2,2,3.0,3,94078,M,,,94
201400045376,14,10,12,355,5,2,4,1.0,2,94078,M,4875520.0,244426.0,94
201400045377,14,10,13,850,1,2,1,1.0,7,94078,M,,,94
201400045378,14,10,14,800,1,2,3,1.0,4,94078,M,4873300.0,244681.0,94
201400045379,14,10,15,1650,1,2,3,2.0,5,94078,M,4872570.0,244468.0,94
201400045380,14,10,18,626,5,2,1,1.0,6,94078,M,,,94
201400045381,14,10,26,2200,5,2,4,1.0,3,94078,M,4872970.0,244687.0,94
201400045382,14,10,28,1440,1,2,2,5.0,3,94077,M,,,94
201400045383,14,11,11,555,5,2,1,9.0,6,94078,M,4872680.0,244502.0,94
201400045384,14,11,12,745,1,2,1,1.0,6,94074,M,4876600.0,244151.0,94
201400045385,14,11,12,740,1,2,2,1.0,3,94074,M,,,94
201400045386,14,11,12,803,1,2,2,1.0,6,94001,M,,,94
201400045387,14,11,12,1040,1,2,1,1.0,3,94078,M,,,94
201400045388,14,11,16,2015,5,2,1,2.0,2,94001,M,,,94
201400045389,14,11,18,2310,5,2,9,1.0,6,94077,M,,,94
201400045390,14,11,20,2200,5,2,2,2.0,3,94074,M,,,94
201400045391,14,11,26,1025,1,2,3,1.0,2,94078,M,4873900.0,244684.0,94
201400045392,14,11,22,1728,5,2,3,1.0,3,94074,M,,,94
201400045393,14,11,30,2110,5,2,1,2.0,6,94078,M,,,94
201400045394,14,12,2,1840,5,2,3,2.0,6,94078,M,,,94
201400045395,14,12,5,1125,1,2,5,1.0,6,94078,M,,,94
201400045396,14,12,4,1650,1,2,4,1.0,6,94078,M,4872920.0,244665.0,94
201400045397,14,12,16,900,1,2,3,2.0,2,94078,M,4873900.0,244684.0,94
201400045398,14,12,17,5,5,2,1,1.0,5,94078,M,4873170.0,244683.0,94
201400045399,14,12,17,844,2,2,1,3.0,6,94077,M,,,94
201400045400,14,12,17,1130,1,2,3,2.0,1,94074,M,,,94
201400045401,14,1,6,703,5,2,3,2.0,3,94067,M,4884720.0,241761.0,94
201400045402,14,1,12,815,5,2,2,8.0,2,94080,M,4884500.0,243459.0,94
201400045403,14,1,13,2000,5,2,2,2.0,3,94080,M,4884880.0,242848.0,94
201400045404,14,1,16,955,1,2,2,2.0,6,94080,M,4884830.0,243706.0,94
201400045405,14,1,16,1315,1,2,1,8.0,2,94067,M,4884570.0,241756.0,94
201400045406,14,1,21,850,1,2,1,2.0,3,94080,M,4884870.0,243008.0,94
201400045407,14,1,22,725,5,2,3,1.0,3,94080,M,4885040.0,243813.0,94
201400045408,14,1,23,1745,5,2,1,2.0,6,94067,M,4884350.0,241941.0,94
201400045409,14,1,25,1900,5,2,1,1.0,3,94080,M,4885060.0,243457.0,94
201400045410,14,2,12,1925,5,2,2,2.0,6,94067,M,4883590.0,241902.0,94
201400045411,14,2,19,145,5,2,2,1.0,3,94067,M,4884650.0,241843.0,94
201400045412,14,3,5,735,1,2,1,1.0,6,94080,M,4884470.0,243702.0,94
201400045413,14,3,5,1610,1,2,1,1.0,6,94080,M,4884720.0,243811.0,94
201400045414,14,3,6,920,1,2,1,1.0,2,94067,M,4884550.0,241958.0,94
201400045415,14,3,14,1830,1,2,1,1.0,2,94080,M,4884460.0,243827.0,94
201400045416,14,3,24,1400,1,2,1,1.0,6,94080,M,4884530.0,243100.0,94
201400045417,14,4,2,840,1,2,2,1.0,3,94080,M,4884500.0,243459.0,94
201400045418,14,4,6,1055,1,2,5,1.0,6,94080,M,4884790.0,244590.0,94
201400045419,14,4,8,920,1,2,2,1.0,3,94067,M,4884010.0,241753.0,94
201400045420,14,4,12,1600,1,2,3,1.0,3,94067,M,4884760.0,241763.0,94
201400045421,14,4,14,1725,1,2,1,1.0,6,94080,M,4884780.0,242530.0,94
201400045422,14,4,14,1830,1,2,2,1.0,2,94067,M,4884360.0,241761.0,94
201400045423,14,4,15,2000,2,2,1,1.0,3,94080,M,4884400.0,243430.0,94
201400045424,14,4,22,150,5,2,1,1.0,6,94080,M,4884580.0,242553.0,94
201400045425,14,5,6,1750,1,2,2,1.0,4,94080,M,4884460.0,243875.0,94
201400045426,14,5,9,1840,1,2,4,1.0,6,94080,M,4885040.0,243546.0,94
201400045427,14,5,12,250,5,2,2,1.0,2,94080,M,4884500.0,243459.0,94
201400045428,14,5,15,2110,1,2,3,1.0,3,94080,M,4884460.0,243875.0,94
201400045429,14,5,16,1910,1,2,1,1.0,6,94080,M,4884910.0,245540.0,94
201400045430,14,5,20,2005,1,2,2,8.0,2,94080,M,4884460.0,243875.0,94
201400045431,14,6,5,1520,1,2,2,1.0,3,94080,M,4884630.0,242880.0,94
201400045432,14,6,12,1145,1,2,2,1.0,3,94067,M,4884360.0,241890.0,94
201400045433,14,6,12,1820,1,2,3,1.0,1,94080,M,4884750.0,242900.0,94
201400045434,14,6,14,1805,1,2,1,1.0,6,94080,M,4884240.0,243327.0,94
201400045435,14,6,15,1745,1,2,3,1.0,6,94067,M,4884230.0,241762.0,94
201400045436,14,6,16,1905,1,2,3,1.0,3,94067,M,4884760.0,241763.0,94
201400045437,14,6,20,1820,1,2,1,1.0,3,94080,M,4884870.0,243715.0,94
201400045438,14,6,25,1305,1,2,1,1.0,6,94080,M,4884490.0,243457.0,94
201400045439,14,6,29,15,5,2,1,2.0,3,94067,M,4884160.0,242753.0,94
201400045440,14,7,2,1010,1,2,2,1.0,6,94067,M,4883700.0,241553.0,94
201400045441,14,7,6,2250,5,2,1,1.0,6,94067,M,4884620.0,241676.0,94
201400045442,14,7,10,1630,1,2,1,8.0,3,94067,M,4884690.0,241644.0,94
201400045443,14,7,11,1810,1,2,3,1.0,3,94067,M,4884600.0,242363.0,94
201400045444,14,7,12,1520,1,2,1,1.0,3,94067,M,4884470.0,241867.0,94
201400045445,14,7,27,2005,2,2,3,1.0,3,94080,M,4884100.0,243288.0,94
201400045446,14,7,29,1945,1,2,3,8.0,3,94080,M,4884900.0,245301.0,94
201400045447,14,6,15,1130,1,2,3,1.0,3,94080,M,4884870.0,243080.0,94
201400045448,14,6,19,2015,1,2,3,1.0,6,94080,M,4884150.0,242822.0,94
201400045449,14,8,7,1815,1,2,1,1.0,1,94080,M,4884540.0,242986.0,94
201400045450,14,8,21,55,5,2,5,1.0,3,94067,M,4884650.0,241756.0,94
201400045451,14,8,24,2345,5,2,1,1.0,3,94080,M,4884480.0,243879.0,94
201400045452,14,8,29,1308,1,2,1,1.0,3,94080,M,4884450.0,243913.0,94
201400045453,14,8,31,1325,1,2,1,1.0,6,94080,M,4885150.0,243710.0,94
201400045454,14,9,2,1705,1,2,1,1.0,2,94080,M,4884740.0,242828.0,94
201400045455,14,9,14,2315,5,2,1,1.0,1,94080,M,4884950.0,243398.0,94
201400045456,14,9,17,1750,1,2,3,1.0,3,94067,M,4884550.0,241757.0,94
201400045457,14,9,17,1840,1,2,3,1.0,6,94067,M,4884720.0,241761.0,94
201400045458,14,9,18,1755,1,2,5,1.0,2,94067,M,4884640.0,241916.0,94
201400045459,14,9,19,1750,1,2,3,1.0,6,94067,M,4884390.0,241878.0,94
201400045460,14,9,20,630,5,2,3,1.0,6,94080,M,4884480.0,243641.0,94
201400045461,14,9,23,1705,1,2,1,1.0,5,94067,M,4884920.0,241765.0,94
201400045462,14,9,25,1620,1,2,3,1.0,6,94080,M,4884340.0,242851.0,94
201400045463,14,9,28,350,5,2,1,1.0,1,94080,M,4884720.0,243691.0,94
201400045464,14,9,29,1845,1,2,3,1.0,3,94080,M,4884930.0,242083.0,94
201400045465,14,10,9,1955,5,2,1,1.0,3,94080,M,,,94
201400045466,14,10,17,920,1,2,1,1.0,7,94080,M,,,94
201400045467,14,10,23,1925,5,2,9,1.0,6,94080,M,,,94
201400045468,14,10,23,1130,1,2,3,1.0,3,94067,M,,,94
201400045469,14,11,4,2245,5,2,1,1.0,3,94067,M,,,94
201400045470,14,11,7,1520,1,2,1,1.0,6,94067,M,4884600.0,241756.0,94
201400045471,14,11,14,1930,5,2,1,1.0,1,94080,M,,,94
201400045472,14,11,18,1750,5,2,1,3.0,3,94080,M,,,94
201400045473,14,12,2,1350,1,2,9,8.0,3,94080,M,,,94
201400045474,14,12,4,1000,1,2,1,8.0,6,94080,M,,,94
201400045475,14,12,5,400,5,2,1,1.0,6,94080,M,,,94
201400045476,14,12,6,1945,5,2,1,1.0,7,94067,M,,,94
201400045477,14,12,8,1450,1,2,1,1.0,2,94080,M,,,94
201400045478,14,12,9,1400,1,2,1,1.0,6,94080,M,,,94
201400045479,14,12,9,1740,5,2,1,1.0,7,94080,M,,,94
201400045480,14,12,9,2255,5,2,1,1.0,2,94080,M,,,94
201400045481,14,12,10,1915,5,2,3,2.0,7,94080,M,,,94
201400045482,14,12,12,1345,1,2,3,2.0,3,94080,M,,,94
201400045483,14,12,16,2010,5,2,2,1.0,6,94067,M,,,94
201400045484,14,1,6,1810,4,2,1,2.0,6,94081,M,4879870.0,238219.0,94
201400045485,14,1,7,1415,1,1,2,1.0,3,94081,M,4879480.0,241825.0,94
201400045486,14,1,8,610,5,2,3,1.0,6,94081,M,4877490.0,237378.0,94
201400045487,14,1,9,1200,1,2,2,8.0,3,94081,M,4879910.0,241143.0,94
201400045488,14,1,10,1825,5,2,2,1.0,5,94081,M,4879850.0,238165.0,94
201400045489,14,1,14,1120,1,2,1,2.0,3,94081,M,4877450.0,241088.0,94
201400045490,14,1,16,635,4,2,2,2.0,6,94081,M,4879780.0,239947.0,94
201400045491,14,1,20,1030,1,2,1,1.0,3,94081,M,4879590.0,241153.0,94
201400045492,14,1,20,1300,1,2,1,1.0,3,94081,M,4879250.0,241041.0,94
201400045493,14,1,21,1550,1,2,4,1.0,2,94081,M,4880570.0,240804.0,94
201400045494,14,1,24,2230,5,2,1,1.0,5,94081,M,4879960.0,238072.0,94
201400045495,14,1,27,1850,5,2,2,1.0,2,94081,M,4879600.0,241273.0,94
201400045496,14,1,17,1540,1,2,2,1.0,6,94081,M,4879170.0,239478.0,94
201400045497,14,2,11,1215,1,2,1,1.0,6,94081,M,4878340.0,239451.0,94
201400045498,14,2,12,325,5,2,2,2.0,3,94081,M,4879850.0,238165.0,94
201400045499,14,2,13,745,3,2,1,3.0,6,94081,M,4878650.0,239345.0,94
201400045500,14,2,17,1215,1,2,6,1.0,3,94081,M,4878180.0,240754.0,94
201400045501,14,2,28,2100,5,2,2,1.0,3,94081,M,4878690.0,240480.0,94
201400045502,14,3,5,2000,5,2,2,1.0,3,94081,M,4879280.0,239127.0,94
201400045503,14,3,6,1510,1,2,3,1.0,3,94081,M,4879910.0,241143.0,94
201400045504,14,3,9,1220,1,2,1,7.0,6,94081,M,4879130.0,239225.0,94
201400045505,14,3,8,1715,1,2,3,1.0,3,94081,M,4879470.0,241797.0,94
201400045506,14,3,12,2355,5,2,4,1.0,3,94081,M,4879550.0,240691.0,94
201400045507,14,3,14,500,5,2,1,1.0,6,94081,M,4879580.0,241026.0,94
201400045508,14,3,19,1640,1,2,2,1.0,3,94081,M,4879600.0,241273.0,94
201400045509,14,3,20,1205,1,2,1,1.0,6,94081,M,4877450.0,237709.0,94
201400045510,14,3,20,1720,1,2,2,1.0,3,94081,M,4879600.0,239808.0,94
201400045511,14,3,21,835,1,2,1,2.0,6,94081,M,4878250.0,239449.0,94
201400045512,14,3,28,2240,5,2,1,1.0,6,94081,M,4878030.0,239617.0,94
201400045513,14,3,31,1505,1,2,1,8.0,6,94081,M,4878020.0,237371.0,94
201400045514,14,4,1,1145,1,2,2,1.0,6,94081,M,4878400.0,239617.0,94
201400045515,14,4,4,2350,5,2,1,1.0,6,94081,M,4879180.0,239486.0,94
201400045516,14,4,8,855,1,2,3,1.0,3,94081,M,4879470.0,241797.0,94
201400045517,14,4,9,805,1,2,1,1.0,6,94081,M,4880420.0,240884.0,94
201400045518,14,3,22,1955,3,2,1,1.0,6,94081,M,4877540.0,240925.0,94
201400045519,14,3,21,2140,5,2,6,1.0,6,94081,M,4879230.0,238625.0,94
201400045520,14,4,10,1715,1,2,3,1.0,1,94081,M,4878250.0,238088.0,94
201400045521,14,4,11,830,1,2,1,1.0,6,94081,M,4878600.0,239159.0,94
201400045522,14,4,14,920,1,2,2,1.0,6,94081,M,4879880.0,240038.0,94
201400045523,14,4,16,1935,1,2,2,1.0,3,94081,M,4879260.0,238877.0,94
201400045524,14,4,18,1430,1,2,2,1.0,6,94081,M,4879110.0,239670.0,94
201400045525,14,4,20,555,5,2,1,1.0,2,94081,M,4879040.0,240476.0,94
201400045526,14,4,24,1615,1,2,2,1.0,3,94081,M,4879440.0,237924.0,94
201400045527,14,4,29,740,1,2,3,1.0,3,94081,M,4880750.0,240773.0,94
201400045528,14,4,29,810,1,2,1,1.0,6,94081,M,4879220.0,239507.0,94
201400045529,14,4,29,1720,1,2,1,2.0,6,94081,M,4879790.0,239945.0,94
201400045530,14,4,30,1540,1,2,2,1.0,3,94081,M,4879850.0,238165.0,94
201400045531,14,5,2,930,1,2,1,1.0,3,94081,M,4879360.0,238565.0,94
201400045532,14,5,3,1440,1,2,1,1.0,5,94081,M,4879690.0,241807.0,94
201400045533,14,5,3,1610,1,2,1,1.0,6,94081,M,4878450.0,239865.0,94
201400045534,14,5,4,1718,1,2,3,1.0,2,94081,M,4879800.0,237899.0,94
201400045535,14,5,7,1120,1,2,6,1.0,5,94081,M,4878340.0,241778.0,94
201400045536,14,5,12,1810,1,2,3,1.0,2,94081,M,4879920.0,239913.0,94
201400045537,14,5,13,1650,1,2,3,1.0,1,94081,M,4878260.0,238076.0,94
201400045538,14,5,14,1440,1,2,1,1.0,4,94081,M,4879730.0,241593.0,94
201400045539,14,5,17,1900,1,2,1,1.0,3,94081,M,4880120.0,239866.0,94
201400045540,14,5,18,1950,1,2,2,1.0,3,94081,M,4878110.0,240304.0,94
201400045541,14,5,20,805,1,2,1,1.0,6,94041,M,4880220.0,239694.0,94
201400045542,14,5,22,2025,1,2,2,1.0,3,94081,M,4880170.0,239832.0,94
201400045543,14,5,27,1100,1,2,1,1.0,3,94081,M,4879920.0,240072.0,94
201400045544,14,6,5,1810,1,2,2,1.0,6,94081,M,4878940.0,238917.0,94
201400045545,14,6,10,1623,1,1,1,1.0,4,94022,M,4877340.0,240299.0,94
201400045546,14,6,11,1030,1,1,1,1.0,4,94022,M,4877340.0,240318.0,94
201400045547,14,6,12,1450,1,2,1,1.0,3,94081,M,4877490.0,239861.0,94
201400045548,14,6,13,1600,1,2,2,1.0,3,94081,M,4879170.0,240181.0,94
201400045549,14,6,18,1050,1,2,3,1.0,3,94081,M,4879850.0,238165.0,94
201400045550,14,6,19,1750,1,2,1,1.0,6,94081,M,4879470.0,241797.0,94
201400045551,14,6,21,1200,1,2,3,1.0,3,94081,M,4878330.0,240200.0,94
201400045552,14,6,21,1830,1,2,3,1.0,6,94081,M,4880380.0,238400.0,94
201400045553,14,6,23,840,1,2,1,1.0,3,94081,M,4879830.0,237871.0,94
201400045554,14,6,25,1800,1,1,1,1.0,2,94081,M,4879650.0,241744.0,94
201400045555,14,6,26,1400,1,2,1,1.0,3,94081,M,4879910.0,238232.0,94
201400045556,14,7,1,715,1,2,1,8.0,6,94081,M,4879170.0,238701.0,94
201400045557,14,7,2,1035,1,2,2,1.0,6,94081,M,4878440.0,239809.0,94
201400045558,14,7,3,1745,1,1,3,1.0,3,94081,M,4879090.0,238796.0,94
201400045559,14,7,6,2100,1,2,1,1.0,5,94081,M,4879400.0,240015.0,94
201400045560,14,7,9,1040,1,1,1,1.0,4,94081,M,4877340.0,240314.0,94
201400045561,14,7,12,1600,1,2,2,8.0,1,94081,M,4878280.0,239415.0,94
201400045562,14,7,15,130,5,2,1,1.0,7,94081,M,4878750.0,239258.0,94
201400045563,14,7,21,1820,1,2,1,1.0,6,94081,M,4878720.0,238643.0,94
201400045564,14,7,23,1700,1,2,1,1.0,3,94081,M,4879680.0,238306.0,94
201400045565,14,8,2,1800,1,2,1,2.0,2,94081,M,4878830.0,239009.0,94
201400045566,14,8,5,1835,1,2,1,1.0,3,94081,M,4879880.0,238136.0,94
201400045567,14,8,6,1920,1,1,1,2.0,4,94081,M,4877360.0,240437.0,94
201400045568,14,8,7,1040,1,2,6,1.0,3,94081,M,4879260.0,238665.0,94
201400045569,14,8,14,130,4,2,1,1.0,6,94081,M,4879180.0,238404.0,94
201400045570,14,8,17,955,1,2,2,1.0,3,94081,M,4879280.0,239765.0,94
201400045571,14,8,22,1630,1,2,2,1.0,3,94081,M,4879850.0,238165.0,94
201400045572,14,9,1,1435,1,2,7,1.0,3,94081,M,4878970.0,238984.0,94
201400045573,14,9,11,930,1,2,2,1.0,3,94081,M,4879600.0,241273.0,94
201400045574,14,9,11,1145,1,1,1,1.0,6,94081,M,4879320.0,239631.0,94
201400045575,14,9,11,1400,1,2,2,1.0,3,94081,M,4878400.0,239617.0,94
201400045576,14,9,12,1750,1,2,2,1.0,5,94081,M,4879410.0,240055.0,94
201400045577,14,7,10,1820,1,2,1,8.0,1,94081,M,4877260.0,237127.0,94
201400045578,14,9,26,1815,1,2,1,1.0,6,94081,M,4879710.0,239892.0,94
201400045579,14,9,26,1820,1,2,2,1.0,6,94081,M,4878600.0,239159.0,94
201400045580,14,9,30,1340,1,2,2,1.0,3,94081,M,4878940.0,238917.0,94
201400045581,14,10,1,1240,1,2,1,1.0,6,94081,M,,,94
201400045582,14,10,1,1945,5,2,2,1.0,3,94081,M,,,94
201400045583,14,9,7,1640,1,2,3,1.0,3,94081,M,4879070.0,240452.0,94
201400045584,14,9,8,1415,1,2,3,1.0,3,94081,M,4879910.0,241143.0,94
201400045585,14,10,5,215,5,2,1,2.0,7,94081,M,,,94
201400045586,14,10,8,2235,5,2,2,2.0,3,94081,M,,,94
201400045587,14,10,13,1125,1,2,1,1.0,3,94081,M,,,94
201400045588,14,10,13,2020,5,2,2,1.0,3,94081,M,,,94
201400045589,14,10,14,747,1,2,3,1.0,4,94081,M,,,94
201400045590,14,10,14,1650,1,2,2,1.0,3,94081,M,,,94
201400045591,14,10,14,1830,1,2,1,1.0,3,94081,M,,,94
201400045592,14,10,14,2345,5,2,6,1.0,7,94081,M,,,94
201400045593,14,10,16,2120,5,2,1,3.0,3,94081,M,,,94
201400045594,14,10,20,605,5,2,1,1.0,6,94081,M,,,94
201400045595,14,10,21,1750,1,2,3,1.0,3,94081,M,,,94
201400045596,14,10,25,1445,1,2,1,2.0,7,94081,M,,,94
201400045597,14,10,25,1510,1,1,1,8.0,4,94081,M,4877340.0,240321.0,94
201400045598,14,10,29,1940,5,2,9,1.0,3,94081,M,,,94
201400045599,14,11,1,340,5,2,6,1.0,6,94081,M,4879230.0,238726.0,94
201400045600,14,11,3,1236,1,2,1,8.0,6,94081,M,,,94