Num_Acc,an,mois,jour,hrmn,lum,agg,int,atm,col,com,gps,lat,long,dep
201400045601,14,11,8,1045,1,2,1,1.0,6,94081,M,,,94
201400045602,14,11,11,1340,1,1,1,1.0,6,94081,M,,,94
201400045603,14,11,16,1000,1,2,1,8.0,6,94081,M,,,94
201400045604,14,11,18,1700,5,2,1,2.0,4,94081,M,,,94
201400045605,14,11,23,1005,1,2,1,1.0,6,94081,M,,,94
201400045606,14,11,27,1020,1,2,1,8.0,6,94081,M,,,94
201400045607,14,11,28,1830,5,2,2,8.0,6,94081,M,,,94
201400045608,14,11,29,1955,5,2,1,1.0,7,94081,M,,,94
201400045609,14,12,1,1705,5,2,1,2.0,6,94081,M,,,94
201400045610,14,12,1,1915,5,2,2,2.0,6,94081,M,,,94
201400045611,14,12,4,1430,1,2,1,8.0,6,94081,M,,,94
201400045612,14,12,6,250,5,2,2,1.0,3,94081,M,,,94
201400045613,14,12,7,930,1,1,1,1.0,6,94081,M,,,94
201400045614,14,12,7,1540,1,1,1,2.0,2,94081,M,4877340.0,240289.0,94
201400045615,14,12,10,1920,5,2,2,2.0,6,94081,M,,,94
201400045616,14,12,18,950,1,2,1,1.0,2,94081,M,,,94
201400045617,14,12,18,1809,5,2,2,1.0,6,94081,M,4879600.0,239808.0,94
201400045618,14,12,19,1625,1,2,9,3.0,3,94081,M,,,94
201400045619,14,12,26,35,3,2,1,1.0,2,94081,M,,,94
201400045620,14,12,30,2009,5,2,2,1.0,3,94081,M,,,94
201400045621,14,7,19,1825,1,2,2,1.0,3,94081,M,4878690.0,240480.0,94
201400045622,14,1,14,2315,5,2,1,2.0,1,95018,M,4898590.0,241060.0,95
201400045623,14,1,18,2300,5,2,2,1.0,2,95176,M,4897340.0,218920.0,95
201400045624,14,1,23,940,1,2,3,1.0,3,95582,M,4897740.0,224260.0,95
201400045625,14,1,22,1425,1,2,1,2.0,2,95018,M,4895620.0,228010.0,95
201400045626,14,1,24,940,1,2,1,1.0,3,95018,M,4893670.0,223940.0,95
201400045627,14,1,26,1840,5,2,1,1.0,6,95018,M,4894970.0,226130.0,95
201400045628,14,1,29,1745,2,2,3,2.0,3,95582,M,4897230.0,226270.0,95
201400045629,14,1,31,2245,5,2,1,2.0,6,95018,M,4893210.0,223090.0,95
201400045630,14,2,4,1655,1,2,1,1.0,6,95018,M,4894250.0,223550.0,95
201400045631,14,2,5,1410,1,2,3,1.0,3,95018,M,4895080.0,220890.0,95
201400045632,14,2,8,1545,1,2,1,2.0,6,95018,M,4895370.0,224290.0,95
201400045633,14,2,11,1310,1,2,1,1.0,3,95018,M,4894320.0,223980.0,95
201400045634,14,2,11,1955,5,2,1,2.0,7,95018,M,4894050.0,222250.0,95
201400045635,14,2,14,815,1,2,1,2.0,2,95018,M,4893420.0,224160.0,95
201400045636,14,2,21,2335,5,2,3,1.0,3,95018,M,4895140.0,222920.0,95
201400045637,14,2,23,1500,1,2,1,1.0,7,95582,M,4897260.0,223640.0,95
201400045638,14,2,22,1940,2,2,1,1.0,1,95018,M,4895870.0,222810.0,95
201400045639,14,2,25,855,1,2,1,2.0,3,95018,M,4894510.0,226250.0,95
201400045640,14,3,1,2100,5,2,3,1.0,3,95018,M,4894290.0,220660.0,95
201400045641,14,3,3,830,1,2,2,2.0,3,95018,M,4894460.0,225480.0,95
201400045642,14,2,24,1810,1,2,1,1.0,6,95018,M,4893730.0,222320.0,95
201400045643,14,3,6,825,1,2,4,1.0,6,95018,M,4894660.0,225680.0,95
201400045644,14,3,5,1618,1,2,2,1.0,3,95582,M,4896970.0,226320.0,95
201400045645,14,3,18,1140,1,2,1,1.0,3,95018,M,4895660.0,228290.0,95
201400045646,14,3,11,750,1,2,1,1.0,3,95582,M,4897660.0,224480.0,95
201400045647,14,3,10,505,4,2,1,2.0,6,95176,M,4896030.0,220310.0,95
201400045648,14,3,16,2220,3,2,4,1.0,6,95018,M,4895999.0,225520.0,95
201400045649,14,3,21,30,5,2,3,1.0,7,95018,M,4895290.0,226920.0,95
201400045650,14,3,23,715,1,2,1,1.0,6,95176,M,4896630.0,219860.0,95
201400045651,14,3,23,305,5,2,1,1.0,7,95018,M,4894890.0,223630.0,95
201400045652,14,3,24,855,1,2,1,1.0,6,95018,M,4893540.0,222120.0,95
201400045653,14,3,26,1055,1,2,5,1.0,3,95176,M,4896480.0,219990.0,95
201400045654,14,3,25,910,1,2,3,1.0,2,95582,M,4896430.0,226090.0,95
201400045655,14,3,28,1330,1,2,1,1.0,4,95018,M,4895540.0,224390.0,95
201400045656,14,3,29,1710,2,2,2,1.0,2,95018,M,4893990.0,224510.0,95
201400045657,14,4,4,1930,1,2,1,1.0,6,95018,M,4894030.0,222560.0,95
201400045658,14,4,4,2135,5,2,1,1.0,7,95018,M,4895480.0,223030.0,95
201400045659,14,4,9,1930,5,2,2,1.0,3,95018,M,4895050.0,220780.0,95
201400045660,14,4,5,920,1,2,1,1.0,2,95582,M,4897710.0,224360.0,95
201400045661,14,4,5,1957,1,2,1,1.0,3,95582,M,4897540.0,224820.0,95
201400045662,14,4,12,55,5,2,2,1.0,3,95018,M,4895860.0,225730.0,95
201400045663,14,4,8,2035,5,2,3,1.0,3,95018,M,4894260.0,225680.0,95
201400045664,14,4,10,1955,1,2,1,1.0,3,95176,M,4896990.0,219420.0,95
201400045665,14,4,14,1946,1,1,1,1.0,3,95018,M,4894850.0,227280.0,95
201400045666,14,4,22,1645,1,2,2,1.0,4,95018,M,4894560.0,223360.0,95
201400045667,14,4,16,1600,1,2,3,1.0,6,95018,M,4895410.0,225450.0,95
201400045668,14,4,21,1355,1,2,3,1.0,3,95176,M,4895890.0,220090.0,95
201400045669,14,4,26,1240,1,2,1,1.0,6,95018,M,4895750.0,228550.0,95
201400045670,14,4,24,2011,1,1,1,8.0,1,95582,M,4897330.0,223650.0,95
201400045671,14,4,28,2250,5,2,2,1.0,1,95018,M,4894820.0,225190.0,95
201400045672,14,4,28,1620,1,2,2,1.0,2,95018,M,4894310.0,224260.0,95
201400045673,14,4,29,1700,1,2,1,1.0,6,95018,M,4895390.0,222330.0,95
201400045674,14,4,30,800,1,2,1,1.0,6,95018,M,4895980.0,225690.0,95
201400045675,14,5,2,30,3,1,1,3.0,6,95018,M,4893880.0,224970.0,95
201400045676,14,5,4,1655,1,2,4,1.0,6,95018,M,4896090.0,223650.0,95
201400045677,14,4,30,1800,1,2,2,1.0,2,95018,M,4894670.0,223810.0,95
201400045678,14,5,6,1635,1,2,1,1.0,1,95018,M,4895270.0,228420.0,95
201400045679,14,5,9,1850,1,1,1,1.0,4,95018,M,4894290.0,225720.0,95
201400045680,14,5,11,1200,1,2,1,1.0,2,95176,M,4896960.0,220130.0,95
201400045681,14,5,16,1236,1,2,4,1.0,3,95018,M,4895370.0,228020.0,95
201400045682,14,5,20,1557,1,2,7,2.0,2,95176,M,4897170.0,219710.0,95
201400045683,14,5,21,545,2,2,1,1.0,6,95018,M,4895240.0,225380.0,95
201400045684,14,5,23,1732,1,2,1,2.0,6,95018,M,4895480.0,222140.0,95
201400045685,14,5,24,1820,1,2,1,1.0,6,95018,M,4895890.0,225750.0,95
201400045686,14,5,24,1310,1,2,2,2.0,7,95176,M,4896910.0,220230.0,95
201400045687,14,5,26,1454,1,2,1,1.0,6,95018,M,4894190.0,224190.0,95
201400045688,14,5,28,1406,1,2,4,1.0,2,95018,M,4894980.0,226140.0,95
201400045689,14,5,30,1345,1,2,1,1.0,6,95018,M,4894710.0,220620.0,95
201400045690,14,5,29,2130,2,2,1,1.0,6,95018,M,4894710.0,226650.0,95
201400045691,14,5,31,1525,1,2,2,1.0,7,95582,M,4896650.0,226930.0,95
201400045692,14,6,2,1720,1,2,1,1.0,6,95176,M,4897810.0,220530.0,95
201400045693,14,6,5,1810,1,2,1,1.0,4,95018,M,4894290.0,225730.0,95
201400045694,14,6,6,2140,2,2,1,1.0,6,95018,M,4894090.0,221650.0,95
201400045695,14,6,4,1020,1,2,2,2.0,3,95176,M,4896960.0,219460.0,95
201400045696,14,6,6,2250,5,2,3,1.0,3,95018,M,4896060.0,223310.0,95
201400045697,14,6,4,839,1,2,1,1.0,5,95018,M,4894070.0,222050.0,95
201400045698,14,6,9,1900,1,2,1,1.0,6,95018,M,4895010.0,220780.0,95
201400045699,14,6,12,900,1,2,3,1.0,3,95018,M,4895510.0,225270.0,95
201400045700,14,6,12,1825,1,2,3,1.0,3,95018,M,4895580.0,225060.0,95
201400045701,14,6,13,1105,1,2,3,1.0,3,95018,M,4895410.0,225440.0,95
201400045702,14,6,13,1550,1,2,5,1.0,6,95018,M,4894860.0,225350.0,95
201400045703,14,6,14,1115,1,2,1,1.0,6,95018,M,4896070.0,225150.0,95
201400045704,14,6,15,1605,1,2,4,1.0,2,95176,M,4896150.0,220230.0,95
201400045705,14,6,18,1750,1,2,1,1.0,6,95018,M,4893450.0,223450.0,95
201400045706,14,6,18,2000,1,2,1,1.0,6,95018,M,4895170.0,222880.0,95
201400045707,14,6,19,1815,1,1,1,1.0,6,95018,M,4894930.0,223750.0,95
201400045708,14,6,28,1750,1,2,1,2.0,7,95018,M,4894540.0,222490.0,95
201400045709,14,6,29,1750,1,2,2,1.0,6,95018,M,4894420.0,225090.0,95
201400045710,14,7,2,2110,1,2,3,1.0,3,95018,M,4895130.0,222170.0,95
201400045711,14,7,6,130,5,2,2,1.0,2,95018,M,4894270.0,224310.0,95
201400045712,14,7,6,1320,1,2,2,3.0,6,95018,M,4893970.0,224020.0,95
201400045713,14,7,6,1600,1,2,1,2.0,3,95018,M,4895010.0,227630.0,95
201400045714,14,7,8,945,1,1,1,1.0,6,95018,M,4895860.0,225960.0,95
201400045715,14,7,9,1410,1,2,2,2.0,3,95018,M,4896090.0,225550.0,95
201400045716,14,7,11,825,1,2,2,2.0,6,95018,M,4894630.0,225420.0,95
201400045717,14,7,12,1030,1,2,2,1.0,6,95582,M,4897210.0,225610.0,95
201400045718,14,7,18,105,5,2,1,1.0,6,95018,M,4894970.0,225360.0,95
201400045719,14,7,22,1820,1,2,2,1.0,3,95018,M,4896090.0,225550.0,95
201400045720,14,7,23,2020,1,2,1,2.0,7,95018,M,4894750.0,225380.0,95
201400045721,14,7,24,1615,1,2,1,1.0,2,95018,M,4895120.0,223320.0,95
201400045722,14,7,26,2000,1,2,1,1.0,3,95582,M,4896870.0,226280.0,95
201400045723,14,7,28,1805,1,2,1,1.0,6,95018,M,4894110.0,223450.0,95
201400045724,14,8,1,605,2,2,1,1.0,2,95018,M,4895040.0,220580.0,95
201400045725,14,8,1,700,1,2,1,1.0,5,95018,M,4893970.0,223160.0,95
201400045726,14,8,1,1300,1,2,1,1.0,2,95018,M,4894050.0,220690.0,95
201400045727,14,8,14,1800,1,2,1,2.0,6,95018,M,4896310.0,222530.0,95
201400045728,14,8,21,2015,1,2,1,1.0,3,95018,M,4894110.0,225410.0,95
201400045729,14,8,18,1505,1,2,2,1.0,3,95018,M,4894840.0,223770.0,95
201400045730,14,8,29,1900,1,2,1,1.0,6,95018,M,4894620.0,225410.0,95
201400045731,14,9,1,1840,1,2,2,1.0,6,95018,M,4894020.0,222580.0,95
201400045732,14,9,6,2000,2,2,1,1.0,3,95018,M,4894830.0,220610.0,95
201400045733,14,9,5,745,1,2,2,1.0,3,95018,M,4895520.0,221810.0,95
201400045734,14,9,6,1250,1,2,5,1.0,6,95018,M,4894090.0,220810.0,95
201400045735,14,9,8,1220,1,2,1,1.0,3,95176,M,4896680.0,219840.0,95
201400045736,14,9,12,930,1,2,3,1.0,6,95018,M,4893910.0,224780.0,95
201400045737,14,9,13,1950,1,2,1,1.0,6,95018,M,4894620.0,224890.0,95
201400045738,14,9,14,1640,1,2,3,1.0,6,95582,M,4897730.0,224290.0,95
201400045739,14,9,17,40,5,2,1,1.0,6,95018,M,4896270.0,223650.0,95
201400045740,14,9,22,2105,5,2,3,1.0,6,95018,M,4893990.0,222740.0,95
201400045741,14,9,30,1720,1,2,1,1.0,3,95582,M,4897260.0,225520.0,95
201400045742,14,10,3,950,1,2,2,1.0,1,95018,M,4896090.0,225550.0,95
201400045743,14,10,3,926,1,2,2,1.0,3,95018,M,4894550.0,224970.0,95
201400045744,14,10,10,2020,5,2,2,1.0,3,95582,M,4896750.0,225610.0,95
201400045745,14,10,15,1455,1,2,1,1.0,6,95018,M,4894960.0,226120.0,95
201400045746,14,10,18,130,5,2,6,1.0,2,95582,M,4896720.0,227320.0,95
201400045747,14,10,18,1815,1,2,1,1.0,3,95018,M,4894540.0,222370.0,95
201400045748,14,10,20,140,5,2,1,1.0,7,95018,M,4894270.0,224790.0,95
201400045749,14,10,17,820,1,2,2,1.0,4,95018,M,4894610.0,224790.0,95
201400045750,14,10,16,2100,5,2,2,2.0,1,95176,M,4896680.0,219370.0,95
201400045751,14,10,21,1820,2,2,2,2.0,2,95018,M,4893980.0,222830.0,95
201400045752,14,10,22,1155,1,2,3,1.0,3,95018,M,4895140.0,222920.0,95
201400045753,14,10,26,1655,1,2,1,1.0,6,95018,M,4893190.0,223210.0,95
201400045754,14,10,28,645,1,2,2,2.0,1,95018,M,4893240.0,223360.0,95
201400045755,14,10,31,835,1,2,1,1.0,6,95018,M,4894970.0,225810.0,95
201400045756,14,10,30,1530,1,2,1,1.0,1,95018,M,4895750.0,223730.0,95
201400045757,14,10,30,1340,1,2,3,1.0,3,95018,M,4895670.0,228360.0,95
201400045758,14,10,31,1325,1,2,4,1.0,1,95018,M,4895520.0,221880.0,95
201400045759,14,11,7,1111,1,2,1,2.0,6,95018,M,4894360.0,225620.0,95
201400045760,14,11,7,1330,1,2,1,2.0,2,95018,M,4893960.0,222830.0,95
201400045761,14,11,6,1700,1,2,2,1.0,6,95176,M,4897260.0,219040.0,95
201400045762,14,11,7,754,1,2,1,1.0,6,95018,M,4893240.0,223360.0,95
201400045763,14,11,8,1340,1,2,1,1.0,3,95018,M,4894350.0,225170.0,95
201400045764,14,11,6,1410,1,2,1,1.0,2,95176,M,4896010.0,220640.0,95
201400045765,14,11,13,845,4,2,1,1.0,2,95018,M,4895160.0,227790.0,95
201400045766,14,11,14,1405,1,2,3,2.0,6,95018,M,4893960.0,223070.0,95
201400045767,14,11,16,921,1,2,2,2.0,3,95018,M,4893980.0,223450.0,95
201400045768,14,11,19,1750,5,1,1,2.0,3,95018,M,4893560.0,224360.0,95
201400045769,14,11,21,1640,1,2,2,1.0,6,95018,M,4894430.0,225110.0,95
201400045770,14,11,19,1535,1,2,1,1.0,6,95018,M,4894580.0,225060.0,95
201400045771,14,11,23,1035,1,2,2,1.0,3,95018,M,4894270.0,224310.0,95
201400045772,14,11,24,1125,1,2,3,2.0,7,95018,M,4893970.0,224460.0,95
201400045773,14,11,24,1220,1,2,2,1.0,6,95018,M,4896080.0,225550.0,95
201400045774,14,11,24,820,1,1,1,2.0,2,95018,M,4893250.0,223870.0,95
201400045775,14,11,25,750,2,2,2,2.0,6,95018,M,4894170.0,224690.0,95
201400045776,14,11,26,1534,1,2,1,1.0,6,95018,M,4894450.0,223410.0,95
201400045777,14,11,27,1345,1,2,2,1.0,6,95018,M,4894420.0,225090.0,95
201400045778,14,12,1,1930,5,2,3,2.0,3,95582,M,4896790.0,226980.0,95
201400045779,14,12,4,755,2,2,3,1.0,3,95582,M,4896790.0,226950.0,95
201400045780,14,12,13,1215,1,2,2,1.0,6,95018,M,4895790.0,223960.0,95
201400045781,14,12,16,1730,3,2,2,1.0,6,95018,M,4895670.0,225460.0,95
201400045782,14,12,17,1739,5,2,3,1.0,6,95018,M,4895190.0,226690.0,95
201400045783,14,12,18,845,1,2,2,8.0,3,95018,M,4893710.0,223720.0,95
201400045784,14,12,21,1700,5,2,3,1.0,2,95176,M,4897390.0,218860.0,95
201400045785,14,12,21,1910,5,2,1,1.0,5,95018,M,4893310.0,224130.0,95
201400045786,14,12,18,950,1,1,6,1.0,4,95582,M,4897510.0,223730.0,95
201400045787,14,12,24,1430,1,2,1,1.0,3,95018,M,4894510.0,224640.0,95
201400045788,14,12,26,2010,5,2,3,2.0,2,95018,M,4895410.0,225450.0,95
201400045789,14,12,27,610,5,2,3,2.0,3,95018,M,4893090.0,223530.0,95
201400045790,14,12,31,2000,5,2,1,1.0,2,95018,M,4895690.0,220520.0,95
201400045791,14,3,2,700,2,2,1,1.0,2,95063,M,4893150.0,221160.0,95
201400045792,14,2,7,2015,5,2,2,1.0,3,95063,M,4893420.0,220910.0,95
201400045793,14,3,26,1504,1,2,1,1.0,6,95063,M,4893310.0,220660.0,95
201400045794,14,3,28,1150,1,2,1,1.0,6,95063,M,4892360.0,220840.0,95
201400045795,14,4,7,1930,1,2,1,1.0,3,95063,M,4892970.0,221090.0,95
201400045796,14,4,10,1540,1,2,1,1.0,3,95063,M,4892150.0,221890.0,95
201400045797,14,3,20,1640,1,2,1,1.0,6,95063,M,4892390.0,220840.0,95
201400045798,14,5,19,2010,1,2,4,1.0,3,95063,M,4892410.0,220450.0,95
201400045799,14,6,2,1820,1,2,1,1.0,2,95063,M,4893870.0,220690.0,95
201400045800,14,5,30,1720,1,2,1,1.0,3,95063,M,4892790.0,220680.0,95
201400045801,14,7,20,1630,1,2,4,1.0,3,95063,M,4893240.0,221080.0,95
201400045802,14,8,6,1215,1,2,1,2.0,1,95063,M,4892160.0,221990.0,95
201400045803,14,8,18,2140,5,2,1,1.0,3,95063,M,4893110.0,221210.0,95
201400045804,14,7,15,2050,1,2,4,1.0,3,95063,M,4892810.0,222360.0,95
201400045805,14,9,30,1540,1,2,4,1.0,3,95063,M,4892210.0,221870.0,95
201400045806,14,9,10,1325,1,2,1,1.0,1,95063,M,4893180.0,220330.0,95
201400045807,14,7,19,840,1,2,1,1.0,1,95063,M,4893810.0,220540.0,95
201400045808,14,10,21,625,2,2,1,1.0,3,95063,M,4893230.0,221090.0,95
201400045809,14,11,8,605,5,2,1,8.0,6,95063,M,4892350.0,220910.0,95
201400045810,14,11,21,55,5,2,1,1.0,2,95063,M,4892660.0,221640.0,95
201400045811,14,11,6,800,1,2,1,1.0,3,95063,M,4892930.0,221370.0,95
201400045812,14,1,1,40,5,2,2,2.0,3,95127,M,4904830.0,203680.0,95
201400045813,14,1,1,607,5,2,1,1.0,6,95488,M,4901830.0,215690.0,95
201400045814,14,1,13,1656,1,2,1,1.0,6,95572,M,4904760.0,210270.0,95
201400045815,14,1,19,2200,5,2,1,8.0,6,95127,M,4903150.0,206219.0,95
201400045816,14,1,21,2100,5,1,2,1.0,3,95476,M,4907160.0,208389.0,95
201400045817,14,1,15,1850,5,2,1,2.0,6,95323,M,4900960.0,205460.0,95
201400045818,14,1,23,2205,3,1,1,2.0,6,95127,M,,,95
201400045819,14,1,27,1034,1,2,1,2.0,6,95500,M,4904930.0,207989.0,95
201400045820,14,1,28,810,1,2,1,1.0,6,95218,M,4902020.0,210350.0,95
201400045821,14,2,2,135,3,1,1,1.0,4,95127,M,4904840.0,207060.0,95
201400045822,14,2,16,2315,5,2,1,1.0,6,95572,M,4903290.0,211380.0,95
201400045823,14,2,15,2240,3,1,1,8.0,6,95127,M,4905980.0,199710.0,95
201400045824,14,2,18,748,2,2,1,1.0,6,95500,M,4904910.0,210240.0,95
201400045825,14,3,3,2000,3,1,1,1.0,6,95183,M,4903790.0,198080.0,95
201400045826,14,3,2,1240,1,2,6,1.0,3,95127,M,4903880.0,207690.0,95
201400045827,14,3,16,840,1,2,1,1.0,6,95127,M,4903910.0,207680.0,95
201400045828,14,3,10,2055,5,2,6,1.0,6,95476,M,4906190.0,205070.0,95
201400045829,14,3,16,1343,1,2,3,1.0,1,95488,M,4901590.0,213750.0,95
201400045830,14,3,18,1650,1,2,6,1.0,3,95218,M,4901110.0,209870.0,95
201400045831,14,3,26,2145,5,1,1,1.0,6,95500,M,4905390.0,211130.0,95
201400045832,14,4,7,15,5,2,6,1.0,6,95488,M,4900850.0,216780.0,95
201400045833,14,4,8,1850,1,2,6,1.0,3,95127,M,4904850.0,203540.0,95
201400045834,14,4,5,1815,1,2,1,1.0,1,95572,M,4904150.0,211970.0,95
201400045835,14,4,17,1355,1,2,1,1.0,2,95500,M,4904970.0,210340.0,95
201400045836,14,4,11,1845,1,2,1,1.0,1,95323,M,4901980.0,202590.0,95
201400045837,14,4,24,955,1,2,1,1.0,3,95500,M,4905660.0,211510.0,95
201400045838,14,5,4,250,5,2,6,1.0,6,95218,M,4901710.0,210630.0,95
201400045839,14,5,13,2030,1,2,1,1.0,2,95500,M,4905490.0,210480.0,95
201400045840,14,5,14,1850,1,2,1,1.0,2,95218,M,4901910.0,209720.0,95
201400045841,14,5,29,1455,1,2,2,8.0,3,95500,M,4906010.0,209290.0,95
201400045842,14,5,31,1900,1,2,1,1.0,6,95572,M,4904310.0,210840.0,95
201400045843,14,5,31,1900,1,2,1,1.0,3,95127,M,,,95
201400045844,14,5,27,945,1,2,1,1.0,6,95500,M,4906290.0,209140.0,95
201400045845,14,6,5,1250,1,2,1,1.0,6,95500,M,4904850.0,208090.0,95
201400045846,14,6,6,1943,1,2,1,1.0,5,95218,M,4902440.0,210420.0,95
201400045847,14,6,7,1545,1,1,1,1.0,3,95572,M,4905140.0,214660.0,95
201400045848,14,7,3,1520,1,1,1,1.0,3,95488,M,4902940.0,214970.0,95
201400045849,14,7,28,1820,1,1,1,1.0,3,95572,M,4903360.0,212590.0,95
201400045850,14,7,30,1521,1,1,1,1.0,3,95476,M,4907680.0,207490.0,95
201400045851,14,8,6,1045,1,2,2,3.0,3,95218,M,4901330.0,208970.0,95
201400045852,14,8,14,2250,3,1,1,1.0,2,95127,M,,,95
201400045853,14,8,16,230,5,2,1,1.0,6,95572,M,4905440.0,212780.0,95
201400045854,14,8,22,1215,1,1,1,1.0,4,95127,M,4905510.0,205290.0,95
201400045855,14,8,31,1900,1,2,1,1.0,6,95572,M,4903830.0,210850.0,95
201400045856,14,9,16,625,5,2,1,1.0,1,95323,M,4901170.0,205220.0,95
201400045857,14,9,19,1200,1,2,1,1.0,2,95488,M,4902040.0,214690.0,95
201400045858,14,9,22,2320,5,2,1,1.0,2,95572,M,4903410.0,212520.0,95
201400045859,14,9,26,1200,1,1,2,1.0,3,95127,M,4904470.0,207660.0,95
201400045860,14,10,1,1200,1,2,1,1.0,6,95323,M,4900970.0,203750.0,95
201400045861,14,9,27,1510,1,2,1,1.0,6,95183,M,4904490.0,200270.0,95
201400045862,14,10,13,1240,1,2,1,1.0,6,95572,M,4903890.0,211970.0,95
201400045863,14,10,16,930,1,2,3,1.0,1,95500,M,4905410.0,210510.0,95
201400045864,14,11,5,636,3,1,1,8.0,6,95476,M,4906790.0,208829.0,95
201400045865,14,11,19,1910,5,2,2,1.0,6,95127,M,4904840.0,203680.0,95
201400045866,14,11,29,2146,5,2,1,1.0,6,95572,M,4904460.0,213380.0,95
201400045867,14,12,4,1415,1,2,2,1.0,3,95127,M,4903170.0,207430.0,95
201400045868,14,12,5,2145,4,1,2,1.0,6,95218,M,4901570.0,209180.0,95
201400045869,14,12,9,1815,5,2,1,1.0,6,95218,M,4902420.0,209690.0,95
201400045870,14,12,18,1727,5,2,1,1.0,6,95127,M,4904750.0,205180.0,95
201400045871,14,4,4,2240,5,2,1,1.0,3,95500,M,4904480.0,209059.0,95
201400045872,14,5,11,930,1,2,1,8.0,2,95127,M,4904480.0,207670.0,95
201400045873,14,11,30,1520,1,2,1,1.0,1,95197,M,4897890.0,231660.0,95
201400045874,14,11,28,815,1,2,1,1.0,3,95288,M,4897830.0,223410.0,95
201400045875,14,1,3,1335,1,2,1,1.0,4,95427,M,4897610.0,234780.0,95
201400045876,14,1,14,835,1,2,1,2.0,2,95197,M,4896660.0,231790.0,95
201400045877,14,12,9,750,3,2,1,1.0,6,95197,M,4897830.0,232840.0,95
201400045878,14,12,14,1135,1,2,1,1.0,6,95197,M,4896420.0,231760.0,95
201400045879,14,1,2,950,1,2,2,1.0,3,95427,M,4896270.0,233380.0,95
201400045880,14,1,6,1450,1,2,1,1.0,6,95197,M,4897930.0,232760.0,95
201400045881,14,2,19,1120,1,2,1,2.0,1,95197,M,4896760.0,231640.0,95
201400045882,14,3,3,1950,5,2,1,1.0,6,95288,M,4898510.0,236150.0,95
201400045883,14,3,11,1830,1,2,1,1.0,6,95427,M,,,95
201400045884,14,3,19,1430,1,2,3,1.0,3,95197,M,4897540.0,233370.0,95
201400045885,14,3,20,1515,1,2,1,1.0,3,95427,M,4897410.0,234770.0,95
201400045886,14,3,24,1520,1,2,1,1.0,6,95288,M,4898480.0,236170.0,95
201400045887,14,4,2,1000,1,2,1,1.0,3,95197,M,4898110.0,234330.0,95
201400045888,14,4,25,1915,2,2,1,1.0,1,95288,M,4899070.0,234980.0,95
201400045889,14,5,13,950,1,2,3,1.0,2,95197,M,4896260.0,231740.0,95
201400045890,14,5,19,1200,1,2,1,1.0,2,95197,M,4896760.0,231850.0,95
201400045891,14,5,9,1150,1,2,1,1.0,6,95288,M,4900910.0,239820.0,95
201400045892,14,5,26,820,1,2,1,1.0,3,95197,M,4896610.0,231860.0,95
201400045893,14,5,21,1420,1,2,1,1.0,6,95197,M,4896290.0,232310.0,95
201400045894,14,5,26,1655,1,2,1,1.0,6,95197,M,4896740.0,231730.0,95
201400045895,14,6,12,755,1,2,1,1.0,6,95197,M,4898290.0,232470.0,95
201400045896,14,7,1,810,1,2,1,2.0,2,95288,M,4898290.0,235420.0,95
201400045897,14,6,6,845,1,2,1,1.0,6,95427,M,4895940.0,232850.0,95
201400045898,14,7,9,1710,1,2,1,2.0,4,95197,M,4895950.0,232810.0,95
201400045899,14,7,25,1600,1,2,1,1.0,2,95427,M,4897030.0,234690.0,95
201400045900,14,8,13,1620,1,2,1,2.0,6,95427,M,4895870.0,232920.0,95
201400045901,14,7,11,1550,1,2,1,2.0,3,95197,M,4898060.0,231880.0,95
201400045902,14,7,29,1130,1,2,1,1.0,6,95427,M,4897090.0,234730.0,95
201400045903,14,9,9,910,1,2,1,1.0,6,95197,M,4897520.0,232440.0,95
201400045904,14,8,7,1750,1,2,1,1.0,6,95427,M,4895810.0,232980.0,95
201400045905,14,9,26,820,1,2,3,1.0,3,95197,M,4896930.0,232020.0,95
201400045906,14,9,24,1520,1,2,1,1.0,2,95427,M,4896320.0,233910.0,95
201400045907,14,9,29,1710,1,2,6,1.0,3,95288,M,4893320.0,234270.0,95
201400045908,14,10,4,1509,1,2,1,1.0,6,95197,M,4898050.0,231970.0,95
201400045909,14,10,9,1700,1,2,1,1.0,6,95197,M,4897530.0,233460.0,95
201400045910,14,10,28,1835,2,2,2,1.0,3,95197,M,4897570.0,232730.0,95