Num_Acc,an,mois,jour,hrmn,lum,agg,int,atm,col,com,gps,lat,long,dep
201400045911,14,10,24,1930,5,2,1,9.0,3,95288,M,4898490.0,236150.0,95
201400045912,14,11,18,1120,1,2,1,1.0,2,95197,M,4896290.0,231690.0,95
201400045913,14,10,4,1250,1,2,1,1.0,3,95197,M,4896380.0,232160.0,95
201400045914,14,10,10,1558,1,2,1,1.0,6,95427,M,4897430.0,234680.0,95
201400045915,14,11,5,730,1,2,3,1.0,2,95197,M,4896430.0,232130.0,95
201400045916,14,12,1,1600,1,2,1,1.0,6,95197,M,4897040.0,231650.0,95
201400045917,14,12,5,2035,5,2,1,1.0,2,95197,M,4897210.0,232150.0,95
201400045918,14,11,30,1900,5,2,1,2.0,6,95197,M,4897150.0,232090.0,95
201400045919,14,12,1,850,1,2,3,1.0,3,95197,M,4896590.0,231880.0,95
201400045920,14,11,13,1745,3,1,1,1.0,2,95288,M,4898280.0,236240.0,95
201400045921,14,11,13,1430,1,2,1,1.0,1,95427,M,4897740.0,235090.0,95
201400045922,14,2,19,2220,5,2,7,1.0,3,95210,M,4897180.0,230880.0,95
201400045923,14,3,5,1330,1,2,1,1.0,6,95598,M,4899180.0,229850.0,95
201400045924,14,1,15,815,2,2,1,2.0,6,95555,M,4896820.0,228510.0,95
201400045925,14,3,18,140,5,2,1,1.0,7,95428,M,4898190.0,232190.0,95
201400045926,14,4,29,1950,1,2,1,2.0,2,95598,M,4898190.0,229280.0,95
201400045927,14,5,18,1100,1,2,3,1.0,6,95598,M,4899050.0,228970.0,95
201400045928,14,5,30,1345,1,2,1,1.0,6,95428,M,4897550.0,230990.0,95
201400045929,14,4,5,1350,1,2,1,1.0,3,95428,M,4899330.0,233360.0,95
201400045930,14,7,18,1400,1,2,3,9.0,1,95598,M,4898120.0,231010.0,95
201400045931,14,5,30,1800,1,2,2,1.0,3,95555,M,4897050.0,228470.0,95
201400045932,14,7,27,1230,1,2,2,1.0,3,95555,M,4897110.0,228080.0,95
201400045933,14,7,24,1605,1,2,1,1.0,3,95555,M,4896320.0,228120.0,95
201400045934,14,7,27,1620,1,2,1,1.0,6,95555,M,4896370.0,228960.0,95
201400045935,14,7,24,1947,1,2,1,1.0,1,95555,M,4896610.0,229230.0,95
201400045936,14,9,7,1957,1,2,1,1.0,6,95598,M,4898330.0,230230.0,95
201400045937,14,9,26,1930,3,2,1,1.0,2,95598,M,4899490.0,230340.0,95
201400045938,14,7,28,2052,1,2,1,1.0,6,95555,M,4896220.0,228470.0,95
201400045939,14,11,24,930,1,2,6,2.0,2,95598,M,4898590.0,229720.0,95
201400045940,14,10,1,1317,1,2,1,1.0,2,95555,M,4897310.0,228970.0,95
201400045941,14,10,8,755,1,2,5,2.0,6,95428,M,4899040.0,232120.0,95
201400045942,14,11,24,1325,1,2,1,1.0,6,95210,M,4896760.0,230550.0,95
201400045943,14,12,5,1920,5,2,1,2.0,6,95598,M,4898110.0,229250.0,95
201400045944,14,12,28,1805,5,2,6,1.0,6,95598,M,4897830.0,229190.0,95
201400045945,14,4,8,2210,5,2,1,1.0,3,95555,M,4896640.0,227720.0,95
201400045946,14,12,10,100,5,2,2,1.0,3,95210,M,4897160.0,230830.0,95
201400045947,14,1,5,915,1,2,3,1.0,3,95252,M,4898450.0,224060.0,95
201400045948,14,1,8,730,5,2,1,1.0,6,95203,M,4899320.0,228190.0,95
201400045949,14,1,8,1540,1,2,1,1.0,2,95252,M,4898710.0,221510.0,95
201400045950,14,1,16,1120,1,2,3,2.0,3,95252,M,4898450.0,224060.0,95
201400045951,14,1,22,2005,5,2,1,2.0,6,95219,M,4899350.0,225220.0,95
201400045952,14,1,25,1800,5,2,2,1.0,3,95252,M,4898850.0,223030.0,95
201400045953,14,1,30,1415,1,2,1,1.0,6,95252,M,4899030.0,220910.0,95
201400045954,14,2,3,835,1,2,1,1.0,6,95219,M,4899250.0,225570.0,95
201400045955,14,2,3,1225,1,2,1,1.0,6,95219,M,4898620.0,225690.0,95
201400045956,14,2,5,2000,5,2,1,1.0,6,95203,M,4899810.0,227710.0,95
201400045957,14,2,11,1700,1,2,4,2.0,6,95203,M,4900060.0,226430.0,95
201400045958,14,2,15,900,1,2,1,1.0,3,95252,M,4899340.0,223940.0,95
201400045959,14,2,16,325,5,2,1,1.0,6,95219,M,4898270.0,226310.0,95
201400045960,14,3,1,125,3,1,1,2.0,3,95252,M,4897440.0,223470.0,95
201400045961,14,3,9,1010,1,2,3,1.0,3,95252,M,4897910.0,223270.0,95
201400045962,14,3,14,1655,1,2,1,1.0,3,95252,M,4899120.0,223860.0,95
201400045963,14,3,25,905,1,2,1,2.0,3,95203,M,4897860.0,227710.0,95
201400045964,14,3,26,1550,1,2,1,1.0,6,95491,M,4899840.0,224610.0,95
201400045965,14,3,27,1100,1,2,1,1.0,6,95219,M,4899120.0,225880.0,95
201400045966,14,3,28,1530,1,2,1,1.0,6,95219,M,4898750.0,225750.0,95
201400045967,14,4,1,945,1,2,1,1.0,6,95219,M,4898110.0,224830.0,95
201400045968,14,4,1,1645,1,2,1,1.0,4,95252,M,4898710.0,223410.0,95
201400045969,14,4,1,1745,1,2,1,1.0,6,95219,M,4898010.0,227040.0,95
201400045970,14,4,7,1725,1,2,1,1.0,3,95582,M,4897860.0,224390.0,95
201400045971,14,4,12,1450,1,2,1,1.0,1,95219,M,4899290.0,224760.0,95
201400045972,14,4,12,1945,1,2,1,1.0,6,95219,M,4899250.0,225780.0,95
201400045973,14,4,15,1940,1,2,2,1.0,3,95252,M,4899830.0,223020.0,95
201400045974,14,4,26,1300,1,2,1,2.0,6,95219,M,4898750.0,225750.0,95
201400045975,14,4,27,935,1,2,6,2.0,3,95203,M,4899490.0,227540.0,95
201400045976,14,5,1,1325,1,2,3,2.0,6,95219,M,4898110.0,227050.0,95
201400045977,14,5,2,1200,1,2,3,1.0,2,95252,M,4899990.0,222580.0,95
201400045978,14,5,8,1225,1,2,6,1.0,4,95219,M,4898020.0,225320.0,95
201400045979,14,5,9,815,1,2,2,1.0,7,95252,M,4898850.0,223030.0,95
201400045980,14,5,11,1035,1,2,1,1.0,6,95203,M,4898190.0,228510.0,95
201400045981,14,5,11,1350,1,2,1,1.0,6,95252,M,4898330.0,222490.0,95
201400045982,14,5,13,1950,1,2,1,1.0,2,95252,M,4898440.0,224060.0,95
201400045983,14,5,18,120,5,2,1,1.0,6,95219,M,4898760.0,225770.0,95
201400045984,14,5,24,1850,1,2,6,1.0,2,95252,M,4898910.0,221220.0,95
201400045985,14,5,29,1815,1,2,1,1.0,3,95219,M,4898770.0,224830.0,95
201400045986,14,6,7,600,1,2,1,1.0,6,95574,M,4901090.0,226070.0,95
201400045987,14,6,7,1510,1,2,1,1.0,3,95252,M,4898560.0,223810.0,95
201400045988,14,6,7,1745,1,2,1,1.0,6,95252,M,4898320.0,223050.0,95
201400045989,14,6,11,1920,1,2,1,1.0,6,95252,M,4898610.0,222520.0,95
201400045990,14,6,14,1655,1,2,1,1.0,6,95426,M,4900770.0,228150.0,95
201400045991,14,6,16,1730,1,2,1,1.0,3,95203,M,4899520.0,228430.0,95
201400045992,14,6,20,1645,1,2,1,1.0,6,95219,M,4898420.0,224640.0,95
201400045993,14,6,25,1905,1,2,6,1.0,3,95203,M,4899490.0,227570.0,95
201400045994,14,7,1,1910,1,2,1,1.0,6,95252,M,4899910.0,222790.0,95
201400045995,14,7,4,1632,1,2,1,1.0,2,95219,M,4899650.0,225180.0,95
201400045996,14,7,6,1920,1,2,1,1.0,6,95574,M,4901610.0,226520.0,95
201400045997,14,7,11,1105,1,2,3,2.0,3,95219,M,4897920.0,225020.0,95
201400045998,14,7,14,2230,5,2,1,1.0,3,95252,M,4898540.0,223640.0,95
201400045999,14,7,28,1720,1,1,1,1.0,1,95574,M,4901730.0,226310.0,95
201400046000,14,7,29,1225,1,2,1,1.0,1,95252,M,4898340.0,222910.0,95
201400046001,14,7,30,1135,1,1,3,1.0,3,95219,M,4899790.0,224740.0,95
201400046002,14,7,30,1950,1,2,3,1.0,6,95219,M,4898050.0,227010.0,95
201400046003,14,8,2,1530,1,2,6,1.0,1,95203,M,4899530.0,227470.0,95
201400046004,14,8,4,850,1,2,1,1.0,6,95203,M,4899620.0,227240.0,95
201400046005,14,8,5,1810,1,2,1,1.0,3,95203,M,4899530.0,227460.0,95
201400046006,14,8,8,1513,1,2,1,2.0,3,95252,M,4898610.0,222280.0,95
201400046007,14,8,18,2035,1,2,1,1.0,6,95252,M,4898610.0,222260.0,95
201400046008,14,8,19,945,1,2,4,1.0,1,95491,M,4899590.0,223840.0,95
201400046009,14,8,21,1415,1,2,3,1.0,6,95574,M,4900180.0,226310.0,95
201400046010,14,8,31,1410,1,2,6,1.0,3,95203,M,4894850.0,225830.0,95
201400046011,14,9,1,730,1,2,1,1.0,6,95252,M,4899510.0,221850.0,95
201400046012,14,9,2,1430,1,2,1,1.0,6,95219,M,4898510.0,225660.0,95
201400046013,14,9,4,1425,1,2,6,1.0,3,95219,M,4898190.0,224590.0,95
201400046014,14,9,7,1540,1,2,1,1.0,6,95203,M,4899480.0,228010.0,95
201400046015,14,9,6,1950,1,2,1,1.0,1,95252,M,4899650.0,222460.0,95
201400046016,14,9,11,845,1,2,4,1.0,3,95203,M,4898890.0,227420.0,95
201400046017,14,9,11,1910,1,2,1,1.0,6,95574,M,4900110.0,225940.0,95
201400046018,14,9,12,1730,1,2,1,1.0,2,95219,M,4899670.0,225270.0,95
201400046019,14,9,18,950,1,2,2,1.0,1,95252,M,4899030.0,222810.0,95
201400046020,14,9,15,2000,4,2,1,1.0,6,95203,M,4899670.0,228370.0,95
201400046021,14,9,26,2320,5,2,1,1.0,7,95252,M,4898250.0,223130.0,95
201400046022,14,10,2,1525,1,2,1,1.0,3,95252,M,4898770.0,223250.0,95
201400046023,14,10,4,1330,1,2,2,1.0,3,95574,M,4901010.0,226330.0,95
201400046024,14,10,6,1650,1,2,1,2.0,6,95219,M,4898490.0,225640.0,95
201400046025,14,10,10,930,1,2,2,1.0,6,95252,M,4898770.0,222970.0,95
201400046026,14,10,13,2055,5,2,1,1.0,1,95491,M,4900040.0,224870.0,95
201400046027,14,10,25,2330,5,2,4,1.0,2,95252,M,4898740.0,223350.0,95
201400046028,14,10,30,1807,5,2,1,1.0,1,95252,M,4898630.0,222180.0,95
201400046029,14,11,3,1015,1,2,3,1.0,6,95252,M,4898760.0,221870.0,95
201400046030,14,11,3,1800,5,2,1,3.0,6,95252,M,4899440.0,224290.0,95
201400046031,14,11,6,700,2,2,6,1.0,3,95203,M,4899490.0,227570.0,95
201400046032,14,11,6,810,1,2,1,1.0,3,95252,M,4899460.0,222120.0,95
201400046033,14,11,6,1400,1,2,1,1.0,6,95252,M,4898510.0,222990.0,95
201400046034,14,11,6,1910,5,2,1,1.0,6,95219,M,4899870.0,225530.0,95
201400046035,14,11,9,205,5,2,1,1.0,6,95203,M,4899360.0,228110.0,95
201400046036,14,11,10,1420,1,2,1,1.0,7,95203,M,4899050.0,227580.0,95
201400046037,14,11,14,1305,1,2,4,2.0,5,95252,M,4897830.0,223690.0,95
201400046038,14,11,17,1840,5,2,2,2.0,6,95203,M,4899460.0,227790.0,95
201400046039,14,11,18,1815,5,2,2,1.0,3,95203,M,4899610.0,227860.0,95
201400046040,14,11,21,810,1,2,1,2.0,1,95574,M,4900290.0,225360.0,95
201400046041,14,11,28,800,1,2,1,1.0,3,95203,M,4898350.0,227190.0,95
201400046042,14,11,29,1240,1,2,1,1.0,3,95203,M,4900250.0,227050.0,95
201400046043,14,12,5,800,5,2,4,1.0,6,95219,M,4898270.0,226880.0,95
201400046044,14,12,8,1945,5,2,1,2.0,6,95426,M,4902030.0,229190.0,95
201400046045,14,12,10,1600,1,2,1,2.0,3,95574,M,4900010.0,226340.0,95
201400046046,14,12,16,1725,5,2,6,1.0,3,95252,M,4899230.0,222260.0,95
201400046047,14,12,17,820,1,2,1,2.0,6,95491,M,4900160.0,223870.0,95
201400046048,14,12,17,1150,1,2,1,2.0,2,95203,M,4900220.0,227020.0,95
201400046049,14,12,17,1850,5,2,1,2.0,6,95203,M,4898560.0,228050.0,95
201400046050,14,12,31,1745,2,2,1,1.0,6,95252,M,4898570.0,223760.0,95
201400046051,14,3,6,938,1,2,4,1.0,3,95219,M,4897690.0,226230.0,95
201400046052,14,6,14,2220,5,2,1,1.0,3,95252,M,4898350.0,224230.0,95
201400046053,14,7,19,1845,1,2,3,2.0,2,95219,M,4899390.0,224420.0,95
201400046054,14,7,14,1120,1,2,6,1.0,3,95203,M,4899490.0,227570.0,95
201400046055,14,11,25,1620,1,2,1,1.0,6,95203,M,4898650.0,227320.0,95
201400046056,14,4,2,1735,1,2,1,1.0,3,95268,M,4896510.0,239540.0,95
201400046057,14,4,5,1600,1,2,1,1.0,6,95268,M,4897250.0,239360.0,95
201400046058,14,7,21,1605,1,2,6,1.0,2,95268,M,4896080.0,240120.0,95
201400046059,14,7,25,1505,1,2,3,7.0,3,95268,M,4897040.0,239920.0,95
201400046060,14,11,29,1800,5,2,1,1.0,1,95268,M,4896960.0,239730.0,95
201400046061,14,12,3,1420,1,2,1,1.0,2,95268,M,4896960.0,241290.0,95
201400046062,14,1,3,1200,1,2,1,1.0,2,95019,M,4898890.0,241570.0,95
201400046063,14,6,10,1108,1,2,1,2.0,6,95019,M,4898370.0,240590.0,95
201400046064,14,1,7,1040,1,2,1,1.0,6,95019,M,4899420.0,241610.0,95
201400046065,14,9,13,1015,1,2,1,1.0,6,95280,M,4902650.0,246240.0,95
201400046066,14,1,8,2153,5,2,1,2.0,6,95019,M,4898590.0,241060.0,95
201400046067,14,1,9,1330,1,2,3,2.0,3,95280,M,4902850.0,246120.0,95
201400046068,14,10,16,1950,5,2,1,8.0,3,95019,M,4898610.0,241210.0,95
201400046069,14,4,27,1500,1,2,1,1.0,3,95277,M,4899270.0,242720.0,95
201400046070,14,5,4,1658,1,2,1,1.0,3,95277,M,4897740.0,245370.0,95
201400046071,14,6,5,1035,1,2,1,1.0,3,95019,M,4899510.0,241940.0,95
201400046072,14,6,12,1750,1,2,1,1.0,1,95277,M,4898440.0,244150.0,95
201400046073,14,3,5,1650,1,2,2,1.0,6,95280,M,4902490.0,246390.0,95
201400046074,14,3,15,1525,1,2,3,1.0,6,95019,M,4898990.0,241980.0,95
201400046075,14,7,22,1200,1,1,1,1.0,2,95277,M,4898950.0,247490.0,95
201400046076,14,7,28,723,1,1,2,8.0,3,95277,M,4897370.0,246080.0,95
201400046077,14,8,7,1839,1,2,2,1.0,3,95277,M,4898630.0,244880.0,95
201400046078,14,9,29,1400,1,1,1,1.0,1,95277,M,4897990.0,243770.0,95
201400046079,14,10,10,1100,1,2,3,1.0,3,95280,M,4903720.0,245830.0,95
201400046080,14,1,29,845,1,2,2,8.0,3,95280,M,4903570.0,247040.0,95
201400046081,14,1,29,1030,1,2,1,1.0,6,95280,M,4903890.0,245810.0,95
201400046082,14,5,9,2130,5,2,1,1.0,6,95277,M,4899970.0,242390.0,95
201400046083,14,2,5,1420,1,2,6,1.0,2,95019,M,4899620.0,242050.0,95
201400046084,14,2,6,1615,1,2,1,8.0,2,95280,M,4901550.0,246990.0,95
201400046085,14,2,8,730,5,2,1,2.0,5,95277,M,4899410.0,242390.0,95
201400046086,14,2,8,2036,5,2,1,1.0,6,95019,M,4899510.0,241930.0,95
201400046087,14,2,10,538,3,2,1,1.0,3,95277,M,4897870.0,245250.0,95
201400046088,14,2,15,2015,5,2,1,2.0,1,95280,M,4902340.0,247220.0,95
201400046089,14,2,20,1630,1,2,6,3.0,7,95280,M,4901260.0,247140.0,95
201400046090,14,2,27,935,1,1,1,3.0,3,95277,M,4900290.0,240950.0,95
201400046091,14,3,1,1940,5,2,1,1.0,4,95280,M,4903180.0,245910.0,95
201400046092,14,3,7,1330,1,2,1,1.0,6,95280,M,4903410.0,245350.0,95
201400046093,14,9,25,1720,1,2,2,1.0,6,95280,M,4902490.0,246410.0,95
201400046094,14,4,5,1515,1,2,2,1.0,3,95280,M,4903670.0,246810.0,95
201400046095,14,4,13,1050,1,2,6,1.0,3,95019,M,4898610.0,241270.0,95
201400046096,14,4,15,645,2,2,1,1.0,3,95280,M,4902430.0,246740.0,95
201400046097,14,12,5,1345,1,2,2,1.0,6,95280,M,4902490.0,246390.0,95
201400046098,14,12,7,1830,5,2,2,2.0,6,95277,M,4898440.0,244330.0,95
201400046099,14,4,19,2037,5,1,1,1.0,3,95277,M,4896850.0,246510.0,95
201400046100,14,12,16,1650,2,2,1,1.0,6,95280,M,4903590.0,247770.0,95
201400046101,14,4,21,1245,1,2,1,1.0,6,95280,M,4903850.0,245990.0,95
201400046102,14,5,16,1100,1,2,1,1.0,3,95019,M,4899450.0,241870.0,95
201400046103,14,5,19,1110,1,2,6,1.0,3,95277,M,4898560.0,243220.0,95
201400046104,14,5,22,830,1,2,1,1.0,6,95019,M,4898420.0,241910.0,95
201400046105,14,5,22,1910,1,2,2,1.0,3,95277,M,4898170.0,245620.0,95
201400046106,14,5,23,1925,1,2,1,1.0,6,95280,M,4903130.0,247320.0,95
201400046107,14,5,26,1700,1,2,1,1.0,6,95277,M,4898410.0,245070.0,95
201400046108,14,6,16,1835,1,2,3,1.0,3,95280,M,4903960.0,246590.0,95
201400046109,14,6,18,1610,1,2,1,1.0,3,95019,M,4898530.0,242580.0,95
201400046110,14,6,26,845,1,2,1,1.0,6,95019,M,4899160.0,241750.0,95
201400046111,14,6,26,1840,1,1,6,1.0,3,95277,M,4896880.0,246450.0,95
201400046112,14,7,12,1550,1,2,2,1.0,3,95019,M,4898620.0,241540.0,95
201400046113,14,7,13,2053,1,2,1,1.0,6,95277,M,4899670.0,242790.0,95
201400046114,14,7,23,2025,1,2,6,2.0,2,95277,M,4899320.0,244260.0,95
201400046115,14,7,25,1535,1,2,1,1.0,6,95277,M,4899050.0,243030.0,95
201400046116,14,8,25,205,5,2,6,1.0,2,95277,M,4896890.0,246450.0,95
201400046117,14,8,26,1930,2,2,1,1.0,6,95277,M,4898690.0,243140.0,95
201400046118,14,9,6,235,5,2,3,1.0,7,95019,M,4898580.0,240990.0,95
201400046119,14,10,18,706,5,2,1,1.0,6,95280,M,4903310.0,245830.0,95
201400046120,14,11,5,1428,1,2,1,1.0,6,95277,M,4898950.0,244640.0,95
201400046121,14,11,11,625,2,2,2,1.0,3,95277,M,4898420.0,244030.0,95
201400046122,14,11,21,1350,1,2,1,1.0,2,95277,M,4898060.0,245460.0,95
201400046123,14,11,25,1556,1,2,3,1.0,3,95277,M,4899710.0,242230.0,95
201400046124,14,11,29,1137,1,2,1,1.0,6,95280,M,4903870.0,246720.0,95
201400046125,14,12,4,1950,5,2,1,1.0,1,95280,M,4902110.0,247080.0,95
201400046126,14,12,4,2046,5,1,1,2.0,6,95277,M,4897750.0,245320.0,95
201400046127,14,12,12,1450,1,2,1,2.0,1,95277,M,4899770.0,242760.0,95
201400046128,14,1,8,1415,1,2,1,1.0,6,95306,M,4899580.0,214850.0,95
201400046129,14,1,17,2015,5,2,1,1.0,6,95306,M,4899270.0,216230.0,95
201400046130,14,1,23,1140,1,2,1,1.0,6,95424,M,4899080.0,219610.0,95
201400046131,14,1,27,1545,1,2,1,1.0,2,95424,M,4899520.0,219250.0,95
201400046132,14,2,22,2345,3,2,1,1.0,6,95257,M,4898080.0,217380.0,95
201400046133,14,3,12,1540,1,2,1,1.0,6,95306,M,4899060.0,216670.0,95
201400046134,14,4,23,1115,1,2,1,1.0,2,95424,M,4899520.0,219260.0,95
201400046135,14,4,23,1815,1,1,1,1.0,3,95424,M,4899290.0,218180.0,95
201400046136,14,4,25,925,1,2,4,1.0,3,95306,M,4899110.0,217310.0,95
201400046137,14,4,25,2130,2,2,1,2.0,2,95424,M,4899710.0,218890.0,95
201400046138,14,4,29,1630,1,2,1,1.0,6,95424,M,4899520.0,220020.0,95
201400046139,14,5,3,1145,1,2,1,1.0,6,95306,M,4898950.0,217110.0,95
201400046140,14,5,6,1810,1,2,1,1.0,6,95424,M,4898330.0,218180.0,95
201400046141,14,5,22,1715,1,2,1,1.0,6,95306,M,4899090.0,216750.0,95
201400046142,14,6,7,1445,1,2,1,1.0,6,95257,M,4898050.0,218210.0,95
201400046143,14,7,27,1550,1,2,2,1.0,3,95306,M,4900070.0,218210.0,95
201400046144,14,8,14,1445,1,2,1,1.0,3,95306,M,4899870.0,218210.0,95
201400046145,14,8,16,2005,1,2,1,1.0,3,95306,M,4900060.0,218240.0,95
201400046146,14,9,10,1705,1,2,1,1.0,6,95424,M,4900660.0,219520.0,95
201400046147,14,9,29,2010,3,2,1,3.0,1,95306,M,4899620.0,215380.0,95
201400046148,14,10,19,1031,1,2,3,1.0,1,95424,M,4899830.0,220450.0,95
201400046149,14,10,31,1820,5,2,1,1.0,6,95424,M,4899480.0,220130.0,95
201400046150,14,11,29,1615,1,2,1,1.0,6,95424,M,4900240.0,220190.0,95
201400046151,14,12,12,645,2,2,1,1.0,1,95306,M,4899610.0,215390.0,95
201400046152,14,12,24,1629,2,1,1,1.0,1,95424,M,4898330.0,218910.0,95
201400046153,14,12,29,1455,1,1,3,1.0,5,95424,M,4899130.0,220640.0,95
201400046154,14,7,14,1915,1,1,1,1.0,1,95424,M,4898570.0,219370.0,95
201400046155,14,6,27,1700,1,1,2,1.0,3,93073,M,,,93
201400046156,14,8,16,2350,5,1,1,1.0,6,95527,M,4899210.0,251950.0,95
201400046157,14,5,21,1540,1,1,1,8.0,2,93073,M,,,93
201400046158,14,1,13,1335,1,1,1,1.0,6,95527,M,4900460.0,254810.0,95
201400046159,14,12,1,655,5,1,1,2.0,6,95527,M,4900570.0,253690.0,95
201400046160,14,1,14,630,5,1,1,2.0,2,95527,M,4900560.0,253590.0,95
201400046161,14,12,17,1645,1,1,1,2.0,6,93073,M,,,93
201400046162,14,6,26,715,1,1,1,1.0,1,77291,M,,,77
201400046163,14,10,12,1923,5,1,1,2.0,6,93073,M,,,93
201400046164,14,8,4,1915,5,1,1,1.0,6,77282,M,4902149.0,234509.0,77
201400046165,14,12,5,1600,1,1,1,1.0,7,95527,M,4899590.0,252040.0,95
201400046166,14,5,11,1059,1,1,1,1.0,4,95527,M,4900570.0,253810.0,95
201400046167,14,3,22,810,1,1,1,1.0,6,77291,M,,,77
201400046168,14,8,25,1817,1,1,1,3.0,2,95527,M,4901220.0,251980.0,95
201400046169,14,1,7,1850,5,1,3,1.0,3,93073,M,,,93
201400046170,14,10,17,510,3,1,1,8.0,7,77285,M,,,77
201400046171,14,12,28,1520,1,1,1,1.0,6,93073,M,,,93
201400046172,14,1,16,1312,1,1,1,1.0,6,93073,M,,,93
201400046173,14,11,18,553,5,1,1,1.0,6,93073,M,,,93
201400046174,14,7,9,1505,1,1,1,3.0,7,77282,M,,,77
201400046175,14,1,15,2240,5,1,1,2.0,3,93073,M,,,93
201400046176,14,10,17,30,5,2,2,3.0,6,93073,M,,,93
201400046177,14,12,30,1300,1,1,1,8.0,3,93073,M,,,93
201400046178,14,1,16,1340,1,1,1,2.0,2,93073,M,,,93
201400046179,14,7,10,1426,1,2,1,1.0,3,93073,M,,,93
201400046180,14,2,19,1300,1,1,1,1.0,6,95527,M,4900560.0,253670.0,95
201400046181,14,7,3,1530,1,2,4,1.0,2,95527,M,4900790.0,253240.0,95
201400046182,14,10,6,1415,1,1,1,1.0,7,77294,M,,,77
201400046183,14,8,27,2140,3,1,4,1.0,1,77294,M,,,77
201400046184,14,11,10,1146,1,2,3,1.0,3,95527,M,4901270.0,253360.0,95
201400046185,14,2,12,1740,2,2,1,2.0,3,95527,M,4901120.0,252640.0,95
201400046186,14,3,12,730,2,2,1,1.0,4,95527,M,4900640.0,254310.0,95
201400046187,14,1,19,2012,5,1,1,1.0,6,93073,M,,,93
201400046188,14,10,29,1840,3,1,1,8.0,7,93073,M,,,93
201400046189,14,4,7,1840,1,1,1,1.0,3,95527,M,4901210.0,251880.0,95
201400046190,14,6,28,1412,1,2,1,3.0,2,95527,M,4900460.0,254850.0,95
201400046191,14,6,30,1010,1,1,1,1.0,6,93073,M,4899530.0,252360.0,93
201400046192,14,7,18,1600,1,1,1,1.0,2,93073,M,,,93
201400046193,14,10,12,1430,1,1,1,2.0,6,77285,M,,,77
201400046194,14,11,16,1955,5,1,1,2.0,6,93073,M,,,93
201400046195,14,12,2,1150,1,2,1,8.0,6,77282,M,,,77
201400046196,14,11,30,1705,1,1,1,1.0,3,93073,M,,,93
201400046197,14,4,13,2327,5,1,1,1.0,2,95527,M,4900960.0,253710.0,95
201400046198,14,1,17,2230,5,2,1,9.0,2,93073,M,,,93
201400046199,14,4,27,620,2,1,6,8.0,7,93073,M,,,93
201400046200,14,2,17,735,2,1,1,1.0,2,95527,M,4900610.0,254650.0,95
201400046201,14,7,24,55,5,1,1,1.0,6,95527,M,4900940.0,255090.0,95
201400046202,14,8,5,905,1,1,1,1.0,2,93073,M,,,93
201400046203,14,10,1,1840,1,1,6,1.0,3,95527,M,4900620.0,250620.0,95
201400046204,14,10,30,1400,1,2,1,1.0,3,95527,M,4901210.0,251930.0,95
201400046205,14,11,16,1850,4,1,1,2.0,6,77285,M,,,77
201400046206,14,11,26,1720,5,1,4,1.0,3,95527,M,4899460.0,251950.0,95
201400046207,14,9,1,920,1,2,1,1.0,5,93073,M,,,93
201400046208,14,2,14,1635,1,1,1,1.0,6,93073,M,,,93
201400046209,14,10,30,1225,1,1,1,1.0,6,93073,M,,,93
201400046210,14,6,9,300,5,1,1,1.0,6,95527,M,4900590.0,254670.0,95
201400046211,14,1,16,550,5,2,1,2.0,6,95527,M,4900950.0,253910.0,95
201400046212,14,11,25,830,1,1,1,2.0,2,77282,M,,,77
201400046213,14,12,2,1600,1,2,2,1.0,2,95585,M,4897980.0,237630.0,95
201400046214,14,2,1,1805,2,1,3,8.0,3,95539,M,4901360.0,235160.0,95
201400046215,14,2,28,1910,4,2,1,1.0,1,95680,M,4901090.0,240310.0,95
201400046216,14,3,16,1550,1,2,1,7.0,2,95539,M,4899020.0,236010.0,95
201400046217,14,3,24,1405,1,2,1,1.0,1,95539,M,4899480.0,236720.0,95
201400046218,14,4,9,2015,1,2,1,1.0,3,95680,M,4900370.0,242040.0,95
201400046219,14,4,11,2300,3,1,1,1.0,6,95585,M,4899630.0,238730.0,95
201400046220,14,4,17,1350,1,2,1,1.0,3,95680,M,4900130.0,240730.0,95
201400046221,14,5,7,830,1,2,2,8.0,3,95585,M,4898780.0,238990.0,95
201400046222,14,6,3,809,1,2,1,1.0,6,95585,M,4897610.0,237530.0,95
201400046223,14,6,4,1623,1,2,1,3.0,6,95680,M,4900250.0,238560.0,95