Num_Acc,an,mois,jour,hrmn,lum,agg,int,atm,col,com,gps,lat,long,dep
201400046224,14,6,6,1710,1,1,1,1.0,3,95585,M,4899540.0,238950.0,95
201400046225,14,6,20,1210,1,2,1,1.0,6,95539,M,4899710.0,235220.0,95
201400046226,14,7,11,1200,1,2,1,2.0,3,95585,M,4898740.0,236950.0,95
201400046227,14,7,16,1545,1,2,1,1.0,6,95585,M,4897940.0,237920.0,95
201400046228,14,7,16,2130,1,2,1,1.0,3,95585,M,4897950.0,237840.0,95
201400046229,14,9,26,1630,1,2,2,7.0,3,95680,M,4900520.0,238710.0,95
201400046230,14,10,4,2050,3,2,1,2.0,5,95585,M,4897790.0,236440.0,95
201400046231,14,10,7,720,2,2,1,3.0,3,95539,M,4899840.0,235620.0,95
201400046232,14,10,17,1400,1,2,1,1.0,6,95680,M,4900230.0,241610.0,95
201400046233,14,10,23,150,5,2,2,1.0,3,95539,M,4899890.0,236840.0,95
201400046234,14,10,31,1755,5,2,1,1.0,6,95585,M,4897550.0,238480.0,95
201400046235,14,11,4,1140,1,2,1,1.0,3,95680,M,4900130.0,240730.0,95
201400046236,14,11,5,1630,1,2,2,1.0,3,95680,M,4900070.0,239220.0,95
201400046237,14,11,3,1825,5,2,1,3.0,6,95585,M,4899330.0,237710.0,95
201400046238,14,11,6,1300,1,2,1,1.0,6,95539,M,4900040.0,236550.0,95
201400046239,14,12,6,1400,1,2,1,1.0,6,95680,M,4900170.0,238450.0,95
201400046240,14,12,6,1750,2,2,1,1.0,6,95585,M,4898580.0,238850.0,95
201400046241,14,12,14,1735,3,1,1,2.0,6,95539,M,4899610.0,235010.0,95
201400046242,14,7,23,2100,1,2,1,2.0,6,95585,M,4899170.0,236850.0,95
201400046243,14,1,14,1610,1,2,2,1.0,6,95563,M,4901890.0,224760.0,95
201400046244,14,1,14,1540,1,2,1,1.0,4,95563,M,4901550.0,224470.0,95
201400046245,14,1,24,1700,1,2,1,1.0,3,95051,M,4901450.0,218150.0,95
201400046246,14,1,27,1600,1,2,1,8.0,3,95607,M,4902610.0,221950.0,95
201400046247,14,3,6,1625,1,2,3,1.0,3,95607,M,4902540.0,222320.0,95
201400046248,14,3,27,1130,1,2,3,1.0,3,95051,M,4900740.0,220290.0,95
201400046249,14,4,25,1020,1,2,1,1.0,5,95051,M,4900920.0,219920.0,95
201400046250,14,5,29,1845,1,1,6,1.0,3,95607,M,4901410.0,221680.0,95
201400046251,14,6,1,1135,1,2,6,1.0,1,95607,M,4901040.0,221340.0,95
201400046252,14,6,8,1730,1,2,4,1.0,3,95060,M,4903790.0,221170.0,95
201400046253,14,6,18,855,1,1,6,1.0,3,95607,M,4901550.0,221810.0,95
201400046254,14,6,24,920,1,2,2,1.0,3,95607,M,4902410.0,221560.0,95
201400046255,14,6,28,2140,5,2,2,2.0,3,95060,M,4903710.0,221210.0,95
201400046256,14,7,9,1320,1,2,2,2.0,3,95607,M,4901280.0,220510.0,95
201400046257,14,9,13,1255,1,2,1,1.0,2,95060,M,4903750.0,221170.0,95
201400046258,14,10,1,100,5,1,1,1.0,3,95607,M,4903690.0,222590.0,95
201400046259,14,10,17,1110,1,2,2,1.0,1,95060,M,4903710.0,221210.0,95
201400046260,14,10,23,620,5,2,6,2.0,7,95607,M,4902870.0,220940.0,95
201400046261,14,10,23,1655,1,2,1,1.0,6,95563,M,4900780.0,224280.0,95
201400046262,14,10,31,1235,1,2,1,1.0,5,95607,M,4902490.0,221440.0,95
201400046263,14,11,17,1915,5,2,1,2.0,6,95051,M,4900780.0,220190.0,95
201400046264,14,12,7,1750,3,2,1,2.0,6,95607,M,4901460.0,222150.0,95
201400046265,14,12,12,825,4,2,2,2.0,3,95563,M,4901370.0,224090.0,95
201400046266,14,3,10,2150,5,2,3,1.0,3,95060,M,4903850.0,221090.0,95
201400046267,14,3,13,1720,1,2,1,1.0,3,95607,M,4902660.0,222430.0,95
201400046268,14,4,2,1805,1,2,2,1.0,3,95607,M,4902410.0,221560.0,95
201400046269,14,6,10,1720,1,2,1,1.0,4,95563,M,4900920.0,223660.0,95
201400046270,14,6,1,730,1,2,1,1.0,6,95060,M,4903790.0,221520.0,95
201400046271,14,6,5,1720,1,2,1,1.0,3,95607,M,4901580.0,220880.0,95
201400046272,14,7,10,1035,1,2,2,2.0,3,95060,M,4903710.0,221210.0,95
201400046273,14,12,17,1520,1,2,3,1.0,6,95607,M,4901820.0,221160.0,95
201400046274,14,1,9,1220,1,2,1,1.0,6,20004,M,4193552.0,873619.0,201
201400046275,14,1,22,700,2,2,1,1.0,6,20004,M,4192741.0,873853.0,201
201400046276,14,1,24,730,2,2,1,2.0,7,20004,M,4194608.0,871574.0,201
201400046277,14,1,25,1535,1,2,1,1.0,4,20004,M,4191207.0,872258.0,201
201400046278,14,1,25,2018,5,2,1,1.0,6,20004,M,4193700.0,875993.0,201
201400046279,14,1,31,2030,5,2,1,1.0,2,20004,M,4192674.0,873837.0,201
201400046280,14,2,7,1310,1,2,1,1.0,6,20004,M,4192602.0,873820.0,201
201400046281,14,2,14,2222,3,1,1,1.0,6,20004,M,4193991.0,880517.0,201
201400046282,14,2,14,2330,5,2,3,1.0,6,20004,M,4192640.0,873828.0,201
201400046283,14,2,15,1840,5,2,1,1.0,3,20004,M,4194753.0,876325.0,201
201400046284,14,2,19,745,1,2,1,1.0,6,20004,M,4194081.0,874612.0,201
201400046285,14,3,11,900,1,2,1,1.0,3,20004,M,4191555.0,873058.0,201
201400046286,14,3,15,735,1,2,1,1.0,6,20004,M,4193736.0,873784.0,201
201400046287,14,3,21,2300,5,2,1,1.0,6,20004,M,4192649.0,873754.0,201
201400046288,14,3,28,1210,1,2,1,1.0,6,20004,M,4192697.0,873838.0,201
201400046289,14,3,28,1535,1,2,1,1.0,1,20004,M,4193860.0,874157.0,201
201400046290,14,4,13,200,5,1,1,1.0,7,20004,M,4193005.0,878325.0,201
201400046291,14,4,14,45,5,2,1,1.0,3,20004,M,4193658.0,873591.0,201
201400046292,14,4,11,1225,1,2,1,1.0,6,20004,M,4191506.0,872442.0,201
201400046293,14,4,17,1450,1,2,1,1.0,1,20004,M,4194943.0,876823.0,201
201400046294,14,4,30,2115,5,2,1,1.0,3,20004,M,4190813.0,868507.0,201
201400046295,14,5,1,1300,1,2,3,1.0,3,20004,M,4193448.0,875079.0,201
201400046296,14,5,6,1600,1,2,1,1.0,3,20004,M,4194403.0,875519.0,201
201400046297,14,5,8,825,1,1,9,1.0,2,20004,M,4193713.0,880358.0,201
201400046298,14,5,11,645,1,2,3,1.0,3,20004,M,4193418.0,874543.0,201
201400046299,14,5,27,1354,1,2,1,1.0,6,20004,M,4194923.0,877533.0,201
201400046300,14,6,4,30,5,2,1,1.0,6,20004,M,4191365.0,872876.0,201
201400046301,14,6,14,2050,1,2,1,1.0,6,20004,M,4193524.0,874588.0,201
201400046302,14,6,20,455,2,2,1,1.0,6,20004,M,4190869.0,870882.0,201
201400046303,14,6,20,1430,1,2,1,1.0,5,20004,M,4190880.0,871341.0,201
201400046304,14,6,18,1200,1,2,1,1.0,7,20004,M,4191957.0,873341.0,201
201400046305,14,6,19,1820,1,2,1,2.0,6,20004,M,4192891.0,873745.0,201
201400046306,14,6,29,2150,5,2,1,1.0,3,20004,M,4191294.0,872623.0,201
201400046307,14,7,15,1817,1,2,3,1.0,3,20004,M,4193418.0,874754.0,201
201400046308,14,7,26,140,5,2,1,1.0,6,20004,M,4191717.0,873403.0,201
201400046309,14,7,26,2345,5,2,1,1.0,6,20004,M,4194484.0,875718.0,201
201400046310,14,8,3,300,5,1,1,1.0,1,20004,M,4190918.0,869834.0,201
201400046311,14,8,3,1150,1,2,1,1.0,6,20004,M,4193338.0,874322.0,201
201400046312,14,8,3,2305,5,2,3,1.0,6,20004,M,4191665.0,873142.0,201
201400046313,14,8,6,2145,5,2,1,1.0,3,20004,M,4193172.0,874053.0,201
201400046314,14,8,11,27,5,2,1,1.0,6,20004,M,4193286.0,874177.0,201
201400046315,14,8,19,2350,3,1,1,1.0,6,20004,M,4192523.0,864482.0,201
201400046316,14,8,18,1944,1,2,1,1.0,5,20004,M,4190919.0,869436.0,201
201400046317,14,8,30,1210,1,2,1,1.0,6,20004,M,0.0,0.0,201
201400046318,14,8,30,1,5,2,2,1.0,3,20004,M,4191061.0,872166.0,201
201400046319,14,9,3,2000,2,1,1,1.0,1,20004,M,4194486.0,873586.0,201
201400046320,14,9,5,1510,1,2,1,1.0,3,20004,M,4192390.0,873914.0,201
201400046321,14,9,9,1820,1,2,1,1.0,6,20004,M,0.0,0.0,201
201400046322,14,9,11,730,1,2,1,2.0,3,20004,M,4194397.0,875512.0,201
201400046323,14,9,14,30,5,2,1,1.0,6,20004,M,4193397.0,873678.0,201
201400046324,14,9,14,300,5,2,1,1.0,6,20004,M,4192338.0,873769.0,201
201400046325,14,9,16,2040,5,2,1,1.0,1,20004,M,4194315.0,875309.0,201
201400046326,14,9,18,2105,5,2,1,1.0,7,20004,M,4195088.0,877271.0,201
201400046327,14,9,21,140,5,2,1,1.0,6,20004,M,4191672.0,873742.0,201
201400046328,14,9,21,720,1,2,1,1.0,3,20004,M,4192949.0,873740.0,201
201400046329,14,9,22,1722,1,2,3,1.0,1,20004,M,4191522.0,872728.0,201
201400046330,14,9,28,2300,5,2,6,1.0,3,20004,M,4191866.0,873695.0,201
201400046331,14,9,29,930,1,2,1,1.0,6,20004,M,4190918.0,869404.0,201
201400046332,14,10,3,2310,5,2,1,1.0,6,20004,M,4194445.0,879790.0,201
201400046333,14,10,10,820,1,2,1,1.0,1,20004,M,4193655.0,873978.0,201
201400046334,14,10,15,2215,5,2,1,1.0,6,20004,M,0.0,0.0,201
201400046335,14,10,23,2235,5,2,1,1.0,2,20004,M,4193515.0,875315.0,201
201400046336,14,10,30,215,5,2,1,1.0,6,20004,M,4191536.0,872424.0,201
201400046337,14,11,7,2130,3,1,1,1.0,2,20004,M,0.0,0.0,201
201400046338,14,11,22,839,1,2,3,1.0,3,20004,M,0.0,0.0,201
201400046339,14,11,24,1910,5,2,1,1.0,6,20004,M,4193602.0,875347.0,201
201400046340,14,12,5,1410,1,2,1,8.0,6,20004,M,4193009.0,873736.0,201
201400046341,14,12,7,1450,1,1,1,1.0,7,20004,M,0.0,0.0,201
201400046342,14,12,13,2310,5,2,2,1.0,6,20004,M,0.0,0.0,201
201400046343,14,12,17,1305,1,2,3,1.0,6,20004,M,4193647.0,874146.0,201
201400046344,14,1,7,1425,1,2,1,1.0,2,69381,M,,,69
201400046345,14,2,15,1720,2,2,1,3.0,6,69382,M,,,69
201400046346,14,1,9,1250,1,2,2,8.0,3,69381,M,,,69
201400046347,14,1,10,1900,5,2,1,1.0,6,69381,M,,,69
201400046348,14,2,27,1550,1,2,1,2.0,6,69381,M,,,69
201400046349,14,3,18,2050,5,2,2,1.0,5,69381,M,,,69
201400046350,14,6,4,950,1,2,1,2.0,6,69381,M,,,69
201400046351,14,7,20,358,5,2,1,1.0,6,69381,M,,,69
201400046352,14,6,14,1750,1,2,1,1.0,3,69381,M,,,69
201400046353,14,6,19,1250,1,2,1,1.0,3,69381,M,,,69
201400046354,14,6,28,1710,1,2,1,1.0,6,69381,M,,,69
201400046355,14,6,17,2115,3,2,2,2.0,1,69381,M,,,69
201400046356,14,7,31,1915,1,2,1,1.0,6,69381,M,,,69
201400046357,14,8,12,1350,1,2,1,1.0,3,69381,M,,,69
201400046358,14,8,28,300,5,2,1,1.0,6,69381,M,,,69
201400046359,14,8,28,1725,1,2,3,1.0,3,69381,M,,,69
201400046360,14,9,4,1955,5,2,2,1.0,3,69381,M,,,69
201400046361,14,9,9,2350,5,2,1,1.0,3,69384,M,,,69
201400046362,14,10,2,715,1,2,1,1.0,3,69381,M,,,69
201400046363,14,7,28,2215,5,2,1,1.0,6,69381,M,,,69
201400046364,14,10,1,1600,1,2,1,1.0,6,69381,M,,,69
201400046365,14,10,19,445,5,2,1,1.0,6,69381,M,,,69
201400046366,14,10,23,320,5,2,1,1.0,6,69381,M,,,69
201400046367,14,10,25,120,5,2,1,1.0,1,69381,M,,,69
201400046368,14,11,6,1730,5,2,2,1.0,3,69381,M,,,69
201400046369,14,11,20,345,4,2,1,1.0,5,69382,M,,,69
201400046370,14,12,5,2215,4,2,1,1.0,6,69381,M,,,69
201400046371,14,1,2,1800,5,1,1,1.0,5,94018,M,4882560.0,239234.0,94
201400046372,14,1,3,1800,5,1,1,1.0,2,94046,M,4881720.0,242504.0,94
201400046373,14,1,4,1930,3,1,1,1.0,4,94033,M,4884800.0,249104.0,94
201400046374,14,1,4,1920,3,1,1,1.0,7,77121,M,,,77
201400046375,14,1,6,857,1,1,1,1.0,5,94018,M,4881870.0,240833.0,94
201400046376,14,1,7,1600,1,1,1,2.0,3,77373,M,,,77
201400046377,14,1,7,1915,3,1,1,2.0,5,77058,M,4849518.0,241399.0,77
201400046378,14,1,11,1040,1,1,1,2.0,6,94044,M,4875800.0,247079.0,94
201400046379,14,1,11,1220,1,1,9,1.0,3,77175,M,,,77
201400046380,14,1,11,1830,3,1,1,1.0,5,77053,M,,,77
201400046381,14,1,12,1900,3,1,1,1.0,2,94033,M,4885090.0,248998.0,94
201400046382,14,1,13,600,3,1,1,1.0,2,77121,M,,,77
201400046383,14,1,13,858,1,1,1,1.0,4,77249,M,,,77
201400046384,14,1,13,1030,1,1,1,1.0,4,94042,M,4882830.0,247449.0,94
201400046385,14,1,14,825,1,1,1,2.0,4,77294,M,,,77
201400046386,14,1,15,920,1,1,1,2.0,6,94073,M,4875460.0,238171.0,94
201400046387,14,1,15,1115,1,1,1,2.0,6,94073,M,4876730.0,237855.0,94
201400046388,14,1,15,1125,1,1,1,2.0,2,94081,M,4877450.0,240442.0,94
201400046389,14,1,15,1200,1,1,1,2.0,6,77438,M,,,77
201400046390,14,1,15,1505,1,1,1,2.0,6,94044,M,4875760.0,247198.0,94
201400046391,14,1,15,1625,1,1,1,2.0,3,94058,M,4884500.0,249287.0,94
201400046392,14,1,16,730,5,1,1,1.0,3,93051,M,,,93
201400046393,14,1,16,900,1,1,1,2.0,3,77249,M,,,77
201400046394,14,1,16,950,1,1,1,2.0,3,94065,M,4875370.0,236569.0,94
201400046395,14,1,16,2030,3,1,1,2.0,7,77175,M,,,77
201400046396,14,1,18,1930,4,1,1,1.0,5,94017,M,4882790.0,250451.0,94
201400046397,14,1,19,1815,4,1,1,1.0,7,93051,M,,,93
201400046398,14,1,20,10,5,1,1,1.0,3,94046,M,4880720.0,244874.0,94
201400046399,14,1,20,705,3,1,1,1.0,6,77296,M,,,77
201400046400,14,1,20,830,1,1,1,1.0,2,77294,M,,,77
201400046401,14,1,20,1015,2,1,1,1.0,5,77294,M,,,77
201400046402,14,1,21,845,2,1,1,1.0,4,77083,M,,,77
201400046403,14,1,21,1800,3,1,1,1.0,3,77373,M,,,77
201400046404,14,1,23,635,3,1,1,2.0,2,77181,M,,,77
201400046405,14,1,23,755,2,1,1,1.0,5,75112,M,,,75
201400046406,14,1,23,1605,1,1,1,2.0,7,77053,M,,,77
201400046407,14,1,23,2205,5,1,1,2.0,6,94042,M,4882770.0,247021.0,94
201400046408,14,1,25,1010,1,1,1,2.0,3,94044,M,4875880.0,247013.0,94
201400046409,14,1,25,1255,1,1,1,1.0,4,94081,M,4877340.0,240296.0,94
201400046410,14,1,28,736,3,1,1,1.0,2,94069,M,4881760.0,242084.0,94
201400046411,14,1,28,1420,1,1,1,1.0,2,94017,M,4882970.0,249791.0,94
201400046412,14,1,29,2010,5,1,1,1.0,4,94017,M,4882980.0,249753.0,94
201400046413,14,1,30,130,3,1,1,2.0,6,77121,M,,,77
201400046414,14,1,30,1915,3,1,1,1.0,2,77294,M,,,77
201400046415,14,1,31,820,1,1,1,1.0,3,77363,M,,,77
201400046416,14,2,1,1330,1,1,1,1.0,5,93051,M,4883490.0,257708.0,93
201400046417,14,2,2,505,4,1,1,1.0,2,94065,M,4875490.0,234712.0,94
201400046418,14,2,3,743,1,1,1,1.0,2,77468,M,,,77
201400046419,14,2,5,819,1,1,1,1.0,2,77514,M,,,77
201400046420,14,2,5,830,1,1,1,1.0,3,94033,M,4885180.0,249044.0,94
201400046421,14,2,5,2300,3,1,1,1.0,5,94069,M,4881660.0,245027.0,94
201400046422,14,2,7,900,1,1,1,1.0,4,94046,M,4879800.0,244442.0,94
201400046423,14,2,7,1802,1,1,1,1.0,2,94015,M,4883060.0,252982.0,94
201400046424,14,2,8,915,2,1,1,2.0,3,94028,M,4878790.0,244032.0,94
201400046425,14,2,10,810,1,1,1,1.0,2,94015,M,4883070.0,252991.0,94
201400046426,14,2,10,1515,1,1,1,1.0,6,94018,M,4882350.0,239514.0,94
201400046427,14,2,11,640,3,1,1,1.0,7,77373,M,,,77
201400046428,14,2,11,910,1,1,1,1.0,3,94018,M,4882490.0,239322.0,94
201400046429,14,2,12,900,1,1,1,1.0,2,93051,M,4883470.0,258182.0,93
201400046430,14,2,12,950,1,1,1,1.0,4,77294,M,,,77
201400046431,14,2,13,840,2,1,1,3.0,3,94018,M,4882130.0,239954.0,94
201400046432,14,2,15,1715,1,1,1,1.0,3,94065,M,4875350.0,236041.0,94
201400046433,14,2,16,2020,3,1,1,2.0,2,94046,M,4880810.0,244878.0,94
201400046434,14,2,17,800,1,1,1,1.0,5,77517,M,,,77
201400046435,14,2,17,800,1,1,1,1.0,2,77175,M,,,77
201400046436,14,2,18,1250,1,1,1,1.0,2,93051,M,,,93
201400046437,14,2,19,1735,1,1,1,1.0,7,94002,M,4877670.0,241733.0,94
201400046438,14,2,21,200,3,1,1,1.0,6,77121,M,,,77
201400046439,14,2,21,1800,1,1,1,1.0,3,77372,M,,,77
201400046440,14,2,22,1130,1,1,1,2.0,6,94044,M,4875800.0,247080.0,94
201400046441,14,2,24,100,3,1,1,1.0,6,77372,M,,,77
201400046442,14,2,25,1200,1,1,1,1.0,2,77294,M,,,77
201400046443,14,2,25,1930,3,1,1,2.0,5,77373,M,,,77
201400046444,14,2,26,1930,3,1,1,1.0,7,94018,M,4881750.0,241528.0,94
201400046445,14,2,28,1945,3,1,1,3.0,6,77438,M,,,77
201400046446,14,3,1,1440,1,1,1,1.0,7,77337,M,4849357.0,237005.0,77
201400046447,14,3,11,1730,1,1,1,1.0,6,77296,M,,,77
201400046448,14,3,2,820,1,1,1,1.0,6,77258,M,,,77
201400046449,14,3,2,2045,3,1,1,1.0,7,75112,M,,,75
201400046450,14,3,2,2330,5,1,1,2.0,3,75112,M,,,75
201400046451,14,3,10,820,1,1,1,1.0,6,77294,M,,,77
201400046452,14,3,3,840,1,1,1,8.0,3,94018,M,4881770.0,241560.0,94
201400046453,14,3,4,845,1,1,1,1.0,3,94073,M,4876080.0,238255.0,94
201400046454,14,3,4,1115,1,1,1,1.0,2,94033,M,4885550.0,248927.0,94
201400046455,14,3,5,1540,1,1,1,1.0,3,77121,M,,,77
201400046456,14,3,5,1915,3,1,1,1.0,2,94022,M,4877340.0,240104.0,94
201400046457,14,3,6,855,1,1,1,1.0,3,94065,M,4875420.0,235100.0,94
201400046458,14,3,8,1101,1,1,1,1.0,5,94017,M,4882970.0,249791.0,94
201400046459,14,3,8,1445,1,1,1,1.0,4,94017,M,4882860.0,247721.0,94
201400046460,14,3,8,1630,1,1,1,1.0,2,77169,M,,,77
201400046461,14,3,9,550,3,1,1,1.0,4,77258,M,4849512.0,238085.0,77
201400046462,14,3,9,654,4,1,1,1.0,6,77251,M,,,77
201400046463,14,3,10,1145,1,1,1,1.0,4,94052,M,4884270.0,249262.0,94
201400046464,14,3,11,1010,1,1,1,1.0,4,77294,M,,,77
201400046465,14,3,12,1320,1,1,1,1.0,6,77373,M,,,77
201400046466,14,3,12,1740,1,1,1,1.0,4,94022,M,4877640.0,242160.0,94
201400046467,14,3,13,920,1,1,1,1.0,4,94028,M,4879310.0,244162.0,94
201400046468,14,3,14,1600,1,1,1,1.0,5,94022,M,4877560.0,241291.0,94
201400046469,14,3,14,1635,1,1,1,1.0,2,94069,M,4881760.0,243909.0,94
201400046470,14,3,15,945,1,1,1,1.0,3,75112,M,,,75
201400046471,14,3,17,815,2,1,1,1.0,2,77514,M,,,77
201400046472,14,3,20,1640,1,1,1,1.0,6,93051,M,4883550.0,256576.0,93
201400046473,14,3,21,700,5,1,1,1.0,6,94052,M,4883670.0,249401.0,94
201400046474,14,3,24,800,1,1,1,1.0,4,77373,M,,,77
201400046475,14,3,24,830,1,1,1,1.0,2,94073,M,4876900.0,237920.0,94
201400046476,14,3,24,845,1,1,1,1.0,2,94069,M,4881740.0,242930.0,94
201400046477,14,3,25,850,1,1,1,1.0,3,77373,M,,,77
201400046478,14,3,25,1940,5,1,1,1.0,4,94018,M,4882480.0,239301.0,94
201400046479,14,3,26,620,1,1,1,1.0,4,94015,M,4883060.0,252981.0,94
201400046480,14,3,28,430,5,1,1,1.0,2,94028,M,4877610.0,243095.0,94
201400046481,14,3,28,915,1,1,1,1.0,2,94069,M,4881740.0,242930.0,94
201400046482,14,3,28,1815,1,1,1,1.0,3,94073,M,4875850.0,238393.0,94
201400046483,14,3,28,1950,4,1,1,1.0,3,94017,M,4883030.0,248823.0,94
201400046484,14,3,29,1500,1,1,1,1.0,2,94073,M,4877130.0,239086.0,94
201400046485,14,3,30,1240,1,1,1,1.0,2,94033,M,4884850.0,249089.0,94
201400046486,14,3,31,655,1,1,1,1.0,2,94018,M,4882130.0,239955.0,94
201400046487,14,3,31,930,1,1,1,1.0,6,77294,M,,,77
201400046488,14,4,1,200,5,1,1,1.0,2,94028,M,4878020.0,244118.0,94
201400046489,14,4,5,1830,1,1,1,1.0,2,94081,M,4877330.0,240208.0,94
201400046490,14,4,7,1125,1,1,1,1.0,6,94022,M,4877590.0,241379.0,94
201400046491,14,4,7,1700,1,1,1,1.0,7,77438,M,,,77
201400046492,14,4,8,910,1,1,1,1.0,3,75112,M,,,75
201400046493,14,4,9,850,1,1,1,1.0,4,94046,M,4880450.0,244834.0,94
201400046494,14,4,9,930,1,1,1,1.0,3,94046,M,4880420.0,244866.0,94
201400046495,14,4,9,1600,1,1,1,1.0,5,75112,M,,,75
201400046496,14,4,9,1700,1,1,1,1.0,6,77294,M,,,77
201400046497,14,4,10,800,1,1,1,1.0,3,77251,M,,,77
201400046498,14,4,10,810,1,1,1,1.0,2,94017,M,4882700.0,252396.0,94
201400046499,14,4,11,1540,1,1,1,1.0,3,94081,M,4877360.0,240171.0,94
201400046500,14,4,12,830,1,1,1,1.0,7,77053,M,,,77
201400046501,14,4,12,1600,1,1,1,1.0,6,94069,M,4881720.0,244334.0,94
201400046502,14,4,12,1940,1,1,1,1.0,2,94015,M,4883300.0,253367.0,94
201400046503,14,4,13,1930,1,1,1,1.0,6,94052,M,4883200.0,249203.0,94
201400046504,14,4,14,745,1,1,1,1.0,3,94017,M,4882660.0,251692.0,94
201400046505,14,4,14,850,1,1,1,1.0,4,94065,M,4875370.0,236302.0,94
201400046506,14,4,14,1550,1,1,1,1.0,3,94028,M,4877760.0,244010.0,94
201400046507,14,4,14,1940,1,1,1,1.0,4,94052,M,4883520.0,249349.0,94
201400046508,14,4,15,1215,1,1,1,1.0,5,94017,M,4882880.0,247730.0,94
201400046509,14,4,17,822,1,1,1,1.0,3,93051,M,,,93
201400046510,14,4,18,1230,1,1,1,1.0,5,94033,M,4884900.0,249146.0,94
201400046511,14,4,18,1745,1,1,1,1.0,2,94015,M,4883340.0,253488.0,94
201400046512,14,4,19,340,3,1,1,1.0,2,94022,M,4877630.0,242425.0,94
201400046513,14,4,20,2035,1,1,1,1.0,7,94033,M,4885150.0,248978.0,94
201400046514,14,4,20,2010,1,1,1,1.0,4,94033,M,4885170.0,249044.0,94
201400046515,14,4,22,115,3,1,1,1.0,6,77169,M,,,77
201400046516,14,4,22,1900,1,1,1,1.0,2,94065,M,4875350.0,236174.0,94
201400046517,14,4,22,1920,1,1,1,1.0,7,77146,M,,,77
201400046518,14,4,26,1520,1,1,1,2.0,4,77373,M,,,77
201400046519,14,4,27,730,1,1,1,8.0,7,77294,M,,,77
201400046520,14,4,27,1310,1,1,1,1.0,7,77294,M,,,77
201400046521,14,4,28,1235,1,1,1,2.0,5,94017,M,4882700.0,252384.0,94
201400046522,14,4,28,1545,1,1,1,1.0,7,94052,M,4884020.0,249302.0,94
201400046523,14,4,29,600,3,1,1,1.0,6,94069,M,4881740.0,243207.0,94
201400046524,14,4,29,1325,1,1,1,1.0,4,94017,M,4882970.0,249790.0,94
201400046525,14,4,29,2020,2,1,1,2.0,5,94058,M,4884440.0,249303.0,94
201400046526,14,4,30,535,3,1,1,1.0,7,94017,M,4882970.0,249790.0,94
201400046527,14,5,4,700,2,1,1,1.0,2,77372,M,,,77
201400046528,14,5,4,825,1,1,1,1.0,6,77121,M,,,77
201400046529,14,5,5,1330,1,1,1,1.0,7,77372,M,,,77
201400046530,14,5,5,1020,1,1,1,1.0,5,77294,M,,,77
201400046531,14,5,5,1315,1,1,1,1.0,6,77258,M,,,77
201400046532,14,5,5,1735,1,1,1,1.0,4,77372,M,,,77
201400046533,14,5,6,1840,2,1,1,1.0,2,75112,M,,,75
201400046534,14,5,7,815,1,1,1,2.0,2,94017,M,4882970.0,249790.0,94
201400046535,14,5,7,1515,1,1,1,8.0,5,94042,M,4882640.0,246623.0,94
201400046536,14,5,7,1915,1,1,1,1.0,2,94044,M,4875830.0,248109.0,94
201400046537,14,5,8,2030,2,1,1,2.0,5,77181,M,,,77
201400046538,14,5,9,705,1,1,1,2.0,6,77122,M,,,77
201400046539,14,5,9,1830,1,1,1,1.0,5,94069,M,4881750.0,242088.0,94
201400046540,14,5,10,1700,1,1,1,1.0,2,94052,M,4883800.0,249377.0,94
201400046541,14,5,12,915,1,1,1,1.0,4,77514,M,,,77
201400046542,14,5,12,1800,1,1,1,1.0,6,77372,M,,,77
201400046543,14,5,14,800,1,1,1,1.0,7,94069,M,4881690.0,245441.0,94
201400046544,14,5,14,1435,1,1,1,1.0,6,94028,M,4878060.0,244146.0,94
201400046545,14,5,15,840,1,1,1,1.0,4,77181,M,,,77
201400046546,14,5,15,1640,1,1,1,1.0,3,93051,M,4883540.0,256709.0,93
201400046547,14,5,15,1845,1,1,1,1.0,2,94017,M,4882690.0,251275.0,94
201400046548,14,5,16,30,3,1,1,1.0,6,77121,M,,,77
201400046549,14,5,16,500,3,1,1,1.0,6,77517,M,,,77
201400046550,14,5,16,840,1,1,1,1.0,5,93051,M,,,93
201400046551,14,5,16,900,1,1,1,1.0,5,94018,M,4882560.0,239233.0,94
201400046552,14,5,16,1830,1,1,1,1.0,5,94028,M,4878180.0,244103.0,94
201400046553,14,5,17,1350,1,1,1,1.0,2,94042,M,4882830.0,247449.0,94
201400046554,14,5,17,1445,1,1,1,1.0,2,94028,M,4878790.0,244013.0,94
201400046555,14,5,18,1915,1,1,1,1.0,4,93051,M,,,93
201400046556,14,5,18,2000,1,1,1,1.0,2,77181,M,,,77