Num_Acc,an,mois,jour,hrmn,lum,agg,int,atm,col,com,gps,lat,long,dep
201400046557,14,5,18,2030,1,1,1,1.0,5,94033,M,4885320.0,248993.0,94
201400046558,14,5,19,835,1,1,1,1.0,3,94046,M,4880540.0,244854.0,94
201400046559,14,5,19,900,1,1,1,1.0,5,94015,M,4883060.0,252982.0,94
201400046560,14,5,20,1646,1,1,1,3.0,2,94018,M,4882060.0,240139.0,94
201400046561,14,5,21,750,2,1,1,2.0,2,94017,M,4882860.0,250178.0,94
201400046562,14,5,21,920,1,1,1,1.0,6,77258,M,,,77
201400046563,14,5,21,1028,1,1,1,2.0,7,77121,M,,,77
201400046564,14,5,21,2250,5,1,1,3.0,6,94073,M,4876770.0,237872.0,94
201400046565,14,5,22,900,1,1,1,1.0,5,77294,M,,,77
201400046566,14,5,22,1210,1,1,1,2.0,3,77337,M,,,77
201400046567,14,5,22,1330,1,1,1,1.0,2,94073,M,4875360.0,237900.0,94
201400046568,14,5,24,135,3,1,1,8.0,3,94022,M,4877620.0,242426.0,94
201400046569,14,5,24,2030,1,1,1,1.0,6,94017,M,4882700.0,252367.0,94
201400046570,14,5,25,10,5,1,1,1.0,2,94017,M,4882780.0,250589.0,94
201400046571,14,5,25,1010,1,1,1,1.0,6,94081,M,4877430.0,240931.0,94
201400046572,14,5,26,600,2,1,1,2.0,3,94073,M,4876810.0,237869.0,94
201400046573,14,5,27,915,1,1,1,1.0,2,94046,M,4880810.0,244896.0,94
201400046574,14,5,28,845,1,1,1,3.0,3,77514,M,,,77
201400046575,14,5,28,1330,1,1,1,1.0,3,77373,M,,,77
201400046576,14,5,29,1541,1,1,1,1.0,4,94033,M,4885150.0,248979.0,94
201400046577,14,5,31,1815,1,1,1,1.0,4,94052,M,4884180.0,249269.0,94
201400046578,14,6,3,1000,1,1,1,1.0,2,94018,M,4882490.0,239322.0,94
201400046579,14,6,3,1050,1,1,1,1.0,6,77514,M,,,77
201400046580,14,6,4,830,1,1,1,3.0,6,94081,M,4877360.0,240186.0,94
201400046581,14,6,4,1430,1,1,1,3.0,2,93051,M,,,93
201400046582,14,6,5,720,1,1,1,1.0,3,94015,M,4883130.0,253079.0,94
201400046583,14,6,5,1630,1,1,1,1.0,2,77181,M,,,77
201400046584,14,6,5,1825,1,1,1,1.0,2,94046,M,4879840.0,244470.0,94
201400046585,14,6,5,2050,2,1,1,1.0,6,94073,M,4875350.0,237876.0,94
201400046586,14,6,6,840,1,1,1,1.0,6,77495,M,,,77
201400046587,14,6,6,1620,1,1,1,1.0,3,77053,M,,,77
201400046588,14,6,6,1820,1,1,1,1.0,2,77296,M,,,77
201400046589,14,6,7,310,3,1,1,1.0,7,77372,M,,,77
201400046590,14,6,8,1602,1,1,1,1.0,2,94033,M,4884920.0,249137.0,94
201400046591,14,6,8,2006,1,1,1,1.0,7,77384,M,,,77
201400046592,14,6,27,135,5,1,1,2.0,6,94028,M,4880120.0,244738.0,94
201400046593,14,6,11,815,1,1,1,1.0,5,94022,M,4877650.0,241892.0,94
201400046594,14,6,12,800,1,1,1,1.0,5,94073,M,4877110.0,238958.0,94
201400046595,14,6,12,1410,1,1,1,1.0,2,94069,M,4881730.0,244043.0,94
201400046596,14,6,12,1745,1,1,1,1.0,7,94017,M,4882640.0,251810.0,94
201400046597,14,6,13,500,2,1,1,1.0,6,77181,M,,,77
201400046598,14,6,13,715,1,1,1,1.0,5,94022,M,4877660.0,241748.0,94
201400046599,14,6,13,1715,1,1,1,1.0,2,77468,M,,,77
201400046600,14,6,13,1930,1,1,1,1.0,2,77258,M,,,77
201400046601,14,6,13,2250,3,1,1,1.0,2,94028,M,4879140.0,244102.0,94
201400046602,14,6,14,1520,1,1,1,1.0,3,77373,M,,,77
201400046603,14,6,15,1815,1,1,1,1.0,3,94081,M,4877430.0,240287.0,94
201400046604,14,6,16,800,1,1,1,1.0,7,75112,M,,,75
201400046605,14,6,16,800,1,1,1,1.0,2,77438,M,,,77
201400046606,14,6,16,910,1,1,1,1.0,6,94018,M,4881770.0,241524.0,94
201400046607,14,6,16,940,1,1,1,1.0,3,94018,M,4881790.0,241252.0,94
201400046608,14,6,16,1610,1,1,1,1.0,2,94022,M,4877640.0,242290.0,94
201400046609,14,6,17,1500,1,1,1,1.0,2,94017,M,4882970.0,249790.0,94
201400046610,14,6,18,1645,1,1,1,1.0,5,94042,M,4882850.0,247619.0,94
201400046611,14,6,19,1940,1,1,1,1.0,6,77121,M,,,77
201400046612,14,6,20,230,5,1,1,1.0,6,94069,M,4881690.0,245291.0,94
201400046613,14,6,20,1420,1,1,1,1.0,2,94017,M,4883050.0,249110.0,94
201400046614,14,6,21,725,1,1,1,1.0,6,77249,M,,,77
201400046615,14,6,22,1515,1,1,1,1.0,6,77372,M,,,77
201400046616,14,6,23,1225,1,1,1,1.0,2,77514,M,,,77
201400046617,14,6,23,1900,1,1,1,1.0,2,94081,M,4877370.0,240241.0,94
201400046618,14,6,24,835,1,1,1,1.0,5,93051,M,,,93
201400046619,14,6,25,830,1,1,1,1.0,2,94042,M,4882740.0,246888.0,94
201400046620,14,6,25,1100,1,1,1,1.0,3,94046,M,4879840.0,244505.0,94
201400046621,14,6,25,1230,1,1,1,1.0,3,94046,M,4879910.0,244567.0,94
201400046622,14,6,26,900,1,1,1,1.0,4,94022,M,4877660.0,241889.0,94
201400046623,14,6,29,130,4,1,1,2.0,6,77372,M,,,77
201400046624,14,6,30,1000,1,1,1,1.0,2,77373,M,,,77
201400046625,14,7,1,445,3,1,1,1.0,7,77372,M,,,77
201400046626,14,7,1,1030,1,1,1,1.0,7,77237,M,,,77
201400046627,14,7,1,1655,1,1,1,1.0,4,94073,M,4876570.0,237935.0,94
201400046628,14,7,2,655,1,1,1,1.0,5,94033,M,4885870.0,248734.0,94
201400046629,14,7,2,1100,1,1,1,1.0,4,77517,M,,,77
201400046630,14,7,2,1600,1,1,1,1.0,5,75112,M,,,75
201400046631,14,7,3,2010,1,1,1,1.0,5,77337,M,,,77
201400046632,14,7,3,940,1,1,1,1.0,4,94069,M,4881750.0,243350.0,94
201400046633,14,7,3,1030,1,1,1,1.0,3,94017,M,4882690.0,251275.0,94
201400046634,14,7,3,1131,1,1,1,1.0,4,77517,M,,,77
201400046635,14,7,3,1345,1,1,1,1.0,4,77237,M,,,77
201400046636,14,7,6,1820,1,1,1,1.0,7,77121,M,,,77
201400046637,14,7,7,1550,1,1,1,1.0,7,75112,M,,,75
201400046638,14,7,7,1800,1,1,1,2.0,2,94028,M,4878180.0,244103.0,94
201400046639,14,7,7,2145,5,1,1,2.0,6,94073,M,4876820.0,237873.0,94
201400046640,14,7,8,825,1,1,1,1.0,5,77175,M,,,77
201400046641,14,7,8,1340,1,1,1,2.0,3,94073,M,4876870.0,237913.0,94
201400046642,14,7,9,1000,1,1,1,1.0,3,77055,M,,,77
201400046643,14,7,10,2020,2,1,1,2.0,6,94074,M,4876510.0,246074.0,94
201400046644,14,7,10,15,3,1,1,2.0,6,77121,M,4850043.0,236555.0,77
201400046645,14,7,10,820,1,1,1,2.0,7,77373,M,,,77
201400046646,14,7,10,945,1,1,1,2.0,7,94069,M,4881750.0,242225.0,94
201400046647,14,7,11,905,1,1,1,2.0,5,94018,M,4881770.0,241524.0,94
201400046648,14,7,11,1400,1,1,1,2.0,3,94017,M,4882790.0,250423.0,94
201400046649,14,7,11,1620,1,1,1,2.0,3,94017,M,4882680.0,251414.0,94
201400046650,14,7,11,1600,1,1,1,1.0,4,94017,M,4882640.0,251810.0,94
201400046651,14,7,12,350,5,1,1,1.0,6,94028,M,4877600.0,243822.0,94
201400046652,14,7,12,1500,1,1,1,1.0,5,94028,M,4878880.0,244021.0,94
201400046653,14,7,13,1645,1,1,1,2.0,2,77294,M,,,77
201400046654,14,7,13,1920,1,1,1,1.0,5,77294,M,,,77
201400046655,14,7,15,1715,1,1,1,1.0,2,77363,M,,,77
201400046656,14,7,15,1815,1,1,1,1.0,3,94046,M,4881400.0,244913.0,94
201400046657,14,7,17,30,4,1,1,1.0,6,77121,M,,,77
201400046658,14,7,18,1600,1,1,1,1.0,7,77018,M,,,77
201400046659,14,7,18,1600,1,1,1,1.0,7,94018,M,4881780.0,241227.0,94
201400046660,14,7,18,1845,1,1,1,1.0,6,77514,M,,,77
201400046661,14,7,19,520,3,1,1,1.0,4,93051,M,4883480.0,257909.0,93
201400046662,14,7,19,1500,1,1,1,1.0,4,94052,M,4884550.0,249194.0,94
201400046663,14,7,21,940,1,1,1,1.0,2,94028,M,4879570.0,244294.0,94
201400046664,14,7,22,600,2,1,1,1.0,6,94011,M,4876200.0,249358.0,94
201400046665,14,7,23,1000,1,1,1,1.0,3,75112,M,,,75
201400046666,14,7,23,1715,1,1,1,1.0,5,77373,M,,,77
201400046667,14,7,24,2335,3,1,1,1.0,6,93051,M,,,93
201400046668,14,7,26,1000,1,1,1,1.0,3,94073,M,4875430.0,238085.0,94
201400046669,14,7,26,1650,1,1,1,1.0,3,94033,M,4885000.0,249029.0,94
201400046670,14,7,29,1124,1,1,1,1.0,3,94022,M,4877640.0,242290.0,94
201400046671,14,7,30,1030,2,1,1,1.0,5,77258,M,,,77
201400046672,14,7,30,1315,1,1,1,1.0,6,94069,M,4881730.0,244503.0,94
201400046673,14,8,1,1005,1,1,1,1.0,3,94015,M,4883060.0,252982.0,94
201400046674,14,8,1,1130,1,1,1,1.0,3,94073,M,4877100.0,238823.0,94
201400046675,14,8,1,1400,1,1,1,1.0,7,77146,M,,,77
201400046676,14,8,2,621,5,1,1,1.0,2,94017,M,4882690.0,251104.0,94
201400046677,14,8,6,340,3,1,1,1.0,6,77237,M,,,77
201400046678,14,8,6,1750,1,1,1,2.0,5,94018,M,4881750.0,241808.0,94
201400046679,14,8,6,1915,1,1,1,1.0,2,94017,M,4882720.0,252455.0,94
201400046680,14,8,9,1918,1,1,1,2.0,4,94073,M,4875330.0,237658.0,94
201400046681,14,8,7,1830,1,1,1,1.0,4,94073,M,4877040.0,238431.0,94
201400046682,14,8,8,1320,1,1,1,2.0,4,94069,M,4881710.0,244323.0,94
201400046683,14,8,9,800,1,1,1,1.0,6,94033,M,4885950.0,248801.0,94
201400046684,14,8,10,200,5,1,1,3.0,2,94018,M,4881870.0,240833.0,94
201400046685,14,8,10,715,2,1,1,2.0,2,94022,M,4877560.0,241303.0,94
201400046686,14,8,13,1200,1,1,1,1.0,3,77294,M,,,77
201400046687,14,8,15,1815,1,1,1,1.0,2,77237,M,,,77
201400046688,14,8,17,1925,1,1,1,1.0,3,94028,M,4877790.0,244067.0,94
201400046689,14,8,19,1805,1,1,1,1.0,6,77175,M,,,77
201400046690,14,8,20,920,1,1,1,1.0,3,94042,M,4882860.0,247655.0,94
201400046691,14,8,20,2055,2,1,1,1.0,7,94052,M,4884620.0,249168.0,94
201400046692,14,8,21,906,1,1,1,1.0,5,94046,M,4879850.0,244509.0,94
201400046693,14,8,23,1420,1,1,1,1.0,7,77294,M,,,77
201400046694,14,8,25,100,5,1,1,1.0,3,94065,M,4875470.0,234842.0,94
201400046695,14,8,25,1614,1,1,1,2.0,7,77175,M,,,77
201400046696,14,8,25,2140,5,1,1,1.0,5,94052,M,4884360.0,249257.0,94
201400046697,14,8,26,1345,1,1,1,2.0,6,94017,M,4882700.0,251136.0,94
201400046698,14,8,27,830,1,1,1,1.0,3,94015,M,4883060.0,252982.0,94
201400046699,14,8,29,1640,1,1,1,1.0,2,77055,M,,,77
201400046700,14,8,30,250,5,1,1,1.0,6,94028,M,4879770.0,244417.0,94
201400046701,14,8,30,1600,1,1,1,1.0,5,77258,M,,,77
201400046702,14,8,30,1620,1,1,1,1.0,4,77373,M,,,77
201400046703,14,8,31,1335,1,1,1,1.0,3,94028,M,4880070.0,244698.0,94
201400046704,14,9,1,515,5,1,1,1.0,7,94052,M,4883240.0,249230.0,94
201400046705,14,9,1,1505,1,1,1,1.0,4,77363,M,,,77
201400046706,14,9,2,1015,1,1,1,1.0,3,94046,M,4880450.0,244834.0,94
201400046707,14,9,2,1123,1,1,1,1.0,2,94028,M,4877970.0,244121.0,94
201400046708,14,9,3,1045,1,1,1,1.0,2,77181,M,,,77
201400046709,14,9,4,1505,1,1,1,1.0,1,77175,M,,,77
201400046710,14,9,5,855,1,1,1,2.0,4,77517,M,,,77
201400046711,14,9,6,510,3,1,1,1.0,6,94018,M,4881910.0,240702.0,94
201400046712,14,9,6,1805,1,1,1,1.0,5,94052,M,4884180.0,249269.0,94
201400046713,14,9,7,220,5,1,1,1.0,3,94018,M,4881900.0,240722.0,94
201400046714,14,9,7,700,2,1,1,1.0,2,77018,M,,,77
201400046715,14,9,8,905,1,1,1,2.0,3,77363,M,,,77
201400046716,14,9,9,1230,1,1,1,1.0,6,94052,M,4883830.0,249369.0,94
201400046717,14,9,9,2015,2,1,1,1.0,7,94042,M,4882850.0,247652.0,94
201400046718,14,9,10,2135,3,1,1,1.0,7,94022,M,4877660.0,241749.0,94
201400046719,14,9,11,900,1,1,1,1.0,2,94042,M,4882720.0,246809.0,94
201400046720,14,9,11,1000,1,1,1,1.0,2,94018,M,4881890.0,240856.0,94
201400046721,14,9,11,1200,1,1,1,1.0,6,94015,M,4883050.0,253004.0,94
201400046722,14,9,12,845,1,1,1,1.0,2,77294,M,,,77
201400046723,14,9,12,1520,1,1,1,1.0,3,94073,M,4877140.0,239221.0,94
201400046724,14,9,12,1845,1,1,1,1.0,3,94069,M,4881670.0,244738.0,94
201400046725,14,9,13,1000,1,1,1,1.0,2,94046,M,4880400.0,244861.0,94
201400046726,14,9,14,1430,1,1,1,1.0,5,94046,M,4879820.0,244484.0,94
201400046727,14,9,15,220,4,1,1,1.0,6,94028,M,4877820.0,244112.0,94
201400046728,14,9,15,850,1,1,1,1.0,5,94028,M,4878440.0,244056.0,94
201400046729,14,9,15,905,1,1,1,1.0,3,77249,M,,,77
201400046730,14,9,15,1115,1,1,1,1.0,5,94042,M,4882760.0,247043.0,94
201400046731,14,9,15,1300,1,1,1,1.0,4,94052,M,4883700.0,249398.0,94
201400046732,14,9,15,2255,3,1,1,1.0,2,77294,M,,,77
201400046733,14,9,16,905,1,1,1,1.0,5,94046,M,4880540.0,244854.0,94
201400046734,14,9,16,845,1,1,1,1.0,3,94058,M,4884500.0,249287.0,94
201400046735,14,9,16,945,1,1,1,1.0,3,94017,M,4882970.0,249790.0,94
201400046736,14,9,16,1050,1,1,1,1.0,4,77363,M,,,77
201400046737,14,9,17,830,1,1,1,1.0,4,77337,M,,,77
201400046738,14,9,18,1715,1,1,1,1.0,6,94017,M,4882790.0,250423.0,94
201400046739,14,9,18,2015,3,1,1,1.0,3,94033,M,4885940.0,248602.0,94
201400046740,14,9,20,150,4,1,1,1.0,5,94017,M,4883070.0,248950.0,94
201400046741,14,9,21,1800,1,1,1,1.0,3,94033,M,4885170.0,249044.0,94
201400046742,14,9,22,840,1,1,1,1.0,4,77121,M,,,77
201400046743,14,9,22,930,1,1,1,1.0,2,77181,M,,,77
201400046744,14,9,22,1800,1,1,1,1.0,2,94044,M,4875770.0,247069.0,94
201400046745,14,9,23,1740,1,1,1,1.0,4,94052,M,4884180.0,249269.0,94
201400046746,14,9,23,1840,1,1,1,1.0,2,94052,M,4883230.0,249222.0,94
201400046747,14,9,24,1430,1,1,1,1.0,2,77122,M,,,77
201400046748,14,9,25,830,1,1,1,1.0,3,77363,M,,,77
201400046749,14,9,26,930,1,1,1,1.0,2,94017,M,4883050.0,249249.0,94
201400046750,14,9,26,1020,1,1,1,1.0,4,93051,M,4883500.0,257773.0,93
201400046751,14,9,28,1355,1,1,1,1.0,7,77337,M,,,77
201400046752,14,9,28,1815,1,1,1,1.0,3,94033,M,4885290.0,248930.0,94
201400046753,14,9,29,1300,1,1,1,1.0,7,94015,M,4882950.0,252830.0,94
201400046754,14,9,29,1520,1,1,1,9.0,7,94017,M,4882680.0,251242.0,94
201400046755,14,10,2,650,3,1,1,1.0,2,77146,M,,,77
201400046756,14,10,2,730,2,1,1,1.0,3,77258,M,,,77
201400046757,14,10,3,1020,1,1,1,1.0,2,94046,M,4879850.0,244512.0,94
201400046758,14,10,3,2000,5,1,1,1.0,2,94065,M,4875370.0,236436.0,94
201400046759,14,10,4,1215,1,1,1,1.0,7,77373,M,,,77
201400046760,14,10,7,930,1,1,1,2.0,7,94042,M,4882850.0,247622.0,94
201400046761,14,10,7,1040,1,1,1,1.0,2,94073,M,4877060.0,238563.0,94
201400046762,14,10,8,830,1,1,1,2.0,4,77294,M,,,77
201400046763,14,10,8,1415,1,1,1,2.0,5,77258,M,,,77
201400046764,14,10,8,1950,5,1,1,3.0,6,94065,M,4875360.0,236167.0,94
201400046765,14,10,9,50,3,1,1,2.0,6,94073,M,4876810.0,237885.0,94
201400046766,14,10,8,1715,1,1,1,1.0,3,94033,M,4886070.0,248458.0,94
201400046767,14,10,10,1630,1,1,1,1.0,7,94017,M,4882650.0,251833.0,94
201400046768,14,10,12,305,3,1,1,1.0,2,77053,M,,,77
201400046769,14,10,12,620,3,1,1,1.0,6,77337,M,,,77
201400046770,14,10,12,2100,3,1,1,1.0,5,77294,M,,,77
201400046771,14,10,12,2225,5,1,1,2.0,2,75112,M,,,75
201400046772,14,10,13,750,1,1,1,2.0,2,77373,M,,,77
201400046773,14,10,14,715,5,1,1,1.0,5,94017,M,4882670.0,252349.0,94
201400046774,14,10,14,950,1,1,1,1.0,4,77258,M,,,77
201400046775,14,10,14,1900,3,1,1,1.0,4,77083,M,,,77
201400046776,14,10,15,1900,2,1,1,2.0,6,94044,M,4875880.0,247013.0,94
201400046777,14,10,16,900,1,1,1,1.0,4,77517,M,,,77
201400046778,14,10,16,1014,1,1,1,2.0,6,94044,M,4875820.0,247060.0,94
201400046779,14,10,16,1920,3,1,1,2.0,3,94022,M,4877660.0,241749.0,94
201400046780,14,10,17,930,1,1,1,2.0,2,77053,M,,,77
201400046781,14,10,18,1230,1,1,1,1.0,5,94033,M,4885150.0,248978.0,94
201400046782,14,10,20,930,1,1,1,1.0,2,94018,M,4881820.0,241118.0,94
201400046783,14,10,21,930,1,1,1,1.0,3,94017,M,4882650.0,251833.0,94
201400046784,14,10,21,1915,5,1,1,2.0,2,94069,M,4881740.0,243207.0,94
201400046785,14,10,22,2330,5,1,1,1.0,2,94042,M,4882860.0,247639.0,94
201400046786,14,10,23,2130,4,1,1,1.0,2,77169,M,,,77
201400046787,14,10,25,25,5,1,1,1.0,6,94046,M,4881250.0,244900.0,94
201400046788,14,10,28,1500,1,1,1,1.0,2,94052,M,4884320.0,249261.0,94
201400046789,14,10,28,1700,2,1,1,1.0,6,75112,M,,,75
201400046790,14,10,28,1815,4,1,1,1.0,3,94028,M,4877700.0,243910.0,94
201400046791,14,10,28,2310,4,1,1,1.0,3,77169,M,,,77
201400046792,14,10,30,1930,3,1,1,1.0,7,77053,M,,,77
201400046793,14,10,31,1630,1,1,1,1.0,2,77258,M,,,77
201400046794,14,10,31,1658,1,1,1,1.0,6,77294,M,,,77
201400046795,14,10,31,1815,2,1,1,1.0,3,77121,M,,,77
201400046796,14,11,1,45,5,1,1,1.0,7,94052,M,4883210.0,249209.0,94
201400046797,14,11,2,300,3,1,1,1.0,6,77121,M,,,77
201400046798,14,11,3,20,3,1,1,2.0,2,94074,M,4876770.0,245235.0,94
201400046799,14,11,4,630,3,1,1,2.0,2,77146,M,,,77
201400046800,14,11,4,805,1,1,1,2.0,2,94028,M,4877630.0,243091.0,94
201400046801,14,11,5,1000,1,1,1,1.0,5,75112,M,,,75
201400046802,14,11,6,1145,1,1,1,1.0,3,94017,M,4882760.0,250724.0,94
201400046803,14,11,7,5,3,1,1,1.0,5,77373,M,,,77
201400046804,14,11,7,1845,3,1,1,1.0,4,77146,M,,,77
201400046805,14,11,8,700,4,1,1,1.0,6,94028,M,4879060.0,244045.0,94
201400046806,14,11,8,1045,1,1,1,1.0,5,94018,M,4882640.0,239165.0,94
201400046807,14,11,8,1245,1,1,1,1.0,6,94028,M,4877480.0,244391.0,94
201400046808,14,11,10,1020,1,1,1,1.0,4,94033,M,4885620.0,248807.0,94
201400046809,14,11,12,935,1,1,1,1.0,2,93051,M,,,93
201400046810,14,11,12,1630,1,1,1,1.0,5,94081,M,4877430.0,240910.0,94
201400046811,14,11,13,618,3,1,1,1.0,4,77169,M,4849509.0,236234.0,77
201400046812,14,11,13,915,1,1,1,1.0,4,77058,M,,,77
201400046813,14,11,14,1730,3,1,1,2.0,3,77294,M,,,77
201400046814,14,11,15,350,3,1,1,3.0,2,94017,M,4882680.0,252360.0,94
201400046815,14,11,16,2240,5,1,1,1.0,6,94073,M,4876810.0,237869.0,94
201400046816,14,11,17,840,1,1,1,1.0,4,77372,M,,,77
201400046817,14,11,18,1255,1,1,1,1.0,3,94028,M,4879990.0,244631.0,94
201400046818,14,11,18,1552,1,1,1,1.0,5,94022,M,4877650.0,241549.0,94
201400046819,14,11,19,1035,1,1,1,5.0,2,77514,M,,,77
201400046820,14,11,20,700,3,1,1,1.0,5,94017,M,4883050.0,249390.0,94
201400046821,14,11,20,825,1,1,1,1.0,3,77055,M,,,77
201400046822,14,11,20,920,1,1,1,1.0,2,94028,M,4877610.0,242845.0,94
201400046823,14,11,21,1815,3,1,1,1.0,7,94015,M,4883130.0,253079.0,94
201400046824,14,11,21,1900,4,1,1,1.0,3,94073,M,4875360.0,237921.0,94
201400046825,14,11,23,450,5,1,1,1.0,6,94042,M,4882850.0,247661.0,94
201400046826,14,11,24,915,1,1,1,1.0,5,94033,M,4884900.0,249070.0,94
201400046827,14,11,25,400,3,1,1,1.0,6,77122,M,,,77
201400046828,14,11,25,830,1,1,1,1.0,7,94046,M,4880630.0,244887.0,94
201400046829,14,11,26,900,1,1,1,1.0,5,77372,M,,,77
201400046830,14,11,26,915,1,1,1,1.0,3,77514,M,,,77
201400046831,14,11,26,1940,5,1,1,1.0,2,94069,M,4881740.0,243905.0,94
201400046832,14,11,27,915,1,1,1,1.0,4,94081,M,4877360.0,240192.0,94
201400046833,14,11,27,1550,1,1,1,1.0,4,94069,M,4881760.0,243490.0,94
201400046834,14,11,27,1830,3,1,1,1.0,5,94022,M,4877330.0,240088.0,94
201400046835,14,11,27,2000,3,1,1,1.0,2,77181,M,,,77
201400046836,14,11,28,600,3,1,1,1.0,2,77337,M,,,77
201400046837,14,11,28,1735,3,1,1,1.0,2,94017,M,4882650.0,251832.0,94
201400046838,14,11,28,1838,3,1,1,1.0,5,77294,M,,,77
201400046839,14,12,3,1900,3,1,1,1.0,4,77258,M,,,77
201400046840,14,12,5,850,1,1,1,1.0,7,94069,M,4881660.0,245027.0,94
201400046841,14,12,5,2125,3,1,1,1.0,2,94073,M,4875350.0,237796.0,94
201400046842,14,12,7,2320,3,1,1,3.0,6,94046,M,4881210.0,244884.0,94
201400046843,14,12,8,900,1,1,1,1.0,3,94017,M,4882900.0,250051.0,94
201400046844,14,12,8,1250,1,1,1,2.0,2,77438,M,,,77
201400046845,14,12,9,1715,3,1,1,1.0,4,94028,M,4880000.0,244641.0,94
201400046846,14,12,10,730,5,1,1,2.0,7,75112,M,,,75
201400046847,14,12,10,1845,3,1,1,2.0,7,77294,M,,,77
201400046848,14,12,11,745,2,1,1,1.0,2,94069,M,4881750.0,241947.0,94
201400046849,14,12,11,930,1,1,1,2.0,3,77514,M,,,77
201400046850,14,12,12,540,3,1,1,2.0,5,94015,M,4883050.0,253003.0,94
201400046851,14,12,12,1740,3,1,1,2.0,2,94018,M,4881910.0,240703.0,94
201400046852,14,12,12,1800,3,1,1,1.0,7,94079,M,4882890.0,252794.0,94
201400046853,14,12,12,1850,3,1,1,2.0,2,77237,M,,,77
201400046854,14,12,13,410,5,1,1,1.0,3,94042,M,4882860.0,247617.0,94
201400046855,14,12,13,1150,1,1,1,2.0,5,94073,M,4876760.0,237853.0,94
201400046856,14,12,13,1645,3,1,1,2.0,2,77514,M,,,77
201400046857,14,12,13,1645,1,1,1,2.0,7,94069,M,4881730.0,242642.0,94
201400046858,14,12,15,910,1,1,1,2.0,2,77058,M,,,77
201400046859,14,12,15,1420,1,1,1,1.0,2,94052,M,4884180.0,249269.0,94
201400046860,14,12,15,2220,5,1,1,1.0,6,75112,M,,,75
201400046861,14,12,16,750,1,1,1,2.0,5,94069,M,4881720.0,244334.0,94
201400046862,14,12,16,802,2,1,1,2.0,7,94073,M,4876860.0,237887.0,94
201400046863,14,12,16,900,1,1,1,2.0,3,94079,M,4883600.0,254012.0,94
201400046864,14,12,17,1310,1,1,1,2.0,5,94046,M,4880990.0,244885.0,94
201400046865,14,12,17,1700,3,1,1,2.0,2,94073,M,4877020.0,238206.0,94
201400046866,14,12,18,545,3,1,1,2.0,5,94069,M,4881740.0,242782.0,94
201400046867,14,12,18,1310,1,1,1,1.0,4,94017,M,4882700.0,251136.0,94
201400046868,14,12,12,500,5,1,1,1.0,2,94069,M,4881730.0,242929.0,94
201400046869,14,12,19,829,2,1,1,1.0,7,77294,M,,,77
201400046870,14,12,19,1830,3,1,1,1.0,3,94081,M,4877400.0,240505.0,94
201400046871,14,12,20,110,3,1,1,1.0,5,94081,M,4877340.0,240301.0,94
201400046872,14,12,21,1730,3,1,9,1.0,7,77258,M,,,77
201400046873,14,12,22,1800,5,1,1,2.0,4,77258,M,,,77
201400046874,14,12,25,630,3,1,1,1.0,6,77237,M,,,77
201400046875,14,12,27,515,3,1,1,1.0,6,94073,M,4876860.0,237893.0,94
201400046876,14,12,27,1150,1,1,1,2.0,6,77337,M,,,77
201400046877,14,12,28,845,2,1,1,1.0,7,77468,M,,,77
201400046878,14,12,29,1820,3,1,1,1.0,7,94069,M,4881650.0,245289.0,94
201400046879,14,1,29,620,3,1,1,2.0,2,93007,M,4894360.0,243541.0,93
201400046880,14,1,1,1,3,1,1,1.0,5,93053,M,4888200.0,245521.0,93
201400046881,14,1,1,23,3,1,1,2.0,7,93005,M,4897310.0,248519.0,93
201400046882,14,1,1,240,4,1,1,1.0,2,92036,M,,,92
201400046883,14,1,1,240,4,1,1,2.0,2,93066,M,4892380.0,235723.0,93
201400046884,14,1,1,600,4,1,1,1.0,7,93010,M,4888950.0,247391.0,93
201400046885,14,1,2,840,1,1,1,1.0,6,93027,M,4892210.0,237848.0,93
201400046886,14,1,2,1100,1,1,1,1.0,2,95018,M,,,95
201400046887,14,1,2,930,1,1,1,1.0,6,95394,M,,,95
201400046888,14,1,2,1000,1,1,1,2.0,6,95582,M,4896350.0,226670.0,95
201400046889,14,1,3,745,3,1,1,1.0,2,95678,M,,,95
201400046890,14,1,3,900,1,1,1,1.0,3,93005,M,4895880.0,246498.0,93
201400046891,14,1,3,1730,2,1,1,2.0,6,95394,M,,,95
201400046892,14,1,4,2015,2,1,1,1.0,3,93064,M,,,93
201400046893,14,1,5,755,1,1,1,2.0,6,95572,M,,,95
201400046894,14,1,6,930,1,1,1,1.0,3,95154,M,,,95
201400046895,14,1,6,2045,4,1,1,1.0,6,95641,M,,,95
201400046896,14,1,7,1230,1,1,1,1.0,4,93005,M,4894670.0,247628.0,93