Num_Acc,an,mois,jour,hrmn,lum,agg,int,atm,col,com,gps,lat,long,dep
201400046897,14,1,8,700,3,1,1,1.0,6,93053,M,4888930.0,247362.0,93
201400046898,14,1,8,2150,4,1,1,1.0,6,93064,M,4886810.0,248216.0,93
201400046899,14,1,9,700,3,1,1,1.0,7,93063,M,4887630.0,244214.0,93
201400046900,14,1,10,955,1,1,1,1.0,6,95394,M,,,95
201400046901,14,1,10,2350,3,1,1,1.0,3,93048,M,4886810.0,248216.0,93
201400046902,14,1,11,805,1,1,1,2.0,3,93005,M,4897280.0,248498.0,93
201400046903,14,1,11,940,1,1,1,2.0,6,93078,M,4896510.0,251829.0,93
201400046904,14,1,11,1157,1,1,1,2.0,3,93005,M,4897280.0,248498.0,93
201400046905,14,1,11,1730,3,1,1,1.0,5,95252,M,,,95
201400046906,14,1,12,405,4,1,1,5.0,6,95028,M,,,95
201400046907,14,1,13,939,1,1,1,1.0,2,93066,M,4892200.0,235734.0,93
201400046908,14,1,13,1530,1,1,1,1.0,6,95394,M,,,95
201400046909,14,1,14,1000,1,1,1,8.0,6,95527,M,,,95
201400046910,14,1,14,1057,1,1,1,2.0,6,93027,M,4893450.0,239758.0,93
201400046911,14,1,14,1200,1,1,1,1.0,6,95491,M,,,95
201400046912,14,1,14,1315,1,1,1,1.0,6,95527,M,,,95
201400046913,14,1,15,1720,2,1,1,2.0,4,95252,M,,,95
201400046914,14,1,15,1825,3,1,1,1.0,2,92036,M,,,92
201400046915,14,1,15,2000,3,1,1,2.0,3,95572,M,,,95
201400046916,14,1,16,815,1,1,1,2.0,4,93005,M,4894590.0,247660.0,93
201400046917,14,1,16,1300,1,1,1,1.0,6,93027,M,4893580.0,240348.0,93
201400046918,14,1,16,1410,1,1,1,1.0,7,93053,M,4890970.0,235828.0,93
201400046919,14,1,16,1735,5,1,1,1.0,2,93066,M,4891030.0,235806.0,93
201400046920,14,1,16,2040,3,1,1,1.0,2,95277,M,,,95
201400046921,14,1,17,130,4,1,1,1.0,2,95580,M,,,95
201400046922,14,1,18,1845,4,1,1,1.0,4,93078,M,4896820.0,250886.0,93
201400046923,14,1,18,1945,3,1,1,1.0,4,95252,M,,,95
201400046924,14,1,19,1745,3,1,1,1.0,3,95252,M,,,95
201400046925,14,1,20,1830,3,1,1,1.0,3,95028,M,,,95
201400046926,14,1,21,930,1,1,1,2.0,7,95582,M,,,95
201400046927,14,1,21,1745,3,1,1,1.0,3,92078,M,,,92
201400046928,14,1,23,915,1,1,1,2.0,7,92036,M,,,92
201400046929,14,1,23,930,1,1,1,1.0,6,92036,M,,,92
201400046930,14,1,23,1010,1,1,1,1.0,6,93006,M,4886800.0,242761.0,93
201400046931,14,1,23,1600,2,1,1,2.0,5,93005,M,4896000.0,247345.0,93
201400046932,14,1,24,501,3,1,1,1.0,6,93053,M,4888350.0,245873.0,93
201400046933,14,1,24,1330,1,1,1,1.0,6,95488,M,,,95
201400046934,14,1,25,135,4,1,1,1.0,2,93006,M,4886630.0,241456.0,93
201400046935,14,1,27,1950,3,1,1,1.0,6,93010,M,,,93
201400046936,14,1,29,1400,1,1,1,2.0,6,95500,M,,,95
201400046937,14,1,29,1755,2,1,1,1.0,2,93048,M,4886820.0,248200.0,93
201400046938,14,1,29,1800,3,1,1,2.0,6,95028,M,,,95
201400046939,14,1,30,400,4,1,1,1.0,7,93053,M,4890610.0,235855.0,93
201400046940,14,1,30,1030,1,1,1,3.0,6,95028,M,,,95
201400046941,14,1,30,1535,1,1,1,1.0,3,93066,M,4891900.0,235742.0,93
201400046942,14,1,30,1915,5,1,1,1.0,6,95572,M,,,95
201400046943,14,1,31,650,3,1,1,1.0,2,93008,M,4891670.0,242953.0,93
201400046944,14,1,31,1245,1,1,1,1.0,2,93066,M,4892020.0,235750.0,93
201400046945,14,1,31,1735,3,1,1,1.0,4,92036,M,,,92
201400046946,14,3,5,850,1,1,1,1.0,2,93027,M,4893720.0,240984.0,93
201400046947,14,2,1,300,5,1,1,3.0,2,60612,M,,,60
201400046948,14,2,1,850,1,1,1,2.0,6,95277,M,,,95
201400046949,14,2,1,920,1,1,1,3.0,6,95500,M,,,95
201400046950,14,2,1,1030,1,1,1,2.0,6,93027,M,4892340.0,238362.0,93
201400046951,14,2,1,1110,1,1,1,1.0,2,93053,M,4888370.0,246726.0,93
201400046952,14,2,1,1135,1,1,1,1.0,5,93005,M,4896470.0,247429.0,93
201400046953,14,2,1,1720,1,1,1,1.0,4,93053,M,4888350.0,245834.0,93
201400046954,14,2,2,145,3,1,1,1.0,2,95018,M,,,95
201400046955,14,2,2,1315,1,1,1,1.0,1,93078,M,4896020.0,254012.0,93
201400046956,14,2,2,2245,4,1,1,1.0,6,93005,M,4896390.0,247479.0,93
201400046957,14,2,4,1500,1,1,1,1.0,3,93048,M,4887310.0,243592.0,93
201400046958,14,2,5,205,5,1,1,1.0,6,93066,M,4891570.0,235765.0,93
201400046959,14,2,5,325,3,1,1,3.0,2,95580,M,,,95
201400046960,14,2,5,808,2,1,1,1.0,2,93048,M,4887310.0,243592.0,93
201400046961,14,2,6,5,3,1,1,1.0,6,95572,M,,,95
201400046962,14,2,8,1330,1,1,1,2.0,6,95394,M,,,95
201400046963,14,2,9,1325,1,1,1,1.0,4,93066,M,4891030.0,235824.0,93
201400046964,14,2,9,1425,1,1,1,1.0,6,95351,M,,,95
201400046965,14,2,9,1940,3,1,1,1.0,4,92036,M,,,92
201400046966,14,2,9,2140,4,1,1,1.0,2,93078,M,4895800.0,253089.0,93
201400046967,14,2,7,1030,1,1,1,1.0,3,93053,M,4888350.0,245834.0,93
201400046968,14,2,7,1200,1,1,1,1.0,2,93064,M,4887890.0,247622.0,93
201400046969,14,2,7,1650,1,1,1,1.0,4,93030,M,4893910.0,241827.0,93
201400046970,14,2,10,1340,1,1,1,1.0,7,93073,M,4896770.0,256311.0,93
201400046971,14,2,10,1730,1,1,1,1.0,6,95061,M,,,95
201400046972,14,2,10,1910,3,1,1,1.0,6,95394,M,,,95
201400046973,14,2,11,800,1,1,1,1.0,7,92036,M,,,92
201400046974,14,2,11,1000,1,1,1,1.0,7,93053,M,4890880.0,235836.0,93
201400046975,14,2,11,1750,4,1,1,2.0,7,93064,M,4887090.0,248220.0,93
201400046976,14,2,11,2220,5,1,1,2.0,6,95572,M,,,95
201400046977,14,2,11,2340,3,1,1,1.0,6,95491,M,,,95
201400046978,14,2,12,605,3,1,1,1.0,3,93027,M,4892780.0,241018.0,93
201400046979,14,2,12,1000,1,1,1,1.0,2,95241,M,,,95
201400046980,14,2,13,1030,1,1,1,1.0,4,95018,M,,,95
201400046981,14,2,13,1430,1,1,1,2.0,4,95306,M,,,95
201400046982,14,2,13,1730,1,1,1,1.0,2,95394,M,,,95
201400046983,14,2,14,650,3,1,1,2.0,6,95488,M,,,95
201400046984,14,2,14,1015,1,1,1,2.0,6,95424,M,,,95
201400046985,14,2,14,1456,1,1,1,1.0,7,93008,M,4890110.0,246932.0,93
201400046986,14,2,14,1640,1,1,1,1.0,6,95572,M,,,95
201400046987,14,2,14,1930,3,1,1,1.0,1,93005,M,4894670.0,247628.0,93
201400046988,14,2,14,2025,3,1,1,1.0,6,95563,M,,,95
201400046989,14,2,15,1330,1,1,1,1.0,6,93066,M,4893390.0,238340.0,93
201400046990,14,2,15,1425,1,1,1,1.0,6,95176,M,,,95
201400046991,14,2,17,1645,1,1,1,1.0,2,93006,M,4886630.0,241456.0,93
201400046992,14,2,18,2250,3,1,1,1.0,5,93063,M,4887470.0,243926.0,93
201400046993,14,2,19,1100,1,1,1,2.0,3,95060,M,,,95
201400046994,14,2,19,1615,1,1,1,1.0,4,93006,M,4887010.0,243030.0,93
201400046995,14,2,19,2140,3,1,1,1.0,4,93064,M,4888390.0,246943.0,93
201400046996,14,2,20,925,1,1,1,2.0,6,93027,M,4892340.0,238362.0,93
201400046997,14,2,20,1150,1,1,1,2.0,4,93005,M,4897310.0,248519.0,93
201400046998,14,2,20,1730,1,1,1,3.0,5,95678,M,,,95
201400046999,14,2,21,610,3,1,1,1.0,6,92036,M,,,92
201400047000,14,2,21,1040,1,1,1,1.0,3,93064,M,4888440.0,246948.0,93
201400047001,14,2,21,2106,3,1,1,1.0,2,93066,M,4891930.0,235757.0,93
201400047002,14,2,22,1244,1,1,1,1.0,3,95277,M,4897350.0,248590.0,95
201400047003,14,2,23,1202,1,1,1,1.0,6,93064,M,,,93
201400047004,14,2,23,1738,1,1,1,1.0,2,95527,M,,,95
201400047005,14,2,24,1920,3,1,1,1.0,6,93010,M,4888930.0,247381.0,93
201400047006,14,2,24,2000,3,1,1,1.0,5,92036,M,,,92
201400047007,14,2,25,1200,1,1,1,1.0,2,93078,M,4895820.0,253141.0,93
201400047008,14,2,27,1650,1,1,1,1.0,6,93010,M,4888950.0,247391.0,93
201400047009,14,2,26,2020,3,1,1,1.0,2,93066,M,4892110.0,235742.0,93
201400047010,14,2,27,1210,1,1,1,2.0,3,93010,M,4888970.0,247384.0,93
201400047011,14,2,27,1530,1,1,1,1.0,4,93005,M,4894980.0,247461.0,93
201400047012,14,2,27,1630,1,1,1,1.0,2,93010,M,4888930.0,247381.0,93
201400047013,14,2,27,1730,1,1,1,1.0,2,93010,M,4888840.0,247404.0,93
201400047014,14,2,28,800,1,1,1,2.0,7,95678,M,,,95
201400047015,14,2,28,940,1,1,1,2.0,6,93066,M,4892650.0,235699.0,93
201400047016,14,2,28,940,1,1,1,2.0,3,95582,M,,,95
201400047017,14,2,28,1534,1,1,1,1.0,7,95151,M,,,95
201400047018,14,3,2,1650,1,1,1,1.0,6,93066,M,4892170.0,236558.0,93
201400047019,14,3,2,1930,3,1,1,1.0,2,93066,M,4893320.0,237646.0,93
201400047020,14,3,3,300,3,1,1,2.0,7,92078,M,,,92
201400047021,14,3,3,815,1,1,1,1.0,2,93027,M,4893660.0,240734.0,93
201400047022,14,3,3,915,1,1,1,1.0,3,95582,M,,,95
201400047023,14,3,3,1840,3,1,1,1.0,3,93066,M,4892190.0,236552.0,93
201400047024,14,3,3,2200,3,1,1,8.0,2,95018,M,,,95
201400047025,14,3,3,2310,4,1,1,1.0,6,95018,M,,,95
201400047026,14,3,4,300,4,1,1,1.0,6,95582,M,,,95
201400047027,14,3,4,640,2,1,1,1.0,6,95218,M,,,95
201400047028,14,3,4,1930,3,1,1,1.0,4,95678,M,,,95
201400047029,14,3,4,2030,3,1,1,1.0,3,93053,M,4888350.0,245873.0,93
201400047030,14,3,5,850,1,1,1,1.0,2,93027,M,4893720.0,240984.0,93
201400047031,14,3,5,1040,1,1,1,1.0,6,95306,M,,,95
201400047032,14,3,5,1800,1,1,1,1.0,3,95277,M,,,95
201400047033,14,3,7,1815,1,1,1,1.0,2,93006,M,4886570.0,241854.0,93
201400047034,14,3,8,435,3,1,1,5.0,3,95028,M,,,95
201400047035,14,3,8,650,2,1,1,1.0,6,93013,M,4893870.0,241625.0,93
201400047036,14,3,8,1154,1,1,1,1.0,4,93053,M,4888380.0,246682.0,93
201400047037,14,3,9,525,5,1,1,1.0,6,93066,M,4891030.0,235824.0,93
201400047038,14,3,9,1840,3,1,1,1.0,2,93048,M,4887110.0,243227.0,93
201400047039,14,3,10,820,1,1,1,1.0,6,93027,M,4892570.0,239669.0,93
201400047040,14,3,10,900,1,1,1,1.0,3,93066,M,4892170.0,236558.0,93
201400047041,14,3,10,930,1,1,1,1.0,4,95351,M,,,95
201400047042,14,3,11,830,1,1,1,1.0,2,95252,M,,,95
201400047043,14,3,11,2020,3,1,1,1.0,2,95491,M,,,95
201400047044,14,3,12,1000,1,1,1,1.0,7,92036,M,,,92
201400047045,14,3,12,830,1,1,1,1.0,6,95060,M,,,95
201400047046,14,3,13,1000,1,1,1,1.0,3,93066,M,4892800.0,235755.0,93
201400047047,14,3,13,1535,1,1,1,1.0,6,95641,M,,,95
201400047048,14,3,13,1910,1,1,1,1.0,6,93006,M,4886800.0,242761.0,93
201400047049,14,3,13,2015,3,1,1,1.0,6,93064,M,4888360.0,247155.0,93
201400047050,14,3,15,510,4,1,1,1.0,6,60494,M,,,60
201400047051,14,3,15,1530,1,1,1,1.0,2,93010,M,4888970.0,247384.0,93
201400047052,14,3,15,1635,1,1,1,1.0,6,95252,M,,,95
201400047053,14,3,16,630,2,1,1,1.0,6,95203,M,4897780.0,228960.0,95
201400047054,14,3,16,1605,1,1,1,1.0,2,93053,M,4888390.0,246640.0,93
201400047055,14,3,16,2000,4,1,1,1.0,2,93005,M,4895640.0,247328.0,93
201400047056,14,3,17,900,1,1,1,1.0,7,93053,M,4891000.0,235825.0,93
201400047057,14,3,18,640,2,1,1,1.0,4,95582,M,,,95
201400047058,14,3,18,850,1,1,1,1.0,7,93005,M,4895010.0,247470.0,93
201400047059,14,3,18,1810,1,1,1,1.0,2,95277,M,4897350.0,248590.0,95
201400047060,14,3,18,1646,1,1,1,1.0,3,93078,M,4896410.0,252043.0,93
201400047061,14,3,19,855,1,1,1,1.0,2,95277,M,,,95
201400047062,14,3,19,1400,1,1,1,1.0,6,93066,M,4890610.0,235855.0,93
201400047063,14,3,20,730,1,1,1,1.0,2,93010,M,4888950.0,247375.0,93
201400047064,14,3,20,900,1,1,1,1.0,7,95306,M,,,95
201400047065,14,3,20,1630,1,1,1,1.0,6,92036,M,,,92
201400047066,14,3,20,1730,1,1,1,1.0,4,93066,M,4891930.0,235757.0,93
201400047067,14,3,21,630,3,1,1,1.0,2,95351,M,,,95
201400047068,14,3,21,1440,1,1,1,1.0,2,93005,M,4894840.0,247543.0,93
201400047069,14,3,22,1200,1,1,1,1.0,6,93027,M,4893400.0,238936.0,93
201400047070,14,3,23,1130,1,1,1,1.0,2,95641,M,,,95
201400047071,14,3,24,820,1,1,1,1.0,7,93066,M,4892340.0,235708.0,93
201400047072,14,3,24,1540,1,1,1,1.0,2,93010,M,4888650.0,247370.0,93
201400047073,14,3,25,915,1,1,1,2.0,4,93053,M,4888350.0,245834.0,93
201400047074,14,3,25,945,1,1,1,2.0,3,93005,M,4895160.0,247401.0,93
201400047075,14,3,29,1000,1,1,1,1.0,5,93027,M,4892790.0,240993.0,93
201400047076,14,3,26,1230,1,1,1,1.0,3,93006,M,4886680.0,242545.0,93
201400047077,14,3,27,900,1,1,1,1.0,4,95365,M,,,95
201400047078,14,3,27,1227,1,1,1,1.0,6,93010,M,4889310.0,247228.0,93
201400047079,14,3,27,1335,1,1,1,1.0,2,95527,M,,,95
201400047080,14,3,28,10,5,1,1,1.0,6,93066,M,4890610.0,235855.0,93
201400047081,14,3,28,700,1,1,1,1.0,6,93005,M,4894920.0,247504.0,93
201400047082,14,3,28,1000,1,1,1,1.0,4,93066,M,4892190.0,236552.0,93
201400047083,14,3,29,40,3,1,1,1.0,6,95527,M,,,95
201400047084,14,3,29,2120,4,1,1,1.0,3,95488,M,,,95
201400047085,14,3,30,540,5,1,1,1.0,6,93008,M,4889860.0,246958.0,93
201400047086,14,3,30,718,2,1,1,1.0,4,95256,M,,,95
201400047087,14,3,30,1748,1,1,1,1.0,6,93006,M,4886940.0,242943.0,93
201400047088,14,3,30,2130,3,1,1,1.0,5,93005,M,4895100.0,247438.0,93
201400047089,14,3,30,2045,4,1,1,1.0,2,93078,M,4896210.0,254609.0,93
201400047090,14,3,31,2030,3,1,1,1.0,6,93048,M,4887370.0,243705.0,93
201400047091,14,3,31,2200,5,1,1,1.0,7,93066,M,4890700.0,235849.0,93
201400047092,14,7,20,1330,1,1,1,1.0,2,93007,M,4893220.0,248099.0,93
201400047093,14,4,1,925,1,1,1,1.0,2,95218,M,,,95
201400047094,14,4,1,1440,1,1,1,1.0,6,95500,M,,,95
201400047095,14,4,1,1745,1,1,1,1.0,6,92036,M,,,92
201400047096,14,4,2,1400,1,1,1,1.0,4,77282,M,,,77
201400047097,14,4,2,1830,2,1,1,1.0,5,95018,M,,,95
201400047098,14,4,3,1230,1,1,1,1.0,6,92036,M,,,92
201400047099,14,4,4,1850,1,1,1,1.0,6,95682,M,,,95
201400047100,14,4,4,740,1,1,1,1.0,3,93006,M,4886590.0,242125.0,93
201400047101,14,4,4,910,1,1,1,1.0,4,95488,M,,,95
201400047102,14,4,4,1830,1,1,1,1.0,3,93066,M,4892930.0,236153.0,93
201400047103,14,4,5,810,1,1,1,1.0,6,95527,M,,,95
201400047104,14,4,5,1230,1,1,1,1.0,4,93030,M,4893970.0,242092.0,93
201400047105,14,4,7,1830,1,1,1,1.0,3,95252,M,,,95
201400047106,14,4,7,1700,1,1,1,1.0,3,95500,M,,,95
201400047107,14,4,8,850,1,1,1,1.0,2,93048,M,4887310.0,243592.0,93
201400047108,14,4,8,2315,3,1,1,1.0,3,95582,M,4896250.0,226330.0,95
201400047109,14,4,9,105,4,1,1,1.0,7,92036,M,,,92
201400047110,14,4,9,740,1,1,1,1.0,7,93066,M,4891900.0,235742.0,93
201400047111,14,4,9,840,1,1,1,1.0,6,93078,M,4895840.0,252849.0,93
201400047112,14,4,9,1100,1,1,1,1.0,6,93053,M,4888250.0,245596.0,93
201400047113,14,4,9,1325,1,1,1,1.0,6,93064,M,4888360.0,247155.0,93
201400047114,14,4,10,1914,1,1,1,1.0,2,92036,M,,,92
201400047115,14,4,11,540,3,1,1,1.0,6,95500,M,,,95
201400047116,14,4,11,735,1,1,1,1.0,2,95582,M,,,95
201400047117,14,4,11,1400,1,1,1,1.0,2,93063,M,4887850.0,244717.0,93
201400047118,14,4,11,1510,1,1,1,1.0,5,93066,M,4891660.0,235776.0,93
201400047119,14,4,11,1630,1,1,1,1.0,2,92036,M,,,92
201400047120,14,4,11,2000,1,1,1,1.0,5,93063,M,4887390.0,243760.0,93
201400047121,14,4,12,535,3,1,1,1.0,6,93007,M,4895490.0,245754.0,93
201400047122,14,4,12,600,5,1,1,1.0,6,93066,M,4892170.0,236558.0,93
201400047123,14,4,12,1650,1,1,1,1.0,6,92036,M,,,92
201400047124,14,4,13,900,1,1,1,1.0,6,93005,M,4896310.0,247184.0,93
201400047125,14,4,13,1615,1,1,1,1.0,6,95277,M,4897790.0,245790.0,95
201400047126,14,4,15,730,1,1,1,1.0,2,92036,M,,,92
201400047127,14,4,15,910,1,1,1,1.0,2,95582,M,4896910.0,227510.0,95
201400047128,14,4,15,1145,1,1,1,1.0,2,95678,M,,,95
201400047129,14,4,16,1915,1,1,1,1.0,5,93066,M,4891980.0,235753.0,93
201400047130,14,4,15,1930,1,1,1,1.0,2,95351,M,,,95
201400047131,14,4,16,900,1,1,1,1.0,6,92036,M,,,92
201400047132,14,4,16,1330,1,1,1,1.0,6,95277,M,4897360.0,248620.0,95
201400047133,14,4,16,1550,1,1,1,1.0,5,95018,M,,,95
201400047134,14,4,17,2000,1,1,1,1.0,2,93066,M,4892810.0,235794.0,93
201400047135,14,4,17,700,1,1,1,1.0,3,95527,M,,,95
201400047136,14,4,18,620,5,1,1,1.0,5,93066,M,4893390.0,238340.0,93
201400047137,14,4,18,1200,1,1,1,1.0,2,95277,M,4897770.0,245970.0,95
201400047138,14,4,18,1250,1,1,1,1.0,2,95241,M,,,95
201400047139,14,4,19,905,1,1,1,1.0,3,93066,M,4892810.0,235794.0,93
201400047140,14,4,19,1245,1,1,1,1.0,2,60494,M,,,60
201400047141,14,4,20,2040,2,1,1,1.0,6,93048,M,4887310.0,243592.0,93
201400047142,14,4,21,350,3,1,1,1.0,1,95394,M,,,95
201400047143,14,4,21,2300,4,1,1,1.0,6,93005,M,4894590.0,247660.0,93
201400047144,14,4,22,810,1,1,1,2.0,2,95582,M,,,95
201400047145,14,4,22,1330,1,1,1,1.0,6,95607,M,,,95
201400047146,14,4,23,345,4,1,1,1.0,6,95678,M,,,95
201400047147,14,4,23,750,2,1,1,1.0,2,92078,M,,,92
201400047148,14,4,23,1425,1,1,1,1.0,1,95582,M,,,95
201400047149,14,4,23,1515,1,1,1,1.0,4,93008,M,4890790.0,245266.0,93
201400047150,14,4,24,1900,1,1,1,1.0,4,95572,M,,,95
201400047151,14,4,25,5,3,1,1,1.0,7,93066,M,4892020.0,235750.0,93
201400047152,14,4,25,1000,1,1,1,2.0,6,95527,M,,,95
201400047153,14,4,25,1600,1,1,1,8.0,6,93064,M,,,93
201400047154,14,4,25,1900,1,1,1,1.0,3,93064,M,4888390.0,246943.0,93
201400047155,14,4,26,1305,1,1,1,2.0,6,93027,M,4892780.0,241018.0,93
201400047156,14,4,26,1415,1,1,1,3.0,6,95572,M,,,95
201400047157,14,4,26,1600,1,1,1,1.0,2,93064,M,,,93
201400047158,14,4,26,1800,1,1,1,1.0,4,92036,M,,,92
201400047159,14,4,26,2335,4,1,1,2.0,7,93008,M,4890570.0,246307.0,93
201400047160,14,7,6,1745,1,1,1,2.0,7,60494,M,,,60
201400047161,14,7,9,1110,1,1,1,1.0,5,93010,M,4888950.0,247391.0,93
201400047162,14,7,11,820,1,1,1,2.0,6,95394,M,,,95
201400047163,14,7,25,1530,1,1,1,1.0,4,93005,M,4894920.0,247504.0,93
201400047164,14,8,1,700,2,1,1,2.0,7,95212,M,,,95
201400047165,14,7,28,830,1,1,1,2.0,7,95277,M,,,95
201400047166,14,7,29,1840,1,1,1,2.0,7,93027,M,4892790.0,240993.0,93
201400047167,14,8,5,1745,1,1,1,1.0,2,95018,M,,,95
201400047168,14,5,1,1600,1,1,1,8.0,2,93053,M,4888350.0,245834.0,93
201400047169,14,5,1,2220,4,1,1,3.0,7,93006,M,4886450.0,241293.0,93
201400047170,14,5,2,335,3,1,1,1.0,7,93066,M,4893000.0,236410.0,93
201400047171,14,5,2,530,2,1,1,1.0,2,95154,M,,,95
201400047172,14,5,4,1455,1,1,1,1.0,4,93005,M,4894670.0,247628.0,93
201400047173,14,5,5,815,1,1,1,1.0,6,93053,M,4888760.0,247385.0,93
201400047174,14,5,5,1355,1,1,1,1.0,6,95607,M,,,95
201400047175,14,5,5,1518,1,1,1,1.0,2,93010,M,4888950.0,247391.0,93
201400047176,14,5,6,1445,1,1,1,1.0,6,93066,M,4891570.0,235765.0,93
201400047177,14,5,6,1755,1,1,1,1.0,6,95277,M,4897280.0,248720.0,95
201400047178,14,5,6,1820,1,1,1,1.0,2,95572,M,,,95
201400047179,14,5,6,1840,1,1,1,8.0,2,95678,M,,,95
201400047180,14,5,7,2000,1,1,1,1.0,3,93010,M,4889130.0,247295.0,93
201400047181,14,5,8,1856,1,1,1,2.0,4,93001,M,4892080.0,237196.0,93
201400047182,14,5,8,2215,3,1,1,9.0,7,93066,M,4892380.0,235723.0,93
201400047183,14,5,8,2245,3,1,1,1.0,6,93066,M,4892900.0,236024.0,93
201400047184,14,5,9,1510,1,1,1,1.0,7,95678,M,,,95
201400047185,14,5,9,1630,1,1,1,1.0,5,93010,M,4888950.0,247391.0,93
201400047186,14,5,9,2015,1,1,1,1.0,6,95572,M,,,95
201400047187,14,5,10,1430,1,1,1,2.0,4,93064,M,4888600.0,247273.0,93
201400047188,14,5,10,1530,1,1,1,2.0,6,93027,M,4892190.0,237785.0,93
201400047189,14,5,10,1630,1,1,1,3.0,6,93053,M,4888380.0,246546.0,93
201400047190,14,5,10,1700,1,1,1,1.0,6,95394,M,,,95
201400047191,14,5,10,2215,3,1,1,1.0,6,93010,M,4888930.0,247381.0,93
201400047192,14,5,11,1315,1,1,1,1.0,6,95582,M,4896230.0,226370.0,95
201400047193,14,5,11,1830,1,1,1,2.0,2,93006,M,4886590.0,242125.0,93
201400047194,14,5,12,1445,1,1,1,3.0,7,93048,M,4887310.0,243544.0,93
201400047195,14,5,14,615,1,1,1,1.0,3,93053,M,4888920.0,247413.0,93
201400047196,14,5,14,1015,1,1,1,1.0,7,60505,M,,,60
201400047197,14,5,15,740,1,1,1,1.0,3,93005,M,4896200.0,246984.0,93
201400047198,14,5,15,950,1,1,1,1.0,3,95582,M,,,95
201400047199,14,5,15,1715,1,1,1,1.0,6,93029,M,4892610.0,242240.0,93
201400047200,14,5,15,1745,1,1,1,1.0,2,93005,M,4897310.0,248807.0,93
201400047201,14,5,15,2045,1,1,1,1.0,2,93005,M,4895820.0,247323.0,93
201400047202,14,5,16,900,1,1,1,1.0,2,93064,M,4888390.0,246943.0,93
201400047203,14,5,16,1800,1,1,1,1.0,2,60631,M,,,60
201400047204,14,5,16,1930,1,1,1,1.0,4,93005,M,4894630.0,247621.0,93
201400047205,14,5,16,2030,1,1,1,1.0,7,93006,M,4886990.0,243032.0,93
201400047206,14,5,17,1525,1,1,1,1.0,2,95607,M,,,95
201400047207,14,5,18,1810,1,1,1,1.0,2,95527,M,,,95
201400047208,14,5,18,2020,1,1,1,1.0,2,93053,M,4888350.0,245873.0,93
201400047209,14,5,20,1630,1,1,1,2.0,3,93063,M,4887740.0,244477.0,93
201400047210,14,5,20,1730,1,1,1,1.0,2,93008,M,4889860.0,246958.0,93
201400047211,14,5,20,1735,1,1,1,2.0,3,93063,M,4887580.0,244149.0,93
201400047212,14,5,20,1915,1,1,1,2.0,2,93008,M,4889690.0,247011.0,93
201400047213,14,5,20,2040,1,1,1,2.0,6,95252,M,,,95
201400047214,14,5,20,2035,1,1,1,1.0,6,95256,M,,,95
201400047215,14,5,21,730,1,1,1,2.0,2,93027,M,4892360.0,238346.0,93
201400047216,14,5,21,1245,1,1,1,2.0,6,93005,M,4896000.0,247345.0,93
201400047217,14,5,21,1930,1,1,1,3.0,4,93027,M,4892340.0,238362.0,93
201400047218,14,5,21,1930,1,1,1,2.0,2,93027,M,4892340.0,238362.0,93
201400047219,14,5,22,2245,4,1,1,3.0,6,93064,M,4886820.0,248200.0,93
201400047220,14,5,22,630,1,1,1,1.0,6,95306,M,,,95
201400047221,14,5,22,820,1,1,1,1.0,4,93063,M,4887790.0,244592.0,93
201400047222,14,5,22,830,1,1,1,1.0,6,93048,M,4887310.0,243592.0,93
201400047223,14,5,22,925,1,1,1,1.0,2,93078,M,4895900.0,253602.0,93
201400047224,14,5,22,950,1,1,1,1.0,6,93064,M,4888360.0,247155.0,93
201400047225,14,5,22,1300,1,1,1,9.0,7,93027,M,4892200.0,237773.0,93
201400047226,14,5,23,540,2,1,1,1.0,3,93078,M,4896300.0,252244.0,93
201400047227,14,5,23,705,1,1,1,1.0,2,95527,M,,,95
201400047228,14,5,23,910,1,1,1,1.0,3,95018,M,,,95
201400047229,14,5,23,1730,1,1,1,1.0,5,93064,M,4888220.0,247339.0,93
201400047230,14,5,23,1720,1,1,1,2.0,4,93066,M,4893390.0,238390.0,93
201400047231,14,5,23,1835,1,1,1,2.0,7,93006,M,4886920.0,242947.0,93
201400047232,14,5,25,640,1,1,1,1.0,6,95219,M,,,95
201400047233,14,5,25,1730,1,1,1,1.0,2,93066,M,4893170.0,237003.0,93
201400047234,14,5,25,2200,3,1,1,1.0,2,95572,M,,,95
201400047235,14,5,26,2300,3,1,9,1.0,2,93006,M,4887010.0,243053.0,93
201400047236,14,5,27,1855,1,1,1,2.0,3,95572,M,,,95
201400047237,14,5,28,830,1,1,1,2.0,6,93048,M,4887310.0,243544.0,93
201400047238,14,5,28,945,1,1,1,3.0,6,95252,M,,,95
201400047239,14,5,28,2315,3,1,1,2.0,6,95555,M,4897670.0,228170.0,95
201400047240,14,5,29,350,3,1,1,1.0,2,93063,M,4887740.0,244477.0,93