Num_Acc,an,mois,jour,hrmn,lum,agg,int,atm,col,com,gps,lat,long,dep
201400047241,14,5,29,815,1,1,1,1.0,6,92036,M,,,92
201400047242,14,5,30,1700,1,1,1,1.0,3,95488,M,,,95
201400047243,14,5,30,1915,1,1,1,1.0,6,93005,M,4897310.0,248519.0,93
201400047244,14,5,30,2000,1,1,1,1.0,2,93064,M,4886820.0,248200.0,93
201400047245,14,5,31,2140,1,1,1,1.0,2,95424,M,,,95
201400047246,14,5,31,825,1,1,1,1.0,2,95641,M,,,95
201400047247,14,9,16,1000,1,1,1,1.0,6,95555,M,4897060.0,227530.0,95
201400047248,14,9,21,930,1,1,1,1.0,3,93063,M,4887690.0,244323.0,93
201400047249,14,6,1,105,3,1,1,1.0,2,93010,M,4888950.0,247391.0,93
201400047250,14,6,1,210,3,1,1,1.0,6,92036,M,,,92
201400047251,14,6,1,2140,3,1,1,1.0,7,93027,M,4892340.0,238362.0,93
201400047252,14,6,2,320,5,1,1,1.0,7,60138,M,,,60
201400047253,14,6,2,620,1,1,1,1.0,2,93005,M,4895070.0,247432.0,93
201400047254,14,6,2,1845,1,1,1,1.0,4,95572,M,,,95
201400047255,14,6,23,1050,1,1,1,1.0,2,93008,M,4889410.0,247214.0,93
201400047256,14,6,3,1445,1,1,1,1.0,2,93064,M,4886820.0,248200.0,93
201400047257,14,6,3,1715,1,1,1,1.0,2,95252,M,,,95
201400047258,14,6,3,2050,2,1,1,1.0,3,93064,M,4888440.0,247150.0,93
201400047259,14,6,4,815,1,1,1,1.0,2,93027,M,4892650.0,240362.0,93
201400047260,14,6,4,945,1,1,1,3.0,6,92036,M,,,92
201400047261,14,6,4,1030,1,1,1,1.0,3,95582,M,4896710.0,227350.0,95
201400047262,14,6,4,1200,1,1,1,1.0,6,93053,M,4890610.0,235855.0,93
201400047263,14,6,4,1220,1,1,1,1.0,6,92036,M,,,92
201400047264,14,6,4,1515,1,1,1,3.0,3,95018,M,,,95
201400047265,14,6,4,1745,1,1,1,1.0,6,95582,M,,,95
201400047266,14,6,4,1830,1,1,1,1.0,7,95127,M,,,95
201400047267,14,6,4,2050,1,1,1,1.0,3,93010,M,4888930.0,247381.0,93
201400047268,14,6,5,920,1,1,1,1.0,6,93010,M,4888950.0,247391.0,93
201400047269,14,6,6,1815,1,1,1,1.0,3,93027,M,4893450.0,239758.0,93
201400047270,14,6,6,925,1,1,1,1.0,6,93078,M,4897130.0,249859.0,93
201400047271,14,6,6,1400,1,1,1,1.0,2,92078,M,,,92
201400047272,14,6,6,1500,1,1,1,1.0,6,93013,M,4894360.0,243541.0,93
201400047273,14,6,6,1900,1,1,1,1.0,3,93064,M,4888390.0,246943.0,93
201400047274,14,6,6,2125,1,1,1,1.0,2,93006,M,4887010.0,243030.0,93
201400047275,14,6,8,330,5,1,1,1.0,5,93066,M,4892200.0,235734.0,93
201400047276,14,6,8,440,3,1,1,3.0,5,93066,M,4891750.0,235768.0,93
201400047277,14,6,8,600,2,1,1,2.0,7,93008,M,4890860.0,245013.0,93
201400047278,14,6,8,1625,1,1,1,1.0,6,93006,M,4887010.0,243030.0,93
201400047279,14,6,9,950,1,1,1,1.0,3,95277,M,,,95
201400047280,14,6,9,1020,1,1,1,2.0,3,92036,M,,,92
201400047281,14,6,9,1330,1,1,1,1.0,2,93027,M,4892690.0,240467.0,93
201400047282,14,6,9,1740,1,1,1,1.0,2,92036,M,,,92
201400047283,14,6,9,1820,1,1,1,1.0,4,93063,M,4887310.0,243544.0,93
201400047284,14,6,9,1030,1,1,1,1.0,6,95572,M,,,95
201400047285,14,6,10,645,1,1,1,1.0,6,95256,M,,,95
201400047286,14,6,10,840,1,1,1,8.0,6,93048,M,4886650.0,248142.0,93
201400047287,14,6,10,1230,1,1,1,2.0,2,93010,M,4890050.0,246998.0,93
201400047288,14,6,10,1300,1,1,1,3.0,4,93066,M,4891930.0,235757.0,93
201400047289,14,6,10,1500,1,1,1,2.0,2,93073,M,,,93
201400047290,14,6,10,1530,1,1,1,3.0,6,95527,M,,,95
201400047291,14,6,10,1700,1,1,1,3.0,6,93039,M,4892650.0,233658.0,93
201400047292,14,6,10,1800,1,1,1,1.0,2,93027,M,4893630.0,240606.0,93
201400047293,14,6,10,1930,1,1,1,2.0,6,93053,M,4888140.0,245383.0,93
201400047294,14,6,11,900,1,1,1,1.0,6,93064,M,4886820.0,248200.0,93
201400047295,14,6,11,1435,1,1,1,1.0,2,95306,M,,,95
201400047296,14,6,11,1830,1,1,1,1.0,3,93005,M,4894590.0,247642.0,93
201400047297,14,6,12,835,1,1,1,1.0,3,95582,M,4896410.0,226840.0,95
201400047298,14,6,12,930,1,1,1,1.0,7,95277,M,4897290.0,248510.0,95
201400047299,14,6,12,845,1,1,1,1.0,2,93048,M,4887310.0,243592.0,93
201400047300,14,6,12,2030,1,1,1,1.0,6,95256,M,,,95
201400047301,14,6,13,630,1,1,1,1.0,2,93008,M,4890710.0,245593.0,93
201400047302,14,6,13,740,1,1,1,1.0,3,95582,M,,,95
201400047303,14,6,13,830,1,1,1,1.0,6,93007,M,4894360.0,243541.0,93
201400047304,14,6,13,915,1,1,1,1.0,3,93066,M,4892340.0,235708.0,93
201400047305,14,6,13,900,1,1,1,1.0,3,95018,M,,,95
201400047306,14,6,13,1240,1,1,1,1.0,4,92078,M,,,92
201400047307,14,6,13,1400,1,1,1,1.0,2,93053,M,4888390.0,245954.0,93
201400047308,14,6,13,1800,1,1,1,1.0,5,93027,M,4892790.0,240993.0,93
201400047309,14,6,14,550,1,1,1,1.0,6,95572,M,,,95
201400047310,14,6,14,840,1,1,1,1.0,6,95018,M,,,95
201400047311,14,6,14,1610,1,1,1,1.0,2,60494,M,,,60
201400047312,14,6,14,1745,1,1,1,1.0,2,93006,M,4886690.0,242545.0,93
201400047313,14,6,15,105,4,1,1,1.0,3,95488,M,,,95
201400047314,14,6,16,945,1,1,1,1.0,4,92078,M,,,92
201400047315,14,6,16,1040,1,1,1,1.0,4,92036,M,,,92
201400047316,14,6,16,1715,1,1,1,1.0,4,95572,M,,,95
201400047317,14,6,16,1840,1,1,1,1.0,3,93064,M,,,93
201400047318,14,6,17,1330,1,1,1,1.0,4,93066,M,4890970.0,235828.0,93
201400047319,14,6,17,1800,1,1,1,1.0,5,93027,M,4892860.0,241528.0,93
201400047320,14,6,17,1830,1,1,1,1.0,4,95241,M,,,95
201400047321,14,6,18,2230,4,1,1,1.0,6,95018,M,,,95
201400047322,14,6,19,910,1,1,1,1.0,3,93010,M,4888950.0,247391.0,93
201400047323,14,6,19,1315,1,1,1,1.0,7,93005,M,4895770.0,246287.0,93
201400047324,14,6,19,1400,1,1,1,1.0,2,95582,M,,,95
201400047325,14,6,19,1430,1,1,1,1.0,6,93053,M,4888350.0,245873.0,93
201400047326,14,6,19,1600,1,1,1,1.0,2,93013,M,4893880.0,241706.0,93
201400047327,14,6,19,1700,1,1,1,1.0,4,93007,M,4895150.0,245100.0,93
201400047328,14,6,19,1725,1,1,1,1.0,3,93010,M,4888930.0,247381.0,93
201400047329,14,6,19,1955,1,1,1,1.0,4,92078,M,,,92
201400047330,14,6,20,715,1,1,1,1.0,6,93010,M,4888620.0,247306.0,93
201400047331,14,6,20,730,1,1,1,1.0,6,93027,M,4892360.0,238346.0,93
201400047332,14,6,20,900,1,1,1,1.0,2,95582,M,,,95
201400047333,14,6,20,1000,1,1,1,1.0,5,93053,M,4888380.0,246682.0,93
201400047334,14,6,20,1330,1,1,1,1.0,6,93007,M,4893190.0,248086.0,93
201400047335,14,6,20,1930,1,1,1,1.0,2,93008,M,4891230.0,243767.0,93
201400047336,14,6,21,2205,3,1,1,1.0,7,93010,M,4888950.0,247391.0,93
201400047337,14,6,21,1255,1,1,1,1.0,3,92078,M,,,92
201400047338,14,6,21,1330,1,1,1,1.0,2,93066,M,4891930.0,235757.0,93
201400047339,14,6,21,1430,1,1,1,1.0,2,93066,M,4892110.0,235742.0,93
201400047340,14,6,21,1600,1,1,1,1.0,2,95582,M,,,95
201400047341,14,6,22,430,4,1,1,1.0,7,93006,M,4886610.0,242272.0,93
201400047342,14,6,22,2022,1,1,1,1.0,2,95488,M,,,95
201400047343,14,6,23,850,1,1,1,1.0,3,93053,M,4888410.0,246089.0,93
201400047344,14,6,23,930,1,1,1,1.0,5,93066,M,4892230.0,235605.0,93
201400047345,14,6,23,1210,1,1,1,1.0,2,95491,M,,,95
201400047346,14,6,23,1515,1,1,1,1.0,4,93006,M,4886620.0,242256.0,93
201400047347,14,6,23,1615,1,1,1,1.0,3,93007,M,4893310.0,248087.0,93
201400047348,14,6,24,1720,1,1,1,1.0,6,93063,M,4887690.0,244323.0,93
201400047349,14,6,25,106,3,1,1,1.0,7,93027,M,4893450.0,239758.0,93
201400047350,14,6,25,1015,1,1,1,1.0,2,93008,M,4891230.0,243767.0,93
201400047351,14,6,25,1400,1,1,1,1.0,6,95500,M,,,95
201400047352,14,6,25,1720,1,1,1,1.0,3,95256,M,,,95
201400047353,14,6,25,1830,1,1,1,1.0,3,93027,M,4892520.0,239423.0,93
201400047354,14,6,25,1855,1,1,1,1.0,7,95394,M,,,95
201400047355,14,6,26,855,1,1,1,1.0,7,92036,M,,,92
201400047356,14,6,26,1540,1,1,1,1.0,2,93064,M,4886910.0,248240.0,93
201400047357,14,6,27,730,1,1,1,1.0,2,93007,M,4894360.0,243541.0,93
201400047358,14,6,27,1418,1,1,1,1.0,2,93029,M,4891880.0,242869.0,93
201400047359,14,6,27,1600,1,1,1,1.0,2,95252,M,,,95
201400047360,14,6,27,1740,1,1,1,1.0,2,95641,M,,,95
201400047361,14,6,27,1815,1,1,1,1.0,2,93027,M,4892390.0,238627.0,93
201400047362,14,6,27,1950,1,1,1,1.0,2,95678,M,,,95
201400047363,14,6,27,2015,1,1,1,1.0,7,93073,M,4896920.0,256777.0,93
201400047364,14,6,28,1045,1,1,1,1.0,2,93066,M,4891030.0,235824.0,93
201400047365,14,6,28,1230,1,1,1,1.0,6,93066,M,4892170.0,235719.0,93
201400047366,14,6,28,1630,1,1,1,2.0,4,93029,M,4892590.0,242274.0,93
201400047367,14,6,28,1850,1,1,1,2.0,6,93005,M,4896180.0,246994.0,93
201400047368,14,6,28,2030,3,1,1,2.0,2,93008,M,4889860.0,246958.0,93
201400047369,14,6,29,815,1,1,1,2.0,2,95306,M,,,95
201400047370,14,6,29,1009,1,1,1,2.0,6,93053,M,4888350.0,245834.0,93
201400047371,14,6,29,1311,1,1,1,2.0,6,95582,M,,,95
201400047372,14,6,29,1315,1,1,1,2.0,6,92078,M,,,92
201400047373,14,6,29,1700,1,1,1,2.0,6,95018,M,,,95
201400047374,14,10,2,920,1,1,1,1.0,2,95582,M,,,95
201400047375,14,10,2,1640,1,1,1,1.0,4,95582,M,,,95
201400047376,14,10,6,1120,1,1,1,1.0,7,93027,M,4892730.0,241922.0,93
201400047377,14,10,6,1710,1,1,1,3.0,5,93006,M,4886690.0,242545.0,93
201400047378,14,10,7,1340,1,1,1,1.0,7,92036,M,,,92
201400047379,14,10,12,1605,1,1,1,2.0,6,93027,M,4892780.0,241018.0,93
201400047380,14,10,12,1730,1,1,1,2.0,5,93013,M,4893870.0,241625.0,93
201400047381,14,10,14,1707,1,1,1,1.0,2,95500,M,,,95
201400047382,14,10,18,1541,1,1,1,1.0,6,95394,M,,,95
201400047383,14,7,1,2110,1,1,1,1.0,7,93001,M,4892190.0,237785.0,93
201400047384,14,7,2,1155,1,1,1,1.0,3,95572,M,,,95
201400047385,14,7,2,1350,1,1,1,1.0,3,93053,M,4888920.0,247413.0,93
201400047386,14,7,2,1915,1,1,1,1.0,3,93066,M,4892740.0,235726.0,93
201400047387,14,7,2,1940,1,1,1,1.0,4,92036,M,,,92
201400047388,14,7,3,1020,1,1,1,1.0,4,93053,M,4888390.0,245954.0,93
201400047389,14,7,3,1120,1,1,1,1.0,7,93027,M,4893450.0,239693.0,93
201400047390,14,7,3,1720,1,1,1,1.0,4,95394,M,,,95
201400047391,14,7,3,2140,3,1,1,1.0,3,93078,M,4896480.0,255435.0,93
201400047392,14,7,4,655,2,1,1,1.0,6,93006,M,4886450.0,241293.0,93
201400047393,14,7,4,830,1,1,1,1.0,3,95582,M,,,95
201400047394,14,7,4,1840,1,1,1,1.0,5,93066,M,4893100.0,236727.0,93
201400047395,14,7,4,1845,1,1,1,1.0,3,95488,M,,,95
201400047396,14,7,5,1030,1,1,1,1.0,7,93078,M,4896640.0,251483.0,93
201400047397,14,7,5,1300,1,1,1,1.0,3,95572,M,,,95
201400047398,14,7,5,1710,1,1,1,1.0,6,95424,M,,,95
201400047399,14,7,6,1215,1,1,1,1.0,2,92036,M,,,92
201400047400,14,7,6,1345,1,1,1,3.0,3,95277,M,4897350.0,248590.0,95
201400047401,14,7,6,1430,1,1,1,3.0,6,93053,M,4890970.0,235828.0,93
201400047402,14,7,6,1600,1,1,1,2.0,7,93073,M,4896880.0,256661.0,93
201400047403,14,7,6,1800,1,1,1,1.0,7,95582,M,4896410.0,226840.0,95
201400047404,14,7,6,1530,1,1,1,2.0,6,92078,M,,,92
201400047405,14,7,7,130,3,1,1,1.0,7,93005,M,4894560.0,247655.0,93
201400047406,14,7,7,1315,1,1,1,1.0,6,93078,M,4896700.0,251215.0,93
201400047407,14,7,7,1345,1,1,1,1.0,4,95351,M,,,95
201400047408,14,7,7,1445,1,1,1,1.0,4,93005,M,4894590.0,247660.0,93
201400047409,14,7,7,1850,1,1,1,1.0,3,93066,M,4892300.0,234515.0,93
201400047410,14,7,8,110,3,1,1,2.0,6,95582,M,,,95
201400047411,14,7,8,520,4,1,1,2.0,5,95580,M,,,95
201400047412,14,7,8,830,1,1,1,2.0,6,93005,M,4897300.0,248758.0,93
201400047413,14,7,8,1400,1,1,1,1.0,3,95488,M,,,95
201400047414,14,7,8,2100,1,1,1,2.0,2,93078,M,4896420.0,255299.0,93
201400047415,14,7,8,1615,1,1,1,2.0,7,95151,M,,,95
201400047416,14,7,9,800,1,1,1,1.0,2,93066,M,4893130.0,236853.0,93
201400047417,14,7,9,1100,1,1,1,1.0,6,95252,M,,,95
201400047418,14,7,9,1230,1,1,1,1.0,3,95018,M,,,95
201400047419,14,7,9,2001,1,1,1,2.0,2,95500,M,,,95
201400047420,14,7,8,2015,3,1,1,3.0,7,93027,M,4892780.0,241018.0,93
201400047421,14,7,10,120,4,1,1,3.0,6,95394,M,,,95
201400047422,14,7,10,900,1,1,1,2.0,4,93078,M,4895870.0,253397.0,93
201400047423,14,7,11,820,1,1,1,2.0,6,95394,M,,,95
201400047424,14,7,11,1250,1,1,1,1.0,4,92036,M,,,92
201400047425,14,7,11,1400,1,1,1,2.0,2,93066,M,4892260.0,234923.0,93
201400047426,14,7,11,1410,1,1,1,2.0,6,93027,M,4892790.0,240993.0,93
201400047427,14,7,11,2338,3,1,1,1.0,7,93078,M,4896550.0,251698.0,93
201400047428,14,7,12,1500,1,1,1,1.0,6,93048,M,4887180.0,243325.0,93
201400047429,14,7,13,1026,1,1,1,3.0,2,92036,M,,,92
201400047430,14,7,13,1250,1,1,1,2.0,6,95572,M,,,95
201400047431,14,7,13,1245,1,1,1,3.0,6,95394,M,,,95
201400047432,14,7,13,1730,1,1,1,1.0,6,95572,M,,,95
201400047433,14,7,14,720,1,1,1,1.0,6,92036,M,,,92
201400047434,14,7,14,1410,1,1,1,1.0,7,93063,M,4887690.0,244366.0,93
201400047435,14,7,15,745,1,1,1,1.0,1,93013,M,4893860.0,241640.0,93
201400047436,14,7,15,930,1,1,1,1.0,7,93039,M,4892670.0,233596.0,93
201400047437,14,7,15,1000,1,1,1,1.0,4,95527,M,,,95
201400047438,14,7,15,2340,3,1,1,1.0,3,93064,M,4888530.0,247174.0,93
201400047439,14,7,16,1650,1,1,1,1.0,3,92078,M,,,92
201400047440,14,7,17,900,1,1,1,1.0,3,95018,M,,,95
201400047441,14,7,17,1900,1,1,1,1.0,3,95500,M,,,95
201400047442,14,7,17,1900,1,1,1,1.0,3,93010,M,4888950.0,247391.0,93
201400047443,14,7,17,920,1,1,1,1.0,6,93029,M,4892610.0,242240.0,93
201400047444,14,7,18,1550,1,1,1,1.0,4,92036,M,,,92
201400047445,14,7,20,320,4,1,1,1.0,7,92036,M,,,92
201400047446,14,7,20,1330,1,1,1,1.0,7,60612,M,,,60
201400047447,14,7,20,2200,3,1,1,8.0,3,95527,M,,,95
201400047448,14,7,22,2000,1,1,1,1.0,2,93064,M,4887070.0,248247.0,93
201400047449,14,7,21,1025,1,1,1,1.0,2,93066,M,4891660.0,235776.0,93
201400047450,14,7,21,2030,1,1,1,1.0,6,93078,M,,,93
201400047451,14,7,22,1335,1,1,1,1.0,6,95582,M,,,95
201400047452,14,7,22,1700,1,1,1,1.0,7,93013,M,4893870.0,241625.0,93
201400047453,14,7,23,1700,1,1,1,1.0,2,93010,M,4888930.0,247381.0,93
201400047454,14,7,23,1900,1,1,1,1.0,5,93066,M,4892230.0,235873.0,93
201400047455,14,7,24,35,4,1,1,1.0,6,95060,M,,,95
201400047456,14,7,24,800,1,1,1,1.0,3,95582,M,,,95
201400047457,14,7,24,830,1,1,1,1.0,2,95582,M,,,95
201400047458,14,7,24,1530,1,1,1,1.0,3,93053,M,4888350.0,245834.0,93
201400047459,14,7,24,1935,1,1,1,1.0,4,93078,M,4896940.0,250424.0,93
201400047460,14,7,25,815,1,1,1,1.0,4,93006,M,4886640.0,242400.0,93
201400047461,14,7,25,800,1,1,1,1.0,2,95580,M,,,95
201400047462,14,7,25,1345,1,1,1,1.0,3,93063,M,4888100.0,245292.0,93
201400047463,14,7,25,1859,1,1,1,1.0,3,92036,M,,,92
201400047464,14,7,28,900,1,1,1,1.0,2,93005,M,4896060.0,246797.0,93
201400047465,14,7,28,1225,1,1,1,1.0,2,95154,M,,,95
201400047466,14,7,28,1345,1,1,1,1.0,5,93053,M,4888390.0,246640.0,93
201400047467,14,7,28,1835,1,1,1,1.0,6,95394,M,,,95
201400047468,14,7,28,2215,2,1,1,1.0,6,95572,M,,,95
201400047469,14,7,30,1430,1,1,1,1.0,2,93005,M,4895160.0,247401.0,93
201400047470,14,7,31,1115,1,1,1,1.0,2,95500,M,,,95
201400047471,14,7,30,540,3,1,1,1.0,6,93005,M,4895010.0,247470.0,93
201400047472,14,7,31,830,1,1,1,1.0,2,95212,M,,,95
201400047473,14,7,31,1440,1,1,1,1.0,5,92036,M,,,92
201400047474,14,11,21,2135,4,1,1,1.0,2,93010,M,4888950.0,247391.0,93
201400047475,14,11,26,1610,1,1,1,1.0,2,95678,M,,,95
201400047476,14,11,29,620,5,1,1,1.0,3,93001,M,4892100.0,237188.0,93
201400047477,14,8,1,440,3,1,1,1.0,4,95394,M,,,95
201400047478,14,8,1,550,2,1,1,1.0,3,93048,M,4887070.0,243122.0,93
201400047479,14,8,1,1600,1,1,1,1.0,4,93048,M,4887370.0,243705.0,93
201400047480,14,8,2,1145,1,1,1,1.0,2,93066,M,4893320.0,237699.0,93
201400047481,14,8,4,1820,1,1,1,1.0,2,92078,M,,,92
201400047482,14,8,6,1047,1,1,1,3.0,6,95394,M,,,95
201400047483,14,8,6,1405,1,1,1,2.0,2,95277,M,,,95
201400047484,14,8,6,1540,1,1,1,2.0,6,93005,M,4894630.0,247621.0,93
201400047485,14,8,6,1615,1,1,1,2.0,3,95252,M,,,95
201400047486,14,8,6,1640,1,1,1,1.0,6,93027,M,4892220.0,237834.0,93
201400047487,14,8,6,1845,1,1,1,2.0,7,92036,M,,,92
201400047488,14,8,7,835,1,1,1,2.0,3,95018,M,,,95
201400047489,14,8,7,935,1,1,1,2.0,6,95365,M,,,95
201400047490,14,8,7,945,1,1,1,2.0,2,92036,M,,,92
201400047491,14,8,10,1135,1,1,1,2.0,2,95678,M,,,95
201400047492,14,8,8,1230,1,1,1,2.0,3,95252,M,,,95
201400047493,14,8,8,1900,1,1,1,2.0,6,95277,M,,,95
201400047494,14,8,8,2200,3,1,1,1.0,3,95582,M,,,95
201400047495,14,8,10,545,4,1,1,1.0,6,93064,M,4887070.0,248247.0,93
201400047496,14,8,10,1340,1,1,1,8.0,6,95218,M,,,95
201400047497,14,8,10,1600,1,1,1,2.0,6,95256,M,,,95
201400047498,14,8,10,1715,1,1,1,2.0,6,93001,M,4892080.0,237196.0,93
201400047499,14,8,11,810,1,1,1,1.0,3,95252,M,,,95
201400047500,14,8,11,900,1,1,1,1.0,6,95572,M,,,95
201400047501,14,8,11,915,1,1,1,1.0,3,95018,M,,,95
201400047502,14,12,7,2100,3,1,1,2.0,6,95394,M,,,95
201400047503,14,8,12,1820,1,1,1,1.0,1,93066,M,4892230.0,235873.0,93
201400047504,14,8,13,5,4,1,1,3.0,6,95582,M,,,95
201400047505,14,8,13,1000,1,1,1,1.0,7,92078,M,,,92
201400047506,14,8,13,1535,1,1,1,1.0,7,93001,M,4892130.0,236824.0,93
201400047507,14,8,13,1935,1,1,1,1.0,6,95582,M,,,95
201400047508,14,8,14,1500,1,1,1,1.0,3,92036,M,,,92
201400047509,14,8,14,1909,1,1,1,1.0,6,95277,M,4897350.0,248590.0,95
201400047510,14,8,14,2030,1,1,1,3.0,5,95277,M,4897350.0,248590.0,95
201400047511,14,8,16,10,4,1,1,1.0,6,95394,M,,,95
201400047512,14,8,17,2300,3,1,1,1.0,2,93006,M,4886800.0,242761.0,93
201400047513,14,8,19,815,1,1,1,1.0,4,95424,M,,,95
201400047514,14,8,19,1115,1,1,1,1.0,2,92036,M,,,92
201400047515,14,8,21,910,1,1,1,1.0,2,93005,M,4895790.0,247299.0,93
201400047516,14,8,22,210,3,1,1,1.0,6,95277,M,,,95
201400047517,14,8,22,1315,1,1,1,1.0,5,93073,M,4896810.0,256428.0,93
201400047518,14,8,22,1515,1,1,1,1.0,6,95212,M,,,95
201400047519,14,8,22,1915,1,1,1,3.0,6,95277,M,,,95
201400047520,14,8,23,500,3,1,1,1.0,7,92036,M,,,92
201400047521,14,8,23,715,1,1,1,1.0,6,93066,M,4893170.0,237055.0,93
201400047522,14,8,24,915,1,1,1,1.0,7,93078,M,4896480.0,255435.0,93
201400047523,14,8,24,1435,1,1,1,1.0,3,93005,M,4895280.0,247384.0,93
201400047524,14,8,24,1630,1,1,1,1.0,2,95060,M,,,95
201400047525,14,8,25,930,1,1,1,2.0,6,95277,M,,,95
201400047526,14,8,25,1235,1,1,1,3.0,6,95582,M,,,95
201400047527,14,8,25,1610,1,1,1,2.0,6,92078,M,,,92
201400047528,14,8,25,2020,1,1,1,2.0,4,95582,M,,,95
201400047529,14,8,25,2340,3,1,1,2.0,7,93027,M,4892780.0,241018.0,93
201400047530,14,8,26,725,1,1,1,2.0,6,93027,M,4892570.0,239669.0,93
201400047531,14,8,26,925,1,1,1,1.0,4,93066,M,4891570.0,235783.0,93
201400047532,14,8,26,1255,1,1,1,3.0,4,95424,M,,,95
201400047533,14,8,26,1800,1,1,1,1.0,2,93063,M,4887850.0,244717.0,93
201400047534,14,8,26,2050,3,1,1,2.0,6,93027,M,4892600.0,239883.0,93
201400047535,14,8,26,2050,3,1,1,9.0,6,93027,M,4892210.0,237848.0,93
201400047536,14,8,27,550,3,1,1,1.0,4,95277,M,,,95
201400047537,14,8,27,545,1,1,1,1.0,6,95678,M,,,95
201400047538,14,8,27,815,1,1,1,2.0,7,95582,M,4896910.0,227480.0,95
201400047539,14,8,27,910,1,1,1,1.0,6,92078,M,,,92
201400047540,14,8,27,950,1,1,1,1.0,3,93066,M,4891900.0,235742.0,93
201400047541,14,8,27,1000,1,1,1,1.0,5,93027,M,4892790.0,240993.0,93
201400047542,14,8,27,1602,1,1,1,1.0,5,93053,M,4888350.0,245834.0,93
201400047543,14,8,27,1900,1,1,1,1.0,2,93005,M,4895770.0,246287.0,93
201400047544,14,8,28,1100,1,1,1,1.0,3,93008,M,4889470.0,247114.0,93
201400047545,14,8,28,1545,1,1,1,1.0,6,93066,M,4891930.0,235757.0,93
201400047546,14,8,30,720,1,1,1,1.0,3,95604,M,,,95
201400047547,14,8,31,1000,1,1,1,1.0,3,95641,M,,,95
201400047548,14,8,31,1415,1,1,1,1.0,6,93027,M,4892210.0,237848.0,93
201400047549,14,8,31,1910,1,1,1,1.0,7,60494,M,,,60
201400047550,14,8,31,1930,1,1,1,1.0,6,60631,M,,,60
201400047551,14,12,18,1640,1,1,1,1.0,6,95306,M,,,95
201400047552,14,9,1,715,1,1,1,1.0,1,92036,M,,,92
201400047553,14,9,1,900,1,1,1,1.0,2,95582,M,,,95
201400047554,14,9,1,1250,1,1,1,1.0,6,93010,M,4888930.0,247381.0,93
201400047555,14,9,1,1750,1,1,1,1.0,5,93078,M,4896000.0,253974.0,93
201400047556,14,9,1,1835,1,1,1,1.0,3,93005,M,4894920.0,247504.0,93
201400047557,14,9,2,605,2,1,1,1.0,2,93064,M,4886810.0,248216.0,93
201400047558,14,9,2,1400,1,1,1,1.0,5,95154,M,,,95
201400047559,14,9,3,900,1,1,1,1.0,2,95582,M,4896260.0,226330.0,95
201400047560,14,9,3,1500,1,1,1,1.0,4,93010,M,4888950.0,247391.0,93
201400047561,14,8,5,2030,1,1,1,1.0,2,92078,M,,,92
201400047562,14,9,3,1845,1,1,1,1.0,5,93063,M,4888050.0,245176.0,93
201400047563,14,9,5,750,1,1,1,1.0,6,95572,M,,,95
201400047564,14,9,5,850,1,1,1,1.0,4,93010,M,4888970.0,247384.0,93
201400047565,14,9,5,1645,1,1,1,1.0,2,92036,M,,,92
201400047566,14,9,5,2320,3,1,1,1.0,6,95018,M,,,95
201400047567,14,9,6,1835,1,1,1,1.0,6,95500,M,,,95
201400047568,14,9,8,515,3,1,1,1.0,2,93053,M,4888300.0,245754.0,93
201400047569,14,9,8,515,3,1,1,1.0,7,93053,M,4888250.0,245638.0,93
201400047570,14,9,9,850,1,1,1,1.0,7,95306,M,,,95
201400047571,14,9,9,910,1,1,1,1.0,4,93006,M,4886630.0,241456.0,93
201400047572,14,9,10,845,1,1,1,1.0,7,93063,M,4887900.0,244832.0,93
201400047573,14,9,10,1700,1,1,1,1.0,6,93005,M,4894620.0,247649.0,93
201400047574,14,9,10,1710,1,1,1,1.0,2,93063,M,4888090.0,245252.0,93
201400047575,14,9,10,2000,1,1,1,1.0,6,93001,M,4892190.0,237785.0,93
201400047576,14,9,11,820,1,1,1,1.0,6,93029,M,4892630.0,242150.0,93
201400047577,14,9,11,840,2,1,1,1.0,6,95151,M,,,95
201400047578,14,9,12,940,1,1,1,1.0,6,95582,M,,,95
201400047579,14,9,11,910,1,1,1,1.0,3,93027,M,4892570.0,239669.0,93
201400047580,14,9,11,1900,1,1,1,1.0,3,93066,M,4892170.0,236558.0,93
201400047581,14,9,12,1700,1,1,1,1.0,4,93066,M,4892110.0,235742.0,93
201400047582,14,9,12,2200,3,1,1,1.0,2,95580,M,,,95
201400047583,14,9,14,2330,3,1,1,1.0,7,95306,M,,,95
201400047584,14,9,15,1000,1,1,1,1.0,7,93006,M,4886430.0,241359.0,93
201400047585,14,9,15,1700,1,1,1,1.0,7,92036,M,,,92
201400047586,14,9,16,740,1,1,1,1.0,2,95252,M,,,95
201400047587,14,9,16,830,1,1,1,1.0,3,92036,M,,,92
201400047588,14,9,16,1230,1,1,1,1.0,7,93053,M,4890250.0,235886.0,93