Num_Acc,an,mois,jour,hrmn,lum,agg,int,atm,col,com,gps,lat,long,dep
201400047589,14,9,16,2115,4,1,1,1.0,7,93027,M,4892840.0,241419.0,93
201400047590,14,9,16,2230,3,1,1,1.0,6,95018,M,,,95
201400047591,14,9,16,2303,5,1,1,1.0,6,93008,M,4891420.0,243237.0,93
201400047592,14,9,18,650,2,1,1,1.0,2,95018,M,,,95
201400047593,14,9,18,2215,3,1,1,1.0,2,93007,M,4892930.0,248138.0,93
201400047594,14,9,19,855,1,1,1,1.0,2,92036,M,,,92
201400047595,14,9,20,1645,1,1,1,2.0,4,95277,M,,,95
201400047596,14,9,20,2135,3,1,1,1.0,2,93010,M,4888930.0,247381.0,93
201400047597,14,9,21,1830,1,1,1,1.0,2,95488,M,,,95
201400047598,14,9,22,1840,1,1,1,1.0,2,95572,M,,,95
201400047599,14,9,23,630,2,1,1,1.0,2,95582,M,,,95
201400047600,14,9,23,800,1,1,1,1.0,6,92078,M,,,92
201400047601,14,9,23,915,1,1,1,1.0,2,93066,M,4892800.0,235755.0,93
201400047602,14,9,24,2005,3,1,1,2.0,6,95277,M,,,95
201400047603,14,9,24,2120,3,1,1,1.0,6,95394,M,,,95
201400047604,14,9,24,2155,3,1,1,1.0,7,92036,M,,,92
201400047605,14,9,25,930,1,1,1,1.0,3,93064,M,4888670.0,247349.0,93
201400047606,14,9,25,1540,1,1,1,1.0,6,95572,M,,,95
201400047607,14,9,26,1900,1,1,1,1.0,6,95641,M,,,95
201400047608,14,9,27,1020,1,1,1,1.0,4,93005,M,4895190.0,247409.0,93
201400047609,14,9,28,1830,1,1,1,1.0,2,95424,M,,,95
201400047610,14,9,29,1110,1,1,1,2.0,6,95394,M,,,95
201400047611,14,9,29,1215,1,1,1,1.0,6,95252,M,,,95
201400047612,14,9,30,615,3,1,1,2.0,2,92036,M,,,92
201400047613,14,9,30,730,1,1,1,1.0,6,92036,M,,,92
201400047614,14,9,30,810,1,1,1,1.0,2,95582,M,,,95
201400047615,14,9,30,1730,1,1,1,1.0,2,92078,M,,,92
201400047616,14,10,30,901,1,1,1,1.0,3,95018,M,,,95
201400047617,14,10,1,805,2,1,1,1.0,3,93048,M,4887310.0,243544.0,93
201400047618,14,10,1,900,1,1,1,1.0,5,95018,M,,,95
201400047619,14,10,1,1530,1,1,1,1.0,3,92078,M,,,92
201400047620,14,10,1,1840,1,1,1,1.0,4,93010,M,4888930.0,247381.0,93
201400047621,14,10,2,1428,5,1,1,1.0,6,93066,M,4890880.0,235818.0,93
201400047622,14,10,2,1430,5,1,1,1.0,6,93066,M,4890700.0,235849.0,93
201400047623,14,10,2,1630,1,1,1,1.0,7,93010,M,4888950.0,247391.0,93
201400047624,14,10,3,740,1,1,1,1.0,3,93048,M,4887250.0,243430.0,93
201400047625,14,10,3,1830,1,1,1,1.0,5,93013,M,4893880.0,241706.0,93
201400047626,14,10,3,2120,3,1,1,1.0,2,93053,M,4888850.0,247388.0,93
201400047627,14,10,4,1725,1,1,1,1.0,2,95488,M,,,95
201400047628,14,10,4,2335,3,1,1,1.0,7,92036,M,,,92
201400047629,14,10,5,515,3,1,1,9.0,7,93027,M,4892570.0,239669.0,93
201400047630,14,10,8,1900,3,1,1,3.0,6,93066,M,,,93
201400047631,14,10,6,1830,1,1,1,2.0,6,95018,M,,,95
201400047632,14,10,6,1940,3,1,1,2.0,6,95582,M,,,95
201400047633,14,10,6,2025,3,1,1,2.0,2,92078,M,,,92
201400047634,14,10,6,2140,3,1,1,2.0,2,93027,M,4892860.0,241528.0,93
201400047635,14,10,8,1010,1,1,1,3.0,5,95018,M,,,95
201400047636,14,10,7,1030,1,1,1,2.0,2,95582,M,,,95
201400047637,14,10,7,1030,1,1,1,1.0,6,93053,M,4890430.0,235870.0,93
201400047638,14,10,7,1110,1,1,1,2.0,6,95394,M,,,95
201400047639,14,10,8,730,1,1,1,3.0,2,93048,M,4887050.0,243128.0,93
201400047640,14,10,7,1430,1,1,1,1.0,3,93066,M,4891900.0,235742.0,93
201400047641,14,10,7,1920,2,1,1,1.0,6,93006,M,4886840.0,242864.0,93
201400047642,14,10,8,930,1,1,1,3.0,4,95582,M,,,95
201400047643,14,10,8,1030,1,1,1,2.0,4,95572,M,,,95
201400047644,14,10,8,2145,3,1,1,3.0,2,95582,M,,,95
201400047645,14,10,8,1130,1,1,1,2.0,6,95394,M,,,95
201400047646,14,10,8,1240,1,1,1,2.0,6,95394,M,,,95
201400047647,14,10,8,1934,4,1,1,3.0,5,93010,M,4888950.0,247391.0,93
201400047648,14,10,8,2210,4,1,1,2.0,6,93066,M,4892380.0,235723.0,93
201400047649,14,10,9,34,4,1,1,2.0,3,93010,M,4888930.0,247381.0,93
201400047650,14,10,9,640,2,1,1,1.0,4,93007,M,4892930.0,248138.0,93
201400047651,14,10,9,1045,1,1,1,1.0,3,93005,M,4896750.0,247881.0,93
201400047652,14,10,9,1900,2,1,1,1.0,5,95500,M,,,95
201400047653,14,10,10,1500,1,1,1,1.0,6,60631,M,,,60
201400047654,14,10,13,1314,1,1,1,1.0,6,93005,M,4897310.0,248519.0,93
201400047655,14,10,11,1145,1,1,1,1.0,7,92036,M,,,92
201400047656,14,10,11,1150,1,1,1,2.0,3,93064,M,4888680.0,247723.0,93
201400047657,14,10,12,715,3,1,1,1.0,6,92036,M,,,92
201400047658,14,10,12,1315,1,1,1,1.0,7,93010,M,4889110.0,247348.0,93
201400047659,14,10,15,1800,1,1,1,1.0,6,95277,M,4897350.0,248590.0,95
201400047660,14,10,12,1800,3,1,1,2.0,7,95572,M,,,95
201400047661,14,10,12,1815,2,1,1,2.0,4,95277,M,,,95
201400047662,14,10,12,1950,3,1,1,2.0,7,95277,M,,,95
201400047663,14,10,12,2024,3,1,1,2.0,4,95252,M,,,95
201400047664,14,10,12,2140,5,1,1,2.0,6,95018,M,,,95
201400047665,14,10,13,945,1,1,1,1.0,2,93007,M,4893220.0,248099.0,93
201400047666,14,10,13,1640,1,1,1,1.0,2,93066,M,4891930.0,235757.0,93
201400047667,14,10,13,1730,1,1,1,1.0,7,95491,M,,,95
201400047668,14,10,13,1815,1,1,1,1.0,2,93029,M,4891880.0,242869.0,93
201400047669,14,10,14,940,1,1,1,1.0,4,95018,M,,,95
201400047670,14,10,15,610,3,1,1,1.0,2,93007,M,4894400.0,243659.0,93
201400047671,14,10,15,858,1,1,1,1.0,2,95252,M,,,95
201400047672,14,10,15,1115,1,1,1,1.0,7,93006,M,4886450.0,241293.0,93
201400047673,14,10,15,1530,1,1,1,2.0,6,95582,M,4896250.0,226330.0,95
201400047674,14,10,16,610,3,1,1,1.0,3,93064,M,4886810.0,248216.0,93
201400047675,14,10,16,950,1,1,1,1.0,6,93005,M,4894590.0,247660.0,93
201400047676,14,10,16,1101,1,1,1,1.0,6,95394,M,,,95
201400047677,14,10,17,1710,1,1,1,1.0,3,93027,M,4892080.0,237196.0,93
201400047678,14,10,17,2150,4,1,1,1.0,4,93053,M,4888350.0,245873.0,93
201400047679,14,10,17,530,3,1,1,1.0,6,92036,M,,,92
201400047680,14,10,17,740,2,1,1,1.0,6,93053,M,4890430.0,235870.0,93
201400047681,14,10,18,1540,1,1,1,1.0,7,95394,M,,,95
201400047682,14,10,18,2150,3,1,1,1.0,1,93005,M,4894670.0,247628.0,93
201400047683,14,10,18,1945,4,1,1,1.0,4,92036,M,,,92
201400047684,14,10,18,2150,3,1,1,1.0,6,93005,M,4894670.0,247628.0,93
201400047685,14,10,19,1530,1,1,1,1.0,6,95060,M,,,95
201400047686,14,10,19,2040,3,1,1,1.0,3,93013,M,4893870.0,241625.0,93
201400047687,14,10,20,1050,1,1,1,1.0,4,93029,M,4892610.0,242240.0,93
201400047688,14,10,20,1130,1,1,1,1.0,6,95351,M,,,95
201400047689,14,10,21,2025,5,1,1,1.0,3,93008,M,4889470.0,247114.0,93
201400047690,14,10,21,2226,4,1,1,1.0,6,93005,M,4894600.0,247660.0,93
201400047691,14,10,22,1045,1,1,1,1.0,4,92036,M,,,92
201400047692,14,10,22,1100,1,1,1,1.0,4,95500,M,,,95
201400047693,14,10,22,1215,1,1,1,1.0,6,95678,M,,,95
201400047694,14,10,23,1700,1,1,1,1.0,4,93008,M,4890860.0,245013.0,93
201400047695,14,10,23,1415,1,1,1,1.0,4,93030,M,4893960.0,242010.0,93
201400047696,14,10,23,1430,1,1,1,1.0,3,93010,M,4888950.0,247375.0,93
201400047697,14,10,23,1550,1,1,1,1.0,4,93064,M,4888110.0,247457.0,93
201400047698,14,10,26,630,3,1,1,1.0,6,95678,M,,,95
201400047699,14,10,26,750,1,1,1,1.0,3,93008,M,4889890.0,246927.0,93
201400047700,14,10,26,2345,3,1,1,1.0,6,95018,M,,,95
201400047701,14,10,28,900,1,1,1,1.0,3,93006,M,4886570.0,241854.0,93
201400047702,14,10,28,1800,3,1,1,1.0,4,92036,M,,,92
201400047703,14,10,28,1810,3,1,1,1.0,4,60612,M,,,60
201400047704,14,10,29,910,1,1,1,1.0,2,60612,M,,,60
201400047705,14,10,29,700,1,1,1,1.0,3,93005,M,,,93
201400047706,14,10,29,915,1,1,1,1.0,6,93066,M,4892990.0,236350.0,93
201400047707,14,10,29,2125,4,1,1,1.0,7,93064,M,4887810.0,247678.0,93
201400047708,14,10,30,645,3,1,1,1.0,6,93053,M,4888400.0,246365.0,93
201400047709,14,10,30,900,1,1,1,1.0,6,95018,M,,,95
201400047710,14,10,30,1925,3,1,1,1.0,5,93048,M,4887310.0,243544.0,93
201400047711,14,10,31,1530,1,1,1,1.0,6,93013,M,4893870.0,241625.0,93
201400047712,14,10,31,1805,3,1,1,1.0,4,93064,M,4888380.0,246701.0,93
201400047713,14,10,31,1840,3,1,1,1.0,4,95154,M,,,95
201400047714,14,10,31,1915,3,1,1,1.0,4,92036,M,,,92
201400047715,14,10,31,2120,3,1,1,1.0,1,93010,M,4888950.0,247391.0,93
201400047716,14,11,1,1940,3,1,1,1.0,5,95582,M,,,95
201400047717,14,11,1,2140,3,1,1,1.0,5,95500,M,,,95
201400047718,14,11,2,240,3,1,1,1.0,7,95028,M,,,95
201400047719,14,11,2,1530,1,1,1,1.0,6,95277,M,,,95
201400047720,14,11,2,1800,2,1,1,1.0,6,95018,M,,,95
201400047721,14,11,2,2000,3,1,1,1.0,3,92036,M,,,92
201400047722,14,11,2,2000,4,1,1,2.0,2,95365,M,,,95
201400047723,14,11,3,250,3,1,1,2.0,6,93053,M,,,93
201400047724,14,11,3,1220,1,1,1,1.0,7,95018,M,,,95
201400047725,14,11,3,2120,3,1,1,2.0,5,93053,M,4888350.0,245834.0,93
201400047726,14,11,4,900,1,1,1,1.0,6,95392,M,,,95
201400047727,14,11,4,1100,1,1,1,1.0,6,95151,M,,,95
201400047728,14,11,4,1920,3,1,1,1.0,2,93010,M,4888970.0,247384.0,93
201400047729,14,11,5,400,3,1,1,1.0,6,93073,M,4896920.0,256777.0,93
201400047730,14,11,5,800,1,1,1,1.0,3,93005,M,4894720.0,247579.0,93
201400047731,14,11,4,2000,1,1,1,1.0,4,95572,M,,,95
201400047732,14,11,5,1750,4,1,1,1.0,5,93078,M,4896110.0,254339.0,93
201400047733,14,11,5,1440,1,1,1,1.0,2,93006,M,4886590.0,242125.0,93
201400047734,14,11,6,730,1,1,1,1.0,3,93066,M,4892190.0,236552.0,93
201400047735,14,11,6,815,1,1,1,1.0,6,95219,M,,,95
201400047736,14,11,6,1245,1,1,1,1.0,3,95527,M,,,95
201400047737,14,11,6,1750,3,1,1,1.0,3,93010,M,4889280.0,247286.0,93
201400047738,14,11,7,1015,1,1,1,2.0,6,95572,M,,,95
201400047739,14,11,7,1700,1,1,1,1.0,2,93063,M,4887470.0,243926.0,93
201400047740,14,11,8,1100,1,1,1,1.0,7,60631,M,,,60
201400047741,14,11,9,545,3,1,1,1.0,4,95488,M,,,95
201400047742,14,11,9,2040,4,1,1,1.0,6,93008,M,4889890.0,246927.0,93
201400047743,14,11,8,1250,1,1,1,1.0,4,93006,M,4886840.0,242864.0,93
201400047744,14,11,10,630,4,1,1,1.0,2,93064,M,4887070.0,248247.0,93
201400047745,14,11,12,100,4,1,1,2.0,2,95488,M,,,95
201400047746,14,11,12,1500,1,1,1,1.0,4,95527,M,,,95
201400047747,14,11,12,1540,1,1,1,1.0,3,93048,M,4887310.0,243592.0,93
201400047748,14,11,12,1815,3,1,1,1.0,2,93008,M,4889890.0,246927.0,93
201400047749,14,11,12,1830,3,1,1,1.0,5,93001,M,4892180.0,237710.0,93
201400047750,14,11,12,2030,3,1,1,1.0,7,93006,M,4886450.0,241293.0,93
201400047751,14,11,13,730,2,1,1,1.0,7,95018,M,,,95
201400047752,14,11,13,922,1,1,1,1.0,3,95028,M,,,95
201400047753,14,11,14,250,3,1,1,1.0,2,95203,M,4897750.0,228830.0,95
201400047754,14,11,14,725,3,1,1,1.0,2,95018,M,,,95
201400047755,14,11,14,1500,1,1,1,1.0,3,93027,M,4892860.0,241460.0,93
201400047756,14,11,15,1610,1,1,1,1.0,2,93066,M,4892250.0,235711.0,93
201400047757,14,11,14,1900,3,1,1,2.0,6,95277,M,,,95
201400047758,14,11,14,1940,3,1,1,1.0,3,60631,M,,,60
201400047759,14,11,14,2000,4,1,1,2.0,3,93078,M,4896250.0,254728.0,93
201400047760,14,11,15,1035,1,1,1,2.0,2,95277,M,,,95
201400047761,14,11,15,1115,1,1,1,2.0,2,95277,M,,,95
201400047762,14,11,15,1225,1,1,1,2.0,6,95277,M,,,95
201400047763,14,11,16,654,4,1,1,1.0,6,93078,M,4896340.0,252130.0,93
201400047764,14,11,16,930,1,1,1,2.0,7,92036,M,,,92
201400047765,14,11,16,1620,3,1,1,2.0,6,93066,M,4893060.0,236663.0,93
201400047766,14,11,16,2030,3,1,1,2.0,3,95582,M,,,95
201400047767,14,11,17,730,1,1,1,2.0,4,95572,M,,,95
201400047768,14,11,17,830,1,1,1,2.0,7,93078,M,4895900.0,253602.0,93
201400047769,14,11,17,900,1,1,1,2.0,7,93010,M,4888950.0,247375.0,93
201400047770,14,11,17,1730,3,1,1,2.0,3,93027,M,4892860.0,241528.0,93
201400047771,14,11,17,1945,3,1,1,2.0,4,93078,M,4896340.0,252130.0,93
201400047772,14,11,18,810,2,1,1,1.0,2,95151,M,,,95
201400047773,14,11,18,830,1,1,1,1.0,7,92036,M,,,92
201400047774,14,11,18,840,1,1,1,1.0,2,95042,M,,,95
201400047775,14,11,18,925,1,1,1,1.0,6,95018,M,,,95
201400047776,14,11,18,905,1,1,1,2.0,6,95018,M,,,95
201400047777,14,11,18,1820,2,1,1,2.0,6,93010,M,4888930.0,247381.0,93
201400047778,14,11,19,830,1,1,1,5.0,2,95042,M,,,95
201400047779,14,11,19,1940,3,1,1,1.0,3,93064,M,4888380.0,246701.0,93
201400047780,14,11,19,1810,3,1,1,1.0,2,95018,M,,,95
201400047781,14,11,19,1840,3,1,1,1.0,4,93078,M,4896150.0,254460.0,93
201400047782,14,11,20,2046,3,1,1,1.0,6,95582,M,,,95
201400047783,14,11,20,2045,5,1,1,2.0,6,95582,M,,,95
201400047784,14,11,21,1245,1,1,1,1.0,5,93027,M,,,93
201400047785,14,11,21,840,1,1,1,1.0,2,95582,M,,,95
201400047786,14,11,21,1100,1,1,1,1.0,6,95424,M,,,95
201400047787,14,11,24,800,1,1,1,1.0,5,93064,M,4888350.0,246961.0,93
201400047788,14,11,22,1315,1,1,1,1.0,5,93010,M,4888740.0,247411.0,93
201400047789,14,11,22,1640,2,1,1,1.0,6,93008,M,4890570.0,246307.0,93
201400047790,14,11,22,2030,3,1,1,1.0,2,92036,M,,,92
201400047791,14,11,22,2055,4,1,1,1.0,2,93008,M,4889470.0,247114.0,93
201400047792,14,11,23,1130,1,1,1,1.0,7,93066,M,4892200.0,236281.0,93
201400047793,14,11,23,1845,3,1,1,1.0,4,95500,M,,,95
201400047794,14,11,24,905,1,1,1,2.0,2,93078,M,4897150.0,249691.0,93
201400047795,14,11,24,1025,1,1,1,1.0,5,93066,M,4890210.0,235866.0,93
201400047796,14,11,25,10,3,1,1,2.0,2,95365,M,,,95
201400047797,14,11,26,600,3,1,1,2.0,2,93008,M,4889860.0,246958.0,93
201400047798,14,11,26,745,3,1,1,2.0,2,95582,M,,,95
201400047799,14,11,27,1110,1,1,1,2.0,6,95018,M,,,95
201400047800,14,11,27,1130,1,1,1,1.0,2,93007,M,4895490.0,245734.0,93
201400047801,14,11,27,1830,3,1,1,1.0,3,95241,M,,,95
201400047802,14,11,27,2000,3,1,1,1.0,5,93010,M,4888930.0,247381.0,93
201400047803,14,11,27,1320,1,1,1,1.0,7,95241,M,,,95
201400047804,14,11,27,1915,3,1,1,1.0,3,95582,M,,,95
201400047805,14,11,27,1945,5,1,1,1.0,4,92078,M,,,92
201400047806,14,11,28,800,1,1,1,1.0,4,93005,M,4895640.0,247328.0,93
201400047807,14,11,28,840,1,1,1,1.0,6,93066,M,4892210.0,235877.0,93
201400047808,14,11,28,900,1,1,1,1.0,2,93064,M,4886810.0,248216.0,93
201400047809,14,11,28,1220,1,1,1,1.0,6,93064,M,,,93
201400047810,14,11,28,1815,3,1,1,1.0,5,95488,M,,,95
201400047811,14,11,28,1930,3,1,1,1.0,6,93066,M,4893230.0,237311.0,93
201400047812,14,12,1,750,2,1,1,1.0,6,95582,M,,,95
201400047813,14,12,1,835,1,1,1,1.0,2,92078,M,,,92
201400047814,14,12,1,1744,3,1,1,1.0,4,93027,M,,,93
201400047815,14,12,1,1900,3,1,1,2.0,2,93006,M,,,93
201400047816,14,12,1,1900,4,1,1,8.0,3,92036,M,,,92
201400047817,14,12,2,810,1,1,1,1.0,3,93066,M,,,93
201400047818,14,12,2,935,1,1,1,1.0,5,93066,M,,,93
201400047819,14,12,3,345,4,1,1,1.0,7,93066,M,,,93
201400047820,14,12,3,640,3,1,1,1.0,4,95277,M,,,95
201400047821,14,12,3,850,1,1,1,8.0,4,95018,M,,,95
201400047822,14,12,3,1745,3,1,1,1.0,2,95527,M,,,95
201400047823,14,12,4,2120,4,1,1,2.0,4,95582,M,,,95
201400047824,14,12,5,300,3,1,1,1.0,6,93078,M,,,93
201400047825,14,12,5,1940,3,1,1,1.0,6,93064,M,,,93
201400047826,14,12,6,630,3,1,1,1.0,6,93005,M,,,93
201400047827,14,12,6,1210,1,1,1,1.0,3,93064,M,,,93
201400047828,14,12,7,530,4,1,1,1.0,6,92036,M,,,92
201400047829,14,12,7,815,2,1,1,9.0,6,95365,M,,,95
201400047830,14,12,7,815,2,1,1,1.0,6,95365,M,,,95
201400047831,14,12,7,1600,1,1,1,2.0,2,93027,M,,,93
201400047832,14,12,7,1500,1,1,1,1.0,3,93006,M,,,93
201400047833,14,12,7,2120,3,1,1,2.0,6,95582,M,4896840.0,227470.0,95
201400047834,14,12,7,2212,4,1,1,1.0,7,93053,M,,,93
201400047835,14,12,7,2315,3,1,1,2.0,7,95527,M,,,95
201400047836,14,12,8,1000,1,1,1,1.0,2,93063,M,,,93
201400047837,14,12,8,1315,1,1,1,2.0,6,93007,M,,,93
201400047838,14,12,8,1815,5,1,1,1.0,3,93029,M,,,93
201400047839,14,12,9,1420,1,1,1,1.0,6,95582,M,,,95
201400047840,14,12,10,1530,1,1,1,3.0,3,95252,M,,,95
201400047841,14,12,9,1700,1,1,1,1.0,2,95241,M,,,95
201400047842,14,12,10,620,2,1,1,2.0,4,93064,M,,,93
201400047843,14,12,10,930,1,1,1,2.0,2,93027,M,,,93
201400047844,14,12,10,2015,3,1,1,8.0,2,93066,M,,,93
201400047845,14,12,10,1545,1,1,1,2.0,6,95018,M,,,95
201400047846,14,12,11,2315,4,1,1,1.0,3,92036,M,,,92
201400047847,14,12,12,110,3,1,1,1.0,6,95212,M,,,95
201400047848,14,12,12,1120,1,1,1,2.0,3,93008,M,,,93
201400047849,14,12,12,2300,3,1,1,2.0,6,95527,M,,,95
201400047850,14,12,13,140,3,1,1,3.0,6,93010,M,,,93
201400047851,14,12,13,200,3,1,1,2.0,6,93001,M,,,93
201400047852,14,12,13,320,3,1,1,2.0,6,93008,M,,,93
201400047853,14,12,13,1535,1,1,1,3.0,6,95277,M,4897330.0,248550.0,95
201400047854,14,12,14,825,3,1,1,5.0,6,95028,M,,,95
201400047855,14,12,14,1320,1,1,1,1.0,6,95277,M,,,95
201400047856,14,12,14,1540,1,1,1,5.0,6,93078,M,,,93
201400047857,14,12,14,1750,2,1,1,1.0,4,95154,M,,,95
201400047858,14,12,14,1845,3,1,1,2.0,5,93078,M,,,93
201400047859,14,12,15,1200,1,1,1,1.0,7,93027,M,,,93
201400047860,14,12,15,1900,3,1,1,1.0,3,92036,M,,,92
201400047861,14,12,15,2215,3,1,1,2.0,6,93066,M,,,93
201400047862,14,12,15,2330,3,1,1,2.0,6,95582,M,,,95
201400047863,14,12,16,920,1,1,1,2.0,6,93078,M,,,93
201400047864,14,12,16,930,1,1,1,1.0,2,95042,M,,,95
201400047865,14,12,16,1000,1,1,1,2.0,2,92036,M,,,92
201400047866,14,12,16,1140,1,1,1,1.0,6,93063,M,,,93
201400047867,14,12,16,1250,1,1,1,2.0,2,93066,M,,,93
201400047868,14,12,17,730,1,1,1,2.0,2,95252,M,,,95
201400047869,14,12,17,900,1,1,1,2.0,2,60612,M,,,60
201400047870,14,12,17,2140,4,1,1,3.0,6,95394,M,,,95
201400047871,14,12,18,120,5,1,1,2.0,2,92078,M,,,92
201400047872,14,12,18,700,3,1,1,2.0,6,93027,M,,,93
201400047873,14,12,19,1230,1,1,1,2.0,6,95527,M,,,95
201400047874,14,12,19,1330,1,1,1,2.0,2,95018,M,,,95
201400047875,14,12,20,1600,1,1,1,1.0,2,93066,M,,,93
201400047876,14,12,20,2225,3,1,1,1.0,6,92036,M,,,92
201400047877,14,12,21,50,3,1,1,1.0,6,93006,M,,,93
201400047878,14,12,21,454,3,1,1,1.0,2,93007,M,,,93
201400047879,14,12,22,230,4,1,1,1.0,6,95394,M,,,95
201400047880,14,12,22,1615,1,1,1,1.0,3,93063,M,,,93
201400047881,14,12,22,1900,5,1,1,1.0,2,92078,M,,,92
201400047882,14,12,23,1700,1,1,1,1.0,2,95500,M,,,95
201400047883,14,12,24,155,3,1,1,1.0,3,93064,M,,,93
201400047884,14,12,24,1640,1,1,1,2.0,7,95252,M,,,95
201400047885,14,12,24,2055,3,1,1,2.0,6,95394,M,,,95
201400047886,14,12,25,930,1,1,1,1.0,4,93005,M,,,93
201400047887,14,12,26,1630,1,1,1,1.0,2,95306,M,,,95
201400047888,14,12,27,140,4,1,1,3.0,7,92078,M,,,92
201400047889,14,12,27,840,1,1,1,2.0,6,95527,M,,,95
201400047890,14,12,27,1115,1,1,1,1.0,6,95277,M,4897350.0,248520.0,95
201400047891,14,12,27,1150,1,1,1,2.0,6,92078,M,,,92
201400047892,14,12,27,2120,4,1,1,1.0,6,95277,M,,,95
201400047893,14,12,27,2200,4,1,1,2.0,7,95256,M,,,95
201400047894,14,12,27,2330,3,1,1,8.0,2,93005,M,,,93
201400047895,14,12,28,20,3,1,1,1.0,2,93027,M,,,93
201400047896,14,12,28,400,3,1,1,1.0,6,93008,M,,,93
201400047897,14,12,28,1949,3,1,1,1.0,6,95060,M,,,95
201400047898,14,12,28,1600,1,1,1,1.0,6,95365,M,,,95
201400047899,14,12,30,1145,1,1,1,1.0,2,93066,M,,,93
201400047900,14,12,30,2135,3,1,1,1.0,2,93064,M,,,93
201400047901,14,12,31,1645,1,1,1,1.0,3,93006,M,,,93
201400047902,14,12,31,1800,3,1,1,1.0,6,95028,M,,,95
201400047903,14,12,31,2200,3,1,1,1.0,2,95277,M,4897590.0,248240.0,95
201400047904,14,7,21,15,3,1,1,1.0,4,93010,M,4888950.0,247391.0,93
201400047905,14,8,15,130,3,1,1,1.0,6,95582,M,,,95
201400047906,14,9,21,1,3,1,1,1.0,6,95256,M,,,95
201400047907,14,10,7,435,3,1,1,2.0,7,93027,M,4892860.0,241528.0,93
201400047908,14,10,19,2200,3,1,1,1.0,2,93027,M,4893580.0,240348.0,93
201400047909,14,12,1,10,3,1,1,1.0,6,93010,M,,,93
201400047910,14,12,11,2150,3,1,1,1.0,5,93066,M,,,93
201400047911,14,12,21,2230,3,1,1,1.0,6,95678,M,,,95
201400047912,14,1,2,750,3,1,1,1.0,6,92063,M,,,92
201400047913,14,1,2,1138,1,1,1,1.0,4,92064,M,,,92
201400047914,14,1,5,1530,1,1,1,1.0,2,78118,M,,,78
201400047915,14,1,6,845,1,1,1,1.0,5,92012,M,,,92
201400047916,14,1,6,1130,1,1,1,1.0,2,78640,M,,,78
201400047917,14,1,7,915,1,1,1,1.0,7,92064,M,,,92
201400047918,14,1,7,1640,1,1,1,1.0,4,78646,M,,,78
201400047919,14,1,8,1915,3,1,1,2.0,4,78640,M,,,78
201400047920,14,1,9,809,3,1,1,8.0,3,92036,M,,,92
201400047921,14,1,9,905,1,1,1,1.0,4,78007,M,,,78
201400047922,14,1,10,810,2,1,1,1.0,4,92025,M,,,92
201400047923,14,1,12,548,3,1,1,5.0,2,92025,M,,,92
201400047924,14,1,14,900,5,1,1,1.0,2,92063,M,,,92
201400047925,14,1,14,830,1,1,1,1.0,2,78362,M,,,78
201400047926,14,1,14,947,1,1,1,2.0,5,92064,M,,,92
201400047927,14,1,14,1057,1,1,1,8.0,7,92047,M,,,92
201400047928,14,1,14,2055,3,1,1,1.0,2,78466,M,,,78
201400047929,14,1,15,850,1,1,1,1.0,5,78466,M,,,78
201400047930,14,1,16,755,3,1,1,3.0,2,78043,M,,,78
201400047931,14,1,17,1425,1,1,1,1.0,5,78118,M,,,78
201400047932,14,1,17,1850,4,1,1,1.0,2,78423,M,,,78
201400047933,14,1,20,758,1,1,1,1.0,5,78490,M,,,78
201400047934,14,1,20,1745,3,1,1,1.0,7,92025,M,,,92
201400047935,14,1,20,1845,3,1,1,1.0,2,78640,M,,,78
201400047936,14,1,20,2030,3,1,1,1.0,6,92047,M,,,92
201400047937,14,1,21,755,2,1,1,5.0,3,92036,M,,,92
201400047938,14,1,22,1330,1,1,1,2.0,3,78551,M,,,78
201400047939,14,1,24,930,1,1,1,2.0,7,78466,M,,,78
201400047940,14,1,24,1650,1,1,1,1.0,3,92051,M,,,92
201400047941,14,1,24,2305,3,1,1,1.0,2,78206,M,,,78
201400047942,14,1,26,2220,4,1,1,8.0,7,92036,M,,,92
201400047943,14,1,28,1330,1,1,1,8.0,2,92050,M,,,92
201400047944,14,1,30,21,3,1,1,1.0,2,78043,M,,,78
201400047945,14,1,31,1838,3,1,1,8.0,2,78073,M,,,78
201400047946,14,2,1,1230,1,1,1,1.0,7,78206,M,,,78
201400047947,14,2,1,1600,1,1,1,1.0,2,78402,M,,,78
201400047948,14,2,1,1735,1,1,1,1.0,4,92025,M,,,92
201400047949,14,2,4,845,1,1,1,1.0,3,92025,M,,,92
201400047950,14,2,4,846,1,1,1,1.0,5,78571,M,,,78
201400047951,14,2,5,1500,1,1,1,1.0,7,78007,M,,,78
201400047952,14,2,5,1518,1,1,1,1.0,2,78133,M,,,78
201400047953,14,2,6,920,1,1,1,1.0,2,78640,M,,,78
201400047954,14,2,8,1630,1,1,1,6.0,7,78466,M,,,78