Num_Acc,an,mois,jour,hrmn,lum,agg,int,atm,col,com,gps,lat,long,dep
201400047955,14,2,9,550,2,1,1,1.0,5,78217,M,,,78
201400047956,14,2,9,1200,1,1,1,1.0,5,78140,M,,,78
201400047957,14,2,12,645,3,1,4,1.0,7,78043,M,,,78
201400047958,14,2,12,905,1,1,1,1.0,5,78158,M,,,78
201400047959,14,2,13,1150,1,1,1,8.0,6,92072,M,,,92
201400047960,14,2,13,1830,3,1,1,2.0,6,78490,M,,,78
201400047961,14,2,14,1845,1,1,1,1.0,7,78029,M,,,78
201400047962,14,2,14,2000,3,1,1,1.0,3,92036,M,,,92
201400047963,14,2,16,705,3,1,1,1.0,5,78571,M,,,78
201400047964,14,2,17,2110,5,1,1,1.0,7,78029,M,,,78
201400047965,14,2,18,720,1,1,1,1.0,2,92072,M,,,92
201400047966,14,2,18,2105,5,1,1,1.0,6,78133,M,,,78
201400047967,14,2,20,850,1,1,1,2.0,2,78073,M,,,78
201400047968,14,2,20,1850,3,1,1,2.0,4,78640,M,,,78
201400047969,14,2,20,2348,3,1,1,2.0,6,92072,M,,,92
201400047970,14,2,21,705,3,1,1,2.0,6,92048,M,,,92
201400047971,14,2,21,1545,1,1,1,1.0,3,92064,M,,,92
201400047972,14,2,21,1950,4,1,1,1.0,3,92048,M,,,92
201400047973,14,2,24,2320,5,1,1,1.0,6,78646,M,,,78
201400047974,14,2,25,750,1,1,1,2.0,7,92025,M,,,92
201400047975,14,2,25,1220,1,1,1,1.0,5,92051,M,,,92
201400047976,14,2,26,1701,1,1,1,1.0,4,75116,M,,,75
201400047977,14,2,26,1720,1,1,1,1.0,4,92062,M,,,92
201400047978,14,2,26,2105,3,1,1,2.0,3,92036,M,,,92
201400047979,14,2,27,810,1,1,1,3.0,4,78672,M,,,78
201400047980,14,2,27,830,1,1,1,2.0,2,92047,M,,,92
201400047981,14,2,27,1610,1,1,1,1.0,7,78646,M,,,78
201400047982,14,2,28,955,1,1,1,2.0,7,92050,M,,,92
201400047983,14,2,28,1610,1,1,1,1.0,2,75116,M,,,75
201400047984,14,3,2,1935,4,1,1,1.0,2,75116,M,,,75
201400047985,14,3,4,657,2,1,1,1.0,3,78242,M,,,78
201400047986,14,3,5,930,1,1,1,1.0,5,92048,M,,,92
201400047987,14,3,5,900,1,1,1,1.0,5,78242,M,,,78
201400047988,14,3,5,1530,1,1,1,7.0,7,78640,M,,,78
201400047989,14,3,7,2020,3,1,1,1.0,2,78090,M,,,78
201400047990,14,3,8,1715,1,1,1,1.0,5,92064,M,,,92
201400047991,14,3,10,745,1,1,1,1.0,2,92047,M,,,92
201400047992,14,3,10,815,1,1,1,1.0,2,78423,M,,,78
201400047993,14,3,11,920,1,1,1,1.0,4,78418,M,,,78
201400047994,14,3,11,1640,5,1,1,1.0,7,92050,M,,,92
201400047995,14,3,11,2342,3,1,1,1.0,7,78545,M,,,78
201400047996,14,3,12,915,1,1,1,1.0,2,92050,M,,,92
201400047997,14,3,12,1520,1,1,1,1.0,7,92051,M,,,92
201400047998,14,3,13,930,1,1,1,1.0,5,92064,M,,,92
201400047999,14,3,13,1230,1,1,1,1.0,2,78073,M,,,78
201400048000,14,3,14,1830,1,1,1,1.0,3,78640,M,,,78
201400048001,14,3,14,2300,5,1,1,1.0,4,92064,M,,,92
201400048002,14,3,16,1200,1,1,1,1.0,6,78043,M,,,78
201400048003,14,3,16,1640,1,1,1,1.0,3,92064,M,,,92
201400048004,14,3,17,850,1,1,1,1.0,7,92064,M,,,92
201400048005,14,3,17,2100,3,1,1,1.0,2,92048,M,,,92
201400048006,14,3,19,829,1,1,1,1.0,1,78291,M,,,78
201400048007,14,3,19,1305,1,1,1,1.0,2,78640,M,,,78
201400048008,14,3,19,1835,1,1,1,1.0,3,92025,M,,,92
201400048009,14,3,20,720,1,1,1,7.0,7,78402,M,,,78
201400048010,14,3,20,825,1,1,1,1.0,3,92050,M,,,92
201400048011,14,3,20,1745,1,1,1,1.0,2,92050,M,,,92
201400048012,14,3,21,2310,3,1,1,1.0,7,78571,M,,,78
201400048013,14,3,21,2315,5,1,1,1.0,7,92050,M,,,92
201400048014,14,3,22,2340,3,1,1,1.0,2,78029,M,,,78
201400048015,14,3,23,32,4,1,1,1.0,6,78646,M,,,78
201400048016,14,3,23,1635,1,1,1,1.0,6,92050,M,,,92
201400048017,14,3,24,2120,3,1,1,1.0,6,78217,M,,,78
201400048018,14,3,24,2120,3,1,1,1.0,2,78217,M,,,78
201400048019,14,3,25,900,1,1,1,2.0,2,78524,M,,,78
201400048020,14,3,25,1128,1,1,1,2.0,5,92048,M,,,92
201400048021,14,3,25,1450,1,1,1,2.0,7,78242,M,,,78
201400048022,14,3,26,1615,1,1,1,8.0,3,78490,M,,,78
201400048023,14,3,26,1828,1,1,1,1.0,2,78233,M,,,78
201400048024,14,3,27,1854,1,1,1,1.0,2,78217,M,,,78
201400048025,14,3,28,805,1,1,1,1.0,3,78524,M,,,78
201400048026,14,3,28,900,1,1,1,1.0,2,92012,M,,,92
201400048027,14,3,28,928,1,1,1,1.0,4,92064,M,,,92
201400048028,14,3,28,1805,1,1,1,1.0,4,78140,M,,,78
201400048029,14,3,28,1830,1,1,1,1.0,3,78646,M,,,78
201400048030,14,3,31,150,3,1,1,1.0,5,78466,M,,,78
201400048031,14,3,31,1520,1,1,1,1.0,2,92004,M,,,92
201400048032,14,4,1,740,1,1,1,1.0,2,92047,M,,,92
201400048033,14,4,1,1912,1,1,1,1.0,5,78043,M,,,78
201400048034,14,4,2,1944,1,1,1,1.0,5,92004,M,,,92
201400048035,14,4,2,750,1,1,9,1.0,2,92050,M,,,92
201400048036,14,4,2,804,1,1,1,1.0,5,92051,M,,,92
201400048037,14,4,2,1750,1,1,1,1.0,7,92072,M,,,92
201400048038,14,4,4,925,1,1,1,1.0,2,92047,M,,,92
201400048039,14,4,5,1405,1,1,1,1.0,5,92047,M,,,92
201400048040,14,4,7,715,2,1,1,5.0,2,78133,M,,,78
201400048041,14,4,7,725,1,1,1,1.0,2,92036,M,,,92
201400048042,14,4,7,740,1,1,1,1.0,2,92036,M,,,92
201400048043,14,4,7,810,1,1,1,1.0,2,78431,M,,,78
201400048044,14,4,7,900,1,1,1,1.0,6,92072,M,,,92
201400048045,14,4,8,1202,1,1,1,1.0,5,92025,M,,,92
201400048046,14,4,9,820,1,1,1,1.0,3,92062,M,,,92
201400048047,14,4,9,2120,4,1,1,1.0,6,78043,M,,,78
201400048048,14,4,10,935,1,1,1,1.0,3,92036,M,,,92
201400048049,14,4,11,1430,1,1,1,1.0,3,78217,M,,,78
201400048050,14,4,11,1620,1,1,1,1.0,1,92072,M,,,92
201400048051,14,4,11,1815,1,1,1,1.0,2,92064,M,,,92
201400048052,14,4,11,1815,1,1,1,1.0,5,92064,M,,,92
201400048053,14,4,12,1330,1,1,1,1.0,6,78545,M,,,78
201400048054,14,4,12,1452,1,1,1,1.0,5,78455,M,,,78
201400048055,14,4,12,1800,1,1,1,1.0,7,78133,M,,,78
201400048056,14,4,12,2212,3,1,1,1.0,2,78646,M,,,78
201400048057,14,4,13,1856,1,1,1,1.0,6,78126,M,,,78
201400048058,14,4,13,2110,3,1,1,1.0,6,92060,M,,,92
201400048059,14,4,14,1930,1,1,1,1.0,2,92062,M,,,92
201400048060,14,4,15,805,1,1,1,1.0,4,78208,M,,,78
201400048061,14,4,15,1627,1,1,1,7.0,5,78073,M,,,78
201400048062,14,4,15,2022,1,1,1,1.0,5,92036,M,,,92
201400048063,14,4,16,2225,4,1,1,1.0,2,78233,M,,,78
201400048064,14,4,16,954,1,1,1,1.0,6,78490,M,,,78
201400048065,14,4,16,1730,1,1,1,1.0,5,92036,M,,,92
201400048066,14,4,18,1220,1,1,1,1.0,6,78402,M,,,78
201400048067,14,4,19,2040,1,1,1,1.0,6,78466,M,,,78
201400048068,14,4,21,2314,3,1,1,1.0,2,78640,M,,,78
201400048069,14,4,22,1315,1,1,1,1.0,7,78640,M,,,78
201400048070,14,4,24,1900,1,1,1,1.0,2,78297,M,,,78
201400048071,14,4,25,1715,5,1,1,1.0,2,92050,M,,,92
201400048072,14,4,25,1755,1,1,1,1.0,4,78073,M,,,78
201400048073,14,4,26,1110,1,1,1,2.0,7,78498,M,,,78
201400048074,14,4,26,1225,1,1,1,2.0,6,78423,M,,,78
201400048075,14,4,26,1443,1,1,1,2.0,6,78126,M,,,78
201400048076,14,4,27,610,5,1,1,2.0,2,92050,M,,,92
201400048077,14,4,27,702,1,1,1,1.0,6,92025,M,,,92
201400048078,14,4,27,725,2,1,1,2.0,6,78423,M,,,78
201400048079,14,4,27,1600,1,1,1,1.0,6,78640,M,,,78
201400048080,14,4,29,545,2,1,1,1.0,2,92050,M,,,92
201400048081,14,4,29,1904,1,1,1,2.0,2,78646,M,,,78
201400048082,14,4,29,2000,2,1,1,2.0,4,92036,M,,,92
201400048083,14,4,30,1418,1,1,1,1.0,5,78423,M,,,78
201400048084,14,4,30,1751,1,1,1,1.0,4,92036,M,,,92
201400048085,14,4,30,2030,2,1,1,1.0,2,92051,M,,,92
201400048086,14,5,1,100,1,1,1,1.0,6,78466,M,,,78
201400048087,14,5,1,1215,5,1,1,2.0,7,92064,M,,,92
201400048088,14,5,1,1307,1,1,1,2.0,6,78362,M,,,78
201400048089,14,5,2,2019,3,1,1,2.0,6,92050,M,,,92
201400048090,14,5,2,810,1,1,1,1.0,7,78545,M,,,78
201400048091,14,5,3,1500,1,1,1,1.0,2,92025,M,,,92
201400048092,14,5,3,2028,1,1,1,1.0,6,78431,M,,,78
201400048093,14,5,3,2040,1,1,1,1.0,6,78297,M,,,78
201400048094,14,5,4,2000,1,1,1,1.0,7,78124,M,,,78
201400048095,14,5,5,435,3,1,1,1.0,2,78090,M,,,78
201400048096,14,5,5,757,1,1,1,1.0,5,78043,M,,,78
201400048097,14,5,5,1636,1,1,1,1.0,2,92025,M,,,92
201400048098,14,5,6,738,1,1,1,1.0,3,78524,M,,,78
201400048099,14,5,6,950,1,1,1,1.0,2,78423,M,,,78
201400048100,14,5,7,800,1,1,1,8.0,7,78238,M,,,78
201400048101,14,5,7,1505,1,1,1,2.0,4,78362,M,,,78
201400048102,14,5,7,1726,1,1,1,1.0,3,78640,M,,,78
201400048103,14,5,9,850,1,1,1,1.0,7,78423,M,,,78
201400048104,14,5,9,1025,1,1,1,1.0,4,78466,M,,,78
201400048105,14,5,9,1225,1,1,1,1.0,6,92062,M,,,92
201400048106,14,5,9,1405,1,1,1,1.0,7,92050,M,,,92
201400048107,14,5,12,1915,1,1,1,1.0,4,78640,M,,,78
201400048108,14,5,12,820,1,1,1,1.0,2,92062,M,,,92
201400048109,14,5,12,1645,1,1,1,2.0,5,92025,M,,,92
201400048110,14,5,13,750,1,1,9,1.0,4,78208,M,,,78
201400048111,14,5,14,1920,1,1,1,1.0,5,92050,M,,,92
201400048112,14,5,14,1900,1,1,1,1.0,2,78646,M,,,78
201400048113,14,5,15,1620,1,1,1,1.0,2,92064,M,,,92
201400048114,14,5,15,1658,1,1,1,1.0,2,92025,M,,,92
201400048115,14,5,15,1906,1,1,1,1.0,5,78133,M,,,78
201400048116,14,5,15,2000,1,1,1,1.0,5,78133,M,,,78
201400048117,14,5,16,552,2,1,1,1.0,2,78206,M,,,78
201400048118,14,5,16,2100,1,1,1,1.0,6,78466,M,,,78
201400048119,14,5,18,905,1,1,1,1.0,6,78646,M,,,78
201400048120,14,5,19,915,1,1,1,1.0,2,78640,M,,,78
201400048121,14,5,19,950,1,1,1,1.0,3,78242,M,,,78
201400048122,14,5,19,1805,1,1,1,1.0,7,92025,M,,,92
201400048123,14,5,20,910,1,1,1,1.0,2,92036,M,,,92
201400048124,14,5,21,1420,1,1,1,2.0,4,78297,M,,,78
201400048125,14,5,21,1830,1,1,9,2.0,5,78140,M,,,78
201400048126,14,5,21,2020,1,1,1,3.0,2,92064,M,,,92
201400048127,14,5,23,402,3,1,1,1.0,2,92048,M,,,92
201400048128,14,5,15,100,1,1,1,1.0,6,92012,M,,,92
201400048129,14,5,23,757,1,1,1,1.0,2,78490,M,,,78
201400048130,14,5,24,1530,1,1,1,2.0,2,78140,M,,,78
201400048131,14,5,25,1640,1,1,1,1.0,2,92036,M,,,92
201400048132,14,5,26,1410,1,1,1,1.0,2,92050,M,,,92
201400048133,14,5,27,735,1,1,1,1.0,3,78490,M,,,78
201400048134,14,5,28,913,1,1,1,1.0,4,92050,M,,,92
201400048135,14,5,28,1900,1,1,1,2.0,7,78466,M,,,78
201400048136,14,5,29,1930,1,1,1,2.0,5,78206,M,,,78
201400048137,14,5,28,2030,1,1,1,3.0,5,78233,M,,,78
201400048138,14,5,30,1630,1,1,1,1.0,2,92036,M,,,92
201400048139,14,6,2,455,3,1,1,8.0,6,78140,M,,,78
201400048140,14,6,2,730,1,1,1,1.0,3,92048,M,,,92
201400048141,14,6,2,846,1,1,1,1.0,7,78043,M,,,78
201400048142,14,6,2,1825,1,1,1,1.0,6,92050,M,,,92
201400048143,14,6,3,815,1,1,1,1.0,6,78466,M,,,78
201400048144,14,6,3,1645,1,1,1,1.0,6,92072,M,,,92
201400048145,14,6,6,900,1,1,1,1.0,2,78423,M,,,78
201400048146,14,6,6,941,1,1,1,1.0,5,92064,M,,,92
201400048147,14,6,7,715,1,1,1,1.0,2,92050,M,,,92
201400048148,14,6,10,2130,1,1,1,1.0,2,75116,M,,,75
201400048149,14,6,12,640,1,1,1,1.0,6,92047,M,,,92
201400048150,14,6,12,900,1,1,1,1.0,2,92036,M,,,92
201400048151,14,6,13,645,1,1,1,1.0,2,78073,M,,,78
201400048152,14,6,14,1726,1,1,1,1.0,6,78117,M,,,78
201400048153,14,6,15,1825,1,1,1,1.0,2,92050,M,,,92
201400048154,14,6,16,1801,1,1,1,1.0,4,78455,M,,,78
201400048155,14,6,17,600,1,1,9,1.0,3,78029,M,,,78
201400048156,14,6,17,815,1,1,1,8.0,2,78140,M,,,78
201400048157,14,6,17,1708,1,1,1,1.0,3,78117,M,,,78
201400048158,14,6,17,2355,5,1,1,1.0,2,92004,M,,,92
201400048159,14,6,18,1234,1,1,1,1.0,7,78498,M,,,78
201400048160,14,6,19,1850,1,1,1,1.0,7,92025,M,,,92
201400048161,14,6,19,1955,1,1,1,1.0,2,92036,M,,,92
201400048162,14,6,20,1853,1,1,1,1.0,5,78466,M,,,78
201400048163,14,6,20,2040,2,1,1,7.0,2,78090,M,,,78
201400048164,14,6,21,2030,1,1,9,1.0,7,78090,M,,,78
201400048165,14,6,23,715,1,1,1,1.0,2,78466,M,,,78
201400048166,14,6,23,750,1,1,1,1.0,3,92050,M,,,92
201400048167,14,6,23,805,1,1,1,1.0,2,78672,M,,,78
201400048168,14,6,24,940,1,1,1,1.0,4,92064,M,,,92
201400048169,14,6,24,1500,1,1,1,1.0,2,92050,M,,,92
201400048170,14,6,24,1925,1,1,1,1.0,5,78322,M,,,78
201400048171,14,6,24,1030,1,1,1,1.0,6,92048,M,,,92
201400048172,14,6,25,1944,1,1,1,1.0,3,92047,M,,,92
201400048173,14,6,26,750,1,1,1,1.0,3,92076,M,,,92
201400048174,14,6,26,1030,1,1,1,1.0,2,78402,M,,,78
201400048175,14,6,26,2145,5,1,1,9.0,6,92062,M,,,92
201400048176,14,6,22,1906,1,1,1,1.0,7,78322,M,,,78
201400048177,14,6,27,1830,1,1,1,1.0,7,78133,M,,,78
201400048178,14,6,28,535,2,1,1,1.0,2,78090,M,,,78
201400048179,14,6,28,1550,1,1,1,2.0,3,78206,M,,,78
201400048180,14,6,28,1840,1,1,1,2.0,6,78402,M,,,78
201400048181,14,6,29,510,4,1,1,3.0,7,92050,M,,,92
201400048182,14,6,29,815,2,1,1,8.0,6,92050,M,,,92
201400048183,14,6,29,1240,1,1,1,2.0,7,75116,M,,,75
201400048184,14,7,1,110,3,1,1,1.0,3,78640,M,,,78
201400048185,14,7,2,1850,1,1,1,1.0,3,78640,M,,,78
201400048186,14,7,3,800,1,1,1,1.0,3,92050,M,,,92
201400048187,14,7,3,1054,1,1,1,1.0,4,92062,M,,,92
201400048188,14,7,4,512,2,1,1,1.0,6,78140,M,,,78
201400048189,14,7,4,910,1,1,1,1.0,3,92036,M,,,92
201400048190,14,7,6,815,1,1,1,1.0,6,78362,M,,,78
201400048191,14,7,6,1229,1,1,1,2.0,6,92048,M,,,92
201400048192,14,7,6,1315,1,1,1,3.0,7,92050,M,,,92
201400048193,14,7,6,1720,1,1,1,8.0,2,78640,M,,,78
201400048194,14,7,8,2045,1,1,1,2.0,6,78029,M,,,78
201400048195,14,7,9,1156,1,1,1,1.0,4,92025,M,,,92
201400048196,14,7,9,1720,1,1,1,2.0,7,78297,M,,,78
201400048197,14,7,10,1,5,1,1,9.0,6,92026,M,,,92
201400048198,14,7,11,1820,1,1,1,1.0,3,78133,M,,,78
201400048199,14,7,13,1535,1,1,1,2.0,5,78640,M,,,78
201400048200,14,7,13,1658,1,1,1,3.0,6,92050,M,,,92
201400048201,14,7,13,1855,1,1,1,3.0,6,78640,M,,,78
201400048202,14,7,14,2140,1,1,1,2.0,6,92063,M,,,92
201400048203,14,7,16,2207,5,1,1,1.0,7,78133,M,,,78
201400048204,14,7,16,305,3,1,1,1.0,6,78646,M,,,78
201400048205,14,7,11,1410,1,1,9,1.0,3,92050,M,,,92
201400048206,14,7,16,901,1,1,1,1.0,4,78242,M,,,78
201400048207,14,7,16,1005,1,1,1,1.0,4,92050,M,,,92
201400048208,14,7,17,1353,1,1,1,1.0,2,78043,M,,,78
201400048209,14,7,17,1819,1,1,1,1.0,2,78117,M,,,78
201400048210,14,7,18,915,1,1,1,1.0,4,78545,M,,,78
201400048211,14,7,18,1145,1,1,1,1.0,5,78362,M,,,78
201400048212,14,7,20,520,3,1,1,3.0,3,78029,M,,,78
201400048213,14,7,22,1255,1,1,1,1.0,7,78117,M,,,78
201400048214,14,7,23,810,1,1,1,1.0,5,92025,M,,,92
201400048215,14,7,27,1900,1,1,1,8.0,7,92063,M,,,92
201400048216,14,7,28,1645,1,1,1,1.0,3,78466,M,,,78
201400048217,14,7,29,930,1,1,1,8.0,5,78158,M,,,78
201400048218,14,7,30,1630,1,1,1,1.0,4,92047,M,,,92
201400048219,14,7,30,2000,1,1,1,1.0,5,92064,M,,,92
201400048220,14,7,31,1822,1,1,1,1.0,3,78043,M,,,78
201400048221,14,7,31,2000,1,1,1,1.0,2,78217,M,,,78
201400048222,14,8,1,1706,1,1,1,1.0,7,92050,M,,,92
201400048223,14,8,3,952,1,1,1,1.0,2,78571,M,,,78
201400048224,14,8,3,1000,1,1,1,1.0,2,78571,M,,,78
201400048225,14,8,5,1822,1,1,9,1.0,7,92036,M,,,92
201400048226,14,8,6,735,1,1,1,2.0,6,92026,M,,,92
201400048227,14,8,6,1140,1,1,1,3.0,7,78140,M,,,78
201400048228,14,8,6,1535,1,1,1,2.0,6,78423,M,,,78
201400048229,14,8,7,1140,1,1,1,1.0,5,78362,M,,,78
201400048230,14,8,7,2330,3,1,1,1.0,7,78490,M,,,78
201400048231,14,8,11,2040,1,1,1,1.0,6,78423,M,,,78
201400048232,14,8,12,1915,1,1,1,2.0,3,78043,M,,,78
201400048233,14,8,13,1710,1,1,1,1.0,7,78466,M,,,78
201400048234,14,8,14,740,1,1,1,1.0,7,92051,M,,,92
201400048235,14,8,14,1335,1,1,1,1.0,6,78423,M,,,78
201400048236,14,8,14,1745,1,1,1,8.0,7,78140,M,,,78
201400048237,14,8,16,950,1,1,1,1.0,7,78524,M,,,78
201400048238,14,8,17,2125,3,1,1,1.0,6,92051,M,,,92
201400048239,14,8,18,1115,1,1,1,1.0,6,78206,M,,,78
201400048240,14,8,20,1700,1,1,1,1.0,7,78545,M,,,78
201400048241,14,8,22,234,3,1,1,1.0,6,78640,M,,,78
201400048242,14,8,23,950,1,1,1,1.0,6,92050,M,,,92
201400048243,14,8,25,1650,1,1,1,2.0,7,92036,M,,,92
201400048244,14,8,28,1940,1,1,1,1.0,2,92050,M,,,92
201400048245,14,9,1,935,1,1,1,1.0,6,75116,M,,,75
201400048246,14,9,1,1820,1,1,1,1.0,5,78455,M,,,78
201400048247,14,9,2,900,1,1,1,1.0,4,92064,M,,,92
201400048248,14,9,3,1730,1,1,1,1.0,6,92050,M,,,92
201400048249,14,9,6,1050,1,1,1,1.0,2,78423,M,,,78
201400048250,14,9,6,1200,1,1,1,1.0,2,92064,M,,,92
201400048251,14,9,8,154,4,1,1,1.0,6,78545,M,,,78
201400048252,14,9,8,1310,1,1,1,1.0,6,92050,M,,,92
201400048253,14,9,9,830,1,1,1,1.0,5,92036,M,,,92
201400048254,14,9,9,925,1,1,1,1.0,7,78043,M,,,78
201400048255,14,9,9,1550,1,1,1,1.0,3,92025,M,,,92
201400048256,14,9,9,1637,1,1,1,1.0,7,92050,M,,,92
201400048257,14,9,9,1755,1,1,1,1.0,7,78140,M,,,78
201400048258,14,9,9,1742,1,1,1,1.0,5,92060,M,,,92
201400048259,14,9,9,1854,1,1,1,1.0,2,92025,M,,,92
201400048260,14,9,10,825,1,1,1,1.0,3,92048,M,,,92
201400048261,14,9,10,1320,1,1,1,1.0,2,92072,M,,,92
201400048262,14,9,11,1755,1,1,1,1.0,5,92050,M,,,92
201400048263,14,9,11,1820,1,1,1,1.0,2,78431,M,,,78
201400048264,14,9,11,1935,1,1,1,1.0,2,92025,M,,,92
201400048265,14,9,12,800,1,1,1,1.0,2,92062,M,,,92
201400048266,14,9,12,1859,1,1,1,1.0,2,92036,M,,,92
201400048267,14,9,13,1100,1,1,1,1.0,3,78165,M,,,78
201400048268,14,9,13,1430,1,1,1,1.0,2,92025,M,,,92
201400048269,14,9,13,1610,1,1,1,1.0,2,78431,M,,,78
201400048270,14,9,13,2130,3,1,1,1.0,6,78402,M,,,78
201400048271,14,9,14,410,3,1,1,1.0,6,78498,M,,,78
201400048272,14,9,16,955,1,1,1,1.0,3,78640,M,,,78
201400048273,14,9,16,2120,3,1,1,1.0,5,78217,M,,,78
201400048274,14,9,17,1445,1,1,1,1.0,6,92063,M,,,92
201400048275,14,9,18,210,5,1,1,1.0,2,78431,M,,,78
201400048276,14,9,18,1850,1,1,1,1.0,5,92064,M,,,92
201400048277,14,9,21,617,3,1,1,2.0,6,92025,M,,,92
201400048278,14,9,21,950,1,1,1,3.0,6,78490,M,,,78
201400048279,14,9,21,1240,1,1,1,8.0,4,78640,M,,,78
201400048280,14,9,21,1425,1,1,1,8.0,6,92064,M,,,92
201400048281,14,9,21,1820,1,1,1,1.0,2,78291,M,,,78
201400048282,14,9,21,1934,2,1,1,1.0,2,78640,M,,,78
201400048283,14,9,22,845,1,1,1,1.0,6,78402,M,,,78
201400048284,14,9,22,845,1,1,1,1.0,4,92063,M,,,92
201400048285,14,9,22,840,1,1,1,1.0,3,92036,M,,,92
201400048286,14,9,22,845,1,1,1,1.0,1,78117,M,,,78
201400048287,14,9,22,1052,1,1,1,1.0,4,92050,M,,,92
201400048288,14,9,22,1710,1,1,1,1.0,2,92047,M,,,92
201400048289,14,9,23,830,1,1,1,1.0,6,78043,M,,,78
201400048290,14,9,23,1023,1,1,1,1.0,2,78126,M,,,78
201400048291,14,9,24,652,1,1,1,1.0,3,78524,M,,,78
201400048292,14,9,24,1100,1,1,1,1.0,3,78545,M,,,78
201400048293,14,9,24,1750,1,1,1,1.0,4,78073,M,,,78
201400048294,14,9,24,1755,1,1,1,2.0,5,78073,M,,,78
201400048295,14,9,24,2215,5,1,1,2.0,6,92050,M,,,92
201400048296,14,9,26,955,1,1,1,1.0,3,78646,M,,,78
201400048297,14,9,26,1717,1,1,1,1.0,7,78646,M,,,78
201400048298,14,9,26,1945,5,1,1,1.0,2,92026,M,,,92
201400048299,14,9,27,1011,1,1,1,1.0,4,78043,M,,,78
201400048300,14,9,27,1551,1,1,1,1.0,5,92036,M,,,92
201400048301,14,9,27,1823,1,1,1,1.0,6,78646,M,,,78
201400048302,14,9,28,1713,1,1,1,1.0,2,78043,M,,,78
201400048303,14,9,28,1930,5,1,1,1.0,6,92050,M,,,92
201400048304,14,9,29,830,1,1,1,3.0,2,78423,M,,,78
201400048305,14,9,29,840,1,1,1,3.0,6,78043,M,,,78
201400048306,14,9,30,708,1,1,1,1.0,2,78073,M,,,78
201400048307,14,9,30,800,1,1,1,1.0,3,92050,M,,,92
201400048308,14,9,30,1535,1,1,9,1.0,3,78640,M,,,78
201400048309,14,9,30,1700,1,1,1,1.0,7,92050,M,,,92
201400048310,14,10,2,930,1,1,1,1.0,2,92050,M,,,92
201400048311,14,10,2,920,1,1,1,1.0,3,92012,M,,,92
201400048312,14,10,2,1024,1,1,1,1.0,5,92047,M,,,92
201400048313,14,10,3,1800,1,1,1,1.0,4,92050,M,,,92
201400048314,14,10,5,1811,1,1,1,1.0,2,92036,M,,,92
201400048315,14,10,7,850,1,1,1,8.0,7,78640,M,,,78
201400048316,14,10,7,950,1,1,1,8.0,2,78640,M,,,78
201400048317,14,10,7,920,1,1,1,1.0,7,92036,M,,,92
201400048318,14,10,7,2030,5,1,1,1.0,7,78133,M,,,78
201400048319,14,10,9,755,2,1,1,8.0,3,78490,M,,,78
201400048320,14,10,9,2150,5,1,9,1.0,7,92064,M,,,92
201400048321,14,10,10,1850,3,1,1,1.0,3,92063,M,,,92
201400048322,14,10,11,745,2,1,1,3.0,7,92048,M,,,92
201400048323,14,10,11,1610,1,1,1,1.0,7,78140,M,,,78
201400048324,14,10,11,1746,1,1,1,1.0,7,78043,M,,,78
201400048325,14,10,11,2249,3,1,1,1.0,7,78322,M,,,78
201400048326,14,10,12,2343,3,1,1,8.0,7,78165,M,,,78
201400048327,14,10,13,841,1,1,1,1.0,3,92036,M,,,92
201400048328,14,10,13,858,5,1,1,1.0,2,92062,M,,,92
201400048329,14,10,14,1230,1,1,1,2.0,7,92050,M,,,92
201400048330,14,10,14,1340,1,1,1,1.0,2,78073,M,,,78
201400048331,14,10,15,1350,1,1,1,2.0,6,92064,M,,,92
201400048332,14,10,15,1330,1,1,1,1.0,2,92064,M,,,92
201400048333,14,10,15,1900,1,1,1,1.0,2,78640,M,,,78
201400048334,14,10,16,725,2,1,1,1.0,4,78291,M,,,78
201400048335,14,10,16,1804,1,1,1,1.0,3,92026,M,,,92
201400048336,14,10,17,850,1,1,1,1.0,3,78524,M,,,78
201400048337,14,10,18,1,3,1,1,1.0,3,78206,M,,,78
201400048338,14,10,18,157,3,1,1,1.0,4,92036,M,,,92
201400048339,14,10,18,1315,1,1,1,1.0,3,78640,M,,,78
201400048340,14,10,20,918,1,1,1,1.0,2,92050,M,,,92
201400048341,14,10,21,854,1,1,1,1.0,3,92025,M,,,92
201400048342,14,10,22,935,1,1,1,1.0,2,78423,M,,,78
201400048343,14,10,22,1710,1,1,1,1.0,6,92050,M,,,92
201400048344,14,10,22,1950,4,1,1,1.0,7,78646,M,,,78
201400048345,14,10,23,830,2,1,1,1.0,6,92050,M,,,92
201400048346,14,10,23,850,2,1,1,1.0,2,78640,M,,,78
201400048347,14,10,23,1530,1,1,1,1.0,7,78646,M,,,78
201400048348,14,10,23,2035,5,1,1,1.0,5,92025,M,,,92
201400048349,14,10,24,1550,1,1,1,1.0,2,78640,M,,,78
201400048350,14,10,25,845,1,1,1,1.0,7,92050,M,,,92
201400048351,14,10,25,1055,1,1,1,2.0,7,78640,M,,,78
201400048352,14,10,25,1120,1,1,1,2.0,2,78640,M,,,78
201400048353,14,10,26,30,4,1,1,1.0,6,78140,M,,,78
201400048354,14,10,26,1530,1,1,1,1.0,2,92064,M,,,92
201400048355,14,10,26,2150,3,1,1,1.0,6,78402,M,,,78
201400048356,14,10,27,1948,3,1,1,1.0,4,78640,M,,,78
201400048357,14,10,27,2040,3,1,1,1.0,2,92023,M,,,92
201400048358,14,10,21,1235,1,1,1,1.0,7,92051,M,,,92
201400048359,14,10,29,843,1,1,1,1.0,7,78291,M,,,78
201400048360,14,10,29,850,1,1,1,1.0,4,78545,M,,,78
201400048361,14,10,29,900,1,1,1,8.0,3,78423,M,,,78
201400048362,14,10,29,940,1,1,1,1.0,5,78043,M,,,78
201400048363,14,10,30,735,1,1,1,1.0,5,78466,M,,,78