Num_Acc,an,mois,jour,hrmn,lum,agg,int,atm,col,com,gps,lat,long,dep
201400048364,14,10,31,1410,1,1,1,1.0,3,78431,M,,,78
201400048365,14,11,1,250,3,1,1,1.0,5,78133,M,,,78
201400048366,14,11,1,835,1,1,1,1.0,6,78640,M,,,78
201400048367,14,11,1,1040,1,1,1,1.0,5,78118,M,,,78
201400048368,14,11,1,2100,3,1,1,1.0,3,78206,M,,,78
201400048369,14,11,2,1135,1,1,1,1.0,4,78423,M,,,78
201400048370,14,11,3,335,5,1,1,1.0,1,92064,M,,,92
201400048371,14,11,3,515,3,1,1,8.0,1,92047,M,,,92
201400048372,14,11,3,604,3,1,1,8.0,7,78043,M,,,78
201400048373,14,11,4,740,1,1,1,1.0,6,75116,M,,,75
201400048374,14,11,4,1755,2,1,1,1.0,2,92050,M,,,92
201400048375,14,11,5,800,2,1,1,1.0,5,78297,M,,,78
201400048376,14,11,5,840,1,1,1,1.0,7,78073,M,,,78
201400048377,14,11,5,2345,5,1,1,1.0,3,92050,M,,,92
201400048378,14,11,7,2205,5,1,1,1.0,2,92064,M,,,92
201400048379,14,11,8,1605,1,1,1,1.0,7,92072,M,,,92
201400048380,14,11,10,902,1,1,1,1.0,2,92062,M,,,92
201400048381,14,11,12,640,3,1,1,1.0,3,92051,M,,,92
201400048382,14,11,14,2345,3,1,1,1.0,3,92051,M,,,92
201400048383,14,11,14,710,3,1,1,1.0,3,92025,M,,,92
201400048384,14,11,14,1140,1,1,1,2.0,6,92051,M,,,92
201400048385,14,11,14,1502,1,1,1,2.0,6,92072,M,,,92
201400048386,14,11,15,827,1,1,1,8.0,6,78029,M,,,78
201400048387,14,11,15,1519,1,1,1,1.0,6,78431,M,,,78
201400048388,14,11,16,1745,3,1,1,2.0,5,78640,M,,,78
201400048389,14,11,16,1800,3,1,1,2.0,7,92051,M,,,92
201400048390,14,11,16,2100,5,1,1,2.0,6,92063,M,,,92
201400048391,14,11,17,145,4,1,1,2.0,6,78297,M,,,78
201400048392,14,11,17,1810,5,1,1,2.0,7,92050,M,,,92
201400048393,14,11,18,807,1,1,1,2.0,7,92048,M,,,92
201400048394,14,11,18,825,3,1,1,1.0,3,78545,M,,,78
201400048395,14,11,18,950,1,1,1,2.0,3,78545,M,,,78
201400048396,14,11,18,1300,1,1,1,8.0,7,78640,M,,,78
201400048397,14,11,18,1540,1,1,1,8.0,4,78646,M,,,78
201400048398,14,11,18,1610,1,1,1,8.0,4,92025,M,,,92
201400048399,14,11,18,2045,4,1,1,2.0,7,92047,M,,,92
201400048400,14,11,19,800,1,1,1,1.0,3,92050,M,,,92
201400048401,14,11,19,815,1,1,1,5.0,6,78423,M,,,78
201400048402,14,11,19,1725,3,1,1,1.0,6,78423,M,,,78
201400048403,14,11,20,615,5,1,1,1.0,3,92050,M,,,92
201400048404,14,11,20,650,5,1,1,8.0,4,92050,M,,,92
201400048405,14,11,20,720,2,1,1,8.0,2,92050,M,,,92
201400048406,14,11,20,1652,2,1,1,8.0,7,92060,M,,,92
201400048407,14,11,20,1707,3,1,1,2.0,2,78242,M,,,78
201400048408,14,11,21,125,4,1,1,1.0,7,78423,M,,,78
201400048409,14,11,21,1740,3,1,1,1.0,3,78646,M,,,78
201400048410,14,11,22,1436,1,1,1,1.0,2,92026,M,,,92
201400048411,14,11,23,1800,3,1,1,1.0,2,78291,M,,,78
201400048412,14,11,24,808,1,1,1,2.0,5,78133,M,,,78
201400048413,14,11,24,940,1,1,1,8.0,2,78233,M,,,78
201400048414,14,11,25,840,1,1,1,1.0,7,92050,M,,,92
201400048415,14,11,25,935,1,1,1,8.0,6,92050,M,,,92
201400048416,14,11,26,1740,3,1,1,2.0,6,92025,M,,,92
201400048417,14,11,27,1836,3,1,1,1.0,7,78297,M,,,78
201400048418,14,11,27,2011,3,1,1,1.0,2,78158,M,,,78
201400048419,14,11,28,939,1,1,1,1.0,7,78640,M,,,78
201400048420,14,11,28,1710,2,1,1,1.0,3,92025,M,,,92
201400048421,14,11,28,1748,3,1,1,2.0,6,92063,M,,,92
201400048422,14,11,28,1740,3,1,1,2.0,7,78043,M,,,78
201400048423,14,11,28,1935,3,1,1,1.0,3,92025,M,,,92
201400048424,14,11,30,645,2,1,1,1.0,2,92062,M,,,92
201400048425,14,11,30,1300,1,1,1,5.0,6,78217,M,,,78
201400048426,14,12,2,820,1,1,1,8.0,2,92025,M,,,92
201400048427,14,12,3,10,3,1,1,2.0,6,92036,M,,,92
201400048428,14,12,3,845,1,1,1,5.0,3,78640,M,,,78
201400048429,14,12,3,935,1,1,1,4.0,5,92047,M,,,92
201400048430,14,12,4,950,1,1,1,1.0,3,78117,M,,,78
201400048431,14,12,4,2123,3,1,1,1.0,6,78455,M,,,78
201400048432,14,12,5,2009,3,1,1,2.0,4,92064,M,,,92
201400048433,14,12,6,345,5,1,1,1.0,6,92063,M,,,92
201400048434,14,12,7,1510,1,1,1,2.0,2,78090,M,,,78
201400048435,14,12,8,1018,1,1,1,2.0,2,92036,M,,,92
201400048436,14,12,8,1730,5,1,1,2.0,5,92048,M,,,92
201400048437,14,12,8,1942,5,1,1,1.0,5,92060,M,,,92
201400048438,14,12,9,2345,3,1,1,8.0,6,78466,M,,,78
201400048439,14,12,9,830,1,1,1,1.0,2,92050,M,,,92
201400048440,14,12,10,900,1,1,1,2.0,3,78322,M,,,78
201400048441,14,12,10,950,1,1,1,2.0,7,92048,M,,,92
201400048442,14,12,11,1440,1,1,1,1.0,2,92050,M,,,92
201400048443,14,12,12,1415,1,1,1,2.0,2,92036,M,,,92
201400048444,14,12,12,1738,3,1,1,3.0,4,78431,M,,,78
201400048445,14,12,13,635,3,1,1,3.0,6,78217,M,,,78
201400048446,14,12,13,930,1,1,1,3.0,6,78498,M,,,78
201400048447,14,12,13,1319,1,1,1,2.0,2,92036,M,,,92
201400048448,14,12,14,2340,3,1,1,1.0,6,78291,M,,,78
201400048449,14,12,14,10,3,1,1,8.0,7,78640,M,,,78
201400048450,14,12,14,828,1,1,1,5.0,6,92025,M,,,92
201400048451,14,12,14,1519,1,1,1,8.0,6,92063,M,,,92
201400048452,14,12,14,2044,5,1,1,1.0,2,92062,M,,,92
201400048453,14,12,15,740,5,1,1,2.0,5,78291,M,,,78
201400048454,14,12,15,931,1,1,1,2.0,3,92064,M,,,92
201400048455,14,12,16,1655,1,1,1,1.0,6,78206,M,,,78
201400048456,14,12,17,845,1,1,1,3.0,7,78043,M,,,78
201400048457,14,12,17,900,1,1,1,2.0,7,78640,M,,,78
201400048458,14,12,17,1810,3,1,1,2.0,2,78291,M,,,78
201400048459,14,12,17,2050,5,1,1,2.0,7,92064,M,,,92
201400048460,14,12,18,20,4,1,1,2.0,6,78431,M,,,78
201400048461,14,12,19,1000,1,1,1,2.0,4,92072,M,,,92
201400048462,14,12,19,2020,3,1,1,1.0,6,78402,M,,,78
201400048463,14,12,20,1415,1,1,1,1.0,7,78571,M,,,78
201400048464,14,12,21,1454,1,1,1,1.0,2,92064,M,,,92
201400048465,14,12,21,1905,3,1,1,1.0,3,78238,M,,,78
201400048466,14,12,22,1800,5,1,1,1.0,3,92012,M,,,92
201400048467,14,12,23,1831,3,1,1,2.0,4,78402,M,,,78
201400048468,14,12,23,1906,5,1,1,2.0,5,92048,M,,,92
201400048469,14,12,23,1945,3,1,1,1.0,2,78133,M,,,78
201400048470,14,12,24,1813,4,1,1,2.0,5,78007,M,,,78
201400048471,14,12,24,1955,3,1,1,1.0,6,78133,M,,,78
201400048472,14,12,26,510,3,1,1,8.0,2,78571,M,,,78
201400048473,14,12,26,1217,1,1,1,1.0,2,92062,M,,,92
201400048474,14,12,27,629,3,1,1,6.0,6,78073,M,,,78
201400048475,14,12,27,1337,1,1,1,2.0,2,78640,M,,,78
201400048476,14,12,28,1220,1,1,1,1.0,6,78217,M,,,78
201400048477,14,12,30,705,5,1,1,1.0,6,78396,M,,,78
201400048478,14,1,2,835,1,1,1,2.0,3,91216,M,,,91
201400048479,14,1,2,910,1,1,1,1.0,6,91659,M,,,91
201400048480,14,1,2,1115,1,1,1,1.0,7,91136,M,,,91
201400048481,14,1,2,1220,1,1,1,1.0,6,91064,M,,,91
201400048482,14,1,4,1229,1,1,1,1.0,6,91617,M,,,91
201400048483,14,1,6,535,3,1,1,1.0,6,94065,M,4875500.0,234447.0,94
201400048484,14,1,6,655,2,1,1,1.0,3,91235,M,,,91
201400048485,14,1,7,753,2,1,1,1.0,5,91161,M,,,91
201400048486,14,1,7,936,1,1,1,1.0,3,91521,M,,,91
201400048487,14,1,7,1008,1,1,1,1.0,4,91521,M,,,91
201400048488,14,1,9,735,3,1,1,1.0,5,77251,M,,,77
201400048489,14,1,9,930,1,1,1,1.0,2,91689,M,,,91
201400048490,14,1,10,746,3,1,1,1.0,3,91064,M,,,91
201400048491,14,1,11,35,3,1,1,2.0,3,91617,M,,,91
201400048492,14,1,12,145,5,1,1,1.0,6,94003,M,4880270.0,234355.0,94
201400048493,14,1,11,1042,1,1,1,1.0,4,91345,M,,,91
201400048494,14,1,11,1235,1,1,1,1.0,3,94038,M,4877220.0,234526.0,94
201400048495,14,1,11,1402,1,1,1,1.0,4,91064,M,,,91
201400048496,14,1,11,1800,3,1,1,1.0,7,91521,M,,,91
201400048497,14,1,13,1320,1,1,1,1.0,4,94038,M,4878820.0,234543.0,94
201400048498,14,1,13,1820,3,1,1,1.0,4,91136,M,,,91
201400048499,14,1,13,1800,3,1,9,2.0,5,91228,M,,,91
201400048500,14,1,13,1945,3,1,1,1.0,2,91477,M,,,91
201400048501,14,1,14,2015,3,1,1,1.0,2,91687,M,,,91
201400048502,14,1,15,910,1,1,1,1.0,3,91161,M,,,91
201400048503,14,1,15,1743,5,1,1,2.0,2,91689,M,,,91
201400048504,14,1,15,2040,4,1,1,1.0,2,94034,M,4876160.0,231576.0,94
201400048505,14,1,19,1050,1,1,1,1.0,7,94021,M,4877250.0,234532.0,94
201400048506,14,1,19,1125,1,1,1,1.0,7,92019,M,,,92
201400048507,14,1,20,1125,1,1,1,8.0,6,94034,M,4876020.0,232050.0,94
201400048508,14,1,21,1815,3,1,1,1.0,3,91228,M,,,91
201400048509,14,1,22,1840,3,1,1,3.0,7,92002,M,,,92
201400048510,14,1,23,850,1,1,1,8.0,3,91363,M,,,91
201400048511,14,1,23,1843,3,1,1,3.0,3,94038,M,4878740.0,234522.0,94
201400048512,14,1,24,1041,1,1,1,8.0,5,91286,M,,,91
201400048513,14,1,24,1103,1,1,1,1.0,3,91174,M,,,91
201400048514,14,1,24,1120,1,1,1,1.0,7,91339,M,,,91
201400048515,14,1,25,650,3,1,1,2.0,2,77251,M,,,77
201400048516,14,1,25,844,2,1,1,1.0,7,91286,M,,,91
201400048517,14,1,25,1248,1,1,1,1.0,7,91347,M,,,91
201400048518,14,1,26,1449,1,1,1,1.0,7,91659,M,,,91
201400048519,14,1,26,1850,3,1,1,1.0,2,94034,M,4876190.0,231453.0,94
201400048520,14,1,26,2107,3,1,1,1.0,7,91477,M,,,91
201400048521,14,1,28,1753,2,1,1,1.0,3,91064,M,,,91
201400048522,14,1,30,836,3,1,1,1.0,2,94038,M,4878720.0,234515.0,94
201400048523,14,1,30,1400,1,1,1,1.0,7,94034,M,4875620.0,234072.0,94
201400048524,14,1,30,2100,5,1,1,8.0,5,94038,M,4878760.0,234470.0,94
201400048525,14,1,31,540,3,1,1,5.0,4,91345,M,,,91
201400048526,14,1,31,912,1,1,1,5.0,3,91179,M,,,91
201400048527,14,2,1,1459,1,1,1,1.0,3,91340,M,,,91
201400048528,14,2,2,1417,1,1,1,1.0,4,91086,M,,,91
201400048529,14,2,3,809,2,1,1,1.0,3,94021,M,4876430.0,234312.0,94
201400048530,14,2,5,1345,1,1,1,1.0,5,92002,M,,,92
201400048531,14,2,6,1910,3,1,1,1.0,3,91064,M,,,91
201400048532,14,2,7,530,1,1,1,1.0,6,94038,M,4878740.0,234482.0,94
201400048533,14,2,8,730,3,1,1,1.0,7,91534,M,,,91
201400048534,14,2,8,1521,1,1,1,1.0,1,91136,M,,,91
201400048535,14,2,8,2305,3,1,1,2.0,7,91521,M,,,91
201400048536,14,2,9,840,1,1,1,1.0,7,91161,M,,,91
201400048537,14,2,9,1844,3,1,1,1.0,5,91161,M,,,91
201400048538,14,2,10,1240,1,1,1,1.0,1,91471,M,,,91
201400048539,14,2,10,1732,1,1,1,1.0,6,91161,M,,,91
201400048540,14,2,10,1825,3,1,1,1.0,2,91182,M,,,91
201400048541,14,2,11,737,2,1,1,1.0,7,91086,M,,,91
201400048542,14,2,11,2020,5,1,1,1.0,6,94021,M,4876110.0,234513.0,94
201400048543,14,2,12,812,3,1,1,1.0,7,91286,M,,,91
201400048544,14,2,13,1624,1,1,1,2.0,2,91161,M,,,91
201400048545,14,2,13,1851,3,1,1,1.0,2,91161,M,,,91
201400048546,14,2,14,950,1,1,1,2.0,5,94034,M,4875910.0,232411.0,94
201400048547,14,2,14,1709,1,1,1,1.0,3,94065,M,4875560.0,234337.0,94
201400048548,14,2,15,1745,1,1,1,1.0,3,91570,M,,,91
201400048549,14,2,15,1900,3,1,1,1.0,6,91659,M,,,91
201400048550,14,2,15,1938,5,1,1,1.0,5,94043,M,4881500.0,235589.0,94
201400048551,14,2,16,707,3,1,1,1.0,6,91347,M,,,91
201400048552,14,2,19,1110,1,1,1,1.0,5,91689,M,,,91
201400048553,14,2,21,1849,2,1,1,1.0,4,91659,M,,,91
201400048554,14,2,22,855,1,1,1,2.0,6,91659,M,,,91
201400048555,14,2,23,1645,1,1,1,1.0,6,91687,M,,,91
201400048556,14,2,23,2134,3,1,1,1.0,4,91136,M,,,91
201400048557,14,2,25,2002,3,1,1,1.0,4,91161,M,,,91
201400048558,14,2,26,930,1,1,1,1.0,7,94043,M,4881510.0,235595.0,94
201400048559,14,2,26,1215,1,1,1,1.0,4,91216,M,,,91
201400048560,14,2,27,1120,1,1,1,3.0,3,91659,M,,,91
201400048561,14,2,27,1642,1,1,1,1.0,4,91377,M,,,91
201400048562,14,2,28,1245,1,1,1,2.0,3,91521,M,,,91
201400048563,14,2,28,1649,1,1,1,2.0,4,91235,M,,,91
201400048564,14,3,1,433,3,1,1,1.0,6,91161,M,,,91
201400048565,14,3,1,712,2,1,1,1.0,6,91161,M,,,91
201400048566,14,3,1,1740,1,1,1,1.0,7,91471,M,,,91
201400048567,14,3,2,1207,1,1,1,1.0,4,91589,M,,,91
201400048568,14,3,2,1550,1,1,1,1.0,7,91570,M,,,91
201400048569,14,3,2,2310,5,1,1,2.0,6,94038,M,4878720.0,234515.0,94
201400048570,14,3,3,1451,1,1,1,1.0,7,94043,M,4881510.0,235582.0,94
201400048571,14,3,4,655,2,1,1,1.0,7,94038,M,4878740.0,234524.0,94
201400048572,14,3,4,2155,4,1,1,1.0,7,91136,M,,,91
201400048573,14,3,5,345,3,1,1,1.0,6,91136,M,,,91
201400048574,14,3,5,751,2,1,1,1.0,6,91179,M,,,91
201400048575,14,3,5,849,1,1,1,1.0,4,91235,M,,,91
201400048576,14,3,5,1011,1,1,1,1.0,5,91521,M,,,91
201400048577,14,3,5,1451,1,1,1,1.0,6,91064,M,,,91
201400048578,14,3,6,127,5,1,1,1.0,5,94034,M,4875140.0,232979.0,94
201400048579,14,3,6,950,1,1,1,1.0,3,91553,M,,,91
201400048580,14,3,6,1815,1,1,1,1.0,7,91471,M,,,91
201400048581,14,3,6,1809,1,1,1,1.0,4,92002,M,,,92
201400048582,14,3,7,1710,1,1,1,1.0,5,94034,M,4875590.0,233392.0,94
201400048583,14,3,7,1740,1,1,1,1.0,3,94003,M,4880060.0,234375.0,94
201400048584,14,3,7,1800,1,1,2,1.0,2,91161,M,,,91
201400048585,14,3,8,555,3,1,1,1.0,2,91363,M,,,91
201400048586,14,3,8,1450,1,1,1,1.0,5,91589,M,,,91
201400048587,14,3,9,403,5,1,1,1.0,4,91161,M,,,91
201400048588,14,3,9,820,1,1,1,1.0,6,91161,M,,,91
201400048589,14,3,9,2032,3,1,1,1.0,3,94065,M,4874920.0,235708.0,94
201400048590,14,3,11,951,1,1,1,1.0,3,94034,M,4875470.0,233301.0,94
201400048591,14,3,11,1513,1,1,1,1.0,5,77296,M,,,77
201400048592,14,3,11,1930,1,1,1,1.0,2,91312,M,,,91
201400048593,14,3,11,907,1,1,1,1.0,7,91589,M,,,91
201400048594,14,3,12,1658,1,1,1,1.0,3,91182,M,,,91
201400048595,14,3,12,1655,1,1,1,1.0,3,91235,M,,,91
201400048596,14,3,13,635,3,1,1,1.0,3,91553,M,,,91
201400048597,14,3,13,740,1,1,1,1.0,7,94076,M,4879250.0,234480.0,94
201400048598,14,3,13,720,1,1,1,1.0,5,91471,M,,,91
201400048599,14,3,13,1730,5,1,1,1.0,7,94043,M,4881510.0,235582.0,94
201400048600,14,3,13,1950,3,1,1,1.0,7,91521,M,,,91
201400048601,14,3,14,549,2,1,1,1.0,7,91161,M,,,91
201400048602,14,3,14,1005,1,1,1,1.0,5,91377,M,,,91
201400048603,14,3,16,615,5,1,1,1.0,2,94038,M,4878720.0,234515.0,94
201400048604,14,3,16,2141,3,1,1,1.0,7,91661,M,,,91
201400048605,14,3,17,1654,1,1,1,1.0,2,91182,M,,,91
201400048606,14,3,18,955,1,1,1,1.0,3,94003,M,4880110.0,234196.0,94
201400048607,14,3,19,712,2,1,1,1.0,2,91689,M,,,91
201400048608,14,3,19,1755,1,1,1,1.0,3,91216,M,,,91
201400048609,14,3,20,1800,1,1,1,1.0,2,91182,M,,,91
201400048610,14,3,21,300,3,1,1,1.0,5,91312,M,,,91
201400048611,14,3,21,1250,1,1,1,1.0,6,91589,M,,,91
201400048612,14,3,24,750,2,1,1,1.0,4,91471,M,,,91
201400048613,14,3,24,957,1,1,1,1.0,4,91434,M,,,91
201400048614,14,3,24,2031,3,1,1,1.0,6,91312,M,,,91
201400048615,14,3,25,737,2,1,1,2.0,3,91521,M,,,91
201400048616,14,3,25,820,1,1,1,2.0,5,91692,M,,,91
201400048617,14,3,25,1054,1,1,1,2.0,3,91377,M,,,91
201400048618,14,3,25,1430,1,1,1,2.0,6,91521,M,,,91
201400048619,14,3,25,1750,1,1,1,1.0,2,91549,M,,,91
201400048620,14,3,26,1800,2,1,1,1.0,4,91182,M,,,91
201400048621,14,3,27,1626,1,1,1,1.0,2,94034,M,4875130.0,232941.0,94
201400048622,14,3,27,1930,2,1,1,1.0,2,94034,M,4875770.0,233603.0,94
201400048623,14,3,28,217,3,1,1,1.0,6,91661,M,,,91
201400048624,14,3,29,1507,1,1,1,1.0,3,91661,M,,,91
201400048625,14,3,31,729,2,1,1,1.0,2,91689,M,,,91
201400048626,14,3,31,1445,1,1,1,1.0,2,91477,M,,,91
201400048627,14,4,1,748,1,1,1,1.0,5,92002,M,,,92
201400048628,14,4,1,1104,1,1,1,1.0,4,91689,M,,,91
201400048629,14,4,2,1030,1,1,1,1.0,3,91521,M,,,91
201400048630,14,4,3,507,3,1,1,1.0,6,91689,M,,,91
201400048631,14,4,3,830,1,1,1,1.0,3,91689,M,,,91
201400048632,14,4,3,1615,1,1,1,1.0,7,91235,M,,,91
201400048633,14,4,4,1848,1,1,1,1.0,7,91179,M,,,91
201400048634,14,4,6,737,2,1,1,1.0,7,94021,M,4876500.0,234348.0,94
201400048635,14,4,6,710,2,1,1,1.0,6,91286,M,,,91
201400048636,14,4,7,1055,1,1,1,1.0,4,94003,M,4880890.0,233976.0,94
201400048637,14,4,19,1213,1,1,1,1.0,2,94003,M,4880550.0,234182.0,94
201400048638,14,4,8,915,1,1,1,1.0,5,91589,M,,,91
201400048639,14,4,9,910,1,1,1,1.0,7,94037,M,4881640.0,233674.0,94
201400048640,14,4,9,1040,1,1,1,1.0,7,91363,M,,,91
201400048641,14,4,9,1124,1,1,1,1.0,2,91521,M,,,91
201400048642,14,4,9,1341,1,1,1,1.0,4,91589,M,,,91
201400048643,14,4,9,1810,1,1,1,1.0,2,91432,M,,,91
201400048644,14,4,10,1300,1,1,1,1.0,6,94038,M,4878820.0,234540.0,94
201400048645,14,4,12,1430,1,1,1,1.0,6,94038,M,4878720.0,234533.0,94
201400048646,14,4,13,745,2,1,1,1.0,7,91477,M,,,91
201400048647,14,4,15,905,1,1,1,1.0,3,91434,M,,,91
201400048648,14,4,16,856,1,1,1,1.0,2,91086,M,,,91
201400048649,14,4,16,900,1,1,1,1.0,6,92019,M,,,92
201400048650,14,4,17,1850,1,1,1,1.0,4,91377,M,,,91
201400048651,14,4,17,1959,1,1,1,1.0,7,91339,M,,,91
201400048652,14,4,17,1,3,1,1,1.0,2,91377,M,,,91
201400048653,14,4,17,2115,1,1,1,1.0,3,91377,M,,,91
201400048654,14,4,18,1415,1,1,1,1.0,4,94034,M,4875910.0,232411.0,94
201400048655,14,4,19,1720,1,1,1,8.0,7,94038,M,4878810.0,234491.0,94
201400048656,14,4,20,655,2,1,1,1.0,4,91689,M,,,91
201400048657,14,4,22,1836,1,1,1,1.0,6,91228,M,,,91
201400048658,14,4,24,48,3,1,1,2.0,3,91534,M,,,91
201400048659,14,4,24,1530,1,1,1,1.0,3,91161,M,,,91
201400048660,14,4,25,657,2,1,1,1.0,2,94034,M,4875910.0,232388.0,94
201400048661,14,4,25,800,1,1,1,1.0,7,91136,M,,,91
201400048662,14,4,25,830,1,1,1,1.0,7,91477,M,,,91
201400048663,14,4,26,321,3,1,1,8.0,6,91161,M,,,91
201400048664,14,4,27,5,3,1,1,8.0,6,91136,M,,,91
201400048665,14,4,27,510,3,1,1,1.0,6,94038,M,4878790.0,234454.0,94
201400048666,14,4,27,1145,1,1,1,1.0,7,91521,M,,,91
201400048667,14,4,27,1335,1,1,1,1.0,4,94043,M,4881280.0,235369.0,94
201400048668,14,4,27,1625,1,1,1,1.0,2,91534,M,,,91
201400048669,14,4,27,2000,1,1,1,1.0,6,91534,M,,,91
201400048670,14,4,27,2201,3,1,1,1.0,7,91064,M,,,91
201400048671,14,4,28,1056,1,1,1,1.0,7,91477,M,,,91
201400048672,14,4,29,1915,1,1,1,1.0,6,94043,M,4881420.0,235511.0,94
201400048673,14,4,29,1956,1,1,1,1.0,7,91659,M,,,91
201400048674,14,4,30,554,5,1,1,8.0,7,91570,M,,,91
201400048675,14,4,30,1915,1,1,1,1.0,7,77251,M,,,77
201400048676,14,5,1,147,3,1,1,1.0,5,91570,M,,,91
201400048677,14,5,1,2235,3,1,1,2.0,5,94043,M,4881320.0,235399.0,94
201400048678,14,5,2,2247,5,1,1,1.0,1,91161,M,,,91
201400048679,14,5,3,1,5,1,1,1.0,5,94038,M,4877770.0,234623.0,94
201400048680,14,5,2,2343,5,1,1,1.0,6,94043,M,4881340.0,235435.0,94
201400048681,14,5,3,103,5,1,1,1.0,5,91687,M,,,91
201400048682,14,5,5,1824,1,1,1,1.0,3,91553,M,,,91
201400048683,14,5,6,750,1,1,1,2.0,4,91521,M,,,91
201400048684,14,5,7,1900,1,1,1,1.0,2,91549,M,,,91
201400048685,14,5,8,1454,1,1,1,2.0,4,94034,M,4875690.0,233511.0,94
201400048686,14,5,8,1800,1,1,1,2.0,7,91477,M,,,91
201400048687,14,5,9,1417,1,1,1,2.0,2,91377,M,,,91
201400048688,14,5,10,1645,1,1,1,2.0,3,91521,M,,,91
201400048689,14,5,12,851,1,1,1,1.0,3,94037,M,4881470.0,233635.0,94
201400048690,14,5,12,855,1,1,1,2.0,3,91377,M,,,91
201400048691,14,5,12,1400,1,1,1,2.0,2,91689,M,,,91
201400048692,14,5,13,426,3,1,1,1.0,2,91661,M,,,91
201400048693,14,5,13,1300,1,1,1,2.0,2,91182,M,,,91
201400048694,14,5,14,1400,1,1,1,1.0,2,94003,M,4881210.0,233695.0,94
201400048695,14,5,15,820,1,1,1,1.0,3,91286,M,,,91
201400048696,14,5,15,945,1,1,1,1.0,5,91589,M,,,91
201400048697,14,5,15,1424,1,1,1,1.0,7,91521,M,,,91
201400048698,14,5,16,815,1,1,1,1.0,3,91377,M,,,91
201400048699,14,5,16,1616,1,1,1,1.0,5,91363,M,,,91
201400048700,14,5,16,1858,1,1,1,1.0,3,91136,M,,,91
201400048701,14,5,16,1915,1,1,1,1.0,6,91064,M,,,91
201400048702,14,5,16,2004,1,1,1,1.0,4,91553,M,,,91
201400048703,14,5,18,707,1,1,1,1.0,2,91689,M,,,91
201400048704,14,5,18,1745,1,1,1,1.0,7,91339,M,,,91
201400048705,14,5,18,1900,1,1,1,1.0,4,94038,M,4878720.0,234536.0,94
201400048706,14,5,19,1430,1,1,1,1.0,2,94043,M,4881590.0,235647.0,94
201400048707,14,5,19,1830,1,1,1,1.0,2,94037,M,4881380.0,233623.0,94
201400048708,14,5,20,1542,1,1,1,2.0,2,91432,M,,,91
201400048709,14,5,20,2035,1,1,1,2.0,4,94043,M,4881490.0,235583.0,94
201400048710,14,5,20,2135,5,1,1,2.0,4,94003,M,4880340.0,234394.0,94
201400048711,14,5,21,815,1,1,1,1.0,2,91534,M,,,91
201400048712,14,5,22,750,1,1,1,2.0,3,92002,M,,,92
201400048713,14,5,23,355,3,1,1,1.0,6,91064,M,,,91
201400048714,14,5,23,1520,1,1,1,1.0,5,91086,M,,,91
201400048715,14,5,23,1643,1,1,1,1.0,3,92002,M,,,92
201400048716,14,5,24,731,1,1,1,1.0,7,91617,M,,,91
201400048717,14,5,26,1620,1,1,1,2.0,7,91689,M,,,91
201400048718,14,5,30,645,1,1,1,1.0,7,94021,M,4876270.0,234114.0,94
201400048719,14,5,27,1815,1,1,1,1.0,4,92019,M,,,92
201400048720,14,5,27,2027,1,1,1,1.0,6,94003,M,4879930.0,234235.0,94
201400048721,14,5,28,1230,1,1,1,1.0,4,91161,M,,,91
201400048722,14,5,31,1505,1,1,1,1.0,2,94043,M,4881290.0,235351.0,94
201400048723,14,5,31,2208,3,1,1,1.0,7,91086,M,,,91
201400048724,14,6,1,1350,1,1,1,1.0,2,91689,M,,,91
201400048725,14,6,2,945,1,1,1,1.0,2,91661,M,,,91
201400048726,14,6,2,935,1,1,1,1.0,2,92002,M,,,92
201400048727,14,6,3,915,1,1,1,1.0,7,91689,M,,,91
201400048728,14,6,3,915,1,1,1,1.0,2,91161,M,,,91
201400048729,14,6,4,810,1,1,1,1.0,7,91136,M,,,91
201400048730,14,6,4,1115,1,1,1,1.0,5,94021,M,4876410.0,234226.0,94
201400048731,14,6,4,1410,1,1,1,1.0,3,91659,M,,,91
201400048732,14,6,5,800,1,1,1,1.0,4,91589,M,,,91
201400048733,14,6,5,1630,1,1,1,1.0,2,92002,M,,,92
201400048734,14,6,5,2005,1,1,1,1.0,4,91086,M,,,91
201400048735,14,6,6,800,1,1,1,1.0,3,91471,M,,,91
201400048736,14,6,6,1800,1,1,1,1.0,5,91103,M,,,91
201400048737,14,6,8,930,1,1,1,1.0,6,91521,M,,,91
201400048738,14,6,9,250,3,1,1,1.0,6,94038,M,4878740.0,234482.0,94
201400048739,14,6,9,1100,1,1,1,2.0,6,94021,M,4876360.0,234372.0,94
201400048740,14,6,9,1800,1,1,1,1.0,3,91136,M,,,91
201400048741,14,6,10,707,1,1,1,8.0,6,91064,M,,,91
201400048742,14,6,10,1640,1,1,1,1.0,4,91216,M,,,91
201400048743,14,6,10,1800,1,1,1,1.0,5,91589,M,,,91
201400048744,14,6,10,1745,1,1,1,1.0,6,91617,M,,,91
201400048745,14,6,11,135,5,1,1,1.0,6,91689,M,,,91
201400048746,14,6,10,840,1,1,1,8.0,3,91471,M,,,91
201400048747,14,6,11,902,1,1,1,1.0,5,91312,M,,,91
201400048748,14,6,12,512,5,1,1,1.0,4,91286,M,,,91
201400048749,14,6,12,1005,1,1,1,1.0,3,91182,M,,,91
201400048750,14,6,12,1620,1,1,1,1.0,2,91689,M,,,91