Num_Acc,an,mois,jour,hrmn,lum,agg,int,atm,col,com,gps,lat,long,dep
201400048751,14,6,12,1730,1,1,1,1.0,3,91534,M,,,91
201400048752,14,6,13,1810,1,1,1,1.0,3,94076,M,4879150.0,234460.0,94
201400048753,14,6,14,125,3,1,1,1.0,6,91064,M,,,91
201400048754,14,6,14,620,1,1,1,1.0,2,94076,M,4879150.0,234460.0,94
201400048755,14,6,14,2340,3,1,1,1.0,2,91617,M,,,91
201400048756,14,6,15,2240,3,1,1,1.0,2,91347,M,,,91
201400048757,14,6,17,854,1,1,1,1.0,7,94043,M,4880560.0,234531.0,94
201400048758,14,6,17,1232,1,1,1,1.0,2,91161,M,,,91
201400048759,14,6,17,2120,2,1,1,1.0,6,91064,M,,,91
201400048760,14,6,18,912,1,1,1,1.0,3,91340,M,,,91
201400048761,14,6,18,1840,1,1,1,1.0,3,94076,M,4879150.0,234405.0,94
201400048762,14,6,19,750,1,1,1,1.0,5,91534,M,,,91
201400048763,14,6,19,820,1,1,1,1.0,2,92019,M,,,92
201400048764,14,6,19,1447,1,1,1,1.0,2,91689,M,,,91
201400048765,14,6,20,1923,1,1,1,1.0,3,94076,M,4879420.0,234459.0,94
201400048766,14,6,20,1922,1,1,1,1.0,3,91086,M,,,91
201400048767,14,6,23,930,1,1,1,1.0,2,91570,M,,,91
201400048768,14,6,23,1450,1,1,1,1.0,4,94003,M,4880970.0,233905.0,94
201400048769,14,6,24,444,3,1,1,1.0,2,91534,M,,,91
201400048770,14,6,24,1750,1,1,1,1.0,3,91645,M,,,91
201400048771,14,6,24,1820,1,1,1,1.0,3,77251,M,,,77
201400048772,14,6,24,1850,1,1,1,1.0,3,91340,M,,,91
201400048773,14,6,24,1955,1,1,1,1.0,2,91064,M,,,91
201400048774,14,6,25,830,1,1,1,1.0,3,91434,M,,,91
201400048775,14,6,26,730,1,1,1,1.0,5,91377,M,,,91
201400048776,14,6,26,1000,1,1,1,1.0,5,91645,M,,,91
201400048777,14,6,26,1703,1,1,1,1.0,3,91471,M,,,91
201400048778,14,6,26,1730,1,1,1,1.0,4,91086,M,,,91
201400048779,14,6,27,1025,1,1,1,1.0,3,94038,M,4878720.0,234533.0,94
201400048780,14,6,27,1816,1,1,1,1.0,3,91521,M,,,91
201400048781,14,6,27,1900,1,1,1,1.0,4,94034,M,4875830.0,232649.0,94
201400048782,14,6,27,2000,1,1,1,1.0,5,91103,M,,,91
201400048783,14,6,27,2114,1,1,1,1.0,6,91174,M,,,91
201400048784,14,6,28,933,1,1,1,2.0,2,91553,M,,,91
201400048785,14,6,28,1558,1,1,1,2.0,3,91689,M,,,91
201400048786,14,6,28,1705,1,1,1,2.0,7,91617,M,,,91
201400048787,14,6,28,1857,1,1,1,2.0,3,91471,M,,,91
201400048788,14,6,28,2040,1,1,1,3.0,7,91521,M,,,91
201400048789,14,6,28,2135,2,1,1,3.0,7,92019,M,,,92
201400048790,14,6,29,130,4,1,1,2.0,6,94043,M,4881330.0,235421.0,94
201400048791,14,6,29,954,1,1,1,2.0,7,91161,M,,,91
201400048792,14,6,29,1340,1,1,1,2.0,2,94034,M,4875620.0,234072.0,94
201400048793,14,6,29,1400,1,1,1,2.0,2,91689,M,,,91
201400048794,14,6,29,1405,1,1,1,2.0,2,94034,M,4875830.0,232649.0,94
201400048795,14,6,29,1740,1,1,1,2.0,4,91434,M,,,91
201400048796,14,6,29,1920,1,1,1,2.0,7,94021,M,4876430.0,234220.0,94
201400048797,14,7,1,1642,1,1,1,1.0,4,91377,M,,,91
201400048798,14,7,2,1710,1,1,1,1.0,3,91312,M,,,91
201400048799,14,7,3,1145,1,1,1,1.0,2,94038,M,4878800.0,234554.0,94
201400048800,14,7,3,1614,1,1,1,1.0,6,91553,M,,,91
201400048801,14,7,3,1651,1,1,1,1.0,3,91471,M,,,91
201400048802,14,7,4,1351,1,1,1,2.0,4,94034,M,4875610.0,234111.0,94
201400048803,14,7,5,524,3,1,1,2.0,5,94021,M,4876070.0,233942.0,94
201400048804,14,7,5,630,2,1,1,3.0,6,94003,M,4880020.0,234196.0,94
201400048805,14,7,5,1012,1,1,1,2.0,2,91377,M,,,91
201400048806,14,7,5,1045,1,1,1,2.0,6,94034,M,4875620.0,234072.0,94
201400048807,14,7,6,440,3,1,1,1.0,7,94021,M,4876660.0,234261.0,94
201400048808,14,7,6,1128,1,1,1,2.0,6,91521,M,,,91
201400048809,14,7,6,1210,1,1,1,2.0,7,91161,M,,,91
201400048810,14,7,6,1210,1,1,1,2.0,2,94034,M,4875930.0,232288.0,94
201400048811,14,7,6,1425,1,1,1,2.0,7,94034,M,4876210.0,231445.0,94
201400048812,14,7,6,1800,1,1,1,2.0,6,94043,M,4881430.0,235520.0,94
201400048813,14,7,6,1955,1,1,1,2.0,4,94038,M,4878720.0,234533.0,94
201400048814,14,7,6,2320,4,1,1,1.0,6,94034,M,4875450.0,233290.0,94
201400048815,14,7,7,2115,1,1,1,2.0,4,94043,M,4880700.0,234672.0,94
201400048816,14,7,9,1700,1,1,1,2.0,7,91689,M,,,91
201400048817,14,7,11,253,3,1,1,3.0,2,91345,M,,,91
201400048818,14,7,10,730,1,1,1,2.0,7,94034,M,4875670.0,233490.0,94
201400048819,14,7,10,920,1,1,1,2.0,6,94065,M,4875540.0,234453.0,94
201400048820,14,7,10,1130,1,1,1,2.0,6,91377,M,,,91
201400048821,14,7,10,1600,1,1,1,2.0,4,91103,M,,,91
201400048822,14,7,10,1812,1,1,1,1.0,3,92019,M,,,92
201400048823,14,7,11,250,3,1,1,1.0,2,91345,M,,,91
201400048824,14,7,11,940,1,1,1,2.0,7,94021,M,4876850.0,234475.0,94
201400048825,14,7,14,325,3,1,1,8.0,6,91340,M,,,91
201400048826,14,7,14,545,3,1,1,1.0,2,91689,M,,,91
201400048827,14,7,15,749,2,1,1,1.0,7,91589,M,,,91
201400048828,14,7,16,1345,1,1,1,1.0,7,92019,M,,,92
201400048829,14,7,16,1620,1,1,1,1.0,3,94034,M,4875170.0,232978.0,94
201400048830,14,7,17,831,1,1,1,1.0,5,94003,M,4880110.0,234196.0,94
201400048831,14,7,17,930,1,1,1,1.0,2,91471,M,,,91
201400048832,14,7,17,1043,1,1,1,1.0,3,94038,M,4878840.0,234529.0,94
201400048833,14,7,17,1207,1,1,1,1.0,6,77251,M,,,77
201400048834,14,7,17,1740,1,1,1,1.0,3,94038,M,4879020.0,234456.0,94
201400048835,14,7,17,2000,1,1,1,1.0,5,91064,M,,,91
201400048836,14,7,18,1028,1,1,1,1.0,3,91216,M,,,91
201400048837,14,7,18,1755,1,1,1,1.0,3,91340,M,,,91
201400048838,14,7,19,1620,1,1,1,1.0,7,91659,M,,,91
201400048839,14,7,19,1802,1,1,1,1.0,3,91687,M,,,91
201400048840,14,7,20,30,3,1,1,1.0,5,91161,M,,,91
201400048841,14,7,20,545,2,1,1,1.0,3,91161,M,,,91
201400048842,14,7,22,955,1,1,1,1.0,2,91689,M,,,91
201400048843,14,7,22,1212,1,1,1,8.0,4,94034,M,4875770.0,233595.0,94
201400048844,14,7,22,1731,1,1,1,1.0,7,94038,M,4878740.0,234524.0,94
201400048845,14,7,23,746,1,1,1,1.0,3,91521,M,,,91
201400048846,14,7,23,1029,1,1,1,1.0,7,91136,M,,,91
201400048847,14,7,23,1211,1,1,1,1.0,3,91161,M,,,91
201400048848,14,7,23,1232,1,1,1,1.0,3,91339,M,,,91
201400048849,14,7,23,1335,1,1,1,1.0,7,94034,M,4875630.0,233939.0,94
201400048850,14,7,23,1800,1,1,1,1.0,2,91377,M,,,91
201400048851,14,7,24,2250,3,1,1,1.0,2,91661,M,,,91
201400048852,14,7,25,910,1,1,1,1.0,7,94003,M,4880060.0,234375.0,94
201400048853,14,7,25,1100,1,1,1,1.0,3,94003,M,4880900.0,233943.0,94
201400048854,14,7,25,1630,1,1,1,1.0,7,91136,M,,,91
201400048855,14,7,26,330,3,1,1,1.0,6,91182,M,,,91
201400048856,14,7,26,1528,1,1,1,1.0,4,91689,M,,,91
201400048857,14,7,28,700,1,1,1,1.0,7,91064,M,,,91
201400048858,14,7,28,1550,1,1,1,1.0,6,94065,M,4875510.0,234576.0,94
201400048859,14,7,30,55,4,1,1,1.0,3,94043,M,4881310.0,235420.0,94
201400048860,14,7,30,55,3,1,1,1.0,6,91377,M,,,91
201400048861,14,7,31,850,1,1,1,1.0,4,91161,M,,,91
201400048862,14,7,31,845,1,1,1,1.0,2,92002,M,,,92
201400048863,14,7,31,1500,1,1,1,1.0,2,77251,M,,,77
201400048864,14,7,31,1645,1,1,1,1.0,2,94003,M,4879960.0,234369.0,94
201400048865,14,7,31,1950,1,1,1,1.0,2,91377,M,,,91
201400048866,14,8,1,2313,5,1,1,1.0,6,91086,M,,,91
201400048867,14,8,3,1050,1,1,1,1.0,6,91363,M,,,91
201400048868,14,8,3,1326,1,1,1,1.0,3,91689,M,,,91
201400048869,14,8,6,1045,1,1,1,2.0,6,91521,M,,,91
201400048870,14,8,6,1305,1,1,1,2.0,2,91216,M,,,91
201400048871,14,8,6,1530,1,1,1,2.0,4,91340,M,,,91
201400048872,14,8,6,1945,1,1,1,2.0,5,94021,M,4875970.0,233811.0,94
201400048873,14,8,7,1045,1,1,1,1.0,4,75113,M,,,75
201400048874,14,8,7,2230,3,1,1,8.0,5,91521,M,,,91
201400048875,14,8,8,555,3,1,1,2.0,2,91174,M,,,91
201400048876,14,8,8,2040,2,1,1,8.0,2,91377,M,,,91
201400048877,14,8,11,149,3,1,1,1.0,6,91521,M,,,91
201400048878,14,8,11,2000,1,1,1,2.0,2,91471,M,,,91
201400048879,14,8,13,1840,1,1,1,1.0,2,91689,M,,,91
201400048880,14,8,14,1816,1,1,1,2.0,4,94038,M,4878740.0,234482.0,94
201400048881,14,8,14,2002,1,1,1,2.0,7,91136,M,,,91
201400048882,14,8,14,2055,1,1,1,2.0,7,91174,M,,,91
201400048883,14,8,15,1040,1,1,1,1.0,7,91521,M,,,91
201400048884,14,8,18,920,1,1,1,2.0,2,77251,M,,,77
201400048885,14,8,18,1333,1,1,1,1.0,4,94003,M,4880080.0,234372.0,94
201400048886,14,8,18,1615,1,1,1,1.0,4,94038,M,4878730.0,234529.0,94
201400048887,14,8,21,1505,1,1,1,1.0,5,91286,M,,,91
201400048888,14,8,22,1440,1,1,1,1.0,4,91064,M,,,91
201400048889,14,8,25,1000,1,1,1,2.0,7,91286,M,,,91
201400048890,14,8,25,1510,1,1,1,3.0,2,91086,M,,,91
201400048891,14,8,25,1508,1,1,1,1.0,4,94034,M,4875690.0,233511.0,94
201400048892,14,8,25,1842,1,1,1,3.0,6,91617,M,,,91
201400048893,14,8,26,1450,1,1,1,2.0,2,91589,M,,,91
201400048894,14,8,26,1613,1,1,1,1.0,2,94065,M,4875550.0,234368.0,94
201400048895,14,8,27,330,3,1,1,1.0,6,94043,M,4881290.0,235351.0,94
201400048896,14,8,27,829,1,1,1,2.0,7,94021,M,4875980.0,233844.0,94
201400048897,14,8,27,1954,1,1,1,1.0,3,91687,M,,,91
201400048898,14,8,28,928,1,1,1,1.0,2,94038,M,4878820.0,234543.0,94
201400048899,14,8,29,1650,1,1,1,1.0,5,94034,M,4875710.0,233487.0,94
201400048900,14,8,29,1800,1,1,1,1.0,3,91340,M,,,91
201400048901,14,8,29,2030,1,1,1,1.0,2,91086,M,,,91
201400048902,14,8,31,1500,1,1,1,1.0,4,91589,M,,,91
201400048903,14,9,1,1856,1,1,1,1.0,2,91064,M,,,91
201400048904,14,9,2,1523,1,1,1,1.0,7,94043,M,4881400.0,235493.0,94
201400048905,14,9,2,1555,1,1,1,1.0,3,91136,M,,,91
201400048906,14,9,2,1730,1,1,1,1.0,2,94034,M,4875610.0,234111.0,94
201400048907,14,9,3,800,1,1,1,1.0,3,91174,M,,,91
201400048908,14,9,3,934,1,1,1,1.0,2,91345,M,,,91
201400048909,14,9,4,1835,1,1,1,1.0,2,91689,M,,,91
201400048910,14,9,6,1720,1,1,1,1.0,2,92002,M,,,92
201400048911,14,9,7,1615,1,1,1,1.0,2,91345,M,,,91
201400048912,14,9,7,1951,1,1,1,1.0,2,91363,M,,,91
201400048913,14,9,9,849,1,1,1,1.0,4,91182,M,,,91
201400048914,14,9,9,1500,1,1,1,1.0,4,91136,M,,,91
201400048915,14,9,10,1830,1,1,1,1.0,2,91161,M,,,91
201400048916,14,9,10,754,1,1,1,1.0,3,94021,M,4875980.0,233844.0,94
201400048917,14,9,10,2100,5,1,1,1.0,2,94038,M,4878790.0,234454.0,94
201400048918,14,9,12,2006,1,1,1,1.0,5,94034,M,4875290.0,233091.0,94
201400048919,14,9,13,1000,1,1,1,1.0,2,91553,M,,,91
201400048920,14,9,14,1712,1,1,1,1.0,2,92002,M,,,92
201400048921,14,9,14,1800,1,1,1,1.0,5,91363,M,,,91
201400048922,14,9,14,2035,1,1,1,1.0,3,91689,M,,,91
201400048923,14,9,15,822,1,1,1,1.0,4,91434,M,,,91
201400048924,14,9,15,1630,1,1,1,1.0,2,91340,M,,,91
201400048925,14,9,15,1520,1,1,1,1.0,6,91363,M,,,91
201400048926,14,9,16,835,1,1,1,1.0,2,91434,M,,,91
201400048927,14,9,18,940,1,1,1,1.0,2,91377,M,,,91
201400048928,14,9,12,1800,1,1,1,1.0,2,91286,M,,,91
201400048929,14,9,18,1740,1,1,1,1.0,4,94034,M,4876100.0,231807.0,94
201400048930,14,9,18,1935,1,1,1,1.0,3,94038,M,4879060.0,234451.0,94
201400048931,14,9,19,1000,1,1,1,1.0,3,91589,M,,,91
201400048932,14,9,20,2025,1,1,1,1.0,3,94038,M,4878740.0,234482.0,94
201400048933,14,9,20,1445,1,1,1,1.0,4,91161,M,,,91
201400048934,14,9,21,352,3,1,1,1.0,6,91235,M,,,91
201400048935,14,9,21,830,1,1,1,1.0,6,91521,M,,,91
201400048936,14,9,21,1123,1,1,1,1.0,6,91064,M,,,91
201400048937,14,9,21,1210,1,1,1,1.0,6,91477,M,,,91
201400048938,14,9,21,1157,1,1,1,1.0,6,91122,M,,,91
201400048939,14,9,21,1415,1,1,1,1.0,7,92645,M,,,92
201400048940,14,9,21,1430,1,1,1,1.0,6,94065,M,4875950.0,234646.0,94
201400048941,14,9,21,1530,1,1,1,1.0,6,91521,M,,,91
201400048942,14,9,21,1800,1,1,1,1.0,4,91534,M,,,91
201400048943,14,9,22,851,1,1,1,1.0,2,91064,M,,,91
201400048944,14,9,22,1100,1,1,1,1.0,2,91434,M,,,91
201400048945,14,9,24,845,1,1,1,1.0,2,91432,M,,,91
201400048946,14,9,26,1950,1,1,1,1.0,4,91182,M,,,91
201400048947,14,9,26,1508,1,1,1,1.0,7,92002,M,,,92
201400048948,14,9,28,2152,1,1,1,2.0,6,91617,M,,,91
201400048949,14,9,29,845,1,1,1,2.0,7,94034,M,4876200.0,231447.0,94
201400048950,14,9,29,945,1,1,1,2.0,2,91477,M,,,91
201400048951,14,9,29,915,1,1,1,2.0,2,94021,M,4877030.0,234528.0,94
201400048952,14,10,3,705,2,1,1,1.0,3,91689,M,,,91
201400048953,14,10,3,1345,1,1,1,1.0,2,94038,M,4879040.0,234422.0,94
201400048954,14,10,6,630,5,1,1,2.0,2,94038,M,4878710.0,234519.0,94
201400048955,14,10,6,900,1,1,1,1.0,2,91468,M,,,91
201400048956,14,10,7,900,1,1,1,1.0,7,91235,M,,,91
201400048957,14,10,7,1650,1,1,1,1.0,6,91340,M,,,91
201400048958,14,10,7,2014,1,1,1,2.0,6,91689,M,,,91
201400048959,14,10,8,800,1,1,1,8.0,4,94034,M,4876100.0,231807.0,94
201400048960,14,10,8,905,1,1,1,3.0,7,94021,M,4876460.0,234416.0,94
201400048961,14,10,8,1150,1,1,1,2.0,2,91216,M,,,91
201400048962,14,10,8,1100,1,1,1,3.0,7,94038,M,4879040.0,234405.0,94
201400048963,14,10,8,1155,1,1,1,2.0,2,91216,M,,,91
201400048964,14,10,8,1730,1,1,1,8.0,7,91377,M,,,91
201400048965,14,10,9,35,5,1,1,1.0,7,94043,M,4881350.0,235465.0,94
201400048966,14,10,9,1745,1,1,1,1.0,2,92002,M,,,92
201400048967,14,10,11,1030,1,1,1,1.0,7,91687,M,,,91
201400048968,14,10,12,1850,2,1,1,2.0,2,94043,M,4881350.0,235448.0,94
201400048969,14,10,12,2110,2,1,1,1.0,2,94021,M,4876100.0,233965.0,94
201400048970,14,10,13,900,1,1,1,1.0,2,91687,M,,,91
201400048971,14,10,13,1656,1,1,1,1.0,2,91161,M,,,91
201400048972,14,10,13,1730,1,1,1,1.0,3,91570,M,,,91
201400048973,14,10,14,740,2,1,1,1.0,3,91182,M,,,91
201400048974,14,10,14,1730,1,1,1,1.0,5,91553,M,,,91
201400048975,14,10,16,932,1,1,1,1.0,2,91589,M,,,91
201400048976,14,10,17,825,2,1,1,2.0,7,91521,M,,,91
201400048977,14,10,17,1707,1,1,1,1.0,3,91161,M,,,91
201400048978,14,10,17,1818,2,1,1,1.0,5,91161,M,,,91
201400048979,14,10,17,2115,3,1,1,1.0,4,94034,M,4876180.0,231487.0,94
201400048980,14,10,18,2000,3,1,1,1.0,2,91064,M,,,91
201400048981,14,10,18,2115,3,1,2,1.0,1,91161,M,,,91
201400048982,14,10,19,1828,1,1,1,1.0,5,91689,M,,,91
201400048983,14,10,20,1602,1,1,1,8.0,6,91521,M,,,91
201400048984,14,10,21,753,2,1,1,1.0,3,94034,M,4875670.0,233490.0,94
201400048985,14,10,21,800,2,1,1,1.0,2,91589,M,,,91
201400048986,14,10,21,906,1,1,1,1.0,5,91689,M,,,91
201400048987,14,10,21,2246,3,1,1,1.0,7,77251,M,,,77
201400048988,14,10,22,1515,1,1,1,1.0,7,91377,M,,,91
201400048989,14,10,23,750,2,1,1,1.0,2,92002,M,,,92
201400048990,14,10,24,1820,2,1,1,2.0,6,94065,M,4875550.0,234413.0,94
201400048991,14,10,24,1930,2,1,1,1.0,3,94034,M,4875690.0,233511.0,94
201400048992,14,10,24,2043,3,1,1,1.0,5,91689,M,,,91
201400048993,14,10,25,1825,2,1,1,1.0,6,91363,M,,,91
201400048994,14,10,27,1700,1,1,1,1.0,4,91377,M,,,91
201400048995,14,10,27,1800,3,1,1,1.0,4,91174,M,,,91
201400048996,14,10,28,1900,5,1,1,1.0,3,94043,M,4881580.0,235653.0,94
201400048997,14,10,29,1438,1,1,1,1.0,5,92019,M,,,92
201400048998,14,10,29,1630,1,1,1,1.0,7,94037,M,4881560.0,233658.0,94
201400048999,14,10,29,1850,3,1,1,1.0,3,92019,M,,,92
201400049000,14,10,31,1350,1,1,1,1.0,2,94003,M,4879930.0,234235.0,94
201400049001,14,10,31,2045,3,1,1,1.0,3,91377,M,,,91
201400049002,14,10,31,2145,3,1,1,1.0,4,91689,M,,,91
201400049003,14,11,1,910,1,1,1,1.0,6,91377,M,,,91
201400049004,14,11,3,804,2,1,1,1.0,4,91477,M,,,91
201400049005,14,11,3,1420,1,1,1,1.0,6,77495,M,,,77
201400049006,14,11,3,1900,3,1,1,2.0,2,91553,M,,,91
201400049007,14,11,4,920,1,1,1,8.0,2,91553,M,,,91
201400049008,14,11,4,930,1,1,1,1.0,5,92019,M,,,92
201400049009,14,11,4,750,1,1,1,2.0,4,91235,M,,,91
201400049010,14,11,4,1355,1,1,1,1.0,5,91174,M,,,91
201400049011,14,11,5,510,3,1,1,1.0,5,91434,M,,,91
201400049012,14,11,5,940,1,1,1,1.0,2,91617,M,,,91
201400049013,14,11,6,650,3,1,1,1.0,5,94003,M,4880810.0,234045.0,94
201400049014,14,11,7,1030,1,1,1,2.0,3,94021,M,4876430.0,234239.0,94
201400049015,14,11,7,830,2,1,1,1.0,3,94021,M,4876270.0,234114.0,94
201400049016,14,11,8,650,3,1,1,1.0,6,91286,M,,,91
201400049017,14,11,8,650,3,1,1,1.0,6,91286,M,,,91
201400049018,14,11,8,1000,1,1,1,1.0,5,91689,M,,,91
201400049019,14,11,8,1445,1,1,1,1.0,2,91589,M,,,91
201400049020,14,11,9,157,5,1,1,1.0,2,94038,M,4878100.0,234652.0,94
201400049021,14,11,9,300,3,1,1,1.0,6,91174,M,,,91
201400049022,14,11,9,328,4,1,1,1.0,7,92002,M,,,92
201400049023,14,11,10,1940,3,1,1,1.0,3,91553,M,,,91
201400049024,14,11,11,537,5,1,1,1.0,2,94037,M,4881230.0,235272.0,94
201400049025,14,11,11,1825,3,1,1,1.0,4,91434,M,,,91
201400049026,14,11,11,1830,2,1,1,1.0,6,91179,M,,,91
201400049027,14,11,12,915,1,1,1,1.0,2,91363,M,,,91
201400049028,14,11,12,1315,1,1,1,1.0,4,91689,M,,,91
201400049029,14,11,12,1632,1,1,1,1.0,2,91235,M,,,91
201400049030,14,11,12,1835,4,1,1,1.0,6,91182,M,,,91
201400049031,14,11,13,1715,2,1,1,1.0,6,91692,M,,,91
201400049032,14,11,13,1637,1,1,1,1.0,2,91340,M,,,91
201400049033,14,11,13,1850,3,1,1,8.0,2,91432,M,,,91
201400049034,14,11,14,1600,1,1,1,2.0,6,94034,M,4875450.0,233265.0,94
201400049035,14,11,14,1810,3,1,1,1.0,3,91363,M,,,91
201400049036,14,11,15,400,3,1,1,2.0,7,91689,M,,,91
201400049037,14,11,15,1835,5,1,1,1.0,1,94021,M,4876360.0,233966.0,94
201400049038,14,11,16,240,3,1,1,2.0,6,91689,M,,,91
201400049039,14,11,16,1300,1,1,1,2.0,2,91064,M,,,91
201400049040,14,11,16,1420,1,1,1,2.0,6,91136,M,,,91
201400049041,14,11,16,1645,2,1,1,2.0,6,94043,M,4881430.0,235520.0,94
201400049042,14,11,16,1710,2,1,1,2.0,7,91377,M,,,91
201400049043,14,11,18,1,5,1,1,2.0,6,94043,M,4881350.0,235448.0,94
201400049044,14,11,18,830,1,1,1,1.0,2,91521,M,,,91
201400049045,14,11,18,1741,3,1,1,1.0,6,94038,M,4879040.0,234422.0,94
201400049046,14,11,19,1742,2,1,1,1.0,2,91434,M,,,91
201400049047,14,11,19,1728,2,1,1,1.0,2,91064,M,,,91
201400049048,14,11,19,1705,3,1,1,2.0,2,94034,M,4875070.0,232908.0,94
201400049049,14,11,20,740,2,1,1,8.0,3,94021,M,4876940.0,234501.0,94
201400049050,14,11,20,2225,3,1,1,2.0,7,94034,M,4875790.0,233610.0,94
201400049051,14,11,21,120,3,1,1,1.0,7,91064,M,,,91
201400049052,14,11,21,743,2,1,1,2.0,2,91617,M,,,91
201400049053,14,11,21,907,1,1,1,1.0,3,91521,M,,,91
201400049054,14,11,21,1900,3,1,1,1.0,3,91377,M,,,91
201400049055,14,11,21,2100,3,1,1,1.0,4,94038,M,4879090.0,234393.0,94
201400049056,14,11,21,2055,3,1,1,1.0,4,91136,M,,,91
201400049057,14,11,22,1240,1,1,1,1.0,6,91136,M,,,91
201400049058,14,11,23,1856,5,1,1,1.0,4,94065,M,4875540.0,234414.0,94
201400049059,14,11,24,815,1,1,1,2.0,2,91064,M,,,91
201400049060,14,11,24,1415,1,1,1,1.0,2,92002,M,,,92
201400049061,14,11,26,755,2,1,1,2.0,5,94065,M,4875500.0,234447.0,94
201400049062,14,11,26,1258,1,1,1,1.0,7,92019,M,,,92
201400049063,14,11,28,500,3,1,1,1.0,2,94038,M,4879070.0,234390.0,94
201400049064,14,11,28,1620,1,1,1,1.0,3,94037,M,4881470.0,233635.0,94
201400049065,14,11,28,2010,3,1,1,1.0,3,92002,M,,,92
201400049066,14,11,29,300,3,1,1,1.0,7,91521,M,,,91
201400049067,14,11,29,945,1,1,1,8.0,2,91521,M,,,91
201400049068,14,11,29,1340,1,1,1,1.0,2,94076,M,4879150.0,234460.0,94
201400049069,14,11,29,1530,1,1,1,1.0,2,91345,M,,,91
201400049070,14,12,1,840,1,1,1,8.0,2,91521,M,,,91
201400049071,14,12,1,1350,1,1,1,8.0,6,91666,M,,,91
201400049072,14,12,1,1835,5,1,1,1.0,4,91377,M,,,91
201400049073,14,12,2,810,2,1,1,8.0,4,91345,M,,,91
201400049074,14,12,2,829,2,1,1,1.0,2,91179,M,,,91
201400049075,14,12,2,1745,3,1,1,2.0,2,91340,M,,,91
201400049076,14,12,3,837,2,1,1,8.0,2,94037,M,4881230.0,235243.0,94
201400049077,14,12,3,900,1,1,1,8.0,2,91377,M,,,91
201400049078,14,12,4,1800,2,1,1,1.0,2,92019,M,,,92
201400049079,14,12,6,2242,3,1,1,8.0,2,91661,M,,,91
201400049080,14,12,7,1627,1,1,1,2.0,7,91377,M,,,91
201400049081,14,12,8,2345,5,1,1,1.0,6,91340,M,,,91
201400049082,14,12,9,425,3,1,1,1.0,6,91553,M,,,91
201400049083,14,12,9,1223,1,1,1,1.0,2,91161,M,,,91
201400049084,14,12,10,1800,3,1,1,1.0,2,92019,M,,,92
201400049085,14,12,11,700,3,1,1,1.0,4,91689,M,,,91
201400049086,14,12,11,1937,3,1,1,8.0,2,94034,M,4875680.0,233490.0,94
201400049087,14,12,12,1650,1,1,1,1.0,5,94034,M,4876200.0,231437.0,94
201400049088,14,12,12,1800,3,1,1,2.0,3,92002,M,,,92
201400049089,14,12,12,1920,3,1,1,3.0,2,91182,M,,,91
201400049090,14,12,13,1414,1,1,1,2.0,7,91216,M,,,91
201400049091,14,12,15,430,3,1,1,1.0,7,91689,M,,,91
201400049092,14,12,16,740,2,1,1,8.0,3,94065,M,4875660.0,234962.0,94
201400049093,14,12,16,805,2,1,1,8.0,7,91617,M,,,91
201400049094,14,12,16,1800,3,1,1,1.0,2,91477,M,,,91
201400049095,14,12,16,1945,3,1,1,1.0,7,91377,M,,,91
201400049096,14,12,17,1235,1,1,1,2.0,2,91689,M,,,91
201400049097,14,12,18,910,1,1,1,9.0,2,94038,M,4878710.0,234519.0,94
201400049098,14,12,18,830,1,1,1,2.0,3,94038,M,4878890.0,234449.0,94
201400049099,14,12,19,830,2,1,1,1.0,2,91687,M,,,91
201400049100,14,12,20,1615,1,1,1,1.0,5,94034,M,4875580.0,234215.0,94
201400049101,14,12,21,540,3,1,1,1.0,6,91174,M,,,91
201400049102,14,12,21,600,3,1,1,1.0,7,77251,M,,,77
201400049103,14,12,22,1445,1,1,1,1.0,7,91136,M,,,91
201400049104,14,12,22,1800,3,1,1,1.0,3,94034,M,4875400.0,233204.0,94
201400049105,14,12,23,1800,3,1,1,1.0,3,94038,M,4878740.0,234482.0,94
201400049106,14,12,24,1915,3,1,1,2.0,7,91534,M,,,91
201400049107,14,12,24,1921,3,1,1,8.0,4,94034,M,4876060.0,231928.0,94
201400049108,14,12,26,2310,3,1,1,2.0,6,92019,M,,,92
201400049109,14,12,27,645,3,1,1,2.0,7,91471,M,,,91
201400049110,14,12,27,802,2,1,1,1.0,6,94043,M,4881430.0,235519.0,94
201400049111,14,12,30,1355,1,1,1,1.0,3,94038,M,4878810.0,234546.0,94
201400049112,14,1,2,1839,5,1,1,1.0,6,20037,M,0.0,0.0,202
201400049113,14,1,10,1200,1,2,1,1.0,5,20033,M,0.0,0.0,202
201400049114,14,1,13,1140,1,2,1,1.0,3,20120,M,0.0,0.0,202
201400049115,14,1,14,1320,1,2,1,1.0,3,20033,M,0.0,0.0,202
201400049116,14,1,16,1805,5,2,1,1.0,6,20033,M,0.0,0.0,202
201400049117,14,1,17,1727,5,2,1,2.0,1,20033,M,0.0,0.0,202
201400049118,14,1,19,1625,2,2,6,1.0,2,20033,M,0.0,0.0,202
201400049119,14,1,20,2310,5,2,1,2.0,6,20033,M,0.0,0.0,202