Num_Acc,an,mois,jour,hrmn,lum,agg,int,atm,col,com,gps,lat,long,dep
201400049120,14,1,21,759,1,1,1,2.0,4,20037,M,0.0,0.0,202
201400049121,14,1,24,745,1,2,1,2.0,6,20033,M,0.0,0.0,202
201400049122,14,1,25,1815,3,2,1,1.0,1,20033,M,0.0,0.0,202
201400049123,14,1,31,745,1,2,1,1.0,3,20037,M,0.0,0.0,202
201400049124,14,2,2,1915,5,2,1,1.0,4,20033,M,0.0,0.0,202
201400049125,14,2,10,1641,1,2,1,2.0,4,20033,M,0.0,0.0,202
201400049126,14,2,12,1415,1,2,6,1.0,3,20033,M,0.0,0.0,202
201400049127,14,2,12,1814,5,2,1,1.0,2,20037,M,0.0,0.0,202
201400049128,14,2,13,1835,2,2,3,1.0,3,20033,M,0.0,0.0,202
201400049129,14,2,14,1340,1,2,1,1.0,6,20033,M,0.0,0.0,202
201400049130,14,2,19,1918,5,2,1,2.0,2,20033,M,0.0,0.0,202
201400049131,14,2,21,1855,5,1,1,2.0,1,20037,M,0.0,0.0,202
201400049132,14,3,2,152,3,1,1,1.0,6,20120,M,0.0,0.0,202
201400049133,14,3,2,1945,5,2,1,1.0,2,20033,M,0.0,0.0,202
201400049134,14,3,7,1323,1,2,1,1.0,2,20033,M,0.0,0.0,202
201400049135,14,3,8,140,5,2,1,1.0,6,20033,M,0.0,0.0,202
201400049136,14,3,17,1655,1,2,1,1.0,2,20120,M,0.0,0.0,202
201400049137,14,3,19,1434,1,2,1,1.0,2,20033,M,0.0,0.0,202
201400049138,14,3,21,847,1,2,1,1.0,1,20033,M,0.0,0.0,202
201400049139,14,3,21,1618,1,2,1,1.0,6,20353,M,0.0,0.0,202
201400049140,14,3,24,1556,1,2,1,1.0,6,20033,M,0.0,0.0,202
201400049141,14,3,25,1905,5,2,6,2.0,3,20033,M,0.0,0.0,202
201400049142,14,3,26,1235,1,2,1,2.0,7,20037,M,0.0,0.0,202
201400049143,14,3,28,930,1,2,1,1.0,2,20120,M,0.0,0.0,202
201400049144,14,3,29,1900,5,2,1,1.0,3,20120,M,0.0,0.0,202
201400049145,14,3,31,1228,1,2,1,1.0,4,20033,M,0.0,0.0,202
201400049146,14,4,1,1015,1,2,1,1.0,6,20033,M,0.0,0.0,202
201400049147,14,4,2,1134,1,2,1,1.0,6,20033,M,0.0,0.0,202
201400049148,14,4,3,2035,5,2,3,1.0,3,20033,M,0.0,0.0,202
201400049149,14,4,4,608,5,1,1,3.0,6,20120,M,0.0,0.0,202
201400049150,14,4,4,1405,1,2,1,1.0,3,20033,M,0.0,0.0,202
201400049151,14,4,4,1720,1,2,1,1.0,2,20120,M,0.0,0.0,202
201400049152,14,4,5,17,3,1,1,1.0,6,20037,M,0.0,0.0,202
201400049153,14,4,9,1622,1,1,1,1.0,1,20037,M,0.0,0.0,202
201400049154,14,4,11,1937,1,2,1,1.0,2,20033,M,0.0,0.0,202
201400049155,14,4,12,720,1,2,1,2.0,6,20033,M,0.0,0.0,202
201400049156,14,4,12,1803,1,2,1,1.0,6,20033,M,0.0,0.0,202
201400049157,14,4,19,155,5,2,1,1.0,6,20033,M,0.0,0.0,202
201400049158,14,4,20,1902,2,2,1,1.0,5,20033,M,0.0,0.0,202
201400049159,14,4,23,315,5,2,1,1.0,6,20003,M,0.0,0.0,202
201400049160,14,4,24,1900,1,2,1,2.0,3,20003,M,0.0,0.0,202
201400049161,14,4,30,106,5,2,1,1.0,7,20033,M,0.0,0.0,202
201400049162,14,5,1,2103,3,1,1,1.0,7,20120,M,0.0,0.0,202
201400049163,14,5,2,330,5,2,1,2.0,2,20033,M,0.0,0.0,202
201400049164,14,5,1,1805,1,2,1,1.0,1,20033,M,0.0,0.0,202
201400049165,14,5,2,1100,1,2,1,1.0,7,20033,M,0.0,0.0,202
201400049166,14,5,6,1640,1,2,1,1.0,4,20033,M,0.0,0.0,202
201400049167,14,5,10,130,5,2,1,1.0,6,20033,M,0.0,0.0,202
201400049168,14,5,11,223,5,2,2,1.0,6,20033,M,0.0,0.0,202
201400049169,14,5,12,955,1,2,1,1.0,6,20033,M,0.0,0.0,202
201400049170,14,5,12,1849,1,2,1,1.0,6,20033,M,0.0,0.0,202
201400049171,14,5,14,1606,1,2,3,1.0,3,20033,M,0.0,0.0,202
201400049172,14,5,16,842,1,2,1,1.0,6,20033,M,0.0,0.0,202
201400049173,14,5,16,1255,1,1,1,1.0,2,20120,M,0.0,0.0,202
201400049174,14,5,19,1816,1,1,1,2.0,2,20353,M,0.0,0.0,202
201400049175,14,5,21,905,1,1,1,1.0,6,20037,M,0.0,0.0,202
201400049176,14,5,22,1850,1,2,2,1.0,3,20033,M,0.0,0.0,202
201400049177,14,5,23,1600,1,2,1,1.0,1,20033,M,0.0,0.0,202
201400049178,14,5,23,1708,1,1,1,1.0,7,20353,M,0.0,0.0,202
201400049179,14,5,26,1727,1,2,1,1.0,6,20033,M,0.0,0.0,202
201400049180,14,5,27,2050,2,2,3,1.0,1,20037,M,0.0,0.0,202
201400049181,14,5,28,832,1,2,3,1.0,5,20120,M,0.0,0.0,202
201400049182,14,5,28,1740,1,2,1,1.0,6,20120,M,0.0,0.0,202
201400049183,14,5,29,2100,5,2,6,1.0,3,20033,M,0.0,0.0,202
201400049184,14,5,30,955,1,2,1,1.0,7,20033,M,0.0,0.0,202
201400049185,14,6,3,1348,1,2,1,1.0,4,20033,M,0.0,0.0,202
201400049186,14,6,4,1603,1,2,2,1.0,3,20033,M,0.0,0.0,202
201400049187,14,6,6,730,1,1,1,1.0,4,20037,M,0.0,0.0,202
201400049188,14,6,6,1650,1,2,1,1.0,6,20033,M,0.0,0.0,202
201400049189,14,6,9,2013,1,2,3,1.0,3,20033,M,0.0,0.0,202
201400049190,14,6,11,1155,1,2,3,1.0,3,20033,M,0.0,0.0,202
201400049191,14,6,11,1823,1,2,1,1.0,1,20037,M,0.0,0.0,202
201400049192,14,6,12,1540,1,2,1,1.0,1,20033,M,0.0,0.0,202
201400049193,14,6,15,1041,1,1,1,2.0,2,20037,M,0.0,0.0,202
201400049194,14,6,15,2105,5,1,1,2.0,6,20037,M,0.0,0.0,202
201400049195,14,6,16,1151,1,2,1,1.0,4,20353,M,0.0,0.0,202
201400049196,14,6,17,2004,1,2,1,1.0,3,20033,M,0.0,0.0,202
201400049197,14,6,20,1715,1,1,1,1.0,3,20037,M,0.0,0.0,202
201400049198,14,6,21,1710,1,1,1,1.0,6,20037,M,0.0,0.0,202
201400049199,14,6,23,927,1,1,1,1.0,2,20120,M,0.0,0.0,202
201400049200,14,6,26,1223,1,2,1,3.0,2,20033,M,0.0,0.0,202
201400049201,14,6,30,2125,5,1,1,1.0,6,20033,M,0.0,0.0,202
201400049202,14,7,8,1515,1,2,3,1.0,3,20120,M,0.0,0.0,202
201400049203,14,7,11,900,1,2,1,1.0,3,20120,M,0.0,0.0,202
201400049204,14,7,11,1505,1,2,1,1.0,6,20033,M,0.0,0.0,202
201400049205,14,7,15,1705,1,2,1,1.0,6,20033,M,0.0,0.0,202
201400049206,14,7,16,830,1,2,1,1.0,6,20033,M,0.0,0.0,202
201400049207,14,7,16,1712,1,2,1,1.0,1,20033,M,0.0,0.0,202
201400049208,14,7,18,1938,1,2,1,1.0,6,20120,M,0.0,0.0,202
201400049209,14,7,19,2210,5,2,1,1.0,6,20033,M,0.0,0.0,202
201400049210,14,7,21,1218,1,2,1,1.0,6,20120,M,0.0,0.0,202
201400049211,14,7,24,1120,1,2,1,1.0,3,20033,M,0.0,0.0,202
201400049212,14,7,26,1608,1,1,1,1.0,3,20120,M,0.0,0.0,202
201400049213,14,7,28,1100,1,1,3,1.0,3,20033,M,0.0,0.0,202
201400049214,14,7,29,1040,1,2,1,1.0,3,20120,M,0.0,0.0,202
201400049215,14,7,30,900,1,2,1,3.0,6,20033,M,0.0,0.0,202
201400049216,14,7,31,2020,1,2,2,1.0,3,20037,M,0.0,0.0,202
201400049217,14,8,2,344,5,2,1,1.0,7,20033,M,0.0,0.0,202
201400049218,14,8,3,1215,1,2,1,1.0,2,20033,M,0.0,0.0,202
201400049219,14,8,5,1625,1,2,1,1.0,3,20120,M,0.0,0.0,202
201400049220,14,8,7,1205,1,2,1,1.0,6,20037,M,0.0,0.0,202
201400049221,14,8,8,843,1,2,3,1.0,5,20037,M,0.0,0.0,202
201400049222,14,8,9,1102,1,2,1,1.0,4,20037,M,0.0,0.0,202
201400049223,14,8,11,1639,1,2,1,1.0,1,20033,M,0.0,0.0,202
201400049224,14,8,12,1248,1,1,1,1.0,3,20037,M,0.0,0.0,202
201400049225,14,8,13,1325,1,2,1,1.0,3,20033,M,0.0,0.0,202
201400049226,14,8,18,1108,1,2,1,1.0,6,20033,M,0.0,0.0,202
201400049227,14,8,20,130,5,2,1,1.0,1,20033,M,0.0,0.0,202
201400049228,14,8,19,1230,1,2,1,1.0,2,20037,M,0.0,0.0,202
201400049229,14,8,27,740,1,2,1,1.0,6,20033,M,0.0,0.0,202
201400049230,14,8,27,1415,1,2,1,1.0,2,20120,M,0.0,0.0,202
201400049231,14,8,28,1330,1,2,1,1.0,1,20037,M,0.0,0.0,202
201400049232,14,8,29,1000,1,2,1,1.0,1,20033,M,0.0,0.0,202
201400049233,14,8,29,1210,1,2,1,1.0,1,20033,M,0.0,0.0,202
201400049234,14,8,29,920,1,2,1,1.0,2,20037,M,0.0,0.0,202
201400049235,14,8,29,1830,1,2,3,1.0,3,20037,M,0.0,0.0,202
201400049236,14,8,31,1805,1,1,1,1.0,2,20037,M,0.0,0.0,202
201400049237,14,9,4,1704,1,2,1,1.0,2,20037,M,0.0,0.0,202
201400049238,14,9,7,545,5,2,1,1.0,6,20033,M,0.0,0.0,202
201400049239,14,9,8,1210,1,2,1,1.0,4,20120,M,0.0,0.0,202
201400049240,14,9,11,905,1,2,1,2.0,6,20033,M,0.0,0.0,202
201400049241,14,9,12,1325,1,2,1,1.0,6,20033,M,0.0,0.0,202
201400049242,14,9,12,1600,1,2,1,1.0,6,20033,M,0.0,0.0,202
201400049243,14,9,17,1350,1,1,1,2.0,6,20037,M,0.0,0.0,202
201400049244,14,9,17,1629,1,1,1,1.0,2,20120,M,0.0,0.0,202
201400049245,14,9,17,1855,1,1,1,1.0,6,20120,M,0.0,0.0,202
201400049246,14,9,22,817,1,2,1,1.0,6,20033,M,0.0,0.0,202
201400049247,14,9,23,742,1,2,1,1.0,2,20037,M,0.0,0.0,202
201400049248,14,9,25,1525,1,1,1,2.0,6,20037,M,0.0,0.0,202
201400049249,14,9,28,1300,1,2,1,1.0,2,20353,M,0.0,0.0,202
201400049250,14,9,29,1911,5,2,1,1.0,2,20033,M,0.0,0.0,202
201400049251,14,9,30,900,1,2,1,1.0,6,20033,M,0.0,0.0,202
201400049252,14,10,1,1845,5,2,1,1.0,3,20033,M,0.0,0.0,202
201400049253,14,10,2,1745,1,2,3,1.0,3,20033,M,0.0,0.0,202
201400049254,14,10,3,1350,1,2,1,1.0,4,20033,M,0.0,0.0,202
201400049255,14,10,6,1653,1,2,1,1.0,6,20033,M,0.0,0.0,202
201400049256,14,10,8,415,5,2,1,1.0,6,20033,M,0.0,0.0,202
201400049257,14,10,8,2116,5,2,1,1.0,7,20033,M,0.0,0.0,202
201400049258,14,10,8,1753,1,1,1,1.0,3,20037,M,0.0,0.0,202
201400049259,14,10,8,1815,1,2,1,1.0,6,20033,M,0.0,0.0,202
201400049260,14,10,8,1620,1,1,1,1.0,2,20120,M,0.0,0.0,202
201400049261,14,10,9,841,1,2,1,1.0,6,20033,M,0.0,0.0,202
201400049262,14,10,10,1434,1,1,1,1.0,1,20037,M,0.0,0.0,202
201400049263,14,10,11,1935,5,2,3,1.0,3,20033,M,0.0,0.0,202
201400049264,14,10,13,1630,1,2,1,1.0,4,20033,M,0.0,0.0,202
201400049265,14,10,16,1628,1,1,1,1.0,2,20120,M,0.0,0.0,202
201400049266,14,10,17,706,2,2,1,1.0,3,20033,M,0.0,0.0,202
201400049267,14,10,17,1732,1,2,6,1.0,3,20033,M,0.0,0.0,202
201400049268,14,10,18,1241,1,2,1,1.0,4,20033,M,0.0,0.0,202
201400049269,14,10,19,905,1,2,1,1.0,6,20033,M,0.0,0.0,202
201400049270,14,10,21,1558,1,2,6,1.0,3,20037,M,0.0,0.0,202
201400049271,14,10,22,645,2,2,6,1.0,3,20033,M,0.0,0.0,202
201400049272,14,10,23,1341,1,2,1,1.0,6,20033,M,0.0,0.0,202
201400049273,14,10,26,1935,5,2,1,1.0,5,20033,M,0.0,0.0,202
201400049274,14,10,26,2200,5,2,1,1.0,5,20037,M,0.0,0.0,202
201400049275,14,10,31,1210,1,2,2,1.0,1,20033,M,0.0,0.0,202
201400049276,14,11,1,1236,1,2,1,1.0,6,20033,M,0.0,0.0,202
201400049277,14,11,1,1517,1,2,6,1.0,3,20120,M,0.0,0.0,202
201400049278,14,11,2,1736,1,2,1,1.0,2,20033,M,0.0,0.0,202
201400049279,14,11,4,2105,5,2,1,1.0,1,20033,M,0.0,0.0,202
201400049280,14,11,5,1715,1,2,1,3.0,1,20033,M,0.0,0.0,202
201400049281,14,11,6,1511,1,2,1,3.0,6,20120,M,0.0,0.0,202
201400049282,14,11,10,1440,1,1,1,2.0,6,20033,M,0.0,0.0,202
201400049283,14,11,10,2143,5,2,1,3.0,6,20033,M,0.0,0.0,202
201400049284,14,11,11,112,5,2,1,1.0,6,20037,M,0.0,0.0,202
201400049285,14,11,11,425,5,2,2,1.0,3,20033,M,0.0,0.0,202
201400049286,14,11,12,1043,1,2,1,1.0,6,20033,M,0.0,0.0,202
201400049287,14,11,17,1050,1,2,1,1.0,3,20033,M,0.0,0.0,202
201400049288,14,11,17,1710,5,2,1,2.0,6,20033,M,0.0,0.0,202
201400049289,14,11,20,1340,1,2,1,1.0,6,20033,M,0.0,0.0,202
201400049290,14,11,24,1340,1,2,1,1.0,6,20033,M,0.0,0.0,202
201400049291,14,11,27,1400,1,2,1,1.0,6,20033,M,0.0,0.0,202
201400049292,14,11,30,505,5,2,1,3.0,1,20033,M,0.0,0.0,202
201400049293,14,12,1,1513,1,1,1,1.0,6,20037,M,0.0,0.0,202
201400049294,14,12,1,1705,5,2,1,2.0,2,20033,M,0.0,0.0,202
201400049295,14,12,3,1805,5,2,1,1.0,4,20037,M,0.0,0.0,202
201400049296,14,12,3,2120,3,2,1,1.0,6,20120,M,0.0,0.0,202
201400049297,14,12,5,2020,5,1,1,1.0,2,20037,M,0.0,0.0,202
201400049298,14,12,5,1350,1,2,1,2.0,6,20033,M,0.0,0.0,202
201400049299,14,12,6,1230,1,2,1,1.0,2,20120,M,0.0,0.0,202
201400049300,14,12,7,615,5,2,1,1.0,1,20033,M,0.0,0.0,202
201400049301,14,12,4,1005,1,2,1,1.0,4,20033,M,0.0,0.0,202
201400049302,14,12,8,1620,1,2,1,1.0,4,20033,M,0.0,0.0,202
201400049303,14,12,9,1320,1,2,1,1.0,2,20033,M,0.0,0.0,202
201400049304,14,12,10,1730,1,2,1,1.0,6,20033,M,0.0,0.0,202
201400049305,14,12,11,1240,1,2,1,1.0,6,20033,M,0.0,0.0,202
201400049306,14,12,11,1230,1,2,1,1.0,4,20120,M,0.0,0.0,202
201400049307,14,12,14,1920,5,2,1,1.0,3,20033,M,0.0,0.0,202
201400049308,14,12,13,1859,5,2,1,1.0,2,20033,M,0.0,0.0,202
201400049309,14,12,15,1240,1,2,1,1.0,6,20037,M,0.0,0.0,202
201400049310,14,12,15,1245,1,2,1,1.0,5,20033,M,0.0,0.0,202
201400049311,14,12,16,838,1,2,3,3.0,3,20120,M,0.0,0.0,202
201400049312,14,12,19,1712,1,2,1,1.0,5,20120,M,0.0,0.0,202
201400049313,14,12,19,1757,5,2,1,2.0,3,20037,M,0.0,0.0,202
201400049314,14,12,19,2023,5,2,1,1.0,1,20033,M,0.0,0.0,202
201400049315,14,12,21,1440,1,2,1,1.0,1,20033,M,0.0,0.0,202
201400049316,14,12,22,1755,5,2,1,1.0,6,20033,M,0.0,0.0,202
201400049317,14,12,23,920,1,2,1,1.0,6,20033,M,0.0,0.0,202
201400049318,14,12,24,1805,5,2,1,1.0,6,20033,M,0.0,0.0,202
201400049319,14,12,27,1748,5,2,1,3.0,6,20033,M,0.0,0.0,202
201400049320,14,1,7,900,1,2,1,1.0,3,69382,M,,,69
201400049321,14,1,8,1350,1,2,1,1.0,6,69382,M,,,69
201400049322,14,1,10,1310,1,2,1,1.0,6,69382,M,,,69
201400049323,14,1,11,2020,5,2,1,1.0,2,69382,M,,,69
201400049324,14,1,11,1935,5,2,2,1.0,3,69382,M,,,69
201400049325,14,1,20,945,1,2,9,1.0,3,69382,M,,,69
201400049326,14,1,27,1259,1,2,9,1.0,6,69382,M,,,69
201400049327,14,7,10,1710,1,2,1,2.0,6,69282,M,,,69
201400049328,14,1,31,1232,1,2,1,2.0,6,69382,M,,,69
201400049329,14,7,24,1100,1,2,2,1.0,6,69282,M,,,69
201400049330,14,2,1,1720,4,2,3,3.0,5,69382,M,,,69
201400049331,14,2,4,1020,1,2,1,1.0,6,69382,M,,,69
201400049332,14,2,5,1210,1,2,1,2.0,7,69382,M,,,69
201400049333,14,2,8,2011,5,2,2,1.0,3,69382,M,,,69
201400049334,14,2,12,1410,1,2,1,1.0,3,69382,M,,,69
201400049335,14,2,14,1850,5,2,1,1.0,2,69382,M,,,69
201400049336,14,2,21,1855,5,2,1,1.0,6,69382,M,,,69
201400049337,14,3,14,1325,1,2,1,1.0,6,69382,M,,,69
201400049338,14,3,7,25,5,2,1,1.0,6,69382,M,,,69
201400049339,14,3,15,1800,1,2,1,1.0,6,69382,M,,,69
201400049340,14,3,18,900,1,2,1,1.0,4,69382,M,,,69
201400049341,14,3,23,35,5,2,1,1.0,3,69382,M,,,69
201400049342,14,3,23,550,5,2,1,1.0,6,69382,M,,,69
201400049343,14,3,27,1835,1,2,1,1.0,3,69382,M,,,69
201400049344,14,4,2,1700,1,2,1,1.0,2,69382,M,,,69
201400049345,14,4,10,1110,1,2,1,1.0,6,69382,M,,,69
201400049346,14,4,16,1755,1,2,1,1.0,6,69382,M,,,69
201400049347,14,4,6,545,5,2,1,1.0,6,69382,M,,,69
201400049348,14,4,17,850,1,2,3,1.0,3,69382,M,,,69
201400049349,14,4,23,1215,1,2,1,1.0,7,69382,M,,,69
201400049350,14,5,5,950,1,2,1,1.0,6,69382,M,,,69
201400049351,14,5,11,2330,5,2,1,1.0,6,69382,M,,,69
201400049352,14,5,13,1520,1,2,1,2.0,6,69382,M,,,69
201400049353,14,5,17,400,5,2,1,1.0,2,69382,M,,,69
201400049354,14,5,25,1145,2,2,1,1.0,4,69382,M,,,69
201400049355,14,6,3,1050,1,2,1,1.0,6,69382,M,,,69
201400049356,14,6,3,1900,1,2,1,1.0,6,69382,M,,,69
201400049357,14,6,4,1535,1,2,1,2.0,2,69382,M,,,69
201400049358,14,6,14,115,5,2,3,1.0,3,69382,M,,,69
201400049359,14,6,17,1640,1,2,1,1.0,6,69382,M,,,69
201400049360,14,6,14,425,5,2,1,1.0,6,69382,M,,,69
201400049361,14,6,20,1005,1,2,1,1.0,3,69382,M,,,69
201400049362,14,6,21,2245,5,2,2,1.0,6,69382,M,,,69
201400049363,14,6,25,1720,1,2,1,1.0,2,69382,M,,,69
201400049364,14,6,27,1930,1,2,2,1.0,3,69382,M,,,69
201400049365,14,7,1,2105,5,2,1,1.0,2,69382,M,,,69
201400049366,14,7,5,1610,1,2,1,1.0,4,69382,M,,,69
201400049367,14,7,17,1015,1,2,1,1.0,6,69382,M,,,69
201400049368,14,7,18,1050,1,2,1,1.0,3,69382,M,,,69
201400049369,14,7,21,1730,1,2,1,2.0,2,69382,M,,,69
201400049370,14,7,29,205,5,2,3,2.0,3,69382,M,,,69
201400049371,14,8,2,1850,1,2,1,1.0,6,69382,M,,,69
201400049372,14,8,6,1710,1,2,2,1.0,3,69382,M,,,69
201400049373,14,7,26,119,5,2,1,3.0,7,69382,M,,,69
201400049374,14,8,27,1408,1,2,1,1.0,4,69382,M,,,69
201400049375,14,8,31,145,5,2,3,1.0,3,69382,M,,,69
201400049376,14,8,26,1550,1,2,1,1.0,2,69382,M,,,69
201400049377,14,9,7,410,5,2,1,1.0,6,69382,M,,,69
201400049378,14,9,11,1250,1,2,1,1.0,3,69382,M,,,69
201400049379,14,9,16,1450,1,2,1,1.0,3,69382,M,,,69
201400049380,14,9,19,1518,1,2,1,1.0,6,69382,M,,,69
201400049381,14,9,19,2015,5,2,1,1.0,6,69382,M,,,69
201400049382,14,9,20,1800,1,2,1,1.0,6,69382,M,,,69
201400049383,14,12,1,730,2,2,1,2.0,6,69382,M,,,69
201400049384,14,9,23,1215,1,2,1,1.0,6,69382,M,,,69
201400049385,14,9,25,2000,5,2,3,1.0,3,69382,M,,,69
201400049386,14,9,27,545,5,2,1,1.0,6,69382,M,,,69
201400049387,14,9,29,935,1,2,2,2.0,3,69382,M,,,69
201400049388,14,9,30,1300,1,2,1,1.0,5,69382,M,,,69
201400049389,14,12,18,705,5,2,1,1.0,6,69382,M,,,69
201400049390,14,10,1,1530,1,2,1,1.0,6,69382,M,,,69
201400049391,14,10,11,1015,1,2,1,1.0,2,69382,M,,,69
201400049392,14,10,12,50,5,2,2,1.0,3,69382,M,,,69
201400049393,14,10,16,1820,1,2,1,1.0,6,69382,M,,,69
201400049394,14,11,12,2105,5,2,1,2.0,6,69382,M,,,69
201400049395,14,11,13,854,1,2,1,8.0,7,69382,M,,,69
201400049396,14,11,21,2300,5,2,1,1.0,2,69382,M,,,69
201400049397,14,11,26,715,2,2,1,8.0,3,69382,M,,,69
201400049398,14,12,2,1220,1,2,1,1.0,6,69382,M,,,69
201400049399,14,12,9,804,1,2,1,1.0,6,69382,M,,,69
201400049400,14,12,10,2100,5,2,1,2.0,5,69382,M,,,69
201400049401,14,12,14,1715,5,2,1,1.0,6,69382,M,,,69
201400049402,14,12,14,1720,2,2,1,1.0,6,69382,M,,,69
201400049403,14,1,1,620,5,1,1,2.0,6,59350,M,,,59
201400049404,14,1,4,2105,3,1,1,8.0,6,59606,M,,,59
201400049405,14,1,5,210,5,1,1,1.0,7,62771,M,,,62
201400049406,14,1,5,1125,1,1,1,8.0,7,62498,M,,,62
201400049407,14,1,5,1655,1,1,1,1.0,2,59343,M,,,59
201400049408,14,1,8,235,5,1,1,6.0,2,59205,M,,,59
201400049409,14,1,14,1145,1,1,1,2.0,7,62771,M,,,62
201400049410,14,1,14,1220,2,1,1,2.0,3,59646,M,,,59
201400049411,14,1,15,1125,1,1,1,1.0,7,59646,M,,,59
201400049412,14,1,23,1415,1,1,1,2.0,7,59360,M,,,59
201400049413,14,1,28,830,2,1,1,3.0,2,62637,M,,,62
201400049414,14,1,29,2355,3,1,1,1.0,7,59195,M,,,59
201400049415,14,1,31,355,3,1,1,1.0,7,62548,M,5093607.0,196720.0,62
201400049416,14,1,31,740,2,1,1,1.0,4,59350,M,,,59
201400049417,14,2,2,1430,1,1,1,7.0,7,59350,M,,,59
201400049418,14,2,8,1730,2,1,1,2.0,6,62274,M,,,62
201400049419,14,2,12,1850,3,1,1,3.0,1,59343,M,,,59
201400049420,14,2,17,2000,3,1,1,1.0,7,59330,M,,,59
201400049421,14,2,19,1650,1,1,1,1.0,2,59646,M,,,59
201400049422,14,2,19,2150,5,1,1,1.0,2,59271,M,,,59
201400049423,14,2,21,835,1,1,1,8.0,5,59491,M,,,59
201400049424,14,2,26,2335,5,1,1,1.0,6,59410,M,,,59
201400049425,14,2,27,1000,1,1,1,2.0,2,59350,M,,,59
201400049426,14,3,5,845,1,1,1,1.0,4,59586,M,,,59
201400049427,14,3,6,1340,1,1,1,1.0,2,59090,M,,,59
201400049428,14,3,6,1455,1,1,1,1.0,2,59586,M,,,59
201400049429,14,3,7,645,2,1,1,1.0,2,59606,M,,,59
201400049430,14,3,9,1215,1,1,1,1.0,2,59178,M,,,59
201400049431,14,3,9,1225,1,1,1,1.0,3,59178,M,,,59
201400049432,14,3,9,1830,3,1,1,1.0,7,62351,M,,,62
201400049433,14,3,11,20,4,1,1,1.0,2,59426,M,,,59
201400049434,14,3,13,815,2,1,1,5.0,2,62510,M,,,62
201400049435,14,3,14,1315,1,1,1,1.0,2,59271,M,,,59
201400049436,14,3,14,1700,1,1,1,1.0,4,59350,M,,,59
201400049437,14,3,18,805,1,1,1,1.0,3,59560,M,,,59
201400049438,14,3,18,2000,3,1,1,1.0,2,59350,M,,,59
201400049439,14,3,19,640,2,1,1,1.0,2,62249,M,,,62
201400049440,14,3,19,2335,5,1,1,1.0,7,62498,M,,,62
201400049441,14,3,22,1255,1,1,1,1.0,4,62498,M,,,62
201400049442,14,3,23,2015,3,1,1,1.0,7,59043,M,,,59
201400049443,14,3,31,630,3,1,1,1.0,4,59431,M,,,59
201400049444,14,4,9,825,1,1,1,1.0,2,59586,M,,,59
201400049445,14,4,15,535,2,1,1,1.0,7,59532,M,,,59
201400049446,14,4,17,230,5,1,1,1.0,7,62351,M,,,62
201400049447,14,4,19,1630,1,1,1,1.0,7,59456,M,,,59
201400049448,14,4,24,1200,1,1,1,1.0,4,62274,M,,,62
201400049449,14,4,28,618,1,1,1,1.0,2,59305,M,,,59
201400049450,14,4,28,1825,1,1,1,1.0,6,62498,M,,,62
201400049451,14,4,29,2340,5,1,1,1.0,7,59350,M,,,59
201400049452,14,5,1,915,1,1,1,1.0,2,59566,M,,,59
201400049453,14,5,1,1550,1,1,1,2.0,7,59462,M,,,59
201400049454,14,5,3,1150,1,1,1,1.0,7,59346,M,,,59
201400049455,14,5,5,1820,1,1,1,1.0,6,59447,M,,,59
201400049456,14,5,8,2100,1,1,1,2.0,2,62624,M,,,62
201400049457,14,5,12,1120,1,1,1,1.0,3,59350,M,,,59
201400049458,14,5,13,920,1,1,1,2.0,7,59009,M,,,59
201400049459,14,5,14,1345,1,1,1,1.0,4,59557,M,,,59
201400049460,14,5,15,820,1,1,1,1.0,6,62351,M,5043242.0,291284.0,62
201400049461,14,5,16,1835,1,1,1,1.0,5,59431,M,,,59
201400049462,14,5,16,2305,3,1,1,1.0,2,59234,M,,,59
201400049463,14,5,17,750,1,1,1,1.0,6,62907,M,,,62
201400049464,14,5,18,30,3,1,1,1.0,6,62427,M,,,62
201400049465,14,5,19,815,1,1,1,1.0,5,59462,M,,,59
201400049466,14,5,20,1400,1,1,1,1.0,7,59131,M,,,59
201400049467,14,5,22,900,1,1,1,1.0,6,59462,M,,,59
201400049468,14,5,22,920,1,1,1,1.0,4,59350,M,,,59
201400049469,14,5,23,5,3,1,1,2.0,6,59566,M,,,59
201400049470,14,5,24,455,3,1,1,2.0,2,59662,M,,,59
201400049471,14,5,24,650,1,1,1,1.0,2,59435,M,,,59
201400049472,14,5,27,1615,1,1,1,2.0,7,62215,M,,,62
201400049473,14,6,1,1630,1,1,1,1.0,7,59348,M,,,59
201400049474,14,6,2,720,1,1,1,5.0,4,59581,M,,,59
201400049475,14,6,2,745,1,1,1,1.0,7,59378,M,,,59
201400049476,14,6,6,1815,1,1,1,1.0,5,59360,M,,,59
201400049477,14,6,7,1800,1,1,1,1.0,6,62351,M,,,62
201400049478,14,6,8,340,3,1,1,1.0,6,62274,M,,,62
201400049479,14,6,10,600,1,1,1,2.0,6,59178,M,,,59
201400049480,14,6,10,2050,1,1,1,1.0,6,59183,M,,,59
201400049481,14,6,12,1550,1,1,1,1.0,3,59288,M,,,59
201400049482,14,6,15,600,1,1,1,1.0,7,59350,M,,,59
201400049483,14,6,16,1125,1,1,1,1.0,6,59609,M,,,59
201400049484,14,6,17,1440,1,1,1,1.0,2,59350,M,,,59
201400049485,14,6,19,1825,1,1,1,1.0,6,59609,M,,,59
201400049486,14,6,20,1740,1,1,1,1.0,7,59360,M,,,59
201400049487,14,6,20,1935,1,1,1,1.0,6,59462,M,,,59
201400049488,14,6,23,820,1,1,1,1.0,7,62498,M,,,62
201400049489,14,6,25,600,1,1,1,1.0,7,59183,M,,,59
201400049490,14,6,26,300,3,1,1,1.0,7,59043,M,,,59
201400049491,14,6,26,500,2,1,1,1.0,7,59360,M,,,59
201400049492,14,7,3,1930,1,1,1,1.0,4,59143,M,,,59
201400049493,14,7,5,1920,1,1,1,2.0,7,59009,M,,,59
201400049494,14,7,5,1945,1,1,1,2.0,4,59447,M,,,59
201400049495,14,7,5,2045,1,1,1,1.0,2,59009,M,,,59
201400049496,14,7,5,2330,3,1,1,1.0,7,59606,M,,,59
201400049497,14,7,8,2005,1,1,1,1.0,7,62351,M,5043181.0,289556.0,62
201400049498,14,7,12,830,1,1,1,1.0,3,62907,M,,,62