Num_Acc,an,mois,jour,hrmn,lum,agg,int,atm,col,com,gps,lat,long,dep
201400049499,14,7,17,1155,1,1,1,1.0,4,59566,M,,,59
201400049500,14,7,18,1815,1,1,1,1.0,4,59288,M,,,59
201400049501,14,7,23,400,5,1,1,1.0,7,59350,M,,,59
201400049502,14,7,24,430,3,1,1,1.0,7,59560,M,,,59
201400049503,14,7,27,450,3,1,1,1.0,7,59636,M,,,59
201400049504,14,7,30,835,1,1,1,1.0,7,59378,M,,,59
201400049505,14,8,6,1120,1,1,1,1.0,2,59350,M,,,59
201400049506,14,8,7,1505,1,1,1,1.0,4,59350,M,,,59
201400049507,14,8,8,1950,1,1,1,8.0,7,59350,M,,,59
201400049508,14,8,11,1600,1,1,1,1.0,4,59013,M,,,59
201400049509,14,8,12,1700,1,1,1,1.0,7,59179,M,,,59
201400049510,14,8,12,1700,1,1,1,1.0,7,59178,M,,,59
201400049511,14,8,13,1630,1,1,1,3.0,6,59383,M,,,59
201400049512,14,8,18,1200,1,1,1,1.0,4,59560,M,,,59
201400049513,14,8,22,1715,1,1,1,3.0,7,59195,M,,,59
201400049514,14,9,4,745,2,1,1,1.0,2,59560,M,,,59
201400049515,14,9,4,1640,1,1,1,1.0,2,62637,M,,,62
201400049516,14,9,4,1945,1,1,1,1.0,7,62510,M,,,62
201400049517,14,9,5,650,3,1,1,1.0,7,59588,M,,,59
201400049518,14,9,5,1655,1,1,1,1.0,4,59507,M,,,59
201400049519,14,9,16,1330,1,1,1,1.0,7,62907,M,,,62
201400049520,14,9,16,1410,1,1,1,1.0,5,59189,M,,,59
201400049521,14,9,20,605,3,1,1,1.0,4,59383,M,,,59
201400049522,14,9,21,310,3,1,1,1.0,7,59258,M,,,59
201400049523,14,9,23,1205,1,1,1,1.0,5,59350,M,,,59
201400049524,14,9,27,730,2,1,1,1.0,2,59009,M,,,59
201400049525,14,9,27,1845,1,1,1,1.0,7,59386,M,,,59
201400049526,14,9,28,1215,1,1,1,1.0,2,59491,M,,,59
201400049527,14,10,4,140,3,1,1,1.0,2,59580,M,,,59
201400049528,14,10,8,1240,1,1,1,2.0,7,59646,M,,,59
201400049529,14,10,9,1145,1,1,1,1.0,2,62215,M,,,62
201400049530,14,10,11,1340,1,1,1,2.0,3,59544,M,,,59
201400049531,14,10,13,1615,1,1,1,1.0,2,59606,M,,,59
201400049532,14,10,14,1300,1,1,1,1.0,6,59507,M,,,59
201400049533,14,10,15,440,5,1,1,1.0,5,59260,M,,,59
201400049534,14,10,17,710,3,1,1,1.0,6,59431,M,,,59
201400049535,14,10,19,600,5,1,1,1.0,7,59426,M,,,59
201400049536,14,10,21,350,3,1,1,8.0,7,62548,M,,,62
201400049537,14,10,23,800,3,1,1,1.0,7,59560,M,,,59
201400049538,14,10,25,130,5,1,1,1.0,7,59195,M,,,59
201400049539,14,10,26,1120,1,1,1,1.0,7,59449,M,,,59
201400049540,14,10,29,1700,1,1,1,1.0,7,59195,M,,,59
201400049541,14,11,1,1045,1,1,1,7.0,2,59124,M,,,59
201400049542,14,11,1,1340,1,1,1,1.0,2,59560,M,,,59
201400049543,14,11,4,745,1,1,1,2.0,6,59646,M,,,59
201400049544,14,11,5,2020,3,1,1,3.0,6,62193,M,,,62
201400049545,14,11,7,645,3,1,1,1.0,6,59378,M,,,59
201400049546,14,11,7,945,1,1,1,2.0,7,59346,M,,,59
201400049547,14,11,8,600,3,1,1,1.0,6,59195,M,,,59
201400049548,14,11,15,220,4,1,1,1.0,7,59350,M,,,59
201400049549,14,11,11,1230,1,1,1,1.0,7,59143,M,,,59
201400049550,14,11,22,700,2,1,1,1.0,6,59155,M,,,59
201400049551,14,11,24,440,3,1,1,1.0,7,59143,M,,,59
201400049552,14,11,24,1345,1,1,1,1.0,4,62215,M,,,62
201400049553,14,11,29,350,3,1,1,1.0,7,59564,M,,,59
201400049554,14,11,29,1555,1,1,1,8.0,7,59606,M,,,59
201400049555,14,11,29,2115,3,1,1,1.0,6,59603,M,,,59
201400049556,14,12,4,2245,5,1,1,1.0,6,59378,M,,,59
201400049557,14,12,7,115,3,1,1,1.0,1,62239,M,,,62
201400049558,14,12,14,845,1,1,1,5.0,7,59435,M,,,59
201400049559,14,12,14,2230,3,1,1,1.0,7,59080,M,,,59
201400049560,14,12,18,545,5,1,1,8.0,6,59343,M,,,59
201400049561,14,12,19,1745,5,1,1,8.0,6,59350,M,,,59
201400049562,14,12,21,2345,3,1,1,8.0,7,59195,M,,,59
201400049563,14,12,25,1200,1,1,1,1.0,4,59043,M,,,59
201400049564,14,12,30,2020,3,1,1,8.0,7,59234,M,,,59
201400049565,14,1,1,350,5,2,3,1.0,3,69386,M,,,69
201400049566,14,1,4,2200,5,2,2,3.0,6,69383,M,,,69
201400049567,14,1,4,2325,5,2,2,2.0,1,69383,M,,,69
201400049568,14,1,6,1340,1,2,1,1.0,3,69383,M,,,69
201400049569,14,1,6,1755,5,2,1,1.0,7,69383,M,,,69
201400049570,14,1,10,1430,1,2,1,1.0,2,69383,M,,,69
201400049571,14,1,10,2120,5,2,1,1.0,6,69383,M,,,69
201400049572,14,1,7,1330,1,2,1,1.0,4,69386,M,,,69
201400049573,14,1,13,1410,1,2,1,2.0,3,69383,M,,,69
201400049574,14,1,16,830,1,2,3,1.0,3,69383,M,,,69
201400049575,14,1,16,1900,5,2,3,2.0,7,69383,M,,,69
201400049576,14,1,16,1940,5,2,1,2.0,7,69386,M,,,69
201400049577,14,1,17,1355,1,2,1,1.0,6,69383,M,,,69
201400049578,14,1,17,1625,1,2,2,1.0,3,69383,M,,,69
201400049579,14,1,17,1915,5,2,2,1.0,3,69383,M,,,69
201400049580,14,1,17,1945,5,2,1,1.0,3,69383,M,,,69
201400049581,14,1,20,1030,1,2,1,1.0,2,69383,M,,,69
201400049582,14,1,23,715,1,2,1,1.0,6,69386,M,,,69
201400049583,14,1,29,1500,1,2,2,1.0,3,69383,M,,,69
201400049584,14,1,31,830,1,2,1,5.0,6,69386,M,,,69
201400049585,14,1,31,1225,1,2,2,8.0,6,69383,M,,,69
201400049586,14,2,4,1600,1,2,1,1.0,6,69386,M,,,69
201400049587,14,2,9,555,5,2,1,1.0,3,69386,M,,,69
201400049588,14,2,6,1105,1,2,1,1.0,6,69387,M,,,69
201400049589,14,2,7,40,5,2,2,1.0,3,69386,M,,,69
201400049590,14,2,10,1935,5,2,1,2.0,3,69386,M,,,69
201400049591,14,2,12,2200,5,2,1,1.0,6,69383,M,,,69
201400049592,14,2,12,800,1,2,1,9.0,2,69386,M,,,69
201400049593,14,2,13,2000,5,2,6,1.0,6,69383,M,,,69
201400049594,14,2,17,1925,5,2,1,1.0,6,69383,M,,,69
201400049595,14,2,15,2045,5,2,2,2.0,1,69386,M,,,69
201400049596,14,2,19,815,1,2,2,8.0,3,69383,M,,,69
201400049597,14,2,17,1130,1,2,1,1.0,1,69387,M,,,69
201400049598,14,2,22,330,5,2,1,1.0,1,69386,M,,,69
201400049599,14,2,23,1455,1,2,2,1.0,3,69386,M,,,69
201400049600,14,2,27,1130,1,2,3,1.0,6,69386,M,,,69
201400049601,14,2,28,1815,5,2,2,1.0,3,69383,M,,,69
201400049602,14,3,2,600,5,2,1,1.0,6,69386,M,,,69
201400049603,14,3,3,855,1,2,9,8.0,2,69383,M,,,69
201400049604,14,3,3,1635,1,2,1,1.0,6,69383,M,,,69
201400049605,14,3,7,2150,5,2,1,1.0,2,69386,M,,,69
201400049606,14,3,8,1835,2,2,1,1.0,3,69383,M,,,69
201400049607,14,3,11,2030,5,2,3,1.0,3,69383,M,,,69
201400049608,14,4,11,2030,5,2,3,1.0,3,69383,M,,,69
201400049609,14,3,11,2044,5,2,1,1.0,3,69383,M,,,69
201400049610,14,3,12,1955,5,2,2,1.0,3,69386,M,,,69
201400049611,14,3,12,2040,5,2,2,1.0,6,69383,M,,,69
201400049612,14,3,13,1800,1,2,2,1.0,3,69386,M,,,69
201400049613,14,3,16,1400,1,2,2,1.0,3,69383,M,,,69
201400049614,14,3,17,1540,1,2,1,1.0,3,69383,M,,,69
201400049615,14,3,18,1040,1,2,1,1.0,2,69386,M,,,69
201400049616,14,3,22,1310,1,2,2,2.0,3,69383,M,,,69
201400049617,14,3,27,2245,5,2,2,1.0,3,69383,M,,,69
201400049618,14,3,28,1225,1,2,1,1.0,2,69386,M,,,69
201400049619,14,4,1,805,1,2,2,1.0,1,69383,M,,,69
201400049620,14,4,1,835,1,2,2,1.0,3,69383,M,,,69
201400049621,14,4,3,1700,1,2,1,1.0,6,69383,M,,,69
201400049622,14,4,1,1620,1,2,6,1.0,6,69383,M,,,69
201400049623,14,4,7,1,5,2,2,1.0,6,69383,M,,,69
201400049624,14,4,16,1930,1,2,3,1.0,3,69383,M,,,69
201400049625,14,4,8,1105,1,2,2,1.0,6,69383,M,,,69
201400049626,14,4,19,1625,1,2,2,1.0,3,69383,M,,,69
201400049627,14,4,15,1345,1,2,2,1.0,3,69383,M,,,69
201400049628,14,4,16,1315,1,2,3,1.0,6,69383,M,,,69
201400049629,14,4,17,1405,1,2,2,1.0,6,69386,M,,,69
201400049630,14,4,18,730,1,2,2,1.0,6,69383,M,,,69
201400049631,14,4,18,1400,1,2,3,1.0,6,69383,M,,,69
201400049632,14,4,18,1350,1,2,3,1.0,3,69386,M,,,69
201400049633,14,4,19,1000,1,2,2,7.0,6,69383,M,,,69
201400049634,14,4,18,1635,1,2,1,1.0,6,69386,M,,,69
201400049635,14,4,23,915,1,2,1,1.0,6,69383,M,,,69
201400049636,14,4,24,1020,1,2,1,1.0,3,69383,M,,,69
201400049637,14,4,23,1230,1,2,1,1.0,2,69383,M,,,69
201400049638,14,4,30,940,1,2,1,2.0,6,69386,M,,,69
201400049639,14,4,30,1355,1,2,3,1.0,3,69383,M,,,69
201400049640,14,5,5,1920,1,2,1,1.0,6,69383,M,,,69
201400049641,14,5,9,1500,1,2,1,1.0,2,69383,M,,,69
201400049642,14,5,9,845,1,2,1,1.0,3,69386,M,,,69
201400049643,14,5,15,1245,1,2,1,1.0,6,69383,M,,,69
201400049644,14,5,15,1350,1,2,2,1.0,3,69383,M,,,69
201400049645,14,5,15,1530,1,2,2,1.0,3,69383,M,,,69
201400049646,14,4,19,1900,1,2,2,1.0,3,69386,M,,,69
201400049647,14,5,19,1000,1,2,2,1.0,3,69383,M,,,69
201400049648,14,5,16,1600,1,2,1,1.0,3,69383,M,,,69
201400049649,14,5,12,1300,1,2,2,1.0,6,69383,M,,,69
201400049650,14,5,17,1920,1,2,1,1.0,3,69383,M,,,69
201400049651,14,5,17,2135,5,2,2,1.0,6,69386,M,,,69
201400049652,14,5,19,1240,1,2,2,1.0,3,69383,M,,,69
201400049653,14,5,19,1537,1,2,2,1.0,2,69386,M,,,69
201400049654,14,5,20,1040,1,2,1,1.0,6,69386,M,,,69
201400049655,14,5,18,315,5,2,2,1.0,3,69383,M,,,69
201400049656,14,5,20,915,1,2,2,1.0,3,69383,M,,,69
201400049657,14,5,21,1400,1,2,2,1.0,6,69266,M,,,69
201400049658,14,5,23,2000,1,2,1,1.0,5,69386,M,,,69
201400049659,14,5,23,1025,1,2,2,1.0,6,69383,M,,,69
201400049660,14,5,27,1650,1,2,1,1.0,2,69383,M,,,69
201400049661,14,5,28,1650,1,2,1,1.0,6,69383,M,,,69
201400049662,14,5,30,455,5,2,1,1.0,6,69383,M,,,69
201400049663,14,5,17,2330,5,2,1,1.0,3,69386,M,,,69
201400049664,14,5,30,1705,1,2,2,1.0,5,69383,M,,,69
201400049665,14,6,2,1820,1,2,2,1.0,3,69386,M,,,69
201400049666,14,6,11,800,1,2,1,1.0,3,69383,M,,,69
201400049667,14,6,4,1630,1,2,1,1.0,2,69386,M,,,69
201400049668,14,6,4,1505,1,2,3,2.0,3,69386,M,,,69
201400049669,14,6,6,845,1,2,3,1.0,3,69386,M,,,69
201400049670,14,6,10,1000,1,2,1,1.0,3,69383,M,,,69
201400049671,14,6,11,945,1,2,1,1.0,6,69386,M,,,69
201400049672,14,6,15,700,1,2,2,1.0,5,69386,M,,,69
201400049673,14,6,16,1455,1,2,2,1.0,6,69383,M,,,69
201400049674,14,6,17,1105,1,2,1,1.0,7,69386,M,,,69
201400049675,14,6,16,2020,1,2,1,1.0,3,69383,M,,,69
201400049676,14,6,17,1350,1,2,2,1.0,6,69386,M,,,69
201400049677,14,6,12,1450,1,2,1,1.0,7,69386,M,,,69
201400049678,14,6,18,1220,1,2,1,1.0,3,69383,M,,,69
201400049679,14,6,12,1930,1,2,1,1.0,6,69383,M,,,69
201400049680,14,6,18,2035,5,2,3,1.0,2,69386,M,,,69
201400049681,14,6,23,1200,1,2,1,1.0,7,69383,M,,,69
201400049682,14,6,26,2100,1,2,2,1.0,3,69383,M,,,69
201400049683,14,6,1,1425,1,2,2,1.0,3,69386,M,,,69
201400049684,14,6,29,1320,1,2,1,1.0,2,69383,M,,,69
201400049685,14,6,30,925,1,2,1,1.0,6,69383,M,,,69
201400049686,14,6,30,1250,1,2,2,1.0,3,69386,M,,,69
201400049687,14,6,22,405,5,2,1,1.0,6,69383,M,,,69
201400049688,14,6,30,1855,1,2,1,1.0,6,69383,M,,,69
201400049689,14,7,3,2015,1,2,2,1.0,4,69383,M,,,69
201400049690,14,7,7,1620,1,2,2,1.0,3,69386,M,,,69
201400049691,14,7,3,1400,1,2,1,1.0,5,69383,M,,,69
201400049692,14,7,7,1800,1,2,1,3.0,4,69386,M,,,69
201400049693,14,7,3,2040,1,2,2,1.0,6,69386,M,,,69
201400049694,14,7,8,1455,1,2,2,1.0,3,69383,M,,,69
201400049695,14,7,9,1925,1,2,1,2.0,3,69386,M,,,69
201400049696,14,7,13,950,1,2,1,1.0,2,69383,M,,,69
201400049697,14,7,16,920,1,2,2,1.0,3,69383,M,,,69
201400049698,14,7,17,1750,1,2,1,1.0,6,69383,M,,,69
201400049699,14,7,21,1900,1,2,1,2.0,3,69383,M,,,69
201400049700,14,7,17,2245,5,2,1,1.0,6,69388,M,,,69
201400049701,14,7,25,1255,1,2,1,1.0,3,69386,M,,,69
201400049702,14,7,26,1130,1,2,3,1.0,3,69383,M,,,69
201400049703,14,7,26,1950,1,2,1,1.0,2,69383,M,,,69
201400049704,14,7,29,920,1,2,1,2.0,3,69383,M,,,69
201400049705,14,7,29,1500,1,2,1,8.0,1,69383,M,,,69
201400049706,14,7,29,1015,1,2,2,3.0,6,69383,M,,,69
201400049707,14,7,19,1825,1,2,2,1.0,3,69383,M,,,69
201400049708,14,8,4,1240,1,2,2,1.0,6,69383,M,,,69
201400049709,14,8,7,845,1,2,3,1.0,2,69383,M,,,69
201400049710,14,8,8,450,5,2,2,1.0,3,69386,M,,,69
201400049711,14,8,8,1125,1,2,1,1.0,2,69383,M,,,69
201400049712,14,8,18,1830,1,2,1,1.0,7,69386,M,,,69
201400049713,14,8,20,1000,1,2,2,1.0,3,69383,M,,,69
201400049714,14,8,26,1945,1,2,3,1.0,3,69386,M,,,69
201400049715,14,8,27,825,1,2,2,1.0,3,69386,M,,,69
201400049716,14,8,27,950,1,2,1,1.0,3,69383,M,,,69
201400049717,14,8,27,1335,1,2,2,1.0,3,69386,M,,,69
201400049718,14,8,28,1000,1,2,2,1.0,3,69383,M,,,69
201400049719,14,8,28,1805,1,2,2,1.0,3,69383,M,,,69
201400049720,14,8,29,1715,1,2,1,1.0,3,69383,M,,,69
201400049721,14,9,1,1730,1,2,2,1.0,3,69383,M,,,69
201400049722,14,9,2,1815,1,2,1,1.0,3,69386,M,,,69
201400049723,14,9,4,810,1,2,1,1.0,6,69383,M,,,69
201400049724,14,9,6,2310,5,2,1,1.0,3,69383,M,,,69
201400049725,14,9,6,2000,2,2,1,1.0,6,69383,M,,,69
201400049726,14,9,8,745,1,2,1,1.0,3,69383,M,,,69
201400049727,14,9,8,1715,1,2,1,1.0,6,69383,M,,,69
201400049728,14,9,9,2205,5,2,1,1.0,3,69386,M,,,69
201400049729,14,9,10,1325,1,2,3,1.0,6,69383,M,,,69
201400049730,14,9,15,1245,1,2,3,1.0,3,69386,M,,,69
201400049731,14,9,12,1545,1,1,1,1.0,6,69383,M,,,69
201400049732,14,9,15,1345,1,2,2,1.0,6,69386,M,,,69
201400049733,14,9,16,805,1,2,1,1.0,3,69383,M,,,69
201400049734,14,9,16,1725,1,2,1,1.0,5,69383,M,,,69
201400049735,14,9,17,1515,1,2,5,1.0,3,69386,M,,,69
201400049736,14,9,17,1350,1,2,1,1.0,3,69386,M,,,69
201400049737,14,9,18,1010,1,2,2,1.0,3,69386,M,,,69
201400049738,14,9,21,435,5,2,1,1.0,2,69386,M,,,69
201400049739,14,9,13,2115,2,2,1,1.0,6,69029,M,,,69
201400049740,14,9,18,820,1,2,1,1.0,3,69383,M,,,69
201400049741,14,9,23,2155,5,2,2,1.0,1,69383,M,,,69
201400049742,14,9,24,825,1,2,1,1.0,3,69387,M,,,69
201400049743,14,9,24,1750,1,2,1,2.0,1,69383,M,,,69
201400049744,14,9,26,900,1,2,9,1.0,6,69383,M,,,69
201400049745,14,9,28,1430,1,2,1,1.0,2,69383,M,,,69
201400049746,14,9,29,1940,2,2,1,1.0,6,69383,M,,,69
201400049747,14,10,2,1900,1,2,1,1.0,3,69383,M,,,69
201400049748,14,10,3,2045,5,2,2,1.0,3,69386,M,,,69
201400049749,14,10,7,1830,1,2,2,1.0,3,69383,M,,,69
201400049750,14,10,10,2150,5,2,1,3.0,1,69383,M,,,69
201400049751,14,10,9,1750,1,2,1,3.0,6,69383,M,,,69
201400049752,14,10,14,1810,1,2,3,1.0,3,69383,M,,,69
201400049753,14,10,13,1040,1,2,1,2.0,6,69386,M,,,69
201400049754,14,10,20,1040,1,2,1,1.0,3,69386,M,,,69
201400049755,14,10,25,1825,1,2,2,1.0,3,69383,M,,,69
201400049756,14,10,30,1115,1,2,3,1.0,6,69386,M,,,69
201400049757,14,10,30,2250,5,2,1,1.0,2,69383,M,,,69
201400049758,14,10,31,645,1,2,1,1.0,6,69383,M,,,69
201400049759,14,10,31,1845,5,2,1,1.0,6,69383,M,,,69
201400049760,14,10,19,614,5,2,2,1.0,3,69388,M,,,69
201400049761,14,11,1,1630,1,2,1,1.0,2,69383,M,,,69
201400049762,14,11,6,1750,5,2,3,1.0,3,69383,M,,,69
201400049763,14,11,5,1655,1,2,2,2.0,3,69386,M,,,69
201400049764,14,11,7,1700,1,2,1,1.0,3,69383,M,,,69
201400049765,14,11,7,1200,1,2,1,1.0,6,69386,M,,,69
201400049766,14,11,8,1800,5,2,2,1.0,3,69386,M,,,69
201400049767,14,11,12,1740,5,2,2,1.0,3,69386,M,,,69
201400049768,14,11,7,625,2,2,2,1.0,3,69386,M,,,69
201400049769,14,11,6,1650,2,2,1,1.0,6,69383,M,,,69
201400049770,14,11,17,1115,1,2,2,1.0,3,69383,M,,,69
201400049771,14,11,17,730,1,2,2,2.0,3,69383,M,,,69
201400049772,14,11,17,1300,1,2,2,1.0,3,69383,M,,,69
201400049773,14,11,20,1945,5,2,3,1.0,5,69386,M,,,69
201400049774,14,11,21,1720,5,2,2,1.0,6,69386,M,,,69
201400049775,14,11,12,1445,1,2,1,2.0,2,69386,M,,,69
201400049776,14,11,24,1930,5,2,2,1.0,3,69383,M,,,69
201400049777,14,11,7,445,5,2,2,5.0,6,69386,M,,,69
201400049778,14,11,24,1945,5,2,1,1.0,6,69383,M,,,69
201400049779,14,11,27,745,1,2,1,8.0,7,69383,M,,,69
201400049780,14,11,27,945,1,2,1,1.0,4,69383,M,,,69
201400049781,14,11,27,2030,5,2,1,1.0,6,69383,M,,,69
201400049782,14,11,21,1145,1,2,1,1.0,6,69386,M,,,69
201400049783,14,11,27,1815,5,2,2,1.0,1,69383,M,,,69
201400049784,14,11,28,1220,1,2,1,1.0,6,69383,M,,,69
201400049785,14,12,1,820,1,2,0,2.0,7,69383,M,,,69
201400049786,14,12,3,850,1,2,1,1.0,6,69383,M,,,69
201400049787,14,12,5,1900,5,2,1,1.0,3,69383,M,,,69
201400049788,14,12,6,1930,5,2,2,2.0,3,69383,M,,,69
201400049789,14,12,8,735,2,2,2,2.0,6,69386,M,,,69
201400049790,14,12,8,1705,5,2,2,1.0,3,69383,M,,,69
201400049791,14,12,8,1740,2,2,1,1.0,5,69383,M,,,69
201400049792,14,12,3,1605,1,2,2,1.0,3,69386,M,,,69
201400049793,14,12,9,845,1,2,2,1.0,3,69386,M,,,69
201400049794,14,12,10,1545,1,2,1,2.0,2,69387,M,,,69
201400049795,14,12,11,1800,5,2,1,2.0,6,69383,M,,,69
201400049796,14,12,13,1630,1,2,2,8.0,6,69386,M,,,69
201400049797,14,12,13,1750,5,2,1,1.0,2,69383,M,,,69
201400049798,14,12,16,1210,1,2,1,1.0,3,69383,M,,,69
201400049799,14,12,16,1940,3,2,1,1.0,6,69386,M,,,69
201400049800,14,12,16,2350,5,2,1,1.0,6,69383,M,,,69
201400049801,14,12,17,1745,3,2,1,3.0,6,69266,M,,,69
201400049802,14,12,10,1900,4,2,1,2.0,1,69386,M,,,69
201400049803,14,12,17,1915,5,2,1,1.0,6,69383,M,,,69
201400049804,14,12,17,2000,5,2,2,2.0,4,69386,M,,,69
201400049805,14,12,22,1500,1,2,1,1.0,2,69383,M,,,69
201400049806,14,12,5,730,1,2,1,1.0,6,69383,M,,,69
201400049807,14,12,23,1230,1,2,1,1.0,6,69383,M,,,69
201400049808,14,12,23,1300,1,2,3,1.0,3,69383,M,,,69
201400049809,14,12,30,1743,5,2,1,1.0,4,69383,M,,,69
201400049810,14,2,15,1820,5,2,1,3.0,6,69384,M,,,69
201400049811,14,2,17,1400,1,2,1,1.0,3,69384,M,,,69
201400049812,14,2,21,738,1,2,1,2.0,6,69384,M,,,69
201400049813,14,2,24,1130,1,2,1,1.0,6,69384,M,,,69
201400049814,14,3,1,855,1,2,1,2.0,6,69384,M,,,69
201400049815,14,3,2,2140,5,2,1,1.0,6,69384,M,,,69
201400049816,14,3,12,1345,1,2,1,1.0,6,69384,M,,,69
201400049817,14,3,14,1605,1,2,1,1.0,6,69384,M,,,69
201400049818,14,3,17,1655,1,2,1,1.0,3,69384,M,,,69
201400049819,14,3,20,2120,5,2,1,1.0,3,69384,M,,,69
201400049820,14,3,31,848,1,2,1,1.0,6,69384,M,,,69
201400049821,14,4,1,1350,1,2,1,1.0,1,69384,M,,,69
201400049822,14,4,4,1655,1,2,1,1.0,2,69384,M,,,69
201400049823,14,4,18,130,5,2,1,1.0,7,69384,M,,,69
201400049824,14,4,29,900,1,2,1,1.0,6,69384,M,,,69
201400049825,14,5,19,1350,1,2,2,1.0,3,69384,M,,,69
201400049826,14,5,23,1930,1,2,2,1.0,1,69384,M,,,69
201400049827,14,5,30,1805,1,2,1,1.0,6,69384,M,,,69
201400049828,14,5,31,1607,1,2,2,1.0,6,69384,M,,,69
201400049829,14,5,14,740,1,2,1,1.0,7,69384,M,,,69
201400049830,14,6,9,1900,1,2,1,1.0,3,69384,M,,,69
201400049831,14,6,14,1430,1,2,1,1.0,2,69384,M,,,69
201400049832,14,6,15,1145,1,2,1,7.0,6,69034,M,,,69
201400049833,14,6,19,2230,5,2,1,1.0,2,69034,M,,,69
201400049834,14,6,20,1220,1,2,1,1.0,6,69384,M,,,69
201400049835,14,6,27,1604,1,2,1,1.0,7,69384,M,,,69
201400049836,14,11,9,2330,5,2,1,2.0,1,69384,M,,,69
201400049837,14,7,6,1830,1,2,3,3.0,2,69384,M,,,69
201400049838,14,7,10,2126,5,2,1,1.0,2,69384,M,,,69
201400049839,14,7,18,1300,1,2,1,1.0,3,69384,M,,,69
201400049840,14,8,6,1915,1,2,1,1.0,6,69384,M,,,69
201400049841,14,8,21,1720,1,2,1,1.0,3,69384,M,,,69
201400049842,14,8,27,1845,1,2,1,1.0,3,69384,M,,,69
201400049843,14,9,4,1100,1,2,1,1.0,3,69384,M,,,69
201400049844,14,9,4,1706,1,2,1,1.0,6,69384,M,,,69
201400049845,14,9,22,845,1,2,1,1.0,2,69384,M,,,69
201400049846,14,10,7,825,1,2,1,1.0,7,69384,M,,,69
201400049847,14,10,8,1500,1,2,1,1.0,3,69384,M,,,69
201400049848,14,10,13,1258,1,2,3,1.0,1,69384,M,,,69
201400049849,14,10,22,2050,5,2,1,1.0,3,69384,M,,,69
201400049850,14,12,22,1450,1,2,1,7.0,6,69384,M,,,69
201400049851,14,11,19,720,1,2,1,9.0,3,69384,M,,,69
201400049852,14,12,11,1705,4,2,3,2.0,3,69384,M,,,69
201400049853,14,1,2,920,1,1,1,2.0,6,33249,M,,,33
201400049854,14,1,2,955,1,1,1,1.0,6,33162,M,,,33
201400049855,14,1,4,2210,3,1,1,2.0,6,33550,M,,,33
201400049856,14,1,9,720,5,1,1,1.0,6,33119,M,,,33
201400049857,14,1,10,720,5,1,1,5.0,4,33397,M,,,33
201400049858,14,1,13,900,1,1,1,1.0,2,33249,M,,,33
201400049859,14,1,14,2035,3,1,1,1.0,4,33122,M,,,33
201400049860,14,1,15,815,2,1,1,2.0,3,33023,M,,,33
201400049861,14,1,15,915,1,1,1,2.0,2,33162,M,,,33
201400049862,14,1,16,1720,1,1,1,1.0,2,33143,M,,,33
201400049863,14,1,19,630,3,1,1,2.0,6,33063,M,,,33
201400049864,14,1,20,1100,1,1,1,2.0,6,33281,M,,,33
201400049865,14,1,25,810,2,1,1,3.0,3,33122,M,,,33
201400049866,14,1,25,820,2,1,1,2.0,6,33039,M,,,33
201400049867,14,1,25,910,1,1,1,2.0,6,33249,M,,,33
201400049868,14,1,25,2320,5,1,1,9.0,6,33249,M,,,33
201400049869,14,1,27,710,3,1,1,3.0,2,33080,M,,,33
201400049870,14,1,27,820,4,1,1,2.0,3,33550,M,,,33
201400049871,14,1,27,1000,1,1,1,2.0,6,33080,M,,,33
201400049872,14,1,28,1140,1,1,1,3.0,6,33119,M,,,33
201400049873,14,1,29,900,1,1,1,2.0,6,33065,M,,,33
201400049874,14,1,29,1730,1,1,1,2.0,6,33249,M,,,33
201400049875,14,2,1,1750,5,1,1,2.0,6,33249,M,,,33
201400049876,14,2,1,1955,3,1,1,1.0,5,33143,M,,,33
201400049877,14,2,3,1735,1,1,1,3.0,3,33143,M,,,33
201400049878,14,2,2,1940,5,1,1,1.0,6,33249,M,,,33
201400049879,14,2,4,940,1,1,1,1.0,2,33448,M,,,33
201400049880,14,2,7,925,1,1,1,1.0,2,33318,M,,,33
201400049881,14,2,8,1440,1,1,1,2.0,6,33249,M,,,33
201400049882,14,2,10,840,1,1,1,2.0,4,33075,M,,,33
201400049883,14,2,15,2240,5,1,1,1.0,6,33249,M,,,33
201400049884,14,2,21,1740,1,1,1,2.0,6,33122,M,,,33
201400049885,14,2,26,1440,1,1,1,2.0,6,33039,M,,,33
201400049886,14,2,26,2045,5,1,1,2.0,3,33192,M,,,33
201400049887,14,2,28,640,1,1,1,1.0,6,33039,M,,,33
201400049888,14,2,28,640,3,1,1,3.0,6,33550,M,,,33
201400049889,14,2,28,1245,1,1,1,8.0,4,33080,M,,,33
201400049890,14,2,28,1420,1,1,1,8.0,6,33318,M,,,33
201400049891,14,2,28,2025,5,1,1,2.0,6,33397,M,,,33
201400049892,14,3,3,1550,1,1,1,2.0,6,33249,M,,,33
201400049893,14,3,5,1735,1,1,1,1.0,6,33075,M,,,33
201400049894,14,3,5,945,1,1,1,1.0,6,33281,M,,,33
201400049895,14,3,6,1830,1,1,1,1.0,6,33318,M,,,33
201400049896,14,3,10,1920,4,1,1,1.0,6,33075,M,,,33
201400049897,14,3,8,1855,1,1,1,1.0,6,33318,M,,,33
201400049898,14,3,10,805,1,1,1,1.0,6,33162,M,,,33
201400049899,14,3,10,755,1,1,1,1.0,2,33080,M,,,33
201400049900,14,3,12,1815,1,1,1,1.0,3,33075,M,,,33
201400049901,14,3,13,1855,1,1,1,1.0,6,33143,M,,,33
201400049902,14,3,14,955,1,1,1,1.0,6,33318,M,,,33
201400049903,14,3,15,815,1,1,1,1.0,6,33167,M,,,33
201400049904,14,3,17,2225,3,1,1,1.0,6,33090,M,,,33
201400049905,14,3,19,1250,1,1,1,1.0,6,33318,M,,,33