Num_Acc,an,mois,jour,hrmn,lum,agg,int,atm,col,com,gps,lat,long,dep
201400049906,14,3,20,849,1,1,1,1.0,2,33192,M,,,33
201400049907,14,3,27,855,1,1,1,1.0,2,33281,M,,,33
201400049908,14,3,28,2155,5,1,1,1.0,4,33063,M,,,33
201400049909,14,4,1,1855,1,1,1,1.0,3,33366,M,,,33
201400049910,14,4,3,1510,1,1,1,2.0,6,33249,M,,,33
201400049911,14,4,3,1705,1,1,1,2.0,6,33249,M,,,33
201400049912,14,4,3,1800,1,1,1,3.0,6,33162,M,,,33
201400049913,14,4,10,850,1,1,1,1.0,2,33065,M,,,33
201400049914,14,4,11,820,1,1,1,1.0,6,33318,M,,,33
201400049915,14,4,11,2030,2,1,1,1.0,3,33063,M,,,33
201400049916,14,4,14,900,1,1,1,1.0,4,33550,M,,,33
201400049917,14,4,14,1010,1,1,1,1.0,4,33448,M,,,33
201400049918,14,4,14,1135,1,1,1,1.0,2,33192,M,,,33
201400049919,14,4,16,1700,1,1,1,1.0,3,33039,M,,,33
201400049920,14,4,19,1720,1,1,1,1.0,6,33249,M,,,33
201400049921,14,4,24,820,1,1,1,1.0,3,33167,M,,,33
201400049922,14,4,25,1720,1,1,1,1.0,4,33063,M,,,33
201400049923,14,4,25,2000,1,1,1,1.0,5,33249,M,,,33
201400049924,14,4,29,735,2,1,1,3.0,6,33550,M,,,33
201400049925,14,4,29,1925,1,1,1,2.0,6,33553,M,,,33
201400049926,14,5,2,725,1,1,1,2.0,2,33249,M,,,33
201400049927,14,5,2,1915,1,1,1,1.0,6,33080,M,4475226.0,-54277.0,33
201400049928,14,5,4,2125,3,1,1,1.0,6,33448,M,,,33
201400049929,14,5,5,1235,1,1,1,1.0,3,33192,M,,,33
201400049930,14,5,15,1640,1,1,1,1.0,6,33281,M,,,33
201400049931,14,5,16,945,1,1,1,1.0,3,33167,M,,,33
201400049932,14,5,16,1810,1,1,1,1.0,2,33318,M,,,33
201400049933,14,5,17,1225,1,1,1,1.0,6,33550,M,,,33
201400049934,14,5,17,1735,1,1,1,1.0,6,33119,M,,,33
201400049935,14,5,20,1350,1,1,1,2.0,6,33249,M,,,33
201400049936,14,5,20,1730,1,1,1,1.0,2,33192,M,,,33
201400049937,14,5,26,1915,1,1,1,1.0,6,33281,M,,,33
201400049938,14,5,28,1830,1,1,1,2.0,6,33039,M,,,33
201400049939,14,5,28,1850,1,1,1,1.0,6,33080,M,,,33
201400049940,14,5,30,720,1,1,1,1.0,6,33249,M,,,33
201400049941,14,5,30,1015,1,1,1,1.0,4,33318,M,,,33
201400049942,14,6,3,1455,1,1,1,1.0,2,33249,M,,,33
201400049943,14,6,5,2235,2,1,1,1.0,6,33167,M,,,33
201400049944,14,6,6,1200,1,1,1,1.0,6,33039,M,,,33
201400049945,14,6,6,1500,1,1,1,1.0,2,33318,M,,,33
201400049946,14,6,6,1900,1,1,1,1.0,6,33162,M,,,33
201400049947,14,6,8,715,1,1,1,1.0,6,33318,M,,,33
201400049948,14,6,8,1450,1,1,1,1.0,6,33550,M,,,33
201400049949,14,6,17,1745,1,1,1,1.0,2,33075,M,,,33
201400049950,14,6,20,1730,1,1,1,1.0,5,33550,M,,,33
201400049951,14,6,24,1730,1,1,1,1.0,6,33281,M,,,33
201400049952,14,6,28,245,4,1,1,3.0,6,33167,M,,,33
201400049953,14,7,1,1905,1,1,1,1.0,6,33281,M,,,33
201400049954,14,7,3,905,1,1,1,1.0,6,33143,M,,,33
201400049955,14,7,3,1435,1,1,1,1.0,6,33090,M,,,33
201400049956,14,7,3,1615,1,1,1,1.0,6,33063,M,,,33
201400049957,14,7,5,1527,1,1,1,1.0,6,33065,M,,,33
201400049958,14,7,6,1620,1,1,1,2.0,6,33039,M,,,33
201400049959,14,7,7,1540,1,1,1,2.0,6,33119,M,,,33
201400049960,14,7,8,915,1,1,1,3.0,6,33281,M,,,33
201400049961,14,7,9,1945,1,1,1,1.0,2,33192,M,,,33
201400049962,14,7,12,1122,1,1,1,1.0,4,33249,M,,,33
201400049963,14,7,12,2320,3,1,1,1.0,2,33080,M,,,33
201400049964,14,7,13,1915,1,1,1,2.0,6,33063,M,,,33
201400049965,14,7,15,2050,1,1,1,1.0,2,33080,M,,,33
201400049966,14,7,17,1325,1,1,1,1.0,3,33039,M,,,33
201400049967,14,7,19,1450,1,1,1,1.0,4,33249,M,,,33
201400049968,14,7,20,45,5,1,1,3.0,2,33249,M,,,33
201400049969,14,7,22,1745,1,1,1,1.0,4,33119,M,,,33
201400049970,14,7,24,1830,1,1,1,1.0,6,33039,M,,,33
201400049971,14,7,25,1105,1,1,1,1.0,6,33318,M,,,33
201400049972,14,7,25,1320,1,1,1,1.0,6,33063,M,,,33
201400049973,14,7,27,950,1,1,1,1.0,6,33090,M,,,33
201400049974,14,7,28,730,1,1,1,2.0,6,33080,M,,,33
201400049975,14,7,28,730,1,1,1,2.0,4,33080,M,,,33
201400049976,14,7,31,1715,1,1,1,1.0,4,33550,M,,,33
201400049977,14,8,1,805,1,1,1,1.0,2,33192,M,,,33
201400049978,14,8,4,1220,1,1,1,1.0,6,33550,M,,,33
201400049979,14,8,9,1450,1,1,1,2.0,6,33063,M,,,33
201400049980,14,8,9,1615,1,1,1,2.0,6,33249,M,,,33
201400049981,14,8,9,1630,1,1,1,3.0,6,33063,M,,,33
201400049982,14,8,9,1710,1,1,1,2.0,6,33039,M,,,33
201400049983,14,8,9,1825,1,1,1,8.0,6,33039,M,,,33
201400049984,14,8,11,840,1,1,1,1.0,6,33192,M,,,33
201400049985,14,8,17,1915,1,1,1,1.0,6,33318,M,,,33
201400049986,14,8,18,820,1,1,1,1.0,6,33192,M,,,33
201400049987,14,8,18,1610,1,1,1,1.0,2,33063,M,,,33
201400049988,14,8,22,1220,1,1,1,1.0,3,33550,M,,,33
201400049989,14,8,24,1130,1,1,1,1.0,6,33065,M,,,33
201400049990,14,8,26,1540,1,1,1,2.0,6,33249,M,,,33
201400049991,14,8,26,1920,1,1,1,3.0,6,33122,M,,,33
201400049992,14,8,26,2030,4,1,1,2.0,6,33281,M,,,33
201400049993,14,8,27,115,3,1,1,2.0,6,33122,M,,,33
201400049994,14,8,27,1645,1,1,1,1.0,6,33162,M,,,33
201400049995,14,8,29,640,2,1,1,1.0,6,33122,M,,,33
201400049996,14,8,30,230,5,1,1,1.0,6,33550,M,,,33
201400049997,14,9,2,1745,1,1,1,1.0,6,33281,M,,,33
201400049998,14,9,3,1820,1,1,1,1.0,6,33249,M,,,33
201400049999,14,9,4,820,1,1,1,7.0,6,33162,M,,,33
201400050000,14,9,5,1720,1,1,1,1.0,2,33249,M,,,33
201400050001,14,9,9,1120,1,1,1,1.0,6,33487,M,,,33
201400050002,14,9,9,1700,1,1,1,1.0,6,33162,M,,,33
201400050003,14,9,15,705,2,1,1,1.0,6,33122,M,,,33
201400050004,14,9,15,1710,1,1,1,1.0,6,33065,M,,,33
201400050005,14,9,17,700,2,1,1,1.0,6,33075,M,,,33
201400050006,14,9,17,1845,1,1,1,3.0,6,33249,M,,,33
201400050007,14,9,19,1235,1,1,1,1.0,6,33281,M,,,33
201400050008,14,9,19,1910,1,1,1,1.0,6,33281,M,,,33
201400050009,14,9,20,1955,2,1,1,1.0,6,33318,M,,,33
201400050010,14,9,22,1045,1,1,1,1.0,6,33192,M,,,33
201400050011,14,9,22,1630,1,1,1,1.0,6,33162,M,,,33
201400050012,14,9,23,1820,1,1,1,1.0,6,33039,M,,,33
201400050013,14,9,24,845,1,1,1,1.0,4,33249,M,,,33
201400050014,14,9,26,2200,5,1,1,1.0,2,33096,M,,,33
201400050015,14,9,28,2045,3,1,1,1.0,6,33318,M,,,33
201400050016,14,9,29,750,1,1,1,1.0,6,33249,M,,,33
201400050017,14,9,29,730,5,1,1,1.0,4,33397,M,,,33
201400050018,14,9,29,840,1,1,1,1.0,6,33075,M,,,33
201400050019,14,10,3,755,2,1,1,1.0,6,33065,M,,,33
201400050020,14,10,3,1752,1,1,1,1.0,2,33039,M,,,33
201400050021,14,10,7,705,3,1,1,8.0,6,33318,M,,,33
201400050022,14,10,8,645,3,1,1,2.0,6,33318,M,,,33
201400050023,14,10,10,1345,1,1,1,1.0,6,33065,M,,,33
201400050024,14,10,13,715,4,1,1,1.0,6,33487,M,,,33
201400050025,14,10,14,600,3,1,1,1.0,6,33080,M,,,33
201400050026,14,10,16,655,2,1,1,1.0,6,33039,M,,,33
201400050027,14,10,16,715,2,1,1,2.0,2,33162,M,,,33
201400050028,14,10,16,1945,4,1,1,1.0,2,33487,M,,,33
201400050029,14,10,19,730,2,1,1,1.0,3,33487,M,,,33
201400050030,14,10,19,1020,1,1,1,1.0,1,33550,M,,,33
201400050031,14,10,22,720,2,1,1,1.0,2,33550,M,,,33
201400050032,14,10,23,1810,1,1,1,1.0,4,33162,M,,,33
201400050033,14,10,27,1655,1,1,1,1.0,6,33281,M,,,33
201400050034,14,10,27,1830,2,1,1,1.0,5,33318,M,,,33
201400050035,14,10,28,2150,5,1,1,1.0,3,33039,M,,,33
201400050036,14,10,29,1540,1,1,1,1.0,6,33281,M,,,33
201400050037,14,11,2,1312,1,1,1,1.0,6,33119,M,,,33
201400050038,14,11,2,2135,4,1,1,1.0,6,33119,M,,,33
201400050039,14,11,3,755,1,1,1,2.0,2,33122,M,,,33
201400050040,14,11,3,835,1,1,1,1.0,6,33065,M,,,33
201400050041,14,11,4,1925,5,1,1,1.0,6,33063,M,,,33
201400050042,14,11,6,1620,1,1,1,1.0,6,33249,M,,,33
201400050043,14,11,6,1850,3,1,1,1.0,4,33318,M,,,33
201400050044,14,11,7,835,1,1,1,2.0,6,33281,M,,,33
201400050045,14,11,7,1930,3,1,1,1.0,6,33080,M,,,33
201400050046,14,11,7,2020,3,1,1,1.0,5,33550,M,,,33
201400050047,14,11,9,1200,1,1,1,1.0,7,33249,M,,,33
201400050048,14,11,10,550,5,1,1,1.0,6,33167,M,,,33
201400050049,14,11,12,1230,1,1,1,2.0,6,33281,M,,,33
201400050050,14,11,12,1235,1,1,1,2.0,6,33318,M,,,33
201400050051,14,11,12,2210,5,1,1,1.0,6,33535,M,,,33
201400050052,14,11,15,1450,1,1,1,2.0,6,33249,M,,,33
201400050053,14,11,15,1640,1,1,1,3.0,6,33063,M,,,33
201400050054,14,11,16,1345,1,1,1,2.0,6,33249,M,,,33
201400050055,14,11,17,905,1,1,1,1.0,6,33249,M,,,33
201400050056,14,11,17,915,1,1,1,2.0,6,33550,M,,,33
201400050057,14,11,18,1125,1,1,1,2.0,6,33249,M,,,33
201400050058,14,11,18,1525,1,1,1,1.0,6,33063,M,,,33
201400050059,14,11,20,835,1,1,1,1.0,6,33080,M,,,33
201400050060,14,11,20,1840,2,1,1,1.0,6,33039,M,,,33
201400050061,14,11,21,1350,1,1,1,1.0,6,33318,M,,,33
201400050062,14,11,29,220,5,1,1,1.0,1,33550,M,,,33
201400050063,14,11,29,1340,1,1,1,2.0,6,33063,M,,,33
201400050064,14,11,30,1635,1,1,1,1.0,6,33318,M,,,33
201400050065,14,11,28,1830,5,1,1,1.0,6,33003,M,,,33
201400050066,14,12,4,1420,1,1,1,1.0,6,33397,M,,,33
201400050067,14,12,4,1715,2,1,1,2.0,6,33075,M,,,33
201400050068,14,12,4,1900,5,1,1,1.0,6,33119,M,,,33
201400050069,14,12,4,2035,4,1,1,1.0,6,33075,M,,,33
201400050070,14,12,4,2115,3,1,1,1.0,6,33075,M,,,33
201400050071,14,12,6,655,5,1,1,1.0,6,33550,M,,,33
201400050072,14,12,7,755,2,1,1,1.0,6,33249,M,,,33
201400050073,14,12,9,750,1,1,1,1.0,6,33003,M,,,33
201400050074,14,12,10,2328,3,1,1,2.0,6,33550,M,,,33
201400050075,14,12,12,1700,2,1,1,1.0,4,33550,M,,,33
201400050076,14,12,13,1050,1,1,1,1.0,6,33281,M,,,33
201400050077,14,12,14,705,3,1,1,1.0,6,33281,M,,,33
201400050078,14,12,18,815,2,1,1,2.0,6,33192,M,,,33
201400050079,14,12,19,1345,1,1,1,1.0,6,33023,M,,,33
201400050080,14,12,19,1920,5,1,1,1.0,6,33318,M,,,33
201400050081,14,12,23,1550,1,1,1,1.0,2,33096,M,,,33
201400050082,14,12,24,710,3,1,1,2.0,6,33080,M,,,33
201400050083,14,12,25,1915,5,1,1,1.0,6,33550,M,,,33
201400050084,14,12,26,2155,3,1,1,1.0,6,33122,M,,,33
201400050085,14,12,28,632,2,1,1,1.0,6,33366,M,,,33
201400050086,14,12,28,2225,5,1,1,1.0,6,33249,M,,,33
201400050087,14,12,31,1750,2,1,1,1.0,6,33065,M,,,33
201400050088,14,3,8,1315,1,2,2,1.0,1,69385,M,,,69
201400050089,14,1,15,5,5,2,1,8.0,6,69385,M,,,69
201400050090,14,1,15,730,5,2,3,1.0,1,69385,M,,,69
201400050091,14,1,16,1045,1,2,1,2.0,6,69385,M,,,69
201400050092,14,1,23,835,1,2,2,1.0,6,69385,M,,,69
201400050093,14,2,2,1152,1,2,1,1.0,6,69385,M,,,69
201400050094,14,2,6,715,1,2,1,1.0,6,69385,M,,,69
201400050095,14,2,12,1620,1,2,9,1.0,3,69385,M,,,69
201400050096,14,2,27,1950,5,2,1,2.0,6,69385,M,,,69
201400050097,14,3,25,840,1,2,1,8.0,6,69385,M,,,69
201400050098,14,3,27,1405,1,2,1,1.0,3,69385,M,,,69
201400050099,14,4,1,1700,1,2,1,1.0,6,69385,M,,,69
201400050100,14,4,2,1700,1,2,1,1.0,7,69385,M,,,69
201400050101,14,4,6,1725,1,2,1,1.0,6,69385,M,,,69
201400050102,14,4,11,1320,1,2,1,1.0,3,69385,M,,,69
201400050103,14,4,18,1225,1,2,1,1.0,6,69385,M,,,69
201400050104,14,5,4,1600,1,2,1,1.0,6,69385,M,,,69
201400050105,14,5,5,1540,1,2,1,1.0,6,69385,M,,,69
201400050106,14,5,20,745,1,2,1,1.0,7,69385,M,,,69
201400050107,14,5,21,1700,1,2,1,1.0,6,69385,M,,,69
201400050108,14,5,22,1355,1,2,1,2.0,7,69385,M,,,69
201400050109,14,5,30,1220,1,2,1,1.0,6,69385,M,,,69
201400050110,14,5,31,10,5,2,1,1.0,7,69385,M,,,69
201400050111,14,5,31,1240,1,2,1,1.0,3,69385,M,,,69
201400050112,14,6,4,1205,1,2,6,3.0,3,69385,M,,,69
201400050113,14,6,5,1920,1,2,1,1.0,2,69385,M,,,69
201400050114,14,6,20,1950,1,2,1,1.0,7,69385,M,,,69
201400050115,14,6,26,20,5,2,1,1.0,7,69385,M,,,69
201400050116,14,7,5,1530,1,2,1,1.0,6,69385,M,,,69
201400050117,14,7,9,1920,1,2,1,3.0,3,69385,M,,,69
201400050118,14,7,11,1850,1,2,1,1.0,6,69385,M,,,69
201400050119,14,12,6,1230,1,2,1,1.0,2,69385,M,,,69
201400050120,14,8,6,1303,1,2,1,1.0,7,69385,M,,,69
201400050121,14,8,11,1940,1,2,1,1.0,2,69385,M,,,69
201400050122,14,9,26,1845,1,2,1,1.0,6,69385,M,,,69
201400050123,14,9,7,1635,1,2,1,1.0,1,69385,M,,,69
201400050124,14,9,12,1745,1,2,1,1.0,6,69385,M,,,69
201400050125,14,9,12,1855,1,2,1,1.0,6,69385,M,,,69
201400050126,14,9,28,1400,1,2,1,1.0,3,69385,M,,,69
201400050127,14,10,6,1240,1,2,1,1.0,6,69385,M,,,69
201400050128,14,10,10,1950,5,2,1,2.0,3,69385,M,,,69
201400050129,14,10,14,2240,5,2,1,1.0,6,69385,M,,,69
201400050130,14,10,15,1825,1,2,1,1.0,6,69385,M,,,69
201400050131,14,10,20,720,5,2,2,1.0,6,69385,M,,,69
201400050132,14,10,27,1720,2,2,1,1.0,6,69385,M,,,69
201400050133,14,11,4,1120,1,2,1,3.0,6,69385,M,,,69
201400050134,14,11,4,1815,5,2,1,3.0,6,69385,M,,,69
201400050135,14,11,8,2000,4,2,1,1.0,1,69385,M,,,69
201400050136,14,11,19,1220,1,2,4,1.0,3,69385,M,,,69
201400050137,14,11,28,1900,5,2,1,1.0,6,69385,M,,,69
201400050138,14,11,29,2005,5,2,1,1.0,3,69385,M,,,69
201400050139,14,12,2,505,5,2,1,1.0,6,69385,M,,,69
201400050140,14,12,15,755,1,2,1,1.0,6,69385,M,,,69
201400050141,14,12,18,745,2,2,1,2.0,6,69385,M,,,69
201400050142,14,1,24,1830,4,1,1,1.0,4,67482,M,,,67
201400050143,14,3,12,1815,2,1,1,1.0,2,67482,M,,,67
201400050144,14,5,5,725,1,1,1,1.0,3,67482,M,,,67
201400050145,14,5,14,1225,1,1,1,1.0,5,67482,M,,,67
201400050146,14,5,26,1710,1,1,1,1.0,7,67137,M,,,67
201400050147,14,5,27,1310,1,1,1,1.0,5,67365,M,,,67
201400050148,14,6,12,1200,1,1,1,1.0,3,67447,M,,,67
201400050149,14,6,17,2030,1,1,1,1.0,6,67482,M,,,67
201400050150,14,6,30,830,1,1,1,2.0,3,67482,M,,,67
201400050151,14,7,7,530,2,1,1,8.0,6,67482,M,,,67
201400050152,14,7,15,2205,3,1,1,1.0,6,67482,M,,,67
201400050153,14,7,16,1815,1,1,1,1.0,4,67482,M,,,67
201400050154,14,8,29,1120,1,1,1,1.0,3,67482,M,,,67
201400050155,14,9,5,1230,1,1,1,1.0,3,67447,M,,,67
201400050156,14,9,8,1700,1,1,1,1.0,4,67447,M,,,67
201400050157,14,9,10,1055,1,1,1,1.0,5,67482,M,,,67
201400050158,14,10,21,930,1,1,1,1.0,6,67049,M,,,67
201400050159,14,10,24,1140,1,1,1,1.0,5,67482,M,,,67
201400050160,14,12,14,400,3,1,1,2.0,7,67482,M,,,67
201400050161,14,12,21,1925,3,1,1,1.0,4,67482,M,,,67
201400050162,14,1,27,833,1,1,1,2.0,2,54578,M,4866568.0,612381.0,54
201400050163,14,2,17,850,1,1,1,5.0,4,54328,M,4863152.0,617748.0,54
201400050164,14,2,8,2225,3,1,1,1.0,5,54312,M,4893122.0,611129.0,54
201400050165,14,2,28,1315,1,1,1,2.0,7,54547,M,4864806.0,613641.0,54
201400050166,14,3,6,1520,1,1,1,1.0,2,54232,M,4868858.0,599514.0,54
201400050167,14,2,5,740,2,1,1,2.0,7,54462,M,4861700.0,631886.0,54
201400050168,14,4,16,907,1,1,1,1.0,2,54232,M,4868833.0,600602.0,54
201400050169,14,5,5,710,1,1,1,1.0,6,54483,M,4861715.0,628610.0,54
201400050170,14,7,13,518,2,1,1,1.0,5,54150,M,4879132.0,612286.0,54
201400050171,14,7,3,1030,1,1,1,1.0,3,54304,M,4869451.0,610732.0,54
201400050172,14,7,30,930,1,1,1,2.0,6,54090,M,4874807.0,615578.0,54
201400050173,14,8,23,1235,1,1,1,1.0,4,54528,M,4865512.0,588891.0,54
201400050174,14,9,21,2030,3,1,1,8.0,4,54528,M,4865330.0,588367.0,54
201400050175,14,10,6,1112,1,1,1,2.0,7,54483,M,4861681.0,628398.0,54
201400050176,14,10,21,2030,3,1,1,2.0,3,54357,M,4871364.0,615110.0,54
201400050177,14,10,30,1400,1,1,1,1.0,2,54571,M,4861861.0,626751.0,54
201400050178,14,11,26,1755,3,1,1,1.0,2,54328,M,4861229.0,617725.0,54
201400050179,14,11,28,1745,3,1,1,8.0,4,54090,M,4875726.0,615246.0,54
201400050180,14,11,28,1841,3,1,1,1.0,2,54357,M,4870849.0,614264.0,54
201400050181,14,12,15,1620,2,1,1,8.0,3,54578,M,4865929.0,612442.0,54
201400050182,14,1,1,240,3,1,1,2.0,6,57212,M,,,57
201400050183,14,1,13,1100,1,1,1,1.0,6,57452,M,,,57
201400050184,14,1,17,620,3,1,1,2.0,3,57582,M,,,57
201400050185,14,2,9,930,1,1,4,8.0,6,57582,M,0.0,0.0,57
201400050186,14,2,20,1005,1,1,1,1.0,1,57447,M,,,57
201400050187,14,3,4,830,1,1,1,1.0,6,57447,M,,,57
201400050188,14,3,25,2048,3,1,1,1.0,4,57463,M,,,57
201400050189,14,4,16,300,3,1,1,1.0,2,57666,M,,,57
201400050190,14,4,28,105,3,1,1,1.0,2,57663,M,,,57
201400050191,14,5,24,720,1,1,1,2.0,6,57672,M,,,57
201400050192,14,6,5,1030,1,1,1,1.0,6,57666,M,,,57
201400050193,14,6,16,815,1,1,1,1.0,3,57194,M,,,57
201400050194,14,6,19,1540,1,1,1,1.0,7,57303,M,,,57
201400050195,14,6,26,150,3,1,1,1.0,2,57343,M,,,57
201400050196,14,7,21,1110,1,1,1,3.0,2,57303,M,,,57
201400050197,14,7,24,1950,1,1,1,2.0,2,57672,M,,,57
201400050198,14,8,10,2355,3,1,1,2.0,2,57534,M,,,57
201400050199,14,8,22,445,4,1,1,1.0,7,57663,M,,,57
201400050200,14,8,23,1545,1,1,1,1.0,7,57306,M,,,57
201400050201,14,9,4,630,2,1,1,1.0,5,57672,M,,,57
201400050202,14,9,9,1805,1,1,1,1.0,2,57672,M,,,57
201400050203,14,9,12,1818,1,1,1,1.0,2,57463,M,,,57
201400050204,14,10,9,1110,1,1,1,3.0,3,57663,M,,,57
201400050205,14,10,29,300,3,1,1,1.0,6,57663,M,,,57
201400050206,14,11,1,1425,1,1,1,1.0,2,57487,M,,,57
201400050207,14,11,25,1835,4,1,1,1.0,4,57463,M,,,57
201400050208,14,12,5,322,4,1,1,1.0,6,57463,M,,,57
201400050209,14,12,6,1305,1,1,1,1.0,5,57663,M,,,57
201400050210,14,12,9,750,2,1,1,2.0,4,57463,M,,,57
201400050211,14,12,21,620,3,1,1,1.0,6,57534,M,,,57
201400050212,14,12,3,1830,3,1,1,1.0,2,57412,M,,,57
201400050213,14,1,6,1500,1,2,2,1.0,6,69387,M,,,69
201400050214,14,1,6,2034,5,2,2,6.0,3,69387,M,,,69
201400050215,14,1,7,1250,1,2,1,1.0,6,69387,M,,,69
201400050216,14,1,9,1750,5,2,2,1.0,1,69387,M,,,69
201400050217,14,1,10,2130,5,2,2,1.0,3,69387,M,,,69
201400050218,14,1,15,1610,1,2,1,1.0,3,69387,M,,,69
201400050219,14,1,26,440,5,2,2,1.0,3,69387,M,,,69
201400050220,14,1,19,2000,5,2,2,9.0,6,69387,M,,,69
201400050221,14,1,22,2050,5,2,2,1.0,3,69387,M,,,69
201400050222,14,1,24,715,5,2,2,1.0,3,69387,M,,,69
201400050223,14,2,3,1100,1,2,1,1.0,6,69387,M,,,69
201400050224,14,2,5,1825,5,2,2,1.0,6,69387,M,,,69
201400050225,14,2,10,850,1,2,1,2.0,3,69387,M,,,69
201400050226,14,2,12,1145,1,2,1,1.0,3,69387,M,,,69
201400050227,14,2,15,1930,5,2,1,2.0,6,69387,M,,,69
201400050228,14,2,14,725,1,2,1,1.0,6,69387,M,,,69
201400050229,14,2,16,1600,1,2,1,1.0,2,69387,M,,,69
201400050230,14,2,16,1940,5,2,2,1.0,3,69387,M,,,69
201400050231,14,2,19,1930,3,2,1,9.0,7,69387,M,,,69
201400050232,14,2,27,1105,1,2,1,2.0,3,69387,M,,,69
201400050233,14,3,2,150,5,2,1,1.0,4,69387,M,,,69
201400050234,14,3,4,745,1,2,2,1.0,3,69387,M,,,69
201400050235,14,3,7,1615,1,2,2,1.0,3,69387,M,,,69
201400050236,14,3,9,1250,1,2,1,1.0,6,69387,M,,,69
201400050237,14,3,10,1310,1,2,2,1.0,6,69387,M,,,69
201400050238,14,3,16,1310,1,2,1,1.0,6,69387,M,,,69
201400050239,14,3,17,1220,1,2,2,1.0,6,69387,M,,,69
201400050240,14,3,17,1150,1,2,1,1.0,3,69387,M,,,69
201400050241,14,3,19,2330,5,2,1,1.0,2,69387,M,,,69
201400050242,14,3,20,1600,1,2,1,1.0,6,69387,M,,,69
201400050243,14,3,22,2135,5,2,3,1.0,3,69387,M,,,69
201400050244,14,3,25,1040,1,2,3,1.0,2,69387,M,,,69
201400050245,14,3,15,1900,5,2,2,1.0,3,69387,M,,,69
201400050246,14,3,24,1830,4,2,7,1.0,3,69387,M,,,69
201400050247,14,3,26,1830,2,2,1,1.0,6,69387,M,,,69
201400050248,14,3,28,825,1,2,1,1.0,2,69387,M,,,69
201400050249,14,3,28,920,1,2,1,1.0,6,69387,M,,,69
201400050250,14,4,4,1645,1,2,1,1.0,6,69387,M,,,69
201400050251,14,4,1,1405,1,2,2,1.0,1,69387,M,,,69
201400050252,14,4,1,1830,1,2,1,1.0,6,69387,M,,,69
201400050253,14,4,9,1900,1,2,1,1.0,2,69387,M,,,69
201400050254,14,4,7,2030,5,2,1,1.0,2,69387,M,,,69
201400050255,14,4,6,410,5,2,1,1.0,2,69387,M,,,69
201400050256,14,4,6,1920,2,2,1,1.0,3,69387,M,,,69
201400050257,14,4,8,1030,1,2,1,1.0,2,69387,M,,,69
201400050258,14,4,11,1355,1,2,1,1.0,6,69387,M,,,69
201400050259,14,4,15,1350,1,2,3,1.0,3,69387,M,,,69
201400050260,14,4,17,1432,1,2,2,1.0,3,69387,M,,,69
201400050261,14,4,9,840,1,2,1,1.0,1,69387,M,,,69
201400050262,14,4,13,1600,1,2,1,1.0,2,69387,M,,,69
201400050263,14,4,17,1835,1,2,2,7.0,1,69387,M,,,69
201400050264,14,4,16,930,1,2,2,1.0,3,69387,M,,,69
201400050265,14,4,16,1115,1,2,2,1.0,3,69387,M,,,69
201400050266,14,4,22,2050,5,2,2,2.0,3,69387,M,,,69
201400050267,14,4,19,1130,1,2,2,1.0,3,69387,M,,,69
201400050268,14,4,23,1950,1,2,2,1.0,1,69387,M,,,69
201400050269,14,4,22,910,1,2,2,1.0,7,69387,M,,,69
201400050270,14,4,22,1625,1,2,2,1.0,2,69387,M,,,69
201400050271,14,4,25,1850,1,2,1,1.0,3,69387,M,,,69
201400050272,14,4,30,1300,1,2,1,1.0,3,69387,M,,,69
201400050273,14,5,4,1705,1,2,1,1.0,2,69387,M,,,69
201400050274,14,5,10,1910,1,2,1,1.0,6,69387,M,,,69
201400050275,14,5,12,45,5,2,1,1.0,3,69388,M,,,69
201400050276,14,4,22,1624,1,2,1,1.0,2,69387,M,,,69
201400050277,14,5,13,1750,1,2,1,1.0,3,69387,M,,,69
201400050278,14,5,15,805,1,2,2,1.0,3,69387,M,,,69
201400050279,14,5,18,120,5,2,1,1.0,3,69387,M,,,69
201400050280,14,5,28,1840,1,2,1,1.0,3,69387,M,,,69
201400050281,14,5,20,1920,1,2,1,1.0,3,69387,M,,,69
201400050282,14,5,23,2000,1,2,1,8.0,7,69387,M,,,69
201400050283,14,5,21,1030,1,2,2,1.0,6,69387,M,,,69
201400050284,14,5,29,1810,1,2,2,1.0,3,69387,M,,,69
201400050285,14,5,26,1845,1,2,2,3.0,3,69387,M,,,69
201400050286,14,5,28,1150,1,2,1,1.0,6,69387,M,,,69
201400050287,14,5,30,1130,1,2,1,1.0,3,69387,M,,,69
201400050288,14,5,12,1110,1,2,1,1.0,3,69387,M,,,69
201400050289,14,5,22,1425,1,2,2,3.0,6,69387,M,,,69
201400050290,14,5,29,2210,5,2,1,1.0,6,69387,M,,,69
201400050291,14,6,5,2315,5,1,1,1.0,5,69387,M,,,69
201400050292,14,6,3,1750,1,2,1,1.0,6,69387,M,,,69
201400050293,14,6,11,1200,1,2,1,1.0,6,69387,M,,,69
201400050294,14,6,12,1115,1,2,1,1.0,6,69387,M,,,69
201400050295,14,6,11,1020,1,2,2,1.0,6,69387,M,,,69
201400050296,14,6,17,1118,1,2,1,1.0,4,69387,M,,,69
201400050297,14,6,25,1750,1,2,1,1.0,1,69387,M,,,69
201400050298,14,6,21,1930,1,2,1,1.0,3,69387,M,,,69
201400050299,14,6,5,1255,1,2,1,1.0,6,69387,M,,,69
201400050300,14,6,17,938,1,2,1,1.0,3,69387,M,,,69
201400050301,14,6,25,1100,1,2,1,1.0,6,69387,M,,,69
201400050302,14,6,18,2120,2,2,1,2.0,7,69387,M,,,69
201400050303,14,7,1,1350,1,2,2,1.0,3,69387,M,,,69
201400050304,14,7,16,1800,1,2,2,1.0,3,69387,M,,,69
201400050305,14,7,23,1717,1,2,1,1.0,2,69387,M,,,69