Num_Acc,an,mois,jour,hrmn,lum,agg,int,atm,col,com,gps,lat,long,dep
201400050306,14,7,9,2025,1,2,1,2.0,6,69387,M,,,69
201400050307,14,8,2,2130,2,2,2,1.0,3,69387,M,,,69
201400050308,14,8,11,1220,1,2,1,2.0,5,69387,M,,,69
201400050309,14,8,15,250,5,2,2,2.0,2,69387,M,,,69
201400050310,14,8,28,1915,1,2,2,1.0,6,69387,M,,,69
201400050311,14,8,20,1155,1,2,1,1.0,2,69387,M,,,69
201400050312,14,9,9,1930,1,2,2,1.0,3,69387,M,,,69
201400050313,14,9,5,1925,1,2,1,1.0,6,69387,M,,,69
201400050314,14,9,3,200,5,2,1,1.0,5,69387,M,,,69
201400050315,14,9,12,1825,1,2,1,1.0,6,69387,M,,,69
201400050316,14,9,4,1735,1,2,2,1.0,3,69387,M,,,69
201400050317,14,9,14,1830,1,2,1,1.0,6,69387,M,,,69
201400050318,14,9,10,1600,1,2,1,1.0,4,69387,M,,,69
201400050319,14,9,12,1740,1,2,3,2.0,3,69387,M,,,69
201400050320,14,9,6,515,5,2,1,1.0,6,69387,M,,,69
201400050321,14,9,20,330,5,2,2,1.0,3,69387,M,,,69
201400050322,14,9,2,1815,1,2,1,1.0,6,69387,M,,,69
201400050323,14,9,19,1445,1,2,1,1.0,2,69387,M,,,69
201400050324,14,9,12,1730,1,2,2,1.0,2,69387,M,,,69
201400050325,14,9,17,1900,1,2,1,1.0,5,69387,M,,,69
201400050326,14,9,17,1756,1,2,1,1.0,6,69387,M,,,69
201400050327,14,9,27,2210,5,2,1,1.0,6,69387,M,,,69
201400050328,14,10,2,1810,1,2,2,1.0,3,69387,M,,,69
201400050329,14,10,2,700,1,2,1,1.0,7,69387,M,,,69
201400050330,14,10,11,1955,5,2,2,1.0,3,69387,M,,,69
201400050331,14,10,9,1040,1,2,2,1.0,3,69387,M,,,69
201400050332,14,10,10,340,4,2,2,3.0,6,69387,M,,,69
201400050333,14,10,11,1735,1,2,2,1.0,1,69387,M,,,69
201400050334,14,10,11,215,5,2,2,3.0,5,69387,M,,,69
201400050335,14,10,18,1234,1,2,1,1.0,3,69387,M,,,69
201400050336,14,10,8,1220,1,2,2,1.0,6,69387,M,,,69
201400050337,14,10,21,1438,1,2,1,1.0,6,69387,M,,,69
201400050338,14,10,23,1700,1,2,1,1.0,3,69387,M,,,69
201400050339,14,10,26,1735,5,2,1,1.0,2,69387,M,,,69
201400050340,14,10,25,1740,1,2,2,1.0,3,69387,M,,,69
201400050341,14,10,29,1550,1,2,1,1.0,3,69387,M,,,69
201400050342,14,10,30,1920,5,2,1,1.0,7,69387,M,,,69
201400050343,14,10,31,1105,1,2,1,1.0,3,69387,M,,,69
201400050344,14,11,4,835,1,2,1,2.0,3,69387,M,,,69
201400050345,14,11,7,1410,1,2,2,2.0,6,69387,M,,,69
201400050346,14,11,7,1630,1,2,2,1.0,7,69387,M,,,69
201400050347,14,11,9,1645,2,2,1,3.0,6,69387,M,,,69
201400050348,14,11,10,1530,1,2,1,1.0,6,69387,M,,,69
201400050349,14,11,9,1615,1,2,2,3.0,1,69387,M,,,69
201400050350,14,11,13,1935,5,2,1,1.0,3,69387,M,,,69
201400050351,14,11,14,1750,5,2,1,2.0,5,69387,M,,,69
201400050352,14,11,16,600,5,2,1,1.0,3,69387,M,,,69
201400050353,14,11,17,1710,5,2,1,9.0,1,69387,M,,,69
201400050354,14,11,18,1750,5,2,1,2.0,6,69387,M,,,69
201400050355,14,11,26,2000,5,2,3,2.0,6,69387,M,,,69
201400050356,14,11,27,1140,1,2,1,1.0,6,69387,M,,,69
201400050357,14,11,29,130,5,2,2,1.0,6,69387,M,,,69
201400050358,14,12,1,2000,5,2,1,2.0,7,69387,M,,,69
201400050359,14,12,6,130,5,2,1,1.0,6,69387,M,,,69
201400050360,14,12,14,900,1,2,1,1.0,3,69387,M,,,69
201400050361,14,12,18,1710,5,2,2,1.0,3,69387,M,,,69
201400050362,14,12,14,1226,1,1,1,1.0,2,69387,M,,,69
201400050363,14,12,14,2320,5,2,1,1.0,6,69387,M,,,69
201400050364,14,12,16,1555,1,2,1,1.0,6,69387,M,,,69
201400050365,14,1,9,745,2,2,2,1.0,3,69388,M,,,69
201400050366,14,1,13,1845,5,2,1,2.0,6,69259,M,,,69
201400050367,14,1,15,1510,1,2,3,1.0,3,69388,M,,,69
201400050368,14,1,21,1040,1,2,1,1.0,6,69388,M,,,69
201400050369,14,1,21,1215,1,2,1,1.0,3,69388,M,,,69
201400050370,14,1,21,1845,5,2,1,1.0,6,69388,M,,,69
201400050371,14,1,24,1345,1,2,1,2.0,3,69388,M,,,69
201400050372,14,1,27,1505,1,2,1,1.0,6,69388,M,,,69
201400050373,14,1,27,738,2,2,1,1.0,6,69388,M,,,69
201400050374,14,1,29,2015,5,2,1,1.0,6,69388,M,,,69
201400050375,14,1,30,1825,5,2,1,2.0,2,69388,M,,,69
201400050376,14,2,2,2020,5,2,1,1.0,6,69388,M,,,69
201400050377,14,2,3,1325,1,2,1,1.0,6,69388,M,,,69
201400050378,14,2,9,1230,1,2,1,1.0,2,69388,M,,,69
201400050379,14,2,9,1255,1,2,1,1.0,2,69388,M,,,69
201400050380,14,2,12,1230,1,2,1,1.0,6,69388,M,,,69
201400050381,14,2,18,925,1,2,1,1.0,6,69383,M,,,69
201400050382,14,2,23,1455,1,2,1,1.0,6,69388,M,,,69
201400050383,14,2,11,833,1,2,3,1.0,6,69388,M,,,69
201400050384,14,2,14,1250,1,2,1,1.0,6,69388,M,,,69
201400050385,14,2,25,1825,5,2,2,6.0,5,69388,M,,,69
201400050386,14,2,26,1855,5,2,2,2.0,6,69388,M,,,69
201400050387,14,2,27,1345,1,2,1,1.0,6,69388,M,,,69
201400050388,14,2,27,1730,1,2,3,1.0,6,69388,M,,,69
201400050389,14,3,1,1530,1,2,1,1.0,3,69388,M,,,69
201400050390,14,3,2,635,5,2,2,1.0,6,69388,M,,,69
201400050391,14,3,2,1245,1,2,1,1.0,6,69388,M,,,69
201400050392,14,3,2,1625,1,2,1,1.0,6,69388,M,,,69
201400050393,14,3,17,1400,1,2,1,1.0,6,69388,M,,,69
201400050394,14,3,19,900,1,2,1,1.0,6,69388,M,,,69
201400050395,14,3,23,1420,1,2,3,1.0,6,69388,M,,,69
201400050396,14,3,6,1145,1,2,1,1.0,6,69388,M,,,69
201400050397,14,3,24,2200,5,2,2,1.0,3,69388,M,,,69
201400050398,14,3,23,1920,5,2,1,1.0,3,69383,M,,,69
201400050399,14,3,27,735,2,2,1,1.0,6,69388,M,,,69
201400050400,14,3,30,1940,1,2,1,1.0,3,69388,M,,,69
201400050401,14,4,1,1150,1,2,3,1.0,3,69388,M,,,69
201400050402,14,4,2,1545,1,2,1,1.0,2,69388,M,,,69
201400050403,14,4,4,2155,5,2,1,1.0,2,69388,M,,,69
201400050404,14,4,7,755,1,2,1,1.0,6,69388,M,,,69
201400050405,14,4,7,1250,1,2,2,1.0,3,69388,M,,,69
201400050406,14,4,12,1945,1,2,1,1.0,6,69388,M,,,69
201400050407,14,4,13,1830,1,2,2,1.0,3,69388,M,,,69
201400050408,14,4,15,1425,1,2,1,1.0,6,69388,M,,,69
201400050409,14,4,16,1337,1,2,2,1.0,6,69388,M,,,69
201400050410,14,4,19,840,1,2,1,1.0,6,69388,M,,,69
201400050411,14,4,20,2120,5,2,1,2.0,7,69388,M,,,69
201400050412,14,4,23,1220,1,2,2,1.0,3,69388,M,,,69
201400050413,14,4,19,1755,1,2,1,1.0,2,69259,M,,,69
201400050414,14,4,30,1820,1,2,1,1.0,3,69388,M,,,69
201400050415,14,5,4,1920,1,2,1,1.0,3,69388,M,,,69
201400050416,14,5,5,935,1,2,3,1.0,3,69388,M,,,69
201400050417,14,5,15,1430,1,2,2,1.0,3,69388,M,,,69
201400050418,14,5,13,1440,1,2,3,2.0,1,69388,M,,,69
201400050419,14,5,15,1820,1,2,1,6.0,6,69388,M,,,69
201400050420,14,5,18,915,1,2,1,1.0,6,69388,M,,,69
201400050421,14,5,16,1720,1,2,3,1.0,3,69388,M,,,69
201400050422,14,5,27,1725,1,2,2,1.0,3,69388,M,,,69
201400050423,14,6,2,1615,1,2,1,1.0,6,69388,M,,,69
201400050424,14,6,10,1440,1,2,1,1.0,1,69388,M,,,69
201400050425,14,6,12,1310,1,2,2,1.0,6,69388,M,,,69
201400050426,14,5,22,1635,1,2,2,6.0,3,69388,M,,,69
201400050427,14,6,20,850,1,2,1,1.0,6,69388,M,,,69
201400050428,14,6,21,1925,1,2,2,1.0,3,69388,M,,,69
201400050429,14,7,7,1600,1,2,2,2.0,3,69388,M,,,69
201400050430,14,6,20,1733,1,2,2,1.0,3,69388,M,,,69
201400050431,14,7,18,1930,1,2,2,1.0,3,69388,M,,,69
201400050432,14,7,22,1000,1,2,2,2.0,1,69388,M,,,69
201400050433,14,7,21,1025,1,2,2,3.0,3,69388,M,,,69
201400050434,14,7,30,1205,1,2,2,2.0,3,69388,M,,,69
201400050435,14,8,4,900,1,2,3,1.0,3,69388,M,,,69
201400050436,14,8,2,800,1,2,1,1.0,6,69259,M,,,69
201400050437,14,8,3,1615,1,2,2,1.0,6,69388,M,,,69
201400050438,14,8,5,1825,1,2,1,1.0,6,69388,M,,,69
201400050439,14,8,13,2150,5,2,2,1.0,3,69388,M,,,69
201400050440,14,8,29,815,1,2,1,1.0,3,69388,M,,,69
201400050441,14,8,28,1920,1,2,2,1.0,3,69388,M,,,69
201400050442,14,9,5,830,1,2,1,1.0,2,69388,M,,,69
201400050443,14,9,8,840,1,2,1,1.0,3,69388,M,,,69
201400050444,14,9,9,700,2,2,1,8.0,3,69388,M,,,69
201400050445,14,9,8,1745,1,2,2,1.0,3,69388,M,,,69
201400050446,14,9,8,2200,5,2,1,1.0,1,69388,M,,,69
201400050447,14,9,11,2300,5,2,3,1.0,3,69388,M,,,69
201400050448,14,9,16,1150,1,2,1,1.0,6,69388,M,,,69
201400050449,14,9,17,1620,1,2,1,1.0,6,69388,M,,,69
201400050450,14,9,18,2110,5,2,2,1.0,3,69388,M,,,69
201400050451,14,9,16,1930,1,2,3,1.0,2,69388,M,,,69
201400050452,14,9,19,800,1,2,1,2.0,1,69388,M,,,69
201400050453,14,9,17,1830,1,2,1,1.0,6,69388,M,,,69
201400050454,14,9,18,1250,1,2,1,1.0,6,69388,M,,,69
201400050455,14,10,1,2120,5,2,1,1.0,6,69388,M,,,69
201400050456,14,10,2,1140,1,2,3,1.0,6,69388,M,,,69
201400050457,14,10,2,1640,1,2,1,1.0,3,69388,M,,,69
201400050458,14,10,2,1740,1,2,1,1.0,2,69388,M,,,69
201400050459,14,10,7,1740,1,2,2,2.0,3,69388,M,,,69
201400050460,14,10,13,2100,4,2,3,2.0,3,69388,M,,,69
201400050461,14,10,16,950,1,2,1,3.0,5,69388,M,,,69
201400050462,14,10,9,2250,5,2,1,2.0,4,69388,M,,,69
201400050463,14,10,19,610,5,2,6,1.0,3,69388,M,,,69
201400050464,14,10,14,758,1,2,1,1.0,6,69388,M,,,69
201400050465,14,10,17,645,2,2,2,8.0,1,69388,M,,,69
201400050466,14,10,18,1730,1,2,1,1.0,6,69388,M,,,69
201400050467,14,10,21,1455,1,2,1,1.0,3,69388,M,,,69
201400050468,14,10,27,755,1,2,1,1.0,6,69388,M,,,69
201400050469,14,10,27,1455,1,2,1,1.0,3,69388,M,,,69
201400050470,14,10,24,1730,1,2,1,1.0,3,69388,M,,,69
201400050471,14,10,25,1645,1,2,1,1.0,2,69388,M,,,69
201400050472,14,10,31,1040,1,2,1,1.0,2,69388,M,,,69
201400050473,14,10,31,2018,5,2,2,1.0,6,69388,M,,,69
201400050474,14,11,4,1820,5,2,1,3.0,6,69388,M,,,69
201400050475,14,11,5,1828,2,2,2,9.0,6,69388,M,,,69
201400050476,14,11,3,1700,2,2,2,3.0,3,69388,M,,,69
201400050477,14,11,10,2140,5,2,1,1.0,3,69388,M,,,69
201400050478,14,11,12,1030,1,2,2,2.0,6,69388,M,,,69
201400050479,14,11,6,1615,1,2,1,1.0,6,69388,M,,,69
201400050480,14,11,10,1135,1,2,1,1.0,2,69388,M,,,69
201400050481,14,11,17,2031,5,2,1,1.0,2,69388,M,,,69
201400050482,14,11,17,1550,1,2,1,1.0,4,69388,M,,,69
201400050483,14,11,23,1420,1,2,1,1.0,6,69388,M,,,69
201400050484,14,11,24,1215,1,2,1,1.0,2,69388,M,,,69
201400050485,14,11,24,1441,1,2,1,1.0,6,69388,M,,,69
201400050486,14,11,7,1700,1,2,1,1.0,1,69388,M,,,69
201400050487,14,11,21,1520,1,2,1,1.0,3,69388,M,,,69
201400050488,14,11,28,1635,1,2,1,1.0,6,69388,M,,,69
201400050489,14,11,30,1300,1,2,3,1.0,1,69388,M,,,69
201400050490,14,11,30,2200,5,2,3,1.0,3,69388,M,,,69
201400050491,14,11,27,900,1,2,1,1.0,6,69388,M,,,69
201400050492,14,12,1,1350,1,2,1,1.0,2,69388,M,,,69
201400050493,14,11,21,1730,4,2,1,1.0,4,69388,M,,,69
201400050494,14,12,6,1950,5,2,2,1.0,3,69388,M,,,69
201400050495,14,12,6,1000,1,2,3,1.0,6,69388,M,,,69
201400050496,14,12,18,850,1,2,1,2.0,3,69388,M,,,69
201400050497,14,12,18,1558,1,2,2,1.0,3,69388,M,,,69
201400050498,14,12,26,1515,1,2,1,1.0,2,69388,M,,,69
201400050499,14,12,28,350,5,2,2,2.0,3,69388,M,,,69
201400050500,14,12,31,1925,5,2,1,5.0,6,69388,M,,,69
201400050501,14,1,15,800,1,1,1,5.0,4,42044,M,4539313.0,432374.0,42
201400050502,14,1,17,1920,3,1,1,1.0,3,42237,M,4544859.0,447119.0,42
201400050503,14,1,28,1420,1,1,1,1.0,3,42218,M,4544134.0,443619.0,42
201400050504,14,2,2,1935,3,1,1,1.0,3,69236,M,,,69
201400050505,14,2,25,1745,1,1,1,1.0,3,42044,M,4539707.0,435329.0,42
201400050506,14,2,27,1330,1,1,1,1.0,6,42110,M,4548681.0,453833.0,42
201400050507,14,2,28,2140,3,1,1,1.0,3,42044,M,4539253.0,432171.0,42
201400050508,14,3,28,1615,1,1,1,1.0,3,69091,M,4558260.0,474218.0,69
201400050509,14,3,23,1110,1,1,1,1.0,3,42207,M,4547728.0,449828.0,42
201400050510,14,4,9,1525,1,1,1,1.0,2,69228,M,4554099.0,464691.0,69
201400050511,14,4,22,1920,1,1,1,1.0,7,42218,M,4546440.0,438053.0,42
201400050512,14,4,26,45,3,1,1,1.0,6,42044,M,4539341.0,432454.0,42
201400050513,14,4,28,405,3,1,1,3.0,6,42237,M,4544215.0,446308.0,42
201400050514,14,5,2,1935,1,1,1,2.0,5,42237,M,4544401.0,446506.0,42
201400050515,14,5,9,2340,3,1,1,1.0,6,42044,M,4538979.0,431165.0,42
201400050516,14,5,22,815,1,1,1,1.0,4,42044,M,4539456.0,433067.0,42
201400050517,14,5,31,1530,1,1,1,1.0,4,42218,M,4541692.0,440648.0,42
201400050518,14,5,31,2235,3,1,1,1.0,6,42207,M,4549272.0,452389.0,42
201400050519,14,6,1,210,3,1,1,1.0,2,42097,M,4549432.0,431779.0,42
201400050520,14,6,10,1920,1,1,1,3.0,6,42207,M,4546230.0,449117.0,42
201400050521,14,6,27,1630,1,1,1,1.0,6,42218,M,4540706.0,438297.0,42
201400050522,14,7,1,845,1,1,1,1.0,2,42218,M,4544232.0,443379.0,42
201400050523,14,7,7,1240,1,1,1,2.0,6,42207,M,4548738.0,450524.0,42
201400050524,14,7,7,2048,1,1,1,2.0,7,42110,M,4549382.0,454819.0,42
201400050525,14,7,13,1940,1,1,9,8.0,2,42218,M,4541197.0,440061.0,42
201400050526,14,7,15,925,1,1,1,1.0,4,42218,M,4546593.0,439111.0,42
201400050527,14,7,18,1810,1,1,1,1.0,3,42330,M,4547514.0,436013.0,42
201400050528,14,7,27,5,3,1,1,1.0,2,42218,M,4540696.0,438159.0,42
201400050529,14,8,13,845,1,1,1,8.0,2,42110,M,4549490.0,455449.0,42
201400050530,14,8,19,2025,1,1,1,1.0,6,42218,M,4546394.0,438344.0,42
201400050531,14,8,17,100,3,1,1,1.0,1,42218,M,4545283.0,441590.0,42
201400050532,14,9,13,625,3,1,1,1.0,6,42186,M,4553715.0,463490.0,42
201400050533,14,9,14,1445,1,1,1,1.0,7,42218,M,4545241.0,441707.0,42
201400050534,14,9,17,1415,1,1,1,1.0,2,42218,M,4542909.0,441643.0,42
201400050535,14,10,2,1930,1,1,1,1.0,6,42218,M,4545584.0,441103.0,42
201400050536,14,10,9,1330,1,1,1,1.0,6,42123,M,4551445.0,457297.0,42
201400050537,14,10,15,1330,1,1,1,1.0,4,42183,M,4540575.0,437959.0,42
201400050538,14,10,18,1235,1,1,1,1.0,6,42207,M,4545750.0,448417.0,42
201400050539,14,10,12,1545,1,1,1,3.0,2,42237,M,4544630.0,446743.0,42
201400050540,14,10,25,2130,5,1,1,2.0,6,42218,M,4546407.0,438193.0,42
201400050541,14,10,31,1934,3,1,1,1.0,6,69252,M,,,69
201400050542,14,9,15,850,1,1,1,1.0,6,42275,M,4546809.0,437625.0,42
201400050543,14,11,6,1745,3,1,1,1.0,2,42218,M,4540639.0,438074.0,42
201400050544,14,11,6,1815,3,1,1,1.0,2,42044,M,4539524.0,433879.0,42
201400050545,14,11,8,1315,1,1,1,1.0,7,42218,M,4540705.0,438160.0,42
201400050546,14,11,18,1645,1,1,1,1.0,6,42044,M,4539594.0,434422.0,42
201400050547,14,9,29,1200,1,1,1,2.0,2,42237,M,4544562.0,446639.0,42
201400050548,14,11,30,10,3,1,1,5.0,6,42237,M,4544890.0,447167.0,42
201400050549,14,12,1,1810,3,1,1,1.0,2,42110,M,4549408.0,455146.0,42
201400050550,14,12,7,1520,1,1,1,8.0,6,42218,M,4543590.0,443340.0,42
201400050551,14,12,9,1205,1,1,1,1.0,6,42097,M,4549753.0,431358.0,42
201400050552,14,12,4,915,1,1,1,5.0,4,42218,M,4546521.0,438798.0,42
201400050553,14,12,25,1615,1,1,1,1.0,3,42237,M,4544238.0,446339.0,42
201400050554,14,12,30,615,3,1,1,1.0,3,42218,M,4543407.0,442091.0,42
201400050555,14,1,2,950,1,1,1,2.0,7,69033,M,,,69
201400050556,14,1,2,1130,1,1,1,1.0,7,69290,M,,,69
201400050557,14,1,2,1400,1,1,1,8.0,7,69029,M,,,69
201400050558,14,1,3,1330,1,1,1,2.0,6,69199,M,,,69
201400050559,14,1,3,2300,5,1,1,2.0,6,69382,M,,,69
201400050560,14,1,4,1125,1,1,1,2.0,7,69256,M,,,69
201400050561,14,1,4,1610,1,1,1,3.0,2,38336,M,,,38
201400050562,14,1,4,1855,3,1,1,8.0,7,38336,M,,,38
201400050563,14,1,6,730,5,1,1,1.0,7,38544,M,,,38
201400050564,14,1,6,830,1,1,1,1.0,2,69266,M,,,69
201400050565,14,1,18,1345,1,1,1,1.0,7,38087,M,4557285.0,481037.0,38
201400050566,14,1,3,1650,1,1,1,8.0,7,69029,M,,,69
201400050567,14,1,8,1515,1,1,1,1.0,3,69034,M,,,69
201400050568,14,1,10,805,1,1,1,1.0,6,69029,M,,,69
201400050569,14,1,11,1420,1,1,1,1.0,5,69116,M,,,69
201400050570,14,1,12,445,5,1,1,1.0,6,69199,M,,,69
201400050571,14,1,14,550,5,1,1,1.0,6,69029,M,,,69
201400050572,14,1,14,655,5,1,1,1.0,7,69142,M,,,69
201400050573,14,1,14,935,1,1,1,1.0,6,69290,M,,,69
201400050574,14,1,16,1825,4,1,1,2.0,5,69081,M,,,69
201400050575,14,1,17,704,2,1,1,1.0,6,69266,M,,,69
201400050576,14,1,17,1830,3,1,1,1.0,2,69029,M,,,69
201400050577,14,1,17,1850,5,1,1,1.0,4,69266,M,,,69
201400050578,14,1,17,2330,3,1,1,1.0,6,69279,M,,,69
201400050579,14,1,18,630,5,1,9,1.0,7,69385,M,,,69
201400050580,14,1,19,1135,1,1,1,2.0,2,69256,M,,,69
201400050581,14,1,20,1600,1,1,1,1.0,7,69266,M,,,69
201400050582,14,1,22,50,5,1,1,1.0,7,69266,M,,,69
201400050583,14,1,22,1610,1,1,1,1.0,3,69273,M,,,69
201400050584,14,1,22,2330,3,1,1,2.0,6,38336,M,,,38
201400050585,14,1,23,415,5,1,1,1.0,2,69389,M,,,69
201400050586,14,1,23,1625,1,1,1,1.0,3,69297,M,,,69
201400050587,14,1,24,1545,1,1,1,1.0,7,69282,M,,,69
201400050588,14,1,26,1625,1,1,1,1.0,5,69266,M,,,69
201400050589,14,1,27,445,5,1,9,2.0,6,69382,M,,,69
201400050590,14,1,29,915,1,1,1,1.0,2,69382,M,,,69
201400050591,14,2,1,1640,1,1,1,2.0,7,69382,M,,,69
201400050592,14,2,3,630,5,1,1,1.0,7,69276,M,,,69
201400050593,14,2,3,820,1,1,1,1.0,3,69288,M,,,69
201400050594,14,2,4,610,5,1,1,2.0,3,69034,M,,,69
201400050595,14,2,4,835,2,1,1,2.0,6,69029,M,,,69
201400050596,14,2,4,740,2,1,1,2.0,4,69199,M,,,69
201400050597,14,2,5,1700,1,1,1,2.0,3,69029,M,,,69
201400050598,14,2,6,945,1,1,1,1.0,6,69297,M,,,69
201400050599,14,2,6,1117,1,1,1,1.0,1,69266,M,,,69
201400050600,14,2,8,105,5,1,1,8.0,2,69081,M,,,69
201400050601,14,2,8,343,3,1,0,1.0,3,69283,M,,,69
201400050602,14,2,8,910,1,1,1,1.0,2,69389,M,,,69
201400050603,14,2,10,1630,1,1,1,8.0,6,69029,M,,,69
201400050604,14,2,11,835,1,1,1,1.0,6,69290,M,,,69
201400050605,14,2,12,825,1,1,1,1.0,3,69297,M,,,69
201400050606,14,2,14,1735,1,1,1,1.0,2,69029,M,,,69
201400050607,14,2,16,140,5,1,3,3.0,6,38544,M,4553206.0,487402.0,38
201400050608,14,2,16,530,5,1,1,1.0,6,69029,M,,,69
201400050609,14,2,17,1715,1,1,1,1.0,4,69285,M,,,69
201400050610,14,2,19,715,2,1,1,1.0,2,69199,M,,,69
201400050611,14,2,19,1412,1,1,1,1.0,3,69290,M,,,69
201400050612,14,2,20,1300,1,1,1,1.0,2,69279,M,,,69
201400050613,14,2,21,800,1,1,1,2.0,5,69100,M,,,69
201400050614,14,2,21,2120,3,1,1,1.0,4,69029,M,,,69
201400050615,14,2,22,1640,1,1,1,1.0,7,69295,M,,,69
201400050616,14,2,23,115,3,1,1,1.0,2,69297,M,,,69
201400050617,14,2,26,540,4,1,1,3.0,7,69275,M,,,69
201400050618,14,2,26,950,1,1,1,2.0,7,69029,M,,,69
201400050619,14,2,26,1310,1,1,1,1.0,2,01275,M,,,01
201400050620,14,2,26,1250,1,1,1,2.0,4,69029,M,,,69
201400050621,14,2,28,1000,1,1,1,2.0,2,69029,M,,,69
201400050622,14,2,28,1740,1,1,1,1.0,2,69029,M,,,69
201400050623,14,3,2,1505,1,1,1,1.0,7,69296,M,,,69
201400050624,14,3,2,1610,1,1,1,1.0,7,69275,M,,,69
201400050625,14,3,4,125,4,1,1,2.0,1,69152,M,,,69
201400050626,14,3,4,645,2,1,1,2.0,7,69256,M,,,69
201400050627,14,3,5,1350,1,1,1,1.0,3,69199,M,,,69
201400050628,14,3,5,1825,1,1,1,1.0,5,69282,M,,,69
201400050629,14,3,6,800,1,1,1,1.0,5,69199,M,,,69
201400050630,14,3,6,915,1,1,1,1.0,4,69273,M,,,69
201400050631,14,3,6,1015,1,1,1,1.0,4,69273,M,,,69
201400050632,14,3,6,1945,3,1,1,1.0,2,69072,M,,,69
201400050633,14,3,7,129,3,1,1,1.0,7,69072,M,,,69
201400050634,14,3,8,1805,3,1,1,1.0,7,69117,M,,,69
201400050635,14,3,10,820,1,1,1,1.0,4,69283,M,,,69
201400050636,14,3,13,1250,1,1,1,1.0,3,38336,M,,,38
201400050637,14,3,15,940,1,1,1,1.0,3,38449,M,4564939.0,511720.0,38
201400050638,14,3,16,2200,4,1,3,1.0,4,38544,M,4552474.0,487118.0,38
201400050639,14,3,17,800,1,1,1,1.0,2,69204,M,,,69
201400050640,14,3,18,730,1,1,1,1.0,6,69199,M,,,69
201400050641,14,3,20,715,1,1,1,1.0,4,69034,M,,,69
201400050642,14,3,21,900,1,1,3,1.0,3,38544,M,4552700.0,487299.0,38
201400050643,14,3,22,700,1,1,1,3.0,2,69125,M,,,69
201400050644,14,3,22,1200,1,1,1,2.0,6,69256,M,,,69
201400050645,14,3,22,1220,1,1,1,2.0,6,69256,M,,,69
201400050646,14,3,22,2330,5,1,1,1.0,7,69152,M,,,69
201400050647,14,3,23,2020,3,1,1,2.0,7,69256,M,,,69
201400050648,14,3,24,230,3,1,1,1.0,6,69288,M,,,69
201400050649,14,3,24,1611,1,1,1,1.0,3,69029,M,,,69
201400050650,14,3,15,1150,1,1,1,1.0,4,69290,M,,,69
201400050651,14,3,26,900,1,1,1,1.0,4,69256,M,,,69
201400050652,14,3,27,900,1,1,1,1.0,4,69029,M,,,69
201400050653,14,3,27,1025,1,1,1,1.0,6,69027,M,,,69
201400050654,14,3,30,1940,1,1,1,1.0,2,69199,M,,,69
201400050655,14,4,3,800,1,1,1,1.0,3,69259,M,,,69
201400050656,14,3,3,1800,1,1,1,1.0,3,69027,M,,,69
201400050657,14,3,4,1735,2,1,1,1.0,4,69266,M,,,69
201400050658,14,3,21,1845,1,1,1,1.0,2,69040,M,,,69
201400050659,14,3,22,1722,1,1,1,1.0,7,69152,M,,,69
201400050660,14,3,31,2330,3,1,1,1.0,3,69271,M,,,69
201400050661,14,4,6,2310,3,1,1,1.0,7,69294,M,,,69
201400050662,14,4,7,910,1,1,1,1.0,2,69256,M,,,69
201400050663,14,4,4,2130,3,1,1,1.0,6,38487,M,4556551.0,481757.0,38
201400050664,14,4,8,900,1,1,1,2.0,6,69199,M,,,69
201400050665,14,4,10,750,1,1,1,1.0,2,69266,M,,,69
201400050666,14,4,14,420,5,1,1,1.0,2,69272,M,,,69
201400050667,14,4,14,1430,1,1,1,1.0,3,69199,M,,,69
201400050668,14,4,15,50,3,1,1,1.0,7,69142,M,,,69
201400050669,14,4,16,845,1,1,1,1.0,3,38184,M,,,38
201400050670,14,4,16,800,1,1,1,1.0,2,69276,M,,,69
201400050671,14,4,7,1710,1,1,1,1.0,4,69382,M,,,69
201400050672,14,4,15,920,1,1,1,1.0,3,69256,M,,,69
201400050673,14,4,22,855,1,1,1,1.0,1,69288,M,,,69
201400050674,14,4,22,850,1,1,1,1.0,5,69288,M,,,69
201400050675,14,4,23,530,5,1,1,2.0,6,38544,M,,,38
201400050676,14,4,25,2204,3,1,1,1.0,2,69152,M,,,69
201400050677,14,4,25,10,3,1,1,1.0,7,69271,M,,,69
201400050678,14,4,25,815,1,1,1,8.0,6,69382,M,,,69
201400050679,14,4,27,735,2,1,1,1.0,6,69271,M,,,69
201400050680,14,4,1,1700,1,1,1,1.0,2,69081,M,,,69
201400050681,14,4,24,745,1,1,1,1.0,4,69286,M,,,69
201400050682,14,4,26,820,1,1,1,1.0,3,69029,M,,,69
201400050683,14,4,30,1845,1,1,1,1.0,4,69388,M,,,69
201400050684,14,5,2,2330,4,1,1,2.0,5,69266,M,,,69
201400050685,14,4,8,1910,1,1,1,1.0,2,69290,M,,,69
201400050686,14,5,8,745,1,1,1,1.0,6,69276,M,,,69
201400050687,14,5,8,1215,1,1,1,1.0,4,69072,M,,,69
201400050688,14,3,19,1935,5,1,1,1.0,4,69266,M,,,69
201400050689,14,5,9,1135,1,1,1,1.0,4,69389,M,,,69
201400050690,14,5,10,840,1,1,1,1.0,7,69266,M,,,69
201400050691,14,4,12,2130,3,1,1,1.0,2,01376,M,4581670.0,497752.0,01
201400050692,14,5,13,1210,1,1,9,1.0,3,69115,M,,,69
201400050693,14,5,14,625,1,1,1,1.0,7,69288,M,,,69