Num_Acc,an,mois,jour,hrmn,lum,agg,int,atm,col,com,gps,lat,long,dep
201400050694,14,5,14,745,1,1,1,1.0,4,69281,M,,,69
201400050695,14,4,29,1555,1,1,1,1.0,4,69286,M,,,69
201400050696,14,5,16,1713,1,1,1,1.0,2,69277,M,,,69
201400050697,14,5,14,1745,1,1,1,1.0,2,69266,M,,,69
201400050698,14,5,21,1020,1,1,1,8.0,3,69142,M,,,69
201400050699,14,5,21,1400,1,1,1,1.0,2,69389,M,,,69
201400050700,14,5,22,710,1,1,1,1.0,4,69029,M,,,69
201400050701,14,5,23,800,1,1,1,1.0,2,69259,M,,,69
201400050702,14,5,24,820,1,1,1,1.0,7,69034,M,,,69
201400050703,14,5,27,1900,1,1,1,1.0,2,69256,M,,,69
201400050704,14,4,22,1830,1,1,1,1.0,7,69266,M,,,69
201400050705,14,6,8,1130,1,1,1,1.0,2,69072,M,,,69
201400050706,14,6,3,810,1,1,1,1.0,3,69259,M,,,69
201400050707,14,5,31,1550,1,1,4,1.0,2,38544,M,4553621.0,486974.0,38
201400050708,14,6,3,800,1,1,1,1.0,3,69034,M,,,69
201400050709,14,6,4,840,1,1,1,1.0,5,69266,M,,,69
201400050710,14,6,5,40,3,1,1,1.0,2,69296,M,,,69
201400050711,14,5,11,1305,1,1,1,1.0,7,38487,M,,,38
201400050712,14,6,8,1300,1,1,1,1.0,4,69266,M,,,69
201400050713,14,6,8,40,3,1,1,1.0,1,69259,M,,,69
201400050714,14,6,8,1955,1,1,1,1.0,7,69256,M,,,69
201400050715,14,6,11,1715,1,1,1,1.0,2,69259,M,,,69
201400050716,14,6,13,745,1,1,1,1.0,2,69029,M,,,69
201400050717,14,6,14,1755,1,1,1,1.0,7,69266,M,,,69
201400050718,14,6,13,1915,1,1,1,1.0,2,69040,M,,,69
201400050719,14,6,10,1810,1,1,1,1.0,7,69290,M,,,69
201400050720,14,6,14,405,3,1,1,1.0,4,69287,M,,,69
201400050721,14,6,16,1220,1,1,1,1.0,2,69259,M,,,69
201400050722,14,6,18,740,1,1,1,1.0,2,01275,M,,,01
201400050723,14,6,17,855,1,1,1,1.0,4,69081,M,,,69
201400050724,14,8,8,1830,1,1,1,1.0,6,69273,M,,,69
201400050725,14,6,21,1420,1,1,6,1.0,3,38544,M,4552226.0,486897.0,38
201400050726,14,5,30,1500,1,1,1,1.0,3,69034,M,,,69
201400050727,14,6,24,945,1,1,1,8.0,2,69275,M,,,69
201400050728,14,6,23,1850,1,1,1,1.0,2,69149,M,,,69
201400050729,14,6,24,1410,1,1,1,1.0,2,69199,M,,,69
201400050730,14,6,25,1050,1,1,1,1.0,3,38544,M,,,38
201400050731,14,6,27,1535,1,1,1,1.0,4,69266,M,,,69
201400050732,14,6,29,715,1,1,1,1.0,6,69382,M,,,69
201400050733,14,6,29,700,1,1,1,2.0,6,69029,M,,,69
201400050734,14,6,29,1000,1,1,1,2.0,7,69288,M,,,69
201400050735,14,6,30,1520,1,1,1,1.0,2,69029,M,,,69
201400050736,14,6,19,1710,1,1,1,1.0,2,69259,M,,,69
201400050737,14,6,30,2225,3,1,1,1.0,7,69091,M,,,69
201400050738,14,7,2,1120,1,1,1,2.0,3,01275,M,,,01
201400050739,14,7,4,2310,3,1,1,2.0,5,69027,M,,,69
201400050740,14,7,5,410,3,1,1,1.0,6,69297,M,,,69
201400050741,14,7,2,1155,1,1,1,2.0,6,69383,M,,,69
201400050742,14,7,7,1845,1,1,1,3.0,4,38544,M,4553807.0,486556.0,38
201400050743,14,7,7,1025,1,1,2,2.0,4,38544,M,4552805.0,487386.0,38
201400050744,14,7,11,655,1,1,1,1.0,2,38544,M,,,38
201400050745,14,5,22,2100,2,1,1,1.0,7,69199,M,,,69
201400050746,14,6,22,410,4,1,1,1.0,2,69389,M,,,69
201400050747,14,7,12,430,3,1,4,1.0,2,69288,M,,,69
201400050748,14,7,7,1220,1,1,1,2.0,2,69382,M,,,69
201400050749,14,7,14,645,2,1,1,3.0,7,69256,M,,,69
201400050750,14,7,7,645,2,1,1,2.0,7,69385,M,,,69
201400050751,14,7,13,1900,1,1,1,8.0,3,69029,M,,,69
201400050752,14,7,13,840,1,1,1,2.0,7,69266,M,,,69
201400050753,14,7,15,915,1,1,1,1.0,2,69276,M,,,69
201400050754,14,7,16,755,1,1,1,1.0,3,69295,M,,,69
201400050755,14,7,16,2020,1,1,1,1.0,4,69152,M,,,69
201400050756,14,7,15,2300,3,1,1,1.0,3,69288,M,,,69
201400050757,14,7,11,1900,1,1,1,1.0,7,69007,M,,,69
201400050758,14,6,4,1320,1,1,1,2.0,6,69276,M,,,69
201400050759,14,7,19,1210,1,1,1,1.0,1,69152,M,,,69
201400050760,14,7,20,2125,3,1,1,2.0,7,69288,M,,,69
201400050761,14,6,3,410,3,1,1,1.0,7,69273,M,,,69
201400050762,14,7,21,500,3,1,1,2.0,7,69029,M,,,69
201400050763,14,7,21,510,3,1,1,2.0,3,69029,M,,,69
201400050764,14,7,21,1505,1,1,1,3.0,6,69100,M,,,69
201400050765,14,7,21,1130,1,1,1,2.0,3,69266,M,,,69
201400050766,14,7,21,1215,1,1,1,2.0,7,69266,M,,,69
201400050767,14,7,21,715,1,1,1,2.0,2,69029,M,,,69
201400050768,14,7,21,1110,1,1,1,3.0,3,69256,M,,,69
201400050769,14,7,22,2035,1,1,1,1.0,6,69389,M,,,69
201400050770,14,6,28,150,3,1,1,1.0,3,38487,M,,,38
201400050771,14,7,21,1235,1,1,1,2.0,6,69256,M,,,69
201400050772,14,7,20,1900,1,1,1,1.0,7,69389,M,,,69
201400050773,14,7,21,2355,3,1,1,1.0,2,69117,M,,,69
201400050774,14,7,24,957,1,1,1,1.0,4,69275,M,,,69
201400050775,14,7,26,1940,1,1,1,2.0,3,38487,M,,,38
201400050776,14,7,6,1730,1,1,1,1.0,3,69290,M,,,69
201400050777,14,7,18,1745,1,1,1,1.0,3,69256,M,,,69
201400050778,14,7,23,1330,1,1,1,1.0,7,69266,M,,,69
201400050779,14,7,30,800,1,1,9,3.0,6,69256,M,,,69
201400050780,14,7,22,735,1,1,1,1.0,4,69199,M,,,69
201400050781,14,7,22,825,1,1,1,1.0,3,69199,M,,,69
201400050782,14,7,28,1610,1,1,1,1.0,5,38087,M,,,38
201400050783,14,7,30,2114,2,1,1,1.0,5,69297,M,,,69
201400050784,14,8,3,25,3,1,1,8.0,7,69271,M,,,69
201400050785,14,6,18,1655,1,1,1,1.0,6,69290,M,,,69
201400050786,14,7,20,1950,1,1,1,3.0,2,69072,M,,,69
201400050787,14,7,29,1315,1,1,1,2.0,7,69029,M,,,69
201400050788,14,8,4,730,1,1,1,1.0,6,69055,M,,,69
201400050789,14,8,5,409,3,1,1,1.0,6,69279,M,,,69
201400050790,14,8,7,1745,1,1,1,1.0,3,69275,M,,,69
201400050791,14,8,7,2150,5,1,1,1.0,7,69152,M,,,69
201400050792,14,8,4,1720,1,1,1,2.0,6,69266,M,,,69
201400050793,14,7,11,1915,1,1,1,1.0,4,69290,M,,,69
201400050794,14,8,14,1315,1,1,1,1.0,2,69290,M,,,69
201400050795,14,8,13,1650,1,1,1,1.0,5,69189,M,,,69
201400050796,14,7,29,1900,1,1,1,1.0,4,69382,M,,,69
201400050797,14,8,15,2120,3,1,1,1.0,6,69287,M,,,69
201400050798,14,7,7,1915,1,1,1,1.0,5,69193,M,,,69
201400050799,14,8,15,410,5,1,1,2.0,6,69199,M,,,69
201400050800,14,8,22,1350,1,1,1,1.0,2,69259,M,,,69
201400050801,14,7,29,1330,1,1,3,1.0,2,38336,M,4549713.0,484063.0,38
201400050802,14,8,24,520,3,1,1,1.0,6,38087,M,,,38
201400050803,14,8,21,1840,1,1,1,1.0,4,69385,M,,,69
201400050804,14,5,17,1730,1,1,1,1.0,5,69027,M,,,69
201400050805,14,8,26,1650,1,1,1,1.0,2,69152,M,,,69
201400050806,14,8,26,1130,1,1,1,2.0,6,01248,M,4588640.0,489401.0,01
201400050807,14,8,27,1300,1,1,1,1.0,1,38449,M,,,38
201400050808,14,8,22,1600,1,1,1,1.0,7,01249,M,4581400.0,495166.0,01
201400050809,14,8,29,2005,1,1,1,2.0,4,69266,M,,,69
201400050810,14,8,5,1710,1,1,1,1.0,3,69297,M,,,69
201400050811,14,8,29,1745,1,1,1,2.0,4,38544,M,4554342.0,484433.0,38
201400050812,14,9,4,425,3,1,1,1.0,6,69055,M,,,69
201400050813,14,8,22,815,1,1,1,1.0,6,69382,M,,,69
201400050814,14,9,6,35,3,1,1,1.0,7,38087,M,4558365.0,480040.0,38
201400050815,14,9,12,615,3,1,1,1.0,2,01249,M,4581450.0,495550.0,01
201400050816,14,9,12,1740,1,1,1,1.0,3,69199,M,,,69
201400050817,14,9,12,2115,5,1,1,1.0,3,69266,M,,,69
201400050818,14,9,4,1000,1,1,1,1.0,3,69199,M,,,69
201400050819,14,9,7,730,2,1,1,1.0,7,69276,M,,,69
201400050820,14,9,14,1925,1,1,1,1.0,3,38544,M,4552736.0,487331.0,38
201400050821,14,9,9,1820,1,1,1,1.0,4,69382,M,,,69
201400050822,14,9,8,900,1,1,1,1.0,4,69081,M,,,69
201400050823,14,9,14,1200,1,1,1,1.0,3,69256,M,,,69
201400050824,14,9,15,750,1,1,1,1.0,4,69199,M,,,69
201400050825,14,9,17,540,3,1,1,1.0,3,69259,M,,,69
201400050826,14,9,17,2030,5,1,1,1.0,3,69382,M,,,69
201400050827,14,9,18,740,1,1,1,1.0,7,69382,M,,,69
201400050828,14,9,7,430,3,1,1,1.0,6,69297,M,,,69
201400050829,14,9,19,1718,1,1,1,1.0,5,69297,M,,,69
201400050830,14,9,19,1715,1,1,1,1.0,5,69297,M,,,69
201400050831,14,9,21,1540,1,1,1,1.0,7,69266,M,,,69
201400050832,14,9,21,1325,1,1,1,2.0,6,69152,M,,,69
201400050833,14,9,22,1024,1,1,1,1.0,6,69275,M,,,69
201400050834,14,9,23,1320,1,1,1,1.0,3,69055,M,,,69
201400050835,14,9,23,1820,1,1,1,1.0,2,69266,M,,,69
201400050836,14,9,19,1420,1,1,1,1.0,6,69091,M,,,69
201400050837,14,9,19,1500,1,1,1,1.0,5,69297,M,,,69
201400050838,14,9,18,840,1,1,1,1.0,2,69199,M,,,69
201400050839,14,9,15,1000,1,1,1,1.0,5,38087,M,4558486.0,480005.0,38
201400050840,14,9,26,1710,1,1,1,1.0,1,69266,M,,,69
201400050841,14,9,26,1815,1,1,1,1.0,2,38544,M,,,38
201400050842,14,9,26,2000,3,1,1,1.0,2,69297,M,,,69
201400050843,14,9,29,1230,1,1,1,2.0,7,69256,M,,,69
201400050844,14,9,24,925,1,1,1,1.0,4,69270,M,,,69
201400050845,14,9,30,1624,1,1,1,1.0,4,69256,M,,,69
201400050846,14,9,16,1200,1,1,1,1.0,3,69199,M,,,69
201400050847,14,9,28,1945,2,1,1,1.0,4,69029,M,,,69
201400050848,14,10,3,1730,1,1,1,1.0,5,69382,M,,,69
201400050849,14,9,30,1835,1,1,1,1.0,4,69389,M,,,69
201400050850,14,9,20,1210,1,1,1,1.0,4,69072,M,,,69
201400050851,14,10,4,1445,1,1,1,1.0,4,69256,M,,,69
201400050852,14,5,16,1655,1,1,1,1.0,7,69266,M,,,69
201400050853,14,9,30,2000,5,1,1,1.0,4,69266,M,,,69
201400050854,14,10,4,750,1,1,7,1.0,5,38544,M,4554232.0,484949.0,38
201400050855,14,10,5,2100,5,1,1,1.0,7,69029,M,,,69
201400050856,14,10,7,2245,5,1,1,2.0,6,69029,M,,,69
201400050857,14,10,7,730,2,1,1,1.0,5,69199,M,,,69
201400050858,14,10,7,1830,1,1,1,2.0,2,69259,M,,,69
201400050859,14,10,4,1525,1,1,1,1.0,2,38336,M,4723300.0,44200.0,38
201400050860,14,10,9,1755,1,1,1,3.0,5,69272,M,,,69
201400050861,14,10,9,2200,4,1,1,2.0,2,69266,M,,,69
201400050862,14,10,9,1215,1,1,1,1.0,2,69199,M,,,69
201400050863,14,10,7,2210,3,1,1,3.0,6,69029,M,,,69
201400050864,14,10,12,1330,1,1,1,2.0,1,69266,M,,,69
201400050865,14,10,12,1715,1,1,1,3.0,7,38544,M,,,38
201400050866,14,10,12,1800,1,1,1,1.0,6,69256,M,,,69
201400050867,14,10,12,1800,1,1,1,2.0,6,69389,M,,,69
201400050868,14,10,15,725,1,1,1,1.0,4,01275,M,,,01
201400050869,14,10,15,2325,3,1,1,1.0,6,69055,M,,,69
201400050870,14,10,16,1600,1,1,1,1.0,2,69290,M,,,69
201400050871,14,10,17,120,3,1,1,1.0,6,69281,M,,,69
201400050872,14,10,17,755,2,1,1,1.0,5,69204,M,,,69
201400050873,14,10,18,20,3,1,1,1.0,7,69288,M,,,69
201400050874,14,10,17,1750,1,1,1,1.0,4,69290,M,,,69
201400050875,14,10,17,845,1,1,1,1.0,7,69266,M,,,69
201400050876,14,10,20,1220,1,1,1,1.0,6,01376,M,4581670.0,497750.0,01
201400050877,14,10,20,915,1,1,1,1.0,2,69283,M,,,69
201400050878,14,10,13,710,3,1,1,2.0,2,38544,M,4554221.0,485000.0,38
201400050879,14,10,24,1230,1,1,1,1.0,4,69072,M,,,69
201400050880,14,10,24,1200,1,1,1,1.0,4,69385,M,,,69
201400050881,14,10,10,1620,1,1,1,3.0,5,69152,M,,,69
201400050882,14,10,26,600,5,1,1,1.0,2,69259,M,,,69
201400050883,14,10,26,1140,1,1,1,1.0,4,69072,M,,,69
201400050884,14,10,22,1850,5,1,1,8.0,4,69266,M,,,69
201400050885,14,10,24,1945,3,1,1,1.0,4,69290,M,,,69
201400050886,14,10,27,1900,5,1,1,1.0,2,69266,M,,,69
201400050887,14,10,29,400,3,1,1,1.0,6,69029,M,,,69
201400050888,14,10,31,1500,1,1,1,1.0,3,69290,M,,,69
201400050889,14,10,28,1910,5,1,1,1.0,5,69276,M,,,69
201400050890,14,10,22,1920,5,1,1,1.0,3,69297,M,,,69
201400050891,14,11,3,915,1,1,1,1.0,2,69270,M,,,69
201400050892,14,11,5,705,3,1,1,2.0,6,38544,M,,,38
201400050893,14,11,5,755,1,1,1,2.0,6,69029,M,,,69
201400050894,14,11,5,755,1,1,9,2.0,3,69029,M,,,69
201400050895,14,11,1,1830,3,1,1,1.0,1,69193,M,,,69
201400050896,14,10,24,130,3,1,1,1.0,6,69296,M,,,69
201400050897,14,11,6,2115,1,1,1,1.0,7,69266,M,,,69
201400050898,14,11,2,1830,2,1,1,1.0,4,69266,M,,,69
201400050899,14,11,3,940,1,1,1,1.0,3,69029,M,,,69
201400050900,14,11,7,1530,1,1,1,2.0,6,01275,M,,,01
201400050901,14,11,10,800,1,1,1,8.0,7,69029,M,,,69
201400050902,14,11,10,1210,1,1,1,1.0,7,69389,M,,,69
201400050903,14,11,6,1755,3,1,1,1.0,3,69276,M,,,69
201400050904,14,11,7,1850,2,1,1,2.0,2,69152,M,,,69
201400050905,14,11,12,1235,1,1,1,2.0,4,38544,M,,,38
201400050906,14,11,8,150,3,1,1,5.0,2,69297,M,,,69
201400050907,14,10,28,1850,5,1,1,1.0,5,69259,M,,,69
201400050908,14,11,9,1320,1,1,1,3.0,6,01275,M,,,01
201400050909,14,11,9,1410,1,1,1,3.0,6,69142,M,,,69
201400050910,14,11,12,1900,5,1,1,1.0,2,69029,M,,,69
201400050911,14,11,7,2120,4,1,1,1.0,2,69288,M,,,69
201400050912,14,11,6,1215,1,1,1,1.0,2,69275,M,,,69
201400050913,14,11,14,200,4,1,1,1.0,7,69389,M,,,69
201400050914,14,11,10,1130,1,1,1,8.0,3,69029,M,,,69
201400050915,14,11,5,1930,5,1,1,2.0,6,69199,M,,,69
201400050916,14,11,17,1145,1,1,1,1.0,2,69272,M,,,69
201400050917,14,11,15,1010,1,1,1,3.0,6,69029,M,,,69
201400050918,14,11,19,1830,5,1,1,1.0,4,69266,M,,,69
201400050919,14,11,19,1840,3,1,1,1.0,2,69282,M,,,69
201400050920,14,11,22,2030,3,1,1,1.0,4,69072,M,,,69
201400050921,14,11,21,1200,1,1,1,1.0,7,69199,M,,,69
201400050922,14,11,20,1915,5,1,1,1.0,2,69290,M,,,69
201400050923,14,10,28,1410,1,1,1,1.0,5,69297,M,,,69
201400050924,14,11,24,1805,2,1,1,1.0,4,69199,M,,,69
201400050925,14,11,25,1855,1,1,1,1.0,2,69290,M,,,69
201400050926,14,11,21,1339,1,1,1,1.0,2,69277,M,,,69
201400050927,14,11,26,210,4,1,1,1.0,7,69276,M,,,69
201400050928,14,11,27,2250,5,1,1,1.0,5,69266,M,,,69
201400050929,14,11,27,1000,1,1,1,1.0,7,69029,M,,,69
201400050930,14,11,21,805,1,1,1,1.0,2,69297,M,,,69
201400050931,14,11,18,1540,1,1,1,1.0,5,69290,M,,,69
201400050932,14,11,27,720,1,1,1,2.0,2,01249,M,,,01
201400050933,14,12,1,300,5,1,1,1.0,7,69152,M,,,69
201400050934,14,10,27,1535,1,1,1,1.0,4,69199,M,,,69
201400050935,14,12,4,745,1,1,1,2.0,2,69152,M,,,69
201400050936,14,12,5,240,5,1,1,1.0,6,69034,M,,,69
201400050937,14,12,4,940,1,1,1,1.0,4,69266,M,,,69
201400050938,14,12,5,700,4,1,1,1.0,6,69275,M,,,69
201400050939,14,12,6,1620,2,1,1,1.0,3,69081,M,,,69
201400050940,14,12,2,1940,3,1,1,1.0,6,69279,M,,,69
201400050941,14,12,7,1630,1,1,1,1.0,7,69199,M,,,69
201400050942,14,12,8,740,3,1,1,2.0,2,69286,M,,,69
201400050943,14,12,8,1300,1,1,1,1.0,3,69297,M,,,69
201400050944,14,10,27,1650,1,1,1,1.0,4,69199,M,,,69
201400050945,14,12,9,2100,3,1,1,1.0,2,38184,M,,,38
201400050946,14,12,10,2040,5,1,1,2.0,7,69266,M,,,69
201400050947,14,12,10,2020,3,1,1,2.0,7,01275,M,,,01
201400050948,14,12,11,850,1,1,1,1.0,4,69081,M,,,69
201400050949,14,12,11,1440,1,1,1,2.0,4,69275,M,,,69
201400050950,14,12,12,1820,3,1,1,1.0,2,69266,M,,,69
201400050951,14,12,12,2040,5,1,1,1.0,5,69266,M,,,69
201400050952,14,12,13,1720,3,1,1,1.0,5,69072,M,,,69
201400050953,14,12,9,1730,4,1,1,1.0,2,69297,M,,,69
201400050954,14,10,28,1845,1,1,1,1.0,2,69199,M,,,69
201400050955,14,12,9,1910,5,1,1,1.0,2,69389,M,,,69
201400050956,14,12,11,1905,3,1,1,1.0,2,38184,M,,,38
201400050957,14,12,16,245,5,1,4,1.0,6,69290,M,0.0,0.0,69
201400050958,14,12,17,1900,3,1,1,3.0,2,69389,M,,,69
201400050959,14,12,18,1400,1,1,1,2.0,6,69029,M,,,69
201400050960,14,12,20,1400,1,1,1,2.0,3,69029,M,,,69
201400050961,14,12,21,1232,1,1,1,1.0,6,69163,M,,,69
201400050962,14,12,22,740,2,1,1,1.0,2,69199,M,,,69
201400050963,14,12,22,1155,1,1,9,5.0,3,38449,M,4564907.0,511847.0,38
201400050964,14,12,23,605,3,1,1,5.0,5,01043,M,4582500.0,500878.0,01
201400050965,14,12,22,1620,1,1,1,1.0,6,69122,M,,,69
201400050966,14,12,19,825,1,1,1,5.0,7,69297,M,,,69
201400050967,14,12,19,1900,5,1,1,5.0,4,69029,M,,,69
201400050968,14,12,3,1900,3,1,1,1.0,1,69272,M,,,69
201400050969,14,12,23,420,3,1,1,5.0,4,01043,M,4582360.0,500264.0,01
201400050970,14,12,26,1740,5,1,1,1.0,4,69029,M,,,69
201400050971,14,12,27,1320,1,1,1,1.0,2,69199,M,,,69
201400050972,14,12,22,750,1,1,1,5.0,7,69256,M,,,69
201400050973,14,12,28,1220,1,1,1,8.0,3,69029,M,,,69
201400050974,14,12,29,1114,1,1,1,1.0,6,69288,M,,,69
201400050975,14,12,30,1720,3,1,1,1.0,3,38184,M,,,38
201400050976,14,12,18,2030,3,1,1,1.0,2,69117,M,,,69
201400050977,14,11,8,1850,2,1,1,1.0,4,69029,M,,,69
201400050978,14,12,15,1820,3,1,1,1.0,2,69256,M,,,69
201400050979,14,12,27,1940,3,1,1,1.0,6,69029,M,,,69
201400050980,14,12,23,1045,1,1,1,1.0,6,38336,M,,,38
201400050981,14,12,19,1300,1,1,1,1.0,7,69259,M,,,69
201400050982,14,1,2,1810,5,2,1,1.0,4,69389,M,,,69
201400050983,14,1,15,1210,1,2,1,1.0,6,69389,M,,,69
201400050984,14,1,17,1320,1,2,1,1.0,6,69081,M,,,69
201400050985,14,1,20,1810,5,2,1,1.0,3,69389,M,,,69
201400050986,14,2,6,900,1,2,3,1.0,3,69389,M,,,69
201400050987,14,1,29,2047,5,2,1,8.0,6,69081,M,,,69
201400050988,14,1,31,815,1,2,1,1.0,6,69389,M,,,69
201400050989,14,1,31,1910,5,2,2,1.0,1,69389,M,,,69
201400050990,14,3,5,955,1,2,1,1.0,3,69389,M,,,69
201400050991,14,2,10,750,1,2,1,8.0,5,69389,M,,,69
201400050992,14,2,13,810,2,2,1,2.0,6,69389,M,,,69
201400050993,14,2,13,1240,1,2,1,2.0,2,69081,M,,,69
201400050994,14,2,14,5,5,2,1,8.0,6,69389,M,,,69
201400050995,14,2,27,725,1,2,2,1.0,3,69081,M,,,69
201400050996,14,2,27,925,1,2,2,1.0,3,69389,M,,,69
201400050997,14,2,28,840,1,2,1,2.0,6,69389,M,,,69
201400050998,14,3,2,1510,1,2,1,1.0,6,69389,M,,,69
201400050999,14,3,2,1445,1,2,1,1.0,2,69389,M,,,69
201400051000,14,3,13,815,1,2,1,1.0,1,69389,M,,,69
201400051001,14,3,19,735,1,2,2,7.0,5,69081,M,,,69
201400051002,14,3,26,1605,1,2,1,1.0,6,69389,M,,,69
201400051003,14,3,28,1455,1,2,1,1.0,6,69389,M,,,69
201400051004,14,3,29,236,5,2,1,1.0,6,69389,M,,,69
201400051005,14,3,29,1350,1,2,2,1.0,3,69389,M,,,69
201400051006,14,3,29,1615,1,2,1,1.0,6,69081,M,,,69
201400051007,14,4,1,1320,1,2,3,1.0,3,69389,M,,,69
201400051008,14,4,1,1540,1,2,1,1.0,4,69389,M,,,69
201400051009,14,4,4,1350,1,2,2,1.0,3,69389,M,,,69
201400051010,14,4,5,628,2,2,2,1.0,3,69389,M,,,69
201400051011,14,4,9,1300,1,2,1,1.0,3,69389,M,,,69
201400051012,14,4,10,1830,1,2,1,1.0,6,69389,M,,,69
201400051013,14,4,15,805,1,2,1,1.0,2,69389,M,,,69
201400051014,14,4,17,1225,1,2,1,1.0,6,69389,M,,,69
201400051015,14,4,17,1810,1,2,1,1.0,6,69389,M,,,69
201400051016,14,4,21,650,2,2,1,2.0,6,69389,M,,,69
201400051017,14,4,12,1140,1,2,1,1.0,6,69389,M,,,69
201400051018,14,4,23,1545,1,2,1,1.0,7,69389,M,,,69
201400051019,14,5,4,1550,1,2,1,1.0,2,69389,M,,,69
201400051020,14,5,22,2125,2,2,1,1.0,2,69389,M,,,69
201400051021,14,5,29,1715,1,2,2,1.0,3,69389,M,,,69
201400051022,14,6,10,915,1,2,1,1.0,2,69389,M,,,69
201400051023,14,6,10,1520,1,2,1,1.0,2,69389,M,,,69
201400051024,14,6,11,1715,1,2,1,1.0,6,69389,M,,,69
201400051025,14,6,12,940,1,2,1,1.0,6,69389,M,,,69
201400051026,14,6,12,1115,1,2,1,1.0,3,69389,M,,,69
201400051027,14,6,13,235,5,2,1,1.0,6,69081,M,,,69
201400051028,14,6,15,2310,5,2,1,1.0,3,69389,M,,,69
201400051029,14,6,17,2332,5,2,1,2.0,6,69389,M,,,69
201400051030,14,6,22,1220,1,2,1,1.0,6,69389,M,,,69
201400051031,14,6,24,1917,1,2,1,1.0,3,69081,M,,,69
201400051032,14,6,25,350,5,2,1,1.0,6,69389,M,,,69
201400051033,14,6,26,825,1,2,1,1.0,6,69081,M,,,69
201400051034,14,6,26,2140,2,2,3,1.0,6,69389,M,,,69
201400051035,14,6,30,1700,1,2,1,1.0,3,69389,M,,,69
201400051036,14,7,3,1115,1,2,1,1.0,6,69389,M,,,69
201400051037,14,7,3,1050,1,2,1,1.0,2,69389,M,,,69
201400051038,14,7,5,1310,1,2,1,1.0,3,69389,M,,,69
201400051039,14,7,6,1930,1,2,1,2.0,2,69389,M,,,69
201400051040,14,7,9,1015,1,2,1,2.0,7,69389,M,,,69
201400051041,14,7,19,120,5,2,1,1.0,7,69081,M,,,69
201400051042,14,7,21,955,1,2,2,2.0,3,69389,M,,,69
201400051043,14,7,22,850,1,2,9,8.0,3,69389,M,,,69
201400051044,14,7,27,435,5,2,1,1.0,2,69389,M,,,69
201400051045,14,8,10,1630,1,2,1,1.0,7,69389,M,,,69
201400051046,14,8,11,2210,5,2,1,1.0,4,69389,M,,,69
201400051047,14,9,19,1730,1,2,1,1.0,6,69389,M,,,69
201400051048,14,10,10,1625,1,2,1,3.0,1,69081,M,,,69
201400051049,14,9,22,2310,5,2,1,1.0,6,69389,M,,,69
201400051050,14,9,3,1245,1,2,1,1.0,6,69389,M,,,69
201400051051,14,9,4,1340,1,2,1,1.0,3,69389,M,,,69
201400051052,14,9,5,1100,1,2,1,1.0,6,69389,M,,,69
201400051053,14,9,8,1650,1,2,1,1.0,7,69389,M,,,69
201400051054,14,10,2,1700,1,2,1,1.0,2,69081,M,,,69
201400051055,14,9,8,1630,1,2,1,1.0,6,69389,M,,,69
201400051056,14,9,11,1935,2,2,2,1.0,3,69389,M,,,69
201400051057,14,9,11,1745,1,2,2,1.0,3,69081,M,,,69
201400051058,14,9,12,925,1,2,1,1.0,4,69389,M,,,69
201400051059,14,9,12,1535,1,2,1,1.0,4,69081,M,,,69
201400051060,14,9,16,1210,1,2,2,1.0,6,69389,M,,,69
201400051061,14,9,23,940,1,2,1,1.0,6,69081,M,,,69
201400051062,14,9,27,1220,1,2,1,1.0,3,69389,M,,,69
201400051063,14,9,28,1715,1,2,1,1.0,7,69389,M,,,69
201400051064,14,9,29,1534,1,2,1,2.0,6,69389,M,,,69
201400051065,14,9,29,1805,1,2,1,1.0,7,69081,M,,,69
201400051066,14,10,4,2040,5,2,1,1.0,6,69389,M,,,69
201400051067,14,10,17,1640,1,2,1,1.0,6,69389,M,,,69
201400051068,14,10,24,1400,1,2,1,1.0,2,69389,M,,,69
201400051069,14,10,31,2115,5,2,1,1.0,1,69389,M,,,69
201400051070,14,11,1,1600,1,2,1,1.0,3,69389,M,,,69
201400051071,14,11,3,1740,5,2,1,3.0,6,69389,M,,,69
201400051072,14,11,4,750,2,2,1,3.0,6,69389,M,,,69
201400051073,14,11,7,1328,1,2,1,2.0,6,69389,M,,,69
201400051074,14,11,12,740,1,2,1,2.0,6,69389,M,,,69
201400051075,14,10,24,430,5,2,1,1.0,6,69389,M,,,69
201400051076,14,11,20,1800,5,2,1,1.0,3,69389,M,,,69
201400051077,14,11,21,1200,1,2,1,1.0,3,69389,M,,,69
201400051078,14,11,21,1835,5,2,1,1.0,3,69389,M,,,69
201400051079,14,11,24,1100,1,1,3,2.0,7,69389,M,,,69
201400051080,14,12,5,1530,1,2,9,1.0,5,69389,M,,,69
201400051081,14,12,8,845,1,2,1,2.0,6,69389,M,,,69
201400051082,14,12,9,1630,2,2,1,1.0,6,69389,M,,,69
201400051083,14,12,14,1839,5,2,1,1.0,1,69389,M,,,69
201400051084,14,12,16,750,2,2,1,1.0,3,69389,M,,,69
201400051085,14,12,16,1225,1,2,1,1.0,3,69389,M,,,69
201400051086,14,12,20,1430,1,2,1,1.0,2,69389,M,,,69
201400051087,14,12,23,1330,1,1,2,1.0,1,69389,M,,,69
201400051088,14,12,24,2325,5,2,1,1.0,6,69389,M,,,69
201400051089,14,12,31,1900,5,2,1,1.0,3,69389,M,,,69
201400051090,14,1,1,400,5,1,1,1.0,6,83144,M,,,83
201400051091,14,1,29,1945,3,1,1,1.0,5,83137,M,0.0,0.0,83
201400051092,14,3,9,1040,1,1,1,1.0,3,83062,M,0.0,0.0,83