Num_Acc,an,mois,jour,hrmn,lum,agg,int,atm,col,com,gps,lat,long,dep
201400051093,14,4,2,835,1,1,1,1.0,4,83137,M,,,83
201400051094,14,1,9,1800,3,1,1,1.0,2,83126,M,0.0,0.0,83
201400051095,14,1,19,2113,3,1,1,8.0,6,83062,M,0.0,0.0,83
201400051096,14,3,5,1530,1,1,1,1.0,2,83137,M,0.0,0.0,83
201400051097,14,3,8,550,3,1,1,1.0,6,83062,M,,,83
201400051098,14,3,11,825,1,1,1,1.0,3,83144,M,0.0,0.0,83
201400051099,14,3,12,1441,1,1,1,1.0,4,83137,M,0.0,0.0,83
201400051100,14,3,15,1805,1,1,1,1.0,7,83137,M,0.0,0.0,83
201400051101,14,3,28,1605,1,1,1,1.0,5,83137,M,0.0,0.0,83
201400051102,14,3,31,1445,1,1,1,1.0,2,83137,M,0.0,0.0,83
201400051103,14,4,9,1600,1,1,1,1.0,2,83137,M,,,83
201400051104,14,4,9,1753,1,1,1,1.0,4,83144,M,0.0,0.0,83
201400051105,14,4,11,1205,1,1,1,1.0,4,83144,M,0.0,0.0,83
201400051106,14,4,14,805,1,1,1,1.0,4,83137,M,0.0,0.0,83
201400051107,14,4,18,1750,1,1,1,1.0,4,83069,M,0.0,0.0,83
201400051108,14,4,18,1945,2,1,1,1.0,2,83137,M,,,83
201400051109,14,5,2,1150,1,1,1,1.0,6,83137,M,0.0,0.0,83
201400051110,14,5,6,1800,1,1,1,1.0,7,13028,M,,,13
201400051111,14,5,13,1618,1,1,1,1.0,3,83137,M,0.0,0.0,83
201400051112,14,5,14,1645,1,1,1,1.0,7,83137,M,,,83
201400051113,14,5,14,1745,1,1,1,1.0,2,83137,M,,,83
201400051114,14,5,23,1430,1,1,1,1.0,4,83137,M,,,83
201400051115,14,5,22,1210,1,1,1,1.0,4,83144,M,,,83
201400051116,14,5,28,1320,1,1,1,1.0,3,83137,M,,,83
201400051117,14,5,28,1834,1,1,1,1.0,5,13023,M,,,13
201400051118,14,5,29,140,5,1,1,1.0,3,83137,M,,,83
201400051119,14,5,30,1150,1,1,1,1.0,5,83137,M,,,83
201400051120,14,5,30,1930,1,1,1,1.0,3,83027,M,,,83
201400051121,14,6,7,1840,1,1,1,1.0,2,83144,M,,,83
201400051122,14,6,15,1815,1,1,1,2.0,6,13028,M,,,13
201400051123,14,6,22,620,1,1,1,1.0,6,83047,M,,,83
201400051124,14,6,25,1155,1,1,1,1.0,4,83137,M,,,83
201400051125,14,6,27,1545,1,1,1,1.0,2,83137,M,,,83
201400051126,14,7,1,1908,1,1,1,1.0,3,83090,M,0.0,0.0,83
201400051127,14,7,4,1800,1,1,1,1.0,5,83126,M,,,83
201400051128,14,7,5,705,1,1,1,1.0,2,83144,M,,,83
201400051129,14,7,8,940,1,1,1,1.0,3,83144,M,,,83
201400051130,14,7,12,1510,1,1,1,1.0,6,83047,M,,,83
201400051131,14,7,18,1923,1,1,1,1.0,5,83144,M,,,83
201400051132,14,7,24,25,3,1,1,1.0,7,83047,M,,,83
201400051133,14,7,25,2220,3,1,1,1.0,7,83062,M,0.0,0.0,83
201400051134,14,7,27,2255,3,1,1,1.0,6,83112,M,,,83
201400051135,14,8,1,1745,1,1,1,1.0,4,83137,M,,,83
201400051136,14,8,16,1544,1,1,1,1.0,4,83137,M,,,83
201400051137,14,8,17,1450,1,1,1,1.0,7,83027,M,,,83
201400051138,14,9,7,620,3,1,1,1.0,5,83112,M,0.0,0.0,83
201400051139,14,9,11,610,3,1,1,1.0,2,83129,M,0.0,0.0,83
201400051140,14,9,11,850,1,1,1,1.0,2,83144,M,0.0,0.0,83
201400051141,14,9,11,1710,1,1,1,1.0,2,83137,M,,,83
201400051142,14,9,12,800,1,1,1,1.0,2,83062,M,0.0,0.0,83
201400051143,14,9,13,1930,1,1,1,1.0,2,83047,M,0.0,0.0,83
201400051144,14,9,14,1025,1,1,1,1.0,6,83027,M,0.0,0.0,83
201400051145,14,9,26,740,1,1,1,1.0,2,83144,M,0.0,0.0,83
201400051146,14,9,30,645,3,1,1,8.0,5,83112,M,,,83
201400051147,14,10,6,1405,1,1,1,1.0,4,83144,M,0.0,0.0,83
201400051148,14,10,10,720,2,1,1,1.0,3,83062,M,,,83
201400051149,14,10,13,1135,1,1,1,1.0,3,83137,M,,,83
201400051150,14,10,15,1330,1,1,1,1.0,2,83144,M,,,83
201400051151,14,10,18,1925,3,1,1,1.0,2,83123,M,,,83
201400051152,14,10,21,1703,1,1,1,1.0,4,83144,M,,,83
201400051153,14,10,22,1925,3,1,1,6.0,4,83062,M,,,83
201400051154,14,10,23,1525,1,1,1,1.0,2,83027,M,,,83
201400051155,14,10,23,1810,1,1,1,1.0,5,83137,M,,,83
201400051156,14,10,26,130,5,1,1,1.0,2,83137,M,,,83
201400051157,14,10,27,1430,1,1,1,1.0,2,83137,M,,,83
201400051158,14,10,28,1900,3,1,1,1.0,4,83137,M,,,83
201400051159,14,10,29,1803,3,1,1,1.0,3,83144,M,,,83
201400051160,14,11,4,802,1,1,1,2.0,3,83137,M,0.0,0.0,83
201400051161,14,11,6,1745,3,1,1,2.0,2,83137,M,0.0,0.0,83
201400051162,14,11,13,1210,1,1,1,3.0,6,83123,M,0.0,0.0,83
201400051163,14,11,13,810,1,1,1,1.0,6,83027,M,0.0,0.0,83
201400051164,14,11,13,1248,1,1,1,1.0,2,83069,M,0.0,0.0,83
201400051165,14,11,13,1950,4,1,1,1.0,2,83137,M,,,83
201400051166,14,11,14,930,1,1,1,1.0,5,83137,M,,,83
201400051167,14,11,14,1925,4,1,1,2.0,7,83144,M,,,83
201400051168,14,11,22,1700,1,1,1,1.0,6,83123,M,,,83
201400051169,14,11,24,825,1,1,1,1.0,2,83144,M,,,83
201400051170,14,11,24,1745,3,1,1,2.0,7,83069,M,,,83
201400051171,14,11,25,1700,2,1,1,3.0,2,83126,M,,,83
201400051172,14,11,27,1743,5,1,1,2.0,3,83137,M,,,83
201400051173,14,12,4,735,5,1,1,2.0,7,83144,M,0.0,0.0,83
201400051174,14,12,15,855,1,1,1,1.0,3,83137,M,,,83
201400051175,14,12,16,1258,1,1,1,1.0,6,83123,M,,,83
201400051176,14,12,16,1350,1,1,1,1.0,4,83137,M,,,83
201400051177,14,12,17,910,1,1,1,1.0,2,83144,M,,,83
201400051178,14,12,20,1710,2,1,1,1.0,3,83062,M,,,83
201400051179,14,12,26,1809,5,1,1,1.0,4,83137,M,,,83
201400051180,14,1,1,420,3,1,1,1.0,7,13071,M,4340692.0,533003.0,13
201400051181,14,1,2,830,1,1,1,2.0,6,13055,M,,,13
201400051182,14,1,2,1025,1,1,1,8.0,7,13033,M,4337316.0,518628.0,13
201400051183,14,1,4,30,3,1,1,1.0,3,13117,M,4345939.0,523522.0,13
201400051184,14,1,4,1315,1,1,1,2.0,7,13026,M,,,13
201400051185,14,1,6,915,1,1,1,1.0,2,13055,M,,,13
201400051186,14,1,9,220,3,1,1,1.0,7,13085,M,,,13
201400051187,14,1,10,110,3,1,1,1.0,6,13015,M,4344783.0,539596.0,13
201400051188,14,1,9,1055,1,1,1,1.0,2,13071,M,4339475.0,529886.0,13
201400051189,14,1,12,1920,3,1,1,1.0,4,13055,M,4333145.0,537758.0,13
201400051190,14,1,13,2115,3,1,1,2.0,3,13005,M,,,13
201400051191,14,1,13,1038,1,1,1,1.0,6,13055,M,,,13
201400051192,14,1,14,650,3,1,1,1.0,1,13055,M,,,13
201400051193,14,1,14,1600,1,1,1,1.0,7,13071,M,,,13
201400051194,14,1,14,730,5,1,1,1.0,4,13055,M,,,13
201400051195,14,1,16,2037,3,1,1,2.0,6,13055,M,,,13
201400051196,14,1,17,1930,3,1,1,2.0,7,13005,M,,,13
201400051197,14,1,18,1510,1,1,1,3.0,7,13071,M,,,13
201400051198,14,1,18,1531,1,1,1,2.0,6,13081,M,,,13
201400051199,14,1,18,1740,1,1,1,2.0,3,13071,M,,,13
201400051200,14,1,14,1630,1,1,1,1.0,2,13055,M,,,13
201400051201,14,1,13,1615,1,1,1,2.0,7,13005,M,,,13
201400051202,14,1,19,1630,1,1,1,3.0,7,13005,M,,,13
201400051203,14,1,20,1835,3,1,1,1.0,2,13071,M,,,13
201400051204,14,1,21,820,1,1,1,1.0,2,13005,M,,,13
201400051205,14,1,21,833,1,1,1,2.0,7,13088,M,,,13
201400051206,14,1,21,1050,1,1,1,1.0,4,13070,M,,,13
201400051207,14,1,22,1215,1,1,1,1.0,2,13022,M,,,13
201400051208,14,1,25,2130,4,1,1,1.0,7,13026,M,,,13
201400051209,14,1,27,955,1,1,1,1.0,5,13117,M,,,13
201400051210,14,1,22,1210,1,1,1,1.0,4,13055,M,,,13
201400051211,14,1,29,830,2,1,1,3.0,2,13055,M,,,13
201400051212,14,1,29,915,1,1,1,3.0,4,13071,M,,,13
201400051213,14,1,30,1300,1,1,1,3.0,7,13055,M,,,13
201400051214,14,1,30,1330,1,1,1,2.0,2,13055,M,,,13
201400051215,14,1,31,1940,3,1,1,1.0,2,13005,M,,,13
201400051216,14,2,2,300,5,1,1,1.0,6,13055,M,,,13
201400051217,14,2,2,445,5,1,1,2.0,2,13055,M,,,13
201400051218,14,1,31,1930,3,1,1,1.0,4,13015,M,,,13
201400051219,14,1,30,1900,3,1,1,2.0,4,13055,M,,,13
201400051220,14,2,4,320,3,1,1,2.0,7,13055,M,,,13
201400051221,14,2,4,455,3,1,1,3.0,7,13088,M,,,13
201400051222,14,2,4,2000,3,1,1,1.0,7,13005,M,,,13
201400051223,14,2,5,1330,1,1,1,2.0,6,13055,M,,,13
201400051224,14,2,4,1950,3,1,1,1.0,3,13015,M,,,13
201400051225,14,2,7,937,1,1,1,2.0,5,13106,M,,,13
201400051226,14,2,7,815,1,1,1,2.0,2,13055,M,,,13
201400051227,14,2,6,848,1,1,1,1.0,4,13055,M,,,13
201400051228,14,2,7,1200,1,1,1,2.0,7,13055,M,,,13
201400051229,14,2,6,1520,1,1,1,1.0,4,13071,M,,,13
201400051230,14,2,6,1715,1,1,1,1.0,4,13081,M,,,13
201400051231,14,2,5,907,1,1,1,3.0,2,13005,M,,,13
201400051232,14,2,10,1340,1,1,1,3.0,6,13005,M,,,13
201400051233,14,2,4,1815,2,1,1,1.0,6,13055,M,,,13
201400051234,14,2,6,1530,1,1,1,1.0,2,13071,M,,,13
201400051235,14,2,17,725,1,1,1,1.0,2,13056,M,,,13
201400051236,14,2,17,1900,3,1,1,1.0,2,13055,M,,,13
201400051237,14,2,19,950,1,1,1,1.0,7,13055,M,,,13
201400051238,14,2,24,1730,1,1,1,1.0,4,13055,M,,,13
201400051239,14,2,19,2,5,1,1,1.0,2,13028,M,,,13
201400051240,14,2,20,10,3,1,1,1.0,7,13001,M,,,13
201400051241,14,2,21,810,1,1,1,1.0,6,13117,M,,,13
201400051242,14,2,23,2215,3,1,1,1.0,6,13005,M,,,13
201400051243,14,2,24,235,3,1,1,1.0,7,13055,M,,,13
201400051244,14,2,26,915,1,1,1,2.0,7,13055,M,,,13
201400051245,14,3,2,20,3,1,1,1.0,1,13055,M,,,13
201400051246,14,3,2,820,1,1,1,1.0,2,13043,M,,,13
201400051247,14,3,3,1605,1,1,1,1.0,3,13005,M,,,13
201400051248,14,3,4,1815,3,1,1,1.0,4,13055,M,,,13
201400051249,14,3,7,1120,1,1,1,1.0,3,13055,M,,,13
201400051250,14,3,7,1400,1,1,1,1.0,5,13055,M,,,13
201400051251,14,3,7,1935,1,1,1,1.0,4,13015,M,,,13
201400051252,14,3,8,510,3,1,1,1.0,6,13015,M,,,13
201400051253,14,3,9,2050,3,1,1,1.0,2,13055,M,,,13
201400051254,14,3,10,810,1,1,1,1.0,2,13056,M,,,13
201400051255,14,3,11,1430,1,1,1,1.0,7,13005,M,,,13
201400051256,14,3,3,1015,1,1,1,1.0,6,13056,M,,,13
201400051257,14,3,13,1120,1,1,1,1.0,7,13026,M,,,13
201400051258,14,3,13,805,1,1,1,1.0,2,13055,M,,,13
201400051259,14,3,14,1145,1,1,1,1.0,4,13070,M,,,13
201400051260,14,3,17,1515,1,1,1,1.0,2,13022,M,,,13
201400051261,14,3,18,925,1,1,1,1.0,2,13071,M,,,13
201400051262,14,3,18,1605,1,1,1,1.0,4,13055,M,,,13
201400051263,14,3,18,1740,1,1,1,1.0,4,13005,M,,,13
201400051264,14,3,19,735,1,1,1,1.0,7,13088,M,,,13
201400051265,14,3,19,1600,1,1,1,1.0,4,13070,M,,,13
201400051266,14,3,15,1440,1,1,1,1.0,6,13055,M,,,13
201400051267,14,3,21,150,3,1,1,1.0,7,13055,M,,,13
201400051268,14,3,22,1145,1,1,1,3.0,6,13055,M,,,13
201400051269,14,3,22,1620,1,1,1,3.0,5,13070,M,,,13
201400051270,14,3,23,540,2,1,1,1.0,6,13055,M,,,13
201400051271,14,3,25,900,1,1,1,1.0,4,13071,M,,,13
201400051272,14,3,25,1715,1,1,1,1.0,2,13117,M,,,13
201400051273,14,3,28,815,1,1,1,1.0,2,13071,M,,,13
201400051274,14,3,28,1220,1,1,1,1.0,7,13081,M,,,13
201400051275,14,3,29,1708,1,1,1,1.0,7,13005,M,,,13
201400051276,14,3,31,1640,1,1,1,1.0,7,13071,M,,,13
201400051277,14,4,1,900,1,1,1,1.0,2,13071,M,,,13
201400051278,14,4,1,1015,1,1,1,1.0,6,13055,M,,,13
201400051279,14,4,3,645,3,1,1,1.0,3,13055,M,,,13
201400051280,14,4,3,1335,1,1,1,1.0,2,13056,M,,,13
201400051281,14,4,4,840,1,1,1,2.0,5,13055,M,,,13
201400051282,14,4,1,1230,1,1,1,1.0,2,13055,M,,,13
201400051283,14,4,7,1635,1,1,1,1.0,6,13055,M,,,13
201400051284,14,4,10,1730,1,1,1,1.0,6,13005,M,,,13
201400051285,14,4,11,1623,1,1,1,1.0,2,13001,M,,,13
201400051286,14,4,11,1856,5,1,1,1.0,2,13055,M,,,13
201400051287,14,4,13,1755,1,1,1,1.0,2,13055,M,,,13
201400051288,14,4,10,1830,1,1,1,1.0,2,13019,M,,,13
201400051289,14,4,14,1630,1,1,1,1.0,2,13056,M,,,13
201400051290,14,4,15,750,1,1,1,1.0,6,13085,M,,,13
201400051291,14,4,15,40,3,1,1,1.0,2,13001,M,,,13
201400051292,14,4,16,1645,1,1,1,1.0,7,13071,M,,,13
201400051293,14,4,17,1630,1,1,1,1.0,2,13055,M,4331415.0,536738.0,13
201400051294,14,4,17,1940,1,1,1,1.0,2,13055,M,,,13
201400051295,14,4,18,1130,1,1,1,1.0,2,13106,M,,,13
201400051296,14,4,18,1420,1,1,1,1.0,6,13106,M,,,13
201400051297,14,4,18,1529,1,1,1,1.0,3,13117,M,,,13
201400051298,14,4,18,1625,1,1,1,1.0,4,13071,M,,,13
201400051299,14,4,18,1735,1,1,1,1.0,6,13071,M,,,13
201400051300,14,4,18,1830,1,1,1,1.0,6,13055,M,,,13
201400051301,14,4,20,1245,1,1,1,2.0,6,13055,M,,,13
201400051302,14,4,21,45,4,1,1,1.0,7,13055,M,,,13
201400051303,14,4,20,2322,3,1,1,1.0,6,13055,M,,,13
201400051304,14,4,21,1910,1,1,1,1.0,3,13055,M,,,13
201400051305,14,4,21,1637,1,1,1,3.0,2,13055,M,,,13
201400051306,14,4,22,1648,1,1,1,1.0,4,13056,M,,,13
201400051307,14,4,22,1915,1,1,1,1.0,7,13071,M,,,13
201400051308,14,4,23,1700,1,1,1,1.0,4,13070,M,,,13
201400051309,14,4,24,1200,1,1,1,1.0,6,13071,M,,,13
201400051310,14,4,27,602,2,1,1,1.0,2,13055,M,,,13
201400051311,14,4,28,1355,1,1,1,1.0,5,13071,M,,,13
201400051312,14,4,28,1410,1,1,1,1.0,6,13070,M,,,13
201400051313,14,4,30,1830,1,1,1,1.0,7,13005,M,,,13
201400051314,14,5,4,1954,1,1,1,1.0,2,13055,M,,,13
201400051315,14,5,6,1300,1,1,1,1.0,7,13071,M,,,13
201400051316,14,5,7,1420,1,1,1,1.0,3,13055,M,,,13
201400051317,14,5,8,30,3,1,1,1.0,6,13106,M,,,13
201400051318,14,5,8,2100,3,1,1,1.0,3,13081,M,,,13
201400051319,14,5,9,1244,1,1,1,1.0,7,13056,M,,,13
201400051320,14,5,9,1645,1,1,1,1.0,2,13071,M,,,13
201400051321,14,4,29,1330,1,1,1,1.0,3,13106,M,,,13
201400051322,14,5,13,1055,1,1,1,1.0,5,13019,M,,,13
201400051323,14,5,13,1730,1,1,1,1.0,2,13055,M,,,13
201400051324,14,5,15,835,1,1,1,1.0,5,13005,M,,,13
201400051325,14,5,15,1730,1,1,1,1.0,7,13055,M,,,13
201400051326,14,5,17,1350,1,1,1,1.0,6,13022,M,,,13
201400051327,14,5,18,555,2,1,1,1.0,2,13055,M,,,13
201400051328,14,5,18,600,2,1,1,1.0,5,13055,M,,,13
201400051329,14,5,19,1340,1,1,1,2.0,4,13055,M,,,13
201400051330,14,5,19,1445,1,1,1,2.0,6,13055,M,,,13
201400051331,14,5,16,1835,1,1,1,1.0,4,13055,M,,,13
201400051332,14,5,21,830,1,1,1,1.0,4,13071,M,,,13
201400051333,14,5,21,1155,1,1,1,1.0,4,13070,M,,,13
201400051334,14,5,21,1840,1,1,1,1.0,3,13056,M,,,13
201400051335,14,5,24,1810,1,1,1,1.0,2,13005,M,,,13
201400051336,14,5,25,1150,1,1,1,1.0,2,13026,M,,,13
201400051337,14,5,26,830,1,1,1,1.0,4,13117,M,,,13
201400051338,14,5,26,750,1,1,1,1.0,3,13043,M,,,13
201400051339,14,5,26,1955,1,1,1,1.0,2,13005,M,,,13
201400051340,14,5,27,910,1,1,1,1.0,4,13071,M,,,13
201400051341,14,5,27,905,1,1,1,1.0,4,13015,M,,,13
201400051342,14,5,27,2010,1,1,1,1.0,2,13015,M,,,13
201400051343,14,5,24,1800,1,1,1,1.0,2,13056,M,,,13
201400051344,14,5,28,1820,1,1,1,1.0,4,13005,M,,,13
201400051345,14,5,29,1815,1,1,1,1.0,4,13055,M,,,13
201400051346,14,5,30,1855,1,1,1,1.0,7,13015,M,,,13
201400051347,14,5,31,145,4,1,1,1.0,6,13071,M,,,13
201400051348,14,5,31,1544,1,1,1,1.0,3,13015,M,,,13
201400051349,14,5,31,1715,1,1,1,8.0,3,13005,M,,,13
201400051350,14,6,2,1720,1,1,1,1.0,3,13055,M,,,13
201400051351,14,6,2,1810,1,1,1,1.0,5,13019,M,,,13
201400051352,14,6,5,1540,1,1,1,1.0,5,13106,M,,,13
201400051353,14,6,6,1725,1,1,1,1.0,5,13071,M,,,13
201400051354,14,6,8,255,3,1,1,1.0,7,13071,M,,,13
201400051355,14,6,8,530,2,1,1,1.0,7,13022,M,,,13
201400051356,14,5,17,645,2,1,1,1.0,2,13055,M,,,13
201400051357,14,6,8,1935,1,1,1,1.0,7,13055,M,,,13
201400051358,14,6,9,1700,1,1,1,1.0,7,13106,M,,,13
201400051359,14,6,10,1825,1,1,1,1.0,2,13055,M,,,13
201400051360,14,6,4,2220,4,1,1,1.0,6,13005,M,,,13
201400051361,14,6,10,1915,1,1,1,1.0,7,13005,M,,,13
201400051362,14,10,4,1945,1,1,1,1.0,2,13071,M,,,13
201400051363,14,6,13,1200,1,1,1,1.0,4,13071,M,,,13
201400051364,14,6,12,1740,1,1,1,1.0,4,13055,M,,,13
201400051365,14,6,15,1935,1,1,1,8.0,6,13005,M,,,13
201400051366,14,6,16,130,5,1,1,1.0,7,13055,M,,,13
201400051367,14,6,16,930,1,1,1,1.0,4,13070,M,,,13
201400051368,14,6,13,1830,1,1,1,1.0,5,13071,M,,,13
201400051369,14,6,17,800,1,1,1,1.0,5,13071,M,,,13
201400051370,14,6,17,1405,1,1,1,1.0,2,13055,M,,,13
201400051371,14,6,17,1655,1,1,1,1.0,2,13005,M,,,13
201400051372,14,6,19,730,1,1,1,1.0,6,13106,M,,,13
201400051373,14,6,20,1455,1,1,1,1.0,6,13005,M,,,13
201400051374,14,6,22,20,4,1,1,1.0,6,13005,M,,,13
201400051375,14,6,23,700,1,1,1,1.0,2,13055,M,,,13
201400051376,14,6,22,1245,1,1,1,1.0,2,13005,M,,,13
201400051377,14,6,19,1415,1,1,1,1.0,7,13055,M,,,13
201400051378,14,6,24,2015,1,1,1,1.0,2,13055,M,,,13
201400051379,14,6,25,625,2,1,1,2.0,6,13055,M,,,13
201400051380,14,6,26,825,1,1,1,1.0,4,13055,M,,,13
201400051381,14,6,26,1545,1,1,1,1.0,3,13056,M,,,13
201400051382,14,6,28,455,3,1,1,1.0,6,13005,M,,,13
201400051383,14,6,29,1730,1,1,1,1.0,5,13088,M,,,13
201400051384,14,6,30,700,1,1,1,1.0,4,13022,M,,,13
201400051385,14,6,30,1130,1,1,1,1.0,2,13081,M,,,13
201400051386,14,6,25,1745,1,1,1,1.0,2,13005,M,,,13
201400051387,14,7,1,710,1,1,1,1.0,7,13055,M,,,13
201400051388,14,7,1,900,1,1,1,1.0,7,13015,M,,,13
201400051389,14,7,1,1345,1,1,1,1.0,7,13026,M,,,13
201400051390,14,7,1,2000,1,1,1,1.0,3,13055,M,,,13
201400051391,14,7,3,725,1,1,1,1.0,7,13106,M,,,13
201400051392,14,7,4,1355,1,1,1,1.0,2,13055,M,,,13
201400051393,14,7,5,1700,1,1,1,1.0,2,13005,M,,,13
201400051394,14,7,6,1215,1,1,1,1.0,2,13005,M,,,13
201400051395,14,7,6,1800,1,1,1,1.0,6,13005,M,,,13
201400051396,14,7,11,1510,1,1,1,1.0,7,13001,M,,,13
201400051397,14,7,12,324,3,1,1,1.0,6,13071,M,,,13
201400051398,14,7,15,2030,1,1,1,1.0,2,13056,M,,,13
201400051399,14,7,15,850,1,1,1,1.0,2,13055,M,,,13
201400051400,14,7,15,1940,1,1,1,1.0,2,13055,M,,,13
201400051401,14,7,17,1855,1,1,1,1.0,6,13071,M,,,13
201400051402,14,7,18,930,1,1,1,1.0,3,13085,M,,,13
201400051403,14,7,18,930,1,1,1,1.0,4,13005,M,,,13
201400051404,14,7,23,1330,1,1,1,1.0,6,13026,M,,,13
201400051405,14,7,24,1025,1,1,1,1.0,7,13055,M,,,13
201400051406,14,7,25,945,1,1,1,1.0,3,13106,M,,,13
201400051407,14,7,26,2250,5,1,1,1.0,1,13005,M,,,13
201400051408,14,7,30,1815,1,1,1,1.0,2,13106,M,,,13
201400051409,14,8,1,1115,1,1,1,1.0,6,13055,M,,,13
201400051410,14,8,3,30,3,1,1,2.0,6,13071,M,,,13
201400051411,14,8,4,1245,1,1,1,1.0,6,13117,M,,,13
201400051412,14,7,31,1845,1,1,1,1.0,6,13055,M,,,13
201400051413,14,8,5,1515,1,1,1,1.0,6,13022,M,,,13
201400051414,14,8,7,2125,3,1,1,1.0,3,13005,M,,,13
201400051415,14,8,11,1830,1,1,1,1.0,2,13055,M,,,13
201400051416,14,8,13,1640,1,1,1,1.0,3,13055,M,,,13
201400051417,14,8,17,1044,1,1,1,1.0,6,13005,M,,,13
201400051418,14,8,22,815,1,1,1,1.0,2,13070,M,,,13
201400051419,14,8,25,930,1,1,1,1.0,6,13001,M,,,13
201400051420,14,8,29,1340,1,1,1,1.0,5,13055,M,,,13
201400051421,14,9,1,415,3,1,1,1.0,7,13117,M,,,13
201400051422,14,9,1,1655,1,1,1,1.0,4,13055,M,,,13
201400051423,14,9,2,1645,1,1,6,1.0,7,13055,M,,,13
201400051424,14,9,3,2240,3,1,1,1.0,2,13055,M,,,13
201400051425,14,9,4,735,1,1,1,1.0,7,13055,M,,,13
201400051426,14,9,4,945,1,1,1,1.0,2,13005,M,,,13
201400051427,14,9,5,1645,1,1,1,1.0,2,13001,M,,,13
201400051428,14,9,6,2200,3,1,1,1.0,2,13043,M,,,13
201400051429,14,9,7,105,3,1,1,1.0,2,13055,M,,,13
201400051430,14,9,7,600,3,1,1,1.0,2,13055,M,,,13
201400051431,14,9,7,650,2,1,1,1.0,2,13055,M,,,13
201400051432,14,9,7,1355,1,1,1,1.0,7,13001,M,,,13
201400051433,14,9,7,1400,1,1,1,1.0,6,13001,M,,,13
201400051434,14,9,7,2000,1,1,1,1.0,7,13071,M,,,13
201400051435,14,9,9,1810,1,1,1,1.0,2,13055,M,,,13
201400051436,14,9,5,1850,1,1,1,1.0,2,13055,M,,,13
201400051437,14,9,10,1700,1,1,1,1.0,5,13071,M,,,13
201400051438,14,9,11,1650,1,1,1,1.0,4,13071,M,,,13
201400051439,14,9,12,745,1,1,1,1.0,2,13117,M,,,13
201400051440,14,9,13,755,3,1,1,1.0,6,13005,M,,,13
201400051441,14,9,14,600,3,1,1,1.0,5,13070,M,,,13
201400051442,14,9,11,1830,1,1,1,1.0,4,13005,M,,,13
201400051443,14,9,16,1550,1,1,1,1.0,7,13088,M,,,13
201400051444,14,9,16,1700,1,1,1,1.0,2,13055,M,,,13
201400051445,14,9,16,820,1,1,1,1.0,2,13088,M,,,13
201400051446,14,9,17,1310,1,1,1,8.0,7,13055,M,,,13
201400051447,14,9,17,1400,1,1,1,1.0,4,13055,M,,,13
201400051448,14,9,17,1910,1,1,1,1.0,2,13055,M,,,13
201400051449,14,9,18,1605,1,1,1,1.0,4,13001,M,,,13
201400051450,14,9,18,1145,1,1,1,1.0,5,13071,M,,,13
201400051451,14,9,21,1830,1,1,1,1.0,7,13106,M,,,13
201400051452,14,9,21,2005,3,1,1,1.0,4,13055,M,,,13
201400051453,14,9,12,1102,1,1,1,1.0,2,13117,M,,,13
201400051454,14,9,23,838,1,1,9,1.0,6,13055,M,,,13
201400051455,14,9,24,914,1,1,1,2.0,7,13055,M,,,13
201400051456,14,9,24,915,1,1,1,2.0,2,13055,M,,,13
201400051457,14,9,26,1736,1,1,1,1.0,2,13071,M,,,13
201400051458,14,9,30,1100,1,1,1,2.0,3,13055,M,,,13
201400051459,14,9,30,1415,1,1,1,2.0,3,13055,M,,,13
201400051460,14,10,1,1335,1,1,1,1.0,2,13055,M,,,13
201400051461,14,10,2,1710,1,1,1,1.0,2,13055,M,,,13
201400051462,14,10,5,2145,3,1,1,1.0,6,13055,M,,,13
201400051463,14,10,7,1150,1,1,1,1.0,4,13055,M,,,13
201400051464,14,10,7,1240,1,1,1,1.0,3,13005,M,,,13
201400051465,14,10,7,2045,3,1,1,1.0,6,13055,M,,,13
201400051466,14,10,8,830,1,1,1,1.0,4,13106,M,,,13
201400051467,14,10,8,1425,1,1,1,1.0,7,13071,M,,,13
201400051468,14,10,9,720,1,1,1,2.0,2,13055,M,,,13
201400051469,14,10,10,750,1,1,1,1.0,6,13055,M,,,13
201400051470,14,10,10,1220,1,1,1,1.0,4,13071,M,,,13
201400051471,14,10,10,1351,1,1,1,1.0,6,13005,M,,,13
201400051472,14,10,11,1530,1,1,1,1.0,4,13019,M,,,13
201400051473,14,10,12,717,2,1,1,1.0,6,13026,M,,,13
201400051474,14,10,12,105,3,1,1,1.0,3,13055,M,,,13
201400051475,14,10,14,1340,1,1,1,8.0,5,13055,M,,,13
201400051476,14,10,15,715,2,1,1,1.0,6,13005,M,,,13
201400051477,14,10,14,2200,3,1,1,1.0,6,13022,M,,,13
201400051478,14,10,17,840,1,1,1,1.0,3,13055,M,,,13
201400051479,14,10,18,1215,1,1,1,1.0,6,13055,M,,,13
201400051480,14,10,18,525,3,1,1,2.0,6,13055,M,,,13
201400051481,14,10,17,1030,1,1,1,1.0,3,13071,M,,,13
201400051482,14,10,19,1250,1,1,1,1.0,4,13055,M,,,13
201400051483,14,10,21,1435,1,1,1,1.0,2,13055,M,,,13
201400051484,14,10,21,2100,3,1,1,1.0,6,13015,M,,,13
201400051485,14,10,21,2135,3,1,1,1.0,2,13055,M,,,13
201400051486,14,10,22,1220,1,1,1,6.0,2,13055,M,,,13
201400051487,14,10,25,513,3,1,1,1.0,6,13071,M,,,13
201400051488,14,10,25,1520,1,1,1,1.0,7,13033,M,,,13
201400051489,14,10,22,1900,3,1,1,1.0,3,13026,M,,,13
201400051490,14,10,27,1830,3,1,1,1.0,2,13055,M,,,13
201400051491,14,10,24,750,1,1,1,1.0,3,13015,M,,,13
201400051492,14,10,28,1807,3,1,1,1.0,2,13071,M,,,13
201400051493,14,10,29,1245,1,1,1,1.0,2,13055,M,,,13
201400051494,14,10,30,715,1,1,1,1.0,2,13055,M,,,13
201400051495,14,10,31,1730,1,1,1,1.0,7,13001,M,,,13