Num_Acc,an,mois,jour,hrmn,lum,agg,int,atm,col,com,gps,lat,long,dep
201400051496,14,10,31,1905,3,1,1,1.0,4,13055,M,,,13
201400051497,14,11,1,700,2,1,1,5.0,7,13015,M,,,13
201400051498,14,11,2,805,1,1,1,1.0,3,13001,M,,,13
201400051499,14,11,3,630,5,1,1,2.0,7,13055,M,,,13
201400051500,14,11,3,715,2,1,1,3.0,6,13085,M,,,13
201400051501,14,11,3,735,1,1,1,2.0,7,13055,M,,,13
201400051502,14,10,29,1850,3,1,1,1.0,7,13085,M,,,13
201400051503,14,11,4,743,3,1,1,3.0,4,13056,M,,,13
201400051504,14,11,4,1935,3,1,1,2.0,4,13055,M,,,13
201400051505,14,11,5,1505,1,1,1,1.0,3,13001,M,,,13
201400051506,14,11,6,730,1,1,1,1.0,4,13071,M,,,13
201400051507,14,11,6,1000,1,1,1,1.0,6,13055,M,,,13
201400051508,14,11,6,1210,1,1,1,1.0,6,13055,M,,,13
201400051509,14,11,6,1640,1,1,1,1.0,2,13015,M,,,13
201400051510,14,11,4,345,1,1,1,2.0,6,13055,M,,,13
201400051511,14,11,7,1900,3,1,1,1.0,2,13071,M,,,13
201400051512,14,11,7,2015,3,1,1,1.0,2,13055,M,,,13
201400051513,14,11,4,1450,1,1,1,1.0,6,13015,M,,,13
201400051514,14,11,8,1222,1,1,1,1.0,4,13055,M,,,13
201400051515,14,11,9,320,3,1,1,1.0,2,13081,M,,,13
201400051516,14,11,11,1520,1,1,1,3.0,3,13022,M,,,13
201400051517,14,11,11,1515,1,1,1,8.0,5,13055,M,,,13
201400051518,14,11,11,1516,1,1,1,1.0,7,13055,M,,,13
201400051519,14,11,11,1813,3,1,1,2.0,2,13055,M,,,13
201400051520,14,11,12,1355,1,1,1,8.0,7,13055,M,,,13
201400051521,14,11,16,639,5,1,1,1.0,2,13055,M,,,13
201400051522,14,11,13,1030,1,1,1,1.0,4,13055,M,,,13
201400051523,14,11,13,1400,1,1,1,1.0,7,13055,M,,,13
201400051524,14,11,14,1545,1,1,1,2.0,2,13055,M,,,13
201400051525,14,11,14,1710,1,1,1,1.0,2,13055,M,,,13
201400051526,14,11,14,1815,3,1,1,3.0,4,13005,M,,,13
201400051527,14,11,15,1014,1,1,1,2.0,7,13081,M,,,13
201400051528,14,11,15,1104,1,1,1,2.0,7,13033,M,,,13
201400051529,14,11,12,1515,1,1,1,8.0,2,13071,M,,,13
201400051530,14,11,16,1330,1,1,1,1.0,3,13005,M,,,13
201400051531,14,11,16,430,3,1,1,1.0,2,13001,M,,,13
201400051532,14,11,16,2110,3,1,1,1.0,7,13043,M,,,13
201400051533,14,11,17,729,1,1,1,1.0,2,13106,M,,,13
201400051534,14,11,17,940,1,1,1,1.0,7,13005,M,,,13
201400051535,14,11,17,1805,3,1,1,1.0,2,13055,M,,,13
201400051536,14,11,17,1855,3,1,1,1.0,2,13005,M,,,13
201400051537,14,11,18,1830,3,1,1,1.0,4,13055,M,,,13
201400051538,14,11,18,850,1,1,1,1.0,4,13055,M,,,13
201400051539,14,11,19,1750,3,1,1,1.0,2,13001,M,,,13
201400051540,14,11,23,1900,5,1,1,1.0,2,13055,M,,,13
201400051541,14,11,25,245,3,1,1,1.0,6,13001,M,,,13
201400051542,14,11,25,745,1,1,1,3.0,4,13055,M,,,13
201400051543,14,11,25,801,1,1,1,3.0,4,13001,M,,,13
201400051544,14,11,25,1502,1,1,1,1.0,7,13088,M,,,13
201400051545,14,11,25,1000,1,1,1,2.0,7,13019,M,,,13
201400051546,14,11,25,1250,1,1,1,2.0,2,13055,M,,,13
201400051547,14,11,26,751,1,1,1,2.0,6,13033,M,,,13
201400051548,14,11,26,1435,1,1,1,1.0,4,13071,M,,,13
201400051549,14,11,26,1446,1,1,1,1.0,4,13071,M,,,13
201400051550,14,11,26,1910,3,1,1,2.0,2,13055,M,,,13
201400051551,14,11,27,800,1,1,1,2.0,6,13055,M,,,13
201400051552,14,11,27,915,1,1,1,8.0,4,13055,M,,,13
201400051553,14,11,27,908,1,1,1,1.0,3,13117,M,,,13
201400051554,14,11,27,1650,1,1,1,2.0,6,13071,M,,,13
201400051555,14,11,28,730,1,1,1,1.0,3,13055,M,,,13
201400051556,14,11,27,1715,3,1,1,2.0,2,13106,M,,,13
201400051557,14,11,28,1800,3,1,1,1.0,4,13117,M,,,13
201400051558,14,11,28,2120,3,1,1,8.0,7,13085,M,,,13
201400051559,14,12,2,1315,1,1,1,2.0,7,13055,M,,,13
201400051560,14,12,1,1745,3,1,1,2.0,2,13055,M,,,13
201400051561,14,12,2,725,5,1,1,2.0,4,13055,M,,,13
201400051562,14,12,2,950,1,1,1,2.0,6,13055,M,,,13
201400051563,14,12,2,930,1,1,1,8.0,5,13005,M,,,13
201400051564,14,12,2,836,1,1,1,2.0,4,13005,M,,,13
201400051565,14,12,2,1535,1,1,1,1.0,4,13055,M,,,13
201400051566,14,12,2,1900,3,1,1,1.0,4,13033,M,,,13
201400051567,14,12,3,140,5,1,1,1.0,2,13055,M,,,13
201400051568,14,11,27,1045,1,1,1,8.0,7,13055,M,,,13
201400051569,14,12,2,915,1,1,1,2.0,4,13071,M,,,13
201400051570,14,12,4,1655,2,1,1,1.0,2,13081,M,,,13
201400051571,14,12,5,718,1,1,1,2.0,7,13055,M,,,13
201400051572,14,12,6,1430,1,1,1,2.0,4,13055,M,,,13
201400051573,14,12,6,1910,3,1,1,2.0,2,13005,M,,,13
201400051574,14,12,6,2000,3,1,1,2.0,3,13055,M,,,13
201400051575,14,12,8,1550,1,1,1,1.0,7,13056,M,,,13
201400051576,14,12,8,1645,1,1,1,1.0,2,13071,M,,,13
201400051577,14,12,11,1435,1,1,1,1.0,6,13117,M,,,13
201400051578,14,12,11,1230,1,1,1,1.0,4,13071,M,,,13
201400051579,14,12,12,515,3,1,1,1.0,2,13071,M,,,13
201400051580,14,12,8,1910,3,1,1,1.0,2,13081,M,,,13
201400051581,14,12,14,515,4,1,1,1.0,5,13055,M,,,13
201400051582,14,12,16,1550,1,1,1,1.0,2,13055,M,,,13
201400051583,14,12,15,800,1,1,1,1.0,3,13071,M,,,13
201400051584,14,12,20,515,3,1,1,1.0,6,13022,M,,,13
201400051585,14,12,16,1720,2,1,1,1.0,4,13055,M,,,13
201400051586,14,12,22,1700,1,1,1,1.0,7,13071,M,,,13
201400051587,14,12,24,1940,3,1,1,1.0,7,13088,M,,,13
201400051588,14,12,25,856,1,1,1,1.0,6,13001,M,,,13
201400051589,14,12,27,1420,1,1,1,1.0,7,13055,M,,,13
201400051590,14,12,27,2120,3,1,1,1.0,6,13117,M,,,13
201400051591,14,12,30,1450,1,1,1,1.0,7,13015,M,,,13
201400051592,14,12,31,1600,1,1,1,1.0,6,13106,M,,,13
201400051593,14,12,22,1715,2,1,1,1.0,4,13055,M,,,13
201400051594,14,12,22,1725,2,1,1,1.0,4,13055,M,,,13
201400051595,14,1,13,1830,3,1,1,1.0,3,13055,M,,,13
201400051596,14,1,18,415,3,1,1,1.0,6,13055,M,,,13
201400051597,14,1,23,1210,1,1,1,1.0,4,13055,M,,,13
201400051598,14,1,25,1720,1,1,1,6.0,7,13033,M,,,13
201400051599,14,1,29,1440,1,1,1,7.0,6,13001,M,,,13
201400051600,14,1,30,2348,3,1,1,3.0,6,13015,M,,,13
201400051601,14,1,31,905,1,1,1,2.0,2,13071,M,,,13
201400051602,14,2,4,1650,1,1,1,1.0,3,13055,M,,,13
201400051603,14,2,4,1435,1,1,1,1.0,6,13022,M,,,13
201400051604,14,2,5,1750,2,1,1,2.0,7,13071,M,,,13
201400051605,14,2,8,305,3,1,1,1.0,7,13117,M,,,13
201400051606,14,2,11,1520,1,1,1,1.0,4,13055,M,,,13
201400051607,14,2,12,1810,2,1,1,1.0,2,13055,M,,,13
201400051608,14,2,19,1720,1,1,1,1.0,4,13055,M,,,13
201400051609,14,2,23,1600,1,1,1,1.0,2,13055,M,4336417.0,536064.0,13
201400051610,14,2,24,1759,1,1,1,1.0,2,13088,M,,,13
201400051611,14,3,2,1645,1,1,1,1.0,4,13055,M,,,13
201400051612,14,3,9,700,2,1,1,1.0,6,13088,M,,,13
201400051613,14,3,14,110,3,1,1,1.0,2,13055,M,,,13
201400051614,14,3,24,940,1,1,1,1.0,6,13055,M,,,13
201400051615,14,3,25,1505,1,1,1,1.0,3,13005,M,,,13
201400051616,14,4,6,2215,3,1,1,1.0,6,13055,M,,,13
201400051617,14,4,28,1230,1,1,1,1.0,6,13015,M,,,13
201400051618,14,5,4,800,1,1,1,1.0,6,13056,M,,,13
201400051619,14,5,5,1915,1,1,1,1.0,2,13055,M,,,13
201400051620,14,6,18,430,3,1,1,1.0,6,13056,M,,,13
201400051621,14,7,9,547,2,1,1,1.0,6,13088,M,,,13
201400051622,14,7,16,1745,1,1,1,1.0,4,13056,M,,,13
201400051623,14,7,18,505,3,1,1,1.0,7,13005,M,,,13
201400051624,14,7,20,1100,1,1,1,1.0,6,13117,M,,,13
201400051625,14,7,25,1950,1,1,1,2.0,2,13117,M,,,13
201400051626,14,7,29,2215,3,1,1,1.0,2,13055,M,,,13
201400051627,14,8,2,2,3,1,1,2.0,6,13071,M,,,13
201400051628,14,8,2,625,1,1,1,1.0,6,13043,M,,,13
201400051629,14,8,13,1145,1,1,1,8.0,3,13055,M,,,13
201400051630,14,8,13,1040,1,1,1,1.0,6,13055,M,,,13
201400051631,14,8,17,200,3,1,1,1.0,7,13081,M,,,13
201400051632,14,8,17,1700,1,1,1,1.0,4,13055,M,,,13
201400051633,14,8,21,40,3,1,1,1.0,6,13055,M,,,13
201400051634,14,8,24,1530,1,1,1,1.0,6,13071,M,,,13
201400051635,14,9,4,755,1,1,1,1.0,2,13056,M,,,13
201400051636,14,9,7,35,3,1,1,1.0,7,13085,M,,,13
201400051637,14,9,11,1930,1,1,1,1.0,6,13055,M,,,13
201400051638,14,9,14,40,3,1,1,1.0,2,13005,M,,,13
201400051639,14,9,16,710,1,1,1,1.0,4,13055,M,,,13
201400051640,14,9,24,715,2,1,1,3.0,2,13056,M,,,13
201400051641,14,9,28,2300,3,1,1,1.0,3,13055,M,,,13
201400051642,14,9,26,1122,1,1,1,1.0,3,13005,M,,,13
201400051643,14,9,29,1200,1,1,1,1.0,3,13026,M,,,13
201400051644,14,9,30,1030,1,1,1,2.0,6,13117,M,,,13
201400051645,14,10,1,1545,1,1,1,1.0,2,13055,M,,,13
201400051646,14,10,6,213,3,1,1,1.0,7,13055,M,,,13
201400051647,14,10,5,430,3,1,1,1.0,2,13001,M,,,13
201400051648,14,10,11,930,1,1,1,8.0,6,13085,M,,,13
201400051649,14,10,7,820,1,1,1,1.0,3,13055,M,,,13
201400051650,14,10,17,1655,1,1,1,1.0,2,13005,M,,,13
201400051651,14,10,17,1600,1,1,1,1.0,4,13055,M,,,13
201400051652,14,10,18,1754,1,1,1,1.0,6,13071,M,,,13
201400051653,14,10,22,1925,3,1,1,1.0,2,13055,M,,,13
201400051654,14,10,26,325,3,1,1,1.0,5,13055,M,,,13
201400051655,14,10,24,1850,2,1,1,1.0,4,13015,M,,,13
201400051656,14,10,26,445,3,1,1,1.0,6,13005,M,,,13
201400051657,14,10,30,750,1,1,1,1.0,6,13071,M,,,13
201400051658,14,11,3,700,2,1,1,3.0,6,13005,M,,,13
201400051659,14,11,12,900,1,1,1,2.0,4,13055,M,,,13
201400051660,14,11,23,1720,3,1,1,1.0,3,13055,M,,,13
201400051661,14,11,23,15,5,1,1,1.0,2,13055,M,,,13
201400051662,14,11,25,725,3,1,1,2.0,4,13055,M,,,13
201400051663,14,11,25,800,1,1,1,3.0,5,13056,M,,,13
201400051664,14,11,27,1350,1,1,1,3.0,3,13055,M,,,13
201400051665,14,12,12,9,3,1,1,1.0,5,13071,M,,,13
201400051666,14,1,2,1830,5,2,5,1.0,6,75109,M,,,75
201400051667,14,1,10,1110,1,2,5,1.0,3,75101,M,,,75
201400051668,14,1,17,855,1,2,2,1.0,2,75101,M,,,75
201400051669,14,1,17,1955,5,2,1,1.0,2,75101,M,,,75
201400051670,14,1,17,1920,5,2,7,1.0,2,75101,M,,,75
201400051671,14,1,21,1500,1,2,1,8.0,6,75101,M,,,75
201400051672,14,1,21,2300,5,2,3,1.0,2,75101,M,,,75
201400051673,14,1,22,1430,1,2,3,2.0,3,75101,M,,,75
201400051674,14,1,25,1025,1,2,5,2.0,6,75101,M,,,75
201400051675,14,1,25,2000,5,2,1,1.0,6,75101,M,,,75
201400051676,14,1,26,130,5,2,2,1.0,2,75102,M,,,75
201400051677,14,1,26,1630,1,2,2,2.0,6,75101,M,,,75
201400051678,14,1,28,700,2,2,2,1.0,3,75101,M,,,75
201400051679,14,1,29,1135,1,2,7,2.0,2,75101,M,,,75
201400051680,14,1,31,1530,1,2,2,1.0,7,75101,M,,,75
201400051681,14,2,1,1700,1,2,3,2.0,6,75101,M,,,75
201400051682,14,2,3,1415,1,2,7,1.0,3,75101,M,,,75
201400051683,14,2,8,1650,1,2,2,1.0,4,75101,M,,,75
201400051684,14,2,9,1445,1,2,2,8.0,3,75101,M,,,75
201400051685,14,2,10,615,5,2,3,1.0,6,75101,M,,,75
201400051686,14,2,10,1815,5,2,2,1.0,6,75101,M,,,75
201400051687,14,2,10,2000,5,2,2,1.0,3,75101,M,,,75
201400051688,14,2,11,845,1,2,2,1.0,2,75101,M,,,75
201400051689,14,2,12,2040,5,2,3,2.0,3,75101,M,,,75
201400051690,14,2,13,1400,1,2,2,3.0,6,75101,M,,,75
201400051691,14,2,14,1050,1,2,2,2.0,6,75101,M,,,75
201400051692,14,2,14,1250,1,2,3,2.0,7,75101,M,,,75
201400051693,14,2,14,1450,1,2,2,2.0,6,75101,M,,,75
201400051694,14,2,17,940,1,2,2,8.0,3,75101,M,,,75
201400051695,14,2,18,1245,1,2,1,1.0,7,75101,M,,,75
201400051696,14,2,19,1715,1,2,2,1.0,3,75101,M,,,75
201400051697,14,2,20,940,1,2,1,3.0,2,75101,M,,,75
201400051698,14,2,22,2230,5,2,3,1.0,3,75101,M,,,75
201400051699,14,2,25,830,1,2,3,2.0,6,75104,M,,,75
201400051700,14,2,27,745,1,2,3,2.0,3,75101,M,,,75
201400051701,14,3,2,140,5,2,2,1.0,6,75101,M,,,75
201400051702,14,3,3,1000,1,2,1,1.0,4,75101,M,,,75
201400051703,14,3,5,1425,1,2,2,1.0,6,75101,M,,,75
201400051704,14,3,6,1150,1,2,5,1.0,6,75101,M,,,75
201400051705,14,3,8,1910,5,2,1,1.0,6,75101,M,,,75
201400051706,14,3,8,2030,5,2,1,1.0,7,75101,M,,,75
201400051707,14,3,8,2145,5,2,7,1.0,4,75101,M,,,75
201400051708,14,3,10,640,5,2,2,1.0,6,75101,M,,,75
201400051709,14,3,10,1420,1,2,3,1.0,2,75101,M,,,75
201400051710,14,3,13,1645,1,2,2,1.0,6,75101,M,,,75
201400051711,14,3,13,2125,5,2,7,1.0,3,75101,M,,,75
201400051712,14,3,14,1410,1,2,3,1.0,6,75101,M,,,75
201400051713,14,3,16,410,5,2,1,1.0,2,75101,M,,,75
201400051714,14,3,19,745,1,2,2,1.0,6,75101,M,,,75
201400051715,14,3,25,1530,1,2,2,2.0,6,75101,M,,,75
201400051716,14,3,29,355,5,2,2,1.0,3,75101,M,,,75
201400051717,14,3,31,1850,1,2,1,1.0,6,75101,M,,,75
201400051718,14,4,2,405,5,2,2,1.0,3,75101,M,,,75
201400051719,14,4,2,1030,1,2,1,1.0,7,75101,M,,,75
201400051720,14,4,3,1400,1,2,2,1.0,4,75101,M,,,75
201400051721,14,4,4,2322,5,2,3,1.0,6,75101,M,,,75
201400051722,14,4,6,820,1,2,2,8.0,3,75101,M,,,75
201400051723,14,4,8,745,1,2,7,1.0,3,75101,M,,,75
201400051724,14,4,11,1145,1,2,7,1.0,6,75101,M,,,75
201400051725,14,4,13,348,5,2,5,1.0,3,75101,M,,,75
201400051726,14,4,17,1655,1,2,2,1.0,2,75101,M,,,75
201400051727,14,4,23,1930,1,2,2,1.0,3,75101,M,,,75
201400051728,14,4,30,930,1,2,2,1.0,6,75101,M,,,75
201400051729,14,4,30,1115,1,2,3,1.0,3,75101,M,,,75
201400051730,14,5,3,1830,1,2,3,1.0,6,75104,M,,,75
201400051731,14,5,3,2115,5,2,1,1.0,6,75101,M,,,75
201400051732,14,5,3,215,5,2,1,1.0,2,75101,M,,,75
201400051733,14,5,4,1515,1,2,2,1.0,2,75101,M,,,75
201400051734,14,5,5,1610,1,2,3,1.0,7,75109,M,,,75
201400051735,14,5,8,1620,1,2,1,2.0,2,75101,M,,,75
201400051736,14,5,13,1130,1,2,3,1.0,6,75101,M,,,75
201400051737,14,5,15,1815,1,2,1,1.0,6,75101,M,,,75
201400051738,14,5,17,1740,1,2,5,7.0,6,75101,M,,,75
201400051739,14,5,18,20,5,2,1,1.0,6,75101,M,,,75
201400051740,14,5,19,1145,1,2,3,1.0,3,75101,M,,,75
201400051741,14,5,19,1335,1,2,1,1.0,6,75101,M,,,75
201400051742,14,5,21,1905,1,2,7,3.0,7,75101,M,,,75
201400051743,14,5,23,1115,1,2,1,2.0,3,75104,M,,,75
201400051744,14,5,24,1405,1,2,2,2.0,7,75101,M,,,75
201400051745,14,5,25,1245,1,2,7,1.0,6,75101,M,,,75
201400051746,14,5,28,1510,1,2,1,1.0,2,75101,M,,,75
201400051747,14,5,28,1800,1,2,1,2.0,7,75101,M,,,75
201400051748,14,5,30,930,1,2,1,1.0,6,75102,M,,,75
201400051749,14,6,4,1100,1,2,3,2.0,3,75101,M,,,75
201400051750,14,6,7,600,1,2,1,1.0,6,75101,M,,,75
201400051751,14,6,10,1815,1,2,2,2.0,6,75101,M,,,75
201400051752,14,6,12,1330,1,2,2,1.0,6,75101,M,,,75
201400051753,14,6,13,939,1,2,1,1.0,6,75108,M,,,75
201400051754,14,6,14,2050,1,2,1,1.0,6,75101,M,,,75
201400051755,14,6,15,1755,1,2,2,1.0,3,75101,M,,,75
201400051756,14,6,20,20,5,2,1,1.0,1,75101,M,,,75
201400051757,14,6,21,30,5,2,2,1.0,2,75101,M,,,75
201400051758,14,6,21,200,5,2,1,1.0,7,75101,M,,,75
201400051759,14,6,26,2200,5,2,2,1.0,7,75101,M,,,75
201400051760,14,6,27,40,5,2,4,1.0,6,75101,M,,,75
201400051761,14,6,27,935,1,2,1,7.0,6,75101,M,,,75
201400051762,14,6,29,1530,1,2,3,2.0,4,75101,M,,,75
201400051763,14,6,30,1820,1,2,7,1.0,1,75101,M,,,75
201400051764,14,7,1,905,1,2,1,2.0,6,75101,M,,,75
201400051765,14,7,2,1145,1,2,3,1.0,6,75101,M,,,75
201400051766,14,7,5,2045,1,2,3,1.0,3,75101,M,,,75
201400051767,14,7,8,2125,5,2,2,2.0,2,75101,M,,,75
201400051768,14,7,12,611,2,2,3,1.0,6,75101,M,,,75
201400051769,14,7,18,2015,1,2,2,1.0,3,75101,M,,,75
201400051770,14,7,19,1650,1,2,3,1.0,2,75101,M,,,75
201400051771,14,7,20,845,1,2,7,1.0,3,75101,M,,,75
201400051772,14,7,22,1138,1,2,5,1.0,6,75101,M,,,75
201400051773,14,7,23,920,1,2,5,1.0,3,75101,M,,,75
201400051774,14,7,24,1300,1,2,5,1.0,3,75101,M,,,75
201400051775,14,7,24,1700,1,2,5,1.0,6,75101,M,,,75
201400051776,14,7,31,1135,1,2,1,1.0,2,75101,M,,,75
201400051777,14,7,31,1745,1,2,2,1.0,3,75101,M,,,75
201400051778,14,7,31,2000,1,2,3,1.0,3,75101,M,,,75
201400051779,14,8,1,1820,1,2,3,1.0,3,75101,M,,,75
201400051780,14,8,8,1100,1,2,2,2.0,3,75101,M,,,75
201400051781,14,8,9,1205,1,2,7,1.0,3,75101,M,,,75
201400051782,14,8,13,1220,1,2,3,1.0,2,75101,M,,,75
201400051783,14,8,13,1815,1,2,1,1.0,6,75102,M,,,75
201400051784,14,8,18,1805,1,2,3,1.0,2,75101,M,,,75
201400051785,14,8,20,2200,5,2,1,1.0,6,75101,M,,,75
201400051786,14,8,23,2155,5,2,1,1.0,6,75101,M,,,75
201400051787,14,8,24,2100,5,2,4,1.0,6,75101,M,,,75
201400051788,14,8,28,1210,1,2,2,1.0,6,75101,M,,,75
201400051789,14,8,28,1440,1,2,2,1.0,6,75101,M,,,75
201400051790,14,8,28,1650,1,2,2,1.0,3,75101,M,,,75
201400051791,14,8,29,1725,1,2,3,1.0,4,75101,M,,,75
201400051792,14,8,29,2330,5,2,1,1.0,6,75101,M,,,75
201400051793,14,8,30,1600,1,2,2,1.0,3,75101,M,,,75
201400051794,14,9,5,1900,1,2,2,1.0,6,75101,M,,,75
201400051795,14,9,10,940,1,2,2,1.0,4,75101,M,,,75
201400051796,14,9,12,2020,5,2,1,1.0,3,75101,M,,,75
201400051797,14,9,13,255,5,2,2,1.0,3,75101,M,,,75
201400051798,14,9,14,2130,5,2,3,1.0,6,75101,M,,,75
201400051799,14,9,17,1600,1,2,3,1.0,6,75101,M,,,75
201400051800,14,9,18,1530,1,2,2,8.0,4,75101,M,,,75
201400051801,14,9,23,1610,1,2,2,1.0,3,75101,M,,,75
201400051802,14,9,24,545,5,2,1,1.0,7,75101,M,,,75
201400051803,14,9,25,915,1,2,5,1.0,1,75101,M,,,75
201400051804,14,9,29,1925,5,2,1,1.0,2,75101,M,,,75
201400051805,14,10,3,10,5,2,2,1.0,6,75101,M,,,75
201400051806,14,10,8,930,1,2,4,3.0,6,75101,M,,,75
201400051807,14,10,9,1215,1,2,3,1.0,7,75101,M,,,75
201400051808,14,10,10,2030,5,2,7,1.0,2,75101,M,,,75
201400051809,14,10,13,1335,1,2,2,1.0,6,75101,M,,,75
201400051810,14,10,16,1930,5,2,4,2.0,2,75101,M,,,75
201400051811,14,10,19,300,5,2,1,1.0,3,75101,M,,,75
201400051812,14,10,23,2000,5,2,1,2.0,6,75101,M,,,75
201400051813,14,10,24,1030,1,2,1,1.0,3,75101,M,,,75
201400051814,14,10,25,640,3,2,2,1.0,1,75101,M,,,75
201400051815,14,10,25,1310,1,2,2,2.0,6,75101,M,,,75
201400051816,14,10,27,810,1,2,3,1.0,3,75101,M,,,75
201400051817,14,10,29,700,3,2,7,1.0,6,75101,M,,,75
201400051818,14,11,1,2330,5,2,5,1.0,3,75101,M,,,75
201400051819,14,11,2,2300,5,2,3,3.0,6,75101,M,,,75
201400051820,14,11,4,1840,5,2,1,1.0,6,75101,M,,,75
201400051821,14,11,6,100,5,2,4,1.0,6,75101,M,,,75
201400051822,14,11,6,950,1,2,3,1.0,6,75101,M,,,75
201400051823,14,11,6,1400,1,2,1,1.0,2,75101,M,,,75
201400051824,14,11,11,640,5,2,1,1.0,6,75101,M,,,75
201400051825,14,11,11,1620,1,2,2,1.0,6,75101,M,,,75
201400051826,14,11,12,815,1,2,1,1.0,7,75101,M,,,75
201400051827,14,11,13,900,1,2,2,1.0,1,75101,M,,,75
201400051828,14,11,13,1730,5,2,4,1.0,7,75101,M,,,75
201400051829,14,11,14,1610,1,2,3,1.0,7,75101,M,,,75
201400051830,14,11,15,240,5,2,2,3.0,1,75101,M,,,75
201400051831,14,11,18,1430,1,2,2,1.0,6,75101,M,,,75
201400051832,14,11,20,1645,2,2,1,2.0,6,75101,M,,,75
201400051833,14,11,24,545,5,2,1,1.0,6,75101,M,,,75
201400051834,14,11,25,1645,1,2,1,1.0,6,75101,M,,,75
201400051835,14,11,27,1900,5,2,3,1.0,6,75101,M,,,75
201400051836,14,11,28,945,1,2,1,1.0,6,75101,M,,,75
201400051837,14,11,28,2100,5,2,4,1.0,6,75101,M,,,75
201400051838,14,11,29,40,5,2,1,1.0,7,75101,M,,,75
201400051839,14,11,30,1700,5,2,1,1.0,2,75101,M,,,75
201400051840,14,12,2,1810,5,2,3,2.0,3,75101,M,,,75
201400051841,14,12,3,1645,1,2,1,1.0,7,75101,M,,,75
201400051842,14,12,7,1230,1,2,2,1.0,3,75102,M,,,75
201400051843,14,12,10,1040,1,2,7,2.0,7,75101,M,,,75
201400051844,14,12,10,1915,5,2,7,8.0,2,75101,M,,,75
201400051845,14,12,12,810,1,2,2,2.0,6,75101,M,,,75
201400051846,14,12,12,845,1,2,7,2.0,3,75101,M,,,75
201400051847,14,12,12,1905,5,2,4,3.0,6,75101,M,,,75
201400051848,14,12,13,630,5,2,2,2.0,6,75101,M,,,75
201400051849,14,12,15,2000,5,2,2,2.0,3,75101,M,,,75
201400051850,14,12,15,1830,5,2,2,2.0,6,75102,M,,,75
201400051851,14,12,23,110,5,2,2,1.0,6,75101,M,,,75
201400051852,14,12,27,2010,5,2,1,2.0,2,75101,M,,,75
201400051853,14,12,31,1930,5,2,2,1.0,2,75101,M,,,75
201400051854,14,1,22,930,1,2,7,8.0,3,75101,M,,,75
201400051855,14,1,9,1530,1,2,2,2.0,3,75102,M,,,75
201400051856,14,1,10,2130,5,2,2,1.0,6,75102,M,,,75
201400051857,14,1,11,1700,2,2,2,8.0,6,75102,M,,,75
201400051858,14,1,13,1242,1,2,3,1.0,6,75109,M,,,75
201400051859,14,1,14,1525,1,2,3,1.0,6,75102,M,,,75
201400051860,14,1,15,1515,1,2,2,2.0,6,75102,M,,,75
201400051861,14,1,17,1200,1,2,7,1.0,3,75102,M,,,75
201400051862,14,1,23,1500,1,2,2,2.0,6,75102,M,,,75
201400051863,14,1,23,1500,1,2,1,2.0,7,75102,M,,,75
201400051864,14,1,27,1005,1,2,3,1.0,3,75102,M,,,75
201400051865,14,2,6,1630,1,2,1,1.0,3,75102,M,,,75
201400051866,14,2,8,2245,5,2,1,1.0,6,75102,M,,,75
201400051867,14,2,10,1130,1,2,2,1.0,3,75102,M,,,75
201400051868,14,2,15,2045,3,2,3,1.0,3,75101,M,,,75
201400051869,14,2,22,2230,5,2,2,1.0,3,75102,M,,,75
201400051870,14,2,24,1720,1,2,1,1.0,6,75101,M,,,75
201400051871,14,2,25,950,1,2,3,2.0,6,75101,M,,,75
201400051872,14,2,28,2040,5,2,2,1.0,3,75102,M,,,75
201400051873,14,3,4,1700,1,2,2,1.0,3,75102,M,,,75
201400051874,14,3,4,1720,1,2,2,1.0,3,75102,M,,,75
201400051875,14,3,10,1115,1,2,3,1.0,3,75101,M,,,75
201400051876,14,3,10,1650,1,2,1,1.0,6,75102,M,,,75
201400051877,14,3,12,2310,5,2,2,1.0,3,75102,M,,,75
201400051878,14,3,15,2145,5,2,1,1.0,3,75102,M,,,75
201400051879,14,4,1,1840,1,2,1,1.0,3,75102,M,,,75
201400051880,14,4,2,1520,1,2,7,1.0,3,75102,M,,,75
201400051881,14,4,7,935,1,2,1,1.0,6,75103,M,,,75
201400051882,14,4,8,1250,1,2,2,1.0,2,75102,M,,,75
201400051883,14,4,8,1650,1,2,7,1.0,6,75102,M,,,75
201400051884,14,4,9,2025,2,2,2,1.0,3,75102,M,,,75
201400051885,14,4,9,1400,1,2,3,1.0,3,75102,M,,,75
201400051886,14,4,10,1630,1,2,2,1.0,3,75102,M,,,75
201400051887,14,4,10,2110,5,2,2,1.0,6,75102,M,,,75
201400051888,14,4,11,1749,1,2,2,1.0,6,75102,M,,,75
201400051889,14,4,10,1130,1,2,2,1.0,3,75102,M,,,75
201400051890,14,4,18,1655,1,2,7,1.0,3,75102,M,,,75
201400051891,14,4,19,1355,1,2,1,1.0,6,75102,M,,,75
201400051892,14,4,24,1540,1,2,3,1.0,3,75102,M,,,75
201400051893,14,4,27,1,5,2,2,1.0,2,75102,M,,,75
201400051894,14,4,29,1930,5,2,2,3.0,1,75102,M,,,75
201400051895,14,5,9,825,1,2,1,2.0,6,75109,M,,,75
201400051896,14,5,12,1020,1,2,1,1.0,6,75102,M,,,75
201400051897,14,5,20,1430,1,2,1,1.0,6,75102,M,,,75
201400051898,14,5,28,2030,2,2,2,2.0,2,75102,M,,,75
201400051899,14,5,30,955,1,2,7,1.0,3,75102,M,,,75
201400051900,14,6,4,1000,2,2,1,2.0,3,75103,M,,,75