Num_Acc,an,mois,jour,hrmn,lum,agg,int,atm,col,com,gps,lat,long,dep
201400051901,14,6,5,1450,1,2,2,1.0,6,75102,M,,,75
201400051902,14,6,6,1910,1,2,3,1.0,6,75102,M,,,75
201400051903,14,6,10,1552,1,2,1,3.0,2,75102,M,,,75
201400051904,14,6,11,1510,1,2,3,1.0,3,75109,M,,,75
201400051905,14,6,12,1400,1,2,2,1.0,2,75101,M,,,75
201400051906,14,6,17,1600,1,2,2,1.0,3,75102,M,,,75
201400051907,14,6,18,1030,1,2,2,1.0,3,75102,M,,,75
201400051908,14,6,17,1850,1,2,3,1.0,3,75102,M,,,75
201400051909,14,6,18,1720,1,2,2,1.0,2,75102,M,,,75
201400051910,14,6,20,1010,1,2,2,1.0,6,75102,M,,,75
201400051911,14,6,20,2050,1,2,2,1.0,3,75102,M,,,75
201400051912,14,6,24,2140,1,2,2,1.0,3,75102,M,,,75
201400051913,14,6,27,1950,1,2,3,1.0,3,75102,M,,,75
201400051914,14,6,28,424,5,2,2,1.0,6,75110,M,,,75
201400051915,14,7,2,1805,1,2,7,1.0,3,75102,M,,,75
201400051916,14,7,5,1310,1,2,1,8.0,2,75102,M,,,75
201400051917,14,7,5,1855,1,2,5,1.0,6,75102,M,,,75
201400051918,14,7,8,1605,1,2,5,1.0,3,75102,M,,,75
201400051919,14,7,9,700,1,2,2,1.0,3,75102,M,,,75
201400051920,14,7,11,915,1,2,1,2.0,7,75101,M,,,75
201400051921,14,7,11,1430,1,2,2,2.0,3,75102,M,,,75
201400051922,14,7,14,2015,1,2,1,1.0,2,75109,M,,,75
201400051923,14,7,15,1551,1,2,1,1.0,6,75102,M,,,75
201400051924,14,7,15,2350,4,2,2,1.0,6,75102,M,,,75
201400051925,14,7,18,1440,1,2,5,1.0,6,75102,M,,,75
201400051926,14,7,18,1155,1,2,1,1.0,3,75102,M,,,75
201400051927,14,7,20,320,4,2,2,1.0,2,75102,M,,,75
201400051928,14,7,30,1135,1,2,1,1.0,3,75103,M,,,75
201400051929,14,8,2,1905,1,2,7,2.0,7,75102,M,,,75
201400051930,14,8,11,1400,1,2,2,1.0,3,75102,M,,,75
201400051931,14,8,12,2315,5,2,2,1.0,3,75109,M,,,75
201400051932,14,8,13,1500,1,2,7,1.0,3,75102,M,,,75
201400051933,14,8,16,1512,1,2,2,1.0,2,75102,M,,,75
201400051934,14,8,16,1905,2,2,3,1.0,6,75102,M,,,75
201400051935,14,8,26,1110,1,2,2,2.0,6,75101,M,,,75
201400051936,14,8,26,1835,1,2,1,1.0,3,75102,M,,,75
201400051937,14,8,27,1025,1,2,2,1.0,3,75109,M,,,75
201400051938,14,8,28,1930,1,2,1,1.0,2,75102,M,,,75
201400051939,14,8,29,1130,1,2,7,1.0,6,75102,M,,,75
201400051940,14,8,30,1740,1,2,7,1.0,2,75102,M,,,75
201400051941,14,9,7,50,5,2,1,1.0,6,75101,M,,,75
201400051942,14,9,11,1030,1,2,5,1.0,3,75102,M,,,75
201400051943,14,9,12,5,5,2,2,1.0,3,75102,M,,,75
201400051944,14,9,12,1530,1,2,5,1.0,6,75102,M,,,75
201400051945,14,9,18,1200,1,2,2,1.0,6,75102,M,,,75
201400051946,14,9,19,2130,5,2,2,1.0,2,75104,M,,,75
201400051947,14,9,22,1030,1,2,3,1.0,3,75102,M,,,75
201400051948,14,9,29,2230,5,2,1,1.0,6,75101,M,,,75
201400051949,14,10,1,2140,5,2,1,1.0,6,75102,M,,,75
201400051950,14,10,3,1045,1,2,1,1.0,3,75102,M,,,75
201400051951,14,10,4,1400,1,2,1,1.0,6,75102,M,,,75
201400051952,14,10,10,910,1,2,2,3.0,2,75102,M,,,75
201400051953,14,10,11,650,5,2,2,3.0,6,75101,M,,,75
201400051954,14,10,15,35,5,2,1,1.0,7,75102,M,,,75
201400051955,14,10,16,1840,5,2,3,1.0,3,75102,M,,,75
201400051956,14,10,17,1830,3,2,2,1.0,3,75102,M,,,75
201400051957,14,10,18,2050,5,2,2,1.0,3,75102,M,,,75
201400051958,14,10,21,1350,1,2,5,3.0,3,75102,M,,,75
201400051959,14,10,28,1900,5,2,2,1.0,6,75102,M,,,75
201400051960,14,10,28,1930,5,2,1,1.0,6,75102,M,,,75
201400051961,14,11,9,205,5,2,2,1.0,3,75102,M,,,75
201400051962,14,11,14,210,5,2,3,1.0,6,75102,M,,,75
201400051963,14,11,16,610,5,2,1,1.0,6,75102,M,,,75
201400051964,14,11,18,1330,1,2,2,1.0,3,75102,M,,,75
201400051965,14,11,23,1330,1,2,3,1.0,3,75102,M,,,75
201400051966,14,11,25,1255,1,2,2,8.0,6,75102,M,,,75
201400051967,14,11,27,1730,5,2,2,1.0,3,75102,M,,,75
201400051968,14,11,28,1910,5,2,5,1.0,6,75102,M,,,75
201400051969,14,12,2,1935,5,2,1,1.0,3,75102,M,,,75
201400051970,14,12,4,1920,5,2,2,1.0,7,75102,M,,,75
201400051971,14,12,8,25,5,2,2,1.0,7,75102,M,,,75
201400051972,14,12,10,1750,5,2,2,2.0,6,75102,M,,,75
201400051973,14,12,15,1140,1,2,3,2.0,6,75102,M,,,75
201400051974,14,12,15,1730,2,2,7,2.0,3,75102,M,,,75
201400051975,14,12,18,1400,1,2,7,1.0,3,75102,M,,,75
201400051976,14,12,20,10,5,2,3,1.0,6,75102,M,,,75
201400051977,14,1,9,1500,1,2,3,2.0,6,75102,M,,,75
201400051978,14,1,9,1920,5,2,2,1.0,6,75103,M,,,75
201400051979,14,1,15,2035,5,2,2,2.0,6,75103,M,,,75
201400051980,14,1,23,2305,5,2,1,1.0,7,75103,M,,,75
201400051981,14,1,24,1155,1,2,1,1.0,6,75103,M,,,75
201400051982,14,1,25,1050,1,2,2,8.0,7,75103,M,,,75
201400051983,14,1,25,1515,1,2,5,1.0,3,75103,M,,,75
201400051984,14,1,31,750,1,2,2,1.0,6,75103,M,,,75
201400051985,14,1,31,1105,1,2,1,1.0,6,75103,M,,,75
201400051986,14,2,11,920,1,2,2,7.0,6,75103,M,,,75
201400051987,14,2,14,1845,5,2,1,9.0,4,75101,M,,,75
201400051988,14,2,15,1950,5,2,2,8.0,7,75103,M,,,75
201400051989,14,2,18,1855,2,2,1,2.0,3,75103,M,,,75
201400051990,14,2,27,1140,1,2,2,3.0,6,75103,M,,,75
201400051991,14,2,28,1930,3,2,2,2.0,3,75103,M,,,75
201400051992,14,3,1,1350,1,2,1,1.0,3,75103,M,,,75
201400051993,14,3,4,910,1,2,3,1.0,6,75103,M,,,75
201400051994,14,3,8,1550,1,2,1,1.0,3,75103,M,,,75
201400051995,14,3,10,1630,1,2,2,1.0,6,75103,M,,,75
201400051996,14,3,24,1655,1,2,1,1.0,2,75103,M,,,75
201400051997,14,4,8,1730,1,2,1,1.0,6,75103,M,,,75
201400051998,14,4,18,945,1,2,1,1.0,2,75103,M,,,75
201400051999,14,4,23,1810,1,2,3,1.0,3,75103,M,,,75
201400052000,14,4,25,855,1,2,2,2.0,4,75103,M,,,75
201400052001,14,4,25,2330,3,2,2,1.0,6,75103,M,,,75
201400052002,14,4,26,1405,1,2,2,2.0,2,75103,M,,,75
201400052003,14,4,27,2255,5,2,2,1.0,7,75101,M,,,75
201400052004,14,4,27,350,3,2,7,1.0,2,75103,M,,,75
201400052005,14,5,2,810,1,2,2,1.0,6,75103,M,,,75
201400052006,14,5,9,930,1,2,1,1.0,3,75103,M,,,75
201400052007,14,5,9,1200,1,2,1,1.0,6,75103,M,,,75
201400052008,14,5,12,1800,1,2,1,8.0,6,75103,M,,,75
201400052009,14,5,15,1540,1,2,3,1.0,2,75103,M,,,75
201400052010,14,5,28,1755,1,2,7,1.0,6,75110,M,,,75
201400052011,14,5,30,1450,1,2,2,1.0,3,75102,M,,,75
201400052012,14,6,4,1130,1,2,1,2.0,6,75103,M,,,75
201400052013,14,6,4,1810,1,2,2,1.0,7,75103,M,,,75
201400052014,14,6,10,2330,5,2,2,1.0,3,75104,M,,,75
201400052015,14,6,11,1355,1,2,2,1.0,3,75103,M,,,75
201400052016,14,6,12,2050,1,2,5,1.0,6,75103,M,,,75
201400052017,14,6,14,1820,1,2,1,1.0,2,75103,M,,,75
201400052018,14,6,20,2005,1,2,7,1.0,3,75103,M,,,75
201400052019,14,6,21,2210,5,2,1,1.0,3,75103,M,,,75
201400052020,14,6,22,350,5,2,2,1.0,2,75103,M,,,75
201400052021,14,6,25,40,5,2,1,1.0,7,75111,M,,,75
201400052022,14,6,25,933,1,2,2,1.0,7,75103,M,,,75
201400052023,14,6,28,550,1,2,2,1.0,3,75103,M,,,75
201400052024,14,7,5,25,5,2,3,1.0,3,75103,M,,,75
201400052025,14,7,7,1200,1,2,2,1.0,2,75103,M,,,75
201400052026,14,7,8,2200,3,2,2,1.0,3,75103,M,,,75
201400052027,14,7,11,1620,1,2,3,1.0,3,75103,M,,,75
201400052028,14,7,12,1605,1,2,1,1.0,6,75103,M,,,75
201400052029,14,7,13,2140,2,2,2,1.0,6,75103,M,,,75
201400052030,14,7,15,1030,1,2,1,1.0,3,75103,M,,,75
201400052031,14,7,19,1210,1,2,2,1.0,4,75103,M,,,75
201400052032,14,7,19,1550,1,2,5,1.0,6,75102,M,,,75
201400052033,14,7,23,1450,1,2,7,1.0,2,75103,M,,,75
201400052034,14,7,24,1815,1,2,2,1.0,6,75103,M,,,75
201400052035,14,7,24,1800,1,2,1,1.0,3,75103,M,,,75
201400052036,14,7,30,1005,1,2,2,1.0,2,75103,M,,,75
201400052037,14,8,6,1540,1,2,2,2.0,6,75103,M,,,75
201400052038,14,8,7,1435,1,2,1,2.0,5,75103,M,,,75
201400052039,14,8,8,1620,1,2,7,2.0,3,75104,M,,,75
201400052040,14,8,9,215,5,2,3,2.0,3,75104,M,,,75
201400052041,14,8,13,1845,1,2,3,1.0,2,75103,M,,,75
201400052042,14,8,19,1830,1,2,2,1.0,3,75109,M,,,75
201400052043,14,8,22,100,5,2,2,1.0,2,75103,M,,,75
201400052044,14,8,21,1310,1,2,1,1.0,2,75103,M,,,75
201400052045,14,8,26,1530,1,2,2,1.0,6,75103,M,,,75
201400052046,14,8,29,1330,1,2,3,1.0,7,75103,M,,,75
201400052047,14,8,30,1615,1,2,7,1.0,2,75103,M,,,75
201400052048,14,9,1,1820,1,2,2,1.0,6,75103,M,,,75
201400052049,14,9,9,950,1,2,1,1.0,3,75103,M,,,75
201400052050,14,9,11,800,1,2,2,1.0,3,75104,M,,,75
201400052051,14,9,21,1150,1,2,2,2.0,6,75103,M,,,75
201400052052,14,9,30,1,5,2,2,1.0,3,75101,M,,,75
201400052053,14,9,30,1740,1,2,2,1.0,6,75103,M,,,75
201400052054,14,10,1,905,1,2,3,1.0,3,75103,M,,,75
201400052055,14,10,2,1835,1,2,7,1.0,2,75103,M,,,75
201400052056,14,10,3,155,5,2,2,1.0,6,75103,M,,,75
201400052057,14,10,3,1710,1,2,2,1.0,3,75103,M,,,75
201400052058,14,10,6,2010,5,2,2,2.0,6,75103,M,,,75
201400052059,14,10,8,1655,1,2,7,1.0,6,75111,M,0.0,0.0,75
201400052060,14,10,9,27,5,2,7,2.0,3,75103,M,,,75
201400052061,14,10,10,2330,5,2,7,1.0,1,75103,M,,,75
201400052062,14,10,20,10,5,2,1,1.0,2,75103,M,0.0,0.0,75
201400052063,14,10,27,1040,1,2,3,1.0,6,75103,M,,,75
201400052064,14,10,28,2330,5,2,2,1.0,6,75103,M,,,75
201400052065,14,11,2,135,5,2,1,1.0,6,75103,M,,,75
201400052066,14,11,2,950,1,2,7,1.0,3,75101,M,,,75
201400052067,14,11,5,1135,1,2,2,1.0,3,75103,M,,,75
201400052068,14,11,10,2100,5,2,5,1.0,2,75101,M,,,75
201400052069,14,11,12,2000,5,2,3,1.0,6,75103,M,,,75
201400052070,14,11,17,2130,5,2,7,2.0,2,75101,M,,,75
201400052071,14,11,18,1030,1,2,4,1.0,3,75103,M,,,75
201400052072,14,11,22,1645,1,2,7,1.0,6,75103,M,,,75
201400052073,14,11,25,1905,5,2,1,2.0,6,75103,M,,,75
201400052074,14,12,3,930,1,2,2,1.0,6,75103,M,,,75
201400052075,14,12,4,1740,5,2,2,1.0,6,75103,M,,,75
201400052076,14,12,9,1005,1,2,4,1.0,3,75103,M,,,75
201400052077,14,12,10,1650,1,2,2,1.0,6,75109,M,,,75
201400052078,14,12,15,910,1,2,2,1.0,7,75102,M,,,75
201400052079,14,12,17,855,1,2,2,3.0,2,75102,M,,,75
201400052080,14,12,18,2240,3,2,1,8.0,6,75103,M,,,75
201400052081,14,12,20,950,1,2,1,1.0,3,75103,M,,,75
201400052082,14,12,21,220,5,2,7,1.0,3,75104,M,,,75
201400052083,14,12,27,2020,5,2,2,3.0,3,75103,M,,,75
201400052084,14,6,8,1230,1,2,1,1.0,6,75109,M,,,75
201400052085,14,1,1,410,5,2,2,1.0,6,75104,M,,,75
201400052086,14,1,4,2225,5,2,2,1.0,3,75104,M,,,75
201400052087,14,1,13,1650,2,2,2,1.0,3,75104,M,,,75
201400052088,14,1,14,845,1,2,1,1.0,2,75104,M,,,75
201400052089,14,1,16,1830,5,2,7,1.0,7,75104,M,,,75
201400052090,14,1,20,1235,1,2,3,2.0,6,75104,M,,,75
201400052091,14,1,21,1530,1,2,1,1.0,2,75104,M,,,75
201400052092,14,1,23,420,5,2,4,2.0,6,75104,M,,,75
201400052093,14,2,3,1318,1,2,5,1.0,6,75104,M,,,75
201400052094,14,2,5,1545,1,2,2,1.0,3,75104,M,,,75
201400052095,14,2,9,1420,1,2,1,1.0,7,75104,M,,,75
201400052096,14,2,7,2048,5,2,1,1.0,2,75104,M,,,75
201400052097,14,2,10,1245,1,2,1,1.0,2,75104,M,,,75
201400052098,14,2,13,850,1,2,2,2.0,6,75104,M,,,75
201400052099,14,2,17,1050,1,2,2,8.0,3,75104,M,,,75
201400052100,14,2,18,1050,1,2,2,1.0,6,75104,M,,,75
201400052101,14,3,4,835,1,2,2,1.0,6,75104,M,,,75
201400052102,14,3,5,1200,1,2,1,1.0,6,75104,M,,,75
201400052103,14,3,5,1655,1,2,3,1.0,6,75104,M,,,75
201400052104,14,3,6,1005,1,2,1,1.0,2,75104,M,,,75
201400052105,14,3,10,235,5,2,3,1.0,6,75104,M,,,75
201400052106,14,3,12,915,1,2,2,1.0,3,75104,M,,,75
201400052107,14,3,18,1707,1,2,1,1.0,6,75104,M,,,75
201400052108,14,3,21,1150,1,2,2,1.0,2,75104,M,,,75
201400052109,14,3,24,925,1,2,1,1.0,3,75112,M,,,75
201400052110,14,3,26,1517,1,2,1,1.0,3,75104,M,,,75
201400052111,14,3,27,200,4,2,2,1.0,7,75104,M,,,75
201400052112,14,3,31,1530,1,2,1,1.0,2,75104,M,,,75
201400052113,14,3,31,1830,1,2,2,1.0,3,75104,M,,,75
201400052114,14,4,2,1020,1,2,2,1.0,3,75104,M,,,75
201400052115,14,4,2,1645,1,2,1,1.0,3,75103,M,,,75
201400052116,14,4,4,1215,1,2,1,1.0,6,75104,M,,,75
201400052117,14,4,6,200,5,2,2,1.0,6,75104,M,,,75
201400052118,14,4,11,1745,1,2,2,1.0,3,75104,M,,,75
201400052119,14,4,12,2110,5,2,7,1.0,2,75104,M,,,75
201400052120,14,4,16,2135,5,2,2,1.0,2,75104,M,,,75
201400052121,14,4,20,1540,1,2,2,6.0,6,75104,M,,,75
201400052122,14,4,20,1810,1,2,2,1.0,3,75104,M,,,75
201400052123,14,4,22,1940,2,2,5,2.0,7,75104,M,,,75
201400052124,14,4,25,325,5,2,1,2.0,6,75101,M,,,75
201400052125,14,4,28,2250,5,2,2,1.0,6,75104,M,,,75
201400052126,14,5,7,2030,5,2,1,1.0,3,75109,M,,,75
201400052127,14,5,9,2300,5,2,2,1.0,6,75104,M,,,75
201400052128,14,5,10,1610,1,2,2,2.0,6,75104,M,,,75
201400052129,14,5,14,818,1,2,2,1.0,2,75104,M,,,75
201400052130,14,5,16,930,1,2,3,1.0,2,75104,M,,,75
201400052131,14,5,16,855,1,2,2,1.0,3,75104,M,,,75
201400052132,14,5,21,2300,5,2,2,2.0,2,75104,M,,,75
201400052133,14,5,22,1045,1,2,7,2.0,6,75104,M,,,75
201400052134,14,5,27,1215,1,2,1,1.0,6,75104,M,,,75
201400052135,14,5,30,1555,1,2,2,1.0,6,75104,M,,,75
201400052136,14,5,30,1930,1,2,2,1.0,6,75104,M,,,75
201400052137,14,6,11,1630,1,2,2,1.0,3,75104,M,,,75
201400052138,14,6,13,1045,1,2,3,1.0,3,75104,M,,,75
201400052139,14,6,13,1830,1,2,7,1.0,3,75104,M,,,75
201400052140,14,6,15,1120,1,2,2,1.0,7,75104,M,,,75
201400052141,14,6,20,1630,1,2,2,1.0,6,75104,M,,,75
201400052142,14,6,21,1720,1,2,2,1.0,3,75104,M,,,75
201400052143,14,6,24,1920,1,2,1,1.0,5,75104,M,,,75
201400052144,14,6,24,1920,1,2,1,1.0,4,75104,M,,,75
201400052145,14,6,26,1940,1,2,1,1.0,6,75104,M,,,75
201400052146,14,6,27,2143,5,2,4,1.0,2,75104,M,,,75
201400052147,14,6,28,145,5,2,2,1.0,6,75104,M,,,75
201400052148,14,6,28,1050,1,2,2,2.0,6,75104,M,,,75
201400052149,14,6,27,2015,2,2,3,1.0,6,75104,M,,,75
201400052150,14,7,1,1430,1,2,5,1.0,4,75104,M,,,75
201400052151,14,7,3,949,1,2,1,1.0,2,75104,M,,,75
201400052152,14,7,5,1230,1,2,1,1.0,6,75104,M,,,75
201400052153,14,7,5,1710,1,2,3,1.0,3,75104,M,,,75
201400052154,14,7,7,2033,2,2,2,2.0,3,75104,M,,,75
201400052155,14,7,8,140,5,2,2,2.0,6,75104,M,,,75
201400052156,14,7,8,1300,1,2,2,1.0,6,75104,M,,,75
201400052157,14,7,8,1630,1,2,1,1.0,3,75103,M,,,75
201400052158,14,7,9,10,5,2,2,1.0,2,75104,M,,,75
201400052159,14,7,9,1300,1,2,1,1.0,3,75104,M,,,75
201400052160,14,7,10,600,2,2,7,2.0,3,75104,M,,,75
201400052161,14,7,11,1405,1,2,2,2.0,3,75104,M,,,75
201400052162,14,7,13,2312,5,2,2,2.0,3,75104,M,,,75
201400052163,14,7,18,1635,1,2,2,1.0,2,75104,M,,,75
201400052164,14,7,20,357,4,2,2,2.0,6,75104,M,,,75
201400052165,14,7,21,1555,1,2,3,1.0,6,75104,M,,,75
201400052166,14,7,22,1045,1,2,4,1.0,6,75104,M,,,75
201400052167,14,7,24,1140,1,2,7,1.0,3,75104,M,,,75
201400052168,14,7,26,2345,5,2,2,1.0,2,75104,M,,,75
201400052169,14,7,30,220,5,2,1,1.0,6,75104,M,,,75
201400052170,14,7,30,1905,1,2,2,1.0,6,75104,M,,,75
201400052171,14,7,31,1000,1,2,2,1.0,3,75104,M,,,75
201400052172,14,7,31,857,1,2,3,1.0,6,75104,M,,,75
201400052173,14,8,1,2030,1,2,1,1.0,6,75104,M,,,75
201400052174,14,8,7,1653,1,2,2,1.0,7,75103,M,,,75
201400052175,14,8,8,1020,1,2,5,2.0,3,75104,M,,,75
201400052176,14,8,8,1055,1,2,2,2.0,6,75104,M,,,75
201400052177,14,8,11,1910,2,2,2,3.0,5,75104,M,,,75
201400052178,14,8,22,1520,1,2,2,1.0,2,75104,M,,,75
201400052179,14,8,28,1500,1,2,1,8.0,2,75104,M,,,75
201400052180,14,8,28,2220,4,2,7,1.0,6,75111,M,,,75
201400052181,14,8,31,1835,1,2,2,1.0,6,75104,M,,,75
201400052182,14,9,10,1410,1,2,2,1.0,3,75104,M,,,75
201400052183,14,9,17,330,5,2,1,1.0,2,75104,M,,,75
201400052184,14,9,18,1530,1,2,3,1.0,6,75104,M,,,75
201400052185,14,9,23,1900,1,2,2,1.0,6,75104,M,,,75
201400052186,14,9,24,1215,1,2,1,1.0,7,75104,M,,,75
201400052187,14,9,25,45,5,2,7,1.0,6,75104,M,,,75
201400052188,14,9,25,1215,1,2,4,1.0,6,75104,M,,,75
201400052189,14,9,26,810,1,2,2,1.0,7,75104,M,,,75
201400052190,14,9,27,1540,1,2,3,1.0,6,75104,M,,,75
201400052191,14,9,29,925,1,2,2,2.0,7,75104,M,,,75
201400052192,14,9,29,2140,5,2,2,2.0,7,75108,M,,,75
201400052193,14,10,3,2010,2,2,7,1.0,3,75104,M,,,75
201400052194,14,10,6,1725,1,2,1,2.0,7,75104,M,,,75
201400052195,14,10,8,500,5,2,2,2.0,2,75104,M,,,75
201400052196,14,10,19,1840,1,2,1,1.0,7,75104,M,,,75
201400052197,14,10,21,1945,4,2,2,2.0,7,75104,M,,,75
201400052198,14,10,28,1530,1,2,3,1.0,3,75104,M,,,75
201400052199,14,11,1,2245,5,2,3,1.0,6,75104,M,,,75
201400052200,14,11,1,339,5,2,2,1.0,6,75104,M,,,75
201400052201,14,11,5,835,1,2,1,1.0,4,75104,M,,,75
201400052202,14,11,7,955,1,2,3,2.0,2,75104,M,,,75
201400052203,14,11,7,1955,5,2,1,1.0,6,75104,M,,,75
201400052204,14,11,9,215,5,2,1,1.0,6,75101,M,,,75
201400052205,14,11,11,945,1,2,1,1.0,6,75104,M,,,75
201400052206,14,11,13,720,1,2,7,1.0,2,75104,M,,,75
201400052207,14,11,13,655,5,2,1,1.0,6,75104,M,,,75
201400052208,14,11,15,1845,5,2,7,8.0,2,75104,M,,,75
201400052209,14,11,18,1147,1,2,3,8.0,7,75104,M,,,75
201400052210,14,11,25,1320,1,2,1,1.0,6,75104,M,,,75
201400052211,14,11,27,2235,5,2,1,1.0,2,75104,M,,,75
201400052212,14,12,3,749,2,2,2,2.0,6,75104,M,,,75
201400052213,14,12,4,1039,1,2,5,1.0,3,75104,M,,,75
201400052214,14,12,6,1505,1,2,2,7.0,6,75104,M,,,75
201400052215,14,12,9,1410,1,2,1,1.0,2,75104,M,,,75
201400052216,14,12,9,1520,1,2,2,1.0,3,75104,M,,,75
201400052217,14,12,10,955,1,2,1,2.0,7,75104,M,,,75
201400052218,14,12,13,230,5,2,3,3.0,7,75104,M,,,75
201400052219,14,12,13,1815,5,2,3,2.0,2,75104,M,,,75
201400052220,14,12,15,925,1,2,1,2.0,7,75104,M,,,75
201400052221,14,12,21,1530,1,2,3,8.0,3,75104,M,,,75
201400052222,14,12,21,2030,5,2,7,8.0,3,75104,M,,,75
201400052223,14,1,2,2000,5,2,1,1.0,3,75105,M,,,75
201400052224,14,1,3,1505,1,2,7,1.0,3,75105,M,,,75
201400052225,14,1,13,1629,1,2,2,1.0,3,75105,M,,,75
201400052226,14,1,15,1955,5,2,7,2.0,6,75113,M,,,75
201400052227,14,1,16,1938,5,2,5,1.0,3,75105,M,,,75
201400052228,14,1,17,725,5,2,2,1.0,6,75105,M,,,75
201400052229,14,1,18,1450,1,2,3,1.0,3,75105,M,,,75
201400052230,14,1,19,315,5,2,4,3.0,6,75105,M,,,75
201400052231,14,1,22,2010,5,2,3,2.0,3,75105,M,,,75
201400052232,14,1,24,800,2,2,1,1.0,6,75105,M,,,75
201400052233,14,1,24,1745,5,2,2,1.0,6,75105,M,,,75
201400052234,14,1,25,1430,1,2,2,2.0,6,75105,M,,,75
201400052235,14,1,26,246,5,2,2,1.0,2,75105,M,,,75
201400052236,14,1,26,520,5,2,2,1.0,2,75105,M,,,75
201400052237,14,2,1,1710,1,2,1,1.0,6,75113,M,,,75
201400052238,14,2,2,2135,5,2,1,1.0,3,75105,M,,,75
201400052239,14,2,8,820,2,2,2,2.0,6,75105,M,,,75
201400052240,14,2,12,20,5,2,7,8.0,6,75105,M,,,75
201400052241,14,2,12,1245,1,2,2,1.0,6,75105,M,,,75
201400052242,14,2,15,2313,5,2,3,1.0,6,75106,M,,,75
201400052243,14,2,18,1000,1,2,1,1.0,6,75105,M,,,75
201400052244,14,2,18,1420,1,2,1,1.0,6,75105,M,,,75
201400052245,14,2,28,1055,1,2,7,2.0,2,75105,M,,,75
201400052246,14,3,1,440,5,2,5,2.0,6,75105,M,,,75
201400052247,14,3,1,1812,2,2,2,1.0,6,75105,M,,,75
201400052248,14,3,3,1110,1,2,2,1.0,6,75105,M,,,75
201400052249,14,3,6,1045,1,2,2,1.0,3,75105,M,,,75
201400052250,14,3,10,1150,1,2,2,1.0,6,75105,M,,,75
201400052251,14,3,18,808,1,2,2,1.0,6,75105,M,,,75
201400052252,14,3,20,1850,5,2,3,1.0,3,75113,M,,,75
201400052253,14,3,23,2355,5,2,2,1.0,2,75105,M,,,75
201400052254,14,3,25,900,1,2,1,2.0,2,75105,M,,,75
201400052255,14,3,25,1140,1,2,2,2.0,6,75105,M,,,75
201400052256,14,3,30,1520,1,2,2,1.0,6,75105,M,,,75
201400052257,14,3,30,1755,1,2,5,1.0,2,75105,M,,,75
201400052258,14,3,31,2255,5,2,7,1.0,7,75105,M,,,75
201400052259,14,4,1,810,1,2,2,1.0,3,75105,M,,,75
201400052260,14,4,1,905,1,2,1,1.0,6,75105,M,,,75
201400052261,14,4,2,1525,1,2,1,1.0,6,75105,M,,,75
201400052262,14,4,5,1625,1,2,3,1.0,2,75113,M,,,75
201400052263,14,4,6,134,5,2,2,1.0,2,75105,M,,,75
201400052264,14,4,8,917,1,2,1,1.0,6,75105,M,,,75
201400052265,14,4,9,25,5,2,2,1.0,6,75105,M,,,75
201400052266,14,4,11,2127,5,2,3,1.0,6,75105,M,,,75
201400052267,14,4,16,2330,5,2,2,1.0,2,75106,M,,,75
201400052268,14,4,17,2035,2,2,2,1.0,2,75105,M,,,75
201400052269,14,4,19,1850,1,2,3,1.0,2,75105,M,,,75
201400052270,14,4,20,2,5,2,2,1.0,3,75105,M,,,75
201400052271,14,4,22,1415,1,2,2,1.0,1,75105,M,,,75
201400052272,14,4,22,1500,1,2,3,1.0,2,75105,M,,,75
201400052273,14,4,25,1345,1,2,2,1.0,6,75105,M,,,75
201400052274,14,4,29,1308,1,2,3,1.0,6,75105,M,,,75
201400052275,14,5,6,1420,1,2,2,1.0,7,75105,M,,,75
201400052276,14,5,6,1515,1,2,1,1.0,4,75105,M,,,75
201400052277,14,5,6,1910,1,2,2,1.0,3,75105,M,,,75
201400052278,14,5,10,715,1,2,7,1.0,6,75105,M,,,75
201400052279,14,5,13,1635,1,2,2,1.0,2,75105,M,,,75
201400052280,14,5,16,815,1,2,1,1.0,6,75105,M,,,75
201400052281,14,5,17,1205,1,2,3,1.0,6,75105,M,,,75
201400052282,14,5,17,1840,1,2,3,1.0,3,75105,M,,,75
201400052283,14,5,19,1415,1,2,1,1.0,6,75105,M,,,75
201400052284,14,5,20,339,5,2,2,1.0,3,75105,M,,,75
201400052285,14,5,21,1425,1,2,3,2.0,3,75105,M,,,75
201400052286,14,5,22,1245,1,2,3,2.0,5,75105,M,,,75
201400052287,14,5,23,1035,1,2,2,1.0,3,75105,M,,,75
201400052288,14,5,26,1720,1,2,3,1.0,3,75105,M,,,75
201400052289,14,5,27,1535,1,2,1,1.0,3,75105,M,,,75
201400052290,14,5,29,915,1,2,1,1.0,7,75105,M,,,75
201400052291,14,6,2,2030,1,2,1,1.0,3,75105,M,,,75
201400052292,14,6,4,425,5,2,5,2.0,6,75106,M,,,75
201400052293,14,6,5,255,5,2,2,1.0,3,75105,M,,,75
201400052294,14,6,6,2040,1,2,3,1.0,6,75105,M,,,75
201400052295,14,6,11,1050,1,2,5,1.0,6,75105,M,,,75
201400052296,14,6,11,2140,5,2,5,1.0,1,75105,M,,,75
201400052297,14,6,12,1830,1,2,2,1.0,7,75105,M,,,75
201400052298,14,6,13,257,5,2,5,1.0,3,75105,M,,,75
201400052299,14,6,13,1955,1,2,7,1.0,6,75105,M,,,75
201400052300,14,6,14,1705,1,2,1,1.0,6,75105,M,,,75
201400052301,14,6,15,1240,1,2,2,1.0,3,75105,M,,,75
201400052302,14,6,16,2140,2,2,5,1.0,3,75105,M,,,75
201400052303,14,6,17,2050,1,2,2,1.0,3,75105,M,,,75
201400052304,14,6,23,2200,2,2,2,1.0,2,75105,M,,,75
201400052305,14,6,24,1000,1,2,7,1.0,6,75105,M,,,75
201400052306,14,6,24,1325,1,2,2,1.0,2,75105,M,,,75
201400052307,14,6,25,1814,1,2,1,1.0,6,75105,M,,,75
201400052308,14,6,28,1420,1,2,5,2.0,2,75105,M,,,75