Num_Acc,an,mois,jour,hrmn,lum,agg,int,atm,col,com,gps,lat,long,dep
201400052309,14,7,2,1825,1,2,7,1.0,3,75105,M,,,75
201400052310,14,7,14,2115,1,2,2,1.0,3,75105,M,,,75
201400052311,14,7,17,1220,1,2,1,1.0,3,75105,M,,,75
201400052312,14,8,1,1915,1,2,1,1.0,6,75113,M,,,75
201400052313,14,8,2,1945,1,2,5,1.0,3,75105,M,,,75
201400052314,14,8,5,1050,1,2,2,1.0,6,75105,M,,,75
201400052315,14,8,12,1010,1,2,7,1.0,6,75105,M,,,75
201400052316,14,8,23,455,5,2,7,2.0,3,75106,M,,,75
201400052317,14,8,24,1615,1,2,1,1.0,4,75105,M,,,75
201400052318,14,8,25,2019,5,2,7,2.0,7,75106,M,,,75
201400052319,14,8,28,1538,1,2,3,1.0,6,75105,M,,,75
201400052320,14,9,2,1145,1,2,5,1.0,3,75105,M,,,75
201400052321,14,9,4,1545,1,2,1,1.0,2,75105,M,,,75
201400052322,14,9,6,45,5,2,1,1.0,2,75105,M,,,75
201400052323,14,9,8,915,1,2,5,1.0,3,75105,M,,,75
201400052324,14,9,9,838,1,2,4,1.0,6,75105,M,,,75
201400052325,14,9,10,940,1,2,4,1.0,6,75105,M,,,75
201400052326,14,9,13,59,5,2,5,1.0,3,75105,M,,,75
201400052327,14,9,13,1545,1,2,2,1.0,2,75105,M,,,75
201400052328,14,9,16,330,5,2,3,1.0,2,75106,M,,,75
201400052329,14,9,17,843,1,2,2,1.0,2,75105,M,,,75
201400052330,14,9,17,1943,1,2,7,1.0,7,75105,M,,,75
201400052331,14,9,17,2200,5,2,2,1.0,3,75105,M,,,75
201400052332,14,9,19,400,5,2,1,1.0,6,75113,M,,,75
201400052333,14,9,20,259,5,2,3,1.0,2,75105,M,,,75
201400052334,14,9,21,2224,5,2,5,1.0,3,75105,M,,,75
201400052335,14,9,23,2025,5,2,2,1.0,6,75105,M,,,75
201400052336,14,9,24,1610,1,2,4,1.0,6,75105,M,,,75
201400052337,14,9,25,1045,1,2,2,1.0,2,75105,M,,,75
201400052338,14,9,27,1430,1,2,3,1.0,2,75105,M,,,75
201400052339,14,10,2,1650,1,2,7,1.0,6,75105,M,,,75
201400052340,14,10,3,1400,1,2,2,1.0,6,75105,M,,,75
201400052341,14,10,4,1945,5,2,5,1.0,2,75105,M,,,75
201400052342,14,10,7,920,1,2,1,1.0,6,75105,M,,,75
201400052343,14,10,8,745,2,2,2,2.0,6,75105,M,,,75
201400052344,14,10,8,2000,5,2,2,3.0,6,75105,M,,,75
201400052345,14,10,10,945,1,2,3,1.0,6,75105,M,,,75
201400052346,14,10,11,621,5,2,2,2.0,3,75105,M,,,75
201400052347,14,10,17,215,5,2,4,4.0,2,75105,M,,,75
201400052348,14,10,17,930,1,2,2,1.0,3,75105,M,,,75
201400052349,14,10,17,1215,1,2,3,1.0,3,75105,M,,,75
201400052350,14,10,20,2200,5,2,1,1.0,6,75105,M,,,75
201400052351,14,10,21,957,1,2,1,1.0,6,75105,M,,,75
201400052352,14,10,22,1645,1,2,2,1.0,3,75105,M,,,75
201400052353,14,10,26,1740,2,2,2,1.0,6,75105,M,,,75
201400052354,14,10,31,1435,1,2,1,1.0,3,75105,M,,,75
201400052355,14,11,4,1050,1,2,1,1.0,3,75105,M,,,75
201400052356,14,11,6,825,1,2,2,1.0,3,75105,M,,,75
201400052357,14,11,8,340,5,2,2,1.0,3,75105,M,,,75
201400052358,14,11,11,2055,5,2,3,1.0,3,75105,M,,,75
201400052359,14,11,13,940,1,2,2,1.0,6,75105,M,,,75
201400052360,14,11,16,1830,5,2,2,1.0,6,75105,M,,,75
201400052361,14,11,17,1957,5,2,2,2.0,6,75106,M,,,75
201400052362,14,11,18,1450,1,2,1,1.0,6,75105,M,,,75
201400052363,14,11,26,1750,5,2,1,8.0,6,75105,M,,,75
201400052364,14,11,28,1720,3,2,1,1.0,6,75105,M,,,75
201400052365,14,11,28,1955,5,2,5,1.0,3,75105,M,,,75
201400052366,14,12,1,1605,1,2,2,1.0,6,75105,M,,,75
201400052367,14,12,3,415,5,2,2,2.0,6,75105,M,,,75
201400052368,14,12,7,300,5,2,3,1.0,6,75105,M,,,75
201400052369,14,12,11,1105,1,2,3,1.0,6,75105,M,,,75
201400052370,14,12,12,939,1,2,7,2.0,6,75105,M,,,75
201400052371,14,12,13,1920,5,2,2,1.0,6,75105,M,,,75
201400052372,14,12,14,635,5,2,2,1.0,2,75105,M,,,75
201400052373,14,12,15,1405,1,2,3,2.0,6,75105,M,,,75
201400052374,14,12,16,910,1,2,1,8.0,7,75105,M,,,75
201400052375,14,12,18,1040,1,2,3,8.0,2,75105,M,,,75
201400052376,14,12,18,1110,1,2,2,1.0,3,75105,M,,,75
201400052377,14,12,19,20,5,2,2,1.0,3,75105,M,,,75
201400052378,14,12,20,320,5,2,2,1.0,6,75105,M,,,75
201400052379,14,12,23,1503,1,2,2,1.0,3,75105,M,,,75
201400052380,14,12,27,1750,2,2,2,1.0,6,75105,M,,,75
201400052381,14,12,28,1550,1,2,2,8.0,6,75105,M,,,75
201400052382,14,1,2,1315,1,2,7,1.0,6,75106,M,,,75
201400052383,14,1,4,1140,1,2,5,1.0,6,75106,M,,,75
201400052384,14,1,4,1220,1,2,1,1.0,6,75106,M,,,75
201400052385,14,1,6,1055,1,2,2,1.0,6,75106,M,,,75
201400052386,14,1,7,910,1,2,1,1.0,4,75106,M,,,75
201400052387,14,1,7,950,1,2,1,1.0,2,75106,M,,,75
201400052388,14,1,8,1300,1,2,4,8.0,6,75106,M,,,75
201400052389,14,1,8,1315,1,2,5,1.0,6,75106,M,,,75
201400052390,14,1,9,1840,5,2,1,2.0,6,75106,M,,,75
201400052391,14,1,10,1110,1,2,2,8.0,6,75106,M,,,75
201400052392,14,1,11,1545,1,2,5,1.0,6,75106,M,,,75
201400052393,14,1,13,1748,2,2,2,1.0,6,75106,M,,,75
201400052394,14,1,14,1345,1,2,7,1.0,2,75106,M,,,75
201400052395,14,1,15,1410,1,2,3,2.0,5,75106,M,,,75
201400052396,14,1,16,735,5,2,5,2.0,6,75106,M,,,75
201400052397,14,1,18,1215,1,2,2,1.0,6,75106,M,,,75
201400052398,14,1,18,1220,1,2,2,1.0,3,75106,M,,,75
201400052399,14,1,22,233,5,2,3,1.0,6,75106,M,,,75
201400052400,14,1,24,1800,2,2,1,1.0,6,75106,M,,,75
201400052401,14,2,3,920,1,2,4,1.0,7,75106,M,,,75
201400052402,14,2,3,1220,1,2,2,1.0,6,75106,M,,,75
201400052403,14,2,5,1715,1,2,1,2.0,3,75106,M,,,75
201400052404,14,2,7,2215,5,2,2,1.0,1,75106,M,,,75
201400052405,14,2,9,113,5,2,2,1.0,3,75106,M,,,75
201400052406,14,2,13,835,1,2,2,2.0,3,75106,M,,,75
201400052407,14,2,15,2240,5,2,7,1.0,6,75106,M,,,75
201400052408,14,2,15,1410,1,2,3,1.0,3,75106,M,,,75
201400052409,14,2,20,915,1,2,3,2.0,6,75106,M,,,75
201400052410,14,2,22,2007,5,2,5,1.0,6,75106,M,,,75
201400052411,14,2,25,1825,2,2,1,1.0,7,75106,M,,,75
201400052412,14,3,1,1455,1,2,2,1.0,2,75106,M,,,75
201400052413,14,3,4,1015,1,2,3,1.0,6,75106,M,,,75
201400052414,14,3,8,1030,1,2,3,1.0,3,75106,M,,,75
201400052415,14,3,8,2000,5,2,5,1.0,3,75106,M,,,75
201400052416,14,3,13,1141,1,2,1,1.0,6,75106,M,,,75
201400052417,14,3,14,1638,1,2,2,1.0,6,75106,M,,,75
201400052418,14,3,15,1945,5,2,4,1.0,6,75106,M,,,75
201400052419,14,3,18,925,1,2,1,1.0,4,75106,M,,,75
201400052420,14,3,19,1240,1,2,1,1.0,2,75106,M,,,75
201400052421,14,3,20,1009,1,2,3,1.0,6,75106,M,,,75
201400052422,14,3,21,1035,1,2,4,1.0,6,75106,M,,,75
201400052423,14,3,28,1040,1,2,2,1.0,6,75106,M,,,75
201400052424,14,3,29,1630,1,2,3,1.0,6,75106,M,,,75
201400052425,14,4,1,1455,1,2,3,1.0,3,75106,M,,,75
201400052426,14,4,2,919,1,2,2,1.0,6,75106,M,,,75
201400052427,14,4,10,1600,1,2,7,1.0,7,75106,M,,,75
201400052428,14,4,12,1430,1,2,7,1.0,6,75106,M,,,75
201400052429,14,4,17,945,1,2,2,1.0,6,75106,M,,,75
201400052430,14,4,19,2015,5,2,2,8.0,1,75106,M,,,75
201400052431,14,4,25,900,1,2,3,2.0,7,75106,M,,,75
201400052432,14,4,25,910,1,2,2,2.0,7,75106,M,,,75
201400052433,14,4,25,1353,1,2,4,1.0,6,75106,M,,,75
201400052434,14,4,26,1705,1,2,3,1.0,6,75106,M,,,75
201400052435,14,5,6,1749,1,2,5,1.0,3,75106,M,,,75
201400052436,14,5,7,2120,5,2,7,1.0,6,75113,M,,,75
201400052437,14,5,12,1630,1,2,5,2.0,3,75106,M,,,75
201400052438,14,5,13,930,1,2,1,1.0,6,75106,M,,,75
201400052439,14,5,13,1304,1,2,1,1.0,6,75106,M,,,75
201400052440,14,5,16,1926,1,2,2,1.0,6,75106,M,,,75
201400052441,14,5,18,1152,1,2,2,1.0,6,75106,M,,,75
201400052442,14,5,20,1030,1,2,3,1.0,6,75106,M,,,75
201400052443,14,5,21,1605,1,2,2,1.0,6,75106,M,,,75
201400052444,14,5,23,1712,1,2,5,1.0,6,75106,M,,,75
201400052445,14,5,26,445,5,2,2,2.0,3,75106,M,,,75
201400052446,14,5,26,1704,1,2,3,8.0,6,75106,M,,,75
201400052447,14,5,27,1750,1,2,1,1.0,6,75106,M,,,75
201400052448,14,5,28,1640,1,2,2,2.0,6,75106,M,,,75
201400052449,14,5,31,2040,2,2,1,1.0,6,75106,M,,,75
201400052450,14,6,4,1444,1,2,5,3.0,6,75106,M,,,75
201400052451,14,6,5,1320,1,2,1,1.0,6,75106,M,,,75
201400052452,14,6,6,1335,1,2,2,1.0,3,75106,M,,,75
201400052453,14,6,11,1135,1,2,1,1.0,6,75106,M,,,75
201400052454,14,6,17,900,1,2,5,1.0,3,75113,M,,,75
201400052455,14,6,18,940,1,2,1,1.0,2,75106,M,,,75
201400052456,14,6,19,1510,1,2,2,1.0,6,75106,M,,,75
201400052457,14,6,20,810,1,2,7,1.0,2,75106,M,,,75
201400052458,14,6,20,1755,1,2,5,1.0,6,75106,M,,,75
201400052459,14,6,23,1215,1,2,3,1.0,2,75106,M,,,75
201400052460,14,6,24,2330,5,2,2,1.0,6,75106,M,,,75
201400052461,14,6,25,1505,1,2,5,1.0,2,75106,M,,,75
201400052462,14,6,26,1840,1,2,2,1.0,2,75106,M,,,75
201400052463,14,6,28,124,5,2,7,1.0,3,75115,M,,,75
201400052464,14,6,28,1640,2,2,1,3.0,7,75106,M,,,75
201400052465,14,6,28,1345,1,2,3,2.0,2,75106,M,,,75
201400052466,14,7,1,1555,1,2,1,1.0,6,75106,M,,,75
201400052467,14,7,1,1840,1,2,2,1.0,3,75105,M,,,75
201400052468,14,7,3,451,2,2,5,1.0,3,75106,M,,,75
201400052469,14,7,4,940,1,2,5,1.0,3,75106,M,,,75
201400052470,14,7,12,35,5,2,2,1.0,2,75106,M,,,75
201400052471,14,7,15,840,1,2,5,1.0,3,75106,M,,,75
201400052472,14,7,18,1800,1,2,1,1.0,6,75106,M,,,75
201400052473,14,7,24,1240,1,2,3,1.0,3,75106,M,,,75
201400052474,14,7,24,1538,1,2,3,1.0,3,75106,M,,,75
201400052475,14,7,28,1325,1,2,2,1.0,6,75106,M,,,75
201400052476,14,7,30,1400,1,2,2,1.0,6,75106,M,,,75
201400052477,14,8,12,945,1,2,7,1.0,7,75106,M,,,75
201400052478,14,8,14,1847,1,2,2,8.0,6,75106,M,,,75
201400052479,14,8,18,2120,5,2,3,1.0,3,75106,M,,,75
201400052480,14,8,20,1630,1,2,1,1.0,6,75106,M,,,75
201400052481,14,8,25,1835,1,2,2,3.0,3,75106,M,,,75
201400052482,14,8,26,1445,1,2,3,1.0,6,75106,M,,,75
201400052483,14,9,9,1000,1,2,1,1.0,6,75106,M,,,75
201400052484,14,9,11,1759,1,2,7,1.0,2,75106,M,,,75
201400052485,14,9,12,1715,1,2,7,1.0,2,75106,M,,,75
201400052486,14,9,13,1715,1,2,1,1.0,6,75106,M,,,75
201400052487,14,9,14,1540,1,2,3,1.0,2,75106,M,,,75
201400052488,14,9,20,1410,1,2,2,1.0,6,75106,M,,,75
201400052489,14,9,20,1803,1,2,2,2.0,6,75106,M,,,75
201400052490,14,9,21,850,1,2,1,2.0,7,75106,M,,,75
201400052491,14,9,24,1445,1,2,3,1.0,6,75106,M,,,75
201400052492,14,9,25,1820,1,2,2,1.0,3,75106,M,,,75
201400052493,14,9,26,1645,1,2,1,1.0,3,75106,M,,,75
201400052494,14,9,26,1740,1,2,1,1.0,6,75106,M,,,75
201400052495,14,9,30,1720,1,2,3,1.0,6,75106,M,,,75
201400052496,14,10,3,835,1,2,1,1.0,7,75106,M,,,75
201400052497,14,10,4,5,5,2,1,1.0,6,75106,M,,,75
201400052498,14,10,6,1230,1,2,7,1.0,6,75106,M,,,75
201400052499,14,10,8,1335,1,2,3,2.0,7,75106,M,,,75
201400052500,14,10,8,1608,1,2,2,1.0,3,75113,M,,,75
201400052501,14,10,8,1945,5,2,1,2.0,6,75106,M,,,75
201400052502,14,10,14,955,1,2,1,1.0,6,75106,M,,,75
201400052503,14,10,19,924,1,2,1,1.0,6,75106,M,,,75
201400052504,14,10,21,915,1,2,7,1.0,6,75106,M,,,75
201400052505,14,10,24,1224,1,2,1,1.0,7,75106,M,,,75
201400052506,14,10,25,1410,1,2,2,8.0,3,75106,M,,,75
201400052507,14,11,4,900,1,2,1,1.0,3,75106,M,,,75
201400052508,14,10,31,2145,5,2,2,1.0,7,75106,M,,,75
201400052509,14,11,5,1610,1,2,1,1.0,6,75106,M,,,75
201400052510,14,11,6,1055,1,2,1,1.0,3,75106,M,,,75
201400052511,14,11,7,1818,5,2,1,1.0,6,75106,M,,,75
201400052512,14,11,7,2050,5,2,4,1.0,3,75106,M,,,75
201400052513,14,11,8,1330,1,2,2,1.0,3,75106,M,,,75
201400052514,14,11,14,1325,1,2,1,2.0,6,75113,M,,,75
201400052515,14,11,17,1558,1,2,2,2.0,3,75106,M,,,75
201400052516,14,11,17,1740,5,2,3,2.0,6,75106,M,,,75
201400052517,14,11,20,823,1,2,2,1.0,3,75106,M,,,75
201400052518,14,11,20,930,1,2,4,1.0,6,75106,M,,,75
201400052519,14,11,22,1025,1,2,7,1.0,3,75106,M,,,75
201400052520,14,11,25,850,1,2,5,8.0,7,75106,M,,,75
201400052521,14,11,28,1535,1,2,1,1.0,2,75106,M,,,75
201400052522,14,11,28,1732,5,2,7,1.0,2,75106,M,,,75
201400052523,14,11,29,741,2,2,7,1.0,7,75106,M,,,75
201400052524,14,12,1,2205,5,2,2,2.0,6,75106,M,,,75
201400052525,14,12,4,1940,5,2,1,1.0,6,75106,M,,,75
201400052526,14,12,5,1025,1,2,3,1.0,3,75106,M,,,75
201400052527,14,12,9,1915,5,2,3,1.0,6,75106,M,,,75
201400052528,14,12,10,1500,1,2,5,1.0,2,75106,M,,,75
201400052529,14,12,11,1130,1,2,2,1.0,6,75106,M,,,75
201400052530,14,12,11,1640,2,2,2,1.0,6,75106,M,,,75
201400052531,14,12,11,2055,5,2,7,1.0,6,75106,M,,,75
201400052532,14,12,12,820,1,2,5,2.0,6,75106,M,,,75
201400052533,14,12,12,1505,1,2,2,2.0,7,75106,M,,,75
201400052534,14,12,15,1825,5,2,7,2.0,6,75106,M,,,75
201400052535,14,12,15,2025,5,2,1,2.0,2,75113,M,,,75
201400052536,14,12,18,1445,1,2,3,1.0,3,75106,M,,,75
201400052537,14,12,19,1240,1,2,1,1.0,6,75106,M,,,75
201400052538,14,12,22,1205,1,2,1,1.0,6,75106,M,,,75
201400052539,14,12,27,2105,5,2,2,2.0,6,75106,M,,,75
201400052540,14,1,11,2105,5,2,1,1.0,6,75107,M,,,75
201400052541,14,1,11,2220,5,2,7,1.0,6,75107,M,,,75
201400052542,14,1,15,1335,1,2,1,2.0,7,75107,M,,,75
201400052543,14,1,17,1025,1,2,4,8.0,2,75107,M,,,75
201400052544,14,1,18,710,5,2,3,1.0,6,75107,M,,,75
201400052545,14,1,22,745,2,2,1,1.0,3,75107,M,,,75
201400052546,14,1,22,1710,1,2,2,2.0,7,75107,M,,,75
201400052547,14,1,23,1600,1,2,3,8.0,3,75107,M,,,75
201400052548,14,1,24,1645,1,2,5,1.0,2,75107,M,,,75
201400052549,14,1,29,35,5,2,5,2.0,6,75107,M,,,75
201400052550,14,1,29,1210,1,2,2,2.0,6,75107,M,,,75
201400052551,14,2,4,921,1,2,3,1.0,3,75107,M,,,75
201400052552,14,2,4,1210,1,2,3,1.0,6,75107,M,,,75
201400052553,14,2,10,1510,1,2,4,1.0,3,75107,M,,,75
201400052554,14,2,11,1325,1,2,1,1.0,3,75107,M,,,75
201400052555,14,2,11,1630,1,2,3,2.0,6,75107,M,,,75
201400052556,14,2,12,1845,5,2,5,3.0,6,75107,M,,,75
201400052557,14,2,12,2030,3,2,2,2.0,2,75107,M,,,75
201400052558,14,2,13,1635,1,2,5,1.0,3,75107,M,,,75
201400052559,14,2,15,1250,1,2,1,1.0,3,75107,M,,,75
201400052560,14,2,16,1220,1,2,5,1.0,2,75107,M,,,75
201400052561,14,2,17,905,1,2,2,8.0,6,75107,M,,,75
201400052562,14,2,20,350,5,2,7,1.0,6,75107,M,,,75
201400052563,14,2,24,950,1,2,7,1.0,3,75107,M,,,75
201400052564,14,2,28,1510,1,2,1,8.0,3,75107,M,,,75
201400052565,14,3,3,1255,1,2,1,1.0,7,75107,M,,,75
201400052566,14,3,5,1655,1,2,2,1.0,6,75107,M,,,75
201400052567,14,3,7,154,5,2,1,1.0,2,75107,M,,,75
201400052568,14,3,7,1045,1,2,5,1.0,3,75107,M,,,75
201400052569,14,3,13,1625,1,2,2,1.0,6,75107,M,,,75
201400052570,14,3,15,1955,5,2,4,1.0,4,75107,M,,,75
201400052571,14,3,16,1055,1,2,5,1.0,6,75107,M,,,75
201400052572,14,3,18,1110,1,2,7,1.0,7,75107,M,,,75
201400052573,14,3,19,1110,1,2,1,1.0,6,75107,M,,,75
201400052574,14,3,20,1756,1,2,3,1.0,2,75106,M,,,75
201400052575,14,3,21,1230,1,2,3,1.0,6,75107,M,,,75
201400052576,14,3,25,1115,1,2,3,2.0,3,75107,M,,,75
201400052577,14,3,28,1200,1,2,1,1.0,2,75107,M,,,75
201400052578,14,3,30,2120,5,2,3,1.0,3,75107,M,,,75
201400052579,14,4,3,1545,1,2,2,1.0,6,75107,M,,,75
201400052580,14,4,3,2045,5,2,2,1.0,3,75107,M,,,75
201400052581,14,4,3,430,5,2,7,1.0,7,75107,M,,,75
201400052582,14,4,8,1940,2,2,1,1.0,6,75107,M,,,75
201400052583,14,4,9,1700,1,2,2,1.0,6,75107,M,,,75
201400052584,14,4,11,915,1,2,1,1.0,3,75107,M,,,75
201400052585,14,4,14,2136,5,2,1,1.0,6,75107,M,,,75
201400052586,14,4,16,900,1,2,5,1.0,3,75107,M,,,75
201400052587,14,4,16,1130,1,2,3,1.0,6,75107,M,,,75
201400052588,14,4,22,1145,1,2,1,1.0,6,75107,M,,,75
201400052589,14,4,24,2120,2,2,7,1.0,3,75107,M,,,75
201400052590,14,4,25,1040,1,2,1,8.0,6,75107,M,,,75
201400052591,14,4,29,1850,2,2,3,2.0,3,75106,M,,,75
201400052592,14,4,30,1225,1,2,1,1.0,2,75107,M,,,75
201400052593,14,5,2,1,5,2,5,2.0,3,75107,M,,,75
201400052594,14,5,5,1800,1,2,1,1.0,6,75107,M,,,75
201400052595,14,5,6,1025,1,2,3,1.0,7,75107,M,,,75
201400052596,14,5,6,1636,1,2,2,1.0,2,75107,M,,,75
201400052597,14,5,8,210,5,2,5,1.0,3,75107,M,,,75
201400052598,14,5,8,1810,1,2,7,2.0,6,75107,M,,,75
201400052599,14,5,10,346,5,2,1,1.0,6,75107,M,,,75
201400052600,14,5,10,2010,1,2,3,2.0,3,75107,M,,,75
201400052601,14,5,13,2145,5,2,1,1.0,6,75107,M,,,75
201400052602,14,5,15,1420,1,2,1,1.0,3,75107,M,,,75
201400052603,14,5,16,1110,1,2,2,1.0,3,75107,M,,,75
201400052604,14,5,16,1630,1,2,2,1.0,6,75107,M,,,75
201400052605,14,5,19,910,1,2,2,1.0,1,75107,M,,,75
201400052606,14,5,20,1055,1,2,7,1.0,2,75107,M,,,75
201400052607,14,5,22,1015,1,2,2,3.0,7,75107,M,,,75
201400052608,14,5,24,20,5,2,3,2.0,2,75107,M,,,75
201400052609,14,5,27,1910,1,2,3,1.0,2,75107,M,,,75
201400052610,14,5,28,1715,1,2,3,2.0,7,75107,M,,,75
201400052611,14,5,30,1725,1,2,1,1.0,6,75107,M,,,75
201400052612,14,5,31,40,5,2,2,1.0,2,75107,M,,,75
201400052613,14,5,31,1715,1,2,1,1.0,7,75107,M,,,75
201400052614,14,6,2,1750,1,2,5,1.0,3,75107,M,,,75
201400052615,14,6,3,1315,1,2,2,1.0,3,75107,M,,,75
201400052616,14,6,4,2025,1,2,7,1.0,6,75107,M,,,75
201400052617,14,6,6,840,1,2,2,1.0,6,75107,M,,,75
201400052618,14,6,7,305,5,2,5,1.0,6,75107,M,,,75
201400052619,14,6,10,855,1,2,1,2.0,3,75107,M,,,75
201400052620,14,6,11,1950,1,2,1,1.0,6,75107,M,,,75
201400052621,14,6,12,1910,1,2,1,1.0,7,75107,M,,,75
201400052622,14,6,13,35,5,2,1,1.0,3,75107,M,,,75
201400052623,14,6,13,1015,1,2,1,1.0,2,75107,M,,,75
201400052624,14,6,13,1045,1,2,1,1.0,6,75107,M,,,75
201400052625,14,6,14,1810,1,2,7,1.0,7,75107,M,,,75
201400052626,14,6,16,1610,1,2,1,1.0,7,75107,M,,,75
201400052627,14,6,17,1602,1,2,2,1.0,2,75107,M,,,75
201400052628,14,6,19,745,1,2,1,1.0,2,75107,M,,,75
201400052629,14,6,19,1300,1,2,1,1.0,3,75107,M,,,75
201400052630,14,6,20,1625,1,2,2,1.0,6,75107,M,,,75
201400052631,14,6,21,1530,1,2,2,1.0,2,75107,M,,,75
201400052632,14,6,21,1910,1,2,1,1.0,6,75107,M,,,75
201400052633,14,6,22,1140,1,2,1,1.0,7,75107,M,,,75
201400052634,14,6,23,1815,1,2,2,1.0,1,75107,M,,,75
201400052635,14,6,24,845,1,2,2,1.0,2,75107,M,,,75
201400052636,14,6,25,1855,1,2,1,1.0,6,75107,M,,,75
201400052637,14,6,26,1250,1,2,3,1.0,1,75107,M,,,75
201400052638,14,6,30,805,1,2,1,1.0,2,75107,M,,,75
201400052639,14,6,30,1009,1,2,1,1.0,6,75107,M,,,75
201400052640,14,7,1,2330,5,2,2,2.0,3,75107,M,,,75
201400052641,14,7,1,640,2,2,1,1.0,7,75107,M,,,75
201400052642,14,7,1,750,1,2,1,1.0,3,75107,M,,,75
201400052643,14,7,2,140,5,2,2,1.0,7,75107,M,,,75
201400052644,14,7,3,1335,1,2,1,1.0,3,75107,M,,,75
201400052645,14,7,3,1855,1,2,2,1.0,6,75107,M,,,75
201400052646,14,7,10,2300,5,2,7,1.0,7,75107,M,,,75
201400052647,14,7,19,935,1,2,5,1.0,3,75107,M,,,75
201400052648,14,7,21,1925,1,2,2,1.0,3,75107,M,,,75
201400052649,14,7,22,1215,1,2,7,1.0,3,75107,M,,,75
201400052650,14,7,30,1030,1,2,5,1.0,2,75107,M,,,75
201400052651,14,7,31,1335,1,2,5,1.0,3,75107,M,,,75
201400052652,14,8,3,2305,5,2,5,1.0,3,75107,M,,,75
201400052653,14,8,4,1915,1,2,4,1.0,3,75107,M,,,75
201400052654,14,8,5,915,1,2,7,1.0,6,75107,M,,,75
201400052655,14,8,5,1840,1,2,1,1.0,7,75107,M,,,75
201400052656,14,8,6,1010,1,2,7,3.0,7,75107,M,,,75
201400052657,14,8,7,1205,1,2,7,2.0,3,75107,M,,,75
201400052658,14,8,11,1700,1,2,2,1.0,3,75107,M,,,75
201400052659,14,8,16,1455,1,2,2,1.0,3,75107,M,,,75
201400052660,14,8,18,1522,1,2,2,1.0,6,75107,M,,,75
201400052661,14,8,26,245,5,2,5,2.0,3,75107,M,,,75
201400052662,14,8,26,1505,1,2,3,1.0,2,75107,M,,,75
201400052663,14,8,28,1705,1,2,7,1.0,7,75107,M,,,75
201400052664,14,8,28,2000,1,2,5,1.0,3,75107,M,,,75
201400052665,14,9,5,940,1,2,2,1.0,3,75107,M,,,75
201400052666,14,9,8,1640,1,2,2,1.0,3,75107,M,,,75
201400052667,14,9,9,1800,1,2,7,1.0,3,75107,M,,,75
201400052668,14,9,10,651,1,2,2,1.0,3,75107,M,,,75
201400052669,14,9,10,1630,1,2,7,1.0,3,75107,M,,,75
201400052670,14,9,12,1800,1,2,7,1.0,3,75107,M,,,75
201400052671,14,9,12,1910,1,2,2,1.0,3,75107,M,,,75
201400052672,14,9,13,1640,1,2,1,1.0,2,75107,M,,,75
201400052673,14,9,13,1735,1,2,2,1.0,3,75107,M,,,75
201400052674,14,9,14,1145,1,2,3,1.0,2,75107,M,,,75
201400052675,14,9,18,2310,5,2,2,1.0,6,75107,M,,,75
201400052676,14,9,22,330,5,2,7,1.0,7,75107,M,,,75
201400052677,14,9,22,1950,5,2,3,1.0,2,75107,M,,,75
201400052678,14,9,24,2315,5,2,3,1.0,2,75107,M,,,75
201400052679,14,9,25,940,1,2,1,1.0,6,75107,M,,,75
201400052680,14,9,25,1245,1,2,1,1.0,1,75107,M,,,75
201400052681,14,9,25,1745,1,2,5,1.0,3,75107,M,,,75
201400052682,14,9,26,1130,1,2,2,1.0,6,75107,M,,,75
201400052683,14,9,26,1415,1,2,2,1.0,3,75107,M,,,75
201400052684,14,10,2,1200,1,2,5,1.0,5,75107,M,,,75
201400052685,14,10,2,1950,5,2,3,1.0,6,75107,M,,,75
201400052686,14,10,4,1115,1,2,2,1.0,6,75107,M,,,75
201400052687,14,10,4,1530,1,2,5,1.0,3,75107,M,,,75
201400052688,14,10,8,930,1,2,3,2.0,3,75107,M,,,75
201400052689,14,10,10,1130,1,2,2,1.0,3,75107,M,,,75
201400052690,14,10,11,2320,5,2,1,1.0,3,75107,M,,,75
201400052691,14,10,12,1825,5,2,3,2.0,3,75107,M,,,75
201400052692,14,10,13,1320,1,2,1,1.0,3,75107,M,,,75
201400052693,14,10,13,1515,1,2,3,1.0,7,75107,M,,,75
201400052694,14,10,15,1100,1,2,1,2.0,6,75107,M,,,75
201400052695,14,10,17,835,1,2,7,2.0,3,75107,M,,,75
201400052696,14,10,17,1420,1,2,3,8.0,3,75107,M,,,75
201400052697,14,10,22,1110,1,2,3,1.0,7,75107,M,,,75
201400052698,14,10,23,1350,1,2,3,8.0,2,75107,M,,,75
201400052699,14,10,24,1245,1,2,3,1.0,4,75107,M,,,75
201400052700,14,10,24,1545,1,2,1,1.0,6,75107,M,,,75
201400052701,14,10,24,1622,1,2,2,8.0,6,75107,M,,,75
201400052702,14,10,27,1130,1,2,2,1.0,2,75107,M,,,75
201400052703,14,10,28,2215,5,2,1,1.0,6,75107,M,,,75
201400052704,14,11,3,658,2,2,2,8.0,3,75107,M,,,75
201400052705,14,11,3,1444,1,2,1,2.0,4,75108,M,,,75
201400052706,14,11,4,1500,1,2,2,1.0,3,75107,M,,,75
201400052707,14,11,4,2025,5,2,1,1.0,3,75107,M,,,75
201400052708,14,11,12,2015,5,2,5,1.0,3,75107,M,,,75
201400052709,14,11,13,2010,5,2,7,1.0,2,75107,M,,,75
201400052710,14,11,16,940,1,2,1,2.0,6,75107,M,,,75
201400052711,14,11,17,930,1,2,2,1.0,3,75107,M,,,75
201400052712,14,11,18,1605,1,2,4,2.0,6,75107,M,,,75
201400052713,14,11,18,555,5,2,7,8.0,7,75107,M,,,75
201400052714,14,11,19,1830,5,2,2,1.0,3,75107,M,,,75