Num_Acc,an,mois,jour,hrmn,lum,agg,int,atm,col,com,gps,lat,long,dep
201400052715,14,11,22,245,5,2,5,1.0,2,75115,M,,,75
201400052716,14,11,23,1635,2,2,5,1.0,2,75107,M,,,75
201400052717,14,11,24,1915,5,2,1,1.0,3,75107,M,,,75
201400052718,14,11,26,30,5,2,2,2.0,6,75107,M,,,75
201400052719,14,11,26,1710,5,2,3,1.0,6,75107,M,,,75
201400052720,14,11,30,1930,5,2,3,2.0,2,75107,M,,,75
201400052721,14,12,1,2035,5,2,5,2.0,3,75107,M,,,75
201400052722,14,12,2,640,5,2,2,2.0,6,75107,M,,,75
201400052723,14,12,5,930,1,2,7,8.0,3,75107,M,,,75
201400052724,14,12,8,1620,2,2,7,2.0,7,75107,M,,,75
201400052725,14,12,8,1730,3,2,5,1.0,3,75107,M,,,75
201400052726,14,12,10,2200,5,2,7,8.0,3,75107,M,,,75
201400052727,14,12,11,1030,1,2,2,1.0,3,75107,M,,,75
201400052728,14,12,12,2240,5,2,1,3.0,7,75107,M,,,75
201400052729,14,12,12,2235,3,2,5,3.0,7,75107,M,,,75
201400052730,14,12,13,855,5,2,2,2.0,3,75107,M,,,75
201400052731,14,12,14,1500,1,2,1,1.0,3,75107,M,,,75
201400052732,14,12,15,845,2,2,4,2.0,3,75107,M,,,75
201400052733,14,12,15,948,1,2,2,1.0,6,75107,M,,,75
201400052734,14,12,15,1915,5,2,3,2.0,3,75107,M,,,75
201400052735,14,12,17,1740,3,2,3,2.0,2,75107,M,,,75
201400052736,14,12,18,2230,5,2,1,1.0,4,75107,M,,,75
201400052737,14,12,22,715,5,2,4,1.0,6,75107,M,,,75
201400052738,14,12,22,1950,5,2,3,1.0,3,75107,M,,,75
201400052739,14,1,2,1030,1,2,2,8.0,7,75108,M,,,75
201400052740,14,1,2,1410,1,2,7,1.0,3,75108,M,,,75
201400052741,14,1,2,1600,1,2,1,1.0,3,75108,M,,,75
201400052742,14,1,3,1115,1,2,1,1.0,6,75108,M,,,75
201400052743,14,1,5,719,5,2,7,1.0,6,75108,M,,,75
201400052744,14,1,5,2140,5,2,7,2.0,3,75108,M,,,75
201400052745,14,1,5,2255,5,2,7,2.0,3,75108,M,,,75
201400052746,14,1,6,1000,1,2,5,1.0,7,75108,M,,,75
201400052747,14,1,8,900,1,2,1,1.0,7,75108,M,,,75
201400052748,14,1,9,1525,1,2,2,8.0,7,75108,M,,,75
201400052749,14,1,11,2340,5,2,2,1.0,6,75108,M,,,75
201400052750,14,1,14,930,1,2,1,1.0,2,75108,M,,,75
201400052751,14,1,15,1320,1,2,1,2.0,6,75108,M,,,75
201400052752,14,1,15,1740,5,2,1,2.0,7,75108,M,,,75
201400052753,14,1,16,1850,5,2,1,2.0,3,75108,M,,,75
201400052754,14,1,17,1115,1,2,2,1.0,7,75108,M,,,75
201400052755,14,1,17,1945,5,2,2,1.0,6,75108,M,,,75
201400052756,14,1,19,1940,5,2,7,1.0,3,75108,M,,,75
201400052757,14,1,20,1430,1,2,1,8.0,2,75108,M,,,75
201400052758,14,1,20,1350,1,2,2,2.0,6,75108,M,,,75
201400052759,14,1,21,1,3,2,1,1.0,2,75108,M,,,75
201400052760,14,1,21,1420,1,2,2,1.0,3,75108,M,,,75
201400052761,14,1,22,900,1,2,4,1.0,2,75108,M,,,75
201400052762,14,1,22,2110,5,2,5,2.0,3,75108,M,,,75
201400052763,14,1,22,2215,5,2,7,2.0,3,75108,M,,,75
201400052764,14,1,23,1550,1,2,2,2.0,2,75108,M,,,75
201400052765,14,1,25,615,5,2,1,2.0,3,75108,M,,,75
201400052766,14,1,25,1750,5,2,7,1.0,2,75108,M,,,75
201400052767,14,1,27,1150,1,2,7,2.0,3,75108,M,,,75
201400052768,14,1,28,1015,1,2,2,1.0,6,75108,M,,,75
201400052769,14,1,28,1535,1,2,7,1.0,3,75108,M,,,75
201400052770,14,1,28,1800,5,2,1,2.0,7,75108,M,,,75
201400052771,14,1,28,2210,5,2,1,2.0,6,75108,M,,,75
201400052772,14,1,29,1720,2,2,7,8.0,3,75108,M,,,75
201400052773,14,1,30,847,1,2,2,1.0,3,75108,M,,,75
201400052774,14,2,1,300,5,2,7,3.0,6,75108,M,,,75
201400052775,14,2,1,340,5,2,7,2.0,3,75108,M,,,75
201400052776,14,2,4,2010,5,2,2,1.0,6,75108,M,,,75
201400052777,14,2,5,745,2,2,2,1.0,7,75108,M,,,75
201400052778,14,2,5,1015,1,2,2,1.0,3,75108,M,,,75
201400052779,14,2,5,1120,1,2,7,1.0,3,75108,M,,,75
201400052780,14,2,6,1115,1,2,7,2.0,6,75108,M,,,75
201400052781,14,2,6,1315,1,2,1,2.0,4,75108,M,,,75
201400052782,14,2,7,1845,5,2,7,1.0,3,75108,M,,,75
201400052783,14,2,8,1710,1,2,1,8.0,2,75108,M,,,75
201400052784,14,2,8,1720,2,2,2,2.0,2,75108,M,,,75
201400052785,14,2,10,1345,1,2,7,1.0,6,75108,M,,,75
201400052786,14,2,11,1530,1,2,2,2.0,2,75108,M,,,75
201400052787,14,2,11,1930,2,2,7,1.0,6,75108,M,,,75
201400052788,14,4,17,1900,1,2,1,1.0,6,75108,M,,,75
201400052789,14,2,12,720,1,2,2,1.0,1,75108,M,,,75
201400052790,14,2,12,1915,5,2,1,1.0,7,75108,M,,,75
201400052791,14,2,12,2000,5,2,2,2.0,6,75108,M,,,75
201400052792,14,2,13,510,5,2,7,2.0,6,75108,M,,,75
201400052793,14,2,15,1950,5,2,1,1.0,3,75108,M,,,75
201400052794,14,2,16,1045,1,2,1,1.0,2,75108,M,,,75
201400052795,14,2,16,1320,1,2,3,1.0,3,75108,M,,,75
201400052796,14,2,16,1500,1,2,2,1.0,3,75108,M,,,75
201400052797,14,2,19,1030,1,2,1,2.0,6,75108,M,,,75
201400052798,14,2,20,945,1,2,1,2.0,6,75108,M,,,75
201400052799,14,2,21,1100,1,2,5,1.0,3,75108,M,,,75
201400052800,14,2,22,2320,5,2,4,1.0,6,75108,M,,,75
201400052801,14,2,23,310,5,2,7,1.0,6,75108,M,,,75
201400052802,14,2,25,1400,1,2,1,1.0,6,75108,M,,,75
201400052803,14,2,26,1245,1,2,2,1.0,2,75108,M,,,75
201400052804,14,2,25,2130,5,2,3,1.0,6,75108,M,,,75
201400052805,14,2,27,1005,1,2,1,2.0,7,75108,M,,,75
201400052806,14,2,27,1645,1,2,2,1.0,6,75108,M,,,75
201400052807,14,2,27,1930,5,2,1,2.0,4,75108,M,,,75
201400052808,14,2,27,2320,5,2,4,1.0,3,75108,M,,,75
201400052809,14,2,28,1430,1,2,1,1.0,6,75108,M,,,75
201400052810,14,2,28,1630,1,2,3,1.0,2,75108,M,,,75
201400052811,14,3,1,915,1,2,3,1.0,3,75116,M,,,75
201400052812,14,3,5,935,1,2,5,1.0,3,75108,M,,,75
201400052813,14,3,5,1650,1,2,7,1.0,3,75108,M,,,75
201400052814,14,3,5,2110,5,2,7,1.0,3,75108,M,,,75
201400052815,14,3,6,1655,1,2,3,1.0,3,75108,M,,,75
201400052816,14,3,6,1830,1,2,4,1.0,2,75108,M,,,75
201400052817,14,3,7,1130,1,2,1,1.0,3,75108,M,,,75
201400052818,14,3,7,1500,1,2,1,1.0,6,75108,M,,,75
201400052819,14,3,7,1405,1,2,3,1.0,3,75108,M,,,75
201400052820,14,3,10,1130,1,2,3,1.0,3,75108,M,,,75
201400052821,14,3,10,1335,1,2,2,1.0,6,75108,M,,,75
201400052822,14,3,13,1530,1,2,1,1.0,2,75108,M,,,75
201400052823,14,3,14,1515,1,2,5,1.0,3,75108,M,,,75
201400052824,14,3,15,1740,1,2,2,1.0,2,75116,M,,,75
201400052825,14,3,16,1420,1,2,7,1.0,3,75108,M,,,75
201400052826,14,3,17,1450,1,2,3,1.0,3,75108,M,,,75
201400052827,14,3,18,1830,2,2,1,1.0,2,75108,M,,,75
201400052828,14,3,20,840,1,2,7,1.0,3,75108,M,,,75
201400052829,14,3,20,1120,1,2,3,1.0,6,75108,M,,,75
201400052830,14,3,21,1405,1,2,5,1.0,3,75108,M,,,75
201400052831,14,3,22,334,5,2,2,1.0,4,75108,M,,,75
201400052832,14,3,23,230,5,2,1,1.0,6,75108,M,,,75
201400052833,14,3,24,2010,5,2,5,1.0,2,75108,M,,,75
201400052834,14,3,24,1400,1,2,1,1.0,6,75108,M,,,75
201400052835,14,3,29,1130,1,2,7,1.0,2,75108,M,,,75
201400052836,14,3,29,1525,1,2,2,1.0,3,75108,M,,,75
201400052837,14,3,29,2020,5,2,2,1.0,2,75108,M,,,75
201400052838,14,3,30,1700,1,2,7,1.0,6,75108,M,,,75
201400052839,14,4,2,1640,1,2,1,1.0,6,75108,M,,,75
201400052840,14,4,4,1710,1,2,7,8.0,6,75108,M,,,75
201400052841,14,4,5,245,5,2,5,1.0,3,75108,M,,,75
201400052842,14,4,5,1740,1,2,3,1.0,6,75108,M,,,75
201400052843,14,4,5,2355,5,2,1,1.0,2,75108,M,,,75
201400052844,14,4,7,1135,1,2,1,1.0,3,75108,M,,,75
201400052845,14,4,8,135,5,2,7,1.0,3,75108,M,,,75
201400052846,14,4,9,900,1,2,3,1.0,6,75108,M,,,75
201400052847,14,4,9,1430,1,2,2,1.0,3,75108,M,,,75
201400052848,14,4,10,1730,1,2,1,1.0,3,75117,M,,,75
201400052849,14,4,10,1945,1,2,1,1.0,4,75108,M,,,75
201400052850,14,4,11,800,1,2,2,1.0,1,75108,M,,,75
201400052851,14,4,11,840,1,2,7,1.0,3,75108,M,,,75
201400052852,14,4,12,600,5,2,5,1.0,5,75108,M,,,75
201400052853,14,4,13,1045,1,2,1,1.0,7,75108,M,,,75
201400052854,14,4,13,1530,1,2,1,1.0,3,75108,M,,,75
201400052855,14,4,15,1100,1,2,1,1.0,2,75108,M,,,75
201400052856,14,4,15,1635,1,2,5,1.0,2,75108,M,,,75
201400052857,14,4,16,1140,1,2,7,1.0,3,75108,M,,,75
201400052858,14,4,17,1620,1,2,2,1.0,2,75108,M,,,75
201400052859,14,4,17,1910,1,2,7,1.0,3,75108,M,,,75
201400052860,14,4,18,1000,1,2,1,1.0,3,75108,M,,,75
201400052861,14,4,19,750,1,2,1,1.0,6,75108,M,,,75
201400052862,14,4,21,1430,1,2,7,1.0,3,75108,M,,,75
201400052863,14,4,22,1750,1,2,1,8.0,4,75108,M,,,75
201400052864,14,4,23,1400,1,2,2,1.0,7,75108,M,,,75
201400052865,14,4,23,1620,1,2,1,1.0,4,75108,M,,,75
201400052866,14,4,24,1400,1,2,2,1.0,3,75108,M,,,75
201400052867,14,4,24,1740,1,2,1,1.0,6,75108,M,,,75
201400052868,14,4,24,2350,5,2,1,1.0,2,75108,M,,,75
201400052869,14,4,25,800,1,2,7,3.0,3,75108,M,,,75
201400052870,14,4,25,1540,1,2,2,2.0,7,75108,M,,,75
201400052871,14,4,25,1820,1,2,2,8.0,2,75108,M,,,75
201400052872,14,4,26,35,5,2,1,1.0,3,75108,M,,,75
201400052873,14,4,26,230,5,2,1,1.0,2,75108,M,,,75
201400052874,14,4,27,25,5,2,2,1.0,6,75108,M,,,75
201400052875,14,4,28,1000,1,2,2,2.0,2,75108,M,,,75
201400052876,14,4,28,1415,1,2,2,8.0,3,75108,M,,,75
201400052877,14,4,29,1940,2,2,2,2.0,7,75108,M,,,75
201400052878,14,4,30,835,1,2,3,1.0,2,75108,M,,,75
201400052879,14,5,1,1200,1,2,7,2.0,7,75108,M,,,75
201400052880,14,5,4,1730,1,2,1,1.0,3,75108,M,,,75
201400052881,14,5,5,1800,1,2,7,1.0,2,75108,M,,,75
201400052882,14,5,7,920,1,2,7,1.0,4,75108,M,,,75
201400052883,14,5,9,745,1,2,2,2.0,2,75108,M,,,75
201400052884,14,5,12,1700,1,2,7,2.0,7,75108,M,,,75
201400052885,14,5,12,1730,1,2,1,1.0,3,75108,M,,,75
201400052886,14,5,12,1813,1,2,1,1.0,6,75108,M,,,75
201400052887,14,5,13,1530,1,2,1,2.0,2,75108,M,,,75
201400052888,14,5,14,1630,1,2,1,1.0,2,75108,M,,,75
201400052889,14,5,14,1920,1,2,3,1.0,6,75108,M,,,75
201400052890,14,5,15,1515,1,2,1,1.0,6,75108,M,,,75
201400052891,14,5,19,1345,1,2,5,1.0,6,75108,M,,,75
201400052892,14,5,20,55,5,2,2,1.0,3,75108,M,,,75
201400052893,14,5,20,2345,5,2,3,1.0,6,75108,M,,,75
201400052894,14,5,21,1145,1,2,7,3.0,6,75108,M,,,75
201400052895,14,5,22,1130,1,2,1,2.0,3,75108,M,,,75
201400052896,14,5,22,1800,1,2,7,1.0,3,75108,M,,,75
201400052897,14,5,23,740,1,2,2,1.0,6,75108,M,,,75
201400052898,14,5,23,1400,1,2,2,1.0,3,75108,M,,,75
201400052899,14,5,24,1500,1,2,2,1.0,3,75108,M,,,75
201400052900,14,5,24,1605,1,2,1,2.0,3,75108,M,,,75
201400052901,14,5,25,1745,1,2,2,1.0,3,75108,M,,,75
201400052902,14,5,27,205,5,2,3,1.0,2,75117,M,,,75
201400052903,14,5,29,120,5,2,7,1.0,3,75108,M,,,75
201400052904,14,5,30,1515,1,2,5,1.0,3,75108,M,,,75
201400052905,14,5,30,1850,1,2,7,1.0,3,75108,M,,,75
201400052906,14,5,30,1750,1,2,1,1.0,6,75108,M,,,75
201400052907,14,6,2,900,1,2,1,1.0,3,75108,M,,,75
201400052908,14,6,2,1130,1,2,5,1.0,6,75108,M,,,75
201400052909,14,6,2,1745,1,2,2,1.0,3,75108,M,,,75
201400052910,14,6,3,1715,1,2,7,1.0,3,75108,M,,,75
201400052911,14,6,3,1314,1,2,1,1.0,2,75108,M,,,75
201400052912,14,6,5,1400,1,2,7,1.0,6,75108,M,,,75
201400052913,14,6,5,1445,1,2,3,1.0,3,75108,M,,,75
201400052914,14,6,5,1525,1,2,7,1.0,6,75108,M,,,75
201400052915,14,6,5,2120,1,2,2,1.0,3,75108,M,,,75
201400052916,14,6,6,245,5,2,7,1.0,7,75108,M,,,75
201400052917,14,6,10,920,1,2,1,1.0,7,75108,M,,,75
201400052918,14,6,10,1820,1,2,1,8.0,6,75108,M,,,75
201400052919,14,6,11,1405,1,2,3,1.0,6,75108,M,,,75
201400052920,14,6,11,1550,2,2,3,1.0,3,75108,M,,,75
201400052921,14,6,12,950,1,2,2,1.0,2,75108,M,,,75
201400052922,14,6,12,1730,1,2,2,1.0,6,75108,M,,,75
201400052923,14,6,12,1815,1,2,7,1.0,3,75108,M,,,75
201400052924,14,6,13,1210,1,2,2,1.0,7,75108,M,,,75
201400052925,14,6,13,1505,1,2,3,1.0,3,75108,M,,,75
201400052926,14,6,13,1720,1,2,5,1.0,4,75108,M,,,75
201400052927,14,6,14,1530,1,2,7,1.0,1,75108,M,,,75
201400052928,14,6,17,1620,1,2,1,1.0,2,75108,M,,,75
201400052929,14,6,18,1715,1,2,2,1.0,6,75108,M,,,75
201400052930,14,6,19,1610,1,2,3,1.0,6,75108,M,,,75
201400052931,14,6,19,2010,1,2,2,1.0,6,75108,M,,,75
201400052932,14,6,20,5,5,2,2,1.0,3,75108,M,,,75
201400052933,14,6,20,1600,1,2,7,1.0,6,75108,M,,,75
201400052934,14,6,22,520,2,2,7,1.0,6,75108,M,,,75
201400052935,14,6,22,1900,1,2,3,1.0,7,75108,M,,,75
201400052936,14,6,22,1905,1,2,3,1.0,7,75108,M,,,75
201400052937,14,6,23,1350,1,2,3,1.0,2,75108,M,,,75
201400052938,14,6,22,2115,1,2,1,1.0,6,75108,M,,,75
201400052939,14,6,23,1620,1,2,5,1.0,2,75108,M,,,75
201400052940,14,6,26,1815,1,2,7,1.0,3,75108,M,,,75
201400052941,14,6,28,700,1,2,2,1.0,6,75108,M,,,75
201400052942,14,6,28,1530,1,2,1,3.0,7,75109,M,,,75
201400052943,14,6,28,2205,5,2,7,2.0,3,75108,M,,,75
201400052944,14,6,29,2330,5,2,2,1.0,2,75108,M,,,75
201400052945,14,6,30,2320,5,2,2,1.0,6,75108,M,,,75
201400052946,14,7,2,730,1,2,5,1.0,3,75108,M,,,75
201400052947,14,7,3,1750,1,2,1,1.0,2,75108,M,,,75
201400052948,14,7,4,1520,1,2,7,1.0,3,75108,M,,,75
201400052949,14,7,4,1515,1,2,2,1.0,2,75108,M,,,75
201400052950,14,7,4,2030,1,2,7,1.0,2,75108,M,,,75
201400052951,14,7,5,1440,1,2,1,1.0,6,75108,M,,,75
201400052952,14,7,6,1405,1,2,2,3.0,6,75108,M,,,75
201400052953,14,7,7,2050,1,2,7,2.0,7,75108,M,,,75
201400052954,14,7,8,1900,1,2,1,2.0,3,75108,M,,,75
201400052955,14,7,9,1750,1,2,2,2.0,3,75108,M,,,75
201400052956,14,7,10,55,5,2,3,3.0,2,75108,M,,,75
201400052957,14,7,10,1020,1,2,5,2.0,7,75108,M,,,75
201400052958,14,7,9,2125,2,2,2,3.0,1,75108,M,,,75
201400052959,14,7,10,2235,5,2,4,2.0,3,75108,M,,,75
201400052960,14,7,16,800,1,2,7,1.0,3,75108,M,,,75
201400052961,14,7,16,1515,1,2,1,1.0,7,75108,M,,,75
201400052962,14,7,17,120,5,2,7,1.0,3,75108,M,,,75
201400052963,14,7,19,1040,1,2,7,1.0,3,75108,M,,,75
201400052964,14,7,19,1940,1,2,3,8.0,3,75117,M,,,75
201400052965,14,7,22,1350,1,2,2,1.0,3,75108,M,,,75
201400052966,14,7,22,1530,1,2,7,8.0,3,75108,M,,,75
201400052967,14,7,24,640,1,2,7,1.0,6,75108,M,,,75
201400052968,14,7,25,1510,1,2,1,1.0,3,75108,M,,,75
201400052969,14,7,27,815,1,2,2,1.0,3,75117,M,,,75
201400052970,14,7,30,1310,1,2,7,1.0,3,75108,M,,,75
201400052971,14,7,31,445,3,2,5,1.0,6,75108,M,,,75
201400052972,14,7,31,1350,1,2,2,1.0,6,75108,M,,,75
201400052973,14,7,31,1650,1,2,1,1.0,6,75108,M,,,75
201400052974,14,7,31,1830,1,2,7,1.0,6,75108,M,,,75
201400052975,14,8,2,1520,1,2,1,1.0,6,75108,M,,,75
201400052976,14,8,2,1800,1,2,2,3.0,3,75108,M,,,75
201400052977,14,8,6,1410,1,2,4,2.0,3,75108,M,,,75
201400052978,14,8,6,1400,1,2,7,2.0,3,75108,M,,,75
201400052979,14,8,7,1430,1,2,1,2.0,7,75108,M,,,75
201400052980,14,8,13,1800,1,2,3,2.0,2,75108,M,,,75
201400052981,14,8,13,2015,1,2,5,8.0,2,75108,M,,,75
201400052982,14,8,15,2040,2,2,7,2.0,3,75108,M,,,75
201400052983,14,8,17,1900,1,2,2,1.0,3,75108,M,,,75
201400052984,14,8,20,1530,1,2,1,1.0,6,75108,M,,,75
201400052985,14,8,21,920,1,2,1,1.0,3,75108,M,,,75
201400052986,14,8,22,1010,1,2,3,1.0,6,75108,M,,,75
201400052987,14,8,22,1430,1,2,7,1.0,3,75108,M,,,75
201400052988,14,8,22,1800,1,2,2,1.0,3,75108,M,,,75
201400052989,14,8,24,10,5,2,2,1.0,6,75108,M,,,75
201400052990,14,8,25,1405,1,2,1,2.0,7,75108,M,,,75
201400052991,14,8,26,1230,1,2,1,2.0,3,75117,M,,,75
201400052992,14,8,27,1250,1,2,3,8.0,6,75108,M,,,75
201400052993,14,8,28,1620,1,2,2,1.0,3,75108,M,,,75
201400052994,14,8,28,1730,1,2,1,1.0,6,75108,M,,,75
201400052995,14,8,30,1815,1,2,7,1.0,6,75108,M,,,75
201400052996,14,9,1,1530,1,2,2,1.0,6,75108,M,,,75
201400052997,14,9,3,1130,1,2,2,1.0,6,75108,M,,,75
201400052998,14,9,6,1220,1,2,4,1.0,2,75117,M,,,75
201400052999,14,9,8,1640,1,2,7,1.0,6,75108,M,,,75
201400053000,14,9,8,1800,2,2,5,1.0,7,75108,M,,,75
201400053001,14,9,9,810,1,2,1,1.0,6,75108,M,,,75
201400053002,14,9,11,1005,1,2,7,1.0,3,75108,M,,,75
201400053003,14,9,11,1610,1,2,1,1.0,2,75108,M,,,75
201400053004,14,9,11,2040,5,2,1,1.0,2,75116,M,,,75
201400053005,14,9,13,1415,1,2,2,1.0,6,75108,M,,,75
201400053006,14,9,13,1700,1,2,7,1.0,6,75108,M,,,75
201400053007,14,9,15,2045,3,2,1,1.0,6,75108,M,,,75
201400053008,14,9,16,730,1,2,7,1.0,3,75108,M,,,75
201400053009,14,9,16,1040,1,2,7,1.0,2,75108,M,,,75
201400053010,14,9,16,2015,1,2,1,1.0,6,75108,M,,,75
201400053011,14,9,17,830,1,2,7,1.0,3,75108,M,,,75
201400053012,14,9,17,1120,1,2,1,1.0,4,75108,M,,,75
201400053013,14,9,19,1040,1,2,1,1.0,6,75108,M,,,75
201400053014,14,9,20,1915,2,2,4,2.0,7,75108,M,,,75
201400053015,14,9,22,2050,5,2,2,1.0,6,75108,M,,,75
201400053016,14,9,23,800,1,2,1,1.0,4,75108,M,,,75
201400053017,14,9,24,1145,1,2,5,1.0,3,75108,M,,,75
201400053018,14,9,25,1615,1,2,1,1.0,7,75108,M,,,75
201400053019,14,9,27,315,5,2,1,1.0,6,75108,M,,,75
201400053020,14,9,27,920,1,2,7,1.0,6,75108,M,,,75
201400053021,14,9,27,1430,1,2,2,1.0,3,75108,M,,,75
201400053022,14,9,28,254,5,2,7,1.0,3,75108,M,,,75
201400053023,14,9,29,745,2,2,1,1.0,7,75108,M,,,75
201400053024,14,9,29,940,1,2,1,2.0,6,75108,M,,,75
201400053025,14,9,30,1030,1,2,2,1.0,3,75108,M,,,75
201400053026,14,9,30,1240,1,2,1,1.0,3,75108,M,,,75
201400053027,14,9,30,1300,1,2,1,1.0,2,75108,M,,,75
201400053028,14,10,1,1505,1,2,1,1.0,6,75108,M,,,75
201400053029,14,10,1,1845,1,2,1,7.0,2,75108,M,,,75
201400053030,14,10,2,1310,1,2,7,1.0,3,75108,M,,,75
201400053031,14,10,3,1220,1,2,3,1.0,7,75108,M,,,75
201400053032,14,10,3,2118,5,2,7,1.0,7,75108,M,,,75
201400053033,14,10,5,1405,1,2,2,1.0,3,75108,M,,,75
201400053034,14,10,6,140,5,2,2,1.0,2,75108,M,,,75
201400053035,14,10,6,1615,1,2,7,2.0,2,75108,M,,,75
201400053036,14,10,6,1915,5,2,2,3.0,6,75108,M,,,75
201400053037,14,10,6,1630,1,2,5,2.0,7,75108,M,,,75
201400053038,14,10,7,1000,1,2,2,1.0,2,75108,M,,,75
201400053039,14,10,6,2130,5,2,4,2.0,3,75108,M,,,75
201400053040,14,10,7,1900,5,2,1,1.0,2,75108,M,,,75
201400053041,14,10,8,1430,1,2,1,1.0,3,75108,M,,,75
201400053042,14,10,9,1420,1,2,7,1.0,6,75108,M,,,75
201400053043,14,10,12,200,5,2,7,1.0,7,75108,M,,,75
201400053044,14,10,13,800,1,2,4,1.0,3,75108,M,,,75
201400053045,14,10,13,831,1,2,3,1.0,6,75108,M,,,75
201400053046,14,10,14,1355,1,2,2,1.0,6,75108,M,,,75
201400053047,14,10,15,1100,1,2,5,1.0,2,75108,M,,,75
201400053048,14,10,15,1245,1,2,7,2.0,3,75108,M,,,75
201400053049,14,10,15,1430,1,2,3,1.0,1,75108,M,,,75
201400053050,14,10,15,1630,1,2,3,2.0,3,75108,M,,,75
201400053051,14,10,15,2340,5,2,1,2.0,2,75108,M,,,75
201400053052,14,10,16,1115,1,2,2,1.0,2,75108,M,,,75
201400053053,14,10,17,1935,2,2,1,1.0,2,75108,M,,,75
201400053054,14,10,18,105,5,2,5,1.0,6,75108,M,,,75
201400053055,14,10,18,2230,5,2,4,1.0,3,75108,M,,,75
201400053056,14,10,19,1945,5,2,7,1.0,3,75108,M,,,75
201400053057,14,10,20,1745,1,2,2,1.0,3,75108,M,,,75
201400053058,14,10,21,1430,1,2,1,2.0,4,75108,M,,,75
201400053059,14,10,21,1745,1,2,7,2.0,6,75108,M,,,75
201400053060,14,10,21,2000,5,2,2,2.0,3,75108,M,,,75
201400053061,14,10,21,2045,5,2,2,2.0,2,75108,M,,,75
201400053062,14,10,22,2350,5,2,7,1.0,6,75108,M,,,75
201400053063,14,10,24,1115,1,2,3,1.0,3,75108,M,,,75
201400053064,14,10,24,1330,1,2,1,1.0,4,75108,M,,,75
201400053065,14,10,29,1505,1,2,1,1.0,3,75108,M,,,75
201400053066,14,10,30,1020,1,2,7,1.0,3,75108,M,,,75
201400053067,14,10,30,1730,2,2,3,1.0,6,75108,M,,,75
201400053068,14,10,31,950,1,2,1,1.0,7,75108,M,,,75
201400053069,14,10,31,1230,1,2,3,1.0,6,75108,M,,,75
201400053070,14,10,31,2215,5,2,1,1.0,2,75108,M,,,75
201400053071,14,11,1,2310,5,2,7,1.0,4,75108,M,,,75
201400053072,14,11,3,1245,1,2,1,1.0,3,75108,M,,,75
201400053073,14,11,5,1845,5,2,3,1.0,3,75108,M,,,75
201400053074,14,11,7,1230,1,2,7,1.0,7,75108,M,,,75
201400053075,14,11,7,1540,1,2,1,1.0,7,75108,M,,,75
201400053076,14,11,8,2100,5,2,3,1.0,7,75108,M,,,75
201400053077,14,11,10,1615,1,2,1,1.0,6,75108,M,,,75
201400053078,14,11,10,1940,5,2,7,1.0,3,75108,M,,,75
201400053079,14,11,12,1515,1,2,3,1.0,6,75108,M,,,75
201400053080,14,11,13,1115,1,2,1,1.0,3,75108,M,,,75
201400053081,14,11,14,850,1,2,1,1.0,3,75108,M,,,75
201400053082,14,11,14,1130,1,2,1,2.0,1,75108,M,,,75
201400053083,14,11,15,255,5,2,2,2.0,6,75108,M,,,75
201400053084,14,11,16,630,5,2,7,1.0,3,75108,M,,,75
201400053085,14,11,15,2115,5,2,1,1.0,6,75108,M,,,75
201400053086,14,11,17,1030,1,2,2,1.0,3,75108,M,,,75
201400053087,14,11,17,1748,5,2,1,3.0,6,75108,M,,,75
201400053088,14,11,19,10,5,2,2,1.0,3,75108,M,,,75
201400053089,14,11,20,930,1,2,2,1.0,3,75108,M,,,75
201400053090,14,11,23,555,5,2,3,1.0,3,75108,M,,,75
201400053091,14,11,23,1635,1,2,3,1.0,3,75108,M,,,75
201400053092,14,11,24,1830,2,2,3,1.0,2,75108,M,,,75
201400053093,14,11,24,1850,5,2,4,1.0,6,75108,M,,,75
201400053094,14,11,25,1200,1,2,1,1.0,2,75108,M,,,75
201400053095,14,11,25,1200,1,2,7,1.0,6,75108,M,,,75
201400053096,14,11,25,1520,1,2,3,8.0,1,75108,M,,,75
201400053097,14,11,26,1030,1,2,2,1.0,3,75107,M,,,75
201400053098,14,11,27,605,5,2,1,1.0,3,75108,M,,,75
201400053099,14,11,29,2115,5,2,7,1.0,1,75108,M,,,75
201400053100,14,12,1,1840,5,2,2,1.0,3,75108,M,,,75
201400053101,14,12,2,10,5,2,3,2.0,6,75108,M,,,75
201400053102,14,12,2,945,1,2,2,9.0,7,75116,M,,,75
201400053103,14,12,2,1110,1,2,1,1.0,6,75108,M,,,75
201400053104,14,12,3,1145,1,2,7,1.0,6,75108,M,,,75
201400053105,14,12,3,1915,5,2,2,1.0,3,75108,M,,,75
201400053106,14,12,3,2240,5,2,1,1.0,2,75108,M,,,75
201400053107,14,12,3,2100,5,2,1,8.0,6,75108,M,,,75
201400053108,14,12,4,1420,1,2,7,1.0,3,75108,M,,,75
201400053109,14,12,4,1820,5,2,5,2.0,6,75108,M,,,75
201400053110,14,12,5,1730,5,2,1,1.0,5,75108,M,,,75
201400053111,14,12,5,1735,5,2,3,1.0,7,75108,M,,,75
201400053112,14,12,6,1900,5,2,7,1.0,3,75108,M,,,75
201400053113,14,12,8,240,5,2,7,1.0,7,75108,M,,,75
201400053114,14,12,8,1310,1,2,2,2.0,7,75108,M,,,75
201400053115,14,12,8,1600,1,2,1,2.0,3,75108,M,,,75
201400053116,14,12,8,2015,5,2,7,1.0,3,75108,M,,,75
201400053117,14,12,9,1550,1,2,7,1.0,6,75108,M,,,75
201400053118,14,12,10,1045,1,2,3,2.0,2,75108,M,,,75
201400053119,14,12,10,1210,1,2,1,1.0,6,75108,M,,,75
201400053120,14,12,10,1130,1,2,7,8.0,7,75108,M,,,75
201400053121,14,12,10,1355,1,2,3,2.0,6,75108,M,,,75