Num_Acc,an,mois,jour,hrmn,lum,agg,int,atm,col,com,gps,lat,long,dep
201400053122,14,12,11,1330,1,2,1,2.0,6,75108,M,,,75
201400053123,14,12,12,800,1,2,1,2.0,3,75108,M,,,75
201400053124,14,12,12,1315,1,2,3,2.0,4,75108,M,,,75
201400053125,14,12,12,1345,1,2,3,8.0,2,75108,M,,,75
201400053126,14,12,13,1,5,2,7,3.0,3,75108,M,,,75
201400053127,14,12,16,40,5,2,2,1.0,3,75108,M,,,75
201400053128,14,12,16,1500,1,2,7,1.0,2,75108,M,,,75
201400053129,14,12,16,1715,5,2,2,1.0,3,75108,M,,,75
201400053130,14,12,17,845,1,2,3,3.0,5,75108,M,,,75
201400053131,14,12,17,1400,1,2,7,2.0,2,75108,M,,,75
201400053132,14,12,17,1830,5,2,7,2.0,3,75108,M,,,75
201400053133,14,12,19,1055,1,2,7,2.0,2,75108,M,,,75
201400053134,14,12,20,1200,1,2,7,1.0,6,75108,M,,,75
201400053135,14,12,20,1810,5,2,1,2.0,6,75108,M,,,75
201400053136,14,12,20,2005,5,2,1,2.0,2,75108,M,,,75
201400053137,14,12,22,1740,5,2,1,8.0,6,75108,M,,,75
201400053138,14,12,23,915,1,2,5,1.0,2,75108,M,,,75
201400053139,14,12,23,2015,5,2,2,1.0,3,75108,M,,,75
201400053140,14,12,25,1930,5,2,2,1.0,3,75108,M,,,75
201400053141,14,12,26,1410,1,2,2,1.0,6,75108,M,,,75
201400053142,14,12,28,145,5,2,7,8.0,6,75108,M,,,75
201400053143,14,12,29,10,5,2,7,1.0,3,75108,M,,,75
201400053144,14,12,29,1425,1,2,1,1.0,6,75108,M,,,75
201400053145,14,12,31,1315,1,2,3,1.0,6,75108,M,,,75
201400053146,14,3,6,1900,2,2,1,1.0,3,75108,M,,,75
201400053147,14,1,3,2125,4,2,1,1.0,7,75109,M,,,75
201400053148,14,1,8,1530,1,2,7,1.0,3,75109,M,,,75
201400053149,14,1,15,1430,1,2,2,2.0,3,75109,M,,,75
201400053150,14,1,17,230,5,2,3,1.0,3,75109,M,,,75
201400053151,14,1,17,1400,1,2,1,1.0,3,75109,M,,,75
201400053152,14,1,22,1250,1,2,1,1.0,6,75109,M,,,75
201400053153,14,1,23,1530,1,2,1,2.0,7,75109,M,,,75
201400053154,14,1,23,1510,1,2,1,1.0,6,75109,M,,,75
201400053155,14,1,23,1855,5,2,2,2.0,3,75109,M,,,75
201400053156,14,1,24,910,2,2,1,1.0,6,75109,M,,,75
201400053157,14,1,25,25,5,2,5,1.0,6,75109,M,,,75
201400053158,14,1,25,320,5,2,1,2.0,7,75109,M,,,75
201400053159,14,1,25,705,5,2,5,2.0,7,75109,M,,,75
201400053160,14,1,26,1105,1,2,2,1.0,2,75103,M,,,75
201400053161,14,2,1,15,5,2,2,2.0,3,75109,M,,,75
201400053162,14,2,1,2345,5,2,3,1.0,6,75109,M,,,75
201400053163,14,2,5,1525,1,2,2,1.0,6,75109,M,,,75
201400053164,14,2,6,825,1,2,1,1.0,6,75109,M,,,75
201400053165,14,2,6,1310,1,2,2,3.0,6,75109,M,,,75
201400053166,14,2,8,2000,5,2,2,1.0,6,75109,M,,,75
201400053167,14,2,11,1930,5,2,1,2.0,2,75109,M,,,75
201400053168,14,2,12,925,1,2,5,1.0,3,75109,M,,,75
201400053169,14,2,14,1050,1,2,5,2.0,6,75109,M,,,75
201400053170,14,2,16,1600,1,2,3,1.0,3,75109,M,,,75
201400053171,14,2,17,1240,1,2,7,1.0,6,75109,M,,,75
201400053172,14,2,19,1135,1,2,3,2.0,7,75102,M,,,75
201400053173,14,2,19,1424,1,2,3,1.0,6,75109,M,,,75
201400053174,14,2,20,925,1,2,3,2.0,6,75109,M,,,75
201400053175,14,2,20,2215,5,2,2,2.0,3,75109,M,,,75
201400053176,14,2,25,2150,5,2,2,1.0,2,75109,M,,,75
201400053177,14,2,27,1230,1,2,1,2.0,6,75109,M,,,75
201400053178,14,2,28,650,5,2,7,2.0,3,75109,M,,,75
201400053179,14,2,28,1245,1,2,7,1.0,6,75109,M,,,75
201400053180,14,2,28,2210,5,2,2,1.0,3,75109,M,,,75
201400053181,14,3,6,1345,1,2,5,1.0,6,75109,M,,,75
201400053182,14,3,6,1430,1,2,3,1.0,2,75109,M,,,75
201400053183,14,3,13,1250,1,2,7,1.0,3,75109,M,,,75
201400053184,14,3,19,515,5,2,5,1.0,6,75109,M,,,75
201400053185,14,3,20,1710,1,2,7,1.0,6,75109,M,,,75
201400053186,14,3,21,900,1,2,1,2.0,3,75109,M,,,75
201400053187,14,3,22,215,5,2,7,1.0,6,75109,M,,,75
201400053188,14,3,23,155,5,2,5,1.0,6,75109,M,,,75
201400053189,14,3,28,1330,1,2,2,1.0,3,75109,M,,,75
201400053190,14,3,28,2010,5,2,1,1.0,2,75109,M,,,75
201400053191,14,4,3,1520,1,2,1,1.0,3,75109,M,,,75
201400053192,14,4,4,920,1,2,1,1.0,6,75109,M,,,75
201400053193,14,4,4,1325,1,2,1,1.0,6,75109,M,,,75
201400053194,14,4,6,1615,1,2,3,1.0,2,75109,M,,,75
201400053195,14,4,8,1300,1,2,2,1.0,6,75109,M,,,75
201400053196,14,4,8,2102,5,2,1,1.0,6,75109,M,,,75
201400053197,14,4,11,905,1,2,2,1.0,3,75109,M,,,75
201400053198,14,4,15,935,1,2,1,1.0,2,75109,M,,,75
201400053199,14,4,18,2210,5,2,2,1.0,3,75109,M,,,75
201400053200,14,4,20,250,5,2,3,1.0,6,75109,M,,,75
201400053201,14,4,21,1940,1,2,2,2.0,3,75109,M,,,75
201400053202,14,4,24,1920,1,2,2,1.0,3,75109,M,,,75
201400053203,14,4,27,220,5,2,1,1.0,6,75109,M,,,75
201400053204,14,4,28,1022,1,2,1,2.0,2,75109,M,,,75
201400053205,14,4,28,1500,1,2,2,2.0,6,75109,M,,,75
201400053206,14,5,2,1245,1,2,2,1.0,3,75109,M,,,75
201400053207,14,5,5,1300,1,2,2,1.0,7,75109,M,,,75
201400053208,14,5,7,1715,1,2,4,1.0,3,75109,M,,,75
201400053209,14,5,7,1820,1,2,1,1.0,3,75109,M,,,75
201400053210,14,5,8,25,5,2,7,1.0,6,75109,M,,,75
201400053211,14,5,11,1950,1,2,5,1.0,3,75109,M,,,75
201400053212,14,5,13,750,1,2,3,1.0,3,75109,M,,,75
201400053213,14,5,13,840,1,2,5,1.0,3,75109,M,,,75
201400053214,14,5,14,123,5,2,1,1.0,6,75109,M,,,75
201400053215,14,5,13,1330,1,2,1,1.0,6,75109,M,,,75
201400053216,14,5,16,1420,1,2,1,1.0,6,75109,M,,,75
201400053217,14,5,23,343,5,2,2,1.0,2,75109,M,,,75
201400053218,14,5,24,1145,1,2,5,8.0,2,75109,M,,,75
201400053219,14,5,24,1400,1,2,5,2.0,2,75109,M,,,75
201400053220,14,5,25,210,4,2,5,1.0,6,75109,M,,,75
201400053221,14,5,31,430,5,2,2,1.0,2,75109,M,,,75
201400053222,14,6,5,1252,1,2,3,1.0,6,75109,M,,,75
201400053223,14,6,12,1750,1,2,2,1.0,2,75109,M,,,75
201400053224,14,6,16,1600,1,2,5,1.0,6,75109,M,,,75
201400053225,14,6,16,1820,1,2,3,1.0,6,75109,M,,,75
201400053226,14,6,18,1235,1,2,3,1.0,7,75109,M,,,75
201400053227,14,6,21,400,5,2,1,1.0,6,75109,M,,,75
201400053228,14,6,21,1215,1,2,1,1.0,6,75109,M,,,75
201400053229,14,6,23,1900,1,2,1,1.0,6,75109,M,,,75
201400053230,14,6,25,1513,1,2,2,7.0,6,75109,M,,,75
201400053231,14,7,2,300,5,2,1,1.0,6,75109,M,,,75
201400053232,14,7,2,1504,1,2,5,1.0,6,75109,M,,,75
201400053233,14,7,8,1810,1,2,1,1.0,3,75109,M,,,75
201400053234,14,7,8,2045,1,2,2,2.0,3,75109,M,,,75
201400053235,14,7,9,1605,1,2,5,2.0,4,75109,M,,,75
201400053236,14,7,11,1630,1,2,2,8.0,7,75109,M,,,75
201400053237,14,7,14,1654,1,2,1,1.0,6,75109,M,,,75
201400053238,14,7,14,2030,1,2,5,1.0,6,75109,M,,,75
201400053239,14,7,29,1210,1,2,3,1.0,3,75109,M,,,75
201400053240,14,7,30,1900,1,2,5,1.0,7,75109,M,,,75
201400053241,14,8,5,1745,1,2,3,1.0,2,75109,M,,,75
201400053242,14,8,10,352,5,2,1,2.0,6,75109,M,,,75
201400053243,14,8,12,1405,1,2,2,1.0,6,75109,M,,,75
201400053244,14,8,16,1500,1,2,2,1.0,3,75109,M,,,75
201400053245,14,8,22,1820,1,2,5,8.0,7,75109,M,,,75
201400053246,14,8,25,915,1,2,2,2.0,1,75109,M,,,75
201400053247,14,8,26,1040,1,2,7,8.0,6,75109,M,,,75
201400053248,14,8,30,1630,1,2,7,1.0,3,75109,M,,,75
201400053249,14,9,7,2235,5,2,2,1.0,1,75109,M,,,75
201400053250,14,9,8,1350,1,2,2,1.0,6,75109,M,,,75
201400053251,14,9,12,543,5,2,3,1.0,6,75109,M,,,75
201400053252,14,9,16,1350,1,2,1,1.0,6,75109,M,,,75
201400053253,14,9,20,1200,1,2,1,1.0,2,75109,M,,,75
201400053254,14,9,21,1350,1,2,5,2.0,6,75109,M,,,75
201400053255,14,9,23,1215,1,2,2,1.0,6,75109,M,,,75
201400053256,14,9,23,2250,5,2,1,1.0,2,75109,M,,,75
201400053257,14,9,29,1245,1,2,5,1.0,6,75109,M,,,75
201400053258,14,9,29,1730,1,2,7,8.0,6,75109,M,,,75
201400053259,14,9,29,1915,1,2,1,1.0,6,75109,M,,,75
201400053260,14,9,30,1000,1,2,2,1.0,2,75109,M,,,75
201400053261,14,9,29,2100,5,2,5,2.0,3,75109,M,,,75
201400053262,14,10,1,1145,1,2,3,1.0,3,75109,M,,,75
201400053263,14,10,1,1735,1,2,1,1.0,3,75109,M,,,75
201400053264,14,10,3,935,1,2,1,1.0,6,75109,M,,,75
201400053265,14,10,3,2015,5,2,2,1.0,3,75109,M,,,75
201400053266,14,10,7,1155,1,2,1,8.0,2,75109,M,,,75
201400053267,14,10,7,1240,1,2,7,1.0,2,75109,M,,,75
201400053268,14,10,7,1600,1,2,2,8.0,6,75109,M,,,75
201400053269,14,10,8,2000,3,2,3,3.0,6,75109,M,,,75
201400053270,14,10,13,1535,1,2,3,1.0,3,75109,M,,,75
201400053271,14,10,19,1145,1,2,7,1.0,6,75109,M,,,75
201400053272,14,10,20,900,1,2,2,1.0,6,75109,M,,,75
201400053273,14,10,24,1437,1,2,3,1.0,3,75109,M,,,75
201400053274,14,10,26,113,5,2,2,1.0,6,75109,M,,,75
201400053275,14,10,23,520,5,2,2,1.0,3,75109,M,,,75
201400053276,14,10,27,955,1,2,2,1.0,3,75109,M,,,75
201400053277,14,10,30,1000,1,2,3,1.0,7,75109,M,,,75
201400053278,14,10,30,2040,5,2,1,1.0,3,75109,M,,,75
201400053279,14,10,31,1505,1,2,2,1.0,3,75109,M,,,75
201400053280,14,11,3,1530,1,2,1,2.0,3,75109,M,,,75
201400053281,14,11,6,830,1,2,1,1.0,3,75109,M,,,75
201400053282,14,11,6,1000,1,2,1,1.0,6,75109,M,,,75
201400053283,14,11,11,645,5,2,5,1.0,7,75103,M,,,75
201400053284,14,11,13,1735,5,2,7,1.0,1,75109,M,,,75
201400053285,14,11,2,45,5,2,7,1.0,2,75109,M,,,75
201400053286,14,11,15,2305,3,2,7,1.0,6,75109,M,,,75
201400053287,14,11,21,705,5,2,2,1.0,3,75109,M,,,75
201400053288,14,11,22,1155,1,2,2,1.0,3,75109,M,,,75
201400053289,14,11,23,1950,5,2,2,1.0,3,75109,M,,,75
201400053290,14,11,24,1520,1,2,7,1.0,6,75109,M,,,75
201400053291,14,11,25,1645,2,2,1,1.0,6,75109,M,,,75
201400053292,14,11,25,2315,5,2,3,2.0,6,75109,M,,,75
201400053293,14,11,26,355,5,2,2,2.0,7,75109,M,,,75
201400053294,14,11,28,2140,5,2,2,1.0,2,75109,M,,,75
201400053295,14,11,29,1445,1,2,3,1.0,6,75109,M,,,75
201400053296,14,12,2,1205,1,2,2,8.0,7,75109,M,,,75
201400053297,14,12,3,2010,5,2,3,1.0,6,75109,M,,,75
201400053298,14,12,5,2145,5,2,3,1.0,2,75109,M,,,75
201400053299,14,12,7,2010,5,2,7,2.0,6,75109,M,,,75
201400053300,14,12,16,1215,1,2,2,1.0,6,75109,M,,,75
201400053301,14,12,15,910,1,2,1,2.0,6,75109,M,,,75
201400053302,14,12,18,2020,5,2,3,1.0,3,75109,M,,,75
201400053303,14,12,20,1630,1,2,5,1.0,2,75109,M,,,75
201400053304,14,12,20,2030,5,2,5,2.0,6,75109,M,,,75
201400053305,14,12,21,630,5,2,2,1.0,7,75109,M,,,75
201400053306,14,12,22,1255,1,2,1,1.0,6,75109,M,,,75
201400053307,14,12,24,2130,5,2,2,1.0,4,75109,M,,,75
201400053308,14,12,28,805,5,2,1,1.0,2,75109,M,,,75
201400053309,14,12,29,2330,5,2,7,1.0,6,75109,M,,,75
201400053310,14,1,5,1420,1,2,1,1.0,3,75110,M,,,75
201400053311,14,1,7,830,1,2,1,1.0,1,75110,M,,,75
201400053312,14,1,7,2050,5,2,2,1.0,6,75110,M,,,75
201400053313,14,1,9,1740,2,2,2,2.0,3,75110,M,,,75
201400053314,14,1,11,2330,5,2,1,1.0,6,75110,M,,,75
201400053315,14,1,14,340,5,2,2,3.0,2,75110,M,,,75
201400053316,14,1,15,1345,1,2,5,2.0,6,75110,M,,,75
201400053317,14,1,15,1900,5,2,2,2.0,2,75110,M,,,75
201400053318,14,1,15,2000,5,2,1,3.0,7,75110,M,,,75
201400053319,14,1,16,15,5,1,5,2.0,3,75110,M,,,75
201400053320,14,1,16,848,1,2,2,3.0,3,75110,M,,,75
201400053321,14,1,17,1140,1,2,2,1.0,6,75110,M,,,75
201400053322,14,1,17,1210,1,2,2,2.0,6,75110,M,,,75
201400053323,14,1,20,1315,1,2,5,2.0,6,75110,M,,,75
201400053324,14,1,23,1946,5,2,1,2.0,2,75110,M,,,75
201400053325,14,1,26,153,5,2,5,1.0,6,75110,M,,,75
201400053326,14,1,26,2000,5,2,1,2.0,6,75110,M,,,75
201400053327,14,1,28,1500,1,2,2,1.0,2,75110,M,,,75
201400053328,14,1,31,1330,1,2,1,1.0,2,75110,M,,,75
201400053329,14,2,1,45,5,2,1,2.0,6,75110,M,,,75
201400053330,14,2,1,1715,1,2,2,1.0,6,75110,M,,,75
201400053331,14,2,4,745,1,2,5,1.0,3,75110,M,,,75
201400053332,14,2,6,2220,5,2,2,6.0,3,75110,M,,,75
201400053333,14,2,8,1950,5,2,1,2.0,7,75110,M,,,75
201400053334,14,2,10,1815,2,2,5,1.0,6,75110,M,,,75
201400053335,14,2,13,1950,5,2,2,8.0,6,75110,M,,,75
201400053336,14,2,14,1055,1,2,1,1.0,2,75110,M,,,75
201400053337,14,2,14,2045,5,2,4,1.0,6,75110,M,,,75
201400053338,14,2,14,2340,5,2,7,1.0,2,75110,M,,,75
201400053339,14,2,15,1550,1,2,1,1.0,3,75110,M,,,75
201400053340,14,2,16,1015,1,2,5,7.0,6,75110,M,,,75
201400053341,14,2,17,115,5,2,1,1.0,6,75110,M,,,75
201400053342,14,2,18,1530,1,2,7,1.0,6,75110,M,,,75
201400053343,14,2,20,1010,1,2,3,2.0,6,75110,M,,,75
201400053344,14,2,22,1415,1,2,5,1.0,2,75110,M,,,75
201400053345,14,2,26,900,1,2,2,8.0,3,75110,M,,,75
201400053346,14,2,26,905,1,2,4,1.0,6,75110,M,,,75
201400053347,14,2,27,1615,5,2,1,8.0,3,75110,M,,,75
201400053348,14,3,3,1715,1,2,7,2.0,6,75110,M,,,75
201400053349,14,3,4,2030,5,2,4,1.0,6,75110,M,,,75
201400053350,14,3,7,920,1,2,5,1.0,3,75110,M,,,75
201400053351,14,3,7,1310,1,2,1,1.0,6,75110,M,,,75
201400053352,14,3,11,910,1,2,2,1.0,2,75110,M,,,75
201400053353,14,3,12,1810,1,2,5,1.0,6,75110,M,,,75
201400053354,14,3,13,1915,5,2,1,1.0,6,75110,M,,,75
201400053355,14,3,15,2120,4,2,1,1.0,3,75110,M,,,75
201400053356,14,3,17,1850,5,2,1,1.0,3,75110,M,,,75
201400053357,14,3,19,1230,1,2,1,1.0,6,75110,M,,,75
201400053358,14,3,20,1920,5,2,5,1.0,6,75110,M,,,75
201400053359,14,3,21,1045,1,2,1,2.0,2,75110,M,,,75
201400053360,14,3,24,1230,1,2,1,1.0,6,75110,M,,,75
201400053361,14,3,24,2055,5,2,2,1.0,3,75110,M,,,75
201400053362,14,3,25,1325,1,2,2,2.0,7,75110,M,,,75
201400053363,14,3,26,1130,1,2,1,1.0,2,75110,M,,,75
201400053364,14,3,29,230,5,2,1,1.0,6,75110,M,,,75
201400053365,14,3,31,950,1,2,2,1.0,7,75110,M,,,75
201400053366,14,4,3,825,1,2,2,1.0,6,75110,M,,,75
201400053367,14,4,6,430,5,2,3,1.0,6,75110,M,,,75
201400053368,14,4,6,800,1,2,1,1.0,6,75110,M,,,75
201400053369,14,4,6,2325,5,2,2,1.0,3,75110,M,,,75
201400053370,14,4,6,2130,5,2,1,1.0,6,75110,M,,,75
201400053371,14,4,8,900,1,2,1,1.0,6,75110,M,,,75
201400053372,14,4,8,2115,5,2,1,1.0,2,75110,M,,,75
201400053373,14,4,11,920,1,2,1,1.0,7,75110,M,,,75
201400053374,14,4,14,1530,1,2,4,1.0,1,75110,M,,,75
201400053375,14,4,14,1645,1,2,4,1.0,6,75110,M,,,75
201400053376,14,4,15,1000,2,2,1,1.0,2,75110,M,,,75
201400053377,14,4,22,830,1,2,6,1.0,3,75110,M,,,75
201400053378,14,4,22,1715,1,2,3,2.0,2,75110,M,,,75
201400053379,14,4,22,2010,1,2,1,1.0,7,75110,M,,,75
201400053380,14,4,29,1000,1,2,2,1.0,2,75110,M,,,75
201400053381,14,4,29,1645,1,2,1,2.0,6,75110,M,,,75
201400053382,14,4,29,1830,1,2,3,2.0,6,75110,M,,,75
201400053383,14,4,30,2230,5,2,2,2.0,6,75110,M,,,75
201400053384,14,5,2,1410,1,2,5,2.0,1,75110,M,,,75
201400053385,14,5,2,1640,1,2,1,1.0,6,75110,M,,,75
201400053386,14,5,7,1910,1,2,2,1.0,3,75110,M,,,75
201400053387,14,5,8,1300,1,2,2,1.0,5,75110,M,,,75
201400053388,14,5,8,1750,1,2,7,2.0,6,75110,M,,,75
201400053389,14,5,9,1005,1,2,3,1.0,6,75110,M,,,75
201400053390,14,5,11,1425,1,2,5,2.0,3,75110,M,,,75
201400053391,14,5,15,2245,5,2,2,1.0,3,75110,M,,,75
201400053392,14,5,16,1430,1,2,3,1.0,6,75110,M,,,75
201400053393,14,5,18,215,5,2,2,1.0,3,75110,M,,,75
201400053394,14,5,20,930,1,2,5,1.0,6,75110,M,,,75
201400053395,14,5,20,1840,1,2,1,2.0,6,75110,M,,,75
201400053396,14,5,21,740,1,2,2,2.0,3,75110,M,,,75
201400053397,14,5,21,1830,1,2,3,3.0,6,75110,M,,,75
201400053398,14,5,26,1735,1,2,2,2.0,6,75110,M,,,75
201400053399,14,5,27,1310,1,2,2,1.0,1,75110,M,,,75
201400053400,14,5,28,2230,5,2,3,2.0,6,75110,M,,,75
201400053401,14,5,28,2244,5,2,5,1.0,1,75110,M,,,75
201400053402,14,5,29,1130,1,2,1,1.0,6,75110,M,,,75
201400053403,14,5,29,1740,1,2,3,1.0,6,75110,M,,,75
201400053404,14,5,31,1700,1,2,5,1.0,6,75110,M,,,75
201400053405,14,6,4,1750,1,2,3,1.0,3,75110,M,,,75
201400053406,14,6,6,1920,1,2,1,1.0,3,75110,M,,,75
201400053407,14,6,8,425,5,2,4,2.0,6,75110,M,,,75
201400053408,14,6,8,450,5,2,2,2.0,3,75110,M,,,75
201400053409,14,6,9,1650,1,2,2,8.0,3,75110,M,,,75
201400053410,14,6,10,1750,1,2,1,8.0,3,75110,M,,,75
201400053411,14,6,12,1540,1,2,2,1.0,6,75110,M,,,75
201400053412,14,6,13,1250,1,2,2,1.0,2,75110,M,,,75
201400053413,14,6,13,2315,5,2,1,1.0,6,75110,M,,,75
201400053414,14,6,14,10,5,2,1,1.0,6,75110,M,,,75
201400053415,14,6,14,615,1,2,2,2.0,2,75110,M,,,75
201400053416,14,6,15,1700,1,2,1,1.0,2,75110,M,,,75
201400053417,14,6,15,1830,1,2,1,1.0,2,75110,M,,,75
201400053418,14,6,16,1735,1,2,1,1.0,6,75111,M,,,75
201400053419,14,6,17,930,1,2,1,1.0,3,75110,M,,,75
201400053420,14,6,21,2335,5,2,2,1.0,3,75110,M,,,75
201400053421,14,6,24,1615,1,2,1,1.0,6,75110,M,,,75
201400053422,14,6,25,820,1,2,1,1.0,6,75110,M,,,75
201400053423,14,6,26,1550,1,2,1,7.0,1,75110,M,,,75
201400053424,14,6,27,30,5,2,3,1.0,2,75110,M,,,75
201400053425,14,6,28,2230,5,2,1,2.0,6,75110,M,,,75
201400053426,14,6,29,220,5,2,1,2.0,6,75110,M,,,75
201400053427,14,6,29,530,2,2,1,2.0,1,75110,M,,,75
201400053428,14,7,4,1700,1,2,3,1.0,6,75110,M,,,75
201400053429,14,7,8,1345,1,2,2,1.0,2,75110,M,,,75
201400053430,14,7,9,2330,5,2,4,2.0,3,75110,M,,,75
201400053431,14,7,12,915,1,2,2,8.0,3,75110,M,,,75
201400053432,14,7,12,930,1,2,3,1.0,3,75110,M,,,75
201400053433,14,7,13,1130,1,2,7,2.0,6,75110,M,,,75
201400053434,14,7,15,1030,1,2,1,1.0,3,75110,M,,,75
201400053435,14,7,16,1500,1,2,1,1.0,3,75110,M,,,75
201400053436,14,7,16,1810,1,2,2,1.0,7,75110,M,,,75
201400053437,14,7,17,850,1,2,2,1.0,3,75110,M,,,75
201400053438,14,7,18,920,1,2,2,1.0,3,75110,M,,,75
201400053439,14,7,19,1755,1,2,2,1.0,3,75110,M,,,75
201400053440,14,7,21,700,1,2,1,8.0,6,75110,M,,,75
201400053441,14,7,22,1000,1,2,3,1.0,1,75110,M,,,75
201400053442,14,7,22,1610,1,2,2,1.0,6,75110,M,,,75
201400053443,14,7,23,1710,1,2,1,1.0,6,75110,M,,,75
201400053444,14,7,24,2230,5,2,5,1.0,3,75110,M,,,75
201400053445,14,7,25,925,1,2,5,1.0,6,75110,M,,,75
201400053446,14,7,27,236,5,2,2,1.0,6,75110,M,,,75
201400053447,14,7,28,215,5,2,1,3.0,6,75110,M,,,75
201400053448,14,7,28,2105,1,2,2,1.0,3,75110,M,,,75
201400053449,14,7,29,1015,1,2,2,1.0,3,75110,M,,,75
201400053450,14,7,30,2255,5,2,2,1.0,6,75110,M,,,75
201400053451,14,8,1,900,1,2,1,1.0,4,75110,M,,,75
201400053452,14,8,2,1540,1,2,1,1.0,6,75110,M,,,75
201400053453,14,8,6,108,1,2,1,1.0,6,75110,M,,,75
201400053454,14,8,8,2330,5,2,1,2.0,6,75110,M,,,75
201400053455,14,8,13,110,5,2,2,1.0,3,75110,M,,,75
201400053456,14,8,15,1330,1,2,1,1.0,6,75110,M,,,75
201400053457,14,8,19,1720,1,2,2,1.0,3,75110,M,,,75
201400053458,14,8,19,1800,1,2,2,8.0,3,75110,M,,,75
201400053459,14,8,24,135,5,2,1,1.0,6,75110,M,,,75
201400053460,14,8,26,845,1,2,2,8.0,3,75110,M,,,75
201400053461,14,8,30,615,5,2,2,1.0,6,75110,M,,,75
201400053462,14,8,31,758,1,2,2,1.0,3,75110,M,,,75
201400053463,14,9,1,1335,1,2,1,1.0,2,75110,M,,,75
201400053464,14,9,1,1945,1,2,3,1.0,6,75110,M,,,75
201400053465,14,9,3,2040,5,2,2,1.0,6,75110,M,,,75
201400053466,14,9,6,625,2,2,1,1.0,6,75110,M,,,75
201400053467,14,9,6,2320,5,2,7,1.0,3,75110,M,,,75
201400053468,14,9,11,1100,1,2,2,1.0,6,75110,M,,,75
201400053469,14,9,11,1630,1,2,1,1.0,7,75110,M,,,75
201400053470,14,9,12,1510,1,2,2,1.0,6,75110,M,,,75
201400053471,14,9,13,1430,1,2,3,1.0,4,75110,M,,,75
201400053472,14,9,13,2040,2,2,1,1.0,2,75110,M,,,75
201400053473,14,9,15,1510,1,2,1,1.0,6,75110,M,,,75
201400053474,14,9,15,1710,1,2,1,1.0,6,75110,M,,,75
201400053475,14,9,16,900,1,2,2,1.0,3,75110,M,,,75
201400053476,14,9,16,1200,1,2,1,1.0,6,75110,M,,,75
201400053477,14,9,19,905,1,2,1,1.0,7,75110,M,,,75
201400053478,14,9,19,1210,1,2,3,1.0,3,75110,M,,,75
201400053479,14,9,20,1435,1,2,2,1.0,6,75110,M,,,75
201400053480,14,9,20,2210,5,2,2,1.0,6,75110,M,,,75
201400053481,14,9,22,925,1,2,2,1.0,3,75110,M,,,75
201400053482,14,9,25,905,1,2,2,1.0,1,75110,M,,,75
201400053483,14,9,25,1715,1,2,2,1.0,6,75110,M,,,75
201400053484,14,9,26,1,5,2,1,1.0,6,75110,M,,,75
201400053485,14,9,26,1915,2,2,2,1.0,6,75110,M,,,75
201400053486,14,10,4,125,5,2,1,1.0,6,75110,M,,,75
201400053487,14,10,6,1205,1,2,2,1.0,6,75110,M,,,75
201400053488,14,10,6,1850,5,2,1,3.0,6,75110,M,,,75
201400053489,14,10,6,2130,5,2,2,2.0,6,75110,M,,,75
201400053490,14,10,7,1900,2,2,3,1.0,6,75110,M,,,75
201400053491,14,10,9,1055,1,2,2,1.0,1,75110,M,,,75
201400053492,14,10,9,1835,2,2,2,1.0,6,75110,M,,,75
201400053493,14,10,9,1900,5,2,1,2.0,2,75110,M,,,75
201400053494,14,10,12,15,5,2,1,1.0,2,75110,M,,,75
201400053495,14,10,12,1545,1,2,3,2.0,2,75110,M,,,75
201400053496,14,10,14,550,5,2,2,1.0,3,75110,M,,,75
201400053497,14,10,14,855,1,2,4,1.0,2,75110,M,,,75
201400053498,14,10,15,753,2,2,1,1.0,6,75110,M,,,75
201400053499,14,10,15,1100,1,2,5,2.0,6,75110,M,,,75
201400053500,14,10,15,2015,3,2,1,1.0,3,75110,M,,,75
201400053501,14,10,16,1910,5,2,1,2.0,5,75110,M,,,75
201400053502,14,10,17,1000,1,2,2,1.0,3,75110,M,,,75
201400053503,14,10,20,1800,2,2,1,2.0,7,75110,M,,,75
201400053504,14,10,24,1205,1,2,2,1.0,3,75110,M,,,75
201400053505,14,10,24,2010,5,2,3,8.0,6,75110,M,,,75
201400053506,14,10,26,2000,5,2,2,1.0,2,75110,M,,,75
201400053507,14,10,29,1700,2,2,2,1.0,3,75110,M,,,75
201400053508,14,10,30,825,1,2,2,1.0,3,75110,M,,,75
201400053509,14,10,30,1515,1,2,7,1.0,6,75110,M,,,75
201400053510,14,10,30,1610,1,2,1,1.0,6,75110,M,,,75
201400053511,14,10,31,1600,1,2,2,1.0,6,75110,M,,,75
201400053512,14,11,1,1350,1,2,1,1.0,2,75110,M,,,75
201400053513,14,11,1,1745,5,2,1,1.0,6,75110,M,,,75
201400053514,14,11,1,1840,5,2,7,1.0,6,75110,M,,,75
201400053515,14,11,3,510,5,2,1,1.0,2,75110,M,,,75
201400053516,14,11,3,1445,1,2,1,2.0,2,75110,M,,,75
201400053517,14,11,3,1945,5,2,1,2.0,3,75110,M,,,75
201400053518,14,11,5,1825,5,2,1,1.0,3,75110,M,,,75
201400053519,14,11,5,2030,5,2,1,1.0,6,75110,M,,,75
201400053520,14,11,6,1230,1,2,4,1.0,3,75110,M,,,75
201400053521,14,11,6,1205,1,2,1,1.0,6,75110,M,,,75
201400053522,14,11,10,1540,1,2,1,1.0,6,75110,M,,,75
201400053523,14,11,11,1630,1,2,1,1.0,6,75110,M,,,75
201400053524,14,11,12,1305,1,2,5,1.0,6,75110,M,,,75
201400053525,14,11,14,2350,5,2,2,1.0,3,75110,M,,,75
201400053526,14,11,16,2000,5,2,1,2.0,6,75110,M,,,75
201400053527,14,11,16,2300,5,2,3,8.0,6,75110,M,,,75