Num_Acc,an,mois,jour,hrmn,lum,agg,int,atm,col,com,gps,lat,long,dep
201400053528,14,11,19,845,1,2,3,1.0,6,75110,M,,,75
201400053529,14,11,19,1600,1,2,1,1.0,6,75110,M,,,75
201400053530,14,11,19,2350,5,2,2,1.0,2,75110,M,,,75
201400053531,14,11,20,850,1,2,3,1.0,2,75110,M,,,75
201400053532,14,11,20,2015,5,2,2,1.0,3,75110,M,,,75
201400053533,14,11,24,1030,1,2,2,2.0,2,75110,M,,,75
201400053534,14,11,24,1915,5,2,1,1.0,6,75110,M,,,75
201400053535,14,11,26,1050,1,2,3,1.0,6,75110,M,,,75
201400053536,14,11,26,1710,5,2,5,2.0,7,75110,M,,,75
201400053537,14,11,28,1515,1,2,1,1.0,6,75110,M,,,75
201400053538,14,11,28,1805,5,2,1,1.0,7,75110,M,,,75
201400053539,14,11,29,530,5,2,1,1.0,6,75110,M,,,75
201400053540,14,11,30,1540,1,2,3,1.0,6,75110,M,,,75
201400053541,14,12,1,1000,1,2,1,1.0,2,75110,M,,,75
201400053542,14,12,2,1720,2,2,5,2.0,6,75110,M,,,75
201400053543,14,12,3,1930,5,2,2,1.0,7,75110,M,,,75
201400053544,14,12,4,2030,5,2,1,1.0,2,75110,M,,,75
201400053545,14,12,5,1330,1,2,3,1.0,3,75110,M,,,75
201400053546,14,12,4,2140,5,2,2,1.0,6,75110,M,,,75
201400053547,14,12,7,930,1,2,2,1.0,3,75110,M,,,75
201400053548,14,12,7,1715,5,2,3,2.0,6,75110,M,,,75
201400053549,14,12,7,1905,1,2,4,1.0,6,75110,M,,,75
201400053550,14,12,12,740,5,2,2,2.0,6,75110,M,,,75
201400053551,14,12,13,105,5,2,5,3.0,6,75110,M,,,75
201400053552,14,12,13,233,5,2,4,2.0,6,75110,M,,,75
201400053553,14,12,15,1420,1,2,1,1.0,2,75110,M,,,75
201400053554,14,12,16,30,5,2,1,1.0,2,75110,M,,,75
201400053555,14,12,16,920,1,2,1,2.0,6,75110,M,,,75
201400053556,14,12,24,2245,5,2,2,1.0,6,75110,M,,,75
201400053557,14,12,27,1400,1,2,1,1.0,2,75110,M,,,75
201400053558,14,12,27,1750,5,2,1,1.0,3,75110,M,,,75
201400053559,14,12,29,1725,5,2,1,1.0,2,75110,M,,,75
201400053560,14,1,4,2037,5,2,2,1.0,3,75111,M,,,75
201400053561,14,1,6,1145,1,2,1,1.0,6,75111,M,,,75
201400053562,14,1,7,1250,1,2,1,1.0,6,75111,M,,,75
201400053563,14,1,7,1820,5,2,7,1.0,3,75111,M,,,75
201400053564,14,1,8,1340,1,2,2,1.0,3,75111,M,,,75
201400053565,14,1,10,1650,1,2,3,1.0,6,75111,M,,,75
201400053566,14,1,10,1800,5,2,4,1.0,6,75111,M,,,75
201400053567,14,1,11,705,2,2,1,2.0,1,75111,M,,,75
201400053568,14,1,11,1610,1,2,1,1.0,1,75111,M,,,75
201400053569,14,1,13,1545,1,2,2,1.0,2,75111,M,,,75
201400053570,14,1,14,950,1,2,2,2.0,1,75111,M,,,75
201400053571,14,1,15,1535,1,2,3,2.0,7,75111,M,,,75
201400053572,14,1,16,830,2,2,1,2.0,3,75111,M,,,75
201400053573,14,1,16,1630,1,2,5,2.0,3,75111,M,,,75
201400053574,14,1,17,950,1,2,3,1.0,3,75111,M,,,75
201400053575,14,1,17,1425,1,2,2,1.0,6,75111,M,,,75
201400053576,14,1,17,1750,5,2,2,1.0,3,75111,M,,,75
201400053577,14,1,17,1845,5,2,1,1.0,2,75111,M,,,75
201400053578,14,1,21,1425,1,2,3,1.0,6,75110,M,,,75
201400053579,14,1,22,2020,5,2,1,2.0,3,75111,M,,,75
201400053580,14,1,22,2215,5,2,5,2.0,6,75111,M,,,75
201400053581,14,1,22,2320,5,2,3,2.0,2,75111,M,,,75
201400053582,14,1,23,1425,1,2,2,2.0,6,75111,M,,,75
201400053583,14,1,24,1325,1,2,1,1.0,2,75111,M,,,75
201400053584,14,1,24,2020,5,2,2,1.0,3,75120,M,,,75
201400053585,14,1,24,2125,5,2,5,8.0,3,75111,M,,,75
201400053586,14,1,26,1830,3,2,7,2.0,3,75111,M,,,75
201400053587,14,1,26,1920,5,2,1,2.0,6,75111,M,,,75
201400053588,14,1,27,1800,5,2,5,1.0,1,75111,M,,,75
201400053589,14,1,28,1925,3,2,5,2.0,1,75111,M,,,75
201400053590,14,1,29,1545,1,2,2,2.0,6,75111,M,,,75
201400053591,14,2,1,1430,1,2,4,1.0,3,75111,M,,,75
201400053592,14,2,3,2040,5,2,1,1.0,3,75111,M,,,75
201400053593,14,2,4,115,5,2,1,1.0,2,75111,M,,,75
201400053594,14,2,5,2135,5,2,2,1.0,6,75112,M,,,75
201400053595,14,2,6,1330,1,2,1,3.0,7,75111,M,,,75
201400053596,14,2,6,1830,5,2,1,8.0,6,75111,M,,,75
201400053597,14,2,8,2332,5,2,7,1.0,6,75111,M,,,75
201400053598,14,2,7,2317,5,2,1,1.0,3,75111,M,,,75
201400053599,14,2,10,1745,1,2,2,1.0,1,75111,M,,,75
201400053600,14,2,11,915,1,2,1,1.0,2,75111,M,,,75
201400053601,14,2,12,1120,1,2,3,1.0,6,75111,M,,,75
201400053602,14,2,12,1420,1,2,3,1.0,2,75111,M,,,75
201400053603,14,2,12,2345,5,2,2,2.0,3,75111,M,,,75
201400053604,14,2,13,940,1,2,7,2.0,3,75103,M,,,75
201400053605,14,2,14,1820,5,2,2,1.0,6,75111,M,,,75
201400053606,14,2,14,2210,5,2,1,1.0,2,75111,M,,,75
201400053607,14,2,19,1300,1,2,1,1.0,6,75111,M,,,75
201400053608,14,2,19,2215,5,2,2,1.0,2,75111,M,,,75
201400053609,14,2,22,935,1,2,3,2.0,3,75111,M,,,75
201400053610,14,2,22,1015,1,2,3,2.0,2,75111,M,,,75
201400053611,14,2,22,1830,5,2,2,1.0,3,75111,M,,,75
201400053612,14,2,22,2255,5,2,2,1.0,3,75111,M,,,75
201400053613,14,2,24,1605,1,2,2,1.0,3,75111,M,,,75
201400053614,14,2,24,2243,5,2,2,1.0,6,75111,M,,,75
201400053615,14,2,25,1500,1,2,3,2.0,6,75111,M,,,75
201400053616,14,2,28,1420,1,2,1,1.0,2,75111,M,,,75
201400053617,14,2,28,1435,1,2,1,8.0,4,75111,M,,,75
201400053618,14,3,1,1120,1,2,3,2.0,6,75111,M,,,75
201400053619,14,3,2,1130,1,2,2,1.0,6,75111,M,,,75
201400053620,14,3,3,840,1,2,1,1.0,7,75111,M,,,75
201400053621,14,3,3,1040,1,2,1,1.0,6,75111,M,,,75
201400053622,14,3,3,1205,1,2,3,1.0,6,75111,M,,,75
201400053623,14,3,4,2020,5,2,3,1.0,6,75111,M,,,75
201400053624,14,3,6,1100,1,2,2,1.0,6,75111,M,,,75
201400053625,14,3,7,840,1,2,3,1.0,3,75111,M,,,75
201400053626,14,3,7,1510,1,2,1,1.0,6,75111,M,,,75
201400053627,14,3,7,2100,5,2,5,1.0,2,75111,M,,,75
201400053628,14,3,8,1405,1,2,5,1.0,6,75111,M,,,75
201400053629,14,3,8,1955,5,2,1,1.0,3,75111,M,,,75
201400053630,14,3,9,1355,1,2,5,7.0,6,75111,M,,,75
201400053631,14,3,9,1820,1,2,2,1.0,3,75111,M,,,75
201400053632,14,3,11,825,1,2,3,1.0,6,75111,M,,,75
201400053633,14,3,11,1950,5,2,2,1.0,6,75111,M,,,75
201400053634,14,3,14,2010,5,2,2,1.0,6,75111,M,,,75
201400053635,14,3,14,2105,5,2,2,1.0,3,75111,M,,,75
201400053636,14,3,16,1250,2,2,3,1.0,3,75111,M,,,75
201400053637,14,3,19,900,1,2,2,8.0,3,75111,M,,,75
201400053638,14,3,20,1520,1,2,3,1.0,6,75111,M,,,75
201400053639,14,3,21,940,1,2,1,2.0,7,75111,M,,,75
201400053640,14,3,22,2115,5,2,1,1.0,6,75111,M,,,75
201400053641,14,3,23,456,5,2,1,1.0,7,75111,M,,,75
201400053642,14,3,24,1455,1,2,5,1.0,6,75111,M,,,75
201400053643,14,3,27,820,1,2,2,1.0,3,75111,M,,,75
201400053644,14,3,27,1550,1,2,4,1.0,7,75111,M,,,75
201400053645,14,3,28,900,1,2,1,1.0,6,75111,M,,,75
201400053646,14,3,30,1947,2,2,2,1.0,6,75111,M,,,75
201400053647,14,3,31,1735,1,2,2,1.0,7,75111,M,,,75
201400053648,14,4,2,105,5,2,1,1.0,6,75111,M,,,75
201400053649,14,4,4,2040,5,2,1,2.0,6,75111,M,,,75
201400053650,14,4,5,1620,1,2,2,1.0,6,75111,M,,,75
201400053651,14,4,5,1745,1,2,3,1.0,3,75111,M,,,75
201400053652,14,4,6,1510,1,2,7,1.0,2,75111,M,,,75
201400053653,14,4,7,750,1,2,2,1.0,7,75111,M,,,75
201400053654,14,4,7,900,1,2,2,1.0,7,75111,M,,,75
201400053655,14,4,7,1210,1,2,2,1.0,2,75111,M,,,75
201400053656,14,4,10,2220,5,2,2,1.0,6,75111,M,,,75
201400053657,14,4,11,900,1,2,1,1.0,6,75111,M,,,75
201400053658,14,4,11,1941,1,2,3,1.0,6,75111,M,,,75
201400053659,14,4,13,1900,1,2,3,1.0,6,75111,M,,,75
201400053660,14,4,13,1930,1,2,1,1.0,6,75111,M,,,75
201400053661,14,4,12,1015,1,2,1,1.0,2,75111,M,,,75
201400053662,14,4,16,1740,1,2,2,1.0,6,75111,M,,,75
201400053663,14,4,17,1320,1,2,2,1.0,2,75111,M,,,75
201400053664,14,4,17,1550,1,2,5,1.0,6,75111,M,,,75
201400053665,14,4,18,1230,1,2,1,1.0,3,75111,M,,,75
201400053666,14,4,18,2145,5,2,1,1.0,6,75111,M,,,75
201400053667,14,4,19,1215,1,2,2,1.0,3,75111,M,,,75
201400053668,14,4,20,640,2,2,3,1.0,6,75112,M,,,75
201400053669,14,4,22,1655,1,2,1,2.0,6,75111,M,,,75
201400053670,14,4,23,735,1,2,1,1.0,3,75111,M,,,75
201400053671,14,4,23,1810,1,2,3,1.0,6,75111,M,,,75
201400053672,14,4,24,1910,1,2,2,1.0,6,75111,M,,,75
201400053673,14,4,25,1435,1,2,2,8.0,6,75111,M,,,75
201400053674,14,4,26,1430,1,2,1,8.0,2,75111,M,,,75
201400053675,14,4,28,1145,1,2,1,2.0,7,75111,M,,,75
201400053676,14,4,28,1740,1,2,7,1.0,3,75111,M,,,75
201400053677,14,4,29,1130,1,2,6,1.0,2,75111,M,,,75
201400053678,14,4,29,1250,1,2,1,1.0,2,75111,M,,,75
201400053679,14,4,29,1535,1,2,2,2.0,6,75111,M,,,75
201400053680,14,4,29,1720,1,2,2,2.0,7,75111,M,,,75
201400053681,14,4,30,1110,1,2,2,1.0,6,75111,M,,,75
201400053682,14,5,2,1240,1,2,1,8.0,6,75111,M,,,75
201400053683,14,5,2,1510,1,2,1,8.0,6,75111,M,,,75
201400053684,14,5,2,2050,5,2,2,1.0,3,75111,M,,,75
201400053685,14,5,4,1750,1,2,1,1.0,6,75111,M,,,75
201400053686,14,5,4,1730,1,2,5,1.0,2,75111,M,,,75
201400053687,14,5,4,2140,4,2,2,1.0,6,75111,M,,,75
201400053688,14,5,5,840,1,2,4,1.0,7,75111,M,,,75
201400053689,14,5,5,1555,2,2,3,1.0,3,75111,M,,,75
201400053690,14,5,5,1945,1,2,2,1.0,3,75111,M,,,75
201400053691,14,5,5,2140,5,2,5,1.0,3,75111,M,,,75
201400053692,14,5,6,2215,5,2,2,1.0,7,75111,M,,,75
201400053693,14,5,8,1430,1,2,1,2.0,6,75111,M,,,75
201400053694,14,5,9,150,5,2,2,1.0,2,75111,M,,,75
201400053695,14,5,10,1800,1,2,1,8.0,6,75111,M,,,75
201400053696,14,5,10,1945,1,2,7,1.0,6,75111,M,,,75
201400053697,14,5,11,1715,1,2,3,8.0,7,75111,M,,,75
201400053698,14,5,13,920,1,2,1,1.0,2,75111,M,,,75
201400053699,14,5,13,1450,1,2,3,2.0,3,75111,M,,,75
201400053700,14,5,13,1940,1,2,1,1.0,6,75111,M,,,75
201400053701,14,5,14,2353,5,2,7,1.0,6,75111,M,,,75
201400053702,14,5,16,1040,1,2,2,1.0,2,75111,M,,,75
201400053703,14,5,16,1340,1,2,5,1.0,2,75111,M,,,75
201400053704,14,5,17,1210,1,2,2,1.0,6,75111,M,,,75
201400053705,14,5,17,1740,1,2,1,1.0,6,75111,M,,,75
201400053706,14,5,19,1005,1,2,1,1.0,3,75111,M,,,75
201400053707,14,5,20,1230,1,2,5,2.0,6,75111,M,,,75
201400053708,14,5,20,1525,1,2,1,2.0,7,75111,M,,,75
201400053709,14,5,21,2018,2,2,1,3.0,2,75111,M,,,75
201400053710,14,5,21,2200,5,2,7,2.0,2,75111,M,,,75
201400053711,14,5,22,1555,1,2,1,1.0,2,75111,M,,,75
201400053712,14,5,22,2025,1,2,1,1.0,6,75111,M,,,75
201400053713,14,5,23,220,5,2,7,1.0,3,75111,M,,,75
201400053714,14,5,23,1600,1,2,7,1.0,3,75111,M,,,75
201400053715,14,5,24,1840,1,2,3,2.0,6,75111,M,,,75
201400053716,14,5,24,1805,1,2,7,2.0,3,75111,M,,,75
201400053717,14,5,25,2000,1,2,2,1.0,6,75111,M,,,75
201400053718,14,5,26,1500,1,2,3,8.0,3,75111,M,,,75
201400053719,14,5,29,810,1,2,5,1.0,3,75111,M,,,75
201400053720,14,5,30,850,1,2,1,7.0,3,75111,M,,,75
201400053721,14,5,31,237,4,2,2,1.0,3,75111,M,,,75
201400053722,14,5,31,1750,1,2,1,1.0,3,75111,M,,,75
201400053723,14,6,1,1500,1,2,2,1.0,3,75111,M,,,75
201400053724,14,6,3,1300,1,2,3,2.0,6,75111,M,,,75
201400053725,14,6,4,1300,1,2,1,1.0,4,75112,M,,,75
201400053726,14,6,5,10,5,2,5,1.0,3,75111,M,,,75
201400053727,14,6,6,830,1,2,3,1.0,6,75111,M,,,75
201400053728,14,6,6,914,1,2,2,1.0,6,75111,M,,,75
201400053729,14,6,8,1425,1,2,7,1.0,3,75111,M,,,75
201400053730,14,6,9,1215,1,2,1,1.0,2,75111,M,,,75
201400053731,14,6,11,1600,1,2,2,1.0,6,75111,M,,,75
201400053732,14,6,13,845,1,2,5,1.0,6,75111,M,,,75
201400053733,14,6,13,1725,1,2,2,1.0,6,75111,M,,,75
201400053734,14,6,15,1945,1,2,1,1.0,2,75111,M,,,75
201400053735,14,6,15,2205,5,2,7,1.0,3,75111,M,,,75
201400053736,14,6,17,700,1,2,2,1.0,3,75111,M,,,75
201400053737,14,6,17,1200,1,2,3,1.0,6,75112,M,,,75
201400053738,14,6,18,40,4,2,3,1.0,2,75110,M,,,75
201400053739,14,6,18,815,1,2,7,1.0,3,75111,M,,,75
201400053740,14,6,18,840,1,2,2,1.0,6,75111,M,,,75
201400053741,14,6,18,1945,2,2,1,1.0,3,75111,M,,,75
201400053742,14,6,19,1840,1,2,2,1.0,6,75111,M,,,75
201400053743,14,6,22,355,5,2,2,1.0,6,75111,M,,,75
201400053744,14,6,23,1940,1,2,2,1.0,2,75111,M,,,75
201400053745,14,6,24,1850,1,2,2,1.0,6,75111,M,,,75
201400053746,14,6,26,1305,1,2,7,1.0,3,75111,M,,,75
201400053747,14,6,27,835,1,2,3,1.0,6,75111,M,,,75
201400053748,14,6,28,1740,1,2,2,2.0,2,75111,M,,,75
201400053749,14,6,29,155,5,2,2,2.0,1,75111,M,,,75
201400053750,14,6,29,1430,1,2,2,2.0,3,75111,M,,,75
201400053751,14,7,1,1730,1,2,2,1.0,6,75111,M,,,75
201400053752,14,7,2,145,4,2,4,1.0,3,75111,M,,,75
201400053753,14,7,3,905,1,2,3,1.0,6,75111,M,,,75
201400053754,14,7,3,1130,1,2,1,1.0,3,75111,M,,,75
201400053755,14,7,3,1930,1,2,3,1.0,2,75111,M,,,75
201400053756,14,7,4,1215,1,2,1,2.0,7,75111,M,,,75
201400053757,14,7,5,1420,1,2,3,1.0,3,75111,M,,,75
201400053758,14,7,7,1930,1,2,3,2.0,3,75111,M,,,75
201400053759,14,7,9,1930,1,2,2,2.0,1,75111,M,,,75
201400053760,14,7,9,2335,5,2,5,2.0,6,75111,M,,,75
201400053761,14,7,10,920,1,2,2,2.0,3,75111,M,,,75
201400053762,14,7,10,1745,1,2,2,2.0,3,75111,M,,,75
201400053763,14,7,14,1110,1,2,1,1.0,3,75111,M,,,75
201400053764,14,7,15,1230,1,2,1,1.0,2,75111,M,,,75
201400053765,14,7,15,1720,1,2,2,1.0,6,75111,M,,,75
201400053766,14,7,18,1430,1,2,1,1.0,6,75111,M,,,75
201400053767,14,7,19,1850,1,2,7,1.0,6,75112,M,,,75
201400053768,14,7,20,555,2,2,5,2.0,3,75111,M,,,75
201400053769,14,7,20,1705,1,2,3,1.0,3,75111,M,,,75
201400053770,14,7,21,1110,1,2,3,1.0,6,75112,M,,,75
201400053771,14,7,22,1910,1,2,2,1.0,3,75111,M,,,75
201400053772,14,7,23,1420,1,2,3,1.0,6,75111,M,,,75
201400053773,14,7,23,2243,5,2,5,1.0,3,75111,M,,,75
201400053774,14,7,24,100,5,2,2,1.0,6,75111,M,,,75
201400053775,14,7,24,1000,1,2,2,1.0,3,75111,M,,,75
201400053776,14,7,26,1445,1,2,2,1.0,3,75111,M,,,75
201400053777,14,7,28,1740,1,2,5,1.0,6,75111,M,,,75
201400053778,14,7,29,1900,1,2,3,1.0,3,75111,M,,,75
201400053779,14,8,1,1745,1,2,5,1.0,6,75111,M,,,75
201400053780,14,8,2,250,5,2,2,1.0,6,75111,M,,,75
201400053781,14,8,2,948,1,2,2,1.0,3,75111,M,,,75
201400053782,14,8,3,205,5,2,2,1.0,6,75111,M,,,75
201400053783,14,8,5,1700,1,2,1,1.0,6,75111,M,,,75
201400053784,14,8,5,2035,2,2,1,1.0,6,75111,M,,,75
201400053785,14,8,9,2025,2,2,7,1.0,6,75111,M,,,75
201400053786,14,8,9,2255,5,2,7,1.0,2,75111,M,,,75
201400053787,14,8,10,2120,5,2,2,1.0,6,75111,M,,,75
201400053788,14,8,11,1345,1,2,1,1.0,6,75111,M,,,75
201400053789,14,8,11,2140,5,2,2,1.0,6,75111,M,,,75
201400053790,14,8,12,1250,1,2,1,1.0,3,75111,M,,,75
201400053791,14,8,12,1930,1,2,5,2.0,6,75111,M,,,75
201400053792,14,8,19,1330,1,2,3,1.0,6,75111,M,,,75
201400053793,14,8,20,1330,1,2,3,1.0,6,75111,M,,,75
201400053794,14,8,20,2100,2,2,5,1.0,6,75111,M,,,75
201400053795,14,8,21,1725,1,2,1,1.0,3,75111,M,,,75
201400053796,14,8,25,2235,5,2,2,3.0,7,75111,M,,,75
201400053797,14,8,26,1215,1,2,5,2.0,3,75111,M,,,75
201400053798,14,8,31,1728,1,2,3,1.0,6,75111,M,,,75
201400053799,14,9,1,2120,5,2,7,1.0,6,75112,M,,,75
201400053800,14,9,2,1115,1,2,1,1.0,3,75111,M,,,75
201400053801,14,9,4,1535,1,2,2,1.0,3,75111,M,,,75
201400053802,14,9,5,915,1,2,7,1.0,3,75111,M,,,75
201400053803,14,9,5,1245,1,2,5,1.0,3,75111,M,,,75
201400053804,14,9,6,1915,1,2,1,1.0,7,75111,M,,,75
201400053805,14,9,6,2010,2,2,2,1.0,6,75111,M,,,75
201400053806,14,9,8,1510,1,2,2,1.0,6,75111,M,,,75
201400053807,14,9,9,915,1,2,1,1.0,4,75111,M,,,75
201400053808,14,9,9,1645,1,2,1,1.0,6,75111,M,,,75
201400053809,14,9,9,1730,1,2,2,1.0,6,75111,M,,,75
201400053810,14,9,9,2355,5,2,2,1.0,6,75111,M,,,75
201400053811,14,9,11,1120,1,2,2,1.0,6,75111,M,,,75
201400053812,14,9,11,1145,1,2,2,1.0,6,75111,M,,,75
201400053813,14,9,11,1855,1,2,4,1.0,6,75104,M,,,75
201400053814,14,9,12,915,1,2,7,1.0,3,75111,M,,,75
201400053815,14,9,12,1305,1,2,1,1.0,6,75111,M,,,75
201400053816,14,9,12,1420,1,2,2,1.0,3,75111,M,,,75
201400053817,14,9,13,830,1,2,3,1.0,6,75120,M,,,75
201400053818,14,9,13,2215,5,2,3,1.0,6,75111,M,,,75
201400053819,14,9,15,1820,1,2,1,1.0,3,75111,M,,,75
201400053820,14,9,15,1900,1,2,7,1.0,2,75111,M,,,75
201400053821,14,9,16,805,1,2,3,1.0,6,75111,M,,,75
201400053822,14,9,16,1525,1,2,1,1.0,3,75111,M,,,75
201400053823,14,9,16,2125,5,2,7,1.0,3,75111,M,,,75
201400053824,14,9,18,1315,1,2,2,1.0,1,75111,M,,,75
201400053825,14,9,19,110,5,2,2,1.0,5,75111,M,,,75
201400053826,14,9,21,630,5,2,1,2.0,6,75111,M,,,75
201400053827,14,9,23,2030,5,2,2,1.0,1,75111,M,,,75
201400053828,14,9,24,2300,5,2,3,1.0,6,75111,M,,,75
201400053829,14,9,25,400,5,2,1,1.0,6,75111,M,,,75
201400053830,14,9,25,1725,1,2,2,1.0,1,75111,M,,,75
201400053831,14,9,25,1950,2,2,7,1.0,3,75111,M,,,75
201400053832,14,9,26,130,5,2,5,1.0,6,75111,M,,,75
201400053833,14,9,26,805,1,2,5,1.0,2,75111,M,,,75
201400053834,14,9,26,1600,1,2,5,1.0,2,75111,M,,,75
201400053835,14,9,26,2340,3,2,7,1.0,2,75111,M,,,75
201400053836,14,9,27,2145,5,2,1,1.0,4,75111,M,,,75
201400053837,14,9,28,1515,1,2,1,1.0,2,75111,M,,,75
201400053838,14,9,28,1700,1,2,2,1.0,6,75111,M,,,75
201400053839,14,9,29,810,1,2,1,2.0,2,75111,M,,,75
201400053840,14,9,29,1755,1,2,3,1.0,4,75111,M,,,75
201400053841,14,10,1,730,1,2,7,1.0,3,75111,M,,,75
201400053842,14,10,2,1515,1,2,4,1.0,3,75111,M,,,75
201400053843,14,10,4,2210,5,2,2,1.0,7,75111,M,,,75
201400053844,14,10,5,720,2,2,2,2.0,7,75112,M,,,75
201400053845,14,10,5,1110,1,2,4,1.0,6,75111,M,,,75
201400053846,14,10,7,600,5,2,2,2.0,3,75111,M,,,75
201400053847,14,10,7,1430,1,2,1,1.0,6,75111,M,,,75
201400053848,14,10,8,1035,1,2,2,2.0,6,75111,M,,,75
201400053849,14,10,8,1140,1,2,1,2.0,7,75111,M,,,75
201400053850,14,10,8,1250,1,2,1,2.0,7,75111,M,,,75
201400053851,14,10,8,1350,1,2,3,8.0,3,75111,M,,,75
201400053852,14,10,8,2038,5,2,2,3.0,1,75111,M,,,75
201400053853,14,10,8,2206,5,2,2,2.0,6,75111,M,,,75
201400053854,14,10,10,1015,1,2,1,1.0,6,75111,M,,,75
201400053855,14,10,12,600,5,2,5,1.0,2,75111,M,,,75
201400053856,14,10,13,1115,1,2,1,1.0,7,75111,M,,,75
201400053857,14,10,16,1515,1,2,1,1.0,1,75111,M,,,75
201400053858,14,10,16,1735,1,2,2,1.0,6,75111,M,,,75
201400053859,14,10,17,320,5,2,5,3.0,6,75110,M,,,75
201400053860,14,10,18,250,5,2,1,1.0,3,75111,M,,,75
201400053861,14,10,18,2340,5,2,7,1.0,6,75111,M,,,75
201400053862,14,10,21,1945,5,2,5,2.0,3,75111,M,,,75
201400053863,14,10,22,1450,1,2,2,1.0,6,75111,M,,,75
201400053864,14,10,22,1615,1,2,1,1.0,3,75111,M,,,75
201400053865,14,10,23,1100,1,2,3,1.0,6,75111,M,,,75
201400053866,14,10,24,1220,1,2,1,1.0,6,75111,M,,,75
201400053867,14,10,25,1500,1,2,3,1.0,6,75111,M,,,75
201400053868,14,10,27,900,1,2,7,1.0,2,75111,M,,,75
201400053869,14,10,28,1400,1,2,1,1.0,2,75111,M,,,75
201400053870,14,10,28,1800,5,2,3,1.0,6,75111,M,,,75
201400053871,14,10,30,1200,1,2,4,1.0,3,75111,M,,,75
201400053872,14,10,31,1005,1,2,1,1.0,2,75111,M,,,75
201400053873,14,10,31,1300,1,2,7,7.0,3,75111,M,,,75
201400053874,14,11,1,325,5,2,2,1.0,3,75111,M,,,75
201400053875,14,11,2,250,5,2,2,1.0,3,75111,M,,,75
201400053876,14,11,3,2045,5,2,2,2.0,3,75111,M,,,75
201400053877,14,11,3,2115,5,2,3,2.0,3,75111,M,,,75
201400053878,14,11,4,1820,5,2,1,1.0,6,75111,M,,,75
201400053879,14,11,4,1736,1,2,7,1.0,3,75112,M,,,75
201400053880,14,11,5,2050,5,2,5,1.0,6,75111,M,,,75
201400053881,14,11,6,730,1,2,2,1.0,3,75111,M,,,75
201400053882,14,11,8,1715,2,2,2,1.0,1,75111,M,,,75
201400053883,14,11,11,150,5,2,3,1.0,6,75111,M,,,75
201400053884,14,11,11,1610,1,2,3,8.0,7,75111,M,,,75
201400053885,14,11,11,2045,5,2,5,1.0,3,75111,M,,,75
201400053886,14,11,16,1705,5,2,4,3.0,5,75111,M,,,75
201400053887,14,11,18,210,5,2,7,1.0,6,75111,M,,,75
201400053888,14,11,18,1600,1,2,7,2.0,3,75111,M,,,75
201400053889,14,11,18,1745,5,2,3,2.0,6,75111,M,,,75
201400053890,14,11,20,1810,5,2,7,2.0,6,75111,M,,,75
201400053891,14,11,21,2225,5,2,1,1.0,3,75111,M,,,75
201400053892,14,11,24,1830,5,2,1,1.0,2,75111,M,,,75
201400053893,14,11,24,1910,5,2,1,1.0,2,75111,M,,,75
201400053894,14,11,25,1520,1,2,1,1.0,7,75111,M,,,75
201400053895,14,11,25,1935,5,2,1,1.0,2,75111,M,,,75
201400053896,14,11,26,842,1,2,2,1.0,3,75111,M,,,75
201400053897,14,11,26,939,1,2,1,1.0,2,75111,M,,,75
201400053898,14,11,26,2125,5,2,3,2.0,2,75111,M,,,75
201400053899,14,11,27,1755,5,2,1,1.0,7,75111,M,,,75
201400053900,14,11,28,1450,1,2,3,1.0,3,75111,M,,,75
201400053901,14,11,29,5,5,2,1,1.0,6,75111,M,,,75
201400053902,14,11,30,625,5,2,1,1.0,7,75111,M,,,75
201400053903,14,12,1,2030,5,2,3,2.0,3,75111,M,,,75
201400053904,14,12,2,1830,5,2,1,2.0,3,75111,M,,,75
201400053905,14,12,3,1140,1,2,1,1.0,5,75111,M,,,75
201400053906,14,12,4,1005,1,2,3,1.0,2,75111,M,,,75
201400053907,14,12,5,840,1,2,3,1.0,6,75111,M,,,75
201400053908,14,12,5,840,1,2,1,8.0,5,75111,M,,,75
201400053909,14,12,6,1110,1,2,2,1.0,6,75111,M,,,75
201400053910,14,12,7,1925,5,2,5,2.0,3,75111,M,,,75
201400053911,14,12,7,2325,5,2,7,2.0,3,75111,M,,,75
201400053912,14,12,8,1705,5,2,1,2.0,3,75111,M,,,75
201400053913,14,12,9,1725,5,2,2,1.0,3,75111,M,,,75
201400053914,14,12,10,1110,1,2,2,2.0,7,75111,M,,,75
201400053915,14,12,10,1315,1,2,1,2.0,6,75111,M,,,75
201400053916,14,12,10,1505,1,2,1,8.0,3,75111,M,,,75
201400053917,14,12,10,2255,5,2,2,8.0,3,75111,M,,,75
201400053918,14,12,11,1810,5,2,1,1.0,3,75111,M,,,75
201400053919,14,12,12,1245,1,2,1,2.0,6,75111,M,,,75
201400053920,14,12,12,1710,5,2,1,1.0,6,75111,M,,,75
201400053921,14,12,13,22,3,2,2,2.0,3,75111,M,,,75
201400053922,14,12,14,2150,3,2,2,1.0,3,75111,M,,,75
201400053923,14,12,15,1835,5,2,3,2.0,6,75111,M,,,75
201400053924,14,12,16,720,5,2,3,2.0,3,75111,M,,,75
201400053925,14,12,16,1400,1,2,3,1.0,3,75111,M,,,75
201400053926,14,12,17,1045,1,2,2,2.0,2,75111,M,,,75
201400053927,14,12,17,2250,3,2,4,2.0,2,75111,M,,,75
201400053928,14,12,18,935,1,2,1,8.0,2,75111,M,,,75
201400053929,14,12,18,1025,1,2,7,1.0,6,75111,M,,,75
201400053930,14,12,19,1700,3,2,5,3.0,6,75111,M,,,75
201400053931,14,12,20,1210,1,2,1,1.0,6,75111,M,,,75
201400053932,14,12,20,2040,5,2,2,2.0,6,75111,M,,,75
201400053933,14,12,22,515,5,2,3,1.0,6,75111,M,,,75
201400053934,14,12,23,1150,1,2,1,1.0,2,75111,M,,,75