Num_Acc,an,mois,jour,hrmn,lum,agg,int,atm,col,com,gps,lat,long,dep
201400053935,14,12,23,1435,1,2,1,1.0,6,75111,M,,,75
201400053936,14,12,23,1920,5,2,7,1.0,6,75111,M,,,75
201400053937,14,12,24,1835,5,2,1,1.0,3,75111,M,,,75
201400053938,14,12,30,1635,1,2,7,1.0,3,75111,M,,,75
201400053939,14,12,30,2325,5,2,3,1.0,3,75111,M,,,75
201400053940,14,12,31,2240,5,2,5,1.0,3,75112,M,,,75
201400053941,14,12,31,2350,5,2,3,1.0,6,75112,M,,,75
201400053942,14,1,1,620,5,2,4,1.0,6,75112,M,,,75
201400053943,14,1,1,1810,5,2,1,2.0,4,75112,M,,,75
201400053944,14,1,2,1725,5,2,7,1.0,3,75112,M,,,75
201400053945,14,12,30,1300,1,2,3,1.0,3,75112,M,,,75
201400053946,14,1,4,1120,1,2,1,9.0,7,75112,M,,,75
201400053947,14,1,4,1515,1,2,3,8.0,3,75112,M,,,75
201400053948,14,1,8,130,5,2,1,1.0,6,75112,M,,,75
201400053949,14,1,9,820,2,2,3,1.0,6,75112,M,,,75
201400053950,14,1,9,1710,5,2,1,1.0,6,75112,M,,,75
201400053951,14,1,10,900,1,2,1,1.0,3,75112,M,,,75
201400053952,14,1,13,1420,1,2,5,2.0,3,75112,M,,,75
201400053953,14,1,15,1830,5,2,7,2.0,3,75112,M,,,75
201400053954,14,1,16,1630,1,2,1,2.0,6,75112,M,,,75
201400053955,14,1,16,1820,5,2,3,2.0,6,75112,M,,,75
201400053956,14,1,17,150,5,2,2,1.0,6,75112,M,,,75
201400053957,14,1,17,1130,1,2,5,1.0,3,75112,M,,,75
201400053958,14,1,20,1255,1,2,5,2.0,3,75112,M,,,75
201400053959,14,1,21,1225,1,2,1,2.0,2,75112,M,,,75
201400053960,14,1,22,1000,1,2,1,1.0,6,75112,M,,,75
201400053961,14,1,22,1130,1,2,4,1.0,6,75112,M,,,75
201400053962,14,1,22,1730,5,2,1,2.0,3,75112,M,,,75
201400053963,14,1,23,1755,5,2,1,2.0,3,75112,M,,,75
201400053964,14,1,23,1950,5,2,1,1.0,7,75112,M,,,75
201400053965,14,1,23,1400,1,2,2,2.0,3,75112,M,,,75
201400053966,14,1,24,1910,5,2,1,1.0,2,75112,M,,,75
201400053967,14,1,27,902,1,2,3,1.0,2,75112,M,,,75
201400053968,14,1,27,950,1,2,1,1.0,2,75112,M,,,75
201400053969,14,1,28,915,1,2,7,8.0,7,75112,M,,,75
201400053970,14,1,28,1450,1,2,5,1.0,7,75112,M,,,75
201400053971,14,1,28,2020,5,2,3,2.0,7,75112,M,,,75
201400053972,14,1,29,845,1,2,5,2.0,7,75112,M,,,75
201400053973,14,1,30,1940,3,2,3,1.0,6,75112,M,,,75
201400053974,14,2,1,930,1,2,1,2.0,6,75112,M,,,75
201400053975,14,2,1,1150,1,2,5,1.0,3,75112,M,,,75
201400053976,14,2,1,1230,1,2,1,1.0,3,75112,M,,,75
201400053977,14,2,1,2000,3,2,7,1.0,6,75112,M,,,75
201400053978,14,2,2,430,5,2,1,1.0,6,75112,M,,,75
201400053979,14,2,2,1030,1,2,3,1.0,6,75112,M,,,75
201400053980,14,2,2,1110,1,2,5,1.0,6,75112,M,,,75
201400053981,14,2,2,1310,1,2,1,1.0,3,75112,M,,,75
201400053982,14,2,2,1500,1,2,1,1.0,6,75112,M,,,75
201400053983,14,2,2,2245,5,2,5,1.0,2,75112,M,,,75
201400053984,14,2,5,1405,1,2,1,2.0,3,75112,M,,,75
201400053985,14,2,5,1740,5,2,2,2.0,3,75112,M,,,75
201400053986,14,2,5,1930,3,2,7,2.0,3,75112,M,,,75
201400053987,14,2,9,1940,5,2,2,1.0,3,75112,M,,,75
201400053988,14,2,11,1610,1,2,7,2.0,6,75112,M,,,75
201400053989,14,2,11,1900,5,2,1,2.0,1,75112,M,,,75
201400053990,14,2,12,825,1,2,1,1.0,3,75112,M,,,75
201400053991,14,2,12,1320,1,2,2,1.0,6,75112,M,,,75
201400053992,14,2,14,910,1,2,3,2.0,6,75112,M,,,75
201400053993,14,2,16,600,5,2,1,1.0,3,75112,M,,,75
201400053994,14,2,17,1910,5,2,2,1.0,6,75112,M,,,75
201400053995,14,2,18,900,1,2,2,1.0,2,75112,M,,,75
201400053996,14,2,18,1900,5,2,4,1.0,3,75112,M,,,75
201400053997,14,2,19,1715,1,2,1,8.0,2,75112,M,,,75
201400053998,14,2,19,1845,5,2,1,1.0,6,75112,M,,,75
201400053999,14,2,20,310,5,2,1,1.0,6,75112,M,,,75
201400054000,14,2,20,915,1,2,2,2.0,6,75112,M,,,75
201400054001,14,2,24,940,1,2,5,1.0,3,75112,M,,,75
201400054002,14,2,24,1645,1,2,5,1.0,5,75112,M,,,75
201400054003,14,2,25,1745,1,2,2,8.0,7,75112,M,,,75
201400054004,14,2,25,1930,5,2,2,2.0,3,75112,M,,,75
201400054005,14,2,26,1925,5,2,4,1.0,6,75112,M,,,75
201400054006,14,2,26,2025,5,2,4,1.0,4,75112,M,,,75
201400054007,14,2,28,826,1,2,2,2.0,6,75112,M,,,75
201400054008,14,2,28,1050,1,2,3,1.0,2,75112,M,,,75
201400054009,14,2,28,1227,1,2,7,1.0,2,75112,M,,,75
201400054010,14,2,28,2009,5,2,6,2.0,7,75112,M,,,75
201400054011,14,3,1,1230,1,2,1,8.0,2,75112,M,,,75
201400054012,14,3,1,1350,1,2,7,1.0,3,75112,M,,,75
201400054013,14,3,2,1010,1,2,7,1.0,6,75112,M,,,75
201400054014,14,3,2,1550,1,2,2,1.0,6,75112,M,,,75
201400054015,14,3,3,815,1,2,2,1.0,6,75112,M,,,75
201400054016,14,3,5,1140,1,2,7,1.0,3,75112,M,,,75
201400054017,14,3,5,1700,1,2,5,1.0,6,75111,M,,,75
201400054018,14,3,6,1240,1,2,4,1.0,3,75112,M,,,75
201400054019,14,3,7,1750,1,2,1,1.0,4,75112,M,,,75
201400054020,14,3,8,1720,1,2,3,1.0,3,75112,M,,,75
201400054021,14,3,8,1935,5,2,2,1.0,6,75112,M,,,75
201400054022,14,3,10,225,5,2,3,1.0,6,75112,M,,,75
201400054023,14,3,12,1520,1,2,3,1.0,1,75112,M,,,75
201400054024,14,3,12,1830,5,2,5,1.0,2,75112,M,,,75
201400054025,14,3,12,1820,2,2,2,1.0,3,75112,M,,,75
201400054026,14,3,13,1820,2,2,1,1.0,3,75112,M,,,75
201400054027,14,3,14,1030,1,2,2,1.0,7,75112,M,,,75
201400054028,14,3,14,1620,1,2,2,1.0,6,75112,M,,,75
201400054029,14,3,15,1750,1,2,3,1.0,6,75112,M,,,75
201400054030,14,3,16,55,5,2,5,1.0,6,75112,M,,,75
201400054031,14,3,16,630,2,2,2,1.0,6,75112,M,,,75
201400054032,14,3,19,930,1,2,1,1.0,6,75112,M,,,75
201400054033,14,3,19,1750,1,2,1,1.0,2,75112,M,,,75
201400054034,14,3,20,855,1,2,1,1.0,3,75112,M,,,75
201400054035,14,3,21,1525,1,2,7,1.0,3,75112,M,,,75
201400054036,14,3,21,2220,5,2,1,1.0,6,75112,M,,,75
201400054037,14,3,22,1115,1,2,7,2.0,3,75104,M,,,75
201400054038,14,3,24,1355,1,2,1,8.0,3,75112,M,,,75
201400054039,14,3,25,1130,1,2,3,2.0,6,75112,M,,,75
201400054040,14,3,25,1300,1,2,7,2.0,3,75112,M,,,75
201400054041,14,3,26,940,1,2,1,1.0,2,75112,M,,,75
201400054042,14,3,26,1400,1,2,1,1.0,6,75112,M,,,75
201400054043,14,3,26,2205,5,2,2,1.0,6,75112,M,,,75
201400054044,14,3,27,848,1,2,2,1.0,4,75112,M,,,75
201400054045,14,3,30,1830,1,2,1,1.0,7,75112,M,,,75
201400054046,14,3,31,45,5,2,2,1.0,2,75112,M,,,75
201400054047,14,3,31,920,1,2,3,1.0,2,75112,M,,,75
201400054048,14,3,31,905,1,2,2,1.0,2,75112,M,,,75
201400054049,14,3,31,608,5,2,1,1.0,1,75112,M,,,75
201400054050,14,4,1,1540,1,2,1,1.0,6,75112,M,,,75
201400054051,14,4,2,1140,1,2,2,1.0,6,75112,M,,,75
201400054052,14,4,3,833,1,2,3,1.0,3,75112,M,,,75
201400054053,14,4,1,1815,1,2,4,1.0,3,75112,M,,,75
201400054054,14,4,4,2000,2,2,2,1.0,2,75112,M,,,75
201400054055,14,4,5,1535,1,2,1,1.0,6,75112,M,,,75
201400054056,14,4,5,1910,1,2,1,1.0,3,75112,M,,,75
201400054057,14,4,5,1825,1,2,1,1.0,4,75112,M,,,75
201400054058,14,4,4,2030,5,2,7,1.0,3,75112,M,,,75
201400054059,14,4,7,910,1,2,2,1.0,3,75112,M,,,75
201400054060,14,4,7,1120,1,2,3,1.0,6,75112,M,,,75
201400054061,14,4,7,1748,1,2,1,1.0,6,75112,M,,,75
201400054062,14,4,9,1640,1,2,3,1.0,2,75112,M,,,75
201400054063,14,4,10,1620,1,2,3,1.0,3,75112,M,,,75
201400054064,14,4,10,1630,1,2,7,1.0,3,75112,M,,,75
201400054065,14,4,12,1900,1,2,3,1.0,6,75112,M,,,75
201400054066,14,4,12,1950,1,2,9,1.0,3,75112,M,,,75
201400054067,14,4,10,930,1,2,1,1.0,3,75112,M,,,75
201400054068,14,4,15,640,2,2,2,1.0,2,75112,M,,,75
201400054069,14,4,15,1720,1,2,5,1.0,3,75112,M,,,75
201400054070,14,4,16,25,5,2,5,1.0,3,75112,M,,,75
201400054071,14,4,16,700,1,2,3,1.0,3,75112,M,,,75
201400054072,14,4,16,1800,1,2,7,1.0,1,75112,M,,,75
201400054073,14,4,15,1340,1,2,5,1.0,3,75112,M,,,75
201400054074,14,4,16,1330,1,2,1,1.0,3,75112,M,,,75
201400054075,14,4,18,1430,1,2,2,1.0,2,75112,M,,,75
201400054076,14,4,19,1410,1,2,5,1.0,6,75112,M,,,75
201400054077,14,4,19,1325,1,2,1,1.0,3,75112,M,,,75
201400054078,14,4,21,620,2,2,4,1.0,3,75112,M,,,75
201400054079,14,4,21,1500,1,2,5,1.0,7,75112,M,,,75
201400054080,14,4,23,1400,1,2,1,1.0,6,75112,M,,,75
201400054081,14,4,24,953,1,2,5,1.0,3,75112,M,,,75
201400054082,14,4,24,1340,1,2,4,1.0,3,75112,M,,,75
201400054083,14,4,24,1545,1,2,7,1.0,3,75112,M,,,75
201400054084,14,4,24,1430,1,2,7,1.0,6,75112,M,,,75
201400054085,14,4,24,1550,1,2,7,1.0,2,75112,M,,,75
201400054086,14,4,25,850,1,2,1,2.0,7,75112,M,,,75
201400054087,14,4,25,915,1,2,2,8.0,6,75112,M,,,75
201400054088,14,4,26,950,1,2,2,2.0,6,75112,M,,,75
201400054089,14,4,26,1100,1,2,2,2.0,2,75112,M,,,75
201400054090,14,4,26,1540,1,2,2,1.0,4,75112,M,,,75
201400054091,14,4,24,2130,5,2,3,2.0,3,75111,M,,,75
201400054092,14,4,27,1430,1,2,4,1.0,3,75112,M,,,75
201400054093,14,4,27,2050,5,2,3,1.0,6,75112,M,,,75
201400054094,14,4,28,1220,1,2,1,1.0,1,75112,M,,,75
201400054095,14,4,29,1225,1,2,2,1.0,6,75112,M,,,75
201400054096,14,5,1,2220,5,2,1,2.0,6,75112,M,,,75
201400054097,14,5,3,2255,5,2,7,1.0,6,75112,M,,,75
201400054098,14,5,3,2255,5,2,1,1.0,6,75112,M,,,75
201400054099,14,5,4,920,1,2,2,1.0,6,75112,M,,,75
201400054100,14,5,5,1255,1,2,3,1.0,6,75112,M,,,75
201400054101,14,5,5,1545,1,2,3,7.0,3,75112,M,,,75
201400054102,14,5,5,1905,1,2,1,1.0,6,75112,M,,,75
201400054103,14,5,5,1935,1,2,3,1.0,3,75112,M,,,75
201400054104,14,5,6,1335,1,2,1,1.0,6,75112,M,,,75
201400054105,14,5,7,1710,1,2,2,1.0,3,75112,M,,,75
201400054106,14,5,8,355,5,2,2,1.0,3,75112,M,,,75
201400054107,14,5,8,1930,1,2,4,2.0,7,75112,M,,,75
201400054108,14,5,9,2249,5,2,2,1.0,3,75112,M,,,75
201400054109,14,5,11,1800,1,2,1,2.0,6,75112,M,,,75
201400054110,14,5,12,1210,1,2,2,1.0,6,75112,M,,,75
201400054111,14,5,12,1940,1,2,1,1.0,3,75112,M,,,75
201400054112,14,5,12,2055,1,2,1,1.0,2,75112,M,,,75
201400054113,14,5,14,955,1,2,2,1.0,6,75112,M,,,75
201400054114,14,5,14,1010,1,2,3,1.0,6,75112,M,,,75
201400054115,14,5,14,1250,1,2,1,1.0,2,75112,M,,,75
201400054116,14,5,14,1750,1,2,1,1.0,2,75112,M,,,75
201400054117,14,5,15,1500,2,2,7,1.0,3,75112,M,,,75
201400054118,14,5,16,1350,1,2,3,1.0,1,75112,M,,,75
201400054119,14,5,19,1800,1,2,2,1.0,6,75112,M,,,75
201400054120,14,5,22,830,1,2,3,1.0,6,75112,M,,,75
201400054121,14,5,22,1646,1,2,1,1.0,3,75112,M,,,75
201400054122,14,5,22,2130,5,2,2,2.0,3,75112,M,,,75
201400054123,14,5,22,1320,1,2,2,1.0,6,75112,M,,,75
201400054124,14,5,23,1600,1,2,5,8.0,7,75112,M,,,75
201400054125,14,5,24,1700,1,2,3,3.0,3,75112,M,,,75
201400054126,14,5,24,1715,1,2,2,2.0,6,75112,M,,,75
201400054127,14,5,25,1700,1,2,7,1.0,3,75112,M,,,75
201400054128,14,5,25,1700,1,2,1,1.0,3,75112,M,,,75
201400054129,14,5,25,1700,1,2,1,1.0,6,75112,M,,,75
201400054130,14,5,25,2100,1,2,1,1.0,6,75112,M,,,75
201400054131,14,5,27,1645,1,2,1,1.0,1,75112,M,,,75
201400054132,14,5,27,1755,1,2,1,1.0,6,75112,M,,,75
201400054133,14,5,28,1030,1,2,2,1.0,6,75112,M,,,75
201400054134,14,5,28,1740,1,2,1,1.0,3,75112,M,,,75
201400054135,14,5,29,1655,1,2,1,1.0,6,75112,M,,,75
201400054136,14,5,31,1100,1,2,7,1.0,2,75112,M,,,75
201400054137,14,5,31,2250,5,2,2,1.0,6,75112,M,,,75
201400054138,14,6,3,1650,1,2,1,1.0,6,75112,M,,,75
201400054139,14,6,4,900,1,2,3,2.0,3,75112,M,,,75
201400054140,14,6,4,945,1,2,1,2.0,3,75112,M,,,75
201400054141,14,6,5,755,1,2,1,1.0,6,75112,M,,,75
201400054142,14,6,6,835,1,2,1,1.0,3,75112,M,,,75
201400054143,14,6,6,1940,1,2,5,1.0,6,75112,M,,,75
201400054144,14,6,6,1945,1,2,1,1.0,2,75112,M,,,75
201400054145,14,6,7,1150,1,2,7,1.0,3,75112,M,,,75
201400054146,14,6,9,2035,5,2,1,1.0,6,75112,M,,,75
201400054147,14,6,9,1550,1,2,2,2.0,6,75112,M,,,75
201400054148,14,6,11,750,1,2,4,1.0,3,75112,M,,,75
201400054149,14,6,11,2000,1,2,1,1.0,6,75112,M,,,75
201400054150,14,6,12,1940,1,2,2,7.0,3,75112,M,,,75
201400054151,14,6,13,1715,1,2,1,1.0,6,75112,M,,,75
201400054152,14,6,13,2010,1,2,7,1.0,3,75112,M,,,75
201400054153,14,6,13,2223,5,2,7,1.0,3,75112,M,,,75
201400054154,14,6,14,620,2,2,2,1.0,6,75112,M,,,75
201400054155,14,6,14,1625,1,2,1,1.0,3,75112,M,,,75
201400054156,14,6,16,850,1,2,2,1.0,6,75112,M,,,75
201400054157,14,6,16,1140,1,2,2,1.0,1,75112,M,,,75
201400054158,14,6,17,1700,1,2,5,1.0,6,75112,M,,,75
201400054159,14,6,17,1800,1,2,1,1.0,6,75112,M,,,75
201400054160,14,6,18,905,1,2,5,1.0,2,75112,M,,,75
201400054161,14,6,18,1520,1,2,1,1.0,6,75112,M,,,75
201400054162,14,6,18,1820,1,2,2,1.0,3,75112,M,,,75
201400054163,14,6,18,2300,5,2,1,2.0,3,75112,M,,,75
201400054164,14,6,19,1430,1,2,1,1.0,6,75112,M,,,75
201400054165,14,6,19,1610,1,2,2,1.0,1,75112,M,,,75
201400054166,14,6,19,2140,5,2,2,1.0,2,75112,M,,,75
201400054167,14,6,20,1645,1,2,4,1.0,3,75112,M,,,75
201400054168,14,6,21,300,5,2,1,1.0,7,75112,M,,,75
201400054169,14,6,23,130,5,2,1,1.0,6,75112,M,,,75
201400054170,14,6,23,1345,1,2,1,1.0,2,75112,M,,,75
201400054171,14,6,25,1255,1,2,1,1.0,7,75112,M,,,75
201400054172,14,6,25,1350,1,2,2,1.0,6,75112,M,,,75
201400054173,14,6,25,1400,1,2,2,1.0,6,75112,M,,,75
201400054174,14,6,26,205,5,2,7,1.0,3,75112,M,,,75
201400054175,14,6,26,1030,1,2,1,1.0,6,75112,M,,,75
201400054176,14,6,26,1620,1,2,1,1.0,2,75112,M,,,75
201400054177,14,6,26,1650,1,2,2,1.0,6,75112,M,,,75
201400054178,14,6,26,2010,1,2,1,1.0,2,75112,M,,,75
201400054179,14,6,30,750,1,2,1,1.0,2,75112,M,,,75
201400054180,14,7,1,645,1,2,3,1.0,3,75112,M,,,75
201400054181,14,7,2,1220,1,2,1,1.0,6,75112,M,,,75
201400054182,14,7,3,940,1,2,1,1.0,4,75112,M,,,75
201400054183,14,7,5,5,5,2,1,1.0,6,75112,M,,,75
201400054184,14,7,5,2015,1,2,5,1.0,2,75112,M,,,75
201400054185,14,7,3,1340,1,2,1,1.0,6,75112,M,,,75
201400054186,14,7,7,1815,1,2,1,2.0,3,75113,M,,,75
201400054187,14,7,7,2025,1,2,2,3.0,3,75112,M,,,75
201400054188,14,7,8,1620,1,2,2,1.0,3,75112,M,,,75
201400054189,14,7,12,2005,2,2,1,1.0,6,75112,M,,,75
201400054190,14,7,12,2245,3,2,2,1.0,3,75112,M,,,75
201400054191,14,7,17,2100,2,2,1,1.0,6,75112,M,,,75
201400054192,14,7,18,45,5,2,7,1.0,6,75112,M,,,75
201400054193,14,7,18,1555,1,2,2,1.0,6,75112,M,,,75
201400054194,14,7,19,1635,1,2,1,1.0,3,75112,M,,,75
201400054195,14,7,21,1815,1,2,7,1.0,6,75112,M,,,75
201400054196,14,7,23,2305,5,2,7,1.0,3,75112,M,,,75
201400054197,14,7,23,1400,1,2,3,1.0,6,75112,M,,,75
201400054198,14,7,23,1815,1,2,1,1.0,6,75112,M,,,75
201400054199,14,7,23,2026,1,2,3,1.0,3,75112,M,,,75
201400054200,14,7,24,1640,1,2,1,1.0,4,75112,M,,,75
201400054201,14,7,24,1929,1,2,3,1.0,6,75112,M,,,75
201400054202,14,7,25,905,1,2,2,1.0,6,75112,M,,,75
201400054203,14,7,26,1250,1,2,5,1.0,6,75112,M,,,75
201400054204,14,7,27,1915,1,2,1,1.0,3,75112,M,,,75
201400054205,14,7,29,2315,5,2,7,1.0,6,75112,M,,,75
201400054206,14,7,30,1950,1,2,1,1.0,3,75112,M,,,75
201400054207,14,8,1,1710,1,2,7,1.0,3,75112,M,,,75
201400054208,14,8,1,2040,1,2,7,1.0,3,75112,M,,,75
201400054209,14,8,7,2050,2,2,4,2.0,3,75112,M,,,75
201400054210,14,8,7,2055,5,2,4,2.0,6,75112,M,,,75
201400054211,14,8,8,125,5,2,2,1.0,6,75112,M,,,75
201400054212,14,8,10,1130,1,2,2,2.0,6,75112,M,,,75
201400054213,14,8,11,900,1,2,2,1.0,3,75112,M,,,75
201400054214,14,8,11,1900,1,2,4,3.0,6,75112,M,,,75
201400054215,14,8,12,1140,1,2,1,1.0,6,75112,M,,,75
201400054216,14,8,12,1815,1,2,1,1.0,3,75112,M,,,75
201400054217,14,8,14,1345,1,2,1,1.0,6,75112,M,,,75
201400054218,14,8,14,1835,1,2,5,1.0,3,75112,M,,,75
201400054219,14,8,16,220,5,2,2,1.0,6,75120,M,,,75
201400054220,14,8,16,1553,1,2,2,1.0,3,75112,M,,,75
201400054221,14,8,16,1700,1,2,2,1.0,2,75112,M,,,75
201400054222,14,8,16,1945,1,2,2,1.0,6,75112,M,,,75
201400054223,14,8,18,1830,1,2,5,1.0,1,75112,M,,,75
201400054224,14,8,19,845,1,2,1,1.0,6,75112,M,,,75
201400054225,14,8,19,1715,1,2,1,1.0,6,75112,M,,,75
201400054226,14,8,21,130,5,2,1,1.0,6,75112,M,,,75
201400054227,14,8,21,915,1,2,1,1.0,6,75112,M,,,75
201400054228,14,8,22,1720,1,2,3,8.0,1,75112,M,,,75
201400054229,14,8,24,1340,1,2,1,1.0,2,75112,M,,,75
201400054230,14,8,26,820,1,2,2,2.0,3,75112,M,,,75
201400054231,14,8,26,1455,1,2,1,1.0,6,75112,M,,,75
201400054232,14,8,27,1245,1,2,3,1.0,6,75112,M,,,75
201400054233,14,8,30,1200,1,2,1,1.0,2,75112,M,,,75
201400054234,14,8,30,2310,5,2,1,2.0,7,75120,M,,,75
201400054235,14,8,31,1250,1,2,1,1.0,7,75112,M,,,75
201400054236,14,8,31,1610,1,2,3,1.0,2,75111,M,,,75
201400054237,14,9,1,1800,1,2,4,1.0,3,75112,M,,,75
201400054238,14,9,3,1500,1,2,2,1.0,7,75112,M,,,75
201400054239,14,9,3,2100,4,2,7,1.0,3,75112,M,,,75
201400054240,14,9,4,800,1,2,1,1.0,2,75112,M,,,75
201400054241,14,9,4,1130,1,2,3,1.0,3,75111,M,,,75
201400054242,14,9,4,1543,1,2,7,1.0,2,75112,M,,,75
201400054243,14,9,5,1420,1,2,5,1.0,6,75112,M,,,75
201400054244,14,9,9,1140,1,2,1,1.0,2,75112,M,,,75
201400054245,14,9,9,1920,1,2,1,1.0,6,75112,M,,,75
201400054246,14,9,10,825,1,2,2,1.0,3,75112,M,,,75
201400054247,14,9,10,1630,1,2,4,1.0,4,75112,M,,,75
201400054248,14,9,10,2000,2,2,1,1.0,6,75112,M,,,75
201400054249,14,9,11,1335,1,2,2,1.0,3,75112,M,,,75
201400054250,14,9,13,1,5,2,1,1.0,3,75112,M,,,75
201400054251,14,9,14,410,5,2,1,1.0,6,75112,M,,,75
201400054252,14,9,14,1900,1,2,1,1.0,3,75112,M,,,75
201400054253,14,9,14,2100,3,2,1,1.0,3,75112,M,,,75
201400054254,14,9,15,1530,1,2,1,1.0,6,75112,M,,,75
201400054255,14,9,15,1630,1,2,2,1.0,3,75112,M,,,75
201400054256,14,9,16,420,5,2,5,1.0,3,75112,M,,,75
201400054257,14,9,17,215,5,2,1,1.0,6,75112,M,,,75
201400054258,14,9,18,1530,1,2,4,1.0,7,75112,M,,,75
201400054259,14,9,18,1650,1,2,3,1.0,6,75112,M,,,75
201400054260,14,9,18,1945,1,2,2,1.0,2,75112,M,,,75
201400054261,14,9,18,2250,5,2,2,1.0,1,75112,M,,,75
201400054262,14,9,19,1030,1,2,4,1.0,2,75112,M,,,75
201400054263,14,9,19,2110,5,2,2,1.0,6,75112,M,,,75
201400054264,14,9,21,1625,1,2,1,1.0,6,75112,M,,,75
201400054265,14,9,21,1805,1,2,2,1.0,6,75112,M,,,75
201400054266,14,9,22,1515,1,2,1,1.0,6,75112,M,,,75
201400054267,14,9,23,945,1,2,1,1.0,2,75112,M,,,75
201400054268,14,9,23,1545,1,2,5,1.0,2,75112,M,,,75
201400054269,14,9,24,1900,2,2,1,2.0,3,75112,M,,,75
201400054270,14,9,24,2334,5,2,7,1.0,7,75112,M,,,75
201400054271,14,9,24,2110,5,2,3,1.0,2,75112,M,,,75
201400054272,14,9,25,2000,5,2,2,1.0,3,75112,M,,,75
201400054273,14,9,26,915,1,2,7,1.0,3,75112,M,,,75
201400054274,14,9,27,1700,1,2,4,1.0,1,75112,M,,,75
201400054275,14,9,28,400,3,2,4,1.0,6,75112,M,,,75
201400054276,14,9,28,550,3,2,1,1.0,6,75112,M,,,75
201400054277,14,9,29,855,1,2,4,2.0,7,75112,M,,,75
201400054278,14,9,29,1620,1,2,7,1.0,1,75112,M,,,75
201400054279,14,9,30,1835,1,2,1,1.0,6,75112,M,,,75
201400054280,14,10,1,200,5,2,1,1.0,2,75112,M,,,75
201400054281,14,10,1,815,1,2,5,1.0,6,75112,M,,,75
201400054282,14,10,3,840,1,2,2,1.0,3,75112,M,,,75
201400054283,14,10,3,1615,1,2,2,1.0,2,75112,M,,,75
201400054284,14,10,3,1805,1,2,1,2.0,6,75112,M,,,75
201400054285,14,10,5,2100,5,2,3,1.0,3,75112,M,,,75
201400054286,14,10,6,1950,5,2,1,2.0,6,75112,M,,,75
201400054287,14,10,6,2000,5,2,3,2.0,6,75112,M,,,75
201400054288,14,10,7,830,1,2,3,1.0,7,75112,M,,,75
201400054289,14,10,7,1800,2,2,2,2.0,3,75111,M,,,75
201400054290,14,10,8,750,2,2,2,3.0,2,75112,M,,,75
201400054291,14,10,7,1515,1,2,2,8.0,6,75112,M,,,75
201400054292,14,10,8,1630,1,2,5,1.0,6,75112,M,,,75
201400054293,14,10,8,2030,5,2,2,6.0,6,75112,M,,,75
201400054294,14,10,9,15,5,2,1,2.0,2,75112,M,,,75
201400054295,14,10,9,1130,1,2,1,1.0,2,75112,M,,,75
201400054296,14,10,10,650,5,2,2,1.0,6,75112,M,,,75
201400054297,14,10,10,1000,1,2,1,1.0,2,75112,M,,,75
201400054298,14,10,10,1650,1,2,1,1.0,6,75112,M,,,75
201400054299,14,10,11,320,5,2,1,1.0,3,75112,M,,,75
201400054300,14,10,11,1100,1,2,2,1.0,7,75112,M,,,75
201400054301,14,10,11,1835,1,2,1,1.0,6,75112,M,,,75
201400054302,14,10,12,530,5,2,1,1.0,6,75112,M,,,75
201400054303,14,10,12,615,5,2,1,1.0,6,75112,M,,,75
201400054304,14,10,13,2015,5,2,1,1.0,6,75112,M,,,75
201400054305,14,10,15,1830,2,2,2,1.0,2,75112,M,,,75
201400054306,14,10,16,835,1,2,1,2.0,7,75112,M,,,75
201400054307,14,10,16,745,2,2,2,1.0,1,75112,M,,,75
201400054308,14,10,16,1440,1,2,3,1.0,6,75112,M,,,75
201400054309,14,10,17,1900,5,2,1,1.0,2,75112,M,,,75
201400054310,14,10,17,2235,5,2,1,1.0,2,75112,M,,,75
201400054311,14,10,18,240,5,2,1,1.0,6,75112,M,,,75
201400054312,14,10,18,1445,1,2,4,1.0,3,75112,M,,,75
201400054313,14,10,18,1900,5,2,1,1.0,6,75112,M,,,75
201400054314,14,10,21,2100,5,2,1,1.0,6,75112,M,,,75
201400054315,14,10,23,1525,1,2,7,1.0,3,75112,M,,,75
201400054316,14,10,23,1900,5,2,1,1.0,3,75112,M,,,75
201400054317,14,10,24,805,1,2,2,1.0,6,75112,M,,,75
201400054318,14,10,24,900,1,2,1,1.0,3,75112,M,,,75
201400054319,14,10,24,1740,1,2,1,2.0,3,75112,M,,,75
201400054320,14,10,24,2145,5,2,2,1.0,5,75112,M,,,75
201400054321,14,10,25,1945,5,2,1,1.0,6,75112,M,,,75
201400054322,14,10,26,2005,5,2,2,1.0,7,75112,M,,,75
201400054323,14,10,27,915,1,2,2,1.0,3,75112,M,,,75
201400054324,14,10,27,1830,5,2,2,1.0,3,75112,M,,,75
201400054325,14,10,28,1635,1,2,3,1.0,6,75112,M,,,75
201400054326,14,10,28,1620,1,2,1,1.0,4,75112,M,,,75
201400054327,14,10,28,1815,5,2,3,1.0,6,75112,M,,,75
201400054328,14,10,29,1235,1,2,2,1.0,2,75112,M,,,75
201400054329,14,10,29,2020,5,2,1,1.0,6,75112,M,,,75
201400054330,14,10,31,1100,1,2,1,1.0,3,75112,M,,,75
201400054331,14,10,31,1210,1,2,1,1.0,6,75112,M,,,75
201400054332,14,10,31,1635,1,2,2,1.0,6,75112,M,,,75
201400054333,14,10,31,2030,5,2,2,1.0,2,75112,M,,,75
201400054334,14,11,2,1245,1,2,1,1.0,6,75112,M,,,75
201400054335,14,11,2,2233,5,2,5,2.0,6,75112,M,,,75
201400054336,14,11,3,1845,5,2,1,3.0,6,75112,M,,,75
201400054337,14,11,3,2030,5,2,2,2.0,6,75112,M,,,75
201400054338,14,11,4,1420,1,2,1,1.0,6,75112,M,,,75
201400054339,14,11,6,1440,1,2,3,1.0,3,75112,M,,,75
201400054340,14,11,7,640,5,2,3,2.0,6,75112,M,,,75
201400054341,14,11,7,700,5,2,2,3.0,6,75112,M,,,75