Num_Acc,an,mois,jour,hrmn,lum,agg,int,atm,col,com,gps,lat,long,dep
201400054342,14,11,8,1715,5,2,1,1.0,5,75112,M,,,75
201400054343,14,11,8,2115,3,2,2,1.0,2,75112,M,,,75
201400054344,14,10,30,425,5,2,7,1.0,7,75112,M,,,75
201400054345,14,11,13,920,1,2,6,1.0,3,75112,M,,,75
201400054346,14,11,14,850,1,2,1,1.0,6,75112,M,,,75
201400054347,14,11,14,1410,1,2,5,2.0,2,75112,M,,,75
201400054348,14,11,15,920,1,2,2,2.0,3,75112,M,,,75
201400054349,14,11,15,1416,1,2,2,1.0,6,75112,M,,,75
201400054350,14,11,15,1800,5,2,1,1.0,6,75112,M,,,75
201400054351,14,11,16,1200,1,2,1,8.0,1,75112,M,,,75
201400054352,14,11,17,1820,5,2,2,3.0,6,75112,M,,,75
201400054353,14,11,17,1900,4,2,7,2.0,3,75112,M,,,75
201400054354,14,11,18,1705,5,2,3,2.0,6,75112,M,,,75
201400054355,14,11,18,1805,5,2,2,2.0,3,75112,M,,,75
201400054356,14,11,20,45,4,2,1,1.0,6,75112,M,,,75
201400054357,14,11,20,1000,1,2,4,1.0,4,75112,M,,,75
201400054358,14,11,22,1730,5,2,2,1.0,3,75112,M,,,75
201400054359,14,11,23,2210,5,2,2,2.0,1,75112,M,,,75
201400054360,14,11,25,805,1,2,1,1.0,2,75112,M,,,75
201400054361,14,11,25,2125,5,2,2,1.0,2,75112,M,,,75
201400054362,14,11,26,820,1,2,1,2.0,7,75112,M,,,75
201400054363,14,11,27,720,2,2,2,2.0,3,75112,M,,,75
201400054364,14,11,27,930,1,2,1,2.0,3,75112,M,,,75
201400054365,14,11,27,1715,5,2,7,1.0,3,75112,M,,,75
201400054366,14,11,27,1855,5,2,1,1.0,6,75112,M,,,75
201400054367,14,11,30,700,2,2,3,1.0,6,75112,M,,,75
201400054368,14,12,1,1640,5,2,4,1.0,6,75112,M,,,75
201400054369,14,12,1,1835,5,2,2,2.0,3,75112,M,,,75
201400054370,14,12,1,1910,5,2,1,2.0,2,75112,M,,,75
201400054371,14,12,1,1905,5,2,1,1.0,6,75111,M,,,75
201400054372,14,12,2,915,1,2,3,8.0,6,75112,M,,,75
201400054373,14,12,3,710,5,2,7,2.0,6,75112,M,,,75
201400054374,14,12,3,1050,1,2,2,1.0,6,75112,M,,,75
201400054375,14,12,5,1000,1,2,1,1.0,3,75112,M,,,75
201400054376,14,12,5,1730,5,2,5,1.0,6,75112,M,,,75
201400054377,14,12,5,2100,5,2,3,2.0,3,75112,M,,,75
201400054378,14,12,6,1200,1,2,1,1.0,6,75112,M,,,75
201400054379,14,12,5,2105,2,2,1,1.0,2,75112,M,,,75
201400054380,14,12,6,1840,5,2,2,1.0,5,75112,M,,,75
201400054381,14,12,6,1617,1,2,5,1.0,6,75112,M,,,75
201400054382,14,12,7,1445,1,2,2,2.0,6,75112,M,,,75
201400054383,14,12,8,930,1,2,7,8.0,3,75111,M,,,75
201400054384,14,12,7,2140,5,2,5,2.0,3,75112,M,,,75
201400054385,14,12,9,815,1,2,3,1.0,3,75112,M,,,75
201400054386,14,12,9,1115,1,2,2,8.0,2,75112,M,,,75
201400054387,14,12,12,850,1,2,4,2.0,6,75112,M,,,75
201400054388,14,12,12,1105,1,2,3,1.0,3,75112,M,,,75
201400054389,14,12,12,1840,5,2,3,2.0,6,75112,M,,,75
201400054390,14,12,12,2005,5,2,1,3.0,7,75112,M,,,75
201400054391,14,12,12,2335,5,2,5,3.0,6,75112,M,,,75
201400054392,14,12,15,620,5,2,4,2.0,6,75112,M,,,75
201400054393,14,12,15,1930,5,2,5,2.0,3,75112,M,,,75
201400054394,14,12,16,1705,5,2,4,1.0,6,75112,M,,,75
201400054395,14,12,17,710,5,2,2,2.0,6,75112,M,,,75
201400054396,14,12,17,1605,2,2,1,2.0,6,75112,M,,,75
201400054397,14,12,19,840,2,2,1,8.0,6,75112,M,,,75
201400054398,14,12,20,940,1,2,1,1.0,2,75112,M,,,75
201400054399,14,12,21,1,5,2,1,1.0,2,75112,M,,,75
201400054400,14,12,21,1415,1,2,3,8.0,3,75112,M,,,75
201400054401,14,12,24,1640,5,2,5,2.0,3,75112,M,,,75
201400054402,14,12,28,225,5,2,1,2.0,6,75112,M,,,75
201400054403,14,12,28,2015,5,2,2,1.0,3,75112,M,,,75
201400054404,14,12,31,1240,1,2,6,1.0,3,75112,M,,,75
201400054405,14,12,31,1330,1,2,1,1.0,7,75112,M,,,75
201400054406,14,1,2,1950,5,2,3,1.0,6,75113,M,,,75
201400054407,14,1,2,555,5,2,4,1.0,6,75113,M,,,75
201400054408,14,1,3,1315,1,2,4,1.0,6,75113,M,,,75
201400054409,14,1,3,1535,1,2,1,1.0,7,75113,M,,,75
201400054410,14,1,7,1805,5,2,1,8.0,6,75113,M,,,75
201400054411,14,1,7,1820,5,2,4,1.0,3,75113,M,,,75
201400054412,14,1,9,150,5,2,1,1.0,6,75113,M,,,75
201400054413,14,1,11,1050,1,2,5,1.0,3,75113,M,,,75
201400054414,14,1,11,1600,1,2,1,1.0,2,75113,M,,,75
201400054415,14,1,12,1800,5,2,1,1.0,6,75113,M,,,75
201400054416,14,1,13,1145,1,2,2,1.0,6,75113,M,,,75
201400054417,14,1,13,1755,5,2,2,1.0,6,75113,M,,,75
201400054418,14,1,14,1905,5,2,2,1.0,6,75113,M,,,75
201400054419,14,1,15,1320,1,2,5,2.0,6,75113,M,,,75
201400054420,14,1,15,1910,5,2,2,3.0,3,75113,M,,,75
201400054421,14,1,15,1944,5,2,3,2.0,3,75113,M,,,75
201400054422,14,1,16,1515,1,2,2,2.0,3,75113,M,,,75
201400054423,14,1,19,1450,1,2,2,1.0,3,75113,M,,,75
201400054424,14,1,19,2050,5,2,3,1.0,6,75113,M,,,75
201400054425,14,1,20,2300,5,2,1,1.0,6,75113,M,,,75
201400054426,14,1,22,1345,1,2,5,1.0,6,75113,M,,,75
201400054427,14,1,22,1455,1,2,3,2.0,3,75113,M,,,75
201400054428,14,1,23,955,2,2,2,1.0,7,75113,M,,,75
201400054429,14,1,24,1345,1,2,1,1.0,3,75113,M,,,75
201400054430,14,1,24,2050,5,2,4,1.0,3,75113,M,,,75
201400054431,14,1,25,433,5,2,2,3.0,6,75113,M,,,75
201400054432,14,1,25,1325,1,2,1,8.0,6,75113,M,,,75
201400054433,14,1,26,1540,1,2,2,3.0,6,75113,M,,,75
201400054434,14,1,27,845,1,2,7,1.0,6,75113,M,,,75
201400054435,14,1,28,655,5,2,1,1.0,3,75113,M,,,75
201400054436,14,1,31,1820,5,2,2,1.0,6,75113,M,,,75
201400054437,14,2,1,1655,1,2,3,1.0,7,75113,M,,,75
201400054438,14,2,2,220,5,2,1,1.0,6,75113,M,,,75
201400054439,14,2,3,850,1,2,2,1.0,3,75113,M,,,75
201400054440,14,2,4,705,5,2,3,1.0,6,75113,M,,,75
201400054441,14,2,4,1900,5,2,3,1.0,6,75113,M,,,75
201400054442,14,2,5,1630,1,2,2,1.0,2,75113,M,,,75
201400054443,14,2,8,1230,1,2,3,1.0,6,75113,M,,,75
201400054444,14,2,8,1525,1,2,3,1.0,3,75113,M,,,75
201400054445,14,2,11,2230,5,2,2,9.0,1,75113,M,,,75
201400054446,14,2,13,900,1,2,1,8.0,4,75113,M,,,75
201400054447,14,2,14,1015,1,2,1,2.0,3,75113,M,,,75
201400054448,14,2,14,1905,5,2,3,8.0,3,75113,M,,,75
201400054449,14,2,16,5,5,2,2,1.0,3,75113,M,,,75
201400054450,14,2,18,825,1,2,1,1.0,6,75113,M,,,75
201400054451,14,2,20,2110,5,2,1,1.0,6,75113,M,,,75
201400054452,14,2,22,2030,5,2,4,1.0,3,75113,M,,,75
201400054453,14,2,23,1550,1,2,4,1.0,7,75113,M,,,75
201400054454,14,2,23,1625,1,2,4,1.0,6,75113,M,,,75
201400054455,14,2,25,900,1,2,1,2.0,5,75113,M,,,75
201400054456,14,2,26,1330,1,2,1,1.0,6,75113,M,,,75
201400054457,14,2,26,2020,5,2,5,1.0,6,75113,M,,,75
201400054458,14,2,27,10,3,2,1,1.0,6,75113,M,,,75
201400054459,14,2,27,2155,5,2,1,2.0,5,75113,M,,,75
201400054460,14,2,28,1445,1,2,1,1.0,6,75113,M,,,75
201400054461,14,3,3,820,1,2,1,1.0,2,75113,M,,,75
201400054462,14,3,3,1640,1,2,1,8.0,3,75113,M,,,75
201400054463,14,3,5,2025,5,2,1,1.0,3,75113,M,,,75
201400054464,14,3,6,1440,1,2,1,1.0,3,75113,M,,,75
201400054465,14,3,8,1755,1,2,5,1.0,3,75113,M,,,75
201400054466,14,3,8,1950,5,2,3,1.0,6,75113,M,,,75
201400054467,14,3,11,950,1,2,3,1.0,3,75113,M,,,75
201400054468,14,3,11,2035,5,2,3,1.0,1,75113,M,,,75
201400054469,14,3,14,1220,1,2,3,1.0,3,75113,M,,,75
201400054470,14,3,16,840,1,2,1,1.0,6,75113,M,,,75
201400054471,14,3,17,1830,1,2,4,1.0,2,75113,M,,,75
201400054472,14,3,18,1010,1,2,3,1.0,6,75113,M,,,75
201400054473,14,3,18,1805,1,2,1,1.0,6,75113,M,,,75
201400054474,14,3,18,2100,5,2,1,1.0,6,75113,M,,,75
201400054475,14,3,20,1725,1,2,3,1.0,3,75113,M,,,75
201400054476,14,3,20,510,5,2,1,1.0,6,75113,M,,,75
201400054477,14,3,21,1855,2,2,3,1.0,3,75113,M,,,75
201400054478,14,3,24,1155,1,2,1,1.0,2,75113,M,,,75
201400054479,14,3,24,1815,1,2,3,1.0,2,75113,M,,,75
201400054480,14,3,28,1645,1,2,5,1.0,6,75113,M,,,75
201400054481,14,3,28,1715,1,2,2,1.0,1,75113,M,,,75
201400054482,14,3,31,1600,1,2,2,1.0,3,75113,M,,,75
201400054483,14,4,2,1830,1,2,1,1.0,6,75113,M,,,75
201400054484,14,4,3,1300,1,2,2,1.0,7,75113,M,,,75
201400054485,14,4,5,445,5,2,2,1.0,6,75113,M,,,75
201400054486,14,4,6,1715,1,2,5,1.0,6,75113,M,,,75
201400054487,14,4,7,1030,1,2,2,1.0,1,75113,M,,,75
201400054488,14,4,9,1445,1,2,1,1.0,2,75113,M,,,75
201400054489,14,4,10,910,1,2,1,1.0,3,75113,M,,,75
201400054490,14,4,12,1925,1,2,1,1.0,6,75113,M,,,75
201400054491,14,4,14,835,1,2,1,1.0,2,75113,M,,,75
201400054492,14,4,14,1100,1,2,1,1.0,2,75113,M,,,75
201400054493,14,4,16,2105,5,2,4,1.0,6,75113,M,,,75
201400054494,14,4,17,1215,1,2,1,1.0,6,75113,M,,,75
201400054495,14,4,17,2214,5,2,2,1.0,6,75113,M,,,75
201400054496,14,4,19,1735,1,2,2,8.0,7,75113,M,,,75
201400054497,14,4,20,1850,1,2,2,1.0,6,75113,M,,,75
201400054498,14,4,20,2315,5,2,4,1.0,2,75113,M,,,75
201400054499,14,4,24,1820,1,2,3,1.0,4,75113,M,,,75
201400054500,14,4,25,1215,1,2,3,2.0,1,75113,M,,,75
201400054501,14,4,29,110,5,2,1,1.0,6,75113,M,,,75
201400054502,14,4,29,1500,1,2,1,1.0,6,75113,M,,,75
201400054503,14,4,29,1550,1,2,1,2.0,6,75113,M,,,75
201400054504,14,5,1,2300,5,2,4,2.0,3,75113,M,,,75
201400054505,14,5,2,1900,1,2,1,1.0,6,75113,M,,,75
201400054506,14,5,4,2035,1,2,1,1.0,6,75113,M,,,75
201400054507,14,5,6,1335,1,2,5,1.0,6,75113,M,,,75
201400054508,14,5,7,1030,1,2,3,1.0,2,75113,M,,,75
201400054509,14,5,7,1340,1,2,1,2.0,3,75113,M,,,75
201400054510,14,5,7,1825,1,2,3,1.0,6,75113,M,,,75
201400054511,14,5,11,120,5,2,2,1.0,6,75113,M,,,75
201400054512,14,5,11,1615,1,2,1,8.0,2,75113,M,,,75
201400054513,14,5,12,1300,1,2,3,2.0,6,75113,M,,,75
201400054514,14,5,12,1920,1,2,2,1.0,6,75113,M,,,75
201400054515,14,5,13,1435,1,2,3,2.0,3,75113,M,,,75
201400054516,14,5,13,1605,1,2,1,1.0,7,75113,M,,,75
201400054517,14,5,14,1230,1,2,3,1.0,2,75113,M,,,75
201400054518,14,5,14,1620,1,2,2,1.0,3,75113,M,,,75
201400054519,14,5,15,2055,2,2,1,1.0,6,75113,M,,,75
201400054520,14,5,17,1000,1,2,4,1.0,3,75113,M,,,75
201400054521,14,5,17,1310,1,2,4,1.0,3,75113,M,,,75
201400054522,14,5,17,1850,1,2,1,1.0,3,75113,M,,,75
201400054523,14,5,21,650,1,2,2,8.0,6,75113,M,,,75
201400054524,14,5,21,2030,2,2,3,3.0,6,75113,M,,,75
201400054525,14,5,21,2230,3,2,1,3.0,2,75113,M,,,75
201400054526,14,5,22,1715,1,2,1,1.0,6,75113,M,,,75
201400054527,14,5,23,1700,2,2,3,2.0,6,75113,M,,,75
201400054528,14,5,23,2320,5,2,5,3.0,3,75113,M,,,75
201400054529,14,5,24,250,5,2,1,3.0,6,75113,M,,,75
201400054530,14,5,24,1700,1,2,1,3.0,2,75113,M,,,75
201400054531,14,5,24,2255,5,2,1,1.0,1,75105,M,,,75
201400054532,14,5,26,1015,1,2,5,2.0,6,75113,M,,,75
201400054533,14,5,27,845,1,2,1,1.0,6,75113,M,,,75
201400054534,14,5,27,1130,1,2,3,1.0,2,75113,M,,,75
201400054535,14,5,28,1300,1,2,2,1.0,1,75113,M,,,75
201400054536,14,5,28,1720,1,2,1,1.0,6,75113,M,,,75
201400054537,14,5,29,1605,1,2,2,1.0,3,75113,M,,,75
201400054538,14,5,30,400,5,2,5,1.0,6,75113,M,,,75
201400054539,14,5,30,1751,1,2,2,1.0,6,75113,M,,,75
201400054540,14,5,30,2155,5,2,2,1.0,6,75113,M,,,75
201400054541,14,6,2,1355,1,2,1,1.0,6,75113,M,,,75
201400054542,14,6,2,1635,1,2,7,1.0,3,75113,M,,,75
201400054543,14,6,3,1030,1,2,2,1.0,3,75113,M,,,75
201400054544,14,6,4,1505,1,2,3,2.0,2,75113,M,,,75
201400054545,14,6,6,1635,1,2,1,1.0,3,75113,M,,,75
201400054546,14,6,7,1345,1,2,4,1.0,2,75113,M,,,75
201400054547,14,6,7,1500,1,2,5,1.0,3,75113,M,,,75
201400054548,14,6,7,2030,1,2,2,1.0,6,75113,M,,,75
201400054549,14,6,9,855,1,2,1,1.0,6,75113,M,,,75
201400054550,14,6,10,350,5,2,4,2.0,3,75113,M,,,75
201400054551,14,6,12,2250,5,2,1,1.0,2,75113,M,,,75
201400054552,14,6,13,2005,1,2,5,1.0,6,75113,M,,,75
201400054553,14,6,15,2315,5,2,2,1.0,6,75113,M,,,75
201400054554,14,6,16,850,1,2,1,1.0,2,75113,M,,,75
201400054555,14,6,17,1810,1,2,1,1.0,6,75113,M,,,75
201400054556,14,6,18,1035,1,2,2,1.0,2,75113,M,,,75
201400054557,14,6,18,1455,1,2,2,1.0,1,75113,M,,,75
201400054558,14,6,19,1810,1,2,2,1.0,6,75113,M,,,75
201400054559,14,6,19,1830,1,2,1,1.0,2,75113,M,,,75
201400054560,14,6,21,50,5,2,5,1.0,6,75113,M,,,75
201400054561,14,6,23,200,5,2,2,1.0,1,75113,M,,,75
201400054562,14,6,23,935,1,2,1,1.0,3,75113,M,,,75
201400054563,14,6,23,1335,1,2,1,1.0,2,75113,M,,,75
201400054564,14,6,23,1335,1,2,1,1.0,3,75114,M,,,75
201400054565,14,6,24,1940,1,2,2,1.0,3,75113,M,,,75
201400054566,14,6,26,1225,1,2,1,1.0,3,75113,M,,,75
201400054567,14,6,26,550,2,2,7,1.0,7,75113,M,,,75
201400054568,14,6,27,2220,5,2,3,1.0,6,75113,M,,,75
201400054569,14,6,30,1755,2,2,2,1.0,3,75113,M,,,75
201400054570,14,7,1,755,1,2,1,1.0,6,75113,M,,,75
201400054571,14,7,1,900,1,2,3,1.0,3,75113,M,,,75
201400054572,14,7,1,2005,1,2,2,1.0,3,75113,M,,,75
201400054573,14,7,2,1120,1,2,1,1.0,4,75113,M,,,75
201400054574,14,7,2,1840,1,2,4,1.0,2,75113,M,,,75
201400054575,14,7,3,850,1,2,1,1.0,3,75113,M,,,75
201400054576,14,7,3,1250,1,2,1,1.0,3,75113,M,,,75
201400054577,14,7,3,1905,1,2,3,1.0,3,75113,M,,,75
201400054578,14,7,3,2100,1,2,1,1.0,6,75113,M,,,75
201400054579,14,7,8,1225,1,2,5,1.0,3,75113,M,,,75
201400054580,14,7,8,1950,1,2,5,3.0,3,75113,M,,,75
201400054581,14,7,9,1550,1,2,1,2.0,6,75113,M,,,75
201400054582,14,7,10,1455,1,2,1,1.0,6,75113,M,,,75
201400054583,14,7,11,2035,1,2,3,1.0,3,75113,M,,,75
201400054584,14,7,11,2215,5,2,2,1.0,3,75113,M,,,75
201400054585,14,7,12,30,5,2,1,1.0,6,75113,M,,,75
201400054586,14,7,15,940,1,2,1,1.0,6,75113,M,,,75
201400054587,14,7,16,1005,1,2,3,1.0,7,75113,M,,,75
201400054588,14,7,17,915,1,2,3,1.0,3,75113,M,,,75
201400054589,14,7,19,1450,1,2,1,1.0,1,75113,M,,,75
201400054590,14,7,23,830,1,2,5,1.0,3,75113,M,,,75
201400054591,14,7,23,1700,1,2,5,1.0,3,75113,M,,,75
201400054592,14,7,24,1930,1,2,3,1.0,4,75113,M,,,75
201400054593,14,7,25,103,5,2,1,1.0,3,75113,M,,,75
201400054594,14,7,26,550,2,2,7,1.0,7,75113,M,,,75
201400054595,14,7,27,1720,1,2,5,1.0,3,75113,M,,,75
201400054596,14,7,28,1510,1,2,1,1.0,6,75113,M,,,75
201400054597,14,7,28,1658,1,2,1,1.0,6,75113,M,,,75
201400054598,14,8,1,1325,1,2,5,1.0,6,75113,M,,,75
201400054599,14,8,1,1325,1,2,5,1.0,3,75113,M,,,75
201400054600,14,8,1,1725,1,2,1,1.0,6,75113,M,,,75
201400054601,14,8,1,1920,1,2,2,1.0,4,75113,M,,,75
201400054602,14,8,4,1950,1,2,2,1.0,6,75113,M,,,75
201400054603,14,8,6,1045,1,2,7,2.0,2,75113,M,,,75
201400054604,14,8,7,230,5,2,5,8.0,3,75113,M,,,75
201400054605,14,8,8,345,5,2,7,1.0,1,75105,M,,,75
201400054606,14,8,11,1720,1,2,3,1.0,6,75113,M,,,75
201400054607,14,8,12,945,1,2,3,7.0,3,75113,M,,,75
201400054608,14,8,12,1020,1,2,3,1.0,6,75113,M,,,75
201400054609,14,8,12,1330,1,2,3,2.0,3,75113,M,,,75
201400054610,14,8,15,15,5,2,3,2.0,7,75113,M,,,75
201400054611,14,8,15,1535,1,2,2,1.0,2,75113,M,,,75
201400054612,14,8,17,1610,1,2,7,1.0,6,75113,M,,,75
201400054613,14,8,18,840,1,2,1,1.0,3,75113,M,,,75
201400054614,14,8,19,2115,5,2,1,1.0,6,75113,M,,,75
201400054615,14,8,19,2200,5,2,3,1.0,2,75113,M,,,75
201400054616,14,8,22,2040,5,2,1,2.0,2,75113,M,,,75
201400054617,14,8,28,1256,1,2,2,2.0,3,75113,M,,,75
201400054618,14,8,28,1525,1,2,1,1.0,6,75113,M,,,75
201400054619,14,8,29,1250,1,2,7,1.0,6,75113,M,,,75
201400054620,14,8,31,640,5,2,1,1.0,6,75113,M,,,75
201400054621,14,9,4,1150,2,2,2,1.0,3,75113,M,,,75
201400054622,14,9,5,2125,5,2,3,1.0,6,75113,M,,,75
201400054623,14,9,6,1912,1,2,2,1.0,6,75113,M,,,75
201400054624,14,9,8,1320,1,2,1,1.0,6,75113,M,,,75
201400054625,14,9,8,1435,1,2,3,1.0,3,75113,M,,,75
201400054626,14,9,10,910,1,2,1,1.0,6,75113,M,,,75
201400054627,14,9,11,2110,5,2,3,1.0,6,75113,M,,,75
201400054628,14,9,11,2300,5,2,5,1.0,2,75113,M,,,75
201400054629,14,9,12,855,1,2,1,1.0,6,75113,M,,,75
201400054630,14,9,12,1145,1,2,3,1.0,2,75113,M,,,75
201400054631,14,9,12,2130,5,2,3,1.0,3,75113,M,,,75
201400054632,14,9,14,2000,5,2,1,1.0,2,75113,M,,,75
201400054633,14,9,15,1745,1,2,1,1.0,6,75113,M,,,75
201400054634,14,9,16,1005,1,2,1,1.0,6,75113,M,,,75
201400054635,14,9,17,1855,1,2,1,1.0,6,75105,M,,,75
201400054636,14,9,19,1200,1,2,7,1.0,3,75113,M,,,75
201400054637,14,9,19,1445,1,2,3,1.0,6,75113,M,,,75
201400054638,14,9,19,1400,1,2,4,1.0,3,75113,M,,,75
201400054639,14,9,19,2120,5,2,2,1.0,6,75113,M,,,75
201400054640,14,9,20,1445,1,2,2,1.0,2,75113,M,,,75
201400054641,14,9,20,2050,5,2,3,8.0,2,75113,M,,,75
201400054642,14,9,21,540,5,2,3,3.0,6,75113,M,,,75
201400054643,14,9,21,1220,1,2,1,1.0,6,75113,M,,,75
201400054644,14,9,23,150,5,2,1,1.0,6,75113,M,,,75
201400054645,14,9,24,910,1,2,5,1.0,2,75113,M,,,75
201400054646,14,9,24,1255,1,2,1,1.0,2,75113,M,,,75
201400054647,14,9,24,2020,5,2,5,1.0,2,75113,M,,,75
201400054648,14,9,25,1800,1,2,2,1.0,3,75113,M,,,75
201400054649,14,9,17,1230,1,2,3,1.0,6,75113,M,,,75
201400054650,14,9,26,2245,5,2,3,1.0,2,75113,M,,,75
201400054651,14,9,27,1520,1,2,3,1.0,2,75113,M,,,75
201400054652,14,9,27,1425,1,2,2,1.0,2,75113,M,,,75
201400054653,14,9,27,2225,5,2,2,1.0,2,75113,M,,,75
201400054654,14,9,28,2250,4,2,1,1.0,2,75113,M,,,75
201400054655,14,9,29,1555,1,2,1,1.0,6,75113,M,,,75
201400054656,14,9,30,1230,1,2,2,1.0,6,75113,M,,,75
201400054657,14,9,30,1535,1,2,2,1.0,1,75113,M,,,75
201400054658,14,9,30,1815,1,2,3,1.0,3,75113,M,,,75
201400054659,14,10,1,1640,1,2,2,1.0,3,75113,M,,,75
201400054660,14,10,2,800,1,2,3,1.0,3,75113,M,,,75
201400054661,14,10,3,2345,5,2,1,1.0,3,75113,M,,,75
201400054662,14,10,2,2345,5,2,7,1.0,2,75113,M,,,75
201400054663,14,10,3,1500,1,2,2,1.0,3,75113,M,,,75
201400054664,14,10,5,20,5,2,1,2.0,2,75113,M,,,75
201400054665,14,10,6,1830,5,2,4,2.0,6,75113,M,,,75
201400054666,14,10,7,2255,5,2,1,2.0,6,75113,M,,,75
201400054667,14,10,7,945,1,2,2,1.0,7,75113,M,,,75
201400054668,14,10,7,2045,3,2,2,8.0,6,75113,M,,,75
201400054669,14,10,8,805,2,2,2,2.0,6,75113,M,,,75
201400054670,14,10,8,2045,5,2,1,2.0,6,75113,M,,,75
201400054671,14,10,9,745,2,2,3,1.0,6,75113,M,,,75
201400054672,14,10,11,45,5,2,3,1.0,1,75113,M,,,75
201400054673,14,10,11,2110,3,2,3,1.0,2,75113,M,,,75
201400054674,14,10,13,820,1,2,2,1.0,3,75113,M,,,75
201400054675,14,10,13,1910,2,2,7,1.0,2,75113,M,,,75
201400054676,14,10,14,1150,1,2,2,1.0,6,75114,M,,,75
201400054677,14,10,14,1555,1,2,1,1.0,6,75113,M,,,75
201400054678,14,10,15,1450,1,2,3,2.0,2,75113,M,,,75
201400054679,14,10,15,1515,1,2,3,2.0,6,75113,M,,,75
201400054680,14,10,15,1545,1,2,1,2.0,3,75113,M,,,75
201400054681,14,10,17,1700,1,2,3,1.0,6,75113,M,,,75
201400054682,14,10,17,1800,2,2,4,1.0,3,75113,M,,,75
201400054683,14,10,18,500,5,2,5,1.0,6,75106,M,,,75
201400054684,14,10,20,1130,1,2,2,1.0,3,75113,M,,,75
201400054685,14,10,22,130,5,2,1,1.0,6,75113,M,,,75
201400054686,14,10,22,1425,1,2,5,1.0,3,75113,M,,,75
201400054687,14,10,22,1825,1,2,7,1.0,6,75113,M,,,75
201400054688,14,10,23,2020,5,2,2,1.0,3,75113,M,,,75
201400054689,14,10,24,500,2,2,2,1.0,6,75113,M,,,75
201400054690,14,10,29,1815,5,2,5,1.0,3,75113,M,,,75
201400054691,14,10,30,1430,1,2,2,1.0,3,75113,M,,,75
201400054692,14,10,30,1630,1,2,2,1.0,6,75113,M,,,75
201400054693,14,10,31,1230,1,2,3,1.0,6,75113,M,,,75
201400054694,14,10,31,1320,1,2,1,1.0,3,75113,M,,,75
201400054695,14,10,31,1315,1,2,3,1.0,6,75105,M,,,75
201400054696,14,11,1,1045,1,2,1,1.0,3,75113,M,,,75
201400054697,14,11,2,2230,5,2,2,2.0,3,75113,M,,,75
201400054698,14,11,3,1800,5,2,1,2.0,6,75113,M,,,75
201400054699,14,11,3,1820,5,2,3,3.0,6,75113,M,,,75
201400054700,14,11,4,1230,1,2,1,1.0,6,75113,M,,,75
201400054701,14,11,4,1620,1,2,2,1.0,2,75113,M,,,75
201400054702,14,11,5,1445,1,2,3,1.0,3,75113,M,,,75
201400054703,14,11,5,1410,1,2,3,1.0,6,75113,M,,,75
201400054704,14,11,6,1200,1,2,1,1.0,4,75113,M,,,75
201400054705,14,11,7,1600,1,2,3,1.0,3,75113,M,,,75
201400054706,14,11,12,2035,5,2,1,1.0,6,75113,M,,,75
201400054707,14,11,13,950,1,2,7,1.0,2,75113,M,,,75
201400054708,14,11,14,845,1,2,1,8.0,3,75113,M,,,75
201400054709,14,11,15,1130,1,2,1,8.0,2,75113,M,,,75
201400054710,14,11,15,1715,2,2,3,1.0,6,75113,M,,,75
201400054711,14,11,16,320,5,2,2,1.0,6,75113,M,,,75
201400054712,14,11,16,1612,1,2,1,3.0,6,75113,M,,,75
201400054713,14,11,17,955,1,2,2,1.0,2,75113,M,,,75
201400054714,14,11,18,1945,5,2,2,2.0,7,75113,M,,,75
201400054715,14,11,22,1515,1,2,5,1.0,3,75113,M,,,75
201400054716,14,11,24,855,1,2,3,2.0,2,75113,M,,,75
201400054717,14,11,25,1935,5,2,3,1.0,2,75113,M,,,75
201400054718,14,11,26,1640,5,2,2,2.0,2,75113,M,,,75
201400054719,14,11,26,2030,5,2,5,1.0,6,75113,M,,,75
201400054720,14,11,27,1300,1,2,3,1.0,5,75113,M,,,75
201400054721,14,11,29,1900,5,2,2,1.0,6,75113,M,,,75
201400054722,14,12,1,2315,5,2,3,2.0,6,75113,M,,,75
201400054723,14,12,2,710,5,2,1,1.0,6,75113,M,,,75
201400054724,14,12,2,2150,5,2,1,1.0,6,75113,M,,,75
201400054725,14,12,3,315,5,2,1,2.0,7,75113,M,,,75
201400054726,14,12,3,2320,5,2,1,1.0,6,75113,M,,,75
201400054727,14,12,5,2130,5,2,3,2.0,6,75113,M,,,75
201400054728,14,12,7,410,5,2,7,1.0,6,75113,M,,,75
201400054729,14,12,8,1530,1,2,2,2.0,6,75113,M,,,75
201400054730,14,12,10,1910,5,2,3,1.0,6,75106,M,,,75
201400054731,14,12,13,535,5,2,5,2.0,3,75113,M,,,75
201400054732,14,12,13,1900,5,2,1,1.0,6,75113,M,,,75
201400054733,14,12,15,1825,5,2,3,2.0,3,75113,M,,,75
201400054734,14,12,18,905,1,2,2,1.0,2,75113,M,,,75
201400054735,14,12,19,350,5,2,5,1.0,6,75113,M,,,75
201400054736,14,12,19,2025,5,2,3,1.0,6,75113,M,,,75
201400054737,14,12,20,205,3,2,1,1.0,6,75113,M,,,75
201400054738,14,12,20,2215,5,2,2,1.0,6,75113,M,,,75
201400054739,14,12,21,1335,1,2,2,1.0,3,75113,M,,,75
201400054740,14,12,27,1245,1,2,5,2.0,6,75113,M,,,75
201400054741,14,12,27,2155,5,2,5,1.0,6,75113,M,,,75
201400054742,14,12,28,350,5,2,3,1.0,6,75113,M,,,75
201400054743,14,1,1,2057,5,2,2,1.0,6,75114,M,,,75
201400054744,14,1,4,1655,5,2,3,2.0,6,75114,M,,,75
201400054745,14,1,9,2010,5,2,3,1.0,3,75114,M,,,75
201400054746,14,1,9,2315,5,2,7,1.0,6,75114,M,,,75
201400054747,14,1,11,1430,1,2,5,1.0,7,75114,M,,,75