Num_Acc,an,mois,jour,hrmn,lum,agg,int,atm,col,com,gps,lat,long,dep
201400054748,14,1,13,1010,1,2,5,1.0,6,75114,M,,,75
201400054749,14,1,13,1100,1,2,5,1.0,6,75114,M,,,75
201400054750,14,1,14,1730,2,2,1,1.0,6,75114,M,,,75
201400054751,14,1,18,645,5,2,2,1.0,3,75114,M,,,75
201400054752,14,1,20,1550,1,2,1,1.0,7,75114,M,,,75
201400054753,14,1,20,1735,5,2,1,1.0,2,75114,M,,,75
201400054754,14,1,21,1800,5,2,3,1.0,6,75114,M,,,75
201400054755,14,1,22,1940,5,2,5,2.0,6,75114,M,,,75
201400054756,14,1,22,2000,5,2,7,2.0,6,75114,M,,,75
201400054757,14,1,24,550,5,2,2,1.0,6,75114,M,,,75
201400054758,14,1,24,1630,1,2,1,1.0,6,75114,M,,,75
201400054759,14,1,24,2030,5,2,1,1.0,6,75114,M,,,75
201400054760,14,1,28,2330,5,2,5,2.0,6,75114,M,,,75
201400054761,14,1,29,550,5,2,1,2.0,6,75114,M,,,75
201400054762,14,1,30,1100,1,2,1,1.0,1,75114,M,,,75
201400054763,14,1,31,1350,1,2,2,1.0,6,75114,M,,,75
201400054764,14,2,1,1930,5,2,1,1.0,6,75114,M,,,75
201400054765,14,2,1,2054,5,2,7,1.0,2,75114,M,,,75
201400054766,14,2,2,1755,5,2,3,1.0,7,75114,M,,,75
201400054767,14,2,3,840,1,2,1,1.0,6,75114,M,,,75
201400054768,14,2,3,1405,1,2,2,1.0,6,75114,M,,,75
201400054769,14,2,3,1920,5,2,1,1.0,3,75114,M,,,75
201400054770,14,2,4,1245,1,2,4,1.0,6,75114,M,,,75
201400054771,14,2,5,1525,1,2,2,1.0,3,75114,M,,,75
201400054772,14,2,5,2300,5,2,2,1.0,2,75114,M,,,75
201400054773,14,2,6,1600,1,2,1,1.0,7,75114,M,,,75
201400054774,14,2,10,1015,1,2,2,1.0,6,75114,M,,,75
201400054775,14,2,13,930,1,2,1,2.0,7,75114,M,,,75
201400054776,14,2,13,820,1,2,3,2.0,6,75114,M,,,75
201400054777,14,2,13,1420,1,2,7,2.0,2,75114,M,,,75
201400054778,14,2,13,1630,1,2,2,1.0,6,75114,M,,,75
201400054779,14,2,13,2145,5,2,1,1.0,6,75114,M,,,75
201400054780,14,2,15,1450,1,2,2,1.0,3,75114,M,,,75
201400054781,14,2,20,710,5,2,5,2.0,3,75114,M,,,75
201400054782,14,2,24,1000,1,2,2,1.0,3,75114,M,,,75
201400054783,14,2,24,2130,5,2,2,1.0,7,75114,M,,,75
201400054784,14,2,25,850,1,2,2,2.0,3,75114,M,,,75
201400054785,14,2,25,925,1,2,2,1.0,3,75114,M,,,75
201400054786,14,2,25,855,1,2,2,2.0,7,75114,M,,,75
201400054787,14,2,26,1340,1,2,2,1.0,6,75114,M,,,75
201400054788,14,2,28,1100,1,2,1,2.0,7,75114,M,,,75
201400054789,14,2,28,1210,1,2,3,2.0,7,75114,M,,,75
201400054790,14,3,3,1900,5,2,3,8.0,6,75114,M,,,75
201400054791,14,3,3,2020,5,2,1,2.0,2,75114,M,,,75
201400054792,14,3,5,1155,1,2,4,1.0,6,75114,M,,,75
201400054793,14,3,7,1800,1,2,3,1.0,3,75114,M,,,75
201400054794,14,3,8,635,2,2,5,1.0,3,75114,M,,,75
201400054795,14,3,8,1910,5,2,5,1.0,5,75114,M,,,75
201400054796,14,3,11,845,1,2,1,1.0,6,75114,M,,,75
201400054797,14,3,14,855,1,2,2,1.0,6,75114,M,,,75
201400054798,14,3,17,840,1,2,3,8.0,3,75114,M,,,75
201400054799,14,3,18,1000,1,2,2,8.0,6,75114,M,,,75
201400054800,14,3,18,1640,1,2,2,1.0,3,75114,M,,,75
201400054801,14,3,18,1540,1,2,3,1.0,7,75114,M,,,75
201400054802,14,3,21,1140,1,2,7,1.0,6,75114,M,,,75
201400054803,14,3,21,1845,2,2,2,1.0,6,75114,M,,,75
201400054804,14,3,22,910,1,2,3,2.0,6,75114,M,,,75
201400054805,14,3,25,2000,5,2,1,2.0,6,75114,M,,,75
201400054806,14,3,26,1250,1,2,2,1.0,6,75114,M,,,75
201400054807,14,3,27,1015,1,2,3,1.0,3,75114,M,,,75
201400054808,14,3,27,1230,1,2,1,1.0,2,75114,M,,,75
201400054809,14,3,30,1815,1,2,1,1.0,2,75114,M,,,75
201400054810,14,3,31,515,5,2,1,1.0,6,75114,M,,,75
201400054811,14,4,1,1730,1,2,7,1.0,6,75114,M,,,75
201400054812,14,4,7,810,1,2,1,1.0,7,75114,M,,,75
201400054813,14,4,7,1730,1,2,3,1.0,6,75114,M,,,75
201400054814,14,4,7,1900,1,2,1,2.0,7,75114,M,,,75
201400054815,14,4,8,1300,1,2,5,1.0,6,75114,M,,,75
201400054816,14,4,8,2115,5,2,2,1.0,3,75114,M,,,75
201400054817,14,4,9,1430,1,2,3,1.0,3,75114,M,,,75
201400054818,14,4,10,25,5,2,5,1.0,3,75114,M,,,75
201400054819,14,4,11,1655,1,2,1,1.0,3,75114,M,,,75
201400054820,14,4,14,300,5,2,1,1.0,7,75114,M,,,75
201400054821,14,4,16,830,1,2,1,1.0,3,75114,M,,,75
201400054822,14,4,19,440,5,2,2,1.0,6,75114,M,,,75
201400054823,14,4,23,1015,1,2,4,1.0,3,75114,M,,,75
201400054824,14,4,23,850,1,2,1,1.0,6,75114,M,,,75
201400054825,14,4,23,1930,1,2,5,1.0,6,75114,M,,,75
201400054826,14,4,24,300,5,2,5,1.0,3,75114,M,,,75
201400054827,14,4,25,555,2,2,4,1.0,7,75114,M,,,75
201400054828,14,4,26,700,1,2,2,1.0,2,75114,M,,,75
201400054829,14,4,26,1820,1,2,2,2.0,6,75107,M,,,75
201400054830,14,4,28,1550,1,2,1,1.0,6,75114,M,,,75
201400054831,14,4,28,1855,1,2,3,1.0,6,75114,M,,,75
201400054832,14,4,29,1800,1,2,1,2.0,6,75114,M,,,75
201400054833,14,5,4,1748,1,2,7,1.0,3,75114,M,,,75
201400054834,14,5,7,1505,1,2,2,2.0,6,75114,M,,,75
201400054835,14,5,8,2330,5,2,2,1.0,6,75114,M,,,75
201400054836,14,5,9,1322,1,2,3,1.0,3,75114,M,,,75
201400054837,14,5,10,1220,1,2,1,3.0,7,75114,M,,,75
201400054838,14,5,11,1855,1,2,1,2.0,3,75114,M,,,75
201400054839,14,5,15,1435,1,2,1,1.0,6,75114,M,,,75
201400054840,14,5,16,1250,1,2,1,1.0,6,75114,M,,,75
201400054841,14,5,17,1450,1,2,2,1.0,3,75114,M,,,75
201400054842,14,5,17,1330,1,2,7,1.0,3,75114,M,,,75
201400054843,14,5,19,1835,1,2,1,1.0,2,75114,M,,,75
201400054844,14,5,19,2010,1,2,2,1.0,2,75114,M,,,75
201400054845,14,5,19,2030,1,2,1,1.0,7,75114,M,,,75
201400054846,14,5,20,910,1,2,5,1.0,3,75114,M,,,75
201400054847,14,5,20,1910,1,2,1,8.0,6,75114,M,,,75
201400054848,14,5,20,2015,1,2,2,2.0,3,75114,M,,,75
201400054849,14,5,21,1255,1,2,1,2.0,7,75114,M,,,75
201400054850,14,5,21,1640,1,2,5,8.0,6,75114,M,,,75
201400054851,14,5,21,2250,5,2,1,3.0,6,75114,M,,,75
201400054852,14,5,24,1150,1,2,1,2.0,2,75114,M,,,75
201400054853,14,5,24,1805,1,2,2,8.0,7,75114,M,,,75
201400054854,14,5,26,1600,1,2,1,8.0,6,75114,M,,,75
201400054855,14,5,29,1930,1,2,1,1.0,6,75114,M,,,75
201400054856,14,6,4,630,1,2,7,3.0,3,75114,M,,,75
201400054857,14,6,4,930,1,2,3,2.0,3,75114,M,,,75
201400054858,14,6,4,1820,1,2,1,1.0,3,75114,M,,,75
201400054859,14,6,5,2015,2,2,1,1.0,2,75114,M,,,75
201400054860,14,6,6,1830,1,2,2,1.0,6,75114,M,,,75
201400054861,14,6,9,1740,1,2,2,1.0,4,75114,M,,,75
201400054862,14,6,10,950,1,2,3,1.0,6,75114,M,,,75
201400054863,14,6,10,2140,3,2,7,1.0,3,75114,M,,,75
201400054864,14,6,11,1414,1,2,2,1.0,3,75114,M,,,75
201400054865,14,6,11,1415,1,2,2,1.0,6,75114,M,,,75
201400054866,14,6,11,1750,1,2,1,1.0,2,75114,M,,,75
201400054867,14,6,13,1130,1,2,2,1.0,6,75107,M,,,75
201400054868,14,6,13,1640,1,2,1,1.0,6,75114,M,,,75
201400054869,14,6,14,1455,1,2,1,1.0,3,75114,M,,,75
201400054870,14,6,14,1520,1,2,5,1.0,7,75114,M,,,75
201400054871,14,6,15,1350,1,2,2,1.0,7,75114,M,,,75
201400054872,14,6,16,930,1,2,1,1.0,6,75114,M,,,75
201400054873,14,6,16,1055,1,2,3,1.0,6,75114,M,,,75
201400054874,14,6,17,145,5,2,2,1.0,6,75114,M,,,75
201400054875,14,6,19,1835,1,2,7,1.0,6,75114,M,,,75
201400054876,14,6,20,2235,5,2,1,1.0,7,75114,M,,,75
201400054877,14,6,24,1540,1,2,1,1.0,6,75114,M,,,75
201400054878,14,6,25,1710,1,2,2,1.0,3,75107,M,,,75
201400054879,14,6,25,1750,1,2,2,1.0,6,75114,M,,,75
201400054880,14,6,26,1740,1,2,3,1.0,6,75114,M,,,75
201400054881,14,6,26,2005,2,2,3,2.0,2,75114,M,,,75
201400054882,14,6,27,1300,1,2,1,1.0,6,75114,M,,,75
201400054883,14,6,27,1545,1,2,1,1.0,6,75114,M,,,75
201400054884,14,6,27,1810,1,2,1,1.0,2,75114,M,,,75
201400054885,14,6,30,1625,1,2,1,1.0,2,75114,M,,,75
201400054886,14,6,30,1740,1,2,3,1.0,3,75114,M,,,75
201400054887,14,6,30,1730,1,2,3,1.0,1,75114,M,,,75
201400054888,14,7,1,755,1,2,5,1.0,6,75114,M,,,75
201400054889,14,7,3,830,1,2,1,1.0,6,75114,M,,,75
201400054890,14,7,3,1020,1,2,2,1.0,6,75114,M,,,75
201400054891,14,7,3,1435,1,2,1,1.0,7,75114,M,,,75
201400054892,14,7,4,1010,1,2,1,1.0,7,75114,M,,,75
201400054893,14,7,5,1800,1,2,1,1.0,3,75114,M,,,75
201400054894,14,7,6,315,5,2,3,1.0,7,75114,M,,,75
201400054895,14,7,7,800,1,2,3,1.0,2,75114,M,,,75
201400054896,14,7,8,925,1,2,7,2.0,3,75114,M,,,75
201400054897,14,7,10,1550,1,2,2,8.0,6,75114,M,,,75
201400054898,14,7,12,1535,1,2,3,1.0,6,75114,M,,,75
201400054899,14,7,17,925,1,2,5,1.0,3,75114,M,,,75
201400054900,14,7,18,1425,1,2,7,1.0,7,75114,M,,,75
201400054901,14,7,22,1615,1,2,7,1.0,6,75107,M,,,75
201400054902,14,7,23,1950,1,2,2,1.0,3,75114,M,,,75
201400054903,14,7,25,210,5,2,1,1.0,7,75114,M,,,75
201400054904,14,7,29,1015,1,2,1,1.0,2,75114,M,,,75
201400054905,14,7,29,1810,1,2,1,2.0,7,75114,M,,,75
201400054906,14,8,1,1420,1,2,5,1.0,3,75114,M,,,75
201400054907,14,8,1,1510,1,2,5,1.0,3,75114,M,,,75
201400054908,14,8,2,720,1,2,4,1.0,6,75114,M,,,75
201400054909,14,8,6,1600,1,2,7,2.0,6,75114,M,,,75
201400054910,14,8,7,250,5,2,3,1.0,6,75114,M,,,75
201400054911,14,8,7,540,5,2,1,2.0,6,75114,M,,,75
201400054912,14,8,7,1115,1,2,2,1.0,6,75114,M,,,75
201400054913,14,8,14,1340,1,2,2,1.0,3,75114,M,,,75
201400054914,14,8,16,1155,1,2,3,1.0,2,75114,M,,,75
201400054915,14,8,21,1005,1,2,3,1.0,1,75114,M,,,75
201400054916,14,8,22,1025,1,2,2,1.0,6,75114,M,,,75
201400054917,14,8,23,2135,2,2,1,1.0,6,75114,M,,,75
201400054918,14,8,25,1520,1,2,1,2.0,6,75114,M,,,75
201400054919,14,8,28,1455,1,2,3,8.0,6,75114,M,,,75
201400054920,14,8,29,1015,1,2,5,1.0,3,75114,M,,,75
201400054921,14,8,29,1910,1,2,2,1.0,6,75114,M,,,75
201400054922,14,8,30,2030,5,2,1,1.0,6,75114,M,,,75
201400054923,14,8,31,2030,5,2,1,1.0,1,75114,M,,,75
201400054924,14,9,2,1805,1,2,5,1.0,3,75114,M,,,75
201400054925,14,9,3,1530,1,2,3,1.0,6,75114,M,,,75
201400054926,14,9,3,2000,2,2,1,1.0,3,75114,M,,,75
201400054927,14,9,4,1040,1,2,3,8.0,6,75114,M,,,75
201400054928,14,9,5,2040,5,2,2,1.0,6,75114,M,,,75
201400054929,14,9,6,15,5,2,5,1.0,3,75114,M,,,75
201400054930,14,9,7,600,5,2,3,1.0,5,75114,M,,,75
201400054931,14,9,8,2100,5,2,1,1.0,3,75114,M,,,75
201400054932,14,9,9,1815,1,2,2,1.0,2,75114,M,,,75
201400054933,14,9,12,1030,1,2,2,1.0,3,75114,M,,,75
201400054934,14,9,9,800,1,2,1,1.0,2,75114,M,,,75
201400054935,14,9,13,1525,1,2,4,1.0,6,75114,M,,,75
201400054936,14,9,14,332,5,2,1,1.0,6,75114,M,,,75
201400054937,14,9,14,1730,1,2,1,1.0,7,75114,M,,,75
201400054938,14,9,16,1845,1,2,1,1.0,6,75114,M,,,75
201400054939,14,9,18,730,1,2,2,1.0,6,75114,M,,,75
201400054940,14,9,23,1050,1,2,2,1.0,6,75114,M,,,75
201400054941,14,9,24,1015,1,2,2,1.0,2,75114,M,,,75
201400054942,14,9,24,1058,1,2,1,1.0,6,75114,M,,,75
201400054943,14,9,24,1735,1,2,1,1.0,2,75114,M,,,75
201400054944,14,9,25,1730,1,2,1,1.0,6,75107,M,,,75
201400054945,14,9,25,1840,1,2,5,1.0,2,75114,M,,,75
201400054946,14,9,26,1050,1,2,2,1.0,6,75114,M,,,75
201400054947,14,10,2,1550,1,2,7,1.0,3,75114,M,,,75
201400054948,14,10,3,800,1,2,7,1.0,3,75114,M,,,75
201400054949,14,10,6,1920,5,2,4,3.0,7,75114,M,,,75
201400054950,14,10,7,1900,5,2,2,2.0,6,75114,M,,,75
201400054951,14,10,7,2230,5,2,2,1.0,2,75114,M,,,75
201400054952,14,10,8,1125,1,2,1,3.0,6,75114,M,,,75
201400054953,14,10,10,2045,5,2,2,1.0,2,75114,M,,,75
201400054954,14,10,12,630,5,2,2,1.0,7,75114,M,,,75
201400054955,14,10,12,1150,1,2,1,1.0,2,75114,M,,,75
201400054956,14,10,15,1600,1,2,1,2.0,2,75114,M,,,75
201400054957,14,10,16,100,5,2,1,2.0,3,75114,M,,,75
201400054958,14,10,17,430,5,2,1,2.0,6,75114,M,,,75
201400054959,14,10,19,620,5,2,1,1.0,1,75114,M,,,75
201400054960,14,10,19,1940,3,2,3,1.0,3,75114,M,,,75
201400054961,14,10,21,235,5,2,1,1.0,7,75114,M,,,75
201400054962,14,10,22,2000,5,2,3,1.0,6,75114,M,,,75
201400054963,14,10,23,900,1,2,2,1.0,5,75114,M,,,75
201400054964,14,10,24,145,5,2,2,1.0,2,75115,M,,,75
201400054965,14,10,27,1525,1,2,2,1.0,6,75114,M,,,75
201400054966,14,10,28,1715,2,2,4,1.0,2,75114,M,,,75
201400054967,14,10,29,2330,5,2,3,1.0,6,75114,M,,,75
201400054968,14,10,30,635,5,2,4,1.0,6,75114,M,,,75
201400054969,14,11,1,230,5,2,2,1.0,6,75114,M,,,75
201400054970,14,11,3,1335,1,2,5,2.0,3,75114,M,,,75
201400054971,14,11,4,845,1,2,7,8.0,3,75114,M,,,75
201400054972,14,11,4,1645,1,2,1,1.0,2,75114,M,,,75
201400054973,14,11,5,835,1,2,1,1.0,1,75114,M,,,75
201400054974,14,11,5,1715,2,2,3,1.0,3,75114,M,,,75
201400054975,14,11,8,100,5,2,3,1.0,3,75115,M,,,75
201400054976,14,11,10,1430,1,2,3,1.0,4,75114,M,,,75
201400054977,14,11,11,2015,5,2,3,1.0,3,75114,M,,,75
201400054978,14,11,15,1630,1,2,1,2.0,7,75114,M,,,75
201400054979,14,11,16,1910,5,2,3,2.0,6,75114,M,,,75
201400054980,14,11,17,825,1,2,5,1.0,2,75114,M,,,75
201400054981,14,11,17,815,1,2,1,1.0,3,75114,M,,,75
201400054982,14,11,18,900,1,2,1,2.0,7,75114,M,,,75
201400054983,14,11,19,1650,2,2,2,1.0,1,75114,M,,,75
201400054984,14,11,20,1340,1,2,5,1.0,3,75114,M,,,75
201400054985,14,11,21,550,5,2,1,1.0,6,75114,M,,,75
201400054986,14,11,24,910,1,2,3,2.0,6,75114,M,,,75
201400054987,14,11,24,850,1,2,1,2.0,1,75114,M,,,75
201400054988,14,11,24,2030,5,2,2,1.0,2,75114,M,,,75
201400054989,14,11,25,1720,2,2,1,1.0,6,75114,M,,,75
201400054990,14,11,26,2100,5,2,1,1.0,7,75114,M,,,75
201400054991,14,11,29,2320,5,2,3,1.0,6,75114,M,,,75
201400054992,14,11,30,1410,1,2,2,1.0,2,75114,M,,,75
201400054993,14,11,30,1748,5,2,2,1.0,6,75114,M,,,75
201400054994,14,12,2,1535,1,2,4,2.0,7,75114,M,,,75
201400054995,14,12,2,1640,5,2,3,1.0,6,75114,M,,,75
201400054996,14,12,2,1955,5,2,3,2.0,6,75114,M,,,75
201400054997,14,12,4,1951,4,2,1,1.0,3,75113,M,,,75
201400054998,14,12,7,730,2,2,7,1.0,7,75114,M,,,75
201400054999,14,12,8,1110,1,2,1,1.0,6,75114,M,,,75
201400055000,14,12,8,1840,5,2,5,9.0,2,75114,M,,,75
201400055001,14,12,9,945,1,2,3,1.0,3,75114,M,,,75
201400055002,14,12,9,1240,1,2,3,1.0,6,75114,M,,,75
201400055003,14,12,9,1325,1,2,1,1.0,3,75114,M,,,75
201400055004,14,12,9,1710,5,2,1,1.0,3,75114,M,,,75
201400055005,14,12,9,1800,5,2,4,1.0,7,75114,M,,,75
201400055006,14,12,10,840,1,2,5,2.0,3,75114,M,,,75
201400055007,14,12,10,1703,2,2,3,2.0,6,75114,M,,,75
201400055008,14,12,11,2315,5,2,2,1.0,6,75114,M,,,75
201400055009,14,12,12,1245,1,2,1,3.0,6,75114,M,,,75
201400055010,14,12,12,2240,5,2,2,2.0,3,75114,M,,,75
201400055011,14,12,14,2020,5,2,1,1.0,3,75115,M,,,75
201400055012,14,12,15,820,1,2,2,2.0,6,75114,M,,,75
201400055013,14,12,15,1725,5,2,4,2.0,6,75114,M,,,75
201400055014,14,12,17,1030,1,2,2,2.0,1,75114,M,,,75
201400055015,14,12,17,2220,5,2,3,3.0,6,75114,M,,,75
201400055016,14,12,18,2000,5,2,7,1.0,2,75114,M,,,75
201400055017,14,12,18,1955,5,2,1,1.0,4,75114,M,,,75
201400055018,14,12,19,1835,5,2,5,2.0,6,75114,M,,,75
201400055019,14,12,20,1150,1,2,3,1.0,6,75114,M,,,75
201400055020,14,12,21,1905,5,2,7,1.0,7,75114,M,,,75
201400055021,14,12,21,1935,5,2,1,1.0,2,75114,M,,,75
201400055022,14,1,4,650,5,2,5,1.0,6,75115,M,,,75
201400055023,14,1,4,945,1,2,2,1.0,6,75115,M,,,75
201400055024,14,1,4,2345,5,2,2,1.0,3,75115,M,,,75
201400055025,14,1,6,1020,1,2,2,1.0,3,75115,M,,,75
201400055026,14,1,6,2005,5,2,1,2.0,3,75115,M,,,75
201400055027,14,1,7,1005,1,2,1,8.0,3,75115,M,,,75
201400055028,14,1,9,1815,5,2,2,1.0,3,75115,M,,,75
201400055029,14,1,10,1408,1,2,3,1.0,3,75115,M,,,75
201400055030,14,1,11,1055,1,2,2,1.0,3,75115,M,,,75
201400055031,14,1,11,1450,1,2,2,8.0,3,75115,M,,,75
201400055032,14,1,13,1605,1,2,3,7.0,6,75115,M,,,75
201400055033,14,1,15,945,1,2,3,2.0,6,75115,M,,,75
201400055034,14,1,15,1400,1,2,1,2.0,3,75115,M,,,75
201400055035,14,1,15,1920,5,2,3,2.0,7,75115,M,,,75
201400055036,14,1,15,2025,3,2,1,2.0,6,75115,M,,,75
201400055037,14,1,16,1540,1,2,7,1.0,3,75115,M,,,75
201400055038,14,1,17,1050,1,2,3,1.0,6,75115,M,,,75
201400055039,14,1,18,708,5,2,1,1.0,1,75115,M,,,75
201400055040,14,1,22,1545,1,2,3,2.0,3,75115,M,,,75
201400055041,14,1,24,1450,1,2,1,1.0,3,75115,M,,,75
201400055042,14,1,27,830,1,2,7,1.0,6,75115,M,,,75
201400055043,14,1,27,855,1,2,2,1.0,6,75115,M,,,75
201400055044,14,1,27,1230,1,2,1,2.0,7,75115,M,,,75
201400055045,14,1,27,1910,5,2,2,1.0,2,75115,M,,,75
201400055046,14,1,27,2300,5,2,2,1.0,7,75115,M,,,75
201400055047,14,1,28,1750,5,2,2,2.0,6,75115,M,,,75
201400055048,14,1,29,1830,5,2,3,1.0,6,75115,M,,,75
201400055049,14,1,31,735,2,2,5,5.0,3,75115,M,,,75
201400055050,14,2,1,815,5,2,5,2.0,6,75115,M,,,75
201400055051,14,2,1,1420,1,2,3,1.0,6,75115,M,,,75
201400055052,14,2,1,1630,1,2,2,1.0,6,75115,M,,,75
201400055053,14,2,2,107,5,2,7,1.0,2,75115,M,,,75
201400055054,14,2,2,1740,1,2,2,1.0,7,75107,M,,,75
201400055055,14,2,5,2045,5,2,2,1.0,6,75115,M,,,75
201400055056,14,2,7,1600,1,2,3,1.0,2,75115,M,,,75
201400055057,14,2,7,1530,1,2,2,1.0,6,75115,M,,,75
201400055058,14,2,8,1755,5,2,3,2.0,6,75115,M,,,75
201400055059,14,2,9,630,5,2,2,1.0,6,75115,M,,,75
201400055060,14,2,9,630,5,2,1,1.0,6,75115,M,,,75
201400055061,14,2,11,940,1,2,1,1.0,3,75115,M,,,75
201400055062,14,2,11,2100,5,2,1,2.0,2,75115,M,,,75
201400055063,14,2,13,725,5,2,5,3.0,2,75107,M,,,75
201400055064,14,2,14,505,5,2,2,1.0,6,75115,M,,,75
201400055065,14,2,15,1600,1,2,2,1.0,6,75115,M,,,75
201400055066,14,2,15,2020,5,2,2,2.0,6,75115,M,,,75
201400055067,14,2,15,2015,5,2,2,1.0,6,75115,M,,,75
201400055068,14,2,16,1455,1,2,2,1.0,6,75115,M,,,75
201400055069,14,2,17,2025,5,2,2,1.0,1,75115,M,,,75
201400055070,14,2,18,1025,1,2,3,1.0,6,75115,M,,,75
201400055071,14,2,20,855,1,2,2,2.0,7,75115,M,,,75
201400055072,14,2,23,1645,1,2,2,1.0,6,75115,M,,,75
201400055073,14,2,25,1550,1,2,4,1.0,6,75115,M,,,75
201400055074,14,2,26,535,5,2,3,1.0,7,75115,M,,,75
201400055075,14,2,26,1945,5,2,2,1.0,6,75115,M,,,75
201400055076,14,2,27,955,1,2,2,3.0,6,75115,M,,,75
201400055077,14,2,27,948,1,2,1,3.0,3,75115,M,,,75
201400055078,14,2,27,1550,1,2,1,2.0,6,75115,M,,,75
201400055079,14,2,27,1915,5,2,2,2.0,6,75115,M,,,75
201400055080,14,2,28,315,5,2,2,1.0,3,75115,M,,,75
201400055081,14,2,28,930,1,2,2,2.0,6,75115,M,,,75
201400055082,14,3,1,620,5,2,5,2.0,4,75115,M,,,75
201400055083,14,3,1,1320,1,2,7,1.0,3,75115,M,,,75
201400055084,14,3,2,1030,1,2,2,2.0,3,75115,M,,,75
201400055085,14,3,4,1502,1,2,2,1.0,3,75115,M,,,75
201400055086,14,3,6,945,1,2,2,1.0,6,75115,M,,,75
201400055087,14,3,8,248,5,2,7,1.0,6,75114,M,,,75
201400055088,14,3,10,1850,1,2,2,1.0,3,75115,M,,,75
201400055089,14,3,11,705,2,2,1,1.0,6,75115,M,,,75
201400055090,14,3,11,1250,1,2,2,1.0,6,75115,M,,,75
201400055091,14,3,11,1420,1,2,1,1.0,3,75115,M,,,75
201400055092,14,3,11,2215,5,2,1,1.0,6,75115,M,,,75
201400055093,14,3,11,2235,5,2,7,1.0,7,75115,M,,,75
201400055094,14,3,12,625,5,2,2,1.0,6,75115,M,,,75
201400055095,14,3,13,1120,1,2,7,1.0,6,75115,M,,,75
201400055096,14,3,13,1215,1,2,1,1.0,6,75115,M,,,75
201400055097,14,3,13,1450,1,2,1,1.0,3,75115,M,,,75
201400055098,14,3,13,1635,1,2,3,1.0,6,75115,M,,,75
201400055099,14,3,15,1820,1,2,2,1.0,6,75115,M,,,75
201400055100,14,3,16,1750,1,2,2,1.0,6,75115,M,,,75
201400055101,14,3,19,1550,1,2,2,1.0,7,75115,M,,,75
201400055102,14,3,20,1315,1,2,4,1.0,6,75115,M,,,75
201400055103,14,3,20,1535,1,2,5,1.0,3,75115,M,,,75
201400055104,14,3,20,1550,1,2,5,1.0,6,75115,M,,,75
201400055105,14,3,23,2340,5,2,3,1.0,2,75115,M,,,75
201400055106,14,3,24,925,1,2,5,1.0,6,75115,M,,,75
201400055107,14,3,25,1410,1,2,2,2.0,3,75115,M,,,75
201400055108,14,3,25,1545,1,2,2,8.0,6,75115,M,,,75
201400055109,14,3,26,830,1,2,5,1.0,3,75115,M,,,75
201400055110,14,3,26,850,1,2,1,1.0,2,75115,M,,,75
201400055111,14,3,26,1100,1,2,2,1.0,3,75115,M,,,75
201400055112,14,3,26,1330,1,2,2,1.0,3,75115,M,,,75
201400055113,14,4,1,1155,1,2,3,1.0,6,75115,M,,,75
201400055114,14,4,2,1548,1,2,1,1.0,6,75115,M,,,75
201400055115,14,4,2,1630,1,2,3,1.0,3,75115,M,,,75
201400055116,14,4,3,1415,1,2,5,1.0,6,75115,M,,,75
201400055117,14,4,7,130,5,2,2,1.0,3,75115,M,,,75
201400055118,14,4,7,1300,1,2,5,1.0,7,75115,M,,,75
201400055119,14,4,7,1705,1,2,3,1.0,6,75115,M,,,75
201400055120,14,4,8,1720,1,2,3,1.0,6,75115,M,,,75
201400055121,14,4,8,1915,1,2,1,1.0,6,75115,M,,,75
201400055122,14,4,9,915,1,2,7,1.0,7,75115,M,,,75
201400055123,14,4,9,1935,1,2,2,1.0,6,75115,M,,,75
201400055124,14,4,9,2015,5,2,2,1.0,3,75115,M,,,75
201400055125,14,4,10,1945,1,2,4,1.0,7,75115,M,,,75
201400055126,14,4,11,350,5,2,7,1.0,3,75115,M,,,75
201400055127,14,4,13,1225,1,2,2,8.0,6,75115,M,,,75
201400055128,14,4,14,1545,1,2,5,1.0,3,75115,M,,,75
201400055129,14,4,16,155,5,2,1,1.0,6,75115,M,,,75
201400055130,14,4,17,835,1,2,1,1.0,6,75115,M,,,75
201400055131,14,4,19,2140,5,2,1,1.0,2,75115,M,,,75
201400055132,14,4,22,1655,1,2,2,3.0,2,75115,M,,,75
201400055133,14,4,25,1215,1,2,3,2.0,2,75115,M,,,75
201400055134,14,4,26,640,2,2,1,1.0,7,75107,M,,,75
201400055135,14,4,26,1610,1,2,4,8.0,7,75115,M,,,75
201400055136,14,4,27,1920,1,2,2,8.0,7,75115,M,,,75
201400055137,14,4,27,2210,5,2,2,1.0,2,75115,M,,,75
201400055138,14,4,28,1800,1,2,1,1.0,6,75115,M,,,75
201400055139,14,4,29,1405,1,2,3,1.0,2,75115,M,,,75
201400055140,14,4,29,1640,1,2,4,2.0,2,75115,M,,,75
201400055141,14,4,29,1810,1,2,3,2.0,6,75115,M,,,75
201400055142,14,4,29,2015,2,2,1,2.0,7,75115,M,,,75
201400055143,14,4,30,1100,1,2,2,1.0,2,75115,M,,,75
201400055144,14,5,1,650,1,2,2,1.0,3,75115,M,,,75
201400055145,14,5,1,1950,2,2,1,2.0,3,75115,M,,,75
201400055146,14,5,5,2010,1,2,3,1.0,6,75115,M,,,75
201400055147,14,5,5,2225,5,2,2,1.0,7,75115,M,,,75
201400055148,14,5,7,1515,1,2,7,8.0,6,75115,M,,,75
201400055149,14,5,7,1945,2,2,1,1.0,6,75115,M,,,75
201400055150,14,5,10,630,1,2,3,1.0,6,75115,M,,,75
201400055151,14,5,10,1200,1,2,1,2.0,3,75115,M,,,75
201400055152,14,5,10,1500,1,2,1,2.0,6,75115,M,,,75
201400055153,14,5,11,1040,1,2,5,1.0,6,75115,M,,,75
201400055154,14,5,12,930,1,2,2,1.0,3,75115,M,,,75
201400055155,14,5,13,2056,1,2,2,1.0,3,75115,M,,,75