Num_Acc,an,mois,jour,hrmn,lum,agg,int,atm,col,com,gps,lat,long,dep
201400055156,14,5,13,2030,2,2,1,1.0,3,75115,M,,,75
201400055157,14,5,15,1200,1,2,1,1.0,2,75115,M,,,75
201400055158,14,5,16,1444,1,2,1,1.0,6,75115,M,,,75
201400055159,14,5,16,2015,2,2,1,1.0,1,75115,M,,,75
201400055160,14,5,17,1740,1,2,1,1.0,6,75115,M,,,75
201400055161,14,5,20,2000,2,2,1,2.0,6,75115,M,,,75
201400055162,14,5,21,1415,1,2,3,2.0,4,75115,M,,,75
201400055163,14,5,22,1000,1,2,2,2.0,6,75115,M,,,75
201400055164,14,5,23,1750,1,2,1,1.0,2,75115,M,,,75
201400055165,14,5,24,1935,1,2,3,1.0,2,75115,M,,,75
201400055166,14,5,28,2055,2,2,3,2.0,6,75115,M,,,75
201400055167,14,6,1,1315,1,2,1,1.0,1,75115,M,,,75
201400055168,14,6,2,2030,1,2,3,1.0,6,75115,M,,,75
201400055169,14,6,4,940,1,2,1,2.0,6,75115,M,,,75
201400055170,14,6,4,1115,1,2,4,2.0,3,75115,M,,,75
201400055171,14,6,6,1130,1,2,1,1.0,6,75115,M,,,75
201400055172,14,6,6,2320,5,2,4,1.0,6,75115,M,,,75
201400055173,14,6,7,1050,1,2,1,8.0,3,75115,M,,,75
201400055174,14,6,10,940,1,2,1,1.0,3,75115,M,,,75
201400055175,14,6,10,1210,1,2,7,2.0,6,75115,M,,,75
201400055176,14,6,10,2120,2,2,3,1.0,3,75115,M,,,75
201400055177,14,6,10,2230,5,2,2,1.0,3,75115,M,,,75
201400055178,14,6,11,1300,1,2,2,1.0,3,75115,M,,,75
201400055179,14,6,11,1630,1,2,1,1.0,6,75115,M,,,75
201400055180,14,6,12,945,1,2,2,1.0,5,75115,M,,,75
201400055181,14,6,16,1725,1,2,1,1.0,3,75115,M,,,75
201400055182,14,6,17,1940,1,2,3,1.0,2,75115,M,,,75
201400055183,14,6,18,1055,1,2,5,1.0,6,75115,M,,,75
201400055184,14,6,18,1305,1,2,2,1.0,6,75115,M,,,75
201400055185,14,6,18,1355,1,2,1,1.0,6,75115,M,,,75
201400055186,14,6,18,1630,1,2,3,1.0,6,75115,M,,,75
201400055187,14,6,19,1955,1,2,2,1.0,6,75115,M,,,75
201400055188,14,6,19,2210,5,2,7,1.0,6,75115,M,,,75
201400055189,14,6,20,1320,1,2,1,1.0,3,75115,M,,,75
201400055190,14,6,20,1720,1,2,2,1.0,3,75115,M,,,75
201400055191,14,6,20,2040,1,2,5,1.0,2,75115,M,,,75
201400055192,14,6,21,1550,1,2,1,1.0,3,75115,M,,,75
201400055193,14,6,23,1145,1,2,3,1.0,6,75115,M,,,75
201400055194,14,6,23,1710,1,2,2,1.0,7,75115,M,,,75
201400055195,14,6,24,1015,1,2,1,1.0,2,75115,M,,,75
201400055196,14,6,25,2030,2,2,2,1.0,6,75115,M,,,75
201400055197,14,6,27,1450,1,2,1,1.0,6,75115,M,,,75
201400055198,14,6,27,1505,1,2,1,1.0,7,75115,M,,,75
201400055199,14,6,28,2315,5,2,2,3.0,7,75115,M,,,75
201400055200,14,6,29,1,5,2,2,2.0,1,75115,M,,,75
201400055201,14,7,1,1730,1,2,1,1.0,6,75115,M,,,75
201400055202,14,7,2,945,1,2,2,1.0,3,75115,M,,,75
201400055203,14,7,2,1130,1,2,1,1.0,6,75115,M,,,75
201400055204,14,7,4,230,5,2,1,1.0,6,75115,M,,,75
201400055205,14,7,5,1730,1,2,2,1.0,6,75107,M,,,75
201400055206,14,7,7,1330,1,2,1,1.0,2,75115,M,,,75
201400055207,14,7,8,1545,1,2,1,3.0,6,75115,M,,,75
201400055208,14,7,9,812,1,2,2,1.0,2,75115,M,,,75
201400055209,14,7,9,845,1,2,2,1.0,6,75115,M,,,75
201400055210,14,7,13,215,5,2,1,8.0,6,75115,M,,,75
201400055211,14,7,15,2100,2,2,2,1.0,3,75115,M,,,75
201400055212,14,7,15,1050,1,2,2,1.0,6,75115,M,,,75
201400055213,14,7,20,1755,1,2,5,1.0,2,75115,M,,,75
201400055214,14,7,21,900,1,2,4,8.0,3,75115,M,,,75
201400055215,14,7,22,1845,1,2,1,1.0,6,75115,M,,,75
201400055216,14,7,22,2125,2,2,1,1.0,6,75115,M,,,75
201400055217,14,7,25,2205,2,2,3,1.0,2,75115,M,,,75
201400055218,14,7,28,1535,1,2,2,1.0,6,75115,M,,,75
201400055219,14,8,3,2140,5,2,1,1.0,3,75115,M,,,75
201400055220,14,8,5,1755,1,2,1,1.0,7,75115,M,,,75
201400055221,14,8,7,1915,1,2,7,1.0,3,75115,M,,,75
201400055222,14,8,8,1230,1,2,1,2.0,2,75107,M,,,75
201400055223,14,8,9,1530,1,2,1,1.0,3,75115,M,,,75
201400055224,14,8,11,1535,1,2,3,1.0,6,75115,M,,,75
201400055225,14,8,11,1610,1,2,1,1.0,3,75115,M,,,75
201400055226,14,8,14,845,1,2,7,1.0,3,75115,M,,,75
201400055227,14,8,14,1700,1,2,4,1.0,6,75115,M,,,75
201400055228,14,8,19,1500,1,2,2,1.0,3,75115,M,,,75
201400055229,14,8,22,1405,1,2,1,1.0,2,75115,M,,,75
201400055230,14,8,22,1730,1,2,1,1.0,2,75115,M,,,75
201400055231,14,8,23,1225,1,2,1,1.0,2,75115,M,,,75
201400055232,14,8,23,1455,1,2,2,1.0,3,75115,M,,,75
201400055233,14,8,24,235,5,2,2,1.0,6,75115,M,,,75
201400055234,14,8,24,2245,5,2,2,1.0,3,75115,M,,,75
201400055235,14,8,25,1915,1,2,2,2.0,2,75115,M,,,75
201400055236,14,8,26,1320,1,2,1,2.0,2,75115,M,,,75
201400055237,14,8,28,1420,1,2,1,1.0,6,75115,M,,,75
201400055238,14,9,3,1345,1,2,7,1.0,6,75115,M,,,75
201400055239,14,9,5,815,1,2,2,1.0,6,75115,M,,,75
201400055240,14,9,6,320,5,2,2,1.0,6,75115,M,,,75
201400055241,14,9,6,1230,1,2,1,1.0,6,75115,M,,,75
201400055242,14,9,7,2325,5,2,5,1.0,6,75115,M,,,75
201400055243,14,9,8,700,1,2,1,1.0,3,75115,M,,,75
201400055244,14,9,8,1510,1,2,3,1.0,6,75115,M,,,75
201400055245,14,9,8,1925,1,2,2,1.0,7,75115,M,,,75
201400055246,14,9,9,730,1,2,7,1.0,3,75115,M,,,75
201400055247,14,9,9,1620,1,2,1,1.0,6,75115,M,,,75
201400055248,14,9,9,2135,5,2,3,1.0,6,75115,M,,,75
201400055249,14,9,12,1315,1,2,3,1.0,6,75115,M,,,75
201400055250,14,9,12,1415,1,2,2,1.0,6,75115,M,,,75
201400055251,14,9,14,2030,5,2,2,1.0,7,75115,M,,,75
201400055252,14,9,17,1820,1,2,3,1.0,6,75115,M,,,75
201400055253,14,9,17,2000,5,2,1,1.0,3,75115,M,,,75
201400055254,14,9,18,1,5,2,4,1.0,6,75114,M,,,75
201400055255,14,9,18,500,5,2,1,1.0,6,75115,M,,,75
201400055256,14,9,18,1645,1,2,3,2.0,1,75115,M,,,75
201400055257,14,9,20,1135,1,2,1,1.0,2,75115,M,,,75
201400055258,14,9,21,1445,1,2,2,1.0,3,75115,M,,,75
201400055259,14,9,21,2045,5,2,2,2.0,3,75115,M,,,75
201400055260,14,9,22,1615,1,2,2,1.0,6,75115,M,,,75
201400055261,14,9,22,1940,2,2,2,1.0,3,75115,M,,,75
201400055262,14,9,24,204,5,2,2,1.0,3,75115,M,,,75
201400055263,14,9,24,1035,1,2,2,1.0,6,75115,M,,,75
201400055264,14,9,24,1825,1,2,1,1.0,6,75115,M,,,75
201400055265,14,9,24,1800,1,2,1,1.0,2,75115,M,,,75
201400055266,14,9,24,2025,5,2,1,1.0,7,75115,M,,,75
201400055267,14,9,25,1700,1,2,1,1.0,2,75115,M,,,75
201400055268,14,9,28,2230,5,2,2,1.0,1,75115,M,,,75
201400055269,14,9,29,935,1,2,3,2.0,2,75115,M,,,75
201400055270,14,9,29,1810,1,2,2,1.0,6,75115,M,,,75
201400055271,14,9,29,1755,1,2,1,1.0,3,75115,M,,,75
201400055272,14,9,30,1915,1,2,1,1.0,2,75115,M,,,75
201400055273,14,9,30,2030,5,2,2,1.0,1,75115,M,,,75
201400055274,14,10,1,1340,1,2,3,1.0,6,75115,M,,,75
201400055275,14,10,1,1350,1,2,1,1.0,4,75115,M,,,75
201400055276,14,10,1,1530,1,2,1,1.0,6,75115,M,,,75
201400055277,14,10,1,2150,3,2,1,1.0,3,75115,M,,,75
201400055278,14,10,2,1010,1,2,1,1.0,2,75115,M,,,75
201400055279,14,10,2,1300,1,2,1,1.0,3,75115,M,,,75
201400055280,14,10,2,1525,1,2,1,1.0,6,75115,M,,,75
201400055281,14,10,3,1600,1,2,7,1.0,3,75115,M,,,75
201400055282,14,10,5,1355,1,2,3,1.0,3,75115,M,,,75
201400055283,14,10,7,1515,1,2,1,1.0,6,75115,M,,,75
201400055284,14,10,8,730,1,2,2,2.0,6,75115,M,,,75
201400055285,14,10,8,835,1,2,2,3.0,7,75115,M,,,75
201400055286,14,10,9,2220,5,2,3,2.0,5,75115,M,,,75
201400055287,14,10,11,840,1,2,1,2.0,7,75115,M,,,75
201400055288,14,10,11,1745,1,2,4,1.0,7,75115,M,,,75
201400055289,14,10,9,1530,1,2,3,1.0,3,75115,M,,,75
201400055290,14,10,13,1723,1,2,2,1.0,6,75115,M,,,75
201400055291,14,10,15,1205,1,2,7,2.0,6,75115,M,,,75
201400055292,14,10,15,1700,1,2,2,8.0,6,75115,M,,,75
201400055293,14,10,16,2000,5,2,3,2.0,6,75115,M,,,75
201400055294,14,10,16,1950,5,2,1,2.0,6,75115,M,,,75
201400055295,14,10,18,1100,1,2,4,1.0,3,75115,M,,,75
201400055296,14,10,18,1200,1,2,3,1.0,6,75115,M,,,75
201400055297,14,10,20,1230,1,2,4,1.0,6,75115,M,,,75
201400055298,14,10,22,1130,1,2,1,1.0,3,75115,M,,,75
201400055299,14,10,22,1455,1,2,3,1.0,2,75115,M,,,75
201400055300,14,10,23,2015,5,2,7,1.0,4,75115,M,,,75
201400055301,14,10,25,1510,1,2,1,2.0,6,75107,M,,,75
201400055302,14,10,26,630,5,2,5,8.0,3,75115,M,,,75
201400055303,14,10,27,1030,1,2,3,1.0,6,75115,M,,,75
201400055304,14,10,27,1450,1,2,5,1.0,3,75115,M,,,75
201400055305,14,10,27,1527,1,2,2,1.0,6,75115,M,,,75
201400055306,14,10,27,1750,2,2,7,1.0,2,75115,M,,,75
201400055307,14,10,28,1745,3,2,3,1.0,3,75115,M,,,75
201400055308,14,10,29,1430,1,2,7,1.0,6,75115,M,,,75
201400055309,14,10,29,1835,5,2,1,1.0,3,75115,M,,,75
201400055310,14,10,30,2325,5,2,2,1.0,3,75115,M,,,75
201400055311,14,10,31,1800,2,2,1,1.0,3,75115,M,,,75
201400055312,14,11,2,2205,5,2,2,2.0,2,75115,M,,,75
201400055313,14,11,3,1150,1,2,5,1.0,6,75115,M,,,75
201400055314,14,11,3,1830,5,2,3,3.0,3,75115,M,,,75
201400055315,14,11,3,1830,5,2,5,3.0,6,75115,M,,,75
201400055316,14,11,3,2045,5,2,2,2.0,3,75115,M,,,75
201400055317,14,11,5,1035,1,2,7,1.0,3,75107,M,,,75
201400055318,14,11,7,730,1,2,3,2.0,6,75115,M,,,75
201400055319,14,11,8,210,5,2,2,1.0,6,75115,M,,,75
201400055320,14,11,9,1755,5,2,1,1.0,3,75115,M,,,75
201400055321,14,11,9,1920,5,2,1,1.0,6,75115,M,,,75
201400055322,14,11,12,2115,3,2,1,1.0,6,75107,M,,,75
201400055323,14,11,14,1430,1,2,1,2.0,7,75115,M,,,75
201400055324,14,11,15,1120,1,2,1,1.0,6,75115,M,,,75
201400055325,14,11,16,2030,5,2,2,2.0,6,75115,M,,,75
201400055326,14,11,17,1358,1,2,5,2.0,3,75115,M,,,75
201400055327,14,11,17,1800,3,2,1,2.0,6,75115,M,,,75
201400055328,14,11,18,915,1,2,4,2.0,3,75115,M,,,75
201400055329,14,11,18,1800,5,2,1,2.0,3,75115,M,,,75
201400055330,14,11,18,2015,5,2,1,2.0,2,75115,M,,,75
201400055331,14,11,20,340,5,2,1,1.0,7,75115,M,,,75
201400055332,14,11,20,850,1,2,1,1.0,7,75115,M,,,75
201400055333,14,11,20,1250,1,2,2,1.0,3,75115,M,,,75
201400055334,14,11,20,2100,5,2,1,1.0,3,75115,M,,,75
201400055335,14,11,24,1615,1,2,1,1.0,7,75115,M,,,75
201400055336,14,11,26,2000,5,2,1,2.0,7,75115,M,,,75
201400055337,14,11,26,1900,5,2,1,2.0,2,75115,M,,,75
201400055338,14,11,29,1350,1,2,2,1.0,6,75115,M,,,75
201400055339,14,11,30,1930,5,2,2,2.0,3,75115,M,,,75
201400055340,14,11,30,1940,5,2,2,2.0,6,75115,M,,,75
201400055341,14,11,30,2210,5,2,2,2.0,6,75115,M,,,75
201400055342,14,12,2,620,5,2,5,1.0,3,75115,M,,,75
201400055343,14,12,6,1035,1,2,4,1.0,6,75115,M,,,75
201400055344,14,12,6,1830,5,2,5,1.0,6,75115,M,,,75
201400055345,14,12,6,1815,5,2,5,1.0,3,75115,M,,,75
201400055346,14,12,8,910,1,2,5,8.0,6,75115,M,,,75
201400055347,14,12,8,904,1,2,5,1.0,6,75115,M,,,75
201400055348,14,12,8,1425,1,2,2,2.0,3,75115,M,,,75
201400055349,14,12,10,1145,1,2,7,8.0,1,75115,M,,,75
201400055350,14,12,10,1345,1,2,1,2.0,6,75115,M,,,75
201400055351,14,12,10,1805,5,2,7,2.0,6,75115,M,,,75
201400055352,14,12,10,1935,5,2,1,1.0,3,75115,M,,,75
201400055353,14,12,11,30,5,2,2,1.0,3,75115,M,,,75
201400055354,14,12,11,2130,5,2,2,1.0,3,75115,M,,,75
201400055355,14,12,12,2330,5,2,1,3.0,6,75114,M,,,75
201400055356,14,12,14,8,5,2,2,1.0,6,75115,M,,,75
201400055357,14,12,14,1255,1,2,1,1.0,1,75115,M,,,75
201400055358,14,12,16,840,2,2,2,2.0,6,75115,M,,,75
201400055359,14,12,17,730,3,2,3,2.0,1,75115,M,,,75
201400055360,14,12,17,815,2,2,2,2.0,3,75115,M,,,75
201400055361,14,12,17,1230,1,2,1,2.0,3,75115,M,,,75
201400055362,14,12,17,1615,1,2,1,2.0,2,75115,M,,,75
201400055363,14,12,19,820,2,2,5,1.0,6,75115,M,,,75
201400055364,14,12,19,1620,1,2,3,3.0,6,75115,M,,,75
201400055365,14,12,22,1130,1,2,3,1.0,3,75115,M,,,75
201400055366,14,12,23,825,2,2,2,8.0,1,75115,M,,,75
201400055367,14,12,23,1930,5,2,2,1.0,6,75115,M,,,75
201400055368,14,12,24,958,1,2,1,1.0,6,75115,M,,,75
201400055369,14,12,26,1945,5,2,1,2.0,6,75115,M,,,75
201400055370,14,12,30,35,5,2,3,1.0,6,75115,M,,,75
201400055371,14,12,30,1015,1,2,5,1.0,3,75115,M,,,75
201400055372,14,12,31,1845,5,2,3,1.0,6,75115,M,,,75
201400055373,14,1,1,300,5,2,5,1.0,6,75116,M,,,75
201400055374,14,1,2,930,1,2,4,1.0,7,75116,M,,,75
201400055375,14,1,2,1420,1,2,1,1.0,2,75116,M,,,75
201400055376,14,1,3,1930,5,2,2,1.0,3,75116,M,,,75
201400055377,14,12,31,1815,5,2,1,1.0,6,75116,M,,,75
201400055378,14,1,5,2315,5,2,1,2.0,6,75116,M,,,75
201400055379,14,1,6,730,5,2,2,8.0,6,75116,M,,,75
201400055380,14,1,6,1140,1,2,1,1.0,3,75116,M,,,75
201400055381,14,1,7,1205,1,2,1,1.0,6,75116,M,,,75
201400055382,14,1,7,1520,2,2,1,2.0,6,75116,M,,,75
201400055383,14,1,7,1820,5,2,1,1.0,2,75116,M,,,75
201400055384,14,1,7,1805,2,2,1,1.0,3,75116,M,,,75
201400055385,14,1,7,1910,5,2,7,1.0,7,75116,M,,,75
201400055386,14,1,7,2045,3,2,1,1.0,2,75116,M,,,75
201400055387,14,1,8,1700,2,2,1,1.0,6,75116,M,,,75
201400055388,14,1,9,1405,1,2,3,2.0,6,75116,M,,,75
201400055389,14,1,10,1420,1,2,1,1.0,6,75116,M,,,75
201400055390,14,1,10,2010,5,2,3,1.0,2,75116,M,,,75
201400055391,14,1,11,155,5,2,5,2.0,3,75116,M,,,75
201400055392,14,1,11,735,5,2,2,2.0,7,75116,M,,,75
201400055393,14,1,12,1747,5,2,1,1.0,3,75116,M,,,75
201400055394,14,1,13,745,2,2,4,1.0,6,75116,M,,,75
201400055395,14,1,13,1515,1,2,7,1.0,3,75116,M,,,75
201400055396,14,1,14,1445,1,2,1,2.0,3,75116,M,,,75
201400055397,14,1,18,50,5,2,1,1.0,6,75116,M,,,75
201400055398,14,1,19,1640,1,2,4,1.0,3,75116,M,,,75
201400055399,14,1,20,625,2,2,3,1.0,1,75116,M,,,75
201400055400,14,1,20,1140,1,2,1,1.0,3,75116,M,,,75
201400055401,14,1,21,1835,5,2,7,1.0,3,75116,M,,,75
201400055402,14,1,22,800,1,2,1,1.0,3,75116,M,,,75
201400055403,14,1,22,1708,2,2,1,2.0,6,75116,M,,,75
201400055404,14,1,22,1929,5,2,3,2.0,6,75116,M,,,75
201400055405,14,1,22,2030,5,2,2,2.0,3,75116,M,,,75
201400055406,14,1,22,2020,5,2,3,2.0,3,75116,M,,,75
201400055407,14,1,22,2340,5,2,1,2.0,6,75116,M,,,75
201400055408,14,1,21,1315,1,2,2,1.0,2,75116,M,,,75
201400055409,14,1,23,1800,5,2,1,2.0,2,75116,M,,,75
201400055410,14,1,23,2040,5,2,3,2.0,3,75116,M,,,75
201400055411,14,1,25,1305,1,2,3,1.0,7,75116,M,,,75
201400055412,14,1,25,1915,5,2,3,1.0,3,75116,M,,,75
201400055413,14,1,30,1800,5,2,2,1.0,2,75116,M,,,75
201400055414,14,1,30,1940,5,2,1,1.0,3,75116,M,,,75
201400055415,14,1,31,1915,5,2,2,1.0,7,75116,M,,,75
201400055416,14,2,3,1010,1,2,1,1.0,5,75116,M,,,75
201400055417,14,2,3,1715,5,2,1,1.0,6,75116,M,,,75
201400055418,14,2,5,1510,1,2,2,2.0,3,75116,M,,,75
201400055419,14,2,6,1150,1,2,1,3.0,6,75116,M,,,75
201400055420,14,2,6,1610,1,2,7,1.0,3,75116,M,,,75
201400055421,14,2,8,1425,1,2,2,2.0,1,75116,M,,,75
201400055422,14,2,8,555,5,2,2,2.0,3,75116,M,,,75
201400055423,14,2,10,1415,1,2,1,1.0,3,75116,M,,,75
201400055424,14,2,11,945,1,2,2,1.0,6,75116,M,,,75
201400055425,14,2,11,1850,3,2,3,2.0,2,75116,M,,,75
201400055426,14,2,13,1730,2,2,3,1.0,6,75116,M,,,75
201400055427,14,2,15,1245,1,2,4,1.0,3,75116,M,,,75
201400055428,14,2,16,1140,1,2,1,1.0,6,75116,M,,,75
201400055429,14,2,17,1250,1,2,7,1.0,6,75116,M,,,75
201400055430,14,2,17,1400,1,2,4,1.0,2,75116,M,,,75
201400055431,14,2,17,1830,2,2,2,1.0,6,75116,M,,,75
201400055432,14,2,19,1030,1,2,1,2.0,6,75116,M,,,75
201400055433,14,2,20,1550,1,2,4,2.0,2,75116,M,,,75
201400055434,14,2,21,1430,1,2,3,1.0,6,75116,M,,,75
201400055435,14,2,21,1830,2,2,1,8.0,6,75116,M,,,75
201400055436,14,2,23,1510,1,2,4,1.0,3,75116,M,,,75
201400055437,14,2,24,1300,1,2,4,1.0,6,75116,M,,,75
201400055438,14,2,24,1815,5,2,1,1.0,4,75116,M,,,75
201400055439,14,2,26,1745,1,2,2,1.0,3,75116,M,,,75
201400055440,14,2,26,1730,1,2,1,1.0,6,75116,M,,,75
201400055441,14,2,27,930,1,2,1,3.0,6,75116,M,,,75
201400055442,14,2,27,1500,1,2,1,2.0,2,75116,M,,,75
201400055443,14,3,1,915,1,2,5,8.0,3,75116,M,,,75
201400055444,14,3,3,830,1,2,3,1.0,7,75116,M,,,75
201400055445,14,3,5,1200,1,2,2,1.0,3,75116,M,,,75
201400055446,14,3,5,1135,1,2,7,1.0,3,75116,M,,,75
201400055447,14,3,5,1510,1,2,2,1.0,3,75116,M,,,75
201400055448,14,3,5,1700,1,2,7,1.0,3,75116,M,,,75
201400055449,14,3,6,1300,1,2,4,7.0,6,75116,M,,,75
201400055450,14,3,6,1900,5,2,1,1.0,3,75116,M,,,75
201400055451,14,3,7,255,5,2,1,1.0,6,75116,M,,,75
201400055452,14,3,8,1615,1,2,2,1.0,2,75116,M,,,75
201400055453,14,3,9,1830,1,2,1,1.0,6,75116,M,,,75
201400055454,14,3,10,1005,1,2,7,1.0,5,75116,M,,,75
201400055455,14,3,10,1840,1,2,7,1.0,3,75116,M,,,75
201400055456,14,3,10,2040,5,2,7,1.0,6,75116,M,,,75
201400055457,14,3,11,1840,2,2,1,1.0,3,75116,M,,,75
201400055458,14,3,12,905,1,2,1,1.0,6,75116,M,,,75
201400055459,14,3,13,1240,1,2,1,1.0,4,75116,M,,,75
201400055460,14,3,13,1845,2,2,2,1.0,6,75116,M,,,75
201400055461,14,3,13,2220,3,2,3,1.0,2,75116,M,,,75
201400055462,14,3,14,700,2,2,7,1.0,2,75116,M,,,75
201400055463,14,3,14,1110,1,2,2,1.0,2,75116,M,,,75
201400055464,14,3,14,1315,1,2,1,1.0,3,75116,M,,,75
201400055465,14,3,15,110,5,2,3,1.0,7,75116,M,,,75
201400055466,14,3,15,15,5,2,4,1.0,3,75116,M,,,75
201400055467,14,3,15,1510,1,2,1,1.0,2,75116,M,,,75
201400055468,14,3,16,250,5,1,1,1.0,6,75116,M,,,75
201400055469,14,3,16,630,2,2,2,1.0,3,75116,M,,,75
201400055470,14,3,16,1220,1,2,7,1.0,2,75116,M,,,75
201400055471,14,3,16,1915,5,2,7,1.0,6,75117,M,,,75
201400055472,14,3,18,1230,1,2,7,1.0,2,75116,M,,,75
201400055473,14,3,18,1915,2,2,1,1.0,3,75116,M,,,75
201400055474,14,3,20,930,1,2,4,1.0,2,75116,M,,,75
201400055475,14,3,21,1040,1,2,2,1.0,3,75116,M,,,75
201400055476,14,3,22,620,2,2,2,1.0,7,75116,M,,,75
201400055477,14,3,23,1515,1,2,5,2.0,7,75116,M,,,75
201400055478,14,3,25,840,1,2,1,2.0,2,75116,M,,,75
201400055479,14,3,25,1145,1,2,5,2.0,6,75116,M,,,75
201400055480,14,3,26,915,1,2,7,1.0,2,75116,M,,,75
201400055481,14,3,26,1145,1,2,7,1.0,3,75116,M,,,75
201400055482,14,3,26,1515,1,2,3,1.0,2,75116,M,,,75
201400055483,14,3,27,805,1,2,1,1.0,7,75116,M,,,75
201400055484,14,3,27,1540,1,2,1,1.0,3,75116,M,,,75
201400055485,14,3,27,1910,5,2,7,1.0,3,75116,M,,,75
201400055486,14,3,28,1625,1,2,2,1.0,6,75116,M,,,75
201400055487,14,3,28,1855,2,2,1,1.0,2,75116,M,,,75
201400055488,14,3,29,225,5,2,7,1.0,6,75116,M,,,75
201400055489,14,4,2,1950,1,2,1,1.0,2,75116,M,,,75
201400055490,14,4,3,20,5,2,7,1.0,2,75116,M,,,75
201400055491,14,4,3,1015,1,2,1,1.0,4,75116,M,,,75
201400055492,14,4,4,940,1,2,2,1.0,6,75116,M,,,75
201400055493,14,4,5,1520,1,2,2,1.0,6,75116,M,,,75
201400055494,14,4,6,930,1,2,7,1.0,3,75116,M,,,75
201400055495,14,4,6,1130,1,2,1,1.0,3,75116,M,,,75
201400055496,14,4,6,1715,1,2,1,1.0,1,75116,M,,,75
201400055497,14,4,7,1605,1,2,5,1.0,3,75116,M,,,75
201400055498,14,4,7,2225,5,2,3,1.0,1,75116,M,,,75
201400055499,14,4,8,810,1,2,2,1.0,6,75116,M,,,75
201400055500,14,4,8,1225,1,2,1,1.0,2,75116,M,,,75
201400055501,14,4,8,1325,1,2,7,1.0,6,75108,M,,,75
201400055502,14,4,8,1915,1,2,2,1.0,2,75116,M,,,75
201400055503,14,4,9,105,5,2,5,1.0,6,75116,M,,,75
201400055504,14,4,8,2340,5,2,3,1.0,7,75116,M,,,75
201400055505,14,4,9,1820,1,2,7,1.0,2,75116,M,,,75
201400055506,14,4,9,2350,5,2,7,1.0,3,75116,M,,,75
201400055507,14,4,9,1345,1,2,5,1.0,2,75116,M,,,75
201400055508,14,4,9,1115,1,2,5,1.0,6,75116,M,,,75
201400055509,14,4,10,1430,1,2,7,1.0,3,75116,M,,,75
201400055510,14,4,11,200,5,2,1,1.0,6,75116,M,,,75
201400055511,14,4,11,800,1,2,1,1.0,2,75116,M,,,75
201400055512,14,4,12,15,5,2,1,1.0,3,75116,M,,,75
201400055513,14,4,12,800,1,2,3,1.0,1,75116,M,,,75
201400055514,14,4,13,845,1,2,2,1.0,5,75116,M,,,75
201400055515,14,4,14,1845,1,2,1,1.0,6,75116,M,,,75
201400055516,14,4,15,1010,1,2,1,1.0,2,75116,M,,,75
201400055517,14,4,16,1000,1,2,1,7.0,2,75116,M,,,75
201400055518,14,4,15,1345,1,2,5,1.0,5,75116,M,,,75
201400055519,14,4,16,2000,2,2,4,1.0,4,75116,M,,,75
201400055520,14,4,16,2015,5,2,7,1.0,2,75116,M,,,75
201400055521,14,4,17,1105,1,2,1,7.0,6,75116,M,,,75
201400055522,14,4,17,1105,1,2,1,1.0,1,75116,M,,,75
201400055523,14,4,17,1615,1,2,3,1.0,4,75116,M,,,75
201400055524,14,4,17,1150,1,2,1,1.0,2,75116,M,,,75
201400055525,14,4,23,905,1,2,7,1.0,6,75116,M,,,75
201400055526,14,4,23,1300,1,2,1,1.0,6,75116,M,,,75
201400055527,14,4,24,1008,1,2,7,1.0,3,75116,M,,,75
201400055528,14,4,24,1515,1,2,3,1.0,2,75116,M,,,75
201400055529,14,4,25,2206,5,2,3,1.0,6,75116,M,,,75
201400055530,14,4,26,1720,1,2,3,1.0,3,75116,M,,,75
201400055531,14,4,27,1235,1,2,1,1.0,4,75116,M,,,75
201400055532,14,4,28,915,1,2,2,2.0,7,75116,M,,,75
201400055533,14,4,28,1435,1,2,7,1.0,4,75116,M,,,75
201400055534,14,4,28,1615,1,2,2,1.0,7,75116,M,,,75
201400055535,14,4,28,1815,1,2,5,1.0,3,75116,M,,,75
201400055536,14,4,28,2140,5,2,1,1.0,2,75116,M,,,75
201400055537,14,4,29,1815,1,2,6,2.0,6,75116,M,,,75
201400055538,14,5,1,1340,1,2,7,3.0,3,75116,M,,,75
201400055539,14,5,3,230,5,2,1,1.0,6,75116,M,,,75
201400055540,14,5,3,1020,1,2,1,1.0,7,75116,M,,,75
201400055541,14,5,3,1245,1,2,1,1.0,2,75116,M,,,75
201400055542,14,5,4,1140,1,2,1,1.0,6,75116,M,,,75
201400055543,14,5,5,1020,1,2,7,1.0,3,75116,M,,,75
201400055544,14,5,5,1845,1,2,1,1.0,6,75116,M,,,75
201400055545,14,5,5,1340,1,2,5,1.0,3,75116,M,,,75
201400055546,14,5,6,1215,1,2,1,1.0,6,75116,M,,,75
201400055547,14,5,8,2240,5,2,7,1.0,3,75116,M,,,75
201400055548,14,5,9,1500,1,2,5,1.0,6,75116,M,,,75
201400055549,14,5,9,2100,1,2,5,1.0,3,75116,M,,,75
201400055550,14,5,10,625,2,2,1,1.0,6,75116,M,,,75
201400055551,14,5,10,945,1,2,7,2.0,7,75116,M,,,75
201400055552,14,5,10,1040,1,2,1,3.0,7,75116,M,,,75
201400055553,14,5,11,1115,1,2,1,2.0,6,75116,M,,,75
201400055554,14,5,13,1655,1,2,3,2.0,3,75116,M,,,75
201400055555,14,5,14,1200,1,2,1,1.0,2,75116,M,,,75
201400055556,14,5,14,1600,1,2,3,1.0,2,75116,M,,,75
201400055557,14,5,14,1740,1,2,7,1.0,1,75116,M,,,75
201400055558,14,5,14,1915,1,2,3,1.0,2,75116,M,,,75
201400055559,14,5,16,1330,1,2,2,1.0,6,75116,M,,,75
201400055560,14,5,16,1540,1,2,3,1.0,3,75117,M,,,75
201400055561,14,5,17,1700,1,2,5,1.0,2,75116,M,,,75
201400055562,14,5,19,1010,1,2,3,1.0,6,75116,M,,,75