Num_Acc,an,mois,jour,hrmn,lum,agg,int,atm,col,com,gps,lat,long,dep
201400055563,14,5,20,920,1,2,7,1.0,3,75116,M,,,75
201400055564,14,5,21,1915,1,2,1,3.0,3,75116,M,,,75
201400055565,14,5,22,1615,1,2,1,1.0,6,75116,M,,,75
201400055566,14,5,22,1915,1,2,2,1.0,6,75116,M,,,75
201400055567,14,5,23,720,1,2,1,1.0,5,75117,M,,,75
201400055568,14,5,23,1530,1,2,1,1.0,3,75116,M,,,75
201400055569,14,5,23,1735,1,2,2,1.0,3,75116,M,,,75
201400055570,14,5,24,100,5,2,3,2.0,6,75116,M,,,75
201400055571,14,5,24,1900,1,2,2,1.0,2,75116,M,,,75
201400055572,14,5,25,515,2,2,5,1.0,2,75116,M,,,75
201400055573,14,5,26,1200,1,2,1,1.0,6,75116,M,,,75
201400055574,14,5,27,1600,1,2,7,1.0,2,75116,M,,,75
201400055575,14,5,28,1040,1,2,5,2.0,6,75116,M,,,75
201400055576,14,5,28,2025,2,2,5,2.0,6,75116,M,,,75
201400055577,14,5,30,215,5,2,7,1.0,7,75116,M,,,75
201400055578,14,5,30,1740,1,2,5,1.0,7,75116,M,,,75
201400055579,14,6,1,145,5,2,1,1.0,6,75116,M,,,75
201400055580,14,6,2,2010,1,2,7,1.0,3,75116,M,,,75
201400055581,14,6,4,1510,1,2,3,2.0,6,75116,M,,,75
201400055582,14,6,5,1450,1,2,1,1.0,6,75116,M,,,75
201400055583,14,6,5,1805,1,2,1,1.0,2,75116,M,,,75
201400055584,14,6,5,1914,1,2,3,1.0,3,75116,M,,,75
201400055585,14,6,6,1005,1,2,5,1.0,6,75116,M,,,75
201400055586,14,6,6,1850,1,2,1,1.0,6,75116,M,,,75
201400055587,14,6,8,600,2,2,4,1.0,2,75116,M,,,75
201400055588,14,6,8,1320,1,2,1,7.0,6,75116,M,,,75
201400055589,14,6,9,745,2,2,2,3.0,6,75116,M,,,75
201400055590,14,6,11,1100,1,2,2,1.0,6,75116,M,,,75
201400055591,14,6,11,1215,1,2,2,6.0,6,75116,M,,,75
201400055592,14,6,11,1700,1,2,1,1.0,2,75116,M,,,75
201400055593,14,6,11,1925,1,2,1,1.0,2,75116,M,,,75
201400055594,14,6,12,5,5,2,1,1.0,2,75116,M,,,75
201400055595,14,6,12,750,1,2,3,1.0,6,75116,M,,,75
201400055596,14,6,12,1045,1,2,2,1.0,6,75116,M,,,75
201400055597,14,6,11,1825,1,2,1,1.0,7,75116,M,,,75
201400055598,14,6,12,1850,1,2,3,1.0,6,75116,M,,,75
201400055599,14,6,13,2020,1,2,1,1.0,6,75116,M,,,75
201400055600,14,6,14,715,1,2,2,1.0,7,75116,M,,,75
201400055601,14,6,14,1400,1,2,3,1.0,6,75116,M,,,75
201400055602,14,6,11,1620,1,2,2,1.0,2,75116,M,,,75
201400055603,14,6,15,1805,1,2,2,1.0,3,75116,M,,,75
201400055604,14,6,16,1100,1,2,4,1.0,2,75116,M,,,75
201400055605,14,6,16,1820,1,2,3,1.0,2,75116,M,,,75
201400055606,14,6,18,1300,1,2,1,1.0,6,75116,M,,,75
201400055607,14,6,19,1820,1,2,3,1.0,2,75116,M,,,75
201400055608,14,6,19,1900,1,2,3,1.0,6,75116,M,,,75
201400055609,14,6,20,910,1,2,1,1.0,6,75116,M,,,75
201400055610,14,6,16,1350,1,2,3,1.0,2,75116,M,,,75
201400055611,14,6,21,50,5,2,2,1.0,2,75116,M,,,75
201400055612,14,6,19,1910,1,2,4,1.0,2,75116,M,,,75
201400055613,14,6,22,1200,1,2,1,1.0,6,75116,M,,,75
201400055614,14,6,22,1825,1,2,7,1.0,3,75116,M,,,75
201400055615,14,6,25,140,5,2,1,1.0,7,75116,M,,,75
201400055616,14,6,25,1130,1,2,1,1.0,6,75116,M,,,75
201400055617,14,6,25,1715,1,2,3,1.0,6,75116,M,,,75
201400055618,14,6,26,1840,1,2,4,1.0,6,75116,M,,,75
201400055619,14,6,26,2020,1,2,5,2.0,3,75116,M,,,75
201400055620,14,6,27,1030,1,2,3,1.0,6,75116,M,,,75
201400055621,14,6,27,1510,1,2,1,1.0,3,75116,M,,,75
201400055622,14,6,28,1105,1,2,3,2.0,2,75116,M,,,75
201400055623,14,6,26,1000,1,2,1,1.0,6,75116,M,,,75
201400055624,14,6,29,1500,1,2,4,2.0,2,75108,M,,,75
201400055625,14,6,30,920,1,2,1,1.0,6,75116,M,,,75
201400055626,14,6,30,2150,5,2,2,1.0,6,75116,M,,,75
201400055627,14,7,1,1005,1,2,2,1.0,3,75116,M,,,75
201400055628,14,7,2,120,5,2,1,1.0,6,75116,M,,,75
201400055629,14,7,2,1805,1,2,7,1.0,3,75116,M,,,75
201400055630,14,7,2,2130,2,2,2,1.0,3,75116,M,,,75
201400055631,14,7,3,959,1,2,1,1.0,4,75116,M,,,75
201400055632,14,7,3,1225,1,2,1,1.0,2,75116,M,,,75
201400055633,14,7,3,1450,1,2,1,1.0,3,75116,M,,,75
201400055634,14,7,3,2200,2,2,1,1.0,2,75116,M,,,75
201400055635,14,7,4,5,5,2,2,1.0,7,75116,M,,,75
201400055636,14,7,4,1235,1,2,1,2.0,6,75116,M,,,75
201400055637,14,7,4,1320,1,2,1,1.0,6,75116,M,,,75
201400055638,14,7,5,1030,1,2,7,1.0,2,75116,M,,,75
201400055639,14,7,6,1930,1,2,1,1.0,6,75116,M,,,75
201400055640,14,7,9,1810,1,2,1,3.0,2,75116,M,,,75
201400055641,14,7,10,145,5,2,1,2.0,6,75116,M,,,75
201400055642,14,7,12,1710,1,2,3,1.0,3,75116,M,,,75
201400055643,14,7,13,200,5,2,7,1.0,3,75116,M,,,75
201400055644,14,7,13,2210,5,2,2,1.0,3,75116,M,,,75
201400055645,14,7,15,1215,1,2,1,1.0,6,75116,M,,,75
201400055646,14,7,15,1730,1,2,5,1.0,5,75116,M,,,75
201400055647,14,7,16,1500,1,2,2,1.0,3,75116,M,,,75
201400055648,14,7,16,1800,1,2,2,1.0,3,75116,M,,,75
201400055649,14,7,17,1840,1,2,5,1.0,3,75116,M,,,75
201400055650,14,7,18,1400,1,2,1,2.0,3,75116,M,,,75
201400055651,14,7,18,900,1,2,3,1.0,6,75116,M,,,75
201400055652,14,7,19,720,1,2,1,1.0,6,75116,M,,,75
201400055653,14,7,19,550,5,2,1,1.0,1,75116,M,,,75
201400055654,14,7,20,1110,1,2,1,1.0,6,75116,M,,,75
201400055655,14,7,25,1000,1,2,7,1.0,6,75116,M,,,75
201400055656,14,7,27,110,5,2,2,1.0,3,75116,M,,,75
201400055657,14,7,28,1012,1,2,7,1.0,3,75116,M,,,75
201400055658,14,7,30,1850,1,2,1,1.0,2,75116,M,,,75
201400055659,14,7,31,1515,1,2,3,1.0,3,75116,M,,,75
201400055660,14,8,1,345,5,2,1,1.0,6,75116,M,,,75
201400055661,14,7,31,1930,1,2,4,1.0,6,75116,M,,,75
201400055662,14,8,1,1508,1,2,3,1.0,3,75116,M,,,75
201400055663,14,8,1,1940,1,2,4,1.0,3,75116,M,,,75
201400055664,14,8,2,750,1,2,7,1.0,3,75116,M,,,75
201400055665,14,8,7,1400,1,2,1,2.0,3,75116,M,,,75
201400055666,14,8,8,1900,1,2,1,2.0,6,75116,M,,,75
201400055667,14,8,10,1250,1,2,1,8.0,6,75116,M,,,75
201400055668,14,8,12,840,1,2,1,7.0,7,75116,M,,,75
201400055669,14,8,16,145,5,2,1,1.0,3,75116,M,,,75
201400055670,14,8,22,1230,1,2,6,1.0,3,75116,M,,,75
201400055671,14,8,22,1730,1,2,1,1.0,3,75116,M,,,75
201400055672,14,8,25,2030,5,2,1,2.0,3,75116,M,,,75
201400055673,14,8,27,730,1,2,1,3.0,2,75116,M,,,75
201400055674,14,8,28,1800,1,2,1,1.0,4,75116,M,,,75
201400055675,14,8,28,1930,1,2,3,1.0,6,75116,M,,,75
201400055676,14,8,31,500,5,2,1,1.0,6,75116,M,,,75
201400055677,14,8,31,1300,1,2,1,1.0,6,75116,M,,,75
201400055678,14,9,1,845,1,2,1,1.0,3,75116,M,,,75
201400055679,14,9,1,1155,1,2,7,1.0,3,75116,M,,,75
201400055680,14,9,1,1525,1,2,7,1.0,3,75116,M,,,75
201400055681,14,9,2,105,5,2,1,1.0,6,75116,M,,,75
201400055682,14,9,3,725,1,2,1,1.0,2,75116,M,,,75
201400055683,14,9,3,920,1,2,5,1.0,3,75116,M,,,75
201400055684,14,9,3,1620,1,2,1,1.0,6,75116,M,,,75
201400055685,14,9,5,900,1,2,3,1.0,3,75116,M,,,75
201400055686,14,9,5,1755,1,2,5,1.0,6,75116,M,,,75
201400055687,14,9,5,2320,5,2,2,1.0,3,75116,M,,,75
201400055688,14,9,6,2030,5,2,1,1.0,6,75116,M,,,75
201400055689,14,9,7,1410,1,2,5,1.0,4,75116,M,,,75
201400055690,14,9,9,810,1,2,7,1.0,3,75116,M,,,75
201400055691,14,9,9,820,1,2,5,1.0,3,75116,M,,,75
201400055692,14,9,10,1845,2,2,1,1.0,2,75116,M,,,75
201400055693,14,9,11,1250,1,2,2,1.0,6,75116,M,,,75
201400055694,14,9,12,535,5,2,1,1.0,6,75116,M,,,75
201400055695,14,9,13,10,5,2,2,1.0,6,75116,M,,,75
201400055696,14,9,14,1110,1,2,1,1.0,2,75116,M,,,75
201400055697,14,9,14,520,5,2,1,1.0,2,75116,M,,,75
201400055698,14,9,14,2200,5,2,2,1.0,1,75116,M,,,75
201400055699,14,9,11,1950,5,2,2,1.0,3,75116,M,,,75
201400055700,14,9,14,1330,1,2,1,1.0,2,75116,M,,,75
201400055701,14,9,15,1225,1,2,1,1.0,3,75116,M,,,75
201400055702,14,9,15,1755,1,2,7,1.0,2,75116,M,,,75
201400055703,14,9,16,1930,5,2,7,1.0,3,75116,M,,,75
201400055704,14,9,17,1420,1,2,3,1.0,6,75116,M,,,75
201400055705,14,9,17,1640,1,2,2,1.0,2,75116,M,,,75
201400055706,14,9,18,1250,1,2,3,1.0,6,75116,M,,,75
201400055707,14,9,18,1840,1,2,1,1.0,6,75116,M,,,75
201400055708,14,9,18,1910,2,2,1,1.0,2,75116,M,,,75
201400055709,14,9,19,210,5,2,1,1.0,6,75116,M,,,75
201400055710,14,9,19,1635,1,2,1,1.0,6,75116,M,,,75
201400055711,14,9,19,1800,1,2,1,1.0,7,75116,M,,,75
201400055712,14,9,20,1000,1,2,1,1.0,7,75116,M,,,75
201400055713,14,9,21,2315,5,2,2,1.0,3,75116,M,,,75
201400055714,14,9,22,800,1,2,1,1.0,6,75116,M,,,75
201400055715,14,9,22,1930,2,2,3,1.0,2,75116,M,,,75
201400055716,14,9,24,840,1,2,1,1.0,6,75116,M,,,75
201400055717,14,9,24,1845,5,2,1,2.0,2,75116,M,,,75
201400055718,14,9,24,2240,5,2,7,1.0,7,75116,M,,,75
201400055719,14,9,25,225,5,2,3,1.0,6,75116,M,,,75
201400055720,14,9,25,840,1,2,2,1.0,6,75116,M,,,75
201400055721,14,9,27,900,1,2,5,1.0,6,75117,M,,,75
201400055722,14,9,27,1340,1,2,7,1.0,2,75116,M,,,75
201400055723,14,9,29,1040,1,2,4,2.0,7,75116,M,,,75
201400055724,14,9,29,1415,1,2,1,1.0,6,75116,M,,,75
201400055725,14,9,27,1645,1,2,1,1.0,4,75116,M,,,75
201400055726,14,9,30,1205,1,2,5,1.0,6,75116,M,,,75
201400055727,14,9,30,1840,1,2,1,1.0,2,75116,M,,,75
201400055728,14,9,30,1900,1,2,1,1.0,5,75116,M,,,75
201400055729,14,10,1,1850,1,2,4,1.0,2,75116,M,,,75
201400055730,14,10,1,2015,5,2,1,1.0,5,75116,M,,,75
201400055731,14,10,2,1310,1,2,4,1.0,4,75116,M,,,75
201400055732,14,10,3,1525,1,2,7,1.0,3,75116,M,,,75
201400055733,14,10,4,1650,1,2,1,1.0,3,75116,M,,,75
201400055734,14,10,5,128,3,2,5,2.0,6,75116,M,,,75
201400055735,14,10,5,1450,1,2,5,1.0,3,75116,M,,,75
201400055736,14,10,5,1900,5,2,1,1.0,3,75116,M,,,75
201400055737,14,10,6,1830,5,2,1,3.0,3,75116,M,,,75
201400055738,14,10,7,900,1,2,3,1.0,6,75116,M,,,75
201400055739,14,10,8,1100,1,2,1,2.0,2,75116,M,,,75
201400055740,14,10,8,1030,1,2,1,3.0,6,75116,M,,,75
201400055741,14,10,8,1745,2,2,1,2.0,2,75116,M,,,75
201400055742,14,10,9,2250,5,2,7,1.0,3,75116,M,,,75
201400055743,14,10,10,1130,1,2,3,1.0,2,75116,M,,,75
201400055744,14,10,11,800,2,2,7,3.0,3,75116,M,,,75
201400055745,14,10,11,1435,1,2,1,1.0,6,75116,M,,,75
201400055746,14,10,11,2030,5,2,3,1.0,3,75116,M,,,75
201400055747,14,10,2,1340,1,2,1,1.0,6,75116,M,,,75
201400055748,14,10,13,625,2,2,7,1.0,3,75116,M,,,75
201400055749,14,10,13,840,1,2,3,8.0,6,75116,M,,,75
201400055750,14,10,13,1745,1,2,3,1.0,5,75116,M,,,75
201400055751,14,10,14,1415,1,2,7,1.0,3,75116,M,,,75
201400055752,14,10,14,1600,1,2,1,1.0,3,75116,M,,,75
201400055753,14,10,14,1645,1,2,1,1.0,5,75116,M,,,75
201400055754,14,10,14,1850,1,2,1,1.0,2,75116,M,,,75
201400055755,14,10,14,1900,5,2,1,1.0,2,75116,M,,,75
201400055756,14,10,15,1040,1,2,1,2.0,7,75116,M,,,75
201400055757,14,10,15,1720,1,2,5,2.0,1,75116,M,,,75
201400055758,14,10,16,845,1,2,1,1.0,3,75116,M,,,75
201400055759,14,10,16,1725,1,2,2,1.0,6,75116,M,,,75
201400055760,14,10,16,1915,5,2,4,2.0,2,75116,M,,,75
201400055761,14,10,16,2055,5,2,7,2.0,3,75116,M,,,75
201400055762,14,10,17,1645,1,2,7,1.0,6,75116,M,,,75
201400055763,14,10,18,1420,1,2,1,7.0,6,75116,M,,,75
201400055764,14,10,19,1250,1,2,1,1.0,2,75116,M,,,75
201400055765,14,10,20,900,1,2,1,1.0,3,75116,M,,,75
201400055766,14,10,20,1030,1,2,1,1.0,3,75116,M,,,75
201400055767,14,10,19,2015,5,2,1,1.0,4,75116,M,,,75
201400055768,14,10,19,1950,1,2,1,1.0,6,75116,M,,,75
201400055769,14,10,21,1815,1,2,1,2.0,3,75116,M,,,75
201400055770,14,10,22,150,5,2,2,1.0,6,75116,M,,,75
201400055771,14,10,21,1330,1,2,2,2.0,3,75116,M,,,75
201400055772,14,10,22,1910,5,2,1,1.0,6,75116,M,,,75
201400055773,14,10,23,1650,1,2,1,1.0,6,75116,M,,,75
201400055774,14,10,23,1745,1,2,3,1.0,2,75116,M,,,75
201400055775,14,10,23,1735,5,2,1,1.0,2,75116,M,,,75
201400055776,14,10,23,1750,1,2,3,1.0,2,75116,M,,,75
201400055777,14,10,23,1935,5,2,7,1.0,3,75116,M,,,75
201400055778,14,10,25,1245,1,2,3,1.0,3,75116,M,,,75
201400055779,14,10,26,1145,1,2,1,1.0,3,75116,M,,,75
201400055780,14,10,26,1855,5,2,4,1.0,6,75116,M,,,75
201400055781,14,10,27,840,1,2,5,1.0,6,75116,M,,,75
201400055782,14,10,27,1415,1,2,7,1.0,3,75116,M,,,75
201400055783,14,10,28,850,1,2,7,1.0,3,75116,M,,,75
201400055784,14,10,28,2000,5,2,3,1.0,7,75116,M,,,75
201400055785,14,10,28,1350,1,2,5,8.0,3,75116,M,,,75
201400055786,14,10,30,1435,1,2,2,1.0,6,75116,M,,,75
201400055787,14,10,31,910,1,2,7,1.0,6,75116,M,,,75
201400055788,14,10,31,1530,1,2,7,1.0,2,75116,M,,,75
201400055789,14,10,5,2055,2,2,1,2.0,6,75116,M,,,75
201400055790,14,11,3,1900,5,2,2,3.0,6,75116,M,,,75
201400055791,14,11,3,1900,5,2,7,3.0,6,75116,M,,,75
201400055792,14,11,5,1345,1,2,4,1.0,3,75116,M,,,75
201400055793,14,11,6,2020,5,2,2,1.0,3,75116,M,,,75
201400055794,14,11,7,910,1,2,1,2.0,6,75116,M,,,75
201400055795,14,11,7,1025,1,2,7,1.0,6,75116,M,,,75
201400055796,14,11,7,1750,2,2,4,1.0,6,75116,M,,,75
201400055797,14,11,9,959,1,2,2,1.0,4,75116,M,,,75
201400055798,14,11,9,1035,1,2,1,1.0,2,75116,M,,,75
201400055799,14,11,12,1232,1,2,2,1.0,6,75116,M,,,75
201400055800,14,11,12,1226,1,2,1,1.0,6,75116,M,,,75
201400055801,14,11,12,1335,1,2,1,1.0,4,75116,M,,,75
201400055802,14,11,13,900,1,2,5,1.0,3,75116,M,,,75
201400055803,14,11,14,630,5,2,1,1.0,6,75116,M,,,75
201400055804,14,11,14,1020,1,2,1,2.0,7,75116,M,,,75
201400055805,14,11,14,1425,1,2,3,2.0,6,75116,M,,,75
201400055806,14,11,15,225,5,2,7,3.0,3,75116,M,,,75
201400055807,14,11,17,1000,1,2,1,8.0,6,75116,M,,,75
201400055808,14,11,18,1455,1,2,1,2.0,6,75116,M,,,75
201400055809,14,11,18,1700,2,2,4,2.0,3,75116,M,,,75
201400055810,14,11,18,1745,5,2,1,2.0,6,75116,M,,,75
201400055811,14,11,19,615,5,2,1,1.0,2,75116,M,,,75
201400055812,14,11,13,1915,5,2,1,1.0,6,75116,M,,,75
201400055813,14,11,20,850,1,2,1,1.0,7,75116,M,,,75
201400055814,14,11,20,1830,2,2,2,1.0,6,75116,M,,,75
201400055815,14,11,22,1610,1,2,5,1.0,6,75116,M,,,75
201400055816,14,11,23,320,5,2,2,1.0,6,75116,M,,,75
201400055817,14,11,23,1048,1,2,1,1.0,6,75116,M,,,75
201400055818,14,11,23,1600,1,2,1,1.0,6,75116,M,,,75
201400055819,14,11,24,855,1,2,2,3.0,7,75116,M,,,75
201400055820,14,11,24,939,1,2,1,2.0,2,75116,M,,,75
201400055821,14,11,24,1505,1,2,2,1.0,6,75116,M,,,75
201400055822,14,11,25,920,1,2,7,2.0,2,75116,M,,,75
201400055823,14,11,25,1015,1,2,1,2.0,3,75116,M,,,75
201400055824,14,11,25,2010,5,2,7,1.0,6,75116,M,,,75
201400055825,14,11,26,1010,1,2,1,8.0,7,75116,M,,,75
201400055826,14,11,26,2020,5,2,1,2.0,2,75116,M,,,75
201400055827,14,11,27,830,1,2,7,2.0,2,75116,M,,,75
201400055828,14,11,28,330,5,2,2,1.0,2,75116,M,,,75
201400055829,14,11,28,1015,1,2,2,1.0,3,75116,M,,,75
201400055830,14,11,30,215,5,2,4,1.0,2,75116,M,,,75
201400055831,14,11,29,1500,1,2,3,1.0,6,75116,M,,,75
201400055832,14,11,30,1810,5,2,3,1.0,3,75116,M,,,75
201400055833,14,12,2,910,1,2,5,1.0,2,75116,M,,,75
201400055834,14,12,2,1600,1,2,7,1.0,2,75116,M,,,75
201400055835,14,12,2,1730,5,2,1,1.0,2,75116,M,,,75
201400055836,14,12,2,2145,5,2,7,8.0,2,75117,M,,,75
201400055837,14,12,3,1925,5,2,4,1.0,6,75116,M,,,75
201400055838,14,12,3,1820,5,2,7,8.0,3,75116,M,,,75
201400055839,14,12,4,1515,1,2,1,1.0,6,75116,M,,,75
201400055840,14,12,5,1750,5,2,7,1.0,6,75116,M,,,75
201400055841,14,12,6,1200,1,2,7,1.0,7,75116,M,,,75
201400055842,14,12,6,1105,1,2,1,1.0,4,75116,M,,,75
201400055843,14,12,7,1350,1,2,3,2.0,2,75116,M,,,75
201400055844,14,12,8,805,2,2,5,8.0,3,75116,M,,,75
201400055845,14,12,8,1030,1,2,7,2.0,3,75116,M,,,75
201400055846,14,12,9,930,1,2,7,1.0,3,75116,M,,,75
201400055847,14,12,10,1630,5,2,1,1.0,6,75116,M,,,75
201400055848,14,12,10,2123,5,2,2,1.0,6,75116,M,,,75
201400055849,14,12,12,815,1,2,1,8.0,6,75116,M,,,75
201400055850,14,12,12,1550,1,2,2,2.0,3,75116,M,,,75
201400055851,14,12,12,1645,5,2,1,2.0,6,75116,M,,,75
201400055852,14,12,12,1325,1,2,1,1.0,3,75116,M,,,75
201400055853,14,12,15,1000,1,2,7,8.0,6,75116,M,,,75
201400055854,14,12,15,1720,5,2,3,2.0,6,75116,M,,,75
201400055855,14,12,15,1805,5,2,7,2.0,3,75116,M,,,75
201400055856,14,12,15,1910,5,2,5,2.0,6,75116,M,,,75
201400055857,14,12,15,1920,5,2,1,2.0,6,75116,M,,,75
201400055858,14,12,16,1100,1,2,1,1.0,2,75116,M,,,75
201400055859,14,12,16,1620,1,2,1,1.0,6,75116,M,,,75
201400055860,14,12,16,1800,5,2,1,1.0,6,75116,M,,,75
201400055861,14,12,16,2005,5,2,2,1.0,2,75116,M,,,75
201400055862,14,12,17,930,1,2,5,2.0,3,75116,M,,,75
201400055863,14,12,17,930,1,2,3,2.0,2,75116,M,,,75
201400055864,14,12,17,1200,1,2,1,2.0,6,75116,M,,,75
201400055865,14,12,18,850,1,2,1,1.0,2,75116,M,,,75
201400055866,14,12,18,1500,1,2,1,1.0,2,75116,M,,,75
201400055867,14,12,14,1230,1,2,7,1.0,3,75116,M,,,75
201400055868,14,12,19,1620,5,2,7,2.0,3,75116,M,,,75
201400055869,14,12,26,1705,5,2,1,1.0,2,75116,M,,,75
201400055870,14,12,26,1730,5,2,2,1.0,1,75116,M,,,75
201400055871,14,12,28,1700,2,2,2,1.0,6,75116,M,,,75
201400055872,14,12,29,915,1,2,7,1.0,1,75116,M,,,75
201400055873,14,12,29,2330,5,2,1,1.0,6,75116,M,,,75
201400055874,14,12,30,1815,5,2,1,1.0,6,75116,M,,,75
201400055875,14,1,15,1330,1,2,1,2.0,3,75116,M,,,75
201400055876,14,1,16,1300,1,2,5,2.0,3,75116,M,,,75
201400055877,14,12,31,2345,5,2,1,1.0,6,75117,M,,,75
201400055878,14,1,1,550,5,2,5,1.0,2,75117,M,,,75
201400055879,14,1,2,1600,1,2,3,1.0,6,75117,M,,,75
201400055880,14,1,4,1000,1,2,2,1.0,6,75117,M,,,75
201400055881,14,1,4,1630,1,2,1,2.0,6,75117,M,,,75
201400055882,14,1,4,2150,5,2,5,1.0,6,75117,M,,,75
201400055883,14,1,5,1120,1,2,7,1.0,7,75117,M,,,75
201400055884,14,1,6,243,5,2,7,9.0,6,75117,M,,,75
201400055885,14,1,7,1700,2,2,2,2.0,3,75117,M,,,75
201400055886,14,1,9,1600,1,2,1,2.0,3,75117,M,,,75
201400055887,14,1,9,2200,5,2,7,1.0,3,75117,M,,,75
201400055888,14,1,11,1650,1,2,5,1.0,3,75117,M,,,75
201400055889,14,1,13,100,5,2,7,1.0,3,75117,M,,,75
201400055890,14,1,13,830,2,2,4,1.0,3,75117,M,,,75
201400055891,14,1,13,1140,1,2,7,1.0,7,75116,M,,,75
201400055892,14,1,13,1400,1,2,7,1.0,6,75117,M,,,75
201400055893,14,1,14,805,2,2,4,2.0,6,75117,M,,,75
201400055894,14,1,16,755,2,2,5,2.0,6,75117,M,,,75
201400055895,14,1,16,840,1,2,4,3.0,7,75117,M,,,75
201400055896,14,1,16,2330,5,2,4,1.0,7,75117,M,,,75
201400055897,14,1,17,1700,1,2,1,1.0,6,75117,M,,,75
201400055898,14,1,18,345,5,2,3,1.0,6,75117,M,,,75
201400055899,14,1,18,2210,5,2,2,1.0,6,75117,M,,,75
201400055900,14,1,21,1520,1,2,1,1.0,6,75117,M,,,75
201400055901,14,1,22,2305,5,2,5,2.0,3,75117,M,,,75
201400055902,14,1,25,1000,1,2,2,1.0,7,75117,M,,,75
201400055903,14,1,25,1300,1,2,1,1.0,6,75117,M,,,75
201400055904,14,1,26,1450,1,2,5,2.0,6,75117,M,,,75
201400055905,14,1,27,910,1,2,2,1.0,7,75117,M,,,75
201400055906,14,1,27,1310,1,2,1,1.0,2,75117,M,,,75
201400055907,14,1,29,1350,1,2,7,2.0,7,75117,M,,,75
201400055908,14,1,29,2010,5,2,5,8.0,6,75117,M,,,75
201400055909,14,1,29,2245,5,2,4,2.0,3,75117,M,,,75
201400055910,14,2,2,5,5,2,2,1.0,3,75117,M,,,75
201400055911,14,2,3,1820,5,2,1,1.0,6,75117,M,,,75
201400055912,14,2,4,725,2,2,5,1.0,3,75117,M,,,75
201400055913,14,2,5,1915,5,2,1,2.0,4,75117,M,,,75
201400055914,14,2,6,1812,5,2,4,2.0,3,75117,M,,,75
201400055915,14,2,11,1300,1,2,4,1.0,3,75117,M,,,75
201400055916,14,2,10,2050,3,2,1,1.0,4,75117,M,,,75
201400055917,14,2,11,1840,5,2,1,2.0,2,75117,M,,,75
201400055918,14,2,12,1235,1,2,7,1.0,2,75117,M,,,75
201400055919,14,2,12,1300,1,2,1,1.0,3,75117,M,,,75
201400055920,14,2,12,1630,1,2,1,2.0,6,75117,M,,,75
201400055921,14,2,12,1750,5,2,2,2.0,3,75117,M,,,75
201400055922,14,2,13,930,1,2,7,2.0,7,75117,M,,,75
201400055923,14,2,13,740,2,2,1,2.0,6,75117,M,,,75
201400055924,14,2,13,1800,5,2,1,8.0,3,75117,M,,,75
201400055925,14,2,14,1140,1,2,1,2.0,2,75117,M,,,75
201400055926,14,2,16,2120,5,2,1,1.0,6,75117,M,,,75
201400055927,14,2,19,2120,5,2,2,1.0,6,75117,M,,,75
201400055928,14,2,20,405,5,2,5,1.0,3,75117,M,,,75
201400055929,14,2,20,1020,1,2,2,2.0,6,75117,M,,,75
201400055930,14,2,20,1505,1,2,5,3.0,6,75117,M,,,75
201400055931,14,2,21,1215,1,2,7,1.0,3,75117,M,,,75
201400055932,14,2,23,10,5,2,2,1.0,6,75117,M,,,75
201400055933,14,2,23,2020,5,2,5,1.0,6,75117,M,,,75
201400055934,14,2,24,940,1,2,1,1.0,6,75117,M,,,75
201400055935,14,2,24,1700,1,2,4,1.0,3,75117,M,,,75
201400055936,14,2,25,1000,1,2,1,1.0,7,75117,M,,,75
201400055937,14,2,25,1400,1,2,1,1.0,6,75117,M,,,75
201400055938,14,2,26,50,5,2,4,1.0,3,75117,M,,,75
201400055939,14,2,26,1710,1,2,3,1.0,3,75117,M,,,75
201400055940,14,2,27,1510,1,2,2,2.0,2,75117,M,,,75
201400055941,14,2,27,1555,1,2,1,2.0,2,75117,M,,,75
201400055942,14,2,27,1655,1,2,2,1.0,6,75117,M,,,75
201400055943,14,2,28,122,5,2,1,1.0,6,75117,M,,,75
201400055944,14,2,28,920,1,2,1,2.0,7,75117,M,,,75
201400055945,14,2,28,1400,1,2,7,2.0,3,75117,M,,,75
201400055946,14,3,2,1115,1,2,5,1.0,6,75117,M,,,75
201400055947,14,3,2,2100,5,2,1,1.0,6,75117,M,,,75
201400055948,14,3,3,740,1,2,3,1.0,7,75117,M,,,75
201400055949,14,3,3,1530,1,2,7,3.0,6,75117,M,,,75
201400055950,14,3,6,1640,1,2,2,1.0,6,75117,M,,,75
201400055951,14,3,7,830,1,2,7,1.0,6,75117,M,,,75
201400055952,14,3,7,1145,1,2,1,1.0,6,75117,M,,,75
201400055953,14,3,7,1405,1,2,2,1.0,3,75117,M,,,75
201400055954,14,3,8,1040,1,2,2,1.0,3,75117,M,,,75
201400055955,14,3,9,2050,5,2,4,1.0,3,75117,M,,,75
201400055956,14,3,10,940,1,2,4,1.0,3,75117,M,,,75
201400055957,14,3,12,500,5,2,7,1.0,6,75117,M,,,75
201400055958,14,3,12,1600,1,2,5,1.0,7,75117,M,,,75
201400055959,14,3,12,1940,5,2,5,1.0,6,75117,M,,,75
201400055960,14,3,12,2310,5,2,7,1.0,2,75117,M,,,75
201400055961,14,3,13,819,1,2,5,1.0,3,75117,M,,,75
201400055962,14,3,13,1630,1,2,5,1.0,6,75117,M,,,75
201400055963,14,3,14,1900,3,2,1,1.0,7,75117,M,,,75
201400055964,14,3,17,2125,5,2,3,1.0,6,75117,M,,,75
201400055965,14,3,19,1525,1,2,1,1.0,6,75117,M,,,75
201400055966,14,3,20,1630,1,2,1,1.0,6,75117,M,,,75
201400055967,14,3,23,420,5,2,7,1.0,6,75116,M,,,75
201400055968,14,3,23,1810,1,2,2,8.0,6,75116,M,,,75