Num_Acc,an,mois,jour,hrmn,lum,agg,int,atm,col,com,gps,lat,long,dep
201400055969,14,3,24,1745,1,2,2,1.0,7,75117,M,,,75
201400055970,14,3,25,815,1,2,3,2.0,6,75117,M,,,75
201400055971,14,3,25,930,1,2,2,2.0,1,75117,M,,,75
201400055972,14,3,25,1200,1,2,2,2.0,6,75117,M,,,75
201400055973,14,3,25,1450,1,2,7,2.0,7,75117,M,,,75
201400055974,14,3,25,1445,1,2,1,2.0,3,75117,M,,,75
201400055975,14,3,25,1520,1,2,1,2.0,1,75117,M,,,75
201400055976,14,3,26,1310,1,2,1,1.0,6,75117,M,,,75
201400055977,14,3,27,815,1,2,1,1.0,6,75117,M,,,75
201400055978,14,3,27,2000,4,2,1,1.0,6,75117,M,,,75
201400055979,14,3,28,1320,1,2,1,1.0,2,75117,M,,,75
201400055980,14,3,30,1910,1,2,1,1.0,3,75117,M,,,75
201400055981,14,3,31,1430,1,2,2,1.0,1,75117,M,,,75
201400055982,14,4,1,1520,1,2,4,1.0,3,75117,M,,,75
201400055983,14,4,2,1810,1,2,2,9.0,2,75117,M,,,75
201400055984,14,4,2,35,5,2,2,1.0,3,75117,M,,,75
201400055985,14,4,4,1050,1,2,7,1.0,6,75117,M,,,75
201400055986,14,4,8,930,1,2,1,1.0,6,75117,M,,,75
201400055987,14,4,8,1235,1,2,5,1.0,3,75117,M,,,75
201400055988,14,4,9,900,1,2,1,1.0,3,75117,M,,,75
201400055989,14,4,9,2240,5,2,2,1.0,3,75117,M,,,75
201400055990,14,4,12,1930,1,2,2,1.0,1,75117,M,,,75
201400055991,14,4,14,940,1,2,2,1.0,3,75117,M,,,75
201400055992,14,4,14,1250,1,2,2,1.0,6,75117,M,,,75
201400055993,14,4,15,1320,1,2,7,1.0,6,75117,M,,,75
201400055994,14,4,16,1100,1,2,2,7.0,6,75117,M,,,75
201400055995,14,4,19,1710,1,2,2,1.0,7,75117,M,,,75
201400055996,14,4,19,1815,1,2,1,1.0,4,75117,M,,,75
201400055997,14,4,22,1010,1,2,1,1.0,2,75117,M,,,75
201400055998,14,4,22,1740,1,2,1,2.0,2,75117,M,,,75
201400055999,14,4,25,1010,1,2,1,2.0,7,75117,M,,,75
201400056000,14,4,25,1350,1,2,2,8.0,6,75117,M,,,75
201400056001,14,4,26,1900,1,2,3,3.0,2,75117,M,,,75
201400056002,14,4,27,1230,1,2,2,1.0,3,75117,M,,,75
201400056003,14,4,28,850,1,2,2,1.0,6,75117,M,,,75
201400056004,14,4,28,2000,2,2,1,1.0,6,75117,M,,,75
201400056005,14,4,28,2200,5,2,2,1.0,2,75117,M,,,75
201400056006,14,4,29,950,1,2,5,1.0,6,75117,M,,,75
201400056007,14,5,1,2050,5,2,7,2.0,6,75117,M,,,75
201400056008,14,5,2,920,1,2,3,1.0,6,75117,M,,,75
201400056009,14,5,2,1115,1,2,2,1.0,3,75117,M,,,75
201400056010,14,5,2,2010,2,2,1,1.0,3,75117,M,,,75
201400056011,14,5,3,1405,1,2,1,1.0,6,75117,M,,,75
201400056012,14,5,3,1540,1,2,2,1.0,3,75117,M,,,75
201400056013,14,5,6,1900,1,2,2,1.0,6,75117,M,,,75
201400056014,14,5,7,945,1,2,1,1.0,4,75117,M,,,75
201400056015,14,5,7,1505,1,2,2,1.0,2,75117,M,,,75
201400056016,14,5,7,1500,1,2,1,1.0,6,75117,M,,,75
201400056017,14,5,8,1510,1,2,5,2.0,6,75117,M,,,75
201400056018,14,5,12,1035,1,2,2,2.0,3,75117,M,,,75
201400056019,14,5,13,940,1,2,5,1.0,5,75117,M,,,75
201400056020,14,5,13,1630,1,2,1,2.0,4,75117,M,,,75
201400056021,14,5,13,1810,1,2,2,1.0,3,75117,M,,,75
201400056022,14,5,14,810,1,2,1,1.0,3,75117,M,,,75
201400056023,14,5,14,1355,1,2,3,1.0,6,75117,M,,,75
201400056024,14,5,14,1950,1,2,1,1.0,2,75117,M,,,75
201400056025,14,5,14,525,5,2,1,1.0,6,75117,M,,,75
201400056026,14,5,15,900,1,2,2,1.0,6,75117,M,,,75
201400056027,14,5,16,815,1,2,5,1.0,6,75117,M,,,75
201400056028,14,5,16,1010,1,2,2,1.0,6,75117,M,,,75
201400056029,14,5,16,1934,1,2,3,1.0,3,75117,M,,,75
201400056030,14,5,17,1800,1,2,4,1.0,3,75117,M,,,75
201400056031,14,5,17,2005,1,2,1,1.0,3,75117,M,,,75
201400056032,14,5,17,2000,1,2,1,1.0,3,75116,M,,,75
201400056033,14,5,20,2020,2,2,2,2.0,6,75117,M,,,75
201400056034,14,5,21,1707,1,2,7,8.0,6,75117,M,,,75
201400056035,14,5,23,220,5,2,3,1.0,7,75117,M,,,75
201400056036,14,5,27,850,1,2,2,8.0,6,75117,M,,,75
201400056037,14,5,27,1915,1,2,5,1.0,3,75117,M,,,75
201400056038,14,5,27,1900,1,2,5,1.0,2,75117,M,,,75
201400056039,14,5,28,1830,1,2,1,1.0,6,75117,M,,,75
201400056040,14,5,29,1720,1,2,5,1.0,3,75117,M,,,75
201400056041,14,5,30,1951,1,2,3,1.0,6,75117,M,,,75
201400056042,14,5,31,1120,1,2,1,1.0,6,75117,M,,,75
201400056043,14,5,31,1605,1,2,2,1.0,3,75117,M,,,75
201400056044,14,6,1,10,5,2,5,1.0,3,75117,M,,,75
201400056045,14,6,2,1000,1,2,1,1.0,6,75117,M,,,75
201400056046,14,6,2,1310,1,2,2,1.0,3,75117,M,,,75
201400056047,14,6,3,1225,1,2,2,1.0,3,75117,M,,,75
201400056048,14,6,4,900,1,2,1,3.0,3,75117,M,,,75
201400056049,14,6,5,920,1,2,2,1.0,6,75117,M,,,75
201400056050,14,6,6,230,5,2,3,1.0,6,75117,M,,,75
201400056051,14,6,6,1315,1,2,3,1.0,3,75117,M,,,75
201400056052,14,6,6,1610,1,2,2,1.0,6,75117,M,,,75
201400056053,14,6,7,1830,1,2,4,1.0,3,75117,M,,,75
201400056054,14,6,9,900,1,2,2,2.0,3,75117,M,,,75
201400056055,14,6,10,1022,1,2,3,2.0,3,75117,M,,,75
201400056056,14,6,11,1500,1,2,5,1.0,6,75117,M,,,75
201400056057,14,6,12,900,1,2,1,1.0,6,75117,M,,,75
201400056058,14,6,12,2005,1,2,7,1.0,3,75117,M,,,75
201400056059,14,6,13,820,1,2,3,1.0,6,75117,M,,,75
201400056060,14,6,13,1350,1,2,1,1.0,6,75117,M,,,75
201400056061,14,6,14,400,5,2,2,1.0,6,75117,M,,,75
201400056062,14,6,14,1700,1,2,1,1.0,6,75118,M,,,75
201400056063,14,6,16,2340,5,2,2,1.0,3,75117,M,,,75
201400056064,14,6,17,125,4,2,1,1.0,7,75117,M,,,75
201400056065,14,6,17,1250,1,2,3,1.0,6,75117,M,,,75
201400056066,14,6,18,1040,1,2,2,1.0,2,75117,M,,,75
201400056067,14,6,18,1545,1,2,3,1.0,6,75117,M,,,75
201400056068,14,6,18,2020,1,2,1,1.0,2,75117,M,,,75
201400056069,14,6,19,10,5,2,2,1.0,3,75117,M,,,75
201400056070,14,6,20,915,1,2,1,1.0,2,75117,M,,,75
201400056071,14,6,20,1730,1,2,4,1.0,6,75117,M,,,75
201400056072,14,6,20,1850,1,2,1,1.0,6,75117,M,,,75
201400056073,14,6,21,1410,1,2,2,1.0,3,75117,M,,,75
201400056074,14,6,23,820,1,2,3,1.0,2,75117,M,,,75
201400056075,14,6,23,905,1,2,1,1.0,6,75117,M,,,75
201400056076,14,6,24,435,5,2,1,1.0,6,75117,M,,,75
201400056077,14,6,24,1315,1,2,2,1.0,6,75116,M,,,75
201400056078,14,6,27,855,1,2,2,1.0,3,75117,M,,,75
201400056079,14,6,27,1030,1,2,3,1.0,6,75117,M,,,75
201400056080,14,6,27,1615,1,2,1,1.0,6,75117,M,,,75
201400056081,14,6,28,2253,5,2,2,2.0,6,75117,M,,,75
201400056082,14,6,28,1400,1,2,1,2.0,4,75117,M,,,75
201400056083,14,6,29,920,1,2,1,2.0,7,75117,M,,,75
201400056084,14,6,30,950,1,2,1,1.0,2,75117,M,,,75
201400056085,14,7,2,1040,1,2,1,1.0,3,75117,M,,,75
201400056086,14,7,3,2240,5,2,7,1.0,6,75117,M,,,75
201400056087,14,7,7,1455,1,2,1,1.0,3,75117,M,,,75
201400056088,14,7,8,745,1,2,7,2.0,7,75117,M,,,75
201400056089,14,7,8,1840,1,2,1,1.0,6,75117,M,,,75
201400056090,14,7,10,1410,1,2,5,8.0,2,75117,M,,,75
201400056091,14,7,10,1540,1,2,7,8.0,3,75108,M,,,75
201400056092,14,7,10,1745,1,2,5,2.0,6,75117,M,,,75
201400056093,14,7,12,1825,1,2,1,1.0,3,75117,M,,,75
201400056094,14,7,13,1615,1,2,5,2.0,4,75108,M,,,75
201400056095,14,7,15,1145,1,2,1,2.0,3,75117,M,,,75
201400056096,14,7,15,1730,1,2,3,1.0,6,75117,M,,,75
201400056097,14,7,17,1800,1,2,1,1.0,6,75117,M,,,75
201400056098,14,7,18,1009,1,2,7,1.0,6,75117,M,,,75
201400056099,14,7,19,1540,1,2,2,1.0,5,75117,M,,,75
201400056100,14,7,19,1950,1,2,4,1.0,6,75117,M,,,75
201400056101,14,7,20,1800,1,2,1,1.0,2,75108,M,,,75
201400056102,14,7,21,48,5,2,7,1.0,6,75117,M,,,75
201400056103,14,7,21,1400,1,2,5,1.0,3,75117,M,,,75
201400056104,14,7,22,2240,5,2,5,1.0,2,75117,M,,,75
201400056105,14,7,23,1635,1,2,4,1.0,3,75117,M,,,75
201400056106,14,7,23,2130,2,2,3,1.0,2,75117,M,,,75
201400056107,14,7,24,1600,1,2,1,1.0,6,75117,M,,,75
201400056108,14,7,24,1900,1,2,5,1.0,6,75117,M,,,75
201400056109,14,7,25,1500,1,2,4,1.0,6,75108,M,,,75
201400056110,14,7,26,1210,1,2,2,1.0,3,75117,M,,,75
201400056111,14,7,27,1900,1,2,4,1.0,3,75116,M,,,75
201400056112,14,7,30,850,1,2,2,1.0,3,75117,M,,,75
201400056113,14,7,30,2310,5,2,2,1.0,3,75117,M,,,75
201400056114,14,7,31,1145,1,2,1,1.0,6,75117,M,,,75
201400056115,14,8,3,217,4,2,5,1.0,6,75117,M,,,75
201400056116,14,8,4,325,4,2,2,8.0,2,75117,M,,,75
201400056117,14,8,4,1430,1,2,7,1.0,3,75117,M,,,75
201400056118,14,8,5,1245,1,2,7,1.0,3,75117,M,,,75
201400056119,14,8,5,1440,1,2,1,1.0,3,75117,M,,,75
201400056120,14,8,6,820,1,2,5,2.0,3,75117,M,,,75
201400056121,14,8,7,915,1,2,1,2.0,3,75117,M,,,75
201400056122,14,8,10,10,5,2,4,1.0,3,75117,M,,,75
201400056123,14,8,12,1545,1,2,5,1.0,6,75117,M,,,75
201400056124,14,8,12,1610,1,2,3,1.0,3,75117,M,,,75
201400056125,14,8,14,950,1,2,7,1.0,3,75117,M,,,75
201400056126,14,8,14,555,2,2,1,8.0,6,75117,M,,,75
201400056127,14,8,15,1440,1,2,2,1.0,6,75117,M,,,75
201400056128,14,8,15,2255,5,2,7,1.0,6,75117,M,,,75
201400056129,14,8,20,1520,1,2,1,1.0,3,75116,M,,,75
201400056130,14,8,21,1400,1,2,1,1.0,6,75117,M,,,75
201400056131,14,8,22,415,5,2,2,1.0,3,75117,M,,,75
201400056132,14,8,22,820,1,2,2,1.0,3,75117,M,,,75
201400056133,14,8,24,1358,1,2,4,1.0,3,75117,M,,,75
201400056134,14,8,27,830,1,2,2,3.0,6,75117,M,,,75
201400056135,14,8,30,1015,1,2,1,1.0,6,75117,M,,,75
201400056136,14,9,2,1700,1,2,1,1.0,6,75117,M,,,75
201400056137,14,9,4,720,1,2,5,1.0,6,75117,M,,,75
201400056138,14,9,4,945,1,2,1,8.0,6,75117,M,,,75
201400056139,14,9,4,1625,1,2,7,1.0,2,75117,M,,,75
201400056140,14,9,5,1100,1,2,2,1.0,6,75117,M,,,75
201400056141,14,9,5,1000,1,2,1,8.0,4,75117,M,,,75
201400056142,14,9,5,1730,1,2,1,1.0,3,75117,M,,,75
201400056143,14,9,5,610,5,2,2,1.0,6,75117,M,,,75
201400056144,14,9,7,315,5,2,3,1.0,7,75117,M,,,75
201400056145,14,9,8,1245,1,2,3,1.0,4,75117,M,,,75
201400056146,14,9,9,1740,1,2,5,1.0,3,75117,M,,,75
201400056147,14,9,9,2315,5,2,4,1.0,6,75117,M,,,75
201400056148,14,9,11,1210,1,2,3,1.0,6,75117,M,,,75
201400056149,14,9,11,1630,1,2,3,1.0,6,75117,M,,,75
201400056150,14,9,11,2100,5,2,5,1.0,6,75117,M,,,75
201400056151,14,9,12,2110,5,2,7,1.0,3,75117,M,,,75
201400056152,14,9,12,2020,5,2,2,1.0,3,75117,M,,,75
201400056153,14,9,15,900,1,2,7,1.0,3,75117,M,,,75
201400056154,14,9,15,1835,1,2,2,1.0,3,75117,M,,,75
201400056155,14,9,16,1140,1,2,4,1.0,2,75117,M,,,75
201400056156,14,9,16,1645,1,2,1,1.0,3,75117,M,,,75
201400056157,14,9,18,1450,1,2,1,1.0,6,75117,M,,,75
201400056158,14,9,19,2015,5,2,7,1.0,2,75117,M,,,75
201400056159,14,9,17,1210,1,2,1,1.0,6,75117,M,,,75
201400056160,14,9,21,1355,1,2,1,1.0,6,75117,M,,,75
201400056161,14,9,21,1855,1,2,4,1.0,6,75117,M,,,75
201400056162,14,9,21,1950,5,2,1,1.0,3,75117,M,,,75
201400056163,14,9,22,910,1,2,3,1.0,3,75117,M,,,75
201400056164,14,9,23,640,5,2,2,1.0,3,75117,M,,,75
201400056165,14,9,23,830,1,2,1,1.0,6,75117,M,,,75
201400056166,14,9,23,1010,1,2,1,1.0,2,75117,M,,,75
201400056167,14,9,24,1700,1,2,1,1.0,6,75117,M,,,75
201400056168,14,9,24,2000,5,2,1,1.0,2,75117,M,,,75
201400056169,14,9,24,2100,5,2,2,8.0,1,75117,M,,,75
201400056170,14,9,25,2100,5,2,7,1.0,7,75117,M,,,75
201400056171,14,9,30,1530,1,2,1,1.0,2,75117,M,,,75
201400056172,14,9,30,1630,1,2,2,1.0,3,75117,M,,,75
201400056173,14,10,1,750,1,2,1,1.0,6,75117,M,,,75
201400056174,14,10,1,1500,1,2,1,1.0,6,75117,M,,,75
201400056175,14,10,1,1620,1,2,3,1.0,3,75117,M,,,75
201400056176,14,10,2,845,1,2,1,1.0,4,75117,M,,,75
201400056177,14,10,3,1740,1,2,3,1.0,3,75117,M,,,75
201400056178,14,10,3,2125,5,2,1,1.0,2,75117,M,,,75
201400056179,14,10,5,1410,1,2,7,8.0,2,75117,M,,,75
201400056180,14,10,6,1540,1,2,3,2.0,3,75117,M,,,75
201400056181,14,10,6,2010,3,2,7,2.0,6,75117,M,,,75
201400056182,14,10,7,1210,1,2,1,8.0,3,75117,M,,,75
201400056183,14,10,7,2135,5,2,1,1.0,3,75117,M,,,75
201400056184,14,10,8,1025,1,2,4,2.0,6,75117,M,,,75
201400056185,14,10,9,900,1,2,5,8.0,1,75117,M,,,75
201400056186,14,10,9,930,1,2,4,1.0,2,75117,M,,,75
201400056187,14,10,9,1820,1,2,3,1.0,6,75117,M,,,75
201400056188,14,10,10,1205,1,2,2,1.0,6,75117,M,,,75
201400056189,14,10,10,1800,1,2,1,1.0,3,75117,M,,,75
201400056190,14,10,11,1310,1,2,1,1.0,6,75117,M,,,75
201400056191,14,10,11,1330,1,2,3,1.0,6,75117,M,,,75
201400056192,14,10,13,1050,1,2,3,8.0,6,75117,M,,,75
201400056193,14,10,14,2010,5,2,2,1.0,6,75117,M,,,75
201400056194,14,10,14,1805,1,2,2,1.0,6,75117,M,,,75
201400056195,14,10,15,1600,1,2,5,2.0,6,75117,M,,,75
201400056196,14,10,15,2105,5,2,1,1.0,3,75117,M,,,75
201400056197,14,10,16,1205,1,2,1,2.0,7,75117,M,,,75
201400056198,14,10,16,1745,1,2,1,1.0,7,75117,M,,,75
201400056199,14,10,17,2,5,2,5,2.0,2,75117,M,,,75
201400056200,14,10,18,1545,1,2,5,1.0,6,75117,M,,,75
201400056201,14,10,20,1730,1,2,2,8.0,6,75117,M,,,75
201400056202,14,10,20,1720,1,2,7,1.0,2,75117,M,,,75
201400056203,14,10,21,935,1,2,4,1.0,3,75118,M,,,75
201400056204,14,10,22,1100,1,2,4,1.0,6,75117,M,,,75
201400056205,14,10,23,1540,1,2,1,1.0,3,75117,M,,,75
201400056206,14,10,24,1300,1,2,1,1.0,3,75117,M,,,75
201400056207,14,10,25,1210,1,2,2,1.0,3,75117,M,,,75
201400056208,14,10,28,1125,1,2,3,1.0,6,75117,M,,,75
201400056209,14,10,28,1230,1,2,5,1.0,3,75117,M,,,75
201400056210,14,10,30,1750,5,2,3,1.0,3,75117,M,,,75
201400056211,14,10,31,1445,1,2,1,1.0,6,75117,M,,,75
201400056212,14,10,31,1720,2,2,2,1.0,3,75117,M,,,75
201400056213,14,11,3,1850,5,2,2,2.0,6,75117,M,,,75
201400056214,14,11,3,2025,5,2,1,2.0,6,75117,M,,,75
201400056215,14,11,4,930,1,2,4,1.0,2,75117,M,,,75
201400056216,14,11,4,1330,1,2,2,1.0,3,75117,M,,,75
201400056217,14,11,4,1440,1,2,1,1.0,3,75117,M,,,75
201400056218,14,11,4,1700,1,2,3,1.0,2,75117,M,,,75
201400056219,14,11,5,1940,5,2,2,1.0,6,75117,M,,,75
201400056220,14,11,8,1820,5,2,7,1.0,3,75117,M,,,75
201400056221,14,11,10,1600,1,2,5,1.0,6,75117,M,,,75
201400056222,14,11,12,745,1,2,5,1.0,3,75117,M,,,75
201400056223,14,11,13,1020,1,2,5,1.0,6,75117,M,,,75
201400056224,14,11,14,1205,1,2,2,2.0,1,75117,M,,,75
201400056225,14,11,14,1340,1,2,2,2.0,7,75117,M,,,75
201400056226,14,11,14,1430,1,2,1,2.0,1,75117,M,,,75
201400056227,14,11,15,1020,1,2,1,2.0,3,75117,M,,,75
201400056228,14,11,15,2320,5,2,3,1.0,2,75117,M,,,75
201400056229,14,11,18,115,5,2,2,1.0,6,75117,M,,,75
201400056230,14,11,18,1655,5,2,5,2.0,3,75117,M,,,75
201400056231,14,11,18,1930,5,2,3,2.0,7,75117,M,,,75
201400056232,14,11,20,1045,1,2,1,1.0,3,75117,M,,,75
201400056233,14,11,20,1640,5,2,1,2.0,6,75117,M,,,75
201400056234,14,11,21,1140,1,2,1,1.0,6,75117,M,,,75
201400056235,14,11,22,1950,5,2,5,1.0,3,75117,M,,,75
201400056236,14,11,23,1745,5,2,2,1.0,6,75117,M,,,75
201400056237,14,11,25,915,1,2,7,2.0,2,75117,M,,,75
201400056238,14,11,25,1445,1,2,2,1.0,3,75117,M,,,75
201400056239,14,11,25,1500,1,2,3,1.0,6,75118,M,,,75
201400056240,14,11,26,1700,5,2,1,2.0,6,75117,M,,,75
201400056241,14,11,26,1845,5,2,1,2.0,7,75117,M,,,75
201400056242,14,11,27,1238,1,2,1,1.0,6,75117,M,,,75
201400056243,14,11,29,1625,1,2,3,8.0,6,75117,M,,,75
201400056244,14,12,1,2325,5,2,5,1.0,3,75117,M,,,75
201400056245,14,12,2,2010,2,2,7,1.0,3,75117,M,,,75
201400056246,14,12,4,1910,5,2,2,2.0,4,75117,M,,,75
201400056247,14,12,5,1835,5,2,5,1.0,3,75117,M,,,75
201400056248,14,12,5,2130,5,2,3,1.0,3,75117,M,,,75
201400056249,14,12,7,1240,1,2,2,8.0,7,75117,M,,,75
201400056250,14,12,7,1550,1,2,1,8.0,3,75117,M,,,75
201400056251,14,12,8,2350,5,2,7,8.0,7,75117,M,,,75
201400056252,14,12,9,1110,1,2,1,1.0,3,75117,M,,,75
201400056253,14,12,9,1255,1,2,2,1.0,6,75117,M,,,75
201400056254,14,12,11,1745,3,2,2,2.0,6,75117,M,,,75
201400056255,14,12,12,1145,1,2,5,2.0,6,75117,M,,,75
201400056256,14,12,12,1540,1,2,2,2.0,6,75117,M,,,75
201400056257,14,12,12,1945,5,2,2,3.0,3,75117,M,,,75
201400056258,14,12,13,1040,1,2,4,2.0,3,75117,M,,,75
201400056259,14,12,14,1520,1,2,2,1.0,7,75117,M,,,75
201400056260,14,12,15,930,1,2,4,2.0,3,75117,M,,,75
201400056261,14,12,15,1925,5,2,1,2.0,2,75117,M,,,75
201400056262,14,12,15,2200,5,2,3,2.0,3,75117,M,,,75
201400056263,14,12,16,745,5,2,7,2.0,3,75117,M,,,75
201400056264,14,12,16,1345,1,2,1,1.0,2,75117,M,,,75
201400056265,14,12,18,955,1,2,3,1.0,4,75117,M,,,75
201400056266,14,12,18,1940,5,2,1,1.0,6,75117,M,,,75
201400056267,14,12,19,810,1,2,1,8.0,6,75117,M,,,75
201400056268,14,12,19,1815,5,2,1,3.0,3,75117,M,,,75
201400056269,14,12,22,1225,1,2,1,1.0,2,75117,M,,,75
201400056270,14,12,22,1720,4,2,3,2.0,2,75117,M,,,75
201400056271,14,12,27,1650,1,2,5,1.0,3,75117,M,,,75
201400056272,14,12,27,2200,5,2,2,2.0,6,75117,M,,,75
201400056273,14,12,28,1210,1,2,2,1.0,6,75117,M,,,75
201400056274,14,12,29,930,1,2,3,1.0,6,75117,M,,,75
201400056275,14,1,2,1905,5,2,5,1.0,3,75118,M,,,75
201400056276,14,1,3,1830,5,2,2,2.0,6,75118,M,,,75
201400056277,14,1,3,1800,5,2,3,2.0,6,75118,M,,,75
201400056278,14,1,4,1505,1,2,3,8.0,3,75118,M,,,75
201400056279,14,1,6,1323,1,2,1,1.0,6,75118,M,,,75
201400056280,14,1,8,2010,5,2,1,2.0,7,75118,M,,,75
201400056281,14,1,9,925,1,2,5,1.0,3,75118,M,,,75
201400056282,14,1,10,120,5,2,1,1.0,6,75118,M,,,75
201400056283,14,1,11,1830,5,2,2,1.0,3,75118,M,,,75
201400056284,14,1,13,1240,1,2,2,1.0,6,75118,M,,,75
201400056285,14,1,16,1310,1,2,4,2.0,3,75118,M,,,75
201400056286,14,1,17,1235,1,2,7,1.0,2,75118,M,,,75
201400056287,14,1,13,1530,1,2,2,2.0,7,75118,M,,,75
201400056288,14,1,18,1145,1,2,1,1.0,2,75118,M,,,75
201400056289,14,1,20,1545,1,2,3,2.0,6,75118,M,,,75
201400056290,14,1,21,1650,5,2,2,1.0,6,75118,M,,,75
201400056291,14,1,22,1930,5,2,3,2.0,6,75118,M,,,75
201400056292,14,1,25,200,5,2,3,2.0,6,75118,M,,,75
201400056293,14,1,26,2115,5,2,3,2.0,6,75118,M,,,75
201400056294,14,1,27,1645,1,2,2,2.0,3,75118,M,,,75
201400056295,14,1,30,2030,5,2,3,1.0,6,75118,M,,,75
201400056296,14,1,31,1025,1,2,2,1.0,3,75118,M,,,75
201400056297,14,2,1,2230,5,2,1,1.0,6,75118,M,,,75
201400056298,14,2,2,1010,1,2,7,1.0,2,75118,M,,,75
201400056299,14,2,2,2055,5,2,2,1.0,6,75118,M,,,75
201400056300,14,2,3,1750,5,2,3,1.0,6,75118,M,,,75
201400056301,14,2,6,1830,5,2,5,1.0,6,75118,M,,,75
201400056302,14,2,7,1630,1,2,5,1.0,2,75118,M,,,75
201400056303,14,2,7,1810,5,2,1,1.0,2,75118,M,,,75
201400056304,14,2,8,1900,5,2,2,2.0,6,75118,M,,,75
201400056305,14,2,9,610,5,2,7,1.0,6,75118,M,,,75
201400056306,14,2,9,1235,1,2,5,8.0,2,75118,M,,,75
201400056307,14,2,9,1715,1,2,3,1.0,6,75118,M,,,75
201400056308,14,2,10,755,1,2,1,1.0,6,75118,M,,,75
201400056309,14,2,11,940,1,2,3,1.0,1,75118,M,,,75
201400056310,14,2,11,1600,1,2,3,2.0,6,75118,M,,,75
201400056311,14,2,12,950,1,2,1,1.0,6,75118,M,,,75
201400056312,14,2,12,1415,1,2,5,1.0,6,75118,M,,,75
201400056313,14,2,12,1855,5,2,3,3.0,6,75118,M,,,75
201400056314,14,2,13,120,5,2,2,1.0,2,75118,M,,,75
201400056315,14,2,14,2100,5,2,2,1.0,7,75118,M,,,75
201400056316,14,2,15,140,5,2,5,1.0,3,75110,M,,,75
201400056317,14,2,16,1330,1,2,3,1.0,6,75118,M,,,75
201400056318,14,2,19,920,1,2,4,8.0,2,75118,M,,,75
201400056319,14,2,21,1245,1,2,3,1.0,6,75118,M,,,75
201400056320,14,2,21,1950,5,2,7,1.0,3,75118,M,,,75
201400056321,14,2,22,640,5,2,2,3.0,6,75118,M,,,75
201400056322,14,2,22,1926,5,2,2,1.0,3,75118,M,,,75
201400056323,14,2,23,605,5,2,7,1.0,6,75118,M,,,75
201400056324,14,2,26,1700,1,2,3,1.0,6,75118,M,,,75
201400056325,14,2,27,1040,1,2,1,2.0,6,75118,M,,,75
201400056326,14,2,27,1300,1,2,3,2.0,6,75118,M,,,75
201400056327,14,3,2,630,2,2,4,1.0,2,75118,M,,,75
201400056328,14,3,3,1850,5,2,1,2.0,6,75118,M,,,75
201400056329,14,3,4,825,1,2,4,8.0,6,75118,M,,,75
201400056330,14,3,5,840,1,2,1,1.0,3,75118,M,,,75
201400056331,14,3,5,1205,1,2,2,1.0,3,75118,M,,,75
201400056332,14,3,13,1330,1,2,1,1.0,6,75118,M,,,75
201400056333,14,3,14,1050,1,2,1,1.0,6,75118,M,,,75
201400056334,14,3,14,2145,5,2,3,1.0,4,75118,M,,,75
201400056335,14,3,15,245,5,2,5,1.0,6,75118,M,,,75
201400056336,14,3,15,2015,5,2,1,1.0,3,75118,M,,,75
201400056337,14,3,18,1405,1,2,1,1.0,2,75118,M,,,75
201400056338,14,3,18,1700,1,2,2,3.0,6,75118,M,,,75
201400056339,14,3,20,1330,1,2,3,1.0,3,75118,M,,,75
201400056340,14,3,20,1425,1,2,2,1.0,3,75118,M,,,75
201400056341,14,3,20,1530,1,2,2,1.0,5,75118,M,,,75
201400056342,14,3,21,1300,1,2,1,8.0,6,75118,M,,,75
201400056343,14,3,22,830,1,2,1,2.0,6,75118,M,,,75
201400056344,14,3,25,1145,1,2,5,2.0,2,75118,M,,,75
201400056345,14,3,25,1325,1,2,1,8.0,7,75118,M,,,75
201400056346,14,3,25,1455,1,2,2,2.0,3,75118,M,,,75
201400056347,14,3,26,1830,2,2,5,1.0,6,75118,M,,,75
201400056348,14,3,26,2036,5,2,1,1.0,6,75118,M,,,75
201400056349,14,3,27,815,1,2,1,1.0,7,75118,M,,,75
201400056350,14,3,27,1230,1,2,4,1.0,3,75117,M,,,75
201400056351,14,3,27,1105,1,2,1,1.0,3,75118,M,,,75
201400056352,14,3,28,1615,1,2,1,1.0,6,75118,M,,,75
201400056353,14,3,29,1310,1,2,2,1.0,3,75118,M,,,75
201400056354,14,3,30,1820,1,2,1,1.0,6,75118,M,,,75
201400056355,14,3,31,1500,1,2,3,1.0,2,75118,M,,,75
201400056356,14,4,2,930,1,2,1,1.0,4,75118,M,,,75
201400056357,14,4,3,840,1,2,2,1.0,6,75118,M,,,75
201400056358,14,4,3,1830,1,2,1,1.0,6,75118,M,,,75
201400056359,14,4,4,105,5,2,2,2.0,3,75118,M,,,75
201400056360,14,4,5,340,5,2,2,1.0,2,75118,M,,,75
201400056361,14,4,6,310,5,2,7,1.0,3,75118,M,,,75
201400056362,14,4,6,645,2,2,1,1.0,6,75118,M,,,75
201400056363,14,4,7,1230,1,2,2,1.0,4,75118,M,,,75
201400056364,14,4,8,940,1,2,2,8.0,6,75118,M,,,75
201400056365,14,4,8,1030,1,2,2,1.0,6,75118,M,,,75
201400056366,14,4,8,1800,1,2,1,1.0,7,75118,M,,,75
201400056367,14,4,9,30,5,2,1,1.0,6,75118,M,,,75
201400056368,14,4,10,1905,1,2,2,1.0,6,75118,M,,,75
201400056369,14,4,11,1000,1,2,1,1.0,3,75118,M,,,75
201400056370,14,4,11,1315,1,2,5,1.0,3,75118,M,,,75
201400056371,14,4,11,1515,1,2,2,1.0,3,75118,M,,,75
201400056372,14,4,12,1448,1,2,1,1.0,6,75118,M,,,75
201400056373,14,4,12,1830,1,2,2,1.0,2,75118,M,,,75
201400056374,14,4,13,1610,1,2,1,1.0,6,75118,M,,,75
201400056375,14,4,16,10,5,2,1,1.0,3,75118,M,,,75