Num_Acc,an,mois,jour,hrmn,lum,agg,int,atm,col,com,gps,lat,long,dep
201400056376,14,4,18,1957,2,2,5,1.0,3,75118,M,,,75
201400056377,14,4,19,1320,1,2,1,8.0,2,75118,M,,,75
201400056378,14,4,21,130,5,2,1,1.0,6,75118,M,,,75
201400056379,14,4,22,1525,1,2,1,1.0,6,75118,M,,,75
201400056380,14,4,23,1350,1,2,5,8.0,6,75118,M,,,75
201400056381,14,4,26,325,5,2,1,1.0,6,75118,M,,,75
201400056382,14,4,27,1735,1,2,1,1.0,6,75118,M,,,75
201400056383,14,4,29,1130,1,2,2,1.0,3,75118,M,,,75
201400056384,14,4,29,2125,5,2,1,3.0,7,75118,M,,,75
201400056385,14,4,30,100,5,2,5,2.0,6,75118,M,,,75
201400056386,14,5,1,1215,1,2,2,2.0,3,75118,M,,,75
201400056387,14,5,1,1120,1,2,2,8.0,6,75118,M,,,75
201400056388,14,5,2,15,5,2,5,3.0,3,75118,M,,,75
201400056389,14,5,2,1655,1,2,2,1.0,3,75118,M,,,75
201400056390,14,5,3,1820,1,2,1,1.0,6,75118,M,,,75
201400056391,14,5,5,1330,1,2,1,1.0,6,75118,M,,,75
201400056392,14,5,6,820,1,2,4,2.0,2,75118,M,,,75
201400056393,14,5,9,2115,2,2,2,1.0,6,75118,M,,,75
201400056394,14,5,10,1200,1,2,5,2.0,6,75118,M,,,75
201400056395,14,5,10,1900,1,2,2,2.0,3,75118,M,,,75
201400056396,14,5,11,30,5,2,3,1.0,6,75118,M,,,75
201400056397,14,5,12,1235,1,2,5,2.0,6,75118,M,,,75
201400056398,14,5,12,1855,1,2,7,1.0,6,75118,M,,,75
201400056399,14,5,15,820,1,2,1,1.0,3,75118,M,,,75
201400056400,14,5,16,1040,1,2,3,1.0,2,75118,M,,,75
201400056401,14,5,17,2120,5,2,1,1.0,2,75118,M,,,75
201400056402,14,5,19,1945,1,2,5,1.0,2,75118,M,,,75
201400056403,14,5,19,2145,4,2,3,1.0,7,75118,M,,,75
201400056404,14,5,20,40,5,2,5,1.0,6,75118,M,,,75
201400056405,14,5,20,1640,1,2,3,2.0,6,75118,M,,,75
201400056406,14,5,20,2010,2,2,2,2.0,3,75118,M,,,75
201400056407,14,5,21,845,1,2,3,2.0,7,75118,M,,,75
201400056408,14,5,21,940,1,2,3,2.0,3,75118,M,,,75
201400056409,14,5,23,5,5,2,7,1.0,6,75118,M,,,75
201400056410,14,5,23,1330,1,2,1,1.0,7,75118,M,,,75
201400056411,14,5,24,1450,1,2,1,8.0,7,75118,M,,,75
201400056412,14,5,25,2120,2,2,2,1.0,6,75118,M,,,75
201400056413,14,5,26,1845,1,2,3,1.0,6,75118,M,,,75
201400056414,14,5,26,2324,5,2,5,1.0,3,75118,M,,,75
201400056415,14,5,30,1310,1,2,1,1.0,6,75118,M,,,75
201400056416,14,5,31,1820,1,2,3,1.0,2,75118,M,,,75
201400056417,14,6,1,2200,5,2,1,1.0,6,75118,M,,,75
201400056418,14,6,2,815,1,2,4,1.0,6,75118,M,,,75
201400056419,14,6,2,1930,1,2,3,1.0,6,75118,M,,,75
201400056420,14,6,3,1920,1,2,1,1.0,6,75118,M,,,75
201400056421,14,6,4,1200,1,2,2,2.0,2,75118,M,,,75
201400056422,14,6,5,945,1,2,4,1.0,6,75118,M,,,75
201400056423,14,6,7,113,5,2,1,1.0,3,75118,M,,,75
201400056424,14,6,7,305,5,2,1,1.0,7,75118,M,,,75
201400056425,14,6,8,330,5,2,1,1.0,2,75118,M,,,75
201400056426,14,6,10,830,1,2,1,1.0,6,75118,M,,,75
201400056427,14,6,10,1735,1,2,5,2.0,3,75118,M,,,75
201400056428,14,6,10,1940,1,2,5,1.0,6,75118,M,,,75
201400056429,14,6,10,2310,5,2,4,1.0,3,75118,M,,,75
201400056430,14,6,11,740,1,2,1,1.0,2,75118,M,,,75
201400056431,14,6,11,1820,1,2,1,1.0,6,75118,M,,,75
201400056432,14,6,12,2150,5,2,1,1.0,6,75118,M,,,75
201400056433,14,6,13,10,5,2,2,1.0,3,75118,M,,,75
201400056434,14,6,13,1830,1,2,1,1.0,6,75118,M,,,75
201400056435,14,6,13,1930,2,2,3,1.0,6,75118,M,,,75
201400056436,14,6,14,246,5,2,7,1.0,6,75118,M,,,75
201400056437,14,6,16,1250,1,2,2,1.0,6,75118,M,,,75
201400056438,14,6,16,1640,1,2,1,1.0,3,75118,M,,,75
201400056439,14,6,16,2100,2,2,1,1.0,3,75118,M,,,75
201400056440,14,6,17,1020,1,2,2,1.0,3,75118,M,,,75
201400056441,14,6,18,720,1,2,2,8.0,4,75118,M,,,75
201400056442,14,6,18,1245,1,2,3,1.0,2,75118,M,,,75
201400056443,14,6,20,2315,5,2,1,1.0,3,75118,M,,,75
201400056444,14,6,21,1650,1,2,5,1.0,6,75118,M,,,75
201400056445,14,6,22,2015,1,2,1,1.0,3,75118,M,,,75
201400056446,14,6,24,1540,1,2,3,1.0,6,75118,M,,,75
201400056447,14,6,25,1820,1,2,2,1.0,6,75118,M,,,75
201400056448,14,6,26,810,1,2,2,1.0,6,75118,M,,,75
201400056449,14,6,27,1445,1,2,1,1.0,6,75118,M,,,75
201400056450,14,6,28,1114,1,2,2,2.0,6,75118,M,,,75
201400056451,14,6,30,847,1,2,3,1.0,6,75118,M,,,75
201400056452,14,6,30,1850,1,2,5,1.0,3,75118,M,,,75
201400056453,14,7,1,1115,1,2,3,1.0,6,75118,M,,,75
201400056454,14,7,1,1900,1,2,1,1.0,3,75118,M,,,75
201400056455,14,7,1,2000,1,2,5,1.0,2,75118,M,,,75
201400056456,14,7,1,2030,1,2,5,1.0,2,75118,M,,,75
201400056457,14,7,2,1815,1,2,5,1.0,3,75118,M,,,75
201400056458,14,7,3,1030,1,2,1,1.0,4,75118,M,,,75
201400056459,14,7,5,1418,1,2,5,8.0,3,75118,M,,,75
201400056460,14,7,5,1940,1,2,3,1.0,3,75118,M,,,75
201400056461,14,7,6,1905,1,2,1,1.0,6,75118,M,,,75
201400056462,14,7,6,2100,1,2,4,1.0,3,75118,M,,,75
201400056463,14,7,7,1145,1,2,7,1.0,3,75118,M,,,75
201400056464,14,7,7,1930,1,2,3,8.0,6,75118,M,,,75
201400056465,14,7,8,1500,1,2,3,2.0,6,75118,M,,,75
201400056466,14,7,8,1845,1,2,1,8.0,6,75118,M,,,75
201400056467,14,7,10,1225,1,2,5,1.0,7,75118,M,,,75
201400056468,14,7,10,1505,1,2,1,8.0,6,75118,M,,,75
201400056469,14,7,11,2145,5,2,3,1.0,6,75118,M,,,75
201400056470,14,7,12,1035,1,2,3,1.0,6,75118,M,,,75
201400056471,14,7,15,1320,1,2,1,1.0,2,75118,M,,,75
201400056472,14,7,16,913,1,2,2,1.0,4,75118,M,,,75
201400056473,14,7,16,1020,1,2,3,1.0,3,75118,M,,,75
201400056474,14,7,18,1240,1,2,1,1.0,6,75118,M,,,75
201400056475,14,7,18,1240,1,2,1,1.0,6,75118,M,,,75
201400056476,14,7,19,1250,1,2,5,1.0,6,75118,M,,,75
201400056477,14,7,19,1440,1,2,5,1.0,2,75118,M,,,75
201400056478,14,7,20,1555,1,2,3,1.0,3,75118,M,,,75
201400056479,14,7,20,1915,1,2,3,8.0,6,75118,M,,,75
201400056480,14,7,23,1250,1,2,2,1.0,6,75118,M,,,75
201400056481,14,7,24,1200,1,2,1,1.0,2,75118,M,,,75
201400056482,14,7,27,2120,5,2,2,1.0,3,75118,M,,,75
201400056483,14,7,28,2350,5,2,1,1.0,6,75118,M,,,75
201400056484,14,7,30,50,5,2,3,1.0,3,75110,M,,,75
201400056485,14,7,30,830,1,2,5,1.0,3,75118,M,,,75
201400056486,14,7,31,1935,1,2,1,1.0,3,75118,M,,,75
201400056487,14,8,3,1915,1,2,5,1.0,6,75118,M,,,75
201400056488,14,8,4,1635,1,2,2,1.0,6,75118,M,,,75
201400056489,14,8,4,1810,1,2,4,1.0,3,75118,M,,,75
201400056490,14,8,5,1905,1,2,5,1.0,6,75118,M,,,75
201400056491,14,8,6,2020,1,2,4,1.0,2,75118,M,,,75
201400056492,14,8,8,1250,1,2,1,2.0,1,75118,M,,,75
201400056493,14,8,8,2215,5,2,5,2.0,3,75118,M,,,75
201400056494,14,8,11,1425,1,2,4,1.0,6,75118,M,,,75
201400056495,14,8,14,1925,1,2,2,8.0,3,75118,M,,,75
201400056496,14,8,16,1400,1,2,5,1.0,6,75118,M,,,75
201400056497,14,8,19,255,5,2,7,1.0,6,75118,M,,,75
201400056498,14,8,19,2110,2,2,5,1.0,1,75118,M,,,75
201400056499,14,8,23,250,5,2,2,1.0,1,75118,M,,,75
201400056500,14,8,23,500,5,2,1,2.0,2,75118,M,,,75
201400056501,14,8,24,900,1,2,2,1.0,6,75118,M,,,75
201400056502,14,8,31,2050,5,2,2,1.0,3,75118,M,,,75
201400056503,14,9,1,1407,1,2,5,1.0,3,75118,M,,,75
201400056504,14,9,1,1825,1,2,2,1.0,3,75118,M,,,75
201400056505,14,9,1,2240,5,2,5,1.0,6,75118,M,,,75
201400056506,14,9,3,1845,1,2,2,1.0,2,75118,M,,,75
201400056507,14,9,4,1820,1,2,5,1.0,3,75118,M,,,75
201400056508,14,9,5,2300,5,2,4,1.0,6,75118,M,,,75
201400056509,14,9,5,1330,1,2,4,8.0,3,75118,M,,,75
201400056510,14,9,10,1235,1,2,1,1.0,6,75118,M,,,75
201400056511,14,9,10,1815,1,2,4,1.0,6,75118,M,,,75
201400056512,14,9,12,755,1,2,1,1.0,3,75118,M,,,75
201400056513,14,9,16,935,1,2,1,1.0,6,75118,M,,,75
201400056514,14,9,19,1240,1,2,1,1.0,6,75118,M,,,75
201400056515,14,9,20,1700,1,2,4,1.0,2,75118,M,,,75
201400056516,14,9,22,1355,1,2,2,1.0,2,75118,M,,,75
201400056517,14,9,23,1000,1,2,1,1.0,2,75118,M,,,75
201400056518,14,9,23,1630,1,2,1,1.0,7,75118,M,,,75
201400056519,14,9,23,1330,1,2,7,1.0,6,75118,M,,,75
201400056520,14,9,24,1940,5,2,3,2.0,3,75118,M,,,75
201400056521,14,9,25,1330,1,2,3,1.0,2,75118,M,,,75
201400056522,14,9,26,1825,1,2,2,1.0,3,75118,M,,,75
201400056523,14,9,28,2240,5,2,1,1.0,6,75118,M,,,75
201400056524,14,9,28,2340,5,2,1,1.0,6,75118,M,,,75
201400056525,14,9,29,1610,1,2,1,1.0,2,75118,M,,,75
201400056526,14,9,29,2115,5,2,2,8.0,7,75118,M,,,75
201400056527,14,10,1,1900,2,2,1,1.0,6,75118,M,,,75
201400056528,14,10,2,110,5,2,1,1.0,6,75118,M,,,75
201400056529,14,10,2,1515,1,2,5,1.0,3,75118,M,,,75
201400056530,14,10,2,1740,1,2,5,1.0,2,75118,M,,,75
201400056531,14,10,3,855,1,2,2,1.0,3,75118,M,,,75
201400056532,14,10,3,1410,1,2,2,1.0,6,75118,M,,,75
201400056533,14,10,3,1850,1,2,1,1.0,6,75118,M,,,75
201400056534,14,10,5,2250,5,2,3,1.0,6,75118,M,,,75
201400056535,14,10,6,1900,5,2,7,2.0,6,75118,M,,,75
201400056536,14,10,6,2020,5,2,1,2.0,3,75118,M,,,75
201400056537,14,10,6,2100,5,2,5,3.0,6,75118,M,,,75
201400056538,14,10,8,1230,1,2,1,2.0,7,75118,M,,,75
201400056539,14,10,9,1340,1,2,3,1.0,2,75118,M,,,75
201400056540,14,10,9,1525,1,2,2,1.0,6,75118,M,,,75
201400056541,14,10,11,243,5,2,1,1.0,6,75118,M,,,75
201400056542,14,10,11,2000,5,2,2,1.0,6,75118,M,,,75
201400056543,14,10,11,2015,5,2,2,1.0,1,75118,M,,,75
201400056544,14,10,12,1025,1,2,3,1.0,6,75118,M,,,75
201400056545,14,10,12,1745,2,2,2,2.0,3,75118,M,,,75
201400056546,14,10,12,1800,5,2,1,2.0,2,75118,M,,,75
201400056547,14,10,13,810,1,2,3,1.0,6,75118,M,,,75
201400056548,14,10,13,915,1,2,3,1.0,6,75118,M,,,75
201400056549,14,10,14,1210,1,2,5,1.0,3,75118,M,,,75
201400056550,14,10,16,135,5,2,4,1.0,2,75118,M,,,75
201400056551,14,10,16,1630,1,2,5,1.0,6,75118,M,,,75
201400056552,14,10,17,200,5,2,1,3.0,6,75110,M,,,75
201400056553,14,10,17,1725,1,2,5,1.0,6,75118,M,,,75
201400056554,14,10,19,350,5,2,1,1.0,6,75118,M,,,75
201400056555,14,10,19,1715,1,2,1,1.0,2,75118,M,,,75
201400056556,14,10,19,1830,1,2,1,1.0,6,75118,M,,,75
201400056557,14,10,19,1845,2,2,1,1.0,1,75118,M,,,75
201400056558,14,10,20,2330,5,2,1,1.0,6,75118,M,,,75
201400056559,14,10,21,1615,1,2,7,1.0,4,75118,M,,,75
201400056560,14,10,22,930,1,2,1,1.0,3,75118,M,,,75
201400056561,14,10,22,1815,1,2,2,1.0,6,75118,M,,,75
201400056562,14,10,23,840,1,2,3,1.0,3,75118,M,,,75
201400056563,14,10,23,1740,1,2,3,1.0,7,75118,M,,,75
201400056564,14,10,24,1200,1,2,1,1.0,3,75118,M,,,75
201400056565,14,10,25,1850,5,2,1,8.0,6,75118,M,,,75
201400056566,14,10,26,450,5,2,3,1.0,2,75118,M,,,75
201400056567,14,10,26,1535,1,2,2,1.0,6,75118,M,,,75
201400056568,14,10,28,1830,5,2,1,1.0,3,75118,M,,,75
201400056569,14,10,29,25,5,2,3,1.0,3,75118,M,,,75
201400056570,14,10,30,140,5,2,7,1.0,3,75118,M,,,75
201400056571,14,10,31,740,1,2,2,1.0,3,75119,M,,,75
201400056572,14,10,30,2130,5,2,4,1.0,2,75118,M,,,75
201400056573,14,10,31,1900,5,2,4,1.0,6,75118,M,,,75
201400056574,14,11,1,710,5,2,4,1.0,6,75110,M,,,75
201400056575,14,11,1,1930,5,2,1,1.0,4,75118,M,,,75
201400056576,14,11,1,1850,5,2,1,1.0,7,75118,M,,,75
201400056577,14,11,2,2050,5,2,5,2.0,6,75118,M,,,75
201400056578,14,11,3,2200,5,2,1,2.0,6,75118,M,,,75
201400056579,14,11,4,1115,1,2,1,8.0,3,75118,M,,,75
201400056580,14,11,4,1705,2,2,7,1.0,3,75118,M,,,75
201400056581,14,11,5,1645,1,2,1,1.0,6,75109,M,,,75
201400056582,14,11,6,630,5,2,7,1.0,6,75118,M,,,75
201400056583,14,11,7,1645,1,2,1,1.0,6,75118,M,,,75
201400056584,14,11,9,1910,5,2,1,1.0,6,75118,M,,,75
201400056585,14,11,13,250,5,2,3,1.0,7,75118,M,,,75
201400056586,14,11,14,1145,1,2,1,3.0,2,75118,M,,,75
201400056587,14,11,14,1955,5,2,3,1.0,6,75118,M,,,75
201400056588,14,11,18,1809,5,2,3,1.0,6,75118,M,,,75
201400056589,14,11,19,920,1,2,1,1.0,7,75118,M,,,75
201400056590,14,11,19,1430,1,2,3,1.0,3,75118,M,,,75
201400056591,14,11,19,2130,5,2,2,1.0,6,75118,M,,,75
201400056592,14,11,19,2215,5,2,1,1.0,3,75118,M,,,75
201400056593,14,11,20,2015,5,2,1,2.0,6,75118,M,,,75
201400056594,14,11,21,740,2,2,1,8.0,3,75118,M,,,75
201400056595,14,11,22,530,5,2,2,1.0,6,75118,M,,,75
201400056596,14,11,23,425,5,2,1,8.0,1,75118,M,,,75
201400056597,14,11,24,2315,5,2,1,2.0,6,75118,M,,,75
201400056598,14,11,25,2137,5,2,1,2.0,7,75118,M,,,75
201400056599,14,11,26,1925,5,2,2,8.0,6,75118,M,,,75
201400056600,14,11,27,951,1,2,5,1.0,6,75118,M,,,75
201400056601,14,11,27,1837,5,2,1,1.0,2,75117,M,,,75
201400056602,14,11,27,2145,5,2,1,1.0,6,75118,M,,,75
201400056603,14,11,28,740,2,2,3,1.0,1,75118,M,,,75
201400056604,14,11,28,1245,1,2,1,1.0,2,75118,M,,,75
201400056605,14,11,28,1945,5,2,5,1.0,6,75118,M,,,75
201400056606,14,11,29,145,5,2,1,1.0,7,75118,M,,,75
201400056607,14,12,2,1910,5,2,1,2.0,6,75118,M,,,75
201400056608,14,12,3,2030,5,2,4,1.0,6,75118,M,,,75
201400056609,14,12,4,1520,1,2,1,8.0,6,75118,M,,,75
201400056610,14,12,5,1825,5,2,1,1.0,3,75118,M,,,75
201400056611,14,12,5,1945,5,2,2,1.0,3,75118,M,,,75
201400056612,14,12,10,1100,1,2,2,2.0,6,75118,M,,,75
201400056613,14,12,10,515,5,2,1,2.0,6,75118,M,,,75
201400056614,14,12,12,1130,1,2,3,2.0,6,75118,M,,,75
201400056615,14,12,12,2210,5,2,1,3.0,6,75118,M,,,75
201400056616,14,12,14,1450,1,2,2,8.0,2,75118,M,,,75
201400056617,14,12,14,2000,5,2,2,1.0,6,75118,M,,,75
201400056618,14,12,15,1700,5,2,2,2.0,6,75118,M,,,75
201400056619,14,12,18,240,5,2,1,2.0,6,75118,M,,,75
201400056620,14,12,17,2105,5,2,1,2.0,6,75118,M,,,75
201400056621,14,12,19,1730,2,2,1,2.0,2,75118,M,,,75
201400056622,14,12,19,2300,5,2,4,1.0,6,75118,M,,,75
201400056623,14,12,21,1600,1,2,1,1.0,3,75118,M,,,75
201400056624,14,12,21,1810,5,2,5,1.0,6,75118,M,,,75
201400056625,14,12,22,1025,1,2,1,1.0,7,75118,M,,,75
201400056626,14,12,22,1025,1,2,1,1.0,7,75118,M,,,75
201400056627,14,12,22,1250,1,2,3,1.0,2,75118,M,,,75
201400056628,14,12,23,1300,1,2,2,2.0,7,75118,M,,,75
201400056629,14,12,23,1810,5,2,5,1.0,3,75118,M,,,75
201400056630,14,12,26,1230,1,2,1,1.0,6,75118,M,,,75
201400056631,14,12,27,310,5,2,2,3.0,3,75118,M,,,75
201400056632,14,12,27,1515,1,2,5,1.0,7,75118,M,,,75
201400056633,14,12,27,1935,5,2,1,3.0,6,75118,M,,,75
201400056634,14,12,29,1630,1,2,1,1.0,3,75118,M,,,75
201400056635,14,12,30,1640,2,2,5,1.0,3,75118,M,,,75
201400056636,14,1,22,705,5,2,5,1.0,2,75118,M,,,75
201400056637,14,1,1,525,5,2,5,1.0,6,75119,M,,,75
201400056638,14,1,2,717,5,2,5,9.0,6,75119,M,,,75
201400056639,14,1,3,1045,1,2,2,1.0,6,75119,M,,,75
201400056640,14,1,3,2335,5,2,1,1.0,3,75119,M,,,75
201400056641,14,1,5,1315,1,2,1,8.0,2,75119,M,,,75
201400056642,14,1,7,1155,1,2,2,1.0,6,75119,M,,,75
201400056643,14,1,9,825,1,2,2,1.0,3,75119,M,,,75
201400056644,14,1,9,1450,1,2,1,2.0,6,75119,M,,,75
201400056645,14,1,9,1645,2,2,7,1.0,3,75119,M,,,75
201400056646,14,1,10,1225,1,2,4,1.0,6,75119,M,,,75
201400056647,14,1,11,213,5,2,3,2.0,6,75119,M,,,75
201400056648,14,1,11,1510,1,2,1,1.0,4,75119,M,,,75
201400056649,14,1,11,1755,5,2,1,1.0,3,75119,M,,,75
201400056650,14,1,11,2230,5,2,1,1.0,6,75119,M,,,75
201400056651,14,1,14,836,1,2,5,2.0,6,75119,M,,,75
201400056652,14,1,14,1315,1,2,7,8.0,2,75119,M,,,75
201400056653,14,1,15,1800,5,2,2,2.0,7,75119,M,,,75
201400056654,14,1,16,1950,5,2,1,1.0,6,75119,M,,,75
201400056655,14,1,17,935,1,2,1,1.0,2,75119,M,,,75
201400056656,14,1,17,1020,1,2,7,1.0,3,75119,M,,,75
201400056657,14,1,17,1405,1,2,1,1.0,6,75119,M,,,75
201400056658,14,1,18,1355,1,2,1,1.0,2,75119,M,,,75
201400056659,14,1,19,335,5,2,2,2.0,6,75119,M,,,75
201400056660,14,1,21,850,1,2,1,1.0,7,75119,M,,,75
201400056661,14,1,21,1745,5,2,1,1.0,2,75119,M,,,75
201400056662,14,1,25,1435,1,2,1,1.0,3,75119,M,,,75
201400056663,14,1,26,150,3,2,1,1.0,2,75119,M,,,75
201400056664,14,1,28,1400,1,2,1,1.0,6,75119,M,,,75
201400056665,14,1,28,1835,3,2,3,1.0,6,75119,M,,,75
201400056666,14,1,28,2015,5,2,5,2.0,6,75119,M,,,75
201400056667,14,1,29,720,1,2,7,2.0,2,75119,M,,,75
201400056668,14,1,29,1940,5,2,1,2.0,6,75119,M,,,75
201400056669,14,1,29,2000,5,2,2,2.0,3,75119,M,,,75
201400056670,14,1,29,2105,5,2,3,8.0,6,75119,M,,,75
201400056671,14,1,30,920,1,2,3,1.0,2,75119,M,,,75
201400056672,14,1,30,1600,1,2,1,8.0,7,75119,M,,,75
201400056673,14,1,31,1250,1,2,1,1.0,2,75119,M,,,75
201400056674,14,2,2,110,5,2,2,1.0,6,75119,M,,,75
201400056675,14,2,2,310,5,2,1,1.0,6,75119,M,,,75
201400056676,14,2,5,1250,1,2,2,1.0,6,75119,M,,,75
201400056677,14,2,6,1950,5,2,2,1.0,3,75119,M,,,75
201400056678,14,2,7,650,5,2,7,6.0,2,75119,M,,,75
201400056679,14,2,12,940,1,2,2,1.0,2,75119,M,,,75
201400056680,14,2,13,900,1,2,1,2.0,3,75119,M,,,75
201400056681,14,2,13,2140,5,2,1,1.0,7,75119,M,,,75
201400056682,14,2,15,1143,1,2,3,1.0,6,75120,M,,,75
201400056683,14,2,15,1750,5,2,1,1.0,6,75119,M,,,75
201400056684,14,2,16,1220,1,2,3,1.0,6,75119,M,,,75
201400056685,14,2,16,2110,5,2,2,1.0,7,75119,M,,,75
201400056686,14,2,17,1905,5,2,1,1.0,2,75119,M,,,75
201400056687,14,2,18,1400,1,2,1,1.0,6,75119,M,,,75
201400056688,14,2,19,120,5,2,1,1.0,6,75119,M,,,75
201400056689,14,2,19,1230,1,2,1,8.0,4,75119,M,,,75
201400056690,14,2,20,1000,1,2,4,2.0,2,75119,M,,,75
201400056691,14,2,20,1245,1,2,1,1.0,6,75119,M,,,75
201400056692,14,2,22,1530,1,2,1,1.0,6,75119,M,,,75
201400056693,14,2,24,5,5,2,4,1.0,6,75119,M,,,75
201400056694,14,2,24,820,1,2,4,1.0,6,75119,M,,,75
201400056695,14,2,25,1355,1,2,1,1.0,2,75119,M,,,75
201400056696,14,2,26,1600,1,2,1,1.0,4,75119,M,,,75
201400056697,14,2,27,1050,1,2,1,3.0,3,75119,M,,,75
201400056698,14,2,27,1550,1,2,1,1.0,6,75119,M,,,75
201400056699,14,2,27,2345,5,2,3,2.0,5,75110,M,,,75
201400056700,14,3,1,1000,1,2,3,2.0,6,75119,M,,,75
201400056701,14,3,3,850,1,2,1,1.0,6,75119,M,,,75
201400056702,14,3,3,1550,1,2,1,2.0,3,75119,M,,,75
201400056703,14,3,4,800,1,2,3,1.0,6,75119,M,,,75
201400056704,14,3,6,1030,1,2,4,1.0,2,75119,M,,,75
201400056705,14,3,6,1530,1,2,3,1.0,2,75119,M,,,75
201400056706,14,3,7,715,2,2,3,1.0,3,75119,M,,,75
201400056707,14,3,8,1010,1,2,2,1.0,4,75119,M,,,75
201400056708,14,3,9,1610,5,2,1,1.0,7,75119,M,,,75
201400056709,14,3,9,2130,5,2,1,1.0,6,75119,M,,,75
201400056710,14,3,10,1045,1,2,1,1.0,3,75119,M,,,75
201400056711,14,3,13,1820,1,2,7,1.0,3,75119,M,,,75
201400056712,14,3,22,1030,1,2,4,2.0,7,75119,M,,,75
201400056713,14,3,22,1245,1,2,1,1.0,3,75119,M,,,75
201400056714,14,3,23,1910,5,2,7,1.0,4,75119,M,,,75
201400056715,14,3,25,950,1,2,1,2.0,7,75119,M,,,75
201400056716,14,3,28,2330,5,2,1,1.0,2,75119,M,,,75
201400056717,14,3,30,1250,1,2,7,1.0,7,75119,M,,,75
201400056718,14,4,1,5,4,2,2,1.0,6,75119,M,,,75
201400056719,14,4,3,850,1,2,1,1.0,3,75119,M,,,75
201400056720,14,4,2,2145,5,2,3,1.0,6,75119,M,,,75
201400056721,14,4,3,2130,5,2,2,1.0,2,75119,M,,,75
201400056722,14,4,7,1810,1,2,1,1.0,6,75119,M,,,75
201400056723,14,4,7,1830,1,2,2,1.0,6,75119,M,,,75
201400056724,14,4,8,1530,1,2,3,1.0,6,75119,M,,,75
201400056725,14,4,9,800,1,2,3,1.0,6,75119,M,,,75
201400056726,14,4,9,850,1,2,5,1.0,7,75119,M,,,75
201400056727,14,4,9,915,1,2,7,1.0,3,75119,M,,,75
201400056728,14,4,9,1800,1,2,1,1.0,2,75119,M,,,75
201400056729,14,4,9,1822,1,2,3,1.0,6,75119,M,,,75
201400056730,14,4,10,20,5,2,1,1.0,6,75119,M,,,75
201400056731,14,4,10,730,1,2,1,1.0,6,75119,M,,,75
201400056732,14,4,11,1240,1,2,3,1.0,6,75119,M,,,75
201400056733,14,4,13,15,5,2,2,1.0,6,75119,M,,,75
201400056734,14,4,14,1755,1,2,5,1.0,6,75119,M,,,75
201400056735,14,4,14,1650,1,2,2,1.0,1,75119,M,,,75
201400056736,14,4,14,1920,1,2,1,1.0,3,75119,M,,,75
201400056737,14,4,17,915,1,2,3,1.0,6,75119,M,,,75
201400056738,14,4,17,1505,1,2,2,1.0,3,75119,M,,,75
201400056739,14,4,17,1515,1,2,2,1.0,2,75119,M,,,75
201400056740,14,4,18,1830,1,2,1,1.0,2,75119,M,,,75
201400056741,14,4,19,1040,1,2,2,1.0,3,75119,M,,,75
201400056742,14,4,22,1820,1,2,1,8.0,4,75119,M,,,75
201400056743,14,4,24,955,1,2,4,1.0,6,75119,M,,,75
201400056744,14,4,24,1450,1,2,1,1.0,6,75119,M,,,75
201400056745,14,4,24,2050,3,2,1,1.0,6,75119,M,,,75
201400056746,14,4,25,1355,1,2,1,2.0,7,75119,M,,,75
201400056747,14,4,25,2215,5,2,3,1.0,6,75119,M,,,75
201400056748,14,4,27,1930,1,2,7,1.0,6,75119,M,,,75
201400056749,14,4,28,930,1,2,3,1.0,3,75119,M,,,75
201400056750,14,4,30,745,2,2,2,1.0,3,75119,M,,,75
201400056751,14,5,2,1845,1,2,7,1.0,6,75119,M,,,75
201400056752,14,5,3,525,2,2,1,1.0,7,75119,M,,,75
201400056753,14,5,3,1300,1,2,4,1.0,6,75119,M,,,75
201400056754,14,5,4,1140,1,2,1,1.0,7,75119,M,,,75
201400056755,14,5,6,2345,5,2,3,2.0,6,75119,M,,,75
201400056756,14,5,7,855,1,2,1,1.0,6,75119,M,,,75
201400056757,14,5,7,2030,1,2,1,1.0,3,75119,M,,,75
201400056758,14,5,8,1000,1,2,4,1.0,2,75119,M,,,75
201400056759,14,5,8,1215,1,2,2,1.0,3,75119,M,,,75
201400056760,14,5,9,700,1,2,1,2.0,6,75119,M,,,75
201400056761,14,5,11,1320,1,2,3,1.0,6,75119,M,,,75
201400056762,14,5,11,1700,1,2,1,1.0,3,75119,M,,,75
201400056763,14,5,12,2040,1,2,5,1.0,3,75119,M,,,75
201400056764,14,5,13,750,1,2,1,1.0,6,75119,M,,,75
201400056765,14,5,14,940,1,2,3,1.0,6,75119,M,,,75
201400056766,14,5,15,1505,1,2,2,1.0,3,75119,M,,,75
201400056767,14,5,15,1520,1,2,2,1.0,6,75119,M,,,75
201400056768,14,5,17,2000,2,2,1,1.0,4,75119,M,,,75
201400056769,14,5,18,1650,1,2,1,1.0,6,75119,M,,,75
201400056770,14,5,22,830,1,2,1,1.0,2,75119,M,,,75
201400056771,14,5,22,2220,5,2,1,1.0,2,75119,M,,,75
201400056772,14,5,28,1650,1,2,1,2.0,7,75119,M,,,75
201400056773,14,5,28,2220,5,2,1,8.0,1,75119,M,,,75
201400056774,14,5,30,1000,1,2,7,1.0,6,75119,M,,,75
201400056775,14,5,31,610,1,2,3,1.0,2,75119,M,,,75
201400056776,14,5,31,2335,5,2,1,1.0,6,75119,M,,,75
201400056777,14,6,3,1920,2,2,2,1.0,6,75119,M,,,75
201400056778,14,6,6,1045,1,2,1,2.0,6,75119,M,,,75
201400056779,14,6,6,1620,1,2,5,1.0,6,75119,M,,,75
201400056780,14,6,8,1555,1,2,5,7.0,6,75119,M,,,75
201400056781,14,6,10,1300,1,2,7,2.0,7,75119,M,,,75
201400056782,14,6,11,1215,1,2,2,1.0,6,75118,M,,,75