Num_Acc,an,mois,jour,hrmn,lum,agg,int,atm,col,com,gps,lat,long,dep
201400056783,14,6,11,2035,2,2,3,1.0,6,75119,M,,,75
201400056784,14,6,12,1930,1,2,1,1.0,6,75119,M,,,75
201400056785,14,6,12,2030,1,2,3,1.0,6,75119,M,,,75
201400056786,14,6,13,1950,1,2,1,1.0,6,75119,M,,,75
201400056787,14,6,14,1845,1,2,2,1.0,6,75119,M,,,75
201400056788,14,6,14,1950,1,2,3,1.0,3,75119,M,,,75
201400056789,14,6,15,1645,1,2,1,1.0,3,75119,M,,,75
201400056790,14,6,17,800,1,2,1,8.0,3,75119,M,,,75
201400056791,14,6,17,1430,1,2,1,1.0,6,75119,M,,,75
201400056792,14,6,17,1750,1,2,3,1.0,2,75119,M,,,75
201400056793,14,6,19,100,5,2,1,1.0,6,75119,M,,,75
201400056794,14,6,19,1410,1,2,1,1.0,6,75119,M,,,75
201400056795,14,6,20,110,5,2,1,1.0,6,75119,M,,,75
201400056796,14,6,20,1750,1,2,1,1.0,6,75119,M,,,75
201400056797,14,6,21,1400,1,2,2,1.0,2,75119,M,,,75
201400056798,14,6,21,1705,1,2,1,1.0,3,75119,M,,,75
201400056799,14,6,22,1430,1,2,1,1.0,4,75119,M,,,75
201400056800,14,6,22,1850,1,2,2,1.0,6,75119,M,,,75
201400056801,14,6,23,945,1,2,1,1.0,6,75119,M,,,75
201400056802,14,6,23,1700,1,2,5,1.0,3,75119,M,,,75
201400056803,14,6,23,1825,1,2,2,1.0,2,75119,M,,,75
201400056804,14,6,25,1820,1,2,1,1.0,2,75119,M,,,75
201400056805,14,6,25,2015,1,2,1,1.0,7,75119,M,,,75
201400056806,14,6,26,1515,1,2,2,1.0,1,75120,M,,,75
201400056807,14,6,26,2050,1,2,3,2.0,3,75119,M,,,75
201400056808,14,6,27,220,3,2,1,1.0,6,75119,M,,,75
201400056809,14,6,29,1620,1,2,1,2.0,2,75119,M,,,75
201400056810,14,6,29,2220,5,2,5,1.0,3,75119,M,,,75
201400056811,14,7,2,750,1,2,1,1.0,6,75110,M,,,75
201400056812,14,7,2,1320,1,2,1,1.0,6,75119,M,,,75
201400056813,14,7,2,1800,1,2,2,1.0,3,75119,M,,,75
201400056814,14,7,3,1930,1,2,1,7.0,6,75119,M,,,75
201400056815,14,7,3,1953,1,2,1,1.0,2,75119,M,,,75
201400056816,14,7,5,1940,1,2,3,1.0,6,75119,M,,,75
201400056817,14,7,6,1100,1,2,7,2.0,6,75119,M,,,75
201400056818,14,7,6,1800,1,2,3,2.0,7,75119,M,,,75
201400056819,14,7,7,730,1,2,1,1.0,2,75119,M,,,75
201400056820,14,7,8,1754,1,2,5,8.0,6,75119,M,,,75
201400056821,14,7,10,140,5,2,3,2.0,2,75119,M,,,75
201400056822,14,7,10,1550,1,2,2,8.0,6,75119,M,,,75
201400056823,14,7,11,810,1,2,4,8.0,6,75119,M,,,75
201400056824,14,7,11,1007,1,2,5,3.0,3,75119,M,,,75
201400056825,14,7,15,1720,1,2,2,1.0,7,75119,M,,,75
201400056826,14,7,16,1130,1,2,1,1.0,6,75119,M,,,75
201400056827,14,7,16,1430,1,2,1,1.0,3,75119,M,,,75
201400056828,14,7,16,1645,1,2,5,1.0,6,75119,M,,,75
201400056829,14,7,16,1850,1,2,4,1.0,6,75119,M,,,75
201400056830,14,7,17,1956,1,2,1,1.0,3,75119,M,,,75
201400056831,14,7,18,900,1,2,3,1.0,3,75119,M,,,75
201400056832,14,7,21,950,1,2,3,1.0,6,75119,M,,,75
201400056833,14,7,22,1430,1,2,1,1.0,6,75119,M,,,75
201400056834,14,7,22,1700,1,2,1,1.0,7,75119,M,,,75
201400056835,14,7,22,2005,1,2,1,1.0,6,75119,M,,,75
201400056836,14,7,23,1,5,2,2,1.0,6,75119,M,,,75
201400056837,14,7,24,720,1,2,1,1.0,6,75119,M,,,75
201400056838,14,7,25,1550,1,2,7,1.0,6,75119,M,,,75
201400056839,14,7,26,1930,1,2,1,1.0,3,75119,M,,,75
201400056840,14,7,27,1740,1,2,4,1.0,7,75119,M,,,75
201400056841,14,7,28,2105,2,2,1,1.0,7,75119,M,,,75
201400056842,14,7,29,1620,1,2,4,8.0,3,75119,M,,,75
201400056843,14,7,30,1810,1,2,1,1.0,6,75119,M,,,75
201400056844,14,8,4,55,5,2,1,2.0,7,75119,M,,,75
201400056845,14,8,6,40,3,2,7,1.0,3,75119,M,,,75
201400056846,14,8,8,1230,1,2,4,2.0,6,75119,M,,,75
201400056847,14,8,11,1620,1,2,2,8.0,3,75119,M,,,75
201400056848,14,8,12,830,1,2,2,1.0,6,75119,M,,,75
201400056849,14,8,12,1920,1,2,1,2.0,3,75119,M,,,75
201400056850,14,8,13,1610,1,2,1,1.0,3,75119,M,,,75
201400056851,14,8,13,1810,1,2,1,1.0,6,75119,M,,,75
201400056852,14,8,15,15,5,2,1,2.0,6,75119,M,,,75
201400056853,14,8,16,1400,1,2,2,1.0,3,75119,M,,,75
201400056854,14,8,17,58,5,2,1,1.0,7,75119,M,,,75
201400056855,14,8,18,1910,1,2,4,1.0,6,75119,M,,,75
201400056856,14,8,20,1800,1,2,5,1.0,6,75119,M,,,75
201400056857,14,8,22,2220,5,2,1,1.0,6,75119,M,,,75
201400056858,14,8,27,850,1,2,2,2.0,6,75119,M,,,75
201400056859,14,8,27,1200,1,2,1,2.0,6,75119,M,,,75
201400056860,14,8,27,1730,1,2,4,1.0,6,75119,M,,,75
201400056861,14,8,28,2100,5,2,1,1.0,2,75119,M,,,75
201400056862,14,8,31,2005,1,2,1,1.0,6,75119,M,,,75
201400056863,14,9,1,1140,1,2,3,1.0,6,75119,M,,,75
201400056864,14,9,7,350,5,2,1,1.0,6,75119,M,,,75
201400056865,14,9,8,1630,1,2,3,1.0,6,75119,M,,,75
201400056866,14,9,8,1940,2,2,2,1.0,6,75119,M,,,75
201400056867,14,9,11,10,5,2,1,1.0,3,75119,M,,,75
201400056868,14,9,15,1555,1,2,3,1.0,3,75119,M,,,75
201400056869,14,9,16,1530,1,2,1,1.0,3,75119,M,,,75
201400056870,14,9,18,845,1,2,1,1.0,6,75119,M,,,75
201400056871,14,9,17,2130,5,2,2,1.0,1,75119,M,,,75
201400056872,14,9,19,930,1,2,1,1.0,6,75119,M,,,75
201400056873,14,9,19,1710,1,2,1,1.0,3,75119,M,,,75
201400056874,14,9,20,950,1,2,2,1.0,3,75119,M,,,75
201400056875,14,9,20,1515,1,2,5,1.0,3,75119,M,,,75
201400056876,14,9,21,1800,1,2,4,1.0,7,75119,M,,,75
201400056877,14,9,23,1110,1,2,2,1.0,2,75119,M,,,75
201400056878,14,9,24,215,5,2,3,1.0,7,75119,M,,,75
201400056879,14,9,24,1515,1,2,1,8.0,1,75119,M,,,75
201400056880,14,9,25,2115,5,2,1,1.0,6,75110,M,,,75
201400056881,14,9,26,1340,1,2,1,1.0,2,75119,M,,,75
201400056882,14,9,27,300,5,2,7,1.0,6,75119,M,,,75
201400056883,14,9,30,915,1,2,3,1.0,3,75119,M,,,75
201400056884,14,9,30,1325,1,2,1,1.0,3,75119,M,,,75
201400056885,14,9,30,1500,1,2,1,1.0,6,75119,M,,,75
201400056886,14,9,30,1900,1,2,1,1.0,6,75119,M,,,75
201400056887,14,10,2,910,1,2,1,1.0,6,75119,M,,,75
201400056888,14,10,3,1,5,2,5,1.0,3,75119,M,,,75
201400056889,14,10,3,1945,5,2,3,1.0,6,75119,M,,,75
201400056890,14,10,4,2225,5,2,1,1.0,1,75119,M,,,75
201400056891,14,10,7,855,1,2,2,1.0,2,75119,M,,,75
201400056892,14,10,7,938,1,2,1,2.0,7,75119,M,,,75
201400056893,14,10,9,1900,5,2,2,1.0,6,75119,M,,,75
201400056894,14,10,10,1645,1,2,1,1.0,6,75119,M,,,75
201400056895,14,10,11,955,1,2,3,1.0,7,75119,M,,,75
201400056896,14,10,11,1340,1,2,2,1.0,3,75119,M,,,75
201400056897,14,10,11,1905,5,2,4,1.0,6,75119,M,,,75
201400056898,14,10,11,1930,5,2,1,1.0,2,75119,M,,,75
201400056899,14,10,12,630,5,2,4,1.0,6,75119,M,,,75
201400056900,14,10,12,840,1,2,2,1.0,6,75119,M,,,75
201400056901,14,10,14,1815,1,2,1,1.0,6,75119,M,,,75
201400056902,14,10,16,1905,5,2,2,2.0,6,75119,M,,,75
201400056903,14,10,18,2005,5,2,5,1.0,6,75119,M,,,75
201400056904,14,10,19,2030,5,2,3,1.0,6,75119,M,,,75
201400056905,14,10,20,2040,5,2,1,2.0,6,75119,M,,,75
201400056906,14,10,22,1115,1,2,1,1.0,6,75119,M,,,75
201400056907,14,10,22,1415,1,2,2,1.0,3,75119,M,,,75
201400056908,14,10,22,1750,1,2,3,1.0,3,75119,M,,,75
201400056909,14,10,26,1445,1,2,2,1.0,7,75119,M,,,75
201400056910,14,10,27,1245,1,2,1,1.0,6,75119,M,,,75
201400056911,14,10,28,910,1,2,1,1.0,2,75119,M,,,75
201400056912,14,10,28,2130,5,2,1,1.0,3,75119,M,,,75
201400056913,14,10,29,130,5,2,7,1.0,6,75119,M,,,75
201400056914,14,10,29,1000,1,2,2,1.0,7,75119,M,,,75
201400056915,14,10,31,1315,1,2,2,1.0,6,75119,M,,,75
201400056916,14,11,1,1135,1,2,5,1.0,7,75119,M,,,75
201400056917,14,11,4,1000,1,2,1,1.0,6,75119,M,,,75
201400056918,14,11,6,1820,5,2,7,1.0,3,75119,M,,,75
201400056919,14,11,6,1845,5,2,3,1.0,6,75119,M,,,75
201400056920,14,11,6,1815,3,2,1,1.0,6,75119,M,,,75
201400056921,14,11,8,2000,5,2,5,1.0,6,75119,M,,,75
201400056922,14,11,10,1640,1,2,5,1.0,6,75119,M,,,75
201400056923,14,11,10,1840,5,2,1,1.0,6,75119,M,,,75
201400056924,14,11,11,1830,5,2,1,1.0,7,75119,M,,,75
201400056925,14,11,12,1040,1,2,2,1.0,6,75119,M,,,75
201400056926,14,11,12,1355,1,2,2,1.0,6,75119,M,,,75
201400056927,14,11,14,1935,5,2,1,1.0,6,75119,M,,,75
201400056928,14,11,14,1945,5,2,1,2.0,7,75119,M,,,75
201400056929,14,11,15,1705,2,2,4,2.0,6,75119,M,,,75
201400056930,14,11,17,1320,1,2,1,2.0,3,75119,M,,,75
201400056931,14,11,17,1350,1,2,7,2.0,7,75119,M,,,75
201400056932,14,11,17,1350,1,2,7,2.0,7,75119,M,,,75
201400056933,14,11,19,1255,1,2,2,8.0,6,75119,M,,,75
201400056934,14,11,20,1110,1,2,2,1.0,3,75119,M,,,75
201400056935,14,11,20,1620,2,2,3,8.0,7,75119,M,,,75
201400056936,14,11,25,715,2,2,3,2.0,2,75120,M,,,75
201400056937,14,11,28,1630,1,2,1,1.0,3,75119,M,,,75
201400056938,14,12,2,1835,5,2,2,2.0,7,75119,M,,,75
201400056939,14,12,3,1930,5,2,2,1.0,3,75119,M,,,75
201400056940,14,12,4,1715,5,2,3,1.0,3,75119,M,,,75
201400056941,14,12,5,1215,1,2,1,8.0,5,75119,M,,,75
201400056942,14,12,5,1155,1,2,7,1.0,7,75119,M,,,75
201400056943,14,12,6,2250,5,2,5,1.0,6,75119,M,,,75
201400056944,14,12,7,1815,5,2,1,2.0,2,75119,M,,,75
201400056945,14,12,9,1120,1,2,3,1.0,6,75119,M,,,75
201400056946,14,12,11,245,5,2,2,1.0,3,75119,M,,,75
201400056947,14,12,11,1025,1,2,1,8.0,6,75119,M,,,75
201400056948,14,12,12,1455,1,2,5,2.0,6,75119,M,,,75
201400056949,14,12,12,1820,5,2,3,3.0,6,75119,M,,,75
201400056950,14,12,12,1855,5,2,2,2.0,6,75119,M,,,75
201400056951,14,12,13,925,1,2,2,2.0,6,75119,M,,,75
201400056952,14,12,14,425,5,2,4,1.0,6,75119,M,,,75
201400056953,14,12,15,1540,1,2,1,2.0,2,75119,M,,,75
201400056954,14,12,16,745,2,2,1,2.0,6,75119,M,,,75
201400056955,14,12,16,800,2,2,1,8.0,2,75119,M,,,75
201400056956,14,12,16,1540,1,2,1,1.0,4,75119,M,,,75
201400056957,14,12,16,1845,3,2,1,1.0,2,75119,M,,,75
201400056958,14,12,17,1840,5,2,1,2.0,6,75119,M,,,75
201400056959,14,12,17,1900,5,2,3,2.0,7,75119,M,,,75
201400056960,14,12,18,1830,5,2,1,8.0,6,75119,M,,,75
201400056961,14,12,19,1945,5,2,3,8.0,3,75119,M,,,75
201400056962,14,12,19,2110,5,2,2,1.0,3,75119,M,,,75
201400056963,14,12,20,2145,5,2,3,2.0,3,75119,M,,,75
201400056964,14,12,23,950,1,2,5,8.0,6,75119,M,,,75
201400056965,14,12,27,2150,5,2,1,2.0,6,75119,M,,,75
201400056966,14,12,30,915,1,2,3,1.0,7,75119,M,,,75
201400056967,14,12,30,1730,5,2,1,1.0,6,75119,M,,,75
201400056968,14,12,30,1740,5,2,3,1.0,1,75119,M,,,75
201400056969,14,12,31,2343,5,2,7,1.0,2,75120,M,,,75
201400056970,14,1,1,700,5,2,2,1.0,3,75120,M,,,75
201400056971,14,1,3,905,1,2,2,1.0,6,75120,M,,,75
201400056972,14,1,3,1450,1,2,7,8.0,3,75120,M,,,75
201400056973,14,1,3,1910,3,2,1,2.0,2,75120,M,,,75
201400056974,14,1,4,1855,5,2,2,2.0,7,75120,M,,,75
201400056975,14,1,8,1210,1,2,2,1.0,3,75120,M,,,75
201400056976,14,1,8,1945,5,2,1,2.0,2,75120,M,,,75
201400056977,14,1,9,1840,5,2,4,1.0,3,75120,M,,,75
201400056978,14,1,10,900,1,2,4,1.0,3,75120,M,,,75
201400056979,14,1,14,820,1,2,2,2.0,2,75120,M,,,75
201400056980,14,1,14,1205,1,2,1,2.0,2,75120,M,,,75
201400056981,14,1,14,2040,5,2,1,1.0,6,75120,M,,,75
201400056982,14,1,15,810,5,2,3,2.0,6,75120,M,,,75
201400056983,14,1,15,1650,1,2,2,2.0,3,75120,M,,,75
201400056984,14,1,17,545,5,2,2,1.0,6,75120,M,,,75
201400056985,14,1,20,825,1,2,3,1.0,3,75120,M,,,75
201400056986,14,1,21,845,1,2,2,1.0,2,75120,M,,,75
201400056987,14,1,24,1405,1,2,5,1.0,6,75120,M,,,75
201400056988,14,1,26,1315,1,2,2,1.0,7,75120,M,,,75
201400056989,14,1,25,1740,2,2,2,2.0,3,75119,M,,,75
201400056990,14,1,26,1910,5,2,1,2.0,6,75120,M,,,75
201400056991,14,1,26,230,5,2,1,2.0,6,75120,M,,,75
201400056992,14,1,28,850,2,2,1,2.0,6,75120,M,,,75
201400056993,14,1,28,1910,5,2,3,2.0,6,75120,M,,,75
201400056994,14,1,29,1145,1,2,1,2.0,6,75120,M,,,75
201400056995,14,1,30,930,1,2,1,1.0,2,75120,M,,,75
201400056996,14,1,31,1225,1,2,1,1.0,6,75120,M,,,75
201400056997,14,1,31,1745,5,2,1,1.0,6,75120,M,,,75
201400056998,14,2,1,2135,5,2,3,1.0,3,75120,M,,,75
201400056999,14,2,2,1600,1,2,1,1.0,2,75120,M,,,75
201400057000,14,2,4,1510,1,2,5,1.0,5,75120,M,,,75
201400057001,14,2,5,2145,5,2,2,2.0,6,75120,M,,,75
201400057002,14,2,11,740,1,2,3,8.0,2,75120,M,,,75
201400057003,14,2,11,845,1,2,2,1.0,1,75120,M,,,75
201400057004,14,2,11,1930,5,2,2,2.0,6,75120,M,,,75
201400057005,14,2,13,850,1,2,3,2.0,6,75120,M,,,75
201400057006,14,2,13,1440,1,2,7,3.0,7,75120,M,,,75
201400057007,14,2,14,1400,1,2,3,2.0,3,75120,M,,,75
201400057008,14,2,14,1635,1,2,1,1.0,4,75120,M,,,75
201400057009,14,2,15,1205,1,2,1,1.0,3,75120,M,,,75
201400057010,14,2,16,1905,5,2,7,1.0,7,75120,M,,,75
201400057011,14,2,16,2115,5,2,2,2.0,3,75120,M,,,75
201400057012,14,2,17,1230,1,2,1,1.0,6,75120,M,,,75
201400057013,14,2,19,1045,1,2,1,8.0,6,75120,M,,,75
201400057014,14,2,19,1835,5,2,7,1.0,3,75120,M,,,75
201400057015,14,2,21,2320,5,2,5,1.0,3,75120,M,,,75
201400057016,14,2,23,240,5,2,2,1.0,3,75120,M,,,75
201400057017,14,2,24,1600,1,2,2,1.0,3,75120,M,,,75
201400057018,14,2,24,1800,5,2,4,1.0,6,75120,M,,,75
201400057019,14,2,27,930,1,2,1,3.0,6,75120,M,,,75
201400057020,14,2,27,1615,1,2,1,2.0,6,75120,M,,,75
201400057021,14,2,27,1825,3,2,4,2.0,3,75120,M,,,75
201400057022,14,3,1,1920,5,2,5,1.0,3,75120,M,,,75
201400057023,14,3,3,1920,5,2,3,1.0,3,75120,M,,,75
201400057024,14,3,5,1140,1,2,1,1.0,6,75120,M,,,75
201400057025,14,3,7,1350,1,2,5,1.0,3,75120,M,,,75
201400057026,14,3,7,1550,1,2,1,1.0,2,75120,M,,,75
201400057027,14,3,13,800,1,2,1,1.0,6,75120,M,,,75
201400057028,14,3,13,950,1,2,5,1.0,3,75120,M,,,75
201400057029,14,3,13,1910,5,2,3,1.0,6,75120,M,,,75
201400057030,14,3,14,1715,1,2,2,1.0,6,75120,M,,,75
201400057031,14,3,15,410,5,2,3,1.0,3,75120,M,,,75
201400057032,14,3,15,1735,1,2,3,1.0,2,75120,M,,,75
201400057033,14,3,16,230,5,2,2,1.0,6,75120,M,,,75
201400057034,14,3,20,1000,1,2,1,1.0,6,75120,M,,,75
201400057035,14,3,20,1820,1,2,3,1.0,6,75120,M,,,75
201400057036,14,3,21,1005,1,2,1,2.0,6,75120,M,,,75
201400057037,14,3,22,635,2,2,2,1.0,1,75120,M,,,75
201400057038,14,3,25,1250,1,2,1,2.0,7,75119,M,,,75
201400057039,14,3,26,1440,1,2,5,1.0,6,75120,M,,,75
201400057040,14,3,26,1615,1,2,1,1.0,6,75120,M,,,75
201400057041,14,3,27,1045,1,2,3,1.0,6,75120,M,,,75
201400057042,14,3,29,915,1,2,2,1.0,2,75120,M,,,75
201400057043,14,3,31,1030,1,2,2,1.0,1,75120,M,,,75
201400057044,14,4,1,1635,1,2,1,1.0,6,75120,M,,,75
201400057045,14,4,3,930,1,2,2,1.0,6,75120,M,,,75
201400057046,14,4,3,1530,1,2,3,1.0,6,75120,M,,,75
201400057047,14,4,5,1655,1,2,4,1.0,6,75120,M,,,75
201400057048,14,4,5,1945,2,2,2,1.0,3,75120,M,,,75
201400057049,14,4,6,1520,1,2,1,1.0,2,75120,M,,,75
201400057050,14,4,6,1530,1,2,1,1.0,6,75120,M,,,75
201400057051,14,4,5,2355,5,2,1,1.0,2,75120,M,,,75
201400057052,14,4,8,825,1,2,2,1.0,6,75120,M,,,75
201400057053,14,4,9,1810,1,2,1,1.0,6,75120,M,,,75
201400057054,14,4,10,50,5,2,1,1.0,3,75120,M,,,75
201400057055,14,4,10,1555,1,2,2,1.0,7,75120,M,,,75
201400057056,14,4,10,1735,1,2,2,1.0,6,75120,M,,,75
201400057057,14,4,12,1450,1,2,2,1.0,6,75120,M,,,75
201400057058,14,4,12,1815,1,2,2,1.0,4,75120,M,,,75
201400057059,14,4,10,1110,1,2,4,1.0,2,75120,M,,,75
201400057060,14,4,10,1230,1,2,2,1.0,6,75120,M,,,75
201400057061,14,4,15,1833,1,2,3,1.0,1,75112,M,,,75
201400057062,14,4,16,1435,1,2,3,1.0,3,75120,M,,,75
201400057063,14,4,16,1815,1,2,3,1.0,6,75120,M,,,75
201400057064,14,4,16,2110,5,2,1,1.0,6,75120,M,,,75
201400057065,14,4,17,945,1,2,2,1.0,6,75120,M,,,75
201400057066,14,4,22,1840,1,2,1,8.0,2,75120,M,,,75
201400057067,14,4,23,1500,1,2,2,1.0,6,75120,M,,,75
201400057068,14,4,25,1015,1,2,1,2.0,7,75120,M,,,75
201400057069,14,4,28,1205,1,2,1,2.0,6,75120,M,,,75
201400057070,14,4,29,1216,1,2,5,1.0,6,75120,M,,,75
201400057071,14,4,30,1810,1,2,5,2.0,6,75120,M,,,75
201400057072,14,5,2,1345,1,2,1,2.0,3,75120,M,,,75
201400057073,14,5,5,1750,1,2,2,1.0,6,75120,M,,,75
201400057074,14,5,6,845,1,2,2,2.0,6,75120,M,,,75
201400057075,14,5,7,1810,1,2,1,1.0,6,75120,M,,,75
201400057076,14,5,7,1945,1,2,3,1.0,6,75120,M,,,75
201400057077,14,5,7,2325,5,2,2,1.0,3,75120,M,,,75
201400057078,14,5,12,1620,1,2,2,1.0,6,75120,M,,,75
201400057079,14,5,13,935,1,2,1,1.0,6,75120,M,,,75
201400057080,14,5,14,1110,1,2,3,1.0,3,75120,M,,,75
201400057081,14,5,14,1800,1,2,2,1.0,3,75120,M,,,75
201400057082,14,5,14,2110,1,2,3,1.0,3,75120,M,,,75
201400057083,14,5,15,1325,1,2,3,1.0,3,75120,M,,,75
201400057084,14,5,15,2030,2,2,1,1.0,4,75111,M,,,75
201400057085,14,5,16,2030,2,2,2,1.0,6,75120,M,,,75
201400057086,14,5,17,1605,1,2,1,1.0,3,75120,M,,,75
201400057087,14,5,17,1915,1,2,1,1.0,6,75120,M,,,75
201400057088,14,5,19,1900,1,2,1,1.0,6,75120,M,,,75
201400057089,14,5,23,1010,1,2,2,1.0,3,75120,M,,,75
201400057090,14,5,23,1520,1,2,2,1.0,6,75120,M,,,75
201400057091,14,5,23,2310,5,2,2,2.0,3,75120,M,,,75
201400057092,14,5,27,2000,1,2,1,8.0,3,75120,M,,,75
201400057093,14,5,28,1858,1,2,1,1.0,7,75120,M,,,75
201400057094,14,5,28,2230,5,2,1,2.0,6,75120,M,,,75
201400057095,14,5,31,1640,1,2,2,1.0,6,75120,M,,,75
201400057096,14,6,3,1840,1,2,1,1.0,3,75120,M,,,75
201400057097,14,6,6,645,1,2,5,1.0,7,75120,M,,,75
201400057098,14,6,6,1750,1,2,2,1.0,3,75120,M,,,75
201400057099,14,6,7,440,5,2,1,1.0,6,75120,M,,,75
201400057100,14,6,8,300,5,2,1,2.0,6,75120,M,,,75
201400057101,14,6,9,1055,1,2,2,1.0,3,75120,M,,,75
201400057102,14,6,11,1315,2,2,1,1.0,6,75120,M,,,75
201400057103,14,5,31,455,2,2,2,1.0,2,75120,M,,,75
201400057104,14,6,12,1945,1,2,2,1.0,1,75120,M,,,75
201400057105,14,6,13,2000,1,2,1,1.0,6,75120,M,,,75
201400057106,14,6,14,2015,1,2,1,1.0,2,75120,M,,,75
201400057107,14,6,15,1020,1,2,5,1.0,3,75119,M,,,75
201400057108,14,6,16,840,1,2,5,1.0,1,75120,M,,,75
201400057109,14,6,16,830,1,2,3,1.0,6,75119,M,,,75
201400057110,14,6,19,1125,1,2,1,1.0,6,75120,M,,,75
201400057111,14,6,19,1725,1,2,1,1.0,6,75120,M,,,75
201400057112,14,6,21,415,5,2,4,1.0,7,75120,M,,,75
201400057113,14,6,23,845,1,2,1,1.0,3,75120,M,,,75
201400057114,14,6,25,2210,5,2,1,1.0,6,75120,M,,,75
201400057115,14,6,26,1540,1,2,1,1.0,3,75120,M,,,75
201400057116,14,6,27,1625,1,2,5,1.0,3,75120,M,,,75
201400057117,14,6,27,1811,1,2,1,1.0,3,75120,M,,,75
201400057118,14,7,1,1810,1,2,5,1.0,6,75120,M,,,75
201400057119,14,7,1,1800,1,2,1,1.0,3,75120,M,,,75
201400057120,14,7,3,5,5,2,2,1.0,6,75120,M,,,75
201400057121,14,7,3,1745,1,2,7,1.0,3,75120,M,,,75
201400057122,14,7,7,1415,1,2,1,1.0,6,75120,M,,,75
201400057123,14,7,7,1935,1,2,2,3.0,6,75120,M,,,75
201400057124,14,7,8,2145,5,2,4,1.0,4,75120,M,,,75
201400057125,14,7,9,1230,1,2,3,2.0,6,75120,M,,,75
201400057126,14,7,9,1445,1,2,1,3.0,6,75120,M,,,75
201400057127,14,7,9,1735,1,2,2,2.0,7,75120,M,,,75
201400057128,14,7,10,845,1,2,4,2.0,2,75120,M,,,75
201400057129,14,7,14,135,5,2,3,1.0,6,75120,M,,,75
201400057130,14,7,16,230,5,2,1,1.0,6,75120,M,,,75
201400057131,14,7,17,900,1,2,3,1.0,3,75120,M,,,75
201400057132,14,7,17,1210,1,2,5,1.0,3,75120,M,,,75
201400057133,14,7,19,1015,1,2,7,1.0,7,75120,M,,,75
201400057134,14,7,19,1135,1,2,3,1.0,2,75120,M,,,75
201400057135,14,7,20,2310,5,2,3,1.0,6,75111,M,,,75
201400057136,14,7,21,1405,1,2,1,1.0,6,75120,M,,,75
201400057137,14,7,24,755,1,2,2,1.0,7,75120,M,,,75
201400057138,14,7,24,2000,1,2,1,1.0,7,75120,M,,,75
201400057139,14,7,25,920,1,2,1,1.0,6,75120,M,,,75
201400057140,14,7,28,830,1,2,1,1.0,3,75120,M,,,75
201400057141,14,7,28,1815,1,2,1,1.0,6,75120,M,,,75
201400057142,14,7,28,2326,5,2,1,1.0,1,75120,M,,,75
201400057143,14,7,30,59,5,2,4,1.0,6,75120,M,,,75
201400057144,14,7,31,200,5,2,5,1.0,6,75120,M,,,75
201400057145,14,8,1,1605,1,2,1,1.0,6,75120,M,,,75
201400057146,14,8,2,1525,1,2,4,1.0,2,75120,M,,,75
201400057147,14,8,3,136,5,2,2,1.0,3,75120,M,,,75
201400057148,14,8,3,2000,1,2,1,2.0,6,75120,M,,,75
201400057149,14,8,4,210,5,2,4,2.0,6,75120,M,,,75
201400057150,14,8,5,300,5,2,4,1.0,7,75120,M,,,75
201400057151,14,8,7,1540,1,2,2,2.0,3,75120,M,,,75
201400057152,14,8,7,1900,1,2,1,8.0,3,75120,M,,,75
201400057153,14,8,8,345,5,2,1,1.0,6,75120,M,,,75
201400057154,14,8,8,1210,1,2,3,2.0,3,75120,M,,,75
201400057155,14,8,9,1338,1,2,3,1.0,6,75120,M,,,75
201400057156,14,8,10,320,5,2,3,2.0,6,75120,M,,,75
201400057157,14,8,19,1425,1,2,1,1.0,7,75120,M,,,75
201400057158,14,8,21,1310,1,2,1,1.0,6,75120,M,,,75
201400057159,14,8,22,855,1,2,7,1.0,2,75120,M,,,75
201400057160,14,8,24,1945,1,2,3,1.0,6,75120,M,,,75
201400057161,14,8,25,915,1,2,1,2.0,7,75120,M,,,75
201400057162,14,8,26,1840,1,2,1,1.0,6,75120,M,,,75
201400057163,14,9,1,1130,1,2,1,1.0,6,75120,M,,,75
201400057164,14,9,2,2234,5,2,1,1.0,3,75120,M,,,75
201400057165,14,9,3,1930,1,2,1,1.0,6,75120,M,,,75
201400057166,14,9,4,1050,1,2,3,1.0,3,75120,M,,,75
201400057167,14,9,5,1015,1,2,1,1.0,3,75120,M,,,75
201400057168,14,9,6,1423,1,2,2,1.0,7,75120,M,,,75
201400057169,14,9,6,1525,1,2,2,1.0,6,75120,M,,,75
201400057170,14,9,6,1605,1,2,1,1.0,6,75120,M,,,75
201400057171,14,9,7,330,5,2,1,1.0,7,75120,M,,,75
201400057172,14,9,8,1324,1,2,3,1.0,6,75120,M,,,75
201400057173,14,9,8,2100,5,2,1,1.0,6,75120,M,,,75
201400057174,14,9,10,945,1,2,1,1.0,4,75120,M,,,75
201400057175,14,9,10,1420,1,2,2,1.0,3,75120,M,,,75
201400057176,14,9,11,100,5,2,2,1.0,6,75120,M,,,75
201400057177,14,9,15,1505,1,2,7,1.0,3,75120,M,,,75
201400057178,14,9,18,1135,1,2,2,1.0,1,75120,M,,,75
201400057179,14,9,18,1740,1,2,1,1.0,2,75120,M,,,75
201400057180,14,9,21,635,5,2,1,2.0,6,75111,M,,,75
201400057181,14,9,22,900,1,2,1,1.0,7,75120,M,,,75
201400057182,14,9,17,1335,1,2,2,1.0,2,75120,M,,,75
201400057183,14,9,24,25,5,2,1,1.0,2,75120,M,,,75
201400057184,14,9,24,1735,1,2,2,1.0,2,75120,M,,,75
201400057185,14,9,25,35,5,2,7,1.0,3,75120,M,,,75
201400057186,14,9,25,1235,1,2,1,1.0,2,75120,M,,,75
201400057187,14,9,25,1915,1,2,3,1.0,6,75120,M,,,75
201400057188,14,9,26,1800,1,2,2,7.0,6,75120,M,,,75
201400057189,14,9,26,2105,5,2,1,1.0,2,75120,M,,,75