Num_Acc,an,mois,jour,hrmn,lum,agg,int,atm,col,com,gps,lat,long,dep
201400057190,14,9,28,1410,1,2,2,1.0,3,75120,M,,,75
201400057191,14,9,28,1710,1,2,1,1.0,6,75120,M,,,75
201400057192,14,9,30,755,1,2,2,1.0,1,75120,M,,,75
201400057193,14,9,28,505,5,2,1,1.0,5,75120,M,,,75
201400057194,14,10,2,1630,1,2,1,1.0,6,75120,M,,,75
201400057195,14,10,2,1715,1,2,1,1.0,6,75120,M,,,75
201400057196,14,10,2,2015,5,2,1,1.0,6,75120,M,,,75
201400057197,14,10,3,1620,1,2,1,1.0,6,75120,M,,,75
201400057198,14,10,4,1540,1,2,2,1.0,3,75120,M,,,75
201400057199,14,10,5,1840,5,2,3,1.0,6,75120,M,,,75
201400057200,14,10,5,2330,5,2,5,1.0,6,75120,M,,,75
201400057201,14,10,6,1930,5,2,5,2.0,6,75120,M,,,75
201400057202,14,10,7,850,1,2,1,2.0,3,75120,M,,,75
201400057203,14,10,9,1640,1,2,1,1.0,5,75120,M,,,75
201400057204,14,10,10,1220,1,2,1,1.0,6,75120,M,,,75
201400057205,14,10,10,1316,1,2,5,8.0,3,75120,M,,,75
201400057206,14,10,10,1820,1,2,7,8.0,2,75120,M,,,75
201400057207,14,10,10,2000,5,2,1,1.0,6,75119,M,,,75
201400057208,14,10,12,330,5,2,2,1.0,6,75111,M,,,75
201400057209,14,10,13,840,1,2,2,1.0,2,75120,M,,,75
201400057210,14,10,14,2030,5,2,3,1.0,6,75120,M,,,75
201400057211,14,10,15,800,1,2,1,1.0,2,75120,M,,,75
201400057212,14,10,17,855,1,2,4,1.0,2,75120,M,,,75
201400057213,14,10,21,1520,1,2,2,2.0,6,75120,M,,,75
201400057214,14,10,22,55,5,2,7,1.0,6,75120,M,,,75
201400057215,14,10,22,1635,1,2,2,1.0,5,75120,M,,,75
201400057216,14,10,22,2015,3,2,7,1.0,2,75120,M,,,75
201400057217,14,10,25,2030,5,2,1,1.0,6,75120,M,,,75
201400057218,14,10,27,1445,1,2,2,1.0,6,75120,M,,,75
201400057219,14,10,28,2134,5,2,2,1.0,3,75120,M,,,75
201400057220,14,10,29,1210,1,2,1,1.0,7,75120,M,,,75
201400057221,14,10,29,1240,1,2,2,1.0,6,75120,M,,,75
201400057222,14,10,29,1750,5,2,2,1.0,3,75120,M,,,75
201400057223,14,10,29,2000,5,2,7,1.0,6,75120,M,,,75
201400057224,14,10,31,1920,5,2,3,1.0,6,75120,M,,,75
201400057225,14,11,4,1540,1,2,5,1.0,6,75120,M,,,75
201400057226,14,11,4,2030,5,2,1,1.0,3,75120,M,,,75
201400057227,14,11,5,2010,5,2,1,1.0,6,75120,M,,,75
201400057228,14,11,6,930,1,2,3,1.0,7,75120,M,,,75
201400057229,14,11,7,1240,1,2,1,2.0,6,75120,M,,,75
201400057230,14,11,7,1515,1,2,2,1.0,6,75120,M,,,75
201400057231,14,11,9,2105,5,2,2,1.0,1,75120,M,,,75
201400057232,14,11,10,1600,1,2,1,1.0,7,75120,M,,,75
201400057233,14,11,10,1745,5,2,1,1.0,3,75120,M,,,75
201400057234,14,11,11,1858,5,2,1,1.0,3,75120,M,,,75
201400057235,14,11,12,1650,1,2,4,1.0,3,75120,M,,,75
201400057236,14,11,13,1630,1,2,2,1.0,6,75120,M,,,75
201400057237,14,11,13,1910,5,2,1,1.0,6,75120,M,,,75
201400057238,14,11,14,1410,1,2,1,2.0,2,75120,M,,,75
201400057239,14,11,14,1430,1,2,1,2.0,6,75120,M,,,75
201400057240,14,11,15,130,5,2,5,3.0,6,75120,M,,,75
201400057241,14,11,15,305,5,2,5,3.0,2,75120,M,,,75
201400057242,14,11,14,1905,5,2,1,2.0,2,75120,M,,,75
201400057243,14,11,17,1640,2,2,1,2.0,6,75120,M,,,75
201400057244,14,11,17,2025,5,2,1,2.0,2,75120,M,,,75
201400057245,14,11,20,1225,1,2,5,1.0,6,75120,M,,,75
201400057246,14,11,21,130,5,2,3,1.0,6,75120,M,,,75
201400057247,14,11,21,1450,1,2,2,1.0,3,75120,M,,,75
201400057248,14,11,23,810,1,2,1,1.0,6,75120,M,,,75
201400057249,14,11,24,1325,1,2,1,1.0,6,75120,M,,,75
201400057250,14,11,24,1600,1,2,1,1.0,6,75120,M,,,75
201400057251,14,11,25,830,1,2,1,2.0,2,75120,M,,,75
201400057252,14,11,26,1440,1,2,1,2.0,1,75120,M,,,75
201400057253,14,11,27,1535,1,2,1,1.0,2,75120,M,,,75
201400057254,14,11,27,1700,1,2,1,1.0,3,75120,M,,,75
201400057255,14,11,29,1025,1,2,7,1.0,7,75120,M,,,75
201400057256,14,12,1,755,1,2,2,8.0,3,75120,M,,,75
201400057257,14,12,1,1715,5,2,1,2.0,6,75120,M,,,75
201400057258,14,12,2,845,2,2,3,8.0,6,75120,M,,,75
201400057259,14,12,2,1605,2,2,1,2.0,6,75120,M,,,75
201400057260,14,12,2,1710,1,2,3,2.0,3,75120,M,,,75
201400057261,14,12,3,1745,3,2,1,1.0,6,75120,M,,,75
201400057262,14,12,4,1015,1,2,1,8.0,3,75120,M,,,75
201400057263,14,12,4,2230,5,2,5,1.0,6,75120,M,,,75
201400057264,14,12,7,2225,5,2,2,2.0,3,75120,M,,,75
201400057265,14,12,8,730,2,2,5,1.0,6,75119,M,,,75
201400057266,14,12,8,2030,3,2,1,6.0,3,75120,M,,,75
201400057267,14,12,9,745,2,2,1,1.0,3,75120,M,,,75
201400057268,14,12,9,1055,1,2,2,1.0,6,75120,M,,,75
201400057269,14,12,9,2020,5,2,1,1.0,3,75120,M,,,75
201400057270,14,12,10,1410,1,2,2,2.0,3,75120,M,,,75
201400057271,14,12,11,2255,5,2,1,1.0,3,75120,M,,,75
201400057272,14,12,12,1810,5,2,2,3.0,6,75120,M,,,75
201400057273,14,12,12,1815,5,2,3,2.0,6,75120,M,,,75
201400057274,14,12,13,430,5,2,3,3.0,2,75120,M,,,75
201400057275,14,12,14,1030,1,2,1,5.0,6,75120,M,,,75
201400057276,14,12,14,545,5,2,1,8.0,1,75120,M,,,75
201400057277,14,12,15,845,1,2,1,6.0,7,75120,M,,,75
201400057278,14,12,20,2345,5,2,3,9.0,1,75120,M,,,75
201400057279,14,12,22,945,1,2,1,1.0,6,75120,M,,,75
201400057280,14,12,22,1208,1,2,1,1.0,6,75120,M,,,75
201400057281,14,12,24,905,1,2,2,1.0,3,75120,M,,,75
201400057282,14,12,26,2200,5,2,4,3.0,6,75120,M,,,75
201400057283,14,1,1,1900,5,2,1,2.0,4,75118,M,,,75
201400057284,14,1,5,1145,1,2,5,1.0,6,75106,M,,,75
201400057285,14,1,5,1737,5,2,1,2.0,6,75116,M,,,75
201400057286,14,1,7,850,1,2,5,1.0,6,75116,M,,,75
201400057287,14,1,7,1410,1,2,4,2.0,2,75114,M,,,75
201400057288,14,1,8,857,1,2,3,3.0,2,75103,M,,,75
201400057289,14,1,10,1003,1,2,2,1.0,6,75102,M,,,75
201400057290,14,1,11,1450,1,2,1,1.0,2,75120,M,,,75
201400057291,14,1,12,1410,1,2,5,1.0,6,75113,M,,,75
201400057292,14,1,12,1340,1,2,2,1.0,6,75115,M,,,75
201400057293,14,1,12,1650,2,2,5,1.0,6,75106,M,,,75
201400057294,14,1,13,710,5,2,7,1.0,5,75108,M,,,75
201400057295,14,1,13,1120,1,2,2,1.0,3,75116,M,,,75
201400057296,14,1,14,952,1,2,1,2.0,6,75110,M,,,75
201400057297,14,1,14,2105,5,2,3,1.0,6,75118,M,,,75
201400057298,14,1,16,255,5,2,4,2.0,6,75120,M,,,75
201400057299,14,1,16,2345,5,2,2,1.0,1,75120,M,,,75
201400057300,14,1,18,2006,5,2,2,1.0,3,75104,M,,,75
201400057301,14,1,19,130,5,2,7,2.0,3,75115,M,,,75
201400057302,14,1,20,1810,5,2,1,1.0,6,75118,M,,,75
201400057303,14,1,21,1635,1,2,1,2.0,6,75120,M,,,75
201400057304,14,1,22,1650,2,2,1,2.0,6,75113,M,,,75
201400057305,14,1,23,740,2,2,2,8.0,1,75113,M,,,75
201400057306,14,1,23,1005,1,2,7,1.0,3,75108,M,,,75
201400057307,14,1,23,1630,5,2,1,2.0,3,75115,M,,,75
201400057308,14,1,23,1655,5,2,1,2.0,7,75115,M,,,75
201400057309,14,1,24,15,5,2,3,1.0,6,75119,M,,,75
201400057310,14,1,24,1600,1,2,1,1.0,6,75106,M,,,75
201400057311,14,1,25,550,5,2,1,2.0,6,75110,M,,,75
201400057312,14,1,25,1645,1,2,1,1.0,6,75116,M,,,75
201400057313,14,1,26,635,5,2,2,1.0,6,75120,M,,,75
201400057314,14,1,27,1830,5,2,1,1.0,6,75119,M,,,75
201400057315,14,1,28,1945,5,2,1,3.0,6,75107,M,,,75
201400057316,14,1,29,40,5,2,4,2.0,3,75117,M,,,75
201400057317,14,1,30,1100,1,2,3,1.0,6,75113,M,,,75
201400057318,14,1,31,702,2,2,5,5.0,2,75112,M,,,75
201400057319,14,1,31,1250,1,2,7,1.0,2,75116,M,,,75
201400057320,14,1,31,1452,1,2,3,1.0,3,75105,M,,,75
201400057321,14,1,31,1830,5,2,1,1.0,1,75116,M,,,75
201400057322,14,2,3,1420,1,2,2,1.0,6,75113,M,,,75
201400057323,14,2,4,1345,1,2,2,1.0,3,75115,M,,,75
201400057324,14,2,6,1605,1,2,1,1.0,6,75109,M,,,75
201400057325,14,2,6,1645,1,2,1,1.0,4,75116,M,,,75
201400057326,14,2,7,200,5,2,3,1.0,1,75109,M,,,75
201400057327,14,2,8,755,1,2,2,2.0,3,75101,M,,,75
201400057328,14,2,9,323,5,2,4,1.0,6,75118,M,,,75
201400057329,14,2,9,2028,5,2,5,1.0,6,75108,M,,,75
201400057330,14,2,10,1250,1,2,5,1.0,3,75116,M,,,75
201400057331,14,2,13,1915,5,2,1,1.0,6,75113,M,,,75
201400057332,14,2,14,205,5,2,1,1.0,6,75110,M,,,75
201400057333,14,2,16,1051,1,2,2,1.0,3,75111,M,,,75
201400057334,14,2,17,1750,1,2,3,1.0,6,75102,M,,,75
201400057335,14,2,18,1907,5,2,1,1.0,6,75112,M,,,75
201400057336,14,2,20,115,5,2,2,1.0,6,75119,M,,,75
201400057337,14,2,20,1650,1,2,5,2.0,6,75117,M,,,75
201400057338,14,2,23,325,5,2,1,1.0,6,75120,M,,,75
201400057339,14,2,25,935,1,2,2,2.0,3,75116,M,,,75
201400057340,14,2,25,2110,5,2,3,1.0,1,75111,M,,,75
201400057341,14,2,25,2155,5,2,3,1.0,6,75111,M,,,75
201400057342,14,2,26,1620,1,2,3,1.0,6,75110,M,,,75
201400057343,14,2,27,1115,1,2,2,3.0,3,75114,M,,,75
201400057344,14,2,28,1,5,2,2,1.0,1,75105,M,,,75
201400057345,14,3,1,523,5,2,1,2.0,6,75118,M,,,75
201400057346,14,3,1,749,1,2,1,1.0,6,75104,M,,,75
201400057347,14,3,1,1130,1,2,1,1.0,6,75120,M,,,75
201400057348,14,3,2,425,5,2,2,1.0,3,75113,M,,,75
201400057349,14,3,4,30,5,2,5,1.0,3,75111,M,,,75
201400057350,14,3,5,840,1,2,1,1.0,6,75116,M,,,75
201400057351,14,3,5,1030,1,2,3,1.0,6,75116,M,,,75
201400057352,14,3,5,1623,1,2,1,1.0,3,75113,M,,,75
201400057353,14,3,7,440,5,2,4,1.0,6,75116,M,,,75
201400057354,14,3,8,805,1,2,2,1.0,1,75111,M,,,75
201400057355,14,3,8,1030,1,2,5,1.0,6,75116,M,,,75
201400057356,14,3,9,825,1,2,2,1.0,6,75111,M,,,75
201400057357,14,3,9,1715,1,2,4,1.0,6,75114,M,,,75
201400057358,14,3,10,930,1,2,7,1.0,3,75108,M,,,75
201400057359,14,3,12,1520,1,2,7,1.0,3,75116,M,,,75
201400057360,14,3,12,2030,5,2,1,1.0,6,75120,M,,,75
201400057361,14,3,17,1220,1,2,2,1.0,3,75111,M,,,75
201400057362,14,3,18,920,1,2,3,1.0,3,75118,M,,,75
201400057363,14,3,20,930,1,2,2,1.0,3,75118,M,,,75
201400057364,14,3,20,1855,5,2,2,1.0,3,75120,M,,,75
201400057365,14,3,21,35,5,2,2,1.0,6,75113,M,,,75
201400057366,14,3,22,1315,1,2,1,1.0,2,75120,M,,,75
201400057367,14,3,24,1201,1,2,1,1.0,2,75116,M,,,75
201400057368,14,3,24,1845,2,2,3,1.0,1,75116,M,,,75
201400057369,14,3,24,2310,5,2,2,1.0,3,75101,M,,,75
201400057370,14,3,25,1600,1,2,1,8.0,6,75117,M,,,75
201400057371,14,3,26,1555,1,2,1,1.0,2,75116,M,,,75
201400057372,14,3,27,106,5,2,3,1.0,6,75112,M,,,75
201400057373,14,3,27,620,2,2,4,1.0,6,75120,M,,,75
201400057374,14,3,28,1318,1,2,2,1.0,2,75106,M,,,75
201400057375,14,3,29,1158,1,2,1,1.0,4,75112,M,,,75
201400057376,14,3,29,2235,5,2,2,1.0,3,75113,M,,,75
201400057377,14,3,30,840,2,2,1,1.0,4,75112,M,,,75
201400057378,14,3,30,2305,5,2,3,1.0,1,75117,M,,,75
201400057379,14,3,31,1558,1,2,4,1.0,6,75120,M,,,75
201400057380,14,4,1,855,1,2,5,1.0,3,75101,M,,,75
201400057381,14,4,1,2130,5,2,1,1.0,6,75118,M,,,75
201400057382,14,4,2,815,1,2,1,1.0,3,75114,M,,,75
201400057383,14,4,2,1420,1,2,4,1.0,3,75115,M,,,75
201400057384,14,4,3,1920,5,2,1,1.0,6,75120,M,,,75
201400057385,14,4,3,1920,1,2,1,1.0,3,75116,M,,,75
201400057386,14,4,3,2353,5,2,1,1.0,6,75114,M,,,75
201400057387,14,4,4,750,1,2,2,1.0,3,75113,M,,,75
201400057388,14,4,4,838,1,2,3,1.0,6,75105,M,,,75
201400057389,14,4,5,355,5,2,1,1.0,6,75101,M,,,75
201400057390,14,4,7,1740,1,2,3,1.0,6,75115,M,,,75
201400057391,14,4,7,2205,5,2,4,1.0,3,75108,M,,,75
201400057392,14,4,8,1825,1,2,1,1.0,6,75120,M,,,75
201400057393,14,4,8,2125,5,2,2,1.0,2,75106,M,,,75
201400057394,14,4,10,323,5,2,1,1.0,6,75113,M,,,75
201400057395,14,4,9,1240,1,2,1,1.0,6,75104,M,,,75
201400057396,14,4,9,1240,1,2,1,1.0,6,75113,M,,,75
201400057397,14,4,10,1604,1,2,3,1.0,3,75111,M,,,75
201400057398,14,4,13,515,5,2,1,1.0,6,75102,M,,,75
201400057399,14,4,13,550,5,2,5,1.0,3,75115,M,,,75
201400057400,14,4,14,950,1,2,5,1.0,6,75113,M,,,75
201400057401,14,4,15,1530,1,2,5,1.0,6,75120,M,,,75
201400057402,14,4,15,2140,5,2,7,1.0,3,75115,M,,,75
201400057403,14,4,17,1015,1,2,1,1.0,6,75112,M,,,75
201400057404,14,4,18,640,1,2,1,1.0,6,75116,M,,,75
201400057405,14,4,18,715,1,2,2,2.0,6,75105,M,,,75
201400057406,14,4,18,901,1,2,3,1.0,6,75110,M,,,75
201400057407,14,4,20,2150,5,2,3,1.0,6,75101,M,,,75
201400057408,14,4,21,1555,1,2,1,1.0,6,75104,M,,,75
201400057409,14,4,21,1750,1,2,3,1.0,3,75104,M,,,75
201400057410,14,4,23,1045,1,2,2,1.0,6,75115,M,,,75
201400057411,14,4,23,1402,1,2,1,1.0,6,75113,M,,,75
201400057412,14,4,24,1840,1,2,3,1.0,6,75115,M,,,75
201400057413,14,4,26,305,5,2,7,1.0,3,75117,M,,,75
201400057414,14,4,27,600,2,2,1,1.0,2,75115,M,,,75
201400057415,14,4,28,940,1,2,2,8.0,3,75116,M,,,75
201400057416,14,4,29,1305,1,2,1,1.0,2,75114,M,,,75
201400057417,14,4,30,1101,1,2,2,1.0,3,75116,M,,,75
201400057418,14,4,30,1930,1,2,1,1.0,2,75115,M,,,75
201400057419,14,5,2,5,5,2,1,3.0,7,75117,M,,,75
201400057420,14,5,2,1,5,2,1,2.0,7,75120,M,,,75
201400057421,14,5,4,144,5,2,5,1.0,6,75111,M,,,75
201400057422,14,5,5,530,5,2,1,1.0,6,75104,M,,,75
201400057423,14,5,8,1,5,1,1,1.0,2,75117,M,,,75
201400057424,14,5,8,200,5,2,2,1.0,6,75108,M,,,75
201400057425,14,5,10,1605,1,2,7,2.0,3,75109,M,,,75
201400057426,14,5,11,1805,1,2,1,2.0,6,75107,M,,,75
201400057427,14,5,13,1245,1,2,4,1.0,3,75118,M,,,75
201400057428,14,5,13,1650,1,2,5,1.0,6,75115,M,,,75
201400057429,14,5,14,820,1,2,1,1.0,6,75113,M,,,75
201400057430,14,5,15,1249,1,2,2,1.0,3,75111,M,,,75
201400057431,14,5,15,1649,1,2,1,1.0,6,75116,M,,,75
201400057432,14,5,15,2100,5,2,1,1.0,6,75114,M,,,75
201400057433,14,5,16,2240,5,2,2,1.0,3,75115,M,,,75
201400057434,14,5,17,2115,5,2,1,1.0,6,75110,M,,,75
201400057435,14,5,18,605,2,2,3,1.0,6,75110,M,,,75
201400057436,14,5,18,615,2,2,1,1.0,6,75118,M,,,75
201400057437,14,5,19,1230,1,2,1,1.0,2,75112,M,,,75
201400057438,14,5,19,1330,1,2,2,1.0,1,75113,M,,,75
201400057439,14,5,20,1730,1,2,1,3.0,6,75113,M,,,75
201400057440,14,5,21,1127,1,2,3,3.0,2,75114,M,,,75
201400057441,14,5,21,1415,1,2,1,1.0,4,75114,M,,,75
201400057442,14,5,21,2130,2,2,3,2.0,3,75106,M,,,75
201400057443,14,5,22,20,5,2,3,1.0,3,75108,M,,,75
201400057444,14,5,22,520,5,2,1,1.0,6,75104,M,,,75
201400057445,14,5,22,2238,5,2,2,1.0,3,75108,M,,,75
201400057446,14,5,25,702,1,2,2,1.0,6,75107,M,,,75
201400057447,14,5,25,2005,1,2,5,1.0,3,75107,M,,,75
201400057448,14,5,26,135,5,2,1,1.0,2,75119,M,,,75
201400057449,14,5,28,940,1,2,2,2.0,6,75112,M,,,75
201400057450,14,5,28,2105,2,2,4,3.0,2,75117,M,,,75
201400057451,14,5,28,2005,5,2,1,1.0,5,75118,M,,,75
201400057452,14,5,29,105,5,2,5,1.0,6,75117,M,,,75
201400057453,14,5,29,230,5,2,1,1.0,6,75103,M,,,75
201400057454,14,5,31,1410,1,2,3,1.0,6,75117,M,,,75
201400057455,14,6,1,1640,1,2,4,1.0,3,75117,M,,,75
201400057456,14,6,1,2150,2,2,7,1.0,3,75116,M,,,75
201400057457,14,6,2,2125,5,2,2,1.0,3,75104,M,,,75
201400057458,14,6,3,5,5,2,1,1.0,6,75107,M,,,75
201400057459,14,6,4,145,5,2,4,2.0,3,75114,M,,,75
201400057460,14,6,4,659,1,2,3,2.0,6,75119,M,,,75
201400057461,14,6,4,945,1,2,1,2.0,4,75108,M,,,75
201400057462,14,6,6,925,1,2,1,1.0,6,75105,M,,,75
201400057463,14,6,6,1155,1,2,1,1.0,3,75109,M,,,75
201400057464,14,6,6,2355,5,2,7,1.0,6,75108,M,,,75
201400057465,14,6,7,400,5,2,1,1.0,6,75114,M,,,75
201400057466,14,6,7,450,5,2,1,1.0,6,75113,M,,,75
201400057467,14,6,7,1415,1,2,5,1.0,6,75117,M,,,75
201400057468,14,6,8,415,5,2,7,3.0,6,75119,M,,,75
201400057469,14,6,7,2210,1,2,4,1.0,6,75112,M,,,75
201400057470,14,6,9,135,5,2,1,1.0,2,75113,M,,,75
201400057471,14,6,11,40,5,2,3,1.0,5,75118,M,,,75
201400057472,14,6,11,1010,1,2,1,1.0,6,75118,M,,,75
201400057473,14,6,11,1340,1,2,1,1.0,6,75118,M,,,75
201400057474,14,6,11,1525,1,2,1,1.0,6,75117,M,,,75
201400057475,14,6,11,1900,1,2,1,1.0,6,75118,M,,,75
201400057476,14,6,13,925,1,2,2,1.0,1,75115,M,,,75
201400057477,14,6,15,150,5,2,5,1.0,1,75117,M,,,75
201400057478,14,6,16,1530,1,2,5,1.0,1,75111,M,,,75
201400057479,14,6,17,435,5,2,1,1.0,6,75101,M,,,75
201400057480,14,6,17,1210,1,2,1,1.0,4,75117,M,,,75
201400057481,14,6,17,1420,1,2,1,1.0,6,75116,M,,,75
201400057482,14,6,17,1840,1,2,1,1.0,2,75118,M,,,75
201400057483,14,6,18,810,1,2,3,1.0,6,75112,M,,,75
201400057484,14,6,18,1440,1,2,2,1.0,6,75113,M,,,75
201400057485,14,6,18,1728,1,2,1,1.0,7,75118,M,,,75
201400057486,14,6,19,1800,1,2,1,1.0,6,75120,M,,,75
201400057487,14,6,20,2150,5,2,2,1.0,6,75110,M,,,75
201400057488,14,6,22,1805,1,2,1,1.0,6,75119,M,,,75
201400057489,14,6,23,345,5,2,1,1.0,2,75112,M,,,75
201400057490,14,6,23,1225,1,2,2,1.0,3,75120,M,,,75
201400057491,14,6,23,1905,1,2,7,1.0,6,75114,M,,,75
201400057492,14,6,24,1025,1,2,3,1.0,2,75106,M,,,75
201400057493,14,6,24,2350,5,2,1,1.0,6,75113,M,,,75
201400057494,14,6,25,130,5,2,3,1.0,6,75114,M,,,75
201400057495,14,6,25,1929,2,2,1,1.0,2,75113,M,,,75
201400057496,14,6,27,210,5,2,4,1.0,2,75119,M,,,75
201400057497,14,6,28,2109,5,2,1,3.0,6,75118,M,,,75
201400057498,14,6,29,2330,5,2,1,1.0,6,75119,M,,,75
201400057499,14,7,1,1711,1,2,5,1.0,6,75113,M,,,75
201400057500,14,7,1,2150,2,2,5,1.0,6,75104,M,,,75
201400057501,14,7,2,1,5,2,1,1.0,3,75116,M,,,75
201400057502,14,7,3,2240,5,2,2,1.0,2,75112,M,,,75
201400057503,14,7,4,45,5,2,4,1.0,6,75112,M,,,75
201400057504,14,7,5,515,5,2,2,8.0,6,75111,M,,,75
201400057505,14,7,9,1915,1,2,2,3.0,3,75115,M,,,75
201400057506,14,7,12,1715,1,2,4,1.0,6,75117,M,,,75
201400057507,14,7,19,157,5,2,2,1.0,3,75110,M,,,75
201400057508,14,7,20,1408,1,2,7,1.0,3,75116,M,,,75
201400057509,14,7,20,1625,1,2,2,1.0,6,75106,M,,,75
201400057510,14,7,20,1750,1,2,1,1.0,6,75118,M,,,75
201400057511,14,7,21,1650,1,2,3,1.0,3,75117,M,,,75
201400057512,14,7,24,1630,1,2,1,1.0,2,75108,M,,,75
201400057513,14,7,26,510,2,2,1,1.0,6,75117,M,,,75
201400057514,14,7,29,1210,1,2,2,1.0,3,75104,M,,,75
201400057515,14,7,31,1815,1,2,1,1.0,6,75119,M,,,75
201400057516,14,8,1,1543,1,2,1,1.0,6,75114,M,,,75
201400057517,14,8,2,1620,1,2,2,1.0,3,75116,M,,,75
201400057518,14,8,2,1950,1,2,7,1.0,3,75107,M,,,75
201400057519,14,8,3,1835,1,2,1,1.0,6,75115,M,,,75
201400057520,14,8,4,2235,5,2,2,1.0,3,75116,M,,,75
201400057521,14,8,5,1248,1,2,2,1.0,6,75112,M,,,75
201400057522,14,8,5,1950,1,2,1,1.0,6,75114,M,,,75
201400057523,14,8,7,1745,1,2,1,1.0,2,75112,M,,,75
201400057524,14,8,8,20,5,2,1,1.0,6,75120,M,,,75
201400057525,14,8,12,2025,2,2,1,1.0,6,75109,M,,,75
201400057526,14,8,13,315,5,2,2,1.0,6,75120,M,,,75
201400057527,14,8,13,1845,1,2,1,1.0,7,75114,M,,,75
201400057528,14,8,16,1620,1,2,6,1.0,6,75118,M,,,75
201400057529,14,8,18,1930,1,2,1,1.0,6,75113,M,,,75
201400057530,14,8,23,630,2,2,2,1.0,3,75113,M,,,75
201400057531,14,8,24,420,5,2,3,1.0,3,75113,M,,,75
201400057532,14,8,26,754,1,2,1,1.0,2,75119,M,,,75
201400057533,14,8,26,1412,1,2,1,1.0,6,75102,M,,,75
201400057534,14,8,27,225,4,2,4,1.0,7,75120,M,,,75
201400057535,14,8,27,945,1,2,2,1.0,6,75115,M,,,75
201400057536,14,8,27,1600,1,2,4,1.0,6,75116,M,,,75
201400057537,14,8,28,810,1,2,2,1.0,3,75105,M,,,75
201400057538,14,8,29,1525,1,2,2,1.0,2,75115,M,,,75
201400057539,14,8,30,1355,1,2,2,1.0,6,75108,M,,,75
201400057540,14,8,30,1730,1,2,1,1.0,6,75120,M,,,75
201400057541,14,8,31,1500,1,2,1,1.0,6,75119,M,,,75
201400057542,14,8,31,2122,5,2,7,1.0,3,75119,M,,,75
201400057543,14,9,2,210,5,2,3,1.0,1,75112,M,,,75
201400057544,14,9,3,1711,1,2,1,1.0,6,75116,M,,,75
201400057545,14,9,4,545,5,2,4,1.0,6,75112,M,,,75
201400057546,14,9,4,1225,1,2,1,1.0,6,75112,M,,,75
201400057547,14,9,4,1500,1,2,2,1.0,6,75115,M,,,75
201400057548,14,9,4,1530,1,2,5,1.0,6,75117,M,,,75
201400057549,14,9,7,1830,1,2,2,1.0,3,75107,M,,,75
201400057550,14,9,9,25,5,2,2,1.0,3,75105,M,,,75
201400057551,14,9,10,1740,1,2,2,1.0,3,75116,M,,,75
201400057552,14,9,10,2240,5,2,1,1.0,6,75108,M,,,75
201400057553,14,9,11,200,5,2,1,1.0,6,75114,M,,,75
201400057554,14,9,12,5,5,2,4,1.0,6,75107,M,,,75
201400057555,14,9,12,645,2,2,2,1.0,6,75118,M,,,75
201400057556,14,9,12,1640,1,2,2,1.0,6,75119,M,,,75
201400057557,14,9,13,240,5,2,5,1.0,3,75112,M,,,75
201400057558,14,9,15,1729,1,2,1,1.0,6,75119,M,,,75
201400057559,14,9,15,1900,1,2,7,1.0,6,75106,M,,,75
201400057560,14,9,17,745,1,2,1,1.0,6,75115,M,,,75
201400057561,14,9,17,1510,1,2,7,1.0,2,75108,M,,,75
201400057562,14,9,18,2340,5,2,2,1.0,2,75117,M,,,75
201400057563,14,9,19,813,1,2,5,1.0,6,75112,M,,,75
201400057564,14,9,20,545,5,2,3,1.0,3,75114,M,,,75
201400057565,14,9,21,1845,1,2,1,1.0,6,75120,M,,,75
201400057566,14,9,22,1400,1,2,1,1.0,6,75119,M,,,75
201400057567,14,9,23,105,5,2,1,1.0,6,75110,M,,,75
201400057568,14,9,23,1555,1,2,2,1.0,3,75119,M,,,75
201400057569,14,9,23,2000,5,2,1,1.0,6,75112,M,,,75
201400057570,14,9,24,5,5,2,2,1.0,3,75116,M,,,75
201400057571,14,9,26,752,1,2,1,1.0,4,75118,M,,,75
201400057572,14,9,26,855,1,2,7,1.0,3,75116,M,,,75
201400057573,14,9,27,230,5,2,2,5.0,3,75110,M,,,75
201400057574,14,9,30,1510,1,2,4,1.0,7,75116,M,,,75
201400057575,14,10,1,346,5,2,1,1.0,7,75115,M,,,75
201400057576,14,10,2,300,4,2,2,1.0,6,75119,M,,,75
201400057577,14,10,2,950,1,2,1,1.0,3,75102,M,,,75
201400057578,14,10,3,415,5,2,2,1.0,6,75116,M,,,75
201400057579,14,10,3,726,2,2,2,1.0,3,75116,M,,,75
201400057580,14,10,3,815,1,2,1,1.0,6,75119,M,,,75
201400057581,14,10,5,636,2,2,5,1.0,6,75112,M,,,75
201400057582,14,10,5,1930,5,2,1,1.0,6,75102,M,,,75
201400057583,14,10,6,2100,5,2,1,3.0,6,75110,M,,,75
201400057584,14,10,6,2100,3,2,4,2.0,3,75118,M,,,75
201400057585,14,10,9,150,5,2,1,1.0,2,75113,M,,,75
201400057586,14,10,10,430,5,2,2,1.0,3,75116,M,,,75
201400057587,14,10,11,708,5,2,3,2.0,6,75118,M,,,75
201400057588,14,10,11,2110,5,2,2,1.0,3,75114,M,,,75
201400057589,14,10,12,420,5,2,1,1.0,3,75117,M,,,75
201400057590,14,10,14,1220,1,2,1,1.0,3,75112,M,,,75
201400057591,14,10,14,1700,1,2,3,1.0,6,75118,M,,,75
201400057592,14,10,14,1950,5,2,2,1.0,5,75108,M,,,75
201400057593,14,10,18,215,5,2,1,1.0,3,75112,M,,,75
201400057594,14,10,18,437,5,2,2,1.0,1,75105,M,,,75
201400057595,14,10,20,1910,5,2,2,1.0,6,75105,M,,,75
201400057596,14,10,20,1855,5,2,1,1.0,6,75120,M,,,75
201400057597,14,10,22,630,1,2,5,1.0,3,75102,M,,,75