Num_Acc,an,mois,jour,hrmn,lum,agg,int,atm,col,com,gps,lat,long,dep
201400057598,14,10,26,42,5,2,2,1.0,4,75110,M,,,75
201400057599,14,10,27,1735,5,2,1,1.0,4,75112,M,,,75
201400057600,14,10,27,2240,5,2,2,1.0,6,75117,M,,,75
201400057601,14,10,28,1910,5,2,3,1.0,6,75104,M,,,75
201400057602,14,10,31,2005,5,2,4,1.0,6,75114,M,,,75
201400057603,14,11,2,335,5,2,2,1.0,5,75117,M,,,75
201400057604,14,11,4,855,1,2,5,1.0,6,75116,M,,,75
201400057605,14,11,5,719,5,2,4,1.0,3,75107,M,,,75
201400057606,14,11,5,1805,5,2,1,1.0,6,75113,M,,,75
201400057607,14,11,6,358,5,2,1,1.0,6,75117,M,,,75
201400057608,14,11,6,530,2,2,1,1.0,6,75116,M,,,75
201400057609,14,11,8,915,1,2,3,1.0,6,75114,M,,,75
201400057610,14,11,10,1730,5,2,1,1.0,6,75115,M,,,75
201400057611,14,11,14,2010,5,2,2,1.0,1,75111,M,,,75
201400057612,14,11,14,2342,5,2,1,1.0,2,75120,M,,,75
201400057613,14,11,15,1225,1,2,1,1.0,7,75112,M,,,75
201400057614,14,11,19,1013,1,2,1,1.0,3,75117,M,,,75
201400057615,14,11,19,1740,1,2,1,1.0,6,75109,M,,,75
201400057616,14,11,20,201,5,2,1,1.0,2,75119,M,,,75
201400057617,14,11,20,1740,2,2,2,1.0,6,75119,M,,,75
201400057618,14,11,21,830,1,2,4,1.0,6,75118,M,,,75
201400057619,14,11,23,1902,5,2,1,1.0,3,75116,M,,,75
201400057620,14,11,24,1730,5,2,2,1.0,6,75112,M,,,75
201400057621,14,11,25,845,1,2,2,1.0,3,75117,M,,,75
201400057622,14,11,27,27,5,2,1,1.0,6,75114,M,,,75
201400057623,14,11,27,805,1,2,2,1.0,3,75111,M,,,75
201400057624,14,11,28,725,1,2,2,1.0,3,75102,M,,,75
201400057625,14,11,28,1335,1,2,2,1.0,6,75120,M,,,75
201400057626,14,11,29,350,5,2,7,1.0,6,75109,M,,,75
201400057627,14,11,29,2137,5,2,7,1.0,3,75102,M,,,75
201400057628,14,11,30,118,5,2,2,1.0,3,75118,M,,,75
201400057629,14,11,30,2100,5,2,2,1.0,3,75115,M,,,75
201400057630,14,12,3,1505,1,2,2,1.0,6,75118,M,,,75
201400057631,14,12,3,2200,5,2,3,1.0,3,75118,M,,,75
201400057632,14,12,4,855,1,2,2,1.0,3,75116,M,,,75
201400057633,14,12,4,1755,5,2,1,1.0,3,75119,M,,,75
201400057634,14,12,6,630,5,2,1,1.0,6,75118,M,,,75
201400057635,14,12,8,850,1,2,7,1.0,3,75120,M,,,75
201400057636,14,12,9,1830,5,2,1,1.0,6,75114,M,,,75
201400057637,14,12,10,1330,1,2,2,2.0,2,75116,M,,,75
201400057638,14,12,10,1630,5,2,1,2.0,6,75102,M,,,75
201400057639,14,12,13,544,5,2,4,2.0,6,75110,M,,,75
201400057640,14,12,17,1750,5,2,1,1.0,6,75116,M,,,75
201400057641,14,12,17,2130,5,2,2,2.0,1,75105,M,,,75
201400057642,14,12,18,936,1,2,1,2.0,5,75118,M,,,75
201400057643,14,12,18,1400,1,2,1,1.0,3,75115,M,,,75
201400057644,14,12,18,2310,5,2,1,1.0,3,75117,M,,,75
201400057645,14,12,19,1405,1,2,2,2.0,6,75115,M,,,75
201400057646,14,12,19,2115,5,2,1,1.0,6,75112,M,,,75
201400057647,14,12,19,2200,5,2,1,1.0,3,75119,M,,,75
201400057648,14,12,20,1230,1,2,1,1.0,2,75116,M,,,75
201400057649,14,12,21,259,5,2,1,1.0,6,75114,M,,,75
201400057650,14,12,21,1625,1,2,1,1.0,6,75106,M,,,75
201400057651,14,12,21,2130,5,2,7,1.0,1,75103,M,,,75
201400057652,14,12,23,2140,5,2,1,1.0,6,75120,M,,,75
201400057653,14,12,24,2200,5,2,2,1.0,6,75117,M,,,75
201400057654,14,12,26,1533,1,2,1,1.0,6,75107,M,,,75
201400057655,14,12,27,2125,5,2,3,1.0,2,75112,M,,,75
201400057656,14,12,28,52,5,2,1,1.0,6,75120,M,,,75
201400057657,14,12,28,1524,1,2,5,1.0,3,75112,M,,,75
201400057658,14,12,29,535,5,2,2,1.0,3,75105,M,,,75
201400057659,14,1,1,150,5,2,4,1.0,6,75119,M,,,75
201400057660,14,1,1,610,5,2,1,1.0,6,75117,M,,,75
201400057661,14,1,2,900,1,2,1,1.0,6,75120,M,,,75
201400057662,14,1,2,1740,5,2,1,1.0,4,75117,M,,,75
201400057663,14,1,2,1520,1,2,1,1.0,4,75116,M,,,75
201400057664,14,1,4,510,5,2,1,1.0,6,75119,M,,,75
201400057665,14,1,4,1650,2,2,4,1.0,6,75120,M,,,75
201400057666,14,1,5,1420,1,2,1,1.0,4,75112,M,,,75
201400057667,14,1,5,1950,5,2,4,1.0,7,75114,M,,,75
201400057668,14,1,6,640,5,2,4,1.0,4,75113,M,,,75
201400057669,14,1,6,735,5,2,1,1.0,3,75115,M,,,75
201400057670,14,1,6,1300,1,2,1,1.0,6,75119,M,,,75
201400057671,14,1,7,825,1,2,4,1.0,6,75117,M,,,75
201400057672,14,1,7,1655,1,2,1,1.0,2,75120,M,,,75
201400057673,14,1,7,1835,5,2,1,1.0,2,75112,M,,,75
201400057674,14,1,8,1,5,2,1,1.0,3,75112,M,,,75
201400057675,14,1,8,1120,1,2,1,1.0,4,75113,M,,,75
201400057676,14,1,8,1415,1,2,1,1.0,4,75112,M,,,75
201400057677,14,1,8,1440,1,2,1,1.0,3,75113,M,,,75
201400057678,14,1,10,1535,1,2,1,1.0,4,75115,M,,,75
201400057679,14,1,14,800,2,2,1,2.0,7,75113,M,,,75
201400057680,14,1,14,1000,1,2,1,2.0,2,75119,M,,,75
201400057681,14,1,14,905,1,2,1,1.0,2,75119,M,,,75
201400057682,14,1,15,830,1,2,1,2.0,7,75112,M,,,75
201400057683,14,1,16,1000,1,2,1,2.0,3,75119,M,,,75
201400057684,14,1,17,850,1,2,1,1.0,2,75115,M,,,75
201400057685,14,1,17,1155,1,2,1,1.0,2,75120,M,,,75
201400057686,14,1,18,1915,5,2,1,1.0,3,75114,M,,,75
201400057687,14,1,20,1240,1,2,1,2.0,4,75114,M,,,75
201400057688,14,1,21,1725,5,2,1,1.0,6,75118,M,,,75
201400057689,14,1,22,1250,5,2,1,1.0,6,75116,M,,,75
201400057690,14,1,23,1540,1,2,1,2.0,6,75120,M,,,75
201400057691,14,1,24,900,1,2,1,1.0,3,75113,M,,,75
201400057692,14,1,24,2310,5,2,1,1.0,2,75120,M,,,75
201400057693,14,1,25,1245,1,2,1,1.0,6,75120,M,,,75
201400057694,14,1,26,115,5,2,1,1.0,2,75113,M,,,75
201400057695,14,1,26,1830,5,2,1,2.0,4,75112,M,,,75
201400057696,14,1,28,1715,5,2,1,1.0,2,75117,M,,,75
201400057697,14,1,28,1800,5,2,1,1.0,3,75113,M,,,75
201400057698,14,1,28,2215,5,2,1,2.0,6,75112,M,,,75
201400057699,14,1,29,915,1,2,4,2.0,2,75116,M,,,75
201400057700,14,1,30,1000,1,2,1,1.0,6,75113,M,,,75
201400057701,14,1,30,1700,2,2,1,1.0,2,75120,M,,,75
201400057702,14,1,31,920,1,2,1,1.0,2,75115,M,,,75
201400057703,14,2,1,1315,1,2,1,1.0,6,75120,M,,,75
201400057704,14,2,1,2125,5,2,1,1.0,4,75120,M,,,75
201400057705,14,2,2,700,5,2,1,1.0,6,75113,M,,,75
201400057706,14,2,3,610,2,2,1,1.0,4,75113,M,,,75
201400057707,14,2,3,850,1,2,1,1.0,2,75117,M,,,75
201400057708,14,2,4,1040,1,2,1,1.0,2,75119,M,,,75
201400057709,14,2,4,1250,1,2,1,1.0,6,75117,M,,,75
201400057710,14,2,5,730,1,2,1,1.0,3,75120,M,,,75
201400057711,14,2,5,745,1,2,1,1.0,7,75113,M,,,75
201400057712,14,2,5,1215,1,2,4,1.0,7,75113,M,,,75
201400057713,14,2,5,1810,5,2,1,1.0,4,75120,M,,,75
201400057714,14,2,5,1950,5,2,1,1.0,2,75118,M,,,75
201400057715,14,2,6,1800,2,2,1,1.0,6,75113,M,,,75
201400057716,14,2,6,1920,5,2,4,1.0,3,75116,M,,,75
201400057717,14,2,8,1025,1,2,1,1.0,4,75114,M,,,75
201400057718,14,2,8,1920,5,2,1,1.0,2,75112,M,,,75
201400057719,14,2,10,630,5,2,1,1.0,2,75117,M,,,75
201400057720,14,2,11,855,1,2,1,1.0,2,75119,M,,,75
201400057721,14,2,11,1450,1,2,4,1.0,2,75120,M,,,75
201400057722,14,2,12,915,1,2,1,1.0,4,75113,M,,,75
201400057723,14,2,13,31,5,2,1,1.0,3,75117,M,,,75
201400057724,14,2,13,115,4,2,1,1.0,7,75120,M,,,75
201400057725,14,2,13,1325,1,2,1,1.0,3,75113,M,,,75
201400057726,14,2,13,1333,1,2,1,3.0,4,75119,M,,,75
201400057727,14,2,14,830,1,2,1,2.0,2,75114,M,,,75
201400057728,14,2,14,1235,1,2,1,2.0,2,75118,M,,,75
201400057729,14,2,14,1620,1,2,1,1.0,7,75115,M,,,75
201400057730,14,2,16,1330,1,2,1,1.0,2,75113,M,,,75
201400057731,14,2,18,1245,1,2,4,1.0,4,75118,M,,,75
201400057732,14,2,19,845,1,2,1,2.0,6,75120,M,,,75
201400057733,14,2,19,2305,5,2,4,1.0,5,75115,M,,,75
201400057734,14,2,20,1710,1,2,1,2.0,3,75112,M,,,75
201400057735,14,2,20,2050,5,2,4,2.0,6,75117,M,,,75
201400057736,14,2,21,1745,2,2,1,1.0,4,75115,M,,,75
201400057737,14,2,21,2330,5,2,1,1.0,3,75112,M,,,75
201400057738,14,2,23,1320,1,2,1,1.0,2,75116,M,,,75
201400057739,14,2,24,1650,1,2,4,1.0,3,75120,M,,,75
201400057740,14,2,25,925,1,2,1,1.0,6,75120,M,,,75
201400057741,14,2,25,1240,1,2,1,1.0,4,75113,M,,,75
201400057742,14,2,26,1000,1,2,1,1.0,4,75113,M,,,75
201400057743,14,2,27,845,1,2,1,2.0,7,75120,M,,,75
201400057744,14,2,27,1045,1,2,1,2.0,2,75116,M,,,75
201400057745,14,2,27,1645,1,2,1,1.0,4,75112,M,,,75
201400057746,14,2,28,905,1,2,1,2.0,7,75113,M,,,75
201400057747,14,2,28,1710,1,2,1,2.0,4,75116,M,,,75
201400057748,14,3,1,140,3,2,1,1.0,6,75116,M,,,75
201400057749,14,3,2,1330,1,2,1,1.0,3,75114,M,,,75
201400057750,14,3,3,815,1,2,1,1.0,7,75119,M,,,75
201400057751,14,3,3,2010,5,2,4,1.0,7,75116,M,,,75
201400057752,14,3,4,1340,1,2,1,1.0,6,75113,M,,,75
201400057753,14,3,4,1610,1,2,1,1.0,7,75117,M,,,75
201400057754,14,3,5,115,5,2,1,1.0,3,75112,M,,,75
201400057755,14,3,6,735,1,2,1,1.0,4,75120,M,,,75
201400057756,14,3,6,1200,1,2,1,1.0,3,75113,M,,,75
201400057757,14,3,6,1540,1,2,1,1.0,7,75120,M,,,75
201400057758,14,3,7,750,1,2,1,1.0,7,75118,M,,,75
201400057759,14,3,7,2045,5,2,1,1.0,4,75112,M,,,75
201400057760,14,3,8,1620,1,2,1,1.0,4,75118,M,,,75
201400057761,14,3,9,1240,1,2,1,1.0,6,75113,M,,,75
201400057762,14,3,10,855,1,2,1,1.0,2,75114,M,,,75
201400057763,14,3,10,1220,1,2,1,1.0,3,75114,M,,,75
201400057764,14,3,11,900,1,2,1,1.0,2,75116,M,,,75
201400057765,14,3,11,1625,1,2,1,1.0,3,75112,M,,,75
201400057766,14,3,12,1725,1,2,1,1.0,2,75119,M,,,75
201400057767,14,3,13,1430,1,2,1,7.0,4,75115,M,,,75
201400057768,14,3,14,1900,5,2,1,1.0,3,75114,M,,,75
201400057769,14,3,14,1845,2,2,1,1.0,4,75117,M,,,75
201400057770,14,3,14,2145,5,2,1,1.0,6,75120,M,,,75
201400057771,14,3,15,1700,1,2,1,1.0,6,75119,M,,,75
201400057772,14,3,16,1700,1,2,1,1.0,2,75119,M,,,75
201400057773,14,3,17,910,1,2,1,1.0,6,75115,M,,,75
201400057774,14,3,20,735,1,2,1,1.0,3,75113,M,,,75
201400057775,14,3,20,1700,1,2,1,1.0,4,75112,M,,,75
201400057776,14,3,21,1240,1,2,1,1.0,3,75120,M,,,75
201400057777,14,3,22,1420,1,2,4,1.0,2,75118,M,,,75
201400057778,14,3,22,1655,1,2,1,1.0,7,75114,M,,,75
201400057779,14,3,23,355,5,2,4,1.0,6,75114,M,,,75
201400057780,14,3,24,1145,1,2,4,1.0,2,75115,M,,,75
201400057781,14,3,24,1610,1,2,1,1.0,4,75112,M,,,75
201400057782,14,3,24,2050,5,2,1,1.0,2,75112,M,,,75
201400057783,14,3,24,2320,5,2,1,1.0,3,75113,M,,,75
201400057784,14,3,25,720,1,2,1,2.0,2,75117,M,,,75
201400057785,14,3,25,1645,5,2,4,1.0,6,75116,M,,,75
201400057786,14,3,25,1930,5,2,1,1.0,7,75117,M,,,75
201400057787,14,3,26,918,1,2,1,1.0,7,75117,M,,,75
201400057788,14,3,27,530,2,2,1,1.0,6,75116,M,,,75
201400057789,14,3,27,715,1,2,1,1.0,3,75113,M,,,75
201400057790,14,3,28,1410,1,2,4,1.0,2,75114,M,,,75
201400057791,14,3,29,1430,1,2,1,1.0,4,75115,M,,,75
201400057792,14,3,29,1900,5,2,1,1.0,2,75117,M,,,75
201400057793,14,3,30,1340,1,2,1,1.0,4,75112,M,,,75
201400057794,14,3,31,1700,1,2,1,1.0,2,75112,M,,,75
201400057795,14,4,3,1605,1,2,4,1.0,2,75119,M,,,75
201400057796,14,4,4,1540,1,2,1,1.0,4,75112,M,,,75
201400057797,14,4,4,1555,1,2,1,1.0,3,75116,M,,,75
201400057798,14,4,5,1255,1,2,1,1.0,4,75118,M,,,75
201400057799,14,4,5,1200,1,2,1,1.0,4,75112,M,,,75
201400057800,14,4,6,1100,1,2,1,8.0,2,75120,M,,,75
201400057801,14,4,6,1300,1,2,1,1.0,6,75119,M,,,75
201400057802,14,4,7,2120,5,2,1,1.0,3,75120,M,,,75
201400057803,14,4,8,1620,1,2,1,1.0,2,75120,M,,,75
201400057804,14,4,9,815,1,2,1,1.0,3,75118,M,,,75
201400057805,14,4,9,1610,1,2,1,1.0,2,75119,M,,,75
201400057806,14,4,9,2330,5,2,1,1.0,2,75118,M,,,75
201400057807,14,4,10,810,1,2,1,1.0,7,75115,M,,,75
201400057808,14,4,10,940,1,2,1,1.0,7,75116,M,,,75
201400057809,14,4,11,920,1,2,4,1.0,3,75120,M,,,75
201400057810,14,4,11,1830,1,2,1,1.0,3,75120,M,,,75
201400057811,14,4,14,1335,1,2,1,1.0,3,75113,M,,,75
201400057812,14,4,15,835,1,2,1,1.0,2,75114,M,,,75
201400057813,14,4,15,1140,1,2,1,1.0,4,75112,M,,,75
201400057814,14,4,16,1640,1,2,1,1.0,3,75113,M,,,75
201400057815,14,4,16,2005,1,2,1,1.0,3,75119,M,,,75
201400057816,14,4,17,800,1,2,1,1.0,2,75118,M,,,75
201400057817,14,4,17,1210,1,2,1,1.0,3,75113,M,,,75
201400057818,14,4,17,1920,1,2,1,1.0,3,75116,M,,,75
201400057819,14,4,17,2120,5,2,1,1.0,4,75118,M,,,75
201400057820,14,4,20,650,1,2,1,1.0,3,75118,M,,,75
201400057821,14,4,21,700,1,2,4,1.0,6,75116,M,,,75
201400057822,14,4,25,1650,1,2,1,1.0,6,75113,M,,,75
201400057823,14,4,28,1015,1,2,1,1.0,3,75113,M,,,75
201400057824,14,4,28,2300,5,2,1,1.0,4,75120,M,,,75
201400057825,14,4,29,750,1,2,4,1.0,5,75112,M,,,75
201400057826,14,4,29,815,1,2,1,1.0,6,75114,M,,,75
201400057827,14,4,29,2055,5,2,1,2.0,4,75112,M,,,75
201400057828,14,4,29,2325,5,2,1,3.0,6,75112,M,,,75
201400057829,14,4,30,335,5,2,1,1.0,6,75113,M,,,75
201400057830,14,4,30,900,1,2,1,1.0,4,75117,M,,,75
201400057831,14,4,30,1855,2,2,1,1.0,2,75114,M,,,75
201400057832,14,4,30,1950,2,2,1,1.0,3,75118,M,,,75
201400057833,14,4,30,2050,5,2,1,1.0,2,75117,M,,,75
201400057834,14,5,1,1510,1,2,1,2.0,6,75118,M,,,75
201400057835,14,5,2,1350,1,2,4,1.0,6,75116,M,,,75
201400057836,14,5,3,1315,1,2,4,1.0,2,75120,M,,,75
201400057837,14,5,5,835,1,2,1,1.0,3,75112,M,,,75
201400057838,14,5,5,1900,1,2,1,1.0,2,75118,M,,,75
201400057839,14,5,6,800,1,2,1,1.0,6,75116,M,,,75
201400057840,14,5,7,2000,1,2,4,1.0,4,75118,M,,,75
201400057841,14,5,9,600,2,2,1,1.0,4,75119,M,,,75
201400057842,14,5,9,2155,5,2,4,1.0,7,75118,M,,,75
201400057843,14,5,10,850,1,2,1,2.0,6,75120,M,,,75
201400057844,14,5,10,1030,1,2,1,2.0,6,75118,M,,,75
201400057845,14,5,11,1450,1,2,1,1.0,2,75112,M,,,75
201400057846,14,5,13,650,2,2,1,1.0,3,75118,M,,,75
201400057847,14,5,14,925,1,2,1,1.0,2,75116,M,,,75
201400057848,14,5,15,830,1,2,4,1.0,3,75117,M,,,75
201400057849,14,5,15,1220,1,2,1,1.0,3,75112,M,,,75
201400057850,14,5,15,1720,1,2,1,1.0,2,75116,M,,,75
201400057851,14,5,16,645,1,2,1,1.0,3,75112,M,,,75
201400057852,14,5,16,905,1,2,1,1.0,4,75112,M,,,75
201400057853,14,5,16,710,1,2,1,1.0,2,75116,M,,,75
201400057854,14,5,18,1100,1,2,1,7.0,6,75119,M,,,75
201400057855,14,5,19,920,1,2,1,1.0,3,75112,M,,,75
201400057856,14,5,19,1220,1,2,1,1.0,4,75117,M,,,75
201400057857,14,5,19,1400,1,2,1,1.0,2,75114,M,,,75
201400057858,14,5,20,735,1,2,4,1.0,3,75112,M,,,75
201400057859,14,5,20,945,1,2,1,1.0,2,75118,M,,,75
201400057860,14,5,20,1420,1,2,4,3.0,6,75112,M,,,75
201400057861,14,5,20,2015,1,2,1,2.0,4,75120,M,,,75
201400057862,14,5,22,1905,1,2,1,1.0,2,75112,M,,,75
201400057863,14,5,23,800,1,2,1,1.0,4,75118,M,,,75
201400057864,14,5,23,1640,1,2,1,1.0,3,75120,M,,,75
201400057865,14,5,23,1810,1,2,1,1.0,3,75112,M,,,75
201400057866,14,5,24,1710,1,2,1,3.0,6,75120,M,,,75
201400057867,14,5,26,820,1,2,1,2.0,4,75116,M,,,75
201400057868,14,5,26,1910,1,2,1,1.0,6,75112,M,,,75
201400057869,14,5,27,855,1,2,1,1.0,2,75116,M,,,75
201400057870,14,5,27,1735,1,2,1,1.0,3,75114,M,,,75
201400057871,14,5,28,1800,1,2,1,1.0,2,75117,M,,,75
201400057872,14,5,28,1500,1,2,1,1.0,5,75112,M,,,75
201400057873,14,5,28,1600,1,2,1,1.0,3,75113,M,,,75
201400057874,14,5,31,1150,1,2,1,1.0,6,75119,M,,,75
201400057875,14,5,31,1730,1,2,1,1.0,3,75117,M,,,75
201400057876,14,6,1,1,2,2,1,1.0,2,75113,M,,,75
201400057877,14,6,1,1550,1,2,1,1.0,4,75114,M,,,75
201400057878,14,6,3,900,1,2,1,1.0,2,75115,M,,,75
201400057879,14,6,3,1525,1,2,4,1.0,3,75113,M,,,75
201400057880,14,6,3,1720,1,2,1,1.0,3,75117,M,,,75
201400057881,14,6,4,1000,1,2,1,2.0,4,75114,M,,,75
201400057882,14,6,4,1820,5,2,1,2.0,6,75116,M,,,75
201400057883,14,6,6,815,1,2,1,1.0,3,75116,M,,,75
201400057884,14,6,6,2025,1,2,4,1.0,6,75112,M,,,75
201400057885,14,6,8,1320,1,2,1,1.0,7,75118,M,,,75
201400057886,14,6,10,645,1,2,1,1.0,2,75119,M,,,75
201400057887,14,6,10,1605,1,2,1,2.0,7,75119,M,,,75
201400057888,14,6,11,810,1,2,1,1.0,2,75118,M,,,75
201400057889,14,6,11,1530,1,2,4,1.0,6,75118,M,,,75
201400057890,14,6,12,2030,1,2,1,1.0,2,75117,M,,,75
201400057891,14,6,12,2220,5,2,1,1.0,3,75120,M,,,75
201400057892,14,6,13,610,2,2,1,1.0,2,75112,M,,,75
201400057893,14,6,13,1350,1,2,1,1.0,2,75114,M,,,75
201400057894,14,6,13,1945,1,2,1,1.0,2,75112,M,,,75
201400057895,14,6,15,603,1,2,1,1.0,7,75112,M,,,75
201400057896,14,6,16,750,1,2,1,1.0,3,75120,M,,,75
201400057897,14,6,16,1003,1,2,1,1.0,4,75118,M,,,75
201400057898,14,6,16,1150,1,2,1,1.0,2,75118,M,,,75
201400057899,14,6,18,1615,1,2,1,1.0,2,75120,M,,,75
201400057900,14,6,18,1645,1,2,1,1.0,6,75116,M,,,75
201400057901,14,6,19,1230,1,2,1,1.0,2,75116,M,,,75
201400057902,14,6,20,200,5,2,1,1.0,7,75113,M,,,75
201400057903,14,6,20,1145,1,2,1,1.0,3,75117,M,,,75
201400057904,14,6,20,1650,1,2,1,1.0,2,75116,M,,,75
201400057905,14,6,20,1950,1,2,1,1.0,3,75116,M,,,75
201400057906,14,6,21,1835,1,2,1,1.0,2,75120,M,,,75
201400057907,14,6,22,1705,1,2,1,1.0,2,75116,M,,,75
201400057908,14,6,23,1135,1,2,1,1.0,6,75117,M,,,75
201400057909,14,6,23,1411,1,2,1,1.0,4,75120,M,,,75
201400057910,14,6,23,2200,5,2,1,1.0,2,75116,M,,,75
201400057911,14,6,24,215,5,2,1,1.0,3,75119,M,,,75
201400057912,14,6,24,1435,1,2,1,1.0,3,75112,M,,,75
201400057913,14,6,24,2243,5,2,1,1.0,4,75112,M,,,75
201400057914,14,6,25,1300,1,2,1,1.0,6,75120,M,,,75
201400057915,14,6,26,1345,1,2,1,1.0,4,75120,M,,,75
201400057916,14,6,26,1700,1,2,1,1.0,2,75114,M,,,75
201400057917,14,6,27,730,1,2,1,1.0,4,75114,M,,,75
201400057918,14,6,27,1815,1,2,1,1.0,4,75119,M,,,75
201400057919,14,7,1,700,1,2,4,1.0,7,75113,M,,,75
201400057920,14,7,1,1400,1,2,4,1.0,3,75118,M,,,75
201400057921,14,7,1,1930,1,2,1,1.0,3,75117,M,,,75
201400057922,14,7,2,1430,1,2,1,1.0,6,75116,M,,,75
201400057923,14,7,3,755,1,2,1,1.0,3,75113,M,,,75
201400057924,14,7,3,910,1,2,4,1.0,3,75114,M,,,75
201400057925,14,7,5,50,5,2,4,1.0,2,75113,M,,,75
201400057926,14,7,5,1455,1,2,4,2.0,4,75118,M,,,75
201400057927,14,7,5,1640,1,2,1,1.0,3,75112,M,,,75
201400057928,14,7,5,2130,5,2,1,1.0,6,75118,M,,,75
201400057929,14,7,7,1850,2,2,4,2.0,3,75112,M,,,75
201400057930,14,7,8,930,1,2,1,2.0,6,75118,M,,,75
201400057931,14,7,9,830,1,2,1,2.0,2,75120,M,,,75
201400057932,14,7,9,1420,1,2,1,3.0,4,75120,M,,,75
201400057933,14,7,9,1915,1,2,1,2.0,3,75116,M,,,75
201400057934,14,7,11,310,5,2,4,8.0,6,75119,M,,,75
201400057935,14,7,11,1350,1,2,4,2.0,3,75113,M,,,75
201400057936,14,7,12,1915,1,2,1,1.0,6,75117,M,,,75
201400057937,14,7,15,610,1,2,1,1.0,6,75119,M,,,75
201400057938,14,7,15,1525,1,2,1,1.0,6,75113,M,,,75
201400057939,14,7,15,1755,1,2,1,1.0,3,75115,M,,,75
201400057940,14,7,15,2300,5,2,1,1.0,7,75112,M,,,75
201400057941,14,7,16,125,4,2,1,1.0,3,75118,M,,,75
201400057942,14,7,16,925,1,2,4,1.0,7,75114,M,,,75
201400057943,14,7,16,1640,1,2,1,1.0,4,75118,M,,,75
201400057944,14,7,16,1430,1,2,1,1.0,2,75113,M,,,75
201400057945,14,7,16,1830,1,2,1,1.0,3,75117,M,,,75
201400057946,14,7,16,2100,5,2,1,1.0,7,75116,M,,,75
201400057947,14,7,17,845,1,2,1,1.0,2,75117,M,,,75
201400057948,14,7,17,1200,1,2,1,1.0,6,75112,M,,,75
201400057949,14,7,18,1650,1,2,1,1.0,2,75113,M,,,75
201400057950,14,7,20,1445,1,2,1,1.0,6,75116,M,,,75
201400057951,14,7,21,1815,1,2,1,1.0,2,75119,M,,,75
201400057952,14,7,23,645,1,2,1,1.0,6,75115,M,,,75
201400057953,14,7,23,1730,1,2,1,1.0,6,75119,M,,,75
201400057954,14,7,24,1820,1,2,4,1.0,6,75116,M,,,75
201400057955,14,7,26,1040,1,2,1,1.0,4,75114,M,,,75
201400057956,14,7,26,1150,1,2,4,1.0,3,75112,M,,,75
201400057957,14,7,26,1720,1,2,1,1.0,3,75118,M,,,75
201400057958,14,7,28,1630,1,2,1,1.0,4,75120,M,,,75
201400057959,14,7,28,1715,1,2,1,1.0,3,75112,M,,,75
201400057960,14,7,28,1915,1,2,1,1.0,6,75116,M,,,75
201400057961,14,7,30,715,1,2,1,1.0,4,75113,M,,,75
201400057962,14,7,30,1530,1,2,1,1.0,3,75120,M,,,75
201400057963,14,7,30,1630,1,2,1,1.0,6,75116,M,,,75
201400057964,14,7,31,1510,1,2,1,1.0,2,75120,M,,,75
201400057965,14,7,31,1650,1,2,1,1.0,6,75113,M,,,75
201400057966,14,8,4,1245,1,2,4,1.0,2,75120,M,,,75
201400057967,14,8,5,1815,1,2,1,1.0,4,75120,M,,,75
201400057968,14,8,6,1015,1,2,1,3.0,6,75119,M,,,75
201400057969,14,8,6,1040,1,2,1,3.0,7,75116,M,,,75
201400057970,14,8,7,1845,1,2,1,2.0,2,75112,M,,,75
201400057971,14,8,8,1830,1,2,1,2.0,7,75113,M,,,75
201400057972,14,8,9,1210,1,2,1,1.0,2,75112,M,,,75
201400057973,14,8,12,2150,5,2,1,1.0,3,75120,M,,,75
201400057974,14,8,13,1750,1,2,1,1.0,4,75116,M,,,75
201400057975,14,8,14,1300,1,2,4,1.0,5,75114,M,,,75
201400057976,14,8,14,1735,1,2,1,1.0,3,75112,M,,,75
201400057977,14,8,14,1845,1,2,1,1.0,4,75120,M,,,75
201400057978,14,8,17,1650,1,2,1,1.0,4,75120,M,,,75
201400057979,14,8,18,1800,1,2,1,1.0,3,75116,M,,,75
201400057980,14,8,19,1015,1,2,1,1.0,6,75116,M,,,75
201400057981,14,8,19,1220,1,2,1,1.0,3,75118,M,,,75
201400057982,14,8,19,1630,1,2,1,1.0,4,75113,M,,,75
201400057983,14,8,21,2000,5,2,1,1.0,2,75120,M,,,75
201400057984,14,8,23,1730,1,2,1,1.0,2,75118,M,,,75
201400057985,14,8,24,1330,1,2,4,1.0,4,75112,M,,,75
201400057986,14,8,24,1440,1,2,4,1.0,2,75120,M,,,75
201400057987,14,8,25,1755,1,2,1,2.0,2,75112,M,,,75
201400057988,14,8,26,1930,1,2,1,2.0,3,75117,M,,,75
201400057989,14,8,27,1115,1,2,1,1.0,4,75113,M,,,75
201400057990,14,8,28,1740,1,2,1,8.0,3,75115,M,,,75
201400057991,14,8,29,1010,1,2,1,8.0,2,75117,M,,,75
201400057992,14,8,31,1350,1,2,1,1.0,6,75119,M,,,75
201400057993,14,8,31,1405,1,2,1,1.0,7,75118,M,,,75
201400057994,14,9,1,745,1,2,1,1.0,2,75119,M,,,75
201400057995,14,9,2,1315,1,2,4,1.0,2,75112,M,,,75
201400057996,14,9,2,1635,1,2,1,1.0,2,75114,M,,,75
201400057997,14,9,3,1350,1,2,1,1.0,4,75113,M,,,75
201400057998,14,9,4,1900,2,2,1,1.0,2,75116,M,,,75
201400057999,14,9,5,930,1,2,4,1.0,7,75117,M,,,75
201400058000,14,9,5,900,1,2,4,1.0,6,75117,M,,,75
201400058001,14,9,6,1639,1,2,4,1.0,3,75112,M,,,75
201400058002,14,9,6,1610,1,2,1,1.0,2,75118,M,,,75
201400058003,14,9,6,2006,5,2,1,1.0,3,75120,M,,,75
201400058004,14,9,7,1715,1,2,1,1.0,2,75114,M,,,75
201400058005,14,9,7,1825,1,2,1,1.0,4,75119,M,,,75
201400058006,14,9,8,1005,1,2,1,1.0,2,75113,M,,,75