Num_Acc,an,mois,jour,hrmn,lum,agg,int,atm,col,com,gps,lat,long,dep
201400058007,14,9,9,1345,1,2,1,1.0,7,75114,M,,,75
201400058008,14,9,9,1430,1,2,1,1.0,2,75117,M,,,75
201400058009,14,9,9,1915,2,2,1,1.0,6,75117,M,,,75
201400058010,14,9,10,625,2,2,1,1.0,7,75117,M,,,75
201400058011,14,9,10,2330,5,2,4,1.0,3,75112,M,,,75
201400058012,14,9,11,1455,1,2,1,1.0,3,75117,M,,,75
201400058013,14,9,11,1715,1,2,1,1.0,2,75113,M,,,75
201400058014,14,9,12,850,1,2,4,1.0,6,75117,M,,,75
201400058015,14,9,12,850,1,2,1,1.0,2,75119,M,,,75
201400058016,14,9,13,1520,1,2,1,1.0,2,75112,M,,,75
201400058017,14,9,13,2100,5,2,4,1.0,2,75113,M,,,75
201400058018,14,9,13,2100,5,2,1,1.0,3,75118,M,,,75
201400058019,14,9,14,340,5,2,1,1.0,4,75117,M,,,75
201400058020,14,9,14,520,2,2,4,1.0,6,75117,M,,,75
201400058021,14,9,14,740,1,2,1,1.0,6,75112,M,,,75
201400058022,14,9,14,900,1,2,1,1.0,2,75117,M,,,75
201400058023,14,9,14,1920,2,2,4,1.0,6,75117,M,,,75
201400058024,14,9,14,1920,2,2,1,1.0,4,75116,M,,,75
201400058025,14,9,15,1510,1,2,1,1.0,7,75120,M,,,75
201400058026,14,9,15,1620,1,2,1,1.0,2,75114,M,,,75
201400058027,14,9,16,725,1,2,4,1.0,3,75113,M,,,75
201400058028,14,9,16,845,1,2,1,1.0,2,75114,M,,,75
201400058029,14,9,16,1420,1,2,4,1.0,7,75116,M,,,75
201400058030,14,9,16,1630,1,2,1,1.0,4,75113,M,,,75
201400058031,14,9,17,850,1,2,1,1.0,2,75116,M,,,75
201400058032,14,9,17,2310,5,2,1,1.0,5,75113,M,,,75
201400058033,14,9,18,750,1,2,1,1.0,7,75115,M,,,75
201400058034,14,9,18,1645,1,2,1,1.0,6,75113,M,,,75
201400058035,14,9,19,1425,1,2,1,1.0,4,75117,M,,,75
201400058036,14,9,19,1630,1,2,4,1.0,6,75120,M,,,75
201400058037,14,9,21,1830,1,2,1,1.0,6,75113,M,,,75
201400058038,14,9,23,1510,1,2,1,1.0,3,75113,M,,,75
201400058039,14,9,23,1645,1,2,1,1.0,3,75120,M,,,75
201400058040,14,9,25,815,1,2,1,1.0,4,75114,M,,,75
201400058041,14,9,25,1700,1,2,4,1.0,3,75116,M,,,75
201400058042,14,9,25,2350,5,2,1,1.0,7,75115,M,,,75
201400058043,14,9,26,1125,1,2,1,1.0,2,75116,M,,,75
201400058044,14,9,26,1930,2,2,5,1.0,2,75112,M,,,75
201400058045,14,9,26,2000,5,2,1,1.0,3,75119,M,,,75
201400058046,14,9,27,900,1,2,4,1.0,3,75114,M,,,75
201400058047,14,9,27,1230,1,2,1,1.0,4,75116,M,,,75
201400058048,14,9,27,1530,1,2,1,1.0,2,75113,M,,,75
201400058049,14,9,27,1730,2,2,1,1.0,2,75112,M,,,75
201400058050,14,9,27,1800,1,2,1,1.0,2,75118,M,,,75
201400058051,14,9,29,850,5,2,1,9.0,3,75120,M,,,75
201400058052,14,9,30,1445,1,2,1,1.0,4,75112,M,,,75
201400058053,14,9,30,1525,1,2,1,1.0,3,75116,M,,,75
201400058054,14,9,30,1845,1,2,1,1.0,2,75116,M,,,75
201400058055,14,10,1,1515,1,2,1,1.0,7,75112,M,,,75
201400058056,14,10,1,1530,1,2,1,1.0,3,75116,M,,,75
201400058057,14,10,2,850,1,2,4,1.0,4,75118,M,,,75
201400058058,14,10,2,1130,1,2,1,1.0,6,75117,M,,,75
201400058059,14,10,2,1625,1,2,1,1.0,6,75113,M,,,75
201400058060,14,10,2,1950,5,2,1,1.0,3,75116,M,,,75
201400058061,14,10,3,1645,1,2,1,1.0,5,75114,M,,,75
201400058062,14,10,5,1445,1,2,1,1.0,6,75120,M,,,75
201400058063,14,10,6,210,5,2,1,1.0,6,75113,M,,,75
201400058064,14,10,6,850,1,2,1,1.0,7,75115,M,,,75
201400058065,14,10,6,1030,1,2,1,1.0,4,75119,M,,,75
201400058066,14,10,7,900,1,2,1,2.0,2,75120,M,,,75
201400058067,14,10,7,1725,1,2,1,1.0,4,75116,M,,,75
201400058068,14,10,7,1835,2,2,1,1.0,2,75116,M,,,75
201400058069,14,10,8,755,3,2,1,2.0,4,75119,M,,,75
201400058070,14,10,8,820,1,2,1,2.0,3,75118,M,,,75
201400058071,14,10,9,1445,1,2,1,1.0,6,75118,M,,,75
201400058072,14,10,9,1530,1,2,1,1.0,2,75116,M,,,75
201400058073,14,10,10,10,5,2,1,1.0,3,75120,M,,,75
201400058074,14,10,10,820,1,2,1,1.0,2,75117,M,,,75
201400058075,14,10,10,1640,1,2,1,1.0,3,75120,M,,,75
201400058076,14,10,11,2010,1,2,1,1.0,7,75113,M,,,75
201400058077,14,10,12,1840,2,2,1,2.0,6,75115,M,,,75
201400058078,14,10,13,610,5,2,1,1.0,4,75119,M,,,75
201400058079,14,10,13,1800,1,2,1,1.0,3,75112,M,,,75
201400058080,14,10,14,1600,1,2,1,1.0,3,75112,M,,,75
201400058081,14,10,14,1845,2,2,1,1.0,4,75116,M,,,75
201400058082,14,10,14,1940,5,2,1,1.0,2,75116,M,,,75
201400058083,14,10,15,1420,1,2,1,2.0,6,75120,M,,,75
201400058084,14,10,15,1620,1,2,1,2.0,4,75113,M,,,75
201400058085,14,10,15,1735,1,2,1,1.0,7,75119,M,,,75
201400058086,14,10,18,1440,1,2,1,1.0,2,75116,M,,,75
201400058087,14,10,18,1920,5,2,1,1.0,7,75114,M,,,75
201400058088,14,10,18,2040,5,2,1,1.0,4,75114,M,,,75
201400058089,14,10,19,220,5,2,4,1.0,6,75113,M,,,75
201400058090,14,10,19,745,1,2,1,1.0,6,75113,M,,,75
201400058091,14,10,19,1025,1,2,1,1.0,4,75119,M,,,75
201400058092,14,10,19,2225,5,2,4,1.0,6,75120,M,,,75
201400058093,14,10,21,740,2,2,1,1.0,3,75112,M,,,75
201400058094,14,10,22,2315,5,2,1,1.0,2,75120,M,,,75
201400058095,14,10,23,835,1,2,1,1.0,6,75112,M,,,75
201400058096,14,10,23,1540,1,2,1,1.0,3,75112,M,,,75
201400058097,14,10,23,1840,4,2,1,1.0,3,75113,M,,,75
201400058098,14,10,25,1815,5,2,4,1.0,6,75118,M,,,75
201400058099,14,10,26,1810,5,2,1,1.0,3,75116,M,,,75
201400058100,14,10,26,1845,5,2,1,1.0,4,75119,M,,,75
201400058101,14,10,28,855,1,2,1,1.0,6,75119,M,,,75
201400058102,14,10,28,1820,5,2,1,1.0,3,75112,M,,,75
201400058103,14,10,29,1430,1,2,1,1.0,4,75117,M,,,75
201400058104,14,10,30,1100,1,2,1,1.0,3,75114,M,,,75
201400058105,14,10,31,1240,1,2,1,1.0,3,75113,M,,,75
201400058106,14,10,31,1413,1,2,1,1.0,2,75113,M,,,75
201400058107,14,10,31,1745,2,2,1,1.0,4,75119,M,,,75
201400058108,14,10,31,1830,2,2,1,1.0,2,75119,M,,,75
201400058109,14,11,1,1135,1,2,1,1.0,2,75113,M,,,75
201400058110,14,11,1,1750,5,2,1,1.0,3,75113,M,,,75
201400058111,14,11,1,1800,5,2,1,1.0,6,75113,M,,,75
201400058112,14,11,2,1715,2,2,1,1.0,6,75119,M,,,75
201400058113,14,11,3,230,5,2,1,1.0,2,75119,M,,,75
201400058114,14,11,3,1410,1,2,4,1.0,6,75112,M,,,75
201400058115,14,11,4,755,1,2,1,1.0,7,75115,M,,,75
201400058116,14,11,4,1420,1,2,1,1.0,2,75119,M,,,75
201400058117,14,11,4,1750,5,2,1,1.0,3,75114,M,,,75
201400058118,14,11,5,900,1,2,4,1.0,6,75112,M,,,75
201400058119,14,11,6,812,1,2,1,1.0,4,75120,M,,,75
201400058120,14,11,7,32,5,2,1,1.0,6,75120,M,,,75
201400058121,14,11,7,950,1,2,1,2.0,3,75116,M,,,75
201400058122,14,11,7,1630,2,2,1,1.0,3,75118,M,,,75
201400058123,14,11,9,1920,5,2,1,1.0,6,75113,M,,,75
201400058124,14,11,10,2325,5,2,1,1.0,7,75120,M,,,75
201400058125,14,11,13,1030,1,2,1,1.0,6,75113,M,,,75
201400058126,14,11,13,2040,5,2,1,1.0,6,75113,M,,,75
201400058127,14,11,14,900,1,2,1,9.0,4,75116,M,,,75
201400058128,14,11,14,1415,1,2,1,2.0,6,75116,M,,,75
201400058129,14,11,14,1740,5,2,1,1.0,4,75116,M,,,75
201400058130,14,11,14,2120,5,2,1,1.0,2,75114,M,,,75
201400058131,14,11,15,2125,5,2,1,1.0,7,75117,M,,,75
201400058132,14,11,16,1640,2,2,1,3.0,3,75117,M,,,75
201400058133,14,11,17,955,1,2,1,1.0,3,75116,M,,,75
201400058134,14,11,17,1300,1,2,1,1.0,3,75118,M,,,75
201400058135,14,11,17,1820,5,2,1,3.0,2,75118,M,,,75
201400058136,14,11,18,1705,1,2,1,1.0,3,75116,M,,,75
201400058137,14,11,21,1700,5,2,1,1.0,4,75114,M,,,75
201400058138,14,11,24,1115,1,2,1,1.0,2,75112,M,,,75
201400058139,14,11,25,1150,1,2,1,1.0,6,75120,M,,,75
201400058140,14,11,25,1740,5,2,1,1.0,4,75119,M,,,75
201400058141,14,11,26,1,5,2,1,2.0,7,75113,M,,,75
201400058142,14,11,26,845,1,2,1,8.0,2,75114,M,,,75
201400058143,14,11,26,1835,5,2,1,1.0,2,75114,M,,,75
201400058144,14,11,27,1655,5,2,1,1.0,2,75116,M,,,75
201400058145,14,11,28,1250,1,2,1,1.0,7,75118,M,,,75
201400058146,14,11,28,1510,1,2,1,1.0,2,75117,M,,,75
201400058147,14,11,29,1630,1,2,1,1.0,7,75120,M,,,75
201400058148,14,11,30,235,5,2,1,1.0,7,75119,M,,,75
201400058149,14,11,30,1030,1,2,4,1.0,2,75116,M,,,75
201400058150,14,11,30,2055,5,2,1,2.0,5,75112,M,,,75
201400058151,14,11,30,2120,5,2,1,1.0,3,75113,M,,,75
201400058152,14,12,3,1625,1,2,1,1.0,2,75116,M,,,75
201400058153,14,12,4,1450,1,2,1,1.0,3,75116,M,,,75
201400058154,14,12,5,1825,5,2,1,1.0,3,75116,M,,,75
201400058155,14,12,6,1845,5,2,1,1.0,3,75116,M,,,75
201400058156,14,12,7,1830,5,2,1,2.0,4,75116,M,,,75
201400058157,14,12,7,2100,5,2,4,2.0,4,75120,M,,,75
201400058158,14,12,8,1840,5,2,1,1.0,3,75119,M,,,75
201400058159,14,12,9,725,5,2,1,1.0,7,75116,M,,,75
201400058160,14,12,10,1850,2,2,1,2.0,2,75114,M,,,75
201400058161,14,12,10,2015,5,2,1,1.0,3,75113,M,,,75
201400058162,14,12,12,1030,1,2,1,2.0,3,75120,M,,,75
201400058163,14,12,13,800,5,2,1,1.0,6,75117,M,,,75
201400058164,14,12,13,1210,1,2,4,2.0,4,75117,M,,,75
201400058165,14,12,15,650,5,2,1,1.0,3,75114,M,,,75
201400058166,14,12,15,740,5,2,1,2.0,4,75120,M,,,75
201400058167,14,12,15,940,1,2,1,2.0,7,75118,M,,,75
201400058168,14,12,15,1330,1,2,1,1.0,2,75120,M,,,75
201400058169,14,12,15,1450,1,2,1,2.0,7,75119,M,,,75
201400058170,14,12,16,1715,5,2,1,1.0,3,75117,M,,,75
201400058171,14,12,17,5,5,2,1,1.0,6,75112,M,,,75
201400058172,14,12,17,1040,1,2,1,2.0,3,75112,M,,,75
201400058173,14,12,17,925,1,2,1,2.0,4,75114,M,,,75
201400058174,14,12,16,1830,5,2,1,2.0,2,75113,M,,,75
201400058175,14,12,17,1500,1,2,1,2.0,3,75116,M,,,75
201400058176,14,12,18,620,5,2,1,1.0,4,75115,M,,,75
201400058177,14,12,19,10,5,2,1,1.0,6,75116,M,,,75
201400058178,14,12,19,851,1,2,1,1.0,3,75120,M,,,75
201400058179,14,12,19,1630,2,2,1,8.0,2,75119,M,,,75
201400058180,14,12,20,1445,1,2,1,1.0,4,75114,M,,,75
201400058181,14,12,20,2010,5,2,1,1.0,4,75116,M,,,75
201400058182,14,12,22,155,5,2,1,1.0,6,75117,M,,,75
201400058183,14,12,22,750,1,2,4,1.0,3,75112,M,,,75
201400058184,14,12,22,1655,5,2,1,1.0,2,75113,M,,,75
201400058185,14,12,27,55,5,2,1,3.0,6,75120,M,,,75
201400058186,14,12,27,1900,3,2,1,2.0,4,75118,M,,,75
201400058187,14,12,28,1925,5,2,1,1.0,4,75113,M,,,75
201400058188,14,12,29,1503,1,2,1,1.0,6,75119,M,,,75
201400058189,14,12,29,1425,1,2,1,1.0,3,75112,M,,,75
201400058190,14,12,30,1050,1,2,1,1.0,6,75116,M,,,75
201400058191,14,12,31,1610,1,2,1,1.0,3,75119,M,,,75
201400058192,14,1,10,1600,1,2,1,1.0,6,97029,A,0.0,0.0,972
201400058193,14,2,8,1530,1,1,1,1.0,1,97005,A,0.0,0.0,972
201400058194,14,3,15,900,1,1,1,1.0,3,97029,A,0.0,0.0,972
201400058195,14,3,19,2130,3,2,1,1.0,7,97029,A,0.0,0.0,972
201400058196,14,3,21,830,1,2,1,1.0,3,97034,A,0.0,0.0,972
201400058197,14,3,21,1015,1,2,4,1.0,1,97029,A,0.0,0.0,972
201400058198,14,5,5,645,1,2,1,1.0,2,97005,A,0.0,0.0,972
201400058199,14,7,27,2215,5,2,1,1.0,6,97029,A,0.0,0.0,972
201400058200,14,8,20,415,5,2,1,1.0,7,97029,A,0.0,0.0,972
201400058201,14,9,6,1945,5,2,1,1.0,1,97029,A,0.0,0.0,972
201400058202,14,10,4,100,5,2,2,1.0,3,97005,A,0.0,0.0,972
201400058203,14,11,3,1715,1,1,1,1.0,1,97005,A,0.0,0.0,972
201400058204,14,1,26,1300,1,2,1,1.0,1,97024,A,0.0,0.0,972
201400058205,14,2,15,1545,1,2,1,1.0,6,97024,A,0.0,0.0,972
201400058206,14,3,4,745,1,2,1,1.0,1,97024,A,0.0,0.0,972
201400058207,14,4,11,1830,5,1,1,1.0,1,97024,A,0.0,0.0,972
201400058208,14,11,15,1445,1,1,1,1.0,7,97024,A,0.0,0.0,972
201400058209,14,11,30,500,5,2,1,1.0,6,97024,A,0.0,0.0,972
201400058210,14,12,19,1815,3,1,1,2.0,1,97024,A,0.0,0.0,972
201400058211,14,1,1,30,5,1,1,3.0,7,97019,A,0.0,0.0,972
201400058212,14,1,17,700,1,1,1,1.0,7,97018,A,0.0,0.0,972
201400058213,14,4,16,1715,1,1,1,1.0,6,97004,A,0.0,0.0,972
201400058214,14,5,26,2330,5,1,1,2.0,6,97018,A,0.0,0.0,972
201400058215,14,7,4,745,1,1,1,7.0,7,97033,A,0.0,0.0,972
201400058216,14,7,18,1445,1,1,1,1.0,6,97018,A,0.0,0.0,972
201400058217,14,12,27,1015,1,2,1,1.0,6,97004,A,0.0,0.0,972
201400058218,14,1,4,600,2,1,1,1.0,1,97010,A,0.0,0.0,972
201400058219,14,2,19,1645,1,2,1,1.0,7,97010,A,0.0,0.0,972
201400058220,14,3,25,1745,1,1,1,1.0,3,97010,A,0.0,0.0,972
201400058221,14,4,5,1600,1,2,1,1.0,1,97032,A,0.0,0.0,972
201400058222,14,5,27,1515,1,2,1,1.0,3,97032,A,0.0,0.0,972
201400058223,14,6,7,1230,1,2,1,2.0,6,97010,A,0.0,0.0,972
201400058224,14,7,15,945,1,1,1,7.0,1,97010,A,0.0,0.0,972
201400058225,14,7,30,1215,1,2,1,1.0,3,97010,A,0.0,0.0,972
201400058226,14,11,4,1400,1,1,1,1.0,5,97010,A,0.0,0.0,972
201400058227,14,11,14,2245,5,2,1,2.0,6,97010,A,0.0,0.0,972
201400058228,14,2,4,745,1,1,1,1.0,3,97007,A,0.0,0.0,972
201400058229,14,3,24,630,1,2,1,7.0,6,97007,A,0.0,0.0,972
201400058230,14,5,18,1145,1,1,1,1.0,3,97007,A,0.0,0.0,972
201400058231,14,12,13,2315,3,2,1,1.0,7,97007,A,0.0,0.0,972
201400058232,14,6,12,2130,5,1,1,1.0,7,97020,A,0.0,0.0,972
201400058233,14,9,19,1745,2,1,1,1.0,1,97026,A,0.0,0.0,972
201400058234,14,12,8,1145,1,1,1,1.0,1,97017,A,0.0,0.0,972
201400058235,14,9,5,900,1,2,1,1.0,1,97021,A,0.0,0.0,972
201400058236,14,1,27,745,1,1,1,1.0,5,97030,A,0.0,0.0,972
201400058237,14,6,10,800,1,1,1,1.0,1,97030,A,0.0,0.0,972
201400058238,14,7,6,1745,1,2,1,1.0,1,97030,A,0.0,0.0,972
201400058239,14,9,6,545,2,1,1,2.0,5,97030,A,0.0,0.0,972
201400058240,14,10,22,1915,5,2,1,1.0,3,97030,A,0.0,0.0,972
201400058241,14,12,4,745,1,1,6,1.0,6,97030,A,0.0,0.0,972
201400058242,14,12,31,1045,1,1,1,1.0,1,97030,A,0.0,0.0,972
201400058243,14,1,24,2115,5,1,1,2.0,1,97022,A,0.0,0.0,972
201400058244,14,8,11,1330,1,1,1,2.0,3,97012,A,0.0,0.0,972
201400058245,14,1,1,900,1,2,1,1.0,5,97028,A,0.0,0.0,972
201400058246,14,7,7,2115,5,2,1,1.0,5,97028,A,0.0,0.0,972
201400058247,14,11,8,1645,1,2,1,1.0,6,97028,A,0.0,0.0,972
201400058248,14,12,5,2015,3,1,1,1.0,3,97028,A,0.0,0.0,972
201400058249,14,4,4,445,3,1,1,1.0,6,97003,A,0.0,0.0,972
201400058250,14,5,13,1145,1,1,1,1.0,6,97016,A,0.0,0.0,972
201400058251,14,6,8,2200,5,2,1,1.0,6,97001,A,0.0,0.0,972
201400058252,14,7,14,1715,1,1,1,1.0,6,97015,A,0.0,0.0,972
201400058253,14,7,16,1015,1,1,1,1.0,3,97015,A,0.0,0.0,972
201400058254,14,1,16,2000,5,2,1,1.0,1,97004,A,0.0,0.0,971
201400058255,14,1,27,1915,5,1,1,2.0,6,97024,A,0.0,0.0,971
201400058256,14,2,24,1145,1,2,1,1.0,6,97024,A,0.0,0.0,971
201400058257,14,3,30,215,3,1,1,1.0,6,97024,A,0.0,0.0,971
201400058258,14,10,29,100,3,1,1,1.0,6,97024,A,0.0,0.0,971
201400058259,14,11,8,2345,3,1,1,2.0,6,97024,A,0.0,0.0,971
201400058260,14,11,23,430,3,1,1,3.0,7,97024,A,0.0,0.0,971
201400058261,14,3,4,1900,4,2,1,1.0,1,97034,A,0.0,0.0,971
201400058262,14,3,11,730,1,1,1,1.0,6,97034,A,0.0,0.0,971
201400058263,14,3,13,715,1,2,1,7.0,2,97034,A,0.0,0.0,971
201400058264,14,9,7,1130,1,1,1,1.0,1,97034,A,0.0,0.0,971
201400058265,14,9,15,1900,5,2,1,1.0,3,97034,A,0.0,0.0,971
201400058266,14,10,2,1415,1,2,1,1.0,1,97034,A,0.0,0.0,971
201400058267,14,11,17,1815,3,1,1,2.0,6,97034,A,0.0,0.0,971
201400058268,14,11,11,1230,1,1,1,1.0,1,97006,A,0.0,0.0,971
201400058269,14,11,12,1000,1,2,1,1.0,2,97006,A,0.0,0.0,971
201400058270,14,12,20,1430,1,1,1,1.0,1,97006,A,0.0,0.0,971
201400058271,14,7,10,100,3,1,1,1.0,6,97021,A,0.0,0.0,971
201400058272,14,5,30,1730,1,1,1,8.0,3,97032,A,0.0,0.0,971
201400058273,14,9,29,1545,1,1,1,3.0,1,97032,A,0.0,0.0,971
201400058274,14,11,9,400,3,1,1,9.0,6,97032,A,0.0,0.0,971
201400058275,14,12,11,945,1,1,1,2.0,6,97032,A,0.0,0.0,971
201400058276,14,12,27,2145,3,2,1,1.0,6,97032,A,0.0,0.0,971
201400058277,14,1,10,2100,5,2,1,8.0,6,97007,A,0.0,0.0,971
201400058278,14,1,12,2000,3,1,1,1.0,1,97007,A,0.0,0.0,971
201400058279,14,2,12,1930,3,2,1,1.0,3,97014,A,0.0,0.0,971
201400058280,14,3,4,1100,1,1,1,1.0,3,97014,A,0.0,0.0,971
201400058281,14,3,9,830,1,1,6,2.0,7,97007,A,0.0,0.0,971
201400058282,14,3,15,1615,1,1,1,1.0,3,97014,A,0.0,0.0,971
201400058283,14,3,23,2045,5,2,1,1.0,3,97014,A,0.0,0.0,971
201400058284,14,3,29,1400,1,1,1,1.0,3,97014,A,0.0,0.0,971
201400058285,14,4,10,1745,1,2,1,1.0,6,97007,A,0.0,0.0,971
201400058286,14,5,21,1100,1,1,1,1.0,5,97007,A,0.0,0.0,971
201400058287,14,5,24,2345,3,1,1,1.0,7,97007,A,0.0,0.0,971
201400058288,14,7,9,1500,1,2,1,1.0,1,97014,A,0.0,0.0,971
201400058289,14,7,28,1745,1,1,1,1.0,5,97007,A,0.0,0.0,971
201400058290,14,9,10,1545,1,1,1,1.0,6,97014,A,0.0,0.0,971
201400058291,14,9,21,1800,1,1,1,2.0,1,97007,A,0.0,0.0,971
201400058292,14,9,22,930,1,2,1,1.0,3,97007,A,0.0,0.0,971
201400058293,14,9,30,1415,1,1,1,1.0,1,97014,A,0.0,0.0,971
201400058294,14,10,7,1445,1,1,1,1.0,6,97007,A,0.0,0.0,971
201400058295,14,10,10,730,3,1,1,1.0,6,97014,A,0.0,0.0,971
201400058296,14,10,11,1130,3,1,1,1.0,6,97014,A,0.0,0.0,971
201400058297,14,11,2,430,3,2,1,1.0,3,97007,A,0.0,0.0,971
201400058298,14,12,17,1830,3,1,1,1.0,1,97014,A,0.0,0.0,971
201400058299,14,12,19,1700,1,1,1,1.0,7,97031,A,0.0,0.0,971
201400058300,14,1,19,230,3,1,1,1.0,3,97015,A,0.0,0.0,971
201400058301,14,1,21,1645,1,1,1,1.0,5,97015,A,0.0,0.0,971
201400058302,14,3,7,1730,1,1,1,1.0,6,97015,A,0.0,0.0,971
201400058303,14,3,16,730,1,1,1,1.0,1,97015,A,0.0,0.0,971
201400058304,14,3,25,1945,5,2,1,1.0,6,97015,A,0.0,0.0,971
201400058305,14,4,19,1315,1,2,1,1.0,3,97015,A,0.0,0.0,971
201400058306,14,8,7,215,3,1,1,1.0,2,97015,A,0.0,0.0,971
201400058307,14,9,30,1415,1,1,1,1.0,3,97015,A,0.0,0.0,971
201400058308,14,10,25,1730,1,2,1,7.0,6,97015,A,0.0,0.0,971
201400058309,14,10,24,2215,3,1,1,1.0,7,97015,A,0.0,0.0,971
201400058310,14,11,14,1830,3,1,1,1.0,5,97015,A,0.0,0.0,971
201400058311,14,11,16,1600,1,1,1,1.0,1,97015,A,0.0,0.0,971
201400058312,14,1,19,1115,1,1,1,1.0,1,97018,A,0.0,0.0,971
201400058313,14,1,21,1900,2,1,1,1.0,6,97018,A,0.0,0.0,971
201400058314,14,3,15,30,3,2,1,1.0,1,97018,A,0.0,0.0,971
201400058315,14,5,29,445,3,1,1,2.0,2,97018,A,0.0,0.0,971
201400058316,14,6,19,945,1,1,1,2.0,1,97018,A,0.0,0.0,971
201400058317,14,7,13,1245,1,2,1,1.0,2,97018,A,0.0,0.0,971
201400058318,14,11,4,2345,3,1,1,2.0,6,97018,A,0.0,0.0,971
201400058319,14,11,11,115,3,1,1,1.0,1,97018,A,0.0,0.0,971
201400058320,14,11,12,715,1,1,1,1.0,1,97018,A,0.0,0.0,971
201400058321,14,1,6,645,1,1,1,8.0,6,97029,A,0.0,0.0,971
201400058322,14,2,20,1330,1,2,1,1.0,6,97029,A,0.0,0.0,971
201400058323,14,3,7,1900,5,2,1,1.0,6,97029,A,0.0,0.0,971
201400058324,14,3,21,1745,1,1,1,7.0,6,97029,A,0.0,0.0,971
201400058325,14,3,28,45,3,1,1,1.0,1,97029,A,0.0,0.0,971
201400058326,14,5,2,2015,3,2,1,1.0,1,97029,A,0.0,0.0,971
201400058327,14,5,16,700,1,1,2,1.0,6,97029,A,0.0,0.0,971
201400058328,14,5,21,2030,5,2,1,1.0,6,97029,A,0.0,0.0,971
201400058329,14,5,22,2030,3,1,1,1.0,6,97029,A,0.0,0.0,971
201400058330,14,6,22,115,5,1,1,1.0,3,97029,A,0.0,0.0,971
201400058331,14,7,12,145,5,1,1,1.0,6,97029,A,0.0,0.0,971
201400058332,14,12,10,1130,1,1,1,1.0,1,97029,A,0.0,0.0,971
201400058333,14,12,17,630,1,2,1,1.0,1,97029,A,0.0,0.0,971
201400058334,14,1,16,730,1,1,1,1.0,3,97028,A,0.0,0.0,971
201400058335,14,2,7,1115,1,1,1,1.0,1,97012,A,0.0,0.0,971
201400058336,14,2,9,145,5,1,1,1.0,6,97008,A,0.0,0.0,971
201400058337,14,4,6,145,3,1,1,1.0,1,97012,A,0.0,0.0,971
201400058338,14,10,26,1930,3,1,1,1.0,6,97008,A,0.0,0.0,971
201400058339,14,12,25,530,1,1,1,2.0,6,97026,A,0.0,0.0,971
201400058340,14,1,11,1215,1,1,1,1.0,3,97017,A,0.0,0.0,971
201400058341,14,3,11,2200,3,1,1,1.0,7,97017,A,0.0,0.0,971
201400058342,14,4,10,1600,1,1,1,1.0,1,97017,A,0.0,0.0,971
201400058343,14,5,12,1500,1,2,1,1.0,1,97017,A,0.0,0.0,971
201400058344,14,6,30,945,1,1,1,3.0,1,97017,A,0.0,0.0,971
201400058345,14,7,21,1515,1,1,1,7.0,3,97017,A,0.0,0.0,971
201400058346,14,7,21,1645,1,1,1,1.0,1,97017,A,0.0,0.0,971
201400058347,14,9,27,1530,1,1,1,1.0,7,97017,A,0.0,0.0,971
201400058348,14,11,6,915,1,2,1,1.0,3,97017,A,0.0,0.0,971
201400058349,14,1,25,145,3,1,1,1.0,1,97019,A,0.0,0.0,971
201400058350,14,2,6,745,1,1,1,1.0,3,97019,A,0.0,0.0,971
201400058351,14,2,16,2115,5,2,1,9.0,6,97022,A,0.0,0.0,971
201400058352,14,2,27,1030,1,2,2,1.0,3,97019,A,0.0,0.0,971
201400058353,14,3,9,1115,5,1,1,1.0,1,97019,A,0.0,0.0,971
201400058354,14,6,20,1130,1,1,1,1.0,6,97022,A,0.0,0.0,971
201400058355,14,6,29,2115,3,1,1,1.0,6,97022,A,0.0,0.0,971
201400058356,14,7,7,1515,1,1,1,1.0,6,97022,A,0.0,0.0,971
201400058357,14,7,6,1130,1,1,1,1.0,6,97002,A,0.0,0.0,971
201400058358,14,8,7,1945,5,2,1,1.0,1,97002,A,0.0,0.0,971
201400058359,14,8,13,100,3,1,1,1.0,7,97002,A,0.0,0.0,971
201400058360,14,8,30,800,1,2,1,3.0,6,97019,A,0.0,0.0,971
201400058361,14,9,4,2100,3,1,1,1.0,2,97022,A,0.0,0.0,971
201400058362,14,9,8,845,1,1,9,1.0,3,97019,A,0.0,0.0,971
201400058363,14,11,10,2345,3,1,1,1.0,6,97019,A,0.0,0.0,971
201400058364,14,12,12,1615,1,2,1,1.0,6,97019,A,0.0,0.0,971
201400058365,14,1,1,500,3,1,1,1.0,6,97025,A,0.0,0.0,971
201400058366,14,2,5,600,2,1,1,1.0,2,97025,A,0.0,0.0,971
201400058367,14,3,1,1030,1,1,3,1.0,3,97025,A,0.0,0.0,971
201400058368,14,7,5,2300,5,1,1,1.0,6,97025,A,0.0,0.0,971
201400058369,14,9,28,1715,3,1,1,1.0,3,97025,A,0.0,0.0,971
201400058370,14,11,12,1230,1,1,1,1.0,6,97025,A,0.0,0.0,971
201400058371,14,11,13,1730,2,1,1,1.0,6,97025,A,0.0,0.0,971
201400058372,14,11,26,1545,1,1,1,1.0,1,97025,A,0.0,0.0,971
201400058373,14,12,23,815,5,2,1,1.0,1,97025,A,0.0,0.0,971
201400058374,14,12,24,1745,2,1,1,2.0,1,97025,A,0.0,0.0,971
201400058375,14,1,21,1030,4,1,6,1.0,3,97026,A,0.0,0.0,971
201400058376,14,2,15,1545,1,1,1,1.0,1,97026,A,0.0,0.0,971
201400058377,14,3,1,1930,5,2,4,1.0,3,97026,A,0.0,0.0,971
201400058378,14,3,19,1230,1,1,1,1.0,6,97028,A,0.0,0.0,971
201400058379,14,4,12,1700,1,1,1,1.0,5,97026,A,0.0,0.0,971
201400058380,14,4,14,1615,1,1,1,1.0,3,97026,A,0.0,0.0,971
201400058381,14,4,27,830,1,1,1,1.0,3,97028,A,0.0,0.0,971
201400058382,14,5,24,1845,2,1,1,1.0,3,97028,A,0.0,0.0,971
201400058383,14,5,31,2245,3,1,1,1.0,6,97002,A,0.0,0.0,971
201400058384,14,6,1,2130,5,1,1,1.0,3,97028,A,0.0,0.0,971