Num_Acc,an,mois,jour,hrmn,lum,agg,int,atm,col,com,gps,lat,long,dep
201400058385,14,6,2,1245,1,2,1,1.0,1,97026,A,0.0,0.0,971
201400058386,14,7,18,2100,5,1,1,1.0,3,97026,A,0.0,0.0,971
201400058387,14,8,25,2000,5,1,1,1.0,3,97028,A,0.0,0.0,971
201400058388,14,9,22,1815,2,1,1,1.0,1,97026,A,0.0,0.0,971
201400058389,14,10,7,1200,1,2,1,1.0,7,97026,A,0.0,0.0,971
201400058390,14,10,24,2245,3,1,1,1.0,1,97026,A,0.0,0.0,971
201400058391,14,10,31,1745,5,1,1,1.0,6,97028,A,0.0,0.0,971
201400058392,14,11,26,2115,5,1,1,1.0,1,97028,A,0.0,0.0,971
201400058393,14,12,1,1045,5,2,1,1.0,2,97026,A,0.0,0.0,971
201400058394,14,12,4,1030,2,1,1,1.0,3,97026,A,0.0,0.0,971
201400058395,14,12,31,900,5,2,1,1.0,6,97016,A,0.0,0.0,971
201400058396,14,1,25,1545,1,1,1,1.0,1,97016,A,0.0,0.0,971
201400058397,14,2,1,2215,3,1,1,1.0,1,97016,A,0.0,0.0,971
201400058398,14,2,6,2215,5,1,1,1.0,2,97016,A,0.0,0.0,971
201400058399,14,3,4,45,5,1,1,1.0,4,97016,A,0.0,0.0,971
201400058400,14,3,14,500,5,2,1,1.0,7,97016,A,0.0,0.0,971
201400058401,14,3,30,2115,3,1,1,1.0,1,97016,A,0.0,0.0,971
201400058402,14,4,19,115,5,2,1,1.0,7,97016,A,0.0,0.0,971
201400058403,14,4,20,1245,1,1,1,1.0,3,97016,A,0.0,0.0,971
201400058404,14,5,22,530,2,1,1,1.0,1,97016,A,0.0,0.0,971
201400058405,14,6,7,2130,5,2,1,1.0,5,97016,A,0.0,0.0,971
201400058406,14,6,23,2300,3,1,1,1.0,1,97016,A,0.0,0.0,971
201400058407,14,7,17,1915,3,1,1,1.0,3,97016,A,0.0,0.0,971
201400058408,14,7,29,1745,1,1,1,1.0,1,97016,A,0.0,0.0,971
201400058409,14,9,26,1915,5,2,1,1.0,3,97016,A,0.0,0.0,971
201400058410,14,10,11,245,5,2,1,1.0,1,97016,A,0.0,0.0,971
201400058411,14,11,24,1115,1,1,1,1.0,1,97016,A,0.0,0.0,971
201400058412,14,2,11,745,1,1,1,8.0,2,97005,G,0.0,0.0,973
201400058413,14,3,1,2200,5,1,1,1.0,3,97005,G,0.0,0.0,973
201400058414,14,3,23,1130,1,1,1,1.0,1,97005,G,0.0,0.0,973
201400058415,14,5,15,2115,3,1,1,1.0,3,97005,G,0.0,0.0,973
201400058416,14,6,9,1730,1,1,1,1.0,1,97005,G,0.0,0.0,973
201400058417,14,7,1,1715,1,1,1,1.0,1,97005,G,0.0,0.0,973
201400058418,14,7,26,645,2,1,1,1.0,1,97005,G,0.0,0.0,973
201400058419,14,7,21,1815,1,1,1,1.0,3,97005,G,0.0,0.0,973
201400058420,14,11,6,700,1,1,1,1.0,2,97005,G,0.0,0.0,973
201400058421,14,11,14,1615,1,1,1,1.0,2,97013,G,0.0,0.0,973
201400058422,14,11,21,1700,1,1,1,1.0,2,97013,G,0.0,0.0,973
201400058423,14,2,12,1545,1,2,1,1.0,6,97004,G,0.0,0.0,973
201400058424,14,8,14,545,2,1,1,1.0,1,97004,G,0.0,0.0,973
201400058425,14,8,30,900,1,2,1,1.0,3,97004,G,0.0,0.0,973
201400058426,14,9,21,1530,1,2,9,1.0,1,97004,G,0.0,0.0,973
201400058427,14,10,20,545,2,1,1,1.0,1,97004,G,0.0,0.0,973
201400058428,14,11,24,330,3,1,1,1.0,7,97004,G,,,973
201400058429,14,12,7,1445,1,2,1,1.0,7,97004,G,0.0,0.0,973
201400058430,14,1,9,1730,1,1,1,1.0,6,97012,G,0.0,0.0,973
201400058431,14,4,7,1800,1,2,1,1.0,3,97012,G,0.0,0.0,973
201400058432,14,6,8,1730,1,1,1,1.0,7,97012,G,0.0,0.0,973
201400058433,14,7,18,500,3,1,1,1.0,7,97012,G,0.0,0.0,973
201400058434,14,12,10,1715,1,2,3,1.0,3,97012,G,0.0,0.0,973
201400058435,14,1,10,2245,3,1,1,2.0,6,97003,G,0.0,0.0,973
201400058436,14,3,28,1515,1,1,1,1.0,2,97003,G,0.0,0.0,973
201400058437,14,4,4,1615,3,1,1,8.0,1,97008,G,0.0,0.0,973
201400058438,14,12,5,2030,3,2,1,8.0,7,97008,G,0.0,0.0,973
201400058439,14,9,28,1215,1,2,1,1.0,2,97010,G,0.0,0.0,973
201400058440,14,1,18,15,5,2,1,1.0,3,97011,G,0.0,0.0,973
201400058441,14,1,26,1930,5,2,1,1.0,6,97011,G,0.0,0.0,973
201400058442,14,2,12,1300,1,2,1,1.0,1,97011,G,0.0,0.0,973
201400058443,14,3,10,2015,5,1,9,1.0,3,97011,G,0.0,0.0,973
201400058444,14,3,26,2230,5,2,1,1.0,6,97011,G,0.0,0.0,973
201400058445,14,4,2,1500,1,2,1,1.0,3,97011,G,0.0,0.0,973
201400058446,14,4,21,1245,1,2,9,1.0,6,97011,G,0.0,0.0,973
201400058447,14,4,26,1530,1,1,1,1.0,7,97011,G,0.0,0.0,973
201400058448,14,5,10,2045,5,2,1,1.0,3,97011,G,0.0,0.0,973
201400058449,14,5,13,2015,5,2,1,1.0,3,97011,G,0.0,0.0,973
201400058450,14,5,25,30,5,2,1,1.0,6,97011,G,0.0,0.0,973
201400058451,14,6,7,1545,1,2,1,1.0,6,97011,G,0.0,0.0,973
201400058452,14,9,2,1545,1,2,1,1.0,2,97011,G,0.0,0.0,973
201400058453,14,9,6,2145,5,2,1,1.0,3,97011,G,0.0,0.0,973
201400058454,14,9,13,2215,5,2,1,1.0,3,97011,G,0.0,0.0,973
201400058455,14,9,21,615,1,1,1,1.0,6,97011,G,0.0,0.0,973
201400058456,14,10,27,2200,5,2,1,1.0,1,97011,G,0.0,0.0,973
201400058457,14,12,21,230,5,2,1,1.0,3,97011,G,0.0,0.0,973
201400058458,14,4,21,1915,3,1,1,2.0,2,97006,G,0.0,0.0,973
201400058459,14,5,15,1130,1,1,1,1.0,7,97006,G,0.0,0.0,973
201400058460,14,8,13,1415,1,1,1,1.0,7,97006,G,0.0,0.0,973
201400058461,14,8,24,2000,3,1,1,1.0,1,97006,G,0.0,0.0,973
201400058462,14,11,16,1930,3,1,1,1.0,7,97006,G,0.0,0.0,973
201400058463,14,11,26,530,3,1,1,1.0,2,97006,G,0.0,0.0,973
201400058464,14,12,31,2145,3,1,1,1.0,1,97008,R,0.0,0.0,974
201400058465,14,5,4,1515,1,2,1,1.0,7,97008,R,,,974
201400058466,14,5,15,730,1,2,1,1.0,2,97008,R,,,974
201400058467,14,5,29,1215,1,1,1,1.0,2,97008,R,0.0,0.0,974
201400058468,14,4,26,2015,4,1,1,1.0,6,97020,R,0.0,0.0,974
201400058469,14,6,9,1245,1,1,1,1.0,1,97020,R,,,974
201400058470,14,8,9,2315,5,1,1,1.0,1,97018,R,,,974
201400058471,14,8,20,1630,1,2,1,1.0,1,97018,R,,,974
201400058472,14,9,14,1,3,1,1,1.0,6,97020,R,0.0,0.0,974
201400058473,14,10,10,1800,3,2,1,1.0,5,97020,R,0.0,0.0,974
201400058474,14,11,20,1845,3,2,1,1.0,1,97018,R,,,974
201400058475,14,11,25,715,1,1,2,1.0,5,97020,R,0.0,0.0,974
201400058476,14,12,8,1800,1,2,1,1.0,3,97018,R,,,974
201400058477,14,2,4,530,2,2,6,1.0,6,97010,R,,,974
201400058478,14,4,22,1445,1,2,1,1.0,6,97010,R,,,974
201400058479,14,4,27,1600,1,1,1,2.0,3,97010,R,,,974
201400058480,14,6,5,1100,1,1,1,1.0,1,97010,R,0.0,0.0,974
201400058481,14,6,14,1945,5,2,1,1.0,6,97010,R,0.0,0.0,974
201400058482,14,6,17,1200,1,1,1,1.0,6,97010,R,0.0,0.0,974
201400058483,14,7,3,1915,3,1,1,1.0,6,97010,R,0.0,0.0,974
201400058484,14,7,5,1345,5,2,1,1.0,1,97010,R,0.0,0.0,974
201400058485,14,7,12,1515,1,1,1,1.0,6,97010,R,0.0,0.0,974
201400058486,14,8,27,1245,1,2,1,1.0,2,97010,R,0.0,0.0,974
201400058487,14,10,19,1000,1,1,1,3.0,1,97010,R,0.0,0.0,974
201400058488,14,10,10,2015,3,1,1,1.0,6,97002,R,0.0,0.0,974
201400058489,14,11,19,2015,5,1,1,1.0,3,97002,R,,,974
201400058490,14,5,8,2030,3,1,1,3.0,6,97019,R,,,974
201400058491,14,6,28,845,1,2,1,1.0,1,97019,R,0.0,0.0,974
201400058492,14,7,11,2000,3,1,1,1.0,6,97019,R,0.0,0.0,974
201400058493,14,11,24,1500,1,2,1,1.0,1,97019,R,,,974
201400058494,14,2,10,1900,3,1,1,1.0,6,97021,R,0.0,0.0,974
201400058495,14,2,14,1600,1,1,1,2.0,7,97021,R,0.0,0.0,974
201400058496,14,3,3,1545,1,2,1,1.0,6,97021,R,,,974
201400058497,14,5,17,730,1,2,1,7.0,6,97006,R,,,974
201400058498,14,1,29,1430,3,1,1,1.0,6,97015,R,0.0,0.0,974
201400058499,14,2,16,1645,1,1,1,1.0,5,97015,R,0.0,0.0,974
201400058500,14,3,10,500,3,1,1,1.0,6,97015,R,0.0,0.0,974
201400058501,14,3,29,130,3,1,1,1.0,3,97015,R,0.0,0.0,974
201400058502,14,3,28,1730,1,2,1,1.0,5,97015,R,,,974
201400058503,14,5,18,1230,1,1,1,1.0,6,97015,R,0.0,0.0,974
201400058504,14,5,29,1915,3,1,1,1.0,1,97015,R,0.0,0.0,974
201400058505,14,6,27,1430,1,2,1,1.0,3,97015,R,,,974
201400058506,14,8,16,400,3,2,1,1.0,7,97015,R,0.0,0.0,974
201400058507,14,8,21,2215,3,1,1,1.0,1,97015,R,0.0,0.0,974
201400058508,14,9,7,1800,1,1,6,1.0,5,97015,R,,,974
201400058509,14,9,8,1715,1,1,2,1.0,1,97015,R,0.0,0.0,974
201400058510,14,9,10,1500,1,2,1,1.0,6,97015,R,,,974
201400058511,14,9,28,1700,1,2,1,1.0,3,97015,R,0.0,0.0,974
201400058512,14,11,8,1100,1,2,1,1.0,3,97015,R,,,974
201400058513,14,12,14,115,3,1,1,1.0,6,97015,R,0.0,0.0,974
201400058514,14,1,5,430,3,1,1,1.0,6,97015,R,0.0,0.0,974
201400058515,14,4,20,1900,3,1,1,1.0,3,97015,R,0.0,0.0,974
201400058516,14,4,26,30,5,2,1,1.0,3,97015,R,0.0,0.0,974
201400058517,14,5,14,1330,1,1,1,1.0,3,97015,R,0.0,0.0,974
201400058518,14,6,5,1930,3,2,1,1.0,3,97015,R,,,974
201400058519,14,7,26,630,1,1,1,1.0,1,97015,R,0.0,0.0,974
201400058520,14,8,26,1845,3,1,1,3.0,1,97015,R,0.0,0.0,974
201400058521,14,10,6,1230,1,1,1,1.0,6,97015,R,,,974
201400058522,14,10,7,430,3,1,1,1.0,6,97015,R,0.0,0.0,974
201400058523,14,10,13,1430,1,1,1,1.0,5,97015,R,0.0,0.0,974
201400058524,14,12,19,2015,3,1,1,8.0,3,97015,R,0.0,0.0,974
201400058525,14,3,23,600,2,1,1,2.0,7,97023,R,,,974
201400058526,14,6,21,830,1,2,1,1.0,6,97015,R,0.0,0.0,974
201400058527,14,7,16,1600,1,1,1,1.0,1,97015,R,0.0,0.0,974
201400058528,14,11,19,1230,1,1,1,1.0,7,97015,R,,,974
201400058529,14,12,9,1445,1,2,1,1.0,1,97022,R,,,974
201400058530,14,1,12,45,5,2,1,1.0,6,97014,R,0.0,0.0,974
201400058531,14,1,25,1615,1,1,1,1.0,6,97014,R,0.0,0.0,974
201400058532,14,10,19,1800,1,2,1,1.0,3,97014,R,,,974
201400058533,14,10,22,645,1,2,3,1.0,1,97014,R,,,974
201400058534,14,2,27,830,1,2,1,1.0,3,97014,R,0.0,0.0,974
201400058535,14,4,9,1100,3,1,1,1.0,6,97014,R,0.0,0.0,974
201400058536,14,4,12,130,3,2,1,3.0,6,97014,R,0.0,0.0,974
201400058537,14,5,3,445,3,1,1,1.0,6,97014,R,0.0,0.0,974
201400058538,14,5,7,300,5,2,1,1.0,2,97014,R,0.0,0.0,974
201400058539,14,5,22,1915,5,2,1,1.0,6,97014,R,0.0,0.0,974
201400058540,14,5,29,15,3,2,1,1.0,3,97014,R,0.0,0.0,974
201400058541,14,6,28,1415,1,1,1,1.0,1,97014,R,0.0,0.0,974
201400058542,14,1,16,1900,3,1,1,1.0,7,97022,R,0.0,0.0,974
201400058543,14,4,13,1200,1,1,1,2.0,6,97049,R,0.0,0.0,974
201400058544,14,5,11,945,1,1,1,1.0,1,97022,R,0.0,0.0,974
201400058545,14,6,15,900,1,2,3,1.0,3,97022,R,,,974
201400058546,14,8,17,1215,1,1,1,1.0,6,97049,R,0.0,0.0,974
201400058547,14,3,11,1045,1,1,1,1.0,1,97012,R,0.0,0.0,974
201400058548,14,3,25,1000,1,2,1,1.0,3,97012,R,0.0,0.0,974
201400058549,14,4,4,1745,1,2,1,1.0,6,97005,R,,,974
201400058550,14,4,23,115,1,1,1,7.0,6,97005,R,0.0,0.0,974
201400058551,14,5,20,2030,3,1,1,1.0,7,97012,R,0.0,0.0,974
201400058552,14,6,4,1715,1,1,1,1.0,6,97012,R,0.0,0.0,974
201400058553,14,6,12,1130,1,1,6,1.0,2,97005,R,0.0,0.0,974
201400058554,14,6,22,1130,1,1,1,1.0,6,97012,R,0.0,0.0,974
201400058555,14,12,3,1130,1,1,1,1.0,1,97012,R,0.0,0.0,974
201400058556,14,2,13,800,1,1,1,1.0,1,97022,R,,,974
201400058557,14,3,19,2145,3,1,1,1.0,6,97022,R,0.0,0.0,974
201400058558,14,4,19,2115,5,2,1,1.0,3,97022,R,,,974
201400058559,14,6,10,1615,1,1,1,1.0,3,97022,R,0.0,0.0,974
201400058560,14,6,27,2200,5,2,1,1.0,1,97022,R,0.0,0.0,974
201400058561,14,9,26,2215,5,2,6,1.0,3,97022,R,0.0,0.0,974
201400058562,14,11,28,1845,2,2,1,1.0,1,97022,R,,,974
201400058563,14,11,28,2045,5,2,1,1.0,3,97022,R,,,974
201400058564,14,1,12,1545,1,1,1,8.0,3,97011,Y,0.0,0.0,976
201400058565,14,4,5,400,3,1,1,1.0,1,97011,Y,0.0,0.0,976
201400058566,14,5,3,730,1,2,1,1.0,6,97011,Y,0.0,0.0,976
201400058567,14,5,8,1830,2,1,1,1.0,1,97011,Y,0.0,0.0,976
201400058568,14,12,15,1745,1,1,1,1.0,1,97011,Y,0.0,0.0,976
201400058569,14,12,18,1630,1,2,1,1.0,6,97011,Y,0.0,0.0,976
201400058570,14,4,28,1915,3,1,1,1.0,6,97015,Y,0.0,0.0,976
201400058571,14,9,25,800,5,1,1,1.0,6,97011,Y,0.0,0.0,976
201400058572,14,12,1,1315,1,2,1,1.0,3,97015,Y,0.0,0.0,976
201400058573,14,1,12,1200,1,1,1,1.0,5,97016,Y,0.0,0.0,976
201400058574,14,8,17,2045,5,2,1,1.0,6,97016,Y,0.0,0.0,976
201400058575,14,11,13,2200,3,2,1,1.0,1,97016,Y,0.0,0.0,976
201400058576,14,1,22,1415,1,1,1,1.0,3,97003,A,0.0,0.0,971
201400058577,14,2,16,2100,3,1,1,1.0,6,97004,A,0.0,0.0,971
201400058578,14,2,26,2000,3,1,1,1.0,6,97003,A,0.0,0.0,971
201400058579,14,3,12,1745,2,1,1,1.0,2,97003,A,0.0,0.0,971
201400058580,14,4,3,1945,3,1,1,1.0,5,97003,A,0.0,0.0,971
201400058581,14,4,17,415,5,1,1,2.0,4,97003,A,0.0,0.0,971
201400058582,14,5,3,1115,1,1,1,1.0,1,97003,A,0.0,0.0,971
201400058583,14,5,21,1930,5,1,1,1.0,6,97003,A,0.0,0.0,971
201400058584,14,5,28,1900,3,1,1,1.0,1,97003,A,0.0,0.0,971
201400058585,14,7,19,30,3,1,1,1.0,7,97003,A,0.0,0.0,971
201400058586,14,7,31,30,3,1,1,1.0,6,97003,A,0.0,0.0,971
201400058587,14,8,25,215,5,1,1,2.0,6,97003,A,0.0,0.0,971
201400058588,14,9,10,2100,3,1,1,1.0,6,97003,A,0.0,0.0,971
201400058589,14,10,23,645,1,2,6,1.0,5,97003,A,0.0,0.0,971
201400058590,14,11,14,1500,1,2,1,1.0,1,97003,A,0.0,0.0,971
201400058591,14,10,4,1730,1,2,3,1.0,3,97060,G,0.0,0.0,973
201400058592,14,1,31,1645,1,2,1,1.0,6,97012,Y,0.0,0.0,976
201400058593,14,3,23,1845,5,2,1,1.0,3,97012,Y,0.0,0.0,976
201400058594,14,3,28,1615,1,2,1,2.0,1,97012,Y,0.0,0.0,976
201400058595,14,5,9,230,3,1,1,1.0,7,97012,Y,0.0,0.0,976
201400058596,14,7,27,1545,1,1,1,1.0,1,97012,Y,0.0,0.0,976
201400058597,14,11,29,1330,1,2,1,1.0,6,97012,Y,0.0,0.0,976
201400058598,14,1,10,1200,1,2,1,1.0,1,97004,Y,0.0,0.0,976
201400058599,14,3,2,1515,1,1,1,1.0,3,97004,Y,0.0,0.0,976
201400058600,14,3,24,2145,3,1,1,3.0,6,97004,Y,0.0,0.0,976
201400058601,14,5,1,2030,3,1,1,1.0,1,97004,Y,0.0,0.0,976
201400058602,14,5,13,530,2,1,1,1.0,1,97003,Y,0.0,0.0,976
201400058603,14,5,17,800,1,2,1,1.0,7,97004,Y,0.0,0.0,976
201400058604,14,8,3,1815,2,1,1,1.0,7,97004,Y,0.0,0.0,976
201400058605,14,8,4,845,1,1,1,1.0,5,97004,Y,0.0,0.0,976
201400058606,14,8,15,830,1,1,9,1.0,5,97004,Y,0.0,0.0,976
201400058607,14,11,6,1300,1,2,1,1.0,6,97004,Y,0.0,0.0,976
201400058608,14,11,29,1145,1,1,1,1.0,5,97004,Y,0.0,0.0,976
201400058609,14,12,15,1500,1,2,1,1.0,6,97004,Y,0.0,0.0,976
201400058610,14,12,20,1145,1,1,1,1.0,2,97004,Y,0.0,0.0,976
201400058611,14,1,6,1030,1,2,1,1.0,4,97009,G,0.0,0.0,973
201400058612,14,1,11,1100,1,2,1,1.0,3,97009,G,0.0,0.0,973
201400058613,14,1,28,1400,1,2,1,1.0,6,97009,G,0.0,0.0,973
201400058614,14,1,30,1500,1,1,1,1.0,1,97009,G,0.0,0.0,973
201400058615,14,2,3,1045,1,2,1,1.0,3,97009,G,0.0,0.0,973
201400058616,14,2,17,45,5,2,1,1.0,3,97009,G,0.0,0.0,973
201400058617,14,3,28,1200,1,1,1,1.0,3,97009,G,0.0,0.0,973
201400058618,14,3,27,1930,5,2,1,1.0,1,97009,G,0.0,0.0,973
201400058619,14,5,8,1000,1,2,1,1.0,6,97009,G,0.0,0.0,973
201400058620,14,6,5,2200,5,2,1,8.0,3,97009,G,0.0,0.0,973
201400058621,14,7,11,1430,1,2,1,1.0,7,97009,G,0.0,0.0,973
201400058622,14,7,6,1930,3,2,1,1.0,7,97009,G,0.0,0.0,973
201400058623,14,7,15,845,1,1,1,1.0,3,97009,G,0.0,0.0,973
201400058624,14,7,30,1645,1,2,1,1.0,7,97009,G,0.0,0.0,973
201400058625,14,8,10,1115,1,2,1,1.0,3,97009,G,0.0,0.0,973
201400058626,14,8,30,2000,5,2,1,1.0,3,97009,G,0.0,0.0,973
201400058627,14,9,4,1730,1,2,1,1.0,1,97009,G,0.0,0.0,973
201400058628,14,9,24,630,1,2,1,1.0,3,97009,G,0.0,0.0,973
201400058629,14,9,24,2115,5,2,1,1.0,3,97009,G,0.0,0.0,973
201400058630,14,10,7,1515,1,1,1,2.0,5,97009,G,0.0,0.0,973
201400058631,14,10,26,615,2,2,1,1.0,6,97009,G,0.0,0.0,973
201400058632,14,11,14,130,5,1,1,1.0,1,97009,G,0.0,0.0,973
201400058633,14,11,24,2015,5,2,1,1.0,3,97009,G,0.0,0.0,973
201400058634,14,12,27,2130,5,2,1,1.0,3,97009,G,0.0,0.0,973
201400058635,14,12,21,2100,3,1,1,1.0,6,97015,R,,,974
201400058636,14,5,23,1745,2,1,1,2.0,5,97013,R,0.0,0.0,974
201400058637,14,5,31,1230,1,2,1,1.0,5,97013,R,0.0,0.0,974
201400058638,14,7,17,645,1,2,1,1.0,6,97013,R,0.0,0.0,974
201400058639,14,11,18,1800,2,2,1,1.0,1,97013,R,,,974
201400058640,14,12,1,1615,1,2,6,1.0,1,97013,R,,,974
201400058641,14,2,17,530,3,1,1,1.0,6,97004,G,0.0,0.0,973
201400058642,14,3,15,1045,1,1,1,1.0,2,97004,G,0.0,0.0,973
201400058643,14,4,1,1315,1,1,1,1.0,1,97004,G,0.0,0.0,973
201400058644,14,4,6,330,3,1,1,1.0,1,97004,G,0.0,0.0,973
201400058645,14,4,22,1115,1,1,1,3.0,3,97004,G,0.0,0.0,973
201400058646,14,5,27,1445,1,2,1,1.0,3,97004,G,0.0,0.0,973
201400058647,14,6,20,445,5,1,1,2.0,1,97004,G,0.0,0.0,973
201400058648,14,1,2,1800,5,2,1,1.0,1,97007,G,0.0,0.0,973
201400058649,14,1,9,2000,5,2,1,1.0,5,97007,G,0.0,0.0,973
201400058650,14,1,30,1545,5,2,1,2.0,2,97007,G,0.0,0.0,973
201400058651,14,2,10,130,3,1,1,2.0,7,97007,G,0.0,0.0,973
201400058652,14,2,21,715,1,1,1,1.0,1,97007,G,0.0,0.0,973
201400058653,14,3,26,730,1,2,2,1.0,3,97007,G,0.0,0.0,973
201400058654,14,4,5,1530,1,1,1,1.0,6,97007,G,0.0,0.0,973
201400058655,14,4,16,1745,5,1,1,1.0,1,97007,G,0.0,0.0,973
201400058656,14,5,3,1230,1,2,1,1.0,5,97007,G,0.0,0.0,973
201400058657,14,5,25,2030,4,2,1,2.0,3,97007,G,0.0,0.0,973
201400058658,14,6,23,615,2,1,1,3.0,6,97007,G,0.0,0.0,973
201400058659,14,6,22,2300,3,1,1,2.0,6,97007,G,0.0,0.0,973
201400058660,14,7,18,630,1,2,1,1.0,1,97007,G,0.0,0.0,973
201400058661,14,7,19,1930,5,2,2,1.0,3,97007,G,0.0,0.0,973
201400058662,14,8,28,1230,1,2,1,1.0,6,97007,G,0.0,0.0,973
201400058663,14,8,29,1130,1,1,1,1.0,3,97007,G,0.0,0.0,973
201400058664,14,8,30,2245,3,1,1,1.0,1,97007,G,0.0,0.0,973
201400058665,14,11,8,815,1,1,1,1.0,2,97007,G,0.0,0.0,973
201400058666,14,11,8,1645,1,1,1,1.0,1,97007,G,0.0,0.0,973
201400058667,14,11,20,1800,1,2,1,1.0,1,97007,G,0.0,0.0,973
201400058668,14,12,1,900,1,2,1,1.0,3,97007,G,0.0,0.0,973
201400058669,14,2,28,2015,3,2,1,1.0,6,97015,R,,,974
201400058670,14,11,7,1530,1,1,1,1.0,2,97015,R,0.0,0.0,974
201400058671,14,11,25,1215,1,1,1,1.0,5,97015,R,0.0,0.0,974
201400058672,14,12,10,1700,2,1,1,2.0,1,97015,R,0.0,0.0,974
201400058673,14,7,30,1700,1,2,1,1.0,7,97015,R,0.0,0.0,974
201400058674,14,5,25,1830,1,2,1,1.0,1,97030,A,0.0,0.0,972
201400058675,14,4,5,30,3,1,1,1.0,7,97001,R,0.0,0.0,974
201400058676,14,2,3,1145,1,1,1,1.0,3,97013,R,0.0,0.0,974
201400058677,14,3,17,915,1,1,1,1.0,3,97013,R,,,974
201400058678,14,5,24,1200,1,1,1,1.0,6,97013,R,0.0,0.0,974
201400058679,14,10,24,1330,1,1,1,1.0,3,97013,R,0.0,0.0,974
201400058680,14,2,9,745,1,1,1,1.0,1,97032,A,0.0,0.0,971
201400058681,14,3,15,2315,5,1,1,1.0,1,97032,A,0.0,0.0,971
201400058682,14,7,8,1145,1,1,1,1.0,3,97009,A,0.0,0.0,971
201400058683,14,9,21,1530,1,1,1,1.0,3,97009,A,0.0,0.0,971
201400058684,14,9,20,1730,1,2,1,7.0,6,97014,R,,,974
201400058685,14,10,27,1430,1,2,1,1.0,1,97014,R,,,974
201400058686,14,11,29,945,1,1,1,1.0,6,97014,R,0.0,0.0,974
201400058687,14,12,5,2345,3,2,1,1.0,3,97014,R,,,974
201400058688,14,8,17,1015,1,1,1,1.0,3,97014,R,0.0,0.0,974
201400058689,14,2,23,900,1,2,1,1.0,5,97014,R,,,974
201400058690,14,4,17,1445,1,1,1,1.0,7,97014,R,0.0,0.0,974
201400058691,14,4,21,1245,1,2,1,1.0,1,97014,R,,,974
201400058692,14,1,19,1600,1,1,1,1.0,1,97010,R,0.0,0.0,974
201400058693,14,2,14,2300,5,2,1,1.0,1,97010,R,0.0,0.0,974
201400058694,14,8,22,1515,1,1,1,1.0,1,97034,A,0.0,0.0,972
201400058695,14,8,30,1845,3,1,1,1.0,3,97034,A,0.0,0.0,972
201400058696,14,9,27,1545,1,1,1,1.0,3,97034,A,0.0,0.0,972
201400058697,14,1,12,600,1,1,1,1.0,3,97017,A,0.0,0.0,972
201400058698,14,4,19,1330,1,1,1,1.0,7,97027,A,0.0,0.0,972
201400058699,14,5,8,1600,1,1,1,1.0,6,97026,A,0.0,0.0,972
201400058700,14,5,24,1115,1,1,1,1.0,6,97026,A,0.0,0.0,972
201400058701,14,7,31,2245,5,2,1,1.0,5,97017,A,0.0,0.0,972
201400058702,14,8,24,1500,2,1,1,1.0,1,97026,A,0.0,0.0,972
201400058703,14,11,19,1345,1,2,1,1.0,1,97027,A,0.0,0.0,972
201400058704,14,11,25,700,1,2,9,1.0,3,97017,A,0.0,0.0,972
201400058705,14,12,8,1300,1,1,1,1.0,6,97020,A,0.0,0.0,972
201400058706,14,12,11,1615,1,1,1,1.0,1,97027,A,0.0,0.0,972
201400058707,14,12,29,45,3,2,1,8.0,1,97027,A,0.0,0.0,972
201400058708,14,12,29,1845,4,1,1,1.0,3,97026,A,0.0,0.0,972
201400058709,14,3,4,1930,3,1,1,1.0,1,97031,A,0.0,0.0,972
201400058710,14,3,26,1630,1,1,1,1.0,1,97021,A,0.0,0.0,972
201400058711,14,4,12,1700,1,1,1,7.0,3,97031,A,0.0,0.0,972
201400058712,14,6,5,800,1,2,1,1.0,6,97021,A,0.0,0.0,972
201400058713,14,6,21,845,4,1,1,1.0,7,97031,A,0.0,0.0,972
201400058714,14,6,27,1930,3,2,1,1.0,6,97031,A,0.0,0.0,972
201400058715,14,6,29,1815,1,2,1,1.0,1,97021,A,0.0,0.0,972
201400058716,14,8,13,1400,1,1,1,1.0,1,97002,A,0.0,0.0,972
201400058717,14,11,29,415,3,2,1,1.0,1,97021,A,0.0,0.0,972
201400058718,14,12,13,1230,1,1,1,1.0,4,97021,A,0.0,0.0,972
201400058719,14,3,28,1115,1,2,1,1.0,6,97023,A,0.0,0.0,972
201400058720,14,4,1,1200,1,2,1,1.0,7,97007,A,0.0,0.0,972
201400058721,14,4,26,1830,5,2,1,1.0,1,97007,A,0.0,0.0,972
201400058722,14,7,7,1245,1,1,1,1.0,7,97007,A,0.0,0.0,972
201400058723,14,9,13,245,3,1,9,2.0,1,97007,A,0.0,0.0,972
201400058724,14,4,30,1330,1,1,1,1.0,6,97001,A,0.0,0.0,972
201400058725,14,5,3,1345,1,1,1,1.0,1,97016,A,0.0,0.0,972
201400058726,14,9,4,1900,3,1,1,1.0,6,97014,A,0.0,0.0,972
201400058727,14,9,16,2315,5,1,1,1.0,1,97014,A,0.0,0.0,972
201400058728,14,9,23,2130,3,1,1,1.0,1,97014,A,0.0,0.0,972
201400058729,14,4,6,15,5,1,1,8.0,1,97022,A,0.0,0.0,972
201400058730,14,6,8,2315,5,2,1,1.0,6,97022,A,0.0,0.0,972
201400058731,14,8,2,1730,1,1,1,1.0,1,97022,A,0.0,0.0,972
201400058732,14,9,22,1145,1,1,1,1.0,1,97012,A,0.0,0.0,972
201400058733,14,10,25,1315,1,2,1,1.0,6,97012,A,0.0,0.0,972
201400058734,14,12,23,1830,5,2,1,1.0,3,97022,A,0.0,0.0,972
201400058735,14,5,25,230,5,2,1,1.0,6,97001,R,0.0,0.0,974
201400058736,14,4,29,545,1,2,6,1.0,3,97022,R,,,974
201400058737,14,11,22,15,3,2,1,1.0,1,97022,R,,,974
201400058738,14,11,27,1145,1,2,1,1.0,2,97022,R,,,974
201400058739,14,11,22,1700,1,1,1,1.0,6,97062,G,0.0,0.0,973
201400058740,14,1,6,1700,1,2,1,1.0,4,97005,A,0.0,0.0,971
201400058741,14,1,15,1949,5,2,1,1.0,6,97005,A,0.0,0.0,971
201400058742,14,1,16,2030,5,2,1,8.0,6,97002,A,0.0,0.0,971
201400058743,14,2,15,2236,5,2,1,1.0,6,97005,A,0.0,0.0,971
201400058744,14,2,17,1130,1,2,1,1.0,3,97005,A,0.0,0.0,971
201400058745,14,2,18,1430,1,2,1,3.0,3,97005,A,0.0,0.0,971
201400058746,14,2,20,1805,5,2,1,1.0,5,97005,A,0.0,0.0,971
201400058747,14,2,21,2245,5,2,6,1.0,3,97005,A,0.0,0.0,971