Num_Acc,an,mois,jour,hrmn,lum,agg,int,atm,col,com,gps,lat,long,dep
201400058748,14,2,23,2230,5,2,1,1.0,1,97005,A,0.0,0.0,971
201400058749,14,3,5,1715,1,2,3,1.0,1,97005,A,0.0,0.0,971
201400058750,14,4,9,1900,5,2,1,1.0,6,97005,A,0.0,0.0,971
201400058751,14,4,12,2040,5,2,1,1.0,6,97005,A,0.0,0.0,971
201400058752,14,5,3,615,1,2,1,1.0,6,97005,A,0.0,0.0,971
201400058753,14,5,5,740,1,2,1,1.0,6,97005,A,0.0,0.0,971
201400058754,14,7,31,1,5,1,1,1.0,6,97005,A,0.0,0.0,971
201400058755,14,8,7,2210,5,2,2,8.0,6,97005,A,0.0,0.0,971
201400058756,14,8,16,1945,5,2,6,1.0,3,97005,A,0.0,0.0,971
201400058757,14,8,24,1045,1,2,1,1.0,1,97005,A,0.0,0.0,971
201400058758,14,9,8,1125,1,2,1,1.0,3,97005,A,0.0,0.0,971
201400058759,14,9,17,400,5,2,1,1.0,6,97005,A,0.0,0.0,971
201400058760,14,9,20,1700,1,1,1,1.0,6,97005,A,0.0,0.0,971
201400058761,14,9,20,740,1,2,1,1.0,1,97005,A,0.0,0.0,971
201400058762,14,10,4,600,1,2,1,1.0,3,97005,A,0.0,0.0,971
201400058763,14,11,1,1840,5,2,1,2.0,6,97005,A,0.0,0.0,971
201400058764,14,11,24,1355,1,1,1,1.0,5,97005,A,0.0,0.0,971
201400058765,14,12,3,710,1,2,1,1.0,7,97005,A,0.0,0.0,971
201400058766,14,12,3,1245,1,2,1,1.0,2,97005,A,0.0,0.0,971
201400058767,14,12,11,1510,1,1,1,1.0,3,97005,A,0.0,0.0,971
201400058768,14,12,12,1400,1,2,1,1.0,2,97005,A,0.0,0.0,971
201400058769,14,1,2,1810,5,2,2,1.0,3,97007,A,0.0,0.0,971
201400058770,14,1,10,1300,1,2,9,1.0,3,97007,A,0.0,0.0,971
201400058771,14,2,6,900,1,2,3,1.0,3,97007,A,0.0,0.0,971
201400058772,14,3,22,1835,5,2,1,1.0,2,97007,A,0.0,0.0,971
201400058773,14,3,28,1900,5,2,1,1.0,2,97007,A,0.0,0.0,971
201400058774,14,4,29,1055,1,2,1,1.0,6,97007,A,0.0,0.0,971
201400058775,14,2,27,2155,3,2,1,1.0,6,97007,A,0.0,0.0,971
201400058776,14,6,26,1440,1,2,3,1.0,3,97007,A,0.0,0.0,971
201400058777,14,8,30,1600,1,2,1,1.0,6,97007,A,0.0,0.0,971
201400058778,14,4,5,945,1,2,3,1.0,2,97007,A,0.0,0.0,971
201400058779,14,7,16,1045,1,2,1,1.0,2,97007,A,0.0,0.0,971
201400058780,14,8,11,1055,1,2,1,1.0,1,97007,A,0.0,0.0,971
201400058781,14,8,21,1610,1,2,1,9.0,2,97007,A,0.0,0.0,971
201400058782,14,8,24,1050,1,2,1,1.0,5,97007,A,0.0,0.0,971
201400058783,14,8,30,1330,1,2,2,3.0,1,97007,A,0.0,0.0,971
201400058784,14,8,30,310,5,2,1,,6,97007,A,0.0,0.0,971
201400058785,14,9,17,1620,1,2,1,1.0,3,97007,A,0.0,0.0,971
201400058786,14,10,19,1325,1,2,3,1.0,3,97007,A,0.0,0.0,971
201400058787,14,11,13,1825,2,1,1,1.0,3,97007,A,0.0,0.0,971
201400058788,14,11,13,1825,4,1,3,8.0,7,97007,A,0.0,0.0,971
201400058789,14,11,13,1200,1,2,8,1.0,6,97007,A,0.0,0.0,971
201400058790,14,11,18,1710,2,2,1,1.0,6,97007,A,0.0,0.0,971
201400058791,14,11,19,1635,1,2,9,1.0,3,97007,A,0.0,0.0,971
201400058792,14,12,15,2030,5,2,1,1.0,3,97007,A,0.0,0.0,971
201400058793,14,1,11,238,5,1,1,1.0,6,97013,A,0.0,0.0,971
201400058794,14,1,18,1330,1,2,1,1.0,7,97020,A,0.0,0.0,971
201400058795,14,1,21,930,1,1,1,1.0,3,97013,A,0.0,0.0,971
201400058796,14,1,23,1816,1,2,3,1.0,3,97020,A,0.0,0.0,971
201400058797,14,2,7,1200,1,2,1,1.0,3,97001,A,0.0,0.0,971
201400058798,14,2,7,1625,1,2,1,1.0,3,97001,A,0.0,0.0,971
201400058799,14,2,13,805,1,2,1,1.0,3,97001,A,0.0,0.0,971
201400058800,14,6,26,1440,1,2,2,3.0,1,97007,A,0.0,0.0,971
201400058801,14,2,13,1430,1,1,1,1.0,1,97001,A,0.0,0.0,971
201400058802,14,2,20,745,1,1,1,1.0,2,97013,A,0.0,0.0,971
201400058803,14,2,21,1625,1,1,1,1.0,2,97001,A,0.0,0.0,971
201400058804,14,2,23,225,3,1,1,8.0,1,97001,A,0.0,0.0,971
201400058805,14,2,23,2020,5,2,1,1.0,3,97020,A,0.0,0.0,971
201400058806,14,2,24,1405,1,1,1,1.0,5,97001,A,0.0,0.0,971
201400058807,14,2,15,2045,3,2,1,9.0,1,97001,A,0.0,0.0,971
201400058808,14,2,23,1057,1,2,1,1.0,3,97020,A,0.0,0.0,971
201400058809,14,3,1,635,1,1,1,2.0,3,97001,A,0.0,0.0,971
201400058810,14,3,3,2250,5,2,1,1.0,7,97001,A,0.0,0.0,971
201400058811,14,11,13,1825,2,1,1,1.0,3,97020,A,0.0,0.0,971
201400058812,14,3,28,1935,3,1,1,1.0,1,97001,A,0.0,0.0,971
201400058813,14,11,13,1825,4,1,3,8.0,7,97020,A,0.0,0.0,971
201400058814,14,11,13,1200,1,2,8,1.0,6,97020,A,0.0,0.0,971
201400058815,14,3,30,1930,5,1,1,1.0,1,97001,A,0.0,0.0,971
201400058816,14,4,4,1915,5,2,3,1.0,3,97001,A,0.0,0.0,971
201400058817,14,11,19,1635,1,2,9,1.0,3,97020,A,0.0,0.0,971
201400058818,14,4,6,2300,4,2,1,1.0,6,97013,A,0.0,0.0,971
201400058819,14,4,11,20,5,2,3,1.0,3,97001,A,0.0,0.0,971
201400058820,14,4,10,2020,5,1,3,1.0,2,97013,A,0.0,0.0,971
201400058821,14,4,13,1947,5,2,1,1.0,1,97013,A,0.0,0.0,971
201400058822,14,4,15,1615,1,1,1,1.0,6,97001,A,0.0,0.0,971
201400058823,14,4,20,10,5,2,1,1.0,6,97013,A,0.0,0.0,971
201400058824,14,4,28,1600,1,1,1,1.0,3,97001,A,0.0,0.0,971
201400058825,14,5,1,2134,5,2,1,1.0,2,97013,A,0.0,0.0,971
201400058826,14,5,6,900,1,2,6,1.0,3,97001,A,0.0,0.0,971
201400058827,14,5,7,950,1,1,1,2.0,1,97001,A,0.0,0.0,971
201400058828,14,5,5,2230,3,1,1,1.0,6,97013,A,0.0,0.0,971
201400058829,14,5,6,2020,5,2,1,1.0,3,97013,A,0.0,0.0,971
201400058830,14,5,11,310,4,1,1,2.0,5,97001,A,0.0,0.0,971
201400058831,14,4,26,400,3,1,1,1.0,1,97013,A,0.0,0.0,971
201400058832,14,5,16,1335,1,1,1,1.0,7,97001,A,0.0,0.0,971
201400058833,14,5,20,1559,1,1,3,1.0,1,97001,A,0.0,0.0,971
201400058834,14,5,27,1550,1,2,3,1.0,1,97001,A,0.0,0.0,971
201400058835,14,5,28,2254,5,2,2,1.0,3,97020,A,0.0,0.0,971
201400058836,14,5,31,200,5,2,1,1.0,7,97020,A,0.0,0.0,971
201400058837,14,6,5,1945,5,1,1,2.0,4,97013,A,0.0,0.0,971
201400058838,14,6,7,2225,5,1,3,1.0,1,97013,A,0.0,0.0,971
201400058839,14,6,8,710,1,1,1,1.0,6,97001,A,0.0,0.0,971
201400058840,14,6,10,1914,5,2,6,1.0,3,97020,A,0.0,0.0,971
201400058841,14,6,18,1435,1,1,1,1.0,6,97001,A,0.0,0.0,971
201400058842,14,6,13,1920,5,2,1,1.0,3,97001,A,0.0,0.0,971
201400058843,14,6,26,1555,1,1,1,1.0,1,97013,A,0.0,0.0,971
201400058844,14,6,28,845,1,1,1,1.0,2,97013,A,0.0,0.0,971
201400058845,14,6,28,600,1,1,1,1.0,7,97013,A,0.0,0.0,971
201400058846,14,6,27,1759,1,2,1,1.0,5,97001,A,0.0,0.0,971
201400058847,14,7,6,2220,5,2,1,1.0,1,97013,A,0.0,0.0,971
201400058848,14,7,8,1500,1,2,6,1.0,3,97001,A,0.0,0.0,971
201400058849,14,7,15,1715,1,2,2,1.0,3,97020,A,0.0,0.0,971
201400058850,14,7,10,2105,5,1,1,1.0,2,97013,A,0.0,0.0,971
201400058851,14,7,19,2115,5,2,2,1.0,7,97020,A,0.0,0.0,971
201400058852,14,7,20,1915,5,1,4,1.0,2,97001,A,0.0,0.0,971
201400058853,14,7,22,915,1,1,3,1.0,2,97001,A,0.0,0.0,971
201400058854,14,7,31,2320,5,2,2,1.0,3,97001,A,0.0,0.0,971
201400058855,14,8,1,240,3,2,1,1.0,7,97001,A,0.0,0.0,971
201400058856,14,8,4,1140,1,2,3,2.0,3,97001,A,0.0,0.0,971
201400058857,14,8,8,250,5,2,1,3.0,1,97013,A,0.0,0.0,971
201400058858,14,7,19,400,5,2,2,1.0,3,97001,A,0.0,0.0,971
201400058859,14,8,25,1500,1,2,1,1.0,4,97013,A,0.0,0.0,971
201400058860,14,8,26,530,2,1,1,1.0,2,97001,A,0.0,0.0,971
201400058861,14,9,2,1650,1,1,1,1.0,3,97013,A,0.0,0.0,971
201400058862,14,9,4,645,1,1,1,2.0,5,97013,A,0.0,0.0,971
201400058863,14,9,5,1540,1,1,1,3.0,3,97001,A,0.0,0.0,971
201400058864,14,9,9,1500,1,2,2,1.0,3,97001,A,0.0,0.0,971
201400058865,14,9,6,2220,5,1,1,1.0,7,97013,A,0.0,0.0,971
201400058866,14,9,11,2045,4,2,9,1.0,7,97001,A,0.0,0.0,971
201400058867,14,9,16,2100,5,2,2,1.0,3,97020,A,0.0,0.0,971
201400058868,14,9,17,1355,1,2,2,1.0,3,97001,A,0.0,0.0,971
201400058869,14,9,19,730,1,1,3,1.0,3,97013,A,0.0,0.0,971
201400058870,14,9,19,1715,1,1,1,1.0,2,97001,A,0.0,0.0,971
201400058871,14,9,20,1200,1,1,1,2.0,1,97001,A,0.0,0.0,971
201400058872,14,9,23,1340,1,2,1,1.0,5,97001,A,0.0,0.0,971
201400058873,14,9,26,1725,1,2,1,2.0,2,97001,A,0.0,0.0,971
201400058874,14,9,28,1245,1,2,3,1.0,7,97020,A,0.0,0.0,971
201400058875,14,9,28,1715,1,2,1,1.0,7,97001,A,0.0,0.0,971
201400058876,14,10,3,1040,1,1,1,1.0,7,97001,A,0.0,0.0,971
201400058877,14,10,3,1120,1,2,3,1.0,3,97001,A,0.0,0.0,971
201400058878,14,10,7,700,1,2,1,1.0,2,97001,A,0.0,0.0,971
201400058879,14,10,7,1910,5,2,1,1.0,2,97001,A,0.0,0.0,971
201400058880,14,10,20,1050,1,2,1,1.0,5,97001,A,0.0,0.0,971
201400058881,14,9,27,2024,5,1,1,9.0,7,97001,A,0.0,0.0,971
201400058882,14,10,23,1845,5,2,1,1.0,7,97001,A,0.0,0.0,971
201400058883,14,10,25,845,1,2,4,1.0,7,97001,A,0.0,0.0,971
201400058884,14,10,29,1800,5,2,1,2.0,7,97001,A,0.0,0.0,971
201400058885,14,10,30,1430,1,2,1,1.0,6,97001,A,0.0,0.0,971
201400058886,14,11,9,2145,5,1,1,2.0,2,97013,A,0.0,0.0,971
201400058887,14,11,17,1315,1,2,1,1.0,7,97001,A,0.0,0.0,971
201400058888,14,11,13,1755,5,1,1,1.0,7,97013,A,0.0,0.0,971
201400058889,14,11,23,345,5,1,1,1.0,7,97020,A,0.0,0.0,971
201400058890,14,11,25,2117,5,2,1,1.0,3,97001,A,0.0,0.0,971
201400058891,14,11,29,1420,1,2,1,1.0,6,97001,A,0.0,0.0,971
201400058892,14,12,1,1530,1,2,3,1.0,3,97001,A,0.0,0.0,971
201400058893,14,12,5,1620,1,2,4,1.0,1,97001,A,0.0,0.0,971
201400058894,14,12,6,1000,1,1,3,1.0,1,97001,A,0.0,0.0,971
201400058895,14,12,8,1355,1,2,9,1.0,7,97001,A,0.0,0.0,971
201400058896,14,12,11,1955,5,1,1,1.0,7,97001,A,0.0,0.0,971
201400058897,14,12,12,1745,5,2,3,1.0,5,97001,A,0.0,0.0,971
201400058898,14,12,17,2047,5,2,1,1.0,3,97001,A,0.0,0.0,971
201400058899,14,12,19,1835,3,2,1,1.0,7,97001,A,0.0,0.0,971
201400058900,14,12,20,510,5,2,2,1.0,7,97020,A,0.0,0.0,971
201400058901,14,12,22,1440,1,2,1,1.0,1,97001,A,0.0,0.0,971
201400058902,14,12,22,1815,2,2,3,1.0,3,97013,A,0.0,0.0,971
201400058903,14,12,26,135,5,1,4,2.0,1,97001,A,0.0,0.0,971
201400058904,14,12,26,244,5,2,1,1.0,3,97001,A,0.0,0.0,971
201400058905,14,12,17,2254,5,1,9,1.0,6,97001,A,0.0,0.0,971
201400058906,14,1,1,555,2,2,1,1.0,6,97009,A,0.0,0.0,972
201400058907,14,1,4,1525,1,2,1,1.0,1,97009,A,0.0,0.0,972
201400058908,14,1,7,847,1,2,2,1.0,6,97009,A,0.0,0.0,972
201400058909,14,1,7,1205,1,2,1,1.0,6,97009,A,0.0,0.0,972
201400058910,14,1,8,2110,5,2,1,1.0,1,97009,A,0.0,0.0,972
201400058911,14,1,10,1245,1,2,1,1.0,6,97009,A,0.0,0.0,972
201400058912,14,1,11,120,5,1,1,1.0,7,97009,A,0.0,0.0,972
201400058913,14,1,12,1812,2,2,2,3.0,1,97009,A,0.0,0.0,972
201400058914,14,1,12,1955,5,2,2,6.0,1,97009,A,0.0,0.0,972
201400058915,14,1,15,1030,1,2,1,1.0,1,97009,A,0.0,0.0,972
201400058916,14,1,16,2240,5,2,1,1.0,6,97009,A,0.0,0.0,972
201400058917,14,1,17,1912,5,2,1,8.0,7,97009,A,0.0,0.0,972
201400058918,14,1,19,2000,5,2,1,1.0,1,97009,A,0.0,0.0,972
201400058919,14,1,19,2235,5,2,2,1.0,3,97009,A,0.0,0.0,972
201400058920,14,1,22,1250,1,2,1,1.0,6,97009,A,0.0,0.0,972
201400058921,14,1,24,1705,1,2,1,1.0,6,97009,A,0.0,0.0,972
201400058922,14,1,27,1635,1,2,3,1.0,3,97009,A,0.0,0.0,972
201400058923,14,1,28,2035,5,2,1,1.0,6,97009,A,0.0,0.0,972
201400058924,14,2,1,455,5,2,3,1.0,3,97009,A,0.0,0.0,972
201400058925,14,2,2,1615,1,2,3,1.0,3,97009,A,0.0,0.0,972
201400058926,14,2,10,750,1,1,1,1.0,6,97009,A,0.0,0.0,972
201400058927,14,2,11,1155,1,2,1,1.0,2,97009,A,0.0,0.0,972
201400058928,14,2,12,1650,1,2,1,1.0,6,97009,A,0.0,0.0,972
201400058929,14,2,13,655,1,1,1,1.0,6,97009,A,0.0,0.0,972
201400058930,14,2,15,220,5,2,1,1.0,7,97009,A,0.0,0.0,972
201400058931,14,2,15,1042,1,2,1,1.0,6,97009,A,0.0,0.0,972
201400058932,14,2,16,455,5,2,1,1.0,6,97009,A,0.0,0.0,972
201400058933,14,2,18,945,1,2,1,1.0,5,97009,A,0.0,0.0,972
201400058934,14,2,20,715,1,2,1,1.0,1,97009,A,0.0,0.0,972
201400058935,14,2,25,1000,1,2,9,1.0,6,97009,A,0.0,0.0,972
201400058936,14,2,26,1140,1,2,1,1.0,6,97009,A,0.0,0.0,972
201400058937,14,3,1,1755,2,1,1,1.0,7,97009,A,0.0,0.0,972
201400058938,14,3,2,1945,5,2,1,1.0,1,97009,A,0.0,0.0,972
201400058939,14,3,3,1230,1,2,1,1.0,6,97009,A,0.0,0.0,972
201400058940,14,3,4,130,3,1,1,1.0,6,97009,A,0.0,0.0,972
201400058941,14,3,4,1950,5,2,1,1.0,6,97009,A,0.0,0.0,972
201400058942,14,3,7,910,1,2,1,1.0,6,97009,A,0.0,0.0,972
201400058943,14,3,7,1335,1,2,1,1.0,6,97009,A,0.0,0.0,972
201400058944,14,3,7,1905,3,1,1,8.0,1,97009,A,0.0,0.0,972
201400058945,14,3,8,1900,5,1,1,1.0,6,97009,A,0.0,0.0,972
201400058946,14,3,11,1533,1,2,1,1.0,6,97009,A,0.0,0.0,972
201400058947,14,3,13,1445,1,2,1,1.0,6,97009,A,0.0,0.0,972
201400058948,14,3,16,110,5,1,1,8.0,7,97009,A,0.0,0.0,972
201400058949,14,3,17,804,1,2,1,1.0,3,97009,A,0.0,0.0,972
201400058950,14,3,18,1815,2,1,1,8.0,7,97009,A,0.0,0.0,972
201400058951,14,3,21,800,1,2,1,1.0,6,97009,A,0.0,0.0,972
201400058952,14,3,22,2000,5,2,1,1.0,7,97009,A,0.0,0.0,972
201400058953,14,3,25,1515,1,2,1,1.0,3,97009,A,0.0,0.0,972
201400058954,14,3,27,840,1,2,1,1.0,6,97009,A,0.0,0.0,972
201400058955,14,3,27,2033,5,2,1,1.0,6,97009,A,0.0,0.0,972
201400058956,14,3,28,2000,5,1,1,1.0,6,97009,A,0.0,0.0,972
201400058957,14,3,31,1515,1,1,1,1.0,6,97009,A,0.0,0.0,972
201400058958,14,4,2,1055,1,2,1,1.0,1,97009,A,0.0,0.0,972
201400058959,14,4,5,1205,1,2,1,1.0,6,97009,A,0.0,0.0,972
201400058960,14,4,7,1350,1,2,1,1.0,6,97009,A,0.0,0.0,972
201400058961,14,4,9,1150,1,2,1,1.0,6,97009,A,0.0,0.0,972
201400058962,14,4,11,1820,2,2,1,1.0,1,97009,A,0.0,0.0,972
201400058963,14,4,19,1617,1,2,1,1.0,6,97009,A,0.0,0.0,972
201400058964,14,4,19,2210,5,2,1,1.0,7,97009,A,0.0,0.0,972
201400058965,14,4,20,455,2,2,1,1.0,7,97009,A,0.0,0.0,972
201400058966,14,4,23,815,1,2,1,1.0,6,97009,A,0.0,0.0,972
201400058967,14,4,24,1648,1,2,1,1.0,6,97009,A,0.0,0.0,972
201400058968,14,5,1,455,2,1,1,1.0,6,97009,A,0.0,0.0,972
201400058969,14,5,2,2110,5,2,1,1.0,6,97009,A,0.0,0.0,972
201400058970,14,5,3,2138,5,2,1,1.0,1,97009,A,0.0,0.0,972
201400058971,14,5,6,630,1,2,1,1.0,6,97009,A,0.0,0.0,972
201400058972,14,5,7,1230,1,2,1,1.0,3,97009,A,0.0,0.0,972
201400058973,14,5,9,735,1,2,1,8.0,7,97009,A,0.0,0.0,972
201400058974,14,5,10,1030,1,2,3,1.0,6,97009,A,0.0,0.0,972
201400058975,14,5,11,1355,1,2,1,1.0,7,97009,A,0.0,0.0,972
201400058976,14,5,16,1355,1,2,1,1.0,2,97009,A,0.0,0.0,972
201400058977,14,5,19,857,1,2,3,1.0,3,97009,A,0.0,0.0,972
201400058978,14,5,20,1915,5,2,1,1.0,2,97009,A,0.0,0.0,972
201400058979,14,5,26,1050,1,2,1,1.0,6,97009,A,0.0,0.0,972
201400058980,14,5,27,1130,1,2,1,1.0,6,97009,A,0.0,0.0,972
201400058981,14,5,29,1445,1,2,1,1.0,2,97009,A,0.0,0.0,972
201400058982,14,5,31,540,2,2,1,1.0,7,97009,A,0.0,0.0,972
201400058983,14,6,3,645,1,2,1,1.0,4,97009,A,0.0,0.0,972
201400058984,14,6,4,1145,1,1,1,1.0,6,97009,A,0.0,0.0,972
201400058985,14,6,5,1935,5,1,1,1.0,6,97009,A,0.0,0.0,972
201400058986,14,6,6,1455,1,2,1,1.0,6,97009,A,0.0,0.0,972
201400058987,14,6,9,1935,5,2,1,1.0,6,97009,A,0.0,0.0,972
201400058988,14,6,11,1015,1,2,1,1.0,6,97009,A,0.0,0.0,972
201400058989,14,6,12,2305,5,2,2,1.0,6,97009,A,0.0,0.0,972
201400058990,14,6,18,1930,5,1,1,1.0,6,97009,A,0.0,0.0,972
201400058991,14,6,22,440,5,2,1,1.0,1,97009,A,0.0,0.0,972
201400058992,14,6,26,855,1,1,3,1.0,6,97009,A,0.0,0.0,972
201400058993,14,6,27,815,1,2,1,1.0,6,97009,A,0.0,0.0,972
201400058994,14,6,28,330,5,2,1,1.0,7,97009,A,0.0,0.0,972
201400058995,14,7,1,1005,1,2,3,1.0,3,97009,A,0.0,0.0,972
201400058996,14,7,4,1505,1,2,9,1.0,6,97009,A,0.0,0.0,972
201400058997,14,7,4,1130,1,2,1,1.0,6,97009,A,0.0,0.0,972
201400058998,14,7,16,1555,1,2,1,1.0,6,97009,A,0.0,0.0,972
201400058999,14,7,17,1315,1,1,1,1.0,6,97009,A,0.0,0.0,972
201400059000,14,7,18,1055,1,1,1,1.0,6,97009,A,0.0,0.0,972
201400059001,14,7,23,1445,1,1,1,1.0,7,97009,A,0.0,0.0,972
201400059002,14,7,24,2100,5,2,1,1.0,6,97009,A,0.0,0.0,972
201400059003,14,7,29,935,1,2,1,1.0,6,97009,A,0.0,0.0,972
201400059004,14,8,2,1655,1,2,1,1.0,2,97009,A,0.0,0.0,972
201400059005,14,8,3,2215,3,1,1,1.0,6,97009,A,0.0,0.0,972
201400059006,14,8,8,1450,1,2,1,1.0,6,97009,A,0.0,0.0,972
201400059007,14,8,10,1515,1,2,1,1.0,3,97009,A,0.0,0.0,972
201400059008,14,8,15,1225,1,1,1,1.0,1,97009,A,0.0,0.0,972
201400059009,14,8,20,550,1,1,1,1.0,6,97009,A,0.0,0.0,972
201400059010,14,8,22,2040,5,2,2,1.0,3,97009,A,0.0,0.0,972
201400059011,14,8,26,10,5,2,1,1.0,6,97009,A,0.0,0.0,972
201400059012,14,8,30,625,1,1,1,2.0,7,97009,A,0.0,0.0,972
201400059013,14,8,30,1311,1,1,3,1.0,3,97009,A,0.0,0.0,972
201400059014,14,9,1,905,1,2,1,1.0,3,97009,A,0.0,0.0,972
201400059015,14,9,2,2055,5,2,1,1.0,3,97009,A,0.0,0.0,972
201400059016,14,9,3,1855,5,2,1,1.0,6,97009,A,0.0,0.0,972
201400059017,14,9,4,1400,1,2,1,1.0,6,97009,A,0.0,0.0,972
201400059018,14,9,5,810,1,1,1,1.0,6,97009,A,0.0,0.0,972
201400059019,14,9,14,1830,3,1,1,1.0,6,97009,A,0.0,0.0,972
201400059020,14,9,15,1925,5,2,1,1.0,6,97009,A,0.0,0.0,972
201400059021,14,9,18,750,1,2,1,1.0,6,97009,A,0.0,0.0,972
201400059022,14,9,24,2120,5,2,2,2.0,1,97009,A,0.0,0.0,972
201400059023,14,9,26,2140,3,2,1,1.0,1,97009,A,0.0,0.0,972
201400059024,14,9,28,940,1,2,1,1.0,6,97009,A,0.0,0.0,972
201400059025,14,9,29,2130,5,2,1,1.0,6,97009,A,0.0,0.0,972
201400059026,14,9,30,1110,1,2,1,1.0,6,97009,A,0.0,0.0,972
201400059027,14,10,4,1809,2,2,1,1.0,5,97009,A,0.0,0.0,972
201400059028,14,10,8,2207,5,2,1,1.0,1,97009,A,0.0,0.0,972
201400059029,14,10,9,1225,1,2,2,2.0,1,97009,A,0.0,0.0,972
201400059030,14,10,12,823,1,2,1,1.0,6,97009,A,0.0,0.0,972
201400059031,14,10,13,1945,5,2,1,1.0,1,97009,A,0.0,0.0,972
201400059032,14,10,14,655,1,2,3,3.0,5,97009,A,0.0,0.0,972
201400059033,14,10,14,1530,1,2,1,1.0,1,97009,A,0.0,0.0,972
201400059034,14,10,16,1650,1,2,1,1.0,6,97009,A,0.0,0.0,972
201400059035,14,10,17,1200,1,2,1,1.0,3,97009,A,0.0,0.0,972
201400059036,14,10,17,1355,1,1,1,1.0,3,97009,A,0.0,0.0,972
201400059037,14,10,19,650,1,2,1,1.0,7,97009,A,0.0,0.0,972
201400059038,14,10,22,535,2,1,1,8.0,6,97009,A,0.0,0.0,972
201400059039,14,10,24,756,1,2,3,1.0,6,97009,A,0.0,0.0,972
201400059040,14,10,29,300,5,2,1,1.0,1,97009,A,0.0,0.0,972
201400059041,14,10,31,2115,5,2,3,1.0,6,97009,A,0.0,0.0,972
201400059042,14,11,3,1645,1,1,1,1.0,6,97009,A,0.0,0.0,972
201400059043,14,11,6,1855,5,2,1,1.0,6,97009,A,0.0,0.0,972
201400059044,14,11,7,830,1,2,1,1.0,6,97009,A,0.0,0.0,972
201400059045,14,11,14,630,5,2,1,1.0,6,97009,A,0.0,0.0,972
201400059046,14,11,16,200,5,2,1,1.0,6,97009,A,0.0,0.0,972
201400059047,14,11,25,640,1,2,1,1.0,6,97009,A,0.0,0.0,972
201400059048,14,11,25,1115,1,1,3,1.0,6,97009,A,0.0,0.0,972
201400059049,14,11,28,1900,5,1,1,1.0,2,97009,A,0.0,0.0,972
201400059050,14,11,29,1815,5,2,1,1.0,6,97009,A,0.0,0.0,972
201400059051,14,11,30,215,5,2,1,1.0,6,97009,A,0.0,0.0,972
201400059052,14,12,4,920,1,1,1,1.0,6,97009,A,0.0,0.0,972
201400059053,14,12,4,2015,5,2,3,1.0,3,97009,A,0.0,0.0,972
201400059054,14,12,4,1115,1,2,1,8.0,6,97009,A,0.0,0.0,972
201400059055,14,12,6,1730,1,2,1,1.0,7,97009,A,0.0,0.0,972
201400059056,14,12,11,1325,1,1,1,1.0,1,97009,A,0.0,0.0,972
201400059057,14,12,12,744,1,1,3,1.0,3,97009,A,0.0,0.0,972
201400059058,14,12,13,525,2,1,1,8.0,7,97009,A,0.0,0.0,972
201400059059,14,12,14,410,5,2,1,1.0,6,97009,A,0.0,0.0,972
201400059060,14,12,16,755,1,1,1,1.0,6,97009,A,0.0,0.0,972
201400059061,14,12,18,834,1,1,3,1.0,3,97009,A,0.0,0.0,972
201400059062,14,12,19,1935,5,2,1,1.0,6,97009,A,0.0,0.0,972
201400059063,14,12,24,2050,5,2,3,1.0,6,97009,A,0.0,0.0,972
201400059064,14,12,25,1955,5,1,1,1.0,7,97009,A,0.0,0.0,972
201400059065,14,12,26,1324,1,1,1,1.0,3,97009,A,0.0,0.0,972
201400059066,14,12,27,930,1,2,1,1.0,6,97009,A,0.0,0.0,972
201400059067,14,12,27,1120,1,2,1,1.0,7,97009,A,0.0,0.0,972
201400059068,14,12,26,1600,1,2,1,1.0,6,97009,A,0.0,0.0,972
201400059069,14,12,28,2040,5,1,1,8.0,6,97009,A,0.0,0.0,972
201400059070,14,12,30,740,1,1,1,8.0,7,97009,A,0.0,0.0,972
201400059071,14,12,30,1100,1,2,1,1.0,6,97009,A,0.0,0.0,972
201400059072,14,12,31,1610,1,2,2,1.0,6,97009,A,0.0,0.0,972
201400059073,14,1,7,1512,1,2,1,1.0,6,97013,A,0.0,0.0,972
201400059074,14,1,18,515,5,1,1,1.0,6,97013,A,0.0,0.0,972
201400059075,14,1,23,2217,5,2,1,1.0,6,97013,A,0.0,0.0,972
201400059076,14,2,6,1825,5,1,6,1.0,3,97013,A,0.0,0.0,972
201400059077,14,2,7,640,1,1,1,2.0,6,97013,A,0.0,0.0,972
201400059078,14,2,8,1940,3,1,1,1.0,3,97013,A,0.0,0.0,972
201400059079,14,2,18,1330,1,1,1,1.0,1,97013,A,0.0,0.0,972
201400059080,14,2,12,2245,5,1,1,1.0,3,97013,A,0.0,0.0,972
201400059081,14,2,22,2255,3,1,1,1.0,1,97013,A,0.0,0.0,972
201400059082,14,3,3,620,1,2,1,1.0,6,97013,A,0.0,0.0,972
201400059083,14,3,13,305,5,2,1,1.0,6,97013,A,0.0,0.0,972
201400059084,14,3,14,120,5,2,1,1.0,6,97013,A,0.0,0.0,972
201400059085,14,3,14,1552,1,1,1,1.0,1,97013,A,0.0,0.0,972
201400059086,14,3,20,800,1,1,1,1.0,1,97013,A,0.0,0.0,972
201400059087,14,3,26,712,1,1,1,1.0,6,97013,A,0.0,0.0,972
201400059088,14,3,26,752,1,2,2,3.0,1,97013,A,0.0,0.0,972
201400059089,14,3,30,2040,5,2,1,1.0,1,97013,A,0.0,0.0,972
201400059090,14,4,3,841,1,1,1,1.0,6,97013,A,0.0,0.0,972
201400059091,14,4,3,1104,1,1,1,1.0,7,97013,A,0.0,0.0,972
201400059092,14,4,8,1910,5,1,1,1.0,6,97013,A,0.0,0.0,972
201400059093,14,4,9,650,1,1,1,1.0,6,97013,A,0.0,0.0,972
201400059094,14,4,14,1837,2,1,2,1.0,3,97013,A,0.0,0.0,972
201400059095,14,4,17,2247,4,1,1,1.0,3,97013,A,0.0,0.0,972
201400059096,14,4,19,231,3,1,1,1.0,4,97013,A,0.0,0.0,972
201400059097,14,4,19,1720,2,1,1,1.0,4,97013,A,0.0,0.0,972
201400059098,14,4,27,1630,1,1,1,1.0,3,97013,A,0.0,0.0,972
201400059099,14,5,2,753,1,1,1,1.0,5,97013,A,0.0,0.0,972
201400059100,14,5,3,944,1,1,1,1.0,2,97013,A,0.0,0.0,972
201400059101,14,5,4,2145,3,1,1,1.0,6,97013,A,0.0,0.0,972
201400059102,14,5,10,2105,3,1,1,1.0,3,97013,A,0.0,0.0,972
201400059103,14,5,17,508,4,1,1,1.0,2,97013,A,0.0,0.0,972
201400059104,14,5,19,1015,1,2,1,1.0,6,97013,A,0.0,0.0,972
201400059105,14,5,23,1940,5,2,1,1.0,6,97013,A,0.0,0.0,972