Num_Acc,an,mois,jour,hrmn,lum,agg,int,atm,col,com,gps,lat,long,dep
201400059106,14,5,28,1340,1,2,1,1.0,6,97013,A,0.0,0.0,972
201400059107,14,5,29,1942,5,2,3,1.0,3,97013,A,0.0,0.0,972
201400059108,14,6,3,1600,1,2,1,1.0,6,97013,A,0.0,0.0,972
201400059109,14,6,6,925,1,2,1,1.0,6,97013,A,0.0,0.0,972
201400059110,14,6,6,1213,1,2,1,1.0,1,97013,A,0.0,0.0,972
201400059111,14,6,9,1740,1,2,1,1.0,1,97013,A,0.0,0.0,972
201400059112,14,6,12,1235,1,2,1,9.0,1,97013,A,0.0,0.0,972
201400059113,14,6,22,49,5,1,1,2.0,6,97013,A,0.0,0.0,972
201400059114,14,6,22,1800,1,1,1,1.0,7,97013,A,0.0,0.0,972
201400059115,14,7,7,950,1,1,1,1.0,6,97013,A,0.0,0.0,972
201400059116,14,7,11,822,1,1,1,1.0,2,97013,A,0.0,0.0,972
201400059117,14,7,17,1710,1,1,1,1.0,1,97013,A,0.0,0.0,972
201400059118,14,7,20,1634,1,1,1,1.0,1,97013,A,0.0,0.0,972
201400059119,14,7,21,26,5,1,1,1.0,7,97013,A,0.0,0.0,972
201400059120,14,7,31,1543,1,1,1,1.0,1,97013,A,0.0,0.0,972
201400059121,14,8,9,2055,5,2,1,1.0,1,97013,A,0.0,0.0,972
201400059122,14,8,14,2255,5,1,1,1.0,2,97013,A,0.0,0.0,972
201400059123,14,8,15,322,5,1,1,1.0,3,97013,A,0.0,0.0,972
201400059124,14,8,23,1735,1,1,3,1.0,3,97013,A,0.0,0.0,972
201400059125,14,8,26,1200,1,1,1,1.0,4,97013,A,0.0,0.0,972
201400059126,14,8,26,1414,1,1,1,1.0,3,97013,A,0.0,0.0,972
201400059127,14,8,31,2027,5,1,1,1.0,6,97013,A,0.0,0.0,972
201400059128,14,9,3,840,5,2,1,1.0,1,97013,A,0.0,0.0,972
201400059129,14,9,9,900,1,2,1,1.0,1,97013,A,0.0,0.0,972
201400059130,14,9,12,800,1,2,3,3.0,1,97013,A,0.0,0.0,972
201400059131,14,9,16,1315,1,2,1,1.0,1,97013,A,0.0,0.0,972
201400059132,14,9,20,815,1,1,1,1.0,1,97013,A,0.0,0.0,972
201400059133,14,9,28,530,2,1,1,1.0,5,97013,A,0.0,0.0,972
201400059134,14,9,28,1853,2,2,1,1.0,1,97013,A,0.0,0.0,972
201400059135,14,10,1,800,1,2,1,1.0,1,97013,A,0.0,0.0,972
201400059136,14,10,2,1925,3,1,1,1.0,5,97013,A,0.0,0.0,972
201400059137,14,10,4,1315,1,2,1,,5,97013,A,0.0,0.0,972
201400059138,14,10,4,1450,1,2,1,1.0,6,97013,A,0.0,0.0,972
201400059139,14,10,4,2345,3,2,1,1.0,5,97013,A,0.0,0.0,972
201400059140,14,10,16,1000,1,1,1,1.0,1,97013,A,0.0,0.0,972
201400059141,14,10,22,730,1,1,1,1.0,1,97013,A,0.0,0.0,972
201400059142,14,10,25,205,3,2,1,1.0,6,97013,A,0.0,0.0,972
201400059143,14,10,27,45,3,2,1,1.0,6,97013,A,0.0,0.0,972
201400059144,14,10,30,1810,2,2,1,1.0,6,97013,A,0.0,0.0,972
201400059145,14,10,31,2325,3,2,1,1.0,3,97013,A,0.0,0.0,972
201400059146,14,11,1,545,3,1,1,1.0,6,97013,A,0.0,0.0,972
201400059147,14,11,3,1220,1,1,1,1.0,2,97013,A,0.0,0.0,972
201400059148,14,11,6,1430,1,1,1,1.0,4,97013,A,0.0,0.0,972
201400059149,14,11,13,1945,5,1,1,1.0,6,97013,A,0.0,0.0,972
201400059150,14,11,17,1010,1,1,1,1.0,2,97013,A,0.0,0.0,972
201400059151,14,11,21,1125,1,1,1,1.0,1,97013,A,0.0,0.0,972
201400059152,14,11,26,1415,1,1,1,1.0,6,97013,A,0.0,0.0,972
201400059153,14,12,2,1645,1,1,1,1.0,2,97013,A,0.0,0.0,972
201400059154,14,12,2,1710,1,2,1,1.0,6,97013,A,0.0,0.0,972
201400059155,14,12,5,1450,1,1,1,1.0,3,97013,A,0.0,0.0,972
201400059156,14,12,10,1205,1,1,1,1.0,3,97013,A,0.0,0.0,972
201400059157,14,12,10,1530,1,1,1,1.0,1,97013,A,0.0,0.0,972
201400059158,14,12,13,50,3,1,1,1.0,2,97013,A,0.0,0.0,972
201400059159,14,12,20,50,5,2,3,1.0,1,97013,A,0.0,0.0,972
201400059160,14,12,20,1450,1,2,1,1.0,1,97013,A,0.0,0.0,972
201400059161,14,12,25,1210,1,1,1,1.0,6,97013,A,0.0,0.0,972
201400059162,14,12,28,130,3,1,1,1.0,1,97013,A,0.0,0.0,972
201400059163,14,12,28,930,1,1,1,1.0,2,97013,A,0.0,0.0,972
201400059164,14,10,2,1253,1,1,1,1.0,2,97002,G,0.0,0.0,973
201400059165,14,9,9,2310,5,1,2,2.0,1,97002,G,0.0,0.0,973
201400059166,14,1,6,920,1,1,1,1.0,1,97002,G,0.0,0.0,973
201400059167,14,1,6,1815,1,2,3,3.0,1,97002,G,0.0,0.0,973
201400059168,14,1,8,1325,1,2,2,6.0,1,97002,G,0.0,0.0,973
201400059169,14,1,10,750,1,2,1,,2,97002,G,0.0,0.0,973
201400059170,14,1,12,2038,5,1,1,1.0,2,97002,G,0.0,0.0,973
201400059171,14,1,13,1610,1,2,1,,5,97002,G,0.0,0.0,973
201400059172,14,1,13,1715,1,1,1,1.0,1,97002,G,0.0,0.0,973
201400059173,14,1,15,1650,1,1,4,3.0,2,97002,G,0.0,0.0,973
201400059174,14,1,16,1540,1,2,1,1.0,3,97002,G,0.0,0.0,973
201400059175,14,1,17,1120,1,2,1,1.0,3,97002,G,0.0,0.0,973
201400059176,14,1,18,1630,1,2,1,1.0,3,97002,G,0.0,0.0,973
201400059177,14,1,14,1000,1,2,1,1.0,1,97002,G,0.0,0.0,973
201400059178,14,1,20,1725,1,2,1,1.0,3,97002,G,0.0,0.0,973
201400059179,14,1,22,1510,1,2,3,1.0,3,97002,G,0.0,0.0,973
201400059180,14,1,26,1025,1,2,3,1.0,6,97002,G,0.0,0.0,973
201400059181,14,1,27,1318,1,1,1,1.0,3,97002,G,0.0,0.0,973
201400059182,14,1,31,1420,1,1,1,2.0,3,97002,G,0.0,0.0,973
201400059183,14,2,1,1825,1,2,1,1.0,1,97002,G,0.0,0.0,973
201400059184,14,2,1,1910,2,2,1,1.0,1,97002,G,0.0,0.0,973
201400059185,14,2,3,1500,1,2,1,1.0,6,97002,G,0.0,0.0,973
201400059186,14,2,5,1946,5,1,1,,5,97002,G,0.0,0.0,973
201400059187,14,10,14,1215,1,1,1,1.0,2,97002,G,0.0,0.0,973
201400059188,14,2,6,1245,1,1,1,1.0,3,97002,G,0.0,0.0,973
201400059189,14,2,7,1640,1,2,1,1.0,1,97002,G,0.0,0.0,973
201400059190,14,12,19,1215,1,1,1,1.0,3,97002,G,0.0,0.0,973
201400059191,14,12,13,1444,1,2,3,1.0,3,97002,G,0.0,0.0,973
201400059192,14,2,12,1820,2,1,1,1.0,1,97002,G,0.0,0.0,973
201400059193,14,2,14,1520,1,2,3,3.0,1,97002,G,0.0,0.0,973
201400059194,14,2,18,1840,1,1,1,1.0,1,97002,G,0.0,0.0,973
201400059195,14,2,18,1935,5,2,1,1.0,1,97002,G,0.0,0.0,973
201400059196,14,2,19,829,1,2,3,3.0,1,97002,G,0.0,0.0,973
201400059197,14,2,20,1147,1,1,1,1.0,2,97002,G,0.0,0.0,973
201400059198,14,2,21,950,1,1,1,1.0,6,97002,G,0.0,0.0,973
201400059199,14,2,26,1645,1,1,2,3.0,5,97002,G,0.0,0.0,973
201400059200,14,2,27,2020,5,2,2,2.0,3,97002,G,0.0,0.0,973
201400059201,14,2,28,1130,1,1,1,1.0,1,97002,G,0.0,0.0,973
201400059202,14,3,6,1735,1,2,1,1.0,2,97002,G,0.0,0.0,973
201400059203,14,3,6,1930,5,2,1,1.0,6,97002,G,0.0,0.0,973
201400059204,14,3,6,1506,1,1,9,1.0,3,97002,G,0.0,0.0,973
201400059205,14,3,6,1300,1,2,1,1.0,6,97002,G,0.0,0.0,973
201400059206,14,3,8,1440,1,2,1,1.0,6,97002,G,0.0,0.0,973
201400059207,14,3,15,2245,5,2,1,1.0,3,97002,G,0.0,0.0,973
201400059208,14,3,12,725,1,1,1,1.0,3,97002,G,0.0,0.0,973
201400059209,14,3,14,2010,5,2,1,1.0,1,97002,G,0.0,0.0,973
201400059210,14,3,15,2310,5,2,1,1.0,2,97002,G,0.0,0.0,973
201400059211,14,3,19,1725,1,1,1,1.0,3,97002,G,0.0,0.0,973
201400059212,14,3,20,1850,4,1,9,1.0,1,97002,G,0.0,0.0,973
201400059213,14,3,21,1810,1,2,1,1.0,3,97002,G,0.0,0.0,973
201400059214,14,3,26,1845,5,2,1,1.0,6,97002,G,0.0,0.0,973
201400059215,14,3,28,2120,5,2,1,1.0,6,97002,G,0.0,0.0,973
201400059216,14,3,28,1200,1,1,1,1.0,3,97002,G,0.0,0.0,973
201400059217,14,3,31,1040,1,2,1,1.0,6,97002,G,0.0,0.0,973
201400059218,14,3,31,1802,1,2,1,1.0,6,97002,G,0.0,0.0,973
201400059219,14,3,31,1214,1,1,3,1.0,3,97002,G,0.0,0.0,973
201400059220,14,4,3,1630,1,2,1,1.0,6,97002,G,0.0,0.0,973
201400059221,14,4,5,40,5,2,3,1.0,1,97002,G,0.0,0.0,973
201400059222,14,4,6,615,1,2,1,1.0,2,97002,G,0.0,0.0,973
201400059223,14,4,9,1042,1,2,1,1.0,3,97002,G,0.0,0.0,973
201400059224,14,4,9,1825,1,2,1,1.0,3,97002,G,0.0,0.0,973
201400059225,14,4,13,1615,1,2,1,1.0,6,97002,G,0.0,0.0,973
201400059226,14,4,11,1515,1,1,3,1.0,3,97002,G,0.0,0.0,973
201400059227,14,4,20,1155,1,2,1,1.0,6,97002,G,0.0,0.0,973
201400059228,14,4,24,1944,5,2,6,1.0,3,97002,G,0.0,0.0,973
201400059229,14,4,25,1935,5,2,1,1.0,3,97002,G,0.0,0.0,973
201400059230,14,4,27,2111,5,1,1,1.0,1,97002,G,0.0,0.0,973
201400059231,14,5,1,255,3,2,2,1.0,1,97002,G,0.0,0.0,973
201400059232,14,5,2,1856,5,1,1,1.0,6,97002,G,0.0,0.0,973
201400059233,14,5,8,755,1,2,3,1.0,3,97002,G,0.0,0.0,973
201400059234,14,5,8,815,1,1,3,1.0,6,97002,G,0.0,0.0,973
201400059235,14,5,10,20,5,2,2,1.0,3,97002,G,0.0,0.0,973
201400059236,14,5,11,840,1,1,1,1.0,2,97002,G,0.0,0.0,973
201400059237,14,5,18,2210,1,2,1,1.0,3,97002,G,0.0,0.0,973
201400059238,14,5,19,645,1,2,1,8.0,6,97002,G,0.0,0.0,973
201400059239,14,5,21,1530,1,2,3,1.0,3,97002,G,0.0,0.0,973
201400059240,14,5,24,1031,1,1,1,1.0,3,97002,G,0.0,0.0,973
201400059241,14,5,26,1142,1,1,2,1.0,3,97002,G,0.0,0.0,973
201400059242,14,6,2,600,2,2,6,1.0,6,97002,G,0.0,0.0,973
201400059243,14,6,7,2005,5,1,1,1.0,1,97002,G,0.0,0.0,973
201400059244,14,6,8,2015,5,1,2,1.0,1,97002,G,0.0,0.0,973
201400059245,14,6,9,1500,1,1,3,2.0,1,97002,G,0.0,0.0,973
201400059246,14,6,5,1340,1,2,2,2.0,1,97002,G,0.0,0.0,973
201400059247,14,6,10,620,1,1,1,,6,97002,G,0.0,0.0,973
201400059248,14,6,20,2225,5,2,2,1.0,1,97002,G,0.0,0.0,973
201400059249,14,6,26,215,5,1,3,,6,97002,G,0.0,0.0,973
201400059250,14,6,30,800,1,1,1,,1,97002,G,0.0,0.0,973
201400059251,14,7,1,1230,1,1,4,1.0,3,97002,G,0.0,0.0,973
201400059252,14,7,3,1215,1,2,1,1.0,3,97002,G,0.0,0.0,973
201400059253,14,7,8,1025,1,2,1,2.0,2,97002,G,0.0,0.0,973
201400059254,14,7,8,1235,1,1,1,2.0,6,97002,G,0.0,0.0,973
201400059255,14,7,12,1000,1,1,3,1.0,3,97002,G,0.0,0.0,973
201400059256,14,7,12,2140,5,2,2,1.0,3,97002,G,0.0,0.0,973
201400059257,14,8,7,140,5,1,1,1.0,6,97002,G,0.0,0.0,973
201400059258,14,8,14,5,5,1,1,1.0,6,97002,G,0.0,0.0,973
201400059259,14,8,14,825,1,1,1,1.0,6,97002,G,0.0,0.0,973
201400059260,14,8,14,1200,1,2,3,2.0,1,97002,G,0.0,0.0,973
201400059261,14,8,13,2040,5,2,2,2.0,1,97002,G,0.0,0.0,973
201400059262,14,8,14,1525,1,1,1,1.0,1,97002,G,0.0,0.0,973
201400059263,14,8,16,825,1,2,1,1.0,6,97002,G,0.0,0.0,973
201400059264,14,8,30,145,5,1,1,1.0,7,97002,G,0.0,0.0,973
201400059265,14,9,5,1800,1,1,1,1.0,6,97002,G,0.0,0.0,973
201400059266,14,9,6,1200,1,1,1,1.0,1,97002,G,0.0,0.0,973
201400059267,14,9,8,1220,1,1,1,1.0,1,97002,G,0.0,0.0,973
201400059268,14,9,9,1050,1,2,1,1.0,6,97002,G,0.0,0.0,973
201400059269,14,9,12,840,1,1,3,3.0,1,97002,G,0.0,0.0,973
201400059270,14,9,12,1810,1,1,1,,1,97002,G,0.0,0.0,973
201400059271,14,9,14,710,1,2,2,3.0,1,97002,G,0.0,0.0,973
201400059272,14,9,15,1945,5,1,6,,1,97002,G,0.0,0.0,973
201400059273,14,9,16,820,1,2,1,1.0,1,97002,G,0.0,0.0,973
201400059274,14,9,19,2045,3,1,1,1.0,6,97002,G,0.0,0.0,973
201400059275,14,9,20,1725,1,1,1,,1,97002,G,0.0,0.0,973
201400059276,14,9,23,1710,1,1,2,2.0,1,97002,G,0.0,0.0,973
201400059277,14,9,23,2021,5,1,1,1.0,6,97002,G,0.0,0.0,973
201400059278,14,9,19,730,1,2,2,3.0,6,97002,G,0.0,0.0,973
201400059279,14,10,1,1710,1,1,3,1.0,1,97002,G,0.0,0.0,973
201400059280,14,10,2,1925,5,2,1,1.0,3,97002,G,0.0,0.0,973
201400059281,14,10,3,1337,1,1,1,1.0,3,97002,G,0.0,0.0,973
201400059282,14,10,6,1703,1,2,1,1.0,3,97002,G,0.0,0.0,973
201400059283,14,10,17,751,1,2,3,1.0,3,97002,G,0.0,0.0,973
201400059284,14,10,17,1400,1,1,1,1.0,5,97002,G,0.0,0.0,973
201400059285,14,10,22,2012,5,2,1,9.0,2,97002,G,0.0,0.0,973
201400059286,14,10,24,1954,5,2,3,1.0,3,97002,G,0.0,0.0,973
201400059287,14,10,27,1740,1,2,1,1.0,6,97002,G,0.0,0.0,973
201400059288,14,10,31,1314,1,2,1,1.0,3,97002,G,0.0,0.0,973
201400059289,14,11,1,1615,1,2,1,1.0,3,97002,G,0.0,0.0,973
201400059290,14,11,3,1600,1,2,1,1.0,3,97002,G,0.0,0.0,973
201400059291,14,11,13,1145,1,1,1,1.0,6,97002,G,0.0,0.0,973
201400059292,14,11,17,742,1,2,2,1.0,3,97002,G,0.0,0.0,973
201400059293,14,11,25,833,1,1,1,1.0,3,97002,G,0.0,0.0,973
201400059294,14,11,28,915,1,2,3,1.0,3,97002,G,0.0,0.0,973
201400059295,14,11,29,707,1,2,1,1.0,3,97002,G,0.0,0.0,973
201400059296,14,11,29,1625,1,2,3,1.0,3,97002,G,0.0,0.0,973
201400059297,14,12,1,1730,1,2,1,1.0,3,97002,G,0.0,0.0,973
201400059298,14,12,1,1810,1,2,1,1.0,3,97002,G,0.0,0.0,973
201400059299,14,12,2,1600,1,1,3,1.0,5,97002,G,0.0,0.0,973
201400059300,14,12,2,2038,5,2,1,1.0,3,97002,G,0.0,0.0,973
201400059301,14,12,3,1155,1,2,1,1.0,6,97002,G,0.0,0.0,973
201400059302,14,12,4,649,1,1,1,1.0,6,97002,G,0.0,0.0,973
201400059303,14,12,6,2030,5,1,3,2.0,3,97002,G,0.0,0.0,973
201400059304,14,12,3,1830,5,2,1,1.0,3,97002,G,0.0,0.0,973
201400059305,14,12,5,1731,1,2,2,1.0,6,97002,G,0.0,0.0,973
201400059306,14,12,8,1456,1,2,1,1.0,3,97002,G,0.0,0.0,973
201400059307,14,12,8,2020,5,1,1,1.0,6,97002,G,0.0,0.0,973
201400059308,14,12,10,35,5,2,2,1.0,3,97002,G,0.0,0.0,973
201400059309,14,12,12,900,1,2,1,1.0,3,97002,G,0.0,0.0,973
201400059310,14,12,13,1340,1,2,1,2.0,1,97002,G,0.0,0.0,973
201400059311,14,12,13,1941,5,2,1,1.0,2,97002,G,0.0,0.0,973
201400059312,14,12,16,843,1,1,1,1.0,2,97002,G,0.0,0.0,973
201400059313,14,12,15,1150,1,1,1,1.0,6,97002,G,0.0,0.0,973
201400059314,14,12,17,1324,1,2,1,1.0,1,97002,G,0.0,0.0,973
201400059315,14,12,17,1423,1,1,1,1.0,2,97002,G,0.0,0.0,973
201400059316,14,12,17,2000,5,1,1,1.0,3,97002,G,0.0,0.0,973
201400059317,14,12,19,2150,5,2,1,1.0,3,97002,G,0.0,0.0,973
201400059318,14,12,20,1140,1,1,1,1.0,5,97002,G,0.0,0.0,973
201400059319,14,12,20,1244,1,2,1,1.0,3,97002,G,0.0,0.0,973
201400059320,14,12,21,2300,5,2,1,1.0,6,97002,G,0.0,0.0,973
201400059321,14,12,22,1811,5,1,1,1.0,6,97002,G,0.0,0.0,973
201400059322,14,12,23,1605,1,1,1,2.0,5,97002,G,0.0,0.0,973
201400059323,14,12,24,938,1,2,1,2.0,4,97002,G,0.0,0.0,973
201400059324,14,12,24,1853,5,1,1,1.0,6,97002,G,0.0,0.0,973
201400059325,14,12,27,1300,1,1,1,2.0,2,97002,G,0.0,0.0,973
201400059326,14,1,20,1520,1,1,1,1.0,2,97002,G,0.0,0.0,973
201400059327,14,1,1,110,5,2,3,1.0,3,97007,R,,,974
201400059328,14,1,24,1715,1,2,1,1.0,6,97007,R,0.0,0.0,974
201400059329,14,1,1,414,2,2,1,1.0,6,97007,R,,,974
201400059330,14,1,8,1950,5,2,1,1.0,6,97007,R,,,974
201400059331,14,1,9,1645,1,2,2,1.0,3,97007,R,,,974
201400059332,14,1,12,2035,2,2,1,1.0,6,97007,R,,,974
201400059333,14,1,16,1830,1,2,1,1.0,6,97007,R,,,974
201400059334,14,1,17,1210,1,2,1,1.0,2,97007,R,,,974
201400059335,14,1,21,810,1,2,2,1.0,7,97007,R,,,974
201400059336,14,1,31,1512,1,2,1,1.0,6,97007,R,0.0,0.0,974
201400059337,14,2,1,624,1,2,1,1.0,2,97007,R,,,974
201400059338,14,2,5,2030,5,1,1,2.0,3,97007,R,,,974
201400059339,14,2,7,1733,1,2,1,1.0,2,97007,R,,,974
201400059340,14,2,9,1800,1,2,1,1.0,7,97007,R,,,974
201400059341,14,2,10,830,1,1,1,1.0,6,97007,R,0.0,0.0,974
201400059342,14,2,12,856,1,2,1,1.0,6,97007,R,,,974
201400059343,14,2,22,1440,1,1,9,1.0,6,97007,R,,,974
201400059344,14,3,2,1955,5,2,3,1.0,3,97007,R,,,974
201400059345,14,3,4,2230,2,1,1,1.0,7,97007,R,,,974
201400059346,14,3,6,1240,1,2,2,1.0,6,97007,R,,,974
201400059347,14,3,7,1040,1,1,1,1.0,3,97007,R,,,974
201400059348,14,3,8,2140,5,2,1,1.0,1,97007,R,,,974
201400059349,14,3,9,720,1,2,1,1.0,1,97007,R,,,974
201400059350,14,3,19,900,1,2,2,1.0,7,97007,R,,,974
201400059351,14,3,20,1705,1,2,1,1.0,2,97007,R,,,974
201400059352,14,3,26,1705,1,2,1,1.0,2,97007,R,,,974
201400059353,14,3,28,1000,1,2,1,1.0,1,97007,R,,,974
201400059354,14,3,29,530,2,1,1,1.0,7,97007,R,,,974
201400059355,14,4,2,1810,2,2,2,1.0,1,97007,R,0.0,0.0,974
201400059356,14,4,4,750,1,2,1,1.0,7,97007,R,,,974
201400059357,14,4,5,2315,5,2,1,1.0,3,97007,R,,,974
201400059358,14,4,15,1720,2,1,1,2.0,2,97007,R,0.0,0.0,974
201400059359,14,4,16,800,1,2,1,1.0,1,97007,R,,,974
201400059360,14,4,22,1717,1,2,1,1.0,2,97007,R,,,974
201400059361,14,4,26,1300,1,1,1,1.0,1,97007,R,,,974
201400059362,14,4,28,2150,5,1,1,1.0,6,97007,R,,,974
201400059363,14,4,29,1730,2,2,1,1.0,2,97007,R,,,974
201400059364,14,5,3,1945,2,2,1,1.0,1,97007,R,0.0,0.0,974
201400059365,14,5,6,1220,1,2,2,1.0,3,97007,R,,,974
201400059366,14,5,8,1730,2,2,1,1.0,6,97007,R,,,974
201400059367,14,5,12,245,3,2,1,1.0,3,97007,R,,,974
201400059368,14,5,17,1720,2,2,1,1.0,7,97007,R,,,974
201400059369,14,5,26,710,1,2,1,1.0,6,97007,R,,,974
201400059370,14,5,27,1745,2,2,1,8.0,1,97007,R,,,974
201400059371,14,6,3,1035,1,1,4,1.0,3,97007,R,,,974
201400059372,14,6,4,748,1,2,6,1.0,2,97007,R,,,974
201400059373,14,6,6,1845,2,2,1,1.0,2,97007,R,0.0,0.0,974
201400059374,14,6,7,8,3,2,1,1.0,5,97007,R,0.0,0.0,974
201400059375,14,6,11,1555,1,2,1,1.0,4,97007,R,0.0,0.0,974
201400059376,14,6,13,1925,3,2,3,1.0,3,97007,R,,,974
201400059377,14,6,21,950,1,2,1,1.0,3,97007,R,0.0,0.0,974
201400059378,14,6,29,120,4,2,1,1.0,7,97007,R,,,974
201400059379,14,7,12,650,2,1,1,1.0,7,97007,R,0.0,0.0,974
201400059380,14,7,12,1620,1,2,1,1.0,6,97007,R,,,974
201400059381,14,7,21,1410,1,2,3,1.0,3,97007,R,,,974
201400059382,14,7,30,1835,4,2,1,2.0,3,97007,R,0.0,0.0,974
201400059383,14,8,1,2020,5,2,1,1.0,6,97007,R,0.0,0.0,974
201400059384,14,8,3,1930,5,1,1,1.0,7,97007,R,,,974
201400059385,14,8,7,2100,3,1,1,1.0,6,97007,R,0.0,0.0,974
201400059386,14,8,9,610,2,1,1,1.0,2,97007,R,0.0,0.0,974
201400059387,14,8,11,1320,1,2,3,1.0,3,97007,R,,,974
201400059388,14,8,14,610,2,1,1,1.0,3,97007,R,,,974
201400059389,14,8,19,645,2,2,2,1.0,3,97007,R,,,974
201400059390,14,8,19,1725,1,2,1,1.0,3,97007,R,,,974
201400059391,14,8,21,750,1,2,1,1.0,2,97007,R,,,974
201400059392,14,8,21,1230,1,1,1,1.0,3,97007,R,0.0,0.0,974
201400059393,14,8,23,1620,1,2,1,1.0,2,97007,R,,,974
201400059394,14,8,26,1100,1,2,1,2.0,3,97007,R,,,974
201400059395,14,9,5,2110,3,2,3,1.0,3,97007,R,,,974
201400059396,14,9,9,706,1,2,2,1.0,3,97007,R,,,974
201400059397,14,9,11,745,1,2,1,1.0,3,97007,R,,,974
201400059398,14,9,17,1110,1,2,1,1.0,2,97007,R,,,974
201400059399,14,9,22,1310,1,2,1,1.0,6,97007,R,,,974
201400059400,14,9,25,1005,1,1,1,1.0,6,97007,R,,,974
201400059401,14,9,26,1949,5,2,1,1.0,2,97007,R,,,974
201400059402,14,9,27,30,5,2,1,1.0,7,97007,R,,,974
201400059403,14,10,3,1624,1,2,1,1.0,1,97007,R,,,974
201400059404,14,10,11,2130,5,2,1,1.0,3,97007,R,,,974
201400059405,14,10,17,1315,1,2,1,1.0,2,97007,R,,,974
201400059406,14,10,25,35,3,1,1,1.0,4,97007,R,0.0,0.0,974
201400059407,14,11,8,1925,4,2,1,1.0,7,97007,R,0.0,0.0,974
201400059408,14,11,12,840,1,2,1,1.0,2,97007,R,,,974
201400059409,14,11,15,700,1,1,1,1.0,7,97007,R,0.0,0.0,974
201400059410,14,11,23,2100,3,1,1,1.0,7,97007,R,0.0,0.0,974
201400059411,14,11,24,750,1,2,1,1.0,3,97007,R,,,974
201400059412,14,11,30,1145,1,2,3,1.0,3,97007,R,,,974
201400059413,14,12,2,925,1,2,1,1.0,3,97007,R,0.0,0.0,974
201400059414,14,12,2,1641,1,1,1,1.0,3,97007,R,0.0,0.0,974
201400059415,14,12,4,2000,3,2,6,1.0,7,97007,R,,,974
201400059416,14,12,5,925,1,1,1,1.0,6,97007,R,,,974
201400059417,14,12,9,2050,3,2,1,1.0,7,97007,R,,,974
201400059418,14,12,12,2245,5,2,1,1.0,7,97007,R,,,974
201400059419,14,12,13,810,1,2,1,1.0,6,97007,R,,,974
201400059420,14,12,16,1645,1,2,2,1.0,3,97007,R,,,974
201400059421,14,12,19,2345,3,1,1,2.0,5,97007,R,,,974
201400059422,14,12,22,1705,1,1,1,1.0,2,97007,R,,,974
201400059423,14,12,23,2050,3,1,1,1.0,1,97007,R,,,974
201400059424,14,12,26,2215,5,2,1,1.0,7,97007,R,,,974
201400059425,14,12,27,2310,3,1,1,1.0,7,97007,R,0.0,0.0,974
201400059426,14,10,31,2354,4,2,2,1.0,1,97007,R,0.0,0.0,974
201400059427,14,1,10,1935,2,1,1,1.0,3,97009,R,0.0,0.0,974
201400059428,14,1,15,1205,1,1,1,1.0,6,97009,R,0.0,0.0,974
201400059429,14,1,15,2050,3,1,1,1.0,3,97009,R,0.0,0.0,974
201400059430,14,1,26,1835,2,1,1,1.0,3,97009,R,0.0,0.0,974
201400059431,14,1,29,1925,5,2,1,2.0,7,97009,R,0.0,0.0,974
201400059432,14,3,20,1705,1,2,1,1.0,3,97009,R,0.0,0.0,974
201400059433,14,3,9,1645,1,2,1,1.0,2,97009,R,0.0,0.0,974
201400059434,14,3,24,1900,2,2,1,1.0,7,97009,R,0.0,0.0,974
201400059435,14,3,25,1945,4,2,1,1.0,2,97009,R,0.0,0.0,974
201400059436,14,3,5,1320,1,2,1,1.0,3,97009,R,,,974
201400059437,14,3,12,1300,1,1,1,1.0,2,97009,R,0.0,0.0,974
201400059438,14,3,13,810,1,2,1,2.0,2,97009,R,0.0,0.0,974
201400059439,14,3,22,1250,1,2,1,3.0,7,97009,R,0.0,0.0,974
201400059440,14,4,4,1830,2,2,1,1.0,3,97009,R,0.0,0.0,974
201400059441,14,3,26,1010,1,1,1,1.0,7,97009,R,,,974
201400059442,14,3,31,810,1,2,1,1.0,6,97009,R,,,974
201400059443,14,1,18,2355,3,2,1,1.0,7,97009,R,0.0,0.0,974
201400059444,14,1,24,1630,1,2,1,1.0,7,97009,R,0.0,0.0,974
201400059445,14,1,29,2154,5,2,1,1.0,7,97009,R,0.0,0.0,974
201400059446,14,1,11,2000,5,2,1,1.0,6,97009,R,,,974
201400059447,14,2,9,1550,1,2,1,1.0,3,97009,R,0.0,0.0,974
201400059448,14,2,19,650,1,2,1,1.0,3,97009,R,0.0,0.0,974
201400059449,14,2,21,800,1,2,1,1.0,7,97009,R,,,974
201400059450,14,2,26,2020,5,2,1,1.0,3,97009,R,,,974
201400059451,14,3,16,2225,5,2,1,2.0,7,97009,R,0.0,0.0,974
201400059452,14,2,26,845,1,2,1,3.0,7,97009,R,0.0,0.0,974
201400059453,14,4,4,310,5,2,1,2.0,7,97009,R,,,974
201400059454,14,4,15,950,1,2,1,1.0,3,97009,R,0.0,0.0,974
201400059455,14,4,25,1750,1,2,1,1.0,6,97009,R,0.0,0.0,974
201400059456,14,4,25,1615,1,2,1,1.0,7,97009,R,0.0,0.0,974
201400059457,14,4,14,1222,1,2,1,2.0,1,97009,R,,,974
201400059458,14,4,14,1330,1,2,1,3.0,1,97009,R,,,974
201400059459,14,5,3,1250,1,2,2,1.0,3,97009,R,0.0,0.0,974
201400059460,14,5,8,1230,1,1,1,1.0,5,97009,R,,,974
201400059461,14,5,15,605,2,1,1,1.0,6,97009,R,,,974
201400059462,14,5,17,1835,5,2,1,1.0,2,97009,R,,,974
201400059463,14,5,21,1840,5,1,1,1.0,7,97009,R,0.0,0.0,974
201400059464,14,5,23,1655,1,1,1,1.0,1,97009,R,,,974
201400059465,14,5,23,2045,5,1,1,1.0,3,97009,R,,,974
201400059466,14,5,29,1515,1,1,6,1.0,3,97009,R,,,974
201400059467,14,6,6,1150,1,2,1,1.0,2,97009,R,,,974
201400059468,14,6,8,1835,2,1,1,1.0,1,97009,R,,,974
201400059469,14,11,12,745,1,1,1,1.0,3,97009,R,0.0,0.0,974
201400059470,14,6,13,1125,1,1,1,1.0,3,97009,R,,,974
201400059471,14,6,22,2325,3,1,1,1.0,7,97009,R,,,974
201400059472,14,6,28,2110,5,2,1,1.0,2,97009,R,,,974
201400059473,14,6,30,1635,1,1,1,1.0,2,97009,R,0.0,0.0,974