Num_Acc,an,mois,jour,hrmn,lum,agg,int,atm,col,com,gps,lat,long,dep
201400059474,14,4,21,1510,1,2,1,1.0,6,97009,R,,,974
201400059475,14,4,21,330,3,2,1,1.0,7,97009,R,,,974
201400059476,14,4,3,800,1,2,2,,6,97009,R,,,974
201400059477,14,4,19,2310,5,2,1,2.0,1,97009,R,0.0,0.0,974
201400059478,14,8,1,1840,5,1,1,1.0,6,97009,R,,,974
201400059479,14,8,8,2110,5,2,6,1.0,2,97009,R,,,974
201400059480,14,8,9,1025,1,1,1,1.0,6,97009,R,0.0,0.0,974
201400059481,14,8,9,2010,5,1,1,1.0,7,97009,R,0.0,0.0,974
201400059482,14,8,16,110,5,1,1,1.0,3,97009,R,,,974
201400059483,14,8,27,1210,1,1,1,1.0,6,97009,R,,,974
201400059484,14,9,9,815,1,2,1,1.0,6,97009,R,,,974
201400059485,14,9,11,1530,1,2,1,1.0,3,97009,R,,,974
201400059486,14,9,14,510,1,1,1,1.0,7,97009,R,0.0,0.0,974
201400059487,14,9,16,1640,1,2,3,1.0,3,97009,R,,,974
201400059488,14,9,7,1910,5,2,1,1.0,6,97009,R,,,974
201400059489,14,9,5,1725,1,1,1,1.0,3,97009,R,,,974
201400059490,14,9,2,1515,1,1,1,1.0,3,97009,R,,,974
201400059491,14,9,1,855,1,1,1,1.0,1,97009,R,,,974
201400059492,14,5,1,2310,3,2,1,1.0,7,97009,R,0.0,0.0,974
201400059493,14,6,1,930,1,2,1,1.0,2,97009,R,0.0,0.0,974
201400059494,14,6,19,915,1,1,1,2.0,6,97009,R,0.0,0.0,974
201400059495,14,6,27,1030,1,1,1,1.0,3,97009,R,0.0,0.0,974
201400059496,14,7,9,1725,1,1,1,1.0,7,97009,R,0.0,0.0,974
201400059497,14,7,12,1710,1,2,1,1.0,6,97009,R,,,974
201400059498,14,7,19,2345,3,1,1,1.0,7,97009,R,0.0,0.0,974
201400059499,14,7,25,810,1,2,9,1.0,7,97009,R,0.0,0.0,974
201400059500,14,7,31,1725,1,2,1,1.0,6,97009,R,,,974
201400059501,14,9,28,1955,3,1,1,1.0,6,97009,R,0.0,0.0,974
201400059502,14,10,10,1145,1,1,1,1.0,6,97009,R,,,974
201400059503,14,10,11,1630,1,1,1,1.0,3,97009,R,,,974
201400059504,14,10,12,1710,1,1,1,1.0,3,97009,R,,,974
201400059505,14,10,17,1625,1,2,1,1.0,3,97009,R,,,974
201400059506,14,10,23,1810,1,1,3,1.0,3,97009,R,,,974
201400059507,14,11,12,945,1,2,1,1.0,2,97009,R,,,974
201400059508,14,8,13,1505,1,2,1,1.0,7,97009,R,,,974
201400059509,14,11,18,35,1,1,1,1.0,7,97009,R,,,974
201400059510,14,11,23,1125,1,2,1,1.0,6,97009,R,0.0,0.0,974
201400059511,14,11,24,825,1,2,1,1.0,4,97009,R,,,974
201400059512,14,11,29,2235,5,2,1,1.0,6,97009,R,,,974
201400059513,14,11,29,35,5,1,1,1.0,6,97009,R,,,974
201400059514,14,11,30,20,5,1,1,1.0,6,97009,R,,,974
201400059515,14,12,3,1310,1,1,1,1.0,2,97009,R,,,974
201400059516,14,12,10,1705,1,2,1,1.0,6,97009,R,,,974
201400059517,14,12,10,1625,1,1,1,1.0,4,97009,R,0.0,0.0,974
201400059518,14,12,16,1525,1,1,1,1.0,1,97009,R,,,974
201400059519,14,12,16,1605,1,1,1,1.0,7,97009,R,,,974
201400059520,14,12,19,2217,5,2,1,1.0,6,97009,R,,,974
201400059521,14,12,20,1745,1,2,1,1.0,6,97009,R,,,974
201400059522,14,12,24,955,1,2,1,1.0,7,97009,R,,,974
201400059523,14,12,26,1710,1,2,1,3.0,6,97009,R,,,974
201400059524,14,12,31,2155,3,1,1,1.0,2,97009,R,0.0,0.0,974
201400059525,14,11,9,400,1,2,1,1.0,3,97009,R,0.0,0.0,974
201400059526,14,11,14,1310,1,2,1,1.0,1,97009,R,,,974
201400059527,14,11,26,2005,3,1,1,1.0,6,97009,R,0.0,0.0,974
201400059528,14,12,1,940,1,2,1,1.0,6,97009,R,,,974
201400059529,14,1,1,229,3,1,1,1.0,1,97011,R,0.0,0.0,974
201400059530,14,1,10,1215,1,2,2,2.0,6,97011,R,,,974
201400059531,14,1,12,1935,5,2,2,2.0,6,97011,R,,,974
201400059532,14,1,18,2052,5,2,9,1.0,3,97011,R,,,974
201400059533,14,1,21,1855,2,2,2,1.0,3,97011,R,,,974
201400059534,14,1,24,1325,1,2,1,8.0,6,97011,R,,,974
201400059535,14,1,23,625,2,2,2,1.0,6,97011,R,,,974
201400059536,14,1,29,1,4,2,1,1.0,6,97011,R,0.0,0.0,974
201400059537,14,1,31,2230,5,2,5,1.0,3,97011,R,,,974
201400059538,14,2,2,2100,5,1,1,1.0,6,97011,R,0.0,0.0,974
201400059539,14,2,13,800,1,2,1,1.0,2,97011,R,,,974
201400059540,14,2,13,710,1,1,1,1.0,2,97011,R,,,974
201400059541,14,2,14,2355,5,2,2,1.0,3,97011,R,,,974
201400059542,14,2,18,1248,1,2,1,1.0,6,97011,R,,,974
201400059543,14,2,21,2144,5,2,2,1.0,3,97011,R,,,974
201400059544,14,2,28,2021,4,2,1,1.0,6,97011,R,,,974
201400059545,14,3,2,830,1,2,4,1.0,3,97011,R,,,974
201400059546,14,3,2,255,5,2,1,1.0,5,97011,R,0.0,0.0,974
201400059547,14,3,8,55,5,2,1,1.0,5,97011,R,0.0,0.0,974
201400059548,14,3,18,1420,1,2,9,8.0,6,97011,R,,,974
201400059549,14,3,21,1250,1,2,4,1.0,6,97011,R,,,974
201400059550,14,3,21,1410,1,2,1,1.0,3,97011,R,,,974
201400059551,14,3,29,1729,1,2,9,1.0,3,97011,R,,,974
201400059552,14,3,21,1020,1,2,1,1.0,6,97011,R,,,974
201400059553,14,3,28,2350,5,2,2,1.0,3,97011,R,,,974
201400059554,14,4,2,700,1,2,1,1.0,6,97011,R,0.0,0.0,974
201400059555,14,4,5,230,5,2,1,1.0,2,97011,R,,,974
201400059556,14,3,22,1920,3,2,4,2.0,1,97011,R,,,974
201400059557,14,4,19,110,3,2,1,1.0,1,97011,R,,,974
201400059558,14,4,15,1930,5,2,2,8.0,3,97011,R,,,974
201400059559,14,4,19,2335,5,1,1,1.0,7,97011,R,,,974
201400059560,14,4,7,2100,5,2,1,1.0,6,97011,R,0.0,0.0,974
201400059561,14,4,24,1615,1,2,1,1.0,6,97011,R,,,974
201400059562,14,4,26,635,1,2,9,1.0,3,97011,R,,,974
201400059563,14,5,3,35,5,2,1,1.0,2,97011,R,,,974
201400059564,14,5,7,2145,5,2,2,2.0,6,97011,R,,,974
201400059565,14,5,2,1654,1,2,1,1.0,6,97011,R,,,974
201400059566,14,5,5,1248,1,2,1,1.0,6,97011,R,,,974
201400059567,14,5,10,1700,1,1,1,1.0,6,97011,R,,,974
201400059568,14,5,23,1800,2,2,2,1.0,3,97011,R,,,974
201400059569,14,5,19,705,1,1,1,1.0,3,97011,R,,,974
201400059570,14,5,21,1205,1,2,1,1.0,1,97011,R,,,974
201400059571,14,5,21,1135,1,2,2,1.0,6,97011,R,,,974
201400059572,14,6,13,2350,3,2,6,1.0,2,97011,R,0.0,0.0,974
201400059573,14,6,23,1655,1,2,1,1.0,3,97011,R,,,974
201400059574,14,7,4,1130,1,2,1,1.0,6,97011,R,,,974
201400059575,14,7,19,1635,1,2,1,1.0,3,97011,R,0.0,0.0,974
201400059576,14,7,11,615,2,2,4,1.0,6,97011,R,,,974
201400059577,14,7,25,1236,1,2,2,2.0,1,97011,R,,,974
201400059578,14,8,5,935,1,2,2,9.0,1,97011,R,,,974
201400059579,14,8,31,800,1,1,1,1.0,1,97011,R,0.0,0.0,974
201400059580,14,6,30,1645,1,1,1,1.0,3,97011,R,,,974
201400059581,14,8,21,1600,1,2,2,2.0,1,97011,R,,,974
201400059582,14,9,19,1935,5,2,2,2.0,1,97011,R,,,974
201400059583,14,9,20,1750,1,2,2,1.0,1,97011,R,0.0,0.0,974
201400059584,14,9,25,831,1,2,2,2.0,6,97011,R,,,974
201400059585,14,9,10,1806,2,2,2,2.0,6,97011,R,,,974
201400059586,14,9,27,1930,5,2,2,1.0,6,97011,R,,,974
201400059587,14,10,18,1526,1,2,6,1.0,6,97011,R,,,974
201400059588,14,10,31,1528,1,1,1,1.0,2,97011,R,0.0,0.0,974
201400059589,14,10,31,1906,5,1,1,1.0,2,97011,R,0.0,0.0,974
201400059590,14,11,6,2020,3,2,2,1.0,3,97011,R,,,974
201400059591,14,11,6,1125,1,1,1,1.0,5,97011,R,,,974
201400059592,14,12,17,1243,1,2,2,1.0,6,97011,R,,,974
201400059593,14,11,14,1735,1,2,1,1.0,3,97011,R,,,974
201400059594,14,11,15,1730,1,2,1,2.0,3,97011,R,,,974
201400059595,14,11,15,355,4,2,1,1.0,6,97011,R,0.0,0.0,974
201400059596,14,11,13,1230,1,2,1,1.0,3,97011,R,0.0,0.0,974
201400059597,14,9,5,1015,1,2,2,3.0,1,97011,R,,,974
201400059598,14,9,20,930,1,2,2,1.0,1,97011,R,0.0,0.0,974
201400059599,14,11,22,1740,2,2,4,1.0,6,97011,R,,,974
201400059600,14,12,7,2350,5,2,1,1.0,6,97011,R,0.0,0.0,974
201400059601,14,12,9,758,1,2,1,1.0,4,97011,R,,,974
201400059602,14,12,10,2205,5,2,1,1.0,6,97011,R,,,974
201400059603,14,12,11,1920,5,2,1,1.0,3,97011,R,,,974
201400059604,14,11,14,1130,1,2,1,1.0,3,97011,R,,,974
201400059605,14,12,20,510,2,2,1,1.0,1,97011,R,,,974
201400059606,14,12,18,2125,5,1,6,2.0,6,97011,R,,,974
201400059607,14,1,1,918,1,1,1,1.0,7,97016,R,0.0,0.0,974
201400059608,14,1,5,1025,1,1,1,1.0,7,97016,R,0.0,0.0,974
201400059609,14,1,5,1410,1,2,1,1.0,2,97016,R,0.0,0.0,974
201400059610,14,1,8,2335,3,1,1,1.0,7,97016,R,0.0,0.0,974
201400059611,14,1,13,830,1,1,1,1.0,4,97016,R,0.0,0.0,974
201400059612,14,1,15,1130,1,1,1,1.0,2,97016,R,,,974
201400059613,14,1,21,730,1,1,1,1.0,2,97016,R,0.0,0.0,974
201400059614,14,1,22,1715,1,1,1,1.0,4,97016,R,0.0,0.0,974
201400059615,14,1,22,2140,5,2,1,1.0,3,97016,R,,,974
201400059616,14,1,25,620,2,1,1,1.0,1,97016,R,0.0,0.0,974
201400059617,14,1,27,1645,1,2,1,1.0,3,97016,R,,,974
201400059618,14,1,29,1305,1,1,1,1.0,1,97016,R,,,974
201400059619,14,2,1,1315,1,2,6,1.0,1,97016,R,0.0,0.0,974
201400059620,14,2,1,2030,4,2,1,1.0,7,97016,R,,,974
201400059621,14,2,4,1620,1,2,1,1.0,7,97016,R,0.0,0.0,974
201400059622,14,2,4,1700,1,1,1,1.0,2,97016,R,0.0,0.0,974
201400059623,14,2,6,755,1,1,1,2.0,7,97016,R,0.0,0.0,974
201400059624,14,2,7,1815,1,1,1,1.0,3,97016,R,0.0,0.0,974
201400059625,14,2,10,745,1,1,1,1.0,2,97016,R,0.0,0.0,974
201400059626,14,2,11,850,1,1,1,1.0,7,97016,R,0.0,0.0,974
201400059627,14,2,12,1215,1,1,1,1.0,2,97016,R,,,974
201400059628,14,2,14,1505,1,1,1,1.0,7,97016,R,,,974
201400059629,14,2,14,1715,1,2,3,1.0,1,97016,R,,,974
201400059630,14,2,15,400,5,2,1,1.0,7,97016,R,0.0,0.0,974
201400059631,14,2,16,945,1,1,1,1.0,3,97016,R,0.0,0.0,974
201400059632,14,2,16,1330,1,1,1,1.0,1,97016,R,,,974
201400059633,14,2,17,1710,1,1,1,1.0,7,97016,R,0.0,0.0,974
201400059634,14,2,19,1150,1,1,1,1.0,6,97016,R,0.0,0.0,974
201400059635,14,2,19,1705,1,2,3,1.0,5,97016,R,,,974
201400059636,14,2,20,1400,1,2,1,1.0,2,97016,R,,,974
201400059637,14,2,20,1543,1,2,1,1.0,2,97016,R,0.0,0.0,974
201400059638,14,2,21,1150,1,2,1,1.0,1,97016,R,,,974
201400059639,14,2,21,1940,3,1,1,1.0,7,97016,R,0.0,0.0,974
201400059640,14,2,26,700,2,2,1,1.0,7,97016,R,,,974
201400059641,14,2,27,710,2,2,1,1.0,2,97016,R,0.0,0.0,974
201400059642,14,3,1,1825,2,2,1,1.0,3,97016,R,,,974
201400059643,14,3,5,1200,1,2,1,1.0,3,97016,R,,,974
201400059644,14,3,6,1815,2,1,3,1.0,3,97016,R,0.0,0.0,974
201400059645,14,3,7,830,1,1,6,1.0,2,97016,R,,,974
201400059646,14,3,7,1200,1,1,1,1.0,7,97016,R,0.0,0.0,974
201400059647,14,3,8,200,3,1,1,1.0,7,97016,R,0.0,0.0,974
201400059648,14,3,12,1915,2,2,1,1.0,7,97016,R,0.0,0.0,974
201400059649,14,3,14,1115,1,1,1,1.0,2,97016,R,0.0,0.0,974
201400059650,14,3,16,1905,2,2,3,1.0,1,97016,R,,,974
201400059651,14,3,17,720,1,2,1,1.0,7,97016,R,,,974
201400059652,14,3,17,720,1,1,1,1.0,4,97016,R,0.0,0.0,974
201400059653,14,3,17,1755,2,2,1,1.0,2,97016,R,,,974
201400059654,14,3,18,1644,1,1,1,1.0,2,97016,R,0.0,0.0,974
201400059655,14,3,20,1650,1,1,2,1.0,3,97016,R,,,974
201400059656,14,3,22,1530,1,2,3,1.0,3,97016,R,,,974
201400059657,14,3,22,1530,1,1,1,1.0,7,97016,R,0.0,0.0,974
201400059658,14,3,25,1135,1,2,1,1.0,7,97016,R,,,974
201400059659,14,3,25,1200,1,2,1,1.0,2,97016,R,,,974
201400059660,14,3,28,1400,1,2,1,1.0,7,97016,R,0.0,0.0,974
201400059661,14,3,28,1950,5,2,2,1.0,3,97016,R,,,974
201400059662,14,4,2,740,1,1,1,1.0,2,97016,R,0.0,0.0,974
201400059663,14,4,2,845,1,2,2,1.0,7,97016,R,0.0,0.0,974
201400059664,14,4,5,1950,5,2,1,1.0,7,97016,R,0.0,0.0,974
201400059665,14,4,6,1806,2,1,1,1.0,7,97016,R,0.0,0.0,974
201400059666,14,4,8,1635,1,1,1,1.0,2,97016,R,0.0,0.0,974
201400059667,14,4,9,1750,2,2,1,1.0,2,97016,R,0.0,0.0,974
201400059668,14,4,11,1800,2,2,1,1.0,3,97016,R,0.0,0.0,974
201400059669,14,4,11,2110,3,1,1,1.0,6,97016,R,0.0,0.0,974
201400059670,14,4,12,730,2,1,1,3.0,7,97016,R,0.0,0.0,974
201400059671,14,4,12,2030,3,1,3,1.0,2,97016,R,,,974
201400059672,14,4,14,355,3,1,9,1.0,7,97016,R,,,974
201400059673,14,4,16,534,3,1,1,1.0,7,97016,R,0.0,0.0,974
201400059674,14,4,18,540,3,1,1,1.0,7,97016,R,0.0,0.0,974
201400059675,14,4,19,30,3,1,1,1.0,7,97016,R,,,974
201400059676,14,4,19,250,3,1,1,1.0,7,97016,R,0.0,0.0,974
201400059677,14,4,19,1920,5,2,3,1.0,7,97016,R,,,974
201400059678,14,4,24,1634,1,1,1,1.0,7,97016,R,0.0,0.0,974
201400059679,14,4,25,1215,1,2,1,1.0,7,97016,R,,,974
201400059680,14,4,28,1550,1,2,1,1.0,6,97016,R,,,974
201400059681,14,4,29,1000,1,1,1,1.0,7,97016,R,0.0,0.0,974
201400059682,14,4,29,1115,1,2,3,1.0,3,97016,R,,,974
201400059683,14,4,30,730,1,2,1,1.0,7,97016,R,,,974
201400059684,14,5,1,45,5,1,1,1.0,7,97016,R,0.0,0.0,974
201400059685,14,5,1,650,2,1,1,1.0,7,97016,R,0.0,0.0,974
201400059686,14,5,1,1000,1,1,1,1.0,2,97016,R,,,974
201400059687,14,5,1,1425,1,1,1,1.0,7,97016,R,,,974
201400059688,14,5,5,15,3,1,1,1.0,7,97016,R,0.0,0.0,974
201400059689,14,5,5,1743,2,1,1,1.0,7,97016,R,,,974
201400059690,14,5,6,1638,1,1,1,1.0,7,97016,R,,,974
201400059691,14,5,6,1715,1,1,3,1.0,7,97016,R,,,974
201400059692,14,5,7,1120,1,1,1,1.0,2,97016,R,0.0,0.0,974
201400059693,14,5,8,1310,1,1,1,1.0,7,97016,R,0.0,0.0,974
201400059694,14,5,12,1140,1,2,3,1.0,6,97016,R,,,974
201400059695,14,5,15,1105,1,2,3,1.0,7,97016,R,,,974
201400059696,14,5,15,930,1,1,1,1.0,7,97016,R,0.0,0.0,974
201400059697,14,5,16,1055,1,1,3,1.0,3,97016,R,,,974
201400059698,14,5,17,953,1,1,1,1.0,4,97016,R,0.0,0.0,974
201400059699,14,5,17,2125,5,2,1,1.0,7,97016,R,,,974
201400059700,14,5,19,730,2,2,3,1.0,3,97016,R,,,974
201400059701,14,5,21,750,1,1,1,1.0,7,97016,R,,,974
201400059702,14,5,23,1152,1,2,1,1.0,7,97016,R,0.0,0.0,974
201400059703,14,5,23,1300,1,2,2,1.0,3,97016,R,,,974
201400059704,14,5,24,215,3,1,1,2.0,7,97016,R,0.0,0.0,974
201400059705,14,5,25,1540,1,1,1,1.0,7,97016,R,0.0,0.0,974
201400059706,14,5,30,2250,3,1,1,1.0,7,97016,R,,,974
201400059707,14,5,31,1810,2,1,1,1.0,7,97016,R,0.0,0.0,974
201400059708,14,6,1,100,5,2,6,1.0,7,97016,R,0.0,0.0,974
201400059709,14,6,2,725,2,2,1,1.0,2,97016,R,0.0,0.0,974
201400059710,14,6,3,1615,1,1,2,1.0,3,97016,R,0.0,0.0,974
201400059711,14,6,6,1740,2,1,1,1.0,3,97016,R,0.0,0.0,974
201400059712,14,6,8,1240,1,1,1,1.0,7,97016,R,0.0,0.0,974
201400059713,14,6,15,815,1,1,1,1.0,7,97016,R,0.0,0.0,974
201400059714,14,6,15,1935,5,2,2,1.0,7,97016,R,,,974
201400059715,14,6,19,1210,1,1,1,1.0,7,97016,R,,,974
201400059716,14,6,20,720,2,2,1,1.0,7,97016,R,,,974
201400059717,14,6,20,835,1,2,3,1.0,6,97016,R,,,974
201400059718,14,6,22,505,3,1,1,1.0,6,97016,R,0.0,0.0,974
201400059719,14,6,22,1850,3,1,1,1.0,1,97016,R,0.0,0.0,974
201400059720,14,6,24,1710,2,1,1,1.0,7,97016,R,,,974
201400059721,14,6,28,730,2,1,3,1.0,2,97016,R,,,974
201400059722,14,6,30,700,2,1,1,1.0,7,97016,R,0.0,0.0,974
201400059723,14,7,1,740,2,2,1,1.0,7,97016,R,,,974
201400059724,14,7,3,1305,1,2,1,1.0,7,97016,R,0.0,0.0,974
201400059725,14,7,5,1805,2,1,3,1.0,3,97016,R,,,974
201400059726,14,7,6,1315,1,1,1,1.0,1,97016,R,,,974
201400059727,14,7,8,1520,1,1,1,1.0,3,97016,R,,,974
201400059728,14,7,8,2355,3,1,1,1.0,7,97016,R,,,974
201400059729,14,7,9,1700,1,2,2,1.0,7,97016,R,,,974
201400059730,14,7,10,1055,1,1,1,1.0,2,97016,R,,,974
201400059731,14,7,10,2036,5,2,3,1.0,1,97016,R,,,974
201400059732,14,7,11,2330,4,1,1,8.0,7,97016,R,,,974
201400059733,14,7,16,900,1,1,1,1.0,6,97016,R,0.0,0.0,974
201400059734,14,7,16,1425,1,2,1,1.0,7,97016,R,,,974
201400059735,14,7,19,755,1,2,1,1.0,7,97016,R,,,974
201400059736,14,7,20,735,2,1,1,1.0,7,97016,R,0.0,0.0,974
201400059737,14,7,20,1325,1,2,1,1.0,7,97016,R,,,974
201400059738,14,7,22,815,1,1,1,1.0,2,97016,R,0.0,0.0,974
201400059739,14,7,24,1220,1,1,1,1.0,4,97016,R,0.0,0.0,974
201400059740,14,7,25,1255,1,1,1,1.0,1,97016,R,,,974
201400059741,14,7,25,1730,1,1,1,1.0,7,97016,R,0.0,0.0,974
201400059742,14,7,26,130,3,1,1,1.0,7,97016,R,,,974
201400059743,14,7,27,2140,3,2,1,1.0,7,97016,R,0.0,0.0,974
201400059744,14,7,29,1555,1,2,1,1.0,2,97016,R,,,974
201400059745,14,7,30,1025,1,1,1,1.0,7,97016,R,0.0,0.0,974
201400059746,14,8,1,1920,3,1,1,1.0,4,97016,R,0.0,0.0,974
201400059747,14,8,2,600,1,1,2,1.0,1,97016,R,0.0,0.0,974
201400059748,14,8,3,1645,1,1,1,1.0,7,97016,R,0.0,0.0,974
201400059749,14,8,3,1925,3,1,1,1.0,2,97016,R,0.0,0.0,974
201400059750,14,8,6,2129,3,1,1,1.0,7,97016,R,0.0,0.0,974
201400059751,14,8,8,1320,1,1,3,1.0,3,97016,R,,,974
201400059752,14,8,8,1540,1,1,1,1.0,3,97016,R,,,974
201400059753,14,8,9,1250,1,1,3,1.0,3,97016,R,,,974
201400059754,14,8,10,610,2,2,1,1.0,6,97016,R,0.0,0.0,974
201400059755,14,8,11,1130,1,2,3,1.0,3,97016,R,,,974
201400059756,14,8,13,2305,3,1,1,1.0,7,97016,R,0.0,0.0,974
201400059757,14,8,15,2120,3,1,1,1.0,7,97016,R,0.0,0.0,974
201400059758,14,8,17,1005,1,1,1,1.0,6,97016,R,0.0,0.0,974
201400059759,14,8,18,2030,3,1,1,2.0,2,97016,R,0.0,0.0,974
201400059760,14,8,20,830,1,1,3,1.0,4,97016,R,,,974
201400059761,14,8,20,2100,5,2,1,1.0,1,97016,R,,,974
201400059762,14,8,21,1715,1,2,1,1.0,7,97016,R,0.0,0.0,974
201400059763,14,8,25,1705,1,2,6,1.0,3,97016,R,,,974
201400059764,14,5,28,2354,5,2,1,1.0,7,97016,R,0.0,0.0,974
201400059765,14,8,26,1705,1,1,1,2.0,4,97016,R,0.0,0.0,974
201400059766,14,8,26,1740,1,1,1,2.0,2,97016,R,0.0,0.0,974
201400059767,14,8,29,2250,3,1,1,1.0,2,97016,R,,,974
201400059768,14,9,2,730,1,2,1,1.0,7,97016,R,0.0,0.0,974
201400059769,14,9,5,1620,1,1,1,1.0,7,97016,R,0.0,0.0,974
201400059770,14,9,5,2305,5,2,1,1.0,7,97016,R,,,974
201400059771,14,9,6,830,1,2,1,1.0,7,97016,R,,,974
201400059772,14,9,6,920,1,2,1,1.0,7,97016,R,,,974
201400059773,14,9,7,120,3,1,1,1.0,7,97016,R,0.0,0.0,974
201400059774,14,9,9,710,1,1,1,1.0,3,97016,R,,,974
201400059775,14,9,17,1510,1,2,1,1.0,7,97016,R,,,974
201400059776,14,9,17,1620,1,1,1,1.0,3,97016,R,,,974
201400059777,14,9,17,1750,1,2,1,1.0,7,97016,R,,,974
201400059778,14,9,18,650,2,2,1,1.0,7,97016,R,,,974
201400059779,14,9,19,640,2,2,1,1.0,7,97016,R,,,974
201400059780,14,9,19,2325,3,1,1,1.0,7,97016,R,,,974
201400059781,14,9,20,1820,2,1,1,1.0,2,97016,R,0.0,0.0,974
201400059782,14,9,25,710,2,2,1,1.0,7,97016,R,,,974
201400059783,14,9,28,1000,1,2,1,1.0,7,97016,R,,,974
201400059784,14,9,29,1750,2,1,1,1.0,1,97016,R,0.0,0.0,974
201400059785,14,9,29,1000,1,2,2,1.0,7,97016,R,,,974
201400059786,14,9,30,1540,1,2,2,1.0,7,97016,R,,,974
201400059787,14,9,30,2304,3,1,1,1.0,7,97016,R,,,974
201400059788,14,10,1,740,1,1,1,1.0,2,97016,R,0.0,0.0,974
201400059789,14,10,1,1500,1,2,1,1.0,7,97016,R,,,974
201400059790,14,10,7,1700,1,1,1,1.0,4,97016,R,0.0,0.0,974
201400059791,14,10,3,710,2,2,1,1.0,7,97016,R,,,974
201400059792,14,10,4,330,5,2,6,1.0,7,97016,R,,,974
201400059793,14,10,5,1845,2,2,1,1.0,5,97016,R,,,974
201400059794,14,10,6,1310,1,1,1,1.0,7,97016,R,,,974
201400059795,14,10,7,1910,3,1,1,1.0,2,97016,R,0.0,0.0,974
201400059796,14,10,9,1605,1,1,3,1.0,7,97016,R,0.0,0.0,974
201400059797,14,10,13,805,1,1,1,2.0,7,97016,R,0.0,0.0,974
201400059798,14,10,13,1215,1,1,2,1.0,3,97016,R,,,974
201400059799,14,10,13,1400,1,1,9,1.0,2,97016,R,0.0,0.0,974
201400059800,14,10,13,1430,1,2,1,1.0,2,97016,R,,,974
201400059801,14,10,16,1850,2,2,3,1.0,3,97016,R,,,974
201400059802,14,10,17,1535,1,1,1,1.0,7,97016,R,,,974
201400059803,14,10,17,1915,5,2,3,1.0,2,97016,R,,,974
201400059804,14,10,18,300,3,1,1,1.0,1,97016,R,0.0,0.0,974
201400059805,14,10,20,235,3,1,1,1.0,7,97016,R,0.0,0.0,974
201400059806,14,10,22,2005,3,1,1,1.0,7,97016,R,,,974
201400059807,14,10,23,930,1,1,1,1.0,7,97016,R,0.0,0.0,974
201400059808,14,10,26,330,3,1,1,1.0,7,97016,R,0.0,0.0,974
201400059809,14,10,26,1000,1,1,1,1.0,3,97016,R,0.0,0.0,974
201400059810,14,10,28,2300,3,1,1,1.0,7,97016,R,0.0,0.0,974
201400059811,14,10,29,1245,1,1,2,1.0,3,97016,R,,,974
201400059812,14,10,30,835,1,1,1,1.0,7,97016,R,0.0,0.0,974
201400059813,14,11,3,720,1,2,2,1.0,7,97016,R,,,974
201400059814,14,11,6,1145,1,1,9,1.0,2,97016,R,0.0,0.0,974
201400059815,14,11,6,1731,2,1,1,1.0,1,97016,R,,,974
201400059816,14,11,6,1800,2,2,1,1.0,7,97016,R,,,974
201400059817,14,11,6,1500,1,1,1,1.0,2,97016,R,0.0,0.0,974
201400059818,14,11,8,1840,2,1,1,1.0,4,97016,R,0.0,0.0,974
201400059819,14,11,9,26,5,2,2,1.0,3,97016,R,,,974
201400059820,14,11,11,400,5,2,3,1.0,7,97016,R,,,974
201400059821,14,11,12,520,3,1,1,1.0,7,97016,R,0.0,0.0,974
201400059822,14,11,12,930,1,1,1,1.0,7,97016,R,,,974
201400059823,14,11,13,130,3,2,3,1.0,7,97016,R,,,974
201400059824,14,11,13,1230,1,1,1,1.0,7,97016,R,0.0,0.0,974
201400059825,14,11,13,1745,1,1,1,1.0,1,97016,R,,,974
201400059826,14,11,14,710,2,1,3,1.0,2,97016,R,,,974
201400059827,14,11,15,1155,1,2,1,1.0,7,97016,R,0.0,0.0,974
201400059828,14,11,16,215,3,1,1,1.0,7,97016,R,,,974
201400059829,14,11,16,2105,3,1,2,1.0,3,97016,R,,,974
201400059830,14,11,19,1940,3,1,1,1.0,7,97016,R,0.0,0.0,974
201400059831,14,11,20,725,2,2,1,1.0,3,97016,R,,,974
201400059832,14,11,20,1620,1,2,1,1.0,2,97016,R,0.0,0.0,974
201400059833,14,11,23,1540,1,2,1,1.0,7,97016,R,0.0,0.0,974
201400059834,14,11,23,1645,1,1,1,1.0,1,97016,R,0.0,0.0,974
201400059835,14,11,26,425,3,1,1,1.0,7,97016,R,0.0,0.0,974
201400059836,14,11,28,1640,1,1,1,1.0,7,97016,R,,,974
201400059837,14,11,28,1545,1,1,1,1.0,7,97016,R,0.0,0.0,974
201400059838,14,11,29,406,3,1,1,1.0,1,97016,R,0.0,0.0,974
201400059839,14,11,30,1040,1,1,1,1.0,3,97016,R,0.0,0.0,974
201400059840,14,12,1,1535,1,1,1,1.0,2,97016,R,0.0,0.0,974
201400059841,14,12,5,1129,1,2,1,1.0,7,97016,R,,,974
201400059842,14,12,5,2100,3,1,1,1.0,1,97016,R,,,974
201400059843,14,12,7,910,1,1,1,1.0,3,97016,R,,,974
201400059844,14,12,14,2130,3,1,1,1.0,1,97016,R,,,974
201400059845,14,12,17,730,2,1,6,1.0,2,97016,R,,,974
201400059846,14,12,17,1530,1,1,1,2.0,7,97016,R,0.0,0.0,974
201400059847,14,12,20,1105,1,1,1,1.0,2,97016,R,0.0,0.0,974
201400059848,14,12,20,2220,3,2,1,1.0,7,97016,R,,,974
201400059849,14,12,23,1845,2,2,1,1.0,3,97016,R,0.0,0.0,974
201400059850,14,12,24,1700,1,2,1,1.0,7,97016,R,,,974
201400059851,14,12,24,1850,2,2,1,1.0,7,97016,R,0.0,0.0,974
201400059852,14,12,27,140,3,1,1,1.0,7,97016,R,,,974
201400059853,14,12,28,1100,1,1,1,1.0,7,97016,R,0.0,0.0,974
201400059854,14,12,13,1610,1,1,2,1.0,5,97016,R,,,974